time_hr,centrality-first,impact-first,betweenness-first,degree-first,closeness-first,hospital-first,random
0.0,0.000626694114389449,0.000626694114389449,0.000626694114389449,0.000626694114389449,0.000626694114389449,0.000626694114389449,0.000626694114389449
0.05,0.000626694114389449,0.000626694114389449,0.000626694114389449,0.000626694114389449,0.000626694114389449,0.000626694114389449,0.000626694114389449
0.1,0.000626694114389449,0.000626694114389449,0.0006267229035853891,0.000626694114389449,0.000626694114389449,0.000626694114389449,0.000626694114389449
0.15000000000000002,0.000626694114389449,0.000626694114389449,0.0006267686102556044,0.000626694114389449,0.000626694114389449,0.000626694114389449,0.000626694114389449
0.2,0.000626694114389449,0.0006266965867942082,0.0006268260659915235,0.0006266967185606768,0.000626694114389449,0.000626694114389449,0.0006267193383718275
0.25,0.000626694114389449,0.0006267636235041331,0.0006268990913528092,0.0006267109199466101,0.000626694114389449,0.000626694114389449,0.0006267912121131223
0.30000000000000004,0.0006267598975746296,0.0006269897149159319,0.0006269852155383732,0.0006267505131075422,0.0006267555963585916,0.0006266966871639836,0.0006268777618620796
0.35000000000000003,0.0006271268905099312,0.0006274924078042752,0.0006272990119975173,0.0006269100436347545,0.0006271591496828031,0.0006269491781745772,0.0006269809497004173
0.4,0.0006276065089077563,0.0006281045872133648,0.0006276919720720596,0.0006271560666949367,0.0006276492105894264,0.0006272629876884389,0.000627357286728407
0.45,0.0006282606741588961,0.0006288762047218054,0.0006281590972100016,0.0006274820268401657,0.0006282650122908848,0.0006276406540039008,0.0006283626763689574
0.5,0.0006291714200702464,0.0006297872727994556,0.0006287186896417902,0.0006278864119998932,0.0006291570154863076,0.0006280883683779942,0.0006296563554845986
0.55,0.0006302563353079082,0.0006308507349030649,0.0006293784240263598,0.0006283730479391855,0.0006304362969951757,0.0006286651517961319,0.000631337063748056
0.6000000000000001,0.0006315246926039559,0.0006320798385301336,0.0006301377666616545,0.0006289403037402562,0.0006319396791579026,0.0006293530595065427,0.0006333191344670825
0.65,0.0006329930074251348,0.0006337027233111072,0.0006312804348351715,0.000629828556417248,0.0006336995666726363,0.0006303792756054018,0.0006356367533357692
0.7000000000000001,0.0006346761845992346,0.0006361765369082002,0.000632663361613439,0.0006308883106459588,0.0006357290316348949,0.0006322194897922318,0.0006383217596613965
0.75,0.0006365867936477523,0.0006391739624166377,0.0006343912355320654,0.0006322629893946292,0.0006381947606503481,0.0006345842318360579,0.0006413972944356357
0.8,0.0006387343652207059,0.0006426512115360469,0.0006364042648558261,0.0006341050730306384,0.0006410399597648125,0.0006374246019923404,0.0006448859420912839
0.8500000000000001,0.00064112469747816,0.0006466020093217242,0.0006386813883995698,0.000636220492364483,0.0006442445913352685,0.0006407063598279149,0.0006488046895991712
0.9,0.0006437592369144451,0.0006510524895111587,0.0006412357934607058,0.0006386289290078785,0.0006478205639677468,0.0006444644847963467,0.000653163755288079
0.9500000000000001,0.0006466345490814013,0.0006560231127162445,0.0006440773734327232,0.0006413474374302562,0.0006517739587606273,0.0006487299472603028,0.0006579654180516906
1.0,0.0006497419861270727,0.0006615272964381241,0.0006472120302368376,0.0006443895556443569,0.0006561042032778413,0.0006535281487046465,0.0006632031562711549
1.05,0.0006530674851117663,0.0006675703129911384,0.0006506410809502496,0.0006477645324674509,0.0006608034703279317,0.000658877463369416,0.000668860909164744
1.1,0.0006565915867051313,0.0006741482959759479,0.0006543607430539313,0.000651476541048672,0.0006658562535434378,0.0006647878515036492,0.0006749128175099619
1.1500000000000001,0.0006602896884831085,0.0006812474087265522,0.0006583617758115191,0.0006555240471071408,0.0006712392285086052,0.0006712595864001075,0.0006813232706455385
1.2000000000000002,0.0006641324854105349,0.0006888433723905569,0.0006626292255386803,0.0006598992484043017,0.000676921361116956,0.0006782822072714319,0.0006880472690105632
1.25,0.0006680866622404071,0.0006969013059343745,0.0006671423838222052,0.0006645877251911798,0.0006828643695209007,0.0006858338767261212,0.0006950313929182278
1.3,0.0006721157199459512,0.0007053758291692127,0.0006718749765567283,0.0006695683325735365,0.000689023429663041,0.0006938809115535698,0.0007022149265726973
1.35,0.0006761810194439745,0.0007142117429865022,0.0006767954740564553,0.0006748132515539863,0.0006953481823739791,0.0007023779824940093,0.0007095314547610263
1.4000000000000001,0.0006802428554662837,0.000723344873693571,0.0006818676891201302,0.0006802883284511741,0.0007017839477976137,0.0007112685334596458,0.0007169107048155329
1.4500000000000002,0.0006842616317290621,0.0007327033913154646,0.0006870515073599884,0.0006859536749544117,0.0007082731500783508,0.0007204857813957765,0.0007242805519565809
1.5,0.0006881990026039095,0.0007422094797089928,0.0006923038197414048,0.0006917644487940477,0.0007147568728168745,0.0007299541593205057,0.0007315690980001135
1.55,0.0006920189948277338,0.0007517812203553622,0.0006975795624217866,0.0006976719138747749,0.0007211764388440514,0.0007395911199166095,0.0007387068164010232
1.6,0.0006956889553745606,0.0007613345807482542,0.0007028328840645367,0.0007036246325403102,0.0007274749931620353,0.0007493091662398475,0.0007456285554553466
1.6500000000000001,0.0006991803853896782,0.0007707857606285809,0.0007080182934634113,0.000709569760802647,0.000733599016888449,0.000759018361871681,0.0007522752249416905
1.7000000000000002,0.0007024695736297991,0.0007800532581936528,0.0007130918900166276,0.0007154544942352984,0.0007394996403476143,0.0007686287224848442,0.0007585953555207615
1.75,0.0007055380141569316,0.0007890600137036432,0.000718012442645037,0.0007212274246480733,0.0007451338082304915,0.0007780527267607898,0.0007645462420542915
1.8,0.0007083726174970093,0.0007977354356331894,0.0007227424439157398,0.0007268399388393591,0.0007504651729903944,0.0007872077894362736,0.0007700946700915936
1.85,0.0007109656657613322,0.0008060169099736065,0.0007272489423677925,0.0007322473995260435,0.0007554646657965598,0.0007960183408138492,0.0007752172336767098
1.9000000000000001,0.0007133146240013227,0.000813851297319035,0.0007315042686813265,0.0007374102872369634,0.000760110877151785,0.0008044178001226405,0.000779900364849183
1.9500000000000002,0.0007154217104775849,0.0008211958580012514,0.0007354864535661634,0.000742294979969171,0.0007643900192409472,0.0008123500299773748,0.0007841398732055848
2.0,0.0007172934176505961,0.0008280188284113199,0.0007391795669198606,0.0007468744797257483,0.0007682958037839715,0.0008197703957023977,0.0007879402109917364
2.0500000000000003,0.000718939823377505,0.0008342995558209145,0.0007425736811027492,0.0007511286519600528,0.0007718288460873803,0.0008266462972930679,0.0007913135470464761
2.1,0.0007203739351174484,0.0008400282882720486,0.0007456647503302691,0.0007550444441296568,0.0007749961305347055,0.000832957306930018,0.0007942785441304388
2.15,0.000721610945965236,0.0008452056148406306,0.0007484542254581507,0.0007586156479658197,0.000777810095521541,0.0008386948477257019,0.0007968591336096387
2.2,0.0007226675511723612,0.0008498414845152603,0.0007509485495899376,0.0007618425792597625,0.0007802877866822228,0.0008438613662371224,0.0007990831467016046
2.25,0.0007235612525710276,0.0008539541642416538,0.000753158507090937,0.0007647314584935407,0.0007824498784608771,0.0008484693546264479,0.0008009810920867626
2.3000000000000003,0.0007243098113457612,0.0008575688248468993,0.0007550985023892975,0.0007672937134049969,0.0007843196835128185,0.00085253989913992,0.0008025849378687028
2.35,0.0007249306837154154,0.0008607161863771729,0.000756785800847837,0.0007695451299824996,0.000785922233205236,0.0008561012731911838,0.0008039269636132021
2.4000000000000004,0.0007254406276922592,0.000863431049247301,0.0007582397199935928,0.0007715049653501685,0.0007872834371326475,0.0008591872924686572,0.0008050389045908624
2.45,0.0007258553767981296,0.0008657508968148138,0.0007594808997662381,0.0007731950147069441,0.0007884292795270577,0.0008618357184164373,0.0008059512173415282
2.5,0.0007261894233044515,0.0008677145425676647,0.0007605305855824852,0.000774638740212767,0.0007893851800880806,0.0008640867153270202,0.0008066923889241045
2.5500000000000003,0.0007264558404987249,0.0008693610160338336,0.0007614100370955052,0.000775860454191411,0.0007901754768846904,0.0008659815057676695,0.0008072886329610409
2.6,0.0007266662513335093,0.0008707284648033463,0.0007621399376466084,0.0007768845443628018,0.0007908229897387994,0.0008675610482903315,0.0008077635989863809
2.6500000000000004,0.0007268308143961966,0.0008718534245581008,0.0007627400343142108,0.0007777348613061811,0.0007913487449889714,0.0008688650893916975,0.0008081382337739068
2.7,0.0007269582545646713,0.0008727700718637221,0.0007632287543268472,0.0007784342062173684,0.0007917717898072003,0.0008699312419603183,0.0008084308597483147
2.75,0.000727055993413126,0.0008735098814844288,0.0007636230131104732,0.0007790039279477671,0.0007921091315831116,0.000870794489568589,0.0008086571693525639
2.8000000000000003,0.0007271302149151833,0.0008741012355364189,0.000763938047702678,0.000779463636168626,0.00079237569037019,0.0008714866257323808,0.0008088304862744207
2.85,0.0007271860349683046,0.0008745694291183062,0.0007641874004375755,0.0007798310369312724,0.000792584423938557,0.0008720362238371171,0.000808961925393836
2.9000000000000004,0.0007272276045259645,0.0008749365286453754,0.0007643828833308124,0.0007801218630286906,0.0007927463890989746,0.0008724683666522029,0.0008090606113087468
2.95,0.0007272582572127437,0.0008752215999744095,0.0007645346679138493,0.0007803498694644573,0.0007928709301451304,0.0008728048517666636,0.00080913400708341
3.0,0.0007272806403226227,0.0008754408442179331,0.0007646514010960241,0.0007805269077584827,0.0007929658161976806,0.0008730643168234808,0.0008091880409903855
3.0500000000000003,0.0007272968239026571,0.0008756078445727049,0.0007647403178961891,0.0007806630658681524,0.0007930374609474375,0.0008732624387595557,0.0008092274230332536
3.1,0.000727308419177041,0.0008757337996894178,0.0007648074039097923,0.0007807667674459204,0.0007930910570127209,0.000873412230177292,0.0008092558619128975
3.1500000000000004,0.0007273166336240317,0.00087582788485552,0.0007648575238051785,0.0007808449905578374,0.0007931307843095642,0.0008735243825642816,0.0008092761932481762
3.2,0.0007273224070565459,0.0008758974981205923,0.000764894612704593,0.0007809034272503444,0.0007931599666205268,0.0008736075489746488,0.0008092905861867765
3.25,0.000727326417405904,0.0008759484889649248,0.0007649217973855754,0.0007809466665259005,0.0007931811944874464,0.0008736685979680781,0.0008093006731505454
3.3000000000000003,0.0007273291825512846,0.0008759854768098134,0.0007649415271315315,0.0007809783424563635,0.0007931965086799839,0.0008737129806322015,0.0008093076863328326
3.35,0.0007273310670852603,0.0008760120420239307,0.0007649557070659261,0.0007810013270230045,0.0007932074467343203,0.0008737449251410998,0.0008093124897007498
3.4000000000000004,0.0007273323329428643,0.00087603095298302,0.0007649657967503604,0.0007810178366340389,0.0007932151840829766,0.0008737677043022967,0.0008093157660026174
3.45,0.0007273331890407399,0.000876044263911023,0.0007649729149779725,0.0007810295894706333,0.0007932206164794933,0.0008737837713845605,0.0008093179745231538
3.5,0.000727333747989991,0.0008760535609958365,0.0007649778834075617,0.0007810378703661501,0.0007932243848690035,0.0008737950159609924,0.0008093194522113913
3.5500000000000003,0.0007273341159594289,0.0008760599785632725,0.0007649813185893293,0.0007810436525729305,0.0007932269829963791,0.0008738027903738034,0.0008093204270581024
3.6,0.0007273343573903411,0.0008760643649700097,0.0007649836708832539,0.0007810476502390608,0.0007932287571751145,0.0008738081139671363,0.0008093210574542534
3.6500000000000004,0.0007273345109256672,0.0008760673300171817,0.0007649852715640016,0.0007810503851740532,0.0007932299496140966,0.0008738117260937708,0.0008093214717087375
3.7,0.0007273346111059905,0.0008760693390430528,0.0007649863351446343,0.0007810522303362294,0.0007932307488995777,0.0008738141656549963,0.0008093217291947001
3.75,0.0007273346690621792,0.0008760706567153505,0.0007649870469176958,0.0007810534757234661,0.0007932312783495189,0.0008738157781386342,0.0008093218989286845
3.8000000000000003,0.0007273347117078062,0.0008760715281811296,0.0007649875132940284,0.0007810543004441608,0.0007932316277559717,0.0008738168460509627,0.0008093220076601842
3.85,0.0007273347333015937,0.0008760720973663607,0.0007649878228920862,0.0007810548440208003,0.0007932318547738625,0.0008738175411669834,0.0008093220851732295
3.9000000000000004,0.0007273347481486092,0.0008760724542552427,0.0007649880205603252,0.0007810552029898929,0.000793231997701787,0.0008738179810211979,0.0008093221179373749
3.95,0.000727334758973058,0.0008760726961825052,0.0007649881439417332,0.0007810554283352853,0.0007932320972884321,0.0008738182744904262,0.0008093221470758688
4.0,0.0007273347650802525,0.0008760728383609386,0.0007649882277074288,0.0007810555761986373,0.0007932321549136866,0.0008738184515778142,0.0008093221526737995
4.05,0.0007273347656956715,0.0008760729333274947,0.0007649882803980725,0.0007810556704296961,0.0007932321932797404,0.0008738185684025847,0.0008093221732258474
4.1000000000000005,0.0007273347696096502,0.000876072981595167,0.0007649883039154323,0.000781055722050873,0.0007932322091879129,0.0008738186295881259,0.0008093221736533212
4.15,0.0007273347700485861,0.000876073024700486,0.0007649883226522142,0.0007810557566709863,0.0007932322284911651,0.0008738186811878179,0.0008093221783334307
4.2,0.0007273347700485861,0.0008760730485258929,0.0007649883367678432,0.0007810557823061194,0.0007932322360341398,0.0008738187112548263,0.0008093221784759221
4.25,0.0007273347700485861,0.0008760730522973802,0.0007649883405393304,0.0007810557948459681,0.000793232239805627,0.0008738187172338785,0.0008093221784759221
4.3,0.0007273347700485861,0.0008760730723512996,0.0007649883510888369,0.0007810558081262638,0.0007932322437824793,0.000873818740023303,0.0008093221786184134
4.3500000000000005,0.0007273347700485861,0.0008760730723512996,0.0007649883510888369,0.0007810558081262638,0.0007932322437824793,0.0008738187402702707,0.0008093221786184134
4.4,0.0007273347700485861,0.0008760730761227871,0.0007649883548603244,0.0007810558162819319,0.0007932322475539666,0.0008738187460023551,0.0008093221786184134
4.45,0.0007273347700485861,0.0008760730761227871,0.0007649883548603244,0.0007810558162819319,0.0007932322475539666,0.0008738187460023551,0.0008093221786184134
4.5,0.0007273347700485861,0.0008760730761227871,0.0007649883548603244,0.0007810558162819319,0.0007932322475539666,0.0008738187460023551,0.0008093221786184134
4.55,0.0007273347700485861,0.0008760730761227871,0.0007649883548603244,0.0007810558162819319,0.0007932322475539666,0.0008738187460023551,0.0008093221786184134
4.6000000000000005,0.0007273347700485861,0.0008760730761227871,0.0007649883548603244,0.0007810558162819319,0.0007932322475539666,0.0008738187460023551,0.0008093221786184134
4.65,0.0007273347700485861,0.0008760730761227871,0.0007649883548603244,0.0007810558162819319,0.0007932322475539666,0.0008738187460023551,0.0008093221786184134
4.7,0.0007273347700485861,0.0008760730761227871,0.0007649883548603244,0.0007810558162819319,0.0007932322475539666,0.0008738187460023551,0.0008093221786184134
4.75,0.0007273347700485861,0.0008760730761227871,0.0007649883548603244,0.0007810558162819319,0.0007932322475539666,0.0008738187460023551,0.0008093221786184134
4.800000000000001,0.0007273347700485861,0.0008760730761227871,0.0007649883548603244,0.0007810558162819319,0.0007932322475539666,0.0008738187460023551,0.0008093221786184134
4.8500000000000005,0.0007273347700485861,0.0008760730761227871,0.0007649883548603244,0.0007810558162819319,0.0007932322475539666,0.0008738187460023551,0.0008093221786184134
4.9,0.0007273347700485861,0.0008760730761227871,0.0007649883548603244,0.0007810558162819319,0.0007932322475539666,0.0008738187460023551,0.0008093221786184134
4.95,0.0007273347700485861,0.0008760730761227871,0.0007649883548603244,0.0007810558162819319,0.0007932322475539666,0.0008738187460023551,0.0008093221786184134
5.0,0.0007273347700485861,0.0008760730761227871,0.0007649883548603244,0.0007810558162819319,0.0007932322475539666,0.0008738187460023551,0.0008093221786184134
5.050000000000001,0.0007273347700485861,0.0008760730761227871,0.0007649883548603244,0.0007810558162819319,0.0007932322475539666,0.0008738187460023551,0.0008093221786184134
5.1000000000000005,0.0007273347700485861,0.0008760730761227871,0.0007649883548603244,0.0007810558162819319,0.0007932322475539666,0.0008738187460023551,0.0008093221786184134
5.15,0.0007273347700485861,0.0008760730761227871,0.0007649883548603244,0.0007810558162819319,0.0007932322475539666,0.0008738187460023551,0.0008093221786184134
5.2,0.0007273347700485861,0.0008760730761227871,0.0007649883548603244,0.0007810558162819319,0.0007932322475539666,0.0008738187460023551,0.0008093221786184134
5.25,0.0007273347700485861,0.0008760730761227871,0.0007649883548603244,0.0007810558162819319,0.0007932322475539666,0.0008738187460023551,0.0008093221786184134
5.300000000000001,0.0007273347700485861,0.0008760730761227871,0.0007649883548603244,0.0007810558162819319,0.0007932322475539666,0.0008738187460023551,0.0008093221786184134
5.3500000000000005,0.0007273347700485861,0.0008760730761227871,0.0007649883548603244,0.0007810558162819319,0.0007932322475539666,0.0008738187460023551,0.0008093221786184134
5.4,0.0007273347700485861,0.0008760730761227871,0.0007649883548603244,0.0007810558162819319,0.0007932322475539666,0.0008738187460023551,0.0008093221786184134
5.45,0.0007273347700485861,0.0008760730761227871,0.0007649883548603244,0.0007810558162819319,0.0007932322475539666,0.0008738187460023551,0.0008093221786184134
5.5,0.0007273347700485861,0.0008760730761227871,0.0007649883548603244,0.0007810558162819319,0.0007932322475539666,0.0008738187460023551,0.0008093221786184134
5.550000000000001,0.0007273347700485861,0.0008760730761227871,0.0007649883548603244,0.0007810558162819319,0.0007932322475539666,0.0008738187460023551,0.0008093221786184134
5.6000000000000005,0.0007273347700485861,0.0008760730761227871,0.0007649883548603244,0.0007810558162819319,0.0007932322475539666,0.0008738187460023551,0.0008093221786184134
5.65,0.0007273347700485861,0.0008760730761227871,0.0007649883548603244,0.0007810558162819319,0.0007932322475539666,0.0008738187460023551,0.0008093221786184134
5.7,0.0007273347700485861,0.0008760730761227871,0.0007649883548603244,0.0007810558162819319,0.0007932322475539666,0.0008738187460023551,0.0008093221786184134
5.75,0.0007273347700485861,0.0008760730761227871,0.0007649883548603244,0.0007810558162819319,0.0007932322475539666,0.0008738187460023551,0.0008093221786184134
5.800000000000001,0.0007273347700485861,0.0008795012083926686,0.0007649883548603244,0.0007810558162819319,0.0007932322475539666,0.0008738187460023551,0.0008093221786184134
5.8500000000000005,0.0007273347700485861,0.0008795431777262901,0.0007649883548603244,0.0007862142321465283,0.0007932322475539666,0.0008789771618669515,0.0008093221786184134
5.9,0.0007325256304585194,0.0008847760528416594,0.0007701792152702575,0.0007862777428501085,0.0007932322475539666,0.0008790406725705318,0.0008093221786184134
5.95,0.0007438634501947181,0.00089585597617999,0.0007815170350064563,0.0007865535728659837,0.0007932322475539666,0.0008903436597161613,0.0008203451342326834
6.0,0.0007440656766414591,0.0010060826916794409,0.0007950881463690532,0.0007999863766674858,0.000810292042091791,0.0008905458656927525,0.0008389998909372103
6.050000000000001,0.0008454588815818051,0.0010503390607346959,0.0008538683557072919,0.0008323363711978408,0.0009223203413183125,0.0009912191930401375,0.0008394459763227303
6.1000000000000005,0.0008502410544475262,0.0010726473933824357,0.0008758381410994378,0.0008437733229147613,0.0009598322840030568,0.0009998886484434875,0.0008552810786336528
6.15,0.0008514215796792137,0.001078138085107418,0.000879252016098186,0.0008653156284303797,0.0009614560230894146,0.0010009923005917525,0.0013135997079928366
6.2,0.0009184488772048171,0.0010799489420182872,0.0009259208106900665,0.0008698301567652187,0.0010928711346946192,0.0010020967789448124,0.0013393927807521591
6.25,0.0009336174710652345,0.0010929931025772878,0.0009273225012188752,0.0008825360826340829,0.001207743319945376,0.0010275228969241939,0.0014468085192284865
6.300000000000001,0.0009354860237127068,0.0010949435472075498,0.0009321582921464641,0.0008835540982496907,0.0012112243911734603,0.0010289268110463662,0.001457318360078487
6.3500000000000005,0.0009373550013058874,0.0010968939378319614,0.001058504240111919,0.0009815419233126003,0.0012220940798711145,0.0010588488802799468,0.0014644398655341412
6.4,0.0009601949609347038,0.001608845932759337,0.0010609596716021313,0.0009987581365419292,0.001225664170530282,0.0015215517950701212,0.0015119457097789962
6.45,0.0009623195167065015,0.0016747615323730275,0.0011227943220674167,0.0010631546735135533,0.0012916575985623658,0.0016075150605222664,0.0015204584501013767
6.5,0.0009644431901338799,0.0016832466954381543,0.0011256922701517937,0.0011897489252364274,0.0012973434369090544,0.0016153955246609717,0.0015280810118018674
6.550000000000001,0.0009665654114111586,0.0016917338409529715,0.0011285896622894509,0.001193067578806898,0.0013014043842502338,0.0016232797119054255,0.0015356995611463843
6.6000000000000005,0.000968685580919441,0.0017002206382381309,0.0011314857073794148,0.0011963858599205496,0.0013054620080712913,0.0016311654306808256,0.0015433119267629675
6.65,0.0009708031151931346,0.0017087047632597537,0.0011343795911059455,0.0011997028199628762,0.0013095151720376812,0.0016390505401093108,0.0015509161362497372
6.7,0.0009729174331440691,0.0017171838089272559,0.0011372705254828436,0.001203017570744333,0.0013135627704915515,0.0016469327887445552,0.0015585099561652152
6.75,0.0009750279477705369,0.0017256554861232718,0.001140157703002596,0.001206329171434933,0.0013176036783799695,0.001654810048834237,0.001566091332829452
6.800000000000001,0.0009771340950579038,0.0017341174435402933,0.001143040343658926,0.0012096367321976446,0.0013216368099609622,0.0016626801152396214,0.0015736582442999242
6.8500000000000005,0.0009792352933775878,0.0017425673365161524,0.0011459176501858617,0.0012129393326712735,0.0013256610513316198,0.0016705408190360988,0.0015812085762342688
6.9,0.000981330968126447,0.0017510028888787664,0.0011487888427351598,0.001216236071266529,0.0013296753022635274,0.0016783900217647591,0.00158874032756115
6.95,0.0009834205631294498,0.0017594217071784334,0.0011516531297490144,0.0012195260418832285,0.00133367849334612,0.001686225488067438,0.0015962513302368489
7.0,0.000985503509765126,0.0017678215316503155,0.0011545097458454624,0.001222808353959422,0.001337669529643373,0.0016940451199905582,0.001603739705071067
7.050000000000001,0.000987579268809692,0.0017762001472029119,0.0011573579281723878,0.001226082121374066,0.001341647361801378,0.0017018468233273806,0.0016112033944083426
7.1000000000000005,0.000989647278930469,0.0017845552591759187,0.0011601969153002527,0.0012293464609655779,0.001345610932443645,0.0017096284594029431,0.0016186403611977978
7.15,0.0009917069976063562,0.0017928845675542165,0.0011630259395641333,0.001232600497551715,0.0013495591874764532,0.0017173878600242544,0.0016260487315036298
7.2,0.00099375788945175,0.0018011859320841974,0.0011658442787592452,0.0012358433694767013,0.0013534911040944564,0.0017251230469346917,0.0016334264646739882
7.25,0.000995799438421578,0.0018094571475982544,0.0011686511661187728,0.0012390742124531997,0.0013574056678932272,0.0017328319179946748,0.0016407717680326744
7.300000000000001,0.0009978311089569132,0.0018176959806008588,0.0011714458994544587,0.0012422921936327974,0.0013613018703014504,0.0017405123969147346,0.0016480827164226364
7.3500000000000005,0.0009998523906915783,0.0018259003411574262,0.0011742277485422429,0.0012454964670162473,0.0013651787220041803,0.0017481625140461647,0.0016553573629057264
7.4,0.0010018627932681969,0.001834068100278734,0.00117699602269244,0.001248686214808642,0.00136903525366769,0.001755780262952721,0.0016625940192179578
7.45,0.0010038618021080887,0.0018421971830717121,0.0011797500045463319,0.001251860618702881,0.0013728704981065764,0.001763363689650148,0.0016697907465012367
7.5,0.001005848941714349,0.001850285526966235,0.0011824890222506493,0.0012550188837911055,0.0013766835344793606,0.0017709108532494282,0.0016769458809961619
7.550000000000001,0.0010078237241363587,0.0018583310810651426,0.0011852124043941793,0.0012581602240962302,0.001380473414181764,0.001778419822166246,0.0016840576565539873
7.6000000000000005,0.0010097856962927372,0.0018663318746740948,0.0011879194856124408,0.0012612838608301515,0.0013842392576270224,0.0017858887323074233,0.0016911243730868852
7.65,0.001011734396012341,0.0018742859476432608,0.0011906096173483031,0.0012643890274601683,0.0013879801679742283,0.0017933157236701225,0.0016981443359299474
7.7,0.0010136693663636838,0.0018821913321125962,0.0011932821757150937,0.0012674749905602276,0.0013916952848600978,0.0018006989554853123,0.00170511596061377
7.75,0.0010155901888524936,0.0018900462601378408,0.0011959365296692664,0.001270541013269206,0.0013953837643453275,0.0018080367467655245,0.0017120377061982102
7.800000000000001,0.0010174964302975614,0.0018978488675752238,0.0011985720761639542,0.0012735863896717846,0.0013990447729728935,0.0018153273339477404,0.0017189078874477986
7.8500000000000005,0.001019387672753292,0.0019055972504271497,0.0012011882255641797,0.0012766104119545285,0.0014026775290605868,0.0018225688969764034,0.0017257250802174373
7.9,0.0010212635191121063,0.0019132897921426005,0.0012037844006913363,0.0012796124039049996,0.0014062812307101217,0.001829759901164382,0.0017324878537666628
7.95,0.0010231235729858481,0.0019209247137370684,0.00120636005136529,0.0012825917039575303,0.0014098551181028305,0.0018368986879598408,0.00173919467546043
8.0,0.0010249674612646843,0.0019285003890949595,0.0012089146182197425,0.0012855476631552867,0.0014133984724926916,0.001843983669650817,0.001745844256811532
8.05,0.0010267948199999166,0.0019360151260523323,0.001211447581846181,0.0012884796552132525,0.0014169105643332372,0.0018510132652429633,0.0017524352052195932
8.1,0.001028605297542248,0.0019434673803597202,0.0012139584298356608,0.0012913870630444112,0.001420390725235933,0.0018579859828218046,0.0017589662390014849
8.15,0.0010303985349140094,0.0019508556021062813,0.0012164466652022513,0.0012942692999676683,0.0014238382725903261,0.0018649003637526487,0.0017654360993403717
8.200000000000001,0.0010321742244585198,0.0019581784012644107,0.0012189118038153184,0.0012971257961849258,0.0014272525680179137,0.0018717550579246296,0.0017718435981737778
8.25,0.0010339320432684754,0.0019654342998792007,0.0012213533903566256,0.0012999559879850954,0.0014306329970619237,0.0018785486741561294,0.0017781875888089225
8.3,0.0010356716840041998,0.0019726218911363283,0.0012237709747663088,0.0013027593471762384,0.0014339789743766022,0.0018852798363293178,0.0017844669017232828
8.35,0.0010373928557434894,0.0019797398712103017,0.00122616413046944,0.001305535365014745,0.0014372899059309856,0.0018919473030196664,0.0017906804891674299
8.4,0.0010390952980843136,0.0019867869364472,0.0012285324513500188,0.0013082835399357725,0.0014405652918451685,0.001898549838991158,0.001796827368361295
8.450000000000001,0.0010407787362358293,0.0019937618829996076,0.001230875554266032,0.001311003403777904,0.0014438045898767058,0.001905086262367794,0.0018029065541177592
8.5,0.0010424429122136924,0.0020006635748828416,0.0012331930636849762,0.0013136945001892483,0.001447007311940186,0.0019115554844961716,0.0018089171013822608
8.55,0.0010440876147138878,0.0020074908124049756,0.0012354846208618591,0.0013163564033167418,0.0014501730018213672,0.0019179563568711556,0.0018148581499498734
8.6,0.0010457125990734268,0.002014242567543733,0.0012377498772786306,0.0013189886865550289,0.0014533012095886838,0.0019242878662032825,0.0018207288900536822
8.65,0.0010473176674962153,0.002020917849874165,0.0012399885359319495,0.0013215909736268934,0.0014563915399378542,0.0019305490660072738,0.001826528495728534
8.700000000000001,0.001048902614081236,0.002027515703933128,0.0012422002861555998,0.0013241628860821198,0.0014594435680932727,0.0019367390013513776,0.00183225627267995
8.75,0.0010504672687167405,0.002034035126904341,0.0012443848481668409,0.001326704081117475,0.0014624569786272558,0.0019428567231971597,0.001837911599784205
8.8,0.001052011458179472,0.002040475355868039,0.001246541964351636,0.001329214226295253,0.0014654314024514124,0.0019489014752142183,0.001843493699777439
8.85,0.0010535350366715193,0.0020468355979089575,0.001248671386602426,0.0013316930197369943,0.0014683665635116558,0.0019548724712958564,0.0018490021315523235
8.9,0.0010550378396987914,0.002053115067181562,0.0012507728802744098,0.0013341401662115867,0.001471262139439874,0.001960768941634364,0.0018544362552332283
8.950000000000001,0.0010565197688698039,0.002059313116052467,0.0012528462427065872,0.0013365554082789863,0.0014741179001063886,0.0019665902488513786,0.0018597956478083578
9.0,0.0010579806822399842,0.0020654289973439112,0.0012548912972141727,0.0013389385085161036,0.0014769335903256856,0.001972335640805343,0.0018650798597578196
9.05,0.001059420499404472,0.002071462249138706,0.0012569078531337334,0.001341289225681847,0.0014797090193510735,0.001978004666641291,0.0018702884986010397
9.1,0.0010608391161422686,0.0020774123381102592,0.001258895762103545,0.0013436073725628273,0.0014824439986917013,0.0019835967640952023,0.0018754211984471556
9.15,0.0010622364632081125,0.002083278670776497,0.001260854903738878,0.001345892772258604,0.0014851383723446837,0.001989111363303528,0.0018804776952547867
9.200000000000001,0.0010636124852328645,0.002089060954822081,0.0012627851459631858,0.0013481452525890797,0.0014877920092843788,0.0019945481493500233,0.001885457690037883
9.25,0.0010649671190191754,0.0020947587443428247,0.0012646863899654429,0.0013503646711937995,0.0014904048000601538,0.0019999066572800226,0.0018903610141132203
9.3,0.0010663003376191085,0.002100371735219234,0.0012665585538078556,0.0013525509260853546,0.0014929766601627006,0.0020051865691134265,0.001895187546768271
9.35,0.0010676121107510794,0.0021058996763685814,0.0012684015695326757,0.0013547038893142096,0.0014955075191486413,0.0020103876085370426,0.00189993708840744
9.4,0.001068902431548904,0.0021113422823513294,0.0012702153985197316,0.001356823506991451,0.001497997360076893,0.002015509484982807,0.001904609603152422
9.450000000000001,0.0010701712845202673,0.0021166994954760626,0.0012719999964311704,0.0013589097075296934,0.0015004461433156542,0.0020205520943916457,0.0019092051296965185
9.5,0.0010714186997126162,0.0021219710918430694,0.0012737553652681583,0.001360962452350613,0.0015028539126674795,0.0020255151857616347,0.0019137235951351543
9.55,0.0010726446841936798,0.002127157078430816,0.001275481477428569,0.0013629817033453248,0.0015052206613142775,0.0020303987462051663,0.0019181650578508624
9.600000000000001,0.001073849286235279,0.0021322574058905528,0.0012771783804320026,0.0013649674866685663,0.0015075464737928338,0.0020352026857420593,0.0019225296954698406
9.65,0.0010750325335951829,0.002137272037049659,0.0012788460952432865,0.0013669197885079316,0.0015098314067168708,0.002039926916979751,0.0019268175308947287
9.700000000000001,0.0010761944987973432,0.0021422011620919955,0.0012804846697860304,0.0013688386604753817,0.0015120755715022811,0.002044571606237924,0.001931028868597644
9.75,0.0010773352320197515,0.002147044824318705,0.0012820941692064992,0.0013707241430768332,0.0015142790627236838,0.0020491367391109227,0.0019351638550767838
9.8,0.0010784548275445918,0.0021518032224963103,0.001283674665907129,0.0013725763138020502,0.0015164420406307824,0.00205362248234218,0.0019392227698832613
9.850000000000001,0.001079553359039638,0.0021564764917302408,0.0012852262590109373,0.0013743952418250245,0.001518564634615039,0.0020580289207163295,0.001943205898584796
9.9,0.0010806309351511461,0.0021610649842324645,0.0012867490604191584,0.0013761810467661651,0.001520647050124979,0.002062356352502737,0.0019471135764841693
9.950000000000001,0.0010816876571249478,0.0021655689537637924,0.0012882431763557944,0.0013779338429324973,0.0015226894698879556,0.0020666049783185448,0.0019509461602739025
10.0,0.0010827236360553387,0.0021699886726806823,0.0012897087622722103,0.0013796537620735972,0.0015246921070156598,0.002070775020985691,0.001954704071068021
10.05,0.001083739009887647,0.0021743246327022795,0.0012911459501878486,0.0013813409515733735,0.001526655187446521,0.0020748669157919907,0.0019583877365816397
10.100000000000001,0.0010847339036362655,0.002178577131046417,0.0012925548932975857,0.0013829955704445771,0.0015285789660133334,0.0020788808987902765,0.0019619975925235173
10.15,0.0010857084586217652,0.0021827466329374114,0.001293935783589075,0.0013846178087128403,0.00153046370131251,0.002082817381556578,0.0019655341351568194
10.200000000000001,0.0010866628268960898,0.002186833731905974,0.0012952887911299935,0.0013862078618920792,0.0015323096780667461,0.002086676881989201,0.0019689979254087454
10.25,0.0010875971761695777,0.0021908388002298967,0.0012966141138018906,0.00138776592136431,0.0015341171952283645,0.0020904597179503097,0.0019723895369581747
10.3,0.0010885116689076449,0.00219476254798522,0.0012979119666909804,0.0013892922302890225,0.001535886558864886,0.0020941665474708444,0.0019757094963348204
10.350000000000001,0.0010894064665477742,0.0021986054353275632,0.001299182556000571,0.001390787000538585,0.0015376180800293286,0.0020977977462695624,0.0019789584254468755
10.4,0.0010902817690934836,0.0022023681473562163,0.0013004261229493756,0.0013922505018010142,0.0015393121278109972,0.0021013539346601,0.001982136987051822
10.450000000000001,0.0010911377569859976,0.0022060513135032317,0.001301642896403902,0.001393682972263073,0.0015409690414643657,0.0021048356834115706,0.0019852458244270983
10.5,0.0010919746190858224,0.0022096556295209185,0.001302833134520434,0.0013950846880372225,0.0015425891828648435,0.0021082436113754625,0.0019882856555069497
10.55,0.0010927925584269952,0.002213181805713358,0.0013039970730378495,0.0013964559253937386,0.0015441729099671384,0.0021115783584177514,0.0019912571372824673
10.600000000000001,0.0010935917857633657,0.002216630552264092,0.001305134992339271,0.0013977969891915472,0.0015457206511972359,0.002114840560091663,0.0019941610090634908
10.65,0.0010943725073875822,0.0022200027121786338,0.0013062471744663946,0.001399108167631374,0.0015472327834222263,0.0021180309823834007,0.0019969980434466016
10.700000000000001,0.0010951349437833026,0.002223298987150852,0.001307333885685642,0.0014003897793606114,0.0015487097233865131,0.002121150272038599,0.001999768980299018
10.75,0.0010958793141910685,0.0022265202408779596,0.0013083954225058111,0.0014016421426726448,0.0015501518786270668,0.0021241992011189438,0.0020024746759342133
10.8,0.0010966058500000147,0.002229667313011562,0.0013094320785048805,0.0014028655787905885,0.0015515596828520103,0.002127178545049413,0.0020051158732963146
10.850000000000001,0.0010973147765701114,0.0022327410578917833,0.0013104441577240927,0.0014040604379528337,0.0015529335860488417,0.0021300890716843537,0.002007693377520903
10.9,0.0010980063291745835,0.002235742288548762,0.0013114319701636207,0.0014052270512148726,0.0015542740065550196,0.002132931524982,0.0020102081016462907
10.950000000000001,0.0010986807506537474,0.0022386720206630135,0.0013123958238566592,0.0014063657803182594,0.0015555814269581736,0.0021357068446226837,0.0020126608142292226
11.0,0.0010993382754751714,0.0022415310227604734,0.0013133360540225586,0.0014074769832643588,0.0015568562843835808,0.002138415721453986,0.0020150524352769246
11.05,0.0010999791665098821,0.00224432039418479,0.0013142529784456658,0.0014085610283069126,0.0015580990660928112,0.002141059162723752,0.0020173837923724456
11.100000000000001,0.0011006036494281418,0.00224704093600201,0.0013151469209019358,0.0014096182722942623,0.0015593102239872766,0.002143637924163051,0.002019655806536876
11.15,0.0011012119884833602,0.002249693649532881,0.0013160182293839103,0.0014106491085845454,0.0015604902404509802,0.00214615290619627,0.0020218694211861787
11.200000000000001,0.0011018044361030621,0.0022522795279859295,0.0013168672202983503,0.001411653904064166,0.0015616396027208898,0.0021486050208711248,0.002024025410853398
11.25,0.001102381242596862,0.002254799625399878,0.0013176942669375145,0.001412633067966418,0.0015627588043269623,0.002150995256830975,0.002026124822840399
11.3,0.001102942664604045,0.0022572547632665756,0.001318499685456878,0.0014135869621638374,0.0015638483104856403,0.002153324355179581,0.0020281684932398026
11.350000000000001,0.0011034889678320065,0.0022596461134500633,0.0013192838386128837,0.0014145160071066666,0.0015649086312811483,0.002155593408931719,0.0020301573752354238
11.4,0.001104020413749731,0.0022619746133387695,0.0013200470723634125,0.0014154205748952205,0.0015659402663113877,0.0021578032842133775,0.002032092397322366
11.450000000000001,0.0011045372507735424,0.0022642413313380323,0.0013207897440222101,0.0014163010923707604,0.0015669437120355676,0.002159954951839763,0.0020339745163100794
11.5,0.0011050397468677178,0.0022664472566414975,0.001321512203883306,0.0014171579404626416,0.0015679194560354313,0.0021620493529278416,0.0020358046304086615
11.55,0.0011055281679031269,0.002268593405390709,0.0013222148072001272,0.0014179915390265603,0.001568868006486895,0.0021640874056985827,0.0020375837357767264
11.600000000000001,0.0011060027788310604,0.0022706808879078217,0.0013228979178872894,0.0014188022910922877,0.001569789876398733,0.0021660701554456797,0.0020393127363409398
11.65,0.0011064638310294484,0.0022727106991215305,0.001323561879085253,0.0014195905975362534,0.0015706855513004834,0.002167998525978699,0.0020409925777687397
11.700000000000001,0.0011069116038215396,0.002274683906087542,0.0013242070490664384,0.0014203568649559352,0.001571555544629742,0.00216987349203403,0.002042624214052417
11.75,0.0011073463403268955,0.0022766015084359843,0.001324833809554105,0.0014211015268421486,0.0015724003493386134,0.0021716959990407884,0.002044208541741607
11.8,0.0011077683249303956,0.0022784646257828856,0.0013254424954447176,0.0014218249675752033,0.0015732204882248613,0.002173467074531279,0.002045746621388429
11.850000000000001,0.0011081777941665998,0.0024897284910618163,0.0014276433904285937,0.0014225276044269293,0.0018039165843034598,0.00227386609009072,0.002047239295996999
11.9,0.0011085750200271593,0.0024927146862527855,0.0016019466850712642,0.0014232098452095533,0.0018059816425815625,0.002275998666416432,0.0020486875127022726
11.950000000000001,0.0031911392086323,0.0025881147816512575,0.0016938267699825728,0.0015944015680549597,0.00198271429371346,0.0044142065741993785,0.002050092222386747
12.0,0.003403738138476595,0.0048691565053967595,0.002095160302884663,0.0018297946700762439,0.002033877655980811,0.005262260822632102,0.004049418448019818
12.05,0.0035529641477955094,0.005775084634979154,0.002462146568848354,0.0020450161610774727,0.0020375004309928367,0.005570068987471472,0.004969154569498505
12.100000000000001,0.011971635322785447,0.014243856172821413,0.005698384653606613,0.005435345848035242,0.00957282285696131,0.013073774409939553,0.005855196119161024
12.15,0.013005348577416448,0.01749918637642222,0.009854963115891102,0.015826079067049956,0.013235391584555533,0.015146372429362117,0.007456381104694354
12.200000000000001,0.015733270353088892,0.020958539654796274,0.021058035125157894,0.022219031906882958,0.019095075022062518,0.016042978854315826,0.012591876995200733
12.25,0.036455745987652145,0.024395464580382227,0.02433704751868175,0.02497833943277854,0.022657203387488615,0.018841447090741342,0.013712929422335565
12.3,0.0411051130021063,0.024818468639766295,0.02665295294304436,0.026496203446099587,0.0620635675123552,0.019024111412638628,0.021463068430587498
12.350000000000001,0.04290358472483269,0.03307683961128366,0.027704713738015148,0.029783028585973145,0.06534137045502197,0.026726162215597635,0.02905895870537517
12.4,0.043234319896253176,0.038163257752225704,0.032865855807512716,0.030295461600556003,0.0713067593564235,0.03262536808509558,0.030294674924481506
12.450000000000001,0.044888823121613804,0.05743237114518181,0.04724017902838425,0.0422283480250662,0.07205072558915163,0.03822644101583131,0.04324394629252372
12.5,0.04789771683679255,0.06642450161935232,0.05029655766902559,0.04951825771901694,0.0738293805266681,0.04053824866059055,0.044451973064581866
12.55,0.04826019756481384,0.08411824565451832,0.06423494460128491,0.08716022780077781,0.0876371597111779,0.06024893132492824,0.04496562810295072
12.600000000000001,0.0486223131883405,0.08475188270929551,0.06471913255637744,0.08781911952465403,0.08865148326896286,0.060707547328581996,0.04530153482383145
12.65,0.04898401013509268,0.08538487490325439,0.06520284139204711,0.08847735204110507,0.08931302174279739,0.06116572493251708,0.045637117406734894
12.700000000000001,0.0493452366180806,0.08601713038917284,0.0656860012731888,0.08913483065869313,0.08997373734037686,0.06162339968181014,0.04597232819990099
12.75,0.04970593846319138,0.08664855995132423,0.06616854243041202,0.08979145873107444,0.09063353069579354,0.06208050419701652,0.046307116855990954
12.8,0.05006606261265746,0.0872790712688478,0.06665039339010131,0.09044714186613312,0.0912923080846818,0.06253697199946623,0.046641436628171024
12.850000000000001,0.05042555789807105,0.08790857390082267,0.06713148367897624,0.0911017837063732,0.09194997307350353,0.06299273549470405,0.04697523768473935
12.9,0.050784369568685636,0.08853697666596858,0.06761174360750391,0.09175529074391131,0.09260642962120189,0.063447729337029,0.047308471915759986
12.950000000000001,0.05114244814874641,0.0891641918055211,0.06809110411961518,0.09240756740737323,0.09326158387329658,0.0639018903735523,0.047641092980087646
13.0,0.051499741215648404,0.08979012727426855,0.0685694945359995,0.0930585207096375,0.09391534353286596,0.06435514939531295,0.047973050616659865
13.05,0.05185619471767086,0.09041469594290358,0.06904684745717612,0.0937080565980282,0.09456761073930847,0.06480744262685928,0.048304298908098384
13.100000000000001,0.052211760326736606,0.09103780753748358,0.06952309229254014,0.09435608119082364,0.09521829297693228,0.06525870473798978,0.04863478909193433
13.15,0.052566385968352364,0.09165937455164777,0.06999816214421103,0.09500250248921273,0.09586729921556696,0.06570887299333392,0.04896447461426137
13.200000000000001,0.05292002050742985,0.0922793085963268,0.07047198833811039,0.09564722754725621,0.09651453529193249,0.06615788102703912,0.049293308654061424
13.25,0.05327261370078334,0.0928975220562541,0.07094450516661975,0.09629016764929742,0.09715991106570714,0.06660566609911761,0.04962124288667571
13.3,0.05362411721200921,0.09351393083303328,0.07141564295051381,0.09693122984438189,0.09780333515845024,0.06705216621720632,0.049948234774214034
13.350000000000001,0.05397447974758893,0.09412844441998688,0.07188533782086114,0.09757032438260274,0.09844471541922939,0.06749731609981935,0.05027423515066662
13.4,0.05432365405588653,0.09474098358184646,0.07235352261632054,0.09820736226254287,0.09908396576431111,0.06794105570680947,0.05059919920179683
13.450000000000001,0.05467159013356345,0.09535145959628578,0.07282013239245448,0.09884225472443339,0.09972099546168367,0.06838332224285064,0.05092308308464599
13.5,0.05501824072309841,0.09595979023780407,0.0732851028386455,0.09947491339963654,0.10035571807629684,0.068824053571124,0.05124584031175642
13.55,0.05536355887936782,0.09656589298557683,0.07374836897586798,0.10010525380442303,0.10098804670691017,0.06926319152957204,0.05156742777021784
13.600000000000001,0.05570749740624155,0.09716968556455247,0.07420986929122628,0.10073318926082157,0.1016178950989171,0.0697006752858135,0.05188780111752589
13.65,0.05605000913596986,0.09777108494969404,0.07466953944025354,0.10135863313929805,0.10224517788128255,0.07013644518964904,0.05220691707159197
13.700000000000001,0.05639104903019229,0.09837001380616102,0.07512731977579402,0.10198150284425532,0.10286981203872314,0.07057044219806571,0.05252473246476863
13.75,0.05673057173855006,0.09896639201233037,0.0755831459358263,0.1026017153083236,0.10349171452910089,0.07100260955338608,0.05284120510437601
13.8,0.05706853241580229,0.09956014026201121,0.07603696057106066,0.10321918849397965,0.10411080366178178,0.07143288904954936,0.053156294240536084
13.850000000000001,0.057404888296314314,0.10015118349490873,0.07648870323175799,0.10383384310106636,0.10472699932367092,0.07186122511972332,0.053469957251637015
13.9,0.05773959452809258,0.10073944302938231,0.07693831463940005,0.10444559749893051,0.10534022263238825,0.07228756224536201,0.053782154154693895
13.950000000000001,0.058072608947293575,0.10132484607464284,0.07738573744826735,0.10505437379800422,0.10595039339985278,0.07271184472890319,0.05409284431529563
14.0,0.0584038902848852,0.10190731658556398,0.07783091471061605,0.1056600950390641,0.10655743612826206,0.07313401917212908,0.05440198803390126
14.05,0.05873339697707519,0.10248678430672625,0.07827379094045579,0.10626268485061555,0.10716127545240922,0.07355403331001373,0.05470954700340378
14.100000000000001,0.05906108883593371,0.10306317628659274,0.07871431145138527,0.10686206936420685,0.10776183717659578,0.07397183378312923,0.05501548324601868
14.15,0.05938692463164426,0.10363642239865595,0.07915241969604392,0.10745817415827266,0.10835904609937626,0.07438736838217283,0.055319758291396876
14.200000000000001,0.05971086820840707,0.10420645338628938,0.07958806576194741,0.10805092712665404,0.10895283308376441,0.07480058883894,0.055622335789290586
14.25,0.06003287914890486,0.1047732005153907,0.08002119561785723,0.10864025819053622,0.10954312688257906,0.07521144335519472,0.055923179177996385
14.3,0.06035292002582734,0.10533660144489608,0.08045175851511295,0.10922609729499892,0.11012985930013244,0.07561988575547335,0.056222254016099385
14.350000000000001,0.0606709551925744,0.10589658589793732,0.0808797039785826,0.10980837670910779,0.11071296124246308,0.07602586607380685,0.05651952274558948
14.4,0.06098694857049722,0.10645309252879429,0.08130498427322111,0.11038702933042996,0.11129236654505721,0.07642933979184775,0.05681495416823773
14.450000000000001,0.061300865283206274,0.1070060590171515,0.0817275504668491,0.1109619921403226,0.11186801309054091,0.07683025987631482,0.05710851372140724
14.5,0.061612670872494904,0.10755542458844802,0.08214735535489581,0.1115331989760798,0.11243983714399368,0.07722858267583824,0.057400168023693354
14.55,0.06192233129146746,0.10810112904479158,0.08256435461351949,0.1121005870371496,0.11300777553979653,0.07762426320118637,0.057689887069467566
14.600000000000001,0.06222981562871564,0.10864311325954812,0.08297850251416435,0.11266409822989029,0.11357176895878851,0.0780172608933558,0.05797763839120068
14.65,0.06253509174676027,0.10918132319669382,0.08338975622983479,0.11322367340032896,0.11413176021129612,0.07840753308569698,0.058263391036668076
14.700000000000001,0.0628381284856979,0.10971570062126995,0.08379807283527557,0.11377925301729852,0.11468769107385272,0.07879503965072066,0.05854711732108359
14.75,0.06313889625383598,0.11024619501705515,0.0842034113015861,0.1143307825731093,0.11523950789132306,0.07917974210320303,0.05882878707355104
14.8,0.06343736651062845,0.11077275101380284,0.08460573202791426,0.11487820844467211,0.11578715589414044,0.07956160035002005,0.05910837230855005
14.850000000000001,0.06373351030829516,0.1112953202765277,0.08500499510894959,0.11542147467288938,0.11633058306436642,0.07994057943482037,0.05938584720745321
14.9,0.06402730178404842,0.11181385332511014,0.08540116462231277,0.11596053281754407,0.11686973961886805,0.08031664237269559,0.05966118453531993
14.950000000000001,0.06431871455658267,0.11232830211929372,0.08579420346570743,0.11649533368165167,0.11740457709155502,0.08068975487189393,0.05993435831749612
15.0,0.06460772178339988,0.11283862084639645,0.08618407607327025,0.11702582789931174,0.11793504751852024,0.08105988274464127,0.06020534546891129
15.05,0.0648943012047442,0.11334476574509735,0.08657074927715527,0.1175519702800725,0.11846110723849168,0.08142699376701514,0.06047412077860156
15.100000000000001,0.0651784289468506,0.11384669288459867,0.08695418909174708,0.11807371563070163,0.11898271195642346,0.08179105775893611,0.060740662241116794
15.15,0.06546008191595085,0.11434436203543001,0.0873343653994841,0.1185910227257658,0.1194998195365863,0.08215204272029968,0.06100494766796956
15.200000000000001,0.06573923877317228,0.1148377323335811,0.08771124797317406,0.11910384822476194,0.12001238945101214,0.08250992055468154,0.06126695541419738
15.25,0.06601587857773067,0.1153267666966946,0.08808480693488553,0.11961215305095213,0.12052038306636026,0.082864662977147,0.061526664971549794
15.3,0.06628998235969205,0.11581143055253702,0.0884550143710556,0.12011590138179921,0.12102376566150494,0.08321624421715355,0.06178405777703181
15.350000000000001,0.06656153056667463,0.11629168570496007,0.0888218448917899,0.12061505464452879,0.12152249861120162,0.08356463837705515,0.06203911407331311
15.4,0.06683050611063712,0.11676750251668999,0.08918527240136728,0.12110958126268685,0.12201655283054343,0.08390982110858423,0.06229181668454436
15.450000000000001,0.06709689265135851,0.1172388466173392,0.08954527329422307,0.1215994465866304,0.12250589321729,0.08425176999312656,0.0625421496202164
15.5,0.06736067341177285,0.11770569016207795,0.08990182603600821,0.12208461974859856,0.12299049151765074,0.08459046193017468,0.0627900955912898
15.55,0.06762183447250107,0.11816800300454965,0.0902549064690449,0.12256507294227778,0.12347032028372062,0.08492587731260415,0.06303564017280248
15.600000000000001,0.06788036038858851,0.1186257612541779,0.09060449634110268,0.12304077692537743,0.12394535113965696,0.08525799639602176,0.06327876883008879
15.65,0.06813623892836648,0.11907893824652584,0.0909505758715726,0.12351170682636119,0.12441556021370793,0.08558679968647515,0.06351946733490567
15.700000000000001,0.06838945869576774,0.11952751037668312,0.09129312769253622,0.12397783845815277,0.12488092487944126,0.08591227067270477,0.06375772423859259
15.75,0.06864000771077247,0.11997145716042827,0.09163213545527917,0.12443914945457674,0.12534142360789552,0.08623439442472557,0.06399352773413568
15.8,0.06888787527201025,0.1204107587925618,0.09196758536880059,0.12489561981913219,0.12579703637046186,0.08655315678712626,0.06422686627162805
15.850000000000001,0.06913305391386299,0.12084539456001307,0.09229946106411216,0.12534722946906068,0.12624774612728018,0.08686854165060179,0.06445773172377292
15.9,0.06937553235612559,0.12127534921843088,0.09262775002693185,0.12579396177850985,0.1266935341118416,0.08718053695892344,0.06468611281329792
15.950000000000001,0.0696153062554025,0.12170060685676526,0.09295244244700435,0.12623579884708946,0.1271343898332743,0.08748913305670526,0.06491200215389294
16.0,0.06985236645888807,0.12212115593983833,0.09327352770081809,0.12667272999598192,0.12757029790442384,0.08779431883067124,0.06513539310705904
16.05,0.07008670869683478,0.12253698111392514,0.09359099459519701,0.127104741070408,0.12800124646727393,0.0880960853417391,0.06535627809697266
16.1,0.070318328131011,0.1229480743492675,0.09390483812814239,0.12753182195990112,0.12842722818174768,0.08839442509516661,0.06557465161441844
16.150000000000002,0.07054722090679572,0.12335442601313895,0.094215050260781,0.12795396309130944,0.12884823296169678,0.08868933071161725,0.06579050918933897
16.2,0.07077338342093636,0.12375602698273139,0.09452162539431602,0.12837115529489457,0.12926425501249922,0.0889807968104134,0.06600384607941469
16.25,0.0709968142771118,0.1241528748820354,0.09482455990796015,0.1287833970675494,0.1296752905062299,0.08926881912881464,0.06621465971543186
16.3,0.07121751198394166,0.12454496298289547,0.09512384978138885,0.12919068059230948,0.1300813352945089,0.0895533952104943,0.06642294792995834
16.35,0.07143547570116984,0.12493228725806454,0.09541949377293428,0.12959300344629054,0.13048238694238484,0.08983452058544703,0.06662870756404131
16.400000000000002,0.07165070545546598,0.1253148490175058,0.09571148996099682,0.12999036526283247,0.13087844639158552,0.09011219584272946,0.06683193906467326
16.45,0.07186320460928537,0.12569264688724904,0.09599984016488133,0.13038276552553124,0.13126951564754688,0.09038642005322656,0.06703264202164158
16.5,0.07207297277778774,0.1260656821071178,0.0962845453918676,0.1307702067268129,0.13165559679164876,0.09065719471815761,0.06723081744404476
16.55,0.07228001421445221,0.12643395814264718,0.09656560643364415,0.13115269268097093,0.1320366950269916,0.09092452087263136,0.06742646586495642
16.6,0.07248433285393108,0.12679748032573845,0.09684302956210658,0.1315302272216316,0.13241281489734488,0.09118840261919034,0.06761959100882958
16.650000000000002,0.0726859314092219,0.12715625334468872,0.0971168163285,0.13190281675424348,0.1327839646418133,0.09144884295200421,0.06781019344321776
16.7,0.07288481742590584,0.12751028432960188,0.09738697497259821,0.13227046926023125,0.13315015336423583,0.09170584751600848,0.06799827966160737
16.75,0.07308099569426982,0.127859581013889,0.09765351092106009,0.13263319297549336,0.13351138980655167,0.09195942095936668,0.06818385289456867
16.8,0.0732744726475504,0.12820415559956305,0.09791643328895422,0.13299100022909044,0.13386768802088606,0.09220957321089614,0.06836691739362331
16.85,0.0734652571067295,0.12854401683131844,0.09817574865216433,0.1333439016727522,0.1342190581127038,0.09245630991406441,0.06854748001315507
16.900000000000002,0.07365335553309144,0.128879176705411,0.09843146871771502,0.1336919097137492,0.13456551557798352,0.09269963867371074,0.0687255475350306
16.95,0.07383877819662651,0.12920965300225595,0.098683603077041,0.1340350401105382,0.13490707676655417,0.09293957295942748,0.06890112628986111
17.0,0.07402153505872941,0.12953545650600098,0.09893216386004455,0.13437330887439322,0.13524375849114056,0.0931761209039777,0.06907422480403014
17.05,0.07420163470131509,0.1298566051950537,0.09917716325847359,0.1347067318699136,0.13557557656722574,0.09340929392285516,0.0692448509810964
17.1,0.07437909053494776,0.13017311607094606,0.09941861587596884,0.1350353286785676,0.1359025540768061,0.09363910645661451,0.06941301458867954
17.150000000000002,0.0745539115115034,0.1304850075813366,0.09965653433273441,0.13535911854548585,0.13622470856872299,0.09386556915930519,0.06957872540852422
17.2,0.07472611154798837,0.13079229950367072,0.09989093565259388,0.1356781205555804,0.13654206222935134,0.09408869764040549,0.06974199274773961
17.25,0.07489570347827154,0.13109501285724168,0.10012183376058462,0.1359923586564753,0.13685463862357267,0.09430850713879077,0.06990282856917787
17.3,0.07506269994179272,0.13139316935115053,0.10034924784148197,0.13630185494163968,0.13716246177201755,0.09452501290361684,0.07006124472492967
17.35,0.07522711605994173,0.13168679271032788,0.10057319455630906,0.13660663357424718,0.13746555598482899,0.09473823198524063,0.0702172527903403
17.400000000000002,0.07538896595451199,0.1319759044473729,0.1007936930087002,0.13690672032913298,0.13776394910598605,0.0949481798143882,0.07037086538432072
17.45,0.0755482650397234,0.13226053164854856,0.10101076274868384,0.13720214128930686,0.1380576655410203,0.09515487588116803,0.07052209576355103
17.5,0.07570502911401075,0.13254070070228507,0.10122442271524332,0.13749292330910573,0.13834673672902403,0.09535834002862392,0.07067095749424351
17.55,0.0758592740249261,0.13281643789204897,0.10143469444889808,0.13777909441152153,0.138631189746159,0.09555858907228743,0.07081746521357941
17.6,0.0760110178955549,0.13308777040341596,0.10164159944346234,0.13806068500138108,0.13891105515467736,0.09575564533606681,0.07096163452527345
17.650000000000002,0.076160276549828,0.1333547293536907,0.10184516024328757,0.13833772477369705,0.13918636548700564,0.09594952892023892,0.07110347948261106
17.7,0.07630706803712484,0.13361734100146488,0.1020453985761331,0.1386102446153178,0.13945715074131287,0.09614026051538206,0.07124301613687178
17.75,0.07645141149039668,0.13387563838291644,0.10224234020852858,0.13887827671226394,0.13972344466088057,0.09632786269683039,0.0713802605594343
17.8,0.07659332455044748,0.13412965279772987,0.10243600713325005,0.13914185371979765,0.13998528006444927,0.0965123586501445,0.07151523028917771
17.85,0.0767328277452587,0.1343794161627738,0.10262642553033666,0.13940100940804162,0.14024269395678288,0.09669377126481973,0.07164794067457211
17.900000000000002,0.07686993978561116,0.13462496009740993,0.10281362088184787,0.13965577903940044,0.14049571922582949,0.0968721236194435,0.07177841079066608
17.95,0.07700468117559783,0.13486632026628334,0.10299761793830091,0.13990619816843303,0.14074439280180526,0.09704744098000002,0.07190665778577596
18.0,0.07713707078912461,0.13510352989724234,0.1031784427056346,0.14015229981171362,0.14098875001052902,0.09721974740250822,0.07203269948333679
18.05,0.07726713063078071,0.13533662413761205,0.10335612354448914,0.14039412362935397,0.14122883101196798,0.09738906849392906,0.07215655565174656
18.1,0.0773948819011304,0.13556563906016406,0.10353068857508099,0.1406317072095171,0.14146467272817617,0.09755543135121111,0.07227824333568261
18.150000000000002,0.07752034588772463,0.13579060996603687,0.10370216369660915,0.14086508543142123,0.14169631311879946,0.09771885981984693,0.07239778407649038
18.2,0.0776435436544617,0.13601157592179328,0.10387057934077457,0.1410942997602259,0.14192379184603124,0.0978793827566656,0.07251519606156487
18.25,0.0777644984335098,0.13622857318926965,0.10403596401108059,0.14131939052346837,0.14214715041375198,0.09803702636175751,0.07263049986287815
18.3,0.07788323182852189,0.13644164040701837,0.104198345801744,0.14154039369890947,0.14236642733896598,0.098191818091047,0.07274371560925726
18.35,0.07799976553661225,0.136650814605266,0.1043577547886162,0.1417573520378802,0.14258166337464354,0.0983437853849497,0.07285486329606801
18.400000000000002,0.07811412440523013,0.13685613708062028,0.10451422083408106,0.141970305865934,0.1427929021320635,0.09849295809724114,0.07296396398610784
18.45,0.07822633040856503,0.13705764691176167,0.10466777625489071,0.1421792987628802,0.14300018504339818,0.09863936430074631,0.07307103928353355
18.5,0.07833640690938735,0.13725538196420023,0.10481844980165968,0.14238436709683439,0.14320355260430054,0.09878303219213463,0.07317610908543215
18.55,0.07844437790003882,0.13744938605273915,0.10496627290207934,0.14258555876747958,0.14340304914723984,0.09892399193643908,0.07327919614027337
18.6,0.07855026696610909,0.13763969768395526,0.10511127732549097,0.14278291401931015,0.14359871750945474,0.09906227209417984,0.07338032118859986
18.650000000000002,0.07865409714662175,0.1378263582488384,0.10525349398451408,0.14297647398712804,0.14379060112136166,0.09919790321915967,0.0734795067645152
18.7,0.07875589417770373,0.13800941053847782,0.10539295527471146,0.14316628658110533,0.14397874487727486,0.09933091453106004,0.07357677477161584
18.75,0.0788556818489338,0.13818889490852326,0.10552969287721498,0.1433523914909271,0.14416319277567746,0.09946133785010719,0.07367214720521206
18.8,0.07895348409637615,0.1383648540123023,0.10566373961725602,0.1435348339250424,0.14434398733309678,0.09958920206133062,0.07376564628774282
18.85,0.079049325333847,0.13853733033488413,0.10579512774044773,0.14371365733079178,0.14452117395729705,0.09971453797689933,0.07385729494807641
18.900000000000002,0.07914323086581314,0.13870636775514555,0.10592389009619893,0.14388890981525082,0.1446947994047168,0.09983737795009283,0.07394711511788186
18.95,0.0792352246829664,0.13887200614070472,0.1060500591360396,0.14406062956294374,0.14486490570157848,0.0999577512570135,0.07403513095943595
19.0,0.0793253325625916,0.1390342901107827,0.1061736683527078,0.14422886743335364,0.1450315418616071,0.10007569034691365,0.07412136446051994
19.05,0.07941357898790999,0.13919326360867496,0.10629475024018847,0.14439366500400308,0.1451947503046162,0.10019122496768111,0.074205837046326
19.1,0.07949998889047137,0.13934896941021438,0.10641333832185665,0.14455506900840528,0.1453545776015557,0.1003043877093597,0.0742885744102407
19.150000000000002,0.07958458661873277,0.13950145083306176,0.10652946607174424,0.1447131238668418,0.14551106881857936,0.10041521010303596,0.07436959747071153
19.200000000000003,0.0796673982825827,0.1396507503227608,0.10664316707670556,0.14486787584018468,0.14566427060590853,0.10052372284156297,0.07444893056564902
19.25,0.07974844896939394,0.13979691237501524,0.10675447324259701,0.14501936879597044,0.1458142288583677,0.1006299584788619,0.07452659615213
19.3,0.07982776338628739,0.13993998068472083,0.10686341917000804,0.1451676479811993,0.14596098822082937,0.10073394753482567,0.07460261838137972
19.35,0.07990536628456726,0.14007999892756975,0.10697003745180318,0.14531276211747501,0.1461045949846143,0.10083572133853008,0.0746770190538896
19.400000000000002,0.07998128289741303,0.14021701171366902,0.10707436273207452,0.14545475381307932,0.14624509502001248,0.10093531307013501,0.07474982224738348
19.450000000000003,0.08005553861176967,0.14035106182676815,0.10717642852142026,0.14559367179861613,0.1463825347357351,0.10103275429655009,0.07482105180719187
19.5,0.08012815851146027,0.1404821912795233,0.10727626682064778,0.14572955596294568,0.1465169596592407,0.10112807452366446,0.07489072898129502
19.55,0.08019916727451384,0.14061044569155826,0.10737391196831328,0.14586245550037336,0.14664841328110267,0.10122130791569214,0.07495887818099661
19.6,0.08026858974829659,0.14073586791955678,0.10746939742928029,0.145992415266881,0.14677694409912428,0.10131248357616258,0.07502552305193735
19.650000000000002,0.08033645044103492,0.14085850198025796,0.10756275531034695,0.14611948040581174,0.14690259544193546,0.10140163545061331,0.07509068484639145
19.700000000000003,0.08040277481818643,0.14097839109509502,0.10765402005447933,0.14624369631113315,0.14702541463285054,0.10148879335333622,0.07515438897903182
19.75,0.08046758759213253,0.1410955771839729,0.10774322457690239,0.146365107701662,0.14714544559431017,0.10157398891424241,0.07521665631867885
19.8,0.08053091297101389,0.14121010468606904,0.10783040059114814,0.1464837591933757,0.14726273311444546,0.10165725371040096,0.07527751181158913
19.85,0.08059277539075921,0.14132201555633964,0.10791558317553454,0.1465996955345518,0.14737732201064038,0.1017386180151893,0.07533697559024793
19.900000000000002,0.08065319934920376,0.14143135318435424,0.1079988020026937,0.146712960895937,0.1474892570831814,0.10181811293851922,0.07539507231990064
19.950000000000003,0.08071220928302564,0.14153815970075714,0.10808009126249027,0.14682359912456325,0.14759858270748394,0.10189577065991245,0.07545182417049229
20.0,0.08076982880571557,0.141642479292863,0.10815948434773341,0.14693165704262456,0.1477053446039247,0.1019716199083801,0.07550725277747894
20.05,0.08082608208344447,0.1417443499054052,0.10823701139124392,0.14703717490668672,0.14780958392268867,0.10204569238191294,0.07556138207269258
20.1,0.08088099367928218,0.14184381767132825,0.1083127056814601,0.1471401980843633,0.1479113458379788,0.10211801876922152,0.07561423396083028
20.150000000000002,0.0809345859288818,0.14194092044969475,0.1083865988377169,0.1472407698596796,0.14801067442692073,0.1021886285285328,0.07566582897514712
20.200000000000003,0.08098688285189838,0.14203570326960477,0.10845872219746289,0.14733893236633736,0.14810761039278575,0.1022575513135972,0.07571619021679935
20.25,0.08103790845499281,0.14212820487262892,0.10852910771264493,0.14743472942370067,0.14820220010234073,0.10232481758948653,0.07576533995211115
20.3,0.08108768536636835,0.1422184675001818,0.10859778622488092,0.14752820409100897,0.1482944826378862,0.10239045777541647,0.07581329971236199
20.35,0.08113623652990869,0.14230653009222138,0.10866478875222796,0.1476193953115389,0.14838450101805853,0.10245450000372701,0.07586008952646722
20.400000000000002,0.08118358490722935,0.14239243381240166,0.10873014539675172,0.14770834817559064,0.1484722989669023,0.10251697270369595,0.07590573275347869
20.450000000000003,0.08122975262308454,0.14247621874136376,0.10879388670357477,0.1477951034314659,0.14855791642955474,0.10257790699725298,0.07595025034486329
20.5,0.08127476245144896,0.14255792340733417,0.10885604459946424,0.1478797014691681,0.1486413936809297,0.10263732963521341,0.0759936623281448
20.55,0.08131863717884488,0.1426375876817643,0.10891664718874,0.1479621835997142,0.1487227742150288,0.10269526914865708,0.07603598950730539
20.6,0.08136139790963036,0.1427152511916247,0.10897572413538165,0.14804258932049064,0.1488020950906515,0.10275175559862207,0.07607725261102036
20.650000000000002,0.08140306611142667,0.14279095108581585,0.10903330664164164,0.14812096042824863,0.14887939830283065,0.10280681516003404,0.07611747327847714
20.700000000000003,0.08144366454365487,0.14286472592956337,0.1090894217165971,0.14819733343066788,0.14895472271689372,0.10286047535586065,0.07615667088451769
20.75,0.08148321342506246,0.1429366128776427,0.10914410004637021,0.14827175144443538,0.14902810825622592,0.10291276531429634,0.07619486516975832
20.8,0.08152173469573157,0.1430066501069166,0.10919736807498527,0.14834425033779683,0.14909959209088935,0.10296370962217069,0.07623207645226213
20.85,0.08155924861332167,0.1430748748176464,0.1092492561071111,0.1484148705051868,0.14916921580375947,0.10301333720569154,0.07626832476872507
20.900000000000002,0.0815957764698261,0.14314132464400264,0.10929979016783137,0.14848364852135604,0.14923701451439356,0.10306167490328236,0.07630362850601224
20.950000000000003,0.08163133792391081,0.14320604888797545,0.1093489994754091,0.14855062221649984,0.1493030248762249,0.10310874748995627,0.0763380078671855
21.0,0.08166595351067522,0.14326928039940118,0.10939691156184339,0.14861582970220216,0.1493673155943913,0.10315461937632173,0.07637148077441405
21.05,0.08169964259753498,0.14333089045867436,0.10944355148979684,0.14867930650294703,0.14943011575807089,0.10319935847233253,0.07640406764619627
21.1,0.08173242561269546,0.14339092106645407,0.10948894677529886,0.1487410900498633,0.14949129098909822,0.10324296295987712,0.07643578840272905
21.150000000000002,0.08176432216669065,0.14344941192815436,0.10953312399522104,0.14880121509768834,0.14955088355746504,0.10328543926388703,0.07646667746080694
21.200000000000003,0.0817953500056205,0.14350640439116208,0.10957610896380574,0.14885971715721857,0.14960893728875846,0.10332681456263662,0.07649673782924489
21.25,0.08182552922936762,0.14356193834570907,0.10961792778890192,0.1489166309102657,0.149665494101065,0.10336711875237789,0.07652598981424923
21.3,0.08185487817142244,0.1436160533279555,0.10965860607950609,0.1489719929305272,0.14972059417774625,0.10340637881147549,0.07655445015461985
21.35,0.08188341611165034,0.14366878550110915,0.10969816714756996,0.14902583555708956,0.14977427880644295,0.10344462257533726,0.07658213783907226
21.400000000000002,0.08191115919206561,0.14372017197856535,0.10973663648523638,0.1490781905961294,0.14982658388423148,0.1034818765750052,0.07660907052471849
21.450000000000003,0.08193812660952762,0.14377024724458373,0.10977403849568512,0.14912909351726977,0.14987754957096439,0.10351816541670819,0.07663526376223301
21.5,0.08196433602155356,0.1438190415730719,0.1098103981978712,0.1491785774832911,0.1499272091808324,0.10355351467604199,0.0766607376548907
21.55,0.08198980431314559,0.14386661854205468,0.10984573694023951,0.14922667254558702,0.14997559628870008,0.10358794556510778,0.07668550670620058
21.6,0.0820145484345971,0.1439130528223448,0.10988007979376258,0.14927341114640674,0.15002273960685952,0.10362148092756121,0.07670958838023106
21.650000000000002,0.08203858630692185,0.1439584335339073,0.10991344835925387,0.14931882556103937,0.15006866822897127,0.10365413985494115,0.07673299844483307
21.700000000000003,0.0820619334240012,0.14400269150109635,0.1099458667125399,0.14936294335165212,0.15011340603112197,0.10368594031835938,0.07675576743766811
21.75,0.08208460565934306,0.1440458520017242,0.10997735602203665,0.1494057996822607,0.15015697593199823,0.1037169004220018,0.07677798107368185
21.8,0.0821066197514895,0.14408794004949194,0.11000793773754872,0.149447421144895,0.1501993956963287,0.10374703363000307,0.0767995885182312
21.85,0.08212799226451187,0.14412897811922487,0.11003763513050399,0.14948783864383614,0.15024068578197194,0.10377635440662211,0.07682060890460984
21.900000000000002,0.0821487374792704,0.1441689838628755,0.11006646667793356,0.14952707811561683,0.15028085744291828,0.1038048759036152,0.07684105761345839
21.950000000000003,0.0821688716142081,0.14420797821729298,0.11009449233674834,0.14956517053155371,0.15031992612185652,0.10383260805359781,0.0768609513862835
22.0,0.0821884080862334,0.14424597682912843,0.11012170557187542,0.1496021427527256,0.15035790119800446,0.10385969105714182,0.07688030534128626
22.05,0.08220736318949642,0.14428299321308213,0.11014812705835744,0.1496380228525055,0.1503948387251327,0.10388603752303502,0.07689913668079193
22.1,0.08222575124470195,0.14431904069219817,0.11017377351677272,0.14967283649965873,0.15043077806371372,0.10391166121961357,0.07691745767117204
22.150000000000002,0.08224358567802836,0.14435413114054538,0.11019866909085356,0.14970661140470487,0.15046568565706453,0.10393658372853823,0.07693532565554424
22.200000000000003,0.08226089856654822,0.14438827874070198,0.11022283423501197,0.14973937363140616,0.15049957235542524,0.10396080983752358,0.07695272193287798
22.25,0.08227772515479051,0.1444214937551439,0.11024628576434593,0.14977114668037778,0.15053245220478798,0.1039843547661593,0.07696965629380301
22.3,0.08229404998874097,0.1444537936021879,0.11026904469702137,0.14980195735325602,0.1505643401052904,0.10400723154133315,0.07698614443145155
22.35,0.08230988968862267,0.14448519815131622,0.11029113013566853,0.14983182888899244,0.15059525845461297,0.10402945714254999,0.07700219469813535
22.400000000000002,0.08232525761195836,0.14451570145763115,0.1103125591933384,0.14986078772666,0.15062522318775817,0.10405105244325516,0.07701781890510873
22.450000000000003,0.0823401685764155,0.1445453122659895,0.11033339857189103,0.1498888552965506,0.15065425624019316,0.10407203839641363,0.07703302595036143
22.5,0.08235463610589848,0.14457403971444505,0.1103536517190194,0.14991605494833898,0.15068237853188163,0.104092423512123,0.0770478246913891
22.55,0.08236867448119384,0.1446018925324532,0.11037331807380753,0.1499424102646175,0.1507096133478734,0.10411222213978372,0.07706222240460511
22.6,0.08238229566606822,0.1446288838354401,0.11039241284154486,0.14996794278322637,0.15073598367382313,0.10413145002511444,0.07707622390839863
22.650000000000002,0.08239551217534309,0.1446550201017419,0.11041104437924745,0.1499926755516996,0.15076151284800804,0.10415012015009198,0.07709007974520103
22.700000000000003,0.08240833618624976,0.1446803182381996,0.110429228667139,0.1500167766123405,0.15078622445137965,0.10416824870722995,0.07710367513319005
22.75,0.08242078000321587,0.14470478678593568,0.11044692647886495,0.15004019395998508,0.15081014432122475,0.10418584675218279,0.0771169629598678
22.8,0.08243285420891548,0.14472843970749097,0.11046415976397166,0.15006291861923451,0.15083329267762874,0.10420292610824039,0.07712995545593296
22.85,0.08244477885392827,0.14475129384538823,0.1104809441493258,0.15008497484978361,0.1508556933946198,0.10421949688434289,0.07714266555799237
22.900000000000002,0.08245639599220787,0.14477336184648676,0.11049729809532549,0.15010638952991973,0.15087736637179913,0.10423556878801835,0.07715510522103172
22.950000000000003,0.08246788710581536,0.14479466099536675,0.11051323881293118,0.1501271850895529,0.15089835609294933,0.10425116612940225,0.07716728635483881
23.0,0.08247919317895469,0.14481521001672965,0.11052877967608994,0.15014738732515337,0.15091870613947111,0.10426629840097228,0.07717921921491731
23.05,0.08249028641174633,0.1448350262262487,0.11054409041868651,0.15016701878482203,0.15093839850104623,0.10428096107979831,0.07719091275323361
23.1,0.08250118600967873,0.14485413068739805,0.11055914122356081,0.1501860998341245,0.15095745500779606,0.10429516136942926,0.07720237632577022
23.150000000000002,0.082511909402394,0.14487255852608105,0.11057406704122473,0.15020465296102464,0.1509760553423146,0.1043089063977452,0.07721361521254685
23.200000000000003,0.0825224753247411,0.14489031751531484,0.11058881853582903,0.15022269318652307,0.1509941062047307,0.10432220164570968,0.07722463461870963
23.25,0.08253295756719856,0.14490742742566665,0.11060334818028636,0.15024023846366705,0.15101188426361856,0.1043350548152176,0.07723543613709419
23.3,0.08254332994514921,0.14492391173815244,0.11061767518373786,0.15025751779339241,0.15102919817846794,0.10434747307291158,0.07724632746180586
23.35,0.08255360435163515,0.1449397921890457,0.11063181581124472,0.1502744959791199,0.1510460767061984,0.104359465718984,0.07725707187179592
23.400000000000002,0.08256382149018165,0.14495523389309442,0.1106457847965726,0.15029114441085822,0.15106254799646723,0.10437103838460783,0.07726768923503471
23.450000000000003,0.0825739628587682,0.14497024577036405,0.11065959082830175,0.15030745505192192,0.1510786408484734,0.10438220240073083,0.0772781820932042
23.5,0.08258404048567416,0.14498477252621958,0.11067324166309514,0.1503234328535827,0.15109438021673022,0.10439296528230962,0.07728853886611964
23.55,0.08259410577001353,0.14499884148244474,0.11068674034143697,0.150339094823373,0.15110979715811187,0.10440333814284783,0.07729876188541784
23.6,0.0826041082957937,0.14501248035735526,0.11070008784653262,0.150354454270067,0.1511249198812315,0.10441361624325528,0.07730884729322982
23.650000000000002,0.08261410311587947,0.1450257139117949,0.11071327871036632,0.1503695377416978,0.15114022544370304,0.10442373687109767,0.07731879473756648
23.700000000000003,0.08262440731344411,0.14503856911097715,0.11072630346563181,0.1503843936717646,0.15115569370531956,0.10443359891743444,0.07732859815442711
23.75,0.08263471281753514,0.14505107994565603,0.11073915318991243,0.150399086115104,0.15117111399720973,0.10444322624120336,0.07733825401004528
23.8,0.08264501796797954,0.1450633411326261,0.1107519393702469,0.15041377682104362,0.15118653916259794,0.1044526451562139,0.0773477592083575
23.85,0.0826553155033525,0.14507534682315631,0.1107645411756506,0.15042833678807113,0.1512019699299944,0.10446187633250616,0.07735709964354812
23.900000000000002,0.08266559973925958,0.14508712230016035,0.11077694109625091,0.15044273610483394,0.15121743639320037,0.10447094480011979,0.07736626700096794
23.950000000000003,0.08267597735844176,0.1450986561334165,0.11078911783866818,0.15045718864023266,0.15123296164356032,0.10448004964351237,0.0773754877968122
24.0,0.08268635781022883,0.14510996491651015,0.11080105035203189,0.15047158573922764,0.15124862476989093,0.10448912124977926,0.07738479948608695
24.05,0.08269671870844947,0.14512106045101777,0.11081321492034704,0.15048589915123964,0.15126438500994643,0.10449813973143536,0.07739411022934187
24.1,0.08270707293742643,0.145131954103669,0.11082533062020652,0.15050013686436417,0.1512802407233208,0.10450714835121469,0.07740346448678584
24.150000000000002,0.08271778364424723,0.14514267665276387,0.1108372855714194,0.1505143041260255,0.15129617320849803,0.10451625261976034,0.07741277566394761
24.200000000000003,0.0827285916541444,0.1451532419110666,0.11084933168025184,0.15052840514981153,0.1513121654712242,0.10452553936644082,0.07742204651862679
24.25,0.08273957214921478,0.14516370900723413,0.11086156455134204,0.15054243243344306,0.1513281985241774,0.10453503132762043,0.07743128476077116
24.3,0.08275072689846813,0.14517409838730216,0.1108738197942177,0.15055637595598476,0.15134424127819313,0.10454462755150662,0.07744056161729083
24.35,0.08276196835542943,0.14518434677987957,0.11088633398978325,0.1505702222876492,0.1513602541207035,0.10455437047741589,0.07744984893982569
24.400000000000002,0.08277329768944272,0.14519444739662235,0.11089928938675009,0.150583956128247,0.1513761899805674,0.10456426845998272,0.07745913796138393
24.450000000000003,0.08278494593683183,0.14520439729938822,0.11091242391299583,0.15059755423173024,0.15139217405676905,0.10457429592285009,0.07746845061895834
24.5,0.08279677239784401,0.14521419012693126,0.11092578766507503,0.15061099254035443,0.1514081610877776,0.10458444905875801,0.07747777685642691
24.55,0.08280873379756096,0.14522382017214266,0.11093941728578079,0.15062424016507273,0.1514239824008362,0.10459471464225509,0.07748714339263296
24.6,0.08282082532335559,0.14523327851061774,0.11095333921812117,0.15063726669994182,0.15143959260417725,0.10460524459105383,0.07749666845359447
24.650000000000002,0.08283303601303238,0.1452426221452188,0.1109675775697575,0.15065003869390803,0.15145494986026564,0.10461598516191638,0.07750632496028284
24.700000000000003,0.08284535137476388,0.14525179985288106,0.11098214841946155,0.15066253688270853,0.15147003799524292,0.10462683258174768,0.07751602186520673
24.75,0.08285774981618271,0.1452607960677001,0.11099705525305825,0.150674712365357,0.15148478128129172,0.10463776368516263,0.07752574870396464
24.8,0.0828702084073277,0.14526960163289276,0.11101229146230411,0.15068653202572646,0.15149914539975062,0.10464875004293869,0.07753548944150847
24.85,0.08288273967934115,0.14527820719633838,0.11102783581898315,0.150697962973015,0.15151309128659296,0.10465978409996433,0.07754535632312912
24.900000000000002,0.08289557063603548,0.14528660541139415,0.11104365720812834,0.15070897233918912,0.1515265887221669,0.10467083455445562,0.0775552861818408
24.950000000000003,0.08290842291647044,0.1452948002311668,0.11105970705888168,0.15071953741136934,0.1515396152094054,0.10468184876601677,0.0775652064042868
25.0,0.08292126097599894,0.14530278147572942,0.1110759190629646,0.150729632572125,0.15155214910891937,0.10469279029928066,0.07757512571071702
25.05,0.08293404593128154,0.14531053527547932,0.11109222075219316,0.1507392409936422,0.15156417686283888,0.10470362275145928,0.07758531711769001
25.1,0.08294673664071359,0.14531805692477553,0.11110852876507993,0.1507483499187034,0.15157568900539398,0.10471430813057406,0.07759549882325188
25.150000000000002,0.08295929132766036,0.1453253386381656,0.11112475215487522,0.1507569528489718,0.1515866827010552,0.1047248101988796,0.07760565317996687
25.200000000000003,0.08297166675273007,0.14533237313227215,0.11114079340009511,0.1507650468971592,0.15159718041275114,0.10473509129400797,0.07761576089985348
25.25,0.08298382181922771,0.14533915684324136,0.11115655545201626,0.1507726364236363,0.15160718310999194,0.10474533738154777,0.07762580576391964
25.3,0.08299571504025517,0.14534568520278626,0.11117193954407054,0.15077972914052928,0.15161668233908665,0.10475537409588352,0.077635769887155
25.35,0.08300732230398233,0.14535195372967002,0.11118685381233781,0.15078633773277753,0.15162569045989327,0.10476515083122712,0.07764563488025453
25.400000000000002,0.08301859459927466,0.14535796138111312,0.11120121185601742,0.15079248352628438,0.15163422012977668,0.10477464962689176,0.07765538510704073
25.450000000000003,0.08302949873417045,0.14536370297668022,0.11121493665785936,0.1507981950591384,0.15164228085275006,0.10478385081911536,0.07766500187114717
25.5,0.08304000362512948,0.1453691816015155,0.11122812797647627,0.15080349464220102,0.15164988914608674,0.1047927431208524,0.07767446789572263
25.55,0.08305008579813383,0.14537439446869038,0.11124075934648261,0.1508084009694648,0.15165705859231443,0.10480131629599804,0.07768376737111811
25.6,0.08305972343306522,0.14537934462684862,0.11125267089669486,0.15081294237464152,0.15166380478564426,0.1048095631506484,0.07769287994569521
25.650000000000002,0.08306889948979698,0.14538404603178262,0.11126384837938631,0.1508171472378066,0.15167014186971864,0.10481747991653455,0.07770178785627367
25.700000000000003,0.08307760238721426,0.14538850097994294,0.11127429015715946,0.15082104228243517,0.15167608597176108,0.10482506643244303,0.07771047139077039
25.75,0.08308582505688494,0.14539271050763053,0.11128401055876369,0.15082465389007016,0.1516816534538057,0.10483238213154204,0.07771891155647531
25.8,0.08309356085064273,0.14539667828365624,0.11129303010283852,0.15082800981128242,0.1516868582035831,0.10483948992295851,0.07772708689039996
25.85,0.08310081272700451,0.14540041466827558,0.11130142925023026,0.150831351403346,0.15169171725906927,0.10484631293010943,0.07773498090962025
25.900000000000002,0.08310758235301753,0.14540393019945058,0.11130922601462641,0.15083467735776343,0.15169624622062383,0.10485286139198102,0.07774257430184067
25.950000000000003,0.08311387809738405,0.14540723212688325,0.11131645762133902,0.1508378959929761,0.15170046215773836,0.1048591453655747,0.07775002478132043
26.0,0.08311971061981317,0.14541033107676538,0.11132317922209403,0.15084103898740248,0.15170438211935583,0.10486517857042943,0.07775730970409905
26.05,0.0831250913314186,0.1454132383890413,0.1113294434998791,0.15084413386964918,0.15170802073866016,0.10487097000567837,0.07776431157148594
26.1,0.08313003745323952,0.1454159649668493,0.11133530316567745,0.15084720504461754,0.15171139692184177,0.10487653326318253,0.0777710257862692
26.150000000000002,0.08313456435609813,0.14541852218644138,0.11134080736350892,0.15085027604843831,0.1517145262924072,0.10488187654430152,0.07777745286647161
26.200000000000003,0.0831386932345018,0.14542091997913714,0.1113460033205397,0.15085336642242048,0.1517174252124153,0.10488700977273577,0.07778359405383684
26.25,0.08314256550068107,0.14542317003647187,0.11135093434351732,0.15085649310115312,0.15172010919862,0.10489193975619662,0.07778945597802939
26.3,0.08314626587007118,0.145425283122032,0.11135568080356413,0.15085967469359135,0.15172259476179278,0.10489667392540246,0.07779504793861249
26.35,0.08314969582919565,0.1454272684140047,0.11136027260670733,0.15086298865887138,0.1517248977570678,0.10490121647438225,0.07780037966536028
26.400000000000002,0.08315288627465062,0.14542913561434467,0.11136470370426413,0.15086640001481377,0.1517270299714446,0.10490557117499591,0.07780546509793144
26.450000000000003,0.08315588892995565,0.14543089230220277,0.111368988651036,0.1508698989616166,0.15172900548585233,0.10490975275724534,0.07781032033052745
26.5,0.08315878217847714,0.14543254763109914,0.1113731822230756,0.15087348718958227,0.15173083881684946,0.10491376153285169,0.07781496221025445
26.55,0.08316162106157199,0.14543411051820399,0.11137733107158909,0.15087718954606127,0.15173254054966745,0.10491759028434461,0.07781940478919064
26.6,0.08316437893190377,0.1454355887400326,0.11138138505515732,0.15088099828013357,0.15173412376103518,0.10492124172787112,0.07782366182814701
26.650000000000002,0.0831670884500917,0.14543699411685776,0.11138534597024545,0.1508848830532454,0.15173559672616976,0.10492471562892278,0.07782774762167682
26.700000000000003,0.08316977911222834,0.14610152357967618,0.11138921448988814,0.15088883323625735,0.15173696892162022,0.10493525297162215,0.07783167591790047
26.75,0.08317247589519389,0.14610333957693478,0.1113929909333981,0.1508928327563952,0.15204023314887258,0.10499358649143266,0.07783546068263016
26.8,0.08317528603929145,0.1461050935896383,0.11139667175817902,0.1508968616998342,0.15204291767026218,0.10499729625157725,0.07783910324742058
26.85,0.08317817294505747,0.14610679690475628,0.11140025481840685,0.1509009025051421,0.15204552637486096,0.10500083453458482,0.07784426507145739
26.900000000000002,0.08318114331948182,0.1461084479432182,0.11140373954764879,0.150904932190786,0.1520480660107391,0.10500419995096633,0.07784765556786963
26.950000000000003,0.08318420732845408,0.14611006627848497,0.11140711956991706,0.15090893948216744,0.15205054131260248,0.10500739696346506,0.07785091019207493
27.0,0.08318767971520383,0.14611165652454033,0.11141039569822629,0.15091367896121563,0.1520529582855109,0.10501042796028764,0.07785402855718812
27.05,0.08319180480830934,0.1461132129142685,0.11141366757001536,0.15091870543226849,0.15205532258090781,0.10501330063365902,0.07785700527277101
27.1,0.0831962022178475,0.14611473776469758,0.11141699903286073,0.15092396024813257,0.15205763813417109,0.10501602090891363,0.07785983818413922
27.150000000000002,0.08320088671714193,0.14611623605227247,0.1114209575281363,0.15092937974128626,0.15205990665727565,0.10501859579593545,0.07786252241763156
27.200000000000003,0.08320586890599727,0.1461177086058107,0.11142500969789151,0.15093497910599782,0.15206213310756056,0.10502103291741997,0.07786505297521099
27.25,0.08321115515094205,0.14613552027790835,0.1114291831664795,0.15094077461273647,0.1520643185547458,0.1050233369566003,0.07786742784549211
27.3,0.08321674717539937,0.14613715359037432,0.11143352111165143,0.1509467836325557,0.1520664672235652,0.1050255146326301,0.07786964406192375
27.35,0.08322264078220455,0.1467367277921735,0.11143804762197589,0.150953022849853,0.152068580457979,0.10502757527133316,0.07787173696367475
27.400000000000002,0.08322882824847276,0.14673904222505504,0.11144277582430247,0.1509595029647084,0.15207065930395577,0.10502952612892717,0.07787373508797675
27.450000000000003,0.08323529565505874,0.14674134036575837,0.11144772979666805,0.15096683461433671,0.15207270659812835,0.10503137669464085,0.077916382270673
27.5,0.0832420258743238,0.14674362604562521,0.11145292642569968,0.15097383185950686,0.1520747242436437,0.1050331341885858,0.0779185089355206
27.55,0.08324899361376664,0.14674589661715048,0.11145837818233428,0.1509810837782874,0.1520767112398038,0.10503481088289998,0.07792051362027896
27.6,0.08325617071430466,0.14674815257190243,0.11146409458957601,0.15098858384125277,0.15207867198038388,0.10503641373660293,0.07792240706444081
27.650000000000002,0.0832635211379954,0.14675039176906585,0.1114745170108456,0.15099631213978779,0.152080603697753,0.10503794770376597,0.07792419912010032
27.700000000000003,0.08327100760515957,0.14675261868794226,0.1114808105842705,0.15100424768818652,0.15208251029803907,0.1050724690699191,0.07792590162463961
27.75,0.08327858694234799,0.14675482735825293,0.11148734579265773,0.1510123575455981,0.15210719003691228,0.10507428960440895,0.07792752439326585
27.8,0.0832862113849807,0.14675701681296027,0.11149410338554858,0.1510206056990924,0.1521110085682252,0.10507606270382391,0.07792907934567724
27.85,0.08329383143575188,0.14675918263835958,0.11150105369433397,0.15102893718609833,0.1521272416234146,0.10508041109348025,0.07794496652296094
27.900000000000002,0.08330139658647717,0.1467613235142688,0.11150815735761792,0.1510372990058198,0.15212952306461633,0.10508212936923007,0.07794659229977019
27.950000000000003,0.08348115678173881,0.14676343822019328,0.11151537213868537,0.1510456330006925,0.15213178008793027,0.10508380994183578,0.07794817847952266
28.0,0.08348888329886087,0.1467655236661926,0.11152264842690178,0.15105387757293443,0.1521340146110453,0.1050854591252682,0.07794973217378773
28.05,0.08349640216851006,0.14682197917798792,0.11152993442402953,0.15106197202255914,0.1521362254227272,0.10508707698182676,0.0779512593132822
28.1,0.08350366652888411,0.14682423625975388,0.1115371732179439,0.15106985542473944,0.1521384134370699,0.10508867628578542,0.07795276311842209
28.150000000000002,0.08351063462390831,0.14682645733772443,0.11204558325952368,0.1510774691489185,0.15214057744049442,0.10509025411329607,0.07795424717113751
28.200000000000003,0.08351726908668969,0.14682864364185044,0.11205327091013269,0.15108476051014058,0.15214271687152114,0.10509180947385466,0.07795571254891201
28.25,0.08352353912163815,0.1468307944447679,0.11206074547210561,0.1510916848760165,0.15214483410378077,0.1050933434737597,0.07795715806791914
28.3,0.0835294201521225,0.14683290763628987,0.11206795918063617,0.15109825536624358,0.15214692742030655,0.10509486285125674,0.0779585844179151
28.35,0.08353489689384488,0.146834983775131,0.11228268548914876,0.15110440627234134,0.15214899861344883,0.10509636773904991,0.07803940915415239
28.400000000000002,0.08353995718953836,0.14683702270914795,0.11229058399288412,0.151399606517519,0.15215104629223902,0.10509785679635204,0.07804174201022228
28.450000000000003,0.08354469307440754,0.14683902530667348,0.11229811090971886,0.15140583896208865,0.1521530703025854,0.10509933045202115,0.07804407842057624
28.5,0.08354909681983864,0.1468409916982551,0.1123052434702379,0.1514116177406395,0.15215507102803033,0.10510078951850833,0.07804641858735953
28.55,0.08377480862150444,0.14684292131796833,0.1123119701835884,0.15141695074701678,0.15215704744664824,0.1051022348649609,0.07804876238132101
28.6,0.08378106914972447,0.1468448168058648,0.11231828176741489,0.15142185222053384,0.15215900141658223,0.10510366632961553,0.07805111156199909
28.650000000000002,0.08446513171704309,0.1468466790616077,0.1123241820010851,0.15142634280716527,0.15216093358545063,0.10513053139762205,0.07805346534335268
28.700000000000003,0.08447131768565508,0.14684850769537988,0.11232967817547775,0.15143044801540162,0.1521738640122448,0.1051322500451185,0.07805582486425477
28.75,0.08447724194608017,0.14685030423225423,0.1124268985201915,0.15143419594082705,0.15217588325222012,0.10513395709289107,0.07805819139790654
28.8,0.08448293561679497,0.14685207084955476,0.11243259191518577,0.15143761829762686,0.15217788075070682,0.10513565087039105,0.0780605662326813
28.85,0.08448842983779478,0.14686755990420583,0.1125844081093639,0.15144074825419174,0.15223967473738162,0.10513733181166357,0.07806294750637165
28.900000000000002,0.08449375421291563,0.1468693029479114,0.11259080700249915,0.15144361747622986,0.15224236225587454,0.1051389988389223,0.07806533769626683
28.950000000000003,0.08452180612269024,0.1468710195394638,0.11259713373614194,0.15144625531946065,0.15235959693862688,0.1051406514793333,0.07806773533623786
29.0,0.08452715270449918,0.146872708910431,0.11260324821028171,0.15190351209734665,0.15236364431778698,0.1051422899237413,0.07821077906656154
29.05,0.0845324065606052,0.14687437280255958,0.11260918596678443,0.151982350191806,0.15236767367180695,0.10514391175593735,0.07821446053180925
29.1,0.08454204331186457,0.14699641613360157,0.11261497957779247,0.1520292977611833,0.1523716802735393,0.10514551641444696,0.07824197966258484
29.150000000000002,0.08454722408983385,0.1469994120946989,0.11262066268390339,0.15203343517279216,0.1523756657957037,0.10514710241276812,0.07824595670754139
29.200000000000003,0.08455237755248157,0.1470023861724174,0.11262626748820821,0.15203748451538435,0.15237963020021172,0.1051486701270832,0.07824992796008828
29.25,0.08479913423362123,0.1470053382848837,0.11263183281966908,0.1520414606769657,0.1523882053648275,0.1051502175146936,0.07825388773359684
29.3,0.08480480606454738,0.14700826883875845,0.11263738031528957,0.1520453775294231,0.15239218012428024,0.10534059370349264,0.07825782954082207
29.35,0.08481045552107631,0.14701117843423525,0.1126429254338592,0.1520492474717678,0.15399749031417234,0.10534442108965045,0.07826174708279131
29.400000000000002,0.08495900809062304,0.1470140669164691,0.11264848549158299,0.15207492879127704,0.15400698991256206,0.10534822767322302,0.07826563195160255
29.450000000000003,0.08496618355991523,0.14702480502736892,0.1126540749332243,0.15207899671341552,0.15401647197635807,0.10535201337414891,0.07827582973034128
29.5,0.08497333266077425,0.14706699557055192,0.11277574037724719,0.1522378060202743,0.15405877078111846,0.105355775826392,0.07828029728058881
29.55,0.084980449322807,0.14711864974845046,0.11278283475970971,0.15224326975259223,0.1540686103364196,0.10535951461603428,0.07828412456700114
29.6,0.08498752689849606,0.14712224772089508,0.11278998530805631,0.15224871399273524,0.15408138772447005,0.10536322736003942,0.07828789415606843
29.650000000000002,0.08505974708378353,0.14712582619318904,0.11279719467412956,0.15250393806801738,0.15409142478037294,0.10544293348985959,0.07917837258742899
29.700000000000003,0.0850675344605339,0.14712938145128424,0.11280444883029714,0.15251085592757724,0.15412111395468625,0.10565120105222446,0.07918332464355764
29.75,0.0850752869827055,0.147132915992201,0.11354192847010709,0.1525177563928065,0.1541404959189778,0.10565656940915852,0.07960896185733138
29.8,0.08508298255392219,0.14713642767553736,0.1135528490206418,0.15252463403597283,0.1541505888387154,0.10592464557405495,0.07961558368181536
29.85,0.08556620595606501,0.14714654160797946,0.11356379358924877,0.1525314900682598,0.15416064690012238,0.10723336297152478,0.07962213550774691
29.900000000000002,0.08558699301242063,0.1471500895021201,0.11368420410566588,0.1525428324379538,0.15417066588603792,0.10723978088665612,0.07962861498680562
29.950000000000003,0.08600741874993265,0.14815188017695025,0.11393353457050465,0.15254968348502504,0.15418192757912536,0.10807567833477712,0.07963502221276048
30.0,0.0860306077427629,0.14815614643661565,0.11394594443789618,0.15255649998931625,0.15419188092077557,0.10808278600742949,0.07964815496174968
30.05,0.08604128897713924,0.14816018153258848,0.1146142337908607,0.15256327742376258,0.15420178978205318,0.10811047539287959,0.07965450611561717
30.1,0.08605189895408549,0.14816419067900743,0.11462972223487991,0.15257001047111374,0.15421165284367708,0.1081177353249698,0.07966079101218179
30.150000000000002,0.08615338576859807,0.14816817341799893,0.11464515109377667,0.1525766963441586,0.15446489493789942,0.10812496392659199,0.07966701066338325
30.200000000000003,0.08616453023864107,0.1481721310969073,0.1146634384983187,0.15258333098542964,0.15447765603752686,0.10813216090649494,0.07967316773264593
30.25,0.08617561026794224,0.1481760607616822,0.11467874342707203,0.15258991075177808,0.15449036895986368,0.10813932713205326,0.07967926711172388
30.3,0.08618662828662746,0.14817996473992737,0.11469401324161249,0.15259643273964357,0.1545030277860053,0.10832790420003625,0.07982570668602998
30.35,0.08619758529508678,0.1482717552120586,0.11470919648227028,0.15260289310314734,0.1545156329068651,0.10833659339704155,0.08022832372019267
30.400000000000002,0.08620848227648681,0.14827624031351794,0.11472428118482896,0.1526092908399252,0.15457114975870231,0.10835829998410265,0.08023573534607328
30.450000000000003,0.08621931964656189,0.14828069640520528,0.11473926520167105,0.15261562337042656,0.15458380998752894,0.1083670169105509,0.08024309809974373
30.5,0.08623309142902255,0.14828512422653184,0.11475414581948798,0.15262189086834924,0.15459640588650136,0.10837569713833582,0.08025041483780924
30.55,0.08624384625778654,0.14828952065181933,0.11476891988782592,0.15262809133865368,0.15460893710461499,0.10842356995072489,0.08060084001510705
30.6,0.08641113765140049,0.14829388612248848,0.11478776826906936,0.1526342239979351,0.1546213976733689,0.10843234782819541,0.08062593095200417
30.650000000000002,0.08642368316465009,0.14830150916129473,0.11480238244845872,0.15264028980950606,0.1546337861188677,0.10844108346496767,0.08063368050887779
30.700000000000003,0.08643616301424849,0.1483058505820115,0.1148168909302204,0.15264628906834707,0.15464609982908345,0.1084497759638727,0.08064138686569697
30.75,0.08644857222652645,0.14831015856441787,0.11483129420245783,0.15265222188442207,0.1546583351952942,0.10845842278209043,0.08093957298616661
30.8,0.08646090641669467,0.1483144328530576,0.11484559146399251,0.15265809003872913,0.1546704919550263,0.1084670229452475,0.08095948589720357
30.85,0.0864731597676716,0.1483186712158314,0.11485978165135301,0.15266389377380163,0.15468256503481898,0.1084755734995774,0.08097022034132001
30.900000000000002,0.08648532556459021,0.14832287542874636,0.11487386287088075,0.15266963411106385,0.1547011070604358,0.10848407361904017,0.08098091045364345
30.950000000000003,0.08649739768744673,0.14832704247501077,0.11488783476953165,0.15267531290650949,0.15471308748293572,0.11006263419371644,0.08099155526460389
31.0,0.08650937116137147,0.1483311733837709,0.11490169121236557,0.15268093037193448,0.1547313134571019,0.11007284964373105,0.08100215130808236
31.05,0.0865241946130537,0.14833526523282756,0.11491543105479599,0.15268648877934524,0.15474319144776927,0.11008300817512565,0.08101269783624629
31.1,0.08653598832827325,0.1483393205100968,0.11492904700953177,0.15269198625552927,0.1547549728427523,0.11009310853669066,0.08102319241855534
31.150000000000002,0.08654766622728856,0.14834333759016693,0.11494253529798298,0.15270036609352464,0.1547666590386524,0.11010314618749112,0.08103363163123033
31.200000000000003,0.08655922407185122,0.14834731390846595,0.11505821153909457,0.1527057841669161,0.15477824557988368,0.11011311998533956,0.0810440146862445
31.25,0.08657065744569509,0.14835125070066957,0.11507268995184186,0.15271114529656515,0.1547897322266849,0.11012302948220543,0.08105433919624751
31.3,0.08658196303017089,0.14835514720618465,0.11508702472829141,0.15271644940826565,0.1548011155250658,0.11013287005344216,0.08106460259158366
31.35,0.08659313834065525,0.14836194248369675,0.11510121106924565,0.15272169675688851,0.15481239412021794,0.11014264162270368,0.08107480297832817
31.400000000000002,0.08660418219563414,0.1483657931981336,0.11511524254243352,0.15272688661545508,0.1548235658296475,0.11015234003624433,0.081084937712863
31.450000000000003,0.08661509203649338,0.14836960174711325,0.11512911527776754,0.15273201877830916,0.1548346281880889,0.11016196423238575,0.08109500462926923
31.5,0.08662586894325815,0.14837336836468312,0.11514282500353401,0.15273709420853493,0.1548455804077146,0.11057725738936311,0.08110500216319125
31.55,0.08663651199575917,0.1483770922607468,0.11519783426969296,0.15284806384370864,0.15485642094371932,0.1105874304549466,0.08111492751533908
31.6,0.08664702196353646,0.1483807734381563,0.11521171661896315,0.15285432876442048,0.15486714759654538,0.1105975245555524,0.08112477903059706
31.650000000000002,0.08665739854481343,0.14838441072312938,0.11522542828196397,0.152860537012961,0.15487775931297673,0.11060753626010242,0.08131083420110241
31.700000000000003,0.08666764527717317,0.14838800480126937,0.11523896849270676,0.15286668803514153,0.15488825426193753,0.11061746599181599,0.08132270445650404
31.75,0.08667776080284315,0.14839155495518636,0.11525233517323766,0.1528727804064636,0.1548986315675912,0.11062731084778182,0.0813344977265458
31.8,0.08668774819263594,0.1483950595588744,0.11526553007349614,0.1528788136918298,0.15490888939026753,0.11063706840225886,0.08134621234355124
31.85,0.08669760796498159,0.14839852134243603,0.11527855295122394,0.1528847884684137,0.15491902578804762,0.11064673726763288,0.0813578449679824
31.900000000000002,0.08670734188481678,0.14840193691768766,0.11529140432227335,0.1528907011193818,0.15492904086495868,0.1106563171210665,0.08136939404389595
31.950000000000003,0.08678391680567402,0.14840530787232395,0.11530408697398223,0.1528965533573362,0.15493893342130827,0.11066580502015899,0.08138085715881553
32.0,0.08679422850471624,0.1484086331722445,0.1153595524264358,0.15290234272700334,0.15494870192097265,0.11067520049778226,0.08139223174328666
32.050000000000004,0.08680441970687267,0.14841191287098549,0.11544118910366033,0.15296516445283664,0.15495834584151394,0.11068450086309133,0.08140351623823343
32.1,0.0868144889545445,0.1484151472386312,0.11545439758803577,0.15297742107266254,0.15496786407689395,0.1106937067360298,0.08141470825726255
32.15,0.08686728130152796,0.14841833553829203,0.11546744647019117,0.15298379452118221,0.15497725495800455,0.11070446088549402,0.08142580620379782
32.2,0.08687728774302915,0.14842147798819716,0.11548033509792849,0.15299010290578624,0.1549865198249356,0.11071349184514201,0.08143680718311028
32.25,0.08693700711620556,0.14842457363206826,0.11555601555511624,0.15299802075563473,0.15499565542319776,0.11072242327941352,0.08144771084511934
32.300000000000004,0.08694738246055053,0.1484276242566812,0.11556936006843105,0.1530042205863576,0.1550052645442116,0.11073125349971243,0.08146768928942894
32.35,0.08695763831095099,0.14843734079538168,0.11558255087597218,0.15301035339013505,0.15501415190723022,0.11073998340754058,0.0814785029867495
32.4,0.08696777480325124,0.1484403814674482,0.11559558761075794,0.1530164183313499,0.15502290855373274,0.1107486110180003,0.08148921454229938
32.45,0.08697779095510708,0.14844337466890542,0.11560847108371365,0.1530224156588636,0.15503153498096095,0.1107571340013505,0.08150151185567792
32.5,0.08703351171583856,0.14844632366470942,0.11562120331723176,0.15302834574005406,0.15504003164649513,0.11076555400574406,0.08151203202842572
32.550000000000004,0.08704384929845972,0.1484492264946216,0.1156337820770085,0.15303420714132066,0.15505187228115178,0.11077386917097155,0.08152244439283193
32.6,0.08705406477760685,0.14845208144215788,0.11564620801389569,0.15303999828200762,0.15506015171271015,0.11078207815142219,0.08153274769088761
32.65,0.08706415987109571,0.14851099113648109,0.11565848175024412,0.15304572064373073,0.1550683001466489,0.11079018059625242,0.08154293941053391
32.7,0.08707413147275775,0.14852182469002106,0.11567060171342056,0.15462657449165895,0.15507631734100313,0.11079817660431393,0.08155301951813823
32.75,0.08952394848618919,0.16604485967460333,0.11575849413569789,0.15476481139914228,0.155084204765556,0.11080606470746461,0.08156298665628006
32.800000000000004,0.0895393589551162,0.16606268246902778,0.11577912814366671,0.15477765614612565,0.15769653370823894,0.11132853963279296,0.08157283797757872
32.85,0.08955464791619681,0.1660798709056767,0.11728190378148837,0.15479373732770751,0.15771433772483645,0.11253288715385767,0.08158257419422518
32.9,0.08956981409788334,0.16609701335348578,0.11729998505213235,0.15480633115547923,0.15773201611774368,0.11255044366172014,0.08198684468998041
32.95,0.08958485459495191,0.16611410618296268,0.11731791727110157,0.1548188522115952,0.15774956764314746,0.11256788947625092,0.08199797717298134
33.0,0.089599768315174,0.16613114803050308,0.11733569786051405,0.1548313001500252,0.15776699113238743,0.11258522269188212,0.08200899123688812
33.050000000000004,0.08961455246751113,0.16614813676303708,0.11735332517505617,0.154843671806587,0.1577842856534824,0.11260244098859026,0.08201988589566567
33.1,0.08962920587329967,0.16616507220119658,0.11737079767123296,0.15485596630625278,0.1578014495179792,0.11261954406433114,0.08205404089791649
33.15,0.08964372717081043,0.16618195190724888,0.11738811188015098,0.1548681819981383,0.1578184842310809,0.11263652920359782,0.0820694559174516
33.2,0.08965811317952083,0.16619877081313442,0.11740526644152605,0.15488031471272543,0.157835386746856,0.11265339598369306,0.08208009288285001
33.25,0.08967236314162494,0.16621552959346714,0.11742225869908957,0.15489236336604628,0.1578521550308557,0.11272327293753073,0.08209060707231078
33.300000000000004,0.08968647503225875,0.1662322257839414,0.1174390870457028,0.15490432573463658,0.15786878888326136,0.11273995904370947,0.08210099660714666
33.35,0.08970044732182186,0.16640329682655836,0.11745574987135203,0.1549161997231535,0.15788528767599708,0.11275652137089665,0.08211126148225159
33.4,0.08971427859127373,0.16947557258308502,0.11747224521536075,0.15492798398795962,0.1579016504937238,0.11277295965892163,0.0821214015182543
33.45,0.08972796749013781,0.1695014876313861,0.11748857183201604,0.15494095930087004,0.1579178773082917,0.11278927212074007,0.08213141484300451
33.5,0.08974151285302519,0.16952733700768768,0.11750472859785806,0.1549599744836733,0.15793396652174208,0.11280545811912365,0.08568664405678272
33.550000000000004,0.08975491327586356,0.16955311666880468,0.11752071259830049,0.1549715571359882,0.1579499181761715,0.11282151552857052,0.08570715518501065
33.6,0.08976816749215616,0.16957882306904884,0.11753652289795591,0.15498304272225497,0.15796573157277297,0.11283744397600384,0.08572753816377798
33.65,0.08978127449999287,0.16960445326028284,0.11755215816775175,0.1549944295272198,0.15798140606220523,0.11285324197084239,0.08574779096277431
33.7,0.08979423319645252,0.16963000471989098,0.11756761762919166,0.15500571637916982,0.15799694149650245,0.11286890897719679,0.08576791171268097
33.75,0.08980704261672173,0.16965547354488536,0.11812049219930751,0.1550169017078862,0.15801233707889686,0.11461521380909026,0.08578789876828533
33.800000000000004,0.08981970242334222,0.16968085717253173,0.11813776763863157,0.15506637218481245,0.15802759287366128,0.11467181604519769,0.08580774997620248
33.85,0.08983221079054218,0.1697061521143451,0.11815486385226294,0.1550777167889401,0.1585119562786037,0.11469579566702809,0.08582746414518455
33.9,0.08984456756449452,0.16973135643646983,0.11817177988293401,0.1550889557796361,0.1591568220691218,0.11485234358727212,0.08676307028702433
33.95,0.0898567721822548,0.16975646650535114,0.11818851481073184,0.15510008860359362,0.1591813003811778,0.11487730237454943,0.086790665293558
34.0,0.0914893061648643,0.1703136825857842,0.11820506673005798,0.15511581786328307,0.1592056408044325,0.11490232773047433,0.08681811734669875
34.050000000000004,0.09150595109940352,0.17033905772191865,0.11822143488055098,0.15512678979418298,0.15922984044940486,0.11492699478158361,0.08694668733276385
34.1,0.0915224423645508,0.17221387307109962,0.11823761812578201,0.15513765057634527,0.15925389835208242,0.1149515120536585,0.08697509279945372
34.15,0.09161480860222243,0.17224403162092464,0.11825361581359205,0.1551483987226071,0.15927781312035258,0.11497587632510546,0.08700334931126315
34.2,0.09163192545859113,0.17227408283699558,0.11826942704812753,0.15515903368036044,0.15930158310226433,0.11676257016632856,0.08703145424818003
34.25,0.09164888655269723,0.1723040229556227,0.12090742707497322,0.1551695539872675,0.15932520734302894,0.11678866674491598,0.08705940367577256
34.300000000000004,0.09166569088166221,0.1723338487941149,0.12092912038662143,0.15517995958783667,0.15934868367095445,0.11681460373903077,0.08708719545754182
34.35,0.09168233720975366,0.172363556318772,0.12095062547004069,0.1551902489656063,0.15937201121319677,0.1168403779435403,0.08711482702739268
34.4,0.09169882436571654,0.17239314153330373,0.12097194131463503,0.15520042049186922,0.15939518849953963,0.1168659882245953,0.08714229570212208
34.45,0.09171515128725419,0.17242260093790635,0.12251047264036045,0.15532234709767911,0.1594182139805658,0.11689143201803136,0.09045581300572306
34.5,0.09173131700874387,0.17245193169877834,0.12254000657236544,0.15716585602840627,0.15944108649605432,0.11691670762032619,0.09050597157914937
34.550000000000004,0.09174732074576303,0.17248113017954703,0.12256935051532539,0.15718669702715027,0.159463804896876,0.11694181334456988,0.0905559675563567
34.6,0.09469368915388598,0.172510193029263,0.12259850178664154,0.15720741742224031,0.15948636778282532,0.11696674724349909,0.09060579438051053
34.65,0.09473450336705938,0.1725391170141552,0.12274214994719954,0.1572280150746591,0.15950877396427887,0.11699150780808584,0.09065544670337286
34.7,0.09477516109785147,0.17256789887040272,0.12277231384385211,0.15724848747815903,0.159531022520931,0.11701609316976622,0.0907049181515516
34.75,0.11561518080541608,0.1725965352719792,0.1228022798818327,0.15728864906250067,0.1662572233929266,0.11757831409101337,0.09075420336405182
34.800000000000004,0.11567471248278557,0.17262502316517878,0.12283204516417202,0.15730910808669085,0.16629090917968142,0.11760546573777228,0.0908032967483921
34.85,0.11573340982916605,0.17265335937760334,0.12651573519735854,0.1573294359086031,0.16632443227037702,0.11763243840487828,0.09085219232824558
34.9,0.1157953712870366,0.1748427600323405,0.12657764268582558,0.1573496301268572,0.16635778993906697,0.11765923062243963,0.09090088489999712
34.95,0.11585698353069002,0.17487296489256016,0.12768733407616772,0.15736968892551725,0.16737152883616288,0.11768583990746953,0.09094936901967736
35.0,0.11591511632168211,0.17490300985820068,0.12775685648301993,0.15738961035668836,0.16851337622472645,0.11771226487152403,0.09099763924746003
35.050000000000004,0.11651223657908998,0.1749328917804268,0.12782616756701548,0.15740939222489111,0.16856532768695665,0.11773850347310937,0.09214371691067746
35.1,0.11657502736006203,0.1749626072727481,0.12789525813642777,0.16805534875342126,0.16861710442232786,0.11776455429589815,0.09220010435124805
35.15,0.11720945604533843,0.17508543486468064,0.12800247756517186,0.1686398350934794,0.16866870084933677,0.11779041543931829,0.09225626507734777
35.2,0.11859532101576666,0.17724104904634524,0.12807142211518696,0.17172264514539523,0.1687201114012834,0.11781608529740273,0.09266590394803784
35.25,0.11866189136448238,0.17741353937237614,0.1281401220748442,0.1717712593326078,0.16877133077671408,0.11784156255312767,0.09272465558208094
35.300000000000004,0.12122131486520213,0.177461251574747,0.1282085693215648,0.17181971980051702,0.16882235368071827,0.11786684533510518,0.09278316154062305
35.35,0.12129570493961417,0.17750878663669895,0.1282837183475071,0.17186802028002227,0.16941939769130623,0.11789193244668426,0.09284141528913177
35.4,0.12136981070085553,0.17755613860209035,0.12835172027792272,0.17191615532339002,0.1694716149492213,0.12002168278680628,0.09289941072214022
35.45,0.12617619280047124,0.17760330198345592,0.12841944604712857,0.17251839506961358,0.17981501636760455,0.12006232237200479,0.09295714079465386
35.5,0.12629029713667148,0.17938582533215458,0.12848688718317686,0.17257099037961035,0.18081999569389004,0.12010276777909618,0.09318490102396124
35.550000000000004,0.1264041060690277,0.17982472339318478,0.13119154100335426,0.17411596867778725,0.18139777200307622,0.12014301449793091,0.0967437496958434
35.6,0.1301442461214918,0.18327750545619353,0.13127909280683717,0.1753732394945448,0.18149069428163536,0.12018305960242232,0.09680592780688993
35.65,0.13026520014956083,0.20284615338616674,0.14770575265832664,0.17544140418692522,0.20464299772394745,0.14395521826051827,0.0980995445827936
35.7,0.14165795086334992,0.2130567692853967,0.17242117706256727,0.19723529773823992,0.2161953566427115,0.16266150812854707,0.09816485359468519
35.75,0.24098400294455366,0.24516707534512527,0.2533820801088589,0.24181550812392846,0.24571535889558915,0.32907941763353443,0.1589766173230136
35.800000000000004,0.27472198097650946,0.3336495207933989,0.2808646703423887,0.2628575480986763,0.2599826396345377,0.3638804950159209,0.17555459361836223
35.85,0.37645792483193086,0.4238225537257019,0.35455726492215744,0.31130153540309313,0.3539610300052639,0.4120375086197894,0.22051277198916178
35.9,0.3950371969835058,0.47596663381245335,0.3831763422137197,0.37768342565758867,0.40501943008181274,0.4499025679059207,0.24612692344357925
35.95,0.4349016197065634,0.5043154053429564,0.40567338525471935,0.40023071747313416,0.4294889888486918,0.463891248993197,0.2601427136915586
36.0,0.45787307103579156,0.5329707773691164,0.42563539916723736,0.4390505570465755,0.4579375692995966,0.4841748620450119,0.28803748342797114
36.050000000000004,0.4695748894432862,0.5416371296827904,0.4374418249863254,0.445894212420385,0.4632295388380384,0.49029540579733555,0.29904150158472875
36.1,0.47251065852792984,0.5551941850371711,0.4399342131301469,0.4533858325077271,0.4713114889033347,0.5117630708870605,0.3773608464510027
36.15,0.47356213199549274,0.5613014485396093,0.4464734122896734,0.4542069599253077,0.4821843776619179,0.5264438456532234,0.385686384324991
36.2,0.4762987842268387,0.5709032737334772,0.4819569803997357,0.4720214600509036,0.4843765379210352,0.538060575077349,0.3922385303302047
36.25,0.4861717798962991,0.5882260606439718,0.5015995919795996,0.4856741228906006,0.5004767274812177,0.5474518495028386,0.40373871788523386
36.300000000000004,0.4872727605217484,0.5943864910839983,0.5047891244231831,0.4883414300456169,0.5033421408488831,0.5550419209163742,0.4051980893549783
36.35,0.4883726054299953,0.5953816587956627,0.5058526552662519,0.49106195614734865,0.5056906056194967,0.5560504773071051,0.4077950807115478
36.4,0.48947124433222,0.5963763147817125,0.506915248669434,0.49234551318734765,0.5067045505462067,0.5587407827319701,0.4099130322934112
36.45,0.4905686071286748,0.5981382409733366,0.5079768490697908,0.4946868324053827,0.5085447747817423,0.5606654124860522,0.4108091415571627
36.5,0.4916646399636219,0.599139081496358,0.5090374088512692,0.49954931017505005,0.5114108515591633,0.5616951531809332,0.41170407952571025
36.550000000000004,0.49275927525235913,0.6001393244869262,0.5100968690198415,0.500523414231216,0.5124464559619076,0.562723918673224,0.41259779590135337
36.6,0.49392785361625,0.6011389421368649,0.5111551813671227,0.5014965814102794,0.5134809267067888,0.5637516746984566,0.4134902401449014
36.65,0.4976276202137978,0.6021415669568059,0.5122122924825614,0.5024687683396903,0.5145142056440537,0.5656085832123374,0.42044883036783587
36.7,0.49874334777646384,0.603139875633466,0.5133433955051894,0.5034399291892249,0.5155462467168861,0.5666421144685352,0.4213955018243659
36.75,0.49985744256422293,0.6044364156389249,0.5143986733939399,0.504410021867277,0.5165769900201469,0.5676745296083593,0.4223407637879619
36.800000000000004,0.5009698447286446,0.6054361167566361,0.5154525989926608,0.5053790004058927,0.5176063882641098,0.5687057868670728,0.4261777920598386
36.85,0.5020804875859535,0.6064350475239497,0.516505125112102,0.5063468226191414,0.5186343885057916,0.5697358518272855,0.42714774020341406
36.9,0.5031893051880842,0.6075629596182004,0.5175562004159976,0.5073134438339987,0.5196609444502023,0.5707646894306582,0.4311922928406509
36.95,0.5042962465361542,0.6085615035635117,0.5186057758143329,0.5082788177454409,0.5206859978322519,0.5717922556427025,0.4321796568178352
37.0,0.5054012416290825,0.6095591941626761,0.5196538087631423,0.5092429055740779,0.5230517208511014,0.5728185281220392,0.4331653368800088
37.050000000000004,0.5065042332544942,0.6105560002675412,0.5207002474052749,0.5102056659470872,0.5257795806493664,0.5754447847723527,0.4341492708379031
37.1,0.5079817297149256,0.6115518966181825,0.5217450379293664,0.5111670539543023,0.5268288395868809,0.5764835549937466,0.4351313903149814
37.15,0.5090841354263338,0.6125468582076876,0.5227881434183622,0.5121270305096647,0.527876419894023,0.5775209278790967,0.4361116421215756
37.2,0.5101843581402012,0.6135408513285004,0.5238295197442051,0.5130855526078913,0.5289222595407252,0.5785568575803619,0.43708995747263246
37.25,0.5112823462014147,0.6145338497242057,0.5248691150944476,0.5144212584964982,0.5299663072432815,0.579591317227514,0.4382221773495776
37.300000000000004,0.512378039939955,0.6155258345622782,0.5277033110822577,0.515380361528261,0.5310085276268071,0.5806242656749352,0.4391968651424695
37.35,0.5134713752421179,0.6165167718658977,0.5287563319643024,0.5163378855590756,0.5320488498599066,0.5816556671851965,0.4401694369756073
37.4,0.5145623051719617,0.6175066359976982,0.5298074497613628,0.5172938067296986,0.5330872370747526,0.5826854902359669,0.4411398380831566
37.45,0.5156507728934436,0.6188739633617587,0.5308566189332934,0.5182480716202398,0.5341236289340989,0.5837136975815367,0.4421080112609504
37.5,0.5167367246985435,0.6198652087194727,0.5319037940909102,0.5192006515103027,0.5351579935829098,0.5847402540958886,0.44307389779694123
37.550000000000004,0.5178201059095427,0.6208553053058715,0.5329489361982243,0.5201515087246812,0.537540136017431,0.5870010833229098,0.4440374424371012
37.6,0.5189008655807347,0.6218442319884907,0.5339919931969304,0.5211005997922327,0.5385831566337993,0.5880360345529874,0.4449985923556649
37.65,0.5199789549529297,0.6228319594218316,0.5370441129867324,0.5238456628800177,0.5396240000337698,0.5890692407890388,0.44618212577645233
37.7,0.5210543171084171,0.6238933827530264,0.5381019953483892,0.5248082373934788,0.5406626241455221,0.5901006740569403,0.4471404598986325
37.75,0.5221269085215579,0.6248792968279313,0.5391576779107512,0.5257689488303119,0.5416989784079407,0.591130293349752,0.4507147720493106
37.800000000000004,0.5231966808274118,0.6258639422598171,0.5402111204555724,0.5267277567592586,0.5427330177380475,0.5921580679205094,0.4516928742100947
37.85,0.524263575393942,0.6268472897252253,0.5412622731969887,0.52768462278237,0.5437646860955405,0.5931839615086698,0.45266831937636987
37.9,0.5253275606590881,0.6278293214480611,0.5423111019856562,0.5286395163873803,0.5469011963641055,0.5942079511870538,0.45364105938166077
37.95,0.5263885858054966,0.6288100094336102,0.5433575564928574,0.52959240028102,0.5479474749261924,0.5952299968832722,0.4546110407288593
38.0,0.5274466013703948,0.6297893266351993,0.5444016038097705,0.5305432350560789,0.5500475749948459,0.5962500710712442,0.45557820353674283
38.050000000000004,0.5302964797474954,0.630767260203893,0.5462694654082834,0.5314919873786087,0.5510989313707292,0.597268147515546,0.4565425012832727
38.1,0.5313654702123676,0.6317437772479311,0.5495750771270613,0.5349211763733893,0.552147705198564,0.5986479081272644,0.457503880526103
38.15,0.5324313362246909,0.632718866183456,0.5507850289587964,0.5360934146337306,0.5531938590628822,0.5996653617547659,0.4584622957330055
38.2,0.5334940322759208,0.6336924956223715,0.5518499071782095,0.5370614436388926,0.554237340533817,0.6006807264022447,0.4594176908659784
38.25,0.5353829342308319,0.634664651874516,0.5529121955639102,0.5380272671291607,0.5552781097752609,0.6024023242471692,0.4604086998021287
38.300000000000004,0.5375429698811202,0.6356353099356429,0.5550677492611067,0.5389908500722833,0.5563161233448185,0.6034171262515369,0.46135829267981243
38.35,0.5386142725014549,0.6366206831173044,0.5561351835697931,0.5404047384978876,0.5573968596195071,0.6044297544758984,0.46230472613376883
38.400000000000006,0.5396822511315869,0.6375884401634386,0.5571999088169879,0.5413680468253272,0.5584294937952325,0.6054401806311556,0.46525245458780773
38.45,0.5407468640719946,0.6386981057458285,0.5582618874463698,0.5423290175345129,0.559459246808943,0.6181101182141615,0.4680869306138574
38.5,0.5418080673579857,0.639664090487247,0.5593210767236285,0.5432876077099287,0.5604860770082664,0.6191431481113462,0.46951211124395126
38.550000000000004,0.5428658267855789,0.640628473216564,0.5603774397513237,0.5442437937343616,0.5615176973907222,0.6201738836637292,0.47048684271030217
38.6,0.5466276376686936,0.6415912405529257,0.5614309414986518,0.5451975406046677,0.5633040791752706,0.621202296289981,0.471458211060383
38.650000000000006,0.5477041109387855,0.6425959378628676,0.5624815421282111,0.5461488186467953,0.5644420633764902,0.6222283661077219,0.472426164579407
38.7,0.5487770367288226,0.6439094322778288,0.5635292077829888,0.5470975953882196,0.5654652222573522,0.623252061073166,0.4733906664369686
38.75,0.5498463756028198,0.6449449889699264,0.5645739014396256,0.551578757460198,0.5664852769781343,0.6242733604468984,0.4743516651063433
38.800000000000004,0.5544604462454295,0.6459149382908418,0.5656155898192701,0.553890593646433,0.5675021837480434,0.6252985728775178,0.4753091225149936
38.85,0.5555563472581215,0.6468729282479748,0.5693600361379406,0.5577323807474728,0.5685766084066166,0.6263523256162582,0.47815930568224313
38.900000000000006,0.556648569879895,0.6479758236132207,0.5739609540662309,0.5587446617764331,0.5695877038292518,0.627366705295284,0.4791188280915056
38.95,0.5577370739118417,0.6489314011460688,0.5750530038750028,0.56052518049248,0.5705955557852488,0.6285219587611919,0.4800746862131211
39.0,0.5588218122402825,0.6498851999230582,0.5761419389718802,0.5616141489445654,0.5718733032070681,0.6295326956376897,0.48102684178623756
39.050000000000004,0.559977772684437,0.6508372119249818,0.5772277232244082,0.5626264733467548,0.5728771787869773,0.630540891488788,0.4819752534690599
39.1,0.5610555997028084,0.6517874230449078,0.5787631245669713,0.5636360678975089,0.5738777194412311,0.631546535764,0.4829198852381236
39.150000000000006,0.562129557027146,0.6527358107496244,0.5798468020081722,0.5646428833824864,0.574874888030362,0.6325495992768169,0.4859175638427151
39.2,0.5631996109001682,0.6536823628486268,0.580927218778084,0.565646895419745,0.5758686564822999,0.6335500633110202,0.4868741480705756
39.25,0.5642657241935141,0.6546270607859768,0.5820043359616377,0.566648054415928,0.5768589945855447,0.6345479072399614,0.48782685428004047
39.300000000000004,0.5653278796190084,0.6555698944731656,0.5830781183547414,0.5676463409996444,0.5778458839268824,0.6355431186794125,0.48877564182750827
39.35,0.5663860275238765,0.656510841950731,0.5841485343296813,0.5686417099306911,0.5788292906433191,0.6369135039515657,0.48972047998938534
39.400000000000006,0.5674401483711405,0.6574498935785105,0.5852155501198333,0.5696341276019279,0.5798091872442748,0.6379055604999091,0.4906613363798951
39.45,0.5684902124499484,0.6583870284500091,0.5862791222643079,0.5706235700341352,0.5807855583693736,0.6388949090983929,0.4915981731956209
39.5,0.5695361899679864,0.6593582730791792,0.5873392350118289,0.5716099968864351,0.5817583715122734,0.6398815462371303,0.4925309655213125
39.550000000000004,0.5705780541167484,0.6602918855556567,0.5883958454524139,0.5729580615968805,0.5827276054153983,0.6408654392328127,0.49345967007758407
39.6,0.5716157787912893,0.6612235526392959,0.5894489353246929,0.5739418442677412,0.5837087679738088,0.6418465839956597,0.49438427537345303
39.650000000000006,0.5726493439998281,0.6621532568463881,0.5904984601591083,0.5749225294211432,0.5846709348972675,0.6428249629942713,0.4953047435104079
39.7,0.5736787216213401,0.6630809768752504,0.591544401994189,0.575900080585495,0.5856294571763931,0.643800555253007,0.4962210461800598
39.75,0.5747038895419505,0.6640067124512642,0.5925867310208108,0.5768744693887462,0.58658432064175,0.64477335341729,0.49713315592602836
39.800000000000004,0.5757248272808448,0.6649304392071258,0.5936254198143325,0.5778456681625195,0.587535507798133,0.6458248770645316,0.49804104929826487
39.85,0.5767415162881268,0.6658521577679488,0.5946604476785211,0.5788136544189277,0.5884829992900533,0.6467928106269631,0.4989447105236938
39.900000000000006,0.5777539353603198,0.6667718477960475,0.5956917754799833,0.579778393641233,0.589426777962025,0.6478332815852684,0.49984410938340107
39.95,0.5787620612656864,0.667689502554182,0.5967193990255908,0.5807398665723027,0.5903668348381583,0.6487962486342858,0.5007392255891638
40.0,0.579765885322187,0.668605108464083,0.5977432808746753,0.5816980466740314,0.5913031464049909,0.6497563565755005,0.5016300399002496
40.050000000000004,0.5807653809867906,0.6695186594703364,0.5987634046080644,0.5826529084678398,0.592235698563759,0.6507135914260466,0.5025165321656799
40.1,0.5817605510535235,0.6704301386103966,0.5997797448606291,0.5856907147203257,0.5931644898600384,0.6518404881413701,0.5033986845465765
40.150000000000006,0.5827513626800866,0.6713395433499257,0.6007922893044281,0.5866586843476086,0.5940894974160985,0.6527932051185636,0.5115436846737234
40.2,0.5837378107049369,0.6722468539855351,0.6018010049251739,0.5876232727017787,0.5950107128868725,0.65374301742798,0.5124694677657715
40.25,0.5875378873924271,0.6731520720963673,0.602805885828085,0.5885844570844301,0.5959281293910705,0.6546899133094514,0.5133907750559312
40.300000000000004,0.5885424052603849,0.6740551819432612,0.6038069088035638,0.5895422188071033,0.5968417340887842,0.6556338899626677,0.514307579871938
40.35,0.5895425273587629,0.6749561759055784,0.6048040553464582,0.590496528272336,0.5977515222102869,0.6565749298196215,0.5152198613827383
40.400000000000006,0.5905382544965212,0.6758550411554751,0.605797312276341,0.5914473668749853,0.5986574801655078,0.6575130253761803,0.5161276033229705
40.45,0.5915295620462085,0.6767517802760096,0.6068614708970546,0.5923947151546822,0.5995595997767176,0.6584481810364962,0.5170307938475305
40.5,0.5925164476216749,0.6776463780152742,0.6078476126796581,0.5933385510358657,0.6004578856465351,0.6593803756342099,0.5179294102243023
40.550000000000004,0.59349889295363,0.6785388199475062,0.6088298256643996,0.5942788587506955,0.601352323746297,0.6603096083283612,0.5188234359621615
40.6,0.5944768945169029,0.679429115463289,0.6098080889420341,0.5952156114625302,0.602242910672022,0.6612358759993757,0.5197128640580606
40.650000000000006,0.5954504358093613,0.6803172400297292,0.6107823971400506,0.5961487957214023,0.6031296430315145,0.6621591652827497,0.5205976760888048
40.7,0.5964195198562185,0.6812031961168056,0.614556277407834,0.5970783989438363,0.6040125194777293,0.6630794791625146,0.521477861981954
40.75,0.5973841287340091,0.6820869697222345,0.6155494523491518,0.5980043919788415,0.6048915350507055,0.663996802472233,0.5223534064731425
40.800000000000004,0.598344262409825,0.682968570308609,0.6165386544258158,0.5989267736695549,0.605766690511133,0.6649111419298583,0.5232243085613164
40.85,0.5993707331568112,0.6838479693394051,0.6175238576502795,0.6008085559997941,0.6066379804802857,0.6658224869494835,0.5240905552614463
40.900000000000006,0.600322575139754,0.6847251789824957,0.61850505846934,0.6017328079713007,0.6075054130215455,0.6667308367501164,0.5249521395028709
40.95,0.6027734320513157,0.6856001788669062,0.6194822447226622,0.602653401927691,0.6083689802120607,0.6676409030607655,0.5258090522557392
41.0,0.6050665561596756,0.6864729734609106,0.6205265628287043,0.603570325358423,0.6092286884929818,0.6685432863644172,0.5266612868291284
41.050000000000004,0.6060320669857117,0.6873435544260682,0.6228378606606788,0.604483560807196,0.6100845405694895,0.6694426718034967,0.5275088442296981
41.1,0.6069930892306702,0.6882119155375362,0.6238163874897091,0.6053931000163523,0.6109365327831335,0.6703390468285743,0.5283517148869415
41.150000000000006,0.6079496191734702,0.6890780508725994,0.6247908658215391,0.606298926203878,0.6117846737732855,0.6712324118176618,0.529189903971635
41.2,0.6089016547118067,0.6899419513128364,0.625761277624146,0.6072010299648245,0.6126289657147694,0.6721227672262646,0.5300233989836522
41.25,0.6098491895074862,0.6908036240823501,0.6267276279317535,0.6083739855440847,0.6134694125127971,0.6730101158177239,0.5308522098334367
41.300000000000004,0.6107922214967931,0.691663054620796,0.6276898962949857,0.6092712276661574,0.6143060209009099,0.6738944474650808,0.5316763276245747
41.35,0.6117307532782765,0.692520241382699,0.6286480799600499,0.6101647205753109,0.6151387961350181,0.6747757736098541,0.5324957571491394
41.400000000000006,0.6126647804522023,0.6933751832807995,0.6311085217175094,0.611054450155333,0.6159677453706527,0.6756644452727361,0.5333105019181827
41.45,0.6135943014035399,0.6942278681400937,0.6320728826153545,0.6119404144189219,0.6167928726370661,0.6765398476331992,0.534120563683758
41.5,0.6169566149228068,0.6950782999102023,0.6330331425425204,0.6128225997035364,0.617614184402075,0.677412242119128,0.5349259407639395
41.550000000000004,0.6179004092559531,0.6959264718109838,0.6339892954712996,0.6137009977996454,0.6184316972639665,0.6782816264431596,0.5357266419808966
41.6,0.6188397156588701,0.6967723851064624,0.6353046320558341,0.6145756109049989,0.6192454080227855,0.6791480073848645,0.5365226835634075
41.650000000000006,0.6197745246998654,0.6976160256328997,0.6362560233869003,0.6154464245283364,0.620055333319951,0.6800113797145502,0.537314046005175
41.7,0.620704843242621,0.6984573999335246,0.6372032950582207,0.6163134395142731,0.6208614804701692,0.6808717514938442,0.5381007602115446
41.75,0.6225897184481244,0.6992965034026213,0.6381464386440834,0.6171766469973109,0.6216638582813296,0.681729122147547,0.5388828219520516
41.800000000000004,0.6235202055716672,0.7001333247193962,0.6411716162819701,0.6180360439223576,0.6224624808142968,0.6825834928395933,0.539660242005769
41.85,0.6244462079212998,0.7009678700399309,0.6421262966827693,0.6188916331569582,0.6232573554588654,0.6834348717721148,0.5404330325088478
41.900000000000006,0.6253677182642549,0.7018001360696189,0.6430768401927975,0.6197434011261547,0.6240484970339616,0.6842832566195363,0.5412011976252917
41.95,0.6262847458807457,0.7026301200302046,0.6440232424526533,0.6205913569694694,0.6248359120389064,0.6851286512734274,0.5419647569369885
42.0,0.6271972921200918,0.7034578168558576,0.6449654952539984,0.6214354894116552,0.6256196180178943,0.6861517573934652,0.5427237153723701
42.050000000000004,0.6308363207198329,0.7042832216097334,0.6459036002546317,0.6222757972952181,0.6263996192628223,0.6869920652954784,0.5434780837235611
42.1,0.6317659491812354,0.7051063388634081,0.6505404409580651,0.6231122914371725,0.6271759401293866,0.6878293899977292,0.5442278789049926
42.150000000000006,0.6326911173915573,0.7059271619341728,0.6515054313629942,0.6239449671382677,0.6279485912641037,0.6886637383575549,0.5449731118195381
42.2,0.6336118194207944,0.7067456947747615,0.6524662718760452,0.624773822726735,0.6287175761808022,0.6894951103270741,0.5457138020262015
42.25,0.6345280612607572,0.707561931895321,0.653422960211445,0.6255988606393326,0.6294829223122694,0.6903235165839243,0.5464499582141882
42.300000000000004,0.6354398358568631,0.7083758658427352,0.6543754734070542,0.6264200819956913,0.6302446347207202,0.6911489506284799,0.5471815973034408
42.35,0.6363471559624764,0.7091875068839335,0.6553238161335438,0.6272374906960847,0.6310027315817525,0.691971432388546,0.5479087364500148
42.400000000000006,0.6372500094172195,0.7099968383215333,0.6562679743289617,0.6280510851359196,0.6317572301607205,0.6927909569006061,0.5486313939288782
42.45,0.6381484077477976,0.710803872388031,0.6572079519614822,0.6288608754345066,0.6325081394294106,0.6936075315218793,0.5493495798217948
42.5,0.6390423530371179,0.7116086053138158,0.658143739608668,0.6296668667295998,0.6332554800507657,0.6944211656845091,0.5500633211587181
42.550000000000004,0.6399318489794177,0.7124110295036676,0.6590753285096617,0.6304690549893894,0.6339992653154025,0.6952318586140503,0.5507726296956582
42.6,0.6408169012584364,0.7132111484177528,0.6600027150350294,0.6312674516481234,0.6347395127535921,0.6960396204076711,0.5514775278222668
42.650000000000006,0.6416975092178836,0.7140089596373869,0.6609258995976609,0.6320620591262851,0.6354762401698263,0.6968444549676367,0.5521780322510554
42.7,0.6425736797697952,0.71480446333156,0.6618448759214036,0.632852883124625,0.6362094629383198,0.6976463703394237,0.5528741638528218
42.75,0.6434454200079127,0.7155976595406695,0.6627596426790918,0.633639935079341,0.636939195693551,0.6984453764989856,0.5535659441480808
42.800000000000004,0.6443127370543482,0.716388543695755,0.6636701955219064,0.6344232116136101,0.6376654565873541,0.6992414708273069,0.5542533939425802
42.85,0.6451756353560143,0.7171771158147172,0.6645765339325929,0.6352027313485188,0.6383882618278603,0.7000346679646811,0.5549365294956552
42.900000000000006,0.6460341201471611,0.7179633784215979,0.6654786556140092,0.635978497462287,0.6391076327129217,0.7008249658102581,0.5556153768409753
42.95,0.6468881983153615,0.7187473321250546,0.6663765627465625,0.636750516687392,0.6398235798405123,0.7016123827723697,0.5562899595441337
43.0,0.6477378811409747,0.719528967459632,0.6672702458244244,0.6375187975856231,0.640536125930458,0.7023969140647126,0.5569602963964767
43.050000000000004,0.6485831731378799,0.7203082948821619,0.6681597158034456,0.6382833504388717,0.6412452904094662,0.7031785782720453,0.5576264124222651
43.1,0.6494240858698916,0.7210853067045885,0.6690449689708392,0.6390441829015392,0.6419510853153984,0.703957371172212,0.5582883275147911
43.150000000000006,0.650260628139784,0.7218600046673986,0.6699260064448823,0.6398013063202529,0.6426535292858551,0.7047333066680292,0.5589460641176637
43.2,0.6510928021956041,0.7226323872610401,0.6708028269448977,0.6405547276560155,0.6433526440238124,0.7055063895190063,0.559599653284421
43.25,0.6519206250382032,0.7234024585569109,0.6716754334045729,0.6413044614441443,0.644048451382395,0.7062766284579866,0.5602491126147372
43.300000000000004,0.6527441048224132,0.7241702105114243,0.6725438318145711,0.6420505146165263,0.6447409585533574,0.7070440311122288,0.5608944715111257
43.35,0.653563247268329,0.724935649071289,0.673408021029873,0.6427929000400292,0.6454301911095677,0.7078085992424359,0.5615357484975148
43.400000000000006,0.6543780673996512,0.7256987730527366,0.674268004530563,0.6435316249870852,0.6461161631548449,0.7085703493737716,0.5621729698283371
43.45,0.6551885758119741,0.7264595781934322,0.6751237834758267,0.6442667066873554,0.6467988965180813,0.7093292827224963,0.56280616420543
43.5,0.6559947819540146,0.7272180688698473,0.6759753700830999,0.6449981581531538,0.6474784134948506,0.7100854066635703,0.5634353548611335
43.550000000000004,0.656796701330985,0.7279742456081557,0.6768227617136184,0.6457259847282081,0.6481547229536759,0.710838734024169,0.5640605696179128
43.6,0.6575943427900197,0.7287281057392155,0.6776659624372388,0.6464502041245295,0.6488278504684685,0.7115892676228416,0.5646818258963486
43.650000000000006,0.6583877130410678,0.7294796476227219,0.6785049818947723,0.6471708234267781,0.6494978127977755,0.7123370152438697,0.5652991626514733
43.7,0.6591768369239139,0.7302288757884585,0.6793398207466105,0.6478878615870654,0.6501646269329086,0.7130819880548371,0.5659125961291243
43.75,0.6599617169587848,0.7309757903098567,0.6801704933390441,0.648601335053118,0.6508283112621901,0.7138241897823518,0.5665221537733063
43.800000000000004,0.6607423653224882,0.7317203883305604,0.6809969983470703,0.6493112450976205,0.6514888875836324,0.7145636302410523,0.5671278696519575
43.85,0.6615188084589608,0.7324626649815259,0.6818193353932342,0.6500176154236507,0.6521463711753788,0.7153003157374762,0.567729757244348
43.900000000000006,0.6622910497043026,0.7332026324189735,0.6826375283194506,0.6507204594468983,0.6528007827943859,0.7160342556310516,0.5683278555227803
43.95,0.6630591020194057,0.7339402820207117,0.683451574881099,0.6514197817637196,0.6534521382264871,0.7167654558223817,0.5689221858603788
44.0,0.6638229768717263,0.7346756123540963,0.6842614804243893,0.6521156072060146,0.654100452518715,0.7174939255090926,0.5695127717298991
44.050000000000004,0.6645827005506757,0.7354086323552603,0.6850672620764813,0.6528079473537038,0.6547457536382187,0.7182196743815047,0.5700996470783583
44.1,0.6653382729427209,0.7361393395011779,0.6858689229656943,0.653496820482212,0.6553880562363723,0.7189427024155524,0.5706828350248587
44.150000000000006,0.6660897217543154,0.736867725544356,0.6866664653433029,0.6541822305846531,0.6560273716037857,0.7196630248197012,0.5712623636844162
44.2,0.66683705466307,0.7375937992667243,0.6874599108835924,0.6548641996019519,0.6566637235930934,0.7203806434437757,0.5718382620318043
44.25,0.6675802909340327,0.7383175585964998,0.6882492569082641,0.6555427440458195,0.6572971305552894,0.7210955745639345,0.5724105502812581
44.300000000000004,0.6683194475770686,0.7390390005117566,0.6890345230883348,0.6562178783116768,0.65792761007607,0.7218078212012892,0.5729792654010358
44.35,0.6690545295973169,0.7397581331681078,0.6898157145758265,0.6568896154809549,0.6585551778268623,0.7225173845500559,0.5735444256047806
44.400000000000006,0.6697855641380341,0.7404749474482661,0.6905928390740678,0.6575579725389041,0.6591798530272752,0.7232242777234191,0.5741060660947939
44.45,0.6705125583841735,0.7411894487010023,0.6913659138687295,0.6582229648024969,0.6598016535427619,0.7239285126503634,0.5746642067459535
44.5,0.6712355386737652,0.7419016398633893,0.6921349395233383,0.6588846144071491,0.6604205923849416,0.7246300874319589,0.5752188784690037
44.550000000000004,0.6719545150420914,0.7426115138398445,0.6928999384207556,0.6595429265454461,0.6610366954949842,0.7253290184551389,0.5757701087833604
44.6,0.6726695007606005,0.7433190770969975,0.6936609190031595,0.6601979228252506,0.661649974146262,0.7260253079485015,0.5763179255448667
44.650000000000006,0.6733805161129991,0.7440243262329129,0.6944178837957349,0.6608496179107617,0.6622604432224006,0.7267189618216428,0.5768623537226072
44.7,0.6740875872858869,0.7447272636462872,0.6951708568528673,0.661498035286836,0.6628681269361811,0.7274099922775832,0.5774034199314455
44.75,0.6747907136814876,0.7454278871743049,0.6959198430745756,0.6621431764617693,0.6634730372875715,0.7280984030356012,0.5779411520249024
44.800000000000004,0.6754899243576016,0.7461261998015729,0.6966648555904323,0.662785071438879,0.6640751915918703,0.7287842011487066,0.5784755742796339
44.85,0.6761852355996523,0.7468221968304062,0.6974059112947542,0.6634237289861497,0.664674603992241,0.7294673962330025,0.5790067197441846
44.900000000000006,0.6768766595604455,0.7475158896880814,0.6981430178643212,0.6640591682860655,0.6652712945425912,0.7301479949628886,0.5795346119181959
44.95,0.6775642200704217,0.7482072667165498,0.6988761916222639,0.6646914042198706,0.66586527974121,0.7308260015359762,0.5800592769895012
45.0,0.678247928632062,0.7488963335003609,0.6996054428015944,0.6653204570182194,0.6664565735952415,0.7315014243659734,0.58058073922215
45.050000000000004,0.678927810978707,0.7495830892789498,0.7003307876531323,0.6659463393041483,0.6670451887475392,0.7321742744402862,0.5810990270446807
45.1,0.6796038783301619,0.7502675326075314,0.7010522394032785,0.666569068063501,0.6676311512339737,0.7328445509986166,0.5816141654572043
45.150000000000006,0.6802761532892425,0.7509496686960089,0.7017698118543001,0.6671886653015928,0.6682144674622313,0.7335122719437915,0.5821261877469346
45.2,0.6809446433437663,0.7516294965543764,0.7024835198436616,0.6678051371606631,0.6687951554415041,0.7341774290763656,0.5826351097204548
45.25,0.6816093833939755,0.7523070121400388,0.7031933709199558,0.6684185090259819,0.6693732302814375,0.7348400395470782,0.5831409606177951
45.300000000000004,0.6822703798072476,0.7529822213169116,0.7038993907133669,0.6690287926376427,0.6699487074576815,0.735500104404535,0.5836437641771625
45.35,0.6829276564677302,0.7536551187603246,0.7046015878197283,0.6696360088517854,0.6705216034520531,0.7361576373325887,0.584143555535267
45.400000000000006,0.6835812278099798,0.7543257083991138,0.7052999773736209,0.6702401692160711,0.6710919281598505,0.7368126365154937,0.5846403474453282
45.45,0.6842311153822846,0.7549939891558176,0.7059945737868508,0.6708412947022324,0.6716596986571418,0.7374651159622616,0.5851341728716766
45.5,0.684877334226901,0.7556599641855454,0.7066853914167319,0.6714393975168489,0.672224931005326,0.7381150732854425,0.5856250536719738
45.550000000000004,0.6855199074958016,0.7563236283396639,0.7073724490568966,0.6720344994612727,0.6727876388758228,0.7387625247996505,0.5861130166947266
45.6,0.6861588503686276,0.7569849872054841,0.7080557578839253,0.672626610383822,0.673347838119847,0.7394074732331133,0.5865980821427041
45.650000000000006,0.6867941861856398,0.7576440392954784,0.7087353365715299,0.6732157562381997,0.6739055386300378,0.7400499213647864,0.5870802819358605
45.7,0.6874259272597405,0.7583007785281748,0.7094112018421691,0.6738019415018326,0.6744607540421212,0.7406898733348921,0.5875596312621628
45.75,0.6880540955421093,0.7589552232187617,0.7100833617386133,0.6743851909400131,0.6750135031276899,0.7413273442611346,0.5880361626004059
45.800000000000004,0.6886787127887594,0.7596073538026853,0.710751851188551,0.6749655199171429,0.6755637890053189,0.7419623342912353,0.5885098925306596
45.85,0.6892997922774977,0.7602571814044476,0.7114166595400377,0.6755429378327683,0.6761116395798736,0.7425948456034696,0.588980853471354
45.900000000000006,0.6899173553960494,0.7609047002033407,0.7120778232953557,0.6761174693969026,0.6766570530493268,0.7432248920815318,0.5894490548668294
45.95,0.6905314209953612,0.7615499148445571,0.71273535045674,0.6766891238576417,0.6772000482437335,0.7438524731851703,0.589914536726372
46.0,0.6911420102149328,0.7621928213411827,0.7133892563652227,0.6772579193835306,0.6777406368947796,0.7444775946331855,0.5903773094057053
46.050000000000004,0.6917491388603174,0.7628334311991943,0.7140395686816783,0.6778238779830394,0.6782788408921069,0.7451002726028971,0.590837402027853
46.1,0.6923528268276503,0.7634717352589341,0.7146862854787257,0.6783870059151977,0.6788146579404983,0.74572050168051,0.5912948331787466
46.150000000000006,0.6929530929949239,0.7641077333230631,0.7153294378944477,0.6789473244421047,0.6793481063948306,0.7463382844989424,0.5917496270947356
46.2,0.6935499585845851,0.7647414264945073,0.7159690349733914,0.6795048469124132,0.6798791996879251,0.746953635096046,0.5922018048281877
46.25,0.6941434377066895,0.7653728173240683,0.7166051002296108,0.6800595903055037,0.680407947736561,0.7475665563475717,0.5926513904438109
46.300000000000004,0.694733553895251,0.7660019098803235,0.7172376458778331,0.6806115733962641,0.680934360188932,0.7481770494224136,0.593098404945999
46.35,0.6953203209415315,0.766628695710853,0.7178666879519386,0.6811607994020239,0.6814584530739218,0.748785127317916,0.5935428687451428
46.400000000000006,0.6959037625276632,0.7672531833594537,0.7184922489329539,0.6817072983031761,0.6819802314157091,0.7493907895207328,0.5939848035576734
46.45,0.6964838999845101,0.7678753692035487,0.7191143393026973,0.6822510779292407,0.6824997110463001,0.7499940420056537,0.5944242308429342
46.5,0.6970607421845243,0.7684952518647586,0.7197329778990013,0.6827921523113412,0.683016901204729,0.7505948918821101,0.5948611692868048
46.550000000000004,0.6976343154232472,0.7691128373345717,0.720348183944393,0.6833305361523001,0.6835318089603997,0.7511933385175554,0.5952956369316176
46.6,0.6982046380998317,0.7697281215326539,0.7209599781417132,0.6838662468409313,0.6840444528646509,0.7517893940970062,0.5957276631955495
46.650000000000006,0.6987717244804109,0.7703411057782352,0.721568366317966,0.6843992993638237,0.6845548387715077,0.7523830592193259,0.5961572597908901
46.7,0.6993356016647321,0.7709517935332328,0.722173378014068,0.6849297098212048,0.6850629791583014,0.7529743395904549,0.5965844502977868
46.75,0.6998962760835326,0.7715601801239729,0.7227750182010829,0.6854574812793026,0.6855688733158132,0.7535632384637223,0.5970092469907793
46.800000000000004,0.7004537792281312,0.772166269454083,0.7233733180071008,0.6859826466825643,0.6860725480765723,0.7541497633589538,0.5974316806750997
46.85,0.7010081178067977,0.7727700596693621,0.7239682831448693,0.6865052019727762,0.6865739985962258,0.754733916883898,0.5978517637731489
46.900000000000006,0.7015593168321168,0.773371557445348,0.7245599399782148,0.6870251731312937,0.6870732395432032,0.7553157025192511,0.5982695100130024
46.95,0.7021073976153974,0.773970758602238,0.7251482934046056,0.6875425697860633,0.6875702819270291,0.7558951304702284,0.5986849503352412
47.0,0.7026523710996152,0.7745676588848349,0.7257333725241407,0.6880574088036455,0.6880651336247073,0.7564721986626337,0.5990980935928947
47.050000000000004,0.7031942586298833,0.7751622673056304,0.7263151896564524,0.6885696980854621,0.6885578055611123,0.7570469124520203,0.5995089578132562
47.1,0.7037330801998851,0.7757545862269992,0.7268937646663054,0.6890794560323561,0.6890483033641862,0.757619281854314,0.5999175671418091
47.150000000000006,0.7042688529976451,0.7763446077796605,0.7274691124284779,0.6895866959399073,0.6895366367166602,0.758189303983998,0.6003239337320299
47.2,0.7048015917774396,0.7769323354873408,0.7280412532487415,0.6900914287903077,0.6900228116692374,0.7587569856746739,0.6007280777711294
47.25,0.7053313208556271,0.7775177717904227,0.7286101970262359,0.6905936689988946,0.6905068449198919,0.7593223297532861,0.6011300119340184
47.300000000000004,0.7058580495852591,0.7781009187781727,0.7291759700573885,0.6910934299851093,0.690988739753489,0.7598853465105337,0.6015297573769169
47.35,0.7063818036696757,0.7786817725095383,0.7297385820399738,0.6915907201859257,0.6914684973126815,0.760446035894819,0.6019273314562386
47.400000000000006,0.7069025964490465,0.779260337169976,0.7302980535700643,0.6920855589376305,0.6919461359684287,0.7610043992063847,0.6023227435500942
47.45,0.7074204484062945,0.77983661099012,0.730854400659404,0.6925779568160898,0.6924216596068673,0.7615604438240413,0.6027160174100545
47.5,0.70793537508552,0.7804106020415297,0.731407642039733,0.6930679242053759,0.6928950737070876,0.7621141740822144,0.6031071617534031
47.550000000000004,0.7084473909234538,0.7809822993243892,0.7319577930925323,0.6935554771097947,0.6933663906738952,0.7626655880241006,0.6034962002970754
47.6,0.7089565222731149,0.7815517132004208,0.7325048700460431,0.6940406212788256,0.6938356163430768,0.7632147006172711,0.6038831471940469
47.650000000000006,0.7094627763469437,0.7821188429615069,0.7330488968295169,0.6945233787203627,0.6943027551175008,0.7637615064081031,0.6042680089430201
47.7,0.709966175864774,0.7826836846164299,0.7335898788736676,0.6950037535525369,0.6947678172807539,0.7643060139206574,0.6046508069909706
47.75,0.7104667353634537,0.7832462469974376,0.7341278393432447,0.6954817569468861,0.6952308100574636,0.7648482255804518,0.6050315591069014
47.800000000000004,0.7109644744979325,0.7838065219094366,0.7346627963727861,0.6959574069081382,0.6956917344436081,0.7653881433100831,0.6054102719141039
47.85,0.7114594093221507,0.7843645216703987,0.7351947623966808,0.6964307092559369,0.6961506098307332,0.7659257750365912,0.6057869666951787
47.900000000000006,0.7119515554995348,0.7849202337187675,0.7357237560141385,0.696901681112794,0.6966074302161521,0.7664611232353931,0.6061616505732355
47.95,0.7124409314833712,0.7854736727811762,0.7362497986363615,0.6973703328323095,0.6970622078834565,0.7669941902647484,0.6065343477698428
48.0,0.7129275496589124,0.7860248283757978,0.7367728973268994,0.6978366636245201,0.6975149476736118,0.7675249745647794,0.6069050622874241
48.050000000000004,0.7134114283451205,0.7865737101619237,0.7372930740066815,0.6983007020947904,0.6979656606637743,0.7680534871442648,0.6072738095588948
48.1,0.7138925859397875,0.7871203143240393,0.73781034552982,0.6987624490564713,0.698414345664329,0.7685797305973098,0.6076406011261665
48.150000000000006,0.7143710382216961,0.7876646463327468,0.7383247263043841,0.6992219205435896,0.6988610163987672,0.7691037092261301,0.6080054575177744
48.2,0.7148467965705381,0.7882067035520821,0.7388362315555956,0.6996791181469626,0.699305671589138,0.769625424849168,0.6083683848174674
48.25,0.7153198812482243,0.788746486234958,0.7393448772921807,0.7001340630713228,0.6997483222250527,0.770144878113319,0.6087293957971514
48.300000000000004,0.7157903131073182,0.789283997619447,0.7398506844934744,0.7005867590817947,0.7001889737241157,0.7706620816817189,0.6090885075016418
48.35,0.7162580981759006,0.7898192446056282,0.7403536627235546,0.7010372217284104,0.7006276347187582,0.7711770302868276,0.6094457283506308
48.400000000000006,0.7167232561181512,0.790352226971142,0.7408538354785539,0.7014854535029293,0.701064303012532,0.771689728987637,0.6098010713944306
48.45,0.7171858070356739,0.790882936336115,0.7413512097152095,0.7019314754796397,0.7014989936480656,0.7722001869658991,0.6101545487885169
48.5,0.7176457558749103,0.7914113820769219,0.7418458072651225,0.7023752865935964,0.7019317009466193,0.7727083982785385,0.610506167420243
48.550000000000004,0.7181031275998794,0.7919375644272304,0.7423376400490904,0.7028169024636917,0.7023624414411369,0.7732143730119149,0.6108559466160126
48.6,0.7185579293542088,0.7924614860623577,0.7428267267701547,0.7032563314943454,0.702791213740262,0.7737181148516841,0.6112038908180861
48.650000000000006,0.7190101815970587,0.7929831460405539,0.7433130793402973,0.7036935820472345,0.7032180256246583,0.7742196252540983,0.6115500139623629
48.7,0.7194599008960914,0.7935025472243673,0.743796713168319,0.7041286664394375,0.703642886191081,0.7747189088583208,0.6118943278622607
48.75,0.7199070943164795,0.7940196928271879,0.7442776511916706,0.7045615931639742,0.7040657933206657,0.7752159664630541,0.612236841492075
48.800000000000004,0.7203517826380862,0.7945345851780499,0.7447558959708864,0.7049923688563923,0.7044867536433173,0.7757108012595615,0.6125775662824906
48.85,0.7207939797670161,0.7950472235254775,0.7452314720597013,0.7054210070517307,0.7049057774613328,0.7762034222213363,0.6129165124941935
48.900000000000006,0.7212337016330348,0.7955576088480405,0.7457043862028222,0.7058475116377108,0.705322870727091,0.7766938314171494,0.6132536889794566
48.95,0.7216709541047366,0.7960657495742536,0.7461746629801388,0.7062718959227798,0.705738028501091,0.7771820269998226,0.6135891079468065
49.0,0.7221057610908634,0.7965716354062884,0.7466423110943485,0.7066941671435346,0.7061512579945568,0.7776680163120828,0.6139227741739961
49.050000000000004,0.7225381309606139,0.7970752790771147,0.7471073436546087,0.7071143380840745,0.7065625756211436,0.778151804750895,0.6142547080917994
49.1,0.722968079507373,0.7975766739689261,0.7475697765196075,0.7075324032337852,0.7069719694509006,0.7786333871756561,0.6145849069911264
49.150000000000006,0.7233956212572915,0.79807583540548,0.7480296281564128,0.7079483874311832,0.7073794616186517,0.7791127772824398,0.6149133874000109
49.2,0.7238207700843556,0.798572749830956,0.7484869054253592,0.7083622910620708,0.70778504170595,0.7795899723562622,0.6152401546934161
49.25,0.7242435347389087,0.799067433769393,0.7489416280383537,0.7087741215273264,0.7081887211605097,0.7800649795879748,0.6155652210441966
49.300000000000004,0.7246639324306658,0.7995598774641693,0.7493938126509561,0.709183896816626,0.7085905068007711,0.7805378023878999,0.6158885937172789
49.35,0.7250819824726547,0.800050091242196,0.7498434676959127,0.7095916120683203,0.7089903978851053,0.7810084375914136,0.6162102829778597
49.400000000000006,0.7254976827139925,0.800538072007724,0.7502906042080619,0.709997282715378,0.7093884004684047,0.7814768990715832,0.6165302957783645
49.45,0.7259110611503662,0.8010238264933722,0.7507352420896463,0.7104009123228925,0.7097845215460229,0.7819431834545159,0.6168486420192261
49.5,0.726322122731708,0.8015073511015076,0.7511773923105731,0.7108025129389104,0.7101787613976585,0.782407291441819,0.6171653295510945
49.550000000000004,0.7267308804100776,0.8019886546326337,0.7516170670661599,0.71120209080607,0.7105711333164059,0.7828692385712239,0.617480365067639
49.6,0.7271373495302376,0.8024677340346835,0.7520542804399624,0.7115996515086258,0.7109616299647222,0.7833290132421216,0.6177937571199156
49.650000000000006,0.7275415458617553,0.8029446014465693,0.7524890505975577,0.7119952122544984,0.7113502650351708,0.7837866297930088,0.618105516415738
49.7,0.7279434739985777,0.8034192468010606,0.7529213856885071,0.7123887668866755,0.7117370365559896,0.7842420913624519,0.6184156492568968
49.75,0.7283431488315846,0.8038916829260057,0.753351295727381,0.7127803251505789,0.7121219478360454,0.7846953917354587,0.6187241615872113
49.800000000000004,0.7287405829563827,0.8043619042027732,0.7537788031626638,0.71316990333527,0.7125050090825348,0.7851465438493073,0.6190310628144273
49.85,0.7291357889864929,0.8048299160972106,0.7542039116800098,0.7135575001899865,0.7128862202744264,0.7855955469999865,0.6193363584904914
49.900000000000006,0.7295287813032731,0.8052957256232705,0.7546266322213203,0.7139431276155225,0.7132655892821087,0.7860424118177105,0.6196400561478298
49.95,0.7299195665181795,0.8057593312769105,0.7550469911632591,0.7143267928436657,0.7136431209333789,0.7864871323957607,0.6199421688315692
50.0,0.7303081632567909,0.8062207373088388,0.7554649878582087,0.7147085019752257,0.7140188124022666,0.7869297173002696,0.62024269963937
50.050000000000004,0.7306945761381407,0.8066799458682516,0.7558806417146224,0.715088257395411,0.7143926699626599,0.7873701713453389,0.6205416517898146
50.1,0.7310788185506533,0.8071369613629199,0.7562939585846464,0.7154660692919845,0.7147647054567623,0.7878084948365827,0.6208390377940312
50.150000000000006,0.7314609048042691,0.8075917851251726,0.7567049545648904,0.7158419488710598,0.7151349108135561,0.7882446927087934,0.621134860622928
50.2,0.731840842514941,0.8080444175501247,0.7571136395278047,0.7162158938187826,0.7155032990067616,0.7886787705905016,0.6214291302821111
50.25,0.7322186437852543,0.808494868140682,0.7575200323319855,0.7165879224339771,0.7158698740379259,0.7891107274259297,0.6217218500272789
50.300000000000004,0.732594323055912,0.8089431335201399,0.7579241331350655,0.7169580312634602,0.7162346370442658,0.789540571621869,0.622013030865016
50.35,0.7329678877976346,0.8093892248756273,0.7583259632348596,0.7173262338081461,0.7165975906353116,0.789968305545367,0.6223026741062555
50.400000000000006,0.7333393494228855,0.8098331384600534,0.7587255355138492,0.7176925283344648,0.7169587405586912,0.7903939329002023,0.6225907963294428
50.45,0.7337087160994509,0.8102748819711404,0.7591228506873138,0.7180569282349589,0.7173180929669576,0.7908174626100938,0.6228773881442009
50.5,0.7340760025269587,0.8107144477338288,0.7595179261489087,0.7184194419761187,0.7176756482380839,0.7912388877344771,0.6231624667765541
50.550000000000004,0.7344412155086553,0.8111518538385661,0.7599107702562486,0.7187800652863994,0.71803141100067,0.7916582221297622,0.6234460347327642
50.6,0.7348043661859465,0.8115870970817087,0.7603013996019823,0.7191388127012572,0.7183853860502416,0.7920754588022159,0.623728097907241
50.650000000000006,0.7351654707800757,0.8120201831269134,0.7606898289640935,0.719495690416845,0.7187375813597159,0.7924906132637131,0.6240086662462788
50.7,0.7355245310660411,0.8124511113182431,0.7610760570776491,0.7198507045367357,0.7190879947075207,0.7929036818751491,0.6242877429121396
50.75,0.735881567284385,0.8128798878044421,0.7614601007590297,0.7202038549631925,0.7194366364999171,0.7933146755647806,0.6245653330744103
50.800000000000004,0.7362365747740813,0.8133065139059514,0.7618419705071404,0.7205551590724656,0.7197835016388321,0.7937235920783522,0.6248414405140278
50.85,0.7365895799356595,0.8137310009552875,0.7622216822521045,0.7209046098680664,0.720128602155085,0.7941304410139292,0.6251160766189959
50.900000000000006,0.7369405768936167,0.8141533434458239,0.7625992356121651,0.7212522219204089,0.720471941041444,0.7945352168609556,0.6253892418774465
50.95,0.7372895821556452,0.8145735468116567,0.7629746492984909,0.7215979978369077,0.7208135138883092,0.7949379318102067,0.6256609426857191
51.0,0.7376366089436435,0.8149916199995497,0.7633479301767091,0.7219419486831614,0.7211533378600357,0.7953385897067748,0.6259311871912587
51.050000000000004,0.737981663867413,0.8154075616661629,0.7637190876307713,0.7222840754545152,0.7214914060483506,0.7957371943987777,0.6261999815989542
51.1,0.7383247539897685,0.8158213746891597,0.7640881364810755,0.7226243815744336,0.7218277304495748,0.7961337454127415,0.6264673269615171
51.150000000000006,0.7386658925251293,0.8162330705845909,0.7644550843818203,0.7229628789978109,0.7221623115689972,0.7965282498156643,0.626733231836567
51.2,0.7390050890837414,0.8166426485020861,0.7648199390715351,0.7232995724712258,0.7224951535939929,0.7969207164087473,0.6269977002661654
51.25,0.7393423484114052,0.8170501041086663,0.7651827134047794,0.723634464900498,0.7228262575307738,0.7973111418237901,0.6272607341007093
51.300000000000004,0.7396776790017994,0.8174554588482618,0.7655434164035707,0.7239675582043178,0.7231556318952509,0.7976995343359716,0.627522347420925
51.35,0.7400110928186943,0.8178587042586766,0.7659020546929931,0.7242988689216328,0.7234832759537613,0.7980859006904206,0.6277825360175819
51.400000000000006,0.7403426063556205,0.8182598486504314,0.7662586420184175,0.724628395452453,0.7238092036355344,0.7984702396638494,0.6280413121824404
51.45,0.7406722111496267,0.818658897619571,0.7666131864764598,0.7249561436167692,0.7241334102715162,0.7988525613329782,0.6282986749931028
51.5,0.7409999267611799,0.8190558476773174,0.7669656985150649,0.7252821206780566,0.7244558972207156,0.7992328640957803,0.6285546356025142
51.550000000000004,0.741325766004814,0.8194507099836102,0.7673161864313209,0.725606330821875,0.7247766766761994,0.7996111556982788,0.6288091938210079
51.6,0.7416497296176677,0.8198434909139892,0.7676646622106291,0.725928784156096,0.7250957488767714,0.7999874437127007,0.6290623606882149
51.650000000000006,0.7419718254709511,0.8202341910143864,0.7680111270871149,0.726249479610011,0.725413120323007,0.8003617274071374,0.6293141304802927
51.7,0.7422920673600792,0.8206228152414423,0.7683556011333919,0.7265684296879593,0.7257287923203746,0.8007340108464154,0.6295645200755688
51.75,0.7426104594916942,0.8210093598028876,0.7686980804671018,0.7268856255238325,0.726042771389289,0.8011043025308925,0.6298135219762602
51.800000000000004,0.742927015266144,0.8213938487055185,0.7690385904922531,0.727201096638536,0.7263550596054589,0.8014726094756561,0.6300611545009688
51.85,0.7432417364962741,0.8217762675796336,0.7693771261859157,0.7275148250799075,0.7266656635006185,0.8018389284415381,0.6303074128355577
51.900000000000006,0.7435546318812873,0.8221566298851886,0.7697136983225938,0.727826826724124,0.726974584422756,0.8022032657306339,0.6305523032162826
51.95,0.7438657145576475,0.8225349408921155,0.7700483198384005,0.7281371075567438,0.727281824640743,0.8025656330792497,0.6307958318953563
52.0,0.7441749897906998,0.8229112005189054,0.7703810005625291,0.7284456712950174,0.7275873952719258,0.8029260303995762,0.6310380028682138
52.050000000000004,0.744482468192929,0.8232854144607544,0.7707117443615957,0.7287525251746477,0.7278912972034713,0.8032844599435608,0.6312788220619392
52.1,0.7447881529208757,0.8236575931067596,0.7710405654184281,0.7290576742985391,0.7281935348801395,0.8036409299664494,0.6315182938753998
52.150000000000006,0.7450920518014157,0.8240277353092863,0.7713674684487354,0.7293611169260031,0.728494109331671,0.8039954456980214,0.6317564211630337
52.2,0.7453941745616421,0.8243958511176936,0.7716924605958291,0.7296628707891597,0.7287930300137411,0.8043480095192217,0.6319932118477842
52.25,0.7456945314814485,0.8247619358773697,0.7720155509889964,0.7299629318050849,0.729090297908085,0.8046986283722788,0.6322286636408686
52.300000000000004,0.7459931268562203,0.8251260073560825,0.7723367511624564,0.730261308168404,0.729385919211348,0.8050473047416817,0.6324627887458342
52.35,0.7462899694983114,0.8254880559379258,0.7726560658641025,0.7305580057894967,0.7296798993842133,0.8053940463825464,0.6326955903127152
52.400000000000006,0.7465850628102852,0.8258481011320451,0.7729735012486709,0.7308530267244957,0.7299722345873292,0.8057388577089115,0.6329270650872518
52.45,0.7468784199572518,0.8262061393723791,0.7732890737262406,0.7311463801148301,0.7302629401450874,0.806081742650409,0.633157229824558
52.5,0.7471700463377746,0.826562173079289,0.7736027821574167,0.7314380686525397,0.7305520176894338,0.806422703129781,0.6333860761211065
52.550000000000004,0.7474599540991279,0.826916219224376,0.7739146431595875,0.7317281066726561,0.7308394673963157,0.8067617542286563,0.6336136215454647
52.6,0.7477481371822228,0.8272682737629767,0.7742246569636423,0.7320164841387558,0.7311252949387377,0.8070988932115664,0.6338398613059073
52.650000000000006,0.7480346144974394,0.8276183390968489,0.774532831795105,0.732303211301126,0.7314095049046526,0.807434121636604,0.6340648012951241
52.7,0.7483193940053073,0.827966431235769,0.774839183815104,0.7325883033372098,0.7316921058879158,0.8077674547492424,0.6342884467512828
52.75,0.7486024766256758,0.8283125440285392,0.7751437084611268,0.7328717552028537,0.7319731013624146,0.8080988897197676,0.6345108029291231
52.800000000000004,0.7488838686834991,0.8286566896668895,0.7754464247788032,0.7331535750787901,0.732252488700021,0.8084284339870451,0.6347318760970457
52.85,0.7491635844532413,0.8289988677043139,0.7757473338416412,0.7334337676836826,0.7325302768553545,0.8087560938226097,0.6349516615911676
52.900000000000006,0.7494416268132015,0.8293390924752772,0.7760464494035239,0.7337123413697839,0.732806476424931,0.8090818773631007,0.6351701757885619
52.95,0.749718000412525,0.8296773654594902,0.7763437725290769,0.7339892951111064,0.7330810839268032,0.8094057863576241,0.6353874157531233
53.0,0.749992717819184,0.8300136886768203,0.7766393124081916,0.7342646418424013,0.7333541075842044,0.8097278223964086,0.6356033858391544
53.050000000000004,0.750265780849584,0.8303480652740488,0.7769330713782645,0.7345383809286073,0.7336255502629005,0.8100479978873912,0.6358180924407744
53.1,0.7505371976235373,0.8306805119137173,0.7772250712981515,0.7348105213477019,0.733895417880428,0.8103663139241586,0.6360315399009204
53.150000000000006,0.7508069762925585,0.8310110268236327,0.7775153088584048,0.7350810641692321,0.734163714586743,0.8106827754858866,0.6362437336196192
53.2,0.7510751246814318,0.8313396132954665,0.7778037932178026,0.7353500194280826,0.7344304478114139,0.81099739363641,0.6364546777802865
53.25,0.7513416445682521,0.8316662803377031,0.7780905303645057,0.7356173871762595,0.7346956131489408,0.8113101644491887,0.6366643701749352
53.300000000000004,0.7516065470984875,0.8319910327492797,0.7783755287154008,0.7358831776826157,0.7349592226166105,0.8116211036799876,0.6368728224152562
53.35,0.7518698373515207,0.8323138787510236,0.7786587973866499,0.7361473917759256,0.7352212840746744,0.8119302088344778,0.6370800372915981
53.400000000000006,0.7521315215408715,0.8326348190438165,0.7789403428436061,0.7364100403531318,0.7354817981674873,0.812237492971711,0.6372860186848778
53.45,0.7523916109326627,0.8329538655436216,0.7792201711804729,0.7366711236953526,0.7357407710159624,0.8125429542825304,0.6374907684685529
53.5,0.7526501039048277,0.8332710198302309,0.7794982922023737,0.7369306478689909,0.7359982050013218,0.8128466011632329,0.637694293713352
53.550000000000004,0.7529070145608019,0.8335862875058531,0.7797747042302945,0.7371886205506795,0.736254101482619,0.8131484387787625,0.6378965991267487
53.6,0.7531623434824279,0.8338996731743038,0.7800494237481503,0.7374450438437139,0.7365084730108928,0.813448474110934,0.6380976855214235
53.650000000000006,0.7534161017466365,0.8342111849972107,0.7803224551102141,0.7376999245047569,0.7367613232553532,0.8137467158387717,0.6382975603801091
53.7,0.7536682951059419,0.8345208318668627,0.780593807187009,0.7379532705535707,0.7370126539228398,0.8140431632131201,0.6384962274791189
53.75,0.753918926110756,0.8348286142119943,0.7808634808237784,0.7382050823786588,0.7372624692703184,0.8143378208517893,0.6386936902255844
53.800000000000004,0.7541680100396037,0.8351345396600378,0.7811314896099647,0.7384553675294575,0.7375107792267264,0.8146307014211763,0.6388899515970339
53.85,0.7544155425516333,0.8354386140583354,0.7813978393637553,0.7387041337012015,0.7377575827344381,0.8149218082422957,0.6390850194980231
53.900000000000006,0.7546615355153147,0.8357408445222272,0.7816625317312803,0.7389513809733256,0.7380028866784274,0.8152111474024722,0.639278896282864
53.95,0.7549059942361207,0.836041236321105,0.7819255775334129,0.7391971199462886,0.7382467027321769,0.8154987243713637,0.6394715851528913
54.0,0.7551489230996348,0.8363397984977184,0.7821869843418471,0.7394413511848699,0.7384890248675784,0.815784538204463,0.6396630922659508
54.050000000000004,0.755390335705181,0.8366365324828979,0.7824467566112955,0.7396840836795618,0.738729865484312,0.8160686123457502,0.6398534180875799
54.1,0.7556302291253775,0.836931441881907,0.782704904933226,0.7399253194116288,0.7389692241476224,0.8163509322802498,0.6400425725157526
54.150000000000006,0.7558686160891719,0.8372245406823866,0.7829614344053739,0.7401650698361772,0.7392071136898237,0.8166315166112792,0.6402305544057535
54.2,0.7561054974339178,0.8375158324213365,0.7832163473267498,0.7404033335837374,0.7394435307511458,0.8169103657326793,0.6404173764483999
54.25,0.7563408849129667,0.8378053176042263,0.7834696526984745,0.7406401155497553,0.7396784850533297,0.8171874877336097,0.6406030288437028
54.300000000000004,0.7565747797100604,0.8380930115470637,0.7837213613379345,0.7408754255221346,0.7399119790749749,0.8174628880657553,0.6407875289290845
54.35,0.7568071953482087,0.8383789144761669,0.7839714760947178,0.741109271708025,0.7401440229407887,0.8177365753735768,0.6409708756316785
54.400000000000006,0.7570381308356252,0.8386630313050668,0.784220004389343,0.7413416506711312,0.7403746197162543,0.818008550644546,0.6411530737474953
54.45,0.7572675953853477,0.8389453699348794,0.7844669519616345,0.7415725761064134,0.7406037667179147,0.8182788245496632,0.6413341270834496
54.5,0.7574955921965867,0.8392259437713798,0.7847123301604125,0.741802045453822,0.7408314816759876,0.8185473963913233,0.6415140363680302
54.550000000000004,0.757722128837415,0.8395047489775364,0.7849561387086638,0.7420300690387223,0.7410577605315335,0.8188142819141482,0.6416928162853148
54.6,0.7579472133833225,0.8397817975560673,0.78519838887858,0.7422566538743094,0.7412826104436374,0.819079481305961,0.6418704607485859
54.650000000000006,0.7581708508060696,0.840057090800434,0.7854390831224536,0.7424818011056814,0.7415060392100825,0.8193429974120239,0.6420469784333678
54.7,0.7583930484517993,0.8403306399399427,0.785678232375548,0.7427055194339259,0.7417280532872789,0.8196048485028077,0.642222374952939
54.75,0.7586138126345492,0.8406024512674364,0.7859158376191315,0.7429278119969314,0.7419486514859757,0.8198650265270169,0.6423966524264397
54.800000000000004,0.7588331443627451,0.8408725279886696,0.7861519158275532,0.7431486849752047,0.7421678452838266,0.8201235435885972,0.6425698129166324
54.85,0.7590510546770695,0.8411408768331461,0.7863864603660595,0.7433681388202453,0.7423856342476971,0.8203804113125169,0.6427418665698283
54.900000000000006,0.7592675467867681,0.8414075104076678,0.7866194886521094,0.7435861913059443,0.742602028647836,0.8206356300580255,0.6429128160320969
54.95,0.7594826268601009,0.841672425179181,0.7868509984138878,0.7438028372912067,0.7428170300971784,0.8208892006309745,0.6430826593000488
55.0,0.7596963048171803,0.841935632871211,0.7870809998642491,0.7440180854413755,0.743030646187872,0.8211411389161849,0.6432514072352563
55.050000000000004,0.7599085823633331,0.842197140899833,0.7873095038122049,0.7442319429642918,0.7432428812929694,0.8213914441145471,0.6434190609824857
55.1,0.7601194670743707,0.8424569556058976,0.7875365088732648,0.744444410474673,0.743453740651927,0.8216401286409063,0.6435856299259219
55.150000000000006,0.7603289636207439,0.8427150813524528,0.7877620279468708,0.7446554945326909,0.7436632318994201,0.8218871993859854,0.6437511128778154
55.2,0.7605370788413768,0.8429715210634605,0.7879860599360374,0.7448652057350129,0.7438713539695505,0.8221326535854329,0.643915514173077
55.25,0.7607438213048875,0.8432262933657234,0.7882086204126357,0.7450735492967164,0.7440781229426716,0.8223765084243405,0.64407884186487
55.300000000000004,0.76094919523559,0.8434793974152952,0.7884297138858997,0.7452805281393909,0.7442835326543094,0.8226187597414778,0.6442410958872695
55.35,0.7611532057252319,0.843730833047655,0.7886493389215498,0.7454861439009814,0.7444875976589594,0.822859423358301,0.6444022839905145
55.400000000000006,0.7613558549906806,0.84398062102421,0.7888675110661624,0.7456904053601021,0.7446903139217176,0.8230984998262556,0.6445624147085737
55.45,0.7615571555384475,0.844228754286954,0.7890842271933096,0.7458933172929033,0.7448916943991561,0.823335994055272,0.6447214810797055
55.5,0.7617571120316713,0.8444752497760961,0.7892995033189667,0.7460948870941424,0.745091747265237,0.82357192061717,0.6448794957870698
55.550000000000004,0.7619557261512866,0.8447201103897504,0.789513338193579,0.746295120973015,0.7452904657184043,0.8238062766461359,0.6450364596838755
55.6,0.7621530062767952,0.8449633416076631,0.7897257438498554,0.7464940238646542,0.7454878638340594,0.8240390739010066,0.64519238134357
55.650000000000006,0.7623489601864617,0.8452049482918691,0.7899367260768371,0.7466915978544677,0.7456839469796992,0.8242703159899225,0.645347258471361
55.7,0.7625435943907598,0.8454449430805009,0.790146287686414,0.7468878513410845,0.7458787168818495,0.8245000118245227,0.6455011040155052
55.75,0.7627369064461242,0.8456833211362218,0.7903544324202101,0.7470827874771757,0.746072181155276,0.8247281624270445,0.645653912031535
55.800000000000004,0.7629289119441702,0.8459201069412268,0.7905611780566926,0.7472764164372201,0.7462643473420849,0.8249547857695831,0.6458056972565068
55.85,0.7631196138779864,0.8461552931859995,0.790766517961327,0.7474687399340382,0.746455216269327,0.8251798766255402,0.6459564544570839
55.900000000000006,0.7633090146268982,0.8463888906760795,0.7909704651347551,0.7476597617245759,0.7466447969346476,0.8254034448185504,0.6461061927916423
55.95,0.7634971247505773,0.8466209067870585,0.7911730236552874,0.7478494927887533,0.7468330952778602,0.8256255023335314,0.6462549235378084
56.0,0.7636839468357524,0.8468513482596024,0.7913742046262737,0.7480379369812625,0.7470201139223647,0.8258460469782866,0.6464026378354943
56.050000000000004,0.7638694889496687,0.8470802185079159,0.7915740052949731,0.7482250965293773,0.7472058600278935,0.8260650878679663,0.6465493449383586
56.1,0.7640537542616943,0.8473075299701442,0.7917724405252822,0.7484109806675541,0.7473903374283464,0.8262826356774221,0.646695053780978
56.150000000000006,0.7642367535368442,0.8475332825797635,0.7919695110494435,0.7485955969242214,0.7475735534382142,0.8264986951157658,0.646839764340186
56.2,0.7644184852272857,0.8477574929602036,0.7921652255458081,0.7487789461447922,0.7477555130537518,0.826713269810636,0.6469834839490123
56.25,0.7645989591790775,0.8479801602083934,0.7923595939658898,0.7489610312449455,0.7479362202303919,0.8269263672420147,0.6471262123103694
56.300000000000004,0.7647781827886168,0.8482012912271013,0.7925526154106366,0.749141865633188,0.7481156833230584,0.8271379956038636,0.6472679611010552
56.35,0.7649561596538814,0.8484208921731393,0.7927442944570597,0.7493214497152055,0.7482939041458765,0.8273481586153877,0.6474087238859731
56.400000000000006,0.76513289476639,0.8486389738922406,0.792934647476479,0.7494997903007772,0.7484708924008142,0.8275568692779112,0.6475485148337183
56.45,0.7653083979953433,0.848855540612403,0.7931236696492294,0.7496768928416535,0.7486466520292482,0.8277641270621965,0.6476873348187422
56.5,0.765482669548732,0.8490706018632775,0.7933113754440327,0.749852762490264,0.7488211856060796,0.8279699382126996,0.6478251897986657
56.550000000000004,0.7656557214504828,0.851085161400708,0.7934977695304308,0.7500274090373664,0.7508003466561607,0.831668204266101,0.6479620779047304
56.6,0.7658275537315182,0.8513030229715597,0.7936828566883345,0.7502008325806533,0.750978278909835,0.8342208033134083,0.6480980157156369
56.650000000000006,0.7659981749184701,0.8515193979365443,0.7938666435200394,0.7503730396804837,0.7511550062973006,0.8344397024000977,0.6495695359039474
56.7,0.7661675877424159,0.8517342858189412,0.794049130677923,0.7505440373309575,0.7513305316213448,0.8346571841901245,0.6497078779353627
56.75,0.7663358014324841,0.8519477064307425,0.7942303315941761,0.7507138339521255,0.7515048597928993,0.8348732592257193,0.6498452786113872
56.800000000000004,0.766502821157286,0.852159662104667,0.7944102496820664,0.7508824268592388,0.7516779991288753,0.8350879313835713,0.6499817386125412
56.85,0.7666686554448437,0.8523701531959774,0.7945888937478891,0.7510498325544631,0.7518499539447601,0.8353012046763384,0.6501172646122948
56.900000000000006,0.7668333032913062,0.8525791939301948,0.7947662663878183,0.7512160466500405,0.7520207330283449,0.8355130887411486,0.6508980425961153
56.95,0.7669967730053429,0.8527867908010429,0.7949423778888945,0.7513810807158756,0.7521903360705728,0.8357235828021123,0.6510337918090991
57.0,0.7671590709839258,0.8529929431865841,0.7951172276154226,0.7515449357355777,0.7523587707658318,0.8359327008269501,0.6511686207753937
57.050000000000004,0.7673202070599123,0.8531976652262763,0.7952908222524203,0.7517076232897371,0.7525260411817613,0.836140446940159,0.6513025301074052
57.1,0.7674801809363436,0.8552105278775933,0.7954631744634151,0.7518691434726728,0.7526921558936353,0.8363468295679743,0.6514355276959172
57.150000000000006,0.7676389999793034,0.8570595916018664,0.7956342890611169,0.7520295027975338,0.7528571193110489,0.8365518511162404,0.6515676157159804
57.2,0.7677966699789542,0.8572711811509648,0.7958041700565128,0.7521887138836472,0.7530209349388758,0.8367555187302411,0.6516987984930616
57.25,0.7679531973363393,0.8574813689530205,0.7959728208831716,0.7523467716776975,0.7531836068839937,0.8369578361624312,0.6578520775065616
57.300000000000004,0.7681085896332857,0.857690154374389,0.7961402477418258,0.7525998734166598,0.7533451487122396,0.8371588132104355,0.6580008948601722
57.35,0.7682628461756683,0.8578975515347682,0.7963064637813836,0.7527556994893817,0.7535055567699602,0.8373584593583656,0.6581488273431786
57.400000000000006,0.768415981471396,0.8581035635348183,0.7964714683922838,0.7529103984237824,0.7536648457050434,0.8375567733812149,0.6582958710390567
57.45,0.7685679915261351,0.858308196671935,0.7966352736717925,0.7530639702855155,0.7538230073635319,0.8377537687340049,0.6584420339592061
57.5,0.7687188871696554,0.8585114559853406,0.798551204373928,0.7532164157119478,0.7539800577089256,0.8379494446556324,0.6585873191671605
57.550000000000004,0.7688686736356158,0.8587133509604123,0.798718261381776,0.7582997458115853,0.754135999780701,0.8399545613968731,0.6587317306829872
57.6,0.7690173631967454,0.8589138835615029,0.7988841345983038,0.7584560867295752,0.7627320121362009,0.8401534529699415,0.6588752712861469
57.650000000000006,0.7691649503335098,0.8591130685830525,0.7990488319210522,0.7586113185242449,0.7641267426816489,0.8416796075064817,0.659017947833064
57.7,0.7693114428222162,0.8593109041148148,0.7992123505211597,0.7587654493239467,0.7702604393004113,0.8418801945492268,0.6618865196716353
57.75,0.7720065911275394,0.8607994917184536,0.7993747084527278,0.7589184953621099,0.7704622623787569,0.8420794972764821,0.6620362501971442
57.800000000000004,0.7721591386730011,0.8609983664374613,0.7995359021822672,0.7590704482548016,0.7706630024901293,0.8422775242631417,0.6621851272582098
57.85,0.772310612750779,0.8627065693205537,0.7996959434899026,0.7592213237039517,0.7708626746443424,0.8424742832988286,0.6623331576480191
57.900000000000006,0.7724610212397363,0.8629061334889973,0.7998548300246157,0.7593711187991792,0.7710612798616598,0.8426697689617952,0.6624803394308242
57.95,0.7726103652248802,0.8631043896326005,0.8000125808968633,0.7595198517731483,0.771258826161636,0.8448607170936628,0.6626266808064074
58.0,0.7727586516804534,0.86330133887107,0.8018124939791402,0.7596675130457151,0.771455310097328,0.8450601294838683,0.6627721840918399
58.050000000000004,0.7729058840744587,0.8634969878017551,0.8019732649682041,0.7598141184125058,0.7716507409194473,0.8452583000988393,0.6629168510271053
58.1,0.7730520691114959,0.863691341899238,0.8021329112362745,0.7599596653820075,0.7718451235081217,0.8454552262735613,0.663060689125858
58.150000000000006,0.7731972126847269,0.8638844074721859,0.8022914414236064,0.7601041659359208,0.7720384615435467,0.8456509181959208,0.6632037001779683
58.2,0.7733413219398186,0.8640761985535572,0.8036333951851609,0.7602476272336091,0.7722307608536687,0.8458453815993667,0.6713671155718373
58.25,0.7734843983788711,0.8642667059358055,0.8037935223565844,0.764549005469982,0.7724220249274751,0.8460386166501025,0.6715343127295242
58.300000000000004,0.77362645182166,0.8644559525395157,0.8039525447883324,0.7647037832710271,0.7726122563202382,0.8462306386550097,0.6717006994747687
58.35,0.7737674835369865,0.8646439335056698,0.804110473960397,0.7648575403487009,0.7728014623358306,0.8464214523719682,0.6718662817467294
58.400000000000006,0.7827514945348478,0.864830660617897,0.8042673082392704,0.7650102708148452,0.772989646464788,0.8466110518995433,0.6720310526990227
58.45,0.7829189637453949,0.865016130149342,0.8044230630233944,0.7651619868351492,0.7731768072610863,0.8467994549121458,0.672195021575523
58.5,0.7848845547246602,0.8652003661763885,0.804577735961035,0.7653126994720161,0.7776259981856063,0.8498060907010105,0.6723581917558883
58.550000000000004,0.7850558233840992,0.8653833617485998,0.8047313344894738,0.765462405236931,0.7778248864265128,0.850001197584518,0.6725205662477027
58.6,0.7852261041204983,0.8655651306665202,0.817458238805056,0.7656111087146211,0.7780227767343676,0.8501951268725372,0.6726821485715759
58.650000000000006,0.7853953972747028,0.8677408546747871,0.8176502190339004,0.7657588183149362,0.7782196677360432,0.8503878814179462,0.6728429401701167
58.7,0.7855637116228673,0.8679266146336424,0.8196504032587747,0.7659055390355953,0.7836595797199188,0.8505794624599075,0.6730029447385052
58.75,0.7857310470103752,0.8681111678591542,0.8198461132376385,0.7660512710741956,0.7838657345452817,0.8507698774113455,0.6731621659455096
58.800000000000004,0.7943454722790535,0.8682945123182044,0.8200407785326056,0.7661960269930576,0.7871517374098591,0.8509591351560052,0.6733206039142774
58.85,0.794538071427711,0.8684766603596,0.820234414335413,0.7759806993119351,0.7873658410626247,0.8511472415977853,0.6751324176712944
58.900000000000006,0.7964787654408803,0.9221998688649164,0.8242747389580167,0.7774852859057183,0.7875789751862694,0.8513342012757099,0.6752946318683131
58.95,0.7975132891017986,0.9254160746094491,0.8244787097090989,0.7803863916877143,0.7877911366979307,0.8515200199493829,0.6846372459393053
59.0,0.7977113719700224,0.927830626135741,0.8246816581863022,0.780571386113612,0.7880023271287899,0.8517046957667025,0.6848091680947662
59.050000000000004,0.7995493571528967,0.9280451704121615,0.8248835935624348,0.7807554315653067,0.7882125541089979,0.8518882497876381,0.6849803360719267
59.1,0.7997508483145426,0.9282584626532802,0.8250845130637092,0.7809385376873623,0.7897714425406119,0.8520706720167781,0.6851507409436215
59.150000000000006,0.7999513988936842,0.9284705075210119,0.8252844304143294,0.7811206946532596,0.7899836495279802,0.8552310850667341,0.6853203889335673
59.2,0.8127081107042822,0.9286813154271203,0.825483341321087,0.7903505753264197,0.7928421179069229,0.8554208803636569,0.6854892831719993
59.25,0.8147584697787293,0.9311217733775716,0.8256812575967165,0.79054839084555,0.7938994347512373,0.8556095590828084,0.6890822212431668
59.300000000000004,0.8150025764390566,0.9326641501703548,0.825878177579999,0.7925526670010619,0.8031716062675329,0.8557971424318709,0.6982629111896871
59.35,0.8190969641231594,0.9328817197550568,0.8295694648635878,0.7999585848389235,0.8034087907881601,0.8559836265485548,0.6984590806603176
59.400000000000006,0.8193516420726965,0.934786410103598,0.8297756609428921,0.8001826761331021,0.8042343369236069,0.8561690210102068,0.6986545063773226
59.45,0.8196054136224717,0.9350069977788542,0.8299808753354715,0.8004058540737562,0.8044715538209471,0.8563533263432068,0.6988491908492218
59.5,0.8233524587840617,0.9352263810664592,0.8301851151037458,0.8080012892997794,0.8070523931398199,0.8625201972523706,0.7167673111165711
59.550000000000004,0.8236156718395158,0.9354445686015282,0.8303883868459303,0.8082464157052818,0.8139842582827681,0.8627216221565142,0.7170176594459365
59.6,0.8238779872330101,0.9375603613747865,0.8439277814966901,0.8084906442566466,0.8166165032302811,0.8629219787023856,0.7227553371540032
59.650000000000006,0.8241394055606986,0.937782284997826,0.8441721018466115,0.8087339795093051,0.8168712228836692,0.8645978140385426,0.7239318586308486
59.7,0.8280942741646247,0.9397537011923996,0.8444154726836517,0.813934827689867,0.8171250333571378,0.8659925746394093,0.7301345071012946
59.75,0.8326371046292648,0.9399789245017095,0.853526202019344,0.8141864911469494,0.8173779317756296,0.8679954561635199,0.7304217299320682
59.800000000000004,0.8437561511847613,0.9413945215023019,0.8549883723438857,0.8144372626044282,0.8185400541068759,0.8682059899428016,0.7307082356526928
59.85,0.8440745897908077,0.9421367253554036,0.855261311768244,0.814687156966176,0.8187940728671687,0.8684154823004026,0.7357331242859757
59.900000000000006,0.8443921537369036,0.9423628030464762,0.857548377861141,0.8149361721475605,0.8190471948367499,0.8703121197124346,0.7360334623293686
59.95,0.8447088444897819,0.9425877277985298,0.8578259496292908,0.8151843119054256,0.8192994166658873,0.8705249906635243,0.7363330915009532
60.0,0.8496263935384177,0.9440237048378085,0.8581025860903408,0.8154315767680844,0.8283822549944055,0.8707368287438029,0.7583138899886339
60.050000000000004,0.8499561544475516,0.9442502550299297,0.8589679525230729,0.8156779672539649,0.8286611435491401,0.8709476451904176,0.758628514508042
60.1,0.8502850535785056,0.9444756715879944,0.8592446447978568,0.8159234915609935,0.8289391526660165,0.871157449044875,0.7610023832762511
60.150000000000006,0.8506130839243118,0.9446999613299774,0.8595204079215778,0.8200108936335646,0.8292162727821819,0.8730186339732614,0.761322200992058
60.2,0.8509402480194096,0.9458343804665577,0.8597952584949005,0.8202670853198464,0.8322123427650325,0.8732317403981473,0.7632868289563213
60.25,0.8512665529683816,0.9460593640487651,0.8600691911678934,0.854890457741463,0.8423296398755366,0.8761272011445692,0.7636104859356929
60.300000000000004,0.8515919861421412,0.9462832431040256,0.8603422142247572,0.8552329651109876,0.8426445595179707,0.876345839445212,0.7639334183638841
60.35,0.8519755581138551,0.9465060056627068,0.860614317773174,0.855574626003621,0.8429586100679463,0.8765634859067977,0.7642556249080681
60.400000000000006,0.854312584134433,0.9484756653098272,0.8608855183410642,0.8559154391387279,0.8432717865985935,0.8795032269529909,0.7751427348073207
60.45,0.8546421283081679,0.948701869422911,0.8612147645952581,0.85625540907201,0.8435840969352506,0.8797276774797085,0.7754975747310431
60.5,0.854970811099377,0.950265300839517,0.861484341640598,0.8565945344638898,0.8438955388233047,0.879951138340393,0.7758516901618344
60.550000000000004,0.8552986408072942,0.9504936375267896,0.8617530218500624,0.8569328177490746,0.8442061109931034,0.8801736304572984,0.7762050877502777
60.6,0.8556256107929416,0.9507208936867692,0.8620208023939486,0.85727025846675,0.8445158174121006,0.8803951428638765,0.7795409746275088
60.650000000000006,0.8559517334181328,0.9518564345176077,0.8622876860265178,0.8576068600928425,0.8448246646106775,0.8806156917883272,0.7920036600570746
60.7,0.8562769925478488,0.9520844804323575,0.8625536780431133,0.8579426157793655,0.8451326439011974,0.8808352785166766,0.7923879578730326
60.75,0.856601404258387,0.9523114581225307,0.8628187773599838,0.8582775303395964,0.8472500311959142,0.8810539013599145,0.7927715314750619
60.800000000000004,0.8569249651018924,0.9525373757929864,0.8630829843376338,0.8586116080153786,0.8475621244807363,0.882945994743456,0.7931543759690921
60.85,0.8578365425898982,0.9527622409824281,0.863346308915947,0.8589448497572212,0.8513067918638492,0.8831680966102975,0.7935364911694638
60.900000000000006,0.858160305431931,0.9529860527234545,0.8636087515526298,0.8592772532364361,0.8516282169726328,0.883389256962111,0.7939178784517145
60.95,0.8584832133195224,0.9532088150990137,0.863870307587359,0.8596088175594332,0.8519487873975804,0.883609467181979,0.7942985295952516
61.0,0.8588052733035061,0.9534305363780051,0.8641309851046437,0.8605295256271592,0.852268501315938,0.8838287368851905,0.8145486777125094
61.050000000000004,0.8591264892952036,0.95365121850061,0.8657704309573266,0.8608613209593086,0.8525873655396778,0.8840470694174365,0.8149402703100391
61.1,0.8594468533171897,0.9538708713510381,0.8660338010546937,0.8611922799105762,0.8529053735234949,0.8842644721639019,0.815331104265328
61.150000000000006,0.8597663769982488,0.9540894933236301,0.8662963036694511,0.8615224022960097,0.853222533630299,0.8844809408396245,0.8157211729473877
61.2,0.8600850534944218,0.9548970143034906,0.8665579316812146,0.8618516927490456,0.8535388400156947,0.8846964889207509,0.8161104816756787
61.25,0.8604028836137192,0.9551154912409167,0.8668186969298212,0.8621801512284215,0.8538542967082675,0.8849111096810655,0.8164990274757483
61.300000000000004,0.8607198742239655,0.9553329539684965,0.8670786001966752,0.8625077765097031,0.8638121574228451,0.8867666004282706,0.8168868081267281
61.35,0.8610360179162624,0.955549410176642,0.8673376327249978,0.8628345646804572,0.8641570095057305,0.8869846825887568,0.8172738234895227
61.400000000000006,0.8613513193213336,0.9557648573685094,0.8699629450478356,0.8645405227063925,0.8645010193146023,0.8872018547755043,0.8183252077971854
61.45,0.8616657852093332,0.9559793021306295,0.8702278887656549,0.8648701001454835,0.8648441864360444,0.8874181202086094,0.8187128301107548
61.5,0.8619794084321528,0.9571097360381811,0.8704919677433557,0.8651988494687224,0.8651865111045985,0.8876334826380071,0.8211156999205916
61.550000000000004,0.8622921936102244,0.9573243380302626,0.870755197512293,0.8655267708310549,0.865527996797008,0.8878479445329372,0.8215082746890395
61.6,0.8626041349531391,0.9575379486830512,0.8710175737754585,0.8658538583604054,0.8658686350444349,0.8880615099844487,0.8219000761383611
61.650000000000006,0.8629152406538124,0.9577505758551526,0.8712791020778705,0.8661801213572091,0.8662084301406475,0.888274182702333,0.8222911069081217
61.7,0.8632255103996089,0.9579622270201629,0.8715397850948631,0.8665055532313685,0.8703998983172438,0.8884859644295685,0.8226813589497893
61.75,0.863534937608285,0.9581729007537524,0.8717996168397311,0.8668301620075258,0.870750409490331,0.888696863681613,0.8230708338551038
61.800000000000004,0.8652227832028399,0.9583826035198418,0.8720586050036818,0.8671539422651897,0.8840092473609468,0.8889068769145428,0.8234595303661412
61.85,0.865534984024307,0.9585913402417863,0.8778527442441288,0.8674768965534385,0.8843861445301413,0.8900254377446273,0.8238474498607974
61.900000000000006,0.8658463553337181,0.9587991148879152,0.8782849525805108,0.8712336659236053,0.8847622020182611,0.8902366295526591,0.8242345847512746
61.95,0.8661568953273548,0.9590059321073328,0.8785597691949711,0.8718244034094356,0.8851374294383527,0.8904469494955398,0.824620934064642
62.0,0.8691888100755536,0.9592117903222797,0.8788337458613477,0.8721567641543494,0.8855118117840162,0.9460507147453627,0.8258438870170144
62.050000000000004,0.8708351673995576,0.9594167025748956,0.8804356069459608,0.8724883008653329,0.8858853581624159,0.9462797993280215,0.8262313692784646
62.1,0.8711562678662172,0.9598789231607829,0.8807122106258668,0.8740315998498137,0.8880064231178666,0.9465079642371056,0.8266180626589245
62.150000000000006,0.8714765389394061,0.960082777157649,0.8809879799400278,0.874365398061172,0.8886973498211572,0.9467352084644018,0.829368438284134
62.2,0.8717959799389472,0.9604426143923532,0.8812629254600441,0.8746983771176067,0.8890742118505062,0.9491693309367497,0.8384710321045667
62.25,0.8721145859193125,0.9606451008624775,0.8815370440749467,0.8750305276363577,0.8894502306102532,0.9494018675325278,0.8401026244149488
62.300000000000004,0.8724323682456903,0.9608466619252953,0.8818103345075864,0.8753618603648343,0.8899215678462207,0.9496334980010962,0.8405257863291613
62.35,0.8764401560302691,0.9610472999966864,0.8820828072253322,0.8756923724412888,0.8919786854525136,0.9498642286554576,0.8409481578790233
62.400000000000006,0.8767681592035128,0.962181753074063,0.882354454995028,0.876022056406431,0.8930219267919921,0.9500940569919474,0.8413697410705028
62.45,0.8770953432740234,0.9623833016087988,0.8826252859122514,0.876350923347502,0.8934022065341817,0.9503229900060952,0.841790524170726
62.5,0.8774216942241752,0.9627754663172605,0.8828952925321828,0.8766789636529716,0.8937816405578061,0.9505510302399229,0.8422105061888789
62.550000000000004,0.8803927360995939,0.9630556692322219,0.8831644868685242,0.8796568413303633,0.8941602290525023,0.9511605529164207,0.8426296933242856
62.6,0.8807259639435452,0.9632553666879355,0.8871229344638667,0.8849617112297894,0.8947957823826111,0.9515546313147802,0.8430480743057565
62.650000000000006,0.8810583676736384,0.9635166343776221,0.8900456936701593,0.8853118207759991,0.8951735179719418,0.9517815578264105,0.8563723930539994
62.7,0.8813899436339507,0.9637147324203477,0.8903328520143057,0.8873478540536364,0.8955504041908005,0.9521644741824075,0.856817225586344
62.75,0.881720693585997,0.9639119321771539,0.8906192020320608,0.8877017521689736,0.8959264467384508,0.9523901486825537,0.8572612543142173
62.800000000000004,0.8837977298215824,0.9641082515414481,0.8909047433833639,0.8898047443708478,0.9048811696386165,0.9526149526365698,0.8577044748794733
62.85,0.884132456907469,0.9643036775844096,0.8924022615962701,0.8901626348828486,0.9052831267285886,0.9528388785131785,0.8581468816215531
62.900000000000006,0.8844663599174556,0.9644982254744492,0.8926900943913103,0.890519709231381,0.9056842383877554,0.9530619400676716,0.8614066385016561
62.95,0.8847994369318419,0.9646918938484272,0.8929771289120279,0.8908759629038163,0.9060844988523259,0.9532841404305212,0.8618565036980677
63.0,0.8851316918366303,0.9648846898773094,0.8932633507542003,0.8912313965831552,0.9064839148965256,0.9535054724753118,0.8623055420255725
63.050000000000004,0.8854631150780443,0.9650766142118159,0.8935487732357242,0.8915860063101556,0.9068824786382351,0.9537259464228933,0.8627537637388067
63.1,0.8857937167831591,0.9652676728283327,0.8938333883731047,0.8919397920772104,0.9072801934590029,0.954078075766104,0.8632011569065627
63.150000000000006,0.8861234875229573,0.9654578632191939,0.8941171998255395,0.8922927549131534,0.907677050121265,0.9542972703888544,0.8636477187638667
63.2,0.886452431819388,0.9656471958017634,0.8944002149734784,0.8926448952875293,0.9080730605538094,0.9545156133448148,0.8640934533981299
63.25,0.8867805510913369,0.965878333916524,0.8946824278238498,0.8929962116825121,0.9084682129830618,0.9547331121795648,0.8645383551108676
63.300000000000004,0.8871078370710566,0.966066095787841,0.8949638409390908,0.8942569403714954,0.9088625051860904,0.954949766435043,0.8649824157423011
63.35,0.8874342992987758,0.9662530070024782,0.8952444553368281,0.8946095343950264,0.9092559379236969,0.955165573410832,0.8654256401423408
63.400000000000006,0.8877599351141254,0.9664390777644221,0.8955242727738959,0.8949613091960897,0.9097285238397489,0.9553805503081467,0.8658680195429227
63.45,0.8880847379039893,0.9666243003808146,0.8958032922958974,0.8953122527487176,0.9101204949757068,0.9555946881584209,0.8663095517113245
63.5,0.8884087120572828,0.9668086865127569,0.8960815139230074,0.8956623682838523,0.9105116052498345,0.9558079885068989,0.866750238721491
63.550000000000004,0.8887318560806843,0.9669922367705189,0.8963589386712902,0.8960116588300557,0.9109018465946472,0.956236406089887,0.8671900693016736
63.6,0.8890541747726961,0.967174958118893,0.8966355704970781,0.8963601171979745,0.9112912279690398,0.9564487506482439,0.8676290485123656
63.650000000000006,0.8893756610176705,0.9673568479902095,0.8969114080524747,0.8967077464304332,0.9116797378806023,0.956719249732267,0.8680671650070917
63.7,0.8896963155802102,0.9675379130379492,0.897186449520472,0.8970545414246591,0.9120673807508629,0.9569301376598731,0.8685044238499753
63.75,0.890016144349912,0.96771816066153,0.8974606986903255,0.897400508143414,0.9124541597012606,0.9571402045702255,0.8689408214037292
63.800000000000004,0.8903351403539725,0.967897590350811,0.8977341543985305,0.8977456442962026,0.9128400631251692,0.9573494524634407,0.869376347599131
63.85,0.8906533040404414,0.9680762041396815,0.8980068213442267,0.9004767796167346,0.9132250919061997,0.958781954954371,0.8698110061342921
63.900000000000006,0.8909706361813092,0.9682540089180418,0.8982786967823788,0.9008279303278037,0.9136092478977939,0.9589916373848855,0.8854123357982517
63.95,0.8912871332828449,0.9684310061894746,0.89854978406407,0.9011782439434483,0.9139925264431995,0.9592005079242073,0.8858941591286273
64.0,0.8946799290297496,0.9686071966402677,0.8988200790293579,0.9015277294259536,0.9143749330579383,0.9594085685275493,0.8863751125198065
64.05,0.8950046779411243,0.9687825875937958,0.8990895857024614,0.9018763739451047,0.9147564566187252,0.9596158280493617,0.8868551948417556
64.10000000000001,0.8953285961229891,0.9689571821314922,0.8993583060794224,0.9022241856616102,0.9151371028698547,0.9598222856570302,0.8873343920818059
64.15,0.8956516829512939,0.969130983710524,0.8996262369579806,0.902571158107184,0.9155168659285355,0.9600279489779442,0.8878127066244069
64.2,0.8959739336034802,0.9693039909687633,0.9016387954753328,0.9029172889195775,0.9158957491871575,0.9602328122405199,0.8882901404486703
64.25,0.8962953576609394,0.9694762112897448,0.9019107818149071,0.9032625837982882,0.9162737449273801,0.9604368828129294,0.8887666768325846
64.3,0.8966159456284042,0.9696476515011052,0.902181985990139,0.9036070394991631,0.9166508593240414,0.9606401658662163,0.8892423253092552
64.35000000000001,0.896935700198239,0.9698183065024083,0.9024524076547868,0.9039506480902864,0.9170270831584323,0.960842654778634,0.889717071145617
64.4,0.8972546130929031,0.9699881844396001,0.9027220406148703,0.9042934189412716,0.9174024195654036,0.9610443597840738,0.8901909180252847
64.45,0.8975726989253799,0.9701572873713618,0.9029908923046599,0.9046353466392816,0.9177768657193472,0.9612452828684697,0.8906638569769079
64.5,0.8978899439454449,0.9703256197150757,0.9063406556653419,0.9049764269219693,0.9181504184379305,0.9614454192502075,0.8911358900749118
64.55,0.8982063543966686,0.9704931860015026,0.9066178571275625,0.9053166707877406,0.9185230829452402,0.9616447867631157,0.8916070093875035
64.60000000000001,0.8986017378250779,0.9706599844082784,0.9068942799943862,0.9074890452513693,0.918894854301483,0.961843374220654,0.8920772137330811
64.65,0.898916730195457,0.9708260192913141,0.9071699209352427,0.9078334903987892,0.9192657238312124,0.9620411846613443,0.8925464973332344
64.7,0.9009136841391007,0.9709912962838398,0.9074447864328419,0.9081770936090116,0.919635703750822,0.9623343796522051,0.8930148592649685
64.75,0.9030398194749323,0.9711558182498672,0.9077988044887504,0.9085198471413866,0.9200047823666095,0.9625307029273127,0.8934822933011315
64.8,0.9033635633906674,0.9713195888699554,0.9098823140758416,0.9088617520602181,0.9203729596763756,0.9627262570274154,0.8939487947399483
64.85000000000001,0.9036864619365498,0.9714826085426582,0.9101609239192952,0.9092028061098985,0.9207402370711932,0.9629210489279785,0.8944143677566927
64.9,0.9040085267886426,0.971644879677837,0.9104387595723135,0.9095430066240593,0.9211066110576746,0.9631150768034149,0.8948789951392175
64.95,0.9043297510824527,0.9718064099533994,0.9107158235209706,0.9098823582694777,0.9214720865182249,0.9633083464851475,0.8953426881932864
65.0,0.9046501364416432,0.9719672016688872,0.9109921013415263,0.9187876584371177,0.9218366511200398,0.9635008608953818,0.8958054305706673
65.05,0.9049696802248417,0.9721272512400332,0.9112676064693794,0.9191529093918213,0.9222003088302362,0.9636926133353798,0.8962672281976649
65.10000000000001,0.9052883808926686,0.9722865688784074,0.9115423313664575,0.9195173100934919,0.9225630616516485,0.9638836185897154,0.8967280753882482
65.15,0.9056062408864072,0.972445154592511,0.9135001572564082,0.9198808566892958,0.922924902061075,0.9641537758364696,0.8971879635988222
65.2,0.9059232553007379,0.9726030107603971,0.913778757176759,0.9202435489361354,0.9232858355861244,0.9643435407252221,0.8976468943447344
65.25,0.9095309368349066,0.9727601418597033,0.9140565875647646,0.9206053872375655,0.9236458518719708,0.9645325586717848,0.8981048599169679
65.3,0.9098568814033192,0.9729165480361779,0.9143336367207224,0.9209663619278472,0.9240049543731621,0.9647208289940532,0.8985618654321486
65.35000000000001,0.9101819862972882,0.973072238981407,0.9146099144094816,0.9213264824455014,0.9243631477088856,0.9649083653382634,0.8990179015962767
65.4,0.9105062405526733,0.9732272078318964,0.915797416246601,0.9216857379038997,0.9247204214086729,0.9650951552101856,0.8994729571669186
65.45,0.9108296563662828,0.9733814634403709,0.9160750759368295,0.9220441372720634,0.925076777863191,0.9652812127020021,0.8999270426174968
65.5,0.9129826357194206,0.9735350098994888,0.9163519603715173,0.9224016703405211,0.9254322123954405,0.9654665345758919,0.9003801479897227
65.55,0.9133102544270089,0.9736878492305573,0.9190148595589749,0.9227583370898664,0.9257867326010012,0.9656511226845481,0.9008322699652631
65.60000000000001,0.9136370295092382,0.9738399796337669,0.9192978741936101,0.9231141375673519,0.9261403299017092,0.965834980551521,0.9012834067263221
65.65,0.9139629568849328,0.9739914104521739,0.9195801201981847,0.9234690732215602,0.9264930057191585,0.9660181126643756,0.9017335506952081
65.7,0.9142880310847629,0.9741421375948105,0.9198615862840941,0.9238231381369171,0.9268447536066102,0.9662005162206104,0.9021827014886101
65.75,0.9146122616650412,0.9742921702648248,0.9201422804774199,0.9241763308690847,0.9271955797144129,0.9663821974783592,0.9026308571523605
65.8,0.9234987908678534,0.9744415078542719,0.9204221988660802,0.9245286526744294,0.9275454755770054,0.9666257539867129,0.9030780160745097
65.85000000000001,0.923848921976953,0.974590155558715,0.9311065122197815,0.9248800976529585,0.9278944461605186,0.9668061941610349,0.9035241658763098
65.9,0.9241982034728526,0.9747381124259786,0.9314183918745716,0.9252306670360086,0.9282424844990198,0.9669859157543216,0.9039693147946972
65.95,0.9245466343566241,0.9748853820293516,0.9317295020527454,0.9255803660738722,0.9285895929387085,0.9671649180701467,0.9044134489389813
66.0,0.9248942158452976,0.9750319691206907,0.9320398401691155,0.9259291835680458,0.928935772709013,0.967343212394171,0.9048565732751719
66.05,0.9252409371421063,0.9751778797515178,0.9323494103545525,0.9262771238369236,0.9292810181087551,0.9675207953228124,0.9052986807416635
66.10000000000001,0.9255868100707154,0.9753231064791553,0.9326581985509115,0.9266241811426266,0.9296253322757206,0.9676976658506099,0.9057397682198105
66.15,0.9259318238920587,0.9754676581037336,0.9329662238610057,0.92697035294828,0.9299687063761206,0.9678738320744444,0.906179838124658
66.2,0.9262759801076907,0.9756115390591216,0.9332734650384832,0.9273156437123212,0.9303111450916605,0.9680492857391195,0.9066188761312497
66.25,0.9266192760975405,0.9757547476131077,0.9335799309632004,0.9276600502703143,0.9306526479287306,0.9682240434842839,0.9070568882493911
66.3,0.9269617160193417,0.9758972890178264,0.9338856282671893,0.9280035695263738,0.9309932104980972,0.9683980929814604,0.9074938691889154
66.35000000000001,0.9273032851255154,0.9760391681080354,0.9341905404868656,0.9283462028085554,0.9313328316203787,0.9685714490001726,0.907929811450382
66.4,0.9276439994700776,0.9761803824829248,0.9344946827036344,0.9286879469964333,0.9316715142067881,0.968744105585372,0.9083647186064032
66.45,0.9279838467971089,0.9763209385492746,0.9347980462713354,0.9290288000249702,0.9320092510123419,0.9689160658880094,0.9087985851350435
66.5,0.9283228285358132,0.976460837399198,0.9351006270284603,0.929368759720341,0.9323460446431338,0.9690873310395105,0.9092314071307039
66.55,0.9286609381960562,0.97660008359809,0.9354024267433345,0.9297078268055267,0.9326818949080953,0.9692579045665095,0.9096631761295906
66.60000000000001,0.9289981884760186,0.9767386751092308,0.9357034566378872,0.9300460028201278,0.933016802654751,0.9694277930264401,0.9100939016052467
66.65,0.9293345591623214,0.9768766168513444,0.9360036931699013,0.9303832772396452,0.9333507542613981,0.9695969861354417,0.9105235732772838
66.7,0.9296700660461814,0.9770139110938241,0.9363031546452643,0.9307196584037669,0.9336837690510227,0.969765500152294,0.9109521849604232
66.75,0.930004696201185,0.9771505651888052,0.9366018320387923,0.9310551384712993,0.9340158284426271,0.969933329278593,0.9113797404243302
66.8,0.9303384516755252,0.977286573717701,0.936899724502599,0.9313897215537412,0.9343469381259554,0.9701004748390629,0.911806231142455
66.85000000000001,0.930671333417101,0.9774219425983255,0.9371968350298432,0.9317234013878681,0.9346770946930669,0.9702669375095397,0.9122316610821016
66.9,0.9310033378501685,0.9775566740702979,0.9374931618808449,0.9320561789397503,0.9350062967839812,0.9704327256566931,0.9126560216716881
66.95,0.9313344691241218,0.9776907744361873,0.9377887021022132,0.9323880557653998,0.9353345551302397,0.9705978397210231,0.9130793091396006
67.0,0.9316647167276377,0.9778242400769408,0.9380834571989345,0.9327190263570528,0.9356618520499465,0.9707622717040088,0.913501524234543
67.05,0.9319940829390708,0.9779570730112932,0.9383774210070313,0.9330490904748082,0.93598819356952,0.9709260326116845,0.913922663949856
67.10000000000001,0.932322570590269,0.9780892805990931,0.938670600576543,0.9333782471547667,0.9363135791879813,0.9710891260891394,0.9143427216766475
67.15,0.9326501746954848,0.978220867130936,0.9389629923574632,0.9337064997700315,0.9366380081177568,0.9712515499602199,0.9147617030317094
67.2,0.932976896499203,0.9783518278247753,0.9392545928473897,0.9340338374906544,0.9369614798104923,0.9714133098931609,0.915179596137647
67.25,0.9333027282832969,0.9784821691911783,0.9395454035398738,0.9343602608433632,0.9372839875709222,0.9715743966783743,0.9155963999078671
67.3,0.9336276802960275,0.9786118892176139,0.9398354273248333,0.9346857791517704,0.9376055396214016,0.9717348209981168,0.9160121154661536
67.35000000000001,0.9339517358626657,0.9787409981029911,0.9401246575257625,0.9350103774278363,0.9379261215825943,0.9718945860880689,0.916426736982856
67.4,0.9342749073066469,0.9788694924785231,0.9404130947164928,0.9353340664381622,0.9382457497539715,0.9720536905206809,0.9168402641872092
67.45,0.9345971870925845,0.9789973780376606,0.940700743202985,0.9356568414008071,0.938564412095579,0.9722121370477379,0.9172526944263748
67.5,0.934918579519657,0.9791246534860156,0.940987599933083,0.93597870336209,0.938882113801654,0.9723699271594591,0.9176640235684246
67.55,0.9352390792533678,0.9792513231725753,0.9412736574768141,0.9362996374288395,0.9391988475771713,0.9725270628605587,0.9180742504805324
67.60000000000001,0.935558683152877,0.979377387019581,0.9415589206523574,0.9366196550506006,0.9395146134478993,0.9726835417918238,0.9184833694149185
67.65,0.9358773943102328,0.9795028496238747,0.9418433955269301,0.9369387552490136,0.9398294117463817,0.9728393725125101,0.9188913842999867
67.7,0.9361952055414166,0.9796277162180166,0.9421270694665125,0.937256932348765,0.9401432460560855,0.9729945535352857,0.9192982861697908
67.75,0.9365121233394127,0.9797519792442353,0.9424099494992695,0.9375741900792345,0.940456111828081,0.9731490847769904,0.9197040725709692
67.8,0.936828143589389,0.9798756541830481,0.9426920318905707,0.9378905228572225,0.9407680096920602,0.9733029751992859,0.9201087475311871
67.85000000000001,0.9371432632445842,0.9799987348195698,0.9429733133395057,0.9382059290319145,0.9410789344379978,0.9734562147079411,0.9205122978853963
67.9,0.9374574863596115,0.9801212279462039,0.9432538001510938,0.9385204119238328,0.9413888935985437,0.9736088194098531,0.9209147359989299
67.95,0.9377708026943072,0.9802431253369446,0.9435334856349948,0.938833967539366,0.9416978720844611,0.9737607779705282,0.9213160474708311
68.0,0.9380832176383227,0.980364439902425,0.9438123711523426,0.9391465984184577,0.9420058867196727,0.9739120939035208,0.9217162326020467
68.05,0.9383947322961308,0.9804851704585311,0.9440904591490529,0.9394582972160235,0.9423129241146734,0.9740627755829889,0.9221152920417182
68.10000000000001,0.9387053446375127,0.9806053227914342,0.9443677444445595,0.9397690695410075,0.9426189881078737,0.9742128231813816,0.9225132227678271
68.15,0.9390150470070179,0.9807248968731777,0.944644229794575,0.9400789127549933,0.9429240819996242,0.9743622357934639,0.9229100177892581
68.2,0.9393238469924503,0.9808438883314192,0.9449199135892317,0.9403878218717536,0.9432281987471713,0.9745110199784972,0.9233056835415854
68.25,0.9396317338950017,0.9809623078108032,0.9451947909505629,0.9406958006929401,0.9435313354164307,0.9746591628752928,0.9237002089104807
68.3,0.9399387164558294,0.9810801492520542,0.9454688691921466,0.9410028409793891,0.9438334976103525,0.9748066792420214,0.9240935983099279
68.35000000000001,0.9402447911352536,0.98119742694443,0.9457421435691143,0.9413089538609469,0.9441346844172187,0.97495357477504,0.9244858489221233
68.4,0.940549952924178,0.9813141333230537,0.9460146102871423,0.9416141277211991,0.9444348931507873,0.9750998408427443,0.9248769542685324
68.45,0.9408542074240729,0.9814302732964133,0.9462862776508854,0.9419183710180111,0.9447341268688823,0.9752454825047707,0.925266914660825
68.5,0.9411575465806583,0.9815458498231086,0.9465571348557271,0.9422216740275003,0.9450323790404231,0.9753905037000554,0.9256557293462715
68.55,0.9414599731223385,0.9816608624170418,0.9468271878223885,0.9425240370418246,0.9453296469331507,0.9755349007439589,0.9260433963535251
68.60000000000001,0.9417614856953802,0.9817753130479562,0.9470964346321942,0.9428254673418177,0.9456259393542708,0.9756786778074903,0.9264299106632671
68.65,0.9420620823715529,0.9818892111832782,0.9473648738055159,0.9431259513188044,0.9459212471654549,0.975821839027788,0.9268152729227614
68.7,0.942361770902287,0.9820025476546659,0.9476325056504075,0.9434255020191595,0.9462155801276638,0.9759643866824715,0.9271994834344245
68.75,0.9426605323538556,0.9821153340982928,0.9478993284394956,0.9437241083128641,0.9465089331495092,0.9761063151240846,0.9275825330583404
68.8,0.94295838230022,0.9822275662967245,0.9481653436146646,0.9440217750946451,0.9468012960497927,0.9762476317656497,0.9279644257201493
68.85000000000001,0.9432553148193845,0.9823392482304658,0.9484305494838075,0.9443184988039083,0.9470926797433856,0.9763883374138677,0.9283451555076353
68.9,0.9435513259224767,0.9824503853652546,0.9486949489380628,0.9446142804641166,0.9473830873607457,0.9765284374541483,0.9287247285803908
68.95,0.9438464232025683,0.9825609723995125,0.9489585351660133,0.9449091163146359,0.9476725028588882,0.9766679244471945,0.9291031342030843
69.0,0.9441405962247287,0.9826710152668088,0.9492213102145564,0.9452030085113117,0.9479609426365259,0.9768068008435776,0.9294803729003079
69.05,0.9444338472261943,0.9827805226603842,0.9494832766704648,0.9454959590911042,0.9482483909839361,0.9769450823971388,0.9298564525528228
69.10000000000001,0.9447261790171672,0.9828894844475445,0.9497444319302675,0.9457879623098653,0.9485348599466636,0.9770827533439936,0.9302313537165388
69.15,0.9450175867465843,0.9829979099588341,0.9500047704288082,0.9460790159626495,0.9488203409913334,0.9772198278067846,0.9306050855103027
69.2,0.9453080712986943,0.9831058002123433,0.9502643046723636,0.9463691250084352,0.9491048395733974,0.9773562972516823,0.930977650586602
69.25,0.9455976359944024,0.9832131535796119,0.9505230225777002,0.9466582878983467,0.9493883493343421,0.9774921690974702,0.9313490337319992
69.3,0.9458862688020456,0.9833199764298217,0.9507809263970377,0.9469465046385264,0.949670877773971,0.9776274452046132,0.9317192463038856
69.35000000000001,0.9461739798658962,0.983426267964356,0.9510380154733665,0.9472337652215859,0.949952413416729,0.9777621221776963,0.9320882793447304
69.4,0.9464607685586536,0.9835320347879971,0.9512942968998271,0.9475200827937514,0.9502329682539732,0.9778962097150135,0.9324561400368417
69.45,0.9467466279012443,0.9836372783635152,0.9515497592881572,0.9478054476253657,0.9505125364306655,0.978029705817604,0.9328228157773059
69.5,0.9470315611799482,0.9837419916618999,0.9518044101575674,0.9480898623433973,0.9507911150273651,0.9781626038606851,0.933188309290342
69.55,0.9473155651494166,0.9838461782965469,0.9520582401156407,0.9483733234459869,0.9510687083217395,0.9782949162158587,0.9335526232476732
69.60000000000001,0.9475986436539583,0.9839498527057495,0.9523112603261237,0.9486558390374181,0.9513453143060234,0.9784266432458433,0.9339157480908856
69.65,0.9478807901471906,0.9840530067422921,0.9525634620034534,0.9489373929354572,0.9516209320021167,0.9785577767128801,0.934277687833039
69.7,0.9481620108405625,0.984155641289075,0.9528148459697402,0.9492180071108094,0.9518955689862441,0.9786883319986767,0.934638443891304
69.75,0.9484423010512624,0.9842577642649912,0.9530654191573084,0.9494976635099628,0.9521692119852708,0.9788182999044561,0.9349980090553164
69.8,0.948721659468413,0.9843593728530711,0.9533151790044931,0.9497763646817236,0.9524418699677235,0.9789476913464465,0.9353563909037097
69.85000000000001,0.9490000854499951,0.9844604701950429,0.9535641135394073,0.9500541139309922,0.952713534965824,0.9790764952198105,0.9357135745950433
69.9,0.949277583561041,0.9845610598677468,0.9538122336197954,0.9503309059073273,0.9529842151886454,0.9792047261452288,0.936069570119358
69.95,0.9495541487218815,0.9846611417848303,0.9540595385594257,0.9506067462779944,0.953253905993265,0.9793323767112447,0.9364243721869865
70.0,0.9498297845653645,0.9847607175146609,0.9543060223567578,0.9508816346698021,0.9535226130190544,0.9794594548157621,0.9367779762601688
70.05,0.9501044846055953,0.9848597870977933,0.954551694984038,0.9511555669818839,0.9537903360788405,0.9795859552537638,0.9371303863652506
70.10000000000001,0.9503782537245302,0.9849583610030963,0.9547965440481402,0.9514285443380329,0.9540570650155277,0.9797118841665116,0.9374816050045813
70.15,0.9506510897664664,0.9850564315513433,0.9550405768372043,0.9517005635837794,0.9543228045895784,0.9798372402058282,0.9378316218231859
70.2,0.9509229900763401,0.9851540010381062,0.955283788764945,0.9519716288082031,0.9545875614212198,0.9799620294582834,0.9381804398089395
70.25,0.9511939610056421,0.985251080671316,0.9555261844016764,0.9522417371530973,0.9548513262195562,0.9800862493434997,0.9385280583018961
70.3,0.951463989717692,0.9853476602248699,0.9557677586713338,0.9525108901720761,0.9551141051650078,0.9802098983442022,0.9388744778557918
70.35000000000001,0.9517330905816292,0.9854437500698761,0.9560085177954026,0.9527790831532983,0.9553758921362692,0.9803329857377006,0.939219697331506
70.4,0.9520012540722518,0.9855393493055282,0.9562484538519791,0.9530463240994258,0.9556366991624874,0.9804555118752513,0.9395637141911419
70.45,0.9522684838553543,0.9856344566176256,0.9564875726669522,0.9533126046194622,0.9558965165258992,0.9805774673773937,0.9399065278066316
70.5,0.9525347802882543,0.9857290790701565,0.9567258753596798,0.9535779330766365,0.9561553471973444,0.9806988663368961,0.9402481364507018
70.55,0.9528001376272115,0.985823217905237,0.9569633539538236,0.9538423017146467,0.9564131914354632,0.9808197083561555,0.9405885411639816
70.60000000000001,0.953064559298713,0.9859168665492376,0.9572000154226606,0.9541057115634604,0.9566700445042365,0.9809399884266664,0.9409277362133143
70.65,0.9533280511505586,0.9860100368256359,0.9574358555595706,0.9543681641469404,0.9569259181698129,0.9810597132059234,0.941265731644515
70.7,0.9535905962964807,0.9861027311453618,0.9576708764052857,0.9546296636566992,0.9571808009320133,0.9811788868291977,0.9416025196928708
70.75,0.9538522155167243,0.9861949399234584,0.9579050764747947,0.9548902007360124,0.957434698282678,0.9812975023117942,0.9419380969494756
70.8,0.9541128937637564,0.986286673160722,0.9581384588114865,0.9551497822331526,0.9576876115749524,0.9814155674762126,0.9422724691934226
70.85000000000001,0.9543726336148057,0.9863779334338576,0.9583710213846243,0.9554084052984952,0.9579395343782634,0.9815330810788475,0.9426056284398712
70.9,0.9546314402299396,0.9864687219724426,0.9586027657794136,0.9556660755254807,0.9581904813002531,0.9816500459103958,0.9429375857561458
70.95,0.9548893059173258,0.9865590352717065,0.9588336826090941,0.9559227799009413,0.9584404375949818,0.981766463793485,0.9432683243285062
71.0,0.9551462406844571,0.986648881986505,0.9590637876683659,0.9561785328020234,0.9586894114278515,0.9818823327635177,0.9435978588073277
71.05,0.955402235960704,0.9867382613205967,0.9592930714627997,0.956433328938417,0.9589374053260553,0.9819976616407623,0.9439261794755374
71.10000000000001,0.9556572970811342,0.9868271708242857,0.9595215358374792,0.9566871656426135,0.9591844110987701,0.9821124432074226,0.9442532910342775
71.15,0.9559114182650682,0.9869156151738308,0.959749173212505,0.9569400473847837,0.9594304311367106,0.9822266834583004,0.9445791906240826
71.2,0.9561646038032658,0.9870035992415064,0.9599759990385124,0.9571919692263524,0.9596754768216675,0.9823403821639404,0.9449038757798254
71.25,0.9564168515845439,0.987091120635532,0.960202002569413,0.9574429344702657,0.9599195325097525,0.9824535438434174,0.945227355165444
71.3,0.95666816558949,0.9871781817477712,0.9604271865925323,0.9576929446168729,0.9601626132486978,0.9825661687078482,0.9455496175264193
71.35000000000001,0.956918540608841,0.9872647850190486,0.9606515492085592,0.9579419990604643,0.960404710415085,0.9826782533049705,0.9458706664266596
71.4,0.957167980555059,0.9873509319813858,0.9608750943913847,0.9581900942748043,0.960645827427159,0.982789806441331,0.9461905021590048
71.45,0.9574164849197048,0.9874366254812774,0.9610978180619218,0.9584372348581329,0.9608859641775453,0.9829008275882076,0.9465091268095362
71.5,0.9576640499435352,0.9875218663071863,0.9613197243546208,0.9586834180962585,0.9611251150292632,0.9830113115600654,0.9468265384328538
71.55,0.9579106788874764,0.9876066579565739,0.9615408172702067,0.9589286512610227,0.9613632955902155,0.9831212676936909,0.9471427376648645
71.60000000000001,0.9581563761117206,0.9876909965662926,0.9617610858611491,0.9591729241238148,0.9616004973540804,0.9832306955516746,0.9474577224418912
71.65,0.9584011367680854,0.9877748822449809,0.9619805364858861,0.9594162423070625,0.9618367183524591,0.9833395994198699,0.9477714902948365
71.7,0.9586449583027181,0.987858332023348,0.9621991722953229,0.9596586071633095,0.9620719676771627,0.9834479714896095,0.94808404782151
71.75,0.9588878512629253,0.9879413325051338,0.9624169846125816,0.9599000215175462,0.962306237936834,0.9835558229275974,0.9483953898909665
71.8,0.9591297990751781,0.9880238878052356,0.9626339828652547,0.9601404763275863,0.9625395302527271,0.9836631493129597,0.9487055189850215
71.85000000000001,0.9593708224870932,0.9881060027319357,0.962850158965069,0.9603799777282651,0.9627718519183001,0.9837699559175892,0.9490144347999057
71.9,0.9596109068664682,0.9881876811976348,0.9630655231092835,0.960618527627293,0.9630031959863041,0.9838762365492209,0.9493221352530379
71.95,0.9598500581354361,0.9882689186154916,0.9632800655100808,0.9608561257625094,0.9632335728901333,0.9839820048353805,0.9496286242406013
72.0,0.960088278635395,0.9883497179075844,0.9634937924317274,0.9610927721508544,0.9634629693099441,0.9840872510043993,0.9499339040577268
72.05,0.9603255616792234,0.9884300838932704,0.9637067060569381,0.961328465181206,0.9636914006595172,0.9841919816930943,0.9502379622849225
72.10000000000001,0.9605619132698217,0.9885100159554545,0.9639187966360189,0.9615632033739145,0.9639188540222026,0.9842961986453798,0.9505408128290601
72.15,0.9607973279528597,0.9885895237413327,0.9641300802303678,0.9617969969395093,0.9641453457125039,0.9843999047170497,0.9508424467328633
72.2,0.9610318140667706,0.988668590440797,0.9643405420479303,0.9620298361201558,0.9643708611756294,0.9845030948307313,0.9511428715910957
72.25,0.9612653697689681,0.9887472310940296,0.9645501916303136,0.9622617283467956,0.964595416386554,0.9846057740584181,0.9514420838517327
72.3,0.9614979971992244,0.9888254479913782,0.9647590248675806,0.9624926713230924,0.9648189988420395,0.9847079498871685,0.9517400836705217
72.35000000000001,0.9617296862421285,0.9889032416216301,0.9649670439452918,0.9627226647960807,0.9650416154815129,0.9848096172193874,0.9520368735555701
72.4,0.9619604518161466,0.9889806061807196,0.9651742544145647,0.962951711058575,0.9652632665862217,0.9849107765342903,0.9523324534369765
72.45,0.9621902798906039,0.9890575490902456,0.9653806453353886,0.9631798121471093,0.9654839531057525,0.9850114272551618,0.9526268199147984
72.5,0.9624191839454441,0.9891340736118356,0.9655862234366908,0.9634069653278514,0.9657036790570526,0.9851115818425796,0.9529199802112347
72.55,0.9626471576579552,0.9892101781987785,0.9657909869525543,0.9636331690428617,0.9659224379152593,0.9852112323703808,0.953211926543327
72.60000000000001,0.9628742072552963,0.989285865217512,0.9659949461559126,0.963858427699843,0.9661402393513912,0.9853103842888193,0.9535026662146074
72.65,0.9631003231667941,0.9893611397229879,0.9661980876638823,0.9640827454006472,0.9663570774433987,0.9854090319018332,0.9537921958111806
72.7,0.9633255186400871,0.9894359924642204,0.9664004226725411,0.9643061191974445,0.96657295773789,0.9855071854192528,0.9540805170315785
72.75,0.9635497847080301,0.9895104406249993,0.9666019414897536,0.9645285502523782,0.9667878779826626,0.9856048438491465,0.9543676385101403
72.8,0.9637731217018762,0.9895844735956005,0.9668026542856805,0.9647500362988333,0.9670018428447918,0.9857020049859057,0.9546535497020887
72.85000000000001,0.9639955367793489,0.9896580955416632,0.9670025560315202,0.9649705826827584,0.967214851826457,0.985798677268517,0.9549382517903848
72.9,0.9642170299801301,0.9897313115300568,0.9672016470375528,0.9651901879108534,0.967426905886007,0.9858948544544567,0.9552217509051433
72.95,0.9644375948775815,0.9898041201994515,0.9673999346463104,0.96540885526417,0.9676380017224915,0.9859905433202871,0.9555040440586434
73.0,0.9646572405627836,0.989876524013177,0.9675974110840215,0.9656265799665267,0.9678481499544225,0.9860857373397907,0.9557851362936554
73.05,0.9648759635929947,0.9899485227161149,0.9677940789817174,0.965843369930484,0.9680573462761544,0.9861804480429102,0.9560650212908223
73.10000000000001,0.9650937604177368,0.9900201177986875,0.9679899430025416,0.9660592174328019,0.9682655897978872,0.9862746719126594,0.956343709168527
73.15,0.9653106410447545,0.9900913174929261,0.9681849984747726,0.9662741351157509,0.9684728891208747,0.9863684134767707,0.9566211927048562
73.2,0.9655266016342215,0.9901621181131388,0.968379250798171,0.9664881138560304,0.9686792353938092,0.9864616703509168,0.9568974804455282
73.25,0.9657416410335076,0.9902325171065727,0.9685727010474892,0.9667011592059612,0.9688846359398179,0.9865544444796237,0.9571725619411486
73.3,0.965955765612835,0.9903025202510605,0.9687653421262135,0.9669132719018605,0.9690890932494668,0.9866467400481953,0.9574464510042849
73.35000000000001,0.9661689695252793,0.9903721341089905,0.9689571838307487,0.9671244504256777,0.9692926118362526,0.9867385568611372,0.957719141152816
73.4,0.9663812581528012,0.9904413525176153,0.9691482194514001,0.9673346985068958,0.9694951789257682,0.9868298962504265,0.9579906351664357
73.45,0.9665926348299081,0.9905101781706562,0.9693384583361166,0.9675440167673255,0.9696968081689056,0.986920755621128,0.9582609317714036
73.5,0.9668030928958016,0.990578612039601,0.9695278910885624,0.9677524023511963,0.9698974946551757,0.9870111455530538,0.9585300397603873
73.55,0.9670126396951586,0.9906466628261071,0.9697165331722771,0.9679598665499517,0.9700972501345808,0.9871010625855587,0.9587979512853078
73.60000000000001,0.9672212702035046,0.9907143225569434,0.9699043607046978,0.9681663986936687,0.9702960632160612,0.9871904973889072,0.9590646643717575
73.65,0.9674289900355972,0.9907816010871124,0.9700914005227625,0.9683720019983559,0.9704939388574556,0.9872794716941025,0.9593301968646725
73.7,0.9676358023888767,0.9908484896546439,0.9702776397015089,0.9685766841643155,0.970690886344437,0.9873679768251914,0.9595945359842015
73.75,0.9678417026698662,0.9909150028947546,0.9704630780404931,0.9687804425244821,0.9708868951891421,0.9874560135905145,0.959857685370212
73.8,0.9680466939316719,0.9909811299901461,0.9706477258446682,0.9689832769509273,0.9710819749763219,0.9875435817704397,0.960119647848824
73.85000000000001,0.9682507794662041,0.991046881633451,0.9708315751406825,0.9691851943084469,0.9712761297011838,0.9876306910594496,0.9603804252850042
73.9,0.9684539565326449,0.9911122522170216,0.9710146282838688,0.9693861877694492,0.9714693484220089,0.987717332838427,0.9606400247754916
73.95,0.968656227394098,0.9911772482893376,0.9711968944308369,0.9695862575887284,0.971661645775221,0.9878035138375949,0.9608984332974778
74.0,0.9688575955806491,0.9912418615520013,0.9713783617787943,0.9697854172224989,0.971853016902915,0.9878892294705078,0.961155659226307
74.05,0.9690580595137662,0.9913061067219131,0.9715590380352154,0.9699836551212015,0.9720434639738924,0.9879744887675699,0.961411711093985
74.10000000000001,0.9692576218635448,0.9913699833672441,0.9717389249912742,0.9701809787283815,0.9722329906938425,0.9880592948115885,0.9616665767591874
74.15,0.969456282489737,0.9914334852271586,0.971918022600921,0.9703773908330335,0.9724215897807171,0.9881436412467679,0.9619202661137365
74.2,0.9696540471636792,0.9914966203496328,0.9720963289199447,0.9705728890319263,0.9726092792814327,0.9882275334819677,0.9621727820292324
74.25,0.9698509081448742,0.9915593836240926,0.9722738461589839,0.9707674729148068,0.9727960438883021,0.9883109751945623,0.962424123300171
74.3,0.9700468729483265,0.9916217824061928,0.9724505787592566,0.9709611516992264,0.9729818988545346,0.9883939610163573,0.9626742930904248
74.35000000000001,0.9702419436917148,0.9916838199019797,0.9726265283821387,0.9711539158438867,0.9731668391605545,0.9884765009372626,0.9629232878552066
74.4,0.9704361155276362,0.9917454938733887,0.9728016894900806,0.9713457769614333,0.973350865241579,0.9885585899219187,0.9631711165358798
74.45,0.9706293940063233,0.9918067992399993,0.9729760648998563,0.971536731975838,0.9735339792690434,0.9886402272009418,0.963417774604993
74.5,0.9708217811587114,0.9918677516560577,0.9731496578629131,0.9717267838848854,0.9737161898039466,0.9887214266459279,0.9636632627642866
74.55,0.9710132801855598,0.9919283417133727,0.973322473991147,0.9719159302024519,0.973897489487218,0.9888021764588335,0.9639075888501922
74.60000000000001,0.9712038907145306,0.9919885724779561,0.9734945027012996,0.9721041737994819,0.9740778877425085,0.9888824848426805,0.9641507538285052
74.65,0.9713936074928948,0.992048450032256,0.9736657500777716,0.9722915201166062,0.9742573779631627,0.9889623495341651,0.964392754351459
74.7,0.9715824365233023,0.9921079715474126,0.9738362264460376,0.9724779651925632,0.9744359657068777,0.9890417759874439,0.9646336003892974
74.75,0.9717703840791952,0.9921671400962511,0.9740059224482825,0.9726635178980783,0.9746136563871249,0.9891207620038602,0.9648732793537197
74.8,0.9719574407972177,0.9922259543777698,0.9741748396988468,0.9728481711070419,0.9747904474137492,0.9891993112356312,0.9651118120732354
74.85000000000001,0.9721436188278111,0.9922844229703129,0.9743429816005127,0.9730319299350514,0.9749663468366693,0.9892774268335796,0.9653491818050735
74.9,0.9723289194498341,0.9923425369196328,0.9745103480728485,0.9732147955891728,0.9751413455424809,0.989355104396586,0.9655854044021128
74.95,0.9725133333959126,0.9924003079474836,0.9746769477485289,0.973396773163698,0.9753154580915655,0.989432351765865,0.9658204742473302
75.0,0.9726968753109355,0.9924577322466475,0.9748427741113462,0.9735778604159293,0.9754886715556629,0.9895091669006693,0.9660543949369429
75.05,0.9728795337061207,0.9925148061118547,0.9750078270936513,0.9737580627573231,0.9756610033949686,0.9895855496089285,0.966287165816291
75.10000000000001,0.9730613201418512,0.992571540893481,0.9751721088115567,0.9739373731592674,0.9758324445389337,0.9896615048372659,0.9665187973005958
75.15,0.9732422286924578,0.992627937579851,0.975335624376606,0.9741158002888335,0.9760030015763035,0.9897370341602455,0.9667492858511244
75.2,0.9734222694469055,0.992683986174995,0.9754983767208241,0.9742933465453288,0.976172680588964,0.9898121382332941,0.9669786318417313
75.25,0.9736014325871974,0.9927396985637631,0.9756603573265328,0.9744700127452969,0.9763414695628645,0.989886815519601,0.9672068366932188
75.3,0.9737797313793036,0.9927950721166043,0.9758215729464391,0.9746457969699895,0.9765093857306213,0.9899610679319188,0.9674339070582894
75.35000000000001,0.9739571622006071,0.9928501114603929,0.9759820290664121,0.9748207055928441,0.9766764208130363,0.9900349042290808,0.9676598409921513
75.4,0.9741337269542851,0.9929048187335634,0.9761417227044,0.9749947368436003,0.9768425858957026,0.9901083144854811,0.9678846407162982
75.45,0.9743094248795637,0.9929591862273341,0.9763006606222271,0.975167896116325,0.9770078780521347,0.9901813133323847,0.9681083159235576
75.5,0.9744842601963715,0.9930132233385063,0.9764588340482347,0.9753401799837954,0.9771722902283373,0.9902538902336564,0.9683308570848834
75.55,0.9746582319133656,0.9930669297875857,0.976616249691577,0.9755115925893938,0.9773358432861159,0.9903260520594981,0.9685522768232363
75.60000000000001,0.9748313466755123,0.9931203084475377,0.9767729056776543,0.9756821380410867,0.977498523045877,0.9903978010305605,0.9687725677698681
75.65,0.9750036023657229,0.9931733587434708,0.9769288143311179,0.9758518166624068,0.9776603423025243,0.9904691383772762,0.9689917398533013
75.7,0.9751749986214799,0.9932260790065339,0.977083965760817,0.9760206297902436,0.9778212955166262,0.9905400583821693,0.9692097879773006
75.75,0.9753455448806417,0.9932784783240376,0.977238361974495,0.9761885785894776,0.9779813938711979,0.9906105733703322,0.9694267200915214
75.8,0.9755152355750755,0.99333055146746,0.9773920062489514,0.9763556686607417,0.9781406253620333,0.990680680054141,0.9696425457991242
75.85000000000001,0.9756840723839333,0.9933823028833837,0.9775449031941729,0.9765218924951977,0.9782990059004135,0.9907503745255017,0.9698572462792777
75.9,0.9758520626832158,0.9934337285262517,0.9776970508764931,0.9766872599324962,0.978456527540293,0.9908196669861679,0.9700708406758733
75.95,0.9760192068470921,0.9934848381420511,0.9778484544687794,0.9768517789517566,0.9786132000305605,0.9908885583126597,0.9702833301844438
76.0,0.9761855001310017,0.9935356327485534,0.9779991121198836,0.9770154348915517,0.9787690276782622,0.9909570438429519,0.9704947091485797
76.05,0.9763509515231731,0.9935861066503532,0.9781490255092913,0.9771782456506479,0.9789240005573039,0.9910251260310854,0.9707049894855192
76.10000000000001,0.9765155593432997,0.9936362664129031,0.9782981985307098,0.9773402029966772,0.9790781310885015,0.9910928110090592,0.9709141666572868
76.15,0.9766793296167102,0.9936861096570251,0.9784466295971442,0.9775013094648144,0.979231414697834,0.9911600976782295,0.9711222445197321
76.2,0.9768422550125764,0.9937356424870152,0.9785943170783256,0.9776615736062767,0.9793838604614851,0.9912269884488463,0.9713292253837713
76.25,0.977004348490744,0.9937848587638028,0.9787412674608613,0.9778209912616058,0.979535466257085,0.9912934807773152,0.9715351117475616
76.3,0.9771656036602545,0.9938337694823152,0.9788874819877993,0.9779795674749963,0.979686234442051,0.9913595800033845,0.9717399097858732
76.35000000000001,0.9773260269171304,0.9938823682145574,0.9790329615950393,0.9781373033527333,0.9798361698678058,0.9914252898650251,0.9719436153916567
76.4,0.9774856175829121,0.9939306587198597,0.979177711405347,0.9782942022498707,0.9799852729270326,0.9914906057738944,0.9721462433370964
76.45,0.977644380435716,0.9939786482936739,0.9793217301827084,0.978450263099915,0.9801335443286802,0.9915555337970088,0.9723477783722037
76.5,0.9778023148981291,0.9940263307128948,0.9794650137116367,0.9786054862707897,0.9802809897557994,0.9916200746190882,0.9725482358971779
76.55,0.9779594219217047,0.994073706512623,0.9796075712676899,0.9787598844680327,0.980427611534988,0.9916842265455308,0.972747612478618
76.60000000000001,0.9781157084068641,0.9941207840308864,0.97974940192651,0.9789134465218441,0.9805734077620812,0.9917479925853286,0.9729459185633542
76.65,0.9782711693753158,0.9941675565278558,0.9798905055395762,0.9790661842913263,0.9807183831326729,0.9918113784285979,0.9731431498372439
76.7,0.9784258105566902,0.9942140264539143,0.9800308873602429,0.9792180913827259,0.9808625402657374,0.9918743738344117,0.9733393089565563
76.75,0.9785796339913589,0.9942602068712773,0.9801705454878236,0.9793691822150291,0.9810058786541889,0.9919369945788261,0.9735343971975368
76.80000000000001,0.9787326447524347,0.9943060874587539,0.9803094838405753,0.9795194427079464,0.9811484081429456,0.9919992364318269,0.9737284273217538
76.85000000000001,0.9788848400058452,0.994351669586901,0.9804477052196152,0.97966888768351,0.9812901226906887,0.9920610993991757,0.9739213915629837
76.9,0.9790362249740506,0.9943969580664314,0.9805852068395566,0.9798175178632862,0.9814310340752633,0.9921225819703106,0.9741132952631397
76.95,0.9791867943054383,0.9944419567745497,0.9807219929267259,0.9799653300817551,0.981571132765973,0.9921836945423773,0.9743041404031498
77.0,0.9793365594948313,0.9944866617665429,0.9808580662676325,0.9801123304876233,0.9817104327925757,0.9922444328037827,0.9744939312967935
77.05000000000001,0.9794855151034783,0.9945310802842257,0.9809934269650804,0.9802585155197405,0.981848926111232,0.9923047953030102,0.9746826753687234
77.10000000000001,0.9796336774091376,0.9945752047342691,0.9811280808096908,0.9804038987627552,0.9819866294521631,0.9923647923558506,0.9748703709036428
77.15,0.9797810264956838,0.9946190400559859,0.9812620205186847,0.9805484706402994,0.9821235258600907,0.9924244130732991,0.9750570156245849
77.2,0.979927580338794,0.9946625919979601,0.9813952565900974,0.9806922400014139,0.9822596301831595,0.9924836705812393,0.9752426182082045
77.25,0.9800733359841156,0.9947058577294378,0.9815277839990648,0.9808352060991199,0.9823949456263025,0.9925425612006715,0.9754271802111034
77.30000000000001,0.9802182988057657,0.9947488420194737,0.9816596101163753,0.9809773750888371,0.9825294666700934,0.9926010896038185,0.9756107095261435
77.35000000000001,0.9803624689172402,0.9947915403636642,0.981790736202193,0.9811187415242469,0.982663208715351,0.9926592498136332,0.9757931981312036
77.4,0.9805058431842877,0.9948339630892331,0.9819211612443215,0.9812593156142811,0.9827961586584477,0.9927170503687479,0.9759746562244123
77.45,0.9806484341152744,0.9948761009372714,0.9820508870340743,0.9813991000530993,0.9829283289276669,0.992774491624513,0.976155095339815
77.5,0.980790232781888,0.9949179621274413,0.9821799175511641,0.9815380883915956,0.9830597201968004,0.9928315720925296,0.9763344968028441
77.55000000000001,0.980931248956515,0.9949595439978653,0.9823082553323963,0.9816762898671965,0.9831903354902098,0.9928882938750843,0.9765128768574974
77.60000000000001,0.98107148257462,0.9950008512133746,0.9824358952643536,0.981813705698944,0.9833201759635666,0.9929446611340813,0.9766902437856051
77.65,0.9812109371367352,0.9950418832966322,0.9825628485797109,0.9819503381019491,0.9834492432903961,0.9930006691231907,0.9768665895579342
77.7,0.9813496121180814,0.9950826410889566,0.9826891098212176,0.98208619229932,0.9835775462618122,0.9930563293240424,0.9770419224271667
77.75,0.9814875096478077,0.9951231320710316,0.9828146841679378,0.9822212601186764,0.9837050746772986,0.9931116369825154,0.9772162402228892
77.80000000000001,0.9816246424349204,0.9951633504077442,0.9829395756335333,0.9823555587625281,0.9838318434598738,0.9931665931973103,0.9773895555159118
77.85000000000001,0.9817609953520336,0.9952032931499732,0.983063781400348,0.9824890764701528,0.983957850510822,0.993221202030928,0.9775618626364894
77.9,0.9818965779362653,0.9952429729719817,0.983187307527247,0.9826218243236371,0.9840830938883749,0.9932754599616234,0.9777331689979923
77.95,0.982031397282989,0.9952823833540412,0.9833101497495316,0.9827538035346487,0.9842075859669455,0.9933293694026221,0.9779034752118281
78.0,0.9821654477609015,0.9953215317972204,0.9834323194151643,0.9828850151411925,0.984331324241503,0.9933829422841682,0.9780727897234128
78.05000000000001,0.9822987427636369,0.9953604078371034,0.9835538058150661,0.9830154602585253,0.9844543084813364,0.9934361614003471,0.9782411046350081
78.10000000000001,0.9824312726000975,0.9953990271050706,0.9836746236078563,0.9831451444745299,0.9845765435601835,0.9934890499935877,0.9784084347258906
78.15,0.9825630497156119,0.9954373846707616,0.9837947693264224,0.9832740692602487,0.9846980356049065,0.9935415945609216,0.9785747800855563
78.2,0.9826940645078552,0.9954754771500733,0.9839142415814016,0.9834022336802375,0.9848187744062558,0.9935937988196252,0.9787401394500606
78.25,0.9828243352343495,0.9955133138783544,0.9840330462099082,0.983529649203706,0.9849387826379162,0.9936456657254433,0.9789045180623006
78.30000000000001,0.9829538439813377,0.99555089126089,0.9841511873716642,0.9836563053278053,0.9850580522681714,0.9936971992327177,0.979067920550003
78.35000000000001,0.9830826103959465,0.9955882086745351,0.9842686577361405,0.9837822119832771,0.9851765795087866,0.9937483927727004,0.9792303494791175
78.4,0.9832106302682968,0.9956252762387925,0.9843854724750016,0.9839073728318422,0.9852943778661484,0.993799257348515,0.9793918096284232
78.45,0.9833379060622363,0.9956620837270288,0.9845016240814266,0.9840317920421288,0.9854114476963252,0.9938497904207833,0.9795522980966427
78.5,0.9834644364996266,0.9956986404125302,0.9846171161030655,0.984155455789446,0.9855277868238488,0.9938999911039588,0.9797118239596238
78.55000000000001,0.9835902366478866,0.9957349494751554,0.9847319526998053,0.9842783925523081,0.985643404594262,0.9939498632979364,0.9798703919032958
78.60000000000001,0.9837152927624375,0.9957710035828891,0.9848461318198263,0.9844005861714478,0.9857582939211109,0.9939994104878922,0.9800280004536138
78.65,0.9838396200728642,0.9958068070610651,0.9849596656154094,0.984522046289313,0.9858724678981216,0.9940486313440147,0.9801846506604878
78.7,0.9839632086198482,0.9958423643452374,0.9850725444937058,0.9846427693365107,0.9859859234309948,0.9940975249828177,0.9803403559285083
78.75,0.9840860692795538,0.9958776713842475,0.9851847688987981,0.9847627631957383,0.9860986613435311,0.994146095318792,0.9804951033103246
78.80000000000001,0.9842082095361683,0.9959127371050837,0.98529635148542,0.9848820302236627,0.9862106934522319,0.9941943469711315,0.9806489111090158
78.85000000000001,0.9843296154540675,0.9959475570503062,0.9854072948781945,0.9850005734282651,0.9863220143639508,0.9942422781500178,0.9808017804853226
78.9,0.9844503058274122,0.9959821329538996,0.9855175865348886,0.9851183919454488,0.9864326259605802,0.9942898912501026,0.9809537067736569
78.95,0.9845702703685926,0.9960164636838068,0.9856272412302409,0.985235490879763,0.986542536864553,0.9943371821508239,0.9811046992312411
79.0,0.9846895230674567,0.9960505598796248,0.9857362608623779,0.9853518701529895,0.986651749720929,0.9943841636882199,0.9812547579444629
79.05000000000001,0.9848080578176346,0.9960844130563038,0.9858446395123175,0.9854675373520401,0.986760260390463,0.9944308225902176,0.9814038925127102
79.10000000000001,0.9849258824284801,0.9961180283642275,0.9859523859091925,0.9855824870352594,0.9868680755801528,0.9944771774661018,0.9815521009288759
79.15,0.9850429898695515,0.9961514055907922,0.9860594993686904,0.9856967314192403,0.9869751971595467,0.9945232177856718,0.9816993871693902
79.2,0.9851593979755144,0.996184547337553,0.9861659808212012,0.985810264274045,0.9870816306937626,0.994568945771088,0.9818457499191997
79.25,0.9852751002105502,0.9962174526395038,0.9862718377715176,0.985923098362671,0.9871873756175127,0.9946143684291071,0.9819912055967686
79.30000000000001,0.9853900910267788,0.996250125650248,0.9863770654756384,0.9860352239049018,0.9872924335928055,0.9946594784692422,0.9821357457949569
79.35000000000001,0.9855043876135003,0.9962825679277982,0.9864816664008599,0.986146652553088,0.987396815205839,0.9947042851608349,0.9822793734852819
79.4,0.9856179859602014,0.9963147763076556,0.9865856509795575,0.9862573850113314,0.9875005124191927,0.9947487862903147,0.9824221015978065
79.45,0.9857308890877268,0.9963467537053758,0.9866890137762837,0.9863674215989902,0.9876035371955366,0.994792988085988,0.9825639280523939
79.5,0.985843103255837,0.9963785057060657,0.9867917600988932,0.9864767648013886,0.9877058863219805,0.9948368872808973,0.9827048555645186
79.55000000000001,0.9859546158862672,0.9964100259877469,0.9868938901214808,0.9865854166838088,0.9878075630079414,0.994880482853155,0.9828448862819318
79.60000000000001,0.9860654492471905,0.9964413244562021,0.986995402066955,0.9866933846339183,0.9879085748423295,0.9949237795284809,0.982984026539927
79.65,0.9861755967785079,0.9964723961507892,0.9870963079770079,0.986800667747051,0.9880089214451955,0.9949667825799065,0.983122275836707
79.7,0.986285063650002,0.9965032456875491,0.9871966037642769,0.986907274112327,0.9881086059721516,0.9950094872290534,0.9832596448996751
79.75,0.9863938486434375,0.9965338632375145,0.9872962916032819,0.987013195903755,0.9882076243221151,0.995051898656651,0.9833961293565623
79.80000000000001,0.986501951439411,0.9965642689392481,0.9873953749782504,0.9871184447635454,0.9883059896149813,0.9950940171413775,0.9835317389367272
79.85000000000001,0.9866093850994866,0.9965944516885923,0.9874938504435098,0.9872230201048322,0.9884037041359849,0.995135843712424,0.9836664707692726
79.9,0.9867161417842676,0.9966244099545492,0.9875917327524739,0.9873269201769421,0.9885007614053751,0.9951773779359914,0.9838003321125282
79.95,0.986822227935491,0.9966541551148014,0.9876890144008654,0.9874301557200886,0.9885971709536027,0.9952186206146264,0.9839333286405163
80.0,0.9869276464123817,0.9966836831055852,0.9877856953477633,0.9875327213511723,0.9886929346652402,0.9952595779173338,0.9840654578566437
80.05000000000001,0.9870324043245942,0.9967129948842439,0.9878817857520434,0.987634627397341,0.9887880604684818,0.9953002526088243,0.9841967292423266
80.10000000000001,0.9871364936148863,0.9967420889283979,0.98797728858026,0.9877358748415955,0.9888825411440109,0.9953406401249998,0.9843271413413228
80.15,0.9872399261390044,0.9967709735497154,0.9880721924849487,0.9878364626082023,0.9889763850881181,0.9953807426059134,0.9844567002781899
80.2,0.9873427048760219,0.9967996441557241,0.9881665126739041,0.9879363957220315,0.9890695958426781,0.9954205706502605,0.9845854142313738
80.25,0.9874448211053182,0.9968280984723232,0.988260244396518,0.988035676577156,0.9891621703092308,0.9954601084678469,0.9847132731524667
80.30000000000001,0.9875462924544232,0.996856350476993,0.988353397875137,0.9881343078443886,0.989254118596921,0.9954993734761701,0.9848402909727259
80.35000000000001,0.9876471073373716,0.9968843916239656,0.9884459686665819,0.9882322952694098,0.9893454387845688,0.9955383590339828,0.9849664703717497
80.4,0.98774728195661,0.9969122229351985,0.9885379614324485,0.9883296295578778,0.989436131526197,0.9955770588488546,0.9850918133754809
80.45,0.9878468094186746,0.9969398482596123,0.9886293731975808,0.9884263286701569,0.9895262088760384,0.9956154971250357,0.9852163272910529
80.5,0.9879456910699769,0.9969672666839138,0.9887202140752702,0.9885223851616463,0.9896156663136239,0.9956536550658647,0.9853400047547874
80.55000000000001,0.9880439383409938,0.9969944835060676,0.9888104795179927,0.9886178077579381,0.9897045074925724,0.9956915412954335,0.9854628610964935
80.60000000000001,0.9881415462082195,0.9970214961981809,0.9889001768308434,0.9887125987270441,0.9897927393434593,0.9957291576072922,0.9855848912834024
80.65,0.9882385252086046,0.9970483051196379,0.9889893066483624,0.9888067575802095,0.9898803570238104,0.9957665056275832,0.9857061038495377
80.7,0.9883348669695122,0.9970749143933333,0.9890778698948308,0.9889002847775319,0.9899673693208483,0.9958035824568288,0.9858265036300842
80.75,0.9884305779325766,0.9971013202912022,0.9891658702440524,0.9889931919574961,0.9900537749500151,0.9958403881701701,0.9859460909873813
80.80000000000001,0.9885256696895273,0.997127530131518,0.9892533093530738,0.9890854715324244,0.9901395839291743,0.9958769340613703,0.9860648659836438
80.85000000000001,0.9886201306586724,0.9971535415340315,0.9893401863402924,0.9891771321760258,0.99022478792118,0.9959132148759278,0.9861828406585162
80.9,0.9887139741788475,0.9971793598078524,0.9894265096138809,0.9892681765570328,0.990309400766644,0.9959492348453778,0.9863000119232985
80.95,0.9888071997220134,0.9972049784192861,0.989512277333398,0.9893586023740775,0.990393421644788,0.9959849925609561,0.98641638545038
81.0,0.9888998051776317,0.9972304031014743,0.9895974942084577,0.9894484173402468,0.9904768477668525,0.9960204900335058,0.9865319655346582
81.05000000000001,0.9889918022283773,0.9972556374768479,0.9896821580678794,0.9895376250357697,0.9905596884084725,0.9960557259955332,0.9866467522417164
81.10000000000001,0.9890831858957121,0.9972806769363185,0.9897662744811242,0.9896262285235579,0.9906419437847548,0.996090708256216,0.9867607561636901
81.15,0.9891739604622791,0.9973055223260399,0.9898498452639756,0.9897142218602937,0.9907236185272997,0.9961254317422713,0.9868739735417451
81.2,0.989264134852081,0.9973301832248579,0.9899328715990685,0.9898016159826706,0.990804714527806,0.9961599042083257,0.9869864132436035
81.25,0.9893536996840393,0.997354652903294,0.9900153599364017,0.9898884164094633,0.9908852349391447,0.9961941190038236,0.9870980705427639
81.30000000000001,0.9894426688897513,0.9973789364391156,0.9900973058186682,0.9899746149169104,0.9909651745720482,0.9962280839762981,0.9872089611532059
81.35000000000001,0.989531037948858,0.997403030706123,0.9901787162019126,0.9900602213708694,0.9910445489220606,0.9962617971599635,0.9873190799433211
81.4,0.9896188108261652,0.997426938771121,0.9902595922801192,0.9901452377286422,0.9911233528140035,0.9962952612951922,0.9874284334166927
81.45,0.9897059908902197,0.9974506676217222,0.9903399353642548,0.9902296657171773,0.9912015954567023,0.9963284836216854,0.9875370263403578
81.5,0.9897925861782116,0.9974742082089618,0.9904197486381531,0.9903135111678136,0.9912792725221157,0.9963614506620446,0.9876448527087285
81.55000000000001,0.9898785910202565,0.99749756400104,0.9904990316696093,0.9903967734567302,0.9913563897798586,0.9963941756448225,0.9877519291343608
81.60000000000001,0.9899640141304717,0.9975207412566425,0.9905777923260014,0.9904794551455969,0.9914329487527509,0.9964266557085864,0.987858253357794
81.65,0.9900488537172785,0.9975437454203178,0.9906560315178335,0.9905615598574841,0.9915089569965498,0.9964588974535304,0.9879638286079484
81.7,0.9901331148534855,0.9975665633130865,0.9907337480886849,0.9906430901295883,0.9915844143811694,0.9964908921600131,0.9880686636607308
81.75,0.9902167952322877,0.997589200680955,0.9908109406677709,0.9907240491689852,0.9916593200076,0.9965226463024451,0.9881727534036928
81.80000000000001,0.9902999043579315,0.9976116622735081,0.9908876245494813,0.990804439276052,0.9917336769358238,0.9965541654279979,0.9882761000365464
81.85000000000001,0.9903824473310829,0.9976339515937449,0.9909637884032851,0.9908842622529312,0.9918074975125547,0.9965854482251958,0.9883787206710231
81.9,0.9904644128583279,0.9976560617301774,0.9910394445582672,0.9909635232913212,0.9918807727050858,0.9966164957578525,0.98848060552634
81.95,0.9905458160116045,0.9976779997022739,0.9911145899904585,0.9910422229575561,0.9919535121837023,0.996647305370561,0.9885817685671197
82.0,0.9906266509187569,0.9976997659140765,0.9911892240105246,0.9911203637397522,0.9920257181559607,0.9966778762410915,0.9886822001689404
82.05000000000001,0.9907069317615412,0.9977213567643708,0.9912633513015379,0.9911979530352384,0.9920973889539753,0.9967082225742843,0.9887819171445309
82.10000000000001,0.9907866503443837,0.997742779126997,0.991336984163872,0.991274984764284,0.992168531868611,0.9967383374064693,0.9888809178808858
82.15,0.9908658166821825,0.9977640299419676,0.9914101065888681,0.991351465707714,0.9922391453116481,0.9967682166027059,0.9889791993638256
82.2,0.9909444288084709,0.9977851150881276,0.9914827410917986,0.9914274043442362,0.9923092418787809,0.9967978737886559,0.9890767777358133
82.25,0.9910224878121512,0.997806030304905,0.9915548710486874,0.9915027953554911,0.9923788091720545,0.996827302271825,0.9891736501871041
82.30000000000001,0.9911000004315293,0.997826777158678,0.9916265094249794,0.9915776437272782,0.9924478606982876,0.9968565059507677,0.9892698150913521
82.35000000000001,0.9911769653064928,0.9978473581631482,0.9916976553588105,0.9916519548744254,0.9925163980658029,0.9968854833821175,0.9893652809101655
82.4,0.991253396002415,0.9978677789811593,0.9917683125073911,0.9917257287723668,0.9925844202300259,0.9969142385736139,0.9894600605235486
82.45,0.9913292779709699,0.9978880345563681,0.9918384833502131,0.991798967428644,0.9926519351983325,0.996942772599331,0.989554139351202
82.5,0.9914046250689817,0.9979081271764907,0.9919081681785811,0.9918716762770001,0.992718938562658,0.9969710838021135,0.989647530384706
82.55000000000001,0.9914794376588107,0.9979280510980885,0.991977371113989,0.991943859540322,0.9927854386411888,0.9969991772530196,0.9897402350503052
82.60000000000001,0.9915537196264278,0.9979478249833386,0.9920460920524761,0.9920155087958664,0.9928514368152879,0.9970270520888935,0.9898322627395304
82.65,0.9916274704572389,0.9979674344336094,0.9921143351227195,0.9920866396164476,0.992916934211054,0.9970547106266048,0.9899236102887752
82.7,0.991700696984244,0.9979868834375474,0.9921821047573571,0.9921572508322505,0.9929819395020308,0.9970821521690014,0.9900142855536018
82.75,0.991773392852399,0.9980061750644627,0.992249394377706,0.9922273439049769,0.9930464482540967,0.9971093795786137,0.9901042856606379
82.80000000000001,0.9918455712991388,0.998025311831888,0.9923162195042048,0.9922969195533325,0.9931104609652224,0.9971363915995612,0.9901936223477013
82.85000000000001,0.9919172338979586,0.9980442933245289,0.9923825704241369,0.9923659832312055,0.9931739895877585,0.9971631976025961,0.9902822916513956
82.9,0.9919883722388514,0.9980631189987936,0.992448457896786,0.9924345396299589,0.9932370311787464,0.9971897906286113,0.9903703022491157
82.95,0.9920590004878678,0.9980817896158742,0.9925138789506087,0.9925025854283094,0.9932995884039206,0.9972161741046455,0.9904576568454526
83.0,0.9921291174817698,0.998100308954242,0.9925788375296302,0.9925701279693728,0.9933616668108635,0.9972423482878106,0.9905443511879471
83.05000000000001,0.9921987258251483,0.9981186766733832,0.9926433404286918,0.9926371722863117,0.9934232676712047,0.9972683190025551,0.9906304039793412
83.10000000000001,0.9922678286200182,0.998136895888905,0.9927073783507129,0.9927037109212298,0.9934843923557963,0.9972940778606078,0.9907158003200716
83.15,0.9923364268847288,0.9981549588270267,0.9927709598662091,0.9927697563267028,0.9935450410763239,0.9973196382073832,0.9908005632237552
83.2,0.9924045247435889,0.9981728713785925,0.992834092264457,0.9928353051573353,0.9936052225184863,0.9973449924155044,0.9908846834289857
83.25,0.9924721220465977,0.9981906449014837,0.9928967722995155,0.9929003668496761,0.9936649380434297,0.9973701463171354,0.9909681616889119
83.30000000000001,0.9925392260614839,0.9982082651967883,0.9929590035147775,0.9929649366390901,0.9937241906661254,0.9973950949340373,0.9910510131199397
83.35000000000001,0.9926058353139042,0.9982257380599356,0.9930207862553391,0.9930290176289228,0.9937829739991109,0.9974198471475912,0.9911332318518953
83.4,0.9926719544562048,0.9982430771011941,0.9930821297180065,0.9930926247421787,0.9938413059762119,0.9974444036008213,0.9912148262700102
83.45,0.9927375830928268,0.9982602587470409,0.9931430232957208,0.9931557409150464,0.9938991759448356,0.9974687574152152,0.9912957960099408
83.5,0.9928027312408498,0.9982773016399874,0.9932034804842155,0.9932183822751479,0.9939565952314695,0.9974929219683016,0.9913761470961923
83.55000000000001,0.9928673905824178,0.9982942025112885,0.9932634987901927,0.9932805434155245,0.9940135581847567,0.9975168855577985,0.9914558832938785
83.60000000000001,0.9929315737700666,0.9983109584047571,0.9933230813709081,0.9933422422155181,0.9940700733559176,0.9975406570371821,0.9915350031800895
83.65,0.9929952790108706,0.9983275793688848,0.9933822356805462,0.9934034634251303,0.9941261440410694,0.9975642393982275,0.991613518967871
83.7,0.9930585062314257,0.9983440565556893,0.9934409535468767,0.993464214080326,0.9941817705791307,0.9975876294330615,0.9916914250591911
83.75,0.9931212609895822,0.9983603947413032,0.9934992422534994,0.9935245072875488,0.9942369579424547,0.9976108307633901,0.9917687335752836
83.80000000000001,0.9931835437740748,0.9983765986918527,0.9935571039478732,0.9935843316083577,0.9942917030105135,0.9976338357016443,0.991845437477537
83.85000000000001,0.9932453619962119,0.9983926649003158,0.9936145436526957,0.9936436984887849,0.9943460136564513,0.9976566601326906,0.9919215471330364
83.9,0.9933067126991126,0.9984085940642032,0.9936715556466931,0.993702604530273,0.9943998891799422,0.9976792972189449,0.991997067949026
83.95,0.9933676009399919,0.9984243856490784,0.993728152813052,0.9937610578001168,0.9944533358313974,0.9977017456546813,0.9920719966534821
84.0,0.9934280275155354,0.9984400453373375,0.9937843291863975,0.9938190610830971,0.994506353960286,0.9977240148774554,0.9921463419429273
84.05000000000001,0.9934879979076152,0.9984555737028011,0.9938400959432074,0.9938766092507817,0.994558947388213,0.9977460951380416,0.9922201014546094
84.10000000000001,0.9935475135503625,0.9984709693241229,0.9938954418892504,0.9939337131790043,0.9946111130386646,0.9977679974665822,0.9922932872161513
84.15,0.9936065767953123,0.9984862317209731,0.9939503780939116,0.9939903739457558,0.994662861963325,0.9977897182356495,0.9923658945228735
84.2,0.9936651906463528,0.9985013635124167,0.9940049031734013,0.9940465852923435,0.99471418942993,0.99781125823005,0.9924379303415685
84.25,0.993723353550779,0.9985163653318092,0.9940590250433591,0.9941023622011986,0.9947651079172412,0.9978326222300669,0.9925093951908157
84.30000000000001,0.9937810738398283,0.9985312356284495,0.9941127405971846,0.9941577034330786,0.9948156078741113,0.9978538080613523,0.992580295621224
84.35000000000001,0.9938383480775133,0.9985459868998479,0.9941660528496818,0.9942126056041778,0.9948656963207527,0.9978748180520932,0.9926506374586916
84.4,0.9938951871900648,0.9985606038428176,0.9942189645670815,0.9942670777489517,0.9949153780351994,0.997895650936889,0.9927204136334535
84.45,0.9939515848316722,0.9985750977502204,0.9942714779684831,0.9943211228045421,0.9949646577563552,0.9979163132740569,0.9927896422048508
84.5,0.9940075478974292,0.9985894644398026,0.9943235938524059,0.9943747367849892,0.99501353002687,0.9979368038451768,0.9928583133877487
84.55000000000001,0.9940630794540106,0.9986037064001364,0.9943753188543002,0.9944279303205525,0.9950620027258286,0.9979571207408304,0.9929264372681591
84.60000000000001,0.9941181787565826,0.9986178268349244,0.9944266505397226,0.9944806973576461,0.9951100817894509,0.9979772651288785,0.9929940125314131
84.65,0.9941728531570071,0.9986318237340952,0.9944775921363815,0.994533046040786,0.9951577571011361,0.9979972413887757,0.99306104649039
84.7,0.9942270971819085,0.9986456958779643,0.9945281492756114,0.9945849781928033,0.9952050479135373,0.9980170489163048,0.993127541949711
84.75,0.9942809194504261,0.9986594455592144,0.9945783140230553,0.9946364959938051,0.9952519451233189,0.9980366902297158,0.9931934970842371
84.80000000000001,0.9943343248153219,0.9986730819361,0.9946280985784847,0.9946876002499047,0.9952984506972002,0.9980561636516728,0.9932589270021737
84.85000000000001,0.9943873085006628,0.9986865962724087,0.9946775076228849,0.9947382967160662,0.9953445703497886,0.998075473111937,0.993323821744764
84.9,0.9944398798836807,0.9986999884344967,0.9947265291294217,0.9947885853648966,0.9953903123839213,0.9980946211789233,0.9933881905539437
84.95,0.9944920338280155,0.9987132656514771,0.9947751770219596,0.994838467926263,0.9954356685033654,0.9981136036262277,0.9934520381575399
85.0,0.9945437782496611,0.9987264263507913,0.9948234506321094,0.9948879457200578,0.9954806433920713,0.9981324242122999,0.9935153659221401
85.05000000000001,0.9945951110569005,0.998739471972118,0.9948713503198618,0.9949370255430094,0.9955252449075646,0.9981510831275813,0.9935781744046086
85.10000000000001,0.9946460436472789,0.9987523992885265,0.9949188803596867,0.9949857100790667,0.9955694764447115,0.9981695832808093,0.9936404711900972
85.15,0.9946965716102102,0.9987652095492192,0.99496604071973,0.9950339976105742,0.99561333405697,0.9981879290073934,0.9937022547978059
85.2,0.9947466972302254,0.9987779115154343,0.9950128394176285,0.9950818921548233,0.9956568214337699,0.9982061133642017,0.9937635320210235
85.25,0.9947964209344597,0.9987905021615952,0.9950592690459082,0.9951293982973447,0.995699947528462,0.9982241432369563,0.9938243047654154
85.30000000000001,0.9948457503115655,0.9988029736189941,0.9951053388900692,0.995176510963518,0.9957427028118471,0.9982420161324255,0.9938845791790061
85.35000000000001,0.9948946842532755,0.9988153417353904,0.9951510493611334,0.995223248851133,0.9957850941490192,0.9982597367989009,0.9939443500115266
85.4,0.9949432268507974,0.99882759547379,0.9951963973209943,0.9952695934010193,0.9958271354547322,0.9982773021546778,0.9940036318777253
85.45,0.9949913812138532,0.9988397369526161,0.9952413898286838,0.995315563228202,0.9958688143648151,0.9982947141653573,0.9940624220154014
85.5,0.9950391472420057,0.9988517725664643,0.9952860304518079,0.9953611509012307,0.9959101364164364,0.9983119774398193,0.9941207209940547
85.55000000000001,0.9950865324685886,0.9988637004335875,0.9953303235372033,0.9954063631945413,0.9959511111905923,0.9983290908184581,0.994178536099192
85.60000000000001,0.9951335297318548,0.9988755222309462,0.9953742611211529,0.9954512031639493,0.995991730218331,0.9983460531781593,0.9942358674036983
85.65,0.9951801529622466,0.9988872318175623,0.9954178508711862,0.995495672400945,0.9960320068189635,0.9983628694528838,0.9942927196577069
85.7,0.9952263931070646,0.9988988382612762,0.9954610983083045,0.9955397699609765,0.9960719340030377,0.9983795386499068,0.9943490919963291
85.75,0.9952722591760647,0.9989103434565135,0.9955040017677355,0.9955835038476514,0.9961115202686919,0.9983960578422659,0.9944049961421878
85.80000000000001,0.9953177512053066,0.9989217414063143,0.9955465657364018,0.9956268724363448,0.9961507661807064,0.9984124368517879,0.9944604275090261
85.85000000000001,0.995362873610161,0.9989330363237221,0.9955887866015445,0.9956698788944365,0.996189670172703,0.9984286678404907,0.9945153923688499
85.9,0.9954076271897451,0.9989442306131747,0.9956306725039459,0.9957125258968765,0.9962282394803528,0.9984447627299871,0.9945698952774873
85.95,0.9954520160727868,0.9989553184036253,0.9956722178429708,0.9957548129601461,0.9962664756721535,0.9984607096108591,0.9946239326618576
86.0,0.9954960406953923,0.9989663068114243,0.995713435276165,0.9957967450046836,0.9963043777431888,0.9984765181491752,0.9946775150031102
86.05000000000001,0.9955397024191263,0.9989771949829235,0.9957543193034197,0.9958383289385035,0.9963419539267033,0.9984921823441375,0.994730640602658
86.10000000000001,0.9955830072574359,0.9989879853947776,0.995794874077966,0.9958795611799595,0.9963791995099263,0.9985077123747941,0.9947833188103505
86.15,0.9956259496245585,0.9989986741108539,0.9958351041406996,0.9959204463593357,0.996416123237206,0.9985231036570132,0.994835540474301
86.2,0.9956685394944157,0.999009269534834,0.9958750033618231,0.9959609841651154,0.9964527212489527,0.9985383573399491,0.9948873218318419
86.25,0.995710779525663,0.9990197602127826,0.9959145807135137,0.9960011746514493,0.9964889987773944,0.9985534730285901,0.9949386551127768
86.30000000000001,0.9957526655892106,0.9990301576140184,0.995953843313413,0.99604103203601,0.9965249590189734,0.9985684542112592,0.9949895525376335
86.35000000000001,0.9957942080848696,0.9990404606705207,0.9959927815025102,0.996080545570571,0.9965606037031822,0.998583303374937,0.995040009654892
86.4,0.9958353993614336,0.9990506646722974,0.9960314026606703,0.996119718534955,0.9965959305339516,0.9985980197774176,0.9950900324694202
86.45,0.9958762491435984,0.9990607803829146,0.9960697038030925,0.9961585589609872,0.9966309475742716,0.9986126015765755,0.9951396215563907
86.5,0.9959167591303724,0.9990707946701565,0.9961076967918312,0.9961970702303695,0.9966656559345897,0.998627051381079,0.9951887843822589
86.55000000000001,0.9959569275175946,0.9990807200782353,0.9961453788090062,0.9962352491506163,0.9967000585754564,0.9986413724395271,0.9952375263325157
86.60000000000001,0.9959967591055416,0.9990905516952923,0.9961827494667361,0.9962730992876648,0.9967341518489088,0.9986555634494227,0.9952858394503015
86.65,0.9960362558647422,0.9991002932518451,0.9962198114590219,0.996310625154121,0.9967679432247571,0.9986696278439303,0.9953337341945536
86.7,0.9960754193603634,0.9991099427216885,0.9962565708874617,0.9963478323404463,0.9968014337150761,0.9986835654639173,0.9953812153877658
86.75,0.9961142540251555,0.9991195037137452,0.9962930244581971,0.9963847104737158,0.9968346256680729,0.9986973746107328,0.9954282763861297
86.80000000000001,0.9961527609360054,0.9991289730276592,0.9963291749535892,0.9964212678816995,0.9968675182859099,0.9987110559844297,0.9954749288699261
86.85000000000001,0.9961909376929002,0.9991383492628794,0.9963650250570184,0.9964575131034172,0.9969001172486186,0.998724612466962,0.9955211708224363
86.9,0.9962287916739289,0.9991476448649507,0.9964005812120684,0.9964934417562896,0.9969324262957469,0.9987380513185996,0.995567009135069
86.95,0.9962663270650332,0.9991568445828499,0.9964358384147336,0.9965290591491773,0.9969644407909766,0.9987513638067511,0.9956124430965517
87.0,0.996303541233783,0.9991659661765547,0.9964708020967528,0.996564362555155,0.9969961718523404,0.9987645544810431,0.9956574783105047
87.05000000000001,0.996340436088302,0.9991749961197841,0.9965054743317344,0.9965993586485115,0.9970276109859448,0.9987776166551268,0.9957021132292243
87.10000000000001,0.9963770177410542,0.999183942329373,0.9965398523680835,0.9966340489745771,0.9970587654994276,0.998790570372539,0.9957463507591893
87.15,0.9964132813258054,0.9991928022576889,0.9965739480723362,0.9966684380707072,0.9970896413531632,0.998803399288622,0.9957902030226209
87.2,0.9964492381769645,0.9992015794084618,0.9966077538515707,0.9967025209151673,0.9971202337008134,0.9988161076597879,0.9958336655175044
87.25,0.9964848834952731,0.9992102731616919,0.9966412746246275,0.9967363029272037,0.9971505549749228,0.9988287016701658,0.9958767337641372
87.30000000000001,0.9965202211640849,0.9992188809709814,0.9966745114453801,0.9967697925271564,0.9971805909900127,0.9988411828383132,0.9959194284444597
87.35000000000001,0.996555258397416,0.9992274113943486,0.996707468207293,0.9968029834338321,0.9972103546483342,0.9988535413210888,0.9959617375948107
87.4,0.9965899886651908,0.999235855568551,0.9967401486810716,0.9968358765448642,0.9972398495435987,0.9988657865578279,0.9960036658875276
87.45,0.9966244190699367,0.9992442208606236,0.9967725462687009,0.9968684802534016,0.9972690752130267,0.9988779214924157,0.9960452239926415
87.5,0.9966585503028667,0.9992525047161032,0.9968046733752189,0.9969007954421214,0.9972980300161324,0.9988899407111216,0.9960864039796169
87.55000000000001,0.9966923812519857,0.9992607117825518,0.9968365214548162,0.9969328193444857,0.9973267158406232,0.9989018461192203,0.9961272158484538
87.60000000000001,0.9967259211209549,0.9992688395988488,0.9968681005719461,0.9969645600832813,0.9973551408662533,0.9989136409175625,0.9961676583843936
87.65,0.9967591679746297,0.9992768849112019,0.996899413101317,0.996996020886123,0.9973833025556949,0.9989253292521016,0.996207739535852
87.7,0.9967921228074896,0.9992848564849501,0.996930455106161,0.997027195962352,0.9974112019110295,0.998936906137153,0.9962474555660477
87.75,0.996824790773885,0.999292748712139,0.9969612257844642,0.9970580918509276,0.997438844453417,0.998948370860016,0.996286812194572
87.80000000000001,0.9968571717970829,0.9993005629267175,0.9969917367138249,0.9970887112613499,0.997466232582516,0.998959729022741,0.9963258083105192
87.85000000000001,0.9968892685345089,0.9993083031315222,0.997021982992046,0.9971190577027227,0.9974933665877596,0.9989709810056142,0.9963644577402943
87.9,0.9969210773622063,0.9993159672016728,0.9970519713464111,0.997149120489184,0.9975202470426928,0.9989821233933713,0.9964027489595189
87.95,0.9969526145573242,0.9993235576485401,0.9970816939468529,0.9971789216459208,0.9975468727934338,0.9989931632210555,0.9964406938843202
88.0,0.9969838609347971,0.9993310725361446,0.9971111615722766,0.9972084474464681,0.9975732523322519,0.9990040973897871,0.9964782885969453
88.05000000000001,0.9970148418402185,0.9993385172206793,0.9971403741390219,0.9972377097273677,0.9975993856676002,0.9990149278983167,0.9965155399238406
88.10000000000001,0.9970455421294449,0.9993458855593953,0.9971693354820312,0.9972667014756791,0.997625272805976,0.9990256555252355,0.996552451464891
88.15,0.9970759709049273,0.9993531803191148,0.9971980456781779,0.9972954314917228,0.9976509184165703,0.9990362777422153,0.9965890223491571
88.2,0.9971061253532993,0.9993604086739232,0.9972265015041725,0.9973239015850957,0.9976763176551486,0.9990468045448685,0.9966252549267856
88.25,0.997136016102898,0.9993675617495219,0.9972547047984324,0.9973521091258735,0.9977014821181185,0.9990572289243814,0.9966611581397053
88.30000000000001,0.9971656391914923,0.9993746460881537,0.9972826676694279,0.9973800627980467,0.9977264083653967,0.9990675484652234,0.9966967261014377
88.35000000000001,0.9971949913818414,0.9993816601604045,0.9973103796871015,0.9974077562734334,0.9977510962885117,0.9990777717289452,0.996731963481967
88.4,0.9972240866437003,0.9993885999118831,0.9973378485340657,0.9974351964459058,0.9977755509089988,0.9990878970964536,0.9967668722007947
88.45,0.9972529140886623,0.9993954782560313,0.9973650773134,0.9974623831249132,0.9977997756089751,0.9990979259151717,0.9968014611576436
88.5,0.997281487962638,0.9994022837786358,0.9973920678317905,0.9974893172488988,0.9978237677058143,0.9991078570054278,0.9968357275860555
88.55000000000001,0.9973098002733045,0.9994090209959088,0.997418816648661,0.9975160105252189,0.9978475322153335,0.9991176902452068,0.9968696721008986
88.60000000000001,0.997337857530245,0.9994156964116176,0.997445328880253,0.9975424500201181,0.9978710686612338,0.9991274306853244,0.99690330065104
88.65,0.9973656629363794,0.9994223016645561,0.997471606552517,0.9975686440096145,0.9978943814778576,0.9991370773790204,0.9969366158278552
88.7,0.9973932184126455,0.9994288420349932,0.9974976540532127,0.9975946001044169,0.9979174729042116,0.9991466318654808,0.9969696179100419
88.75,0.9974205165050944,0.9994353157578836,0.9975234630424825,0.9976203118172415,0.9979403375015483,0.9991560895759889,0.9970023098393388
88.80000000000001,0.9974475721037239,0.9994417236766754,0.9975490446800132,0.9976457845491901,0.9979629858045833,0.9991654570458032,0.9970346931753133
88.85000000000001,0.997474373355445,0.9994480703878108,0.9975743980427407,0.9976710186544602,0.9979854159558966,0.9991747284673188,0.9970667724434081
88.9,0.9975009367816844,0.9994543532728948,0.9975995281816257,0.9976960176204699,0.9980076293021944,0.9991839149647799,0.997098548808796
88.95,0.9975272594722732,0.9994605713951495,0.997624427504898,0.9977207864140505,0.9980296298975015,0.999193010837832,0.9971300291546404
89.0,0.9975533392758076,0.999466726311076,0.9976491003044468,0.9977453165476651,0.9980514165129553,0.9992020169643565,0.997161203370987
89.05000000000001,0.9975791744341612,0.999472818371084,0.9976735563132799,0.9977696168122066,0.9980729870313639,0.9992109339041363,0.9971920833662127
89.10000000000001,0.9976047733397836,0.9994788522071555,0.9976977926847541,0.9977936944621556,0.9980943515494608,0.9992197617911112,0.9972226696735977
89.15,0.9976301404874449,0.9994848211818789,0.9977218072094596,0.9978175375484213,0.9981155124546028,0.9992284985894588,0.9972529616343955
89.2,0.9976552686504198,0.999490728209857,0.9977456064435974,0.9978411582330686,0.9981364583093602,0.9992371583288994,0.9972829737265765
89.25,0.9976801679541938,0.999496578772537,0.9977691888452255,0.9978645586133132,0.9981572063278643,0.9992457283528323,0.9973126969162569
89.30000000000001,0.9977048345207336,0.9995023689226297,0.9977925529023421,0.9978877287217314,0.9981777495753341,0.9992542128296376,0.997342131933697
89.35000000000001,0.9977292763556612,0.9995080972637007,0.9978157124946354,0.997910690301193,0.998198090253448,0.9992626108283471,0.9973712844144511
89.4,0.9977534879647049,0.9995137722711883,0.9978386560212664,0.9979334248773832,0.9982182348083247,0.9992709325552371,0.9974001578490606
89.45,0.9977774723872535,0.9995193867024414,0.9978613911356466,0.9979559471456948,0.9982381758927047,0.9992791641379675,0.9974287513279536
89.5,0.9978012361217738,0.9995249406563627,0.997883913147974,0.9979782522903535,0.9982579240825381,0.9992873153933409,0.9974570713569555
89.55000000000001,0.9978247760619755,0.9995304437311654,0.9979062368527014,0.9980003469988533,0.9982774769211842,0.9992953900453105,0.9974851197922263
89.60000000000001,0.9978480971832442,0.9995358863151573,0.9979283519858716,0.99802222641343,0.9982968334934608,0.9993033755658017,0.9975128890396263
89.65,0.9978711965718424,0.9995412698048987,0.9979502630437207,0.9980438977303981,0.9983160059800587,0.9993112865031556,0.9975404000807911
89.7,0.997894078743476,0.9995466023366931,0.9979719724663804,0.9980653578028882,0.9983349772109678,0.9993191184772438,0.9975676372105527
89.75,0.9979167544616098,0.9995518774557264,0.9979934806190932,0.998086614436346,0.9983537734443493,0.999326864999227,0.9975946098124044
89.80000000000001,0.9979392094713644,0.9995570991462505,0.9980147947224945,0.9981076665546205,0.9983723760446186,0.9993345399695825,0.9976213196273067
89.85000000000001,0.9979614509117556,0.99956226663429,0.9980359076599359,0.9981285162365708,0.9983907885944181,0.9993421369508914,0.99764777096118
89.9,0.9979834840211734,0.9995673792990926,0.9980568217024687,0.9981491601298393,0.9984090206140386,0.9993496555994134,0.9976739625236155
89.95,0.99800530936999,0.9995724405443029,0.9980775500093386,0.9981696092455563,0.9984270737371721,0.9993570957945499,0.9976998945377493
90.0,0.9980269262654737,0.9995774474099572,0.9980980774677486,0.9981898536045188,0.998444945802941,0.9993644654327349,0.9977255755609655
90.05000000000001,0.9980483422780582,0.9995824017425565,0.998118415867532,0.9982099043630657,0.9984626344563509,0.9993717590030581,0.9977510080622995
90.10000000000001,0.9980695496677503,0.9995873092714913,0.9981385672087105,0.9982297601359487,0.9984801462017305,0.9993789786035998,0.9977761830052092
90.15,0.9980905535285077,0.9995921623298887,0.9981585259851016,0.9982494206064837,0.9984974848947619,0.9993861215712736,0.9978011149518549
90.2,0.9981113615047998,0.9995969625168644,0.998178298424095,0.9982688911185015,0.9985146477690718,0.9993931904862732,0.9978257973318883
90.25,0.9981319685927926,0.9996017118032403,0.9981978859569681,0.9982881676684652,0.9985316350469053,0.9994001929586519,0.9978502349534721
90.30000000000001,0.9981523786939681,0.9996064101853785,0.9982172909129465,0.9983072588770117,0.998548449210535,0.9994071215182497,0.9978744338920729
90.35000000000001,0.998172590231911,0.9996110633472389,0.9982365111029563,0.9983261599564346,0.9985650990502496,0.9994139782873548,0.9978983921751353
90.4,0.9981926100015994,0.9996156656087122,0.998255550789726,0.9983448771039487,0.9985815766930233,0.9994207646078834,0.9979221109966723
90.45,0.998212435717789,0.9996202176811988,0.9982744079937245,0.9983634072778739,0.9985978858305016,0.9994274794081701,0.9979455936586958
90.5,0.9982320713668156,0.9996247255511044,0.9982930900911884,0.998381753432253,0.9986140298335614,0.999434128174539,0.9979688403049582
90.55000000000001,0.9982515165659817,0.999629183065825,0.9983115926052798,0.9983999206133116,0.9986300078642845,0.9994407064160756,0.9979918569435746
90.60000000000001,0.9982707716173786,0.9996335932513267,0.9983299194218168,0.9984179083357826,0.9986458231571764,0.9994472177484593,0.9980146430843575
90.65,0.9982898436473051,0.9996379574393868,0.9983480718709659,0.998435717639765,0.9986614769398103,0.999453659973612,0.9980372001663966
90.7,0.9983087289012922,0.9996422751549627,0.9983660503637779,0.9984533493591661,0.9986769720601343,0.9994600361207744,0.9980595309391423
90.75,0.9983274314288438,0.9996465477192646,0.9983838588491718,0.9984708069063678,0.9986923054989183,0.9994663487409695,0.9980816365019705
90.80000000000001,0.9983459514548112,0.9996507743562701,0.9984014986535801,0.9984880911343623,0.9987074850405078,0.9994725952926713,0.9981035223052223
90.85000000000001,0.9983642902717946,0.9996549548044865,0.9984189653994884,0.9985051981535985,0.9987225061814256,0.999478774060663,0.9981251852774233
90.9,0.9983824453180674,0.9996590892063352,0.9984362676586525,0.9985221360004715,0.9987373670477256,0.9994848834989125,0.9981466284528254
90.95,0.9984004262201844,0.9996631805714894,0.9984534028193243,0.9985389025081547,0.9987520760540143,0.9994909343236524,0.9981678533773716
91.0,0.9984182296797257,0.9996672268906275,0.9984703720259144,0.9985555020975261,0.9987666392111046,0.9994969211109007,0.99818886587035
91.05000000000001,0.9984358603743619,0.9996712314762617,0.9984871792104297,0.998571936653574,0.9987810456792405,0.9995028499651196,0.9982096574807835
91.10000000000001,0.9984533163141425,0.9996751930786307,0.9985038198252197,0.9985882040935181,0.9987953074496316,0.9995087130243894,0.998230247373941
91.15,0.9984706002552137,0.9996791088531085,0.9985203011790333,0.9986043046440567,0.9988094163115989,0.9995145122297215,0.9982506289167117
91.2,0.9984877132736829,0.9996829833025183,0.9985366264609168,0.9986202463694018,0.9988233804305692,0.9995202504847109,0.9982707926988579
91.25,0.9985046596183234,0.999686818357058,0.9985527901000679,0.9986360254161096,0.9988371988162558,0.9995259346520112,0.9982907528533416
91.30000000000001,0.9985214347401141,0.999690611456146,0.9985687980674597,0.9986516449034721,0.998850869854887,0.9995315497141319,0.9983105081973511
91.35000000000001,0.9985380426606605,0.9996943615112626,0.9985846468831523,0.9986671052422471,0.9988644019668662,0.9995371095642143,0.9983300697371127
91.4,0.99855448827597,0.9996980723682074,0.9986003455673731,0.9986824139572942,0.9988777916493726,0.99954261191945,0.99834942327042
91.45,0.998570771610099,0.9997017426799619,0.9986158806486264,0.9986975571969141,0.9988910363569024,0.9995480548512837,0.9983685753946955
91.5,0.9985868865372869,0.9997053701710295,0.9986312757589335,0.9987125495132912,0.9989041460115802,0.9995534400510728,0.9983875338858766
91.55000000000001,0.998602844393489,0.999708960209621,0.998646518488617,0.9987273912149917,0.9989171145883537,0.9995587650021628,0.9984062960904745
91.60000000000001,0.9986186468823711,0.9997125100913392,0.9986616028610056,0.9987420779282465,0.9989299491920214,0.999564034650192,0.998424860492392
91.65,0.9986342832027197,0.9997160228769654,0.9986765437425801,0.9987566144788711,0.9989426488783608,0.999569251313668,0.9984432370605059
91.7,0.998649766580012,0.9997194953851449,0.9986913389634393,0.9987710036420292,0.9989552093932144,0.9995744055829717,0.9984614242386012
91.75,0.9986650969894938,0.9997229291068286,0.9987059879381254,0.9987852421203909,0.998967639472781,0.9995795113421537,0.9984794178338776
91.80000000000001,0.9986802678480267,0.9997263278892098,0.9987204897295485,0.9987993367910629,0.9989799406127461,0.9995845560158714,0.9984972239233648
91.85000000000001,0.9986952861681543,0.9997296845334926,0.998734847245057,0.9988132846312263,0.9989921070668464,0.9995895513851472,0.9985148473066497
91.9,0.9987101555612944,0.9997330068993909,0.9987490664474684,0.9988270880594678,0.9990041457978014,0.9995944916939001,0.9985322839382369
91.95,0.9987248708122968,0.9997362970795065,0.9987631410728764,0.9988407490983778,0.9990160533025069,0.9995993794427768,0.998549546466412
92.0,0.9987394406027517,0.9997395416457687,0.9987770728980601,0.9988542655659237,0.9990278361100844,0.9996042124380662,0.9985666178595645
92.05000000000001,0.9987538621351333,0.9997427600213328,0.9987908731189226,0.9988676472123139,0.999039491449737,0.999608994442391,0.9985835123386341
92.10000000000001,0.9987681361140994,0.9997459340458485,0.9988045277682944,0.998880884785936,0.9990510199680653,0.9996137265839069,0.9986002334255575
92.15,0.9987822645807851,0.9997490774083628,0.9988180511894109,0.9988939875379804,0.9990624286703007,0.9996184040981346,0.9986167737893065
92.2,0.9987962472940181,0.99975218264185,0.9988314367529092,0.9989069510249212,0.9990737134033928,0.9996230315313199,0.9986331398238397
92.25,0.99881009193989,0.9997552569451285,0.9988446898962438,0.998919784561739,0.9990848793546199,0.9996276082546518,0.9986493406207986
92.30000000000001,0.9988237891528917,0.999758293369168,0.9988578082428601,0.9989324751520136,0.9990959162208335,0.9996321350974682,0.998665362654484
92.35000000000001,0.9988373539273496,0.9997612990606931,0.9988707944047117,0.9989450407096208,0.9991068439031694,0.9996366131165396,0.9986812185857615
92.4,0.9988507711635152,0.9997642651640625,0.9988836490824267,0.9989574664149082,0.9991176427380059,0.9996410405453292,0.998696902028667
92.45,0.998864058907007,0.9997672073454849,0.9988963780976703,0.9989697703770638,0.9991283380537954,0.9996454239095334,0.9987124235911382
92.5,0.9988772002280444,0.9997701083145488,0.9989089708228556,0.9989819366792634,0.9991389055903334,0.9996497551920929,0.9987277756218267
92.55000000000001,0.9988902174619407,0.9997729857423909,0.9989214442982535,0.9989939798017954,0.9991493665528658,0.999654040686621,0.9987429699351322
92.60000000000001,0.9989030864270465,0.999775818809678,0.9989337836034637,0.9990058926496573,0.9991597067351063,0.9996582759244382,0.99875799554174
92.65,0.9989158292723753,0.9997786271513645,0.9989460050714793,0.9990176812904886,0.9991699328884015,0.9996624669426821,0.9987728624198269
92.7,0.9989284415740889,0.999781402914093,0.9989580942491955,0.9990293456812169,0.9991800544757543,0.999666612088858,0.9987875721500677
92.75,0.9989409206521411,0.9997841435124123,0.9989700646138882,0.9990408812497703,0.9991900580801605,0.9996707088046084,0.9988021218398841
92.80000000000001,0.9989532742667517,0.9997868608041498,0.9989819137431499,0.9990523012606709,0.9991999608652082,0.9996747671583057,0.9988165179006943
92.85000000000001,0.9989654908733661,0.9997895405512723,0.9989936366185634,0.9990635933927275,0.999209748326779,0.999678773733484,0.9988307555713536
92.9,0.9989775898068365,0.9997921937383969,0.999005245773751,0.9990747727413701,0.9992194326399927,0.9996827374115305,0.9988448444384153
92.95,0.9989895564443754,0.9997948125820869,0.999016732372918,0.9990858266654,0.9992290080421207,0.9996866589658988,0.9988587762411605
93.0,0.9990013988629302,0.9997974018024928,0.9990281019063705,0.9990967595324872,0.9992384737324034,0.9996905352209752,0.9988725588245421
93.05000000000001,0.9990131215904505,0.9997999693001445,0.9990393528640584,0.9991075839047275,0.9992478421455153,0.999694370338646,0.9988861973732006
93.10000000000001,0.9990247117130979,0.9998024976766942,0.9990504879202878,0.9991182839651015,0.9992571027341726,0.9996981589564664,0.9988996811643104
93.15,0.9990361891542041,0.9998050030341901,0.9990615099328801,0.9991288755354101,0.9992662607895262,0.9997019057175749,0.9989130233766542
93.2,0.9990475459604031,0.9998074791423432,0.9990724145600297,0.9991393513230893,0.9992753196547612,0.9997056144126424,0.9989262153975652
93.25,0.999058776406456,0.9998099218834542,0.9990832082425329,0.9991497093225212,0.9992842749304567,0.9997092795850104,0.9989392666585122
93.30000000000001,0.9990698922619703,0.99981234204584,0.9990938947324923,0.9991599614024684,0.9992931306553477,0.999712898924939,0.9989521762566197
93.35000000000001,0.999080893523841,0.999814732720086,0.9991044610805848,0.9991701016657815,0.9993018914333899,0.9997164849858851,0.9989649442129267
93.4,0.9990917720348278,0.9998170946238455,0.9991149202404281,0.9991801279434556,0.9993105522322037,0.9997200286344814,0.9989775718677434
93.45,0.9991025384083343,0.9998194304300512,0.9991252763707288,0.9991900513369185,0.999319116714011,0.9997235271205205,0.9989900630063355
93.5,0.9991131912361777,0.9998217383363088,0.999135518541719,0.9991998611913788,0.9993275846526604,0.9997269925288901,0.9990024135634911
93.55000000000001,0.9991237284498016,0.9998240189969525,0.9991456537698624,0.9992095678763794,0.9993359600366196,0.9997304169931266,0.9990146323950488
93.60000000000001,0.9991341564544954,0.9998262726291738,0.9991556857686386,0.9992191665627235,0.9993442378986747,0.9997337976630802,0.9990267151947747
93.65,0.999144468649257,0.9998285034452549,0.9991656089645852,0.9992286635925809,0.9993524232377162,0.9997371477791911,0.999038661207262
93.7,0.999154676473773,0.9998307064276768,0.9991754301637537,0.9992380549847373,0.9993605193284245,0.9997404557843634,0.9990504796216408
93.75,0.9991647745258139,0.9998328830682267,0.9991851468928016,0.9992473439992942,0.9993685199923223,0.9997437244828125,0.9990621627755567
93.80000000000001,0.9991747583872573,0.9998350366934007,0.9991947652240102,0.9992565326463512,0.9993764347248122,0.999746959127287,0.9990737195330395
93.85000000000001,0.9991846383700758,0.9998371608983347,0.9992042769569124,0.9992656162863253,0.9993842566152129,0.9997501585575512,0.9990851512778139
93.9,0.9991944164974995,0.9998392597158361,0.9992136878875959,0.999274603579684,0.9993919927510739,0.9997533142829864,0.9990964538021856
93.95,0.9992040843265436,0.9998413398522239,0.9992230045451145,0.9992834885459687,0.9993996370184866,0.99975643922975,0.9991076257275681
94.0,0.9992136486242658,0.9998433934149693,0.9992322172577406,0.9992922806363354,0.9994071982922863,0.9997595263029887,0.9991186792723574
94.05000000000001,0.9992231087185035,0.9998454210646769,0.9992413334893855,0.999300969277138,0.9994146721666204,0.9997625810154745,0.9991296093203647
94.10000000000001,0.9992324706011508,0.9998474237550664,0.9992503509596535,0.9993095655974884,0.99942205996562,0.999765594510706,0.9991404123200132
94.15,0.9992417262724316,0.9998494058444939,0.9992592777408197,0.9993180674617307,0.9994293655790845,0.999768579128499,0.9991510963436199
94.2,0.9992508840867549,0.9998513660923493,0.9992681066898461,0.9993264730275165,0.9994365864013927,0.9997715286520887,0.9991616662101633
94.25,0.9992599393188657,0.999853298165964,0.9992768400756409,0.999334785632756,0.9994437230998661,0.9997744422680648,0.999172109080832
94.30000000000001,0.9992689039909666,0.9998552101692451,0.9992854812198846,0.9993430098792119,0.9994507822974621,0.9997773211638123,0.9991824394391465
94.35000000000001,0.9992777642560029,0.9998570990623894,0.9992940278365614,0.9993511384056349,0.9994577549460444,0.999780169393835,0.9991926497104388
94.4,0.9992865316322177,0.9998589702842176,0.9993024898008812,0.9993591751766885,0.9994646525038253,0.9997829873504311,0.9992027516298241
94.45,0.9992951971386378,0.9998608095553567,0.9993108498120372,0.9993671216592489,0.9994714687440707,0.9997857654505597,0.9992127354431524
94.5,0.9993037735858216,0.9998626301176442,0.9993191262824772,0.9993749835357407,0.9994782048300932,0.9997885138297171,0.9992226053546385
94.55000000000001,0.9993122577458857,0.9998644333004408,0.9993273114350077,0.9993827560787082,0.9994848624219487,0.9997912327838687,0.999232362521616
94.60000000000001,0.9993206432495543,0.9998662116306016,0.9993354113530217,0.9993904373742148,0.999491443786503,0.9997939166780001,0.999242011925977
94.65,0.9993289392172713,0.9998679732801183,0.999343421207276,0.9993980370492803,0.9994979534505222,0.9997965738554646,0.9992515544930585
94.7,0.9993371401442707,0.999869706840136,0.9993513446794469,0.9994055459076994,0.9995043832200453,0.9997991937027892,0.9992609802438492
94.75,0.9993452565844823,0.999871420197858,0.9993591839593791,0.9994129757436003,0.9995107405944335,0.9998017848887223,0.9992703025986093
94.80000000000001,0.9993532804424556,0.9998731191207773,0.9993669333334678,0.999420320129039,0.9995170243421825,0.9998043501456184,0.9992795187501962
94.85000000000001,0.9993612158120593,0.9998747928973084,0.9993746014520627,0.9994275775157399,0.9995232291458566,0.9998068820573502,0.9992886291534671
94.9,0.9993690641725942,0.9998764515210339,0.9993821876000171,0.9994347591573064,0.9995293675426682,0.9998093838187504,0.9992976386912488
94.95,0.9993768237596836,0.9998780843029096,0.9993896899922523,0.9994418555573384,0.9995354346193112,0.9998118552820963,0.9993065435038703
95.0,0.9993844997363397,0.9998796977124359,0.9993971099901874,0.9994488723971581,0.9995414287947453,0.9998142961225439,0.9993153434143105
95.05000000000001,0.9993920866718518,0.9998812938110644,0.9994044483548608,0.999455807498197,0.9995473523061406,0.9998167134904742,0.9993240411534453
95.10000000000001,0.9993995927086626,0.9998828691324957,0.9994117037386684,0.9994626641234632,0.999553204281537,0.9998191003227122,0.9993326432196677
95.15,0.9994070116398754,0.999884426613786,0.9994188802987329,0.9994694418052514,0.9995589883799206,0.9998214572500055,0.9993411429800567
95.2,0.999414352379413,0.9998859684603852,0.9994259828645254,0.9994761476291638,0.9995647102914508,0.9998237878623014,0.9993495480399662
95.25,0.9994216078821512,0.9998874848409565,0.9994330043999033,0.9994827690842851,0.9995703599468969,0.9998260883748663,0.9993578517250792
95.30000000000001,0.999428784139914,0.999888986466452,0.999439953226116,0.9994893219702088,0.9995759457837943,0.99982836146953,0.9993660621149161
95.35000000000001,0.9994358744158265,0.9998904692166068,0.9994468163395824,0.9994957950749402,0.9995814609961957,0.9998306074369426,0.9993741742763038
95.4,0.9994428890292401,0.9998919311574264,0.9994536066522262,0.9995021908504832,0.9995869128393573,0.9998328321365785,0.9993821954730966
95.45,0.9994498255269179,0.9998933777890349,0.9994603206136039,0.9995085177111275,0.999592300294744,0.9998350259269426,0.9993901220020758
95.5,0.9994566843899555,0.9998948083769392,0.9994669649029941,0.999514769423344,0.9995976227855812,0.9998371936482628,0.9993979552346905
95.55000000000001,0.9994634644399973,0.9998962228937189,0.9994735357369194,0.9995209543846876,0.9996028847004048,0.9998393358071999,0.9994057000164133
95.60000000000001,0.999470166058016,0.9998976172514686,0.9994800301028197,0.9995270608811254,0.9996080836749717,0.9998414513380247,0.9994133522440997
95.65,0.9994767973813045,0.9998989929711257,0.9994864525007741,0.9995331036866506,0.999613222284272,0.9998435392142974,0.9994209141196991
95.7,0.9994833496572371,0.9999003522796471,0.999492802813555,0.9995390705933023,0.999618297342544,0.9998456068572359,0.999428386618174
95.75,0.9994898226668614,0.9999016925368981,0.9994990800325182,0.9995449689823448,0.9996233087668138,0.9998476482938047,0.9994357754039302
95.80000000000001,0.9994962306151479,0.9999030200638077,0.9995052889401116,0.9995507975720372,0.9996282599975366,0.9998496673389483,0.9994430790711132
95.85000000000001,0.9995025609479731,0.9999043308310563,0.9995114308742413,0.9995565618003923,0.9996331539214149,0.9998516581204636,0.9994502925811923
95.9,0.9995088233176834,0.9999056308869896,0.999517504476352,0.9995622589973628,0.9996379916258952,0.9998536260218704,0.9994574245772497
95.95,0.9995150123341248,0.9999069101043819,0.9995235084698499,0.9995678922588719,0.9996427724497366,0.9998555707303471,0.9994644675815857
96.0,0.9995211287135504,0.9999081711253299,0.9995294439580316,0.999573453940566,0.9996474933309061,0.9998574898477505,0.9994714300930139
96.05000000000001,0.9995271788405228,0.9999094163936515,0.9995353118676364,0.9995789536826841,0.9996521589187348,0.9998593842933293,0.9994783094985658
96.10000000000001,0.9995331558052754,0.9999106452190031,0.9995411116888461,0.9995843857533824,0.9996567632722212,0.999861257202971,0.9994851062083917
96.15,0.999539062895176,0.9999118606177558,0.9995468464027021,0.9995897551915508,0.9996613146378017,0.9998631106398753,0.999491825250151
96.2,0.9995449008939098,0.999913057283353,0.999552518477218,0.9995950582019744,0.9996658116341781,0.9998649366081243,0.9994984621139431
96.25,0.9995506747637608,0.9999142427527212,0.999558129614747,0.9996003030065972,0.9996702499770685,0.999866745292462,0.999505017517418
96.30000000000001,0.9995563860125682,0.9999154154638517,0.999563669707499,0.999605488264884,0.9996746402743847,0.9998685308181072,0.9995115032363024
96.35000000000001,0.999562028363074,0.9999165741501619,0.9995691551130589,0.9996106098670747,0.9996789745334481,0.9998702940154559,0.9995179037869576
96.4,0.9995676102665828,0.999917720272553,0.9995745750500034,0.9996156750673335,0.9996832602024911,0.999872034757929,0.9995242329176136
96.45,0.9995731201231683,0.999918846647092,0.999579932787459,0.9996206759193246,0.9996874916204331,0.9998737534800404,0.9995304839865832
96.5,0.9995785720152826,0.9999199597153599,0.9995852290133699,0.9996256195789652,0.999691671801859,0.9998754498100277,0.9995366617213104
96.55000000000001,0.9995839575567436,0.9999210579285243,0.999590461661325,0.9996305006791166,0.9996957961034327,0.9998771275309275,0.9995427623177325
96.60000000000001,0.9995892767980102,0.9999221410420309,0.999595635171701,0.9996353254340855,0.9996998722013954,0.9998787848493402,0.9995487942378586
96.65,0.9995945354873603,0.999923209726613,0.9996007490425558,0.9996400908842685,0.9997038962798066,0.9998804187129732,0.9995547488421118
96.7,0.9995997355460047,0.9999242661065577,0.999605808105509,0.9996448018116738,0.9997078748307433,0.9998820328341645,0.999560634203734
96.75,0.999604872485826,0.9999253109407131,0.9996108057542097,0.9996494562082455,0.9997118021069565,0.9998836290202746,0.9995664440738146
96.80000000000001,0.9996099469866095,0.999926340544838,0.9996157503975057,0.9996540532895366,0.9997156817203503,0.9998852043408879,0.9995721888469138
96.85000000000001,0.9996149713355358,0.9999273615163243,0.9996206332950595,0.9996585971528202,0.9997195150878212,0.999886765426144,0.999577862735405
96.9,0.9996199327856009,0.999928366123359,0.999625460652423,0.9996630865645753,0.9997232988886807,0.9998883014470487,0.9995834674333886
96.95,0.999624835071544,0.9999293650899226,0.9996302364724499,0.9996675250407729,0.9997270379183287,0.9998898215086471,0.999589008752946
97.0,0.9996296821570068,0.9999303464466092,0.9996349536132212,0.9996719112161758,0.999730734531198,0.9998913211727558,0.9995944778192947
97.05000000000001,0.9996344709959233,0.9999313136521416,0.9996396171445788,0.9996762396095604,0.9997343823283259,0.9998928009222644,0.9995998819602059
97.10000000000001,0.9996392058681308,0.9999322685403768,0.9996442266381378,0.9996805196816954,0.9997379844331828,0.9998942628100882,0.9996052209021433
97.15,0.999643879619545,0.9999332106459979,0.9996487790651645,0.9996847454660278,0.9997415413255178,0.9998957067068676,0.9996104950654069
97.2,0.9996484983590331,0.99993414058489,0.9996532778490814,0.9996889176300368,0.9997450529673628,0.9998971335688306,0.9996157039340585
97.25,0.9996530615284205,0.9999350567118475,0.9996577263436688,0.9996930399619559,0.9997485202755136,0.9998985391672495,0.999620847094022
97.30000000000001,0.999657572648712,0.9999359626635198,0.9996621260369452,0.9996971162635676,0.9997519447824159,0.9998999282059077,0.9996259287536315
97.35000000000001,0.9996620284306953,0.9999368581428516,0.999666473320988,0.9997011392749958,0.999755326772671,0.999901299176539,0.9996309460455748
97.4,0.9996664313014478,0.9999377394534048,0.9996707651800426,0.9997051146185951,0.9997586648129002,0.9999026527645192,0.999635903266891
97.45,0.9996707838177372,0.9999386101365955,0.9996750079742185,0.9997090410131904,0.9997619612790091,0.9999039889249939,0.9996407999914253
97.5,0.999675082059653,0.9999394707577919,0.9996792031171083,0.9997129176642776,0.9997652187861187,0.9999053104287072,0.9996456333750534
97.55000000000001,0.9996793327084201,0.9999403186364106,0.9996833473669897,0.9997167510852323,0.9997684327721119,0.9999066135527443,0.9996504080734324
97.60000000000001,0.9996835311065327,0.9999411584393514,0.9996874448191254,0.9997205332378606,0.9997716075097973,0.9999079049596764,0.9996551293834988
97.65,0.9996876810334903,0.9999419882552949,0.9996914945401687,0.9997242746566679,0.9997747431248913,0.9999091769253198,0.9996597897264612
97.7,0.9996917827707718,0.9999428089619227,0.9996954952534644,0.9997279675493683,0.9997778423674721,0.9999104339354612,0.9996643898848194
97.75,0.9996958374018184,0.9999436208046436,0.9996994527675541,0.9997316227289659,0.9997809041098533,0.9999116763911946,0.9996689385970123
97.80000000000001,0.9996998369945386,0.9999444185669542,0.9997033604231554,0.9997352239441434,0.9997839251611836,0.9999129010109284,0.9996734281063141
97.85000000000001,0.9997037922543554,0.9999452049386156,0.9997072218288926,0.999738788039771,0.9997869074332932,0.9999141079303,0.9996778609456984
97.9,0.9997076982375873,0.9999459812792851,0.9997110354782537,0.9997423036728941,0.9997898500186219,0.9999153028486087,0.9996822384160068
97.95,0.9997115556363362,0.999946746246746,0.9997148032296949,0.9997457728469789,0.9997927556008138,0.9999164824982955,0.9996865659160947
98.0,0.9997153678761521,0.9999475009446838,0.9997185263227696,0.999749203704521,0.9997956229770392,0.9999176434072374,0.9996908353159715
98.05000000000001,0.9997191312218274,0.999948245489714,0.9997222078499238,0.9997525892221764,0.9997984554878894,0.9999187904495623,0.9996950484242654
98.10000000000001,0.9997228499897683,0.9999489816373006,0.9997258448668069,0.9997559358358061,0.999801249825883,0.9999199235106533,0.9996992100520767
98.15,0.9997265251753098,0.9999497067436404,0.9997294379149178,0.9997592371061497,0.9998040096935858,0.9999210407772343,0.9997033209734978
98.2,0.9997301525544144,0.9999504217593045,0.9997329858821439,0.9997624987006132,0.9998067317199364,0.9999221430547014,0.9997073791725344
98.25,0.9997337388618724,0.9999511277314996,0.9997364902824232,0.9997657173433304,0.9998094209801947,0.9999232315297089,0.9997113874533767
98.30000000000001,0.9997372811116059,0.999951823585342,0.9997399548022164,0.9997688983505314,0.9998120756377752,0.9999243054998758,0.9997153448291153
98.35000000000001,0.9997407759695074,0.9999525111516214,0.9997433770840718,0.9997720403762129,0.999814696548344,0.999925365984171,0.9997192524547813
98.4,0.9997442321451313,0.9999531891549991,0.9997467576709156,0.9997751407949078,0.9998172833898256,0.9999264119713287,0.9997231082091915
98.45,0.9997476460787278,0.9999538584606983,0.9997500979360658,0.999778202421052,0.9998198366256495,0.9999274452195298,0.9997269166623932
98.5,0.9997510172550864,0.9999545185440035,0.9997533961801808,0.9997812271391607,0.999822355676789,0.9999284652863993,0.9997306799546664
98.55000000000001,0.9997543485977171,0.9999551705936761,0.9997566574550465,0.9997842146373366,0.999824844546619,0.9999294713786016,0.999734390442067
98.60000000000001,0.9997576370044842,0.9999558137084122,0.999759879561574,0.9997871645250519,0.9998273009073443,0.9999304650899035,0.999738058743951
98.65,0.9997608869082413,0.9999564488583957,0.9997630604732497,0.9997900774182841,0.9998297273367909,0.9999314471438518,0.9997416787954692
98.7,0.9997640953017422,0.9999570747395732,0.9997662059232184,0.9997929506471976,0.999832121217696,0.9999324163663941,0.9997452532352258
98.75,0.9997672676539141,0.9999576970619428,0.9997693121804051,0.999795792948959,0.9998344817233643,0.9999333764602243,0.9997487802889332
98.80000000000001,0.9997704031408978,0.9999583094560236,0.9997723811113789,0.9997985970210934,0.9998368189284783,0.9999343223080854,0.9997522666401929
98.85000000000001,0.999773499972144,0.9999589173139596,0.9997754164986843,0.9998013700546318,0.9998391200011983,0.9999352555625686,0.9997557112534088
98.9,0.9997765575747648,0.9999595176004419,0.9997784111499062,0.9998041092429448,0.9998413962628478,0.999936177973269,0.9997591083132087
98.95,0.9997795765569792,0.9999601044078639,0.9997813711584472,0.9998068076891841,0.9998436432990649,0.999937086006726,0.999762459071352
99.0,0.9997825572628499,0.9999606852966869,0.999784292158328,0.9998094780734734,0.9998458583507552,0.9999379816952343,0.9997657711953578
99.05000000000001,0.99978550110558,0.9999612561624021,0.9997871792499217,0.9998121078849246,0.9998480453322902,0.9999388678395098,0.9997690401260406
99.10000000000001,0.9997884059442003,0.999961819132581,0.9997900285428258,0.9998147060339395,0.9998501997721365,0.9999397422901436,0.9997722643416915
99.15,0.9997912741769577,0.9999623739643111,0.9997928420401542,0.9998172723907427,0.9998523259837514,0.9999406019580774,0.9997754496575033
99.2,0.9997941061438942,0.9999629228159487,0.9997956259950994,0.9998198033562314,0.9998544254606851,0.9999414509197528,0.9997785919574771
99.25,0.9997969052699783,0.9999634645750255,0.9997983710027953,0.9998223061635965,0.9998564997407212,0.9999422894806071,0.9997816938537315
99.30000000000001,0.9997996670625905,0.9999639969748847,0.9998010850910772,0.9998247727507389,0.9998585416301686,0.9999431159248321,0.9997847534397606
99.35000000000001,0.9998023974945076,0.9999645228120326,0.9998037642717772,0.9998272082340102,0.9998605592019372,0.9999439309382689,0.9997877770047211
99.4,0.9998050901787965,0.9999650409579939,0.9998064092688526,0.9998296113657066,0.999862550888292,0.9999447352320824,0.9997907581732963
99.45,0.9998077506904282,0.9999655518470347,0.9998090212165447,0.9998319875162118,0.9998645156886156,0.9999455280369588,0.9997937022824356
99.5,0.9998103780316242,0.9999660556712366,0.9998116014212088,0.999834328714583,0.9998664534462076,0.999946310796076,0.9997966071617574
99.55000000000001,0.9998129714361373,0.9999665526623511,0.9998141483632225,0.9998366404379776,0.9998683654619454,0.9999470828729906,0.9997994756410857
99.60000000000001,0.9998155319953673,0.9999670436808168,0.9998166653000803,0.9998389245327066,0.9998702547380234,0.9999478456928816,0.9998023051013987
99.65,0.9998180604043689,0.9999675271708969,0.999819150293686,0.9998411770301531,0.9998721171308164,0.9999485985538281,0.9998050998434961
99.7,0.9998205562659592,0.9999680051277261,0.9998216031608558,0.999843401359825,0.9998739538646476,0.9999493398050718,0.9998078569278078
99.75,0.9998230237197465,0.9999684758734844,0.999824026651134,0.9998455990939774,0.9998757675396857,0.9999500719796488,0.9998105790255036
99.80000000000001,0.9998254574479225,0.9999689394039714,0.9998264219694079,0.9998477660020787,0.9998775564995012,0.999950793942288,0.9998132635633317
99.85000000000001,0.9998278607163096,0.9999693972844259,0.9998287829086441,0.9998499039107577,0.9998793214463465,0.9999515063188049,0.9998159134982386
99.9,0.9998302324509686,0.9999698491540039,0.9998311163865113,0.9998520174523037,0.9998810634909835,0.9999522099945772,0.999818530997716
99.95,0.999832575462157,0.9999702946296567,0.9998334205480933,0.9998541000041553,0.9998827812682746,0.999952902951246,0.9998211123416383
100.0,0.9998348881746459,0.9999707337316319,0.9998356962683921,0.9998561576392728,0.9998844770263329,0.9999535869709388,0.9998236591566028
100.05000000000001,0.9998371726871869,0.9999711669530877,0.9998379434094229,0.9998581873844852,0.9998861499478777,0.9999542626332601,0.9998261725926237
100.10000000000001,0.9998394280723834,0.99997159470483,0.9998401647879583,0.9998601926600734,0.9998878000043403,0.9999549273974694,0.9998286519008667
100.15,0.9998416508989382,0.9999720157299666,0.9998423545546397,0.99986216922588,0.9998894291399038,0.9999555849947289,0.9998311000719016
100.2,0.9998438497290236,0.9999724313489458,0.9998445168931794,0.9998641219914488,0.9998910343436325,0.9999562331340593,0.9998335160494003
100.25,0.9998460181971563,0.9999728409016412,0.9998466528938732,0.9998660476267793,0.9998926194559692,0.9999568727321921,0.9998359007336306
100.30000000000001,0.9998481588743716,0.9999732454007816,0.9998487608758481,0.9998679478170861,0.99989418208747,0.9999575030626128,0.9998382532287399
100.35000000000001,0.9998502739195183,0.9999736437124209,0.9998508431574745,0.9998698242335415,0.9998957233320226,0.9999581245551664,0.9998405735819114
100.4,0.9998523597913657,0.9999740372062103,0.9998528987061737,0.9998716763583162,0.999897246807559,0.9999587381147101,0.9998428646982431
100.45,0.9998544199284808,0.9999744246283782,0.9998549284662092,0.9998735028087746,0.9998987483151142,0.999959342904199,0.9998451232543766
100.5,0.9998564512551218,0.9999748072724632,0.9998569315082199,0.9998753049651662,0.9999002262410699,0.9999599399123508,0.9998473531511818
100.55000000000001,0.999858459319142,0.9999751839295855,0.9998589108338221,0.9998770841756476,0.9999016880126905,0.9999605293021496,0.9998495525764781
100.60000000000001,0.9998604393748957,0.9999755557070735,0.9998608635924023,0.999878841036684,0.9999031288050308,0.9999611095101996,0.999851724362971
100.65,0.9998623960902785,0.9999759219298505,0.9998627918145238,0.9998805730233968,0.9999045490685916,0.9999616829101431,0.9998538640403205
100.7,0.9998643254148797,0.9999762830808907,0.9998646945077689,0.999882284147523,0.9999059508000786,0.999962247362587,0.9998559790421242
100.75,0.9998662306735859,0.9999766396660221,0.9998665746731541,0.9998839715106176,0.999907332933833,0.9999628048038817,0.9998580604705144
100.80000000000001,0.9998681095257904,0.999976990752196,0.9998684296823539,0.9998856341371942,0.9999086958160807,0.9999633542596638,0.9998601191108641
100.85000000000001,0.9998699655495754,0.9999773371867506,0.9998702594775339,0.9998872761295576,0.9999100428106443,0.9999638965075632,0.9998621457499888
100.9,0.9998717990729595,0.9999776789033533,0.9998720670943582,0.9998888983436304,0.9999113684616594,0.9999644304275233,0.9998641487790534
100.95,0.9998736063757986,0.9999780154512,0.9998738519347472,0.9998904950462754,0.9999126775579068,0.9999649580178186,0.999866122459485
101.0,0.9998753906883263,0.9999783470772735,0.9998756136791078,0.9998920732964979,0.9999139678720105,0.9999654774749545,0.9998680708034365
101.05000000000001,0.9998771522176124,0.9999786765712175,0.9998773538534786,0.9998936284365247,0.9999152418688423,0.9999659929805979,0.9998699959150713
101.10000000000001,0.9998788910804461,0.9999789989915177,0.9998790698369682,0.999895166295365,0.9999164992495958,0.9999664987320172,0.9998718912023531
101.15,0.9998806102140172,0.9999793201124025,0.9998807674597843,0.9998966825946227,0.9999177353785169,0.9999670037977848,0.9998737628871496
101.2,0.9998823044709164,0.999979638795564,0.9998824401065382,0.9998981788635154,0.9999189607593415,0.9999674987460158,0.999875609890154
101.25,0.9998839799315256,0.9999799537478795,0.9998840981168009,0.9998996580293072,0.9999201664700628,0.9999679857944219,0.9998774327296894
101.30000000000001,0.9998856341069519,0.9999802656980088,0.9998857305026294,0.9999011200718629,0.999921360203252,0.9999684696559978,0.9998792328143209
101.35000000000001,0.9998872618707304,0.9999805676408656,0.9998873395833441,0.9999025572768179,0.9999225335905004,0.9999689429533152,0.999881002832483
101.4,0.9998888728296279,0.99998086691252,0.9998889300851775,0.9999039778567139,0.9999236920173826,0.9999694090553498,0.9998827537328793
101.45,0.9998904573651135,0.9999811611649596,0.9998904967974096,0.9999053764549578,0.9999248357200115,0.9999698718490274,0.9998844766649224
101.5,0.9998920208441686,0.9999814494883364,0.999892044662827,0.9999067534370522,0.9999259566425875,0.9999703275583609,0.999886180270793
101.55000000000001,0.9998935648790108,0.9999817342208264,0.999893570041384,0.9999081133650636,0.9999270637207536,0.9999707732180206,0.9998878568386027
101.60000000000001,0.9998950857870302,0.9999820149818945,0.9998950792246892,0.9999094577275254,0.9999281593238332,0.9999712135613882,0.9998895091039113
101.65,0.9998965881463759,0.9999822925319012,0.9998965656298657,0.9999107825181872,0.999929235441656,0.9999716489391705,0.9998911428804227
101.7,0.9998980716886866,0.9999825648919412,0.9998980354468658,0.9999120882159519,0.9999302989825953,0.9999720768085645,0.9998927488748207
101.75,0.999899532654086,0.9999828327573423,0.9998994837059549,0.9999133743617887,0.9999313450920644,0.9999724985305902,0.9998943370907658
101.80000000000001,0.9999009754647532,0.9999830970313432,0.9999009110219346,0.9999146446486056,0.999932379047174,0.9999729137268962,0.9998959008576744
101.85000000000001,0.9999024016723084,0.9999833574984556,0.9999023216713326,0.9999158971779116,0.9999333944393507,0.9999733240320569,0.9998974432761307
101.9,0.9999038052949287,0.9999836137260495,0.9999037121964218,0.9999171317794258,0.9999344009540456,0.9999737276029782,0.999898963452643
101.95,0.9999051916618231,0.9999838668909219,0.9999050836214742,0.9999183502194819,0.9999353882221744,0.999974124943562,0.9999004671003248
102.0,0.9999065584690354,0.9999841155870826,0.9999064406754888,0.9999195507920713,0.9999363653073603,0.9999745171061015,0.9999019454271477
102.05000000000001,0.9999079098586436,0.999984361030209,0.9999077773238926,0.9999207375513645,0.9999373266912484,0.9999749044144035,0.9999034065206764
102.10000000000001,0.9999092400637705,0.9999846033830473,0.9999090949150595,0.9999219066681613,0.9999382756012665,0.999975285381451,0.9999048422332542
102.15,0.9999105511659598,0.9999848419721578,0.9999103971868857,0.9999230598723895,0.9999392099564275,0.9999756616686041,0.9999062637757784
102.2,0.999911848232194,0.9999850771246556,0.9999116825836522,0.9999241966730418,0.9999401332213957,0.9999760329935551,0.999907661788202
102.25,0.9999131268831033,0.9999853084812834,0.9999129480455076,0.9999253177964084,0.9999410405966913,0.999976397864593,0.9999090429878107
102.30000000000001,0.9999143883415909,0.9999855367131094,0.9999141982108886,0.9999264267984973,0.9999419364662381,0.9999767575594292,0.9999104039552223
102.35000000000001,0.9999156308081804,0.9999857616365138,0.999915431888458,0.9999275172418345,0.9999428173125784,0.9999771135483572,0.9999117465113955
102.4,0.9999168595143962,0.9999859833794508,0.9999166499677322,0.9999285931604617,0.9999436891177561,0.9999774635765275,0.9999130697538183
102.45,0.9999180691977049,0.9999862020923925,0.9999178500541277,0.9999296542158301,0.9999445493784984,0.99997780767888,0.9999143742537063
102.5,0.9999192625618292,0.9999864173853659,0.9999190352259506,0.9999307005751868,0.9999453962404394,0.9999781490821723,0.9999156597487482
102.55000000000001,0.9999204411750825,0.9999866293466172,0.9999202040029074,0.9999317304264357,0.9999462296303525,0.9999784834528784,0.9999169290550408
102.60000000000001,0.999921603108952,0.9999868381848269,0.9999213591461047,0.9999327504972222,0.9999470505218128,0.9999788139795314,0.9999181794495644
102.65,0.9999227503347528,0.999987044187336,0.9999224963057243,0.9999337525858101,0.9999478627161097,0.9999791397171619,0.9999194122178573
102.7,0.9999238822282518,0.9999872474183378,0.9999236198991558,0.9999347412984115,0.9999486604152548,0.9999794614117088,0.9999206280138064
102.75,0.9999249962956503,0.9999874468061383,0.9999247273035365,0.9999357181580398,0.9999494475134002,0.999979777652396,0.999921828673486
102.80000000000001,0.9999260951902155,0.9999876443159486,0.9999258188027766,0.9999366786161247,0.9999502241539302,0.9999800888274712,0.9999230089040918
102.85000000000001,0.9999271794686492,0.9999878380874212,0.999926897459798,0.9999376284471189,0.9999509881435247,0.9999803965033197,0.999924172584324
102.9,0.9999282514607786,0.9999880300599804,0.9999279600078672,0.9999385651646918,0.9999517416174721,0.9999806985361506,0.9999253223929087
102.95,0.9999293070312247,0.9999882179271669,0.9999290106250123,0.9999394872646026,0.9999524861629155,0.9999809976434045,0.9999264541522234
103.0,0.9999303459657513,0.99998840337598,0.9999300437575026,0.9999403978985133,0.9999532194262681,0.9999812919869436,0.9999275709480875
103.05000000000001,0.9999313752066126,0.9999885868475913,0.9999310670979875,0.9999412946539168,0.9999539401369779,0.9999815818518777,0.999928673365688
103.10000000000001,0.9999323858489757,0.9999887668279881,0.9999320730996578,0.999942178376781,0.9999546513903137,0.9999818671944745,0.9999297602727966
103.15,0.9999333855047997,0.9999889450572041,0.9999330662372456,0.9999430507046199,0.9999553546918852,0.9999821497152868,0.9999308277846848
103.2,0.9999343720030329,0.9999891192762709,0.999934045411668,0.9999439086568124,0.9999560453590102,0.9999824267316334,0.999931881078827
103.25,0.9999353439969716,0.9999892914829931,0.9999350124486922,0.9999447546750055,0.9999567274104766,0.9999826998535882,0.9999329207987248
103.30000000000001,0.9999363018985127,0.9999894615459771,0.9999359656808378,0.9999455909520407,0.9999573960249609,0.9999829691468431,0.9999339464896012
103.35000000000001,0.9999372458219586,0.9999896290251178,0.9999369068376116,0.9999464154964378,0.9999580579471554,0.9999832353573365,0.9999349573253616
103.4,0.9999381774570075,0.9999897936633597,0.9999378342784035,0.9999472276975145,0.999958710219057,0.9999834972653915,0.9999359513369361
103.45,0.9999390958712906,0.9999899559104942,0.9999387485277635,0.9999480275695901,0.9999593527929539,0.9999837556198109,0.9999369332367881
103.5,0.9999400030280146,0.9999901160819052,0.9999396509319183,0.9999488180279055,0.9999599843023447,0.999984008907953,0.9999379011168462
103.55000000000001,0.9999408988692019,0.9999902731996994,0.9999405425090139,0.9999495957042659,0.9999606092874166,0.9999842592624539,0.9999388537706979
103.60000000000001,0.999941779105977,0.9999904289893751,0.9999414184729366,0.9999503628352296,0.9999612225509624,0.9999845054935299,0.9999397956069864
103.65,0.999942648195546,0.9999905812283463,0.9999422847516467,0.9999511173187535,0.9999618301959583,0.999984749195014,0.99994072115103
103.7,0.9999435039808584,0.9999907321081487,0.9999431377302417,0.9999518618190604,0.9999624291291906,0.9999849881672143,0.9999416326857896
103.75,0.999944350072352,0.9999908799357864,0.9999439802408943,0.9999525990531384,0.9999630146301143,0.9999852237940794,0.999942532448014
103.80000000000001,0.9999451829031228,0.9999910258761774,0.9999448110151318,0.9999533218957546,0.9999635953835577,0.9999854568393299,0.999943421455113
103.85000000000001,0.9999460049912865,0.9999911702253197,0.9999456302279779,0.999954035476384,0.9999641662242209,0.9999856864757418,0.9999442945529597
103.9,0.999946812434477,0.9999913118921292,0.9999464370762744,0.9999547396156866,0.9999647302310786,0.9999859113200841,0.9999451557688778
103.95,0.9999476131591716,0.9999914514843646,0.9999472339171771,0.9999554333969777,0.9999652838401552,0.9999861344263842,0.9999460046014936
104.0,0.9999484001067824,0.9999915891535961,0.9999480191730359,0.9999561157624471,0.9999658275062924,0.9999863538492333,0.9999468415592648
104.05000000000001,0.9999491779708974,0.9999917241686819,0.9999487930596318,0.999956791798269,0.9999663686013874,0.9999865686308688,0.9999476670180092
104.10000000000001,0.9999499438786221,0.9999918578339609,0.9999495585461919,0.9999574553707544,0.9999668970499103,0.9999867818982999,0.9999484791949289
104.15,0.9999506986098184,0.9999919884393081,0.9999503104517099,0.99995811032634,0.9999674210382945,0.9999869901159684,0.9999492828823684
104.2,0.9999514422259592,0.9999921182632482,0.9999510540740574,0.9999587545725906,0.9999679355234973,0.9999871972351082,0.9999500702118449
104.25,0.9999521755829499,0.9999922454170954,0.9999517852046846,0.9999593928343097,0.9999684419092465,0.9999874007042635,0.9999508472541219
104.30000000000001,0.9999528980617176,0.9999923713883514,0.9999525066954498,0.9999600171723984,0.9999689423825984,0.9999876009718388,0.9999516133725398
104.35000000000001,0.9999536135665148,0.9999924945668945,0.9999532200379512,0.999960636118485,0.9999694350598932,0.9999877986018846,0.9999523683408568
104.4,0.9999543162366926,0.9999926159442979,0.9999539208102709,0.9999612438819387,0.9999699181359094,0.9999879926854209,0.9999531122863793
104.45,0.9999550090751701,0.9999927359707079,0.9999546126031026,0.9999618457157373,0.9999703973548586,0.9999881843900573,0.9999538445756273
104.5,0.9999556922826063,0.9999928540689466,0.9999552964400066,0.9999624344120399,0.9999708665776902,0.999988372996242,0.9999545675804313
104.55000000000001,0.9999563654751824,0.999992970386919,0.9999559702735088,0.9999630175257965,0.9999713304570105,0.9999885589891582,0.999955281258331
104.60000000000001,0.999957029182256,0.9999930847974948,0.99995663303925,0.9999635920975563,0.999971785972122,0.9999887408372226,0.9999559794551593
104.65,0.9999576834059231,0.9999931973412667,0.9999572865157582,0.99996415776443,0.9999722366016438,0.9999889219245115,0.9999566742647553
104.7,0.9999583294235656,0.9999933078339085,0.9999579327559208,0.9999647170992291,0.9999726826028069,0.9999890983875552,0.9999573529791688
104.75,0.9999589651110614,0.9999934168305661,0.9999585676019425,0.9999652662242706,0.9999731157828734,0.9999892741511156,0.9999580230223225
104.80000000000001,0.999959592470276,0.9999935246304339,0.9999591941375591,0.9999658061043983,0.9999735463342787,0.9999894454474687,0.9999586854609905
104.85000000000001,0.999960209846918,0.9999936307690571,0.9999598132012631,0.9999663398437251,0.9999739708405597,0.9999896149997749,0.9999593353289378
104.9,0.9999608190531108,0.999993734483078,0.9999604230097945,0.9999668666087995,0.9999743872997463,0.9999897830576462,0.9999599760695737
104.95,0.9999614198170775,0.9999938378485098,0.9999610231508436,0.9999673822713,0.9999747978913585,0.9999899467229564,0.9999606088238268
105.0,0.9999620110778723,0.9999939386783749,0.9999616152517944,0.9999678961466409,0.9999752024499878,0.9999901092525147,0.9999612350619371
105.05000000000001,0.9999625948892907,0.9999940382589956,0.999962200140599,0.9999683979940153,0.999975599862158,0.9999902687136117,0.9999618451549372
105.10000000000001,0.9999631694012502,0.9999941361806116,0.9999627744802547,0.9999688935843838,0.9999759926007921,0.9999904253428752,0.9999624512370946
105.15,0.9999637367593686,0.9999942327735741,0.9999633423159977,0.9999693827540522,0.9999763797534054,0.9999905806833163,0.9999630473860224
105.2,0.9999642939198223,0.9999943278072836,0.9999639012171245,0.999969863054216,0.9999767608663379,0.9999907334085223,0.999963632375862
105.25,0.9999648446297055,0.9999944205292864,0.9999644513581385,0.9999703376434057,0.9999771344014643,0.9999908829248367,0.9999642098974527
105.30000000000001,0.9999653868166224,0.9999945130923578,0.9999649950785157,0.9999708045266388,0.9999775037279305,0.999991030915708,0.9999647822388332
105.35000000000001,0.9999659220831485,0.9999946037696255,0.9999655316091215,0.999971265460308,0.9999778684778468,0.9999911763512102,0.9999653400241355
105.4,0.999966451471841,0.9999946925329188,0.9999660595680323,0.9999717181829664,0.9999782278075449,0.9999913198962586,0.9999658942446985
105.45,0.9999669682111472,0.9999947805909064,0.999966579850864,0.9999721643889079,0.9999785801036719,0.9999914613658565,0.9999664373254695
105.5,0.9999674796203815,0.9999948674070924,0.999967092476834,0.9999726043656061,0.9999789259321014,0.9999915992439509,0.9999669727061113
105.55000000000001,0.9999679842886673,0.9999949519406832,0.9999675968137491,0.9999730379637337,0.9999792678669095,0.9999917367738531,0.9999675001248078
105.60000000000001,0.9999684813770422,0.9999950359396848,0.9999680963531933,0.9999734654532673,0.9999796058083108,0.9999918715176159,0.9999680211542388
105.65,0.9999689707064697,0.9999951184660479,0.9999685862064336,0.9999738854534916,0.9999799387658874,0.9999920037540836,0.9999685334058553
105.7,0.9999694540485486,0.9999951995409833,0.9999690708931658,0.9999742996854479,0.9999802649612604,0.999992134871166,0.9999690374456646
105.75,0.9999699298951875,0.999995279478954,0.9999695468318897,0.999974708656675,0.9999805839191219,0.9999922637052256,0.9999695347235746
105.80000000000001,0.9999703980896114,0.9999953579277496,0.9999700184968399,0.9999751098878452,0.9999809002952444,0.9999923904007308,0.999970024009811
105.85000000000001,0.9999708601462898,0.9999954354275069,0.9999704813648376,0.9999755074344479,0.9999812127256192,0.9999925151009402,0.999970506218997
105.9,0.9999713138946811,0.9999955114995847,0.9999709396010144,0.9999758971240237,0.9999815194624616,0.9999926370319383,0.9999709808133905
105.95,0.9999717647615799,0.9999955863007027,0.9999713898850711,0.9999762824781442,0.9999818208489886,0.9999927588491984,0.9999714483987705
106.0,0.9999722042992281,0.9999956601425509,0.9999718302311293,0.9999766588747072,0.9999821171205421,0.9999928775770703,0.9999719083563887
106.05000000000001,0.9999726411826558,0.999995733006098,0.9999722688347432,0.9999770332392546,0.9999824120159101,0.9999929939617077,0.9999723615708969
106.10000000000001,0.9999730690702688,0.9999958042465776,0.999972698651628,0.9999774012145847,0.9999827005110923,0.9999931096617749,0.9999728098081634
106.15,0.9999734915194154,0.9999958751607161,0.9999731239480182,0.9999777610846097,0.9999829853204294,0.9999932240918579,0.9999732467805541
106.2,0.9999739082484135,0.9999959441786228,0.9999735414447493,0.999978118476891,0.9999832658935006,0.9999933353965834,0.999973680904186
106.25,0.9999743163248953,0.9999960119974669,0.9999739525977122,0.9999784693398515,0.9999835399065465,0.9999934459889006,0.9999741050882365
106.30000000000001,0.9999747235251246,0.9999960792185244,0.9999743602682349,0.9999788148144924,0.9999838129061558,0.9999935533944482,0.999974527524567
106.35000000000001,0.9999751207481591,0.9999961450097548,0.9999747606151699,0.9999791554433346,0.9999840782948125,0.9999936603493973,0.9999749418107072
106.4,0.9999755132053563,0.9999962101489104,0.9999751557594823,0.9999794916937392,0.9999843396400308,0.9999937654304556,0.9999753481851774
106.45,0.999975900743296,0.9999962743210141,0.9999755435664489,0.999979820647247,0.9999845996739466,0.9999938685967342,0.9999757497539056
106.5,0.9999762815943019,0.9999963368927756,0.9999759265456545,0.9999801476120295,0.9999848548476774,0.9999939703089504,0.9999761452992285
106.55000000000001,0.9999766566000372,0.999996398896188,0.9999763027125098,0.9999804660889602,0.9999851036521018,0.999994070429737,0.9999765336355559
106.60000000000001,0.9999770247896125,0.9999964595078404,0.9999766753876722,0.9999807814714978,0.9999853498806208,0.9999941687928843,0.9999769154675578
106.65,0.9999773904699584,0.9999965196319888,0.999977042028533,0.999981093107529,0.9999855937939648,0.9999942659451736,0.9999772922638639
106.7,0.9999777470501741,0.9999965789581007,0.9999774014285501,0.9999813989120261,0.9999858315213757,0.9999943619390279,0.9999776636896172
106.75,0.9999781012947809,0.99999663707296,0.9999777565697882,0.9999817007571519,0.9999860695523154,0.9999944562435734,0.9999780291010691
106.80000000000001,0.9999784494891074,0.999996693878358,0.9999781074362234,0.9999819965214032,0.9999862993392046,0.9999945482557389,0.9999783899611883
106.85000000000001,0.9999787916802612,0.9999967498447224,0.9999784534744782,0.9999822886692056,0.9999865283974964,0.9999946393026318,0.999978744504727
106.9,0.9999791304506405,0.9999968053802053,0.9999787934316033,0.999982577434464,0.9999867530516624,0.9999947284907031,0.9999790948013201
106.95,0.9999794638069035,0.9999968592275074,0.9999791291707385,0.999982860617141,0.9999869737919103,0.999994817138675,0.9999794350603572
107.0,0.9999797908469104,0.9999969129472933,0.9999794595080672,0.9999831373185054,0.9999871901786613,0.9999949042182685,0.9999797753737684
107.05000000000001,0.9999801128529658,0.9999969657916687,0.9999797823899219,0.9999834148340323,0.999987405000953,0.9999949898337462,0.9999801074746211
107.10000000000001,0.9999804301618872,0.9999970173913256,0.9999801048206491,0.9999836835890272,0.999987616923769,0.9999950734182216,0.9999804351805032
107.15,0.9999807442965247,0.9999970683457753,0.9999804188263582,0.9999839511010891,0.9999878233839254,0.9999951563032142,0.9999807580297481
107.2,0.999981051950412,0.999997119007933,0.9999807289712909,0.9999842110250147,0.9999880278398919,0.9999952377020366,0.9999810764026522
107.25,0.9999813558606375,0.9999971679762908,0.999981035498005,0.9999844705824334,0.9999882282357502,0.9999953179229523,0.9999813861424702
107.30000000000001,0.9999816566515778,0.9999972163317894,0.9999813365754298,0.999984724643797,0.9999884261633953,0.9999953965984999,0.9999816951912528
107.35000000000001,0.9999819495688574,0.9999972642079439,0.9999816331197614,0.999984975972912,0.9999886202356372,0.9999954738279269,0.9999819986247194
107.4,0.9999822394420018,0.9999973112946434,0.999981926899566,0.9999852215499234,0.9999888121916061,0.9999955510691021,0.9999822961335603
107.45,0.999982525937148,0.999997357217564,0.9999822152528,0.9999854649709105,0.9999889987153455,0.9999956259770334,0.9999825893401226
107.5,0.9999828063423413,0.9999974028307417,0.9999824990553663,0.9999857028882189,0.9999891844988738,0.9999956995867645,0.9999828821463154
107.55000000000001,0.9999830839602796,0.9999974471714491,0.999982779475017,0.9999859382356581,0.9999893672672684,0.9999957735530894,0.9999831646569944
107.60000000000001,0.9999833571255905,0.9999974918654781,0.9999830524618816,0.9999861700700503,0.9999895466429672,0.9999958442930761,0.9999834456829104
107.65,0.9999836259226733,0.9999975348573129,0.9999833265781446,0.9999863983721718,0.9999897235740519,0.999995915018154,0.9999837187063517
107.7,0.9999838907415955,0.9999975773292848,0.9999835923745585,0.9999866225331369,0.9999898965787758,0.9999959839334338,0.9999839901512005
107.75,0.9999841513326301,0.9999976189299473,0.9999838545463349,0.9999868447936823,0.9999900697457276,0.9999960524497392,0.9999842605386551
107.80000000000001,0.9999844085182821,0.999997660178359,0.9999841147002017,0.9999870597094419,0.9999902372191798,0.9999961194405066,0.9999845215398105
107.85000000000001,0.9999846608838547,0.9999977010430636,0.9999843714469521,0.9999872747270765,0.9999904023810435,0.9999961856843416,0.9999847791212341
107.9,0.9999849109915768,0.999997741063944,0.9999846217973625,0.9999874847461437,0.9999905670685272,0.9999962501665598,0.9999850359969398
107.95,0.9999851548343163,0.9999977806253902,0.999984870383529,0.9999876921303207,0.9999907251998793,0.9999963148130484,0.9999852835086434
108.0,0.9999853965015304,0.9999978183838858,0.9999851137727273,0.9999878959583249,0.9999908826242648,0.9999963772795706,0.9999855320669571
108.05000000000001,0.9999856333436777,0.9999978565110216,0.9999853538617248,0.9999880974691022,0.9999910389400006,0.9999964388778427,0.9999857734192361
108.10000000000001,0.9999858677468558,0.9999978939636369,0.9999855903283091,0.9999882956381019,0.9999911926586773,0.9999965003825178,0.9999860115817558
108.15,0.9999861000989829,0.9999979305068076,0.9999858240419675,0.9999884902849805,0.9999913424580236,0.9999965595547345,0.9999862487102384
108.2,0.9999863248274137,0.99999796633883,0.9999860510005322,0.9999886823985487,0.9999914886437187,0.9999966190744123,0.9999864791326782
108.25,0.9999865494676684,0.9999980017462967,0.9999862777299575,0.9999888697376679,0.9999916361166147,0.99999667706467,0.9999867096782254
108.30000000000001,0.9999867689791437,0.9999980363597669,0.9999864993457966,0.9999890556326598,0.9999917782291066,0.9999967335669683,0.9999869323918884
108.35000000000001,0.9999869857820783,0.9999980708829375,0.9999867203109788,0.9999892395966252,0.9999919195332582,0.9999967899729412,0.999987151938641
108.4,0.9999871988388617,0.9999981041461286,0.9999869360097648,0.9999894183873994,0.9999920582700594,0.9999968448430852,0.9999873677711087
108.45,0.9999874085657543,0.9999981382022374,0.9999871480937362,0.9999895950224673,0.9999921931929903,0.9999968995459139,0.999987581526119
108.5,0.9999876154567828,0.9999981707632898,0.9999873560789626,0.9999897712073411,0.9999923276675657,0.9999969529441637,0.9999877952230609
108.55000000000001,0.9999878196134135,0.9999982029800101,0.9999875633747259,0.999989940150215,0.9999924592675169,0.9999970059794414,0.9999880005493772
108.60000000000001,0.9999880186581023,0.9999982344789049,0.9999877659739342,0.9999901105353421,0.9999925909098978,0.9999970577640893,0.9999882016134232
108.65,0.999988217354398,0.9999982652233267,0.9999879642771435,0.9999902761470285,0.9999927185687092,0.9999971085881151,0.999988404377811
108.7,0.9999884096618924,0.999998295654541,0.9999881608331526,0.9999904395793846,0.9999928412099093,0.9999971577705368,0.9999886002438477
108.75,0.9999886031359171,0.9999983259520457,0.9999883569289834,0.9999906021479443,0.999992966323348,0.9999972072512632,0.9999887956158556
108.80000000000001,0.9999887903300673,0.9999983555674603,0.9999885477079129,0.9999907601609596,0.9999930875301508,0.9999972556517772,0.9999889827867333
108.85000000000001,0.9999889742570959,0.9999983843379254,0.9999887343109364,0.9999909125693835,0.9999932071231888,0.9999973026762237,0.9999891718053547
108.9,0.9999891571772419,0.9999984125658674,0.9999889175862646,0.9999910690168301,0.9999933252394572,0.9999973500789959,0.9999893563070752
108.95,0.9999893388509431,0.9999984411325292,0.9999890998085165,0.9999912188049962,0.9999934401303741,0.9999973959350478,0.999989537800444
109.0,0.9999895143329348,0.9999984679033946,0.9999892792413708,0.9999913668972173,0.9999935534889111,0.9999974411362835,0.9999897181253371
109.05000000000001,0.9999896862538462,0.9999984953129266,0.9999894546920416,0.9999915139100548,0.9999936663456688,0.9999974863957328,0.9999898924713252
109.10000000000001,0.999989859201893,0.9999985225590615,0.9999896305471814,0.9999916570625174,0.999993774432379,0.9999975299268178,0.9999900657192227
109.15,0.9999900284684539,0.9999985479007107,0.9999897994287328,0.9999917977248409,0.9999938842360825,0.9999975721967816,0.9999902342559199
109.2,0.9999901943804042,0.9999985741758234,0.9999899689509624,0.9999919374854941,0.9999939884748996,0.9999976150561314,0.9999904020623909
109.25,0.9999903578407785,0.9999985995548205,0.9999901342397303,0.9999920751608384,0.9999940943970378,0.999997656615156,0.9999905682420133
109.30000000000001,0.9999905159785304,0.999998624481121,0.9999902968835637,0.9999922088171932,0.999994197713627,0.9999976982559088,0.9999907302020178
109.35000000000001,0.9999906740758681,0.9999986488911535,0.99999045572673,0.9999923415975887,0.9999942985268362,0.9999977381059304,0.9999908874217527
109.4,0.9999908284309661,0.9999986726021247,0.9999906151042364,0.9999924699071335,0.9999943973049839,0.9999977782585604,0.9999910453770143
109.45,0.9999909843951743,0.9999986967107053,0.9999907694781951,0.9999926000353265,0.9999944956825261,0.9999978161855811,0.9999911987736807
109.5,0.9999911344957271,0.999998719468369,0.9999909237289593,0.9999927256034913,0.9999945918346465,0.9999978548651666,0.9999913505919449
109.55000000000001,0.9999912830919913,0.9999987430321369,0.9999910740415268,0.9999928506426254,0.9999946869649011,0.9999978928156155,0.9999914990087764
109.60000000000001,0.9999914281297307,0.9999987653119634,0.9999912240728557,0.9999929742023488,0.9999947809968228,0.9999979291016665,0.9999916453082144
109.65,0.9999915731871764,0.9999987869573309,0.9999913680502298,0.9999930922543008,0.9999948722172742,0.9999979656854137,0.9999917878390505
109.7,0.9999917141045936,0.9999988085086589,0.9999915120763123,0.9999932128947487,0.9999949616757159,0.9999980015006329,0.9999919339399367
109.75,0.9999918546670301,0.9999988300952973,0.9999916531702432,0.9999933256704439,0.9999950510390516,0.9999980373082105,0.9999920736869146
109.80000000000001,0.9999919905171762,0.9999988507978013,0.9999917917872243,0.9999934427057872,0.9999951371009435,0.9999980720331125,0.9999922117572206
109.85000000000001,0.9999921255314617,0.9999988715223889,0.9999919306546889,0.9999935536898867,0.9999952229004017,0.9999981058397772,0.9999923448675105
109.9,0.9999922569787971,0.9999988922657064,0.9999920643723719,0.9999936660439881,0.9999953073615641,0.9999981396398729,0.9999924794071708
109.95,0.9999923867652238,0.999998912001757,0.9999921966419173,0.9999937756808217,0.9999953896205769,0.9999981723364497,0.9999926098914478
110.0,0.9999925176990037,0.9999989317070249,0.9999923286791108,0.9999938799725783,0.9999954711136532,0.9999982053579833,0.9999927374907827
110.05000000000001,0.9999926436665867,0.9999989510026674,0.9999924568280383,0.9999939858432613,0.999995552296983,0.999998236209836,0.9999928630356705
110.10000000000001,0.9999927673819561,0.9999989697957329,0.9999925844812971,0.9999940898345674,0.9999956302780204,0.9999982677011405,0.9999929886870467
110.15,0.9999928898139528,0.9999989887382048,0.9999927075807622,0.999994192995661,0.9999957083744786,0.9999982984229241,0.9999931101726232
110.2,0.9999930093111802,0.999999006891136,0.9999928301465731,0.9999942929204226,0.9999957840042262,0.999998328890093,0.9999932305693456
110.25,0.999993130382877,0.9999990247761767,0.9999929498131472,0.999994391392044,0.9999958574815325,0.999998358060606,0.999993348430092
110.30000000000001,0.9999932465825994,0.9999990427715975,0.9999930699893953,0.9999944907559093,0.9999959322097733,0.9999983875950221,0.9999934647384356
110.35000000000001,0.999993361219691,0.9999990599915356,0.9999931856142458,0.9999945831807405,0.9999960031984542,0.9999984164000567,0.9999935788237387
110.4,0.9999934735587523,0.9999990764519205,0.999993300497757,0.9999946791731995,0.9999960743717713,0.9999984445091151,0.9999936920137267
110.45,0.9999935827998458,0.9999990931930022,0.9999934141124699,0.9999947712540609,0.9999961439946939,0.9999984728202272,0.9999938014922426
110.5,0.9999936946931152,0.9999991099251433,0.9999935268559386,0.9999948627873173,0.9999962119086918,0.9999984998325608,0.9999939104235638
110.55000000000001,0.9999938009676976,0.9999991256920466,0.999993634521417,0.9999949514804705,0.9999962807367653,0.9999985271155689,0.9999940194384025
110.60000000000001,0.9999939073362591,0.9999991422483326,0.9999937426175616,0.999995038261771,0.9999963456987021,0.9999985528497862,0.9999941244043491
110.65,0.9999940116076438,0.9999991576971288,0.9999938499652259,0.9999951269066876,0.9999964126288439,0.999998579398567,0.9999942272089197
110.7,0.999994113702788,0.9999991728531513,0.9999939520868933,0.999995210404489,0.9999964767524447,0.999998603925762,0.999994330929431
110.75,0.9999942155206644,0.999999187936426,0.9999940566483444,0.999995292075108,0.999996539784253,0.9999986298480106,0.9999944291430733
110.80000000000001,0.9999943146922091,0.9999992029989959,0.9999941571723201,0.9999953771342388,0.9999966005903854,0.9999986535981693,0.9999945267704377
110.85000000000001,0.9999944108887079,0.999999218044098,0.9999942568561565,0.9999954559021079,0.9999966626081713,0.9999986776781562,0.9999946239565576
110.9,0.9999945082396693,0.9999992315309514,0.9999943536694855,0.9999955353145188,0.9999967242616824,0.9999987018238236,0.9999947198137897
110.95,0.9999946016633281,0.9999992460896332,0.9999944503575606,0.9999956147757421,0.9999967817633152,0.9999987258268539,0.9999948116743663
111.0,0.9999946939267875,0.9999992596510363,0.9999945451486683,0.9999956923194482,0.9999968397869644,0.9999987484193706,0.9999949057233759
111.05000000000001,0.9999947853896313,0.9999992734463878,0.9999946381316425,0.999995767608139,0.9999968967821398,0.9999987707092441,0.9999949965918572
111.10000000000001,0.999994874063439,0.9999992863665814,0.9999947287182976,0.9999958414974951,0.9999969529922661,0.9999987931732729,0.9999950847171257
111.15,0.9999949623847426,0.9999992997680593,0.9999948195920623,0.9999959141014747,0.9999970066628863,0.9999988152555166,0.9999951726858353
111.2,0.9999950502807093,0.9999993124198439,0.9999949087312384,0.9999959874915134,0.9999970615769287,0.9999988367027769,0.9999952562395745
111.25,0.999995133659873,0.9999993254829893,0.9999949954660181,0.9999960552931116,0.9999971133458893,0.9999988569584365,0.9999953415963554
111.30000000000001,0.9999952203350863,0.9999993375569121,0.9999950829354394,0.9999961263983963,0.9999971672064007,0.999998878399511,0.9999954210562242
111.35000000000001,0.9999953033534086,0.9999993499916907,0.9999951671629712,0.9999961955680753,0.9999972189297102,0.9999988986953396,0.9999955063641532
111.4,0.9999953829176916,0.999999361650437,0.9999952481531584,0.9999962607966536,0.9999972674339168,0.9999989185116468,0.9999955861980578
111.45,0.9999954645084351,0.9999993741089673,0.9999953307298554,0.9999963289020586,0.9999973185339425,0.9999989380187704,0.9999956654441562
111.5,0.9999955424748563,0.9999993848603997,0.9999954096560426,0.9999963910369931,0.9999973657416045,0.9999989572850233,0.9999957422932118
111.55000000000001,0.9999956192432635,0.9999993961953213,0.9999954888697891,0.9999964569427175,0.9999974134514924,0.9999989765134434,0.999995817814255
111.60000000000001,0.9999956966180114,0.9999994076693666,0.9999955669519041,0.9999965182965194,0.9999974601622997,0.9999989951126962,0.9999958931423729
111.65,0.9999957703898359,0.9999994185984111,0.9999956446147151,0.9999965814385452,0.9999975072516887,0.9999990129255578,0.9999959678778472
111.7,0.9999958444322425,0.9999994294505135,0.9999957203748663,0.9999966426530623,0.9999975508863779,0.9999990318347411,0.9999960402967036
111.75,0.9999959167977994,0.9999994404157182,0.9999957935059932,0.9999967022977974,0.9999975952794191,0.9999990487590336,0.9999961100022244
111.80000000000001,0.9999959875183473,0.9999994506573164,0.9999958659906032,0.9999967605509534,0.9999976406410276,0.9999990658798248,0.9999961794592446
111.85000000000001,0.999996058684348,0.9999994601969051,0.9999959382096401,0.9999968193289714,0.9999976842457612,0.9999990835838277,0.9999962484129293
111.9,0.9999961259195669,0.9999994709101794,0.9999960076960277,0.9999968742661337,0.9999977243616126,0.9999991007311243,0.999996315675425
111.95,0.9999961949854344,0.9999994805718241,0.9999960772005485,0.9999969302591117,0.9999977682993968,0.99999911695835,0.9999963821812236
112.0,0.9999962609637794,0.9999994905573055,0.9999961448633632,0.9999969848212539,0.9999978108716562,0.9999991338110574,0.9999964492607613
112.05000000000001,0.9999963280669498,0.9999994998773144,0.9999962111202556,0.9999970415389643,0.9999978470061119,0.9999991485161818,0.9999965128948516
112.10000000000001,0.9999963907484024,0.9999995095652038,0.9999962777795304,0.9999970928689287,0.9999978870015878,0.9999991648043713,0.9999965749867181
112.15,0.9999964559667759,0.9999995181468886,0.9999963427286259,0.9999971428190695,0.9999979263478221,0.9999991799489849,0.9999966373761795
112.2,0.9999965174624004,0.9999995275823408,0.9999964082394788,0.9999971942325535,0.9999979643029628,0.9999991953770395,0.9999966975228552
112.25,0.9999965762802727,0.999999535799923,0.9999964690332002,0.9999972459416997,0.9999980016345673,0.9999992100624651,0.9999967570677524
112.30000000000001,0.9999966378144316,0.9999995448468518,0.9999965312990977,0.9999972938022172,0.9999980393440895,0.999999224816036,0.9999968139793618
112.35000000000001,0.9999966987807953,0.9999995535127264,0.9999965912743325,0.9999973432891734,0.9999980732618318,0.9999992386705501,0.9999968731320565
112.4,0.9999967549897595,0.9999995613981079,0.9999966521585657,0.9999973913449974,0.9999981096536861,0.9999992529085044,0.9999969312116425
112.45,0.9999968133922841,0.9999995702882196,0.9999967091472918,0.9999974393335865,0.9999981463497118,0.9999992662427991,0.9999969875936852
112.5,0.9999968695679435,0.999999577967963,0.9999967675848342,0.9999974832639205,0.9999981797168049,0.9999992801413383,0.9999970429443249
112.55000000000001,0.9999969251929492,0.9999995862772648,0.9999968249131751,0.9999975301236945,0.9999982128580958,0.9999992936707035,0.9999970955309049
112.60000000000001,0.9999969781001634,0.9999995937448964,0.999996879848055,0.9999975732796126,0.999998247256613,0.9999993062833943,0.9999971468259325
112.65,0.9999970323678871,0.9999996019952466,0.9999969347638028,0.9999976167031522,0.9999982795283885,0.9999993193496616,0.9999972009231698
112.7,0.9999970857045335,0.9999996084643407,0.9999969873710749,0.9999976605285397,0.9999983102326676,0.9999993324988232,0.9999972520071533
112.75,0.9999971377136676,0.9999996166487324,0.9999970416494326,0.9999977045531518,0.9999983409690049,0.9999993445666105,0.9999973032518723
112.80000000000001,0.9999971876793534,0.9999996241922583,0.9999970942432066,0.9999977445250785,0.9999983713822329,0.9999993562336604,0.999997350311303
112.85000000000001,0.9999972374227486,0.999999630766237,0.9999971457233563,0.9999977852643187,0.9999984030911999,0.9999993686443941,0.99999740139454
112.9,0.9999972862588139,0.9999996375459792,0.9999971956116749,0.9999978232921799,0.9999984329642069,0.9999993800555737,0.9999974467343091
112.95,0.9999973355068379,0.999999644809968,0.9999972449366903,0.9999978652574659,0.9999984608196785,0.9999993922216951,0.9999974942843928
113.0,0.999997382926469,0.9999996513513699,0.9999972924510444,0.9999979035300166,0.9999984892508549,0.9999994032393928,0.9999975398435559
113.05000000000001,0.9999974278817377,0.9999996583601911,0.999997341177677,0.9999979404210001,0.9999985182177591,0.9999994137875584,0.999997583589799
113.10000000000001,0.9999974744048095,0.9999996644408645,0.9999973886798803,0.9999979782454991,0.999998546948364,0.9999994248897235,0.9999976283290243
113.15,0.9999975196755844,0.9999996711759327,0.999997433812125,0.9999980149713423,0.9999985746856592,0.9999994361624694,0.9999976731055287
113.2,0.999997563429619,0.9999996774537288,0.9999974787405538,0.9999980504978612,0.9999985999193051,0.9999994459430468,0.9999977177270947
113.25,0.9999976092936278,0.9999996833793893,0.99999752455744,0.9999980881848041,0.9999986257806577,0.999999457133757,0.9999977579120508
113.30000000000001,0.9999976503088519,0.9999996892960734,0.9999975682091506,0.9999981227787887,0.9999986509863252,0.9999994671155931,0.999997798120488
113.35000000000001,0.9999976923011105,0.9999996952330512,0.9999976109417066,0.9999981596714912,0.9999986771544781,0.9999994775377963,0.9999978389290181
113.4,0.9999977328772192,0.9999997010725657,0.9999976533193446,0.9999981901779466,0.999998702483552,0.9999994873954944,0.9999978802442832
113.45,0.9999977738413175,0.9999997066953933,0.9999976957896968,0.9999982225748111,0.9999987262430884,0.9999994968839894,0.9999979184554808
113.5,0.9999978152926827,0.9999997122717202,0.9999977373977804,0.9999982571474015,0.9999987493903003,0.9999995064557277,0.9999979571985753
113.55000000000001,0.9999978554759001,0.999999717638155,0.9999977773391474,0.9999982883432713,0.9999987741870715,0.999999515204386,0.9999979955649044
113.60000000000001,0.9999978930516892,0.9999997232035769,0.9999978170929004,0.9999983198320184,0.9999987962827237,0.9999995249713584,0.9999980313835125
113.65,0.9999979313540522,0.9999997287188988,0.9999978563752902,0.9999983517415096,0.9999988198046532,0.9999995335265185,0.9999980681618352
113.7,0.9999979670769671,0.9999997339149177,0.9999978951043543,0.9999983793377476,0.999998842566463,0.9999995419306064,0.9999981065787952
113.75,0.9999980038298463,0.9999997388365085,0.9999979326412087,0.9999984094304297,0.9999988615863964,0.9999995513544221,0.999998140946289
113.80000000000001,0.9999980405232297,0.999999743786355,0.9999979693710157,0.9999984387380234,0.9999988841718594,0.9999995591188198,0.9999981757071785
113.85000000000001,0.9999980758369769,0.9999997488581359,0.9999980058112071,0.9999984678808793,0.9999989069882245,0.9999995676645256,0.9999982100071405
113.9,0.999998111238936,0.9999997537595675,0.9999980422735226,0.9999984963559997,0.9999989267056738,0.999999576410627,0.9999982420141658
113.95,0.9999981456220084,0.9999997587381564,0.9999980779836819,0.9999985255420157,0.9999989461319003,0.9999995838274106,0.9999982739085511
114.0,0.9999981791835193,0.9999997631881129,0.9999981116072654,0.9999985508704914,0.9999989662679677,0.9999995926837766,0.9999983082255886
114.05000000000001,0.9999982110419645,0.9999997677806921,0.9999981459986386,0.9999985777598791,0.9999989868971065,0.9999995997366469,0.9999983394985567
114.10000000000001,0.9999982450940599,0.9999997719864899,0.9999981793495111,0.9999986040296138,0.9999990047539071,0.9999996078055435,0.9999983686071683
114.15,0.9999982774528664,0.9999997765437181,0.9999982128265071,0.9999986298600936,0.9999990236014866,0.9999996151876224,0.9999983989444613
114.2,0.9999983088209283,0.9999997811065451,0.9999982438579007,0.9999986549967446,0.9999990448634064,0.9999996221675354,0.999998430610515
114.25,0.9999983383929759,0.9999997853497691,0.9999982759948641,0.9999986816061138,0.9999990617715733,0.9999996295151715,0.999998457661351
114.30000000000001,0.9999983674532348,0.9999997893977243,0.9999983076978998,0.9999987045093464,0.9999990794726703,0.9999996369079552,0.9999984876319519
114.35000000000001,0.9999983986717474,0.9999997933487279,0.9999983362300168,0.9999987295353511,0.9999990949415247,0.9999996437440014,0.9999985152486466
114.4,0.9999984259361155,0.9999997972851672,0.9999983674081926,0.9999987520323365,0.9999991127784353,0.9999996494700268,0.9999985437650116
114.45,0.9999984561081873,0.999999801393096,0.9999983973470615,0.9999987782206597,0.9999991290477847,0.9999996569576484,0.9999985713375457
114.5,0.9999984855559613,0.9999998053829613,0.9999984252721236,0.9999987997286923,0.9999991458470466,0.9999996631421113,0.9999986009789795
114.55000000000001,0.999998511661344,0.9999998090166178,0.9999984555160042,0.9999988210415544,0.9999991621306483,0.9999996696135265,0.99999862723142
114.60000000000001,0.9999985388091772,0.9999998128331715,0.9999984822365453,0.9999988424040428,0.9999991778227936,0.999999676534778,0.9999986530689862
114.65,0.9999985651644614,0.9999998163268942,0.9999985112364433,0.9999988648902286,0.9999991948783161,0.9999996825956627,0.9999986766601827
114.7,0.9999985922103423,0.9999998203292595,0.9999985397619235,0.9999988866210281,0.9999992096173279,0.9999996893148259,0.9999987004021829
114.75,0.9999986178144847,0.9999998235432823,0.9999985643297913,0.9999989057801628,0.9999992254278832,0.9999996946567395,0.9999987258003872
114.80000000000001,0.9999986439184154,0.999999827231469,0.9999985913335024,0.999998926450384,0.9999992408544749,0.99999970019602,0.9999987496715396
114.85000000000001,0.9999986698054961,0.9999998299683284,0.9999986165322132,0.9999989477618896,0.9999992543655132,0.9999997062224166,0.9999987743007787
114.9,0.9999986919180273,0.9999998334782705,0.9999986417808913,0.9999989664731574,0.9999992696797129,0.9999997117752385,0.9999987967857397
114.95,0.9999987163965854,0.9999998370558422,0.9999986665919807,0.9999989854791222,0.9999992843486601,0.9999997169478161,0.9999988195060137
115.0,0.9999987403064522,0.9999998397671652,0.9999986915308621,0.9999990049666925,0.9999992978615411,0.9999997231125615,0.9999988432369673
115.05000000000001,0.9999987621360596,0.9999998439943409,0.9999987148500995,0.9999990250998403,0.9999993107770236,0.9999997276969459,0.9999988662049002
115.10000000000001,0.9999987874974667,0.9999998465185512,0.9999987390472345,0.99999904218262,0.9999993238720333,0.9999997335381224,0.9999988863519094
115.15,0.999998808309343,0.9999998493225974,0.9999987603416869,0.9999990612677073,0.9999993370356169,0.9999997387871338,0.999998907918915
115.2,0.9999988309204043,0.9999998523911253,0.99999878421327,0.9999990779812157,0.9999993490766749,0.9999997439136958,0.9999989287668194
115.25,0.9999988524895843,0.999999855027268,0.9999988066601133,0.9999990961928517,0.9999993626274493,0.999999749031852,0.999998948592406
115.30000000000001,0.999998873875792,0.9999998582367473,0.9999988299191302,0.9999991126079733,0.9999993749412283,0.9999997539992956,0.9999989695978695
115.35000000000001,0.9999988948345077,0.9999998611499952,0.9999988488646661,0.9999991298144031,0.9999993882151185,0.9999997582406784,0.9999989899224304
115.4,0.999998915324159,0.9999998634123949,0.9999988728299736,0.9999991453684637,0.9999993996653089,0.9999997628721967,0.9999990072581022
115.45,0.9999989351565037,0.9999998659979622,0.9999988932571054,0.9999991623238158,0.999999409693607,0.9999997684736927,0.9999990268882617
115.5,0.9999989561821614,0.999999869225206,0.9999989138911195,0.9999991771299422,0.9999994208963648,0.999999771976962,0.9999990449817544
115.55000000000001,0.9999989746153216,0.9999998719587817,0.9999989328629211,0.9999991948285175,0.9999994339312737,0.9999997764958464,0.999999062828594
115.60000000000001,0.9999989950843475,0.9999998743106895,0.9999989535448298,0.9999992091181343,0.9999994450951272,0.9999997811854779,0.9999990819772958
115.65,0.9999990104278911,0.9999998766128116,0.999998971415957,0.9999992233403812,0.9999994549954091,0.9999997852516693,0.9999991004554807
115.7,0.999999033071316,0.9999998795094946,0.9999989915380325,0.9999992397597449,0.9999994667344955,0.9999997896939279,0.9999991188321208
115.75,0.9999990484145088,0.9999998814037024,0.9999990097134609,0.9999992538274945,0.9999994754964148,0.9999997929436226,0.9999991318192647
115.80000000000001,0.9999990665735871,0.9999998839241576,0.9999990296036043,0.9999992695546734,0.9999994871347186,0.9999997974906001,0.9999991504642414
115.85000000000001,0.9999990849982621,0.9999998862716442,0.9999990450066014,0.9999992804646739,0.9999994967312651,0.9999998016333647,0.9999991666647533
115.9,0.9999991010724845,0.9999998884939247,0.9999990652046385,0.9999992961559043,0.9999995060702217,0.9999998055712188,0.9999991830716053
115.95,0.9999991175844007,0.9999998908828542,0.9999990818475823,0.9999993095354639,0.9999995158802721,0.999999810105071,0.999999196967893
116.0,0.9999991344290097,0.9999998929568945,0.9999990974805215,0.9999993212138054,0.999999525048193,0.9999998133326518,0.999999215530192
116.05000000000001,0.9999991502084511,0.999999894597994,0.9999991159167174,0.9999993342525527,0.9999995344063284,0.9999998165718667,0.9999992274732972
116.10000000000001,0.9999991668935472,0.9999998969488082,0.9999991326366464,0.9999993486711315,0.9999995448331774,0.9999998206333877,0.9999992441842303
116.15,0.9999991836426644,0.99999989878816,0.9999991482696233,0.9999993589488493,0.9999995531479771,0.999999823507205,0.9999992565809679
116.2,0.9999991982564078,0.9999999018048709,0.9999991649837694,0.9999993731517386,0.9999995617518662,0.9999998277300016,0.9999992744807489
116.25,0.999999213125394,0.9999999030740377,0.999999179314106,0.9999993818646769,0.9999995713587533,0.9999998309151166,0.9999992857603126
116.30000000000001,0.9999992299782319,0.9999999053546278,0.999999195393374,0.9999993972511418,0.9999995784860327,0.9999998345145907,0.9999993021996947
116.35000000000001,0.9999992404326621,0.9999999069236583,0.9999992101079349,0.9999994087538995,0.9999995868462022,0.9999998379194337,0.9999993155156073
116.4,0.9999992570707814,0.9999999088657512,0.9999992245992153,0.9999994187118026,0.9999995944539095,0.9999998399440383,0.9999993276553389
116.45,0.9999992700718447,0.999999910592426,0.9999992388050165,0.9999994316624213,0.9999996038737307,0.9999998439603422,0.9999993408328072
116.5,0.9999992838809658,0.9999999126842998,0.9999992526363292,0.9999994399275706,0.99999961056747,0.9999998467094249,0.999999352778633
116.55000000000001,0.9999992987995615,0.9999999139562371,0.9999992687905119,0.9999994533788078,0.9999996185751902,0.9999998494441985,0.9999993664124455
116.60000000000001,0.9999993106896593,0.9999999162738624,0.9999992799393833,0.9999994628522079,0.9999996262171152,0.9999998528069718,0.9999993776436439
116.65,0.9999993239455748,0.9999999174431182,0.9999992945935884,0.9999994745593492,0.9999996329811491,0.9999998555877903,0.9999993889914675
116.7,0.9999993364463448,0.9999999193477294,0.9999993082277503,0.9999994821294423,0.9999996420841459,0.9999998587010219,0.9999994020856462
116.75,0.999999349099207,0.9999999204264584,0.9999993205979715,0.9999994933115813,0.9999996473894899,0.9999998612203512,0.999999414547619
116.80000000000001,0.9999993631768636,0.9999999224641165,0.9999993346975667,0.9999995027156978,0.9999996546208552,0.9999998642687837,0.9999994264176216
116.85000000000001,0.999999375059692,0.9999999237191899,0.999999345849744,0.999999514086855,0.9999996617686397,0.9999998666293782,0.999999435139218
116.9,0.9999993868803518,0.9999999258228247,0.9999993601424436,0.9999995202123301,0.9999996675592093,0.9999998691659857,0.9999994471225764
116.95,0.9999993970553367,0.9999999267407403,0.9999993710903046,0.9999995324232228,0.9999996756279326,0.9999998720366423,0.9999994601569655
117.0,0.9999994093600066,0.9999999283456105,0.9999993826692932,0.9999995414657429,0.9999996817190235,0.999999874604635,0.9999994715199942
117.05000000000001,0.9999994201615444,0.9999999301490146,0.9999993950279563,0.9999995495915811,0.9999996878379556,0.9999998768520885,0.9999994809643068
117.10000000000001,0.9999994323259045,0.9999999315290298,0.9999994061951747,0.9999995582201635,0.9999996933857163,0.9999998802408147,0.9999994917749395
117.15,0.9999994441214176,0.9999999327400516,0.9999994165174158,0.9999995664959573,0.9999996999217419,0.9999998819771101,0.9999995013143221
117.2,0.9999994528588261,0.9999999343407407,0.999999429440303,0.9999995757032976,0.9999997060418854,0.9999998844415482,0.9999995102145335
117.25,0.9999994634051684,0.9999999358881111,0.9999994399335427,0.9999995817486169,0.9999997131216933,0.9999998872113329,0.9999995181331465
117.30000000000001,0.9999994725731162,0.9999999370795393,0.9999994487668014,0.9999995933490643,0.9999997190566425,0.99999988936416,0.9999995286655287
117.35000000000001,0.9999994844866221,0.999999938221372,0.9999994593843742,0.999999599392978,0.9999997244900304,0.9999998914875312,0.9999995391946319
117.4,0.9999994946302873,0.9999999389455189,0.9999994707904387,0.9999996054829439,0.9999997293490409,0.9999998930081954,0.9999995464831436
117.45,0.9999995048511472,0.999999940552765,0.9999994805710457,0.9999996160385867,0.9999997351452291,0.9999998957084408,0.9999995583462626
117.5,0.999999513329473,0.9999999418821894,0.999999490812597,0.9999996226179761,0.9999997391500086,0.9999998974540523,0.9999995659765717
117.55000000000001,0.9999995236308767,0.9999999431603495,0.9999995003245609,0.9999996300675049,0.999999745753628,0.9999998989182626,0.9999995732206194
117.60000000000001,0.9999995321473174,0.9999999438669749,0.9999995081046906,0.9999996373374276,0.9999997500872495,0.999999901393502,0.999999582159644
117.65,0.9999995400949986,0.9999999449597701,0.9999995192602134,0.9999996441985396,0.9999997555809645,0.9999999038382462,0.9999995899335077
117.7,0.9999995487323157,0.9999999467788988,0.9999995287504255,0.9999996520845944,0.9999997612027935,0.9999999062644327,0.9999995975554574
117.75,0.9999995596205586,0.9999999478842514,0.9999995387146497,0.9999996583246923,0.9999997650202113,0.999999907576905,0.9999996049188417
117.80000000000001,0.9999995662427664,0.9999999489095379,0.9999995452023978,0.9999996638793897,0.9999997699122126,0.9999999091741041,0.9999996142036122
117.85000000000001,0.99999957617449,0.9999999498555157,0.9999995544101714,0.9999996711117793,0.999999774388956,0.9999999115733338,0.9999996234913628
117.9,0.9999995835068356,0.9999999503471739,0.9999995629243631,0.9999996786104901,0.9999997791558864,0.9999999131371176,0.9999996294185483
117.95,0.9999995905591554,0.9999999517795297,0.9999995726293226,0.9999996834398486,0.9999997825669636,0.9999999144388412,0.9999996363842639
118.0,0.9999995995505564,0.9999999528701883,0.9999995805196185,0.9999996921024668,0.9999997887336306,0.9999999159663341,0.9999996430459124
118.05000000000001,0.9999996076157878,0.9999999538290931,0.9999995878765618,0.9999996969913646,0.9999997911067765,0.999999918576317,0.9999996523420391
118.10000000000001,0.999999614511021,0.9999999546145547,0.9999995968804043,0.9999997024270382,0.999999795009306,0.9999999197581608,0.9999996583164713
118.15,0.9999996228980825,0.9999999554428783,0.9999996045732951,0.999999707295151,0.9999998012888296,0.999999921182853,0.9999996647478202
118.2,0.9999996296811431,0.9999999560400206,0.9999996102932239,0.9999997142097343,0.9999998053078732,0.9999999226390336,0.9999996706099155
118.25,0.9999996370751092,0.9999999571873442,0.9999996204006626,0.9999997209561764,0.9999998085340716,0.9999999249371144,0.9999996788807666
118.30000000000001,0.9999996444549274,0.9999999582497334,0.9999996271249257,0.999999725875327,0.9999998110397083,0.9999999264237986,0.9999996849968559
118.35000000000001,0.9999996514373461,0.9999999598636224,0.999999633846917,0.9999997300083421,0.9999998183049555,0.999999927395611,0.9999996918535894
118.4,0.9999996568461612,0.9999999604691096,0.9999996411644978,0.9999997373279547,0.9999998205074043,0.9999999289911747,0.999999699095383
118.45,0.9999996647204539,0.99999996097486,0.9999996483820517,0.999999741310936,0.9999998228439338,0.9999999300783906,0.9999997023498269
118.5,0.9999996701941425,0.999999961727912,0.9999996543469927,0.9999997464950114,0.9999998261435026,0.9999999319587938,0.9999997083282243
118.55000000000001,0.9999996777531519,0.9999999619891741,0.9999996618557468,0.9999997513881459,0.9999998305794873,0.9999999343169064,0.9999997156500425
118.60000000000001,0.9999996845155905,0.9999999633708527,0.9999996674169584,0.999999757682611,0.9999998349151665,0.9999999354066986,0.9999997213666957
118.65,0.9999996901549959,0.9999999640954883,0.9999996761980877,0.9999997608835406,0.9999998370972893,0.9999999358271461,0.9999997266156773
118.7,0.9999996949698002,0.9999999647403528,0.9999996821011935,0.9999997666651222,0.9999998396598065,0.9999999374404807,0.9999997320353795
118.75,0.9999997013867101,0.9999999655250776,0.9999996879384183,0.9999997702377749,0.9999998438960855,0.9999999388661366,0.999999738604364
118.80000000000001,0.9999997062788396,0.9999999661059767,0.9999996933378482,0.9999997760437027,0.9999998483099847,0.9999999405153818,0.9999997426327191
118.85000000000001,0.9999997140061361,0.999999966576777,0.999999698258807,0.9999997799908712,0.9999998509480926,0.9999999413315699,0.9999997485269864
118.9,0.9999997198072295,0.9999999669836266,0.9999997040579759,0.999999784549851,0.9999998541136126,0.9999999424038486,0.9999997527321556
118.95,0.9999997247847197,0.9999999678121319,0.9999997106888712,0.9999997874897323,0.9999998560596833,0.9999999436501582,0.9999997600149207
119.0,0.999999730838711,0.9999999691856492,0.9999997171539838,0.9999997922358321,0.9999998600076121,0.9999999445340015,0.9999997638151099
119.05000000000001,0.9999997366312544,0.9999999699310694,0.9999997213220646,0.9999997993712084,0.9999998630097631,0.9999999459585134,0.9999997671709272
119.10000000000001,0.9999997398058116,0.9999999705875945,0.9999997266654306,0.9999998015090832,0.9999998653863078,0.9999999469564289,0.9999997715747411
119.15,0.9999997465128141,0.9999999710739598,0.9999997335449475,0.9999998044888072,0.9999998676230903,0.9999999476701369,0.9999997763078636
119.2,0.9999997494104989,0.9999999715677088,0.999999737642347,0.9999998087340078,0.9999998688949503,0.9999999494460532,0.9999997841412467
119.25,0.9999997541464009,0.9999999720523886,0.9999997428106803,0.9999998109177202,0.9999998730375141,0.9999999504635642,0.9999997864441044
119.30000000000001,0.9999997612282168,0.9999999723974166,0.9999997482297498,0.9999998163899853,0.9999998758784925,0.9999999507539061,0.999999789662186
119.35000000000001,0.999999765327564,0.9999999727998123,0.999999753005483,0.9999998217931299,0.9999998784386614,0.9999999520486489,0.9999997950279456
119.4,0.9999997702566603,0.9999999733108761,0.9999997586392374,0.9999998256183277,0.9999998805405952,0.9999999525409126,0.9999997997793446
119.45,0.9999997735927333,0.9999999742980702,0.9999997632756452,0.9999998274721417,0.9999998832689344,0.9999999535439171,0.9999998038731375
119.5,0.9999997794341602,0.9999999748973286,0.9999997673120389,0.9999998311628723,0.9999998846229103,0.9999999545951366,0.9999998064032672
119.55000000000001,0.9999997839012427,0.9999999758182323,0.9999997709284942,0.9999998336173808,0.9999998873634814,0.9999999563821516,0.9999998131471785
119.60000000000001,0.9999997873776564,0.9999999759161454,0.9999997748100221,0.9999998387512599,0.9999998917206303,0.9999999574251348,0.9999998151499979
119.65,0.9999997923374231,0.9999999763182845,0.999999781425613,0.9999998409883691,0.9999998933371469,0.9999999584645645,0.9999998174098621
119.7,0.9999997947565831,0.9999999767177427,0.9999997862564813,0.9999998434806431,0.9999998968532922,0.9999999590410165,0.9999998227763035
119.75,0.999999800231429,0.9999999773423783,0.9999997894767644,0.9999998471845263,0.9999998972662714,0.9999999599209767,0.9999998252914799
119.80000000000001,0.9999998044040468,0.9999999779210483,0.9999997947688053,0.9999998490913644,0.9999998984855326,0.9999999608951737,0.9999998298044485
119.85000000000001,0.9999998081067197,0.9999999786245294,0.999999798807552,0.9999998521846852,0.9999999018275508,0.9999999618684317,0.9999998335828522
119.9,0.9999998123855007,0.999999978668315,0.9999998017817036,0.9999998552326761,0.9999999052208032,0.9999999621976803,0.9999998345010426
119.95,0.999999815724912,0.9999999789162518,0.9999998055645691,0.9999998606006886,0.9999999063509875,0.9999999632440467,0.9999998394667671
120.0,0.9999998188841288,0.9999999796408561,0.9999998102765757,0.999999863444381,0.9999999070274952,0.999999963877199,0.9999998412918408
120.05000000000001,0.9999998229805303,0.9999999803879543,0.9999998131371213,0.999999866361036,0.9999999088942886,0.9999999642969475,0.9999998470792902
120.10000000000001,0.9999998260735825,0.9999999811149815,0.9999998165812244,0.9999998684193324,0.9999999123164317,0.9999999650053796,0.9999998505713873
120.15,0.9999998289229446,0.9999999812568349,0.9999998210652606,0.9999998694367553,0.9999999132089449,0.9999999659991302,0.9999998533822532
120.2,0.9999998322076626,0.9999999816423905,0.9999998242124736,0.9999998729309774,0.9999999140011806,0.9999999665806795,0.9999998561020612
120.25,0.9999998358295032,0.9999999821061597,0.9999998273672951,0.9999998751345418,0.9999999151671206,0.9999999671498595,0.9999998583957953
120.30000000000001,0.9999998384651231,0.9999999821534418,0.999999830429401,0.9999998797544989,0.9999999182226861,0.9999999681454851,0.9999998622877344
120.35000000000001,0.9999998441477691,0.9999999825239416,0.9999998338153009,0.9999998821817849,0.9999999196585564,0.9999999687805564,0.9999998646736266
120.4,0.9999998467421263,0.9999999828208369,0.9999998379371355,0.9999998832407223,0.999999922296962,0.999999969264164,0.9999998687168523
120.45,0.999999849469389,0.9999999832015265,0.9999998426200715,0.9999998864746562,0.9999999227640658,0.9999999700748138,0.9999998690218934
120.5,0.9999998529933491,0.9999999835909497,0.9999998454556671,0.9999998878182224,0.9999999234429815,0.9999999704354433,0.9999998728439896
120.55000000000001,0.999999855450533,0.9999999842281357,0.9999998477492955,0.9999998899234949,0.9999999270854947,0.9999999712446763,0.9999998752583636
120.60000000000001,0.9999998577750351,0.9999999842513446,0.9999998503711324,0.9999998915536874,0.9999999281082051,0.9999999719991941,0.9999998793198985
120.65,0.9999998612739694,0.9999999842890794,0.9999998526619991,0.9999998937950064,0.9999999304652419,0.9999999724378204,0.9999998802686505
120.7,0.999999863800635,0.9999999847118519,0.9999998568714379,0.9999998974574467,0.9999999331437899,0.9999999728888646,0.9999998838882486
120.75,0.9999998658486141,0.9999999848663987,0.9999998600094351,0.9999998984443508,0.9999999347475099,0.9999999736127452,0.9999998871702018
120.80000000000001,0.9999998689529158,0.9999999858039298,0.9999998622235038,0.9999999035616765,0.9999999359995386,0.9999999743065232,0.9999998874143003
120.85000000000001,0.9999998715024221,0.9999999861349548,0.9999998661825665,0.9999999049035243,0.9999999362188152,0.9999999748759039,0.9999998909192652
120.9,0.999999875602223,0.9999999866724641,0.9999998690122188,0.9999999068558275,0.9999999379631234,0.9999999750423484,0.9999998909192652
120.95,0.9999998769001337,0.9999999870001103,0.9999998714121693,0.9999999078850995,0.9999999380800224,0.9999999753955205,0.9999998958669639
121.0,0.9999998789555644,0.9999999870470705,0.9999998737313478,0.9999999086181739,0.9999999398328742,0.9999999766915166,0.9999998969049944
121.05000000000001,0.9999998812732771,0.9999999872133762,0.9999998752989492,0.9999999102958211,0.9999999401479399,0.9999999772521144,0.9999998978334843
121.10000000000001,0.9999998858921424,0.9999999873672072,0.9999998774493553,0.9999999126042975,0.9999999433571527,0.9999999773570449,0.9999999004207978
121.15,0.9999998881097276,0.9999999877043214,0.9999998806405592,0.9999999134081404,0.9999999438058874,0.9999999774440609,0.9999999033586403
121.2,0.9999998897540578,0.9999999880850609,0.9999998835004873,0.9999999152693678,0.9999999445397963,0.9999999775869628,0.9999999056394256
121.25,0.9999998909892405,0.9999999881897031,0.9999998855671444,0.999999916961132,0.9999999445397963,0.9999999780889642,0.9999999082783493
121.30000000000001,0.9999998931954723,0.9999999884804298,0.9999998865409578,0.9999999194636058,0.9999999458546813,0.9999999784128275,0.9999999086182223
121.35000000000001,0.999999894673528,0.9999999885206945,0.9999998883969725,0.9999999226754618,0.9999999482344641,0.9999999796039502,0.9999999095050409
121.4,0.9999998982321568,0.9999999885206945,0.9999998911498456,0.9999999247510651,0.9999999500950101,0.9999999801403117,0.9999999136718198
121.45,0.999999900450774,0.9999999888861121,0.9999998926135911,0.9999999256523457,0.9999999514261912,0.9999999801679212,0.9999999143244421
121.5,0.9999999018488047,0.999999989094079,0.9999998957136318,0.9999999268901317,0.999999951719491,0.9999999808812904,0.9999999160162808
121.55000000000001,0.9999999033480683,0.9999999892197816,0.9999998983797918,0.999999928928148,0.9999999532469813,0.9999999814963928,0.999999919822437
121.60000000000001,0.999999905980229,0.9999999895970465,0.9999999010898313,0.9999999304848579,0.9999999532469813,0.999999981742538,0.9999999206738386
121.65,0.9999999079928202,0.9999999895970465,0.9999999045583751,0.9999999311869903,0.9999999532795012,0.9999999822118473,0.9999999224974929
121.7,0.9999999103071199,0.999999989984173,0.9999999063264904,0.9999999322067549,0.9999999540134235,0.9999999825680461,0.999999924870855
121.75,0.9999999124440888,0.9999999902047647,0.9999999072928933,0.9999999329091118,0.9999999547584171,0.999999982605051,0.9999999257166032
121.80000000000001,0.9999999138916444,0.9999999903339912,0.9999999093543313,0.9999999342811665,0.9999999561518405,0.999999982831569,0.9999999257166032
121.85000000000001,0.9999999162230762,0.9999999903410086,0.9999999114002543,0.9999999358510857,0.9999999585524169,0.9999999833250259,0.9999999283484504
121.9,0.9999999179764711,0.9999999905135173,0.9999999129014246,0.9999999364427914,0.9999999596131847,0.9999999836283123,0.9999999293864809
121.95,0.9999999192680358,0.9999999912173,0.9999999156767742,0.9999999390186264,0.9999999600520801,0.9999999842044821,0.9999999313976999
122.0,0.9999999210149122,0.9999999915269984,0.9999999166990174,0.9999999392498868,0.999999960269146,0.9999999846548548,0.9999999316431968
122.05000000000001,0.9999999215490971,0.9999999919722223,0.9999999179463108,0.9999999409455351,0.999999960469689,0.9999999848497678,0.9999999338855127
122.10000000000001,0.9999999239562464,0.999999991999708,0.9999999188368749,0.9999999415947967,0.9999999630694736,0.9999999854514434,0.9999999344933358
122.15,0.9999999243224794,0.999999992046195,0.9999999208889248,0.9999999443411636,0.999999963423882,0.9999999858309496,0.9999999344933358
122.2,0.999999926169509,0.9999999920532125,0.9999999215697036,0.9999999458940155,0.9999999642042494,0.999999985944741,0.999999934774886
122.25,0.9999999284115085,0.9999999922893646,0.9999999238630762,0.9999999471229587,0.9999999643040245,0.9999999862456139,0.9999999371251007
122.30000000000001,0.9999999306476481,0.9999999925918654,0.9999999242201987,0.9999999481522306,0.9999999653713527,0.9999999866118152,0.9999999413064853
122.35000000000001,0.9999999314702922,0.9999999927575707,0.9999999270034612,0.9999999497519098,0.9999999660186583,0.9999999866192545,0.9999999417527032
122.4,0.9999999331538776,0.9999999931178357,0.9999999279384261,0.9999999504438801,0.9999999671785155,0.9999999869669849,0.9999999417527032
122.45,0.999999933764075,0.9999999932194128,0.9999999297689308,0.9999999517023289,0.9999999684690177,0.9999999869997013,0.9999999439140065
122.5,0.9999999356078197,0.9999999932194128,0.999999930204312,0.999999952282038,0.9999999685662841,0.9999999874096814,0.9999999450529469
122.55000000000001,0.9999999367411211,0.9999999935589841,0.9999999319738664,0.9999999529621495,0.999999969047022,0.9999999882214392,0.9999999470490977
122.60000000000001,0.9999999383113275,0.9999999941116979,0.9999999334217448,0.9999999545807723,0.9999999697541994,0.9999999883432337,0.9999999478625134
122.65,0.9999999388269363,0.9999999941116979,0.9999999362162565,0.9999999554151169,0.9999999697616386,0.9999999886756992,0.999999948277984
122.7,0.9999999400916093,0.9999999941191371,0.9999999366486572,0.9999999566810589,0.9999999702100414,0.9999999889814143,0.9999999522292111
122.75,0.9999999416988021,0.9999999943462837,0.9999999393331631,0.9999999579083837,0.9999999702100414,0.9999999892880855,0.9999999539743196
122.80000000000001,0.9999999424249048,0.9999999943462837,0.9999999403885302,0.9999999579083837,0.9999999706679038,0.9999999895095524,0.9999999541186428
122.85000000000001,0.999999945832798,0.9999999944881452,0.9999999407902136,0.9999999581865454,0.9999999717978539,0.9999999895113546,0.9999999550310978
122.9,0.9999999462124546,0.9999999945113209,0.9999999423807917,0.9999999586883593,0.9999999730350079,0.9999999895646476,0.9999999550310978
122.95,0.9999999464399836,0.9999999946128981,0.9999999435250838,0.9999999597081238,0.999999973114172,0.9999999899883272,0.9999999568379059
123.0,0.9999999480070341,0.9999999946286677,0.9999999460825594,0.9999999604503692,0.9999999751700408,0.999999990103728,0.9999999575203837
123.05000000000001,0.9999999489659724,0.9999999948502034,0.9999999461622617,0.9999999607961525,0.9999999753238715,0.9999999901846944,0.9999999575203837
123.10000000000001,0.999999951058377,0.9999999948597108,0.9999999467709827,0.9999999610115706,0.99999997603095,0.9999999905499131,0.9999999578445182
123.15,0.9999999512261505,0.9999999948597108,0.9999999488053462,0.9999999629088762,0.9999999760616674,0.9999999911161592,0.9999999592264011
123.2,0.999999951922036,0.9999999951175343,0.9999999491204122,0.9999999637116048,0.9999999774181818,0.9999999913554946,0.9999999594219506
123.25,0.9999999531423436,0.9999999951432178,0.9999999499761487,0.9999999664568112,0.9999999789194594,0.9999999916201538,0.9999999615894732
123.30000000000001,0.9999999535757832,0.9999999952903933,0.9999999518161611,0.9999999666647779,0.9999999799392237,0.9999999918898876,0.9999999615894732
123.35000000000001,0.9999999541569872,0.9999999953695576,0.9999999520315792,0.9999999680109475,0.9999999799392237,0.9999999918898876,0.999999962771827
123.4,0.9999999555784349,0.9999999955775245,0.9999999523714524,0.9999999680109475,0.9999999799410259,0.999999992459287,0.9999999632195598
123.45,0.99999995647531,0.9999999955775245,0.9999999536162558,0.9999999680109475,0.9999999799505334,0.9999999924687945,0.9999999646064521
123.5,0.9999999566758531,0.9999999958383902,0.9999999545847018,0.9999999682947399,0.9999999801510764,0.9999999924705967,0.9999999646064521
123.55000000000001,0.9999999568912711,0.9999999958383902,0.9999999547926687,0.9999999693145044,0.999999980688103,0.999999992496138,0.9999999646064521
123.60000000000001,0.9999999583032115,0.9999999958541598,0.999999956386868,0.9999999693145044,0.999999980688103,0.9999999925218215,0.9999999677218868
123.65,0.9999999592120261,0.9999999958706847,0.9999999566706606,0.9999999703422444,0.9999999817247138,0.9999999926167553,0.9999999685676351
123.7,0.9999999593762647,0.9999999959790681,0.9999999577118995,0.9999999709238824,0.9999999817247138,0.9999999926714369,0.9999999685676351
123.75,0.9999999605965721,0.999999995991581,0.999999958095944,0.9999999713415677,0.9999999819708494,0.9999999927866962,0.9999999696042461
123.80000000000001,0.9999999622554263,0.999999995991581,0.999999960024523,0.9999999725925925,0.9999999819708494,0.9999999930044852,0.9999999696042461
123.85000000000001,0.9999999624734479,0.999999995991581,0.9999999605237335,0.999999972700976,0.9999999823790273,0.9999999931637735,0.9999999696042461
123.9,0.9999999632897719,0.999999995991581,0.9999999608400838,0.9999999731927351,0.9999999834082993,0.9999999938737065,0.9999999697040209
123.95,0.9999999644773099,0.9999999960222984,0.9999999625810023,0.9999999734107567,0.9999999841239922,0.999999993883214,0.9999999704910647
124.0,0.9999999644773099,0.9999999960222984,0.9999999640772544,0.9999999736252749,0.9999999841314313,0.999999993883214,0.9999999721952207
124.05000000000001,0.99999996565427,0.9999999960222984,0.9999999642414928,0.9999999746450393,0.9999999841314313,0.999999994173416,0.999999972476771
124.10000000000001,0.9999999658696881,0.9999999962788021,0.9999999647500564,0.9999999746450393,0.9999999845469197,0.9999999941808552,0.9999999735148014
124.15,0.9999999668894526,0.9999999962788021,0.9999999666778636,0.9999999746450393,0.9999999845469197,0.9999999941878727,0.9999999736591247
124.2,0.9999999683329562,0.999999996348997,0.9999999668784066,0.9999999746450393,0.9999999849149416,0.9999999942131497,0.9999999736591247
124.25,0.9999999683329562,0.9999999964487719,0.9999999668784066,0.9999999760095308,0.9999999851154846,0.9999999942131497,0.9999999738557681
124.30000000000001,0.9999999689526611,0.9999999964505741,0.9999999678280282,0.9999999761677967,0.9999999851946488,0.999999994220589,0.9999999738557681
124.35000000000001,0.9999999702806692,0.9999999969611721,0.9999999678280282,0.9999999777954882,0.9999999863431963,0.9999999944161387,0.9999999742712566
124.4,0.9999999704812121,0.999999997186211,0.9999999694652556,0.9999999783831762,0.9999999863431963,0.9999999945152073,0.9999999743504208
124.45,0.9999999710116961,0.9999999974584348,0.9999999698734334,0.9999999789648137,0.9999999863431963,0.9999999945459248,0.9999999761572287
124.5,0.9999999712072458,0.9999999975375989,0.9999999703201119,0.9999999789743212,0.9999999863904386,0.9999999945605057,0.9999999774337975
124.55000000000001,0.9999999717914871,0.9999999975450382,0.9999999710013974,0.9999999791748645,0.999999986527373,0.9999999949224402,0.9999999774337975
124.60000000000001,0.9999999732034276,0.9999999975450382,0.999999972522976,0.9999999791748645,0.9999999868424388,0.999999994941118,0.9999999774337975
124.65,0.9999999749149433,0.9999999975450382,0.999999972522976,0.9999999802481583,0.9999999879619782,0.9999999949668015,0.9999999774337975
124.7,0.9999999751324176,0.9999999977722707,0.9999999727756828,0.9999999812679226,0.9999999884198406,0.9999999949668015,0.9999999784892809
124.75,0.99999997559028,0.9999999979305366,0.99999997339912,0.9999999823406538,0.9999999890671462,0.9999999949756212,0.999999978507383
124.80000000000001,0.9999999757908228,0.9999999981315132,0.9999999734086275,0.9999999823406538,0.9999999901037568,0.9999999949925679,0.9999999788430151
124.85000000000001,0.9999999774082655,0.9999999981315132,0.9999999744325154,0.9999999823406538,0.9999999901739516,0.9999999949925679,0.9999999788430151
124.9,0.9999999778237358,0.9999999981315132,0.9999999760236287,0.999999983164302,0.9999999901920537,0.9999999955091292,0.9999999790570429
124.95,0.9999999782159116,0.9999999981315132,0.9999999760236287,0.9999999839409022,0.9999999906727915,0.9999999958467105,0.9999999809534188
125.0,0.9999999782159116,0.9999999983571969,0.9999999768289058,0.9999999839409022,0.999999990956584,0.9999999960059991,0.9999999819782881
125.05000000000001,0.9999999785400461,0.9999999983571969,0.9999999780858368,0.9999999849606668,0.999999990956584,0.9999999964374914,0.9999999835132978
125.10000000000001,0.9999999795035894,0.9999999983929879,0.9999999782441028,0.9999999863596224,0.9999999911645508,0.9999999967311153,0.9999999836216813
125.15,0.9999999810405873,0.9999999986014566,0.9999999789698502,0.9999999863666398,0.9999999911719901,0.9999999967311153,0.9999999843287597
125.2,0.9999999814004705,0.9999999986201344,0.9999999809625546,0.9999999864750232,0.9999999911719901,0.9999999972173668,0.9999999846103099
125.25,0.9999999827495611,0.9999999987619961,0.999999981172605,0.9999999864750232,0.9999999912898812,0.9999999972191689,0.9999999862120353
125.30000000000001,0.9999999829649793,0.999999998780098,0.999999981172605,0.9999999864750232,0.9999999912898812,0.9999999972191689,0.9999999863563588
125.35000000000001,0.9999999837960504,0.999999998780098,0.9999999818359482,0.9999999864750232,0.9999999912916834,0.9999999974201454,0.9999999863563588
125.4,0.9999999843433365,0.9999999988798731,0.9999999818359482,0.9999999864750232,0.9999999925434865,0.999999997445829,0.9999999867032046
125.45,0.9999999843433365,0.9999999990259987,0.9999999819443316,0.9999999864750232,0.9999999926226507,0.9999999974532683,0.9999999867032046
125.5,0.999999985363101,0.9999999990417683,0.9999999832523125,0.9999999864750232,0.9999999926226507,0.9999999974602858,0.9999999867032046
125.55000000000001,0.999999985363101,0.9999999990487858,0.9999999832523125,0.9999999878098536,0.9999999926226507,0.9999999977360934,0.9999999869487013
125.60000000000001,0.9999999858961885,0.9999999991410259,0.9999999843105025,0.9999999888493538,0.9999999926226507,0.9999999977668107,0.9999999871442511
125.65,0.9999999858961885,0.9999999991667095,0.99999998434122,0.9999999914398288,0.9999999941472064,0.999999997999117,0.9999999881808619
125.7,0.9999999859056959,0.9999999991741486,0.999999984856829,0.9999999921421858,0.9999999941472064,0.9999999980086244,0.9999999881808619
125.75,0.9999999859127134,0.9999999991741486,0.999999984856829,0.9999999921421858,0.9999999941472064,0.9999999980454043,0.9999999881808619
125.80000000000001,0.9999999865128562,0.9999999993821155,0.999999984856829,0.9999999923501526,0.9999999951669708,0.999999998371341,0.9999999901954446
125.85000000000001,0.9999999883393413,0.9999999993821155,0.9999999850176773,0.9999999923501526,0.9999999951669708,0.9999999983787802,0.9999999912467048
125.9,0.9999999885547594,0.9999999995414038,0.9999999865792648,0.9999999923501526,0.9999999951669708,0.9999999983787802,0.9999999912467048
125.95,0.9999999885547594,0.9999999995414038,0.9999999865792648,0.9999999923501526,0.9999999951669708,0.9999999983787802,0.9999999915823369
126.0,0.9999999885547594,0.9999999995414038,0.9999999865792648,0.9999999923501526,0.9999999951669708,0.9999999983787802,0.9999999919368321
126.05000000000001,0.999999988772781,0.9999999995414038,0.9999999868630571,0.9999999923501526,0.9999999951669708,0.9999999983787802,0.9999999927825804
126.10000000000001,0.999999988772781,0.9999999996497874,0.9999999870710241,0.9999999933699171,0.9999999951669708,0.9999999983945498,0.9999999927825804
126.15,0.999999988772781,0.9999999996497874,0.9999999870710241,0.9999999933699171,0.9999999953823888,0.9999999983945498,0.9999999927825804
126.2,0.999999988772781,0.9999999996497874,0.9999999870710241,0.9999999933699171,0.9999999953823888,0.999999998593661,0.9999999927825804
126.25,0.999999988772781,0.999999999654861,0.999999987271567,0.9999999933699171,0.9999999957905668,0.9999999986031685,0.9999999927825804
126.30000000000001,0.9999999888429759,0.999999999654861,0.999999987271567,0.9999999933699171,0.9999999957905668,0.9999999986106077,0.9999999927825804
126.35000000000001,0.9999999899711238,0.999999999654861,0.9999999888755727,0.9999999934783006,0.9999999957905668,0.9999999986106077,0.9999999927825804
126.4,0.9999999902549163,0.999999999654861,0.9999999888755727,0.9999999935484954,0.9999999958000743,0.9999999986106077,0.99999999313134
126.45,0.9999999902549163,0.999999999654861,0.9999999888755727,0.999999993766517,0.9999999958000743,0.9999999986106077,0.99999999313134
126.5,0.9999999902644237,0.999999999654861,0.9999999891481948,0.999999993766517,0.9999999958000743,0.9999999986106077,0.99999999313134
126.55000000000001,0.9999999902644237,0.999999999654861,0.9999999891481948,0.999999993766517,0.9999999958000743,0.9999999986362913,0.99999999313134
126.60000000000001,0.9999999906829882,0.9999999997250559,0.9999999891577023,0.999999993766517,0.9999999958000743,0.9999999986380934,0.99999999313134
126.65,0.9999999908984062,0.9999999997250559,0.9999999894414947,0.999999993766517,0.9999999958000743,0.9999999986451109,0.99999999313134
126.7,0.9999999908984062,0.9999999997250559,0.9999999896569127,0.999999993766517,0.9999999958000743,0.9999999986451109,0.99999999313134
126.75,0.9999999908984062,0.9999999997250559,0.9999999896569127,0.999999993766517,0.999999996948622,0.9999999988406605,0.99999999313134
126.80000000000001,0.9999999908984062,0.9999999997250559,0.9999999899384631,0.9999999939307556,0.999999996948622,0.9999999988406605,0.9999999932105043
126.85000000000001,0.9999999908984062,0.9999999997250559,0.9999999899384631,0.999999994214548,0.999999996948622,0.9999999988587627,0.9999999932105043
126.9,0.9999999919181707,0.99999999980422,0.9999999899384631,0.9999999952343124,0.999999996948622,0.9999999988662018,0.9999999942375057
126.95,0.9999999919181707,0.99999999980422,0.9999999911762489,0.9999999952343124,0.999999996948622,0.9999999988662018,0.9999999952572702
127.0,0.9999999922843904,0.99999999980422,0.9999999911762489,0.9999999952343124,0.999999996948622,0.9999999988757093,0.9999999952572702
127.05000000000001,0.9999999922843904,0.99999999980422,0.999999991376792,0.9999999952343124,0.999999996948622,0.9999999988757093,0.9999999952572702
127.10000000000001,0.9999999922843904,0.99999999980422,0.999999991376792,0.9999999952343124,0.9999999974064844,0.9999999988757093,0.9999999952572702
127.15,0.9999999926765661,0.99999999980422,0.999999991376792,0.9999999952343124,0.9999999974064844,0.9999999988757093,0.9999999952572702
127.2,0.9999999926765661,0.99999999980422,0.999999991376792,0.9999999952343124,0.9999999984430952,0.9999999988757093,0.9999999952572702
127.25,0.9999999928408047,0.99999999980422,0.9999999920172767,0.9999999952343124,0.9999999984430952,0.9999999988757093,0.9999999952572702
127.30000000000001,0.9999999928408047,0.99999999980422,0.9999999923706038,0.9999999956424903,0.9999999984430952,0.9999999989840929,0.9999999952572702
127.35000000000001,0.9999999928408047,0.99999999980422,0.9999999923706038,0.9999999956732079,0.9999999984430952,0.9999999989840929,0.9999999952572702
127.4,0.9999999930588263,0.99999999980422,0.9999999926543962,0.9999999956732079,0.9999999984430952,0.9999999991433813,0.9999999952572702
127.45,0.9999999933829608,0.99999999980422,0.9999999926543962,0.9999999956732079,0.9999999984430952,0.999999999492141,0.9999999953570452
127.5,0.9999999935412268,0.9999999998349376,0.9999999931788819,0.9999999958175312,0.9999999986510619,0.999999999492141,0.9999999953570452
127.55000000000001,0.9999999935412268,0.9999999998349376,0.9999999931788819,0.9999999958175312,0.9999999986585012,0.999999999492141,0.9999999953570452
127.60000000000001,0.9999999935412268,0.9999999998536154,0.9999999931788819,0.9999999960355528,0.9999999986585012,0.9999999997548571,0.9999999956385953
127.65,0.9999999935507343,0.9999999998536154,0.9999999931788819,0.9999999960355528,0.9999999986585012,0.9999999997622964,0.9999999966766256
127.7,0.9999999945704987,0.9999999998536154,0.9999999944166679,0.9999999960355528,0.9999999986585012,0.9999999997622964,0.9999999968209491
127.75,0.9999999952099371,0.9999999998536154,0.9999999944261754,0.9999999960355528,0.9999999986603034,0.9999999997640986,0.9999999968209491
127.80000000000001,0.9999999954253553,0.9999999999533904,0.9999999946415935,0.9999999960355528,0.9999999988608462,0.9999999997640986,0.9999999968209491
127.85000000000001,0.9999999954253553,0.9999999999551926,0.9999999946415935,0.9999999960355528,0.9999999989400105,0.9999999997640986,0.9999999968209491
127.9,0.9999999954253553,0.9999999999709622,0.9999999946415935,0.9999999960355528,0.9999999989400105,0.9999999997640986,0.9999999968209491
127.95,0.9999999954253553,0.9999999999779797,0.9999999946415935,0.9999999963506185,0.9999999989400105,0.9999999998432628,0.9999999968209491
128.0,0.9999999957404212,0.9999999999874872,0.9999999950497714,0.9999999979520207,0.9999999989400105,0.9999999998739802,0.9999999968209491
128.05,0.9999999957404212,0.9999999999874872,0.999999995080489,0.9999999979615282,0.999999998970728,0.9999999998790539,0.99999999785756
128.1,0.9999999957404212,0.9999999999949264,0.9999999953955547,0.9999999981620713,0.999999998970728,0.9999999998790539,0.99999999785756
128.15,0.9999999957404212,0.9999999999949264,0.9999999953955547,0.9999999981620713,0.999999998970728,0.9999999999072392,0.99999999785756
128.20000000000002,0.9999999959483881,0.9999999999949264,0.9999999955960978,0.9999999983700381,0.9999999999904925,0.9999999999072392,0.99999999785756
128.25,0.9999999959483881,0.9999999999949264,0.9999999957404212,0.9999999983700381,0.9999999999904925,0.9999999999072392,0.99999999785756
128.3,0.9999999963405639,0.9999999999949264,0.9999999957404212,0.9999999983700381,0.9999999999904925,0.9999999999072392,0.99999999785756
128.35,0.9999999963405639,0.9999999999949264,0.9999999957404212,0.9999999983700381,0.9999999999904925,0.9999999999072392,0.9999999981931921
128.4,0.9999999963405639,0.9999999999949264,0.9999999958488046,0.9999999983700381,0.9999999999904925,0.9999999999072392,0.9999999981931921
128.45000000000002,0.9999999963405639,0.9999999999949264,0.9999999958488046,0.9999999983700381,0.9999999999904925,0.9999999999072392,0.9999999981931921
128.5,0.9999999963405639,0.9999999999949264,0.9999999958488046,0.9999999983700381,0.9999999999904925,0.9999999999230088,0.9999999981931921
128.55,0.9999999965585855,0.9999999999949264,0.999999996132597,0.9999999983700381,0.9999999999904925,0.9999999999230088,0.9999999981931921
128.6,0.9999999965585855,0.9999999999949264,0.999999996132597,0.9999999983700381,0.9999999999904925,0.9999999999230088,0.9999999981931921
128.65,0.9999999965585855,1.0,0.999999996132597,0.9999999983700381,0.9999999999904925,0.9999999999230088,0.9999999981931921
128.70000000000002,0.9999999965585855,1.0,0.999999996132597,0.9999999983700381,0.9999999999904925,0.9999999999230088,0.9999999981931921
128.75,0.9999999965585855,1.0,0.999999996132597,0.9999999984784216,0.9999999999904925,0.9999999999230088,0.9999999981931921
128.8,0.9999999965585855,1.0,0.999999996132597,0.9999999984784216,1.0,0.999999999930448,0.9999999981931921
128.85,0.9999999975783499,1.0,0.999999997370383,0.9999999984784216,1.0,0.999999999930448,0.9999999981931921
128.9,0.9999999975783499,1.0,0.999999997370383,0.9999999984784216,1.0,0.999999999930448,0.9999999981931921
128.95000000000002,0.9999999975783499,1.0,0.999999997370383,0.9999999984784216,1.0,0.9999999999561314,0.9999999981931921
129.0,0.9999999975783499,1.0,0.999999997370383,0.9999999984784216,1.0,0.9999999999561314,0.9999999981931921
129.05,0.9999999975783499,1.0,0.999999997370383,0.9999999984784216,1.0,0.9999999999631489,0.9999999981931921
129.1,0.9999999975783499,1.0,0.999999997370383,0.9999999984784216,1.0,0.9999999999631489,0.9999999981931921
129.15,0.9999999975783499,1.0,0.999999997370383,0.9999999984784216,1.0,0.9999999999631489,0.9999999981931921
129.20000000000002,0.9999999975783499,1.0,0.999999997370383,0.9999999984784216,1.0,0.9999999999631489,0.9999999981931921
129.25,0.9999999975783499,1.0,0.999999997370383,0.9999999987622139,1.0,0.9999999999812511,0.9999999981931921
129.3,0.9999999975783499,1.0,0.999999997370383,0.9999999987622139,1.0,0.9999999999812511,0.9999999989802355
129.35,0.9999999975783499,1.0,0.999999997370383,0.9999999987622139,1.0,0.9999999999812511,1.0
129.4,0.9999999979445695,1.0,0.999999997370383,0.9999999987622139,1.0,0.9999999999812511,1.0
129.45000000000002,0.9999999979445695,1.0,0.999999997370383,0.9999999987622139,1.0,0.9999999999812511,1.0
129.5,0.9999999979445695,1.0,0.999999997370383,0.9999999987622139,1.0,0.9999999999812511,1.0
129.55,0.9999999979445695,1.0,0.999999997370383,0.9999999987622139,1.0,0.9999999999812511,1.0
129.6,0.9999999979445695,1.0,0.999999997370383,0.9999999987622139,1.0,0.9999999999812511,1.0
129.65,0.9999999979445695,1.0,0.9999999975783499,0.9999999987622139,1.0,0.9999999999812511,1.0
129.70000000000002,0.9999999979445695,1.0,0.9999999975783499,0.9999999987622139,1.0,0.9999999999812511,1.0
129.75,0.9999999979445695,1.0,0.9999999975783499,0.9999999987622139,1.0,0.9999999999812511,1.0
129.8,0.9999999979445695,1.0,0.9999999975783499,0.9999999987622139,1.0,0.9999999999812511,1.0
129.85,0.9999999979445695,1.0,0.9999999975783499,0.9999999987622139,1.0,0.9999999999812511,1.0
129.9,0.9999999979445695,1.0,0.9999999979445695,0.9999999987622139,1.0,0.9999999999812511,1.0
129.95000000000002,0.9999999979445695,1.0,0.9999999979445695,0.9999999987622139,1.0,0.9999999999812511,1.0
130.0,0.9999999979445695,1.0,0.9999999979445695,0.9999999989802355,1.0,0.9999999999812511,1.0
130.05,0.999999997954077,1.0,0.9999999979445695,0.9999999989802355,1.0,0.9999999999812511,1.0
130.1,0.999999997954077,1.0,0.9999999979445695,0.9999999989802355,1.0,0.9999999999812511,1.0
130.15,0.99999999815462,1.0,0.999999997954077,0.9999999989802355,1.0,0.9999999999830532,1.0
130.20000000000002,0.9999999983700381,1.0,0.999999998169495,0.9999999989802355,1.0,0.9999999999830532,1.0
130.25,0.9999999983700381,1.0,0.999999998169495,0.9999999989802355,1.0,0.9999999999830532,1.0
130.3,0.9999999983700381,1.0,0.999999998169495,0.9999999989802355,1.0,0.9999999999830532,1.0
130.35,0.9999999983700381,1.0,0.999999998169495,0.9999999989802355,1.0,0.9999999999830532,1.0
130.4,0.9999999983700381,1.0,0.999999998169495,1.0,1.0,0.9999999999830532,1.0
130.45000000000002,0.9999999983700381,1.0,0.999999998169495,1.0,1.0,0.9999999999830532,1.0
130.5,0.9999999983700381,1.0,0.999999998169495,1.0,1.0,0.9999999999830532,1.0
130.55,0.9999999983700381,1.0,0.999999998169495,1.0,1.0,0.9999999999925607,1.0
130.6,0.9999999983700381,1.0,0.9999999983700381,1.0,1.0,0.9999999999925607,1.0
130.65,0.9999999983700381,1.0,0.9999999983700381,1.0,1.0,0.9999999999925607,1.0
130.70000000000002,0.9999999987622139,1.0,0.9999999983700381,1.0,1.0,0.9999999999925607,1.0
130.75,0.9999999987622139,1.0,0.9999999983700381,1.0,1.0,0.9999999999925607,1.0
130.8,0.9999999987622139,1.0,0.9999999984784216,1.0,1.0,0.9999999999925607,1.0
130.85,0.9999999987622139,1.0,0.9999999984784216,1.0,1.0,0.9999999999925607,1.0
130.9,0.9999999987622139,1.0,0.9999999984784216,1.0,1.0,0.9999999999925607,1.0
130.95000000000002,0.9999999989802355,1.0,0.9999999987622139,1.0,1.0,0.9999999999925607,1.0
131.0,0.9999999989802355,1.0,0.9999999987622139,1.0,1.0,0.9999999999925607,1.0
131.05,0.9999999989802355,1.0,0.9999999987622139,1.0,1.0,0.9999999999925607,1.0
131.1,0.9999999989802355,1.0,0.9999999987622139,1.0,1.0,0.9999999999925607,1.0
131.15,0.9999999989802355,1.0,0.9999999987622139,1.0,1.0,0.9999999999925607,1.0
131.20000000000002,0.9999999989802355,1.0,0.9999999987622139,1.0,1.0,1.0,1.0
131.25,1.0,1.0,1.0,1.0,1.0,1.0,1.0
131.3,1.0,1.0,1.0,1.0,1.0,1.0,1.0
131.35,1.0,1.0,1.0,1.0,1.0,1.0,1.0
131.4,1.0,1.0,1.0,1.0,1.0,1.0,1.0
131.45000000000002,1.0,1.0,1.0,1.0,1.0,1.0,1.0
131.5,1.0,1.0,1.0,1.0,1.0,1.0,1.0
131.55,1.0,1.0,1.0,1.0,1.0,1.0,1.0
131.6,1.0,1.0,1.0,1.0,1.0,1.0,1.0
131.65,1.0,1.0,1.0,1.0,1.0,1.0,1.0
131.70000000000002,1.0,1.0,1.0,1.0,1.0,1.0,1.0
131.75,1.0,1.0,1.0,1.0,1.0,1.0,1.0
131.8,1.0,1.0,1.0,1.0,1.0,1.0,1.0
131.85,1.0,1.0,1.0,1.0,1.0,1.0,1.0
131.9,1.0,1.0,1.0,1.0,1.0,1.0,1.0
131.95000000000002,1.0,1.0,1.0,1.0,1.0,1.0,1.0
132.0,1.0,1.0,1.0,1.0,1.0,1.0,1.0
132.05,1.0,1.0,1.0,1.0,1.0,1.0,1.0
132.1,1.0,1.0,1.0,1.0,1.0,1.0,1.0
132.15,1.0,1.0,1.0,1.0,1.0,1.0,1.0
132.20000000000002,1.0,1.0,1.0,1.0,1.0,1.0,1.0
132.25,1.0,1.0,1.0,1.0,1.0,1.0,1.0
132.3,1.0,1.0,1.0,1.0,1.0,1.0,1.0
132.35,1.0,1.0,1.0,1.0,1.0,1.0,1.0
132.4,1.0,1.0,1.0,1.0,1.0,1.0,1.0
132.45000000000002,1.0,1.0,1.0,1.0,1.0,1.0,1.0
132.5,1.0,1.0,1.0,1.0,1.0,1.0,1.0
132.55,1.0,1.0,1.0,1.0,1.0,1.0,1.0
132.6,1.0,1.0,1.0,1.0,1.0,1.0,1.0
132.65,1.0,1.0,1.0,1.0,1.0,1.0,1.0
132.70000000000002,1.0,1.0,1.0,1.0,1.0,1.0,1.0
132.75,1.0,1.0,1.0,1.0,1.0,1.0,1.0
132.8,1.0,1.0,1.0,1.0,1.0,1.0,1.0
132.85,1.0,1.0,1.0,1.0,1.0,1.0,1.0
132.9,1.0,1.0,1.0,1.0,1.0,1.0,1.0
132.95000000000002,1.0,1.0,1.0,1.0,1.0,1.0,1.0
133.0,1.0,1.0,1.0,1.0,1.0,1.0,1.0
133.05,1.0,1.0,1.0,1.0,1.0,1.0,1.0
133.1,1.0,1.0,1.0,1.0,1.0,1.0,1.0
133.15,1.0,1.0,1.0,1.0,1.0,1.0,1.0
133.20000000000002,1.0,1.0,1.0,1.0,1.0,1.0,1.0
133.25,1.0,1.0,1.0,1.0,1.0,1.0,1.0
133.3,1.0,1.0,1.0,1.0,1.0,1.0,1.0
133.35,1.0,1.0,1.0,1.0,1.0,1.0,1.0
133.4,1.0,1.0,1.0,1.0,1.0,1.0,1.0
133.45000000000002,1.0,1.0,1.0,1.0,1.0,1.0,1.0
133.5,1.0,1.0,1.0,1.0,1.0,1.0,1.0
133.55,1.0,1.0,1.0,1.0,1.0,1.0,1.0
133.6,1.0,1.0,1.0,1.0,1.0,1.0,1.0
133.65,1.0,1.0,1.0,1.0,1.0,1.0,1.0
133.70000000000002,1.0,1.0,1.0,1.0,1.0,1.0,1.0
133.75,1.0,1.0,1.0,1.0,1.0,1.0,1.0
133.8,1.0,1.0,1.0,1.0,1.0,1.0,1.0
133.85,1.0,1.0,1.0,1.0,1.0,1.0,1.0
133.9,1.0,1.0,1.0,1.0,1.0,1.0,1.0
133.95000000000002,1.0,1.0,1.0,1.0,1.0,1.0,1.0
134.0,1.0,1.0,1.0,1.0,1.0,1.0,1.0
134.05,1.0,1.0,1.0,1.0,1.0,1.0,1.0
134.1,1.0,1.0,1.0,1.0,1.0,1.0,1.0
134.15,1.0,1.0,1.0,1.0,1.0,1.0,1.0
134.20000000000002,1.0,1.0,1.0,1.0,1.0,1.0,1.0
134.25,1.0,1.0,1.0,1.0,1.0,1.0,1.0
134.3,1.0,1.0,1.0,1.0,1.0,1.0,1.0
134.35,1.0,1.0,1.0,1.0,1.0,1.0,1.0
134.4,1.0,1.0,1.0,1.0,1.0,1.0,1.0
134.45000000000002,1.0,1.0,1.0,1.0,1.0,1.0,1.0
134.5,1.0,1.0,1.0,1.0,1.0,1.0,1.0
134.55,1.0,1.0,1.0,1.0,1.0,1.0,1.0
134.6,1.0,1.0,1.0,1.0,1.0,1.0,1.0
134.65,1.0,1.0,1.0,1.0,1.0,1.0,1.0
134.70000000000002,1.0,1.0,1.0,1.0,1.0,1.0,1.0
134.75,1.0,1.0,1.0,1.0,1.0,1.0,1.0
134.8,1.0,1.0,1.0,1.0,1.0,1.0,1.0
134.85,1.0,1.0,1.0,1.0,1.0,1.0,1.0
134.9,1.0,1.0,1.0,1.0,1.0,1.0,1.0
134.95000000000002,1.0,1.0,1.0,1.0,1.0,1.0,1.0
135.0,1.0,1.0,1.0,1.0,1.0,1.0,1.0
135.05,1.0,1.0,1.0,1.0,1.0,1.0,1.0
135.1,1.0,1.0,1.0,1.0,1.0,1.0,1.0
135.15,1.0,1.0,1.0,1.0,1.0,1.0,1.0
135.20000000000002,1.0,1.0,1.0,1.0,1.0,1.0,1.0
135.25,1.0,1.0,1.0,1.0,1.0,1.0,1.0
135.3,1.0,1.0,1.0,1.0,1.0,1.0,1.0
135.35,1.0,1.0,1.0,1.0,1.0,1.0,1.0
135.4,1.0,1.0,1.0,1.0,1.0,1.0,1.0
135.45000000000002,1.0,1.0,1.0,1.0,1.0,1.0,1.0
135.5,1.0,1.0,1.0,1.0,1.0,1.0,1.0
135.55,1.0,1.0,1.0,1.0,1.0,1.0,1.0
135.6,1.0,1.0,1.0,1.0,1.0,1.0,1.0
135.65,1.0,1.0,1.0,1.0,1.0,1.0,1.0
135.70000000000002,1.0,1.0,1.0,1.0,1.0,1.0,1.0
135.75,1.0,1.0,1.0,1.0,1.0,1.0,1.0
135.8,1.0,1.0,1.0,1.0,1.0,1.0,1.0
135.85,1.0,1.0,1.0,1.0,1.0,1.0,1.0
135.9,1.0,1.0,1.0,1.0,1.0,1.0,1.0
135.95000000000002,1.0,1.0,1.0,1.0,1.0,1.0,1.0
136.0,1.0,1.0,1.0,1.0,1.0,1.0,1.0
136.05,1.0,1.0,1.0,1.0,1.0,1.0,1.0
136.1,1.0,1.0,1.0,1.0,1.0,1.0,1.0
136.15,1.0,1.0,1.0,1.0,1.0,1.0,1.0
136.20000000000002,1.0,1.0,1.0,1.0,1.0,1.0,1.0
136.25,1.0,1.0,1.0,1.0,1.0,1.0,1.0
136.3,1.0,1.0,1.0,1.0,1.0,1.0,1.0
136.35,1.0,1.0,1.0,1.0,1.0,1.0,1.0
136.4,1.0,1.0,1.0,1.0,1.0,1.0,1.0
136.45000000000002,1.0,1.0,1.0,1.0,1.0,1.0,1.0
136.5,1.0,1.0,1.0,1.0,1.0,1.0,1.0
136.55,1.0,1.0,1.0,1.0,1.0,1.0,1.0
136.6,1.0,1.0,1.0,1.0,1.0,1.0,1.0
136.65,1.0,1.0,1.0,1.0,1.0,1.0,1.0
136.70000000000002,1.0,1.0,1.0,1.0,1.0,1.0,1.0
136.75,1.0,1.0,1.0,1.0,1.0,1.0,1.0
136.8,1.0,1.0,1.0,1.0,1.0,1.0,1.0
136.85,1.0,1.0,1.0,1.0,1.0,1.0,1.0
136.9,1.0,1.0,1.0,1.0,1.0,1.0,1.0
136.95000000000002,1.0,1.0,1.0,1.0,1.0,1.0,1.0
137.0,1.0,1.0,1.0,1.0,1.0,1.0,1.0
137.05,1.0,1.0,1.0,1.0,1.0,1.0,1.0
137.1,1.0,1.0,1.0,1.0,1.0,1.0,1.0
137.15,1.0,1.0,1.0,1.0,1.0,1.0,1.0
137.20000000000002,1.0,1.0,1.0,1.0,1.0,1.0,1.0
137.25,1.0,1.0,1.0,1.0,1.0,1.0,1.0
137.3,1.0,1.0,1.0,1.0,1.0,1.0,1.0
137.35,1.0,1.0,1.0,1.0,1.0,1.0,1.0
137.4,1.0,1.0,1.0,1.0,1.0,1.0,1.0
137.45000000000002,1.0,1.0,1.0,1.0,1.0,1.0,1.0
137.5,1.0,1.0,1.0,1.0,1.0,1.0,1.0
137.55,1.0,1.0,1.0,1.0,1.0,1.0,1.0
137.6,1.0,1.0,1.0,1.0,1.0,1.0,1.0
137.65,1.0,1.0,1.0,1.0,1.0,1.0,1.0
137.70000000000002,1.0,1.0,1.0,1.0,1.0,1.0,1.0
137.75,1.0,1.0,1.0,1.0,1.0,1.0,1.0
137.8,1.0,1.0,1.0,1.0,1.0,1.0,1.0
137.85,1.0,1.0,1.0,1.0,1.0,1.0,1.0
137.9,1.0,1.0,1.0,1.0,1.0,1.0,1.0
137.95000000000002,1.0,1.0,1.0,1.0,1.0,1.0,1.0
138.0,1.0,1.0,1.0,1.0,1.0,1.0,1.0
138.05,1.0,1.0,1.0,1.0,1.0,1.0,1.0
138.1,1.0,1.0,1.0,1.0,1.0,1.0,1.0
138.15,1.0,1.0,1.0,1.0,1.0,1.0,1.0
138.20000000000002,1.0,1.0,1.0,1.0,1.0,1.0,1.0
138.25,1.0,1.0,1.0,1.0,1.0,1.0,1.0
138.3,1.0,1.0,1.0,1.0,1.0,1.0,1.0
138.35,1.0,1.0,1.0,1.0,1.0,1.0,1.0
138.4,1.0,1.0,1.0,1.0,1.0,1.0,1.0
138.45000000000002,1.0,1.0,1.0,1.0,1.0,1.0,1.0
138.5,1.0,1.0,1.0,1.0,1.0,1.0,1.0
138.55,1.0,1.0,1.0,1.0,1.0,1.0,1.0
138.6,1.0,1.0,1.0,1.0,1.0,1.0,1.0
138.65,1.0,1.0,1.0,1.0,1.0,1.0,1.0
138.70000000000002,1.0,1.0,1.0,1.0,1.0,1.0,1.0
138.75,1.0,1.0,1.0,1.0,1.0,1.0,1.0
138.8,1.0,1.0,1.0,1.0,1.0,1.0,1.0
138.85,1.0,1.0,1.0,1.0,1.0,1.0,1.0
138.9,1.0,1.0,1.0,1.0,1.0,1.0,1.0
138.95000000000002,1.0,1.0,1.0,1.0,1.0,1.0,1.0
139.0,1.0,1.0,1.0,1.0,1.0,1.0,1.0
139.05,1.0,1.0,1.0,1.0,1.0,1.0,1.0
139.1,1.0,1.0,1.0,1.0,1.0,1.0,1.0
139.15,1.0,1.0,1.0,1.0,1.0,1.0,1.0
139.20000000000002,1.0,1.0,1.0,1.0,1.0,1.0,1.0
139.25,1.0,1.0,1.0,1.0,1.0,1.0,1.0
139.3,1.0,1.0,1.0,1.0,1.0,1.0,1.0
139.35,1.0,1.0,1.0,1.0,1.0,1.0,1.0
139.4,1.0,1.0,1.0,1.0,1.0,1.0,1.0
139.45000000000002,1.0,1.0,1.0,1.0,1.0,1.0,1.0
139.5,1.0,1.0,1.0,1.0,1.0,1.0,1.0
139.55,1.0,1.0,1.0,1.0,1.0,1.0,1.0
139.6,1.0,1.0,1.0,1.0,1.0,1.0,1.0
139.65,1.0,1.0,1.0,1.0,1.0,1.0,1.0
139.70000000000002,1.0,1.0,1.0,1.0,1.0,1.0,1.0
139.75,1.0,1.0,1.0,1.0,1.0,1.0,1.0
139.8,1.0,1.0,1.0,1.0,1.0,1.0,1.0
139.85,1.0,1.0,1.0,1.0,1.0,1.0,1.0
139.9,1.0,1.0,1.0,1.0,1.0,1.0,1.0
139.95000000000002,1.0,1.0,1.0,1.0,1.0,1.0,1.0
140.0,1.0,1.0,1.0,1.0,1.0,1.0,1.0
140.05,1.0,1.0,1.0,1.0,1.0,1.0,1.0
140.1,1.0,1.0,1.0,1.0,1.0,1.0,1.0
140.15,1.0,1.0,1.0,1.0,1.0,1.0,1.0
140.20000000000002,1.0,1.0,1.0,1.0,1.0,1.0,1.0
140.25,1.0,1.0,1.0,1.0,1.0,1.0,1.0
140.3,1.0,1.0,1.0,1.0,1.0,1.0,1.0
140.35,1.0,1.0,1.0,1.0,1.0,1.0,1.0
140.4,1.0,1.0,1.0,1.0,1.0,1.0,1.0
140.45000000000002,1.0,1.0,1.0,1.0,1.0,1.0,1.0
140.5,1.0,1.0,1.0,1.0,1.0,1.0,1.0
140.55,1.0,1.0,1.0,1.0,1.0,1.0,1.0
140.6,1.0,1.0,1.0,1.0,1.0,1.0,1.0
140.65,1.0,1.0,1.0,1.0,1.0,1.0,1.0
140.70000000000002,1.0,1.0,1.0,1.0,1.0,1.0,1.0
140.75,1.0,1.0,1.0,1.0,1.0,1.0,1.0
140.8,1.0,1.0,1.0,1.0,1.0,1.0,1.0
140.85,1.0,1.0,1.0,1.0,1.0,1.0,1.0
140.9,1.0,1.0,1.0,1.0,1.0,1.0,1.0
140.95000000000002,1.0,1.0,1.0,1.0,1.0,1.0,1.0
141.0,1.0,1.0,1.0,1.0,1.0,1.0,1.0
141.05,1.0,1.0,1.0,1.0,1.0,1.0,1.0
141.1,1.0,1.0,1.0,1.0,1.0,1.0,1.0
141.15,1.0,1.0,1.0,1.0,1.0,1.0,1.0
141.20000000000002,1.0,1.0,1.0,1.0,1.0,1.0,1.0
141.25,1.0,1.0,1.0,1.0,1.0,1.0,1.0
141.3,1.0,1.0,1.0,1.0,1.0,1.0,1.0
141.35,1.0,1.0,1.0,1.0,1.0,1.0,1.0
141.4,1.0,1.0,1.0,1.0,1.0,1.0,1.0
141.45000000000002,1.0,1.0,1.0,1.0,1.0,1.0,1.0
141.5,1.0,1.0,1.0,1.0,1.0,1.0,1.0
141.55,1.0,1.0,1.0,1.0,1.0,1.0,1.0
141.6,1.0,1.0,1.0,1.0,1.0,1.0,1.0
141.65,1.0,1.0,1.0,1.0,1.0,1.0,1.0
141.70000000000002,1.0,1.0,1.0,1.0,1.0,1.0,1.0
141.75,1.0,1.0,1.0,1.0,1.0,1.0,1.0
141.8,1.0,1.0,1.0,1.0,1.0,1.0,1.0
141.85,1.0,1.0,1.0,1.0,1.0,1.0,1.0
141.9,1.0,1.0,1.0,1.0,1.0,1.0,1.0
141.95000000000002,1.0,1.0,1.0,1.0,1.0,1.0,1.0
142.0,1.0,1.0,1.0,1.0,1.0,1.0,1.0
142.05,1.0,1.0,1.0,1.0,1.0,1.0,1.0
142.1,1.0,1.0,1.0,1.0,1.0,1.0,1.0
142.15,1.0,1.0,1.0,1.0,1.0,1.0,1.0
142.20000000000002,1.0,1.0,1.0,1.0,1.0,1.0,1.0
142.25,1.0,1.0,1.0,1.0,1.0,1.0,1.0
142.3,1.0,1.0,1.0,1.0,1.0,1.0,1.0
142.35,1.0,1.0,1.0,1.0,1.0,1.0,1.0
142.4,1.0,1.0,1.0,1.0,1.0,1.0,1.0
142.45000000000002,1.0,1.0,1.0,1.0,1.0,1.0,1.0
142.5,1.0,1.0,1.0,1.0,1.0,1.0,1.0
142.55,1.0,1.0,1.0,1.0,1.0,1.0,1.0
142.6,1.0,1.0,1.0,1.0,1.0,1.0,1.0
142.65,1.0,1.0,1.0,1.0,1.0,1.0,1.0
142.70000000000002,1.0,1.0,1.0,1.0,1.0,1.0,1.0
142.75,1.0,1.0,1.0,1.0,1.0,1.0,1.0
142.8,1.0,1.0,1.0,1.0,1.0,1.0,1.0
142.85,1.0,1.0,1.0,1.0,1.0,1.0,1.0
142.9,1.0,1.0,1.0,1.0,1.0,1.0,1.0
142.95000000000002,1.0,1.0,1.0,1.0,1.0,1.0,1.0
143.0,1.0,1.0,1.0,1.0,1.0,1.0,1.0
143.05,1.0,1.0,1.0,1.0,1.0,1.0,1.0
143.1,1.0,1.0,1.0,1.0,1.0,1.0,1.0
143.15,1.0,1.0,1.0,1.0,1.0,1.0,1.0
143.20000000000002,1.0,1.0,1.0,1.0,1.0,1.0,1.0
143.25,1.0,1.0,1.0,1.0,1.0,1.0,1.0
143.3,1.0,1.0,1.0,1.0,1.0,1.0,1.0
143.35,1.0,1.0,1.0,1.0,1.0,1.0,1.0
143.4,1.0,1.0,1.0,1.0,1.0,1.0,1.0
143.45000000000002,1.0,1.0,1.0,1.0,1.0,1.0,1.0
143.5,1.0,1.0,1.0,1.0,1.0,1.0,1.0
143.55,1.0,1.0,1.0,1.0,1.0,1.0,1.0
143.6,1.0,1.0,1.0,1.0,1.0,1.0,1.0
143.65,1.0,1.0,1.0,1.0,1.0,1.0,1.0
143.70000000000002,1.0,1.0,1.0,1.0,1.0,1.0,1.0
143.75,1.0,1.0,1.0,1.0,1.0,1.0,1.0
143.8,1.0,1.0,1.0,1.0,1.0,1.0,1.0
143.85,1.0,1.0,1.0,1.0,1.0,1.0,1.0
143.9,1.0,1.0,1.0,1.0,1.0,1.0,1.0
143.95000000000002,1.0,1.0,1.0,1.0,1.0,1.0,1.0
144.0,1.0,1.0,1.0,1.0,1.0,1.0,1.0
144.05,1.0,1.0,1.0,1.0,1.0,1.0,1.0
144.1,1.0,1.0,1.0,1.0,1.0,1.0,1.0
144.15,1.0,1.0,1.0,1.0,1.0,1.0,1.0
144.20000000000002,1.0,1.0,1.0,1.0,1.0,1.0,1.0
144.25,1.0,1.0,1.0,1.0,1.0,1.0,1.0
144.3,1.0,1.0,1.0,1.0,1.0,1.0,1.0
144.35,1.0,1.0,1.0,1.0,1.0,1.0,1.0
144.4,1.0,1.0,1.0,1.0,1.0,1.0,1.0
144.45000000000002,1.0,1.0,1.0,1.0,1.0,1.0,1.0
144.5,1.0,1.0,1.0,1.0,1.0,1.0,1.0
144.55,1.0,1.0,1.0,1.0,1.0,1.0,1.0
144.6,1.0,1.0,1.0,1.0,1.0,1.0,1.0
144.65,1.0,1.0,1.0,1.0,1.0,1.0,1.0
144.70000000000002,1.0,1.0,1.0,1.0,1.0,1.0,1.0
144.75,1.0,1.0,1.0,1.0,1.0,1.0,1.0
144.8,1.0,1.0,1.0,1.0,1.0,1.0,1.0
144.85,1.0,1.0,1.0,1.0,1.0,1.0,1.0
144.9,1.0,1.0,1.0,1.0,1.0,1.0,1.0
144.95000000000002,1.0,1.0,1.0,1.0,1.0,1.0,1.0
145.0,1.0,1.0,1.0,1.0,1.0,1.0,1.0
145.05,1.0,1.0,1.0,1.0,1.0,1.0,1.0
145.1,1.0,1.0,1.0,1.0,1.0,1.0,1.0
145.15,1.0,1.0,1.0,1.0,1.0,1.0,1.0
145.20000000000002,1.0,1.0,1.0,1.0,1.0,1.0,1.0
145.25,1.0,1.0,1.0,1.0,1.0,1.0,1.0
145.3,1.0,1.0,1.0,1.0,1.0,1.0,1.0
145.35,1.0,1.0,1.0,1.0,1.0,1.0,1.0
145.4,1.0,1.0,1.0,1.0,1.0,1.0,1.0
145.45000000000002,1.0,1.0,1.0,1.0,1.0,1.0,1.0
145.5,1.0,1.0,1.0,1.0,1.0,1.0,1.0
145.55,1.0,1.0,1.0,1.0,1.0,1.0,1.0
145.6,1.0,1.0,1.0,1.0,1.0,1.0,1.0
145.65,1.0,1.0,1.0,1.0,1.0,1.0,1.0
145.70000000000002,1.0,1.0,1.0,1.0,1.0,1.0,1.0
145.75,1.0,1.0,1.0,1.0,1.0,1.0,1.0
145.8,1.0,1.0,1.0,1.0,1.0,1.0,1.0
145.85,1.0,1.0,1.0,1.0,1.0,1.0,1.0
145.9,1.0,1.0,1.0,1.0,1.0,1.0,1.0
145.95000000000002,1.0,1.0,1.0,1.0,1.0,1.0,1.0
146.0,1.0,1.0,1.0,1.0,1.0,1.0,1.0
146.05,1.0,1.0,1.0,1.0,1.0,1.0,1.0
146.1,1.0,1.0,1.0,1.0,1.0,1.0,1.0
146.15,1.0,1.0,1.0,1.0,1.0,1.0,1.0
146.20000000000002,1.0,1.0,1.0,1.0,1.0,1.0,1.0
146.25,1.0,1.0,1.0,1.0,1.0,1.0,1.0
146.3,1.0,1.0,1.0,1.0,1.0,1.0,1.0
146.35,1.0,1.0,1.0,1.0,1.0,1.0,1.0
146.4,1.0,1.0,1.0,1.0,1.0,1.0,1.0
146.45000000000002,1.0,1.0,1.0,1.0,1.0,1.0,1.0
146.5,1.0,1.0,1.0,1.0,1.0,1.0,1.0
146.55,1.0,1.0,1.0,1.0,1.0,1.0,1.0
146.6,1.0,1.0,1.0,1.0,1.0,1.0,1.0
146.65,1.0,1.0,1.0,1.0,1.0,1.0,1.0
146.70000000000002,1.0,1.0,1.0,1.0,1.0,1.0,1.0
146.75,1.0,1.0,1.0,1.0,1.0,1.0,1.0
146.8,1.0,1.0,1.0,1.0,1.0,1.0,1.0
146.85,1.0,1.0,1.0,1.0,1.0,1.0,1.0
146.9,1.0,1.0,1.0,1.0,1.0,1.0,1.0
146.95000000000002,1.0,1.0,1.0,1.0,1.0,1.0,1.0
147.0,1.0,1.0,1.0,1.0,1.0,1.0,1.0
147.05,1.0,1.0,1.0,1.0,1.0,1.0,1.0
147.1,1.0,1.0,1.0,1.0,1.0,1.0,1.0
147.15,1.0,1.0,1.0,1.0,1.0,1.0,1.0
147.20000000000002,1.0,1.0,1.0,1.0,1.0,1.0,1.0
147.25,1.0,1.0,1.0,1.0,1.0,1.0,1.0
147.3,1.0,1.0,1.0,1.0,1.0,1.0,1.0
147.35,1.0,1.0,1.0,1.0,1.0,1.0,1.0
147.4,1.0,1.0,1.0,1.0,1.0,1.0,1.0
147.45000000000002,1.0,1.0,1.0,1.0,1.0,1.0,1.0
147.5,1.0,1.0,1.0,1.0,1.0,1.0,1.0
147.55,1.0,1.0,1.0,1.0,1.0,1.0,1.0
147.6,1.0,1.0,1.0,1.0,1.0,1.0,1.0
147.65,1.0,1.0,1.0,1.0,1.0,1.0,1.0
147.70000000000002,1.0,1.0,1.0,1.0,1.0,1.0,1.0
147.75,1.0,1.0,1.0,1.0,1.0,1.0,1.0
147.8,1.0,1.0,1.0,1.0,1.0,1.0,1.0
147.85,1.0,1.0,1.0,1.0,1.0,1.0,1.0
147.9,1.0,1.0,1.0,1.0,1.0,1.0,1.0
147.95000000000002,1.0,1.0,1.0,1.0,1.0,1.0,1.0
148.0,1.0,1.0,1.0,1.0,1.0,1.0,1.0
148.05,1.0,1.0,1.0,1.0,1.0,1.0,1.0
148.1,1.0,1.0,1.0,1.0,1.0,1.0,1.0
148.15,1.0,1.0,1.0,1.0,1.0,1.0,1.0
148.20000000000002,1.0,1.0,1.0,1.0,1.0,1.0,1.0
148.25,1.0,1.0,1.0,1.0,1.0,1.0,1.0
148.3,1.0,1.0,1.0,1.0,1.0,1.0,1.0
148.35,1.0,1.0,1.0,1.0,1.0,1.0,1.0
148.4,1.0,1.0,1.0,1.0,1.0,1.0,1.0
148.45000000000002,1.0,1.0,1.0,1.0,1.0,1.0,1.0
148.5,1.0,1.0,1.0,1.0,1.0,1.0,1.0
148.55,1.0,1.0,1.0,1.0,1.0,1.0,1.0
148.6,1.0,1.0,1.0,1.0,1.0,1.0,1.0
148.65,1.0,1.0,1.0,1.0,1.0,1.0,1.0
148.70000000000002,1.0,1.0,1.0,1.0,1.0,1.0,1.0
148.75,1.0,1.0,1.0,1.0,1.0,1.0,1.0
148.8,1.0,1.0,1.0,1.0,1.0,1.0,1.0
148.85,1.0,1.0,1.0,1.0,1.0,1.0,1.0
148.9,1.0,1.0,1.0,1.0,1.0,1.0,1.0
148.95000000000002,1.0,1.0,1.0,1.0,1.0,1.0,1.0
149.0,1.0,1.0,1.0,1.0,1.0,1.0,1.0
149.05,1.0,1.0,1.0,1.0,1.0,1.0,1.0
149.1,1.0,1.0,1.0,1.0,1.0,1.0,1.0
149.15,1.0,1.0,1.0,1.0,1.0,1.0,1.0
149.20000000000002,1.0,1.0,1.0,1.0,1.0,1.0,1.0
149.25,1.0,1.0,1.0,1.0,1.0,1.0,1.0
149.3,1.0,1.0,1.0,1.0,1.0,1.0,1.0
149.35,1.0,1.0,1.0,1.0,1.0,1.0,1.0
149.4,1.0,1.0,1.0,1.0,1.0,1.0,1.0
149.45000000000002,1.0,1.0,1.0,1.0,1.0,1.0,1.0
149.5,1.0,1.0,1.0,1.0,1.0,1.0,1.0
149.55,1.0,1.0,1.0,1.0,1.0,1.0,1.0
149.6,1.0,1.0,1.0,1.0,1.0,1.0,1.0
149.65,1.0,1.0,1.0,1.0,1.0,1.0,1.0
149.70000000000002,1.0,1.0,1.0,1.0,1.0,1.0,1.0
149.75,1.0,1.0,1.0,1.0,1.0,1.0,1.0
149.8,1.0,1.0,1.0,1.0,1.0,1.0,1.0
149.85,1.0,1.0,1.0,1.0,1.0,1.0,1.0
149.9,1.0,1.0,1.0,1.0,1.0,1.0,1.0
149.95000000000002,1.0,1.0,1.0,1.0,1.0,1.0,1.0
150.0,1.0,1.0,1.0,1.0,1.0,1.0,1.0
150.05,1.0,1.0,1.0,1.0,1.0,1.0,1.0
150.1,1.0,1.0,1.0,1.0,1.0,1.0,1.0
150.15,1.0,1.0,1.0,1.0,1.0,1.0,1.0
150.20000000000002,1.0,1.0,1.0,1.0,1.0,1.0,1.0
150.25,1.0,1.0,1.0,1.0,1.0,1.0,1.0
150.3,1.0,1.0,1.0,1.0,1.0,1.0,1.0
150.35,1.0,1.0,1.0,1.0,1.0,1.0,1.0
150.4,1.0,1.0,1.0,1.0,1.0,1.0,1.0
150.45000000000002,1.0,1.0,1.0,1.0,1.0,1.0,1.0
150.5,1.0,1.0,1.0,1.0,1.0,1.0,1.0
150.55,1.0,1.0,1.0,1.0,1.0,1.0,1.0
150.6,1.0,1.0,1.0,1.0,1.0,1.0,1.0
150.65,1.0,1.0,1.0,1.0,1.0,1.0,1.0
150.70000000000002,1.0,1.0,1.0,1.0,1.0,1.0,1.0
150.75,1.0,1.0,1.0,1.0,1.0,1.0,1.0
150.8,1.0,1.0,1.0,1.0,1.0,1.0,1.0
150.85,1.0,1.0,1.0,1.0,1.0,1.0,1.0
150.9,1.0,1.0,1.0,1.0,1.0,1.0,1.0
150.95000000000002,1.0,1.0,1.0,1.0,1.0,1.0,1.0
151.0,1.0,1.0,1.0,1.0,1.0,1.0,1.0
151.05,1.0,1.0,1.0,1.0,1.0,1.0,1.0
151.1,1.0,1.0,1.0,1.0,1.0,1.0,1.0
151.15,1.0,1.0,1.0,1.0,1.0,1.0,1.0
151.20000000000002,1.0,1.0,1.0,1.0,1.0,1.0,1.0
151.25,1.0,1.0,1.0,1.0,1.0,1.0,1.0
151.3,1.0,1.0,1.0,1.0,1.0,1.0,1.0
151.35,1.0,1.0,1.0,1.0,1.0,1.0,1.0
151.4,1.0,1.0,1.0,1.0,1.0,1.0,1.0
151.45000000000002,1.0,1.0,1.0,1.0,1.0,1.0,1.0
151.5,1.0,1.0,1.0,1.0,1.0,1.0,1.0
151.55,1.0,1.0,1.0,1.0,1.0,1.0,1.0
151.6,1.0,1.0,1.0,1.0,1.0,1.0,1.0
151.65,1.0,1.0,1.0,1.0,1.0,1.0,1.0
151.70000000000002,1.0,1.0,1.0,1.0,1.0,1.0,1.0
151.75,1.0,1.0,1.0,1.0,1.0,1.0,1.0
151.8,1.0,1.0,1.0,1.0,1.0,1.0,1.0
151.85,1.0,1.0,1.0,1.0,1.0,1.0,1.0
151.9,1.0,1.0,1.0,1.0,1.0,1.0,1.0
151.95000000000002,1.0,1.0,1.0,1.0,1.0,1.0,1.0
152.0,1.0,1.0,1.0,1.0,1.0,1.0,1.0
152.05,1.0,1.0,1.0,1.0,1.0,1.0,1.0
152.1,1.0,1.0,1.0,1.0,1.0,1.0,1.0
152.15,1.0,1.0,1.0,1.0,1.0,1.0,1.0
152.20000000000002,1.0,1.0,1.0,1.0,1.0,1.0,1.0
152.25,1.0,1.0,1.0,1.0,1.0,1.0,1.0
152.3,1.0,1.0,1.0,1.0,1.0,1.0,1.0
152.35,1.0,1.0,1.0,1.0,1.0,1.0,1.0
152.4,1.0,1.0,1.0,1.0,1.0,1.0,1.0
152.45000000000002,1.0,1.0,1.0,1.0,1.0,1.0,1.0
152.5,1.0,1.0,1.0,1.0,1.0,1.0,1.0
152.55,1.0,1.0,1.0,1.0,1.0,1.0,1.0
152.6,1.0,1.0,1.0,1.0,1.0,1.0,1.0
152.65,1.0,1.0,1.0,1.0,1.0,1.0,1.0
152.70000000000002,1.0,1.0,1.0,1.0,1.0,1.0,1.0
152.75,1.0,1.0,1.0,1.0,1.0,1.0,1.0
152.8,1.0,1.0,1.0,1.0,1.0,1.0,1.0
152.85,1.0,1.0,1.0,1.0,1.0,1.0,1.0
152.9,1.0,1.0,1.0,1.0,1.0,1.0,1.0
152.95000000000002,1.0,1.0,1.0,1.0,1.0,1.0,1.0
153.0,1.0,1.0,1.0,1.0,1.0,1.0,1.0
153.05,1.0,1.0,1.0,1.0,1.0,1.0,1.0
153.1,1.0,1.0,1.0,1.0,1.0,1.0,1.0
153.15,1.0,1.0,1.0,1.0,1.0,1.0,1.0
153.20000000000002,1.0,1.0,1.0,1.0,1.0,1.0,1.0
153.25,1.0,1.0,1.0,1.0,1.0,1.0,1.0
153.3,1.0,1.0,1.0,1.0,1.0,1.0,1.0
153.35,1.0,1.0,1.0,1.0,1.0,1.0,1.0
153.4,1.0,1.0,1.0,1.0,1.0,1.0,1.0
153.45000000000002,1.0,1.0,1.0,1.0,1.0,1.0,1.0
153.5,1.0,1.0,1.0,1.0,1.0,1.0,1.0
153.55,1.0,1.0,1.0,1.0,1.0,1.0,1.0
153.60000000000002,1.0,1.0,1.0,1.0,1.0,1.0,1.0
153.65,1.0,1.0,1.0,1.0,1.0,1.0,1.0
153.70000000000002,1.0,1.0,1.0,1.0,1.0,1.0,1.0
153.75,1.0,1.0,1.0,1.0,1.0,1.0,1.0
153.8,1.0,1.0,1.0,1.0,1.0,1.0,1.0
153.85000000000002,1.0,1.0,1.0,1.0,1.0,1.0,1.0
153.9,1.0,1.0,1.0,1.0,1.0,1.0,1.0
153.95000000000002,1.0,1.0,1.0,1.0,1.0,1.0,1.0
154.0,1.0,1.0,1.0,1.0,1.0,1.0,1.0
154.05,1.0,1.0,1.0,1.0,1.0,1.0,1.0
154.10000000000002,1.0,1.0,1.0,1.0,1.0,1.0,1.0
154.15,1.0,1.0,1.0,1.0,1.0,1.0,1.0
154.20000000000002,1.0,1.0,1.0,1.0,1.0,1.0,1.0
154.25,1.0,1.0,1.0,1.0,1.0,1.0,1.0
154.3,1.0,1.0,1.0,1.0,1.0,1.0,1.0
154.35000000000002,1.0,1.0,1.0,1.0,1.0,1.0,1.0
154.4,1.0,1.0,1.0,1.0,1.0,1.0,1.0
154.45000000000002,1.0,1.0,1.0,1.0,1.0,1.0,1.0
154.5,1.0,1.0,1.0,1.0,1.0,1.0,1.0
154.55,1.0,1.0,1.0,1.0,1.0,1.0,1.0
154.60000000000002,1.0,1.0,1.0,1.0,1.0,1.0,1.0
154.65,1.0,1.0,1.0,1.0,1.0,1.0,1.0
154.70000000000002,1.0,1.0,1.0,1.0,1.0,1.0,1.0
154.75,1.0,1.0,1.0,1.0,1.0,1.0,1.0
154.8,1.0,1.0,1.0,1.0,1.0,1.0,1.0
154.85000000000002,1.0,1.0,1.0,1.0,1.0,1.0,1.0
154.9,1.0,1.0,1.0,1.0,1.0,1.0,1.0
154.95000000000002,1.0,1.0,1.0,1.0,1.0,1.0,1.0
155.0,1.0,1.0,1.0,1.0,1.0,1.0,1.0
155.05,1.0,1.0,1.0,1.0,1.0,1.0,1.0
155.10000000000002,1.0,1.0,1.0,1.0,1.0,1.0,1.0
155.15,1.0,1.0,1.0,1.0,1.0,1.0,1.0
155.20000000000002,1.0,1.0,1.0,1.0,1.0,1.0,1.0
155.25,1.0,1.0,1.0,1.0,1.0,1.0,1.0
155.3,1.0,1.0,1.0,1.0,1.0,1.0,1.0
155.35000000000002,1.0,1.0,1.0,1.0,1.0,1.0,1.0
155.4,1.0,1.0,1.0,1.0,1.0,1.0,1.0
155.45000000000002,1.0,1.0,1.0,1.0,1.0,1.0,1.0
155.5,1.0,1.0,1.0,1.0,1.0,1.0,1.0
155.55,1.0,1.0,1.0,1.0,1.0,1.0,1.0
155.60000000000002,1.0,1.0,1.0,1.0,1.0,1.0,1.0
155.65,1.0,1.0,1.0,1.0,1.0,1.0,1.0
155.70000000000002,1.0,1.0,1.0,1.0,1.0,1.0,1.0
155.75,1.0,1.0,1.0,1.0,1.0,1.0,1.0
155.8,1.0,1.0,1.0,1.0,1.0,1.0,1.0
155.85000000000002,1.0,1.0,1.0,1.0,1.0,1.0,1.0
155.9,1.0,1.0,1.0,1.0,1.0,1.0,1.0
155.95000000000002,1.0,1.0,1.0,1.0,1.0,1.0,1.0
156.0,1.0,1.0,1.0,1.0,1.0,1.0,1.0
156.05,1.0,1.0,1.0,1.0,1.0,1.0,1.0
156.10000000000002,1.0,1.0,1.0,1.0,1.0,1.0,1.0
156.15,1.0,1.0,1.0,1.0,1.0,1.0,1.0
156.20000000000002,1.0,1.0,1.0,1.0,1.0,1.0,1.0
156.25,1.0,1.0,1.0,1.0,1.0,1.0,1.0
156.3,1.0,1.0,1.0,1.0,1.0,1.0,1.0
156.35000000000002,1.0,1.0,1.0,1.0,1.0,1.0,1.0
156.4,1.0,1.0,1.0,1.0,1.0,1.0,1.0
156.45000000000002,1.0,1.0,1.0,1.0,1.0,1.0,1.0
156.5,1.0,1.0,1.0,1.0,1.0,1.0,1.0
156.55,1.0,1.0,1.0,1.0,1.0,1.0,1.0
156.60000000000002,1.0,1.0,1.0,1.0,1.0,1.0,1.0
156.65,1.0,1.0,1.0,1.0,1.0,1.0,1.0
156.70000000000002,1.0,1.0,1.0,1.0,1.0,1.0,1.0
156.75,1.0,1.0,1.0,1.0,1.0,1.0,1.0
156.8,1.0,1.0,1.0,1.0,1.0,1.0,1.0
156.85000000000002,1.0,1.0,1.0,1.0,1.0,1.0,1.0
156.9,1.0,1.0,1.0,1.0,1.0,1.0,1.0
156.95000000000002,1.0,1.0,1.0,1.0,1.0,1.0,1.0
157.0,1.0,1.0,1.0,1.0,1.0,1.0,1.0
157.05,1.0,1.0,1.0,1.0,1.0,1.0,1.0
157.10000000000002,1.0,1.0,1.0,1.0,1.0,1.0,1.0
157.15,1.0,1.0,1.0,1.0,1.0,1.0,1.0
157.20000000000002,1.0,1.0,1.0,1.0,1.0,1.0,1.0
157.25,1.0,1.0,1.0,1.0,1.0,1.0,1.0
157.3,1.0,1.0,1.0,1.0,1.0,1.0,1.0
157.35000000000002,1.0,1.0,1.0,1.0,1.0,1.0,1.0
157.4,1.0,1.0,1.0,1.0,1.0,1.0,1.0
157.45000000000002,1.0,1.0,1.0,1.0,1.0,1.0,1.0
157.5,1.0,1.0,1.0,1.0,1.0,1.0,1.0
157.55,1.0,1.0,1.0,1.0,1.0,1.0,1.0
157.60000000000002,1.0,1.0,1.0,1.0,1.0,1.0,1.0
157.65,1.0,1.0,1.0,1.0,1.0,1.0,1.0
157.70000000000002,1.0,1.0,1.0,1.0,1.0,1.0,1.0
157.75,1.0,1.0,1.0,1.0,1.0,1.0,1.0
157.8,1.0,1.0,1.0,1.0,1.0,1.0,1.0
157.85000000000002,1.0,1.0,1.0,1.0,1.0,1.0,1.0
157.9,1.0,1.0,1.0,1.0,1.0,1.0,1.0
157.95000000000002,1.0,1.0,1.0,1.0,1.0,1.0,1.0
158.0,1.0,1.0,1.0,1.0,1.0,1.0,1.0
158.05,1.0,1.0,1.0,1.0,1.0,1.0,1.0
158.10000000000002,1.0,1.0,1.0,1.0,1.0,1.0,1.0
158.15,1.0,1.0,1.0,1.0,1.0,1.0,1.0
158.20000000000002,1.0,1.0,1.0,1.0,1.0,1.0,1.0
158.25,1.0,1.0,1.0,1.0,1.0,1.0,1.0
158.3,1.0,1.0,1.0,1.0,1.0,1.0,1.0
158.35000000000002,1.0,1.0,1.0,1.0,1.0,1.0,1.0
158.4,1.0,1.0,1.0,1.0,1.0,1.0,1.0
158.45000000000002,1.0,1.0,1.0,1.0,1.0,1.0,1.0
158.5,1.0,1.0,1.0,1.0,1.0,1.0,1.0
158.55,1.0,1.0,1.0,1.0,1.0,1.0,1.0
158.60000000000002,1.0,1.0,1.0,1.0,1.0,1.0,1.0
158.65,1.0,1.0,1.0,1.0,1.0,1.0,1.0
158.70000000000002,1.0,1.0,1.0,1.0,1.0,1.0,1.0
158.75,1.0,1.0,1.0,1.0,1.0,1.0,1.0
158.8,1.0,1.0,1.0,1.0,1.0,1.0,1.0
158.85000000000002,1.0,1.0,1.0,1.0,1.0,1.0,1.0
158.9,1.0,1.0,1.0,1.0,1.0,1.0,1.0
158.95000000000002,1.0,1.0,1.0,1.0,1.0,1.0,1.0
159.0,1.0,1.0,1.0,1.0,1.0,1.0,1.0
159.05,1.0,1.0,1.0,1.0,1.0,1.0,1.0
159.10000000000002,1.0,1.0,1.0,1.0,1.0,1.0,1.0
159.15,1.0,1.0,1.0,1.0,1.0,1.0,1.0
159.20000000000002,1.0,1.0,1.0,1.0,1.0,1.0,1.0
159.25,1.0,1.0,1.0,1.0,1.0,1.0,1.0
159.3,1.0,1.0,1.0,1.0,1.0,1.0,1.0
159.35000000000002,1.0,1.0,1.0,1.0,1.0,1.0,1.0
159.4,1.0,1.0,1.0,1.0,1.0,1.0,1.0
159.45000000000002,1.0,1.0,1.0,1.0,1.0,1.0,1.0
159.5,1.0,1.0,1.0,1.0,1.0,1.0,1.0
159.55,1.0,1.0,1.0,1.0,1.0,1.0,1.0
159.60000000000002,1.0,1.0,1.0,1.0,1.0,1.0,1.0
159.65,1.0,1.0,1.0,1.0,1.0,1.0,1.0
159.70000000000002,1.0,1.0,1.0,1.0,1.0,1.0,1.0
159.75,1.0,1.0,1.0,1.0,1.0,1.0,1.0
159.8,1.0,1.0,1.0,1.0,1.0,1.0,1.0
159.85000000000002,1.0,1.0,1.0,1.0,1.0,1.0,1.0
159.9,1.0,1.0,1.0,1.0,1.0,1.0,1.0
159.95000000000002,1.0,1.0,1.0,1.0,1.0,1.0,1.0
160.0,1.0,1.0,1.0,1.0,1.0,1.0,1.0
160.05,1.0,1.0,1.0,1.0,1.0,1.0,1.0
160.10000000000002,1.0,1.0,1.0,1.0,1.0,1.0,1.0
160.15,1.0,1.0,1.0,1.0,1.0,1.0,1.0
160.20000000000002,1.0,1.0,1.0,1.0,1.0,1.0,1.0
160.25,1.0,1.0,1.0,1.0,1.0,1.0,1.0
160.3,1.0,1.0,1.0,1.0,1.0,1.0,1.0
160.35000000000002,1.0,1.0,1.0,1.0,1.0,1.0,1.0
160.4,1.0,1.0,1.0,1.0,1.0,1.0,1.0
160.45000000000002,1.0,1.0,1.0,1.0,1.0,1.0,1.0
160.5,1.0,1.0,1.0,1.0,1.0,1.0,1.0
160.55,1.0,1.0,1.0,1.0,1.0,1.0,1.0
160.60000000000002,1.0,1.0,1.0,1.0,1.0,1.0,1.0
160.65,1.0,1.0,1.0,1.0,1.0,1.0,1.0
160.70000000000002,1.0,1.0,1.0,1.0,1.0,1.0,1.0
160.75,1.0,1.0,1.0,1.0,1.0,1.0,1.0
160.8,1.0,1.0,1.0,1.0,1.0,1.0,1.0
160.85000000000002,1.0,1.0,1.0,1.0,1.0,1.0,1.0
160.9,1.0,1.0,1.0,1.0,1.0,1.0,1.0
160.95000000000002,1.0,1.0,1.0,1.0,1.0,1.0,1.0
161.0,1.0,1.0,1.0,1.0,1.0,1.0,1.0
161.05,1.0,1.0,1.0,1.0,1.0,1.0,1.0
161.10000000000002,1.0,1.0,1.0,1.0,1.0,1.0,1.0
161.15,1.0,1.0,1.0,1.0,1.0,1.0,1.0
161.20000000000002,1.0,1.0,1.0,1.0,1.0,1.0,1.0
161.25,1.0,1.0,1.0,1.0,1.0,1.0,1.0
161.3,1.0,1.0,1.0,1.0,1.0,1.0,1.0
161.35000000000002,1.0,1.0,1.0,1.0,1.0,1.0,1.0
161.4,1.0,1.0,1.0,1.0,1.0,1.0,1.0
161.45000000000002,1.0,1.0,1.0,1.0,1.0,1.0,1.0
161.5,1.0,1.0,1.0,1.0,1.0,1.0,1.0
161.55,1.0,1.0,1.0,1.0,1.0,1.0,1.0
161.60000000000002,1.0,1.0,1.0,1.0,1.0,1.0,1.0
161.65,1.0,1.0,1.0,1.0,1.0,1.0,1.0
161.70000000000002,1.0,1.0,1.0,1.0,1.0,1.0,1.0
161.75,1.0,1.0,1.0,1.0,1.0,1.0,1.0
161.8,1.0,1.0,1.0,1.0,1.0,1.0,1.0
161.85000000000002,1.0,1.0,1.0,1.0,1.0,1.0,1.0
161.9,1.0,1.0,1.0,1.0,1.0,1.0,1.0
161.95000000000002,1.0,1.0,1.0,1.0,1.0,1.0,1.0
162.0,1.0,1.0,1.0,1.0,1.0,1.0,1.0
162.05,1.0,1.0,1.0,1.0,1.0,1.0,1.0
162.10000000000002,1.0,1.0,1.0,1.0,1.0,1.0,1.0
162.15,1.0,1.0,1.0,1.0,1.0,1.0,1.0
162.20000000000002,1.0,1.0,1.0,1.0,1.0,1.0,1.0
162.25,1.0,1.0,1.0,1.0,1.0,1.0,1.0
162.3,1.0,1.0,1.0,1.0,1.0,1.0,1.0
162.35000000000002,1.0,1.0,1.0,1.0,1.0,1.0,1.0
162.4,1.0,1.0,1.0,1.0,1.0,1.0,1.0
162.45000000000002,1.0,1.0,1.0,1.0,1.0,1.0,1.0
162.5,1.0,1.0,1.0,1.0,1.0,1.0,1.0
162.55,1.0,1.0,1.0,1.0,1.0,1.0,1.0
162.60000000000002,1.0,1.0,1.0,1.0,1.0,1.0,1.0
162.65,1.0,1.0,1.0,1.0,1.0,1.0,1.0
162.70000000000002,1.0,1.0,1.0,1.0,1.0,1.0,1.0
162.75,1.0,1.0,1.0,1.0,1.0,1.0,1.0
162.8,1.0,1.0,1.0,1.0,1.0,1.0,1.0
162.85000000000002,1.0,1.0,1.0,1.0,1.0,1.0,1.0
162.9,1.0,1.0,1.0,1.0,1.0,1.0,1.0
162.95000000000002,1.0,1.0,1.0,1.0,1.0,1.0,1.0
163.0,1.0,1.0,1.0,1.0,1.0,1.0,1.0
163.05,1.0,1.0,1.0,1.0,1.0,1.0,1.0
163.10000000000002,1.0,1.0,1.0,1.0,1.0,1.0,1.0
163.15,1.0,1.0,1.0,1.0,1.0,1.0,1.0
163.20000000000002,1.0,1.0,1.0,1.0,1.0,1.0,1.0
163.25,1.0,1.0,1.0,1.0,1.0,1.0,1.0
163.3,1.0,1.0,1.0,1.0,1.0,1.0,1.0
163.35000000000002,1.0,1.0,1.0,1.0,1.0,1.0,1.0
163.4,1.0,1.0,1.0,1.0,1.0,1.0,1.0
163.45000000000002,1.0,1.0,1.0,1.0,1.0,1.0,1.0
163.5,1.0,1.0,1.0,1.0,1.0,1.0,1.0
163.55,1.0,1.0,1.0,1.0,1.0,1.0,1.0
163.60000000000002,1.0,1.0,1.0,1.0,1.0,1.0,1.0
163.65,1.0,1.0,1.0,1.0,1.0,1.0,1.0
163.70000000000002,1.0,1.0,1.0,1.0,1.0,1.0,1.0
163.75,1.0,1.0,1.0,1.0,1.0,1.0,1.0
163.8,1.0,1.0,1.0,1.0,1.0,1.0,1.0
163.85000000000002,1.0,1.0,1.0,1.0,1.0,1.0,1.0
163.9,1.0,1.0,1.0,1.0,1.0,1.0,1.0
163.95000000000002,1.0,1.0,1.0,1.0,1.0,1.0,1.0
164.0,1.0,1.0,1.0,1.0,1.0,1.0,1.0
164.05,1.0,1.0,1.0,1.0,1.0,1.0,1.0
164.10000000000002,1.0,1.0,1.0,1.0,1.0,1.0,1.0
164.15,1.0,1.0,1.0,1.0,1.0,1.0,1.0
164.20000000000002,1.0,1.0,1.0,1.0,1.0,1.0,1.0
164.25,1.0,1.0,1.0,1.0,1.0,1.0,1.0
164.3,1.0,1.0,1.0,1.0,1.0,1.0,1.0
164.35000000000002,1.0,1.0,1.0,1.0,1.0,1.0,1.0
164.4,1.0,1.0,1.0,1.0,1.0,1.0,1.0
164.45000000000002,1.0,1.0,1.0,1.0,1.0,1.0,1.0
164.5,1.0,1.0,1.0,1.0,1.0,1.0,1.0
164.55,1.0,1.0,1.0,1.0,1.0,1.0,1.0
164.60000000000002,1.0,1.0,1.0,1.0,1.0,1.0,1.0
164.65,1.0,1.0,1.0,1.0,1.0,1.0,1.0
164.70000000000002,1.0,1.0,1.0,1.0,1.0,1.0,1.0
164.75,1.0,1.0,1.0,1.0,1.0,1.0,1.0
164.8,1.0,1.0,1.0,1.0,1.0,1.0,1.0
164.85000000000002,1.0,1.0,1.0,1.0,1.0,1.0,1.0
164.9,1.0,1.0,1.0,1.0,1.0,1.0,1.0
164.95000000000002,1.0,1.0,1.0,1.0,1.0,1.0,1.0
165.0,1.0,1.0,1.0,1.0,1.0,1.0,1.0
165.05,1.0,1.0,1.0,1.0,1.0,1.0,1.0
165.10000000000002,1.0,1.0,1.0,1.0,1.0,1.0,1.0
165.15,1.0,1.0,1.0,1.0,1.0,1.0,1.0
165.20000000000002,1.0,1.0,1.0,1.0,1.0,1.0,1.0
165.25,1.0,1.0,1.0,1.0,1.0,1.0,1.0
165.3,1.0,1.0,1.0,1.0,1.0,1.0,1.0
165.35000000000002,1.0,1.0,1.0,1.0,1.0,1.0,1.0
165.4,1.0,1.0,1.0,1.0,1.0,1.0,1.0
165.45000000000002,1.0,1.0,1.0,1.0,1.0,1.0,1.0
165.5,1.0,1.0,1.0,1.0,1.0,1.0,1.0
165.55,1.0,1.0,1.0,1.0,1.0,1.0,1.0
165.60000000000002,1.0,1.0,1.0,1.0,1.0,1.0,1.0
165.65,1.0,1.0,1.0,1.0,1.0,1.0,1.0
165.70000000000002,1.0,1.0,1.0,1.0,1.0,1.0,1.0
165.75,1.0,1.0,1.0,1.0,1.0,1.0,1.0
165.8,1.0,1.0,1.0,1.0,1.0,1.0,1.0
165.85000000000002,1.0,1.0,1.0,1.0,1.0,1.0,1.0
165.9,1.0,1.0,1.0,1.0,1.0,1.0,1.0
165.95000000000002,1.0,1.0,1.0,1.0,1.0,1.0,1.0
166.0,1.0,1.0,1.0,1.0,1.0,1.0,1.0
166.05,1.0,1.0,1.0,1.0,1.0,1.0,1.0
166.10000000000002,1.0,1.0,1.0,1.0,1.0,1.0,1.0
166.15,1.0,1.0,1.0,1.0,1.0,1.0,1.0
166.20000000000002,1.0,1.0,1.0,1.0,1.0,1.0,1.0
166.25,1.0,1.0,1.0,1.0,1.0,1.0,1.0
166.3,1.0,1.0,1.0,1.0,1.0,1.0,1.0
166.35000000000002,1.0,1.0,1.0,1.0,1.0,1.0,1.0
166.4,1.0,1.0,1.0,1.0,1.0,1.0,1.0
166.45000000000002,1.0,1.0,1.0,1.0,1.0,1.0,1.0
166.5,1.0,1.0,1.0,1.0,1.0,1.0,1.0
166.55,1.0,1.0,1.0,1.0,1.0,1.0,1.0
166.60000000000002,1.0,1.0,1.0,1.0,1.0,1.0,1.0
166.65,1.0,1.0,1.0,1.0,1.0,1.0,1.0
166.70000000000002,1.0,1.0,1.0,1.0,1.0,1.0,1.0
166.75,1.0,1.0,1.0,1.0,1.0,1.0,1.0
166.8,1.0,1.0,1.0,1.0,1.0,1.0,1.0
166.85000000000002,1.0,1.0,1.0,1.0,1.0,1.0,1.0
166.9,1.0,1.0,1.0,1.0,1.0,1.0,1.0
166.95000000000002,1.0,1.0,1.0,1.0,1.0,1.0,1.0
167.0,1.0,1.0,1.0,1.0,1.0,1.0,1.0
167.05,1.0,1.0,1.0,1.0,1.0,1.0,1.0
167.10000000000002,1.0,1.0,1.0,1.0,1.0,1.0,1.0
167.15,1.0,1.0,1.0,1.0,1.0,1.0,1.0
167.20000000000002,1.0,1.0,1.0,1.0,1.0,1.0,1.0
167.25,1.0,1.0,1.0,1.0,1.0,1.0,1.0
167.3,1.0,1.0,1.0,1.0,1.0,1.0,1.0
167.35000000000002,1.0,1.0,1.0,1.0,1.0,1.0,1.0
167.4,1.0,1.0,1.0,1.0,1.0,1.0,1.0
167.45000000000002,1.0,1.0,1.0,1.0,1.0,1.0,1.0
167.5,1.0,1.0,1.0,1.0,1.0,1.0,1.0
167.55,1.0,1.0,1.0,1.0,1.0,1.0,1.0
167.60000000000002,1.0,1.0,1.0,1.0,1.0,1.0,1.0
167.65,1.0,1.0,1.0,1.0,1.0,1.0,1.0
167.70000000000002,1.0,1.0,1.0,1.0,1.0,1.0,1.0
167.75,1.0,1.0,1.0,1.0,1.0,1.0,1.0
167.8,1.0,1.0,1.0,1.0,1.0,1.0,1.0
167.85000000000002,1.0,1.0,1.0,1.0,1.0,1.0,1.0
167.9,1.0,1.0,1.0,1.0,1.0,1.0,1.0
167.95000000000002,1.0,1.0,1.0,1.0,1.0,1.0,1.0
168.0,1.0,1.0,1.0,1.0,1.0,1.0,1.0
168.05,1.0,1.0,1.0,1.0,1.0,1.0,1.0
168.10000000000002,1.0,1.0,1.0,1.0,1.0,1.0,1.0
168.15,1.0,1.0,1.0,1.0,1.0,1.0,1.0
168.20000000000002,1.0,1.0,1.0,1.0,1.0,1.0,1.0
168.25,1.0,1.0,1.0,1.0,1.0,1.0,1.0
168.3,1.0,1.0,1.0,1.0,1.0,1.0,1.0
168.35000000000002,1.0,1.0,1.0,1.0,1.0,1.0,1.0
168.4,1.0,1.0,1.0,1.0,1.0,1.0,1.0
168.45000000000002,1.0,1.0,1.0,1.0,1.0,1.0,1.0
168.5,1.0,1.0,1.0,1.0,1.0,1.0,1.0
168.55,1.0,1.0,1.0,1.0,1.0,1.0,1.0
168.60000000000002,1.0,1.0,1.0,1.0,1.0,1.0,1.0
168.65,1.0,1.0,1.0,1.0,1.0,1.0,1.0
168.70000000000002,1.0,1.0,1.0,1.0,1.0,1.0,1.0
168.75,1.0,1.0,1.0,1.0,1.0,1.0,1.0
168.8,1.0,1.0,1.0,1.0,1.0,1.0,1.0
168.85000000000002,1.0,1.0,1.0,1.0,1.0,1.0,1.0
168.9,1.0,1.0,1.0,1.0,1.0,1.0,1.0
168.95000000000002,1.0,1.0,1.0,1.0,1.0,1.0,1.0
169.0,1.0,1.0,1.0,1.0,1.0,1.0,1.0
169.05,1.0,1.0,1.0,1.0,1.0,1.0,1.0
169.10000000000002,1.0,1.0,1.0,1.0,1.0,1.0,1.0
169.15,1.0,1.0,1.0,1.0,1.0,1.0,1.0
169.20000000000002,1.0,1.0,1.0,1.0,1.0,1.0,1.0
169.25,1.0,1.0,1.0,1.0,1.0,1.0,1.0
169.3,1.0,1.0,1.0,1.0,1.0,1.0,1.0
169.35000000000002,1.0,1.0,1.0,1.0,1.0,1.0,1.0
169.4,1.0,1.0,1.0,1.0,1.0,1.0,1.0
169.45000000000002,1.0,1.0,1.0,1.0,1.0,1.0,1.0
169.5,1.0,1.0,1.0,1.0,1.0,1.0,1.0
169.55,1.0,1.0,1.0,1.0,1.0,1.0,1.0
169.60000000000002,1.0,1.0,1.0,1.0,1.0,1.0,1.0
169.65,1.0,1.0,1.0,1.0,1.0,1.0,1.0
169.70000000000002,1.0,1.0,1.0,1.0,1.0,1.0,1.0
169.75,1.0,1.0,1.0,1.0,1.0,1.0,1.0
169.8,1.0,1.0,1.0,1.0,1.0,1.0,1.0
169.85000000000002,1.0,1.0,1.0,1.0,1.0,1.0,1.0
169.9,1.0,1.0,1.0,1.0,1.0,1.0,1.0
169.95000000000002,1.0,1.0,1.0,1.0,1.0,1.0,1.0
170.0,1.0,1.0,1.0,1.0,1.0,1.0,1.0
170.05,1.0,1.0,1.0,1.0,1.0,1.0,1.0
170.10000000000002,1.0,1.0,1.0,1.0,1.0,1.0,1.0
170.15,1.0,1.0,1.0,1.0,1.0,1.0,1.0
170.20000000000002,1.0,1.0,1.0,1.0,1.0,1.0,1.0
170.25,1.0,1.0,1.0,1.0,1.0,1.0,1.0
170.3,1.0,1.0,1.0,1.0,1.0,1.0,1.0
170.35000000000002,1.0,1.0,1.0,1.0,1.0,1.0,1.0
170.4,1.0,1.0,1.0,1.0,1.0,1.0,1.0
170.45000000000002,1.0,1.0,1.0,1.0,1.0,1.0,1.0
170.5,1.0,1.0,1.0,1.0,1.0,1.0,1.0
170.55,1.0,1.0,1.0,1.0,1.0,1.0,1.0
170.60000000000002,1.0,1.0,1.0,1.0,1.0,1.0,1.0
170.65,1.0,1.0,1.0,1.0,1.0,1.0,1.0
170.70000000000002,1.0,1.0,1.0,1.0,1.0,1.0,1.0
170.75,1.0,1.0,1.0,1.0,1.0,1.0,1.0
170.8,1.0,1.0,1.0,1.0,1.0,1.0,1.0
170.85000000000002,1.0,1.0,1.0,1.0,1.0,1.0,1.0
170.9,1.0,1.0,1.0,1.0,1.0,1.0,1.0
170.95000000000002,1.0,1.0,1.0,1.0,1.0,1.0,1.0
171.0,1.0,1.0,1.0,1.0,1.0,1.0,1.0
171.05,1.0,1.0,1.0,1.0,1.0,1.0,1.0
171.10000000000002,1.0,1.0,1.0,1.0,1.0,1.0,1.0
171.15,1.0,1.0,1.0,1.0,1.0,1.0,1.0
171.20000000000002,1.0,1.0,1.0,1.0,1.0,1.0,1.0
171.25,1.0,1.0,1.0,1.0,1.0,1.0,1.0
171.3,1.0,1.0,1.0,1.0,1.0,1.0,1.0
171.35000000000002,1.0,1.0,1.0,1.0,1.0,1.0,1.0
171.4,1.0,1.0,1.0,1.0,1.0,1.0,1.0
171.45000000000002,1.0,1.0,1.0,1.0,1.0,1.0,1.0
171.5,1.0,1.0,1.0,1.0,1.0,1.0,1.0
171.55,1.0,1.0,1.0,1.0,1.0,1.0,1.0
171.60000000000002,1.0,1.0,1.0,1.0,1.0,1.0,1.0
171.65,1.0,1.0,1.0,1.0,1.0,1.0,1.0
171.70000000000002,1.0,1.0,1.0,1.0,1.0,1.0,1.0
171.75,1.0,1.0,1.0,1.0,1.0,1.0,1.0
171.8,1.0,1.0,1.0,1.0,1.0,1.0,1.0
171.85000000000002,1.0,1.0,1.0,1.0,1.0,1.0,1.0
171.9,1.0,1.0,1.0,1.0,1.0,1.0,1.0
171.95000000000002,1.0,1.0,1.0,1.0,1.0,1.0,1.0
172.0,1.0,1.0,1.0,1.0,1.0,1.0,1.0
172.05,1.0,1.0,1.0,1.0,1.0,1.0,1.0
172.10000000000002,1.0,1.0,1.0,1.0,1.0,1.0,1.0
172.15,1.0,1.0,1.0,1.0,1.0,1.0,1.0
172.20000000000002,1.0,1.0,1.0,1.0,1.0,1.0,1.0
172.25,1.0,1.0,1.0,1.0,1.0,1.0,1.0
172.3,1.0,1.0,1.0,1.0,1.0,1.0,1.0
172.35000000000002,1.0,1.0,1.0,1.0,1.0,1.0,1.0
172.4,1.0,1.0,1.0,1.0,1.0,1.0,1.0
172.45000000000002,1.0,1.0,1.0,1.0,1.0,1.0,1.0
172.5,1.0,1.0,1.0,1.0,1.0,1.0,1.0
172.55,1.0,1.0,1.0,1.0,1.0,1.0,1.0
172.60000000000002,1.0,1.0,1.0,1.0,1.0,1.0,1.0
172.65,1.0,1.0,1.0,1.0,1.0,1.0,1.0
172.70000000000002,1.0,1.0,1.0,1.0,1.0,1.0,1.0
172.75,1.0,1.0,1.0,1.0,1.0,1.0,1.0
172.8,1.0,1.0,1.0,1.0,1.0,1.0,1.0
172.85000000000002,1.0,1.0,1.0,1.0,1.0,1.0,1.0
172.9,1.0,1.0,1.0,1.0,1.0,1.0,1.0
172.95000000000002,1.0,1.0,1.0,1.0,1.0,1.0,1.0
173.0,1.0,1.0,1.0,1.0,1.0,1.0,1.0
173.05,1.0,1.0,1.0,1.0,1.0,1.0,1.0
173.10000000000002,1.0,1.0,1.0,1.0,1.0,1.0,1.0
173.15,1.0,1.0,1.0,1.0,1.0,1.0,1.0
173.20000000000002,1.0,1.0,1.0,1.0,1.0,1.0,1.0
173.25,1.0,1.0,1.0,1.0,1.0,1.0,1.0
173.3,1.0,1.0,1.0,1.0,1.0,1.0,1.0
173.35000000000002,1.0,1.0,1.0,1.0,1.0,1.0,1.0
173.4,1.0,1.0,1.0,1.0,1.0,1.0,1.0
173.45000000000002,1.0,1.0,1.0,1.0,1.0,1.0,1.0
173.5,1.0,1.0,1.0,1.0,1.0,1.0,1.0
173.55,1.0,1.0,1.0,1.0,1.0,1.0,1.0
173.60000000000002,1.0,1.0,1.0,1.0,1.0,1.0,1.0
173.65,1.0,1.0,1.0,1.0,1.0,1.0,1.0
173.70000000000002,1.0,1.0,1.0,1.0,1.0,1.0,1.0
173.75,1.0,1.0,1.0,1.0,1.0,1.0,1.0
173.8,1.0,1.0,1.0,1.0,1.0,1.0,1.0
173.85000000000002,1.0,1.0,1.0,1.0,1.0,1.0,1.0
173.9,1.0,1.0,1.0,1.0,1.0,1.0,1.0
173.95000000000002,1.0,1.0,1.0,1.0,1.0,1.0,1.0
174.0,1.0,1.0,1.0,1.0,1.0,1.0,1.0
174.05,1.0,1.0,1.0,1.0,1.0,1.0,1.0
174.10000000000002,1.0,1.0,1.0,1.0,1.0,1.0,1.0
174.15,1.0,1.0,1.0,1.0,1.0,1.0,1.0
174.20000000000002,1.0,1.0,1.0,1.0,1.0,1.0,1.0
174.25,1.0,1.0,1.0,1.0,1.0,1.0,1.0
174.3,1.0,1.0,1.0,1.0,1.0,1.0,1.0
174.35000000000002,1.0,1.0,1.0,1.0,1.0,1.0,1.0
174.4,1.0,1.0,1.0,1.0,1.0,1.0,1.0
174.45000000000002,1.0,1.0,1.0,1.0,1.0,1.0,1.0
174.5,1.0,1.0,1.0,1.0,1.0,1.0,1.0
174.55,1.0,1.0,1.0,1.0,1.0,1.0,1.0
174.60000000000002,1.0,1.0,1.0,1.0,1.0,1.0,1.0
174.65,1.0,1.0,1.0,1.0,1.0,1.0,1.0
174.70000000000002,1.0,1.0,1.0,1.0,1.0,1.0,1.0
174.75,1.0,1.0,1.0,1.0,1.0,1.0,1.0
174.8,1.0,1.0,1.0,1.0,1.0,1.0,1.0
174.85000000000002,1.0,1.0,1.0,1.0,1.0,1.0,1.0
174.9,1.0,1.0,1.0,1.0,1.0,1.0,1.0
174.95000000000002,1.0,1.0,1.0,1.0,1.0,1.0,1.0
175.0,1.0,1.0,1.0,1.0,1.0,1.0,1.0
175.05,1.0,1.0,1.0,1.0,1.0,1.0,1.0
175.10000000000002,1.0,1.0,1.0,1.0,1.0,1.0,1.0
175.15,1.0,1.0,1.0,1.0,1.0,1.0,1.0
175.20000000000002,1.0,1.0,1.0,1.0,1.0,1.0,1.0
175.25,1.0,1.0,1.0,1.0,1.0,1.0,1.0
175.3,1.0,1.0,1.0,1.0,1.0,1.0,1.0
175.35000000000002,1.0,1.0,1.0,1.0,1.0,1.0,1.0
175.4,1.0,1.0,1.0,1.0,1.0,1.0,1.0
175.45000000000002,1.0,1.0,1.0,1.0,1.0,1.0,1.0
175.5,1.0,1.0,1.0,1.0,1.0,1.0,1.0
175.55,1.0,1.0,1.0,1.0,1.0,1.0,1.0
175.60000000000002,1.0,1.0,1.0,1.0,1.0,1.0,1.0
175.65,1.0,1.0,1.0,1.0,1.0,1.0,1.0
175.70000000000002,1.0,1.0,1.0,1.0,1.0,1.0,1.0
175.75,1.0,1.0,1.0,1.0,1.0,1.0,1.0
175.8,1.0,1.0,1.0,1.0,1.0,1.0,1.0
175.85000000000002,1.0,1.0,1.0,1.0,1.0,1.0,1.0
175.9,1.0,1.0,1.0,1.0,1.0,1.0,1.0
175.95000000000002,1.0,1.0,1.0,1.0,1.0,1.0,1.0
176.0,1.0,1.0,1.0,1.0,1.0,1.0,1.0
176.05,1.0,1.0,1.0,1.0,1.0,1.0,1.0
176.10000000000002,1.0,1.0,1.0,1.0,1.0,1.0,1.0
176.15,1.0,1.0,1.0,1.0,1.0,1.0,1.0
176.20000000000002,1.0,1.0,1.0,1.0,1.0,1.0,1.0
176.25,1.0,1.0,1.0,1.0,1.0,1.0,1.0
176.3,1.0,1.0,1.0,1.0,1.0,1.0,1.0
176.35000000000002,1.0,1.0,1.0,1.0,1.0,1.0,1.0
176.4,1.0,1.0,1.0,1.0,1.0,1.0,1.0
176.45000000000002,1.0,1.0,1.0,1.0,1.0,1.0,1.0
176.5,1.0,1.0,1.0,1.0,1.0,1.0,1.0
176.55,1.0,1.0,1.0,1.0,1.0,1.0,1.0
176.60000000000002,1.0,1.0,1.0,1.0,1.0,1.0,1.0
176.65,1.0,1.0,1.0,1.0,1.0,1.0,1.0
176.70000000000002,1.0,1.0,1.0,1.0,1.0,1.0,1.0
176.75,1.0,1.0,1.0,1.0,1.0,1.0,1.0
176.8,1.0,1.0,1.0,1.0,1.0,1.0,1.0
176.85000000000002,1.0,1.0,1.0,1.0,1.0,1.0,1.0
176.9,1.0,1.0,1.0,1.0,1.0,1.0,1.0
176.95000000000002,1.0,1.0,1.0,1.0,1.0,1.0,1.0
177.0,1.0,1.0,1.0,1.0,1.0,1.0,1.0
177.05,1.0,1.0,1.0,1.0,1.0,1.0,1.0
177.10000000000002,1.0,1.0,1.0,1.0,1.0,1.0,1.0
177.15,1.0,1.0,1.0,1.0,1.0,1.0,1.0
177.20000000000002,1.0,1.0,1.0,1.0,1.0,1.0,1.0
177.25,1.0,1.0,1.0,1.0,1.0,1.0,1.0
177.3,1.0,1.0,1.0,1.0,1.0,1.0,1.0
177.35000000000002,1.0,1.0,1.0,1.0,1.0,1.0,1.0
177.4,1.0,1.0,1.0,1.0,1.0,1.0,1.0
177.45000000000002,1.0,1.0,1.0,1.0,1.0,1.0,1.0
177.5,1.0,1.0,1.0,1.0,1.0,1.0,1.0
177.55,1.0,1.0,1.0,1.0,1.0,1.0,1.0
177.60000000000002,1.0,1.0,1.0,1.0,1.0,1.0,1.0
177.65,1.0,1.0,1.0,1.0,1.0,1.0,1.0
177.70000000000002,1.0,1.0,1.0,1.0,1.0,1.0,1.0
177.75,1.0,1.0,1.0,1.0,1.0,1.0,1.0
177.8,1.0,1.0,1.0,1.0,1.0,1.0,1.0
177.85000000000002,1.0,1.0,1.0,1.0,1.0,1.0,1.0
177.9,1.0,1.0,1.0,1.0,1.0,1.0,1.0
177.95000000000002,1.0,1.0,1.0,1.0,1.0,1.0,1.0
178.0,1.0,1.0,1.0,1.0,1.0,1.0,1.0
178.05,1.0,1.0,1.0,1.0,1.0,1.0,1.0
178.10000000000002,1.0,1.0,1.0,1.0,1.0,1.0,1.0
178.15,1.0,1.0,1.0,1.0,1.0,1.0,1.0
178.20000000000002,1.0,1.0,1.0,1.0,1.0,1.0,1.0
178.25,1.0,1.0,1.0,1.0,1.0,1.0,1.0
178.3,1.0,1.0,1.0,1.0,1.0,1.0,1.0
178.35000000000002,1.0,1.0,1.0,1.0,1.0,1.0,1.0
178.4,1.0,1.0,1.0,1.0,1.0,1.0,1.0
178.45000000000002,1.0,1.0,1.0,1.0,1.0,1.0,1.0
178.5,1.0,1.0,1.0,1.0,1.0,1.0,1.0
178.55,1.0,1.0,1.0,1.0,1.0,1.0,1.0
178.60000000000002,1.0,1.0,1.0,1.0,1.0,1.0,1.0
178.65,1.0,1.0,1.0,1.0,1.0,1.0,1.0
178.70000000000002,1.0,1.0,1.0,1.0,1.0,1.0,1.0
178.75,1.0,1.0,1.0,1.0,1.0,1.0,1.0
178.8,1.0,1.0,1.0,1.0,1.0,1.0,1.0
178.85000000000002,1.0,1.0,1.0,1.0,1.0,1.0,1.0
178.9,1.0,1.0,1.0,1.0,1.0,1.0,1.0
178.95000000000002,1.0,1.0,1.0,1.0,1.0,1.0,1.0
179.0,1.0,1.0,1.0,1.0,1.0,1.0,1.0
179.05,1.0,1.0,1.0,1.0,1.0,1.0,1.0
179.10000000000002,1.0,1.0,1.0,1.0,1.0,1.0,1.0
179.15,1.0,1.0,1.0,1.0,1.0,1.0,1.0
179.20000000000002,1.0,1.0,1.0,1.0,1.0,1.0,1.0
179.25,1.0,1.0,1.0,1.0,1.0,1.0,1.0
179.3,1.0,1.0,1.0,1.0,1.0,1.0,1.0
179.35000000000002,1.0,1.0,1.0,1.0,1.0,1.0,1.0
179.4,1.0,1.0,1.0,1.0,1.0,1.0,1.0
179.45000000000002,1.0,1.0,1.0,1.0,1.0,1.0,1.0
179.5,1.0,1.0,1.0,1.0,1.0,1.0,1.0
179.55,1.0,1.0,1.0,1.0,1.0,1.0,1.0
179.60000000000002,1.0,1.0,1.0,1.0,1.0,1.0,1.0
179.65,1.0,1.0,1.0,1.0,1.0,1.0,1.0
179.70000000000002,1.0,1.0,1.0,1.0,1.0,1.0,1.0
179.75,1.0,1.0,1.0,1.0,1.0,1.0,1.0
179.8,1.0,1.0,1.0,1.0,1.0,1.0,1.0
179.85000000000002,1.0,1.0,1.0,1.0,1.0,1.0,1.0
179.9,1.0,1.0,1.0,1.0,1.0,1.0,1.0
179.95000000000002,1.0,1.0,1.0,1.0,1.0,1.0,1.0
180.0,1.0,1.0,1.0,1.0,1.0,1.0,1.0
180.05,1.0,1.0,1.0,1.0,1.0,1.0,1.0
180.10000000000002,1.0,1.0,1.0,1.0,1.0,1.0,1.0
180.15,1.0,1.0,1.0,1.0,1.0,1.0,1.0
180.20000000000002,1.0,1.0,1.0,1.0,1.0,1.0,1.0
180.25,1.0,1.0,1.0,1.0,1.0,1.0,1.0
180.3,1.0,1.0,1.0,1.0,1.0,1.0,1.0
180.35000000000002,1.0,1.0,1.0,1.0,1.0,1.0,1.0
180.4,1.0,1.0,1.0,1.0,1.0,1.0,1.0
180.45000000000002,1.0,1.0,1.0,1.0,1.0,1.0,1.0
180.5,1.0,1.0,1.0,1.0,1.0,1.0,1.0
180.55,1.0,1.0,1.0,1.0,1.0,1.0,1.0
180.60000000000002,1.0,1.0,1.0,1.0,1.0,1.0,1.0
180.65,1.0,1.0,1.0,1.0,1.0,1.0,1.0
180.70000000000002,1.0,1.0,1.0,1.0,1.0,1.0,1.0
180.75,1.0,1.0,1.0,1.0,1.0,1.0,1.0
180.8,1.0,1.0,1.0,1.0,1.0,1.0,1.0
180.85000000000002,1.0,1.0,1.0,1.0,1.0,1.0,1.0
180.9,1.0,1.0,1.0,1.0,1.0,1.0,1.0
180.95000000000002,1.0,1.0,1.0,1.0,1.0,1.0,1.0
181.0,1.0,1.0,1.0,1.0,1.0,1.0,1.0
181.05,1.0,1.0,1.0,1.0,1.0,1.0,1.0
181.10000000000002,1.0,1.0,1.0,1.0,1.0,1.0,1.0
181.15,1.0,1.0,1.0,1.0,1.0,1.0,1.0
181.20000000000002,1.0,1.0,1.0,1.0,1.0,1.0,1.0
181.25,1.0,1.0,1.0,1.0,1.0,1.0,1.0
181.3,1.0,1.0,1.0,1.0,1.0,1.0,1.0
181.35000000000002,1.0,1.0,1.0,1.0,1.0,1.0,1.0
181.4,1.0,1.0,1.0,1.0,1.0,1.0,1.0
181.45000000000002,1.0,1.0,1.0,1.0,1.0,1.0,1.0
181.5,1.0,1.0,1.0,1.0,1.0,1.0,1.0
181.55,1.0,1.0,1.0,1.0,1.0,1.0,1.0
181.60000000000002,1.0,1.0,1.0,1.0,1.0,1.0,1.0
181.65,1.0,1.0,1.0,1.0,1.0,1.0,1.0
181.70000000000002,1.0,1.0,1.0,1.0,1.0,1.0,1.0
181.75,1.0,1.0,1.0,1.0,1.0,1.0,1.0
181.8,1.0,1.0,1.0,1.0,1.0,1.0,1.0
181.85000000000002,1.0,1.0,1.0,1.0,1.0,1.0,1.0
181.9,1.0,1.0,1.0,1.0,1.0,1.0,1.0
181.95000000000002,1.0,1.0,1.0,1.0,1.0,1.0,1.0
182.0,1.0,1.0,1.0,1.0,1.0,1.0,1.0
182.05,1.0,1.0,1.0,1.0,1.0,1.0,1.0
182.10000000000002,1.0,1.0,1.0,1.0,1.0,1.0,1.0
182.15,1.0,1.0,1.0,1.0,1.0,1.0,1.0
182.20000000000002,1.0,1.0,1.0,1.0,1.0,1.0,1.0
182.25,1.0,1.0,1.0,1.0,1.0,1.0,1.0
182.3,1.0,1.0,1.0,1.0,1.0,1.0,1.0
182.35000000000002,1.0,1.0,1.0,1.0,1.0,1.0,1.0
182.4,1.0,1.0,1.0,1.0,1.0,1.0,1.0
182.45000000000002,1.0,1.0,1.0,1.0,1.0,1.0,1.0
182.5,1.0,1.0,1.0,1.0,1.0,1.0,1.0
182.55,1.0,1.0,1.0,1.0,1.0,1.0,1.0
182.60000000000002,1.0,1.0,1.0,1.0,1.0,1.0,1.0
182.65,1.0,1.0,1.0,1.0,1.0,1.0,1.0
182.70000000000002,1.0,1.0,1.0,1.0,1.0,1.0,1.0
182.75,1.0,1.0,1.0,1.0,1.0,1.0,1.0
182.8,1.0,1.0,1.0,1.0,1.0,1.0,1.0
182.85000000000002,1.0,1.0,1.0,1.0,1.0,1.0,1.0
182.9,1.0,1.0,1.0,1.0,1.0,1.0,1.0
182.95000000000002,1.0,1.0,1.0,1.0,1.0,1.0,1.0
183.0,1.0,1.0,1.0,1.0,1.0,1.0,1.0
183.05,1.0,1.0,1.0,1.0,1.0,1.0,1.0
183.10000000000002,1.0,1.0,1.0,1.0,1.0,1.0,1.0
183.15,1.0,1.0,1.0,1.0,1.0,1.0,1.0
183.20000000000002,1.0,1.0,1.0,1.0,1.0,1.0,1.0
183.25,1.0,1.0,1.0,1.0,1.0,1.0,1.0
183.3,1.0,1.0,1.0,1.0,1.0,1.0,1.0
183.35000000000002,1.0,1.0,1.0,1.0,1.0,1.0,1.0
183.4,1.0,1.0,1.0,1.0,1.0,1.0,1.0
183.45000000000002,1.0,1.0,1.0,1.0,1.0,1.0,1.0
183.5,1.0,1.0,1.0,1.0,1.0,1.0,1.0
183.55,1.0,1.0,1.0,1.0,1.0,1.0,1.0
183.60000000000002,1.0,1.0,1.0,1.0,1.0,1.0,1.0
183.65,1.0,1.0,1.0,1.0,1.0,1.0,1.0
183.70000000000002,1.0,1.0,1.0,1.0,1.0,1.0,1.0
183.75,1.0,1.0,1.0,1.0,1.0,1.0,1.0
183.8,1.0,1.0,1.0,1.0,1.0,1.0,1.0
183.85000000000002,1.0,1.0,1.0,1.0,1.0,1.0,1.0
183.9,1.0,1.0,1.0,1.0,1.0,1.0,1.0
183.95000000000002,1.0,1.0,1.0,1.0,1.0,1.0,1.0
184.0,1.0,1.0,1.0,1.0,1.0,1.0,1.0
184.05,1.0,1.0,1.0,1.0,1.0,1.0,1.0
184.10000000000002,1.0,1.0,1.0,1.0,1.0,1.0,1.0
184.15,1.0,1.0,1.0,1.0,1.0,1.0,1.0
184.20000000000002,1.0,1.0,1.0,1.0,1.0,1.0,1.0
184.25,1.0,1.0,1.0,1.0,1.0,1.0,1.0
184.3,1.0,1.0,1.0,1.0,1.0,1.0,1.0
184.35000000000002,1.0,1.0,1.0,1.0,1.0,1.0,1.0
184.4,1.0,1.0,1.0,1.0,1.0,1.0,1.0
184.45000000000002,1.0,1.0,1.0,1.0,1.0,1.0,1.0
184.5,1.0,1.0,1.0,1.0,1.0,1.0,1.0
184.55,1.0,1.0,1.0,1.0,1.0,1.0,1.0
184.60000000000002,1.0,1.0,1.0,1.0,1.0,1.0,1.0
184.65,1.0,1.0,1.0,1.0,1.0,1.0,1.0
184.70000000000002,1.0,1.0,1.0,1.0,1.0,1.0,1.0
184.75,1.0,1.0,1.0,1.0,1.0,1.0,1.0
184.8,1.0,1.0,1.0,1.0,1.0,1.0,1.0
184.85000000000002,1.0,1.0,1.0,1.0,1.0,1.0,1.0
184.9,1.0,1.0,1.0,1.0,1.0,1.0,1.0
184.95000000000002,1.0,1.0,1.0,1.0,1.0,1.0,1.0
185.0,1.0,1.0,1.0,1.0,1.0,1.0,1.0
185.05,1.0,1.0,1.0,1.0,1.0,1.0,1.0
185.10000000000002,1.0,1.0,1.0,1.0,1.0,1.0,1.0
185.15,1.0,1.0,1.0,1.0,1.0,1.0,1.0
185.20000000000002,1.0,1.0,1.0,1.0,1.0,1.0,1.0
185.25,1.0,1.0,1.0,1.0,1.0,1.0,1.0
185.3,1.0,1.0,1.0,1.0,1.0,1.0,1.0
185.35000000000002,1.0,1.0,1.0,1.0,1.0,1.0,1.0
185.4,1.0,1.0,1.0,1.0,1.0,1.0,1.0
185.45000000000002,1.0,1.0,1.0,1.0,1.0,1.0,1.0
185.5,1.0,1.0,1.0,1.0,1.0,1.0,1.0
185.55,1.0,1.0,1.0,1.0,1.0,1.0,1.0
185.60000000000002,1.0,1.0,1.0,1.0,1.0,1.0,1.0
185.65,1.0,1.0,1.0,1.0,1.0,1.0,1.0
185.70000000000002,1.0,1.0,1.0,1.0,1.0,1.0,1.0
185.75,1.0,1.0,1.0,1.0,1.0,1.0,1.0
185.8,1.0,1.0,1.0,1.0,1.0,1.0,1.0
185.85000000000002,1.0,1.0,1.0,1.0,1.0,1.0,1.0
185.9,1.0,1.0,1.0,1.0,1.0,1.0,1.0
185.95000000000002,1.0,1.0,1.0,1.0,1.0,1.0,1.0
186.0,1.0,1.0,1.0,1.0,1.0,1.0,1.0
186.05,1.0,1.0,1.0,1.0,1.0,1.0,1.0
186.10000000000002,1.0,1.0,1.0,1.0,1.0,1.0,1.0
186.15,1.0,1.0,1.0,1.0,1.0,1.0,1.0
186.20000000000002,1.0,1.0,1.0,1.0,1.0,1.0,1.0
186.25,1.0,1.0,1.0,1.0,1.0,1.0,1.0
186.3,1.0,1.0,1.0,1.0,1.0,1.0,1.0
186.35000000000002,1.0,1.0,1.0,1.0,1.0,1.0,1.0
186.4,1.0,1.0,1.0,1.0,1.0,1.0,1.0
186.45000000000002,1.0,1.0,1.0,1.0,1.0,1.0,1.0
186.5,1.0,1.0,1.0,1.0,1.0,1.0,1.0
186.55,1.0,1.0,1.0,1.0,1.0,1.0,1.0
186.60000000000002,1.0,1.0,1.0,1.0,1.0,1.0,1.0
186.65,1.0,1.0,1.0,1.0,1.0,1.0,1.0
186.70000000000002,1.0,1.0,1.0,1.0,1.0,1.0,1.0
186.75,1.0,1.0,1.0,1.0,1.0,1.0,1.0
186.8,1.0,1.0,1.0,1.0,1.0,1.0,1.0
186.85000000000002,1.0,1.0,1.0,1.0,1.0,1.0,1.0
186.9,1.0,1.0,1.0,1.0,1.0,1.0,1.0
186.95000000000002,1.0,1.0,1.0,1.0,1.0,1.0,1.0
187.0,1.0,1.0,1.0,1.0,1.0,1.0,1.0
187.05,1.0,1.0,1.0,1.0,1.0,1.0,1.0
187.10000000000002,1.0,1.0,1.0,1.0,1.0,1.0,1.0
187.15,1.0,1.0,1.0,1.0,1.0,1.0,1.0
187.20000000000002,1.0,1.0,1.0,1.0,1.0,1.0,1.0
187.25,1.0,1.0,1.0,1.0,1.0,1.0,1.0
187.3,1.0,1.0,1.0,1.0,1.0,1.0,1.0
187.35000000000002,1.0,1.0,1.0,1.0,1.0,1.0,1.0
187.4,1.0,1.0,1.0,1.0,1.0,1.0,1.0
187.45000000000002,1.0,1.0,1.0,1.0,1.0,1.0,1.0
187.5,1.0,1.0,1.0,1.0,1.0,1.0,1.0
187.55,1.0,1.0,1.0,1.0,1.0,1.0,1.0
187.60000000000002,1.0,1.0,1.0,1.0,1.0,1.0,1.0
187.65,1.0,1.0,1.0,1.0,1.0,1.0,1.0
187.70000000000002,1.0,1.0,1.0,1.0,1.0,1.0,1.0
187.75,1.0,1.0,1.0,1.0,1.0,1.0,1.0
187.8,1.0,1.0,1.0,1.0,1.0,1.0,1.0
187.85000000000002,1.0,1.0,1.0,1.0,1.0,1.0,1.0
187.9,1.0,1.0,1.0,1.0,1.0,1.0,1.0
187.95000000000002,1.0,1.0,1.0,1.0,1.0,1.0,1.0
188.0,1.0,1.0,1.0,1.0,1.0,1.0,1.0
188.05,1.0,1.0,1.0,1.0,1.0,1.0,1.0
188.10000000000002,1.0,1.0,1.0,1.0,1.0,1.0,1.0
188.15,1.0,1.0,1.0,1.0,1.0,1.0,1.0
188.20000000000002,1.0,1.0,1.0,1.0,1.0,1.0,1.0
188.25,1.0,1.0,1.0,1.0,1.0,1.0,1.0
188.3,1.0,1.0,1.0,1.0,1.0,1.0,1.0
188.35000000000002,1.0,1.0,1.0,1.0,1.0,1.0,1.0
188.4,1.0,1.0,1.0,1.0,1.0,1.0,1.0
188.45000000000002,1.0,1.0,1.0,1.0,1.0,1.0,1.0
188.5,1.0,1.0,1.0,1.0,1.0,1.0,1.0
188.55,1.0,1.0,1.0,1.0,1.0,1.0,1.0
188.60000000000002,1.0,1.0,1.0,1.0,1.0,1.0,1.0
188.65,1.0,1.0,1.0,1.0,1.0,1.0,1.0
188.70000000000002,1.0,1.0,1.0,1.0,1.0,1.0,1.0
188.75,1.0,1.0,1.0,1.0,1.0,1.0,1.0
188.8,1.0,1.0,1.0,1.0,1.0,1.0,1.0
188.85000000000002,1.0,1.0,1.0,1.0,1.0,1.0,1.0
188.9,1.0,1.0,1.0,1.0,1.0,1.0,1.0
188.95000000000002,1.0,1.0,1.0,1.0,1.0,1.0,1.0
189.0,1.0,1.0,1.0,1.0,1.0,1.0,1.0
189.05,1.0,1.0,1.0,1.0,1.0,1.0,1.0
189.10000000000002,1.0,1.0,1.0,1.0,1.0,1.0,1.0
189.15,1.0,1.0,1.0,1.0,1.0,1.0,1.0
189.20000000000002,1.0,1.0,1.0,1.0,1.0,1.0,1.0
189.25,1.0,1.0,1.0,1.0,1.0,1.0,1.0
189.3,1.0,1.0,1.0,1.0,1.0,1.0,1.0
189.35000000000002,1.0,1.0,1.0,1.0,1.0,1.0,1.0
189.4,1.0,1.0,1.0,1.0,1.0,1.0,1.0
189.45000000000002,1.0,1.0,1.0,1.0,1.0,1.0,1.0
189.5,1.0,1.0,1.0,1.0,1.0,1.0,1.0
189.55,1.0,1.0,1.0,1.0,1.0,1.0,1.0
189.60000000000002,1.0,1.0,1.0,1.0,1.0,1.0,1.0
189.65,1.0,1.0,1.0,1.0,1.0,1.0,1.0
189.70000000000002,1.0,1.0,1.0,1.0,1.0,1.0,1.0
189.75,1.0,1.0,1.0,1.0,1.0,1.0,1.0
189.8,1.0,1.0,1.0,1.0,1.0,1.0,1.0
189.85000000000002,1.0,1.0,1.0,1.0,1.0,1.0,1.0
189.9,1.0,1.0,1.0,1.0,1.0,1.0,1.0
189.95000000000002,1.0,1.0,1.0,1.0,1.0,1.0,1.0
190.0,1.0,1.0,1.0,1.0,1.0,1.0,1.0
190.05,1.0,1.0,1.0,1.0,1.0,1.0,1.0
190.10000000000002,1.0,1.0,1.0,1.0,1.0,1.0,1.0
190.15,1.0,1.0,1.0,1.0,1.0,1.0,1.0
190.20000000000002,1.0,1.0,1.0,1.0,1.0,1.0,1.0
190.25,1.0,1.0,1.0,1.0,1.0,1.0,1.0
190.3,1.0,1.0,1.0,1.0,1.0,1.0,1.0
190.35000000000002,1.0,1.0,1.0,1.0,1.0,1.0,1.0
190.4,1.0,1.0,1.0,1.0,1.0,1.0,1.0
190.45000000000002,1.0,1.0,1.0,1.0,1.0,1.0,1.0
190.5,1.0,1.0,1.0,1.0,1.0,1.0,1.0
190.55,1.0,1.0,1.0,1.0,1.0,1.0,1.0
190.60000000000002,1.0,1.0,1.0,1.0,1.0,1.0,1.0
190.65,1.0,1.0,1.0,1.0,1.0,1.0,1.0
190.70000000000002,1.0,1.0,1.0,1.0,1.0,1.0,1.0
190.75,1.0,1.0,1.0,1.0,1.0,1.0,1.0
190.8,1.0,1.0,1.0,1.0,1.0,1.0,1.0
190.85000000000002,1.0,1.0,1.0,1.0,1.0,1.0,1.0
190.9,1.0,1.0,1.0,1.0,1.0,1.0,1.0
190.95000000000002,1.0,1.0,1.0,1.0,1.0,1.0,1.0
191.0,1.0,1.0,1.0,1.0,1.0,1.0,1.0
191.05,1.0,1.0,1.0,1.0,1.0,1.0,1.0
191.10000000000002,1.0,1.0,1.0,1.0,1.0,1.0,1.0
191.15,1.0,1.0,1.0,1.0,1.0,1.0,1.0
191.20000000000002,1.0,1.0,1.0,1.0,1.0,1.0,1.0
191.25,1.0,1.0,1.0,1.0,1.0,1.0,1.0
191.3,1.0,1.0,1.0,1.0,1.0,1.0,1.0
191.35000000000002,1.0,1.0,1.0,1.0,1.0,1.0,1.0
191.4,1.0,1.0,1.0,1.0,1.0,1.0,1.0
191.45000000000002,1.0,1.0,1.0,1.0,1.0,1.0,1.0
191.5,1.0,1.0,1.0,1.0,1.0,1.0,1.0
191.55,1.0,1.0,1.0,1.0,1.0,1.0,1.0
191.60000000000002,1.0,1.0,1.0,1.0,1.0,1.0,1.0
191.65,1.0,1.0,1.0,1.0,1.0,1.0,1.0
191.70000000000002,1.0,1.0,1.0,1.0,1.0,1.0,1.0
191.75,1.0,1.0,1.0,1.0,1.0,1.0,1.0
191.8,1.0,1.0,1.0,1.0,1.0,1.0,1.0
191.85000000000002,1.0,1.0,1.0,1.0,1.0,1.0,1.0
191.9,1.0,1.0,1.0,1.0,1.0,1.0,1.0
191.95000000000002,1.0,1.0,1.0,1.0,1.0,1.0,1.0
192.0,1.0,1.0,1.0,1.0,1.0,1.0,1.0
192.05,1.0,1.0,1.0,1.0,1.0,1.0,1.0
192.10000000000002,1.0,1.0,1.0,1.0,1.0,1.0,1.0
192.15,1.0,1.0,1.0,1.0,1.0,1.0,1.0
192.20000000000002,1.0,1.0,1.0,1.0,1.0,1.0,1.0
192.25,1.0,1.0,1.0,1.0,1.0,1.0,1.0
192.3,1.0,1.0,1.0,1.0,1.0,1.0,1.0
192.35000000000002,1.0,1.0,1.0,1.0,1.0,1.0,1.0
192.4,1.0,1.0,1.0,1.0,1.0,1.0,1.0
192.45000000000002,1.0,1.0,1.0,1.0,1.0,1.0,1.0
192.5,1.0,1.0,1.0,1.0,1.0,1.0,1.0
192.55,1.0,1.0,1.0,1.0,1.0,1.0,1.0
192.60000000000002,1.0,1.0,1.0,1.0,1.0,1.0,1.0
192.65,1.0,1.0,1.0,1.0,1.0,1.0,1.0
192.70000000000002,1.0,1.0,1.0,1.0,1.0,1.0,1.0
192.75,1.0,1.0,1.0,1.0,1.0,1.0,1.0
192.8,1.0,1.0,1.0,1.0,1.0,1.0,1.0
192.85000000000002,1.0,1.0,1.0,1.0,1.0,1.0,1.0
192.9,1.0,1.0,1.0,1.0,1.0,1.0,1.0
192.95000000000002,1.0,1.0,1.0,1.0,1.0,1.0,1.0
193.0,1.0,1.0,1.0,1.0,1.0,1.0,1.0
193.05,1.0,1.0,1.0,1.0,1.0,1.0,1.0
193.10000000000002,1.0,1.0,1.0,1.0,1.0,1.0,1.0
193.15,1.0,1.0,1.0,1.0,1.0,1.0,1.0
193.20000000000002,1.0,1.0,1.0,1.0,1.0,1.0,1.0
193.25,1.0,1.0,1.0,1.0,1.0,1.0,1.0
193.3,1.0,1.0,1.0,1.0,1.0,1.0,1.0
193.35000000000002,1.0,1.0,1.0,1.0,1.0,1.0,1.0
193.4,1.0,1.0,1.0,1.0,1.0,1.0,1.0
193.45000000000002,1.0,1.0,1.0,1.0,1.0,1.0,1.0
193.5,1.0,1.0,1.0,1.0,1.0,1.0,1.0
193.55,1.0,1.0,1.0,1.0,1.0,1.0,1.0
193.60000000000002,1.0,1.0,1.0,1.0,1.0,1.0,1.0
193.65,1.0,1.0,1.0,1.0,1.0,1.0,1.0
193.70000000000002,1.0,1.0,1.0,1.0,1.0,1.0,1.0
193.75,1.0,1.0,1.0,1.0,1.0,1.0,1.0
193.8,1.0,1.0,1.0,1.0,1.0,1.0,1.0
193.85000000000002,1.0,1.0,1.0,1.0,1.0,1.0,1.0
193.9,1.0,1.0,1.0,1.0,1.0,1.0,1.0
193.95000000000002,1.0,1.0,1.0,1.0,1.0,1.0,1.0
194.0,1.0,1.0,1.0,1.0,1.0,1.0,1.0
194.05,1.0,1.0,1.0,1.0,1.0,1.0,1.0
194.10000000000002,1.0,1.0,1.0,1.0,1.0,1.0,1.0
194.15,1.0,1.0,1.0,1.0,1.0,1.0,1.0
194.20000000000002,1.0,1.0,1.0,1.0,1.0,1.0,1.0
194.25,1.0,1.0,1.0,1.0,1.0,1.0,1.0
194.3,1.0,1.0,1.0,1.0,1.0,1.0,1.0
194.35000000000002,1.0,1.0,1.0,1.0,1.0,1.0,1.0
194.4,1.0,1.0,1.0,1.0,1.0,1.0,1.0
194.45000000000002,1.0,1.0,1.0,1.0,1.0,1.0,1.0
194.5,1.0,1.0,1.0,1.0,1.0,1.0,1.0
194.55,1.0,1.0,1.0,1.0,1.0,1.0,1.0
194.60000000000002,1.0,1.0,1.0,1.0,1.0,1.0,1.0
194.65,1.0,1.0,1.0,1.0,1.0,1.0,1.0
194.70000000000002,1.0,1.0,1.0,1.0,1.0,1.0,1.0
194.75,1.0,1.0,1.0,1.0,1.0,1.0,1.0
194.8,1.0,1.0,1.0,1.0,1.0,1.0,1.0
194.85000000000002,1.0,1.0,1.0,1.0,1.0,1.0,1.0
194.9,1.0,1.0,1.0,1.0,1.0,1.0,1.0
194.95000000000002,1.0,1.0,1.0,1.0,1.0,1.0,1.0
195.0,1.0,1.0,1.0,1.0,1.0,1.0,1.0
195.05,1.0,1.0,1.0,1.0,1.0,1.0,1.0
195.10000000000002,1.0,1.0,1.0,1.0,1.0,1.0,1.0
195.15,1.0,1.0,1.0,1.0,1.0,1.0,1.0
195.20000000000002,1.0,1.0,1.0,1.0,1.0,1.0,1.0
195.25,1.0,1.0,1.0,1.0,1.0,1.0,1.0
195.3,1.0,1.0,1.0,1.0,1.0,1.0,1.0
195.35000000000002,1.0,1.0,1.0,1.0,1.0,1.0,1.0
195.4,1.0,1.0,1.0,1.0,1.0,1.0,1.0
195.45000000000002,1.0,1.0,1.0,1.0,1.0,1.0,1.0
195.5,1.0,1.0,1.0,1.0,1.0,1.0,1.0
195.55,1.0,1.0,1.0,1.0,1.0,1.0,1.0
195.60000000000002,1.0,1.0,1.0,1.0,1.0,1.0,1.0
195.65,1.0,1.0,1.0,1.0,1.0,1.0,1.0
195.70000000000002,1.0,1.0,1.0,1.0,1.0,1.0,1.0
195.75,1.0,1.0,1.0,1.0,1.0,1.0,1.0
195.8,1.0,1.0,1.0,1.0,1.0,1.0,1.0
195.85000000000002,1.0,1.0,1.0,1.0,1.0,1.0,1.0
195.9,1.0,1.0,1.0,1.0,1.0,1.0,1.0
195.95000000000002,1.0,1.0,1.0,1.0,1.0,1.0,1.0
196.0,1.0,1.0,1.0,1.0,1.0,1.0,1.0
196.05,1.0,1.0,1.0,1.0,1.0,1.0,1.0
196.10000000000002,1.0,1.0,1.0,1.0,1.0,1.0,1.0
196.15,1.0,1.0,1.0,1.0,1.0,1.0,1.0
196.20000000000002,1.0,1.0,1.0,1.0,1.0,1.0,1.0
196.25,1.0,1.0,1.0,1.0,1.0,1.0,1.0
196.3,1.0,1.0,1.0,1.0,1.0,1.0,1.0
196.35000000000002,1.0,1.0,1.0,1.0,1.0,1.0,1.0
196.4,1.0,1.0,1.0,1.0,1.0,1.0,1.0
196.45000000000002,1.0,1.0,1.0,1.0,1.0,1.0,1.0
196.5,1.0,1.0,1.0,1.0,1.0,1.0,1.0
196.55,1.0,1.0,1.0,1.0,1.0,1.0,1.0
196.60000000000002,1.0,1.0,1.0,1.0,1.0,1.0,1.0
196.65,1.0,1.0,1.0,1.0,1.0,1.0,1.0
196.70000000000002,1.0,1.0,1.0,1.0,1.0,1.0,1.0
196.75,1.0,1.0,1.0,1.0,1.0,1.0,1.0
196.8,1.0,1.0,1.0,1.0,1.0,1.0,1.0
196.85000000000002,1.0,1.0,1.0,1.0,1.0,1.0,1.0
196.9,1.0,1.0,1.0,1.0,1.0,1.0,1.0
196.95000000000002,1.0,1.0,1.0,1.0,1.0,1.0,1.0
197.0,1.0,1.0,1.0,1.0,1.0,1.0,1.0
197.05,1.0,1.0,1.0,1.0,1.0,1.0,1.0
197.10000000000002,1.0,1.0,1.0,1.0,1.0,1.0,1.0
197.15,1.0,1.0,1.0,1.0,1.0,1.0,1.0
197.20000000000002,1.0,1.0,1.0,1.0,1.0,1.0,1.0
197.25,1.0,1.0,1.0,1.0,1.0,1.0,1.0
197.3,1.0,1.0,1.0,1.0,1.0,1.0,1.0
197.35000000000002,1.0,1.0,1.0,1.0,1.0,1.0,1.0
197.4,1.0,1.0,1.0,1.0,1.0,1.0,1.0
197.45000000000002,1.0,1.0,1.0,1.0,1.0,1.0,1.0
197.5,1.0,1.0,1.0,1.0,1.0,1.0,1.0
197.55,1.0,1.0,1.0,1.0,1.0,1.0,1.0
197.60000000000002,1.0,1.0,1.0,1.0,1.0,1.0,1.0
197.65,1.0,1.0,1.0,1.0,1.0,1.0,1.0
197.70000000000002,1.0,1.0,1.0,1.0,1.0,1.0,1.0
197.75,1.0,1.0,1.0,1.0,1.0,1.0,1.0
197.8,1.0,1.0,1.0,1.0,1.0,1.0,1.0
197.85000000000002,1.0,1.0,1.0,1.0,1.0,1.0,1.0
197.9,1.0,1.0,1.0,1.0,1.0,1.0,1.0
197.95000000000002,1.0,1.0,1.0,1.0,1.0,1.0,1.0
198.0,1.0,1.0,1.0,1.0,1.0,1.0,1.0
198.05,1.0,1.0,1.0,1.0,1.0,1.0,1.0
198.10000000000002,1.0,1.0,1.0,1.0,1.0,1.0,1.0
198.15,1.0,1.0,1.0,1.0,1.0,1.0,1.0
198.20000000000002,1.0,1.0,1.0,1.0,1.0,1.0,1.0
198.25,1.0,1.0,1.0,1.0,1.0,1.0,1.0
198.3,1.0,1.0,1.0,1.0,1.0,1.0,1.0
198.35000000000002,1.0,1.0,1.0,1.0,1.0,1.0,1.0
198.4,1.0,1.0,1.0,1.0,1.0,1.0,1.0
198.45000000000002,1.0,1.0,1.0,1.0,1.0,1.0,1.0
198.5,1.0,1.0,1.0,1.0,1.0,1.0,1.0
198.55,1.0,1.0,1.0,1.0,1.0,1.0,1.0
198.60000000000002,1.0,1.0,1.0,1.0,1.0,1.0,1.0
198.65,1.0,1.0,1.0,1.0,1.0,1.0,1.0
198.70000000000002,1.0,1.0,1.0,1.0,1.0,1.0,1.0
198.75,1.0,1.0,1.0,1.0,1.0,1.0,1.0
198.8,1.0,1.0,1.0,1.0,1.0,1.0,1.0
198.85000000000002,1.0,1.0,1.0,1.0,1.0,1.0,1.0
198.9,1.0,1.0,1.0,1.0,1.0,1.0,1.0
198.95000000000002,1.0,1.0,1.0,1.0,1.0,1.0,1.0
199.0,1.0,1.0,1.0,1.0,1.0,1.0,1.0
199.05,1.0,1.0,1.0,1.0,1.0,1.0,1.0
199.10000000000002,1.0,1.0,1.0,1.0,1.0,1.0,1.0
199.15,1.0,1.0,1.0,1.0,1.0,1.0,1.0
199.20000000000002,1.0,1.0,1.0,1.0,1.0,1.0,1.0
199.25,1.0,1.0,1.0,1.0,1.0,1.0,1.0
199.3,1.0,1.0,1.0,1.0,1.0,1.0,1.0
199.35000000000002,1.0,1.0,1.0,1.0,1.0,1.0,1.0
199.4,1.0,1.0,1.0,1.0,1.0,1.0,1.0
199.45000000000002,1.0,1.0,1.0,1.0,1.0,1.0,1.0
199.5,1.0,1.0,1.0,1.0,1.0,1.0,1.0
199.55,1.0,1.0,1.0,1.0,1.0,1.0,1.0
199.60000000000002,1.0,1.0,1.0,1.0,1.0,1.0,1.0
199.65,1.0,1.0,1.0,1.0,1.0,1.0,1.0
199.70000000000002,1.0,1.0,1.0,1.0,1.0,1.0,1.0
199.75,1.0,1.0,1.0,1.0,1.0,1.0,1.0
199.8,1.0,1.0,1.0,1.0,1.0,1.0,1.0
199.85000000000002,1.0,1.0,1.0,1.0,1.0,1.0,1.0
199.9,1.0,1.0,1.0,1.0,1.0,1.0,1.0
199.95000000000002,1.0,1.0,1.0,1.0,1.0,1.0,1.0
200.0,1.0,1.0,1.0,1.0,1.0,1.0,1.0
200.05,1.0,1.0,1.0,1.0,1.0,1.0,1.0
200.10000000000002,1.0,1.0,1.0,1.0,1.0,1.0,1.0
200.15,1.0,1.0,1.0,1.0,1.0,1.0,1.0
200.20000000000002,1.0,1.0,1.0,1.0,1.0,1.0,1.0
200.25,1.0,1.0,1.0,1.0,1.0,1.0,1.0
200.3,1.0,1.0,1.0,1.0,1.0,1.0,1.0
200.35000000000002,1.0,1.0,1.0,1.0,1.0,1.0,1.0
200.4,1.0,1.0,1.0,1.0,1.0,1.0,1.0
200.45000000000002,1.0,1.0,1.0,1.0,1.0,1.0,1.0
200.5,1.0,1.0,1.0,1.0,1.0,1.0,1.0
200.55,1.0,1.0,1.0,1.0,1.0,1.0,1.0
200.60000000000002,1.0,1.0,1.0,1.0,1.0,1.0,1.0
200.65,1.0,1.0,1.0,1.0,1.0,1.0,1.0
200.70000000000002,1.0,1.0,1.0,1.0,1.0,1.0,1.0
200.75,1.0,1.0,1.0,1.0,1.0,1.0,1.0
200.8,1.0,1.0,1.0,1.0,1.0,1.0,1.0
200.85000000000002,1.0,1.0,1.0,1.0,1.0,1.0,1.0
200.9,1.0,1.0,1.0,1.0,1.0,1.0,1.0
200.95000000000002,1.0,1.0,1.0,1.0,1.0,1.0,1.0
201.0,1.0,1.0,1.0,1.0,1.0,1.0,1.0
201.05,1.0,1.0,1.0,1.0,1.0,1.0,1.0
201.10000000000002,1.0,1.0,1.0,1.0,1.0,1.0,1.0
201.15,1.0,1.0,1.0,1.0,1.0,1.0,1.0
201.20000000000002,1.0,1.0,1.0,1.0,1.0,1.0,1.0
201.25,1.0,1.0,1.0,1.0,1.0,1.0,1.0
201.3,1.0,1.0,1.0,1.0,1.0,1.0,1.0
201.35000000000002,1.0,1.0,1.0,1.0,1.0,1.0,1.0
201.4,1.0,1.0,1.0,1.0,1.0,1.0,1.0
201.45000000000002,1.0,1.0,1.0,1.0,1.0,1.0,1.0
201.5,1.0,1.0,1.0,1.0,1.0,1.0,1.0
201.55,1.0,1.0,1.0,1.0,1.0,1.0,1.0
201.60000000000002,1.0,1.0,1.0,1.0,1.0,1.0,1.0
201.65,1.0,1.0,1.0,1.0,1.0,1.0,1.0
201.70000000000002,1.0,1.0,1.0,1.0,1.0,1.0,1.0
201.75,1.0,1.0,1.0,1.0,1.0,1.0,1.0
201.8,1.0,1.0,1.0,1.0,1.0,1.0,1.0
201.85000000000002,1.0,1.0,1.0,1.0,1.0,1.0,1.0
201.9,1.0,1.0,1.0,1.0,1.0,1.0,1.0
201.95000000000002,1.0,1.0,1.0,1.0,1.0,1.0,1.0
202.0,1.0,1.0,1.0,1.0,1.0,1.0,1.0
202.05,1.0,1.0,1.0,1.0,1.0,1.0,1.0
202.10000000000002,1.0,1.0,1.0,1.0,1.0,1.0,1.0
202.15,1.0,1.0,1.0,1.0,1.0,1.0,1.0
202.20000000000002,1.0,1.0,1.0,1.0,1.0,1.0,1.0
202.25,1.0,1.0,1.0,1.0,1.0,1.0,1.0
202.3,1.0,1.0,1.0,1.0,1.0,1.0,1.0
202.35000000000002,1.0,1.0,1.0,1.0,1.0,1.0,1.0
202.4,1.0,1.0,1.0,1.0,1.0,1.0,1.0
202.45000000000002,1.0,1.0,1.0,1.0,1.0,1.0,1.0
202.5,1.0,1.0,1.0,1.0,1.0,1.0,1.0
202.55,1.0,1.0,1.0,1.0,1.0,1.0,1.0
202.60000000000002,1.0,1.0,1.0,1.0,1.0,1.0,1.0
202.65,1.0,1.0,1.0,1.0,1.0,1.0,1.0
202.70000000000002,1.0,1.0,1.0,1.0,1.0,1.0,1.0
202.75,1.0,1.0,1.0,1.0,1.0,1.0,1.0
202.8,1.0,1.0,1.0,1.0,1.0,1.0,1.0
202.85000000000002,1.0,1.0,1.0,1.0,1.0,1.0,1.0
202.9,1.0,1.0,1.0,1.0,1.0,1.0,1.0
202.95000000000002,1.0,1.0,1.0,1.0,1.0,1.0,1.0
203.0,1.0,1.0,1.0,1.0,1.0,1.0,1.0
203.05,1.0,1.0,1.0,1.0,1.0,1.0,1.0
203.10000000000002,1.0,1.0,1.0,1.0,1.0,1.0,1.0
203.15,1.0,1.0,1.0,1.0,1.0,1.0,1.0
203.20000000000002,1.0,1.0,1.0,1.0,1.0,1.0,1.0
203.25,1.0,1.0,1.0,1.0,1.0,1.0,1.0
203.3,1.0,1.0,1.0,1.0,1.0,1.0,1.0
203.35000000000002,1.0,1.0,1.0,1.0,1.0,1.0,1.0
203.4,1.0,1.0,1.0,1.0,1.0,1.0,1.0
203.45000000000002,1.0,1.0,1.0,1.0,1.0,1.0,1.0
203.5,1.0,1.0,1.0,1.0,1.0,1.0,1.0
203.55,1.0,1.0,1.0,1.0,1.0,1.0,1.0
203.60000000000002,1.0,1.0,1.0,1.0,1.0,1.0,1.0
203.65,1.0,1.0,1.0,1.0,1.0,1.0,1.0
203.70000000000002,1.0,1.0,1.0,1.0,1.0,1.0,1.0
203.75,1.0,1.0,1.0,1.0,1.0,1.0,1.0
203.8,1.0,1.0,1.0,1.0,1.0,1.0,1.0
203.85000000000002,1.0,1.0,1.0,1.0,1.0,1.0,1.0
203.9,1.0,1.0,1.0,1.0,1.0,1.0,1.0
203.95000000000002,1.0,1.0,1.0,1.0,1.0,1.0,1.0
204.0,1.0,1.0,1.0,1.0,1.0,1.0,1.0
204.05,1.0,1.0,1.0,1.0,1.0,1.0,1.0
204.10000000000002,1.0,1.0,1.0,1.0,1.0,1.0,1.0
204.15,1.0,1.0,1.0,1.0,1.0,1.0,1.0
204.20000000000002,1.0,1.0,1.0,1.0,1.0,1.0,1.0
204.25,1.0,1.0,1.0,1.0,1.0,1.0,1.0
204.3,1.0,1.0,1.0,1.0,1.0,1.0,1.0
204.35000000000002,1.0,1.0,1.0,1.0,1.0,1.0,1.0
204.4,1.0,1.0,1.0,1.0,1.0,1.0,1.0
204.45000000000002,1.0,1.0,1.0,1.0,1.0,1.0,1.0
204.5,1.0,1.0,1.0,1.0,1.0,1.0,1.0
204.55,1.0,1.0,1.0,1.0,1.0,1.0,1.0
204.60000000000002,1.0,1.0,1.0,1.0,1.0,1.0,1.0
204.65,1.0,1.0,1.0,1.0,1.0,1.0,1.0
204.70000000000002,1.0,1.0,1.0,1.0,1.0,1.0,1.0
204.75,1.0,1.0,1.0,1.0,1.0,1.0,1.0
204.8,1.0,1.0,1.0,1.0,1.0,1.0,1.0
204.85000000000002,1.0,1.0,1.0,1.0,1.0,1.0,1.0
204.9,1.0,1.0,1.0,1.0,1.0,1.0,1.0
204.95000000000002,1.0,1.0,1.0,1.0,1.0,1.0,1.0
205.0,1.0,1.0,1.0,1.0,1.0,1.0,1.0
205.05,1.0,1.0,1.0,1.0,1.0,1.0,1.0
205.10000000000002,1.0,1.0,1.0,1.0,1.0,1.0,1.0
205.15,1.0,1.0,1.0,1.0,1.0,1.0,1.0
205.20000000000002,1.0,1.0,1.0,1.0,1.0,1.0,1.0
205.25,1.0,1.0,1.0,1.0,1.0,1.0,1.0
205.3,1.0,1.0,1.0,1.0,1.0,1.0,1.0
205.35000000000002,1.0,1.0,1.0,1.0,1.0,1.0,1.0
205.4,1.0,1.0,1.0,1.0,1.0,1.0,1.0
205.45000000000002,1.0,1.0,1.0,1.0,1.0,1.0,1.0
205.5,1.0,1.0,1.0,1.0,1.0,1.0,1.0
205.55,1.0,1.0,1.0,1.0,1.0,1.0,1.0
205.60000000000002,1.0,1.0,1.0,1.0,1.0,1.0,1.0
205.65,1.0,1.0,1.0,1.0,1.0,1.0,1.0
205.70000000000002,1.0,1.0,1.0,1.0,1.0,1.0,1.0
205.75,1.0,1.0,1.0,1.0,1.0,1.0,1.0
205.8,1.0,1.0,1.0,1.0,1.0,1.0,1.0
205.85000000000002,1.0,1.0,1.0,1.0,1.0,1.0,1.0
205.9,1.0,1.0,1.0,1.0,1.0,1.0,1.0
205.95000000000002,1.0,1.0,1.0,1.0,1.0,1.0,1.0
206.0,1.0,1.0,1.0,1.0,1.0,1.0,1.0
206.05,1.0,1.0,1.0,1.0,1.0,1.0,1.0
206.10000000000002,1.0,1.0,1.0,1.0,1.0,1.0,1.0
206.15,1.0,1.0,1.0,1.0,1.0,1.0,1.0
206.20000000000002,1.0,1.0,1.0,1.0,1.0,1.0,1.0
206.25,1.0,1.0,1.0,1.0,1.0,1.0,1.0
206.3,1.0,1.0,1.0,1.0,1.0,1.0,1.0
206.35000000000002,1.0,1.0,1.0,1.0,1.0,1.0,1.0
206.4,1.0,1.0,1.0,1.0,1.0,1.0,1.0
206.45000000000002,1.0,1.0,1.0,1.0,1.0,1.0,1.0
206.5,1.0,1.0,1.0,1.0,1.0,1.0,1.0
206.55,1.0,1.0,1.0,1.0,1.0,1.0,1.0
206.60000000000002,1.0,1.0,1.0,1.0,1.0,1.0,1.0
206.65,1.0,1.0,1.0,1.0,1.0,1.0,1.0
206.70000000000002,1.0,1.0,1.0,1.0,1.0,1.0,1.0
206.75,1.0,1.0,1.0,1.0,1.0,1.0,1.0
206.8,1.0,1.0,1.0,1.0,1.0,1.0,1.0
206.85000000000002,1.0,1.0,1.0,1.0,1.0,1.0,1.0
206.9,1.0,1.0,1.0,1.0,1.0,1.0,1.0
206.95000000000002,1.0,1.0,1.0,1.0,1.0,1.0,1.0
207.0,1.0,1.0,1.0,1.0,1.0,1.0,1.0
207.05,1.0,1.0,1.0,1.0,1.0,1.0,1.0
207.10000000000002,1.0,1.0,1.0,1.0,1.0,1.0,1.0
207.15,1.0,1.0,1.0,1.0,1.0,1.0,1.0
207.20000000000002,1.0,1.0,1.0,1.0,1.0,1.0,1.0
207.25,1.0,1.0,1.0,1.0,1.0,1.0,1.0
207.3,1.0,1.0,1.0,1.0,1.0,1.0,1.0
207.35000000000002,1.0,1.0,1.0,1.0,1.0,1.0,1.0
207.4,1.0,1.0,1.0,1.0,1.0,1.0,1.0
207.45000000000002,1.0,1.0,1.0,1.0,1.0,1.0,1.0
207.5,1.0,1.0,1.0,1.0,1.0,1.0,1.0
207.55,1.0,1.0,1.0,1.0,1.0,1.0,1.0
207.60000000000002,1.0,1.0,1.0,1.0,1.0,1.0,1.0
207.65,1.0,1.0,1.0,1.0,1.0,1.0,1.0
207.70000000000002,1.0,1.0,1.0,1.0,1.0,1.0,1.0
207.75,1.0,1.0,1.0,1.0,1.0,1.0,1.0
207.8,1.0,1.0,1.0,1.0,1.0,1.0,1.0
207.85000000000002,1.0,1.0,1.0,1.0,1.0,1.0,1.0
207.9,1.0,1.0,1.0,1.0,1.0,1.0,1.0
207.95000000000002,1.0,1.0,1.0,1.0,1.0,1.0,1.0
208.0,1.0,1.0,1.0,1.0,1.0,1.0,1.0
208.05,1.0,1.0,1.0,1.0,1.0,1.0,1.0
208.10000000000002,1.0,1.0,1.0,1.0,1.0,1.0,1.0
208.15,1.0,1.0,1.0,1.0,1.0,1.0,1.0
208.20000000000002,1.0,1.0,1.0,1.0,1.0,1.0,1.0
208.25,1.0,1.0,1.0,1.0,1.0,1.0,1.0
208.3,1.0,1.0,1.0,1.0,1.0,1.0,1.0
208.35000000000002,1.0,1.0,1.0,1.0,1.0,1.0,1.0
208.4,1.0,1.0,1.0,1.0,1.0,1.0,1.0
208.45000000000002,1.0,1.0,1.0,1.0,1.0,1.0,1.0
208.5,1.0,1.0,1.0,1.0,1.0,1.0,1.0
208.55,1.0,1.0,1.0,1.0,1.0,1.0,1.0
208.60000000000002,1.0,1.0,1.0,1.0,1.0,1.0,1.0
208.65,1.0,1.0,1.0,1.0,1.0,1.0,1.0
208.70000000000002,1.0,1.0,1.0,1.0,1.0,1.0,1.0
208.75,1.0,1.0,1.0,1.0,1.0,1.0,1.0
208.8,1.0,1.0,1.0,1.0,1.0,1.0,1.0
208.85000000000002,1.0,1.0,1.0,1.0,1.0,1.0,1.0
208.9,1.0,1.0,1.0,1.0,1.0,1.0,1.0
208.95000000000002,1.0,1.0,1.0,1.0,1.0,1.0,1.0
209.0,1.0,1.0,1.0,1.0,1.0,1.0,1.0
209.05,1.0,1.0,1.0,1.0,1.0,1.0,1.0
209.10000000000002,1.0,1.0,1.0,1.0,1.0,1.0,1.0
209.15,1.0,1.0,1.0,1.0,1.0,1.0,1.0
209.20000000000002,1.0,1.0,1.0,1.0,1.0,1.0,1.0
209.25,1.0,1.0,1.0,1.0,1.0,1.0,1.0
209.3,1.0,1.0,1.0,1.0,1.0,1.0,1.0
209.35000000000002,1.0,1.0,1.0,1.0,1.0,1.0,1.0
209.4,1.0,1.0,1.0,1.0,1.0,1.0,1.0
209.45000000000002,1.0,1.0,1.0,1.0,1.0,1.0,1.0
209.5,1.0,1.0,1.0,1.0,1.0,1.0,1.0
209.55,1.0,1.0,1.0,1.0,1.0,1.0,1.0
209.60000000000002,1.0,1.0,1.0,1.0,1.0,1.0,1.0
209.65,1.0,1.0,1.0,1.0,1.0,1.0,1.0
209.70000000000002,1.0,1.0,1.0,1.0,1.0,1.0,1.0
209.75,1.0,1.0,1.0,1.0,1.0,1.0,1.0
209.8,1.0,1.0,1.0,1.0,1.0,1.0,1.0
209.85000000000002,1.0,1.0,1.0,1.0,1.0,1.0,1.0
209.9,1.0,1.0,1.0,1.0,1.0,1.0,1.0
209.95000000000002,1.0,1.0,1.0,1.0,1.0,1.0,1.0
210.0,1.0,1.0,1.0,1.0,1.0,1.0,1.0
210.05,1.0,1.0,1.0,1.0,1.0,1.0,1.0
210.10000000000002,1.0,1.0,1.0,1.0,1.0,1.0,1.0
210.15,1.0,1.0,1.0,1.0,1.0,1.0,1.0
210.20000000000002,1.0,1.0,1.0,1.0,1.0,1.0,1.0
210.25,1.0,1.0,1.0,1.0,1.0,1.0,1.0
210.3,1.0,1.0,1.0,1.0,1.0,1.0,1.0
210.35000000000002,1.0,1.0,1.0,1.0,1.0,1.0,1.0
210.4,1.0,1.0,1.0,1.0,1.0,1.0,1.0
210.45000000000002,1.0,1.0,1.0,1.0,1.0,1.0,1.0
210.5,1.0,1.0,1.0,1.0,1.0,1.0,1.0
210.55,1.0,1.0,1.0,1.0,1.0,1.0,1.0
210.60000000000002,1.0,1.0,1.0,1.0,1.0,1.0,1.0
210.65,1.0,1.0,1.0,1.0,1.0,1.0,1.0
210.70000000000002,1.0,1.0,1.0,1.0,1.0,1.0,1.0
210.75,1.0,1.0,1.0,1.0,1.0,1.0,1.0
210.8,1.0,1.0,1.0,1.0,1.0,1.0,1.0
210.85000000000002,1.0,1.0,1.0,1.0,1.0,1.0,1.0
210.9,1.0,1.0,1.0,1.0,1.0,1.0,1.0
210.95000000000002,1.0,1.0,1.0,1.0,1.0,1.0,1.0
211.0,1.0,1.0,1.0,1.0,1.0,1.0,1.0
211.05,1.0,1.0,1.0,1.0,1.0,1.0,1.0
211.10000000000002,1.0,1.0,1.0,1.0,1.0,1.0,1.0
211.15,1.0,1.0,1.0,1.0,1.0,1.0,1.0
211.20000000000002,1.0,1.0,1.0,1.0,1.0,1.0,1.0
211.25,1.0,1.0,1.0,1.0,1.0,1.0,1.0
211.3,1.0,1.0,1.0,1.0,1.0,1.0,1.0
211.35000000000002,1.0,1.0,1.0,1.0,1.0,1.0,1.0
211.4,1.0,1.0,1.0,1.0,1.0,1.0,1.0
211.45000000000002,1.0,1.0,1.0,1.0,1.0,1.0,1.0
211.5,1.0,1.0,1.0,1.0,1.0,1.0,1.0
211.55,1.0,1.0,1.0,1.0,1.0,1.0,1.0
211.60000000000002,1.0,1.0,1.0,1.0,1.0,1.0,1.0
211.65,1.0,1.0,1.0,1.0,1.0,1.0,1.0
211.70000000000002,1.0,1.0,1.0,1.0,1.0,1.0,1.0
211.75,1.0,1.0,1.0,1.0,1.0,1.0,1.0
211.8,1.0,1.0,1.0,1.0,1.0,1.0,1.0
211.85000000000002,1.0,1.0,1.0,1.0,1.0,1.0,1.0
211.9,1.0,1.0,1.0,1.0,1.0,1.0,1.0
211.95000000000002,1.0,1.0,1.0,1.0,1.0,1.0,1.0
212.0,1.0,1.0,1.0,1.0,1.0,1.0,1.0
212.05,1.0,1.0,1.0,1.0,1.0,1.0,1.0
212.10000000000002,1.0,1.0,1.0,1.0,1.0,1.0,1.0
212.15,1.0,1.0,1.0,1.0,1.0,1.0,1.0
212.20000000000002,1.0,1.0,1.0,1.0,1.0,1.0,1.0
212.25,1.0,1.0,1.0,1.0,1.0,1.0,1.0
212.3,1.0,1.0,1.0,1.0,1.0,1.0,1.0
212.35000000000002,1.0,1.0,1.0,1.0,1.0,1.0,1.0
212.4,1.0,1.0,1.0,1.0,1.0,1.0,1.0
212.45000000000002,1.0,1.0,1.0,1.0,1.0,1.0,1.0
212.5,1.0,1.0,1.0,1.0,1.0,1.0,1.0
212.55,1.0,1.0,1.0,1.0,1.0,1.0,1.0
212.60000000000002,1.0,1.0,1.0,1.0,1.0,1.0,1.0
212.65,1.0,1.0,1.0,1.0,1.0,1.0,1.0
212.70000000000002,1.0,1.0,1.0,1.0,1.0,1.0,1.0
212.75,1.0,1.0,1.0,1.0,1.0,1.0,1.0
212.8,1.0,1.0,1.0,1.0,1.0,1.0,1.0
212.85000000000002,1.0,1.0,1.0,1.0,1.0,1.0,1.0
212.9,1.0,1.0,1.0,1.0,1.0,1.0,1.0
212.95000000000002,1.0,1.0,1.0,1.0,1.0,1.0,1.0
213.0,1.0,1.0,1.0,1.0,1.0,1.0,1.0
213.05,1.0,1.0,1.0,1.0,1.0,1.0,1.0
213.10000000000002,1.0,1.0,1.0,1.0,1.0,1.0,1.0
213.15,1.0,1.0,1.0,1.0,1.0,1.0,1.0
213.20000000000002,1.0,1.0,1.0,1.0,1.0,1.0,1.0
213.25,1.0,1.0,1.0,1.0,1.0,1.0,1.0
213.3,1.0,1.0,1.0,1.0,1.0,1.0,1.0
213.35000000000002,1.0,1.0,1.0,1.0,1.0,1.0,1.0
213.4,1.0,1.0,1.0,1.0,1.0,1.0,1.0
213.45000000000002,1.0,1.0,1.0,1.0,1.0,1.0,1.0
213.5,1.0,1.0,1.0,1.0,1.0,1.0,1.0
213.55,1.0,1.0,1.0,1.0,1.0,1.0,1.0
213.60000000000002,1.0,1.0,1.0,1.0,1.0,1.0,1.0
213.65,1.0,1.0,1.0,1.0,1.0,1.0,1.0
213.70000000000002,1.0,1.0,1.0,1.0,1.0,1.0,1.0
213.75,1.0,1.0,1.0,1.0,1.0,1.0,1.0
213.8,1.0,1.0,1.0,1.0,1.0,1.0,1.0
213.85000000000002,1.0,1.0,1.0,1.0,1.0,1.0,1.0
213.9,1.0,1.0,1.0,1.0,1.0,1.0,1.0
213.95000000000002,1.0,1.0,1.0,1.0,1.0,1.0,1.0
214.0,1.0,1.0,1.0,1.0,1.0,1.0,1.0
214.05,1.0,1.0,1.0,1.0,1.0,1.0,1.0
214.10000000000002,1.0,1.0,1.0,1.0,1.0,1.0,1.0
214.15,1.0,1.0,1.0,1.0,1.0,1.0,1.0
214.20000000000002,1.0,1.0,1.0,1.0,1.0,1.0,1.0
214.25,1.0,1.0,1.0,1.0,1.0,1.0,1.0
214.3,1.0,1.0,1.0,1.0,1.0,1.0,1.0
214.35000000000002,1.0,1.0,1.0,1.0,1.0,1.0,1.0
214.4,1.0,1.0,1.0,1.0,1.0,1.0,1.0
214.45000000000002,1.0,1.0,1.0,1.0,1.0,1.0,1.0
214.5,1.0,1.0,1.0,1.0,1.0,1.0,1.0
214.55,1.0,1.0,1.0,1.0,1.0,1.0,1.0
214.60000000000002,1.0,1.0,1.0,1.0,1.0,1.0,1.0
214.65,1.0,1.0,1.0,1.0,1.0,1.0,1.0
214.70000000000002,1.0,1.0,1.0,1.0,1.0,1.0,1.0
214.75,1.0,1.0,1.0,1.0,1.0,1.0,1.0
214.8,1.0,1.0,1.0,1.0,1.0,1.0,1.0
214.85000000000002,1.0,1.0,1.0,1.0,1.0,1.0,1.0
214.9,1.0,1.0,1.0,1.0,1.0,1.0,1.0
214.95000000000002,1.0,1.0,1.0,1.0,1.0,1.0,1.0
215.0,1.0,1.0,1.0,1.0,1.0,1.0,1.0
215.05,1.0,1.0,1.0,1.0,1.0,1.0,1.0
215.10000000000002,1.0,1.0,1.0,1.0,1.0,1.0,1.0
215.15,1.0,1.0,1.0,1.0,1.0,1.0,1.0
215.20000000000002,1.0,1.0,1.0,1.0,1.0,1.0,1.0
215.25,1.0,1.0,1.0,1.0,1.0,1.0,1.0
215.3,1.0,1.0,1.0,1.0,1.0,1.0,1.0
215.35000000000002,1.0,1.0,1.0,1.0,1.0,1.0,1.0
215.4,1.0,1.0,1.0,1.0,1.0,1.0,1.0
215.45000000000002,1.0,1.0,1.0,1.0,1.0,1.0,1.0
215.5,1.0,1.0,1.0,1.0,1.0,1.0,1.0
215.55,1.0,1.0,1.0,1.0,1.0,1.0,1.0
215.60000000000002,1.0,1.0,1.0,1.0,1.0,1.0,1.0
215.65,1.0,1.0,1.0,1.0,1.0,1.0,1.0
215.70000000000002,1.0,1.0,1.0,1.0,1.0,1.0,1.0
215.75,1.0,1.0,1.0,1.0,1.0,1.0,1.0
215.8,1.0,1.0,1.0,1.0,1.0,1.0,1.0
215.85000000000002,1.0,1.0,1.0,1.0,1.0,1.0,1.0
215.9,1.0,1.0,1.0,1.0,1.0,1.0,1.0
215.95000000000002,1.0,1.0,1.0,1.0,1.0,1.0,1.0
216.0,1.0,1.0,1.0,1.0,1.0,1.0,1.0
216.05,1.0,1.0,1.0,1.0,1.0,1.0,1.0
216.10000000000002,1.0,1.0,1.0,1.0,1.0,1.0,1.0
216.15,1.0,1.0,1.0,1.0,1.0,1.0,1.0
216.20000000000002,1.0,1.0,1.0,1.0,1.0,1.0,1.0
216.25,1.0,1.0,1.0,1.0,1.0,1.0,1.0
216.3,1.0,1.0,1.0,1.0,1.0,1.0,1.0
216.35000000000002,1.0,1.0,1.0,1.0,1.0,1.0,1.0
216.4,1.0,1.0,1.0,1.0,1.0,1.0,1.0
216.45000000000002,1.0,1.0,1.0,1.0,1.0,1.0,1.0
216.5,1.0,1.0,1.0,1.0,1.0,1.0,1.0
216.55,1.0,1.0,1.0,1.0,1.0,1.0,1.0
216.60000000000002,1.0,1.0,1.0,1.0,1.0,1.0,1.0
216.65,1.0,1.0,1.0,1.0,1.0,1.0,1.0
216.70000000000002,1.0,1.0,1.0,1.0,1.0,1.0,1.0
216.75,1.0,1.0,1.0,1.0,1.0,1.0,1.0
216.8,1.0,1.0,1.0,1.0,1.0,1.0,1.0
216.85000000000002,1.0,1.0,1.0,1.0,1.0,1.0,1.0
216.9,1.0,1.0,1.0,1.0,1.0,1.0,1.0
216.95000000000002,1.0,1.0,1.0,1.0,1.0,1.0,1.0
217.0,1.0,1.0,1.0,1.0,1.0,1.0,1.0
217.05,1.0,1.0,1.0,1.0,1.0,1.0,1.0
217.10000000000002,1.0,1.0,1.0,1.0,1.0,1.0,1.0
217.15,1.0,1.0,1.0,1.0,1.0,1.0,1.0
217.20000000000002,1.0,1.0,1.0,1.0,1.0,1.0,1.0
217.25,1.0,1.0,1.0,1.0,1.0,1.0,1.0
217.3,1.0,1.0,1.0,1.0,1.0,1.0,1.0
217.35000000000002,1.0,1.0,1.0,1.0,1.0,1.0,1.0
217.4,1.0,1.0,1.0,1.0,1.0,1.0,1.0
217.45000000000002,1.0,1.0,1.0,1.0,1.0,1.0,1.0
217.5,1.0,1.0,1.0,1.0,1.0,1.0,1.0
217.55,1.0,1.0,1.0,1.0,1.0,1.0,1.0
217.60000000000002,1.0,1.0,1.0,1.0,1.0,1.0,1.0
217.65,1.0,1.0,1.0,1.0,1.0,1.0,1.0
217.70000000000002,1.0,1.0,1.0,1.0,1.0,1.0,1.0
217.75,1.0,1.0,1.0,1.0,1.0,1.0,1.0
217.8,1.0,1.0,1.0,1.0,1.0,1.0,1.0
217.85000000000002,1.0,1.0,1.0,1.0,1.0,1.0,1.0
217.9,1.0,1.0,1.0,1.0,1.0,1.0,1.0
217.95000000000002,1.0,1.0,1.0,1.0,1.0,1.0,1.0
218.0,1.0,1.0,1.0,1.0,1.0,1.0,1.0
218.05,1.0,1.0,1.0,1.0,1.0,1.0,1.0
218.10000000000002,1.0,1.0,1.0,1.0,1.0,1.0,1.0
218.15,1.0,1.0,1.0,1.0,1.0,1.0,1.0
218.20000000000002,1.0,1.0,1.0,1.0,1.0,1.0,1.0
218.25,1.0,1.0,1.0,1.0,1.0,1.0,1.0
218.3,1.0,1.0,1.0,1.0,1.0,1.0,1.0
218.35000000000002,1.0,1.0,1.0,1.0,1.0,1.0,1.0
218.4,1.0,1.0,1.0,1.0,1.0,1.0,1.0
218.45000000000002,1.0,1.0,1.0,1.0,1.0,1.0,1.0
218.5,1.0,1.0,1.0,1.0,1.0,1.0,1.0
218.55,1.0,1.0,1.0,1.0,1.0,1.0,1.0
218.60000000000002,1.0,1.0,1.0,1.0,1.0,1.0,1.0
218.65,1.0,1.0,1.0,1.0,1.0,1.0,1.0
218.70000000000002,1.0,1.0,1.0,1.0,1.0,1.0,1.0
218.75,1.0,1.0,1.0,1.0,1.0,1.0,1.0
218.8,1.0,1.0,1.0,1.0,1.0,1.0,1.0
218.85000000000002,1.0,1.0,1.0,1.0,1.0,1.0,1.0
218.9,1.0,1.0,1.0,1.0,1.0,1.0,1.0
218.95000000000002,1.0,1.0,1.0,1.0,1.0,1.0,1.0
219.0,1.0,1.0,1.0,1.0,1.0,1.0,1.0
219.05,1.0,1.0,1.0,1.0,1.0,1.0,1.0
219.10000000000002,1.0,1.0,1.0,1.0,1.0,1.0,1.0
219.15,1.0,1.0,1.0,1.0,1.0,1.0,1.0
219.20000000000002,1.0,1.0,1.0,1.0,1.0,1.0,1.0
219.25,1.0,1.0,1.0,1.0,1.0,1.0,1.0
219.3,1.0,1.0,1.0,1.0,1.0,1.0,1.0
219.35000000000002,1.0,1.0,1.0,1.0,1.0,1.0,1.0
219.4,1.0,1.0,1.0,1.0,1.0,1.0,1.0
219.45000000000002,1.0,1.0,1.0,1.0,1.0,1.0,1.0
219.5,1.0,1.0,1.0,1.0,1.0,1.0,1.0
219.55,1.0,1.0,1.0,1.0,1.0,1.0,1.0
219.60000000000002,1.0,1.0,1.0,1.0,1.0,1.0,1.0
219.65,1.0,1.0,1.0,1.0,1.0,1.0,1.0
219.70000000000002,1.0,1.0,1.0,1.0,1.0,1.0,1.0
219.75,1.0,1.0,1.0,1.0,1.0,1.0,1.0
219.8,1.0,1.0,1.0,1.0,1.0,1.0,1.0
219.85000000000002,1.0,1.0,1.0,1.0,1.0,1.0,1.0
219.9,1.0,1.0,1.0,1.0,1.0,1.0,1.0
219.95000000000002,1.0,1.0,1.0,1.0,1.0,1.0,1.0
220.0,1.0,1.0,1.0,1.0,1.0,1.0,1.0
220.05,1.0,1.0,1.0,1.0,1.0,1.0,1.0
220.10000000000002,1.0,1.0,1.0,1.0,1.0,1.0,1.0
220.15,1.0,1.0,1.0,1.0,1.0,1.0,1.0
220.20000000000002,1.0,1.0,1.0,1.0,1.0,1.0,1.0
220.25,1.0,1.0,1.0,1.0,1.0,1.0,1.0
220.3,1.0,1.0,1.0,1.0,1.0,1.0,1.0
220.35000000000002,1.0,1.0,1.0,1.0,1.0,1.0,1.0
220.4,1.0,1.0,1.0,1.0,1.0,1.0,1.0
220.45000000000002,1.0,1.0,1.0,1.0,1.0,1.0,1.0
220.5,1.0,1.0,1.0,1.0,1.0,1.0,1.0
220.55,1.0,1.0,1.0,1.0,1.0,1.0,1.0
220.60000000000002,1.0,1.0,1.0,1.0,1.0,1.0,1.0
220.65,1.0,1.0,1.0,1.0,1.0,1.0,1.0
220.70000000000002,1.0,1.0,1.0,1.0,1.0,1.0,1.0
220.75,1.0,1.0,1.0,1.0,1.0,1.0,1.0
220.8,1.0,1.0,1.0,1.0,1.0,1.0,1.0
220.85000000000002,1.0,1.0,1.0,1.0,1.0,1.0,1.0
220.9,1.0,1.0,1.0,1.0,1.0,1.0,1.0
220.95000000000002,1.0,1.0,1.0,1.0,1.0,1.0,1.0
221.0,1.0,1.0,1.0,1.0,1.0,1.0,1.0
221.05,1.0,1.0,1.0,1.0,1.0,1.0,1.0
221.10000000000002,1.0,1.0,1.0,1.0,1.0,1.0,1.0
221.15,1.0,1.0,1.0,1.0,1.0,1.0,1.0
221.20000000000002,1.0,1.0,1.0,1.0,1.0,1.0,1.0
221.25,1.0,1.0,1.0,1.0,1.0,1.0,1.0
221.3,1.0,1.0,1.0,1.0,1.0,1.0,1.0
221.35000000000002,1.0,1.0,1.0,1.0,1.0,1.0,1.0
221.4,1.0,1.0,1.0,1.0,1.0,1.0,1.0
221.45000000000002,1.0,1.0,1.0,1.0,1.0,1.0,1.0
221.5,1.0,1.0,1.0,1.0,1.0,1.0,1.0
221.55,1.0,1.0,1.0,1.0,1.0,1.0,1.0
221.60000000000002,1.0,1.0,1.0,1.0,1.0,1.0,1.0
221.65,1.0,1.0,1.0,1.0,1.0,1.0,1.0
221.70000000000002,1.0,1.0,1.0,1.0,1.0,1.0,1.0
221.75,1.0,1.0,1.0,1.0,1.0,1.0,1.0
221.8,1.0,1.0,1.0,1.0,1.0,1.0,1.0
221.85000000000002,1.0,1.0,1.0,1.0,1.0,1.0,1.0
221.9,1.0,1.0,1.0,1.0,1.0,1.0,1.0
221.95000000000002,1.0,1.0,1.0,1.0,1.0,1.0,1.0
222.0,1.0,1.0,1.0,1.0,1.0,1.0,1.0
222.05,1.0,1.0,1.0,1.0,1.0,1.0,1.0
222.10000000000002,1.0,1.0,1.0,1.0,1.0,1.0,1.0
222.15,1.0,1.0,1.0,1.0,1.0,1.0,1.0
222.20000000000002,1.0,1.0,1.0,1.0,1.0,1.0,1.0
222.25,1.0,1.0,1.0,1.0,1.0,1.0,1.0
222.3,1.0,1.0,1.0,1.0,1.0,1.0,1.0
222.35000000000002,1.0,1.0,1.0,1.0,1.0,1.0,1.0
222.4,1.0,1.0,1.0,1.0,1.0,1.0,1.0
222.45000000000002,1.0,1.0,1.0,1.0,1.0,1.0,1.0
222.5,1.0,1.0,1.0,1.0,1.0,1.0,1.0
222.55,1.0,1.0,1.0,1.0,1.0,1.0,1.0
222.60000000000002,1.0,1.0,1.0,1.0,1.0,1.0,1.0
222.65,1.0,1.0,1.0,1.0,1.0,1.0,1.0
222.70000000000002,1.0,1.0,1.0,1.0,1.0,1.0,1.0
222.75,1.0,1.0,1.0,1.0,1.0,1.0,1.0
222.8,1.0,1.0,1.0,1.0,1.0,1.0,1.0
222.85000000000002,1.0,1.0,1.0,1.0,1.0,1.0,1.0
222.9,1.0,1.0,1.0,1.0,1.0,1.0,1.0
222.95000000000002,1.0,1.0,1.0,1.0,1.0,1.0,1.0
223.0,1.0,1.0,1.0,1.0,1.0,1.0,1.0
223.05,1.0,1.0,1.0,1.0,1.0,1.0,1.0
223.10000000000002,1.0,1.0,1.0,1.0,1.0,1.0,1.0
223.15,1.0,1.0,1.0,1.0,1.0,1.0,1.0
223.20000000000002,1.0,1.0,1.0,1.0,1.0,1.0,1.0
223.25,1.0,1.0,1.0,1.0,1.0,1.0,1.0
223.3,1.0,1.0,1.0,1.0,1.0,1.0,1.0
223.35000000000002,1.0,1.0,1.0,1.0,1.0,1.0,1.0
223.4,1.0,1.0,1.0,1.0,1.0,1.0,1.0
223.45000000000002,1.0,1.0,1.0,1.0,1.0,1.0,1.0
223.5,1.0,1.0,1.0,1.0,1.0,1.0,1.0
223.55,1.0,1.0,1.0,1.0,1.0,1.0,1.0
223.60000000000002,1.0,1.0,1.0,1.0,1.0,1.0,1.0
223.65,1.0,1.0,1.0,1.0,1.0,1.0,1.0
223.70000000000002,1.0,1.0,1.0,1.0,1.0,1.0,1.0
223.75,1.0,1.0,1.0,1.0,1.0,1.0,1.0
223.8,1.0,1.0,1.0,1.0,1.0,1.0,1.0
223.85000000000002,1.0,1.0,1.0,1.0,1.0,1.0,1.0
223.9,1.0,1.0,1.0,1.0,1.0,1.0,1.0
223.95000000000002,1.0,1.0,1.0,1.0,1.0,1.0,1.0
224.0,1.0,1.0,1.0,1.0,1.0,1.0,1.0
224.05,1.0,1.0,1.0,1.0,1.0,1.0,1.0
224.10000000000002,1.0,1.0,1.0,1.0,1.0,1.0,1.0
224.15,1.0,1.0,1.0,1.0,1.0,1.0,1.0
224.20000000000002,1.0,1.0,1.0,1.0,1.0,1.0,1.0
224.25,1.0,1.0,1.0,1.0,1.0,1.0,1.0
224.3,1.0,1.0,1.0,1.0,1.0,1.0,1.0
224.35000000000002,1.0,1.0,1.0,1.0,1.0,1.0,1.0
224.4,1.0,1.0,1.0,1.0,1.0,1.0,1.0
224.45000000000002,1.0,1.0,1.0,1.0,1.0,1.0,1.0
224.5,1.0,1.0,1.0,1.0,1.0,1.0,1.0
224.55,1.0,1.0,1.0,1.0,1.0,1.0,1.0
224.60000000000002,1.0,1.0,1.0,1.0,1.0,1.0,1.0
224.65,1.0,1.0,1.0,1.0,1.0,1.0,1.0
224.70000000000002,1.0,1.0,1.0,1.0,1.0,1.0,1.0
224.75,1.0,1.0,1.0,1.0,1.0,1.0,1.0
224.8,1.0,1.0,1.0,1.0,1.0,1.0,1.0
224.85000000000002,1.0,1.0,1.0,1.0,1.0,1.0,1.0
224.9,1.0,1.0,1.0,1.0,1.0,1.0,1.0
224.95000000000002,1.0,1.0,1.0,1.0,1.0,1.0,1.0
225.0,1.0,1.0,1.0,1.0,1.0,1.0,1.0
225.05,1.0,1.0,1.0,1.0,1.0,1.0,1.0
225.10000000000002,1.0,1.0,1.0,1.0,1.0,1.0,1.0
225.15,1.0,1.0,1.0,1.0,1.0,1.0,1.0
225.20000000000002,1.0,1.0,1.0,1.0,1.0,1.0,1.0
225.25,1.0,1.0,1.0,1.0,1.0,1.0,1.0
225.3,1.0,1.0,1.0,1.0,1.0,1.0,1.0
225.35000000000002,1.0,1.0,1.0,1.0,1.0,1.0,1.0
225.4,1.0,1.0,1.0,1.0,1.0,1.0,1.0
225.45000000000002,1.0,1.0,1.0,1.0,1.0,1.0,1.0
225.5,1.0,1.0,1.0,1.0,1.0,1.0,1.0
225.55,1.0,1.0,1.0,1.0,1.0,1.0,1.0
225.60000000000002,1.0,1.0,1.0,1.0,1.0,1.0,1.0
225.65,1.0,1.0,1.0,1.0,1.0,1.0,1.0
225.70000000000002,1.0,1.0,1.0,1.0,1.0,1.0,1.0
225.75,1.0,1.0,1.0,1.0,1.0,1.0,1.0
225.8,1.0,1.0,1.0,1.0,1.0,1.0,1.0
225.85000000000002,1.0,1.0,1.0,1.0,1.0,1.0,1.0
225.9,1.0,1.0,1.0,1.0,1.0,1.0,1.0
225.95000000000002,1.0,1.0,1.0,1.0,1.0,1.0,1.0
226.0,1.0,1.0,1.0,1.0,1.0,1.0,1.0
226.05,1.0,1.0,1.0,1.0,1.0,1.0,1.0
226.10000000000002,1.0,1.0,1.0,1.0,1.0,1.0,1.0
226.15,1.0,1.0,1.0,1.0,1.0,1.0,1.0
226.20000000000002,1.0,1.0,1.0,1.0,1.0,1.0,1.0
226.25,1.0,1.0,1.0,1.0,1.0,1.0,1.0
226.3,1.0,1.0,1.0,1.0,1.0,1.0,1.0
226.35000000000002,1.0,1.0,1.0,1.0,1.0,1.0,1.0
226.4,1.0,1.0,1.0,1.0,1.0,1.0,1.0
226.45000000000002,1.0,1.0,1.0,1.0,1.0,1.0,1.0
226.5,1.0,1.0,1.0,1.0,1.0,1.0,1.0
226.55,1.0,1.0,1.0,1.0,1.0,1.0,1.0
226.60000000000002,1.0,1.0,1.0,1.0,1.0,1.0,1.0
226.65,1.0,1.0,1.0,1.0,1.0,1.0,1.0
226.70000000000002,1.0,1.0,1.0,1.0,1.0,1.0,1.0
226.75,1.0,1.0,1.0,1.0,1.0,1.0,1.0
226.8,1.0,1.0,1.0,1.0,1.0,1.0,1.0
226.85000000000002,1.0,1.0,1.0,1.0,1.0,1.0,1.0
226.9,1.0,1.0,1.0,1.0,1.0,1.0,1.0
226.95000000000002,1.0,1.0,1.0,1.0,1.0,1.0,1.0
227.0,1.0,1.0,1.0,1.0,1.0,1.0,1.0
227.05,1.0,1.0,1.0,1.0,1.0,1.0,1.0
227.10000000000002,1.0,1.0,1.0,1.0,1.0,1.0,1.0
227.15,1.0,1.0,1.0,1.0,1.0,1.0,1.0
227.20000000000002,1.0,1.0,1.0,1.0,1.0,1.0,1.0
227.25,1.0,1.0,1.0,1.0,1.0,1.0,1.0
227.3,1.0,1.0,1.0,1.0,1.0,1.0,1.0
227.35000000000002,1.0,1.0,1.0,1.0,1.0,1.0,1.0
227.4,1.0,1.0,1.0,1.0,1.0,1.0,1.0
227.45000000000002,1.0,1.0,1.0,1.0,1.0,1.0,1.0
227.5,1.0,1.0,1.0,1.0,1.0,1.0,1.0
227.55,1.0,1.0,1.0,1.0,1.0,1.0,1.0
227.60000000000002,1.0,1.0,1.0,1.0,1.0,1.0,1.0
227.65,1.0,1.0,1.0,1.0,1.0,1.0,1.0
227.70000000000002,1.0,1.0,1.0,1.0,1.0,1.0,1.0
227.75,1.0,1.0,1.0,1.0,1.0,1.0,1.0
227.8,1.0,1.0,1.0,1.0,1.0,1.0,1.0
227.85000000000002,1.0,1.0,1.0,1.0,1.0,1.0,1.0
227.9,1.0,1.0,1.0,1.0,1.0,1.0,1.0
227.95000000000002,1.0,1.0,1.0,1.0,1.0,1.0,1.0
228.0,1.0,1.0,1.0,1.0,1.0,1.0,1.0
228.05,1.0,1.0,1.0,1.0,1.0,1.0,1.0
228.10000000000002,1.0,1.0,1.0,1.0,1.0,1.0,1.0
228.15,1.0,1.0,1.0,1.0,1.0,1.0,1.0
228.20000000000002,1.0,1.0,1.0,1.0,1.0,1.0,1.0
228.25,1.0,1.0,1.0,1.0,1.0,1.0,1.0
228.3,1.0,1.0,1.0,1.0,1.0,1.0,1.0
228.35000000000002,1.0,1.0,1.0,1.0,1.0,1.0,1.0
228.4,1.0,1.0,1.0,1.0,1.0,1.0,1.0
228.45000000000002,1.0,1.0,1.0,1.0,1.0,1.0,1.0
228.5,1.0,1.0,1.0,1.0,1.0,1.0,1.0
228.55,1.0,1.0,1.0,1.0,1.0,1.0,1.0
228.60000000000002,1.0,1.0,1.0,1.0,1.0,1.0,1.0
228.65,1.0,1.0,1.0,1.0,1.0,1.0,1.0
228.70000000000002,1.0,1.0,1.0,1.0,1.0,1.0,1.0
228.75,1.0,1.0,1.0,1.0,1.0,1.0,1.0
228.8,1.0,1.0,1.0,1.0,1.0,1.0,1.0
228.85000000000002,1.0,1.0,1.0,1.0,1.0,1.0,1.0
228.9,1.0,1.0,1.0,1.0,1.0,1.0,1.0
228.95000000000002,1.0,1.0,1.0,1.0,1.0,1.0,1.0
229.0,1.0,1.0,1.0,1.0,1.0,1.0,1.0
229.05,1.0,1.0,1.0,1.0,1.0,1.0,1.0
229.10000000000002,1.0,1.0,1.0,1.0,1.0,1.0,1.0
229.15,1.0,1.0,1.0,1.0,1.0,1.0,1.0
229.20000000000002,1.0,1.0,1.0,1.0,1.0,1.0,1.0
229.25,1.0,1.0,1.0,1.0,1.0,1.0,1.0
229.3,1.0,1.0,1.0,1.0,1.0,1.0,1.0
229.35000000000002,1.0,1.0,1.0,1.0,1.0,1.0,1.0
229.4,1.0,1.0,1.0,1.0,1.0,1.0,1.0
229.45000000000002,1.0,1.0,1.0,1.0,1.0,1.0,1.0
229.5,1.0,1.0,1.0,1.0,1.0,1.0,1.0
229.55,1.0,1.0,1.0,1.0,1.0,1.0,1.0
229.60000000000002,1.0,1.0,1.0,1.0,1.0,1.0,1.0
229.65,1.0,1.0,1.0,1.0,1.0,1.0,1.0
229.70000000000002,1.0,1.0,1.0,1.0,1.0,1.0,1.0
229.75,1.0,1.0,1.0,1.0,1.0,1.0,1.0
229.8,1.0,1.0,1.0,1.0,1.0,1.0,1.0
229.85000000000002,1.0,1.0,1.0,1.0,1.0,1.0,1.0
229.9,1.0,1.0,1.0,1.0,1.0,1.0,1.0
229.95000000000002,1.0,1.0,1.0,1.0,1.0,1.0,1.0
230.0,1.0,1.0,1.0,1.0,1.0,1.0,1.0
230.05,1.0,1.0,1.0,1.0,1.0,1.0,1.0
230.10000000000002,1.0,1.0,1.0,1.0,1.0,1.0,1.0
230.15,1.0,1.0,1.0,1.0,1.0,1.0,1.0
230.20000000000002,1.0,1.0,1.0,1.0,1.0,1.0,1.0
230.25,1.0,1.0,1.0,1.0,1.0,1.0,1.0
230.3,1.0,1.0,1.0,1.0,1.0,1.0,1.0
230.35000000000002,1.0,1.0,1.0,1.0,1.0,1.0,1.0
230.4,1.0,1.0,1.0,1.0,1.0,1.0,1.0
230.45000000000002,1.0,1.0,1.0,1.0,1.0,1.0,1.0
230.5,1.0,1.0,1.0,1.0,1.0,1.0,1.0
230.55,1.0,1.0,1.0,1.0,1.0,1.0,1.0
230.60000000000002,1.0,1.0,1.0,1.0,1.0,1.0,1.0
230.65,1.0,1.0,1.0,1.0,1.0,1.0,1.0
230.70000000000002,1.0,1.0,1.0,1.0,1.0,1.0,1.0
230.75,1.0,1.0,1.0,1.0,1.0,1.0,1.0
230.8,1.0,1.0,1.0,1.0,1.0,1.0,1.0
230.85000000000002,1.0,1.0,1.0,1.0,1.0,1.0,1.0
230.9,1.0,1.0,1.0,1.0,1.0,1.0,1.0
230.95000000000002,1.0,1.0,1.0,1.0,1.0,1.0,1.0
231.0,1.0,1.0,1.0,1.0,1.0,1.0,1.0
231.05,1.0,1.0,1.0,1.0,1.0,1.0,1.0
231.10000000000002,1.0,1.0,1.0,1.0,1.0,1.0,1.0
231.15,1.0,1.0,1.0,1.0,1.0,1.0,1.0
231.20000000000002,1.0,1.0,1.0,1.0,1.0,1.0,1.0
231.25,1.0,1.0,1.0,1.0,1.0,1.0,1.0
231.3,1.0,1.0,1.0,1.0,1.0,1.0,1.0
231.35000000000002,1.0,1.0,1.0,1.0,1.0,1.0,1.0
231.4,1.0,1.0,1.0,1.0,1.0,1.0,1.0
231.45000000000002,1.0,1.0,1.0,1.0,1.0,1.0,1.0
231.5,1.0,1.0,1.0,1.0,1.0,1.0,1.0
231.55,1.0,1.0,1.0,1.0,1.0,1.0,1.0
231.60000000000002,1.0,1.0,1.0,1.0,1.0,1.0,1.0
231.65,1.0,1.0,1.0,1.0,1.0,1.0,1.0
231.70000000000002,1.0,1.0,1.0,1.0,1.0,1.0,1.0
231.75,1.0,1.0,1.0,1.0,1.0,1.0,1.0
231.8,1.0,1.0,1.0,1.0,1.0,1.0,1.0
231.85000000000002,1.0,1.0,1.0,1.0,1.0,1.0,1.0
231.9,1.0,1.0,1.0,1.0,1.0,1.0,1.0
231.95000000000002,1.0,1.0,1.0,1.0,1.0,1.0,1.0
232.0,1.0,1.0,1.0,1.0,1.0,1.0,1.0
232.05,1.0,1.0,1.0,1.0,1.0,1.0,1.0
232.10000000000002,1.0,1.0,1.0,1.0,1.0,1.0,1.0
232.15,1.0,1.0,1.0,1.0,1.0,1.0,1.0
232.20000000000002,1.0,1.0,1.0,1.0,1.0,1.0,1.0
232.25,1.0,1.0,1.0,1.0,1.0,1.0,1.0
232.3,1.0,1.0,1.0,1.0,1.0,1.0,1.0
232.35000000000002,1.0,1.0,1.0,1.0,1.0,1.0,1.0
232.4,1.0,1.0,1.0,1.0,1.0,1.0,1.0
232.45000000000002,1.0,1.0,1.0,1.0,1.0,1.0,1.0
232.5,1.0,1.0,1.0,1.0,1.0,1.0,1.0
232.55,1.0,1.0,1.0,1.0,1.0,1.0,1.0
232.60000000000002,1.0,1.0,1.0,1.0,1.0,1.0,1.0
232.65,1.0,1.0,1.0,1.0,1.0,1.0,1.0
232.70000000000002,1.0,1.0,1.0,1.0,1.0,1.0,1.0
232.75,1.0,1.0,1.0,1.0,1.0,1.0,1.0
232.8,1.0,1.0,1.0,1.0,1.0,1.0,1.0
232.85000000000002,1.0,1.0,1.0,1.0,1.0,1.0,1.0
232.9,1.0,1.0,1.0,1.0,1.0,1.0,1.0
232.95000000000002,1.0,1.0,1.0,1.0,1.0,1.0,1.0
233.0,1.0,1.0,1.0,1.0,1.0,1.0,1.0
233.05,1.0,1.0,1.0,1.0,1.0,1.0,1.0
233.10000000000002,1.0,1.0,1.0,1.0,1.0,1.0,1.0
233.15,1.0,1.0,1.0,1.0,1.0,1.0,1.0
233.20000000000002,1.0,1.0,1.0,1.0,1.0,1.0,1.0
233.25,1.0,1.0,1.0,1.0,1.0,1.0,1.0
233.3,1.0,1.0,1.0,1.0,1.0,1.0,1.0
233.35000000000002,1.0,1.0,1.0,1.0,1.0,1.0,1.0
233.4,1.0,1.0,1.0,1.0,1.0,1.0,1.0
233.45000000000002,1.0,1.0,1.0,1.0,1.0,1.0,1.0
233.5,1.0,1.0,1.0,1.0,1.0,1.0,1.0
233.55,1.0,1.0,1.0,1.0,1.0,1.0,1.0
233.60000000000002,1.0,1.0,1.0,1.0,1.0,1.0,1.0
233.65,1.0,1.0,1.0,1.0,1.0,1.0,1.0
233.70000000000002,1.0,1.0,1.0,1.0,1.0,1.0,1.0
233.75,1.0,1.0,1.0,1.0,1.0,1.0,1.0
233.8,1.0,1.0,1.0,1.0,1.0,1.0,1.0
233.85000000000002,1.0,1.0,1.0,1.0,1.0,1.0,1.0
233.9,1.0,1.0,1.0,1.0,1.0,1.0,1.0
233.95000000000002,1.0,1.0,1.0,1.0,1.0,1.0,1.0
234.0,1.0,1.0,1.0,1.0,1.0,1.0,1.0
234.05,1.0,1.0,1.0,1.0,1.0,1.0,1.0
234.10000000000002,1.0,1.0,1.0,1.0,1.0,1.0,1.0
234.15,1.0,1.0,1.0,1.0,1.0,1.0,1.0
234.20000000000002,1.0,1.0,1.0,1.0,1.0,1.0,1.0
234.25,1.0,1.0,1.0,1.0,1.0,1.0,1.0
234.3,1.0,1.0,1.0,1.0,1.0,1.0,1.0
234.35000000000002,1.0,1.0,1.0,1.0,1.0,1.0,1.0
234.4,1.0,1.0,1.0,1.0,1.0,1.0,1.0
234.45000000000002,1.0,1.0,1.0,1.0,1.0,1.0,1.0
234.5,1.0,1.0,1.0,1.0,1.0,1.0,1.0
234.55,1.0,1.0,1.0,1.0,1.0,1.0,1.0
234.60000000000002,1.0,1.0,1.0,1.0,1.0,1.0,1.0
234.65,1.0,1.0,1.0,1.0,1.0,1.0,1.0
234.70000000000002,1.0,1.0,1.0,1.0,1.0,1.0,1.0
234.75,1.0,1.0,1.0,1.0,1.0,1.0,1.0
234.8,1.0,1.0,1.0,1.0,1.0,1.0,1.0
234.85000000000002,1.0,1.0,1.0,1.0,1.0,1.0,1.0
234.9,1.0,1.0,1.0,1.0,1.0,1.0,1.0
234.95000000000002,1.0,1.0,1.0,1.0,1.0,1.0,1.0
235.0,1.0,1.0,1.0,1.0,1.0,1.0,1.0
235.05,1.0,1.0,1.0,1.0,1.0,1.0,1.0
235.10000000000002,1.0,1.0,1.0,1.0,1.0,1.0,1.0
235.15,1.0,1.0,1.0,1.0,1.0,1.0,1.0
235.20000000000002,1.0,1.0,1.0,1.0,1.0,1.0,1.0
235.25,1.0,1.0,1.0,1.0,1.0,1.0,1.0
235.3,1.0,1.0,1.0,1.0,1.0,1.0,1.0
235.35000000000002,1.0,1.0,1.0,1.0,1.0,1.0,1.0
235.4,1.0,1.0,1.0,1.0,1.0,1.0,1.0
235.45000000000002,1.0,1.0,1.0,1.0,1.0,1.0,1.0
235.5,1.0,1.0,1.0,1.0,1.0,1.0,1.0
235.55,1.0,1.0,1.0,1.0,1.0,1.0,1.0
235.60000000000002,1.0,1.0,1.0,1.0,1.0,1.0,1.0
235.65,1.0,1.0,1.0,1.0,1.0,1.0,1.0
235.70000000000002,1.0,1.0,1.0,1.0,1.0,1.0,1.0
235.75,1.0,1.0,1.0,1.0,1.0,1.0,1.0
235.8,1.0,1.0,1.0,1.0,1.0,1.0,1.0
235.85000000000002,1.0,1.0,1.0,1.0,1.0,1.0,1.0
235.9,1.0,1.0,1.0,1.0,1.0,1.0,1.0
235.95000000000002,1.0,1.0,1.0,1.0,1.0,1.0,1.0
236.0,1.0,1.0,1.0,1.0,1.0,1.0,1.0
236.05,1.0,1.0,1.0,1.0,1.0,1.0,1.0
236.10000000000002,1.0,1.0,1.0,1.0,1.0,1.0,1.0
236.15,1.0,1.0,1.0,1.0,1.0,1.0,1.0
236.20000000000002,1.0,1.0,1.0,1.0,1.0,1.0,1.0
236.25,1.0,1.0,1.0,1.0,1.0,1.0,1.0
236.3,1.0,1.0,1.0,1.0,1.0,1.0,1.0
236.35000000000002,1.0,1.0,1.0,1.0,1.0,1.0,1.0
236.4,1.0,1.0,1.0,1.0,1.0,1.0,1.0
236.45000000000002,1.0,1.0,1.0,1.0,1.0,1.0,1.0
236.5,1.0,1.0,1.0,1.0,1.0,1.0,1.0
236.55,1.0,1.0,1.0,1.0,1.0,1.0,1.0
236.60000000000002,1.0,1.0,1.0,1.0,1.0,1.0,1.0
236.65,1.0,1.0,1.0,1.0,1.0,1.0,1.0
236.70000000000002,1.0,1.0,1.0,1.0,1.0,1.0,1.0
236.75,1.0,1.0,1.0,1.0,1.0,1.0,1.0
236.8,1.0,1.0,1.0,1.0,1.0,1.0,1.0
236.85000000000002,1.0,1.0,1.0,1.0,1.0,1.0,1.0
236.9,1.0,1.0,1.0,1.0,1.0,1.0,1.0
236.95000000000002,1.0,1.0,1.0,1.0,1.0,1.0,1.0
237.0,1.0,1.0,1.0,1.0,1.0,1.0,1.0
237.05,1.0,1.0,1.0,1.0,1.0,1.0,1.0
237.10000000000002,1.0,1.0,1.0,1.0,1.0,1.0,1.0
237.15,1.0,1.0,1.0,1.0,1.0,1.0,1.0
237.20000000000002,1.0,1.0,1.0,1.0,1.0,1.0,1.0
237.25,1.0,1.0,1.0,1.0,1.0,1.0,1.0
237.3,1.0,1.0,1.0,1.0,1.0,1.0,1.0
237.35000000000002,1.0,1.0,1.0,1.0,1.0,1.0,1.0
237.4,1.0,1.0,1.0,1.0,1.0,1.0,1.0
237.45000000000002,1.0,1.0,1.0,1.0,1.0,1.0,1.0
237.5,1.0,1.0,1.0,1.0,1.0,1.0,1.0
237.55,1.0,1.0,1.0,1.0,1.0,1.0,1.0
237.60000000000002,1.0,1.0,1.0,1.0,1.0,1.0,1.0
237.65,1.0,1.0,1.0,1.0,1.0,1.0,1.0
237.70000000000002,1.0,1.0,1.0,1.0,1.0,1.0,1.0
237.75,1.0,1.0,1.0,1.0,1.0,1.0,1.0
237.8,1.0,1.0,1.0,1.0,1.0,1.0,1.0
237.85000000000002,1.0,1.0,1.0,1.0,1.0,1.0,1.0
237.9,1.0,1.0,1.0,1.0,1.0,1.0,1.0
237.95000000000002,1.0,1.0,1.0,1.0,1.0,1.0,1.0
238.0,1.0,1.0,1.0,1.0,1.0,1.0,1.0
238.05,1.0,1.0,1.0,1.0,1.0,1.0,1.0
238.10000000000002,1.0,1.0,1.0,1.0,1.0,1.0,1.0
238.15,1.0,1.0,1.0,1.0,1.0,1.0,1.0
238.20000000000002,1.0,1.0,1.0,1.0,1.0,1.0,1.0
238.25,1.0,1.0,1.0,1.0,1.0,1.0,1.0
238.3,1.0,1.0,1.0,1.0,1.0,1.0,1.0
238.35000000000002,1.0,1.0,1.0,1.0,1.0,1.0,1.0
238.4,1.0,1.0,1.0,1.0,1.0,1.0,1.0
238.45000000000002,1.0,1.0,1.0,1.0,1.0,1.0,1.0
238.5,1.0,1.0,1.0,1.0,1.0,1.0,1.0
238.55,1.0,1.0,1.0,1.0,1.0,1.0,1.0
238.60000000000002,1.0,1.0,1.0,1.0,1.0,1.0,1.0
238.65,1.0,1.0,1.0,1.0,1.0,1.0,1.0
238.70000000000002,1.0,1.0,1.0,1.0,1.0,1.0,1.0
238.75,1.0,1.0,1.0,1.0,1.0,1.0,1.0
238.8,1.0,1.0,1.0,1.0,1.0,1.0,1.0
238.85000000000002,1.0,1.0,1.0,1.0,1.0,1.0,1.0
238.9,1.0,1.0,1.0,1.0,1.0,1.0,1.0
238.95000000000002,1.0,1.0,1.0,1.0,1.0,1.0,1.0
239.0,1.0,1.0,1.0,1.0,1.0,1.0,1.0
239.05,1.0,1.0,1.0,1.0,1.0,1.0,1.0
239.10000000000002,1.0,1.0,1.0,1.0,1.0,1.0,1.0
239.15,1.0,1.0,1.0,1.0,1.0,1.0,1.0
239.20000000000002,1.0,1.0,1.0,1.0,1.0,1.0,1.0
239.25,1.0,1.0,1.0,1.0,1.0,1.0,1.0
239.3,1.0,1.0,1.0,1.0,1.0,1.0,1.0
239.35000000000002,1.0,1.0,1.0,1.0,1.0,1.0,1.0
239.4,1.0,1.0,1.0,1.0,1.0,1.0,1.0
239.45000000000002,1.0,1.0,1.0,1.0,1.0,1.0,1.0
239.5,1.0,1.0,1.0,1.0,1.0,1.0,1.0
239.55,1.0,1.0,1.0,1.0,1.0,1.0,1.0
239.60000000000002,1.0,1.0,1.0,1.0,1.0,1.0,1.0
239.65,1.0,1.0,1.0,1.0,1.0,1.0,1.0
239.70000000000002,1.0,1.0,1.0,1.0,1.0,1.0,1.0
239.75,1.0,1.0,1.0,1.0,1.0,1.0,1.0
239.8,1.0,1.0,1.0,1.0,1.0,1.0,1.0
239.85000000000002,1.0,1.0,1.0,1.0,1.0,1.0,1.0
239.9,1.0,1.0,1.0,1.0,1.0,1.0,1.0
239.95000000000002,1.0,1.0,1.0,1.0,1.0,1.0,1.0
240.0,1.0,1.0,1.0,1.0,1.0,1.0,1.0
240.05,1.0,1.0,1.0,1.0,1.0,1.0,1.0
240.10000000000002,1.0,1.0,1.0,1.0,1.0,1.0,1.0
240.15,1.0,1.0,1.0,1.0,1.0,1.0,1.0
240.20000000000002,1.0,1.0,1.0,1.0,1.0,1.0,1.0
240.25,1.0,1.0,1.0,1.0,1.0,1.0,1.0
240.3,1.0,1.0,1.0,1.0,1.0,1.0,1.0
240.35000000000002,1.0,1.0,1.0,1.0,1.0,1.0,1.0
240.4,1.0,1.0,1.0,1.0,1.0,1.0,1.0
240.45000000000002,1.0,1.0,1.0,1.0,1.0,1.0,1.0
240.5,1.0,1.0,1.0,1.0,1.0,1.0,1.0
240.55,1.0,1.0,1.0,1.0,1.0,1.0,1.0
240.60000000000002,1.0,1.0,1.0,1.0,1.0,1.0,1.0
240.65,1.0,1.0,1.0,1.0,1.0,1.0,1.0
240.70000000000002,1.0,1.0,1.0,1.0,1.0,1.0,1.0
240.75,1.0,1.0,1.0,1.0,1.0,1.0,1.0
240.8,1.0,1.0,1.0,1.0,1.0,1.0,1.0
240.85000000000002,1.0,1.0,1.0,1.0,1.0,1.0,1.0
240.9,1.0,1.0,1.0,1.0,1.0,1.0,1.0
240.95000000000002,1.0,1.0,1.0,1.0,1.0,1.0,1.0
241.0,1.0,1.0,1.0,1.0,1.0,1.0,1.0
241.05,1.0,1.0,1.0,1.0,1.0,1.0,1.0
241.10000000000002,1.0,1.0,1.0,1.0,1.0,1.0,1.0
241.15,1.0,1.0,1.0,1.0,1.0,1.0,1.0
241.20000000000002,1.0,1.0,1.0,1.0,1.0,1.0,1.0
241.25,1.0,1.0,1.0,1.0,1.0,1.0,1.0
241.3,1.0,1.0,1.0,1.0,1.0,1.0,1.0
241.35000000000002,1.0,1.0,1.0,1.0,1.0,1.0,1.0
241.4,1.0,1.0,1.0,1.0,1.0,1.0,1.0
241.45000000000002,1.0,1.0,1.0,1.0,1.0,1.0,1.0
241.5,1.0,1.0,1.0,1.0,1.0,1.0,1.0
241.55,1.0,1.0,1.0,1.0,1.0,1.0,1.0
241.60000000000002,1.0,1.0,1.0,1.0,1.0,1.0,1.0
241.65,1.0,1.0,1.0,1.0,1.0,1.0,1.0
241.70000000000002,1.0,1.0,1.0,1.0,1.0,1.0,1.0
241.75,1.0,1.0,1.0,1.0,1.0,1.0,1.0
241.8,1.0,1.0,1.0,1.0,1.0,1.0,1.0
241.85000000000002,1.0,1.0,1.0,1.0,1.0,1.0,1.0
241.9,1.0,1.0,1.0,1.0,1.0,1.0,1.0
241.95000000000002,1.0,1.0,1.0,1.0,1.0,1.0,1.0
242.0,1.0,1.0,1.0,1.0,1.0,1.0,1.0
242.05,1.0,1.0,1.0,1.0,1.0,1.0,1.0
242.10000000000002,1.0,1.0,1.0,1.0,1.0,1.0,1.0
242.15,1.0,1.0,1.0,1.0,1.0,1.0,1.0
242.20000000000002,1.0,1.0,1.0,1.0,1.0,1.0,1.0
242.25,1.0,1.0,1.0,1.0,1.0,1.0,1.0
242.3,1.0,1.0,1.0,1.0,1.0,1.0,1.0
242.35000000000002,1.0,1.0,1.0,1.0,1.0,1.0,1.0
242.4,1.0,1.0,1.0,1.0,1.0,1.0,1.0
242.45000000000002,1.0,1.0,1.0,1.0,1.0,1.0,1.0
242.5,1.0,1.0,1.0,1.0,1.0,1.0,1.0
242.55,1.0,1.0,1.0,1.0,1.0,1.0,1.0
242.60000000000002,1.0,1.0,1.0,1.0,1.0,1.0,1.0
242.65,1.0,1.0,1.0,1.0,1.0,1.0,1.0
242.70000000000002,1.0,1.0,1.0,1.0,1.0,1.0,1.0
242.75,1.0,1.0,1.0,1.0,1.0,1.0,1.0
242.8,1.0,1.0,1.0,1.0,1.0,1.0,1.0
242.85000000000002,1.0,1.0,1.0,1.0,1.0,1.0,1.0
242.9,1.0,1.0,1.0,1.0,1.0,1.0,1.0
242.95000000000002,1.0,1.0,1.0,1.0,1.0,1.0,1.0
243.0,1.0,1.0,1.0,1.0,1.0,1.0,1.0
243.05,1.0,1.0,1.0,1.0,1.0,1.0,1.0
243.10000000000002,1.0,1.0,1.0,1.0,1.0,1.0,1.0
243.15,1.0,1.0,1.0,1.0,1.0,1.0,1.0
243.20000000000002,1.0,1.0,1.0,1.0,1.0,1.0,1.0
243.25,1.0,1.0,1.0,1.0,1.0,1.0,1.0
243.3,1.0,1.0,1.0,1.0,1.0,1.0,1.0
243.35000000000002,1.0,1.0,1.0,1.0,1.0,1.0,1.0
243.4,1.0,1.0,1.0,1.0,1.0,1.0,1.0
243.45000000000002,1.0,1.0,1.0,1.0,1.0,1.0,1.0
243.5,1.0,1.0,1.0,1.0,1.0,1.0,1.0
243.55,1.0,1.0,1.0,1.0,1.0,1.0,1.0
243.60000000000002,1.0,1.0,1.0,1.0,1.0,1.0,1.0
243.65,1.0,1.0,1.0,1.0,1.0,1.0,1.0
243.70000000000002,1.0,1.0,1.0,1.0,1.0,1.0,1.0
243.75,1.0,1.0,1.0,1.0,1.0,1.0,1.0
243.8,1.0,1.0,1.0,1.0,1.0,1.0,1.0
243.85000000000002,1.0,1.0,1.0,1.0,1.0,1.0,1.0
243.9,1.0,1.0,1.0,1.0,1.0,1.0,1.0
243.95000000000002,1.0,1.0,1.0,1.0,1.0,1.0,1.0
244.0,1.0,1.0,1.0,1.0,1.0,1.0,1.0
244.05,1.0,1.0,1.0,1.0,1.0,1.0,1.0
244.10000000000002,1.0,1.0,1.0,1.0,1.0,1.0,1.0
244.15,1.0,1.0,1.0,1.0,1.0,1.0,1.0
244.20000000000002,1.0,1.0,1.0,1.0,1.0,1.0,1.0
244.25,1.0,1.0,1.0,1.0,1.0,1.0,1.0
244.3,1.0,1.0,1.0,1.0,1.0,1.0,1.0
244.35000000000002,1.0,1.0,1.0,1.0,1.0,1.0,1.0
244.4,1.0,1.0,1.0,1.0,1.0,1.0,1.0
244.45000000000002,1.0,1.0,1.0,1.0,1.0,1.0,1.0
244.5,1.0,1.0,1.0,1.0,1.0,1.0,1.0
244.55,1.0,1.0,1.0,1.0,1.0,1.0,1.0
244.60000000000002,1.0,1.0,1.0,1.0,1.0,1.0,1.0
244.65,1.0,1.0,1.0,1.0,1.0,1.0,1.0
244.70000000000002,1.0,1.0,1.0,1.0,1.0,1.0,1.0
244.75,1.0,1.0,1.0,1.0,1.0,1.0,1.0
244.8,1.0,1.0,1.0,1.0,1.0,1.0,1.0
244.85000000000002,1.0,1.0,1.0,1.0,1.0,1.0,1.0
244.9,1.0,1.0,1.0,1.0,1.0,1.0,1.0
244.95000000000002,1.0,1.0,1.0,1.0,1.0,1.0,1.0
245.0,1.0,1.0,1.0,1.0,1.0,1.0,1.0
245.05,1.0,1.0,1.0,1.0,1.0,1.0,1.0
245.10000000000002,1.0,1.0,1.0,1.0,1.0,1.0,1.0
245.15,1.0,1.0,1.0,1.0,1.0,1.0,1.0
245.20000000000002,1.0,1.0,1.0,1.0,1.0,1.0,1.0
245.25,1.0,1.0,1.0,1.0,1.0,1.0,1.0
245.3,1.0,1.0,1.0,1.0,1.0,1.0,1.0
245.35000000000002,1.0,1.0,1.0,1.0,1.0,1.0,1.0
245.4,1.0,1.0,1.0,1.0,1.0,1.0,1.0
245.45000000000002,1.0,1.0,1.0,1.0,1.0,1.0,1.0
245.5,1.0,1.0,1.0,1.0,1.0,1.0,1.0
245.55,1.0,1.0,1.0,1.0,1.0,1.0,1.0
245.60000000000002,1.0,1.0,1.0,1.0,1.0,1.0,1.0
245.65,1.0,1.0,1.0,1.0,1.0,1.0,1.0
245.70000000000002,1.0,1.0,1.0,1.0,1.0,1.0,1.0
245.75,1.0,1.0,1.0,1.0,1.0,1.0,1.0
245.8,1.0,1.0,1.0,1.0,1.0,1.0,1.0
245.85000000000002,1.0,1.0,1.0,1.0,1.0,1.0,1.0
245.9,1.0,1.0,1.0,1.0,1.0,1.0,1.0
245.95000000000002,1.0,1.0,1.0,1.0,1.0,1.0,1.0
246.0,1.0,1.0,1.0,1.0,1.0,1.0,1.0
246.05,1.0,1.0,1.0,1.0,1.0,1.0,1.0
246.10000000000002,1.0,1.0,1.0,1.0,1.0,1.0,1.0
246.15,1.0,1.0,1.0,1.0,1.0,1.0,1.0
246.20000000000002,1.0,1.0,1.0,1.0,1.0,1.0,1.0
246.25,1.0,1.0,1.0,1.0,1.0,1.0,1.0
246.3,1.0,1.0,1.0,1.0,1.0,1.0,1.0
246.35000000000002,1.0,1.0,1.0,1.0,1.0,1.0,1.0
246.4,1.0,1.0,1.0,1.0,1.0,1.0,1.0
246.45000000000002,1.0,1.0,1.0,1.0,1.0,1.0,1.0
246.5,1.0,1.0,1.0,1.0,1.0,1.0,1.0
246.55,1.0,1.0,1.0,1.0,1.0,1.0,1.0
246.60000000000002,1.0,1.0,1.0,1.0,1.0,1.0,1.0
246.65,1.0,1.0,1.0,1.0,1.0,1.0,1.0
246.70000000000002,1.0,1.0,1.0,1.0,1.0,1.0,1.0
246.75,1.0,1.0,1.0,1.0,1.0,1.0,1.0
246.8,1.0,1.0,1.0,1.0,1.0,1.0,1.0
246.85000000000002,1.0,1.0,1.0,1.0,1.0,1.0,1.0
246.9,1.0,1.0,1.0,1.0,1.0,1.0,1.0
246.95000000000002,1.0,1.0,1.0,1.0,1.0,1.0,1.0
247.0,1.0,1.0,1.0,1.0,1.0,1.0,1.0
247.05,1.0,1.0,1.0,1.0,1.0,1.0,1.0
247.10000000000002,1.0,1.0,1.0,1.0,1.0,1.0,1.0
247.15,1.0,1.0,1.0,1.0,1.0,1.0,1.0
247.20000000000002,1.0,1.0,1.0,1.0,1.0,1.0,1.0
247.25,1.0,1.0,1.0,1.0,1.0,1.0,1.0
247.3,1.0,1.0,1.0,1.0,1.0,1.0,1.0
247.35000000000002,1.0,1.0,1.0,1.0,1.0,1.0,1.0
247.4,1.0,1.0,1.0,1.0,1.0,1.0,1.0
247.45000000000002,1.0,1.0,1.0,1.0,1.0,1.0,1.0
247.5,1.0,1.0,1.0,1.0,1.0,1.0,1.0
247.55,1.0,1.0,1.0,1.0,1.0,1.0,1.0
247.60000000000002,1.0,1.0,1.0,1.0,1.0,1.0,1.0
247.65,1.0,1.0,1.0,1.0,1.0,1.0,1.0
247.70000000000002,1.0,1.0,1.0,1.0,1.0,1.0,1.0
247.75,1.0,1.0,1.0,1.0,1.0,1.0,1.0
247.8,1.0,1.0,1.0,1.0,1.0,1.0,1.0
247.85000000000002,1.0,1.0,1.0,1.0,1.0,1.0,1.0
247.9,1.0,1.0,1.0,1.0,1.0,1.0,1.0
247.95000000000002,1.0,1.0,1.0,1.0,1.0,1.0,1.0
248.0,1.0,1.0,1.0,1.0,1.0,1.0,1.0
248.05,1.0,1.0,1.0,1.0,1.0,1.0,1.0
248.10000000000002,1.0,1.0,1.0,1.0,1.0,1.0,1.0
248.15,1.0,1.0,1.0,1.0,1.0,1.0,1.0
248.20000000000002,1.0,1.0,1.0,1.0,1.0,1.0,1.0
248.25,1.0,1.0,1.0,1.0,1.0,1.0,1.0
248.3,1.0,1.0,1.0,1.0,1.0,1.0,1.0
248.35000000000002,1.0,1.0,1.0,1.0,1.0,1.0,1.0
248.4,1.0,1.0,1.0,1.0,1.0,1.0,1.0
248.45000000000002,1.0,1.0,1.0,1.0,1.0,1.0,1.0
248.5,1.0,1.0,1.0,1.0,1.0,1.0,1.0
248.55,1.0,1.0,1.0,1.0,1.0,1.0,1.0
248.60000000000002,1.0,1.0,1.0,1.0,1.0,1.0,1.0
248.65,1.0,1.0,1.0,1.0,1.0,1.0,1.0
248.70000000000002,1.0,1.0,1.0,1.0,1.0,1.0,1.0
248.75,1.0,1.0,1.0,1.0,1.0,1.0,1.0
248.8,1.0,1.0,1.0,1.0,1.0,1.0,1.0
248.85000000000002,1.0,1.0,1.0,1.0,1.0,1.0,1.0
248.9,1.0,1.0,1.0,1.0,1.0,1.0,1.0
248.95000000000002,1.0,1.0,1.0,1.0,1.0,1.0,1.0
249.0,1.0,1.0,1.0,1.0,1.0,1.0,1.0
249.05,1.0,1.0,1.0,1.0,1.0,1.0,1.0
249.10000000000002,1.0,1.0,1.0,1.0,1.0,1.0,1.0
249.15,1.0,1.0,1.0,1.0,1.0,1.0,1.0
249.20000000000002,1.0,1.0,1.0,1.0,1.0,1.0,1.0
249.25,1.0,1.0,1.0,1.0,1.0,1.0,1.0
249.3,1.0,1.0,1.0,1.0,1.0,1.0,1.0
249.35000000000002,1.0,1.0,1.0,1.0,1.0,1.0,1.0
249.4,1.0,1.0,1.0,1.0,1.0,1.0,1.0
249.45000000000002,1.0,1.0,1.0,1.0,1.0,1.0,1.0
249.5,1.0,1.0,1.0,1.0,1.0,1.0,1.0
249.55,1.0,1.0,1.0,1.0,1.0,1.0,1.0
249.60000000000002,1.0,1.0,1.0,1.0,1.0,1.0,1.0
249.65,1.0,1.0,1.0,1.0,1.0,1.0,1.0
249.70000000000002,1.0,1.0,1.0,1.0,1.0,1.0,1.0
249.75,1.0,1.0,1.0,1.0,1.0,1.0,1.0
249.8,1.0,1.0,1.0,1.0,1.0,1.0,1.0
249.85000000000002,1.0,1.0,1.0,1.0,1.0,1.0,1.0
249.9,1.0,1.0,1.0,1.0,1.0,1.0,1.0
249.95000000000002,1.0,1.0,1.0,1.0,1.0,1.0,1.0
250.0,1.0,1.0,1.0,1.0,1.0,1.0,1.0
250.05,1.0,1.0,1.0,1.0,1.0,1.0,1.0
250.10000000000002,1.0,1.0,1.0,1.0,1.0,1.0,1.0
250.15,1.0,1.0,1.0,1.0,1.0,1.0,1.0
250.20000000000002,1.0,1.0,1.0,1.0,1.0,1.0,1.0
250.25,1.0,1.0,1.0,1.0,1.0,1.0,1.0
250.3,1.0,1.0,1.0,1.0,1.0,1.0,1.0
250.35000000000002,1.0,1.0,1.0,1.0,1.0,1.0,1.0
250.4,1.0,1.0,1.0,1.0,1.0,1.0,1.0
250.45000000000002,1.0,1.0,1.0,1.0,1.0,1.0,1.0
250.5,1.0,1.0,1.0,1.0,1.0,1.0,1.0
250.55,1.0,1.0,1.0,1.0,1.0,1.0,1.0
250.60000000000002,1.0,1.0,1.0,1.0,1.0,1.0,1.0
250.65,1.0,1.0,1.0,1.0,1.0,1.0,1.0
250.70000000000002,1.0,1.0,1.0,1.0,1.0,1.0,1.0
250.75,1.0,1.0,1.0,1.0,1.0,1.0,1.0
250.8,1.0,1.0,1.0,1.0,1.0,1.0,1.0
250.85000000000002,1.0,1.0,1.0,1.0,1.0,1.0,1.0
250.9,1.0,1.0,1.0,1.0,1.0,1.0,1.0
250.95000000000002,1.0,1.0,1.0,1.0,1.0,1.0,1.0
251.0,1.0,1.0,1.0,1.0,1.0,1.0,1.0
251.05,1.0,1.0,1.0,1.0,1.0,1.0,1.0
251.10000000000002,1.0,1.0,1.0,1.0,1.0,1.0,1.0
251.15,1.0,1.0,1.0,1.0,1.0,1.0,1.0
251.20000000000002,1.0,1.0,1.0,1.0,1.0,1.0,1.0
251.25,1.0,1.0,1.0,1.0,1.0,1.0,1.0
251.3,1.0,1.0,1.0,1.0,1.0,1.0,1.0
251.35000000000002,1.0,1.0,1.0,1.0,1.0,1.0,1.0
251.4,1.0,1.0,1.0,1.0,1.0,1.0,1.0
251.45000000000002,1.0,1.0,1.0,1.0,1.0,1.0,1.0
251.5,1.0,1.0,1.0,1.0,1.0,1.0,1.0
251.55,1.0,1.0,1.0,1.0,1.0,1.0,1.0
251.60000000000002,1.0,1.0,1.0,1.0,1.0,1.0,1.0
251.65,1.0,1.0,1.0,1.0,1.0,1.0,1.0
251.70000000000002,1.0,1.0,1.0,1.0,1.0,1.0,1.0
251.75,1.0,1.0,1.0,1.0,1.0,1.0,1.0
251.8,1.0,1.0,1.0,1.0,1.0,1.0,1.0
251.85000000000002,1.0,1.0,1.0,1.0,1.0,1.0,1.0
251.9,1.0,1.0,1.0,1.0,1.0,1.0,1.0
251.95000000000002,1.0,1.0,1.0,1.0,1.0,1.0,1.0
252.0,1.0,1.0,1.0,1.0,1.0,1.0,1.0
252.05,1.0,1.0,1.0,1.0,1.0,1.0,1.0
252.10000000000002,1.0,1.0,1.0,1.0,1.0,1.0,1.0
252.15,1.0,1.0,1.0,1.0,1.0,1.0,1.0
252.20000000000002,1.0,1.0,1.0,1.0,1.0,1.0,1.0
252.25,1.0,1.0,1.0,1.0,1.0,1.0,1.0
252.3,1.0,1.0,1.0,1.0,1.0,1.0,1.0
252.35000000000002,1.0,1.0,1.0,1.0,1.0,1.0,1.0
252.4,1.0,1.0,1.0,1.0,1.0,1.0,1.0
252.45000000000002,1.0,1.0,1.0,1.0,1.0,1.0,1.0
252.5,1.0,1.0,1.0,1.0,1.0,1.0,1.0
252.55,1.0,1.0,1.0,1.0,1.0,1.0,1.0
252.60000000000002,1.0,1.0,1.0,1.0,1.0,1.0,1.0
252.65,1.0,1.0,1.0,1.0,1.0,1.0,1.0
252.70000000000002,1.0,1.0,1.0,1.0,1.0,1.0,1.0
252.75,1.0,1.0,1.0,1.0,1.0,1.0,1.0
252.8,1.0,1.0,1.0,1.0,1.0,1.0,1.0
252.85000000000002,1.0,1.0,1.0,1.0,1.0,1.0,1.0
252.9,1.0,1.0,1.0,1.0,1.0,1.0,1.0
252.95000000000002,1.0,1.0,1.0,1.0,1.0,1.0,1.0
253.0,1.0,1.0,1.0,1.0,1.0,1.0,1.0
253.05,1.0,1.0,1.0,1.0,1.0,1.0,1.0
253.10000000000002,1.0,1.0,1.0,1.0,1.0,1.0,1.0
253.15,1.0,1.0,1.0,1.0,1.0,1.0,1.0
253.20000000000002,1.0,1.0,1.0,1.0,1.0,1.0,1.0
253.25,1.0,1.0,1.0,1.0,1.0,1.0,1.0
253.3,1.0,1.0,1.0,1.0,1.0,1.0,1.0
253.35000000000002,1.0,1.0,1.0,1.0,1.0,1.0,1.0
253.4,1.0,1.0,1.0,1.0,1.0,1.0,1.0
253.45000000000002,1.0,1.0,1.0,1.0,1.0,1.0,1.0
253.5,1.0,1.0,1.0,1.0,1.0,1.0,1.0
253.55,1.0,1.0,1.0,1.0,1.0,1.0,1.0
253.60000000000002,1.0,1.0,1.0,1.0,1.0,1.0,1.0
253.65,1.0,1.0,1.0,1.0,1.0,1.0,1.0
253.70000000000002,1.0,1.0,1.0,1.0,1.0,1.0,1.0
253.75,1.0,1.0,1.0,1.0,1.0,1.0,1.0
253.8,1.0,1.0,1.0,1.0,1.0,1.0,1.0
253.85000000000002,1.0,1.0,1.0,1.0,1.0,1.0,1.0
253.9,1.0,1.0,1.0,1.0,1.0,1.0,1.0
253.95000000000002,1.0,1.0,1.0,1.0,1.0,1.0,1.0
254.0,1.0,1.0,1.0,1.0,1.0,1.0,1.0
254.05,1.0,1.0,1.0,1.0,1.0,1.0,1.0
254.10000000000002,1.0,1.0,1.0,1.0,1.0,1.0,1.0
254.15,1.0,1.0,1.0,1.0,1.0,1.0,1.0
254.20000000000002,1.0,1.0,1.0,1.0,1.0,1.0,1.0
254.25,1.0,1.0,1.0,1.0,1.0,1.0,1.0
254.3,1.0,1.0,1.0,1.0,1.0,1.0,1.0
254.35000000000002,1.0,1.0,1.0,1.0,1.0,1.0,1.0
254.4,1.0,1.0,1.0,1.0,1.0,1.0,1.0
254.45000000000002,1.0,1.0,1.0,1.0,1.0,1.0,1.0
254.5,1.0,1.0,1.0,1.0,1.0,1.0,1.0
254.55,1.0,1.0,1.0,1.0,1.0,1.0,1.0
254.60000000000002,1.0,1.0,1.0,1.0,1.0,1.0,1.0
254.65,1.0,1.0,1.0,1.0,1.0,1.0,1.0
254.70000000000002,1.0,1.0,1.0,1.0,1.0,1.0,1.0
254.75,1.0,1.0,1.0,1.0,1.0,1.0,1.0
254.8,1.0,1.0,1.0,1.0,1.0,1.0,1.0
254.85000000000002,1.0,1.0,1.0,1.0,1.0,1.0,1.0
254.9,1.0,1.0,1.0,1.0,1.0,1.0,1.0
254.95000000000002,1.0,1.0,1.0,1.0,1.0,1.0,1.0
255.0,1.0,1.0,1.0,1.0,1.0,1.0,1.0
255.05,1.0,1.0,1.0,1.0,1.0,1.0,1.0
255.10000000000002,1.0,1.0,1.0,1.0,1.0,1.0,1.0
255.15,1.0,1.0,1.0,1.0,1.0,1.0,1.0
255.20000000000002,1.0,1.0,1.0,1.0,1.0,1.0,1.0
255.25,1.0,1.0,1.0,1.0,1.0,1.0,1.0
255.3,1.0,1.0,1.0,1.0,1.0,1.0,1.0
255.35000000000002,1.0,1.0,1.0,1.0,1.0,1.0,1.0
255.4,1.0,1.0,1.0,1.0,1.0,1.0,1.0
255.45000000000002,1.0,1.0,1.0,1.0,1.0,1.0,1.0
255.5,1.0,1.0,1.0,1.0,1.0,1.0,1.0
255.55,1.0,1.0,1.0,1.0,1.0,1.0,1.0
255.60000000000002,1.0,1.0,1.0,1.0,1.0,1.0,1.0
255.65,1.0,1.0,1.0,1.0,1.0,1.0,1.0
255.70000000000002,1.0,1.0,1.0,1.0,1.0,1.0,1.0
255.75,1.0,1.0,1.0,1.0,1.0,1.0,1.0
255.8,1.0,1.0,1.0,1.0,1.0,1.0,1.0
255.85000000000002,1.0,1.0,1.0,1.0,1.0,1.0,1.0
255.9,1.0,1.0,1.0,1.0,1.0,1.0,1.0
255.95000000000002,1.0,1.0,1.0,1.0,1.0,1.0,1.0
256.0,1.0,1.0,1.0,1.0,1.0,1.0,1.0
256.05,1.0,1.0,1.0,1.0,1.0,1.0,1.0
256.1,1.0,1.0,1.0,1.0,1.0,1.0,1.0
256.15000000000003,1.0,1.0,1.0,1.0,1.0,1.0,1.0
256.2,1.0,1.0,1.0,1.0,1.0,1.0,1.0
256.25,1.0,1.0,1.0,1.0,1.0,1.0,1.0
256.3,1.0,1.0,1.0,1.0,1.0,1.0,1.0
256.35,1.0,1.0,1.0,1.0,1.0,1.0,1.0
256.40000000000003,1.0,1.0,1.0,1.0,1.0,1.0,1.0
256.45,1.0,1.0,1.0,1.0,1.0,1.0,1.0
256.5,1.0,1.0,1.0,1.0,1.0,1.0,1.0
256.55,1.0,1.0,1.0,1.0,1.0,1.0,1.0
256.6,1.0,1.0,1.0,1.0,1.0,1.0,1.0
256.65000000000003,1.0,1.0,1.0,1.0,1.0,1.0,1.0
256.7,1.0,1.0,1.0,1.0,1.0,1.0,1.0
256.75,1.0,1.0,1.0,1.0,1.0,1.0,1.0
256.8,1.0,1.0,1.0,1.0,1.0,1.0,1.0
256.85,1.0,1.0,1.0,1.0,1.0,1.0,1.0
256.90000000000003,1.0,1.0,1.0,1.0,1.0,1.0,1.0
256.95,1.0,1.0,1.0,1.0,1.0,1.0,1.0
257.0,1.0,1.0,1.0,1.0,1.0,1.0,1.0
257.05,1.0,1.0,1.0,1.0,1.0,1.0,1.0
257.1,1.0,1.0,1.0,1.0,1.0,1.0,1.0
257.15000000000003,1.0,1.0,1.0,1.0,1.0,1.0,1.0
257.2,1.0,1.0,1.0,1.0,1.0,1.0,1.0
257.25,1.0,1.0,1.0,1.0,1.0,1.0,1.0
257.3,1.0,1.0,1.0,1.0,1.0,1.0,1.0
257.35,1.0,1.0,1.0,1.0,1.0,1.0,1.0
257.40000000000003,1.0,1.0,1.0,1.0,1.0,1.0,1.0
257.45,1.0,1.0,1.0,1.0,1.0,1.0,1.0
257.5,1.0,1.0,1.0,1.0,1.0,1.0,1.0
257.55,1.0,1.0,1.0,1.0,1.0,1.0,1.0
257.6,1.0,1.0,1.0,1.0,1.0,1.0,1.0
257.65000000000003,1.0,1.0,1.0,1.0,1.0,1.0,1.0
257.7,1.0,1.0,1.0,1.0,1.0,1.0,1.0
257.75,1.0,1.0,1.0,1.0,1.0,1.0,1.0
257.8,1.0,1.0,1.0,1.0,1.0,1.0,1.0
257.85,1.0,1.0,1.0,1.0,1.0,1.0,1.0
257.90000000000003,1.0,1.0,1.0,1.0,1.0,1.0,1.0
257.95,1.0,1.0,1.0,1.0,1.0,1.0,1.0
258.0,1.0,1.0,1.0,1.0,1.0,1.0,1.0
258.05,1.0,1.0,1.0,1.0,1.0,1.0,1.0
258.1,1.0,1.0,1.0,1.0,1.0,1.0,1.0
258.15000000000003,1.0,1.0,1.0,1.0,1.0,1.0,1.0
258.2,1.0,1.0,1.0,1.0,1.0,1.0,1.0
258.25,1.0,1.0,1.0,1.0,1.0,1.0,1.0
258.3,1.0,1.0,1.0,1.0,1.0,1.0,1.0
258.35,1.0,1.0,1.0,1.0,1.0,1.0,1.0
258.40000000000003,1.0,1.0,1.0,1.0,1.0,1.0,1.0
258.45,1.0,1.0,1.0,1.0,1.0,1.0,1.0
258.5,1.0,1.0,1.0,1.0,1.0,1.0,1.0
258.55,1.0,1.0,1.0,1.0,1.0,1.0,1.0
258.6,1.0,1.0,1.0,1.0,1.0,1.0,1.0
258.65000000000003,1.0,1.0,1.0,1.0,1.0,1.0,1.0
258.7,1.0,1.0,1.0,1.0,1.0,1.0,1.0
258.75,1.0,1.0,1.0,1.0,1.0,1.0,1.0
258.8,1.0,1.0,1.0,1.0,1.0,1.0,1.0
258.85,1.0,1.0,1.0,1.0,1.0,1.0,1.0
258.90000000000003,1.0,1.0,1.0,1.0,1.0,1.0,1.0
258.95,1.0,1.0,1.0,1.0,1.0,1.0,1.0
259.0,1.0,1.0,1.0,1.0,1.0,1.0,1.0
259.05,1.0,1.0,1.0,1.0,1.0,1.0,1.0
259.1,1.0,1.0,1.0,1.0,1.0,1.0,1.0
259.15000000000003,1.0,1.0,1.0,1.0,1.0,1.0,1.0
259.2,1.0,1.0,1.0,1.0,1.0,1.0,1.0
259.25,1.0,1.0,1.0,1.0,1.0,1.0,1.0
259.3,1.0,1.0,1.0,1.0,1.0,1.0,1.0
259.35,1.0,1.0,1.0,1.0,1.0,1.0,1.0
259.40000000000003,1.0,1.0,1.0,1.0,1.0,1.0,1.0
259.45,1.0,1.0,1.0,1.0,1.0,1.0,1.0
259.5,1.0,1.0,1.0,1.0,1.0,1.0,1.0
259.55,1.0,1.0,1.0,1.0,1.0,1.0,1.0
259.6,1.0,1.0,1.0,1.0,1.0,1.0,1.0
259.65000000000003,1.0,1.0,1.0,1.0,1.0,1.0,1.0
259.7,1.0,1.0,1.0,1.0,1.0,1.0,1.0
259.75,1.0,1.0,1.0,1.0,1.0,1.0,1.0
259.8,1.0,1.0,1.0,1.0,1.0,1.0,1.0
259.85,1.0,1.0,1.0,1.0,1.0,1.0,1.0
259.90000000000003,1.0,1.0,1.0,1.0,1.0,1.0,1.0
259.95,1.0,1.0,1.0,1.0,1.0,1.0,1.0
260.0,1.0,1.0,1.0,1.0,1.0,1.0,1.0
260.05,1.0,1.0,1.0,1.0,1.0,1.0,1.0
260.1,1.0,1.0,1.0,1.0,1.0,1.0,1.0
260.15000000000003,1.0,1.0,1.0,1.0,1.0,1.0,1.0
260.2,1.0,1.0,1.0,1.0,1.0,1.0,1.0
260.25,1.0,1.0,1.0,1.0,1.0,1.0,1.0
260.3,1.0,1.0,1.0,1.0,1.0,1.0,1.0
260.35,1.0,1.0,1.0,1.0,1.0,1.0,1.0
260.40000000000003,1.0,1.0,1.0,1.0,1.0,1.0,1.0
260.45,1.0,1.0,1.0,1.0,1.0,1.0,1.0
260.5,1.0,1.0,1.0,1.0,1.0,1.0,1.0
260.55,1.0,1.0,1.0,1.0,1.0,1.0,1.0
260.6,1.0,1.0,1.0,1.0,1.0,1.0,1.0
260.65000000000003,1.0,1.0,1.0,1.0,1.0,1.0,1.0
260.7,1.0,1.0,1.0,1.0,1.0,1.0,1.0
260.75,1.0,1.0,1.0,1.0,1.0,1.0,1.0
260.8,1.0,1.0,1.0,1.0,1.0,1.0,1.0
260.85,1.0,1.0,1.0,1.0,1.0,1.0,1.0
260.90000000000003,1.0,1.0,1.0,1.0,1.0,1.0,1.0
260.95,1.0,1.0,1.0,1.0,1.0,1.0,1.0
261.0,1.0,1.0,1.0,1.0,1.0,1.0,1.0
261.05,1.0,1.0,1.0,1.0,1.0,1.0,1.0
261.1,1.0,1.0,1.0,1.0,1.0,1.0,1.0
261.15000000000003,1.0,1.0,1.0,1.0,1.0,1.0,1.0
261.2,1.0,1.0,1.0,1.0,1.0,1.0,1.0
261.25,1.0,1.0,1.0,1.0,1.0,1.0,1.0
261.3,1.0,1.0,1.0,1.0,1.0,1.0,1.0
261.35,1.0,1.0,1.0,1.0,1.0,1.0,1.0
261.40000000000003,1.0,1.0,1.0,1.0,1.0,1.0,1.0
261.45,1.0,1.0,1.0,1.0,1.0,1.0,1.0
261.5,1.0,1.0,1.0,1.0,1.0,1.0,1.0
261.55,1.0,1.0,1.0,1.0,1.0,1.0,1.0
261.6,1.0,1.0,1.0,1.0,1.0,1.0,1.0
261.65000000000003,1.0,1.0,1.0,1.0,1.0,1.0,1.0
261.7,1.0,1.0,1.0,1.0,1.0,1.0,1.0
261.75,1.0,1.0,1.0,1.0,1.0,1.0,1.0
261.8,1.0,1.0,1.0,1.0,1.0,1.0,1.0
261.85,1.0,1.0,1.0,1.0,1.0,1.0,1.0
261.90000000000003,1.0,1.0,1.0,1.0,1.0,1.0,1.0
261.95,1.0,1.0,1.0,1.0,1.0,1.0,1.0
262.0,1.0,1.0,1.0,1.0,1.0,1.0,1.0
262.05,1.0,1.0,1.0,1.0,1.0,1.0,1.0
262.1,1.0,1.0,1.0,1.0,1.0,1.0,1.0
262.15000000000003,1.0,1.0,1.0,1.0,1.0,1.0,1.0
262.2,1.0,1.0,1.0,1.0,1.0,1.0,1.0
262.25,1.0,1.0,1.0,1.0,1.0,1.0,1.0
262.3,1.0,1.0,1.0,1.0,1.0,1.0,1.0
262.35,1.0,1.0,1.0,1.0,1.0,1.0,1.0
262.40000000000003,1.0,1.0,1.0,1.0,1.0,1.0,1.0
262.45,1.0,1.0,1.0,1.0,1.0,1.0,1.0
262.5,1.0,1.0,1.0,1.0,1.0,1.0,1.0
262.55,1.0,1.0,1.0,1.0,1.0,1.0,1.0
262.6,1.0,1.0,1.0,1.0,1.0,1.0,1.0
262.65000000000003,1.0,1.0,1.0,1.0,1.0,1.0,1.0
262.7,1.0,1.0,1.0,1.0,1.0,1.0,1.0
262.75,1.0,1.0,1.0,1.0,1.0,1.0,1.0
262.8,1.0,1.0,1.0,1.0,1.0,1.0,1.0
262.85,1.0,1.0,1.0,1.0,1.0,1.0,1.0
262.90000000000003,1.0,1.0,1.0,1.0,1.0,1.0,1.0
262.95,1.0,1.0,1.0,1.0,1.0,1.0,1.0
263.0,1.0,1.0,1.0,1.0,1.0,1.0,1.0
263.05,1.0,1.0,1.0,1.0,1.0,1.0,1.0
263.1,1.0,1.0,1.0,1.0,1.0,1.0,1.0
263.15000000000003,1.0,1.0,1.0,1.0,1.0,1.0,1.0
263.2,1.0,1.0,1.0,1.0,1.0,1.0,1.0
263.25,1.0,1.0,1.0,1.0,1.0,1.0,1.0
263.3,1.0,1.0,1.0,1.0,1.0,1.0,1.0
263.35,1.0,1.0,1.0,1.0,1.0,1.0,1.0
263.40000000000003,1.0,1.0,1.0,1.0,1.0,1.0,1.0
263.45,1.0,1.0,1.0,1.0,1.0,1.0,1.0
263.5,1.0,1.0,1.0,1.0,1.0,1.0,1.0
263.55,1.0,1.0,1.0,1.0,1.0,1.0,1.0
263.6,1.0,1.0,1.0,1.0,1.0,1.0,1.0
263.65000000000003,1.0,1.0,1.0,1.0,1.0,1.0,1.0
263.7,1.0,1.0,1.0,1.0,1.0,1.0,1.0
263.75,1.0,1.0,1.0,1.0,1.0,1.0,1.0
263.8,1.0,1.0,1.0,1.0,1.0,1.0,1.0
263.85,1.0,1.0,1.0,1.0,1.0,1.0,1.0
263.90000000000003,1.0,1.0,1.0,1.0,1.0,1.0,1.0
263.95,1.0,1.0,1.0,1.0,1.0,1.0,1.0
264.0,1.0,1.0,1.0,1.0,1.0,1.0,1.0
264.05,1.0,1.0,1.0,1.0,1.0,1.0,1.0
264.1,1.0,1.0,1.0,1.0,1.0,1.0,1.0
264.15000000000003,1.0,1.0,1.0,1.0,1.0,1.0,1.0
264.2,1.0,1.0,1.0,1.0,1.0,1.0,1.0
264.25,1.0,1.0,1.0,1.0,1.0,1.0,1.0
264.3,1.0,1.0,1.0,1.0,1.0,1.0,1.0
264.35,1.0,1.0,1.0,1.0,1.0,1.0,1.0
264.40000000000003,1.0,1.0,1.0,1.0,1.0,1.0,1.0
264.45,1.0,1.0,1.0,1.0,1.0,1.0,1.0
264.5,1.0,1.0,1.0,1.0,1.0,1.0,1.0
264.55,1.0,1.0,1.0,1.0,1.0,1.0,1.0
264.6,1.0,1.0,1.0,1.0,1.0,1.0,1.0
264.65000000000003,1.0,1.0,1.0,1.0,1.0,1.0,1.0
264.7,1.0,1.0,1.0,1.0,1.0,1.0,1.0
264.75,1.0,1.0,1.0,1.0,1.0,1.0,1.0
264.8,1.0,1.0,1.0,1.0,1.0,1.0,1.0
264.85,1.0,1.0,1.0,1.0,1.0,1.0,1.0
264.90000000000003,1.0,1.0,1.0,1.0,1.0,1.0,1.0
264.95,1.0,1.0,1.0,1.0,1.0,1.0,1.0
265.0,1.0,1.0,1.0,1.0,1.0,1.0,1.0
265.05,1.0,1.0,1.0,1.0,1.0,1.0,1.0
265.1,1.0,1.0,1.0,1.0,1.0,1.0,1.0
265.15000000000003,1.0,1.0,1.0,1.0,1.0,1.0,1.0
265.2,1.0,1.0,1.0,1.0,1.0,1.0,1.0
265.25,1.0,1.0,1.0,1.0,1.0,1.0,1.0
265.3,1.0,1.0,1.0,1.0,1.0,1.0,1.0
265.35,1.0,1.0,1.0,1.0,1.0,1.0,1.0
265.40000000000003,1.0,1.0,1.0,1.0,1.0,1.0,1.0
265.45,1.0,1.0,1.0,1.0,1.0,1.0,1.0
265.5,1.0,1.0,1.0,1.0,1.0,1.0,1.0
265.55,1.0,1.0,1.0,1.0,1.0,1.0,1.0
265.6,1.0,1.0,1.0,1.0,1.0,1.0,1.0
265.65000000000003,1.0,1.0,1.0,1.0,1.0,1.0,1.0
265.7,1.0,1.0,1.0,1.0,1.0,1.0,1.0
265.75,1.0,1.0,1.0,1.0,1.0,1.0,1.0
265.8,1.0,1.0,1.0,1.0,1.0,1.0,1.0
265.85,1.0,1.0,1.0,1.0,1.0,1.0,1.0
265.90000000000003,1.0,1.0,1.0,1.0,1.0,1.0,1.0
265.95,1.0,1.0,1.0,1.0,1.0,1.0,1.0
266.0,1.0,1.0,1.0,1.0,1.0,1.0,1.0
266.05,1.0,1.0,1.0,1.0,1.0,1.0,1.0
266.1,1.0,1.0,1.0,1.0,1.0,1.0,1.0
266.15000000000003,1.0,1.0,1.0,1.0,1.0,1.0,1.0
266.2,1.0,1.0,1.0,1.0,1.0,1.0,1.0
266.25,1.0,1.0,1.0,1.0,1.0,1.0,1.0
266.3,1.0,1.0,1.0,1.0,1.0,1.0,1.0
266.35,1.0,1.0,1.0,1.0,1.0,1.0,1.0
266.40000000000003,1.0,1.0,1.0,1.0,1.0,1.0,1.0
266.45,1.0,1.0,1.0,1.0,1.0,1.0,1.0
266.5,1.0,1.0,1.0,1.0,1.0,1.0,1.0
266.55,1.0,1.0,1.0,1.0,1.0,1.0,1.0
266.6,1.0,1.0,1.0,1.0,1.0,1.0,1.0
266.65000000000003,1.0,1.0,1.0,1.0,1.0,1.0,1.0
266.7,1.0,1.0,1.0,1.0,1.0,1.0,1.0
266.75,1.0,1.0,1.0,1.0,1.0,1.0,1.0
266.8,1.0,1.0,1.0,1.0,1.0,1.0,1.0
266.85,1.0,1.0,1.0,1.0,1.0,1.0,1.0
266.90000000000003,1.0,1.0,1.0,1.0,1.0,1.0,1.0
266.95,1.0,1.0,1.0,1.0,1.0,1.0,1.0
267.0,1.0,1.0,1.0,1.0,1.0,1.0,1.0
267.05,1.0,1.0,1.0,1.0,1.0,1.0,1.0
267.1,1.0,1.0,1.0,1.0,1.0,1.0,1.0
267.15000000000003,1.0,1.0,1.0,1.0,1.0,1.0,1.0
267.2,1.0,1.0,1.0,1.0,1.0,1.0,1.0
267.25,1.0,1.0,1.0,1.0,1.0,1.0,1.0
267.3,1.0,1.0,1.0,1.0,1.0,1.0,1.0
267.35,1.0,1.0,1.0,1.0,1.0,1.0,1.0
267.40000000000003,1.0,1.0,1.0,1.0,1.0,1.0,1.0
267.45,1.0,1.0,1.0,1.0,1.0,1.0,1.0
267.5,1.0,1.0,1.0,1.0,1.0,1.0,1.0
267.55,1.0,1.0,1.0,1.0,1.0,1.0,1.0
267.6,1.0,1.0,1.0,1.0,1.0,1.0,1.0
267.65000000000003,1.0,1.0,1.0,1.0,1.0,1.0,1.0
267.7,1.0,1.0,1.0,1.0,1.0,1.0,1.0
267.75,1.0,1.0,1.0,1.0,1.0,1.0,1.0
267.8,1.0,1.0,1.0,1.0,1.0,1.0,1.0
267.85,1.0,1.0,1.0,1.0,1.0,1.0,1.0
267.90000000000003,1.0,1.0,1.0,1.0,1.0,1.0,1.0
267.95,1.0,1.0,1.0,1.0,1.0,1.0,1.0
268.0,1.0,1.0,1.0,1.0,1.0,1.0,1.0
268.05,1.0,1.0,1.0,1.0,1.0,1.0,1.0
268.1,1.0,1.0,1.0,1.0,1.0,1.0,1.0
268.15000000000003,1.0,1.0,1.0,1.0,1.0,1.0,1.0
268.2,1.0,1.0,1.0,1.0,1.0,1.0,1.0
268.25,1.0,1.0,1.0,1.0,1.0,1.0,1.0
268.3,1.0,1.0,1.0,1.0,1.0,1.0,1.0
268.35,1.0,1.0,1.0,1.0,1.0,1.0,1.0
268.40000000000003,1.0,1.0,1.0,1.0,1.0,1.0,1.0
268.45,1.0,1.0,1.0,1.0,1.0,1.0,1.0
268.5,1.0,1.0,1.0,1.0,1.0,1.0,1.0
268.55,1.0,1.0,1.0,1.0,1.0,1.0,1.0
268.6,1.0,1.0,1.0,1.0,1.0,1.0,1.0
268.65000000000003,1.0,1.0,1.0,1.0,1.0,1.0,1.0
268.7,1.0,1.0,1.0,1.0,1.0,1.0,1.0
268.75,1.0,1.0,1.0,1.0,1.0,1.0,1.0
268.8,1.0,1.0,1.0,1.0,1.0,1.0,1.0
268.85,1.0,1.0,1.0,1.0,1.0,1.0,1.0
268.90000000000003,1.0,1.0,1.0,1.0,1.0,1.0,1.0
268.95,1.0,1.0,1.0,1.0,1.0,1.0,1.0
269.0,1.0,1.0,1.0,1.0,1.0,1.0,1.0
269.05,1.0,1.0,1.0,1.0,1.0,1.0,1.0
269.1,1.0,1.0,1.0,1.0,1.0,1.0,1.0
269.15000000000003,1.0,1.0,1.0,1.0,1.0,1.0,1.0
269.2,1.0,1.0,1.0,1.0,1.0,1.0,1.0
269.25,1.0,1.0,1.0,1.0,1.0,1.0,1.0
269.3,1.0,1.0,1.0,1.0,1.0,1.0,1.0
269.35,1.0,1.0,1.0,1.0,1.0,1.0,1.0
269.40000000000003,1.0,1.0,1.0,1.0,1.0,1.0,1.0
269.45,1.0,1.0,1.0,1.0,1.0,1.0,1.0
269.5,1.0,1.0,1.0,1.0,1.0,1.0,1.0
269.55,1.0,1.0,1.0,1.0,1.0,1.0,1.0
269.6,1.0,1.0,1.0,1.0,1.0,1.0,1.0
269.65000000000003,1.0,1.0,1.0,1.0,1.0,1.0,1.0
269.7,1.0,1.0,1.0,1.0,1.0,1.0,1.0
269.75,1.0,1.0,1.0,1.0,1.0,1.0,1.0
269.8,1.0,1.0,1.0,1.0,1.0,1.0,1.0
269.85,1.0,1.0,1.0,1.0,1.0,1.0,1.0
269.90000000000003,1.0,1.0,1.0,1.0,1.0,1.0,1.0
269.95,1.0,1.0,1.0,1.0,1.0,1.0,1.0
270.0,1.0,1.0,1.0,1.0,1.0,1.0,1.0
270.05,1.0,1.0,1.0,1.0,1.0,1.0,1.0
270.1,1.0,1.0,1.0,1.0,1.0,1.0,1.0
270.15000000000003,1.0,1.0,1.0,1.0,1.0,1.0,1.0
270.2,1.0,1.0,1.0,1.0,1.0,1.0,1.0
270.25,1.0,1.0,1.0,1.0,1.0,1.0,1.0
270.3,1.0,1.0,1.0,1.0,1.0,1.0,1.0
270.35,1.0,1.0,1.0,1.0,1.0,1.0,1.0
270.40000000000003,1.0,1.0,1.0,1.0,1.0,1.0,1.0
270.45,1.0,1.0,1.0,1.0,1.0,1.0,1.0
270.5,1.0,1.0,1.0,1.0,1.0,1.0,1.0
270.55,1.0,1.0,1.0,1.0,1.0,1.0,1.0
270.6,1.0,1.0,1.0,1.0,1.0,1.0,1.0
270.65000000000003,1.0,1.0,1.0,1.0,1.0,1.0,1.0
270.7,1.0,1.0,1.0,1.0,1.0,1.0,1.0
270.75,1.0,1.0,1.0,1.0,1.0,1.0,1.0
270.8,1.0,1.0,1.0,1.0,1.0,1.0,1.0
270.85,1.0,1.0,1.0,1.0,1.0,1.0,1.0
270.90000000000003,1.0,1.0,1.0,1.0,1.0,1.0,1.0
270.95,1.0,1.0,1.0,1.0,1.0,1.0,1.0
271.0,1.0,1.0,1.0,1.0,1.0,1.0,1.0
271.05,1.0,1.0,1.0,1.0,1.0,1.0,1.0
271.1,1.0,1.0,1.0,1.0,1.0,1.0,1.0
271.15000000000003,1.0,1.0,1.0,1.0,1.0,1.0,1.0
271.2,1.0,1.0,1.0,1.0,1.0,1.0,1.0
271.25,1.0,1.0,1.0,1.0,1.0,1.0,1.0
271.3,1.0,1.0,1.0,1.0,1.0,1.0,1.0
271.35,1.0,1.0,1.0,1.0,1.0,1.0,1.0
271.40000000000003,1.0,1.0,1.0,1.0,1.0,1.0,1.0
271.45,1.0,1.0,1.0,1.0,1.0,1.0,1.0
271.5,1.0,1.0,1.0,1.0,1.0,1.0,1.0
271.55,1.0,1.0,1.0,1.0,1.0,1.0,1.0
271.6,1.0,1.0,1.0,1.0,1.0,1.0,1.0
271.65000000000003,1.0,1.0,1.0,1.0,1.0,1.0,1.0
271.7,1.0,1.0,1.0,1.0,1.0,1.0,1.0
271.75,1.0,1.0,1.0,1.0,1.0,1.0,1.0
271.8,1.0,1.0,1.0,1.0,1.0,1.0,1.0
271.85,1.0,1.0,1.0,1.0,1.0,1.0,1.0
271.90000000000003,1.0,1.0,1.0,1.0,1.0,1.0,1.0
271.95,1.0,1.0,1.0,1.0,1.0,1.0,1.0
272.0,1.0,1.0,1.0,1.0,1.0,1.0,1.0
272.05,1.0,1.0,1.0,1.0,1.0,1.0,1.0
272.1,1.0,1.0,1.0,1.0,1.0,1.0,1.0
272.15000000000003,1.0,1.0,1.0,1.0,1.0,1.0,1.0
272.2,1.0,1.0,1.0,1.0,1.0,1.0,1.0
272.25,1.0,1.0,1.0,1.0,1.0,1.0,1.0
272.3,1.0,1.0,1.0,1.0,1.0,1.0,1.0
272.35,1.0,1.0,1.0,1.0,1.0,1.0,1.0
272.40000000000003,1.0,1.0,1.0,1.0,1.0,1.0,1.0
272.45,1.0,1.0,1.0,1.0,1.0,1.0,1.0
272.5,1.0,1.0,1.0,1.0,1.0,1.0,1.0
272.55,1.0,1.0,1.0,1.0,1.0,1.0,1.0
272.6,1.0,1.0,1.0,1.0,1.0,1.0,1.0
272.65000000000003,1.0,1.0,1.0,1.0,1.0,1.0,1.0
272.7,1.0,1.0,1.0,1.0,1.0,1.0,1.0
272.75,1.0,1.0,1.0,1.0,1.0,1.0,1.0
272.8,1.0,1.0,1.0,1.0,1.0,1.0,1.0
272.85,1.0,1.0,1.0,1.0,1.0,1.0,1.0
272.90000000000003,1.0,1.0,1.0,1.0,1.0,1.0,1.0
272.95,1.0,1.0,1.0,1.0,1.0,1.0,1.0
273.0,1.0,1.0,1.0,1.0,1.0,1.0,1.0
273.05,1.0,1.0,1.0,1.0,1.0,1.0,1.0
273.1,1.0,1.0,1.0,1.0,1.0,1.0,1.0
273.15000000000003,1.0,1.0,1.0,1.0,1.0,1.0,1.0
273.2,1.0,1.0,1.0,1.0,1.0,1.0,1.0
273.25,1.0,1.0,1.0,1.0,1.0,1.0,1.0
273.3,1.0,1.0,1.0,1.0,1.0,1.0,1.0
273.35,1.0,1.0,1.0,1.0,1.0,1.0,1.0
273.40000000000003,1.0,1.0,1.0,1.0,1.0,1.0,1.0
273.45,1.0,1.0,1.0,1.0,1.0,1.0,1.0
273.5,1.0,1.0,1.0,1.0,1.0,1.0,1.0
273.55,1.0,1.0,1.0,1.0,1.0,1.0,1.0
273.6,1.0,1.0,1.0,1.0,1.0,1.0,1.0
273.65000000000003,1.0,1.0,1.0,1.0,1.0,1.0,1.0
273.7,1.0,1.0,1.0,1.0,1.0,1.0,1.0
273.75,1.0,1.0,1.0,1.0,1.0,1.0,1.0
273.8,1.0,1.0,1.0,1.0,1.0,1.0,1.0
273.85,1.0,1.0,1.0,1.0,1.0,1.0,1.0
273.90000000000003,1.0,1.0,1.0,1.0,1.0,1.0,1.0
273.95,1.0,1.0,1.0,1.0,1.0,1.0,1.0
274.0,1.0,1.0,1.0,1.0,1.0,1.0,1.0
274.05,1.0,1.0,1.0,1.0,1.0,1.0,1.0
274.1,1.0,1.0,1.0,1.0,1.0,1.0,1.0
274.15000000000003,1.0,1.0,1.0,1.0,1.0,1.0,1.0
274.2,1.0,1.0,1.0,1.0,1.0,1.0,1.0
274.25,1.0,1.0,1.0,1.0,1.0,1.0,1.0
274.3,1.0,1.0,1.0,1.0,1.0,1.0,1.0
274.35,1.0,1.0,1.0,1.0,1.0,1.0,1.0
274.40000000000003,1.0,1.0,1.0,1.0,1.0,1.0,1.0
274.45,1.0,1.0,1.0,1.0,1.0,1.0,1.0
274.5,1.0,1.0,1.0,1.0,1.0,1.0,1.0
274.55,1.0,1.0,1.0,1.0,1.0,1.0,1.0
274.6,1.0,1.0,1.0,1.0,1.0,1.0,1.0
274.65000000000003,1.0,1.0,1.0,1.0,1.0,1.0,1.0
274.7,1.0,1.0,1.0,1.0,1.0,1.0,1.0
274.75,1.0,1.0,1.0,1.0,1.0,1.0,1.0
274.8,1.0,1.0,1.0,1.0,1.0,1.0,1.0
274.85,1.0,1.0,1.0,1.0,1.0,1.0,1.0
274.90000000000003,1.0,1.0,1.0,1.0,1.0,1.0,1.0
274.95,1.0,1.0,1.0,1.0,1.0,1.0,1.0
275.0,1.0,1.0,1.0,1.0,1.0,1.0,1.0
275.05,1.0,1.0,1.0,1.0,1.0,1.0,1.0
275.1,1.0,1.0,1.0,1.0,1.0,1.0,1.0
275.15000000000003,1.0,1.0,1.0,1.0,1.0,1.0,1.0
275.2,1.0,1.0,1.0,1.0,1.0,1.0,1.0
275.25,1.0,1.0,1.0,1.0,1.0,1.0,1.0
275.3,1.0,1.0,1.0,1.0,1.0,1.0,1.0
275.35,1.0,1.0,1.0,1.0,1.0,1.0,1.0
275.40000000000003,1.0,1.0,1.0,1.0,1.0,1.0,1.0
275.45,1.0,1.0,1.0,1.0,1.0,1.0,1.0
275.5,1.0,1.0,1.0,1.0,1.0,1.0,1.0
275.55,1.0,1.0,1.0,1.0,1.0,1.0,1.0
275.6,1.0,1.0,1.0,1.0,1.0,1.0,1.0
275.65000000000003,1.0,1.0,1.0,1.0,1.0,1.0,1.0
275.7,1.0,1.0,1.0,1.0,1.0,1.0,1.0
275.75,1.0,1.0,1.0,1.0,1.0,1.0,1.0
275.8,1.0,1.0,1.0,1.0,1.0,1.0,1.0
275.85,1.0,1.0,1.0,1.0,1.0,1.0,1.0
275.90000000000003,1.0,1.0,1.0,1.0,1.0,1.0,1.0
275.95,1.0,1.0,1.0,1.0,1.0,1.0,1.0
276.0,1.0,1.0,1.0,1.0,1.0,1.0,1.0
276.05,1.0,1.0,1.0,1.0,1.0,1.0,1.0
276.1,1.0,1.0,1.0,1.0,1.0,1.0,1.0
276.15000000000003,1.0,1.0,1.0,1.0,1.0,1.0,1.0
276.2,1.0,1.0,1.0,1.0,1.0,1.0,1.0
276.25,1.0,1.0,1.0,1.0,1.0,1.0,1.0
276.3,1.0,1.0,1.0,1.0,1.0,1.0,1.0
276.35,1.0,1.0,1.0,1.0,1.0,1.0,1.0
276.40000000000003,1.0,1.0,1.0,1.0,1.0,1.0,1.0
276.45,1.0,1.0,1.0,1.0,1.0,1.0,1.0
276.5,1.0,1.0,1.0,1.0,1.0,1.0,1.0
276.55,1.0,1.0,1.0,1.0,1.0,1.0,1.0
276.6,1.0,1.0,1.0,1.0,1.0,1.0,1.0
276.65000000000003,1.0,1.0,1.0,1.0,1.0,1.0,1.0
276.7,1.0,1.0,1.0,1.0,1.0,1.0,1.0
276.75,1.0,1.0,1.0,1.0,1.0,1.0,1.0
276.8,1.0,1.0,1.0,1.0,1.0,1.0,1.0
276.85,1.0,1.0,1.0,1.0,1.0,1.0,1.0
276.90000000000003,1.0,1.0,1.0,1.0,1.0,1.0,1.0
276.95,1.0,1.0,1.0,1.0,1.0,1.0,1.0
277.0,1.0,1.0,1.0,1.0,1.0,1.0,1.0
277.05,1.0,1.0,1.0,1.0,1.0,1.0,1.0
277.1,1.0,1.0,1.0,1.0,1.0,1.0,1.0
277.15000000000003,1.0,1.0,1.0,1.0,1.0,1.0,1.0
277.2,1.0,1.0,1.0,1.0,1.0,1.0,1.0
277.25,1.0,1.0,1.0,1.0,1.0,1.0,1.0
277.3,1.0,1.0,1.0,1.0,1.0,1.0,1.0
277.35,1.0,1.0,1.0,1.0,1.0,1.0,1.0
277.40000000000003,1.0,1.0,1.0,1.0,1.0,1.0,1.0
277.45,1.0,1.0,1.0,1.0,1.0,1.0,1.0
277.5,1.0,1.0,1.0,1.0,1.0,1.0,1.0
277.55,1.0,1.0,1.0,1.0,1.0,1.0,1.0
277.6,1.0,1.0,1.0,1.0,1.0,1.0,1.0
277.65000000000003,1.0,1.0,1.0,1.0,1.0,1.0,1.0
277.7,1.0,1.0,1.0,1.0,1.0,1.0,1.0
277.75,1.0,1.0,1.0,1.0,1.0,1.0,1.0
277.8,1.0,1.0,1.0,1.0,1.0,1.0,1.0
277.85,1.0,1.0,1.0,1.0,1.0,1.0,1.0
277.90000000000003,1.0,1.0,1.0,1.0,1.0,1.0,1.0
277.95,1.0,1.0,1.0,1.0,1.0,1.0,1.0
278.0,1.0,1.0,1.0,1.0,1.0,1.0,1.0
278.05,1.0,1.0,1.0,1.0,1.0,1.0,1.0
278.1,1.0,1.0,1.0,1.0,1.0,1.0,1.0
278.15000000000003,1.0,1.0,1.0,1.0,1.0,1.0,1.0
278.2,1.0,1.0,1.0,1.0,1.0,1.0,1.0
278.25,1.0,1.0,1.0,1.0,1.0,1.0,1.0
278.3,1.0,1.0,1.0,1.0,1.0,1.0,1.0
278.35,1.0,1.0,1.0,1.0,1.0,1.0,1.0
278.40000000000003,1.0,1.0,1.0,1.0,1.0,1.0,1.0
278.45,1.0,1.0,1.0,1.0,1.0,1.0,1.0
278.5,1.0,1.0,1.0,1.0,1.0,1.0,1.0
278.55,1.0,1.0,1.0,1.0,1.0,1.0,1.0
278.6,1.0,1.0,1.0,1.0,1.0,1.0,1.0
278.65000000000003,1.0,1.0,1.0,1.0,1.0,1.0,1.0
278.7,1.0,1.0,1.0,1.0,1.0,1.0,1.0
278.75,1.0,1.0,1.0,1.0,1.0,1.0,1.0
278.8,1.0,1.0,1.0,1.0,1.0,1.0,1.0
278.85,1.0,1.0,1.0,1.0,1.0,1.0,1.0
278.90000000000003,1.0,1.0,1.0,1.0,1.0,1.0,1.0
278.95,1.0,1.0,1.0,1.0,1.0,1.0,1.0
279.0,1.0,1.0,1.0,1.0,1.0,1.0,1.0
279.05,1.0,1.0,1.0,1.0,1.0,1.0,1.0
279.1,1.0,1.0,1.0,1.0,1.0,1.0,1.0
279.15000000000003,1.0,1.0,1.0,1.0,1.0,1.0,1.0
279.2,1.0,1.0,1.0,1.0,1.0,1.0,1.0
279.25,1.0,1.0,1.0,1.0,1.0,1.0,1.0
279.3,1.0,1.0,1.0,1.0,1.0,1.0,1.0
279.35,1.0,1.0,1.0,1.0,1.0,1.0,1.0
279.40000000000003,1.0,1.0,1.0,1.0,1.0,1.0,1.0
279.45,1.0,1.0,1.0,1.0,1.0,1.0,1.0
279.5,1.0,1.0,1.0,1.0,1.0,1.0,1.0
279.55,1.0,1.0,1.0,1.0,1.0,1.0,1.0
279.6,1.0,1.0,1.0,1.0,1.0,1.0,1.0
279.65000000000003,1.0,1.0,1.0,1.0,1.0,1.0,1.0
279.7,1.0,1.0,1.0,1.0,1.0,1.0,1.0
279.75,1.0,1.0,1.0,1.0,1.0,1.0,1.0
279.8,1.0,1.0,1.0,1.0,1.0,1.0,1.0
279.85,1.0,1.0,1.0,1.0,1.0,1.0,1.0
279.90000000000003,1.0,1.0,1.0,1.0,1.0,1.0,1.0
279.95,1.0,1.0,1.0,1.0,1.0,1.0,1.0
280.0,1.0,1.0,1.0,1.0,1.0,1.0,1.0
280.05,1.0,1.0,1.0,1.0,1.0,1.0,1.0
280.1,1.0,1.0,1.0,1.0,1.0,1.0,1.0
280.15000000000003,1.0,1.0,1.0,1.0,1.0,1.0,1.0
280.2,1.0,1.0,1.0,1.0,1.0,1.0,1.0
280.25,1.0,1.0,1.0,1.0,1.0,1.0,1.0
280.3,1.0,1.0,1.0,1.0,1.0,1.0,1.0
280.35,1.0,1.0,1.0,1.0,1.0,1.0,1.0
280.40000000000003,1.0,1.0,1.0,1.0,1.0,1.0,1.0
280.45,1.0,1.0,1.0,1.0,1.0,1.0,1.0
280.5,1.0,1.0,1.0,1.0,1.0,1.0,1.0
280.55,1.0,1.0,1.0,1.0,1.0,1.0,1.0
280.6,1.0,1.0,1.0,1.0,1.0,1.0,1.0
280.65000000000003,1.0,1.0,1.0,1.0,1.0,1.0,1.0
280.7,1.0,1.0,1.0,1.0,1.0,1.0,1.0
280.75,1.0,1.0,1.0,1.0,1.0,1.0,1.0
280.8,1.0,1.0,1.0,1.0,1.0,1.0,1.0
280.85,1.0,1.0,1.0,1.0,1.0,1.0,1.0
280.90000000000003,1.0,1.0,1.0,1.0,1.0,1.0,1.0
280.95,1.0,1.0,1.0,1.0,1.0,1.0,1.0
281.0,1.0,1.0,1.0,1.0,1.0,1.0,1.0
281.05,1.0,1.0,1.0,1.0,1.0,1.0,1.0
281.1,1.0,1.0,1.0,1.0,1.0,1.0,1.0
281.15000000000003,1.0,1.0,1.0,1.0,1.0,1.0,1.0
281.2,1.0,1.0,1.0,1.0,1.0,1.0,1.0
281.25,1.0,1.0,1.0,1.0,1.0,1.0,1.0
281.3,1.0,1.0,1.0,1.0,1.0,1.0,1.0
281.35,1.0,1.0,1.0,1.0,1.0,1.0,1.0
281.40000000000003,1.0,1.0,1.0,1.0,1.0,1.0,1.0
281.45,1.0,1.0,1.0,1.0,1.0,1.0,1.0
281.5,1.0,1.0,1.0,1.0,1.0,1.0,1.0
281.55,1.0,1.0,1.0,1.0,1.0,1.0,1.0
281.6,1.0,1.0,1.0,1.0,1.0,1.0,1.0
281.65000000000003,1.0,1.0,1.0,1.0,1.0,1.0,1.0
281.7,1.0,1.0,1.0,1.0,1.0,1.0,1.0
281.75,1.0,1.0,1.0,1.0,1.0,1.0,1.0
281.8,1.0,1.0,1.0,1.0,1.0,1.0,1.0
281.85,1.0,1.0,1.0,1.0,1.0,1.0,1.0
281.90000000000003,1.0,1.0,1.0,1.0,1.0,1.0,1.0
281.95,1.0,1.0,1.0,1.0,1.0,1.0,1.0
282.0,1.0,1.0,1.0,1.0,1.0,1.0,1.0
282.05,1.0,1.0,1.0,1.0,1.0,1.0,1.0
282.1,1.0,1.0,1.0,1.0,1.0,1.0,1.0
282.15000000000003,1.0,1.0,1.0,1.0,1.0,1.0,1.0
282.2,1.0,1.0,1.0,1.0,1.0,1.0,1.0
282.25,1.0,1.0,1.0,1.0,1.0,1.0,1.0
282.3,1.0,1.0,1.0,1.0,1.0,1.0,1.0
282.35,1.0,1.0,1.0,1.0,1.0,1.0,1.0
282.40000000000003,1.0,1.0,1.0,1.0,1.0,1.0,1.0
282.45,1.0,1.0,1.0,1.0,1.0,1.0,1.0
282.5,1.0,1.0,1.0,1.0,1.0,1.0,1.0
282.55,1.0,1.0,1.0,1.0,1.0,1.0,1.0
282.6,1.0,1.0,1.0,1.0,1.0,1.0,1.0
282.65000000000003,1.0,1.0,1.0,1.0,1.0,1.0,1.0
282.7,1.0,1.0,1.0,1.0,1.0,1.0,1.0
282.75,1.0,1.0,1.0,1.0,1.0,1.0,1.0
282.8,1.0,1.0,1.0,1.0,1.0,1.0,1.0
282.85,1.0,1.0,1.0,1.0,1.0,1.0,1.0
282.90000000000003,1.0,1.0,1.0,1.0,1.0,1.0,1.0
282.95,1.0,1.0,1.0,1.0,1.0,1.0,1.0
283.0,1.0,1.0,1.0,1.0,1.0,1.0,1.0
283.05,1.0,1.0,1.0,1.0,1.0,1.0,1.0
283.1,1.0,1.0,1.0,1.0,1.0,1.0,1.0
283.15000000000003,1.0,1.0,1.0,1.0,1.0,1.0,1.0
283.2,1.0,1.0,1.0,1.0,1.0,1.0,1.0
283.25,1.0,1.0,1.0,1.0,1.0,1.0,1.0
283.3,1.0,1.0,1.0,1.0,1.0,1.0,1.0
283.35,1.0,1.0,1.0,1.0,1.0,1.0,1.0
283.40000000000003,1.0,1.0,1.0,1.0,1.0,1.0,1.0
283.45,1.0,1.0,1.0,1.0,1.0,1.0,1.0
283.5,1.0,1.0,1.0,1.0,1.0,1.0,1.0
283.55,1.0,1.0,1.0,1.0,1.0,1.0,1.0
283.6,1.0,1.0,1.0,1.0,1.0,1.0,1.0
283.65000000000003,1.0,1.0,1.0,1.0,1.0,1.0,1.0
283.7,1.0,1.0,1.0,1.0,1.0,1.0,1.0
283.75,1.0,1.0,1.0,1.0,1.0,1.0,1.0
283.8,1.0,1.0,1.0,1.0,1.0,1.0,1.0
283.85,1.0,1.0,1.0,1.0,1.0,1.0,1.0
283.90000000000003,1.0,1.0,1.0,1.0,1.0,1.0,1.0
283.95,1.0,1.0,1.0,1.0,1.0,1.0,1.0
284.0,1.0,1.0,1.0,1.0,1.0,1.0,1.0
284.05,1.0,1.0,1.0,1.0,1.0,1.0,1.0
284.1,1.0,1.0,1.0,1.0,1.0,1.0,1.0
284.15000000000003,1.0,1.0,1.0,1.0,1.0,1.0,1.0
284.2,1.0,1.0,1.0,1.0,1.0,1.0,1.0
284.25,1.0,1.0,1.0,1.0,1.0,1.0,1.0
284.3,1.0,1.0,1.0,1.0,1.0,1.0,1.0
284.35,1.0,1.0,1.0,1.0,1.0,1.0,1.0
284.40000000000003,1.0,1.0,1.0,1.0,1.0,1.0,1.0
284.45,1.0,1.0,1.0,1.0,1.0,1.0,1.0
284.5,1.0,1.0,1.0,1.0,1.0,1.0,1.0
284.55,1.0,1.0,1.0,1.0,1.0,1.0,1.0
284.6,1.0,1.0,1.0,1.0,1.0,1.0,1.0
284.65000000000003,1.0,1.0,1.0,1.0,1.0,1.0,1.0
284.7,1.0,1.0,1.0,1.0,1.0,1.0,1.0
284.75,1.0,1.0,1.0,1.0,1.0,1.0,1.0
284.8,1.0,1.0,1.0,1.0,1.0,1.0,1.0
284.85,1.0,1.0,1.0,1.0,1.0,1.0,1.0
284.90000000000003,1.0,1.0,1.0,1.0,1.0,1.0,1.0
284.95,1.0,1.0,1.0,1.0,1.0,1.0,1.0
285.0,1.0,1.0,1.0,1.0,1.0,1.0,1.0
285.05,1.0,1.0,1.0,1.0,1.0,1.0,1.0
285.1,1.0,1.0,1.0,1.0,1.0,1.0,1.0
285.15000000000003,1.0,1.0,1.0,1.0,1.0,1.0,1.0
285.2,1.0,1.0,1.0,1.0,1.0,1.0,1.0
285.25,1.0,1.0,1.0,1.0,1.0,1.0,1.0
285.3,1.0,1.0,1.0,1.0,1.0,1.0,1.0
285.35,1.0,1.0,1.0,1.0,1.0,1.0,1.0
285.40000000000003,1.0,1.0,1.0,1.0,1.0,1.0,1.0
285.45,1.0,1.0,1.0,1.0,1.0,1.0,1.0
285.5,1.0,1.0,1.0,1.0,1.0,1.0,1.0
285.55,1.0,1.0,1.0,1.0,1.0,1.0,1.0
285.6,1.0,1.0,1.0,1.0,1.0,1.0,1.0
285.65000000000003,1.0,1.0,1.0,1.0,1.0,1.0,1.0
285.7,1.0,1.0,1.0,1.0,1.0,1.0,1.0
285.75,1.0,1.0,1.0,1.0,1.0,1.0,1.0
285.8,1.0,1.0,1.0,1.0,1.0,1.0,1.0
285.85,1.0,1.0,1.0,1.0,1.0,1.0,1.0
285.90000000000003,1.0,1.0,1.0,1.0,1.0,1.0,1.0
285.95,1.0,1.0,1.0,1.0,1.0,1.0,1.0
286.0,1.0,1.0,1.0,1.0,1.0,1.0,1.0
286.05,1.0,1.0,1.0,1.0,1.0,1.0,1.0
286.1,1.0,1.0,1.0,1.0,1.0,1.0,1.0
286.15000000000003,1.0,1.0,1.0,1.0,1.0,1.0,1.0
286.2,1.0,1.0,1.0,1.0,1.0,1.0,1.0
286.25,1.0,1.0,1.0,1.0,1.0,1.0,1.0
286.3,1.0,1.0,1.0,1.0,1.0,1.0,1.0
286.35,1.0,1.0,1.0,1.0,1.0,1.0,1.0
286.40000000000003,1.0,1.0,1.0,1.0,1.0,1.0,1.0
286.45,1.0,1.0,1.0,1.0,1.0,1.0,1.0
286.5,1.0,1.0,1.0,1.0,1.0,1.0,1.0
286.55,1.0,1.0,1.0,1.0,1.0,1.0,1.0
286.6,1.0,1.0,1.0,1.0,1.0,1.0,1.0
286.65000000000003,1.0,1.0,1.0,1.0,1.0,1.0,1.0
286.7,1.0,1.0,1.0,1.0,1.0,1.0,1.0
286.75,1.0,1.0,1.0,1.0,1.0,1.0,1.0
286.8,1.0,1.0,1.0,1.0,1.0,1.0,1.0
286.85,1.0,1.0,1.0,1.0,1.0,1.0,1.0
286.90000000000003,1.0,1.0,1.0,1.0,1.0,1.0,1.0
286.95,1.0,1.0,1.0,1.0,1.0,1.0,1.0
287.0,1.0,1.0,1.0,1.0,1.0,1.0,1.0
287.05,1.0,1.0,1.0,1.0,1.0,1.0,1.0
287.1,1.0,1.0,1.0,1.0,1.0,1.0,1.0
287.15000000000003,1.0,1.0,1.0,1.0,1.0,1.0,1.0
287.2,1.0,1.0,1.0,1.0,1.0,1.0,1.0
287.25,1.0,1.0,1.0,1.0,1.0,1.0,1.0
287.3,1.0,1.0,1.0,1.0,1.0,1.0,1.0
287.35,1.0,1.0,1.0,1.0,1.0,1.0,1.0
287.40000000000003,1.0,1.0,1.0,1.0,1.0,1.0,1.0
287.45,1.0,1.0,1.0,1.0,1.0,1.0,1.0
287.5,1.0,1.0,1.0,1.0,1.0,1.0,1.0
287.55,1.0,1.0,1.0,1.0,1.0,1.0,1.0
287.6,1.0,1.0,1.0,1.0,1.0,1.0,1.0
287.65000000000003,1.0,1.0,1.0,1.0,1.0,1.0,1.0
287.7,1.0,1.0,1.0,1.0,1.0,1.0,1.0
287.75,1.0,1.0,1.0,1.0,1.0,1.0,1.0
287.8,1.0,1.0,1.0,1.0,1.0,1.0,1.0
287.85,1.0,1.0,1.0,1.0,1.0,1.0,1.0
287.90000000000003,1.0,1.0,1.0,1.0,1.0,1.0,1.0
287.95,1.0,1.0,1.0,1.0,1.0,1.0,1.0
288.0,1.0,1.0,1.0,1.0,1.0,1.0,1.0
288.05,1.0,1.0,1.0,1.0,1.0,1.0,1.0
288.1,1.0,1.0,1.0,1.0,1.0,1.0,1.0
288.15000000000003,1.0,1.0,1.0,1.0,1.0,1.0,1.0
288.2,1.0,1.0,1.0,1.0,1.0,1.0,1.0
288.25,1.0,1.0,1.0,1.0,1.0,1.0,1.0
288.3,1.0,1.0,1.0,1.0,1.0,1.0,1.0
288.35,1.0,1.0,1.0,1.0,1.0,1.0,1.0
288.40000000000003,1.0,1.0,1.0,1.0,1.0,1.0,1.0
288.45,1.0,1.0,1.0,1.0,1.0,1.0,1.0
288.5,1.0,1.0,1.0,1.0,1.0,1.0,1.0
288.55,1.0,1.0,1.0,1.0,1.0,1.0,1.0
288.6,1.0,1.0,1.0,1.0,1.0,1.0,1.0
288.65000000000003,1.0,1.0,1.0,1.0,1.0,1.0,1.0
288.7,1.0,1.0,1.0,1.0,1.0,1.0,1.0
288.75,1.0,1.0,1.0,1.0,1.0,1.0,1.0
288.8,1.0,1.0,1.0,1.0,1.0,1.0,1.0
288.85,1.0,1.0,1.0,1.0,1.0,1.0,1.0
288.90000000000003,1.0,1.0,1.0,1.0,1.0,1.0,1.0
288.95,1.0,1.0,1.0,1.0,1.0,1.0,1.0
289.0,1.0,1.0,1.0,1.0,1.0,1.0,1.0
289.05,1.0,1.0,1.0,1.0,1.0,1.0,1.0
289.1,1.0,1.0,1.0,1.0,1.0,1.0,1.0
289.15000000000003,1.0,1.0,1.0,1.0,1.0,1.0,1.0
289.2,1.0,1.0,1.0,1.0,1.0,1.0,1.0
289.25,1.0,1.0,1.0,1.0,1.0,1.0,1.0
289.3,1.0,1.0,1.0,1.0,1.0,1.0,1.0
289.35,1.0,1.0,1.0,1.0,1.0,1.0,1.0
289.40000000000003,1.0,1.0,1.0,1.0,1.0,1.0,1.0
289.45,1.0,1.0,1.0,1.0,1.0,1.0,1.0
289.5,1.0,1.0,1.0,1.0,1.0,1.0,1.0
289.55,1.0,1.0,1.0,1.0,1.0,1.0,1.0
289.6,1.0,1.0,1.0,1.0,1.0,1.0,1.0
289.65000000000003,1.0,1.0,1.0,1.0,1.0,1.0,1.0
289.7,1.0,1.0,1.0,1.0,1.0,1.0,1.0
289.75,1.0,1.0,1.0,1.0,1.0,1.0,1.0
289.8,1.0,1.0,1.0,1.0,1.0,1.0,1.0
289.85,1.0,1.0,1.0,1.0,1.0,1.0,1.0
289.90000000000003,1.0,1.0,1.0,1.0,1.0,1.0,1.0
289.95,1.0,1.0,1.0,1.0,1.0,1.0,1.0
290.0,1.0,1.0,1.0,1.0,1.0,1.0,1.0
290.05,1.0,1.0,1.0,1.0,1.0,1.0,1.0
290.1,1.0,1.0,1.0,1.0,1.0,1.0,1.0
290.15000000000003,1.0,1.0,1.0,1.0,1.0,1.0,1.0
290.2,1.0,1.0,1.0,1.0,1.0,1.0,1.0
290.25,1.0,1.0,1.0,1.0,1.0,1.0,1.0
290.3,1.0,1.0,1.0,1.0,1.0,1.0,1.0
290.35,1.0,1.0,1.0,1.0,1.0,1.0,1.0
290.40000000000003,1.0,1.0,1.0,1.0,1.0,1.0,1.0
290.45,1.0,1.0,1.0,1.0,1.0,1.0,1.0
290.5,1.0,1.0,1.0,1.0,1.0,1.0,1.0
290.55,1.0,1.0,1.0,1.0,1.0,1.0,1.0
290.6,1.0,1.0,1.0,1.0,1.0,1.0,1.0
290.65000000000003,1.0,1.0,1.0,1.0,1.0,1.0,1.0
290.7,1.0,1.0,1.0,1.0,1.0,1.0,1.0
290.75,1.0,1.0,1.0,1.0,1.0,1.0,1.0
290.8,1.0,1.0,1.0,1.0,1.0,1.0,1.0
290.85,1.0,1.0,1.0,1.0,1.0,1.0,1.0
290.90000000000003,1.0,1.0,1.0,1.0,1.0,1.0,1.0
290.95,1.0,1.0,1.0,1.0,1.0,1.0,1.0
291.0,1.0,1.0,1.0,1.0,1.0,1.0,1.0
291.05,1.0,1.0,1.0,1.0,1.0,1.0,1.0
291.1,1.0,1.0,1.0,1.0,1.0,1.0,1.0
291.15000000000003,1.0,1.0,1.0,1.0,1.0,1.0,1.0
291.2,1.0,1.0,1.0,1.0,1.0,1.0,1.0
291.25,1.0,1.0,1.0,1.0,1.0,1.0,1.0
291.3,1.0,1.0,1.0,1.0,1.0,1.0,1.0
291.35,1.0,1.0,1.0,1.0,1.0,1.0,1.0
291.40000000000003,1.0,1.0,1.0,1.0,1.0,1.0,1.0
291.45,1.0,1.0,1.0,1.0,1.0,1.0,1.0
291.5,1.0,1.0,1.0,1.0,1.0,1.0,1.0
291.55,1.0,1.0,1.0,1.0,1.0,1.0,1.0
291.6,1.0,1.0,1.0,1.0,1.0,1.0,1.0
291.65000000000003,1.0,1.0,1.0,1.0,1.0,1.0,1.0
291.7,1.0,1.0,1.0,1.0,1.0,1.0,1.0
291.75,1.0,1.0,1.0,1.0,1.0,1.0,1.0
291.8,1.0,1.0,1.0,1.0,1.0,1.0,1.0
291.85,1.0,1.0,1.0,1.0,1.0,1.0,1.0
291.90000000000003,1.0,1.0,1.0,1.0,1.0,1.0,1.0
291.95,1.0,1.0,1.0,1.0,1.0,1.0,1.0
292.0,1.0,1.0,1.0,1.0,1.0,1.0,1.0
292.05,1.0,1.0,1.0,1.0,1.0,1.0,1.0
292.1,1.0,1.0,1.0,1.0,1.0,1.0,1.0
292.15000000000003,1.0,1.0,1.0,1.0,1.0,1.0,1.0
292.2,1.0,1.0,1.0,1.0,1.0,1.0,1.0
292.25,1.0,1.0,1.0,1.0,1.0,1.0,1.0
292.3,1.0,1.0,1.0,1.0,1.0,1.0,1.0
292.35,1.0,1.0,1.0,1.0,1.0,1.0,1.0
292.40000000000003,1.0,1.0,1.0,1.0,1.0,1.0,1.0
292.45,1.0,1.0,1.0,1.0,1.0,1.0,1.0
292.5,1.0,1.0,1.0,1.0,1.0,1.0,1.0
292.55,1.0,1.0,1.0,1.0,1.0,1.0,1.0
292.6,1.0,1.0,1.0,1.0,1.0,1.0,1.0
292.65000000000003,1.0,1.0,1.0,1.0,1.0,1.0,1.0
292.7,1.0,1.0,1.0,1.0,1.0,1.0,1.0
292.75,1.0,1.0,1.0,1.0,1.0,1.0,1.0
292.8,1.0,1.0,1.0,1.0,1.0,1.0,1.0
292.85,1.0,1.0,1.0,1.0,1.0,1.0,1.0
292.90000000000003,1.0,1.0,1.0,1.0,1.0,1.0,1.0
292.95,1.0,1.0,1.0,1.0,1.0,1.0,1.0
293.0,1.0,1.0,1.0,1.0,1.0,1.0,1.0
293.05,1.0,1.0,1.0,1.0,1.0,1.0,1.0
293.1,1.0,1.0,1.0,1.0,1.0,1.0,1.0
293.15000000000003,1.0,1.0,1.0,1.0,1.0,1.0,1.0
293.2,1.0,1.0,1.0,1.0,1.0,1.0,1.0
293.25,1.0,1.0,1.0,1.0,1.0,1.0,1.0
293.3,1.0,1.0,1.0,1.0,1.0,1.0,1.0
293.35,1.0,1.0,1.0,1.0,1.0,1.0,1.0
293.40000000000003,1.0,1.0,1.0,1.0,1.0,1.0,1.0
293.45,1.0,1.0,1.0,1.0,1.0,1.0,1.0
293.5,1.0,1.0,1.0,1.0,1.0,1.0,1.0
293.55,1.0,1.0,1.0,1.0,1.0,1.0,1.0
293.6,1.0,1.0,1.0,1.0,1.0,1.0,1.0
293.65000000000003,1.0,1.0,1.0,1.0,1.0,1.0,1.0
293.7,1.0,1.0,1.0,1.0,1.0,1.0,1.0
293.75,1.0,1.0,1.0,1.0,1.0,1.0,1.0
293.8,1.0,1.0,1.0,1.0,1.0,1.0,1.0
293.85,1.0,1.0,1.0,1.0,1.0,1.0,1.0
293.90000000000003,1.0,1.0,1.0,1.0,1.0,1.0,1.0
293.95,1.0,1.0,1.0,1.0,1.0,1.0,1.0
294.0,1.0,1.0,1.0,1.0,1.0,1.0,1.0
294.05,1.0,1.0,1.0,1.0,1.0,1.0,1.0
294.1,1.0,1.0,1.0,1.0,1.0,1.0,1.0
294.15000000000003,1.0,1.0,1.0,1.0,1.0,1.0,1.0
294.2,1.0,1.0,1.0,1.0,1.0,1.0,1.0
294.25,1.0,1.0,1.0,1.0,1.0,1.0,1.0
294.3,1.0,1.0,1.0,1.0,1.0,1.0,1.0
294.35,1.0,1.0,1.0,1.0,1.0,1.0,1.0
294.40000000000003,1.0,1.0,1.0,1.0,1.0,1.0,1.0
294.45,1.0,1.0,1.0,1.0,1.0,1.0,1.0
294.5,1.0,1.0,1.0,1.0,1.0,1.0,1.0
294.55,1.0,1.0,1.0,1.0,1.0,1.0,1.0
294.6,1.0,1.0,1.0,1.0,1.0,1.0,1.0
294.65000000000003,1.0,1.0,1.0,1.0,1.0,1.0,1.0
294.7,1.0,1.0,1.0,1.0,1.0,1.0,1.0
294.75,1.0,1.0,1.0,1.0,1.0,1.0,1.0
294.8,1.0,1.0,1.0,1.0,1.0,1.0,1.0
294.85,1.0,1.0,1.0,1.0,1.0,1.0,1.0
294.90000000000003,1.0,1.0,1.0,1.0,1.0,1.0,1.0
294.95,1.0,1.0,1.0,1.0,1.0,1.0,1.0
295.0,1.0,1.0,1.0,1.0,1.0,1.0,1.0
295.05,1.0,1.0,1.0,1.0,1.0,1.0,1.0
295.1,1.0,1.0,1.0,1.0,1.0,1.0,1.0
295.15000000000003,1.0,1.0,1.0,1.0,1.0,1.0,1.0
295.2,1.0,1.0,1.0,1.0,1.0,1.0,1.0
295.25,1.0,1.0,1.0,1.0,1.0,1.0,1.0
295.3,1.0,1.0,1.0,1.0,1.0,1.0,1.0
295.35,1.0,1.0,1.0,1.0,1.0,1.0,1.0
295.40000000000003,1.0,1.0,1.0,1.0,1.0,1.0,1.0
295.45,1.0,1.0,1.0,1.0,1.0,1.0,1.0
295.5,1.0,1.0,1.0,1.0,1.0,1.0,1.0
295.55,1.0,1.0,1.0,1.0,1.0,1.0,1.0
295.6,1.0,1.0,1.0,1.0,1.0,1.0,1.0
295.65000000000003,1.0,1.0,1.0,1.0,1.0,1.0,1.0
295.7,1.0,1.0,1.0,1.0,1.0,1.0,1.0
295.75,1.0,1.0,1.0,1.0,1.0,1.0,1.0
295.8,1.0,1.0,1.0,1.0,1.0,1.0,1.0
295.85,1.0,1.0,1.0,1.0,1.0,1.0,1.0
295.90000000000003,1.0,1.0,1.0,1.0,1.0,1.0,1.0
295.95,1.0,1.0,1.0,1.0,1.0,1.0,1.0
296.0,1.0,1.0,1.0,1.0,1.0,1.0,1.0
296.05,1.0,1.0,1.0,1.0,1.0,1.0,1.0
296.1,1.0,1.0,1.0,1.0,1.0,1.0,1.0
296.15000000000003,1.0,1.0,1.0,1.0,1.0,1.0,1.0
296.2,1.0,1.0,1.0,1.0,1.0,1.0,1.0
296.25,1.0,1.0,1.0,1.0,1.0,1.0,1.0
296.3,1.0,1.0,1.0,1.0,1.0,1.0,1.0
296.35,1.0,1.0,1.0,1.0,1.0,1.0,1.0
296.40000000000003,1.0,1.0,1.0,1.0,1.0,1.0,1.0
296.45,1.0,1.0,1.0,1.0,1.0,1.0,1.0
296.5,1.0,1.0,1.0,1.0,1.0,1.0,1.0
296.55,1.0,1.0,1.0,1.0,1.0,1.0,1.0
296.6,1.0,1.0,1.0,1.0,1.0,1.0,1.0
296.65000000000003,1.0,1.0,1.0,1.0,1.0,1.0,1.0
296.7,1.0,1.0,1.0,1.0,1.0,1.0,1.0
296.75,1.0,1.0,1.0,1.0,1.0,1.0,1.0
296.8,1.0,1.0,1.0,1.0,1.0,1.0,1.0
296.85,1.0,1.0,1.0,1.0,1.0,1.0,1.0
296.90000000000003,1.0,1.0,1.0,1.0,1.0,1.0,1.0
296.95,1.0,1.0,1.0,1.0,1.0,1.0,1.0
297.0,1.0,1.0,1.0,1.0,1.0,1.0,1.0
297.05,1.0,1.0,1.0,1.0,1.0,1.0,1.0
297.1,1.0,1.0,1.0,1.0,1.0,1.0,1.0
297.15000000000003,1.0,1.0,1.0,1.0,1.0,1.0,1.0
297.2,1.0,1.0,1.0,1.0,1.0,1.0,1.0
297.25,1.0,1.0,1.0,1.0,1.0,1.0,1.0
297.3,1.0,1.0,1.0,1.0,1.0,1.0,1.0
297.35,1.0,1.0,1.0,1.0,1.0,1.0,1.0
297.40000000000003,1.0,1.0,1.0,1.0,1.0,1.0,1.0
297.45,1.0,1.0,1.0,1.0,1.0,1.0,1.0
297.5,1.0,1.0,1.0,1.0,1.0,1.0,1.0
297.55,1.0,1.0,1.0,1.0,1.0,1.0,1.0
297.6,1.0,1.0,1.0,1.0,1.0,1.0,1.0
297.65000000000003,1.0,1.0,1.0,1.0,1.0,1.0,1.0
297.7,1.0,1.0,1.0,1.0,1.0,1.0,1.0
297.75,1.0,1.0,1.0,1.0,1.0,1.0,1.0
297.8,1.0,1.0,1.0,1.0,1.0,1.0,1.0
297.85,1.0,1.0,1.0,1.0,1.0,1.0,1.0
297.90000000000003,1.0,1.0,1.0,1.0,1.0,1.0,1.0
297.95,1.0,1.0,1.0,1.0,1.0,1.0,1.0
298.0,1.0,1.0,1.0,1.0,1.0,1.0,1.0
298.05,1.0,1.0,1.0,1.0,1.0,1.0,1.0
298.1,1.0,1.0,1.0,1.0,1.0,1.0,1.0
298.15000000000003,1.0,1.0,1.0,1.0,1.0,1.0,1.0
298.2,1.0,1.0,1.0,1.0,1.0,1.0,1.0
298.25,1.0,1.0,1.0,1.0,1.0,1.0,1.0
298.3,1.0,1.0,1.0,1.0,1.0,1.0,1.0
298.35,1.0,1.0,1.0,1.0,1.0,1.0,1.0
298.40000000000003,1.0,1.0,1.0,1.0,1.0,1.0,1.0
298.45,1.0,1.0,1.0,1.0,1.0,1.0,1.0
298.5,1.0,1.0,1.0,1.0,1.0,1.0,1.0
298.55,1.0,1.0,1.0,1.0,1.0,1.0,1.0
298.6,1.0,1.0,1.0,1.0,1.0,1.0,1.0
298.65000000000003,1.0,1.0,1.0,1.0,1.0,1.0,1.0
298.7,1.0,1.0,1.0,1.0,1.0,1.0,1.0
298.75,1.0,1.0,1.0,1.0,1.0,1.0,1.0
298.8,1.0,1.0,1.0,1.0,1.0,1.0,1.0
298.85,1.0,1.0,1.0,1.0,1.0,1.0,1.0
298.90000000000003,1.0,1.0,1.0,1.0,1.0,1.0,1.0
298.95,1.0,1.0,1.0,1.0,1.0,1.0,1.0
299.0,1.0,1.0,1.0,1.0,1.0,1.0,1.0
299.05,1.0,1.0,1.0,1.0,1.0,1.0,1.0
299.1,1.0,1.0,1.0,1.0,1.0,1.0,1.0
299.15000000000003,1.0,1.0,1.0,1.0,1.0,1.0,1.0
299.2,1.0,1.0,1.0,1.0,1.0,1.0,1.0
299.25,1.0,1.0,1.0,1.0,1.0,1.0,1.0
299.3,1.0,1.0,1.0,1.0,1.0,1.0,1.0
299.35,1.0,1.0,1.0,1.0,1.0,1.0,1.0
299.40000000000003,1.0,1.0,1.0,1.0,1.0,1.0,1.0
299.45,1.0,1.0,1.0,1.0,1.0,1.0,1.0
299.5,1.0,1.0,1.0,1.0,1.0,1.0,1.0
299.55,1.0,1.0,1.0,1.0,1.0,1.0,1.0
299.6,1.0,1.0,1.0,1.0,1.0,1.0,1.0
299.65000000000003,1.0,1.0,1.0,1.0,1.0,1.0,1.0
299.7,1.0,1.0,1.0,1.0,1.0,1.0,1.0
299.75,1.0,1.0,1.0,1.0,1.0,1.0,1.0
299.8,1.0,1.0,1.0,1.0,1.0,1.0,1.0
299.85,1.0,1.0,1.0,1.0,1.0,1.0,1.0
299.90000000000003,1.0,1.0,1.0,1.0,1.0,1.0,1.0
299.95,1.0,1.0,1.0,1.0,1.0,1.0,1.0
300.0,1.0,1.0,1.0,1.0,1.0,1.0,1.0
300.05,1.0,1.0,1.0,1.0,1.0,1.0,1.0
300.1,1.0,1.0,1.0,1.0,1.0,1.0,1.0
300.15000000000003,1.0,1.0,1.0,1.0,1.0,1.0,1.0
300.2,1.0,1.0,1.0,1.0,1.0,1.0,1.0
300.25,1.0,1.0,1.0,1.0,1.0,1.0,1.0
300.3,1.0,1.0,1.0,1.0,1.0,1.0,1.0
300.35,1.0,1.0,1.0,1.0,1.0,1.0,1.0
300.40000000000003,1.0,1.0,1.0,1.0,1.0,1.0,1.0
300.45,1.0,1.0,1.0,1.0,1.0,1.0,1.0
300.5,1.0,1.0,1.0,1.0,1.0,1.0,1.0
300.55,1.0,1.0,1.0,1.0,1.0,1.0,1.0
300.6,1.0,1.0,1.0,1.0,1.0,1.0,1.0
300.65000000000003,1.0,1.0,1.0,1.0,1.0,1.0,1.0
300.7,1.0,1.0,1.0,1.0,1.0,1.0,1.0
300.75,1.0,1.0,1.0,1.0,1.0,1.0,1.0
300.8,1.0,1.0,1.0,1.0,1.0,1.0,1.0
300.85,1.0,1.0,1.0,1.0,1.0,1.0,1.0
300.90000000000003,1.0,1.0,1.0,1.0,1.0,1.0,1.0
300.95,1.0,1.0,1.0,1.0,1.0,1.0,1.0
301.0,1.0,1.0,1.0,1.0,1.0,1.0,1.0
301.05,1.0,1.0,1.0,1.0,1.0,1.0,1.0
301.1,1.0,1.0,1.0,1.0,1.0,1.0,1.0
301.15000000000003,1.0,1.0,1.0,1.0,1.0,1.0,1.0
301.2,1.0,1.0,1.0,1.0,1.0,1.0,1.0
301.25,1.0,1.0,1.0,1.0,1.0,1.0,1.0
301.3,1.0,1.0,1.0,1.0,1.0,1.0,1.0
301.35,1.0,1.0,1.0,1.0,1.0,1.0,1.0
301.40000000000003,1.0,1.0,1.0,1.0,1.0,1.0,1.0
301.45,1.0,1.0,1.0,1.0,1.0,1.0,1.0
301.5,1.0,1.0,1.0,1.0,1.0,1.0,1.0
301.55,1.0,1.0,1.0,1.0,1.0,1.0,1.0
301.6,1.0,1.0,1.0,1.0,1.0,1.0,1.0
301.65000000000003,1.0,1.0,1.0,1.0,1.0,1.0,1.0
301.7,1.0,1.0,1.0,1.0,1.0,1.0,1.0
301.75,1.0,1.0,1.0,1.0,1.0,1.0,1.0
301.8,1.0,1.0,1.0,1.0,1.0,1.0,1.0
301.85,1.0,1.0,1.0,1.0,1.0,1.0,1.0
301.90000000000003,1.0,1.0,1.0,1.0,1.0,1.0,1.0
301.95,1.0,1.0,1.0,1.0,1.0,1.0,1.0
302.0,1.0,1.0,1.0,1.0,1.0,1.0,1.0
302.05,1.0,1.0,1.0,1.0,1.0,1.0,1.0
302.1,1.0,1.0,1.0,1.0,1.0,1.0,1.0
302.15000000000003,1.0,1.0,1.0,1.0,1.0,1.0,1.0
302.2,1.0,1.0,1.0,1.0,1.0,1.0,1.0
302.25,1.0,1.0,1.0,1.0,1.0,1.0,1.0
302.3,1.0,1.0,1.0,1.0,1.0,1.0,1.0
302.35,1.0,1.0,1.0,1.0,1.0,1.0,1.0
302.40000000000003,1.0,1.0,1.0,1.0,1.0,1.0,1.0
302.45,1.0,1.0,1.0,1.0,1.0,1.0,1.0
302.5,1.0,1.0,1.0,1.0,1.0,1.0,1.0
302.55,1.0,1.0,1.0,1.0,1.0,1.0,1.0
302.6,1.0,1.0,1.0,1.0,1.0,1.0,1.0
302.65000000000003,1.0,1.0,1.0,1.0,1.0,1.0,1.0
302.7,1.0,1.0,1.0,1.0,1.0,1.0,1.0
302.75,1.0,1.0,1.0,1.0,1.0,1.0,1.0
302.8,1.0,1.0,1.0,1.0,1.0,1.0,1.0
302.85,1.0,1.0,1.0,1.0,1.0,1.0,1.0
302.90000000000003,1.0,1.0,1.0,1.0,1.0,1.0,1.0
302.95,1.0,1.0,1.0,1.0,1.0,1.0,1.0
303.0,1.0,1.0,1.0,1.0,1.0,1.0,1.0
303.05,1.0,1.0,1.0,1.0,1.0,1.0,1.0
303.1,1.0,1.0,1.0,1.0,1.0,1.0,1.0
303.15000000000003,1.0,1.0,1.0,1.0,1.0,1.0,1.0
303.2,1.0,1.0,1.0,1.0,1.0,1.0,1.0
303.25,1.0,1.0,1.0,1.0,1.0,1.0,1.0
303.3,1.0,1.0,1.0,1.0,1.0,1.0,1.0
303.35,1.0,1.0,1.0,1.0,1.0,1.0,1.0
303.40000000000003,1.0,1.0,1.0,1.0,1.0,1.0,1.0
303.45,1.0,1.0,1.0,1.0,1.0,1.0,1.0
303.5,1.0,1.0,1.0,1.0,1.0,1.0,1.0
303.55,1.0,1.0,1.0,1.0,1.0,1.0,1.0
303.6,1.0,1.0,1.0,1.0,1.0,1.0,1.0
303.65000000000003,1.0,1.0,1.0,1.0,1.0,1.0,1.0
303.7,1.0,1.0,1.0,1.0,1.0,1.0,1.0
303.75,1.0,1.0,1.0,1.0,1.0,1.0,1.0
303.8,1.0,1.0,1.0,1.0,1.0,1.0,1.0
303.85,1.0,1.0,1.0,1.0,1.0,1.0,1.0
303.90000000000003,1.0,1.0,1.0,1.0,1.0,1.0,1.0
303.95,1.0,1.0,1.0,1.0,1.0,1.0,1.0
304.0,1.0,1.0,1.0,1.0,1.0,1.0,1.0
304.05,1.0,1.0,1.0,1.0,1.0,1.0,1.0
304.1,1.0,1.0,1.0,1.0,1.0,1.0,1.0
304.15000000000003,1.0,1.0,1.0,1.0,1.0,1.0,1.0
304.2,1.0,1.0,1.0,1.0,1.0,1.0,1.0
304.25,1.0,1.0,1.0,1.0,1.0,1.0,1.0
304.3,1.0,1.0,1.0,1.0,1.0,1.0,1.0
304.35,1.0,1.0,1.0,1.0,1.0,1.0,1.0
304.40000000000003,1.0,1.0,1.0,1.0,1.0,1.0,1.0
304.45,1.0,1.0,1.0,1.0,1.0,1.0,1.0
304.5,1.0,1.0,1.0,1.0,1.0,1.0,1.0
304.55,1.0,1.0,1.0,1.0,1.0,1.0,1.0
304.6,1.0,1.0,1.0,1.0,1.0,1.0,1.0
304.65000000000003,1.0,1.0,1.0,1.0,1.0,1.0,1.0
304.7,1.0,1.0,1.0,1.0,1.0,1.0,1.0
304.75,1.0,1.0,1.0,1.0,1.0,1.0,1.0
304.8,1.0,1.0,1.0,1.0,1.0,1.0,1.0
304.85,1.0,1.0,1.0,1.0,1.0,1.0,1.0
304.90000000000003,1.0,1.0,1.0,1.0,1.0,1.0,1.0
304.95,1.0,1.0,1.0,1.0,1.0,1.0,1.0
305.0,1.0,1.0,1.0,1.0,1.0,1.0,1.0
305.05,1.0,1.0,1.0,1.0,1.0,1.0,1.0
305.1,1.0,1.0,1.0,1.0,1.0,1.0,1.0
305.15000000000003,1.0,1.0,1.0,1.0,1.0,1.0,1.0
305.2,1.0,1.0,1.0,1.0,1.0,1.0,1.0
305.25,1.0,1.0,1.0,1.0,1.0,1.0,1.0
305.3,1.0,1.0,1.0,1.0,1.0,1.0,1.0
305.35,1.0,1.0,1.0,1.0,1.0,1.0,1.0
305.40000000000003,1.0,1.0,1.0,1.0,1.0,1.0,1.0
305.45,1.0,1.0,1.0,1.0,1.0,1.0,1.0
305.5,1.0,1.0,1.0,1.0,1.0,1.0,1.0
305.55,1.0,1.0,1.0,1.0,1.0,1.0,1.0
305.6,1.0,1.0,1.0,1.0,1.0,1.0,1.0
305.65000000000003,1.0,1.0,1.0,1.0,1.0,1.0,1.0
305.7,1.0,1.0,1.0,1.0,1.0,1.0,1.0
305.75,1.0,1.0,1.0,1.0,1.0,1.0,1.0
305.8,1.0,1.0,1.0,1.0,1.0,1.0,1.0
305.85,1.0,1.0,1.0,1.0,1.0,1.0,1.0
305.90000000000003,1.0,1.0,1.0,1.0,1.0,1.0,1.0
305.95,1.0,1.0,1.0,1.0,1.0,1.0,1.0
306.0,1.0,1.0,1.0,1.0,1.0,1.0,1.0
306.05,1.0,1.0,1.0,1.0,1.0,1.0,1.0
306.1,1.0,1.0,1.0,1.0,1.0,1.0,1.0
306.15000000000003,1.0,1.0,1.0,1.0,1.0,1.0,1.0
306.2,1.0,1.0,1.0,1.0,1.0,1.0,1.0
306.25,1.0,1.0,1.0,1.0,1.0,1.0,1.0
306.3,1.0,1.0,1.0,1.0,1.0,1.0,1.0
306.35,1.0,1.0,1.0,1.0,1.0,1.0,1.0
306.40000000000003,1.0,1.0,1.0,1.0,1.0,1.0,1.0
306.45,1.0,1.0,1.0,1.0,1.0,1.0,1.0
306.5,1.0,1.0,1.0,1.0,1.0,1.0,1.0
306.55,1.0,1.0,1.0,1.0,1.0,1.0,1.0
306.6,1.0,1.0,1.0,1.0,1.0,1.0,1.0
306.65000000000003,1.0,1.0,1.0,1.0,1.0,1.0,1.0
306.7,1.0,1.0,1.0,1.0,1.0,1.0,1.0
306.75,1.0,1.0,1.0,1.0,1.0,1.0,1.0
306.8,1.0,1.0,1.0,1.0,1.0,1.0,1.0
306.85,1.0,1.0,1.0,1.0,1.0,1.0,1.0
306.90000000000003,1.0,1.0,1.0,1.0,1.0,1.0,1.0
306.95,1.0,1.0,1.0,1.0,1.0,1.0,1.0
307.0,1.0,1.0,1.0,1.0,1.0,1.0,1.0
307.05,1.0,1.0,1.0,1.0,1.0,1.0,1.0
307.1,1.0,1.0,1.0,1.0,1.0,1.0,1.0
307.15000000000003,1.0,1.0,1.0,1.0,1.0,1.0,1.0
307.20000000000005,1.0,1.0,1.0,1.0,1.0,1.0,1.0
307.25,1.0,1.0,1.0,1.0,1.0,1.0,1.0
307.3,1.0,1.0,1.0,1.0,1.0,1.0,1.0
307.35,1.0,1.0,1.0,1.0,1.0,1.0,1.0
307.40000000000003,1.0,1.0,1.0,1.0,1.0,1.0,1.0
307.45000000000005,1.0,1.0,1.0,1.0,1.0,1.0,1.0
307.5,1.0,1.0,1.0,1.0,1.0,1.0,1.0
307.55,1.0,1.0,1.0,1.0,1.0,1.0,1.0
307.6,1.0,1.0,1.0,1.0,1.0,1.0,1.0
307.65000000000003,1.0,1.0,1.0,1.0,1.0,1.0,1.0
307.70000000000005,1.0,1.0,1.0,1.0,1.0,1.0,1.0
307.75,1.0,1.0,1.0,1.0,1.0,1.0,1.0
307.8,1.0,1.0,1.0,1.0,1.0,1.0,1.0
307.85,1.0,1.0,1.0,1.0,1.0,1.0,1.0
307.90000000000003,1.0,1.0,1.0,1.0,1.0,1.0,1.0
307.95000000000005,1.0,1.0,1.0,1.0,1.0,1.0,1.0
308.0,1.0,1.0,1.0,1.0,1.0,1.0,1.0
308.05,1.0,1.0,1.0,1.0,1.0,1.0,1.0
308.1,1.0,1.0,1.0,1.0,1.0,1.0,1.0
308.15000000000003,1.0,1.0,1.0,1.0,1.0,1.0,1.0
308.20000000000005,1.0,1.0,1.0,1.0,1.0,1.0,1.0
308.25,1.0,1.0,1.0,1.0,1.0,1.0,1.0
308.3,1.0,1.0,1.0,1.0,1.0,1.0,1.0
308.35,1.0,1.0,1.0,1.0,1.0,1.0,1.0
308.40000000000003,1.0,1.0,1.0,1.0,1.0,1.0,1.0
308.45000000000005,1.0,1.0,1.0,1.0,1.0,1.0,1.0
308.5,1.0,1.0,1.0,1.0,1.0,1.0,1.0
308.55,1.0,1.0,1.0,1.0,1.0,1.0,1.0
308.6,1.0,1.0,1.0,1.0,1.0,1.0,1.0
308.65000000000003,1.0,1.0,1.0,1.0,1.0,1.0,1.0
308.70000000000005,1.0,1.0,1.0,1.0,1.0,1.0,1.0
308.75,1.0,1.0,1.0,1.0,1.0,1.0,1.0
308.8,1.0,1.0,1.0,1.0,1.0,1.0,1.0
308.85,1.0,1.0,1.0,1.0,1.0,1.0,1.0
308.90000000000003,1.0,1.0,1.0,1.0,1.0,1.0,1.0
308.95000000000005,1.0,1.0,1.0,1.0,1.0,1.0,1.0
309.0,1.0,1.0,1.0,1.0,1.0,1.0,1.0
309.05,1.0,1.0,1.0,1.0,1.0,1.0,1.0
309.1,1.0,1.0,1.0,1.0,1.0,1.0,1.0
309.15000000000003,1.0,1.0,1.0,1.0,1.0,1.0,1.0
309.20000000000005,1.0,1.0,1.0,1.0,1.0,1.0,1.0
309.25,1.0,1.0,1.0,1.0,1.0,1.0,1.0
309.3,1.0,1.0,1.0,1.0,1.0,1.0,1.0
309.35,1.0,1.0,1.0,1.0,1.0,1.0,1.0
309.40000000000003,1.0,1.0,1.0,1.0,1.0,1.0,1.0
309.45000000000005,1.0,1.0,1.0,1.0,1.0,1.0,1.0
309.5,1.0,1.0,1.0,1.0,1.0,1.0,1.0
309.55,1.0,1.0,1.0,1.0,1.0,1.0,1.0
309.6,1.0,1.0,1.0,1.0,1.0,1.0,1.0
309.65000000000003,1.0,1.0,1.0,1.0,1.0,1.0,1.0
309.70000000000005,1.0,1.0,1.0,1.0,1.0,1.0,1.0
309.75,1.0,1.0,1.0,1.0,1.0,1.0,1.0
309.8,1.0,1.0,1.0,1.0,1.0,1.0,1.0
309.85,1.0,1.0,1.0,1.0,1.0,1.0,1.0
309.90000000000003,1.0,1.0,1.0,1.0,1.0,1.0,1.0
309.95000000000005,1.0,1.0,1.0,1.0,1.0,1.0,1.0
310.0,1.0,1.0,1.0,1.0,1.0,1.0,1.0
310.05,1.0,1.0,1.0,1.0,1.0,1.0,1.0
310.1,1.0,1.0,1.0,1.0,1.0,1.0,1.0
310.15000000000003,1.0,1.0,1.0,1.0,1.0,1.0,1.0
310.20000000000005,1.0,1.0,1.0,1.0,1.0,1.0,1.0
310.25,1.0,1.0,1.0,1.0,1.0,1.0,1.0
310.3,1.0,1.0,1.0,1.0,1.0,1.0,1.0
310.35,1.0,1.0,1.0,1.0,1.0,1.0,1.0
310.40000000000003,1.0,1.0,1.0,1.0,1.0,1.0,1.0
310.45000000000005,1.0,1.0,1.0,1.0,1.0,1.0,1.0
310.5,1.0,1.0,1.0,1.0,1.0,1.0,1.0
310.55,1.0,1.0,1.0,1.0,1.0,1.0,1.0
310.6,1.0,1.0,1.0,1.0,1.0,1.0,1.0
310.65000000000003,1.0,1.0,1.0,1.0,1.0,1.0,1.0
310.70000000000005,1.0,1.0,1.0,1.0,1.0,1.0,1.0
310.75,1.0,1.0,1.0,1.0,1.0,1.0,1.0
310.8,1.0,1.0,1.0,1.0,1.0,1.0,1.0
310.85,1.0,1.0,1.0,1.0,1.0,1.0,1.0
310.90000000000003,1.0,1.0,1.0,1.0,1.0,1.0,1.0
310.95000000000005,1.0,1.0,1.0,1.0,1.0,1.0,1.0
311.0,1.0,1.0,1.0,1.0,1.0,1.0,1.0
311.05,1.0,1.0,1.0,1.0,1.0,1.0,1.0
311.1,1.0,1.0,1.0,1.0,1.0,1.0,1.0
311.15000000000003,1.0,1.0,1.0,1.0,1.0,1.0,1.0
311.20000000000005,1.0,1.0,1.0,1.0,1.0,1.0,1.0
311.25,1.0,1.0,1.0,1.0,1.0,1.0,1.0
311.3,1.0,1.0,1.0,1.0,1.0,1.0,1.0
311.35,1.0,1.0,1.0,1.0,1.0,1.0,1.0
311.40000000000003,1.0,1.0,1.0,1.0,1.0,1.0,1.0
311.45000000000005,1.0,1.0,1.0,1.0,1.0,1.0,1.0
311.5,1.0,1.0,1.0,1.0,1.0,1.0,1.0
311.55,1.0,1.0,1.0,1.0,1.0,1.0,1.0
311.6,1.0,1.0,1.0,1.0,1.0,1.0,1.0
311.65000000000003,1.0,1.0,1.0,1.0,1.0,1.0,1.0
311.70000000000005,1.0,1.0,1.0,1.0,1.0,1.0,1.0
311.75,1.0,1.0,1.0,1.0,1.0,1.0,1.0
311.8,1.0,1.0,1.0,1.0,1.0,1.0,1.0
311.85,1.0,1.0,1.0,1.0,1.0,1.0,1.0
311.90000000000003,1.0,1.0,1.0,1.0,1.0,1.0,1.0
311.95000000000005,1.0,1.0,1.0,1.0,1.0,1.0,1.0
312.0,1.0,1.0,1.0,1.0,1.0,1.0,1.0
312.05,1.0,1.0,1.0,1.0,1.0,1.0,1.0
312.1,1.0,1.0,1.0,1.0,1.0,1.0,1.0
312.15000000000003,1.0,1.0,1.0,1.0,1.0,1.0,1.0
312.20000000000005,1.0,1.0,1.0,1.0,1.0,1.0,1.0
312.25,1.0,1.0,1.0,1.0,1.0,1.0,1.0
312.3,1.0,1.0,1.0,1.0,1.0,1.0,1.0
312.35,1.0,1.0,1.0,1.0,1.0,1.0,1.0
312.40000000000003,1.0,1.0,1.0,1.0,1.0,1.0,1.0
312.45000000000005,1.0,1.0,1.0,1.0,1.0,1.0,1.0
312.5,1.0,1.0,1.0,1.0,1.0,1.0,1.0
312.55,1.0,1.0,1.0,1.0,1.0,1.0,1.0
312.6,1.0,1.0,1.0,1.0,1.0,1.0,1.0
312.65000000000003,1.0,1.0,1.0,1.0,1.0,1.0,1.0
312.70000000000005,1.0,1.0,1.0,1.0,1.0,1.0,1.0
312.75,1.0,1.0,1.0,1.0,1.0,1.0,1.0
312.8,1.0,1.0,1.0,1.0,1.0,1.0,1.0
312.85,1.0,1.0,1.0,1.0,1.0,1.0,1.0
312.90000000000003,1.0,1.0,1.0,1.0,1.0,1.0,1.0
312.95000000000005,1.0,1.0,1.0,1.0,1.0,1.0,1.0
313.0,1.0,1.0,1.0,1.0,1.0,1.0,1.0
313.05,1.0,1.0,1.0,1.0,1.0,1.0,1.0
313.1,1.0,1.0,1.0,1.0,1.0,1.0,1.0
313.15000000000003,1.0,1.0,1.0,1.0,1.0,1.0,1.0
313.20000000000005,1.0,1.0,1.0,1.0,1.0,1.0,1.0
313.25,1.0,1.0,1.0,1.0,1.0,1.0,1.0
313.3,1.0,1.0,1.0,1.0,1.0,1.0,1.0
313.35,1.0,1.0,1.0,1.0,1.0,1.0,1.0
313.40000000000003,1.0,1.0,1.0,1.0,1.0,1.0,1.0
313.45000000000005,1.0,1.0,1.0,1.0,1.0,1.0,1.0
313.5,1.0,1.0,1.0,1.0,1.0,1.0,1.0
313.55,1.0,1.0,1.0,1.0,1.0,1.0,1.0
313.6,1.0,1.0,1.0,1.0,1.0,1.0,1.0
313.65000000000003,1.0,1.0,1.0,1.0,1.0,1.0,1.0
313.70000000000005,1.0,1.0,1.0,1.0,1.0,1.0,1.0
313.75,1.0,1.0,1.0,1.0,1.0,1.0,1.0
313.8,1.0,1.0,1.0,1.0,1.0,1.0,1.0
313.85,1.0,1.0,1.0,1.0,1.0,1.0,1.0
313.90000000000003,1.0,1.0,1.0,1.0,1.0,1.0,1.0
313.95000000000005,1.0,1.0,1.0,1.0,1.0,1.0,1.0
314.0,1.0,1.0,1.0,1.0,1.0,1.0,1.0
314.05,1.0,1.0,1.0,1.0,1.0,1.0,1.0
314.1,1.0,1.0,1.0,1.0,1.0,1.0,1.0
314.15000000000003,1.0,1.0,1.0,1.0,1.0,1.0,1.0
314.20000000000005,1.0,1.0,1.0,1.0,1.0,1.0,1.0
314.25,1.0,1.0,1.0,1.0,1.0,1.0,1.0
314.3,1.0,1.0,1.0,1.0,1.0,1.0,1.0
314.35,1.0,1.0,1.0,1.0,1.0,1.0,1.0
314.40000000000003,1.0,1.0,1.0,1.0,1.0,1.0,1.0
314.45000000000005,1.0,1.0,1.0,1.0,1.0,1.0,1.0
314.5,1.0,1.0,1.0,1.0,1.0,1.0,1.0
314.55,1.0,1.0,1.0,1.0,1.0,1.0,1.0
314.6,1.0,1.0,1.0,1.0,1.0,1.0,1.0
314.65000000000003,1.0,1.0,1.0,1.0,1.0,1.0,1.0
314.70000000000005,1.0,1.0,1.0,1.0,1.0,1.0,1.0
314.75,1.0,1.0,1.0,1.0,1.0,1.0,1.0
314.8,1.0,1.0,1.0,1.0,1.0,1.0,1.0
314.85,1.0,1.0,1.0,1.0,1.0,1.0,1.0
314.90000000000003,1.0,1.0,1.0,1.0,1.0,1.0,1.0
314.95000000000005,1.0,1.0,1.0,1.0,1.0,1.0,1.0
315.0,1.0,1.0,1.0,1.0,1.0,1.0,1.0
315.05,1.0,1.0,1.0,1.0,1.0,1.0,1.0
315.1,1.0,1.0,1.0,1.0,1.0,1.0,1.0
315.15000000000003,1.0,1.0,1.0,1.0,1.0,1.0,1.0
315.20000000000005,1.0,1.0,1.0,1.0,1.0,1.0,1.0
315.25,1.0,1.0,1.0,1.0,1.0,1.0,1.0
315.3,1.0,1.0,1.0,1.0,1.0,1.0,1.0
315.35,1.0,1.0,1.0,1.0,1.0,1.0,1.0
315.40000000000003,1.0,1.0,1.0,1.0,1.0,1.0,1.0
315.45000000000005,1.0,1.0,1.0,1.0,1.0,1.0,1.0
315.5,1.0,1.0,1.0,1.0,1.0,1.0,1.0
315.55,1.0,1.0,1.0,1.0,1.0,1.0,1.0
315.6,1.0,1.0,1.0,1.0,1.0,1.0,1.0
315.65000000000003,1.0,1.0,1.0,1.0,1.0,1.0,1.0
315.70000000000005,1.0,1.0,1.0,1.0,1.0,1.0,1.0
315.75,1.0,1.0,1.0,1.0,1.0,1.0,1.0
315.8,1.0,1.0,1.0,1.0,1.0,1.0,1.0
315.85,1.0,1.0,1.0,1.0,1.0,1.0,1.0
315.90000000000003,1.0,1.0,1.0,1.0,1.0,1.0,1.0
315.95000000000005,1.0,1.0,1.0,1.0,1.0,1.0,1.0
316.0,1.0,1.0,1.0,1.0,1.0,1.0,1.0
316.05,1.0,1.0,1.0,1.0,1.0,1.0,1.0
316.1,1.0,1.0,1.0,1.0,1.0,1.0,1.0
316.15000000000003,1.0,1.0,1.0,1.0,1.0,1.0,1.0
316.20000000000005,1.0,1.0,1.0,1.0,1.0,1.0,1.0
316.25,1.0,1.0,1.0,1.0,1.0,1.0,1.0
316.3,1.0,1.0,1.0,1.0,1.0,1.0,1.0
316.35,1.0,1.0,1.0,1.0,1.0,1.0,1.0
316.40000000000003,1.0,1.0,1.0,1.0,1.0,1.0,1.0
316.45000000000005,1.0,1.0,1.0,1.0,1.0,1.0,1.0
316.5,1.0,1.0,1.0,1.0,1.0,1.0,1.0
316.55,1.0,1.0,1.0,1.0,1.0,1.0,1.0
316.6,1.0,1.0,1.0,1.0,1.0,1.0,1.0
316.65000000000003,1.0,1.0,1.0,1.0,1.0,1.0,1.0
316.70000000000005,1.0,1.0,1.0,1.0,1.0,1.0,1.0
316.75,1.0,1.0,1.0,1.0,1.0,1.0,1.0
316.8,1.0,1.0,1.0,1.0,1.0,1.0,1.0
316.85,1.0,1.0,1.0,1.0,1.0,1.0,1.0
316.90000000000003,1.0,1.0,1.0,1.0,1.0,1.0,1.0
316.95000000000005,1.0,1.0,1.0,1.0,1.0,1.0,1.0
317.0,1.0,1.0,1.0,1.0,1.0,1.0,1.0
317.05,1.0,1.0,1.0,1.0,1.0,1.0,1.0
317.1,1.0,1.0,1.0,1.0,1.0,1.0,1.0
317.15000000000003,1.0,1.0,1.0,1.0,1.0,1.0,1.0
317.20000000000005,1.0,1.0,1.0,1.0,1.0,1.0,1.0
317.25,1.0,1.0,1.0,1.0,1.0,1.0,1.0
317.3,1.0,1.0,1.0,1.0,1.0,1.0,1.0
317.35,1.0,1.0,1.0,1.0,1.0,1.0,1.0
317.40000000000003,1.0,1.0,1.0,1.0,1.0,1.0,1.0
317.45000000000005,1.0,1.0,1.0,1.0,1.0,1.0,1.0
317.5,1.0,1.0,1.0,1.0,1.0,1.0,1.0
317.55,1.0,1.0,1.0,1.0,1.0,1.0,1.0
317.6,1.0,1.0,1.0,1.0,1.0,1.0,1.0
317.65000000000003,1.0,1.0,1.0,1.0,1.0,1.0,1.0
317.70000000000005,1.0,1.0,1.0,1.0,1.0,1.0,1.0
317.75,1.0,1.0,1.0,1.0,1.0,1.0,1.0
317.8,1.0,1.0,1.0,1.0,1.0,1.0,1.0
317.85,1.0,1.0,1.0,1.0,1.0,1.0,1.0
317.90000000000003,1.0,1.0,1.0,1.0,1.0,1.0,1.0
317.95000000000005,1.0,1.0,1.0,1.0,1.0,1.0,1.0
318.0,1.0,1.0,1.0,1.0,1.0,1.0,1.0
318.05,1.0,1.0,1.0,1.0,1.0,1.0,1.0
318.1,1.0,1.0,1.0,1.0,1.0,1.0,1.0
318.15000000000003,1.0,1.0,1.0,1.0,1.0,1.0,1.0
318.20000000000005,1.0,1.0,1.0,1.0,1.0,1.0,1.0
318.25,1.0,1.0,1.0,1.0,1.0,1.0,1.0
318.3,1.0,1.0,1.0,1.0,1.0,1.0,1.0
318.35,1.0,1.0,1.0,1.0,1.0,1.0,1.0
318.40000000000003,1.0,1.0,1.0,1.0,1.0,1.0,1.0
318.45000000000005,1.0,1.0,1.0,1.0,1.0,1.0,1.0
318.5,1.0,1.0,1.0,1.0,1.0,1.0,1.0
318.55,1.0,1.0,1.0,1.0,1.0,1.0,1.0
318.6,1.0,1.0,1.0,1.0,1.0,1.0,1.0
318.65000000000003,1.0,1.0,1.0,1.0,1.0,1.0,1.0
318.70000000000005,1.0,1.0,1.0,1.0,1.0,1.0,1.0
318.75,1.0,1.0,1.0,1.0,1.0,1.0,1.0
318.8,1.0,1.0,1.0,1.0,1.0,1.0,1.0
318.85,1.0,1.0,1.0,1.0,1.0,1.0,1.0
318.90000000000003,1.0,1.0,1.0,1.0,1.0,1.0,1.0
318.95000000000005,1.0,1.0,1.0,1.0,1.0,1.0,1.0
319.0,1.0,1.0,1.0,1.0,1.0,1.0,1.0
319.05,1.0,1.0,1.0,1.0,1.0,1.0,1.0
319.1,1.0,1.0,1.0,1.0,1.0,1.0,1.0
319.15000000000003,1.0,1.0,1.0,1.0,1.0,1.0,1.0
319.20000000000005,1.0,1.0,1.0,1.0,1.0,1.0,1.0
319.25,1.0,1.0,1.0,1.0,1.0,1.0,1.0
319.3,1.0,1.0,1.0,1.0,1.0,1.0,1.0
319.35,1.0,1.0,1.0,1.0,1.0,1.0,1.0
319.40000000000003,1.0,1.0,1.0,1.0,1.0,1.0,1.0
319.45000000000005,1.0,1.0,1.0,1.0,1.0,1.0,1.0
319.5,1.0,1.0,1.0,1.0,1.0,1.0,1.0
319.55,1.0,1.0,1.0,1.0,1.0,1.0,1.0
319.6,1.0,1.0,1.0,1.0,1.0,1.0,1.0
319.65000000000003,1.0,1.0,1.0,1.0,1.0,1.0,1.0
319.70000000000005,1.0,1.0,1.0,1.0,1.0,1.0,1.0
319.75,1.0,1.0,1.0,1.0,1.0,1.0,1.0
319.8,1.0,1.0,1.0,1.0,1.0,1.0,1.0
319.85,1.0,1.0,1.0,1.0,1.0,1.0,1.0
319.90000000000003,1.0,1.0,1.0,1.0,1.0,1.0,1.0
319.95000000000005,1.0,1.0,1.0,1.0,1.0,1.0,1.0
320.0,1.0,1.0,1.0,1.0,1.0,1.0,1.0
320.05,1.0,1.0,1.0,1.0,1.0,1.0,1.0
320.1,1.0,1.0,1.0,1.0,1.0,1.0,1.0
320.15000000000003,1.0,1.0,1.0,1.0,1.0,1.0,1.0
320.20000000000005,1.0,1.0,1.0,1.0,1.0,1.0,1.0
320.25,1.0,1.0,1.0,1.0,1.0,1.0,1.0
320.3,1.0,1.0,1.0,1.0,1.0,1.0,1.0
320.35,1.0,1.0,1.0,1.0,1.0,1.0,1.0
320.40000000000003,1.0,1.0,1.0,1.0,1.0,1.0,1.0
320.45000000000005,1.0,1.0,1.0,1.0,1.0,1.0,1.0
320.5,1.0,1.0,1.0,1.0,1.0,1.0,1.0
320.55,1.0,1.0,1.0,1.0,1.0,1.0,1.0
320.6,1.0,1.0,1.0,1.0,1.0,1.0,1.0
320.65000000000003,1.0,1.0,1.0,1.0,1.0,1.0,1.0
320.70000000000005,1.0,1.0,1.0,1.0,1.0,1.0,1.0
320.75,1.0,1.0,1.0,1.0,1.0,1.0,1.0
320.8,1.0,1.0,1.0,1.0,1.0,1.0,1.0
320.85,1.0,1.0,1.0,1.0,1.0,1.0,1.0
320.90000000000003,1.0,1.0,1.0,1.0,1.0,1.0,1.0
320.95000000000005,1.0,1.0,1.0,1.0,1.0,1.0,1.0
321.0,1.0,1.0,1.0,1.0,1.0,1.0,1.0
321.05,1.0,1.0,1.0,1.0,1.0,1.0,1.0
321.1,1.0,1.0,1.0,1.0,1.0,1.0,1.0
321.15000000000003,1.0,1.0,1.0,1.0,1.0,1.0,1.0
321.20000000000005,1.0,1.0,1.0,1.0,1.0,1.0,1.0
321.25,1.0,1.0,1.0,1.0,1.0,1.0,1.0
321.3,1.0,1.0,1.0,1.0,1.0,1.0,1.0
321.35,1.0,1.0,1.0,1.0,1.0,1.0,1.0
321.40000000000003,1.0,1.0,1.0,1.0,1.0,1.0,1.0
321.45000000000005,1.0,1.0,1.0,1.0,1.0,1.0,1.0
321.5,1.0,1.0,1.0,1.0,1.0,1.0,1.0
321.55,1.0,1.0,1.0,1.0,1.0,1.0,1.0
321.6,1.0,1.0,1.0,1.0,1.0,1.0,1.0
321.65000000000003,1.0,1.0,1.0,1.0,1.0,1.0,1.0
321.70000000000005,1.0,1.0,1.0,1.0,1.0,1.0,1.0
321.75,1.0,1.0,1.0,1.0,1.0,1.0,1.0
321.8,1.0,1.0,1.0,1.0,1.0,1.0,1.0
321.85,1.0,1.0,1.0,1.0,1.0,1.0,1.0
321.90000000000003,1.0,1.0,1.0,1.0,1.0,1.0,1.0
321.95000000000005,1.0,1.0,1.0,1.0,1.0,1.0,1.0
322.0,1.0,1.0,1.0,1.0,1.0,1.0,1.0
322.05,1.0,1.0,1.0,1.0,1.0,1.0,1.0
322.1,1.0,1.0,1.0,1.0,1.0,1.0,1.0
322.15000000000003,1.0,1.0,1.0,1.0,1.0,1.0,1.0
322.20000000000005,1.0,1.0,1.0,1.0,1.0,1.0,1.0
322.25,1.0,1.0,1.0,1.0,1.0,1.0,1.0
322.3,1.0,1.0,1.0,1.0,1.0,1.0,1.0
322.35,1.0,1.0,1.0,1.0,1.0,1.0,1.0
322.40000000000003,1.0,1.0,1.0,1.0,1.0,1.0,1.0
322.45000000000005,1.0,1.0,1.0,1.0,1.0,1.0,1.0
322.5,1.0,1.0,1.0,1.0,1.0,1.0,1.0
322.55,1.0,1.0,1.0,1.0,1.0,1.0,1.0
322.6,1.0,1.0,1.0,1.0,1.0,1.0,1.0
322.65000000000003,1.0,1.0,1.0,1.0,1.0,1.0,1.0
322.70000000000005,1.0,1.0,1.0,1.0,1.0,1.0,1.0
322.75,1.0,1.0,1.0,1.0,1.0,1.0,1.0
322.8,1.0,1.0,1.0,1.0,1.0,1.0,1.0
322.85,1.0,1.0,1.0,1.0,1.0,1.0,1.0
322.90000000000003,1.0,1.0,1.0,1.0,1.0,1.0,1.0
322.95000000000005,1.0,1.0,1.0,1.0,1.0,1.0,1.0
323.0,1.0,1.0,1.0,1.0,1.0,1.0,1.0
323.05,1.0,1.0,1.0,1.0,1.0,1.0,1.0
323.1,1.0,1.0,1.0,1.0,1.0,1.0,1.0
323.15000000000003,1.0,1.0,1.0,1.0,1.0,1.0,1.0
323.20000000000005,1.0,1.0,1.0,1.0,1.0,1.0,1.0
323.25,1.0,1.0,1.0,1.0,1.0,1.0,1.0
323.3,1.0,1.0,1.0,1.0,1.0,1.0,1.0
323.35,1.0,1.0,1.0,1.0,1.0,1.0,1.0
323.40000000000003,1.0,1.0,1.0,1.0,1.0,1.0,1.0
323.45000000000005,1.0,1.0,1.0,1.0,1.0,1.0,1.0
323.5,1.0,1.0,1.0,1.0,1.0,1.0,1.0
323.55,1.0,1.0,1.0,1.0,1.0,1.0,1.0
323.6,1.0,1.0,1.0,1.0,1.0,1.0,1.0
323.65000000000003,1.0,1.0,1.0,1.0,1.0,1.0,1.0
323.70000000000005,1.0,1.0,1.0,1.0,1.0,1.0,1.0
323.75,1.0,1.0,1.0,1.0,1.0,1.0,1.0
323.8,1.0,1.0,1.0,1.0,1.0,1.0,1.0
323.85,1.0,1.0,1.0,1.0,1.0,1.0,1.0
323.90000000000003,1.0,1.0,1.0,1.0,1.0,1.0,1.0
323.95000000000005,1.0,1.0,1.0,1.0,1.0,1.0,1.0
324.0,1.0,1.0,1.0,1.0,1.0,1.0,1.0
324.05,1.0,1.0,1.0,1.0,1.0,1.0,1.0
324.1,1.0,1.0,1.0,1.0,1.0,1.0,1.0
324.15000000000003,1.0,1.0,1.0,1.0,1.0,1.0,1.0
324.20000000000005,1.0,1.0,1.0,1.0,1.0,1.0,1.0
324.25,1.0,1.0,1.0,1.0,1.0,1.0,1.0
324.3,1.0,1.0,1.0,1.0,1.0,1.0,1.0
324.35,1.0,1.0,1.0,1.0,1.0,1.0,1.0
324.40000000000003,1.0,1.0,1.0,1.0,1.0,1.0,1.0
324.45000000000005,1.0,1.0,1.0,1.0,1.0,1.0,1.0
324.5,1.0,1.0,1.0,1.0,1.0,1.0,1.0
324.55,1.0,1.0,1.0,1.0,1.0,1.0,1.0
324.6,1.0,1.0,1.0,1.0,1.0,1.0,1.0
324.65000000000003,1.0,1.0,1.0,1.0,1.0,1.0,1.0
324.70000000000005,1.0,1.0,1.0,1.0,1.0,1.0,1.0
324.75,1.0,1.0,1.0,1.0,1.0,1.0,1.0
324.8,1.0,1.0,1.0,1.0,1.0,1.0,1.0
324.85,1.0,1.0,1.0,1.0,1.0,1.0,1.0
324.90000000000003,1.0,1.0,1.0,1.0,1.0,1.0,1.0
324.95000000000005,1.0,1.0,1.0,1.0,1.0,1.0,1.0
325.0,1.0,1.0,1.0,1.0,1.0,1.0,1.0
325.05,1.0,1.0,1.0,1.0,1.0,1.0,1.0
325.1,1.0,1.0,1.0,1.0,1.0,1.0,1.0
325.15000000000003,1.0,1.0,1.0,1.0,1.0,1.0,1.0
325.20000000000005,1.0,1.0,1.0,1.0,1.0,1.0,1.0
325.25,1.0,1.0,1.0,1.0,1.0,1.0,1.0
325.3,1.0,1.0,1.0,1.0,1.0,1.0,1.0
325.35,1.0,1.0,1.0,1.0,1.0,1.0,1.0
325.40000000000003,1.0,1.0,1.0,1.0,1.0,1.0,1.0
325.45000000000005,1.0,1.0,1.0,1.0,1.0,1.0,1.0
325.5,1.0,1.0,1.0,1.0,1.0,1.0,1.0
325.55,1.0,1.0,1.0,1.0,1.0,1.0,1.0
325.6,1.0,1.0,1.0,1.0,1.0,1.0,1.0
325.65000000000003,1.0,1.0,1.0,1.0,1.0,1.0,1.0
325.70000000000005,1.0,1.0,1.0,1.0,1.0,1.0,1.0
325.75,1.0,1.0,1.0,1.0,1.0,1.0,1.0
325.8,1.0,1.0,1.0,1.0,1.0,1.0,1.0
325.85,1.0,1.0,1.0,1.0,1.0,1.0,1.0
325.90000000000003,1.0,1.0,1.0,1.0,1.0,1.0,1.0
325.95000000000005,1.0,1.0,1.0,1.0,1.0,1.0,1.0
326.0,1.0,1.0,1.0,1.0,1.0,1.0,1.0
326.05,1.0,1.0,1.0,1.0,1.0,1.0,1.0
326.1,1.0,1.0,1.0,1.0,1.0,1.0,1.0
326.15000000000003,1.0,1.0,1.0,1.0,1.0,1.0,1.0
326.20000000000005,1.0,1.0,1.0,1.0,1.0,1.0,1.0
326.25,1.0,1.0,1.0,1.0,1.0,1.0,1.0
326.3,1.0,1.0,1.0,1.0,1.0,1.0,1.0
326.35,1.0,1.0,1.0,1.0,1.0,1.0,1.0
326.40000000000003,1.0,1.0,1.0,1.0,1.0,1.0,1.0
326.45000000000005,1.0,1.0,1.0,1.0,1.0,1.0,1.0
326.5,1.0,1.0,1.0,1.0,1.0,1.0,1.0
326.55,1.0,1.0,1.0,1.0,1.0,1.0,1.0
326.6,1.0,1.0,1.0,1.0,1.0,1.0,1.0
326.65000000000003,1.0,1.0,1.0,1.0,1.0,1.0,1.0
326.70000000000005,1.0,1.0,1.0,1.0,1.0,1.0,1.0
326.75,1.0,1.0,1.0,1.0,1.0,1.0,1.0
326.8,1.0,1.0,1.0,1.0,1.0,1.0,1.0
326.85,1.0,1.0,1.0,1.0,1.0,1.0,1.0
326.90000000000003,1.0,1.0,1.0,1.0,1.0,1.0,1.0
326.95000000000005,1.0,1.0,1.0,1.0,1.0,1.0,1.0
327.0,1.0,1.0,1.0,1.0,1.0,1.0,1.0
327.05,1.0,1.0,1.0,1.0,1.0,1.0,1.0
327.1,1.0,1.0,1.0,1.0,1.0,1.0,1.0
327.15000000000003,1.0,1.0,1.0,1.0,1.0,1.0,1.0
327.20000000000005,1.0,1.0,1.0,1.0,1.0,1.0,1.0
327.25,1.0,1.0,1.0,1.0,1.0,1.0,1.0
327.3,1.0,1.0,1.0,1.0,1.0,1.0,1.0
327.35,1.0,1.0,1.0,1.0,1.0,1.0,1.0
327.40000000000003,1.0,1.0,1.0,1.0,1.0,1.0,1.0
327.45000000000005,1.0,1.0,1.0,1.0,1.0,1.0,1.0
327.5,1.0,1.0,1.0,1.0,1.0,1.0,1.0
327.55,1.0,1.0,1.0,1.0,1.0,1.0,1.0
327.6,1.0,1.0,1.0,1.0,1.0,1.0,1.0
327.65000000000003,1.0,1.0,1.0,1.0,1.0,1.0,1.0
327.70000000000005,1.0,1.0,1.0,1.0,1.0,1.0,1.0
327.75,1.0,1.0,1.0,1.0,1.0,1.0,1.0
327.8,1.0,1.0,1.0,1.0,1.0,1.0,1.0
327.85,1.0,1.0,1.0,1.0,1.0,1.0,1.0
327.90000000000003,1.0,1.0,1.0,1.0,1.0,1.0,1.0
327.95000000000005,1.0,1.0,1.0,1.0,1.0,1.0,1.0
328.0,1.0,1.0,1.0,1.0,1.0,1.0,1.0
328.05,1.0,1.0,1.0,1.0,1.0,1.0,1.0
328.1,1.0,1.0,1.0,1.0,1.0,1.0,1.0
328.15000000000003,1.0,1.0,1.0,1.0,1.0,1.0,1.0
328.20000000000005,1.0,1.0,1.0,1.0,1.0,1.0,1.0
328.25,1.0,1.0,1.0,1.0,1.0,1.0,1.0
328.3,1.0,1.0,1.0,1.0,1.0,1.0,1.0
328.35,1.0,1.0,1.0,1.0,1.0,1.0,1.0
328.40000000000003,1.0,1.0,1.0,1.0,1.0,1.0,1.0
328.45000000000005,1.0,1.0,1.0,1.0,1.0,1.0,1.0
328.5,1.0,1.0,1.0,1.0,1.0,1.0,1.0
328.55,1.0,1.0,1.0,1.0,1.0,1.0,1.0
328.6,1.0,1.0,1.0,1.0,1.0,1.0,1.0
328.65000000000003,1.0,1.0,1.0,1.0,1.0,1.0,1.0
328.70000000000005,1.0,1.0,1.0,1.0,1.0,1.0,1.0
328.75,1.0,1.0,1.0,1.0,1.0,1.0,1.0
328.8,1.0,1.0,1.0,1.0,1.0,1.0,1.0
328.85,1.0,1.0,1.0,1.0,1.0,1.0,1.0
328.90000000000003,1.0,1.0,1.0,1.0,1.0,1.0,1.0
328.95000000000005,1.0,1.0,1.0,1.0,1.0,1.0,1.0
329.0,1.0,1.0,1.0,1.0,1.0,1.0,1.0
329.05,1.0,1.0,1.0,1.0,1.0,1.0,1.0
329.1,1.0,1.0,1.0,1.0,1.0,1.0,1.0
329.15000000000003,1.0,1.0,1.0,1.0,1.0,1.0,1.0
329.20000000000005,1.0,1.0,1.0,1.0,1.0,1.0,1.0
329.25,1.0,1.0,1.0,1.0,1.0,1.0,1.0
329.3,1.0,1.0,1.0,1.0,1.0,1.0,1.0
329.35,1.0,1.0,1.0,1.0,1.0,1.0,1.0
329.40000000000003,1.0,1.0,1.0,1.0,1.0,1.0,1.0
329.45000000000005,1.0,1.0,1.0,1.0,1.0,1.0,1.0
329.5,1.0,1.0,1.0,1.0,1.0,1.0,1.0
329.55,1.0,1.0,1.0,1.0,1.0,1.0,1.0
329.6,1.0,1.0,1.0,1.0,1.0,1.0,1.0
329.65000000000003,1.0,1.0,1.0,1.0,1.0,1.0,1.0
329.70000000000005,1.0,1.0,1.0,1.0,1.0,1.0,1.0
329.75,1.0,1.0,1.0,1.0,1.0,1.0,1.0
329.8,1.0,1.0,1.0,1.0,1.0,1.0,1.0
329.85,1.0,1.0,1.0,1.0,1.0,1.0,1.0
329.90000000000003,1.0,1.0,1.0,1.0,1.0,1.0,1.0
329.95000000000005,1.0,1.0,1.0,1.0,1.0,1.0,1.0
330.0,1.0,1.0,1.0,1.0,1.0,1.0,1.0
330.05,1.0,1.0,1.0,1.0,1.0,1.0,1.0
330.1,1.0,1.0,1.0,1.0,1.0,1.0,1.0
330.15000000000003,1.0,1.0,1.0,1.0,1.0,1.0,1.0
330.20000000000005,1.0,1.0,1.0,1.0,1.0,1.0,1.0
330.25,1.0,1.0,1.0,1.0,1.0,1.0,1.0
330.3,1.0,1.0,1.0,1.0,1.0,1.0,1.0
330.35,1.0,1.0,1.0,1.0,1.0,1.0,1.0
330.40000000000003,1.0,1.0,1.0,1.0,1.0,1.0,1.0
330.45000000000005,1.0,1.0,1.0,1.0,1.0,1.0,1.0
330.5,1.0,1.0,1.0,1.0,1.0,1.0,1.0
330.55,1.0,1.0,1.0,1.0,1.0,1.0,1.0
330.6,1.0,1.0,1.0,1.0,1.0,1.0,1.0
330.65000000000003,1.0,1.0,1.0,1.0,1.0,1.0,1.0
330.70000000000005,1.0,1.0,1.0,1.0,1.0,1.0,1.0
330.75,1.0,1.0,1.0,1.0,1.0,1.0,1.0
330.8,1.0,1.0,1.0,1.0,1.0,1.0,1.0
330.85,1.0,1.0,1.0,1.0,1.0,1.0,1.0
330.90000000000003,1.0,1.0,1.0,1.0,1.0,1.0,1.0
330.95000000000005,1.0,1.0,1.0,1.0,1.0,1.0,1.0
331.0,1.0,1.0,1.0,1.0,1.0,1.0,1.0
331.05,1.0,1.0,1.0,1.0,1.0,1.0,1.0
331.1,1.0,1.0,1.0,1.0,1.0,1.0,1.0
331.15000000000003,1.0,1.0,1.0,1.0,1.0,1.0,1.0
331.20000000000005,1.0,1.0,1.0,1.0,1.0,1.0,1.0
331.25,1.0,1.0,1.0,1.0,1.0,1.0,1.0
331.3,1.0,1.0,1.0,1.0,1.0,1.0,1.0
331.35,1.0,1.0,1.0,1.0,1.0,1.0,1.0
331.40000000000003,1.0,1.0,1.0,1.0,1.0,1.0,1.0
331.45000000000005,1.0,1.0,1.0,1.0,1.0,1.0,1.0
331.5,1.0,1.0,1.0,1.0,1.0,1.0,1.0
331.55,1.0,1.0,1.0,1.0,1.0,1.0,1.0
331.6,1.0,1.0,1.0,1.0,1.0,1.0,1.0
331.65000000000003,1.0,1.0,1.0,1.0,1.0,1.0,1.0
331.70000000000005,1.0,1.0,1.0,1.0,1.0,1.0,1.0
331.75,1.0,1.0,1.0,1.0,1.0,1.0,1.0
331.8,1.0,1.0,1.0,1.0,1.0,1.0,1.0
331.85,1.0,1.0,1.0,1.0,1.0,1.0,1.0
331.90000000000003,1.0,1.0,1.0,1.0,1.0,1.0,1.0
331.95000000000005,1.0,1.0,1.0,1.0,1.0,1.0,1.0
332.0,1.0,1.0,1.0,1.0,1.0,1.0,1.0
332.05,1.0,1.0,1.0,1.0,1.0,1.0,1.0
332.1,1.0,1.0,1.0,1.0,1.0,1.0,1.0
332.15000000000003,1.0,1.0,1.0,1.0,1.0,1.0,1.0
332.20000000000005,1.0,1.0,1.0,1.0,1.0,1.0,1.0
332.25,1.0,1.0,1.0,1.0,1.0,1.0,1.0
332.3,1.0,1.0,1.0,1.0,1.0,1.0,1.0
332.35,1.0,1.0,1.0,1.0,1.0,1.0,1.0
332.40000000000003,1.0,1.0,1.0,1.0,1.0,1.0,1.0
332.45000000000005,1.0,1.0,1.0,1.0,1.0,1.0,1.0
332.5,1.0,1.0,1.0,1.0,1.0,1.0,1.0
332.55,1.0,1.0,1.0,1.0,1.0,1.0,1.0
332.6,1.0,1.0,1.0,1.0,1.0,1.0,1.0
332.65000000000003,1.0,1.0,1.0,1.0,1.0,1.0,1.0
332.70000000000005,1.0,1.0,1.0,1.0,1.0,1.0,1.0
332.75,1.0,1.0,1.0,1.0,1.0,1.0,1.0
332.8,1.0,1.0,1.0,1.0,1.0,1.0,1.0
332.85,1.0,1.0,1.0,1.0,1.0,1.0,1.0
332.90000000000003,1.0,1.0,1.0,1.0,1.0,1.0,1.0
332.95000000000005,1.0,1.0,1.0,1.0,1.0,1.0,1.0
333.0,1.0,1.0,1.0,1.0,1.0,1.0,1.0
333.05,1.0,1.0,1.0,1.0,1.0,1.0,1.0
333.1,1.0,1.0,1.0,1.0,1.0,1.0,1.0
333.15000000000003,1.0,1.0,1.0,1.0,1.0,1.0,1.0
333.20000000000005,1.0,1.0,1.0,1.0,1.0,1.0,1.0
333.25,1.0,1.0,1.0,1.0,1.0,1.0,1.0
333.3,1.0,1.0,1.0,1.0,1.0,1.0,1.0
333.35,1.0,1.0,1.0,1.0,1.0,1.0,1.0
333.40000000000003,1.0,1.0,1.0,1.0,1.0,1.0,1.0
333.45000000000005,1.0,1.0,1.0,1.0,1.0,1.0,1.0
333.5,1.0,1.0,1.0,1.0,1.0,1.0,1.0
333.55,1.0,1.0,1.0,1.0,1.0,1.0,1.0
333.6,1.0,1.0,1.0,1.0,1.0,1.0,1.0
333.65000000000003,1.0,1.0,1.0,1.0,1.0,1.0,1.0
333.70000000000005,1.0,1.0,1.0,1.0,1.0,1.0,1.0
333.75,1.0,1.0,1.0,1.0,1.0,1.0,1.0
333.8,1.0,1.0,1.0,1.0,1.0,1.0,1.0
333.85,1.0,1.0,1.0,1.0,1.0,1.0,1.0
333.90000000000003,1.0,1.0,1.0,1.0,1.0,1.0,1.0
333.95000000000005,1.0,1.0,1.0,1.0,1.0,1.0,1.0
334.0,1.0,1.0,1.0,1.0,1.0,1.0,1.0
334.05,1.0,1.0,1.0,1.0,1.0,1.0,1.0
334.1,1.0,1.0,1.0,1.0,1.0,1.0,1.0
334.15000000000003,1.0,1.0,1.0,1.0,1.0,1.0,1.0
334.20000000000005,1.0,1.0,1.0,1.0,1.0,1.0,1.0
334.25,1.0,1.0,1.0,1.0,1.0,1.0,1.0
334.3,1.0,1.0,1.0,1.0,1.0,1.0,1.0
334.35,1.0,1.0,1.0,1.0,1.0,1.0,1.0
334.40000000000003,1.0,1.0,1.0,1.0,1.0,1.0,1.0
334.45000000000005,1.0,1.0,1.0,1.0,1.0,1.0,1.0
334.5,1.0,1.0,1.0,1.0,1.0,1.0,1.0
334.55,1.0,1.0,1.0,1.0,1.0,1.0,1.0
334.6,1.0,1.0,1.0,1.0,1.0,1.0,1.0
334.65000000000003,1.0,1.0,1.0,1.0,1.0,1.0,1.0
334.70000000000005,1.0,1.0,1.0,1.0,1.0,1.0,1.0
334.75,1.0,1.0,1.0,1.0,1.0,1.0,1.0
334.8,1.0,1.0,1.0,1.0,1.0,1.0,1.0
334.85,1.0,1.0,1.0,1.0,1.0,1.0,1.0
334.90000000000003,1.0,1.0,1.0,1.0,1.0,1.0,1.0
334.95000000000005,1.0,1.0,1.0,1.0,1.0,1.0,1.0
335.0,1.0,1.0,1.0,1.0,1.0,1.0,1.0
335.05,1.0,1.0,1.0,1.0,1.0,1.0,1.0
335.1,1.0,1.0,1.0,1.0,1.0,1.0,1.0
335.15000000000003,1.0,1.0,1.0,1.0,1.0,1.0,1.0
335.20000000000005,1.0,1.0,1.0,1.0,1.0,1.0,1.0
335.25,1.0,1.0,1.0,1.0,1.0,1.0,1.0
335.3,1.0,1.0,1.0,1.0,1.0,1.0,1.0
335.35,1.0,1.0,1.0,1.0,1.0,1.0,1.0
335.40000000000003,1.0,1.0,1.0,1.0,1.0,1.0,1.0
335.45000000000005,1.0,1.0,1.0,1.0,1.0,1.0,1.0
335.5,1.0,1.0,1.0,1.0,1.0,1.0,1.0
335.55,1.0,1.0,1.0,1.0,1.0,1.0,1.0
335.6,1.0,1.0,1.0,1.0,1.0,1.0,1.0
335.65000000000003,1.0,1.0,1.0,1.0,1.0,1.0,1.0
335.70000000000005,1.0,1.0,1.0,1.0,1.0,1.0,1.0
335.75,1.0,1.0,1.0,1.0,1.0,1.0,1.0
335.8,1.0,1.0,1.0,1.0,1.0,1.0,1.0
335.85,1.0,1.0,1.0,1.0,1.0,1.0,1.0
335.90000000000003,1.0,1.0,1.0,1.0,1.0,1.0,1.0
335.95000000000005,1.0,1.0,1.0,1.0,1.0,1.0,1.0
336.0,1.0,1.0,1.0,1.0,1.0,1.0,1.0
336.05,1.0,1.0,1.0,1.0,1.0,1.0,1.0
336.1,1.0,1.0,1.0,1.0,1.0,1.0,1.0
336.15000000000003,1.0,1.0,1.0,1.0,1.0,1.0,1.0
336.20000000000005,1.0,1.0,1.0,1.0,1.0,1.0,1.0
336.25,1.0,1.0,1.0,1.0,1.0,1.0,1.0
336.3,1.0,1.0,1.0,1.0,1.0,1.0,1.0
336.35,1.0,1.0,1.0,1.0,1.0,1.0,1.0
336.40000000000003,1.0,1.0,1.0,1.0,1.0,1.0,1.0
336.45000000000005,1.0,1.0,1.0,1.0,1.0,1.0,1.0
336.5,1.0,1.0,1.0,1.0,1.0,1.0,1.0
336.55,1.0,1.0,1.0,1.0,1.0,1.0,1.0
336.6,1.0,1.0,1.0,1.0,1.0,1.0,1.0
336.65000000000003,1.0,1.0,1.0,1.0,1.0,1.0,1.0
336.70000000000005,1.0,1.0,1.0,1.0,1.0,1.0,1.0
336.75,1.0,1.0,1.0,1.0,1.0,1.0,1.0
336.8,1.0,1.0,1.0,1.0,1.0,1.0,1.0
336.85,1.0,1.0,1.0,1.0,1.0,1.0,1.0
336.90000000000003,1.0,1.0,1.0,1.0,1.0,1.0,1.0
336.95000000000005,1.0,1.0,1.0,1.0,1.0,1.0,1.0
337.0,1.0,1.0,1.0,1.0,1.0,1.0,1.0
337.05,1.0,1.0,1.0,1.0,1.0,1.0,1.0
337.1,1.0,1.0,1.0,1.0,1.0,1.0,1.0
337.15000000000003,1.0,1.0,1.0,1.0,1.0,1.0,1.0
337.20000000000005,1.0,1.0,1.0,1.0,1.0,1.0,1.0
337.25,1.0,1.0,1.0,1.0,1.0,1.0,1.0
337.3,1.0,1.0,1.0,1.0,1.0,1.0,1.0
337.35,1.0,1.0,1.0,1.0,1.0,1.0,1.0
337.40000000000003,1.0,1.0,1.0,1.0,1.0,1.0,1.0
337.45000000000005,1.0,1.0,1.0,1.0,1.0,1.0,1.0
337.5,1.0,1.0,1.0,1.0,1.0,1.0,1.0
337.55,1.0,1.0,1.0,1.0,1.0,1.0,1.0
337.6,1.0,1.0,1.0,1.0,1.0,1.0,1.0
337.65000000000003,1.0,1.0,1.0,1.0,1.0,1.0,1.0
337.70000000000005,1.0,1.0,1.0,1.0,1.0,1.0,1.0
337.75,1.0,1.0,1.0,1.0,1.0,1.0,1.0
337.8,1.0,1.0,1.0,1.0,1.0,1.0,1.0
337.85,1.0,1.0,1.0,1.0,1.0,1.0,1.0
337.90000000000003,1.0,1.0,1.0,1.0,1.0,1.0,1.0
337.95000000000005,1.0,1.0,1.0,1.0,1.0,1.0,1.0
338.0,1.0,1.0,1.0,1.0,1.0,1.0,1.0
338.05,1.0,1.0,1.0,1.0,1.0,1.0,1.0
338.1,1.0,1.0,1.0,1.0,1.0,1.0,1.0
338.15000000000003,1.0,1.0,1.0,1.0,1.0,1.0,1.0
338.20000000000005,1.0,1.0,1.0,1.0,1.0,1.0,1.0
338.25,1.0,1.0,1.0,1.0,1.0,1.0,1.0
338.3,1.0,1.0,1.0,1.0,1.0,1.0,1.0
338.35,1.0,1.0,1.0,1.0,1.0,1.0,1.0
338.40000000000003,1.0,1.0,1.0,1.0,1.0,1.0,1.0
338.45000000000005,1.0,1.0,1.0,1.0,1.0,1.0,1.0
338.5,1.0,1.0,1.0,1.0,1.0,1.0,1.0
338.55,1.0,1.0,1.0,1.0,1.0,1.0,1.0
338.6,1.0,1.0,1.0,1.0,1.0,1.0,1.0
338.65000000000003,1.0,1.0,1.0,1.0,1.0,1.0,1.0
338.70000000000005,1.0,1.0,1.0,1.0,1.0,1.0,1.0
338.75,1.0,1.0,1.0,1.0,1.0,1.0,1.0
338.8,1.0,1.0,1.0,1.0,1.0,1.0,1.0
338.85,1.0,1.0,1.0,1.0,1.0,1.0,1.0
338.90000000000003,1.0,1.0,1.0,1.0,1.0,1.0,1.0
338.95000000000005,1.0,1.0,1.0,1.0,1.0,1.0,1.0
339.0,1.0,1.0,1.0,1.0,1.0,1.0,1.0
339.05,1.0,1.0,1.0,1.0,1.0,1.0,1.0
339.1,1.0,1.0,1.0,1.0,1.0,1.0,1.0
339.15000000000003,1.0,1.0,1.0,1.0,1.0,1.0,1.0
339.20000000000005,1.0,1.0,1.0,1.0,1.0,1.0,1.0
339.25,1.0,1.0,1.0,1.0,1.0,1.0,1.0
339.3,1.0,1.0,1.0,1.0,1.0,1.0,1.0
339.35,1.0,1.0,1.0,1.0,1.0,1.0,1.0
339.40000000000003,1.0,1.0,1.0,1.0,1.0,1.0,1.0
339.45000000000005,1.0,1.0,1.0,1.0,1.0,1.0,1.0
339.5,1.0,1.0,1.0,1.0,1.0,1.0,1.0
339.55,1.0,1.0,1.0,1.0,1.0,1.0,1.0
339.6,1.0,1.0,1.0,1.0,1.0,1.0,1.0
339.65000000000003,1.0,1.0,1.0,1.0,1.0,1.0,1.0
339.70000000000005,1.0,1.0,1.0,1.0,1.0,1.0,1.0
339.75,1.0,1.0,1.0,1.0,1.0,1.0,1.0
339.8,1.0,1.0,1.0,1.0,1.0,1.0,1.0
339.85,1.0,1.0,1.0,1.0,1.0,1.0,1.0
339.90000000000003,1.0,1.0,1.0,1.0,1.0,1.0,1.0
339.95000000000005,1.0,1.0,1.0,1.0,1.0,1.0,1.0
340.0,1.0,1.0,1.0,1.0,1.0,1.0,1.0
340.05,1.0,1.0,1.0,1.0,1.0,1.0,1.0
340.1,1.0,1.0,1.0,1.0,1.0,1.0,1.0
340.15000000000003,1.0,1.0,1.0,1.0,1.0,1.0,1.0
340.20000000000005,1.0,1.0,1.0,1.0,1.0,1.0,1.0
340.25,1.0,1.0,1.0,1.0,1.0,1.0,1.0
340.3,1.0,1.0,1.0,1.0,1.0,1.0,1.0
340.35,1.0,1.0,1.0,1.0,1.0,1.0,1.0
340.40000000000003,1.0,1.0,1.0,1.0,1.0,1.0,1.0
340.45000000000005,1.0,1.0,1.0,1.0,1.0,1.0,1.0
340.5,1.0,1.0,1.0,1.0,1.0,1.0,1.0
340.55,1.0,1.0,1.0,1.0,1.0,1.0,1.0
340.6,1.0,1.0,1.0,1.0,1.0,1.0,1.0
340.65000000000003,1.0,1.0,1.0,1.0,1.0,1.0,1.0
340.70000000000005,1.0,1.0,1.0,1.0,1.0,1.0,1.0
340.75,1.0,1.0,1.0,1.0,1.0,1.0,1.0
340.8,1.0,1.0,1.0,1.0,1.0,1.0,1.0
340.85,1.0,1.0,1.0,1.0,1.0,1.0,1.0
340.90000000000003,1.0,1.0,1.0,1.0,1.0,1.0,1.0
340.95000000000005,1.0,1.0,1.0,1.0,1.0,1.0,1.0
341.0,1.0,1.0,1.0,1.0,1.0,1.0,1.0
341.05,1.0,1.0,1.0,1.0,1.0,1.0,1.0
341.1,1.0,1.0,1.0,1.0,1.0,1.0,1.0
341.15000000000003,1.0,1.0,1.0,1.0,1.0,1.0,1.0
341.20000000000005,1.0,1.0,1.0,1.0,1.0,1.0,1.0
341.25,1.0,1.0,1.0,1.0,1.0,1.0,1.0
341.3,1.0,1.0,1.0,1.0,1.0,1.0,1.0
341.35,1.0,1.0,1.0,1.0,1.0,1.0,1.0
341.40000000000003,1.0,1.0,1.0,1.0,1.0,1.0,1.0
341.45000000000005,1.0,1.0,1.0,1.0,1.0,1.0,1.0
341.5,1.0,1.0,1.0,1.0,1.0,1.0,1.0
341.55,1.0,1.0,1.0,1.0,1.0,1.0,1.0
341.6,1.0,1.0,1.0,1.0,1.0,1.0,1.0
341.65000000000003,1.0,1.0,1.0,1.0,1.0,1.0,1.0
341.70000000000005,1.0,1.0,1.0,1.0,1.0,1.0,1.0
341.75,1.0,1.0,1.0,1.0,1.0,1.0,1.0
341.8,1.0,1.0,1.0,1.0,1.0,1.0,1.0
341.85,1.0,1.0,1.0,1.0,1.0,1.0,1.0
341.90000000000003,1.0,1.0,1.0,1.0,1.0,1.0,1.0
341.95000000000005,1.0,1.0,1.0,1.0,1.0,1.0,1.0
342.0,1.0,1.0,1.0,1.0,1.0,1.0,1.0
342.05,1.0,1.0,1.0,1.0,1.0,1.0,1.0
342.1,1.0,1.0,1.0,1.0,1.0,1.0,1.0
342.15000000000003,1.0,1.0,1.0,1.0,1.0,1.0,1.0
342.20000000000005,1.0,1.0,1.0,1.0,1.0,1.0,1.0
342.25,1.0,1.0,1.0,1.0,1.0,1.0,1.0
342.3,1.0,1.0,1.0,1.0,1.0,1.0,1.0
342.35,1.0,1.0,1.0,1.0,1.0,1.0,1.0
342.40000000000003,1.0,1.0,1.0,1.0,1.0,1.0,1.0
342.45000000000005,1.0,1.0,1.0,1.0,1.0,1.0,1.0
342.5,1.0,1.0,1.0,1.0,1.0,1.0,1.0
342.55,1.0,1.0,1.0,1.0,1.0,1.0,1.0
342.6,1.0,1.0,1.0,1.0,1.0,1.0,1.0
342.65000000000003,1.0,1.0,1.0,1.0,1.0,1.0,1.0
342.70000000000005,1.0,1.0,1.0,1.0,1.0,1.0,1.0
342.75,1.0,1.0,1.0,1.0,1.0,1.0,1.0
342.8,1.0,1.0,1.0,1.0,1.0,1.0,1.0
342.85,1.0,1.0,1.0,1.0,1.0,1.0,1.0
342.90000000000003,1.0,1.0,1.0,1.0,1.0,1.0,1.0
342.95000000000005,1.0,1.0,1.0,1.0,1.0,1.0,1.0
343.0,1.0,1.0,1.0,1.0,1.0,1.0,1.0
343.05,1.0,1.0,1.0,1.0,1.0,1.0,1.0
343.1,1.0,1.0,1.0,1.0,1.0,1.0,1.0
343.15000000000003,1.0,1.0,1.0,1.0,1.0,1.0,1.0
343.20000000000005,1.0,1.0,1.0,1.0,1.0,1.0,1.0
343.25,1.0,1.0,1.0,1.0,1.0,1.0,1.0
343.3,1.0,1.0,1.0,1.0,1.0,1.0,1.0
343.35,1.0,1.0,1.0,1.0,1.0,1.0,1.0
343.40000000000003,1.0,1.0,1.0,1.0,1.0,1.0,1.0
343.45000000000005,1.0,1.0,1.0,1.0,1.0,1.0,1.0
343.5,1.0,1.0,1.0,1.0,1.0,1.0,1.0
343.55,1.0,1.0,1.0,1.0,1.0,1.0,1.0
343.6,1.0,1.0,1.0,1.0,1.0,1.0,1.0
343.65000000000003,1.0,1.0,1.0,1.0,1.0,1.0,1.0
343.70000000000005,1.0,1.0,1.0,1.0,1.0,1.0,1.0
343.75,1.0,1.0,1.0,1.0,1.0,1.0,1.0
343.8,1.0,1.0,1.0,1.0,1.0,1.0,1.0
343.85,1.0,1.0,1.0,1.0,1.0,1.0,1.0
343.90000000000003,1.0,1.0,1.0,1.0,1.0,1.0,1.0
343.95000000000005,1.0,1.0,1.0,1.0,1.0,1.0,1.0
344.0,1.0,1.0,1.0,1.0,1.0,1.0,1.0
344.05,1.0,1.0,1.0,1.0,1.0,1.0,1.0
344.1,1.0,1.0,1.0,1.0,1.0,1.0,1.0
344.15000000000003,1.0,1.0,1.0,1.0,1.0,1.0,1.0
344.20000000000005,1.0,1.0,1.0,1.0,1.0,1.0,1.0
344.25,1.0,1.0,1.0,1.0,1.0,1.0,1.0
344.3,1.0,1.0,1.0,1.0,1.0,1.0,1.0
344.35,1.0,1.0,1.0,1.0,1.0,1.0,1.0
344.40000000000003,1.0,1.0,1.0,1.0,1.0,1.0,1.0
344.45000000000005,1.0,1.0,1.0,1.0,1.0,1.0,1.0
344.5,1.0,1.0,1.0,1.0,1.0,1.0,1.0
344.55,1.0,1.0,1.0,1.0,1.0,1.0,1.0
344.6,1.0,1.0,1.0,1.0,1.0,1.0,1.0
344.65000000000003,1.0,1.0,1.0,1.0,1.0,1.0,1.0
344.70000000000005,1.0,1.0,1.0,1.0,1.0,1.0,1.0
344.75,1.0,1.0,1.0,1.0,1.0,1.0,1.0
344.8,1.0,1.0,1.0,1.0,1.0,1.0,1.0
344.85,1.0,1.0,1.0,1.0,1.0,1.0,1.0
344.90000000000003,1.0,1.0,1.0,1.0,1.0,1.0,1.0
344.95000000000005,1.0,1.0,1.0,1.0,1.0,1.0,1.0
345.0,1.0,1.0,1.0,1.0,1.0,1.0,1.0
345.05,1.0,1.0,1.0,1.0,1.0,1.0,1.0
345.1,1.0,1.0,1.0,1.0,1.0,1.0,1.0
345.15000000000003,1.0,1.0,1.0,1.0,1.0,1.0,1.0
345.20000000000005,1.0,1.0,1.0,1.0,1.0,1.0,1.0
345.25,1.0,1.0,1.0,1.0,1.0,1.0,1.0
345.3,1.0,1.0,1.0,1.0,1.0,1.0,1.0
345.35,1.0,1.0,1.0,1.0,1.0,1.0,1.0
345.40000000000003,1.0,1.0,1.0,1.0,1.0,1.0,1.0
345.45000000000005,1.0,1.0,1.0,1.0,1.0,1.0,1.0
345.5,1.0,1.0,1.0,1.0,1.0,1.0,1.0
345.55,1.0,1.0,1.0,1.0,1.0,1.0,1.0
345.6,1.0,1.0,1.0,1.0,1.0,1.0,1.0
345.65000000000003,1.0,1.0,1.0,1.0,1.0,1.0,1.0
345.70000000000005,1.0,1.0,1.0,1.0,1.0,1.0,1.0
345.75,1.0,1.0,1.0,1.0,1.0,1.0,1.0
345.8,1.0,1.0,1.0,1.0,1.0,1.0,1.0
345.85,1.0,1.0,1.0,1.0,1.0,1.0,1.0
345.90000000000003,1.0,1.0,1.0,1.0,1.0,1.0,1.0
345.95000000000005,1.0,1.0,1.0,1.0,1.0,1.0,1.0
346.0,1.0,1.0,1.0,1.0,1.0,1.0,1.0
346.05,1.0,1.0,1.0,1.0,1.0,1.0,1.0
346.1,1.0,1.0,1.0,1.0,1.0,1.0,1.0
346.15000000000003,1.0,1.0,1.0,1.0,1.0,1.0,1.0
346.20000000000005,1.0,1.0,1.0,1.0,1.0,1.0,1.0
346.25,1.0,1.0,1.0,1.0,1.0,1.0,1.0
346.3,1.0,1.0,1.0,1.0,1.0,1.0,1.0
346.35,1.0,1.0,1.0,1.0,1.0,1.0,1.0
346.40000000000003,1.0,1.0,1.0,1.0,1.0,1.0,1.0
346.45000000000005,1.0,1.0,1.0,1.0,1.0,1.0,1.0
346.5,1.0,1.0,1.0,1.0,1.0,1.0,1.0
346.55,1.0,1.0,1.0,1.0,1.0,1.0,1.0
346.6,1.0,1.0,1.0,1.0,1.0,1.0,1.0
346.65000000000003,1.0,1.0,1.0,1.0,1.0,1.0,1.0
346.70000000000005,1.0,1.0,1.0,1.0,1.0,1.0,1.0
346.75,1.0,1.0,1.0,1.0,1.0,1.0,1.0
346.8,1.0,1.0,1.0,1.0,1.0,1.0,1.0
346.85,1.0,1.0,1.0,1.0,1.0,1.0,1.0
346.90000000000003,1.0,1.0,1.0,1.0,1.0,1.0,1.0
346.95000000000005,1.0,1.0,1.0,1.0,1.0,1.0,1.0
347.0,1.0,1.0,1.0,1.0,1.0,1.0,1.0
347.05,1.0,1.0,1.0,1.0,1.0,1.0,1.0
347.1,1.0,1.0,1.0,1.0,1.0,1.0,1.0
347.15000000000003,1.0,1.0,1.0,1.0,1.0,1.0,1.0
347.20000000000005,1.0,1.0,1.0,1.0,1.0,1.0,1.0
347.25,1.0,1.0,1.0,1.0,1.0,1.0,1.0
347.3,1.0,1.0,1.0,1.0,1.0,1.0,1.0
347.35,1.0,1.0,1.0,1.0,1.0,1.0,1.0
347.40000000000003,1.0,1.0,1.0,1.0,1.0,1.0,1.0
347.45000000000005,1.0,1.0,1.0,1.0,1.0,1.0,1.0
347.5,1.0,1.0,1.0,1.0,1.0,1.0,1.0
347.55,1.0,1.0,1.0,1.0,1.0,1.0,1.0
347.6,1.0,1.0,1.0,1.0,1.0,1.0,1.0
347.65000000000003,1.0,1.0,1.0,1.0,1.0,1.0,1.0
347.70000000000005,1.0,1.0,1.0,1.0,1.0,1.0,1.0
347.75,1.0,1.0,1.0,1.0,1.0,1.0,1.0
347.8,1.0,1.0,1.0,1.0,1.0,1.0,1.0
347.85,1.0,1.0,1.0,1.0,1.0,1.0,1.0
347.90000000000003,1.0,1.0,1.0,1.0,1.0,1.0,1.0
347.95000000000005,1.0,1.0,1.0,1.0,1.0,1.0,1.0
348.0,1.0,1.0,1.0,1.0,1.0,1.0,1.0
348.05,1.0,1.0,1.0,1.0,1.0,1.0,1.0
348.1,1.0,1.0,1.0,1.0,1.0,1.0,1.0
348.15000000000003,1.0,1.0,1.0,1.0,1.0,1.0,1.0
348.20000000000005,1.0,1.0,1.0,1.0,1.0,1.0,1.0
348.25,1.0,1.0,1.0,1.0,1.0,1.0,1.0
348.3,1.0,1.0,1.0,1.0,1.0,1.0,1.0
348.35,1.0,1.0,1.0,1.0,1.0,1.0,1.0
348.40000000000003,1.0,1.0,1.0,1.0,1.0,1.0,1.0
348.45000000000005,1.0,1.0,1.0,1.0,1.0,1.0,1.0
348.5,1.0,1.0,1.0,1.0,1.0,1.0,1.0
348.55,1.0,1.0,1.0,1.0,1.0,1.0,1.0
348.6,1.0,1.0,1.0,1.0,1.0,1.0,1.0
348.65000000000003,1.0,1.0,1.0,1.0,1.0,1.0,1.0
348.70000000000005,1.0,1.0,1.0,1.0,1.0,1.0,1.0
348.75,1.0,1.0,1.0,1.0,1.0,1.0,1.0
348.8,1.0,1.0,1.0,1.0,1.0,1.0,1.0
348.85,1.0,1.0,1.0,1.0,1.0,1.0,1.0
348.90000000000003,1.0,1.0,1.0,1.0,1.0,1.0,1.0
348.95000000000005,1.0,1.0,1.0,1.0,1.0,1.0,1.0
349.0,1.0,1.0,1.0,1.0,1.0,1.0,1.0
349.05,1.0,1.0,1.0,1.0,1.0,1.0,1.0
349.1,1.0,1.0,1.0,1.0,1.0,1.0,1.0
349.15000000000003,1.0,1.0,1.0,1.0,1.0,1.0,1.0
349.20000000000005,1.0,1.0,1.0,1.0,1.0,1.0,1.0
349.25,1.0,1.0,1.0,1.0,1.0,1.0,1.0
349.3,1.0,1.0,1.0,1.0,1.0,1.0,1.0
349.35,1.0,1.0,1.0,1.0,1.0,1.0,1.0
349.40000000000003,1.0,1.0,1.0,1.0,1.0,1.0,1.0
349.45000000000005,1.0,1.0,1.0,1.0,1.0,1.0,1.0
349.5,1.0,1.0,1.0,1.0,1.0,1.0,1.0
349.55,1.0,1.0,1.0,1.0,1.0,1.0,1.0
349.6,1.0,1.0,1.0,1.0,1.0,1.0,1.0
349.65000000000003,1.0,1.0,1.0,1.0,1.0,1.0,1.0
349.70000000000005,1.0,1.0,1.0,1.0,1.0,1.0,1.0
349.75,1.0,1.0,1.0,1.0,1.0,1.0,1.0
349.8,1.0,1.0,1.0,1.0,1.0,1.0,1.0
349.85,1.0,1.0,1.0,1.0,1.0,1.0,1.0
349.90000000000003,1.0,1.0,1.0,1.0,1.0,1.0,1.0
349.95000000000005,1.0,1.0,1.0,1.0,1.0,1.0,1.0
350.0,1.0,1.0,1.0,1.0,1.0,1.0,1.0
350.05,1.0,1.0,1.0,1.0,1.0,1.0,1.0
350.1,1.0,1.0,1.0,1.0,1.0,1.0,1.0
350.15000000000003,1.0,1.0,1.0,1.0,1.0,1.0,1.0
350.20000000000005,1.0,1.0,1.0,1.0,1.0,1.0,1.0
350.25,1.0,1.0,1.0,1.0,1.0,1.0,1.0
350.3,1.0,1.0,1.0,1.0,1.0,1.0,1.0
350.35,1.0,1.0,1.0,1.0,1.0,1.0,1.0
350.40000000000003,1.0,1.0,1.0,1.0,1.0,1.0,1.0
350.45000000000005,1.0,1.0,1.0,1.0,1.0,1.0,1.0
350.5,1.0,1.0,1.0,1.0,1.0,1.0,1.0
350.55,1.0,1.0,1.0,1.0,1.0,1.0,1.0
350.6,1.0,1.0,1.0,1.0,1.0,1.0,1.0
350.65000000000003,1.0,1.0,1.0,1.0,1.0,1.0,1.0
350.70000000000005,1.0,1.0,1.0,1.0,1.0,1.0,1.0
350.75,1.0,1.0,1.0,1.0,1.0,1.0,1.0
350.8,1.0,1.0,1.0,1.0,1.0,1.0,1.0
350.85,1.0,1.0,1.0,1.0,1.0,1.0,1.0
350.90000000000003,1.0,1.0,1.0,1.0,1.0,1.0,1.0
350.95000000000005,1.0,1.0,1.0,1.0,1.0,1.0,1.0
351.0,1.0,1.0,1.0,1.0,1.0,1.0,1.0
351.05,1.0,1.0,1.0,1.0,1.0,1.0,1.0
351.1,1.0,1.0,1.0,1.0,1.0,1.0,1.0
351.15000000000003,1.0,1.0,1.0,1.0,1.0,1.0,1.0
351.20000000000005,1.0,1.0,1.0,1.0,1.0,1.0,1.0
351.25,1.0,1.0,1.0,1.0,1.0,1.0,1.0
351.3,1.0,1.0,1.0,1.0,1.0,1.0,1.0
351.35,1.0,1.0,1.0,1.0,1.0,1.0,1.0
351.40000000000003,1.0,1.0,1.0,1.0,1.0,1.0,1.0
351.45000000000005,1.0,1.0,1.0,1.0,1.0,1.0,1.0
351.5,1.0,1.0,1.0,1.0,1.0,1.0,1.0
351.55,1.0,1.0,1.0,1.0,1.0,1.0,1.0
351.6,1.0,1.0,1.0,1.0,1.0,1.0,1.0
351.65000000000003,1.0,1.0,1.0,1.0,1.0,1.0,1.0
351.70000000000005,1.0,1.0,1.0,1.0,1.0,1.0,1.0
351.75,1.0,1.0,1.0,1.0,1.0,1.0,1.0
351.8,1.0,1.0,1.0,1.0,1.0,1.0,1.0
351.85,1.0,1.0,1.0,1.0,1.0,1.0,1.0
351.90000000000003,1.0,1.0,1.0,1.0,1.0,1.0,1.0
351.95000000000005,1.0,1.0,1.0,1.0,1.0,1.0,1.0
352.0,1.0,1.0,1.0,1.0,1.0,1.0,1.0
352.05,1.0,1.0,1.0,1.0,1.0,1.0,1.0
352.1,1.0,1.0,1.0,1.0,1.0,1.0,1.0
352.15000000000003,1.0,1.0,1.0,1.0,1.0,1.0,1.0
352.20000000000005,1.0,1.0,1.0,1.0,1.0,1.0,1.0
352.25,1.0,1.0,1.0,1.0,1.0,1.0,1.0
352.3,1.0,1.0,1.0,1.0,1.0,1.0,1.0
352.35,1.0,1.0,1.0,1.0,1.0,1.0,1.0
352.40000000000003,1.0,1.0,1.0,1.0,1.0,1.0,1.0
352.45000000000005,1.0,1.0,1.0,1.0,1.0,1.0,1.0
352.5,1.0,1.0,1.0,1.0,1.0,1.0,1.0
352.55,1.0,1.0,1.0,1.0,1.0,1.0,1.0
352.6,1.0,1.0,1.0,1.0,1.0,1.0,1.0
352.65000000000003,1.0,1.0,1.0,1.0,1.0,1.0,1.0
352.70000000000005,1.0,1.0,1.0,1.0,1.0,1.0,1.0
352.75,1.0,1.0,1.0,1.0,1.0,1.0,1.0
352.8,1.0,1.0,1.0,1.0,1.0,1.0,1.0
352.85,1.0,1.0,1.0,1.0,1.0,1.0,1.0
352.90000000000003,1.0,1.0,1.0,1.0,1.0,1.0,1.0
352.95000000000005,1.0,1.0,1.0,1.0,1.0,1.0,1.0
353.0,1.0,1.0,1.0,1.0,1.0,1.0,1.0
353.05,1.0,1.0,1.0,1.0,1.0,1.0,1.0
353.1,1.0,1.0,1.0,1.0,1.0,1.0,1.0
353.15000000000003,1.0,1.0,1.0,1.0,1.0,1.0,1.0
353.20000000000005,1.0,1.0,1.0,1.0,1.0,1.0,1.0
353.25,1.0,1.0,1.0,1.0,1.0,1.0,1.0
353.3,1.0,1.0,1.0,1.0,1.0,1.0,1.0
353.35,1.0,1.0,1.0,1.0,1.0,1.0,1.0
353.40000000000003,1.0,1.0,1.0,1.0,1.0,1.0,1.0
353.45000000000005,1.0,1.0,1.0,1.0,1.0,1.0,1.0
353.5,1.0,1.0,1.0,1.0,1.0,1.0,1.0
353.55,1.0,1.0,1.0,1.0,1.0,1.0,1.0
353.6,1.0,1.0,1.0,1.0,1.0,1.0,1.0
353.65000000000003,1.0,1.0,1.0,1.0,1.0,1.0,1.0
353.70000000000005,1.0,1.0,1.0,1.0,1.0,1.0,1.0
353.75,1.0,1.0,1.0,1.0,1.0,1.0,1.0
353.8,1.0,1.0,1.0,1.0,1.0,1.0,1.0
353.85,1.0,1.0,1.0,1.0,1.0,1.0,1.0
353.90000000000003,1.0,1.0,1.0,1.0,1.0,1.0,1.0
353.95000000000005,1.0,1.0,1.0,1.0,1.0,1.0,1.0
354.0,1.0,1.0,1.0,1.0,1.0,1.0,1.0
354.05,1.0,1.0,1.0,1.0,1.0,1.0,1.0
354.1,1.0,1.0,1.0,1.0,1.0,1.0,1.0
354.15000000000003,1.0,1.0,1.0,1.0,1.0,1.0,1.0
354.20000000000005,1.0,1.0,1.0,1.0,1.0,1.0,1.0
354.25,1.0,1.0,1.0,1.0,1.0,1.0,1.0
354.3,1.0,1.0,1.0,1.0,1.0,1.0,1.0
354.35,1.0,1.0,1.0,1.0,1.0,1.0,1.0
354.40000000000003,1.0,1.0,1.0,1.0,1.0,1.0,1.0
354.45000000000005,1.0,1.0,1.0,1.0,1.0,1.0,1.0
354.5,1.0,1.0,1.0,1.0,1.0,1.0,1.0
354.55,1.0,1.0,1.0,1.0,1.0,1.0,1.0
354.6,1.0,1.0,1.0,1.0,1.0,1.0,1.0
354.65000000000003,1.0,1.0,1.0,1.0,1.0,1.0,1.0
354.70000000000005,1.0,1.0,1.0,1.0,1.0,1.0,1.0
354.75,1.0,1.0,1.0,1.0,1.0,1.0,1.0
354.8,1.0,1.0,1.0,1.0,1.0,1.0,1.0
354.85,1.0,1.0,1.0,1.0,1.0,1.0,1.0
354.90000000000003,1.0,1.0,1.0,1.0,1.0,1.0,1.0
354.95000000000005,1.0,1.0,1.0,1.0,1.0,1.0,1.0
355.0,1.0,1.0,1.0,1.0,1.0,1.0,1.0
355.05,1.0,1.0,1.0,1.0,1.0,1.0,1.0
355.1,1.0,1.0,1.0,1.0,1.0,1.0,1.0
355.15000000000003,1.0,1.0,1.0,1.0,1.0,1.0,1.0
355.20000000000005,1.0,1.0,1.0,1.0,1.0,1.0,1.0
355.25,1.0,1.0,1.0,1.0,1.0,1.0,1.0
355.3,1.0,1.0,1.0,1.0,1.0,1.0,1.0
355.35,1.0,1.0,1.0,1.0,1.0,1.0,1.0
355.40000000000003,1.0,1.0,1.0,1.0,1.0,1.0,1.0
355.45000000000005,1.0,1.0,1.0,1.0,1.0,1.0,1.0
355.5,1.0,1.0,1.0,1.0,1.0,1.0,1.0
355.55,1.0,1.0,1.0,1.0,1.0,1.0,1.0
355.6,1.0,1.0,1.0,1.0,1.0,1.0,1.0
355.65000000000003,1.0,1.0,1.0,1.0,1.0,1.0,1.0
355.70000000000005,1.0,1.0,1.0,1.0,1.0,1.0,1.0
355.75,1.0,1.0,1.0,1.0,1.0,1.0,1.0
355.8,1.0,1.0,1.0,1.0,1.0,1.0,1.0
355.85,1.0,1.0,1.0,1.0,1.0,1.0,1.0
355.90000000000003,1.0,1.0,1.0,1.0,1.0,1.0,1.0
355.95000000000005,1.0,1.0,1.0,1.0,1.0,1.0,1.0
356.0,1.0,1.0,1.0,1.0,1.0,1.0,1.0
356.05,1.0,1.0,1.0,1.0,1.0,1.0,1.0
356.1,1.0,1.0,1.0,1.0,1.0,1.0,1.0
356.15000000000003,1.0,1.0,1.0,1.0,1.0,1.0,1.0
356.20000000000005,1.0,1.0,1.0,1.0,1.0,1.0,1.0
356.25,1.0,1.0,1.0,1.0,1.0,1.0,1.0
356.3,1.0,1.0,1.0,1.0,1.0,1.0,1.0
356.35,1.0,1.0,1.0,1.0,1.0,1.0,1.0
356.40000000000003,1.0,1.0,1.0,1.0,1.0,1.0,1.0
356.45000000000005,1.0,1.0,1.0,1.0,1.0,1.0,1.0
356.5,1.0,1.0,1.0,1.0,1.0,1.0,1.0
356.55,1.0,1.0,1.0,1.0,1.0,1.0,1.0
356.6,1.0,1.0,1.0,1.0,1.0,1.0,1.0
356.65000000000003,1.0,1.0,1.0,1.0,1.0,1.0,1.0
356.70000000000005,1.0,1.0,1.0,1.0,1.0,1.0,1.0
356.75,1.0,1.0,1.0,1.0,1.0,1.0,1.0
356.8,1.0,1.0,1.0,1.0,1.0,1.0,1.0
356.85,1.0,1.0,1.0,1.0,1.0,1.0,1.0
356.90000000000003,1.0,1.0,1.0,1.0,1.0,1.0,1.0
356.95000000000005,1.0,1.0,1.0,1.0,1.0,1.0,1.0
357.0,1.0,1.0,1.0,1.0,1.0,1.0,1.0
357.05,1.0,1.0,1.0,1.0,1.0,1.0,1.0
357.1,1.0,1.0,1.0,1.0,1.0,1.0,1.0
357.15000000000003,1.0,1.0,1.0,1.0,1.0,1.0,1.0
357.20000000000005,1.0,1.0,1.0,1.0,1.0,1.0,1.0
357.25,1.0,1.0,1.0,1.0,1.0,1.0,1.0
357.3,1.0,1.0,1.0,1.0,1.0,1.0,1.0
357.35,1.0,1.0,1.0,1.0,1.0,1.0,1.0
357.40000000000003,1.0,1.0,1.0,1.0,1.0,1.0,1.0
357.45000000000005,1.0,1.0,1.0,1.0,1.0,1.0,1.0
357.5,1.0,1.0,1.0,1.0,1.0,1.0,1.0
357.55,1.0,1.0,1.0,1.0,1.0,1.0,1.0
357.6,1.0,1.0,1.0,1.0,1.0,1.0,1.0
357.65000000000003,1.0,1.0,1.0,1.0,1.0,1.0,1.0
357.70000000000005,1.0,1.0,1.0,1.0,1.0,1.0,1.0
357.75,1.0,1.0,1.0,1.0,1.0,1.0,1.0
357.8,1.0,1.0,1.0,1.0,1.0,1.0,1.0
357.85,1.0,1.0,1.0,1.0,1.0,1.0,1.0
357.90000000000003,1.0,1.0,1.0,1.0,1.0,1.0,1.0
357.95000000000005,1.0,1.0,1.0,1.0,1.0,1.0,1.0
358.0,1.0,1.0,1.0,1.0,1.0,1.0,1.0
358.05,1.0,1.0,1.0,1.0,1.0,1.0,1.0
358.1,1.0,1.0,1.0,1.0,1.0,1.0,1.0
358.15000000000003,1.0,1.0,1.0,1.0,1.0,1.0,1.0
358.20000000000005,1.0,1.0,1.0,1.0,1.0,1.0,1.0
358.25,1.0,1.0,1.0,1.0,1.0,1.0,1.0
358.3,1.0,1.0,1.0,1.0,1.0,1.0,1.0
358.35,1.0,1.0,1.0,1.0,1.0,1.0,1.0
358.40000000000003,1.0,1.0,1.0,1.0,1.0,1.0,1.0
358.45000000000005,1.0,1.0,1.0,1.0,1.0,1.0,1.0
358.5,1.0,1.0,1.0,1.0,1.0,1.0,1.0
358.55,1.0,1.0,1.0,1.0,1.0,1.0,1.0
358.6,1.0,1.0,1.0,1.0,1.0,1.0,1.0
358.65000000000003,1.0,1.0,1.0,1.0,1.0,1.0,1.0
358.70000000000005,1.0,1.0,1.0,1.0,1.0,1.0,1.0
358.75,1.0,1.0,1.0,1.0,1.0,1.0,1.0
358.8,1.0,1.0,1.0,1.0,1.0,1.0,1.0
358.85,1.0,1.0,1.0,1.0,1.0,1.0,1.0
358.90000000000003,1.0,1.0,1.0,1.0,1.0,1.0,1.0
358.95000000000005,1.0,1.0,1.0,1.0,1.0,1.0,1.0
359.0,1.0,1.0,1.0,1.0,1.0,1.0,1.0
359.05,1.0,1.0,1.0,1.0,1.0,1.0,1.0
359.1,1.0,1.0,1.0,1.0,1.0,1.0,1.0
359.15000000000003,1.0,1.0,1.0,1.0,1.0,1.0,1.0
359.20000000000005,1.0,1.0,1.0,1.0,1.0,1.0,1.0
359.25,1.0,1.0,1.0,1.0,1.0,1.0,1.0
359.3,1.0,1.0,1.0,1.0,1.0,1.0,1.0
359.35,1.0,1.0,1.0,1.0,1.0,1.0,1.0
359.40000000000003,1.0,1.0,1.0,1.0,1.0,1.0,1.0
359.45000000000005,1.0,1.0,1.0,1.0,1.0,1.0,1.0
359.5,1.0,1.0,1.0,1.0,1.0,1.0,1.0
359.55,1.0,1.0,1.0,1.0,1.0,1.0,1.0
359.6,1.0,1.0,1.0,1.0,1.0,1.0,1.0
359.65000000000003,1.0,1.0,1.0,1.0,1.0,1.0,1.0
359.70000000000005,1.0,1.0,1.0,1.0,1.0,1.0,1.0
359.75,1.0,1.0,1.0,1.0,1.0,1.0,1.0
359.8,1.0,1.0,1.0,1.0,1.0,1.0,1.0
359.85,1.0,1.0,1.0,1.0,1.0,1.0,1.0
359.90000000000003,1.0,1.0,1.0,1.0,1.0,1.0,1.0
359.95000000000005,1.0,1.0,1.0,1.0,1.0,1.0,1.0
360.0,1.0,1.0,1.0,1.0,1.0,1.0,1.0
360.05,1.0,1.0,1.0,1.0,1.0,1.0,1.0
360.1,1.0,1.0,1.0,1.0,1.0,1.0,1.0
360.15000000000003,1.0,1.0,1.0,1.0,1.0,1.0,1.0
360.20000000000005,1.0,1.0,1.0,1.0,1.0,1.0,1.0
360.25,1.0,1.0,1.0,1.0,1.0,1.0,1.0
360.3,1.0,1.0,1.0,1.0,1.0,1.0,1.0
360.35,1.0,1.0,1.0,1.0,1.0,1.0,1.0
360.40000000000003,1.0,1.0,1.0,1.0,1.0,1.0,1.0
360.45000000000005,1.0,1.0,1.0,1.0,1.0,1.0,1.0
360.5,1.0,1.0,1.0,1.0,1.0,1.0,1.0
360.55,1.0,1.0,1.0,1.0,1.0,1.0,1.0
360.6,1.0,1.0,1.0,1.0,1.0,1.0,1.0
360.65000000000003,1.0,1.0,1.0,1.0,1.0,1.0,1.0
360.70000000000005,1.0,1.0,1.0,1.0,1.0,1.0,1.0
360.75,1.0,1.0,1.0,1.0,1.0,1.0,1.0
360.8,1.0,1.0,1.0,1.0,1.0,1.0,1.0
360.85,1.0,1.0,1.0,1.0,1.0,1.0,1.0
360.90000000000003,1.0,1.0,1.0,1.0,1.0,1.0,1.0
360.95000000000005,1.0,1.0,1.0,1.0,1.0,1.0,1.0
361.0,1.0,1.0,1.0,1.0,1.0,1.0,1.0
361.05,1.0,1.0,1.0,1.0,1.0,1.0,1.0
361.1,1.0,1.0,1.0,1.0,1.0,1.0,1.0
361.15000000000003,1.0,1.0,1.0,1.0,1.0,1.0,1.0
361.20000000000005,1.0,1.0,1.0,1.0,1.0,1.0,1.0
361.25,1.0,1.0,1.0,1.0,1.0,1.0,1.0
361.3,1.0,1.0,1.0,1.0,1.0,1.0,1.0
361.35,1.0,1.0,1.0,1.0,1.0,1.0,1.0
361.40000000000003,1.0,1.0,1.0,1.0,1.0,1.0,1.0
361.45000000000005,1.0,1.0,1.0,1.0,1.0,1.0,1.0
361.5,1.0,1.0,1.0,1.0,1.0,1.0,1.0
361.55,1.0,1.0,1.0,1.0,1.0,1.0,1.0
361.6,1.0,1.0,1.0,1.0,1.0,1.0,1.0
361.65000000000003,1.0,1.0,1.0,1.0,1.0,1.0,1.0
361.70000000000005,1.0,1.0,1.0,1.0,1.0,1.0,1.0
361.75,1.0,1.0,1.0,1.0,1.0,1.0,1.0
361.8,1.0,1.0,1.0,1.0,1.0,1.0,1.0
361.85,1.0,1.0,1.0,1.0,1.0,1.0,1.0
361.90000000000003,1.0,1.0,1.0,1.0,1.0,1.0,1.0
361.95000000000005,1.0,1.0,1.0,1.0,1.0,1.0,1.0
362.0,1.0,1.0,1.0,1.0,1.0,1.0,1.0
362.05,1.0,1.0,1.0,1.0,1.0,1.0,1.0
362.1,1.0,1.0,1.0,1.0,1.0,1.0,1.0
362.15000000000003,1.0,1.0,1.0,1.0,1.0,1.0,1.0
362.20000000000005,1.0,1.0,1.0,1.0,1.0,1.0,1.0
362.25,1.0,1.0,1.0,1.0,1.0,1.0,1.0
362.3,1.0,1.0,1.0,1.0,1.0,1.0,1.0
362.35,1.0,1.0,1.0,1.0,1.0,1.0,1.0
362.40000000000003,1.0,1.0,1.0,1.0,1.0,1.0,1.0
362.45000000000005,1.0,1.0,1.0,1.0,1.0,1.0,1.0
362.5,1.0,1.0,1.0,1.0,1.0,1.0,1.0
362.55,1.0,1.0,1.0,1.0,1.0,1.0,1.0
362.6,1.0,1.0,1.0,1.0,1.0,1.0,1.0
362.65000000000003,1.0,1.0,1.0,1.0,1.0,1.0,1.0
362.70000000000005,1.0,1.0,1.0,1.0,1.0,1.0,1.0
362.75,1.0,1.0,1.0,1.0,1.0,1.0,1.0
362.8,1.0,1.0,1.0,1.0,1.0,1.0,1.0
362.85,1.0,1.0,1.0,1.0,1.0,1.0,1.0
362.90000000000003,1.0,1.0,1.0,1.0,1.0,1.0,1.0
362.95000000000005,1.0,1.0,1.0,1.0,1.0,1.0,1.0
363.0,1.0,1.0,1.0,1.0,1.0,1.0,1.0
363.05,1.0,1.0,1.0,1.0,1.0,1.0,1.0
363.1,1.0,1.0,1.0,1.0,1.0,1.0,1.0
363.15000000000003,1.0,1.0,1.0,1.0,1.0,1.0,1.0
363.20000000000005,1.0,1.0,1.0,1.0,1.0,1.0,1.0
363.25,1.0,1.0,1.0,1.0,1.0,1.0,1.0
363.3,1.0,1.0,1.0,1.0,1.0,1.0,1.0
363.35,1.0,1.0,1.0,1.0,1.0,1.0,1.0
363.40000000000003,1.0,1.0,1.0,1.0,1.0,1.0,1.0
363.45000000000005,1.0,1.0,1.0,1.0,1.0,1.0,1.0
363.5,1.0,1.0,1.0,1.0,1.0,1.0,1.0
363.55,1.0,1.0,1.0,1.0,1.0,1.0,1.0
363.6,1.0,1.0,1.0,1.0,1.0,1.0,1.0
363.65000000000003,1.0,1.0,1.0,1.0,1.0,1.0,1.0
363.70000000000005,1.0,1.0,1.0,1.0,1.0,1.0,1.0
363.75,1.0,1.0,1.0,1.0,1.0,1.0,1.0
363.8,1.0,1.0,1.0,1.0,1.0,1.0,1.0
363.85,1.0,1.0,1.0,1.0,1.0,1.0,1.0
363.90000000000003,1.0,1.0,1.0,1.0,1.0,1.0,1.0
363.95000000000005,1.0,1.0,1.0,1.0,1.0,1.0,1.0
364.0,1.0,1.0,1.0,1.0,1.0,1.0,1.0
364.05,1.0,1.0,1.0,1.0,1.0,1.0,1.0
364.1,1.0,1.0,1.0,1.0,1.0,1.0,1.0
364.15000000000003,1.0,1.0,1.0,1.0,1.0,1.0,1.0
364.20000000000005,1.0,1.0,1.0,1.0,1.0,1.0,1.0
364.25,1.0,1.0,1.0,1.0,1.0,1.0,1.0
364.3,1.0,1.0,1.0,1.0,1.0,1.0,1.0
364.35,1.0,1.0,1.0,1.0,1.0,1.0,1.0
364.40000000000003,1.0,1.0,1.0,1.0,1.0,1.0,1.0
364.45000000000005,1.0,1.0,1.0,1.0,1.0,1.0,1.0
364.5,1.0,1.0,1.0,1.0,1.0,1.0,1.0
364.55,1.0,1.0,1.0,1.0,1.0,1.0,1.0
364.6,1.0,1.0,1.0,1.0,1.0,1.0,1.0
364.65000000000003,1.0,1.0,1.0,1.0,1.0,1.0,1.0
364.70000000000005,1.0,1.0,1.0,1.0,1.0,1.0,1.0
364.75,1.0,1.0,1.0,1.0,1.0,1.0,1.0
364.8,1.0,1.0,1.0,1.0,1.0,1.0,1.0
364.85,1.0,1.0,1.0,1.0,1.0,1.0,1.0
364.90000000000003,1.0,1.0,1.0,1.0,1.0,1.0,1.0
364.95000000000005,1.0,1.0,1.0,1.0,1.0,1.0,1.0
365.0,1.0,1.0,1.0,1.0,1.0,1.0,1.0
365.05,1.0,1.0,1.0,1.0,1.0,1.0,1.0
365.1,1.0,1.0,1.0,1.0,1.0,1.0,1.0
365.15000000000003,1.0,1.0,1.0,1.0,1.0,1.0,1.0
365.20000000000005,1.0,1.0,1.0,1.0,1.0,1.0,1.0
365.25,1.0,1.0,1.0,1.0,1.0,1.0,1.0
365.3,1.0,1.0,1.0,1.0,1.0,1.0,1.0
365.35,1.0,1.0,1.0,1.0,1.0,1.0,1.0
365.40000000000003,1.0,1.0,1.0,1.0,1.0,1.0,1.0
365.45000000000005,1.0,1.0,1.0,1.0,1.0,1.0,1.0
365.5,1.0,1.0,1.0,1.0,1.0,1.0,1.0
365.55,1.0,1.0,1.0,1.0,1.0,1.0,1.0
365.6,1.0,1.0,1.0,1.0,1.0,1.0,1.0
365.65000000000003,1.0,1.0,1.0,1.0,1.0,1.0,1.0
365.70000000000005,1.0,1.0,1.0,1.0,1.0,1.0,1.0
365.75,1.0,1.0,1.0,1.0,1.0,1.0,1.0
365.8,1.0,1.0,1.0,1.0,1.0,1.0,1.0
365.85,1.0,1.0,1.0,1.0,1.0,1.0,1.0
365.90000000000003,1.0,1.0,1.0,1.0,1.0,1.0,1.0
365.95000000000005,1.0,1.0,1.0,1.0,1.0,1.0,1.0
366.0,1.0,1.0,1.0,1.0,1.0,1.0,1.0
366.05,1.0,1.0,1.0,1.0,1.0,1.0,1.0
366.1,1.0,1.0,1.0,1.0,1.0,1.0,1.0
366.15000000000003,1.0,1.0,1.0,1.0,1.0,1.0,1.0
366.20000000000005,1.0,1.0,1.0,1.0,1.0,1.0,1.0
366.25,1.0,1.0,1.0,1.0,1.0,1.0,1.0
366.3,1.0,1.0,1.0,1.0,1.0,1.0,1.0
366.35,1.0,1.0,1.0,1.0,1.0,1.0,1.0
366.40000000000003,1.0,1.0,1.0,1.0,1.0,1.0,1.0
366.45000000000005,1.0,1.0,1.0,1.0,1.0,1.0,1.0
366.5,1.0,1.0,1.0,1.0,1.0,1.0,1.0
366.55,1.0,1.0,1.0,1.0,1.0,1.0,1.0
366.6,1.0,1.0,1.0,1.0,1.0,1.0,1.0
366.65000000000003,1.0,1.0,1.0,1.0,1.0,1.0,1.0
366.70000000000005,1.0,1.0,1.0,1.0,1.0,1.0,1.0
366.75,1.0,1.0,1.0,1.0,1.0,1.0,1.0
366.8,1.0,1.0,1.0,1.0,1.0,1.0,1.0
366.85,1.0,1.0,1.0,1.0,1.0,1.0,1.0
366.90000000000003,1.0,1.0,1.0,1.0,1.0,1.0,1.0
366.95000000000005,1.0,1.0,1.0,1.0,1.0,1.0,1.0
367.0,1.0,1.0,1.0,1.0,1.0,1.0,1.0
367.05,1.0,1.0,1.0,1.0,1.0,1.0,1.0
367.1,1.0,1.0,1.0,1.0,1.0,1.0,1.0
367.15000000000003,1.0,1.0,1.0,1.0,1.0,1.0,1.0
367.20000000000005,1.0,1.0,1.0,1.0,1.0,1.0,1.0
367.25,1.0,1.0,1.0,1.0,1.0,1.0,1.0
367.3,1.0,1.0,1.0,1.0,1.0,1.0,1.0
367.35,1.0,1.0,1.0,1.0,1.0,1.0,1.0
367.40000000000003,1.0,1.0,1.0,1.0,1.0,1.0,1.0
367.45000000000005,1.0,1.0,1.0,1.0,1.0,1.0,1.0
367.5,1.0,1.0,1.0,1.0,1.0,1.0,1.0
367.55,1.0,1.0,1.0,1.0,1.0,1.0,1.0
367.6,1.0,1.0,1.0,1.0,1.0,1.0,1.0
367.65000000000003,1.0,1.0,1.0,1.0,1.0,1.0,1.0
367.70000000000005,1.0,1.0,1.0,1.0,1.0,1.0,1.0
367.75,1.0,1.0,1.0,1.0,1.0,1.0,1.0
367.8,1.0,1.0,1.0,1.0,1.0,1.0,1.0
367.85,1.0,1.0,1.0,1.0,1.0,1.0,1.0
367.90000000000003,1.0,1.0,1.0,1.0,1.0,1.0,1.0
367.95000000000005,1.0,1.0,1.0,1.0,1.0,1.0,1.0
368.0,1.0,1.0,1.0,1.0,1.0,1.0,1.0
368.05,1.0,1.0,1.0,1.0,1.0,1.0,1.0
368.1,1.0,1.0,1.0,1.0,1.0,1.0,1.0
368.15000000000003,1.0,1.0,1.0,1.0,1.0,1.0,1.0
368.20000000000005,1.0,1.0,1.0,1.0,1.0,1.0,1.0
368.25,1.0,1.0,1.0,1.0,1.0,1.0,1.0
368.3,1.0,1.0,1.0,1.0,1.0,1.0,1.0
368.35,1.0,1.0,1.0,1.0,1.0,1.0,1.0
368.40000000000003,1.0,1.0,1.0,1.0,1.0,1.0,1.0
368.45000000000005,1.0,1.0,1.0,1.0,1.0,1.0,1.0
368.5,1.0,1.0,1.0,1.0,1.0,1.0,1.0
368.55,1.0,1.0,1.0,1.0,1.0,1.0,1.0
368.6,1.0,1.0,1.0,1.0,1.0,1.0,1.0
368.65000000000003,1.0,1.0,1.0,1.0,1.0,1.0,1.0
368.70000000000005,1.0,1.0,1.0,1.0,1.0,1.0,1.0
368.75,1.0,1.0,1.0,1.0,1.0,1.0,1.0
368.8,1.0,1.0,1.0,1.0,1.0,1.0,1.0
368.85,1.0,1.0,1.0,1.0,1.0,1.0,1.0
368.90000000000003,1.0,1.0,1.0,1.0,1.0,1.0,1.0
368.95000000000005,1.0,1.0,1.0,1.0,1.0,1.0,1.0
369.0,1.0,1.0,1.0,1.0,1.0,1.0,1.0
369.05,1.0,1.0,1.0,1.0,1.0,1.0,1.0
369.1,1.0,1.0,1.0,1.0,1.0,1.0,1.0
369.15000000000003,1.0,1.0,1.0,1.0,1.0,1.0,1.0
369.20000000000005,1.0,1.0,1.0,1.0,1.0,1.0,1.0
369.25,1.0,1.0,1.0,1.0,1.0,1.0,1.0
369.3,1.0,1.0,1.0,1.0,1.0,1.0,1.0
369.35,1.0,1.0,1.0,1.0,1.0,1.0,1.0
369.40000000000003,1.0,1.0,1.0,1.0,1.0,1.0,1.0
369.45000000000005,1.0,1.0,1.0,1.0,1.0,1.0,1.0
369.5,1.0,1.0,1.0,1.0,1.0,1.0,1.0
369.55,1.0,1.0,1.0,1.0,1.0,1.0,1.0
369.6,1.0,1.0,1.0,1.0,1.0,1.0,1.0
369.65000000000003,1.0,1.0,1.0,1.0,1.0,1.0,1.0
369.70000000000005,1.0,1.0,1.0,1.0,1.0,1.0,1.0
369.75,1.0,1.0,1.0,1.0,1.0,1.0,1.0
369.8,1.0,1.0,1.0,1.0,1.0,1.0,1.0
369.85,1.0,1.0,1.0,1.0,1.0,1.0,1.0
369.90000000000003,1.0,1.0,1.0,1.0,1.0,1.0,1.0
369.95000000000005,1.0,1.0,1.0,1.0,1.0,1.0,1.0
370.0,1.0,1.0,1.0,1.0,1.0,1.0,1.0
370.05,1.0,1.0,1.0,1.0,1.0,1.0,1.0
370.1,1.0,1.0,1.0,1.0,1.0,1.0,1.0
370.15000000000003,1.0,1.0,1.0,1.0,1.0,1.0,1.0
370.20000000000005,1.0,1.0,1.0,1.0,1.0,1.0,1.0
370.25,1.0,1.0,1.0,1.0,1.0,1.0,1.0
370.3,1.0,1.0,1.0,1.0,1.0,1.0,1.0
370.35,1.0,1.0,1.0,1.0,1.0,1.0,1.0
370.40000000000003,1.0,1.0,1.0,1.0,1.0,1.0,1.0
370.45000000000005,1.0,1.0,1.0,1.0,1.0,1.0,1.0
370.5,1.0,1.0,1.0,1.0,1.0,1.0,1.0
370.55,1.0,1.0,1.0,1.0,1.0,1.0,1.0
370.6,1.0,1.0,1.0,1.0,1.0,1.0,1.0
370.65000000000003,1.0,1.0,1.0,1.0,1.0,1.0,1.0
370.70000000000005,1.0,1.0,1.0,1.0,1.0,1.0,1.0
370.75,1.0,1.0,1.0,1.0,1.0,1.0,1.0
370.8,1.0,1.0,1.0,1.0,1.0,1.0,1.0
370.85,1.0,1.0,1.0,1.0,1.0,1.0,1.0
370.90000000000003,1.0,1.0,1.0,1.0,1.0,1.0,1.0
370.95000000000005,1.0,1.0,1.0,1.0,1.0,1.0,1.0
371.0,1.0,1.0,1.0,1.0,1.0,1.0,1.0
371.05,1.0,1.0,1.0,1.0,1.0,1.0,1.0
371.1,1.0,1.0,1.0,1.0,1.0,1.0,1.0
371.15000000000003,1.0,1.0,1.0,1.0,1.0,1.0,1.0
371.20000000000005,1.0,1.0,1.0,1.0,1.0,1.0,1.0
371.25,1.0,1.0,1.0,1.0,1.0,1.0,1.0
371.3,1.0,1.0,1.0,1.0,1.0,1.0,1.0
371.35,1.0,1.0,1.0,1.0,1.0,1.0,1.0
371.40000000000003,1.0,1.0,1.0,1.0,1.0,1.0,1.0
371.45000000000005,1.0,1.0,1.0,1.0,1.0,1.0,1.0
371.5,1.0,1.0,1.0,1.0,1.0,1.0,1.0
371.55,1.0,1.0,1.0,1.0,1.0,1.0,1.0
371.6,1.0,1.0,1.0,1.0,1.0,1.0,1.0
371.65000000000003,1.0,1.0,1.0,1.0,1.0,1.0,1.0
371.70000000000005,1.0,1.0,1.0,1.0,1.0,1.0,1.0
371.75,1.0,1.0,1.0,1.0,1.0,1.0,1.0
371.8,1.0,1.0,1.0,1.0,1.0,1.0,1.0
371.85,1.0,1.0,1.0,1.0,1.0,1.0,1.0
371.90000000000003,1.0,1.0,1.0,1.0,1.0,1.0,1.0
371.95000000000005,1.0,1.0,1.0,1.0,1.0,1.0,1.0
372.0,1.0,1.0,1.0,1.0,1.0,1.0,1.0
372.05,1.0,1.0,1.0,1.0,1.0,1.0,1.0
372.1,1.0,1.0,1.0,1.0,1.0,1.0,1.0
372.15000000000003,1.0,1.0,1.0,1.0,1.0,1.0,1.0
372.20000000000005,1.0,1.0,1.0,1.0,1.0,1.0,1.0
372.25,1.0,1.0,1.0,1.0,1.0,1.0,1.0
372.3,1.0,1.0,1.0,1.0,1.0,1.0,1.0
372.35,1.0,1.0,1.0,1.0,1.0,1.0,1.0
372.40000000000003,1.0,1.0,1.0,1.0,1.0,1.0,1.0
372.45000000000005,1.0,1.0,1.0,1.0,1.0,1.0,1.0
372.5,1.0,1.0,1.0,1.0,1.0,1.0,1.0
372.55,1.0,1.0,1.0,1.0,1.0,1.0,1.0
372.6,1.0,1.0,1.0,1.0,1.0,1.0,1.0
372.65000000000003,1.0,1.0,1.0,1.0,1.0,1.0,1.0
372.70000000000005,1.0,1.0,1.0,1.0,1.0,1.0,1.0
372.75,1.0,1.0,1.0,1.0,1.0,1.0,1.0
372.8,1.0,1.0,1.0,1.0,1.0,1.0,1.0
372.85,1.0,1.0,1.0,1.0,1.0,1.0,1.0
372.90000000000003,1.0,1.0,1.0,1.0,1.0,1.0,1.0
372.95000000000005,1.0,1.0,1.0,1.0,1.0,1.0,1.0
373.0,1.0,1.0,1.0,1.0,1.0,1.0,1.0
373.05,1.0,1.0,1.0,1.0,1.0,1.0,1.0
373.1,1.0,1.0,1.0,1.0,1.0,1.0,1.0
373.15000000000003,1.0,1.0,1.0,1.0,1.0,1.0,1.0
373.20000000000005,1.0,1.0,1.0,1.0,1.0,1.0,1.0
373.25,1.0,1.0,1.0,1.0,1.0,1.0,1.0
373.3,1.0,1.0,1.0,1.0,1.0,1.0,1.0
373.35,1.0,1.0,1.0,1.0,1.0,1.0,1.0
373.40000000000003,1.0,1.0,1.0,1.0,1.0,1.0,1.0
373.45000000000005,1.0,1.0,1.0,1.0,1.0,1.0,1.0
373.5,1.0,1.0,1.0,1.0,1.0,1.0,1.0
373.55,1.0,1.0,1.0,1.0,1.0,1.0,1.0
373.6,1.0,1.0,1.0,1.0,1.0,1.0,1.0
373.65000000000003,1.0,1.0,1.0,1.0,1.0,1.0,1.0
373.70000000000005,1.0,1.0,1.0,1.0,1.0,1.0,1.0
373.75,1.0,1.0,1.0,1.0,1.0,1.0,1.0
373.8,1.0,1.0,1.0,1.0,1.0,1.0,1.0
373.85,1.0,1.0,1.0,1.0,1.0,1.0,1.0
373.90000000000003,1.0,1.0,1.0,1.0,1.0,1.0,1.0
373.95000000000005,1.0,1.0,1.0,1.0,1.0,1.0,1.0
374.0,1.0,1.0,1.0,1.0,1.0,1.0,1.0
374.05,1.0,1.0,1.0,1.0,1.0,1.0,1.0
374.1,1.0,1.0,1.0,1.0,1.0,1.0,1.0
374.15000000000003,1.0,1.0,1.0,1.0,1.0,1.0,1.0
374.20000000000005,1.0,1.0,1.0,1.0,1.0,1.0,1.0
374.25,1.0,1.0,1.0,1.0,1.0,1.0,1.0
374.3,1.0,1.0,1.0,1.0,1.0,1.0,1.0
374.35,1.0,1.0,1.0,1.0,1.0,1.0,1.0
374.40000000000003,1.0,1.0,1.0,1.0,1.0,1.0,1.0
374.45000000000005,1.0,1.0,1.0,1.0,1.0,1.0,1.0
374.5,1.0,1.0,1.0,1.0,1.0,1.0,1.0
374.55,1.0,1.0,1.0,1.0,1.0,1.0,1.0
374.6,1.0,1.0,1.0,1.0,1.0,1.0,1.0
374.65000000000003,1.0,1.0,1.0,1.0,1.0,1.0,1.0
374.70000000000005,1.0,1.0,1.0,1.0,1.0,1.0,1.0
374.75,1.0,1.0,1.0,1.0,1.0,1.0,1.0
374.8,1.0,1.0,1.0,1.0,1.0,1.0,1.0
374.85,1.0,1.0,1.0,1.0,1.0,1.0,1.0
374.90000000000003,1.0,1.0,1.0,1.0,1.0,1.0,1.0
374.95000000000005,1.0,1.0,1.0,1.0,1.0,1.0,1.0
375.0,1.0,1.0,1.0,1.0,1.0,1.0,1.0
375.05,1.0,1.0,1.0,1.0,1.0,1.0,1.0
375.1,1.0,1.0,1.0,1.0,1.0,1.0,1.0
375.15000000000003,1.0,1.0,1.0,1.0,1.0,1.0,1.0
375.20000000000005,1.0,1.0,1.0,1.0,1.0,1.0,1.0
375.25,1.0,1.0,1.0,1.0,1.0,1.0,1.0
375.3,1.0,1.0,1.0,1.0,1.0,1.0,1.0
375.35,1.0,1.0,1.0,1.0,1.0,1.0,1.0
375.40000000000003,1.0,1.0,1.0,1.0,1.0,1.0,1.0
375.45000000000005,1.0,1.0,1.0,1.0,1.0,1.0,1.0
375.5,1.0,1.0,1.0,1.0,1.0,1.0,1.0
375.55,1.0,1.0,1.0,1.0,1.0,1.0,1.0
375.6,1.0,1.0,1.0,1.0,1.0,1.0,1.0
375.65000000000003,1.0,1.0,1.0,1.0,1.0,1.0,1.0
375.70000000000005,1.0,1.0,1.0,1.0,1.0,1.0,1.0
375.75,1.0,1.0,1.0,1.0,1.0,1.0,1.0
375.8,1.0,1.0,1.0,1.0,1.0,1.0,1.0
375.85,1.0,1.0,1.0,1.0,1.0,1.0,1.0
375.90000000000003,1.0,1.0,1.0,1.0,1.0,1.0,1.0
375.95000000000005,1.0,1.0,1.0,1.0,1.0,1.0,1.0
376.0,1.0,1.0,1.0,1.0,1.0,1.0,1.0
376.05,1.0,1.0,1.0,1.0,1.0,1.0,1.0
376.1,1.0,1.0,1.0,1.0,1.0,1.0,1.0
376.15000000000003,1.0,1.0,1.0,1.0,1.0,1.0,1.0
376.20000000000005,1.0,1.0,1.0,1.0,1.0,1.0,1.0
376.25,1.0,1.0,1.0,1.0,1.0,1.0,1.0
376.3,1.0,1.0,1.0,1.0,1.0,1.0,1.0
376.35,1.0,1.0,1.0,1.0,1.0,1.0,1.0
376.40000000000003,1.0,1.0,1.0,1.0,1.0,1.0,1.0
376.45000000000005,1.0,1.0,1.0,1.0,1.0,1.0,1.0
376.5,1.0,1.0,1.0,1.0,1.0,1.0,1.0
376.55,1.0,1.0,1.0,1.0,1.0,1.0,1.0
376.6,1.0,1.0,1.0,1.0,1.0,1.0,1.0
376.65000000000003,1.0,1.0,1.0,1.0,1.0,1.0,1.0
376.70000000000005,1.0,1.0,1.0,1.0,1.0,1.0,1.0
376.75,1.0,1.0,1.0,1.0,1.0,1.0,1.0
376.8,1.0,1.0,1.0,1.0,1.0,1.0,1.0
376.85,1.0,1.0,1.0,1.0,1.0,1.0,1.0
376.90000000000003,1.0,1.0,1.0,1.0,1.0,1.0,1.0
376.95000000000005,1.0,1.0,1.0,1.0,1.0,1.0,1.0
377.0,1.0,1.0,1.0,1.0,1.0,1.0,1.0
377.05,1.0,1.0,1.0,1.0,1.0,1.0,1.0
377.1,1.0,1.0,1.0,1.0,1.0,1.0,1.0
377.15000000000003,1.0,1.0,1.0,1.0,1.0,1.0,1.0
377.20000000000005,1.0,1.0,1.0,1.0,1.0,1.0,1.0
377.25,1.0,1.0,1.0,1.0,1.0,1.0,1.0
377.3,1.0,1.0,1.0,1.0,1.0,1.0,1.0
377.35,1.0,1.0,1.0,1.0,1.0,1.0,1.0
377.40000000000003,1.0,1.0,1.0,1.0,1.0,1.0,1.0
377.45000000000005,1.0,1.0,1.0,1.0,1.0,1.0,1.0
377.5,1.0,1.0,1.0,1.0,1.0,1.0,1.0
377.55,1.0,1.0,1.0,1.0,1.0,1.0,1.0
377.6,1.0,1.0,1.0,1.0,1.0,1.0,1.0
377.65000000000003,1.0,1.0,1.0,1.0,1.0,1.0,1.0
377.70000000000005,1.0,1.0,1.0,1.0,1.0,1.0,1.0
377.75,1.0,1.0,1.0,1.0,1.0,1.0,1.0
377.8,1.0,1.0,1.0,1.0,1.0,1.0,1.0
377.85,1.0,1.0,1.0,1.0,1.0,1.0,1.0
377.90000000000003,1.0,1.0,1.0,1.0,1.0,1.0,1.0
377.95000000000005,1.0,1.0,1.0,1.0,1.0,1.0,1.0
378.0,1.0,1.0,1.0,1.0,1.0,1.0,1.0
378.05,1.0,1.0,1.0,1.0,1.0,1.0,1.0
378.1,1.0,1.0,1.0,1.0,1.0,1.0,1.0
378.15000000000003,1.0,1.0,1.0,1.0,1.0,1.0,1.0
378.20000000000005,1.0,1.0,1.0,1.0,1.0,1.0,1.0
378.25,1.0,1.0,1.0,1.0,1.0,1.0,1.0
378.3,1.0,1.0,1.0,1.0,1.0,1.0,1.0
378.35,1.0,1.0,1.0,1.0,1.0,1.0,1.0
378.40000000000003,1.0,1.0,1.0,1.0,1.0,1.0,1.0
378.45000000000005,1.0,1.0,1.0,1.0,1.0,1.0,1.0
378.5,1.0,1.0,1.0,1.0,1.0,1.0,1.0
378.55,1.0,1.0,1.0,1.0,1.0,1.0,1.0
378.6,1.0,1.0,1.0,1.0,1.0,1.0,1.0
378.65000000000003,1.0,1.0,1.0,1.0,1.0,1.0,1.0
378.70000000000005,1.0,1.0,1.0,1.0,1.0,1.0,1.0
378.75,1.0,1.0,1.0,1.0,1.0,1.0,1.0
378.8,1.0,1.0,1.0,1.0,1.0,1.0,1.0
378.85,1.0,1.0,1.0,1.0,1.0,1.0,1.0
378.90000000000003,1.0,1.0,1.0,1.0,1.0,1.0,1.0
378.95000000000005,1.0,1.0,1.0,1.0,1.0,1.0,1.0
379.0,1.0,1.0,1.0,1.0,1.0,1.0,1.0
379.05,1.0,1.0,1.0,1.0,1.0,1.0,1.0
379.1,1.0,1.0,1.0,1.0,1.0,1.0,1.0
379.15000000000003,1.0,1.0,1.0,1.0,1.0,1.0,1.0
379.20000000000005,1.0,1.0,1.0,1.0,1.0,1.0,1.0
379.25,1.0,1.0,1.0,1.0,1.0,1.0,1.0
379.3,1.0,1.0,1.0,1.0,1.0,1.0,1.0
379.35,1.0,1.0,1.0,1.0,1.0,1.0,1.0
379.40000000000003,1.0,1.0,1.0,1.0,1.0,1.0,1.0
379.45000000000005,1.0,1.0,1.0,1.0,1.0,1.0,1.0
379.5,1.0,1.0,1.0,1.0,1.0,1.0,1.0
379.55,1.0,1.0,1.0,1.0,1.0,1.0,1.0
379.6,1.0,1.0,1.0,1.0,1.0,1.0,1.0
379.65000000000003,1.0,1.0,1.0,1.0,1.0,1.0,1.0
379.70000000000005,1.0,1.0,1.0,1.0,1.0,1.0,1.0
379.75,1.0,1.0,1.0,1.0,1.0,1.0,1.0
379.8,1.0,1.0,1.0,1.0,1.0,1.0,1.0
379.85,1.0,1.0,1.0,1.0,1.0,1.0,1.0
379.90000000000003,1.0,1.0,1.0,1.0,1.0,1.0,1.0
379.95000000000005,1.0,1.0,1.0,1.0,1.0,1.0,1.0
380.0,1.0,1.0,1.0,1.0,1.0,1.0,1.0
380.05,1.0,1.0,1.0,1.0,1.0,1.0,1.0
380.1,1.0,1.0,1.0,1.0,1.0,1.0,1.0
380.15000000000003,1.0,1.0,1.0,1.0,1.0,1.0,1.0
380.20000000000005,1.0,1.0,1.0,1.0,1.0,1.0,1.0
380.25,1.0,1.0,1.0,1.0,1.0,1.0,1.0
380.3,1.0,1.0,1.0,1.0,1.0,1.0,1.0
380.35,1.0,1.0,1.0,1.0,1.0,1.0,1.0
380.40000000000003,1.0,1.0,1.0,1.0,1.0,1.0,1.0
380.45000000000005,1.0,1.0,1.0,1.0,1.0,1.0,1.0
380.5,1.0,1.0,1.0,1.0,1.0,1.0,1.0
380.55,1.0,1.0,1.0,1.0,1.0,1.0,1.0
380.6,1.0,1.0,1.0,1.0,1.0,1.0,1.0
380.65000000000003,1.0,1.0,1.0,1.0,1.0,1.0,1.0
380.70000000000005,1.0,1.0,1.0,1.0,1.0,1.0,1.0
380.75,1.0,1.0,1.0,1.0,1.0,1.0,1.0
380.8,1.0,1.0,1.0,1.0,1.0,1.0,1.0
380.85,1.0,1.0,1.0,1.0,1.0,1.0,1.0
380.90000000000003,1.0,1.0,1.0,1.0,1.0,1.0,1.0
380.95000000000005,1.0,1.0,1.0,1.0,1.0,1.0,1.0
381.0,1.0,1.0,1.0,1.0,1.0,1.0,1.0
381.05,1.0,1.0,1.0,1.0,1.0,1.0,1.0
381.1,1.0,1.0,1.0,1.0,1.0,1.0,1.0
381.15000000000003,1.0,1.0,1.0,1.0,1.0,1.0,1.0
381.20000000000005,1.0,1.0,1.0,1.0,1.0,1.0,1.0
381.25,1.0,1.0,1.0,1.0,1.0,1.0,1.0
381.3,1.0,1.0,1.0,1.0,1.0,1.0,1.0
381.35,1.0,1.0,1.0,1.0,1.0,1.0,1.0
381.40000000000003,1.0,1.0,1.0,1.0,1.0,1.0,1.0
381.45000000000005,1.0,1.0,1.0,1.0,1.0,1.0,1.0
381.5,1.0,1.0,1.0,1.0,1.0,1.0,1.0
381.55,1.0,1.0,1.0,1.0,1.0,1.0,1.0
381.6,1.0,1.0,1.0,1.0,1.0,1.0,1.0
381.65000000000003,1.0,1.0,1.0,1.0,1.0,1.0,1.0
381.70000000000005,1.0,1.0,1.0,1.0,1.0,1.0,1.0
381.75,1.0,1.0,1.0,1.0,1.0,1.0,1.0
381.8,1.0,1.0,1.0,1.0,1.0,1.0,1.0
381.85,1.0,1.0,1.0,1.0,1.0,1.0,1.0
381.90000000000003,1.0,1.0,1.0,1.0,1.0,1.0,1.0
381.95000000000005,1.0,1.0,1.0,1.0,1.0,1.0,1.0
382.0,1.0,1.0,1.0,1.0,1.0,1.0,1.0
382.05,1.0,1.0,1.0,1.0,1.0,1.0,1.0
382.1,1.0,1.0,1.0,1.0,1.0,1.0,1.0
382.15000000000003,1.0,1.0,1.0,1.0,1.0,1.0,1.0
382.20000000000005,1.0,1.0,1.0,1.0,1.0,1.0,1.0
382.25,1.0,1.0,1.0,1.0,1.0,1.0,1.0
382.3,1.0,1.0,1.0,1.0,1.0,1.0,1.0
382.35,1.0,1.0,1.0,1.0,1.0,1.0,1.0
382.40000000000003,1.0,1.0,1.0,1.0,1.0,1.0,1.0
382.45000000000005,1.0,1.0,1.0,1.0,1.0,1.0,1.0
382.5,1.0,1.0,1.0,1.0,1.0,1.0,1.0
382.55,1.0,1.0,1.0,1.0,1.0,1.0,1.0
382.6,1.0,1.0,1.0,1.0,1.0,1.0,1.0
382.65000000000003,1.0,1.0,1.0,1.0,1.0,1.0,1.0
382.70000000000005,1.0,1.0,1.0,1.0,1.0,1.0,1.0
382.75,1.0,1.0,1.0,1.0,1.0,1.0,1.0
382.8,1.0,1.0,1.0,1.0,1.0,1.0,1.0
382.85,1.0,1.0,1.0,1.0,1.0,1.0,1.0
382.90000000000003,1.0,1.0,1.0,1.0,1.0,1.0,1.0
382.95000000000005,1.0,1.0,1.0,1.0,1.0,1.0,1.0
383.0,1.0,1.0,1.0,1.0,1.0,1.0,1.0
383.05,1.0,1.0,1.0,1.0,1.0,1.0,1.0
383.1,1.0,1.0,1.0,1.0,1.0,1.0,1.0
383.15000000000003,1.0,1.0,1.0,1.0,1.0,1.0,1.0
383.20000000000005,1.0,1.0,1.0,1.0,1.0,1.0,1.0
383.25,1.0,1.0,1.0,1.0,1.0,1.0,1.0
383.3,1.0,1.0,1.0,1.0,1.0,1.0,1.0
383.35,1.0,1.0,1.0,1.0,1.0,1.0,1.0
383.40000000000003,1.0,1.0,1.0,1.0,1.0,1.0,1.0
383.45000000000005,1.0,1.0,1.0,1.0,1.0,1.0,1.0
383.5,1.0,1.0,1.0,1.0,1.0,1.0,1.0
383.55,1.0,1.0,1.0,1.0,1.0,1.0,1.0
383.6,1.0,1.0,1.0,1.0,1.0,1.0,1.0
383.65000000000003,1.0,1.0,1.0,1.0,1.0,1.0,1.0
383.70000000000005,1.0,1.0,1.0,1.0,1.0,1.0,1.0
383.75,1.0,1.0,1.0,1.0,1.0,1.0,1.0
383.8,1.0,1.0,1.0,1.0,1.0,1.0,1.0
383.85,1.0,1.0,1.0,1.0,1.0,1.0,1.0
383.90000000000003,1.0,1.0,1.0,1.0,1.0,1.0,1.0
383.95000000000005,1.0,1.0,1.0,1.0,1.0,1.0,1.0
384.0,1.0,1.0,1.0,1.0,1.0,1.0,1.0
384.05,1.0,1.0,1.0,1.0,1.0,1.0,1.0
384.1,1.0,1.0,1.0,1.0,1.0,1.0,1.0
384.15000000000003,1.0,1.0,1.0,1.0,1.0,1.0,1.0
384.20000000000005,1.0,1.0,1.0,1.0,1.0,1.0,1.0
384.25,1.0,1.0,1.0,1.0,1.0,1.0,1.0
384.3,1.0,1.0,1.0,1.0,1.0,1.0,1.0
384.35,1.0,1.0,1.0,1.0,1.0,1.0,1.0
384.40000000000003,1.0,1.0,1.0,1.0,1.0,1.0,1.0
384.45000000000005,1.0,1.0,1.0,1.0,1.0,1.0,1.0
384.5,1.0,1.0,1.0,1.0,1.0,1.0,1.0
384.55,1.0,1.0,1.0,1.0,1.0,1.0,1.0
384.6,1.0,1.0,1.0,1.0,1.0,1.0,1.0
384.65000000000003,1.0,1.0,1.0,1.0,1.0,1.0,1.0
384.70000000000005,1.0,1.0,1.0,1.0,1.0,1.0,1.0
384.75,1.0,1.0,1.0,1.0,1.0,1.0,1.0
384.8,1.0,1.0,1.0,1.0,1.0,1.0,1.0
384.85,1.0,1.0,1.0,1.0,1.0,1.0,1.0
384.90000000000003,1.0,1.0,1.0,1.0,1.0,1.0,1.0
384.95000000000005,1.0,1.0,1.0,1.0,1.0,1.0,1.0
385.0,1.0,1.0,1.0,1.0,1.0,1.0,1.0
385.05,1.0,1.0,1.0,1.0,1.0,1.0,1.0
385.1,1.0,1.0,1.0,1.0,1.0,1.0,1.0
385.15000000000003,1.0,1.0,1.0,1.0,1.0,1.0,1.0
385.20000000000005,1.0,1.0,1.0,1.0,1.0,1.0,1.0
385.25,1.0,1.0,1.0,1.0,1.0,1.0,1.0
385.3,1.0,1.0,1.0,1.0,1.0,1.0,1.0
385.35,1.0,1.0,1.0,1.0,1.0,1.0,1.0
385.40000000000003,1.0,1.0,1.0,1.0,1.0,1.0,1.0
385.45000000000005,1.0,1.0,1.0,1.0,1.0,1.0,1.0
385.5,1.0,1.0,1.0,1.0,1.0,1.0,1.0
385.55,1.0,1.0,1.0,1.0,1.0,1.0,1.0
385.6,1.0,1.0,1.0,1.0,1.0,1.0,1.0
385.65000000000003,1.0,1.0,1.0,1.0,1.0,1.0,1.0
385.70000000000005,1.0,1.0,1.0,1.0,1.0,1.0,1.0
385.75,1.0,1.0,1.0,1.0,1.0,1.0,1.0
385.8,1.0,1.0,1.0,1.0,1.0,1.0,1.0
385.85,1.0,1.0,1.0,1.0,1.0,1.0,1.0
385.90000000000003,1.0,1.0,1.0,1.0,1.0,1.0,1.0
385.95000000000005,1.0,1.0,1.0,1.0,1.0,1.0,1.0
386.0,1.0,1.0,1.0,1.0,1.0,1.0,1.0
386.05,1.0,1.0,1.0,1.0,1.0,1.0,1.0
386.1,1.0,1.0,1.0,1.0,1.0,1.0,1.0
386.15000000000003,1.0,1.0,1.0,1.0,1.0,1.0,1.0
386.20000000000005,1.0,1.0,1.0,1.0,1.0,1.0,1.0
386.25,1.0,1.0,1.0,1.0,1.0,1.0,1.0
386.3,1.0,1.0,1.0,1.0,1.0,1.0,1.0
386.35,1.0,1.0,1.0,1.0,1.0,1.0,1.0
386.40000000000003,1.0,1.0,1.0,1.0,1.0,1.0,1.0
386.45000000000005,1.0,1.0,1.0,1.0,1.0,1.0,1.0
386.5,1.0,1.0,1.0,1.0,1.0,1.0,1.0
386.55,1.0,1.0,1.0,1.0,1.0,1.0,1.0
386.6,1.0,1.0,1.0,1.0,1.0,1.0,1.0
386.65000000000003,1.0,1.0,1.0,1.0,1.0,1.0,1.0
386.70000000000005,1.0,1.0,1.0,1.0,1.0,1.0,1.0
386.75,1.0,1.0,1.0,1.0,1.0,1.0,1.0
386.8,1.0,1.0,1.0,1.0,1.0,1.0,1.0
386.85,1.0,1.0,1.0,1.0,1.0,1.0,1.0
386.90000000000003,1.0,1.0,1.0,1.0,1.0,1.0,1.0
386.95000000000005,1.0,1.0,1.0,1.0,1.0,1.0,1.0
387.0,1.0,1.0,1.0,1.0,1.0,1.0,1.0
387.05,1.0,1.0,1.0,1.0,1.0,1.0,1.0
387.1,1.0,1.0,1.0,1.0,1.0,1.0,1.0
387.15000000000003,1.0,1.0,1.0,1.0,1.0,1.0,1.0
387.20000000000005,1.0,1.0,1.0,1.0,1.0,1.0,1.0
387.25,1.0,1.0,1.0,1.0,1.0,1.0,1.0
387.3,1.0,1.0,1.0,1.0,1.0,1.0,1.0
387.35,1.0,1.0,1.0,1.0,1.0,1.0,1.0
387.40000000000003,1.0,1.0,1.0,1.0,1.0,1.0,1.0
387.45000000000005,1.0,1.0,1.0,1.0,1.0,1.0,1.0
387.5,1.0,1.0,1.0,1.0,1.0,1.0,1.0
387.55,1.0,1.0,1.0,1.0,1.0,1.0,1.0
387.6,1.0,1.0,1.0,1.0,1.0,1.0,1.0
387.65000000000003,1.0,1.0,1.0,1.0,1.0,1.0,1.0
387.70000000000005,1.0,1.0,1.0,1.0,1.0,1.0,1.0
387.75,1.0,1.0,1.0,1.0,1.0,1.0,1.0
387.8,1.0,1.0,1.0,1.0,1.0,1.0,1.0
387.85,1.0,1.0,1.0,1.0,1.0,1.0,1.0
387.90000000000003,1.0,1.0,1.0,1.0,1.0,1.0,1.0
387.95000000000005,1.0,1.0,1.0,1.0,1.0,1.0,1.0
388.0,1.0,1.0,1.0,1.0,1.0,1.0,1.0
388.05,1.0,1.0,1.0,1.0,1.0,1.0,1.0
388.1,1.0,1.0,1.0,1.0,1.0,1.0,1.0
388.15000000000003,1.0,1.0,1.0,1.0,1.0,1.0,1.0
388.20000000000005,1.0,1.0,1.0,1.0,1.0,1.0,1.0
388.25,1.0,1.0,1.0,1.0,1.0,1.0,1.0
388.3,1.0,1.0,1.0,1.0,1.0,1.0,1.0
388.35,1.0,1.0,1.0,1.0,1.0,1.0,1.0
388.40000000000003,1.0,1.0,1.0,1.0,1.0,1.0,1.0
388.45000000000005,1.0,1.0,1.0,1.0,1.0,1.0,1.0
388.5,1.0,1.0,1.0,1.0,1.0,1.0,1.0
388.55,1.0,1.0,1.0,1.0,1.0,1.0,1.0
388.6,1.0,1.0,1.0,1.0,1.0,1.0,1.0
388.65000000000003,1.0,1.0,1.0,1.0,1.0,1.0,1.0
388.70000000000005,1.0,1.0,1.0,1.0,1.0,1.0,1.0
388.75,1.0,1.0,1.0,1.0,1.0,1.0,1.0
388.8,1.0,1.0,1.0,1.0,1.0,1.0,1.0
388.85,1.0,1.0,1.0,1.0,1.0,1.0,1.0
388.90000000000003,1.0,1.0,1.0,1.0,1.0,1.0,1.0
388.95000000000005,1.0,1.0,1.0,1.0,1.0,1.0,1.0
389.0,1.0,1.0,1.0,1.0,1.0,1.0,1.0
389.05,1.0,1.0,1.0,1.0,1.0,1.0,1.0
389.1,1.0,1.0,1.0,1.0,1.0,1.0,1.0
389.15000000000003,1.0,1.0,1.0,1.0,1.0,1.0,1.0
389.20000000000005,1.0,1.0,1.0,1.0,1.0,1.0,1.0
389.25,1.0,1.0,1.0,1.0,1.0,1.0,1.0
389.3,1.0,1.0,1.0,1.0,1.0,1.0,1.0
389.35,1.0,1.0,1.0,1.0,1.0,1.0,1.0
389.40000000000003,1.0,1.0,1.0,1.0,1.0,1.0,1.0
389.45000000000005,1.0,1.0,1.0,1.0,1.0,1.0,1.0
389.5,1.0,1.0,1.0,1.0,1.0,1.0,1.0
389.55,1.0,1.0,1.0,1.0,1.0,1.0,1.0
389.6,1.0,1.0,1.0,1.0,1.0,1.0,1.0
389.65000000000003,1.0,1.0,1.0,1.0,1.0,1.0,1.0
389.70000000000005,1.0,1.0,1.0,1.0,1.0,1.0,1.0
389.75,1.0,1.0,1.0,1.0,1.0,1.0,1.0
389.8,1.0,1.0,1.0,1.0,1.0,1.0,1.0
389.85,1.0,1.0,1.0,1.0,1.0,1.0,1.0
389.90000000000003,1.0,1.0,1.0,1.0,1.0,1.0,1.0
389.95000000000005,1.0,1.0,1.0,1.0,1.0,1.0,1.0
390.0,1.0,1.0,1.0,1.0,1.0,1.0,1.0
390.05,1.0,1.0,1.0,1.0,1.0,1.0,1.0
390.1,1.0,1.0,1.0,1.0,1.0,1.0,1.0
390.15000000000003,1.0,1.0,1.0,1.0,1.0,1.0,1.0
390.20000000000005,1.0,1.0,1.0,1.0,1.0,1.0,1.0
390.25,1.0,1.0,1.0,1.0,1.0,1.0,1.0
390.3,1.0,1.0,1.0,1.0,1.0,1.0,1.0
390.35,1.0,1.0,1.0,1.0,1.0,1.0,1.0
390.40000000000003,1.0,1.0,1.0,1.0,1.0,1.0,1.0
390.45000000000005,1.0,1.0,1.0,1.0,1.0,1.0,1.0
390.5,1.0,1.0,1.0,1.0,1.0,1.0,1.0
390.55,1.0,1.0,1.0,1.0,1.0,1.0,1.0
390.6,1.0,1.0,1.0,1.0,1.0,1.0,1.0
390.65000000000003,1.0,1.0,1.0,1.0,1.0,1.0,1.0
390.70000000000005,1.0,1.0,1.0,1.0,1.0,1.0,1.0
390.75,1.0,1.0,1.0,1.0,1.0,1.0,1.0
390.8,1.0,1.0,1.0,1.0,1.0,1.0,1.0
390.85,1.0,1.0,1.0,1.0,1.0,1.0,1.0
390.90000000000003,1.0,1.0,1.0,1.0,1.0,1.0,1.0
390.95000000000005,1.0,1.0,1.0,1.0,1.0,1.0,1.0
391.0,1.0,1.0,1.0,1.0,1.0,1.0,1.0
391.05,1.0,1.0,1.0,1.0,1.0,1.0,1.0
391.1,1.0,1.0,1.0,1.0,1.0,1.0,1.0
391.15000000000003,1.0,1.0,1.0,1.0,1.0,1.0,1.0
391.20000000000005,1.0,1.0,1.0,1.0,1.0,1.0,1.0
391.25,1.0,1.0,1.0,1.0,1.0,1.0,1.0
391.3,1.0,1.0,1.0,1.0,1.0,1.0,1.0
391.35,1.0,1.0,1.0,1.0,1.0,1.0,1.0
391.40000000000003,1.0,1.0,1.0,1.0,1.0,1.0,1.0
391.45000000000005,1.0,1.0,1.0,1.0,1.0,1.0,1.0
391.5,1.0,1.0,1.0,1.0,1.0,1.0,1.0
391.55,1.0,1.0,1.0,1.0,1.0,1.0,1.0
391.6,1.0,1.0,1.0,1.0,1.0,1.0,1.0
391.65000000000003,1.0,1.0,1.0,1.0,1.0,1.0,1.0
391.70000000000005,1.0,1.0,1.0,1.0,1.0,1.0,1.0
391.75,1.0,1.0,1.0,1.0,1.0,1.0,1.0
391.8,1.0,1.0,1.0,1.0,1.0,1.0,1.0
391.85,1.0,1.0,1.0,1.0,1.0,1.0,1.0
391.90000000000003,1.0,1.0,1.0,1.0,1.0,1.0,1.0
391.95000000000005,1.0,1.0,1.0,1.0,1.0,1.0,1.0
392.0,1.0,1.0,1.0,1.0,1.0,1.0,1.0
392.05,1.0,1.0,1.0,1.0,1.0,1.0,1.0
392.1,1.0,1.0,1.0,1.0,1.0,1.0,1.0
392.15000000000003,1.0,1.0,1.0,1.0,1.0,1.0,1.0
392.20000000000005,1.0,1.0,1.0,1.0,1.0,1.0,1.0
392.25,1.0,1.0,1.0,1.0,1.0,1.0,1.0
392.3,1.0,1.0,1.0,1.0,1.0,1.0,1.0
392.35,1.0,1.0,1.0,1.0,1.0,1.0,1.0
392.40000000000003,1.0,1.0,1.0,1.0,1.0,1.0,1.0
392.45000000000005,1.0,1.0,1.0,1.0,1.0,1.0,1.0
392.5,1.0,1.0,1.0,1.0,1.0,1.0,1.0
392.55,1.0,1.0,1.0,1.0,1.0,1.0,1.0
392.6,1.0,1.0,1.0,1.0,1.0,1.0,1.0
392.65000000000003,1.0,1.0,1.0,1.0,1.0,1.0,1.0
392.70000000000005,1.0,1.0,1.0,1.0,1.0,1.0,1.0
392.75,1.0,1.0,1.0,1.0,1.0,1.0,1.0
392.8,1.0,1.0,1.0,1.0,1.0,1.0,1.0
392.85,1.0,1.0,1.0,1.0,1.0,1.0,1.0
392.90000000000003,1.0,1.0,1.0,1.0,1.0,1.0,1.0
392.95000000000005,1.0,1.0,1.0,1.0,1.0,1.0,1.0
393.0,1.0,1.0,1.0,1.0,1.0,1.0,1.0
393.05,1.0,1.0,1.0,1.0,1.0,1.0,1.0
393.1,1.0,1.0,1.0,1.0,1.0,1.0,1.0
393.15000000000003,1.0,1.0,1.0,1.0,1.0,1.0,1.0
393.20000000000005,1.0,1.0,1.0,1.0,1.0,1.0,1.0
393.25,1.0,1.0,1.0,1.0,1.0,1.0,1.0
393.3,1.0,1.0,1.0,1.0,1.0,1.0,1.0
393.35,1.0,1.0,1.0,1.0,1.0,1.0,1.0
393.40000000000003,1.0,1.0,1.0,1.0,1.0,1.0,1.0
393.45000000000005,1.0,1.0,1.0,1.0,1.0,1.0,1.0
393.5,1.0,1.0,1.0,1.0,1.0,1.0,1.0
393.55,1.0,1.0,1.0,1.0,1.0,1.0,1.0
393.6,1.0,1.0,1.0,1.0,1.0,1.0,1.0
393.65000000000003,1.0,1.0,1.0,1.0,1.0,1.0,1.0
393.70000000000005,1.0,1.0,1.0,1.0,1.0,1.0,1.0
393.75,1.0,1.0,1.0,1.0,1.0,1.0,1.0
393.8,1.0,1.0,1.0,1.0,1.0,1.0,1.0
393.85,1.0,1.0,1.0,1.0,1.0,1.0,1.0
393.90000000000003,1.0,1.0,1.0,1.0,1.0,1.0,1.0
393.95000000000005,1.0,1.0,1.0,1.0,1.0,1.0,1.0
394.0,1.0,1.0,1.0,1.0,1.0,1.0,1.0
394.05,1.0,1.0,1.0,1.0,1.0,1.0,1.0
394.1,1.0,1.0,1.0,1.0,1.0,1.0,1.0
394.15000000000003,1.0,1.0,1.0,1.0,1.0,1.0,1.0
394.20000000000005,1.0,1.0,1.0,1.0,1.0,1.0,1.0
394.25,1.0,1.0,1.0,1.0,1.0,1.0,1.0
394.3,1.0,1.0,1.0,1.0,1.0,1.0,1.0
394.35,1.0,1.0,1.0,1.0,1.0,1.0,1.0
394.40000000000003,1.0,1.0,1.0,1.0,1.0,1.0,1.0
394.45000000000005,1.0,1.0,1.0,1.0,1.0,1.0,1.0
394.5,1.0,1.0,1.0,1.0,1.0,1.0,1.0
394.55,1.0,1.0,1.0,1.0,1.0,1.0,1.0
394.6,1.0,1.0,1.0,1.0,1.0,1.0,1.0
394.65000000000003,1.0,1.0,1.0,1.0,1.0,1.0,1.0
394.70000000000005,1.0,1.0,1.0,1.0,1.0,1.0,1.0
394.75,1.0,1.0,1.0,1.0,1.0,1.0,1.0
394.8,1.0,1.0,1.0,1.0,1.0,1.0,1.0
394.85,1.0,1.0,1.0,1.0,1.0,1.0,1.0
394.90000000000003,1.0,1.0,1.0,1.0,1.0,1.0,1.0
394.95000000000005,1.0,1.0,1.0,1.0,1.0,1.0,1.0
395.0,1.0,1.0,1.0,1.0,1.0,1.0,1.0
395.05,1.0,1.0,1.0,1.0,1.0,1.0,1.0
395.1,1.0,1.0,1.0,1.0,1.0,1.0,1.0
395.15000000000003,1.0,1.0,1.0,1.0,1.0,1.0,1.0
395.20000000000005,1.0,1.0,1.0,1.0,1.0,1.0,1.0
395.25,1.0,1.0,1.0,1.0,1.0,1.0,1.0
395.3,1.0,1.0,1.0,1.0,1.0,1.0,1.0
395.35,1.0,1.0,1.0,1.0,1.0,1.0,1.0
395.40000000000003,1.0,1.0,1.0,1.0,1.0,1.0,1.0
395.45000000000005,1.0,1.0,1.0,1.0,1.0,1.0,1.0
395.5,1.0,1.0,1.0,1.0,1.0,1.0,1.0
395.55,1.0,1.0,1.0,1.0,1.0,1.0,1.0
395.6,1.0,1.0,1.0,1.0,1.0,1.0,1.0
395.65000000000003,1.0,1.0,1.0,1.0,1.0,1.0,1.0
395.70000000000005,1.0,1.0,1.0,1.0,1.0,1.0,1.0
395.75,1.0,1.0,1.0,1.0,1.0,1.0,1.0
395.8,1.0,1.0,1.0,1.0,1.0,1.0,1.0
395.85,1.0,1.0,1.0,1.0,1.0,1.0,1.0
395.90000000000003,1.0,1.0,1.0,1.0,1.0,1.0,1.0
395.95000000000005,1.0,1.0,1.0,1.0,1.0,1.0,1.0
396.0,1.0,1.0,1.0,1.0,1.0,1.0,1.0
396.05,1.0,1.0,1.0,1.0,1.0,1.0,1.0
396.1,1.0,1.0,1.0,1.0,1.0,1.0,1.0
396.15000000000003,1.0,1.0,1.0,1.0,1.0,1.0,1.0
396.20000000000005,1.0,1.0,1.0,1.0,1.0,1.0,1.0
396.25,1.0,1.0,1.0,1.0,1.0,1.0,1.0
396.3,1.0,1.0,1.0,1.0,1.0,1.0,1.0
396.35,1.0,1.0,1.0,1.0,1.0,1.0,1.0
396.40000000000003,1.0,1.0,1.0,1.0,1.0,1.0,1.0
396.45000000000005,1.0,1.0,1.0,1.0,1.0,1.0,1.0
396.5,1.0,1.0,1.0,1.0,1.0,1.0,1.0
396.55,1.0,1.0,1.0,1.0,1.0,1.0,1.0
396.6,1.0,1.0,1.0,1.0,1.0,1.0,1.0
396.65000000000003,1.0,1.0,1.0,1.0,1.0,1.0,1.0
396.70000000000005,1.0,1.0,1.0,1.0,1.0,1.0,1.0
396.75,1.0,1.0,1.0,1.0,1.0,1.0,1.0
396.8,1.0,1.0,1.0,1.0,1.0,1.0,1.0
396.85,1.0,1.0,1.0,1.0,1.0,1.0,1.0
396.90000000000003,1.0,1.0,1.0,1.0,1.0,1.0,1.0
396.95000000000005,1.0,1.0,1.0,1.0,1.0,1.0,1.0
397.0,1.0,1.0,1.0,1.0,1.0,1.0,1.0
397.05,1.0,1.0,1.0,1.0,1.0,1.0,1.0
397.1,1.0,1.0,1.0,1.0,1.0,1.0,1.0
397.15000000000003,1.0,1.0,1.0,1.0,1.0,1.0,1.0
397.20000000000005,1.0,1.0,1.0,1.0,1.0,1.0,1.0
397.25,1.0,1.0,1.0,1.0,1.0,1.0,1.0
397.3,1.0,1.0,1.0,1.0,1.0,1.0,1.0
397.35,1.0,1.0,1.0,1.0,1.0,1.0,1.0
397.40000000000003,1.0,1.0,1.0,1.0,1.0,1.0,1.0
397.45000000000005,1.0,1.0,1.0,1.0,1.0,1.0,1.0
397.5,1.0,1.0,1.0,1.0,1.0,1.0,1.0
397.55,1.0,1.0,1.0,1.0,1.0,1.0,1.0
397.6,1.0,1.0,1.0,1.0,1.0,1.0,1.0
397.65000000000003,1.0,1.0,1.0,1.0,1.0,1.0,1.0
397.70000000000005,1.0,1.0,1.0,1.0,1.0,1.0,1.0
397.75,1.0,1.0,1.0,1.0,1.0,1.0,1.0
397.8,1.0,1.0,1.0,1.0,1.0,1.0,1.0
397.85,1.0,1.0,1.0,1.0,1.0,1.0,1.0
397.90000000000003,1.0,1.0,1.0,1.0,1.0,1.0,1.0
397.95000000000005,1.0,1.0,1.0,1.0,1.0,1.0,1.0
398.0,1.0,1.0,1.0,1.0,1.0,1.0,1.0
398.05,1.0,1.0,1.0,1.0,1.0,1.0,1.0
398.1,1.0,1.0,1.0,1.0,1.0,1.0,1.0
398.15000000000003,1.0,1.0,1.0,1.0,1.0,1.0,1.0
398.20000000000005,1.0,1.0,1.0,1.0,1.0,1.0,1.0
398.25,1.0,1.0,1.0,1.0,1.0,1.0,1.0
398.3,1.0,1.0,1.0,1.0,1.0,1.0,1.0
398.35,1.0,1.0,1.0,1.0,1.0,1.0,1.0
398.40000000000003,1.0,1.0,1.0,1.0,1.0,1.0,1.0
398.45000000000005,1.0,1.0,1.0,1.0,1.0,1.0,1.0
398.5,1.0,1.0,1.0,1.0,1.0,1.0,1.0
398.55,1.0,1.0,1.0,1.0,1.0,1.0,1.0
398.6,1.0,1.0,1.0,1.0,1.0,1.0,1.0
398.65000000000003,1.0,1.0,1.0,1.0,1.0,1.0,1.0
398.70000000000005,1.0,1.0,1.0,1.0,1.0,1.0,1.0
398.75,1.0,1.0,1.0,1.0,1.0,1.0,1.0
398.8,1.0,1.0,1.0,1.0,1.0,1.0,1.0
398.85,1.0,1.0,1.0,1.0,1.0,1.0,1.0
398.90000000000003,1.0,1.0,1.0,1.0,1.0,1.0,1.0
398.95000000000005,1.0,1.0,1.0,1.0,1.0,1.0,1.0
399.0,1.0,1.0,1.0,1.0,1.0,1.0,1.0
399.05,1.0,1.0,1.0,1.0,1.0,1.0,1.0
399.1,1.0,1.0,1.0,1.0,1.0,1.0,1.0
399.15000000000003,1.0,1.0,1.0,1.0,1.0,1.0,1.0
399.20000000000005,1.0,1.0,1.0,1.0,1.0,1.0,1.0
399.25,1.0,1.0,1.0,1.0,1.0,1.0,1.0
399.3,1.0,1.0,1.0,1.0,1.0,1.0,1.0
399.35,1.0,1.0,1.0,1.0,1.0,1.0,1.0
399.40000000000003,1.0,1.0,1.0,1.0,1.0,1.0,1.0
399.45000000000005,1.0,1.0,1.0,1.0,1.0,1.0,1.0
399.5,1.0,1.0,1.0,1.0,1.0,1.0,1.0
399.55,1.0,1.0,1.0,1.0,1.0,1.0,1.0
399.6,1.0,1.0,1.0,1.0,1.0,1.0,1.0
399.65000000000003,1.0,1.0,1.0,1.0,1.0,1.0,1.0
399.70000000000005,1.0,1.0,1.0,1.0,1.0,1.0,1.0
399.75,1.0,1.0,1.0,1.0,1.0,1.0,1.0
399.8,1.0,1.0,1.0,1.0,1.0,1.0,1.0
399.85,1.0,1.0,1.0,1.0,1.0,1.0,1.0
399.90000000000003,1.0,1.0,1.0,1.0,1.0,1.0,1.0
399.95000000000005,1.0,1.0,1.0,1.0,1.0,1.0,1.0
400.0,1.0,1.0,1.0,1.0,1.0,1.0,1.0
400.05,1.0,1.0,1.0,1.0,1.0,1.0,1.0
400.1,1.0,1.0,1.0,1.0,1.0,1.0,1.0
400.15000000000003,1.0,1.0,1.0,1.0,1.0,1.0,1.0
400.20000000000005,1.0,1.0,1.0,1.0,1.0,1.0,1.0
400.25,1.0,1.0,1.0,1.0,1.0,1.0,1.0
400.3,1.0,1.0,1.0,1.0,1.0,1.0,1.0
400.35,1.0,1.0,1.0,1.0,1.0,1.0,1.0
400.40000000000003,1.0,1.0,1.0,1.0,1.0,1.0,1.0
400.45000000000005,1.0,1.0,1.0,1.0,1.0,1.0,1.0
400.5,1.0,1.0,1.0,1.0,1.0,1.0,1.0
400.55,1.0,1.0,1.0,1.0,1.0,1.0,1.0
400.6,1.0,1.0,1.0,1.0,1.0,1.0,1.0
400.65000000000003,1.0,1.0,1.0,1.0,1.0,1.0,1.0
400.70000000000005,1.0,1.0,1.0,1.0,1.0,1.0,1.0
400.75,1.0,1.0,1.0,1.0,1.0,1.0,1.0
400.8,1.0,1.0,1.0,1.0,1.0,1.0,1.0
400.85,1.0,1.0,1.0,1.0,1.0,1.0,1.0
400.90000000000003,1.0,1.0,1.0,1.0,1.0,1.0,1.0
400.95000000000005,1.0,1.0,1.0,1.0,1.0,1.0,1.0
401.0,1.0,1.0,1.0,1.0,1.0,1.0,1.0
401.05,1.0,1.0,1.0,1.0,1.0,1.0,1.0
401.1,1.0,1.0,1.0,1.0,1.0,1.0,1.0
401.15000000000003,1.0,1.0,1.0,1.0,1.0,1.0,1.0
401.20000000000005,1.0,1.0,1.0,1.0,1.0,1.0,1.0
401.25,1.0,1.0,1.0,1.0,1.0,1.0,1.0
401.3,1.0,1.0,1.0,1.0,1.0,1.0,1.0
401.35,1.0,1.0,1.0,1.0,1.0,1.0,1.0
401.40000000000003,1.0,1.0,1.0,1.0,1.0,1.0,1.0
401.45000000000005,1.0,1.0,1.0,1.0,1.0,1.0,1.0
401.5,1.0,1.0,1.0,1.0,1.0,1.0,1.0
401.55,1.0,1.0,1.0,1.0,1.0,1.0,1.0
401.6,1.0,1.0,1.0,1.0,1.0,1.0,1.0
401.65000000000003,1.0,1.0,1.0,1.0,1.0,1.0,1.0
401.70000000000005,1.0,1.0,1.0,1.0,1.0,1.0,1.0
401.75,1.0,1.0,1.0,1.0,1.0,1.0,1.0
401.8,1.0,1.0,1.0,1.0,1.0,1.0,1.0
401.85,1.0,1.0,1.0,1.0,1.0,1.0,1.0
401.90000000000003,1.0,1.0,1.0,1.0,1.0,1.0,1.0
401.95000000000005,1.0,1.0,1.0,1.0,1.0,1.0,1.0
402.0,1.0,1.0,1.0,1.0,1.0,1.0,1.0
402.05,1.0,1.0,1.0,1.0,1.0,1.0,1.0
402.1,1.0,1.0,1.0,1.0,1.0,1.0,1.0
402.15000000000003,1.0,1.0,1.0,1.0,1.0,1.0,1.0
402.20000000000005,1.0,1.0,1.0,1.0,1.0,1.0,1.0
402.25,1.0,1.0,1.0,1.0,1.0,1.0,1.0
402.3,1.0,1.0,1.0,1.0,1.0,1.0,1.0
402.35,1.0,1.0,1.0,1.0,1.0,1.0,1.0
402.40000000000003,1.0,1.0,1.0,1.0,1.0,1.0,1.0
402.45000000000005,1.0,1.0,1.0,1.0,1.0,1.0,1.0
402.5,1.0,1.0,1.0,1.0,1.0,1.0,1.0
402.55,1.0,1.0,1.0,1.0,1.0,1.0,1.0
402.6,1.0,1.0,1.0,1.0,1.0,1.0,1.0
402.65000000000003,1.0,1.0,1.0,1.0,1.0,1.0,1.0
402.70000000000005,1.0,1.0,1.0,1.0,1.0,1.0,1.0
402.75,1.0,1.0,1.0,1.0,1.0,1.0,1.0
402.8,1.0,1.0,1.0,1.0,1.0,1.0,1.0
402.85,1.0,1.0,1.0,1.0,1.0,1.0,1.0
402.90000000000003,1.0,1.0,1.0,1.0,1.0,1.0,1.0
402.95000000000005,1.0,1.0,1.0,1.0,1.0,1.0,1.0
403.0,1.0,1.0,1.0,1.0,1.0,1.0,1.0
403.05,1.0,1.0,1.0,1.0,1.0,1.0,1.0
403.1,1.0,1.0,1.0,1.0,1.0,1.0,1.0
403.15000000000003,1.0,1.0,1.0,1.0,1.0,1.0,1.0
403.20000000000005,1.0,1.0,1.0,1.0,1.0,1.0,1.0
403.25,1.0,1.0,1.0,1.0,1.0,1.0,1.0
403.3,1.0,1.0,1.0,1.0,1.0,1.0,1.0
403.35,1.0,1.0,1.0,1.0,1.0,1.0,1.0
403.40000000000003,1.0,1.0,1.0,1.0,1.0,1.0,1.0
403.45000000000005,1.0,1.0,1.0,1.0,1.0,1.0,1.0
403.5,1.0,1.0,1.0,1.0,1.0,1.0,1.0
403.55,1.0,1.0,1.0,1.0,1.0,1.0,1.0
403.6,1.0,1.0,1.0,1.0,1.0,1.0,1.0
403.65000000000003,1.0,1.0,1.0,1.0,1.0,1.0,1.0
403.70000000000005,1.0,1.0,1.0,1.0,1.0,1.0,1.0
403.75,1.0,1.0,1.0,1.0,1.0,1.0,1.0
403.8,1.0,1.0,1.0,1.0,1.0,1.0,1.0
403.85,1.0,1.0,1.0,1.0,1.0,1.0,1.0
403.90000000000003,1.0,1.0,1.0,1.0,1.0,1.0,1.0
403.95000000000005,1.0,1.0,1.0,1.0,1.0,1.0,1.0
404.0,1.0,1.0,1.0,1.0,1.0,1.0,1.0
404.05,1.0,1.0,1.0,1.0,1.0,1.0,1.0
404.1,1.0,1.0,1.0,1.0,1.0,1.0,1.0
404.15000000000003,1.0,1.0,1.0,1.0,1.0,1.0,1.0
404.20000000000005,1.0,1.0,1.0,1.0,1.0,1.0,1.0
404.25,1.0,1.0,1.0,1.0,1.0,1.0,1.0
404.3,1.0,1.0,1.0,1.0,1.0,1.0,1.0
404.35,1.0,1.0,1.0,1.0,1.0,1.0,1.0
404.40000000000003,1.0,1.0,1.0,1.0,1.0,1.0,1.0
404.45000000000005,1.0,1.0,1.0,1.0,1.0,1.0,1.0
404.5,1.0,1.0,1.0,1.0,1.0,1.0,1.0
404.55,1.0,1.0,1.0,1.0,1.0,1.0,1.0
404.6,1.0,1.0,1.0,1.0,1.0,1.0,1.0
404.65000000000003,1.0,1.0,1.0,1.0,1.0,1.0,1.0
404.70000000000005,1.0,1.0,1.0,1.0,1.0,1.0,1.0
404.75,1.0,1.0,1.0,1.0,1.0,1.0,1.0
404.8,1.0,1.0,1.0,1.0,1.0,1.0,1.0
404.85,1.0,1.0,1.0,1.0,1.0,1.0,1.0
404.90000000000003,1.0,1.0,1.0,1.0,1.0,1.0,1.0
404.95000000000005,1.0,1.0,1.0,1.0,1.0,1.0,1.0
405.0,1.0,1.0,1.0,1.0,1.0,1.0,1.0
405.05,1.0,1.0,1.0,1.0,1.0,1.0,1.0
405.1,1.0,1.0,1.0,1.0,1.0,1.0,1.0
405.15000000000003,1.0,1.0,1.0,1.0,1.0,1.0,1.0
405.20000000000005,1.0,1.0,1.0,1.0,1.0,1.0,1.0
405.25,1.0,1.0,1.0,1.0,1.0,1.0,1.0
405.3,1.0,1.0,1.0,1.0,1.0,1.0,1.0
405.35,1.0,1.0,1.0,1.0,1.0,1.0,1.0
405.40000000000003,1.0,1.0,1.0,1.0,1.0,1.0,1.0
405.45000000000005,1.0,1.0,1.0,1.0,1.0,1.0,1.0
405.5,1.0,1.0,1.0,1.0,1.0,1.0,1.0
405.55,1.0,1.0,1.0,1.0,1.0,1.0,1.0
405.6,1.0,1.0,1.0,1.0,1.0,1.0,1.0
405.65000000000003,1.0,1.0,1.0,1.0,1.0,1.0,1.0
405.70000000000005,1.0,1.0,1.0,1.0,1.0,1.0,1.0
405.75,1.0,1.0,1.0,1.0,1.0,1.0,1.0
405.8,1.0,1.0,1.0,1.0,1.0,1.0,1.0
405.85,1.0,1.0,1.0,1.0,1.0,1.0,1.0
405.90000000000003,1.0,1.0,1.0,1.0,1.0,1.0,1.0
405.95000000000005,1.0,1.0,1.0,1.0,1.0,1.0,1.0
406.0,1.0,1.0,1.0,1.0,1.0,1.0,1.0
406.05,1.0,1.0,1.0,1.0,1.0,1.0,1.0
406.1,1.0,1.0,1.0,1.0,1.0,1.0,1.0
406.15000000000003,1.0,1.0,1.0,1.0,1.0,1.0,1.0
406.20000000000005,1.0,1.0,1.0,1.0,1.0,1.0,1.0
406.25,1.0,1.0,1.0,1.0,1.0,1.0,1.0
406.3,1.0,1.0,1.0,1.0,1.0,1.0,1.0
406.35,1.0,1.0,1.0,1.0,1.0,1.0,1.0
406.40000000000003,1.0,1.0,1.0,1.0,1.0,1.0,1.0
406.45000000000005,1.0,1.0,1.0,1.0,1.0,1.0,1.0
406.5,1.0,1.0,1.0,1.0,1.0,1.0,1.0
406.55,1.0,1.0,1.0,1.0,1.0,1.0,1.0
406.6,1.0,1.0,1.0,1.0,1.0,1.0,1.0
406.65000000000003,1.0,1.0,1.0,1.0,1.0,1.0,1.0
406.70000000000005,1.0,1.0,1.0,1.0,1.0,1.0,1.0
406.75,1.0,1.0,1.0,1.0,1.0,1.0,1.0
406.8,1.0,1.0,1.0,1.0,1.0,1.0,1.0
406.85,1.0,1.0,1.0,1.0,1.0,1.0,1.0
406.90000000000003,1.0,1.0,1.0,1.0,1.0,1.0,1.0
406.95000000000005,1.0,1.0,1.0,1.0,1.0,1.0,1.0
407.0,1.0,1.0,1.0,1.0,1.0,1.0,1.0
407.05,1.0,1.0,1.0,1.0,1.0,1.0,1.0
407.1,1.0,1.0,1.0,1.0,1.0,1.0,1.0
407.15000000000003,1.0,1.0,1.0,1.0,1.0,1.0,1.0
407.20000000000005,1.0,1.0,1.0,1.0,1.0,1.0,1.0
407.25,1.0,1.0,1.0,1.0,1.0,1.0,1.0
407.3,1.0,1.0,1.0,1.0,1.0,1.0,1.0
407.35,1.0,1.0,1.0,1.0,1.0,1.0,1.0
407.40000000000003,1.0,1.0,1.0,1.0,1.0,1.0,1.0
407.45000000000005,1.0,1.0,1.0,1.0,1.0,1.0,1.0
407.5,1.0,1.0,1.0,1.0,1.0,1.0,1.0
407.55,1.0,1.0,1.0,1.0,1.0,1.0,1.0
407.6,1.0,1.0,1.0,1.0,1.0,1.0,1.0
407.65000000000003,1.0,1.0,1.0,1.0,1.0,1.0,1.0
407.70000000000005,1.0,1.0,1.0,1.0,1.0,1.0,1.0
407.75,1.0,1.0,1.0,1.0,1.0,1.0,1.0
407.8,1.0,1.0,1.0,1.0,1.0,1.0,1.0
407.85,1.0,1.0,1.0,1.0,1.0,1.0,1.0
407.90000000000003,1.0,1.0,1.0,1.0,1.0,1.0,1.0
407.95000000000005,1.0,1.0,1.0,1.0,1.0,1.0,1.0
408.0,1.0,1.0,1.0,1.0,1.0,1.0,1.0
408.05,1.0,1.0,1.0,1.0,1.0,1.0,1.0
408.1,1.0,1.0,1.0,1.0,1.0,1.0,1.0
408.15000000000003,1.0,1.0,1.0,1.0,1.0,1.0,1.0
408.20000000000005,1.0,1.0,1.0,1.0,1.0,1.0,1.0
408.25,1.0,1.0,1.0,1.0,1.0,1.0,1.0
408.3,1.0,1.0,1.0,1.0,1.0,1.0,1.0
408.35,1.0,1.0,1.0,1.0,1.0,1.0,1.0
408.40000000000003,1.0,1.0,1.0,1.0,1.0,1.0,1.0
408.45000000000005,1.0,1.0,1.0,1.0,1.0,1.0,1.0
408.5,1.0,1.0,1.0,1.0,1.0,1.0,1.0
408.55,1.0,1.0,1.0,1.0,1.0,1.0,1.0
408.6,1.0,1.0,1.0,1.0,1.0,1.0,1.0
408.65000000000003,1.0,1.0,1.0,1.0,1.0,1.0,1.0
408.70000000000005,1.0,1.0,1.0,1.0,1.0,1.0,1.0
408.75,1.0,1.0,1.0,1.0,1.0,1.0,1.0
408.8,1.0,1.0,1.0,1.0,1.0,1.0,1.0
408.85,1.0,1.0,1.0,1.0,1.0,1.0,1.0
408.90000000000003,1.0,1.0,1.0,1.0,1.0,1.0,1.0
408.95000000000005,1.0,1.0,1.0,1.0,1.0,1.0,1.0
409.0,1.0,1.0,1.0,1.0,1.0,1.0,1.0
409.05,1.0,1.0,1.0,1.0,1.0,1.0,1.0
409.1,1.0,1.0,1.0,1.0,1.0,1.0,1.0
409.15000000000003,1.0,1.0,1.0,1.0,1.0,1.0,1.0
409.20000000000005,1.0,1.0,1.0,1.0,1.0,1.0,1.0
409.25,1.0,1.0,1.0,1.0,1.0,1.0,1.0
409.3,1.0,1.0,1.0,1.0,1.0,1.0,1.0
409.35,1.0,1.0,1.0,1.0,1.0,1.0,1.0
409.40000000000003,1.0,1.0,1.0,1.0,1.0,1.0,1.0
409.45000000000005,1.0,1.0,1.0,1.0,1.0,1.0,1.0
409.5,1.0,1.0,1.0,1.0,1.0,1.0,1.0
409.55,1.0,1.0,1.0,1.0,1.0,1.0,1.0
409.6,1.0,1.0,1.0,1.0,1.0,1.0,1.0
409.65000000000003,1.0,1.0,1.0,1.0,1.0,1.0,1.0
409.70000000000005,1.0,1.0,1.0,1.0,1.0,1.0,1.0
409.75,1.0,1.0,1.0,1.0,1.0,1.0,1.0
409.8,1.0,1.0,1.0,1.0,1.0,1.0,1.0
409.85,1.0,1.0,1.0,1.0,1.0,1.0,1.0
409.90000000000003,1.0,1.0,1.0,1.0,1.0,1.0,1.0
409.95000000000005,1.0,1.0,1.0,1.0,1.0,1.0,1.0
410.0,1.0,1.0,1.0,1.0,1.0,1.0,1.0
410.05,1.0,1.0,1.0,1.0,1.0,1.0,1.0
410.1,1.0,1.0,1.0,1.0,1.0,1.0,1.0
410.15000000000003,1.0,1.0,1.0,1.0,1.0,1.0,1.0
410.20000000000005,1.0,1.0,1.0,1.0,1.0,1.0,1.0
410.25,1.0,1.0,1.0,1.0,1.0,1.0,1.0
410.3,1.0,1.0,1.0,1.0,1.0,1.0,1.0
410.35,1.0,1.0,1.0,1.0,1.0,1.0,1.0
410.40000000000003,1.0,1.0,1.0,1.0,1.0,1.0,1.0
410.45000000000005,1.0,1.0,1.0,1.0,1.0,1.0,1.0
410.5,1.0,1.0,1.0,1.0,1.0,1.0,1.0
410.55,1.0,1.0,1.0,1.0,1.0,1.0,1.0
410.6,1.0,1.0,1.0,1.0,1.0,1.0,1.0
410.65000000000003,1.0,1.0,1.0,1.0,1.0,1.0,1.0
410.70000000000005,1.0,1.0,1.0,1.0,1.0,1.0,1.0
410.75,1.0,1.0,1.0,1.0,1.0,1.0,1.0
410.8,1.0,1.0,1.0,1.0,1.0,1.0,1.0
410.85,1.0,1.0,1.0,1.0,1.0,1.0,1.0
410.90000000000003,1.0,1.0,1.0,1.0,1.0,1.0,1.0
410.95000000000005,1.0,1.0,1.0,1.0,1.0,1.0,1.0
411.0,1.0,1.0,1.0,1.0,1.0,1.0,1.0
411.05,1.0,1.0,1.0,1.0,1.0,1.0,1.0
411.1,1.0,1.0,1.0,1.0,1.0,1.0,1.0
411.15000000000003,1.0,1.0,1.0,1.0,1.0,1.0,1.0
411.20000000000005,1.0,1.0,1.0,1.0,1.0,1.0,1.0
411.25,1.0,1.0,1.0,1.0,1.0,1.0,1.0
411.3,1.0,1.0,1.0,1.0,1.0,1.0,1.0
411.35,1.0,1.0,1.0,1.0,1.0,1.0,1.0
411.40000000000003,1.0,1.0,1.0,1.0,1.0,1.0,1.0
411.45000000000005,1.0,1.0,1.0,1.0,1.0,1.0,1.0
411.5,1.0,1.0,1.0,1.0,1.0,1.0,1.0
411.55,1.0,1.0,1.0,1.0,1.0,1.0,1.0
411.6,1.0,1.0,1.0,1.0,1.0,1.0,1.0
411.65000000000003,1.0,1.0,1.0,1.0,1.0,1.0,1.0
411.70000000000005,1.0,1.0,1.0,1.0,1.0,1.0,1.0
411.75,1.0,1.0,1.0,1.0,1.0,1.0,1.0
411.8,1.0,1.0,1.0,1.0,1.0,1.0,1.0
411.85,1.0,1.0,1.0,1.0,1.0,1.0,1.0
411.90000000000003,1.0,1.0,1.0,1.0,1.0,1.0,1.0
411.95000000000005,1.0,1.0,1.0,1.0,1.0,1.0,1.0
412.0,1.0,1.0,1.0,1.0,1.0,1.0,1.0
412.05,1.0,1.0,1.0,1.0,1.0,1.0,1.0
412.1,1.0,1.0,1.0,1.0,1.0,1.0,1.0
412.15000000000003,1.0,1.0,1.0,1.0,1.0,1.0,1.0
412.20000000000005,1.0,1.0,1.0,1.0,1.0,1.0,1.0
412.25,1.0,1.0,1.0,1.0,1.0,1.0,1.0
412.3,1.0,1.0,1.0,1.0,1.0,1.0,1.0
412.35,1.0,1.0,1.0,1.0,1.0,1.0,1.0
412.40000000000003,1.0,1.0,1.0,1.0,1.0,1.0,1.0
412.45000000000005,1.0,1.0,1.0,1.0,1.0,1.0,1.0
412.5,1.0,1.0,1.0,1.0,1.0,1.0,1.0
412.55,1.0,1.0,1.0,1.0,1.0,1.0,1.0
412.6,1.0,1.0,1.0,1.0,1.0,1.0,1.0
412.65000000000003,1.0,1.0,1.0,1.0,1.0,1.0,1.0
412.70000000000005,1.0,1.0,1.0,1.0,1.0,1.0,1.0
412.75,1.0,1.0,1.0,1.0,1.0,1.0,1.0
412.8,1.0,1.0,1.0,1.0,1.0,1.0,1.0
412.85,1.0,1.0,1.0,1.0,1.0,1.0,1.0
412.90000000000003,1.0,1.0,1.0,1.0,1.0,1.0,1.0
412.95000000000005,1.0,1.0,1.0,1.0,1.0,1.0,1.0
413.0,1.0,1.0,1.0,1.0,1.0,1.0,1.0
413.05,1.0,1.0,1.0,1.0,1.0,1.0,1.0
413.1,1.0,1.0,1.0,1.0,1.0,1.0,1.0
413.15000000000003,1.0,1.0,1.0,1.0,1.0,1.0,1.0
413.20000000000005,1.0,1.0,1.0,1.0,1.0,1.0,1.0
413.25,1.0,1.0,1.0,1.0,1.0,1.0,1.0
413.3,1.0,1.0,1.0,1.0,1.0,1.0,1.0
413.35,1.0,1.0,1.0,1.0,1.0,1.0,1.0
413.40000000000003,1.0,1.0,1.0,1.0,1.0,1.0,1.0
413.45000000000005,1.0,1.0,1.0,1.0,1.0,1.0,1.0
413.5,1.0,1.0,1.0,1.0,1.0,1.0,1.0
413.55,1.0,1.0,1.0,1.0,1.0,1.0,1.0
413.6,1.0,1.0,1.0,1.0,1.0,1.0,1.0
413.65000000000003,1.0,1.0,1.0,1.0,1.0,1.0,1.0
413.70000000000005,1.0,1.0,1.0,1.0,1.0,1.0,1.0
413.75,1.0,1.0,1.0,1.0,1.0,1.0,1.0
413.8,1.0,1.0,1.0,1.0,1.0,1.0,1.0
413.85,1.0,1.0,1.0,1.0,1.0,1.0,1.0
413.90000000000003,1.0,1.0,1.0,1.0,1.0,1.0,1.0
413.95000000000005,1.0,1.0,1.0,1.0,1.0,1.0,1.0
414.0,1.0,1.0,1.0,1.0,1.0,1.0,1.0
414.05,1.0,1.0,1.0,1.0,1.0,1.0,1.0
414.1,1.0,1.0,1.0,1.0,1.0,1.0,1.0
414.15000000000003,1.0,1.0,1.0,1.0,1.0,1.0,1.0
414.20000000000005,1.0,1.0,1.0,1.0,1.0,1.0,1.0
414.25,1.0,1.0,1.0,1.0,1.0,1.0,1.0
414.3,1.0,1.0,1.0,1.0,1.0,1.0,1.0
414.35,1.0,1.0,1.0,1.0,1.0,1.0,1.0
414.40000000000003,1.0,1.0,1.0,1.0,1.0,1.0,1.0
414.45000000000005,1.0,1.0,1.0,1.0,1.0,1.0,1.0
414.5,1.0,1.0,1.0,1.0,1.0,1.0,1.0
414.55,1.0,1.0,1.0,1.0,1.0,1.0,1.0
414.6,1.0,1.0,1.0,1.0,1.0,1.0,1.0
414.65000000000003,1.0,1.0,1.0,1.0,1.0,1.0,1.0
414.70000000000005,1.0,1.0,1.0,1.0,1.0,1.0,1.0
414.75,1.0,1.0,1.0,1.0,1.0,1.0,1.0
414.8,1.0,1.0,1.0,1.0,1.0,1.0,1.0
414.85,1.0,1.0,1.0,1.0,1.0,1.0,1.0
414.90000000000003,1.0,1.0,1.0,1.0,1.0,1.0,1.0
414.95000000000005,1.0,1.0,1.0,1.0,1.0,1.0,1.0
415.0,1.0,1.0,1.0,1.0,1.0,1.0,1.0
415.05,1.0,1.0,1.0,1.0,1.0,1.0,1.0
415.1,1.0,1.0,1.0,1.0,1.0,1.0,1.0
415.15000000000003,1.0,1.0,1.0,1.0,1.0,1.0,1.0
415.20000000000005,1.0,1.0,1.0,1.0,1.0,1.0,1.0
415.25,1.0,1.0,1.0,1.0,1.0,1.0,1.0
415.3,1.0,1.0,1.0,1.0,1.0,1.0,1.0
415.35,1.0,1.0,1.0,1.0,1.0,1.0,1.0
415.40000000000003,1.0,1.0,1.0,1.0,1.0,1.0,1.0
415.45000000000005,1.0,1.0,1.0,1.0,1.0,1.0,1.0
415.5,1.0,1.0,1.0,1.0,1.0,1.0,1.0
415.55,1.0,1.0,1.0,1.0,1.0,1.0,1.0
415.6,1.0,1.0,1.0,1.0,1.0,1.0,1.0
415.65000000000003,1.0,1.0,1.0,1.0,1.0,1.0,1.0
415.70000000000005,1.0,1.0,1.0,1.0,1.0,1.0,1.0
415.75,1.0,1.0,1.0,1.0,1.0,1.0,1.0
415.8,1.0,1.0,1.0,1.0,1.0,1.0,1.0
415.85,1.0,1.0,1.0,1.0,1.0,1.0,1.0
415.90000000000003,1.0,1.0,1.0,1.0,1.0,1.0,1.0
415.95000000000005,1.0,1.0,1.0,1.0,1.0,1.0,1.0
416.0,1.0,1.0,1.0,1.0,1.0,1.0,1.0
416.05,1.0,1.0,1.0,1.0,1.0,1.0,1.0
416.1,1.0,1.0,1.0,1.0,1.0,1.0,1.0
416.15000000000003,1.0,1.0,1.0,1.0,1.0,1.0,1.0
416.20000000000005,1.0,1.0,1.0,1.0,1.0,1.0,1.0
416.25,1.0,1.0,1.0,1.0,1.0,1.0,1.0
416.3,1.0,1.0,1.0,1.0,1.0,1.0,1.0
416.35,1.0,1.0,1.0,1.0,1.0,1.0,1.0
416.40000000000003,1.0,1.0,1.0,1.0,1.0,1.0,1.0
416.45000000000005,1.0,1.0,1.0,1.0,1.0,1.0,1.0
416.5,1.0,1.0,1.0,1.0,1.0,1.0,1.0
416.55,1.0,1.0,1.0,1.0,1.0,1.0,1.0
416.6,1.0,1.0,1.0,1.0,1.0,1.0,1.0
416.65000000000003,1.0,1.0,1.0,1.0,1.0,1.0,1.0
416.70000000000005,1.0,1.0,1.0,1.0,1.0,1.0,1.0
416.75,1.0,1.0,1.0,1.0,1.0,1.0,1.0
416.8,1.0,1.0,1.0,1.0,1.0,1.0,1.0
416.85,1.0,1.0,1.0,1.0,1.0,1.0,1.0
416.90000000000003,1.0,1.0,1.0,1.0,1.0,1.0,1.0
416.95000000000005,1.0,1.0,1.0,1.0,1.0,1.0,1.0
417.0,1.0,1.0,1.0,1.0,1.0,1.0,1.0
417.05,1.0,1.0,1.0,1.0,1.0,1.0,1.0
417.1,1.0,1.0,1.0,1.0,1.0,1.0,1.0
417.15000000000003,1.0,1.0,1.0,1.0,1.0,1.0,1.0
417.20000000000005,1.0,1.0,1.0,1.0,1.0,1.0,1.0
417.25,1.0,1.0,1.0,1.0,1.0,1.0,1.0
417.3,1.0,1.0,1.0,1.0,1.0,1.0,1.0
417.35,1.0,1.0,1.0,1.0,1.0,1.0,1.0
417.40000000000003,1.0,1.0,1.0,1.0,1.0,1.0,1.0
417.45000000000005,1.0,1.0,1.0,1.0,1.0,1.0,1.0
417.5,1.0,1.0,1.0,1.0,1.0,1.0,1.0
417.55,1.0,1.0,1.0,1.0,1.0,1.0,1.0
417.6,1.0,1.0,1.0,1.0,1.0,1.0,1.0
417.65000000000003,1.0,1.0,1.0,1.0,1.0,1.0,1.0
417.70000000000005,1.0,1.0,1.0,1.0,1.0,1.0,1.0
417.75,1.0,1.0,1.0,1.0,1.0,1.0,1.0
417.8,1.0,1.0,1.0,1.0,1.0,1.0,1.0
417.85,1.0,1.0,1.0,1.0,1.0,1.0,1.0
417.90000000000003,1.0,1.0,1.0,1.0,1.0,1.0,1.0
417.95000000000005,1.0,1.0,1.0,1.0,1.0,1.0,1.0
418.0,1.0,1.0,1.0,1.0,1.0,1.0,1.0
418.05,1.0,1.0,1.0,1.0,1.0,1.0,1.0
418.1,1.0,1.0,1.0,1.0,1.0,1.0,1.0
418.15000000000003,1.0,1.0,1.0,1.0,1.0,1.0,1.0
418.20000000000005,1.0,1.0,1.0,1.0,1.0,1.0,1.0
418.25,1.0,1.0,1.0,1.0,1.0,1.0,1.0
418.3,1.0,1.0,1.0,1.0,1.0,1.0,1.0
418.35,1.0,1.0,1.0,1.0,1.0,1.0,1.0
418.40000000000003,1.0,1.0,1.0,1.0,1.0,1.0,1.0
418.45000000000005,1.0,1.0,1.0,1.0,1.0,1.0,1.0
418.5,1.0,1.0,1.0,1.0,1.0,1.0,1.0
418.55,1.0,1.0,1.0,1.0,1.0,1.0,1.0
418.6,1.0,1.0,1.0,1.0,1.0,1.0,1.0
418.65000000000003,1.0,1.0,1.0,1.0,1.0,1.0,1.0
418.70000000000005,1.0,1.0,1.0,1.0,1.0,1.0,1.0
418.75,1.0,1.0,1.0,1.0,1.0,1.0,1.0
418.8,1.0,1.0,1.0,1.0,1.0,1.0,1.0
418.85,1.0,1.0,1.0,1.0,1.0,1.0,1.0
418.90000000000003,1.0,1.0,1.0,1.0,1.0,1.0,1.0
418.95000000000005,1.0,1.0,1.0,1.0,1.0,1.0,1.0
419.0,1.0,1.0,1.0,1.0,1.0,1.0,1.0
419.05,1.0,1.0,1.0,1.0,1.0,1.0,1.0
419.1,1.0,1.0,1.0,1.0,1.0,1.0,1.0
419.15000000000003,1.0,1.0,1.0,1.0,1.0,1.0,1.0
419.20000000000005,1.0,1.0,1.0,1.0,1.0,1.0,1.0
419.25,1.0,1.0,1.0,1.0,1.0,1.0,1.0
419.3,1.0,1.0,1.0,1.0,1.0,1.0,1.0
419.35,1.0,1.0,1.0,1.0,1.0,1.0,1.0
419.40000000000003,1.0,1.0,1.0,1.0,1.0,1.0,1.0
419.45000000000005,1.0,1.0,1.0,1.0,1.0,1.0,1.0
419.5,1.0,1.0,1.0,1.0,1.0,1.0,1.0
419.55,1.0,1.0,1.0,1.0,1.0,1.0,1.0
419.6,1.0,1.0,1.0,1.0,1.0,1.0,1.0
419.65000000000003,1.0,1.0,1.0,1.0,1.0,1.0,1.0
419.70000000000005,1.0,1.0,1.0,1.0,1.0,1.0,1.0
419.75,1.0,1.0,1.0,1.0,1.0,1.0,1.0
419.8,1.0,1.0,1.0,1.0,1.0,1.0,1.0
419.85,1.0,1.0,1.0,1.0,1.0,1.0,1.0
419.90000000000003,1.0,1.0,1.0,1.0,1.0,1.0,1.0
419.95000000000005,1.0,1.0,1.0,1.0,1.0,1.0,1.0
420.0,1.0,1.0,1.0,1.0,1.0,1.0,1.0
420.05,1.0,1.0,1.0,1.0,1.0,1.0,1.0
420.1,1.0,1.0,1.0,1.0,1.0,1.0,1.0
420.15000000000003,1.0,1.0,1.0,1.0,1.0,1.0,1.0
420.20000000000005,1.0,1.0,1.0,1.0,1.0,1.0,1.0
420.25,1.0,1.0,1.0,1.0,1.0,1.0,1.0
420.3,1.0,1.0,1.0,1.0,1.0,1.0,1.0
420.35,1.0,1.0,1.0,1.0,1.0,1.0,1.0
420.40000000000003,1.0,1.0,1.0,1.0,1.0,1.0,1.0
420.45000000000005,1.0,1.0,1.0,1.0,1.0,1.0,1.0
420.5,1.0,1.0,1.0,1.0,1.0,1.0,1.0
420.55,1.0,1.0,1.0,1.0,1.0,1.0,1.0
420.6,1.0,1.0,1.0,1.0,1.0,1.0,1.0
420.65000000000003,1.0,1.0,1.0,1.0,1.0,1.0,1.0
420.70000000000005,1.0,1.0,1.0,1.0,1.0,1.0,1.0
420.75,1.0,1.0,1.0,1.0,1.0,1.0,1.0
420.8,1.0,1.0,1.0,1.0,1.0,1.0,1.0
420.85,1.0,1.0,1.0,1.0,1.0,1.0,1.0
420.90000000000003,1.0,1.0,1.0,1.0,1.0,1.0,1.0
420.95000000000005,1.0,1.0,1.0,1.0,1.0,1.0,1.0
421.0,1.0,1.0,1.0,1.0,1.0,1.0,1.0
421.05,1.0,1.0,1.0,1.0,1.0,1.0,1.0
421.1,1.0,1.0,1.0,1.0,1.0,1.0,1.0
421.15000000000003,1.0,1.0,1.0,1.0,1.0,1.0,1.0
421.20000000000005,1.0,1.0,1.0,1.0,1.0,1.0,1.0
421.25,1.0,1.0,1.0,1.0,1.0,1.0,1.0
421.3,1.0,1.0,1.0,1.0,1.0,1.0,1.0
421.35,1.0,1.0,1.0,1.0,1.0,1.0,1.0
421.40000000000003,1.0,1.0,1.0,1.0,1.0,1.0,1.0
421.45000000000005,1.0,1.0,1.0,1.0,1.0,1.0,1.0
421.5,1.0,1.0,1.0,1.0,1.0,1.0,1.0
421.55,1.0,1.0,1.0,1.0,1.0,1.0,1.0
421.6,1.0,1.0,1.0,1.0,1.0,1.0,1.0
421.65000000000003,1.0,1.0,1.0,1.0,1.0,1.0,1.0
421.70000000000005,1.0,1.0,1.0,1.0,1.0,1.0,1.0
421.75,1.0,1.0,1.0,1.0,1.0,1.0,1.0
421.8,1.0,1.0,1.0,1.0,1.0,1.0,1.0
421.85,1.0,1.0,1.0,1.0,1.0,1.0,1.0
421.90000000000003,1.0,1.0,1.0,1.0,1.0,1.0,1.0
421.95000000000005,1.0,1.0,1.0,1.0,1.0,1.0,1.0
422.0,1.0,1.0,1.0,1.0,1.0,1.0,1.0
422.05,1.0,1.0,1.0,1.0,1.0,1.0,1.0
422.1,1.0,1.0,1.0,1.0,1.0,1.0,1.0
422.15000000000003,1.0,1.0,1.0,1.0,1.0,1.0,1.0
422.20000000000005,1.0,1.0,1.0,1.0,1.0,1.0,1.0
422.25,1.0,1.0,1.0,1.0,1.0,1.0,1.0
422.3,1.0,1.0,1.0,1.0,1.0,1.0,1.0
422.35,1.0,1.0,1.0,1.0,1.0,1.0,1.0
422.40000000000003,1.0,1.0,1.0,1.0,1.0,1.0,1.0
422.45000000000005,1.0,1.0,1.0,1.0,1.0,1.0,1.0
422.5,1.0,1.0,1.0,1.0,1.0,1.0,1.0
422.55,1.0,1.0,1.0,1.0,1.0,1.0,1.0
422.6,1.0,1.0,1.0,1.0,1.0,1.0,1.0
422.65000000000003,1.0,1.0,1.0,1.0,1.0,1.0,1.0
422.70000000000005,1.0,1.0,1.0,1.0,1.0,1.0,1.0
422.75,1.0,1.0,1.0,1.0,1.0,1.0,1.0
422.8,1.0,1.0,1.0,1.0,1.0,1.0,1.0
422.85,1.0,1.0,1.0,1.0,1.0,1.0,1.0
422.90000000000003,1.0,1.0,1.0,1.0,1.0,1.0,1.0
422.95000000000005,1.0,1.0,1.0,1.0,1.0,1.0,1.0
423.0,1.0,1.0,1.0,1.0,1.0,1.0,1.0
423.05,1.0,1.0,1.0,1.0,1.0,1.0,1.0
423.1,1.0,1.0,1.0,1.0,1.0,1.0,1.0
423.15000000000003,1.0,1.0,1.0,1.0,1.0,1.0,1.0
423.20000000000005,1.0,1.0,1.0,1.0,1.0,1.0,1.0
423.25,1.0,1.0,1.0,1.0,1.0,1.0,1.0
423.3,1.0,1.0,1.0,1.0,1.0,1.0,1.0
423.35,1.0,1.0,1.0,1.0,1.0,1.0,1.0
423.40000000000003,1.0,1.0,1.0,1.0,1.0,1.0,1.0
423.45000000000005,1.0,1.0,1.0,1.0,1.0,1.0,1.0
423.5,1.0,1.0,1.0,1.0,1.0,1.0,1.0
423.55,1.0,1.0,1.0,1.0,1.0,1.0,1.0
423.6,1.0,1.0,1.0,1.0,1.0,1.0,1.0
423.65000000000003,1.0,1.0,1.0,1.0,1.0,1.0,1.0
423.70000000000005,1.0,1.0,1.0,1.0,1.0,1.0,1.0
423.75,1.0,1.0,1.0,1.0,1.0,1.0,1.0
423.8,1.0,1.0,1.0,1.0,1.0,1.0,1.0
423.85,1.0,1.0,1.0,1.0,1.0,1.0,1.0
423.90000000000003,1.0,1.0,1.0,1.0,1.0,1.0,1.0
423.95000000000005,1.0,1.0,1.0,1.0,1.0,1.0,1.0
424.0,1.0,1.0,1.0,1.0,1.0,1.0,1.0
424.05,1.0,1.0,1.0,1.0,1.0,1.0,1.0
424.1,1.0,1.0,1.0,1.0,1.0,1.0,1.0
424.15000000000003,1.0,1.0,1.0,1.0,1.0,1.0,1.0
424.20000000000005,1.0,1.0,1.0,1.0,1.0,1.0,1.0
424.25,1.0,1.0,1.0,1.0,1.0,1.0,1.0
424.3,1.0,1.0,1.0,1.0,1.0,1.0,1.0
424.35,1.0,1.0,1.0,1.0,1.0,1.0,1.0
424.40000000000003,1.0,1.0,1.0,1.0,1.0,1.0,1.0
424.45000000000005,1.0,1.0,1.0,1.0,1.0,1.0,1.0
424.5,1.0,1.0,1.0,1.0,1.0,1.0,1.0
424.55,1.0,1.0,1.0,1.0,1.0,1.0,1.0
424.6,1.0,1.0,1.0,1.0,1.0,1.0,1.0
424.65000000000003,1.0,1.0,1.0,1.0,1.0,1.0,1.0
424.70000000000005,1.0,1.0,1.0,1.0,1.0,1.0,1.0
424.75,1.0,1.0,1.0,1.0,1.0,1.0,1.0
424.8,1.0,1.0,1.0,1.0,1.0,1.0,1.0
424.85,1.0,1.0,1.0,1.0,1.0,1.0,1.0
424.90000000000003,1.0,1.0,1.0,1.0,1.0,1.0,1.0
424.95000000000005,1.0,1.0,1.0,1.0,1.0,1.0,1.0
425.0,1.0,1.0,1.0,1.0,1.0,1.0,1.0
425.05,1.0,1.0,1.0,1.0,1.0,1.0,1.0
425.1,1.0,1.0,1.0,1.0,1.0,1.0,1.0
425.15000000000003,1.0,1.0,1.0,1.0,1.0,1.0,1.0
425.20000000000005,1.0,1.0,1.0,1.0,1.0,1.0,1.0
425.25,1.0,1.0,1.0,1.0,1.0,1.0,1.0
425.3,1.0,1.0,1.0,1.0,1.0,1.0,1.0
425.35,1.0,1.0,1.0,1.0,1.0,1.0,1.0
425.40000000000003,1.0,1.0,1.0,1.0,1.0,1.0,1.0
425.45000000000005,1.0,1.0,1.0,1.0,1.0,1.0,1.0
425.5,1.0,1.0,1.0,1.0,1.0,1.0,1.0
425.55,1.0,1.0,1.0,1.0,1.0,1.0,1.0
425.6,1.0,1.0,1.0,1.0,1.0,1.0,1.0
425.65000000000003,1.0,1.0,1.0,1.0,1.0,1.0,1.0
425.70000000000005,1.0,1.0,1.0,1.0,1.0,1.0,1.0
425.75,1.0,1.0,1.0,1.0,1.0,1.0,1.0
425.8,1.0,1.0,1.0,1.0,1.0,1.0,1.0
425.85,1.0,1.0,1.0,1.0,1.0,1.0,1.0
425.90000000000003,1.0,1.0,1.0,1.0,1.0,1.0,1.0
425.95000000000005,1.0,1.0,1.0,1.0,1.0,1.0,1.0
426.0,1.0,1.0,1.0,1.0,1.0,1.0,1.0
426.05,1.0,1.0,1.0,1.0,1.0,1.0,1.0
426.1,1.0,1.0,1.0,1.0,1.0,1.0,1.0
426.15000000000003,1.0,1.0,1.0,1.0,1.0,1.0,1.0
426.20000000000005,1.0,1.0,1.0,1.0,1.0,1.0,1.0
426.25,1.0,1.0,1.0,1.0,1.0,1.0,1.0
426.3,1.0,1.0,1.0,1.0,1.0,1.0,1.0
426.35,1.0,1.0,1.0,1.0,1.0,1.0,1.0
426.40000000000003,1.0,1.0,1.0,1.0,1.0,1.0,1.0
426.45000000000005,1.0,1.0,1.0,1.0,1.0,1.0,1.0
426.5,1.0,1.0,1.0,1.0,1.0,1.0,1.0
426.55,1.0,1.0,1.0,1.0,1.0,1.0,1.0
426.6,1.0,1.0,1.0,1.0,1.0,1.0,1.0
426.65000000000003,1.0,1.0,1.0,1.0,1.0,1.0,1.0
426.70000000000005,1.0,1.0,1.0,1.0,1.0,1.0,1.0
426.75,1.0,1.0,1.0,1.0,1.0,1.0,1.0
426.8,1.0,1.0,1.0,1.0,1.0,1.0,1.0
426.85,1.0,1.0,1.0,1.0,1.0,1.0,1.0
426.90000000000003,1.0,1.0,1.0,1.0,1.0,1.0,1.0
426.95000000000005,1.0,1.0,1.0,1.0,1.0,1.0,1.0
427.0,1.0,1.0,1.0,1.0,1.0,1.0,1.0
427.05,1.0,1.0,1.0,1.0,1.0,1.0,1.0
427.1,1.0,1.0,1.0,1.0,1.0,1.0,1.0
427.15000000000003,1.0,1.0,1.0,1.0,1.0,1.0,1.0
427.20000000000005,1.0,1.0,1.0,1.0,1.0,1.0,1.0
427.25,1.0,1.0,1.0,1.0,1.0,1.0,1.0
427.3,1.0,1.0,1.0,1.0,1.0,1.0,1.0
427.35,1.0,1.0,1.0,1.0,1.0,1.0,1.0
427.40000000000003,1.0,1.0,1.0,1.0,1.0,1.0,1.0
427.45000000000005,1.0,1.0,1.0,1.0,1.0,1.0,1.0
427.5,1.0,1.0,1.0,1.0,1.0,1.0,1.0
427.55,1.0,1.0,1.0,1.0,1.0,1.0,1.0
427.6,1.0,1.0,1.0,1.0,1.0,1.0,1.0
427.65000000000003,1.0,1.0,1.0,1.0,1.0,1.0,1.0
427.70000000000005,1.0,1.0,1.0,1.0,1.0,1.0,1.0
427.75,1.0,1.0,1.0,1.0,1.0,1.0,1.0
427.8,1.0,1.0,1.0,1.0,1.0,1.0,1.0
427.85,1.0,1.0,1.0,1.0,1.0,1.0,1.0
427.90000000000003,1.0,1.0,1.0,1.0,1.0,1.0,1.0
427.95000000000005,1.0,1.0,1.0,1.0,1.0,1.0,1.0
428.0,1.0,1.0,1.0,1.0,1.0,1.0,1.0
428.05,1.0,1.0,1.0,1.0,1.0,1.0,1.0
428.1,1.0,1.0,1.0,1.0,1.0,1.0,1.0
428.15000000000003,1.0,1.0,1.0,1.0,1.0,1.0,1.0
428.20000000000005,1.0,1.0,1.0,1.0,1.0,1.0,1.0
428.25,1.0,1.0,1.0,1.0,1.0,1.0,1.0
428.3,1.0,1.0,1.0,1.0,1.0,1.0,1.0
428.35,1.0,1.0,1.0,1.0,1.0,1.0,1.0
428.40000000000003,1.0,1.0,1.0,1.0,1.0,1.0,1.0
428.45000000000005,1.0,1.0,1.0,1.0,1.0,1.0,1.0
428.5,1.0,1.0,1.0,1.0,1.0,1.0,1.0
428.55,1.0,1.0,1.0,1.0,1.0,1.0,1.0
428.6,1.0,1.0,1.0,1.0,1.0,1.0,1.0
428.65000000000003,1.0,1.0,1.0,1.0,1.0,1.0,1.0
428.70000000000005,1.0,1.0,1.0,1.0,1.0,1.0,1.0
428.75,1.0,1.0,1.0,1.0,1.0,1.0,1.0
428.8,1.0,1.0,1.0,1.0,1.0,1.0,1.0
428.85,1.0,1.0,1.0,1.0,1.0,1.0,1.0
428.90000000000003,1.0,1.0,1.0,1.0,1.0,1.0,1.0
428.95000000000005,1.0,1.0,1.0,1.0,1.0,1.0,1.0
429.0,1.0,1.0,1.0,1.0,1.0,1.0,1.0
429.05,1.0,1.0,1.0,1.0,1.0,1.0,1.0
429.1,1.0,1.0,1.0,1.0,1.0,1.0,1.0
429.15000000000003,1.0,1.0,1.0,1.0,1.0,1.0,1.0
429.20000000000005,1.0,1.0,1.0,1.0,1.0,1.0,1.0
429.25,1.0,1.0,1.0,1.0,1.0,1.0,1.0
429.3,1.0,1.0,1.0,1.0,1.0,1.0,1.0
429.35,1.0,1.0,1.0,1.0,1.0,1.0,1.0
429.40000000000003,1.0,1.0,1.0,1.0,1.0,1.0,1.0
429.45000000000005,1.0,1.0,1.0,1.0,1.0,1.0,1.0
429.5,1.0,1.0,1.0,1.0,1.0,1.0,1.0
429.55,1.0,1.0,1.0,1.0,1.0,1.0,1.0
429.6,1.0,1.0,1.0,1.0,1.0,1.0,1.0
429.65000000000003,1.0,1.0,1.0,1.0,1.0,1.0,1.0
429.70000000000005,1.0,1.0,1.0,1.0,1.0,1.0,1.0
429.75,1.0,1.0,1.0,1.0,1.0,1.0,1.0
429.8,1.0,1.0,1.0,1.0,1.0,1.0,1.0
429.85,1.0,1.0,1.0,1.0,1.0,1.0,1.0
429.90000000000003,1.0,1.0,1.0,1.0,1.0,1.0,1.0
429.95000000000005,1.0,1.0,1.0,1.0,1.0,1.0,1.0
430.0,1.0,1.0,1.0,1.0,1.0,1.0,1.0
430.05,1.0,1.0,1.0,1.0,1.0,1.0,1.0
430.1,1.0,1.0,1.0,1.0,1.0,1.0,1.0
430.15000000000003,1.0,1.0,1.0,1.0,1.0,1.0,1.0
430.20000000000005,1.0,1.0,1.0,1.0,1.0,1.0,1.0
430.25,1.0,1.0,1.0,1.0,1.0,1.0,1.0
430.3,1.0,1.0,1.0,1.0,1.0,1.0,1.0
430.35,1.0,1.0,1.0,1.0,1.0,1.0,1.0
430.40000000000003,1.0,1.0,1.0,1.0,1.0,1.0,1.0
430.45000000000005,1.0,1.0,1.0,1.0,1.0,1.0,1.0
430.5,1.0,1.0,1.0,1.0,1.0,1.0,1.0
430.55,1.0,1.0,1.0,1.0,1.0,1.0,1.0
430.6,1.0,1.0,1.0,1.0,1.0,1.0,1.0
430.65000000000003,1.0,1.0,1.0,1.0,1.0,1.0,1.0
430.70000000000005,1.0,1.0,1.0,1.0,1.0,1.0,1.0
430.75,1.0,1.0,1.0,1.0,1.0,1.0,1.0
430.8,1.0,1.0,1.0,1.0,1.0,1.0,1.0
430.85,1.0,1.0,1.0,1.0,1.0,1.0,1.0
430.90000000000003,1.0,1.0,1.0,1.0,1.0,1.0,1.0
430.95000000000005,1.0,1.0,1.0,1.0,1.0,1.0,1.0
431.0,1.0,1.0,1.0,1.0,1.0,1.0,1.0
431.05,1.0,1.0,1.0,1.0,1.0,1.0,1.0
431.1,1.0,1.0,1.0,1.0,1.0,1.0,1.0
431.15000000000003,1.0,1.0,1.0,1.0,1.0,1.0,1.0
431.20000000000005,1.0,1.0,1.0,1.0,1.0,1.0,1.0
431.25,1.0,1.0,1.0,1.0,1.0,1.0,1.0
431.3,1.0,1.0,1.0,1.0,1.0,1.0,1.0
431.35,1.0,1.0,1.0,1.0,1.0,1.0,1.0
431.40000000000003,1.0,1.0,1.0,1.0,1.0,1.0,1.0
431.45000000000005,1.0,1.0,1.0,1.0,1.0,1.0,1.0
431.5,1.0,1.0,1.0,1.0,1.0,1.0,1.0
431.55,1.0,1.0,1.0,1.0,1.0,1.0,1.0
431.6,1.0,1.0,1.0,1.0,1.0,1.0,1.0
431.65000000000003,1.0,1.0,1.0,1.0,1.0,1.0,1.0
431.70000000000005,1.0,1.0,1.0,1.0,1.0,1.0,1.0
431.75,1.0,1.0,1.0,1.0,1.0,1.0,1.0
431.8,1.0,1.0,1.0,1.0,1.0,1.0,1.0
431.85,1.0,1.0,1.0,1.0,1.0,1.0,1.0
431.90000000000003,1.0,1.0,1.0,1.0,1.0,1.0,1.0
431.95000000000005,1.0,1.0,1.0,1.0,1.0,1.0,1.0
432.0,1.0,1.0,1.0,1.0,1.0,1.0,1.0
432.05,1.0,1.0,1.0,1.0,1.0,1.0,1.0
432.1,1.0,1.0,1.0,1.0,1.0,1.0,1.0
432.15000000000003,1.0,1.0,1.0,1.0,1.0,1.0,1.0
432.20000000000005,1.0,1.0,1.0,1.0,1.0,1.0,1.0
432.25,1.0,1.0,1.0,1.0,1.0,1.0,1.0
432.3,1.0,1.0,1.0,1.0,1.0,1.0,1.0
432.35,1.0,1.0,1.0,1.0,1.0,1.0,1.0
432.40000000000003,1.0,1.0,1.0,1.0,1.0,1.0,1.0
432.45000000000005,1.0,1.0,1.0,1.0,1.0,1.0,1.0
432.5,1.0,1.0,1.0,1.0,1.0,1.0,1.0
432.55,1.0,1.0,1.0,1.0,1.0,1.0,1.0
432.6,1.0,1.0,1.0,1.0,1.0,1.0,1.0
432.65000000000003,1.0,1.0,1.0,1.0,1.0,1.0,1.0
432.70000000000005,1.0,1.0,1.0,1.0,1.0,1.0,1.0
432.75,1.0,1.0,1.0,1.0,1.0,1.0,1.0
432.8,1.0,1.0,1.0,1.0,1.0,1.0,1.0
432.85,1.0,1.0,1.0,1.0,1.0,1.0,1.0
432.90000000000003,1.0,1.0,1.0,1.0,1.0,1.0,1.0
432.95000000000005,1.0,1.0,1.0,1.0,1.0,1.0,1.0
433.0,1.0,1.0,1.0,1.0,1.0,1.0,1.0
433.05,1.0,1.0,1.0,1.0,1.0,1.0,1.0
433.1,1.0,1.0,1.0,1.0,1.0,1.0,1.0
433.15000000000003,1.0,1.0,1.0,1.0,1.0,1.0,1.0
433.20000000000005,1.0,1.0,1.0,1.0,1.0,1.0,1.0
433.25,1.0,1.0,1.0,1.0,1.0,1.0,1.0
433.3,1.0,1.0,1.0,1.0,1.0,1.0,1.0
433.35,1.0,1.0,1.0,1.0,1.0,1.0,1.0
433.40000000000003,1.0,1.0,1.0,1.0,1.0,1.0,1.0
433.45000000000005,1.0,1.0,1.0,1.0,1.0,1.0,1.0
433.5,1.0,1.0,1.0,1.0,1.0,1.0,1.0
433.55,1.0,1.0,1.0,1.0,1.0,1.0,1.0
433.6,1.0,1.0,1.0,1.0,1.0,1.0,1.0
433.65000000000003,1.0,1.0,1.0,1.0,1.0,1.0,1.0
433.70000000000005,1.0,1.0,1.0,1.0,1.0,1.0,1.0
433.75,1.0,1.0,1.0,1.0,1.0,1.0,1.0
433.8,1.0,1.0,1.0,1.0,1.0,1.0,1.0
433.85,1.0,1.0,1.0,1.0,1.0,1.0,1.0
433.90000000000003,1.0,1.0,1.0,1.0,1.0,1.0,1.0
433.95000000000005,1.0,1.0,1.0,1.0,1.0,1.0,1.0
434.0,1.0,1.0,1.0,1.0,1.0,1.0,1.0
434.05,1.0,1.0,1.0,1.0,1.0,1.0,1.0
434.1,1.0,1.0,1.0,1.0,1.0,1.0,1.0
434.15000000000003,1.0,1.0,1.0,1.0,1.0,1.0,1.0
434.20000000000005,1.0,1.0,1.0,1.0,1.0,1.0,1.0
434.25,1.0,1.0,1.0,1.0,1.0,1.0,1.0
434.3,1.0,1.0,1.0,1.0,1.0,1.0,1.0
434.35,1.0,1.0,1.0,1.0,1.0,1.0,1.0
434.40000000000003,1.0,1.0,1.0,1.0,1.0,1.0,1.0
434.45000000000005,1.0,1.0,1.0,1.0,1.0,1.0,1.0
434.5,1.0,1.0,1.0,1.0,1.0,1.0,1.0
434.55,1.0,1.0,1.0,1.0,1.0,1.0,1.0
434.6,1.0,1.0,1.0,1.0,1.0,1.0,1.0
434.65000000000003,1.0,1.0,1.0,1.0,1.0,1.0,1.0
434.70000000000005,1.0,1.0,1.0,1.0,1.0,1.0,1.0
434.75,1.0,1.0,1.0,1.0,1.0,1.0,1.0
434.8,1.0,1.0,1.0,1.0,1.0,1.0,1.0
434.85,1.0,1.0,1.0,1.0,1.0,1.0,1.0
434.90000000000003,1.0,1.0,1.0,1.0,1.0,1.0,1.0
434.95000000000005,1.0,1.0,1.0,1.0,1.0,1.0,1.0
435.0,1.0,1.0,1.0,1.0,1.0,1.0,1.0
435.05,1.0,1.0,1.0,1.0,1.0,1.0,1.0
435.1,1.0,1.0,1.0,1.0,1.0,1.0,1.0
435.15000000000003,1.0,1.0,1.0,1.0,1.0,1.0,1.0
435.20000000000005,1.0,1.0,1.0,1.0,1.0,1.0,1.0
435.25,1.0,1.0,1.0,1.0,1.0,1.0,1.0
435.3,1.0,1.0,1.0,1.0,1.0,1.0,1.0
435.35,1.0,1.0,1.0,1.0,1.0,1.0,1.0
435.40000000000003,1.0,1.0,1.0,1.0,1.0,1.0,1.0
435.45000000000005,1.0,1.0,1.0,1.0,1.0,1.0,1.0
435.5,1.0,1.0,1.0,1.0,1.0,1.0,1.0
435.55,1.0,1.0,1.0,1.0,1.0,1.0,1.0
435.6,1.0,1.0,1.0,1.0,1.0,1.0,1.0
435.65000000000003,1.0,1.0,1.0,1.0,1.0,1.0,1.0
435.70000000000005,1.0,1.0,1.0,1.0,1.0,1.0,1.0
435.75,1.0,1.0,1.0,1.0,1.0,1.0,1.0
435.8,1.0,1.0,1.0,1.0,1.0,1.0,1.0
435.85,1.0,1.0,1.0,1.0,1.0,1.0,1.0
435.90000000000003,1.0,1.0,1.0,1.0,1.0,1.0,1.0
435.95000000000005,1.0,1.0,1.0,1.0,1.0,1.0,1.0
436.0,1.0,1.0,1.0,1.0,1.0,1.0,1.0
436.05,1.0,1.0,1.0,1.0,1.0,1.0,1.0
436.1,1.0,1.0,1.0,1.0,1.0,1.0,1.0
436.15000000000003,1.0,1.0,1.0,1.0,1.0,1.0,1.0
436.20000000000005,1.0,1.0,1.0,1.0,1.0,1.0,1.0
436.25,1.0,1.0,1.0,1.0,1.0,1.0,1.0
436.3,1.0,1.0,1.0,1.0,1.0,1.0,1.0
436.35,1.0,1.0,1.0,1.0,1.0,1.0,1.0
436.40000000000003,1.0,1.0,1.0,1.0,1.0,1.0,1.0
436.45000000000005,1.0,1.0,1.0,1.0,1.0,1.0,1.0
436.5,1.0,1.0,1.0,1.0,1.0,1.0,1.0
436.55,1.0,1.0,1.0,1.0,1.0,1.0,1.0
436.6,1.0,1.0,1.0,1.0,1.0,1.0,1.0
436.65000000000003,1.0,1.0,1.0,1.0,1.0,1.0,1.0
436.70000000000005,1.0,1.0,1.0,1.0,1.0,1.0,1.0
436.75,1.0,1.0,1.0,1.0,1.0,1.0,1.0
436.8,1.0,1.0,1.0,1.0,1.0,1.0,1.0
436.85,1.0,1.0,1.0,1.0,1.0,1.0,1.0
436.90000000000003,1.0,1.0,1.0,1.0,1.0,1.0,1.0
436.95000000000005,1.0,1.0,1.0,1.0,1.0,1.0,1.0
437.0,1.0,1.0,1.0,1.0,1.0,1.0,1.0
437.05,1.0,1.0,1.0,1.0,1.0,1.0,1.0
437.1,1.0,1.0,1.0,1.0,1.0,1.0,1.0
437.15000000000003,1.0,1.0,1.0,1.0,1.0,1.0,1.0
437.20000000000005,1.0,1.0,1.0,1.0,1.0,1.0,1.0
437.25,1.0,1.0,1.0,1.0,1.0,1.0,1.0
437.3,1.0,1.0,1.0,1.0,1.0,1.0,1.0
437.35,1.0,1.0,1.0,1.0,1.0,1.0,1.0
437.40000000000003,1.0,1.0,1.0,1.0,1.0,1.0,1.0
437.45000000000005,1.0,1.0,1.0,1.0,1.0,1.0,1.0
437.5,1.0,1.0,1.0,1.0,1.0,1.0,1.0
437.55,1.0,1.0,1.0,1.0,1.0,1.0,1.0
437.6,1.0,1.0,1.0,1.0,1.0,1.0,1.0
437.65000000000003,1.0,1.0,1.0,1.0,1.0,1.0,1.0
437.70000000000005,1.0,1.0,1.0,1.0,1.0,1.0,1.0
437.75,1.0,1.0,1.0,1.0,1.0,1.0,1.0
437.8,1.0,1.0,1.0,1.0,1.0,1.0,1.0
437.85,1.0,1.0,1.0,1.0,1.0,1.0,1.0
437.90000000000003,1.0,1.0,1.0,1.0,1.0,1.0,1.0
437.95000000000005,1.0,1.0,1.0,1.0,1.0,1.0,1.0
438.0,1.0,1.0,1.0,1.0,1.0,1.0,1.0
438.05,1.0,1.0,1.0,1.0,1.0,1.0,1.0
438.1,1.0,1.0,1.0,1.0,1.0,1.0,1.0
438.15000000000003,1.0,1.0,1.0,1.0,1.0,1.0,1.0
438.20000000000005,1.0,1.0,1.0,1.0,1.0,1.0,1.0
438.25,1.0,1.0,1.0,1.0,1.0,1.0,1.0
438.3,1.0,1.0,1.0,1.0,1.0,1.0,1.0
438.35,1.0,1.0,1.0,1.0,1.0,1.0,1.0
438.40000000000003,1.0,1.0,1.0,1.0,1.0,1.0,1.0
438.45000000000005,1.0,1.0,1.0,1.0,1.0,1.0,1.0
438.5,1.0,1.0,1.0,1.0,1.0,1.0,1.0
438.55,1.0,1.0,1.0,1.0,1.0,1.0,1.0
438.6,1.0,1.0,1.0,1.0,1.0,1.0,1.0
438.65000000000003,1.0,1.0,1.0,1.0,1.0,1.0,1.0
438.70000000000005,1.0,1.0,1.0,1.0,1.0,1.0,1.0
438.75,1.0,1.0,1.0,1.0,1.0,1.0,1.0
438.8,1.0,1.0,1.0,1.0,1.0,1.0,1.0
438.85,1.0,1.0,1.0,1.0,1.0,1.0,1.0
438.90000000000003,1.0,1.0,1.0,1.0,1.0,1.0,1.0
438.95000000000005,1.0,1.0,1.0,1.0,1.0,1.0,1.0
439.0,1.0,1.0,1.0,1.0,1.0,1.0,1.0
439.05,1.0,1.0,1.0,1.0,1.0,1.0,1.0
439.1,1.0,1.0,1.0,1.0,1.0,1.0,1.0
439.15000000000003,1.0,1.0,1.0,1.0,1.0,1.0,1.0
439.20000000000005,1.0,1.0,1.0,1.0,1.0,1.0,1.0
439.25,1.0,1.0,1.0,1.0,1.0,1.0,1.0
439.3,1.0,1.0,1.0,1.0,1.0,1.0,1.0
439.35,1.0,1.0,1.0,1.0,1.0,1.0,1.0
439.40000000000003,1.0,1.0,1.0,1.0,1.0,1.0,1.0
439.45000000000005,1.0,1.0,1.0,1.0,1.0,1.0,1.0
439.5,1.0,1.0,1.0,1.0,1.0,1.0,1.0
439.55,1.0,1.0,1.0,1.0,1.0,1.0,1.0
439.6,1.0,1.0,1.0,1.0,1.0,1.0,1.0
439.65000000000003,1.0,1.0,1.0,1.0,1.0,1.0,1.0
439.70000000000005,1.0,1.0,1.0,1.0,1.0,1.0,1.0
439.75,1.0,1.0,1.0,1.0,1.0,1.0,1.0
439.8,1.0,1.0,1.0,1.0,1.0,1.0,1.0
439.85,1.0,1.0,1.0,1.0,1.0,1.0,1.0
439.90000000000003,1.0,1.0,1.0,1.0,1.0,1.0,1.0
439.95000000000005,1.0,1.0,1.0,1.0,1.0,1.0,1.0
440.0,1.0,1.0,1.0,1.0,1.0,1.0,1.0
440.05,1.0,1.0,1.0,1.0,1.0,1.0,1.0
440.1,1.0,1.0,1.0,1.0,1.0,1.0,1.0
440.15000000000003,1.0,1.0,1.0,1.0,1.0,1.0,1.0
440.20000000000005,1.0,1.0,1.0,1.0,1.0,1.0,1.0
440.25,1.0,1.0,1.0,1.0,1.0,1.0,1.0
440.3,1.0,1.0,1.0,1.0,1.0,1.0,1.0
440.35,1.0,1.0,1.0,1.0,1.0,1.0,1.0
440.40000000000003,1.0,1.0,1.0,1.0,1.0,1.0,1.0
440.45000000000005,1.0,1.0,1.0,1.0,1.0,1.0,1.0
440.5,1.0,1.0,1.0,1.0,1.0,1.0,1.0
440.55,1.0,1.0,1.0,1.0,1.0,1.0,1.0
440.6,1.0,1.0,1.0,1.0,1.0,1.0,1.0
440.65000000000003,1.0,1.0,1.0,1.0,1.0,1.0,1.0
440.70000000000005,1.0,1.0,1.0,1.0,1.0,1.0,1.0
440.75,1.0,1.0,1.0,1.0,1.0,1.0,1.0
440.8,1.0,1.0,1.0,1.0,1.0,1.0,1.0
440.85,1.0,1.0,1.0,1.0,1.0,1.0,1.0
440.90000000000003,1.0,1.0,1.0,1.0,1.0,1.0,1.0
440.95000000000005,1.0,1.0,1.0,1.0,1.0,1.0,1.0
441.0,1.0,1.0,1.0,1.0,1.0,1.0,1.0
441.05,1.0,1.0,1.0,1.0,1.0,1.0,1.0
441.1,1.0,1.0,1.0,1.0,1.0,1.0,1.0
441.15000000000003,1.0,1.0,1.0,1.0,1.0,1.0,1.0
441.20000000000005,1.0,1.0,1.0,1.0,1.0,1.0,1.0
441.25,1.0,1.0,1.0,1.0,1.0,1.0,1.0
441.3,1.0,1.0,1.0,1.0,1.0,1.0,1.0
441.35,1.0,1.0,1.0,1.0,1.0,1.0,1.0
441.40000000000003,1.0,1.0,1.0,1.0,1.0,1.0,1.0
441.45000000000005,1.0,1.0,1.0,1.0,1.0,1.0,1.0
441.5,1.0,1.0,1.0,1.0,1.0,1.0,1.0
441.55,1.0,1.0,1.0,1.0,1.0,1.0,1.0
441.6,1.0,1.0,1.0,1.0,1.0,1.0,1.0
441.65000000000003,1.0,1.0,1.0,1.0,1.0,1.0,1.0
441.70000000000005,1.0,1.0,1.0,1.0,1.0,1.0,1.0
441.75,1.0,1.0,1.0,1.0,1.0,1.0,1.0
441.8,1.0,1.0,1.0,1.0,1.0,1.0,1.0
441.85,1.0,1.0,1.0,1.0,1.0,1.0,1.0
441.90000000000003,1.0,1.0,1.0,1.0,1.0,1.0,1.0
441.95000000000005,1.0,1.0,1.0,1.0,1.0,1.0,1.0
442.0,1.0,1.0,1.0,1.0,1.0,1.0,1.0
442.05,1.0,1.0,1.0,1.0,1.0,1.0,1.0
442.1,1.0,1.0,1.0,1.0,1.0,1.0,1.0
442.15000000000003,1.0,1.0,1.0,1.0,1.0,1.0,1.0
442.20000000000005,1.0,1.0,1.0,1.0,1.0,1.0,1.0
442.25,1.0,1.0,1.0,1.0,1.0,1.0,1.0
442.3,1.0,1.0,1.0,1.0,1.0,1.0,1.0
442.35,1.0,1.0,1.0,1.0,1.0,1.0,1.0
442.40000000000003,1.0,1.0,1.0,1.0,1.0,1.0,1.0
442.45000000000005,1.0,1.0,1.0,1.0,1.0,1.0,1.0
442.5,1.0,1.0,1.0,1.0,1.0,1.0,1.0
442.55,1.0,1.0,1.0,1.0,1.0,1.0,1.0
442.6,1.0,1.0,1.0,1.0,1.0,1.0,1.0
442.65000000000003,1.0,1.0,1.0,1.0,1.0,1.0,1.0
442.70000000000005,1.0,1.0,1.0,1.0,1.0,1.0,1.0
442.75,1.0,1.0,1.0,1.0,1.0,1.0,1.0
442.8,1.0,1.0,1.0,1.0,1.0,1.0,1.0
442.85,1.0,1.0,1.0,1.0,1.0,1.0,1.0
442.90000000000003,1.0,1.0,1.0,1.0,1.0,1.0,1.0
442.95000000000005,1.0,1.0,1.0,1.0,1.0,1.0,1.0
443.0,1.0,1.0,1.0,1.0,1.0,1.0,1.0
443.05,1.0,1.0,1.0,1.0,1.0,1.0,1.0
443.1,1.0,1.0,1.0,1.0,1.0,1.0,1.0
443.15000000000003,1.0,1.0,1.0,1.0,1.0,1.0,1.0
443.20000000000005,1.0,1.0,1.0,1.0,1.0,1.0,1.0
443.25,1.0,1.0,1.0,1.0,1.0,1.0,1.0
443.3,1.0,1.0,1.0,1.0,1.0,1.0,1.0
443.35,1.0,1.0,1.0,1.0,1.0,1.0,1.0
443.40000000000003,1.0,1.0,1.0,1.0,1.0,1.0,1.0
443.45000000000005,1.0,1.0,1.0,1.0,1.0,1.0,1.0
443.5,1.0,1.0,1.0,1.0,1.0,1.0,1.0
443.55,1.0,1.0,1.0,1.0,1.0,1.0,1.0
443.6,1.0,1.0,1.0,1.0,1.0,1.0,1.0
443.65000000000003,1.0,1.0,1.0,1.0,1.0,1.0,1.0
443.70000000000005,1.0,1.0,1.0,1.0,1.0,1.0,1.0
443.75,1.0,1.0,1.0,1.0,1.0,1.0,1.0
443.8,1.0,1.0,1.0,1.0,1.0,1.0,1.0
443.85,1.0,1.0,1.0,1.0,1.0,1.0,1.0
443.90000000000003,1.0,1.0,1.0,1.0,1.0,1.0,1.0
443.95000000000005,1.0,1.0,1.0,1.0,1.0,1.0,1.0
444.0,1.0,1.0,1.0,1.0,1.0,1.0,1.0
444.05,1.0,1.0,1.0,1.0,1.0,1.0,1.0
444.1,1.0,1.0,1.0,1.0,1.0,1.0,1.0
444.15000000000003,1.0,1.0,1.0,1.0,1.0,1.0,1.0
444.20000000000005,1.0,1.0,1.0,1.0,1.0,1.0,1.0
444.25,1.0,1.0,1.0,1.0,1.0,1.0,1.0
444.3,1.0,1.0,1.0,1.0,1.0,1.0,1.0
444.35,1.0,1.0,1.0,1.0,1.0,1.0,1.0
444.40000000000003,1.0,1.0,1.0,1.0,1.0,1.0,1.0
444.45000000000005,1.0,1.0,1.0,1.0,1.0,1.0,1.0
444.5,1.0,1.0,1.0,1.0,1.0,1.0,1.0
444.55,1.0,1.0,1.0,1.0,1.0,1.0,1.0
444.6,1.0,1.0,1.0,1.0,1.0,1.0,1.0
444.65000000000003,1.0,1.0,1.0,1.0,1.0,1.0,1.0
444.70000000000005,1.0,1.0,1.0,1.0,1.0,1.0,1.0
444.75,1.0,1.0,1.0,1.0,1.0,1.0,1.0
444.8,1.0,1.0,1.0,1.0,1.0,1.0,1.0
444.85,1.0,1.0,1.0,1.0,1.0,1.0,1.0
444.90000000000003,1.0,1.0,1.0,1.0,1.0,1.0,1.0
444.95000000000005,1.0,1.0,1.0,1.0,1.0,1.0,1.0
445.0,1.0,1.0,1.0,1.0,1.0,1.0,1.0
445.05,1.0,1.0,1.0,1.0,1.0,1.0,1.0
445.1,1.0,1.0,1.0,1.0,1.0,1.0,1.0
445.15000000000003,1.0,1.0,1.0,1.0,1.0,1.0,1.0
445.20000000000005,1.0,1.0,1.0,1.0,1.0,1.0,1.0
445.25,1.0,1.0,1.0,1.0,1.0,1.0,1.0
445.3,1.0,1.0,1.0,1.0,1.0,1.0,1.0
445.35,1.0,1.0,1.0,1.0,1.0,1.0,1.0
445.40000000000003,1.0,1.0,1.0,1.0,1.0,1.0,1.0
445.45000000000005,1.0,1.0,1.0,1.0,1.0,1.0,1.0
445.5,1.0,1.0,1.0,1.0,1.0,1.0,1.0
445.55,1.0,1.0,1.0,1.0,1.0,1.0,1.0
445.6,1.0,1.0,1.0,1.0,1.0,1.0,1.0
445.65000000000003,1.0,1.0,1.0,1.0,1.0,1.0,1.0
445.70000000000005,1.0,1.0,1.0,1.0,1.0,1.0,1.0
445.75,1.0,1.0,1.0,1.0,1.0,1.0,1.0
445.8,1.0,1.0,1.0,1.0,1.0,1.0,1.0
445.85,1.0,1.0,1.0,1.0,1.0,1.0,1.0
445.90000000000003,1.0,1.0,1.0,1.0,1.0,1.0,1.0
445.95000000000005,1.0,1.0,1.0,1.0,1.0,1.0,1.0
446.0,1.0,1.0,1.0,1.0,1.0,1.0,1.0
446.05,1.0,1.0,1.0,1.0,1.0,1.0,1.0
446.1,1.0,1.0,1.0,1.0,1.0,1.0,1.0
446.15000000000003,1.0,1.0,1.0,1.0,1.0,1.0,1.0
446.20000000000005,1.0,1.0,1.0,1.0,1.0,1.0,1.0
446.25,1.0,1.0,1.0,1.0,1.0,1.0,1.0
446.3,1.0,1.0,1.0,1.0,1.0,1.0,1.0
446.35,1.0,1.0,1.0,1.0,1.0,1.0,1.0
446.40000000000003,1.0,1.0,1.0,1.0,1.0,1.0,1.0
446.45000000000005,1.0,1.0,1.0,1.0,1.0,1.0,1.0
446.5,1.0,1.0,1.0,1.0,1.0,1.0,1.0
446.55,1.0,1.0,1.0,1.0,1.0,1.0,1.0
446.6,1.0,1.0,1.0,1.0,1.0,1.0,1.0
446.65000000000003,1.0,1.0,1.0,1.0,1.0,1.0,1.0
446.70000000000005,1.0,1.0,1.0,1.0,1.0,1.0,1.0
446.75,1.0,1.0,1.0,1.0,1.0,1.0,1.0
446.8,1.0,1.0,1.0,1.0,1.0,1.0,1.0
446.85,1.0,1.0,1.0,1.0,1.0,1.0,1.0
446.90000000000003,1.0,1.0,1.0,1.0,1.0,1.0,1.0
446.95000000000005,1.0,1.0,1.0,1.0,1.0,1.0,1.0
447.0,1.0,1.0,1.0,1.0,1.0,1.0,1.0
447.05,1.0,1.0,1.0,1.0,1.0,1.0,1.0
447.1,1.0,1.0,1.0,1.0,1.0,1.0,1.0
447.15000000000003,1.0,1.0,1.0,1.0,1.0,1.0,1.0
447.20000000000005,1.0,1.0,1.0,1.0,1.0,1.0,1.0
447.25,1.0,1.0,1.0,1.0,1.0,1.0,1.0
447.3,1.0,1.0,1.0,1.0,1.0,1.0,1.0
447.35,1.0,1.0,1.0,1.0,1.0,1.0,1.0
447.40000000000003,1.0,1.0,1.0,1.0,1.0,1.0,1.0
447.45000000000005,1.0,1.0,1.0,1.0,1.0,1.0,1.0
447.5,1.0,1.0,1.0,1.0,1.0,1.0,1.0
447.55,1.0,1.0,1.0,1.0,1.0,1.0,1.0
447.6,1.0,1.0,1.0,1.0,1.0,1.0,1.0
447.65000000000003,1.0,1.0,1.0,1.0,1.0,1.0,1.0
447.70000000000005,1.0,1.0,1.0,1.0,1.0,1.0,1.0
447.75,1.0,1.0,1.0,1.0,1.0,1.0,1.0
447.8,1.0,1.0,1.0,1.0,1.0,1.0,1.0
447.85,1.0,1.0,1.0,1.0,1.0,1.0,1.0
447.90000000000003,1.0,1.0,1.0,1.0,1.0,1.0,1.0
447.95000000000005,1.0,1.0,1.0,1.0,1.0,1.0,1.0
448.0,1.0,1.0,1.0,1.0,1.0,1.0,1.0
448.05,1.0,1.0,1.0,1.0,1.0,1.0,1.0
448.1,1.0,1.0,1.0,1.0,1.0,1.0,1.0
448.15000000000003,1.0,1.0,1.0,1.0,1.0,1.0,1.0
448.20000000000005,1.0,1.0,1.0,1.0,1.0,1.0,1.0
448.25,1.0,1.0,1.0,1.0,1.0,1.0,1.0
448.3,1.0,1.0,1.0,1.0,1.0,1.0,1.0
448.35,1.0,1.0,1.0,1.0,1.0,1.0,1.0
448.40000000000003,1.0,1.0,1.0,1.0,1.0,1.0,1.0
448.45000000000005,1.0,1.0,1.0,1.0,1.0,1.0,1.0
448.5,1.0,1.0,1.0,1.0,1.0,1.0,1.0
448.55,1.0,1.0,1.0,1.0,1.0,1.0,1.0
448.6,1.0,1.0,1.0,1.0,1.0,1.0,1.0
448.65000000000003,1.0,1.0,1.0,1.0,1.0,1.0,1.0
448.70000000000005,1.0,1.0,1.0,1.0,1.0,1.0,1.0
448.75,1.0,1.0,1.0,1.0,1.0,1.0,1.0
448.8,1.0,1.0,1.0,1.0,1.0,1.0,1.0
448.85,1.0,1.0,1.0,1.0,1.0,1.0,1.0
448.90000000000003,1.0,1.0,1.0,1.0,1.0,1.0,1.0
448.95000000000005,1.0,1.0,1.0,1.0,1.0,1.0,1.0
449.0,1.0,1.0,1.0,1.0,1.0,1.0,1.0
449.05,1.0,1.0,1.0,1.0,1.0,1.0,1.0
449.1,1.0,1.0,1.0,1.0,1.0,1.0,1.0
449.15000000000003,1.0,1.0,1.0,1.0,1.0,1.0,1.0
449.20000000000005,1.0,1.0,1.0,1.0,1.0,1.0,1.0
449.25,1.0,1.0,1.0,1.0,1.0,1.0,1.0
449.3,1.0,1.0,1.0,1.0,1.0,1.0,1.0
449.35,1.0,1.0,1.0,1.0,1.0,1.0,1.0
449.40000000000003,1.0,1.0,1.0,1.0,1.0,1.0,1.0
449.45000000000005,1.0,1.0,1.0,1.0,1.0,1.0,1.0
449.5,1.0,1.0,1.0,1.0,1.0,1.0,1.0
449.55,1.0,1.0,1.0,1.0,1.0,1.0,1.0
449.6,1.0,1.0,1.0,1.0,1.0,1.0,1.0
449.65000000000003,1.0,1.0,1.0,1.0,1.0,1.0,1.0
449.70000000000005,1.0,1.0,1.0,1.0,1.0,1.0,1.0
449.75,1.0,1.0,1.0,1.0,1.0,1.0,1.0
449.8,1.0,1.0,1.0,1.0,1.0,1.0,1.0
449.85,1.0,1.0,1.0,1.0,1.0,1.0,1.0
449.90000000000003,1.0,1.0,1.0,1.0,1.0,1.0,1.0
449.95000000000005,1.0,1.0,1.0,1.0,1.0,1.0,1.0
450.0,1.0,1.0,1.0,1.0,1.0,1.0,1.0
450.05,1.0,1.0,1.0,1.0,1.0,1.0,1.0
450.1,1.0,1.0,1.0,1.0,1.0,1.0,1.0
450.15000000000003,1.0,1.0,1.0,1.0,1.0,1.0,1.0
450.20000000000005,1.0,1.0,1.0,1.0,1.0,1.0,1.0
450.25,1.0,1.0,1.0,1.0,1.0,1.0,1.0
450.3,1.0,1.0,1.0,1.0,1.0,1.0,1.0
450.35,1.0,1.0,1.0,1.0,1.0,1.0,1.0
450.40000000000003,1.0,1.0,1.0,1.0,1.0,1.0,1.0
450.45000000000005,1.0,1.0,1.0,1.0,1.0,1.0,1.0
450.5,1.0,1.0,1.0,1.0,1.0,1.0,1.0
450.55,1.0,1.0,1.0,1.0,1.0,1.0,1.0
450.6,1.0,1.0,1.0,1.0,1.0,1.0,1.0
450.65000000000003,1.0,1.0,1.0,1.0,1.0,1.0,1.0
450.70000000000005,1.0,1.0,1.0,1.0,1.0,1.0,1.0
450.75,1.0,1.0,1.0,1.0,1.0,1.0,1.0
450.8,1.0,1.0,1.0,1.0,1.0,1.0,1.0
450.85,1.0,1.0,1.0,1.0,1.0,1.0,1.0
450.90000000000003,1.0,1.0,1.0,1.0,1.0,1.0,1.0
450.95000000000005,1.0,1.0,1.0,1.0,1.0,1.0,1.0
451.0,1.0,1.0,1.0,1.0,1.0,1.0,1.0
451.05,1.0,1.0,1.0,1.0,1.0,1.0,1.0
451.1,1.0,1.0,1.0,1.0,1.0,1.0,1.0
451.15000000000003,1.0,1.0,1.0,1.0,1.0,1.0,1.0
451.20000000000005,1.0,1.0,1.0,1.0,1.0,1.0,1.0
451.25,1.0,1.0,1.0,1.0,1.0,1.0,1.0
451.3,1.0,1.0,1.0,1.0,1.0,1.0,1.0
451.35,1.0,1.0,1.0,1.0,1.0,1.0,1.0
451.40000000000003,1.0,1.0,1.0,1.0,1.0,1.0,1.0
451.45000000000005,1.0,1.0,1.0,1.0,1.0,1.0,1.0
451.5,1.0,1.0,1.0,1.0,1.0,1.0,1.0
451.55,1.0,1.0,1.0,1.0,1.0,1.0,1.0
451.6,1.0,1.0,1.0,1.0,1.0,1.0,1.0
451.65000000000003,1.0,1.0,1.0,1.0,1.0,1.0,1.0
451.70000000000005,1.0,1.0,1.0,1.0,1.0,1.0,1.0
451.75,1.0,1.0,1.0,1.0,1.0,1.0,1.0
451.8,1.0,1.0,1.0,1.0,1.0,1.0,1.0
451.85,1.0,1.0,1.0,1.0,1.0,1.0,1.0
451.90000000000003,1.0,1.0,1.0,1.0,1.0,1.0,1.0
451.95000000000005,1.0,1.0,1.0,1.0,1.0,1.0,1.0
452.0,1.0,1.0,1.0,1.0,1.0,1.0,1.0
452.05,1.0,1.0,1.0,1.0,1.0,1.0,1.0
452.1,1.0,1.0,1.0,1.0,1.0,1.0,1.0
452.15000000000003,1.0,1.0,1.0,1.0,1.0,1.0,1.0
452.20000000000005,1.0,1.0,1.0,1.0,1.0,1.0,1.0
452.25,1.0,1.0,1.0,1.0,1.0,1.0,1.0
452.3,1.0,1.0,1.0,1.0,1.0,1.0,1.0
452.35,1.0,1.0,1.0,1.0,1.0,1.0,1.0
452.40000000000003,1.0,1.0,1.0,1.0,1.0,1.0,1.0
452.45000000000005,1.0,1.0,1.0,1.0,1.0,1.0,1.0
452.5,1.0,1.0,1.0,1.0,1.0,1.0,1.0
452.55,1.0,1.0,1.0,1.0,1.0,1.0,1.0
452.6,1.0,1.0,1.0,1.0,1.0,1.0,1.0
452.65000000000003,1.0,1.0,1.0,1.0,1.0,1.0,1.0
452.70000000000005,1.0,1.0,1.0,1.0,1.0,1.0,1.0
452.75,1.0,1.0,1.0,1.0,1.0,1.0,1.0
452.8,1.0,1.0,1.0,1.0,1.0,1.0,1.0
452.85,1.0,1.0,1.0,1.0,1.0,1.0,1.0
452.90000000000003,1.0,1.0,1.0,1.0,1.0,1.0,1.0
452.95000000000005,1.0,1.0,1.0,1.0,1.0,1.0,1.0
453.0,1.0,1.0,1.0,1.0,1.0,1.0,1.0
453.05,1.0,1.0,1.0,1.0,1.0,1.0,1.0
453.1,1.0,1.0,1.0,1.0,1.0,1.0,1.0
453.15000000000003,1.0,1.0,1.0,1.0,1.0,1.0,1.0
453.20000000000005,1.0,1.0,1.0,1.0,1.0,1.0,1.0
453.25,1.0,1.0,1.0,1.0,1.0,1.0,1.0
453.3,1.0,1.0,1.0,1.0,1.0,1.0,1.0
453.35,1.0,1.0,1.0,1.0,1.0,1.0,1.0
453.40000000000003,1.0,1.0,1.0,1.0,1.0,1.0,1.0
453.45000000000005,1.0,1.0,1.0,1.0,1.0,1.0,1.0
453.5,1.0,1.0,1.0,1.0,1.0,1.0,1.0
453.55,1.0,1.0,1.0,1.0,1.0,1.0,1.0
453.6,1.0,1.0,1.0,1.0,1.0,1.0,1.0
453.65000000000003,1.0,1.0,1.0,1.0,1.0,1.0,1.0
453.70000000000005,1.0,1.0,1.0,1.0,1.0,1.0,1.0
453.75,1.0,1.0,1.0,1.0,1.0,1.0,1.0
453.8,1.0,1.0,1.0,1.0,1.0,1.0,1.0
453.85,1.0,1.0,1.0,1.0,1.0,1.0,1.0
453.90000000000003,1.0,1.0,1.0,1.0,1.0,1.0,1.0
453.95000000000005,1.0,1.0,1.0,1.0,1.0,1.0,1.0
454.0,1.0,1.0,1.0,1.0,1.0,1.0,1.0
454.05,1.0,1.0,1.0,1.0,1.0,1.0,1.0
454.1,1.0,1.0,1.0,1.0,1.0,1.0,1.0
454.15000000000003,1.0,1.0,1.0,1.0,1.0,1.0,1.0
454.20000000000005,1.0,1.0,1.0,1.0,1.0,1.0,1.0
454.25,1.0,1.0,1.0,1.0,1.0,1.0,1.0
454.3,1.0,1.0,1.0,1.0,1.0,1.0,1.0
454.35,1.0,1.0,1.0,1.0,1.0,1.0,1.0
454.40000000000003,1.0,1.0,1.0,1.0,1.0,1.0,1.0
454.45000000000005,1.0,1.0,1.0,1.0,1.0,1.0,1.0
454.5,1.0,1.0,1.0,1.0,1.0,1.0,1.0
454.55,1.0,1.0,1.0,1.0,1.0,1.0,1.0
454.6,1.0,1.0,1.0,1.0,1.0,1.0,1.0
454.65000000000003,1.0,1.0,1.0,1.0,1.0,1.0,1.0
454.70000000000005,1.0,1.0,1.0,1.0,1.0,1.0,1.0
454.75,1.0,1.0,1.0,1.0,1.0,1.0,1.0
454.8,1.0,1.0,1.0,1.0,1.0,1.0,1.0
454.85,1.0,1.0,1.0,1.0,1.0,1.0,1.0
454.90000000000003,1.0,1.0,1.0,1.0,1.0,1.0,1.0
454.95000000000005,1.0,1.0,1.0,1.0,1.0,1.0,1.0
455.0,1.0,1.0,1.0,1.0,1.0,1.0,1.0
455.05,1.0,1.0,1.0,1.0,1.0,1.0,1.0
455.1,1.0,1.0,1.0,1.0,1.0,1.0,1.0
455.15000000000003,1.0,1.0,1.0,1.0,1.0,1.0,1.0
455.20000000000005,1.0,1.0,1.0,1.0,1.0,1.0,1.0
455.25,1.0,1.0,1.0,1.0,1.0,1.0,1.0
455.3,1.0,1.0,1.0,1.0,1.0,1.0,1.0
455.35,1.0,1.0,1.0,1.0,1.0,1.0,1.0
455.40000000000003,1.0,1.0,1.0,1.0,1.0,1.0,1.0
455.45000000000005,1.0,1.0,1.0,1.0,1.0,1.0,1.0
455.5,1.0,1.0,1.0,1.0,1.0,1.0,1.0
455.55,1.0,1.0,1.0,1.0,1.0,1.0,1.0
455.6,1.0,1.0,1.0,1.0,1.0,1.0,1.0
455.65000000000003,1.0,1.0,1.0,1.0,1.0,1.0,1.0
455.70000000000005,1.0,1.0,1.0,1.0,1.0,1.0,1.0
455.75,1.0,1.0,1.0,1.0,1.0,1.0,1.0
455.8,1.0,1.0,1.0,1.0,1.0,1.0,1.0
455.85,1.0,1.0,1.0,1.0,1.0,1.0,1.0
455.90000000000003,1.0,1.0,1.0,1.0,1.0,1.0,1.0
455.95000000000005,1.0,1.0,1.0,1.0,1.0,1.0,1.0
456.0,1.0,1.0,1.0,1.0,1.0,1.0,1.0
456.05,1.0,1.0,1.0,1.0,1.0,1.0,1.0
456.1,1.0,1.0,1.0,1.0,1.0,1.0,1.0
456.15000000000003,1.0,1.0,1.0,1.0,1.0,1.0,1.0
456.20000000000005,1.0,1.0,1.0,1.0,1.0,1.0,1.0
456.25,1.0,1.0,1.0,1.0,1.0,1.0,1.0
456.3,1.0,1.0,1.0,1.0,1.0,1.0,1.0
456.35,1.0,1.0,1.0,1.0,1.0,1.0,1.0
456.40000000000003,1.0,1.0,1.0,1.0,1.0,1.0,1.0
456.45000000000005,1.0,1.0,1.0,1.0,1.0,1.0,1.0
456.5,1.0,1.0,1.0,1.0,1.0,1.0,1.0
456.55,1.0,1.0,1.0,1.0,1.0,1.0,1.0
456.6,1.0,1.0,1.0,1.0,1.0,1.0,1.0
456.65000000000003,1.0,1.0,1.0,1.0,1.0,1.0,1.0
456.70000000000005,1.0,1.0,1.0,1.0,1.0,1.0,1.0
456.75,1.0,1.0,1.0,1.0,1.0,1.0,1.0
456.8,1.0,1.0,1.0,1.0,1.0,1.0,1.0
456.85,1.0,1.0,1.0,1.0,1.0,1.0,1.0
456.90000000000003,1.0,1.0,1.0,1.0,1.0,1.0,1.0
456.95000000000005,1.0,1.0,1.0,1.0,1.0,1.0,1.0
457.0,1.0,1.0,1.0,1.0,1.0,1.0,1.0
457.05,1.0,1.0,1.0,1.0,1.0,1.0,1.0
457.1,1.0,1.0,1.0,1.0,1.0,1.0,1.0
457.15000000000003,1.0,1.0,1.0,1.0,1.0,1.0,1.0
457.20000000000005,1.0,1.0,1.0,1.0,1.0,1.0,1.0
457.25,1.0,1.0,1.0,1.0,1.0,1.0,1.0
457.3,1.0,1.0,1.0,1.0,1.0,1.0,1.0
457.35,1.0,1.0,1.0,1.0,1.0,1.0,1.0
457.40000000000003,1.0,1.0,1.0,1.0,1.0,1.0,1.0
457.45000000000005,1.0,1.0,1.0,1.0,1.0,1.0,1.0
457.5,1.0,1.0,1.0,1.0,1.0,1.0,1.0
457.55,1.0,1.0,1.0,1.0,1.0,1.0,1.0
457.6,1.0,1.0,1.0,1.0,1.0,1.0,1.0
457.65000000000003,1.0,1.0,1.0,1.0,1.0,1.0,1.0
457.70000000000005,1.0,1.0,1.0,1.0,1.0,1.0,1.0
457.75,1.0,1.0,1.0,1.0,1.0,1.0,1.0
457.8,1.0,1.0,1.0,1.0,1.0,1.0,1.0
457.85,1.0,1.0,1.0,1.0,1.0,1.0,1.0
457.90000000000003,1.0,1.0,1.0,1.0,1.0,1.0,1.0
457.95000000000005,1.0,1.0,1.0,1.0,1.0,1.0,1.0
458.0,1.0,1.0,1.0,1.0,1.0,1.0,1.0
458.05,1.0,1.0,1.0,1.0,1.0,1.0,1.0
458.1,1.0,1.0,1.0,1.0,1.0,1.0,1.0
458.15000000000003,1.0,1.0,1.0,1.0,1.0,1.0,1.0
458.20000000000005,1.0,1.0,1.0,1.0,1.0,1.0,1.0
458.25,1.0,1.0,1.0,1.0,1.0,1.0,1.0
458.3,1.0,1.0,1.0,1.0,1.0,1.0,1.0
458.35,1.0,1.0,1.0,1.0,1.0,1.0,1.0
458.40000000000003,1.0,1.0,1.0,1.0,1.0,1.0,1.0
458.45000000000005,1.0,1.0,1.0,1.0,1.0,1.0,1.0
458.5,1.0,1.0,1.0,1.0,1.0,1.0,1.0
458.55,1.0,1.0,1.0,1.0,1.0,1.0,1.0
458.6,1.0,1.0,1.0,1.0,1.0,1.0,1.0
458.65000000000003,1.0,1.0,1.0,1.0,1.0,1.0,1.0
458.70000000000005,1.0,1.0,1.0,1.0,1.0,1.0,1.0
458.75,1.0,1.0,1.0,1.0,1.0,1.0,1.0
458.8,1.0,1.0,1.0,1.0,1.0,1.0,1.0
458.85,1.0,1.0,1.0,1.0,1.0,1.0,1.0
458.90000000000003,1.0,1.0,1.0,1.0,1.0,1.0,1.0
458.95000000000005,1.0,1.0,1.0,1.0,1.0,1.0,1.0
459.0,1.0,1.0,1.0,1.0,1.0,1.0,1.0
459.05,1.0,1.0,1.0,1.0,1.0,1.0,1.0
459.1,1.0,1.0,1.0,1.0,1.0,1.0,1.0
459.15000000000003,1.0,1.0,1.0,1.0,1.0,1.0,1.0
459.20000000000005,1.0,1.0,1.0,1.0,1.0,1.0,1.0
459.25,1.0,1.0,1.0,1.0,1.0,1.0,1.0
459.3,1.0,1.0,1.0,1.0,1.0,1.0,1.0
459.35,1.0,1.0,1.0,1.0,1.0,1.0,1.0
459.40000000000003,1.0,1.0,1.0,1.0,1.0,1.0,1.0
459.45000000000005,1.0,1.0,1.0,1.0,1.0,1.0,1.0
459.5,1.0,1.0,1.0,1.0,1.0,1.0,1.0
459.55,1.0,1.0,1.0,1.0,1.0,1.0,1.0
459.6,1.0,1.0,1.0,1.0,1.0,1.0,1.0
459.65000000000003,1.0,1.0,1.0,1.0,1.0,1.0,1.0
459.70000000000005,1.0,1.0,1.0,1.0,1.0,1.0,1.0
459.75,1.0,1.0,1.0,1.0,1.0,1.0,1.0
459.8,1.0,1.0,1.0,1.0,1.0,1.0,1.0
459.85,1.0,1.0,1.0,1.0,1.0,1.0,1.0
459.90000000000003,1.0,1.0,1.0,1.0,1.0,1.0,1.0
459.95000000000005,1.0,1.0,1.0,1.0,1.0,1.0,1.0
460.0,1.0,1.0,1.0,1.0,1.0,1.0,1.0
460.05,1.0,1.0,1.0,1.0,1.0,1.0,1.0
460.1,1.0,1.0,1.0,1.0,1.0,1.0,1.0
460.15000000000003,1.0,1.0,1.0,1.0,1.0,1.0,1.0
460.20000000000005,1.0,1.0,1.0,1.0,1.0,1.0,1.0
460.25,1.0,1.0,1.0,1.0,1.0,1.0,1.0
460.3,1.0,1.0,1.0,1.0,1.0,1.0,1.0
460.35,1.0,1.0,1.0,1.0,1.0,1.0,1.0
460.40000000000003,1.0,1.0,1.0,1.0,1.0,1.0,1.0
460.45000000000005,1.0,1.0,1.0,1.0,1.0,1.0,1.0
460.5,1.0,1.0,1.0,1.0,1.0,1.0,1.0
460.55,1.0,1.0,1.0,1.0,1.0,1.0,1.0
460.6,1.0,1.0,1.0,1.0,1.0,1.0,1.0
460.65000000000003,1.0,1.0,1.0,1.0,1.0,1.0,1.0
460.70000000000005,1.0,1.0,1.0,1.0,1.0,1.0,1.0
460.75,1.0,1.0,1.0,1.0,1.0,1.0,1.0
460.8,1.0,1.0,1.0,1.0,1.0,1.0,1.0
460.85,1.0,1.0,1.0,1.0,1.0,1.0,1.0
460.90000000000003,1.0,1.0,1.0,1.0,1.0,1.0,1.0
460.95000000000005,1.0,1.0,1.0,1.0,1.0,1.0,1.0
461.0,1.0,1.0,1.0,1.0,1.0,1.0,1.0
461.05,1.0,1.0,1.0,1.0,1.0,1.0,1.0
461.1,1.0,1.0,1.0,1.0,1.0,1.0,1.0
461.15000000000003,1.0,1.0,1.0,1.0,1.0,1.0,1.0
461.20000000000005,1.0,1.0,1.0,1.0,1.0,1.0,1.0
461.25,1.0,1.0,1.0,1.0,1.0,1.0,1.0
461.3,1.0,1.0,1.0,1.0,1.0,1.0,1.0
461.35,1.0,1.0,1.0,1.0,1.0,1.0,1.0
461.40000000000003,1.0,1.0,1.0,1.0,1.0,1.0,1.0
461.45000000000005,1.0,1.0,1.0,1.0,1.0,1.0,1.0
461.5,1.0,1.0,1.0,1.0,1.0,1.0,1.0
461.55,1.0,1.0,1.0,1.0,1.0,1.0,1.0
461.6,1.0,1.0,1.0,1.0,1.0,1.0,1.0
461.65000000000003,1.0,1.0,1.0,1.0,1.0,1.0,1.0
461.70000000000005,1.0,1.0,1.0,1.0,1.0,1.0,1.0
461.75,1.0,1.0,1.0,1.0,1.0,1.0,1.0
461.8,1.0,1.0,1.0,1.0,1.0,1.0,1.0
461.85,1.0,1.0,1.0,1.0,1.0,1.0,1.0
461.90000000000003,1.0,1.0,1.0,1.0,1.0,1.0,1.0
461.95000000000005,1.0,1.0,1.0,1.0,1.0,1.0,1.0
462.0,1.0,1.0,1.0,1.0,1.0,1.0,1.0
462.05,1.0,1.0,1.0,1.0,1.0,1.0,1.0
462.1,1.0,1.0,1.0,1.0,1.0,1.0,1.0
462.15000000000003,1.0,1.0,1.0,1.0,1.0,1.0,1.0
462.20000000000005,1.0,1.0,1.0,1.0,1.0,1.0,1.0
462.25,1.0,1.0,1.0,1.0,1.0,1.0,1.0
462.3,1.0,1.0,1.0,1.0,1.0,1.0,1.0
462.35,1.0,1.0,1.0,1.0,1.0,1.0,1.0
462.40000000000003,1.0,1.0,1.0,1.0,1.0,1.0,1.0
462.45000000000005,1.0,1.0,1.0,1.0,1.0,1.0,1.0
462.5,1.0,1.0,1.0,1.0,1.0,1.0,1.0
462.55,1.0,1.0,1.0,1.0,1.0,1.0,1.0
462.6,1.0,1.0,1.0,1.0,1.0,1.0,1.0
462.65000000000003,1.0,1.0,1.0,1.0,1.0,1.0,1.0
462.70000000000005,1.0,1.0,1.0,1.0,1.0,1.0,1.0
462.75,1.0,1.0,1.0,1.0,1.0,1.0,1.0
462.8,1.0,1.0,1.0,1.0,1.0,1.0,1.0
462.85,1.0,1.0,1.0,1.0,1.0,1.0,1.0
462.90000000000003,1.0,1.0,1.0,1.0,1.0,1.0,1.0
462.95000000000005,1.0,1.0,1.0,1.0,1.0,1.0,1.0
463.0,1.0,1.0,1.0,1.0,1.0,1.0,1.0
463.05,1.0,1.0,1.0,1.0,1.0,1.0,1.0
463.1,1.0,1.0,1.0,1.0,1.0,1.0,1.0
463.15000000000003,1.0,1.0,1.0,1.0,1.0,1.0,1.0
463.20000000000005,1.0,1.0,1.0,1.0,1.0,1.0,1.0
463.25,1.0,1.0,1.0,1.0,1.0,1.0,1.0
463.3,1.0,1.0,1.0,1.0,1.0,1.0,1.0
463.35,1.0,1.0,1.0,1.0,1.0,1.0,1.0
463.40000000000003,1.0,1.0,1.0,1.0,1.0,1.0,1.0
463.45000000000005,1.0,1.0,1.0,1.0,1.0,1.0,1.0
463.5,1.0,1.0,1.0,1.0,1.0,1.0,1.0
463.55,1.0,1.0,1.0,1.0,1.0,1.0,1.0
463.6,1.0,1.0,1.0,1.0,1.0,1.0,1.0
463.65000000000003,1.0,1.0,1.0,1.0,1.0,1.0,1.0
463.70000000000005,1.0,1.0,1.0,1.0,1.0,1.0,1.0
463.75,1.0,1.0,1.0,1.0,1.0,1.0,1.0
463.8,1.0,1.0,1.0,1.0,1.0,1.0,1.0
463.85,1.0,1.0,1.0,1.0,1.0,1.0,1.0
463.90000000000003,1.0,1.0,1.0,1.0,1.0,1.0,1.0
463.95000000000005,1.0,1.0,1.0,1.0,1.0,1.0,1.0
464.0,1.0,1.0,1.0,1.0,1.0,1.0,1.0
464.05,1.0,1.0,1.0,1.0,1.0,1.0,1.0
464.1,1.0,1.0,1.0,1.0,1.0,1.0,1.0
464.15000000000003,1.0,1.0,1.0,1.0,1.0,1.0,1.0
464.20000000000005,1.0,1.0,1.0,1.0,1.0,1.0,1.0
464.25,1.0,1.0,1.0,1.0,1.0,1.0,1.0
464.3,1.0,1.0,1.0,1.0,1.0,1.0,1.0
464.35,1.0,1.0,1.0,1.0,1.0,1.0,1.0
464.40000000000003,1.0,1.0,1.0,1.0,1.0,1.0,1.0
464.45000000000005,1.0,1.0,1.0,1.0,1.0,1.0,1.0
464.5,1.0,1.0,1.0,1.0,1.0,1.0,1.0
464.55,1.0,1.0,1.0,1.0,1.0,1.0,1.0
464.6,1.0,1.0,1.0,1.0,1.0,1.0,1.0
464.65000000000003,1.0,1.0,1.0,1.0,1.0,1.0,1.0
464.70000000000005,1.0,1.0,1.0,1.0,1.0,1.0,1.0
464.75,1.0,1.0,1.0,1.0,1.0,1.0,1.0
464.8,1.0,1.0,1.0,1.0,1.0,1.0,1.0
464.85,1.0,1.0,1.0,1.0,1.0,1.0,1.0
464.90000000000003,1.0,1.0,1.0,1.0,1.0,1.0,1.0
464.95000000000005,1.0,1.0,1.0,1.0,1.0,1.0,1.0
465.0,1.0,1.0,1.0,1.0,1.0,1.0,1.0
465.05,1.0,1.0,1.0,1.0,1.0,1.0,1.0
465.1,1.0,1.0,1.0,1.0,1.0,1.0,1.0
465.15000000000003,1.0,1.0,1.0,1.0,1.0,1.0,1.0
465.20000000000005,1.0,1.0,1.0,1.0,1.0,1.0,1.0
465.25,1.0,1.0,1.0,1.0,1.0,1.0,1.0
465.3,1.0,1.0,1.0,1.0,1.0,1.0,1.0
465.35,1.0,1.0,1.0,1.0,1.0,1.0,1.0
465.40000000000003,1.0,1.0,1.0,1.0,1.0,1.0,1.0
465.45000000000005,1.0,1.0,1.0,1.0,1.0,1.0,1.0
465.5,1.0,1.0,1.0,1.0,1.0,1.0,1.0
465.55,1.0,1.0,1.0,1.0,1.0,1.0,1.0
465.6,1.0,1.0,1.0,1.0,1.0,1.0,1.0
465.65000000000003,1.0,1.0,1.0,1.0,1.0,1.0,1.0
465.70000000000005,1.0,1.0,1.0,1.0,1.0,1.0,1.0
465.75,1.0,1.0,1.0,1.0,1.0,1.0,1.0
465.8,1.0,1.0,1.0,1.0,1.0,1.0,1.0
465.85,1.0,1.0,1.0,1.0,1.0,1.0,1.0
465.90000000000003,1.0,1.0,1.0,1.0,1.0,1.0,1.0
465.95000000000005,1.0,1.0,1.0,1.0,1.0,1.0,1.0
466.0,1.0,1.0,1.0,1.0,1.0,1.0,1.0
466.05,1.0,1.0,1.0,1.0,1.0,1.0,1.0
466.1,1.0,1.0,1.0,1.0,1.0,1.0,1.0
466.15000000000003,1.0,1.0,1.0,1.0,1.0,1.0,1.0
466.20000000000005,1.0,1.0,1.0,1.0,1.0,1.0,1.0
466.25,1.0,1.0,1.0,1.0,1.0,1.0,1.0
466.3,1.0,1.0,1.0,1.0,1.0,1.0,1.0
466.35,1.0,1.0,1.0,1.0,1.0,1.0,1.0
466.40000000000003,1.0,1.0,1.0,1.0,1.0,1.0,1.0
466.45000000000005,1.0,1.0,1.0,1.0,1.0,1.0,1.0
466.5,1.0,1.0,1.0,1.0,1.0,1.0,1.0
466.55,1.0,1.0,1.0,1.0,1.0,1.0,1.0
466.6,1.0,1.0,1.0,1.0,1.0,1.0,1.0
466.65000000000003,1.0,1.0,1.0,1.0,1.0,1.0,1.0
466.70000000000005,1.0,1.0,1.0,1.0,1.0,1.0,1.0
466.75,1.0,1.0,1.0,1.0,1.0,1.0,1.0
466.8,1.0,1.0,1.0,1.0,1.0,1.0,1.0
466.85,1.0,1.0,1.0,1.0,1.0,1.0,1.0
466.90000000000003,1.0,1.0,1.0,1.0,1.0,1.0,1.0
466.95000000000005,1.0,1.0,1.0,1.0,1.0,1.0,1.0
467.0,1.0,1.0,1.0,1.0,1.0,1.0,1.0
467.05,1.0,1.0,1.0,1.0,1.0,1.0,1.0
467.1,1.0,1.0,1.0,1.0,1.0,1.0,1.0
467.15000000000003,1.0,1.0,1.0,1.0,1.0,1.0,1.0
467.20000000000005,1.0,1.0,1.0,1.0,1.0,1.0,1.0
467.25,1.0,1.0,1.0,1.0,1.0,1.0,1.0
467.3,1.0,1.0,1.0,1.0,1.0,1.0,1.0
467.35,1.0,1.0,1.0,1.0,1.0,1.0,1.0
467.40000000000003,1.0,1.0,1.0,1.0,1.0,1.0,1.0
467.45000000000005,1.0,1.0,1.0,1.0,1.0,1.0,1.0
467.5,1.0,1.0,1.0,1.0,1.0,1.0,1.0
467.55,1.0,1.0,1.0,1.0,1.0,1.0,1.0
467.6,1.0,1.0,1.0,1.0,1.0,1.0,1.0
467.65000000000003,1.0,1.0,1.0,1.0,1.0,1.0,1.0
467.70000000000005,1.0,1.0,1.0,1.0,1.0,1.0,1.0
467.75,1.0,1.0,1.0,1.0,1.0,1.0,1.0
467.8,1.0,1.0,1.0,1.0,1.0,1.0,1.0
467.85,1.0,1.0,1.0,1.0,1.0,1.0,1.0
467.90000000000003,1.0,1.0,1.0,1.0,1.0,1.0,1.0
467.95000000000005,1.0,1.0,1.0,1.0,1.0,1.0,1.0
468.0,1.0,1.0,1.0,1.0,1.0,1.0,1.0
468.05,1.0,1.0,1.0,1.0,1.0,1.0,1.0
468.1,1.0,1.0,1.0,1.0,1.0,1.0,1.0
468.15000000000003,1.0,1.0,1.0,1.0,1.0,1.0,1.0
468.20000000000005,1.0,1.0,1.0,1.0,1.0,1.0,1.0
468.25,1.0,1.0,1.0,1.0,1.0,1.0,1.0
468.3,1.0,1.0,1.0,1.0,1.0,1.0,1.0
468.35,1.0,1.0,1.0,1.0,1.0,1.0,1.0
468.40000000000003,1.0,1.0,1.0,1.0,1.0,1.0,1.0
468.45000000000005,1.0,1.0,1.0,1.0,1.0,1.0,1.0
468.5,1.0,1.0,1.0,1.0,1.0,1.0,1.0
468.55,1.0,1.0,1.0,1.0,1.0,1.0,1.0
468.6,1.0,1.0,1.0,1.0,1.0,1.0,1.0
468.65000000000003,1.0,1.0,1.0,1.0,1.0,1.0,1.0
468.70000000000005,1.0,1.0,1.0,1.0,1.0,1.0,1.0
468.75,1.0,1.0,1.0,1.0,1.0,1.0,1.0
468.8,1.0,1.0,1.0,1.0,1.0,1.0,1.0
468.85,1.0,1.0,1.0,1.0,1.0,1.0,1.0
468.90000000000003,1.0,1.0,1.0,1.0,1.0,1.0,1.0
468.95000000000005,1.0,1.0,1.0,1.0,1.0,1.0,1.0
469.0,1.0,1.0,1.0,1.0,1.0,1.0,1.0
469.05,1.0,1.0,1.0,1.0,1.0,1.0,1.0
469.1,1.0,1.0,1.0,1.0,1.0,1.0,1.0
469.15000000000003,1.0,1.0,1.0,1.0,1.0,1.0,1.0
469.20000000000005,1.0,1.0,1.0,1.0,1.0,1.0,1.0
469.25,1.0,1.0,1.0,1.0,1.0,1.0,1.0
469.3,1.0,1.0,1.0,1.0,1.0,1.0,1.0
469.35,1.0,1.0,1.0,1.0,1.0,1.0,1.0
469.40000000000003,1.0,1.0,1.0,1.0,1.0,1.0,1.0
469.45000000000005,1.0,1.0,1.0,1.0,1.0,1.0,1.0
469.5,1.0,1.0,1.0,1.0,1.0,1.0,1.0
469.55,1.0,1.0,1.0,1.0,1.0,1.0,1.0
469.6,1.0,1.0,1.0,1.0,1.0,1.0,1.0
469.65000000000003,1.0,1.0,1.0,1.0,1.0,1.0,1.0
469.70000000000005,1.0,1.0,1.0,1.0,1.0,1.0,1.0
469.75,1.0,1.0,1.0,1.0,1.0,1.0,1.0
469.8,1.0,1.0,1.0,1.0,1.0,1.0,1.0
469.85,1.0,1.0,1.0,1.0,1.0,1.0,1.0
469.90000000000003,1.0,1.0,1.0,1.0,1.0,1.0,1.0
469.95000000000005,1.0,1.0,1.0,1.0,1.0,1.0,1.0
470.0,1.0,1.0,1.0,1.0,1.0,1.0,1.0
470.05,1.0,1.0,1.0,1.0,1.0,1.0,1.0
470.1,1.0,1.0,1.0,1.0,1.0,1.0,1.0
470.15000000000003,1.0,1.0,1.0,1.0,1.0,1.0,1.0
470.20000000000005,1.0,1.0,1.0,1.0,1.0,1.0,1.0
470.25,1.0,1.0,1.0,1.0,1.0,1.0,1.0
470.3,1.0,1.0,1.0,1.0,1.0,1.0,1.0
470.35,1.0,1.0,1.0,1.0,1.0,1.0,1.0
470.40000000000003,1.0,1.0,1.0,1.0,1.0,1.0,1.0
470.45000000000005,1.0,1.0,1.0,1.0,1.0,1.0,1.0
470.5,1.0,1.0,1.0,1.0,1.0,1.0,1.0
470.55,1.0,1.0,1.0,1.0,1.0,1.0,1.0
470.6,1.0,1.0,1.0,1.0,1.0,1.0,1.0
470.65000000000003,1.0,1.0,1.0,1.0,1.0,1.0,1.0
470.70000000000005,1.0,1.0,1.0,1.0,1.0,1.0,1.0
470.75,1.0,1.0,1.0,1.0,1.0,1.0,1.0
470.8,1.0,1.0,1.0,1.0,1.0,1.0,1.0
470.85,1.0,1.0,1.0,1.0,1.0,1.0,1.0
470.90000000000003,1.0,1.0,1.0,1.0,1.0,1.0,1.0
470.95000000000005,1.0,1.0,1.0,1.0,1.0,1.0,1.0
471.0,1.0,1.0,1.0,1.0,1.0,1.0,1.0
471.05,1.0,1.0,1.0,1.0,1.0,1.0,1.0
471.1,1.0,1.0,1.0,1.0,1.0,1.0,1.0
471.15000000000003,1.0,1.0,1.0,1.0,1.0,1.0,1.0
471.20000000000005,1.0,1.0,1.0,1.0,1.0,1.0,1.0
471.25,1.0,1.0,1.0,1.0,1.0,1.0,1.0
471.3,1.0,1.0,1.0,1.0,1.0,1.0,1.0
471.35,1.0,1.0,1.0,1.0,1.0,1.0,1.0
471.40000000000003,1.0,1.0,1.0,1.0,1.0,1.0,1.0
471.45000000000005,1.0,1.0,1.0,1.0,1.0,1.0,1.0
471.5,1.0,1.0,1.0,1.0,1.0,1.0,1.0
471.55,1.0,1.0,1.0,1.0,1.0,1.0,1.0
471.6,1.0,1.0,1.0,1.0,1.0,1.0,1.0
471.65000000000003,1.0,1.0,1.0,1.0,1.0,1.0,1.0
471.70000000000005,1.0,1.0,1.0,1.0,1.0,1.0,1.0
471.75,1.0,1.0,1.0,1.0,1.0,1.0,1.0
471.8,1.0,1.0,1.0,1.0,1.0,1.0,1.0
471.85,1.0,1.0,1.0,1.0,1.0,1.0,1.0
471.90000000000003,1.0,1.0,1.0,1.0,1.0,1.0,1.0
471.95000000000005,1.0,1.0,1.0,1.0,1.0,1.0,1.0
472.0,1.0,1.0,1.0,1.0,1.0,1.0,1.0
472.05,1.0,1.0,1.0,1.0,1.0,1.0,1.0
472.1,1.0,1.0,1.0,1.0,1.0,1.0,1.0
472.15000000000003,1.0,1.0,1.0,1.0,1.0,1.0,1.0
472.20000000000005,1.0,1.0,1.0,1.0,1.0,1.0,1.0
472.25,1.0,1.0,1.0,1.0,1.0,1.0,1.0
472.3,1.0,1.0,1.0,1.0,1.0,1.0,1.0
472.35,1.0,1.0,1.0,1.0,1.0,1.0,1.0
472.40000000000003,1.0,1.0,1.0,1.0,1.0,1.0,1.0
472.45000000000005,1.0,1.0,1.0,1.0,1.0,1.0,1.0
472.5,1.0,1.0,1.0,1.0,1.0,1.0,1.0
472.55,1.0,1.0,1.0,1.0,1.0,1.0,1.0
472.6,1.0,1.0,1.0,1.0,1.0,1.0,1.0
472.65000000000003,1.0,1.0,1.0,1.0,1.0,1.0,1.0
472.70000000000005,1.0,1.0,1.0,1.0,1.0,1.0,1.0
472.75,1.0,1.0,1.0,1.0,1.0,1.0,1.0
472.8,1.0,1.0,1.0,1.0,1.0,1.0,1.0
472.85,1.0,1.0,1.0,1.0,1.0,1.0,1.0
472.90000000000003,1.0,1.0,1.0,1.0,1.0,1.0,1.0
472.95000000000005,1.0,1.0,1.0,1.0,1.0,1.0,1.0
473.0,1.0,1.0,1.0,1.0,1.0,1.0,1.0
473.05,1.0,1.0,1.0,1.0,1.0,1.0,1.0
473.1,1.0,1.0,1.0,1.0,1.0,1.0,1.0
473.15000000000003,1.0,1.0,1.0,1.0,1.0,1.0,1.0
473.20000000000005,1.0,1.0,1.0,1.0,1.0,1.0,1.0
473.25,1.0,1.0,1.0,1.0,1.0,1.0,1.0
473.3,1.0,1.0,1.0,1.0,1.0,1.0,1.0
473.35,1.0,1.0,1.0,1.0,1.0,1.0,1.0
473.40000000000003,1.0,1.0,1.0,1.0,1.0,1.0,1.0
473.45000000000005,1.0,1.0,1.0,1.0,1.0,1.0,1.0
473.5,1.0,1.0,1.0,1.0,1.0,1.0,1.0
473.55,1.0,1.0,1.0,1.0,1.0,1.0,1.0
473.6,1.0,1.0,1.0,1.0,1.0,1.0,1.0
473.65000000000003,1.0,1.0,1.0,1.0,1.0,1.0,1.0
473.70000000000005,1.0,1.0,1.0,1.0,1.0,1.0,1.0
473.75,1.0,1.0,1.0,1.0,1.0,1.0,1.0
473.8,1.0,1.0,1.0,1.0,1.0,1.0,1.0
473.85,1.0,1.0,1.0,1.0,1.0,1.0,1.0
473.90000000000003,1.0,1.0,1.0,1.0,1.0,1.0,1.0
473.95000000000005,1.0,1.0,1.0,1.0,1.0,1.0,1.0
474.0,1.0,1.0,1.0,1.0,1.0,1.0,1.0
474.05,1.0,1.0,1.0,1.0,1.0,1.0,1.0
474.1,1.0,1.0,1.0,1.0,1.0,1.0,1.0
474.15000000000003,1.0,1.0,1.0,1.0,1.0,1.0,1.0
474.20000000000005,1.0,1.0,1.0,1.0,1.0,1.0,1.0
474.25,1.0,1.0,1.0,1.0,1.0,1.0,1.0
474.3,1.0,1.0,1.0,1.0,1.0,1.0,1.0
474.35,1.0,1.0,1.0,1.0,1.0,1.0,1.0
474.40000000000003,1.0,1.0,1.0,1.0,1.0,1.0,1.0
474.45000000000005,1.0,1.0,1.0,1.0,1.0,1.0,1.0
474.5,1.0,1.0,1.0,1.0,1.0,1.0,1.0
474.55,1.0,1.0,1.0,1.0,1.0,1.0,1.0
474.6,1.0,1.0,1.0,1.0,1.0,1.0,1.0
474.65000000000003,1.0,1.0,1.0,1.0,1.0,1.0,1.0
474.70000000000005,1.0,1.0,1.0,1.0,1.0,1.0,1.0
474.75,1.0,1.0,1.0,1.0,1.0,1.0,1.0
474.8,1.0,1.0,1.0,1.0,1.0,1.0,1.0
474.85,1.0,1.0,1.0,1.0,1.0,1.0,1.0
474.90000000000003,1.0,1.0,1.0,1.0,1.0,1.0,1.0
474.95000000000005,1.0,1.0,1.0,1.0,1.0,1.0,1.0
475.0,1.0,1.0,1.0,1.0,1.0,1.0,1.0
475.05,1.0,1.0,1.0,1.0,1.0,1.0,1.0
475.1,1.0,1.0,1.0,1.0,1.0,1.0,1.0
475.15000000000003,1.0,1.0,1.0,1.0,1.0,1.0,1.0
475.20000000000005,1.0,1.0,1.0,1.0,1.0,1.0,1.0
475.25,1.0,1.0,1.0,1.0,1.0,1.0,1.0
475.3,1.0,1.0,1.0,1.0,1.0,1.0,1.0
475.35,1.0,1.0,1.0,1.0,1.0,1.0,1.0
475.40000000000003,1.0,1.0,1.0,1.0,1.0,1.0,1.0
475.45000000000005,1.0,1.0,1.0,1.0,1.0,1.0,1.0
475.5,1.0,1.0,1.0,1.0,1.0,1.0,1.0
475.55,1.0,1.0,1.0,1.0,1.0,1.0,1.0
475.6,1.0,1.0,1.0,1.0,1.0,1.0,1.0
475.65000000000003,1.0,1.0,1.0,1.0,1.0,1.0,1.0
475.70000000000005,1.0,1.0,1.0,1.0,1.0,1.0,1.0
475.75,1.0,1.0,1.0,1.0,1.0,1.0,1.0
475.8,1.0,1.0,1.0,1.0,1.0,1.0,1.0
475.85,1.0,1.0,1.0,1.0,1.0,1.0,1.0
475.90000000000003,1.0,1.0,1.0,1.0,1.0,1.0,1.0
475.95000000000005,1.0,1.0,1.0,1.0,1.0,1.0,1.0
476.0,1.0,1.0,1.0,1.0,1.0,1.0,1.0
476.05,1.0,1.0,1.0,1.0,1.0,1.0,1.0
476.1,1.0,1.0,1.0,1.0,1.0,1.0,1.0
476.15000000000003,1.0,1.0,1.0,1.0,1.0,1.0,1.0
476.20000000000005,1.0,1.0,1.0,1.0,1.0,1.0,1.0
476.25,1.0,1.0,1.0,1.0,1.0,1.0,1.0
476.3,1.0,1.0,1.0,1.0,1.0,1.0,1.0
476.35,1.0,1.0,1.0,1.0,1.0,1.0,1.0
476.40000000000003,1.0,1.0,1.0,1.0,1.0,1.0,1.0
476.45000000000005,1.0,1.0,1.0,1.0,1.0,1.0,1.0
476.5,1.0,1.0,1.0,1.0,1.0,1.0,1.0
476.55,1.0,1.0,1.0,1.0,1.0,1.0,1.0
476.6,1.0,1.0,1.0,1.0,1.0,1.0,1.0
476.65000000000003,1.0,1.0,1.0,1.0,1.0,1.0,1.0
476.70000000000005,1.0,1.0,1.0,1.0,1.0,1.0,1.0
476.75,1.0,1.0,1.0,1.0,1.0,1.0,1.0
476.8,1.0,1.0,1.0,1.0,1.0,1.0,1.0
476.85,1.0,1.0,1.0,1.0,1.0,1.0,1.0
476.90000000000003,1.0,1.0,1.0,1.0,1.0,1.0,1.0
476.95000000000005,1.0,1.0,1.0,1.0,1.0,1.0,1.0
477.0,1.0,1.0,1.0,1.0,1.0,1.0,1.0
477.05,1.0,1.0,1.0,1.0,1.0,1.0,1.0
477.1,1.0,1.0,1.0,1.0,1.0,1.0,1.0
477.15000000000003,1.0,1.0,1.0,1.0,1.0,1.0,1.0
477.20000000000005,1.0,1.0,1.0,1.0,1.0,1.0,1.0
477.25,1.0,1.0,1.0,1.0,1.0,1.0,1.0
477.3,1.0,1.0,1.0,1.0,1.0,1.0,1.0
477.35,1.0,1.0,1.0,1.0,1.0,1.0,1.0
477.40000000000003,1.0,1.0,1.0,1.0,1.0,1.0,1.0
477.45000000000005,1.0,1.0,1.0,1.0,1.0,1.0,1.0
477.5,1.0,1.0,1.0,1.0,1.0,1.0,1.0
477.55,1.0,1.0,1.0,1.0,1.0,1.0,1.0
477.6,1.0,1.0,1.0,1.0,1.0,1.0,1.0
477.65000000000003,1.0,1.0,1.0,1.0,1.0,1.0,1.0
477.70000000000005,1.0,1.0,1.0,1.0,1.0,1.0,1.0
477.75,1.0,1.0,1.0,1.0,1.0,1.0,1.0
477.8,1.0,1.0,1.0,1.0,1.0,1.0,1.0
477.85,1.0,1.0,1.0,1.0,1.0,1.0,1.0
477.90000000000003,1.0,1.0,1.0,1.0,1.0,1.0,1.0
477.95000000000005,1.0,1.0,1.0,1.0,1.0,1.0,1.0
478.0,1.0,1.0,1.0,1.0,1.0,1.0,1.0
478.05,1.0,1.0,1.0,1.0,1.0,1.0,1.0
478.1,1.0,1.0,1.0,1.0,1.0,1.0,1.0
478.15000000000003,1.0,1.0,1.0,1.0,1.0,1.0,1.0
478.20000000000005,1.0,1.0,1.0,1.0,1.0,1.0,1.0
478.25,1.0,1.0,1.0,1.0,1.0,1.0,1.0
478.3,1.0,1.0,1.0,1.0,1.0,1.0,1.0
478.35,1.0,1.0,1.0,1.0,1.0,1.0,1.0
478.40000000000003,1.0,1.0,1.0,1.0,1.0,1.0,1.0
478.45000000000005,1.0,1.0,1.0,1.0,1.0,1.0,1.0
478.5,1.0,1.0,1.0,1.0,1.0,1.0,1.0
478.55,1.0,1.0,1.0,1.0,1.0,1.0,1.0
478.6,1.0,1.0,1.0,1.0,1.0,1.0,1.0
478.65000000000003,1.0,1.0,1.0,1.0,1.0,1.0,1.0
478.70000000000005,1.0,1.0,1.0,1.0,1.0,1.0,1.0
478.75,1.0,1.0,1.0,1.0,1.0,1.0,1.0
478.8,1.0,1.0,1.0,1.0,1.0,1.0,1.0
478.85,1.0,1.0,1.0,1.0,1.0,1.0,1.0
478.90000000000003,1.0,1.0,1.0,1.0,1.0,1.0,1.0
478.95000000000005,1.0,1.0,1.0,1.0,1.0,1.0,1.0
479.0,1.0,1.0,1.0,1.0,1.0,1.0,1.0
479.05,1.0,1.0,1.0,1.0,1.0,1.0,1.0
479.1,1.0,1.0,1.0,1.0,1.0,1.0,1.0
479.15000000000003,1.0,1.0,1.0,1.0,1.0,1.0,1.0
479.20000000000005,1.0,1.0,1.0,1.0,1.0,1.0,1.0
479.25,1.0,1.0,1.0,1.0,1.0,1.0,1.0
479.3,1.0,1.0,1.0,1.0,1.0,1.0,1.0
479.35,1.0,1.0,1.0,1.0,1.0,1.0,1.0
479.40000000000003,1.0,1.0,1.0,1.0,1.0,1.0,1.0
479.45000000000005,1.0,1.0,1.0,1.0,1.0,1.0,1.0
479.5,1.0,1.0,1.0,1.0,1.0,1.0,1.0
479.55,1.0,1.0,1.0,1.0,1.0,1.0,1.0
479.6,1.0,1.0,1.0,1.0,1.0,1.0,1.0
479.65000000000003,1.0,1.0,1.0,1.0,1.0,1.0,1.0
479.70000000000005,1.0,1.0,1.0,1.0,1.0,1.0,1.0
479.75,1.0,1.0,1.0,1.0,1.0,1.0,1.0
479.8,1.0,1.0,1.0,1.0,1.0,1.0,1.0
479.85,1.0,1.0,1.0,1.0,1.0,1.0,1.0
479.90000000000003,1.0,1.0,1.0,1.0,1.0,1.0,1.0
479.95000000000005,1.0,1.0,1.0,1.0,1.0,1.0,1.0
480.0,1.0,1.0,1.0,1.0,1.0,1.0,1.0
