time_hr,centrality-first,impact-first,betweenness-first,degree-first,closeness-first,hospital-first,random
0.0,0.5386042280562674,0.5386042280562674,0.5386042280562674,0.5386042280562674,0.5386042280562674,0.5386042280562674,0.5386042280562674
0.05,0.5390278114352313,0.5390305866233858,0.5390304260857001,0.5390470724484888,0.5390304260857001,0.5390305866233858,0.539027971972917
0.1,0.5395401650737404,0.5396079103990409,0.5395854511487472,0.5395859332274875,0.5395852351650696,0.5396079103990409,0.5395626085896276
0.15000000000000002,0.5401608998727718,0.5403038029177133,0.540257743895042,0.5402569226312084,0.5402638786587602,0.5403222855353534,0.540202857541569
0.2,0.5409302943538343,0.5411588400672627,0.5410746730905014,0.5410805726767152,0.5410859350420392,0.5412119802422551,0.5409723912908241
0.25,0.5418718836713958,0.5422090098279746,0.5420613190687555,0.5421023781050127,0.5420819422337747,0.5422943700459362,0.5418956890841101
0.30000000000000004,0.5430138780184578,0.5434830164400198,0.5432580738670942,0.54333270671639,0.5432905318862724,0.5435926811263188,0.542991872162071
0.35000000000000003,0.5443672710908962,0.5449919402393529,0.5446777779352904,0.5447778366053548,0.5447299198574529,0.5451254151287217,0.5443346789571792
0.4,0.5459661671497074,0.5467573893899385,0.5463937316734496,0.5464634102059105,0.5464505363391903,0.5469236653760048,0.5459407618026524
0.45,0.5478636069906511,0.5488022161956283,0.5484001055253458,0.5484753921786841,0.5484621305475942,0.5490175234487022,0.5478077044182037
0.5,0.5500594574121382,0.5511511520878819,0.5507093489831725,0.5507840729028178,0.5507686617100437,0.5513968246493051,0.5499608751587831
0.55,0.5525450656217531,0.5538103788331648,0.5533073738874812,0.5533772076402467,0.5533686506799964,0.5540860158041636,0.552409859647444
0.6000000000000001,0.5553216186771459,0.5567719619593261,0.5562045107829301,0.5562582940556381,0.5562631835652558,0.5570766817860419,0.555138817577713
0.65,0.5584107017787943,0.5600391840927664,0.5594233736506979,0.5594479764287341,0.5594549624946423,0.5603695470536434,0.558168450157686
0.7000000000000001,0.5618050096470203,0.5636259615739501,0.5629403026075963,0.5629520262394183,0.5629617114051989,0.5639880068208033,0.5614943763162399
0.75,0.5654896884331613,0.5675093300426406,0.5667470635239027,0.5667503398613188,0.5667633148302584,0.567904933998856,0.5651006868055026
0.8,0.5694506606370487,0.5716710953360717,0.5708328690289961,0.5708242123793885,0.5708429215268349,0.5720998142823686,0.5689762921379771
0.8500000000000001,0.5736713761024956,0.5760901295273972,0.5751794420660181,0.5751535761236624,0.5751813191768087,0.5765499025894452,0.5731047585494434
0.9,0.5781297367562238,0.5807406445857795,0.5797602342371562,0.5797138080830251,0.5797518914118209,0.5812285621826868,0.5774621633585832
0.9500000000000001,0.5827984003784543,0.5855915600642458,0.5845453279534525,0.5844750510819017,0.5845247332449532,0.586103889383516,0.582021532601534
1.0,0.5876452525714443,0.5906071080367674,0.5895000039891611,0.5894027864734762,0.5894652291621233,0.5911393601700063,0.5867513260968629
1.05,0.5926340789645321,0.5957476603199989,0.5945855134104512,0.5944586072685926,0.5945348365119132,0.5962946921776647,0.59161611504952
1.1,0.5977253945586045,0.6009706919983591,0.5997599986689403,0.5996011475961271,0.5996920035352482,0.6015268388210937,0.5965773879848961
1.1500000000000001,0.602877418653541,0.6062318897973334,0.6049795676363771,0.6047871354629483,0.6048932437007505,0.606791130800407,0.6015945084845067
1.2000000000000002,0.6080470381483609,0.6114862194241065,0.6101993426436465,0.6099724383326397,0.6100941755182059,0.612042358974495,0.6066256539047169
1.25,0.6131909715673565,0.6166891728491175,0.615374702049122,0.6151132702068524,0.6152507455241353,0.6172360401802425,0.6116289356468894
1.3,0.6182667705646185,0.6217978207170894,0.6204623424534661,0.6201672220188476,0.6203202713604636,0.6223294609659498,0.6165635775179639
1.35,0.623233880641855,0.6267718782421249,0.6254213760203866,0.6250943171711811,0.6252625087153029,0.6272827483295406,0.6214076343726772
1.4000000000000001,0.6280545839480044,0.6315746324513816,0.6302142874570426,0.629857941801246,0.6300405854695257,0.632059767892788,0.6261111854400401
1.4500000000000002,0.6326947997685199,0.636173682863057,0.634807730428653,0.6344329093480855,0.634621764696202,0.6366288421011222,0.6306420602723953
1.5,0.6371247603618373,0.6405415214024236,0.6391731654727837,0.638786130530614,0.6389780507982695,0.6409633001787247,0.6349722992676817
1.55,0.6413196339382214,0.6446559565543686,0.6432873360088506,0.642894937534763,0.643086638721783,0.6450419763302132,0.6390786428893551
1.6,0.6452622617873351,0.6485003931800519,0.6471375613962621,0.646742088478082,0.6469301080424072,0.6488491635594275,0.6429427518402776
1.6500000000000001,0.6489411972562051,0.6520636390249182,0.650710376109322,0.650315903849691,0.6504964947480726,0.6523744438314407,0.6465513625858499
1.7000000000000002,0.6523431518924092,0.6553397878782421,0.6539971378340923,0.653609943175153,0.6537791367170949,0.6556128104827499,0.6498961923485428
1.75,0.6554641755725541,0.6583278971001152,0.6569965748398878,0.6566227147386058,0.6567822398178814,0.65856418485183,0.652973729508716
1.8,0.6583050937018535,0.6610318396826471,0.6597120068442173,0.6593572937894304,0.6595069206220562,0.6612329655232398,0.655784926171663
1.85,0.6608710158256006,0.6634591839642979,0.6621510587091178,0.6618207402682634,0.6619582175104278,0.6636274371208586,0.6583346905732135
1.9000000000000001,0.6631708214731412,0.6656210721681601,0.664324947235077,0.6640235579608612,0.6641471472030387,0.6657593557233805,0.6606377298307445
1.9500000000000002,0.6652165337302189,0.6675314298737092,0.6662477896977673,0.6659790416941775,0.6660872051032893,0.6676427819909865,0.6627064604781822
2.0,0.6670227252588417,0.6692063167811916,0.6679359623279977,0.6677026662694644,0.6677942807300561,0.6692939338010313,0.6645497522002367
2.0500000000000003,0.6686058752704345,0.6706633031209571,0.6694074233835476,0.6692114073368286,0.6692858451945313,0.670730416668901,0.666183210197516
2.1,0.669983760613948,0.6719208564914789,0.6706810926622179,0.670523195371231,0.6705803209585097,0.6719706201549973,0.6676237486190482
2.15,0.6711772100664706,0.6729978567369627,0.6717786022997636,0.671658712143305,0.6716965776845849,0.6730332597224767,0.6688889702093386
2.2,0.6722029935061447,0.673913074425706,0.6727172082135018,0.6726343208422136,0.6726533954655692,0.6739368704380242,0.6699958891491796
2.25,0.6730795645483381,0.6746848001920864,0.6735155507613428,0.6734678650282777,0.6734690683499812,0.6746994621293386,0.6709615797595413
2.3000000000000003,0.6738247226792577,0.6753305129831894,0.6741913602493355,0.6741763900786191,0.6741610602375112,0.6753382013110887,0.6718024361494768
2.35,0.6744553157268015,0.675866642422597,0.674761199601544,0.6747759033011611,0.6747457476292738,0.6758691975276698,0.6725339126726808
2.4000000000000004,0.6749870008754735,0.6763083860951282,0.6752402726235682,0.6752811866664985,0.6752382208115187,0.6763073346028168,0.673170319035705
2.45,0.6754341057699726,0.6766696027269026,0.675642314740318,0.6757057035669756,0.6756521758755314,0.6766661737158755,0.6737246875327482
2.5,0.6758095171650064,0.6769627559361622,0.675979546211172,0.6760615329747381,0.6759998454640499,0.676957907819856,0.6742087019925029
2.5500000000000003,0.6761246538685376,0.6771988983185525,0.6762626680238528,0.6763593603907034,0.6762919871210673,0.6771933512929942,0.6746326679159074
2.6,0.6763895179585863,0.6773877453881536,0.6765009535700416,0.6766085628060096,0.6765379626005688,0.6773820182337814,0.6750055878758995
2.6500000000000004,0.676612697130691,0.6775376810690477,0.676702270939837,0.6768172114300015,0.6767457437217368,0.6775321257991211,0.6753351495742943
2.7,0.6768015225530113,0.6776559137048774,0.6768732707399743,0.6769922400245285,0.6769220921189449,0.6776507504585172,0.6756279006703813
2.75,0.6769621121399325,0.6777485189781549,0.6770194411928805,0.6771394801122991,0.6770725996819603,0.6777438654644115,0.675889281482589
2.8000000000000003,0.6770995515744688,0.6778205996015203,0.6771452986122825,0.6772638354944798,0.6772018804973465,0.6778165005462585,0.6761238000361374
2.85,0.6772179975119113,0.6778763800525549,0.6772544942825727,0.6773693697831684,0.6773136697242865,0.6778728300710817,0.6763351326918539
2.9000000000000004,0.6773207914969064,0.6779193045317329,0.6773499354960055,0.6774594038584655,0.6774109421132419,0.6779162664242199,0.6765262298013992
2.95,0.6774106269542091,0.6779521849906663,0.6774339431896087,0.6775366692263629,0.677496076207142,0.6779496023336716,0.6766994769174508
3.0,0.6774896328833795,0.6779772707286815,0.67750833681954,0.6776033727610997,0.677570934066006,0.6779750819329833,0.6768567705663103
3.0500000000000003,0.6775594843376846,0.6779963509829072,0.6775745367532111,0.6776612879078381,0.6776369740642558,0.6779944948083649,0.6769996295394628
3.1,0.6776214857430067,0.6780108181584008,0.677633638142837,0.6777118259389938,0.6776953285462725,0.6780092362369816,0.6771292616788385
3.1500000000000004,0.6776766884298608,0.678021791596332,0.6776865337879829,0.6777561457452953,0.6777469235576644,0.6780204346087912,0.6772466955887837
3.2,0.6777258960207614,0.678030100953774,0.6777338914035684,0.6777951433040563,0.6777924690680857,0.678028927901144,0.6773527596995694
3.25,0.677769760608568,0.6780363963003011,0.6777762682947022,0.677829548466151,0.6778325669561085,0.678035374959756,0.6774481987552574
3.3000000000000003,0.6778088246268916,0.6780411793612189,0.6778141261828561,0.6778599571534971,0.6778677365832289,0.6780402829322344,0.6775336935864533
3.35,0.6778435375467055,0.6780448209626218,0.6778478542895623,0.6778868484755841,0.6778984270445283,0.6780440308719804,0.677609878332791
3.4000000000000004,0.6778742807658166,0.678047599117004,0.677877792722669,0.6779106112832021,0.677925047465966,0.6780469003381544,0.6776773686649726
3.45,0.6779014096778699,0.6780497320239125,0.677904258506309,0.6779315900348238,0.6779479893965166,0.6780491138204428,0.6777367829096023
3.5,0.6779252377021874,0.6780513753677447,0.6779275402517078,0.6779500613008783,0.677967616434479,0.6780508297998772,0.6777887319771845
3.5500000000000003,0.6779460514196386,0.6780526400278122,0.6779479049408552,0.6779662681060863,0.677984269730032,0.6780521591441804,0.6778338216784202
3.6,0.6779641266563792,0.6780536117355261,0.6779656109741066,0.6779804301551434,0.6779982806838458,0.6780531925809519,0.6778726616024286
3.6500000000000004,0.6779797437814594,0.6780543736503445,0.6779809238624793,0.677992761498956,0.6780099810121019,0.6780540094763414,0.6779058694283293
3.7,0.6779931366054177,0.6780549603550768,0.6779940685740393,0.6780034271814444,0.6780196514369303,0.6780546466335905,0.6779340198585853
3.75,0.6780045506430823,0.6780554133234946,0.6780052804951726,0.6780126047265757,0.678027577758751,0.678055145716999,0.6779576928822335
3.8000000000000003,0.6780142092793677,0.678055764260789,0.6780147771320325,0.6780204510145253,0.6780340127586295,0.6780555391877763,0.6779774316012246
3.85,0.6780223264533203,0.6780560357621901,0.6780227637030574,0.6780271148180754,0.6780391889745969,0.6780558474336189,0.6779937490226241
3.9000000000000004,0.6780290975452244,0.6780562441728237,0.6780294310458033,0.6780327340729477,0.678043312653524,0.6780560886574244,0.678007120092408
3.95,0.6780347011624526,0.678056404144025,0.6780349535823891,0.6780374359843075,0.6780465676748708,0.6780562770697578,0.6780179793302582
4.0,0.678039304408026,0.6780565249609525,0.678039494440793,0.6780413397945134,0.6780491092945488,0.678056421792371,0.6780267211126596
4.05,0.6780430564442941,0.6780566170760107,0.6780431977203056,0.6780445567690104,0.6780510782552034,0.6780565347103298,0.6780336929995348
4.1000000000000005,0.6780460897036239,0.6780566855826563,0.6780461936848757,0.678047184169188,0.6780525859189139,0.6780566205719969,0.6780392035660558
4.15,0.6780485222626336,0.6780567374436208,0.6780485980408495,0.6780493124659689,0.6780537300941497,0.678056686156804,0.6780435186919618
4.2,0.6780504562479808,0.678056775569277,0.6780505109179266,0.6780510211787546,0.6780545898849792,0.6780567358258562,0.6780468668544937
4.25,0.6780519821498873,0.6780568032275738,0.6780520212346639,0.6780523819848231,0.6780552298331428,0.6780567729407929,0.6780494404227965
4.3,0.6780531748756169,0.6780568236359393,0.6780532025567286,0.6780534547660324,0.6780557007909597,0.6780568005301879,0.6780514001888833
4.3500000000000005,0.6780540997050224,0.6780568383510182,0.6780541189770244,0.6780542941242883,0.6780560450079014,0.6780568212194988,0.6780528785892175
4.4,0.6780548103169909,0.6780568487613003,0.6780548236925787,0.6780549438589689,0.678056293307185,0.678056836098362,0.6780539828835825
4.45,0.6780553517111162,0.6780568560990674,0.6780553609704489,0.6780554423362969,0.6780564708325463,0.678056846810848,0.6780548006866659
4.5,0.6780557603994055,0.6780568612606991,0.678055766753362,0.678055821490353,0.678056596458239,0.6780568545256281,0.6780554001456439
4.55,0.6780560662899108,0.6780568648596114,0.6780560704687741,0.6780561068772226,0.6780566846592705,0.6780568600273273,0.6780558354077328
4.6000000000000005,0.6780562929850829,0.678056867340745,0.6780562958453741,0.6780563197172379,0.6780567458053046,0.6780568639139362,0.6780561486157963
4.65,0.6780564596244901,0.6780568690380411,0.6780564615268425,0.6780564770644287,0.6780567878977489,0.67805686663111,0.678056371814544
4.7,0.6780565808596155,0.6780568701858904,0.6780565820846477,0.6780565920837848,0.6780568165039089,0.6780568685110855,0.6780565291943494
4.75,0.6780566684251907,0.6780568709523345,0.6780566691464568,0.6780566756299276,0.6780568357333305,0.6780568698038634,0.6780566393939672
4.800000000000001,0.6780567309297452,0.6780568714640587,0.6780567313703922,0.6780567354151501,0.678056848619388,0.6780568706792653,0.6780567155950015
4.8500000000000005,0.6780567750294169,0.6780568717990577,0.6780567754306266,0.6780567779609451,0.6780568570215565,0.6780568712699762,0.6780567680142602
4.9,0.6780568061610341,0.678056872015526,0.6780568063345879,0.6780568078071371,0.6780568626676003,0.6780568716668642,0.6780568032938583
4.95,0.6780568276756328,0.678056872155179,0.6780568277421214,0.6780568286167836,0.6780568663089421,0.6780568719263336,0.6780568272503438
5.0,0.678056842412236,0.678056872245755,0.6780568425102841,0.6780568430925009,0.6780568685223115,0.678056872094934,0.6780568430278096
5.050000000000001,0.6780568526220319,0.6780568722985129,0.6780568525904723,0.6780568528751969,0.6780568700047075,0.6780568722059056,0.6780568536490698
5.1000000000000005,0.6780568593715693,0.6780568723363307,0.6780568593490268,0.6780568596397929,0.6780568709172972,0.6780568722779001,0.6780568602835007
5.15,0.6780568639501219,0.6780568723576699,0.6780568639411049,0.6780568640835447,0.6780568714711629,0.6780568723168773,0.6780568648461744
5.2,0.6780568668736,0.6780568723714304,0.678056866864583,0.6780568670110749,0.678056871838904,0.6780568723498948,0.678056867590571
5.25,0.6780568689564607,0.6780568723826899,0.6780568689519522,0.6780568689466772,0.6780568720250286,0.6780568723654856,0.6780568695287207
5.300000000000001,0.6780568702275163,0.6780568723890887,0.6780568702230079,0.6780568702214015,0.6780568722066449,0.6780568723771787,0.6780568706178882
5.3500000000000005,0.6780568710276521,0.6780568723890887,0.6780568710276521,0.6780568710239833,0.6780568722156619,0.6780568723849741,0.6780568713038224
5.4,0.6780568715456028,0.6780568723927696,0.6780568715456028,0.678056871543157,0.6780568723882611,0.6780568723888718,0.6780568717068356
5.45,0.6780568718748188,0.6780568723927696,0.6780568718748188,0.6780568718735958,0.6780568723882611,0.6780568723888718,0.6780568720298605
5.5,0.6780568720635537,0.6780568723927696,0.6780568720635537,0.6780568720623307,0.6780568723927696,0.6780568723927696,0.6780568720697446
5.550000000000001,0.6780568722046462,0.6780568723927696,0.6780568722046462,0.6780568722040347,0.6780568723927696,0.6780568723927696,0.6780568723528855
5.6000000000000005,0.6780568722987078,0.6780568723927696,0.6780568722987078,0.6780568722980962,0.6780568723927696,0.6780568723927696,0.6780568723661802
5.65,0.6780568723457387,0.6780568723927696,0.6780568723457387,0.6780568723457387,0.6780568723927696,0.6780568723927696,0.6780568723794749
5.7,0.6780568723457387,0.6780568723927696,0.6780568723457387,0.6780568723457387,0.6780568723927696,0.6780568723927696,0.6780568723794749
5.75,0.6885107206763728,0.6885107206763728,0.6885107206763728,0.6897357472600101,0.6885107206763728,0.6885107206763728,0.6885107206763728
5.800000000000001,0.6886076067950966,0.6929424067187279,0.6917068255516592,0.6898439047151983,0.6917068255516592,0.6929424067187279,0.6898342013271381
5.8500000000000005,0.6901245406399453,0.6937041096944455,0.6932336846839787,0.6934573433920534,0.6934482128203858,0.6957888300764896,0.689942468306293
5.9,0.6927955323525458,0.6986397189727037,0.6968681038919371,0.6951481278607212,0.6944884718679056,0.699026856613139,0.6909614503527954
5.95,0.6997415124047042,0.7063857453267524,0.7031595865099523,0.7041272464138663,0.7024682815165537,0.7064770032028302,0.6934736790830126
6.0,0.7061616520509768,0.7151021937280052,0.7113861654438051,0.7119371966630017,0.7094787863958953,0.7140719292090532,0.6972327755322941
6.050000000000001,0.7111542587092665,0.7198213485188322,0.714442337811533,0.7172533650724391,0.7152368181009707,0.7169796745312682,0.7079187262352683
6.1000000000000005,0.715810295167922,0.726668218129061,0.7247208284874852,0.7226614995246605,0.7243552607961524,0.7240813868920604,0.7144215127642533
6.15,0.7266706101372897,0.7315976183155651,0.7330981797631686,0.7351155361486938,0.7291680961186233,0.730117380008181,0.7205136768475486
6.2,0.7348560949453378,0.73755148403571,0.7398987111263321,0.7406561276522075,0.7353600954874875,0.7342585932733834,0.7274308832493275
6.25,0.7390788638722632,0.7407742536586908,0.74109768930701,0.7413449832434627,0.7386935056979715,0.7392776826732894,0.7364943447250165
6.300000000000001,0.7439635784513026,0.7424762705886156,0.7459589137710838,0.7419517542380059,0.7428321445433738,0.7409195834393758,0.7370557810496007
6.3500000000000005,0.7461024033158337,0.7449363217461622,0.7480093369895846,0.7436008480460103,0.7437948408113929,0.7430086692257687,0.7387675471685435
6.4,0.7485355749064811,0.7490249196384029,0.7486813649457225,0.7478191341981056,0.748018770419275,0.7481492414161109,0.7420055816432949
6.45,0.7492118679847579,0.7507780670376456,0.7493529468154265,0.7495370605780323,0.7497445090604558,0.7507734699485791,0.7434290950003682
6.5,0.7498876768129172,0.7516254834817926,0.7503853396935416,0.750368708216188,0.7507851063689219,0.7514650040614008,0.7444057012252574
6.550000000000001,0.7505628157621558,0.7523157368513922,0.7510599331325047,0.7510431949343535,0.7514679903894275,0.7521557866091421,0.7450247866637487
6.6000000000000005,0.7512370970398159,0.7530049966314689,0.7517335323513905,0.7517166930904053,0.7521499636457609,0.7528456265096851,0.7456431711415601
6.65,0.7519103368874499,0.7536930705428978,0.7524059532104677,0.7523890171030438,0.7528308400200234,0.7535343357739963,0.7462606856136624
6.7,0.7525823496567148,0.7543797729772727,0.7530770118682515,0.7530599838460941,0.7535104333552358,0.754221725864118,0.7468771600465971
6.75,0.7532529528391618,0.755064916002613,0.7537465251919491,0.7537294102630131,0.7541885579377272,0.754907609998126,0.7474924272327492
6.800000000000001,0.7539219645915316,0.7557483154369988,0.7544143138244677,0.7543971155697333,0.7548650307415526,0.7555918021242289,0.7481063178850111
6.8500000000000005,0.7545892031864151,0.7564297873967736,0.755080195803411,0.7550629208060186,0.7555396695164811,0.756274119018877,0.7487186681325741
6.9,0.7552544893393488,0.7571091466754796,0.7557439935014201,0.75572664641349,0.7562122914398006,0.7569543751694963,0.7493293102485423
6.95,0.7559176448999237,0.7577862144479643,0.7564055297769984,0.7563881167018778,0.7568827179381135,0.7576323907700611,0.7499380813621934
7.0,0.7565784943855043,0.7584608125431368,0.7570646310933482,0.7570471558050355,0.7575507721992631,0.758307986678747,0.7505448193224582
7.050000000000001,0.7572368649658546,0.759132762821936,0.7577211246199598,0.757703592899676,0.7582162786142751,0.7589809863917009,0.7527504499702752
7.1000000000000005,0.7578925815134352,0.759801891080519,0.7583748383061713,0.7583572556241926,0.7588790625247283,0.7596512125424386,0.7533722737892301
7.15,0.7585454757346407,0.7604680252601549,0.7590256042998278,0.7596311231166646,0.7595389527632888,0.7603184935602652,0.7539916112203404
7.2,0.759195380552237,0.7611309946790091,0.7596732578338676,0.7602863822685453,0.7601957811994633,0.7609826583893485,0.7546083013935159
7.25,0.759873941830616,0.7617906321654786,0.7603176344202918,0.7609704988800262,0.7608493806873627,0.7616666466268132,0.7552221863238342
7.300000000000001,0.7605177635152627,0.7626222318012669,0.7615796390677133,0.7616194609695778,0.7614995860598202,0.762376619389193,0.7558331092350903
7.3500000000000005,0.7617843856065208,0.7632755617809952,0.7622246254211239,0.7622648391756459,0.7621462397648441,0.7630308782942055,0.7564409190770276
7.4,0.7624287454649805,0.7640201223689722,0.7628658701955596,0.7629064745599698,0.7627891805856388,0.7636813649487855,0.757045463712832
7.45,0.7630693219562302,0.7646663374916486,0.7635354115497464,0.7635442113412731,0.7641640477771763,0.7643279223981096,0.7576465941861077
7.5,0.7637059641386925,0.7653281020940031,0.7641691061419499,0.7641778999650715,0.7648081537600305,0.7649703972610119,0.7582441660007385
7.550000000000001,0.7643680268693007,0.7659661471545429,0.7648281121009242,0.7648073917089904,0.7654481005331317,0.7656086382473937,0.758838036561576
7.6000000000000005,0.7649967131245289,0.7665997660652868,0.7654536348241371,0.7654325415259206,0.7661157878586964,0.7664214328269904,0.7629926011874368
7.65,0.7656210215677304,0.7672288152006339,0.7660746770277487,0.7660532080449372,0.7667473688277455,0.767051593914356,0.7643577339802077
7.7,0.766240812474523,0.7678531531669699,0.7666910994131588,0.7666988584824215,0.7673743572602628,0.7676770885321054,0.764992641131592
7.75,0.7668559483514148,0.768472645984878,0.7673027677919397,0.7673105116296255,0.7679966139451601,0.7682977779066555,0.765623357189652
7.800000000000001,0.7674662959356888,0.7690871611106118,0.7679095523802861,0.7679172785376749,0.768614004756568,0.768913529411941,0.7662497408122014
7.8500000000000005,0.7688266934730122,0.7696965703572314,0.7692662930422868,0.7692740011476944,0.769226399691081,0.7695242138436882,0.767108857750836
7.9,0.7694363354983113,0.7703007477433642,0.7698721874243188,0.7698798749018475,0.7698336720884692,0.7701297053885621,0.7677275206215268
7.95,0.7700408205022369,0.7708995732359663,0.7704728368104299,0.7704805028286152,0.7704356981148665,0.7707298828444898,0.768341440754889
8.0,0.7706400277111917,0.7714929311678804,0.7710681244862878,0.7710757670518595,0.7710323573979371,0.7713246266699336,0.76895048808001
8.05,0.7712338406878844,0.7720807068584865,0.7716579351409327,0.7716655525974335,0.7716235363556733,0.7719138243295207,0.7695545398780873
8.1,0.7718221453894081,0.7726627932584497,0.7722421591124462,0.7722497494434368,0.7722091238648406,0.772497366645315,0.7701534737685882
8.15,0.7724048337835794,0.7732390859805262,0.7728206908550257,0.7728282535878779,0.7727890124829098,0.7730751479519049,0.7707471742473482
8.200000000000001,0.7729818022119371,0.773809484606339,0.7733934291054012,0.7734009618156856,0.7733631009560613,0.7736470677944851,0.7713355263216528
8.25,0.7735529476399627,0.7743738940046725,0.7739602744230928,0.7739677770745522,0.7739312886479566,0.7742130283309455,0.771918421908476
8.3,0.7741181745345311,0.7749322223915804,0.7745211353653039,0.7745286051412654,0.7744934821317524,0.7747729369281847,0.7724957543668567
8.35,0.7746773911311452,0.775484382067908,0.7750759219978738,0.7750833574031709,0.7750495914178201,0.7753267049741193,0.7730674236563985
8.4,0.7752305100281571,0.7760302911050909,0.7756245500704168,0.775631950285579,0.7755995318351889,0.775874249869573,0.773633332118243
8.450000000000001,0.7757774456438697,0.7765698704292253,0.7761669377100656,0.7761743012363176,0.7761432200077805,0.7764154909509989,0.7741933861301029
8.5,0.7763181200232141,0.7771030455728221,0.7767030103355053,0.7767103350544035,0.7766805806976562,0.7769503525210291,0.774747495509783
8.55,0.7768524586272744,0.7776297482787301,0.7772326959785938,0.7772399810794093,0.7772115405495265,0.7774787650256514,0.7752955778830867
8.6,0.7773803895334295,0.7781499127112343,0.7777559253876548,0.777763169152794,0.7777360305644571,0.7780006614501405,0.7758375509925053
8.65,0.7779018475772568,0.7786634775641501,0.7782726383661187,0.7782798391019521,0.778253988298057,0.7785159795777041,0.776373337751987
8.700000000000001,0.778416768997322,0.779170387154537,0.7787827726090247,0.7787899306867617,0.7787653525360652,0.7790246614715111,0.7769028654896216
8.75,0.7789250978628767,0.779670587875569,0.7792862760707542,0.7792933889740891,0.7792700694355525,0.7795266541866985,0.7774260690231289
8.8,0.7794267811415608,0.7801640346058472,0.7797830990467551,0.7797901658221537,0.7797680888779579,0.7800219095856036,0.7779428809716666
8.85,0.7799217695786196,0.7806506822080653,0.7802731947857413,0.7802802134945128,0.780259362791889,0.7805103830312491,0.7784532439036158
8.9,0.780410017203369,0.7811304911202572,0.7807565212647578,0.7807634912728785,0.7807438491981353,0.7809920322374767,0.7789571027825168
8.950000000000001,0.7808914851093085,0.7816034294342205,0.7812330428587924,0.7812399623174584,0.7812215111185564,0.7814668239379604,0.7794544025385873
9.0,0.7813661364568281,0.782069463211678,0.7817027247145587,0.7817095934123942,0.7816923146654489,0.7819347250139856,0.7799451004353144
9.05,0.7818339415612618,0.7825285682911916,0.7821655404369989,0.7821723559594762,0.7821562311166268,0.7823957083381499,0.7804291519356407
9.1,0.782294869697135,0.7829807229530181,0.7826214626564458,0.7826282252446987,0.7826132341212584,0.7828497503523122,0.7809065181330826
9.15,0.7827488985741731,0.7834259082553854,0.7830704727186795,0.7830771802695757,0.7830633031719201,0.7832968332286625,0.7813771650969144
9.200000000000001,0.7831960103551331,0.7838641114323333,0.783512554573761,0.7835192065214612,0.7835064223348689,0.7837369418324371,0.7818410621858461
9.25,0.783636187378467,0.7842953217319055,0.7839476942000201,0.7839542889737827,0.7839425771930415,0.7841700626986828,0.7822981819620811
9.3,0.7840694208021228,0.784719534242518,0.7843758849276947,0.7843824226973451,0.784371761073827,0.784596193484634,0.7827485047358183
9.35,0.7844957004350315,0.7851367461989951,0.784797120742893,0.7848035984264322,0.7847939668029085,0.7850153273242825,0.7831920085382954
9.4,0.7849150262437873,0.7855469625458229,0.7852114033806337,0.7852178218608934,0.7852091960853557,0.7854274678787054,0.7836286821669619
9.450000000000001,0.7853273963957793,0.7859501858821987,0.7856187336791207,0.7856250915364833,0.7856174497901083,0.7858326178079252,0.7840585131253326
9.5,0.7857328140610979,0.7863464261344955,0.7860191183548918,0.7860254147960555,0.7860187334169401,0.7862307861980654,0.7844814952188476
9.55,0.7861312890436136,0.7867356977192844,0.7864125692446663,0.7864188030174972,0.7864130600293306,0.7866219857441349,0.7848976248393345
9.600000000000001,0.7865228343449542,0.7871180176561489,0.7867991018921231,0.7868052717112483,0.7868004439351667,0.7870062331135526,0.7853069055270063
9.65,0.786907461492747,0.7874934063018713,0.7871787306848533,0.7871848370391032,0.7871808995129587,0.7873835449311618,0.785709337731769
9.700000000000001,0.7872851920091637,0.7878618856819928,0.787551479451079,0.7875575210113068,0.7875544500206653,0.7877539466016807,0.7861049319965191
9.75,0.7876560476468384,0.7882234862406087,0.7879173726423969,0.7879233478557877,0.787921120210926,0.7881174642026116,0.7864937004900263
9.8,0.7880200525501484,0.7885782355366621,0.788276436026326,0.7882823456238638,0.7882809363975092,0.7884741260270719,0.7868756570073185
9.850000000000001,0.7883772349919256,0.7889261674798409,0.7886287013663472,0.7886345437361493,0.788633929447851,0.7888239636564125,0.7872508191896421
9.9,0.7887276299740218,0.7892673201636106,0.788974204834237,0.78897997936617,0.7889801352584987,0.7891670150138049,0.7876192108869294
9.950000000000001,0.7890712682862417,0.7896017315419857,0.7893129800964569,0.7893186865786321,0.7893195881694894,0.7895033174176416,0.7879808540918516
10.0,0.7894081910164557,0.7899294452588745,0.7896450692430101,0.7896507073085325,0.7896523303342122,0.7898329135234051,0.7883357809760146
10.05,0.7897384379004584,0.790250507759718,0.7899705157297805,0.7899760847796211,0.7899784049698777,0.79015584803036,0.7886840191805768
10.100000000000001,0.790062052391832,0.7905649642042258,0.7902893639213865,0.7902948629201012,0.7902978559689869,0.790472166563737,0.7890256047034478
10.15,0.7903790808678807,0.7908728665627767,0.7906016615940298,0.7906070912288197,0.7906107319695519,0.790781920263235,0.7893605739373671
10.200000000000001,0.7906895719411503,0.7911742702254645,0.7909074609373536,0.7909128197738637,0.7909170856861054,0.7910851618437164,0.7896889666429577
10.25,0.7909935792569345,0.7914692283966556,0.7912068157773324,0.7912121036837049,0.7912169692697225,0.791381945188703,0.7900108269960601
10.3,0.7912911537038887,0.7917578000456404,0.7914997793789709,0.7915049962168972,0.7915104377277523,0.7916723278696973,0.7903261978102957
10.350000000000001,0.7915823546227831,0.7920400454957184,0.7917864128373207,0.7917915578871292,0.7917975520414321,0.7919563707107358,0.7906351288078675
10.4,0.7918672380396694,0.7923160262404747,0.7920667734541387,0.7920718464759532,0.7920783694946757,0.7922341336624074,0.7909376692100396
10.450000000000001,0.7921458660639478,0.7925858077900162,0.7923409253450522,0.7923459263451287,0.7923529545573353,0.7925056822976666,0.7912338726125165
10.5,0.7924183016667266,0.7928494559057471,0.7926089316392246,0.7926138601838703,0.7926213706710603,0.7927710806547623,0.7915237926587564
10.55,0.7926846095741176,0.7931070392283681,0.7928708590885966,0.7928757153281396,0.7928836850320282,0.7930303969409621,0.791807488166558
10.600000000000001,0.7929448560402674,0.7933586280668066,0.7931267759187445,0.7931315594473709,0.7931399656753244,0.7932837017569103,0.7920850177646089
10.65,0.7931991094758659,0.7936042926348071,0.7933767508819615,0.7933814621843371,0.7933902818348264,0.7935310634828905,0.7923564409227333
10.700000000000001,0.7934474402230096,0.7938441080360309,0.7936208557600076,0.7936254944105696,0.7936347058635584,0.7937725575544342,0.7926218224819614
10.75,0.7936899187580962,0.7940781464073137,0.79385916182209,0.7938637281222866,0.79387330872864,0.7940082556887119,0.792881227000827
10.8,0.7939266196252439,0.7943064855521336,0.7940917454387808,0.7940962386046511,0.7941061685553292,0.7942382364603788,0.7931347211326705
10.850000000000001,0.7941576169586233,0.794529202950548,0.7943186809523743,0.794323101946565,0.7943333586733053,0.794462572782096,0.7933823734433659
10.9,0.7943829868120563,0.7947463759670057,0.7945400453115105,0.794544393296352,0.7945549568658392,0.7946813460197264,0.7936242534173339
10.950000000000001,0.7946028059862791,0.7949580843137136,0.7947559152010502,0.7947601913720788,0.7947710404903929,0.7948946338651298,0.7938604313698513
11.0,0.7948171508227659,0.7951644073213491,0.794966370642177,0.7949705738364247,0.7949816892928893,0.7951025148567923,0.7940909806817189
11.05,0.7950261034707407,0.795365429694131,0.7951714909208926,0.7951756226161667,0.7951869842269114,0.7953050736709515,0.7943159762944075
11.100000000000001,0.7952297436878505,0.7955612304985911,0.7953713581669029,0.7953754179781083,0.7953870059009047,0.7955023887121642,0.794535491469506
11.15,0.7954281497607667,0.7957518936504635,0.7955660512350223,0.7955700392626261,0.7955818357129261,0.7956945449060793,0.7947496028675815
11.200000000000001,0.7956214057570459,0.795937502916755,0.7957556545157466,0.7957595706607765,0.795771557238188,0.7958816236442597,0.7949583885054806
11.25,0.7958095918267971,0.7961181411009652,0.7959402479822141,0.7959440935638975,0.795956251159343,0.7960637100573471,0.7951619248023606
11.3,0.7959927937632914,0.7962938947360094,0.7961199184014309,0.7961236927541433,0.7961360051042667,0.7962408889773587,0.7953602919650242
11.350000000000001,0.7961710927849486,0.7964648479649689,0.7962947470130574,0.7962984515812035,0.7963109004189419,0.796413243596904,0.7955535696398255
11.4,0.796344572055085,0.7966310835476358,0.7964648173196269,0.7964684518140204,0.7964810209082505,0.7965808578466236,0.7957418355209894
11.450000000000001,0.7965133175340791,0.7967926909225959,0.7966302158560302,0.7966337810552799,0.7966464540229742,0.7967438206174561,0.7959251731039303
11.5,0.7966774131384275,0.796949752451899,0.796791025930612,0.7967945218182346,0.7968072834679636,0.7969022137730237,0.7961036630509231
11.55,0.7968369428617443,0.7971023552183528,0.7969473321228965,0.7969507590390701,0.7969635936555078,0.7970561248948267,0.7962773868514488
11.600000000000001,0.7969919922565634,0.7972505854341796,0.7970992194444806,0.7971025777908132,0.797115471559797,0.7972056404038105,0.796446426781127
11.65,0.7971426456507829,0.7973945270036944,0.7972467725021462,0.7972500629819248,0.7972630006863356,0.7973508436414447,0.7966108651560495
11.700000000000001,0.7972889865591893,0.7975342653264421,0.7973900744383042,0.7973932982762012,0.7974062658045439,0.7974918197647052,0.7967707829034476
11.75,0.7974311019832521,0.7976698879372286,0.7975292130278994,0.7975323700140686,0.7975453548624278,0.7976286569562276,0.7969262660610995
11.8,0.7981822241323611,0.798414626763517,0.7982774187575066,0.7982805102737017,0.7982934979912941,0.7983745860472103,0.797690542716624
11.850000000000001,0.7983217364312873,0.7988769270251661,0.7986785557489612,0.7984822155543593,0.7986945611057137,0.7988380532405803,0.7979075791550843
11.9,0.7997670611704596,0.7991190446504869,0.8001236172578501,0.7999252996994247,0.7988297525074094,0.7990813135622055,0.7980564661526357
11.950000000000001,0.8000824451125288,0.7994200387597217,0.8004388000240515,0.8011861018122374,0.7997738206802611,0.8003310257067382,0.7982012489557846
12.0,0.8043875450606129,0.8121337433106611,0.8033362586364974,0.8040679921193243,0.8029476552137808,0.8010708211739888,0.7987010766790171
12.05,0.821497101168693,0.8208937442072968,0.815451054134016,0.8223363712753649,0.8149030646885601,0.8177880685965278,0.7992254064179327
12.100000000000001,0.8246055050838269,0.8276106388960862,0.8196385237739003,0.832213570779803,0.8261427156715471,0.8254854354912565,0.8100740425904751
12.15,0.8344549804670441,0.8368215678481229,0.8336785028291261,0.8405271558586682,0.8357184215766471,0.8362663964551552,0.8164070872039313
12.200000000000001,0.8430688260023782,0.8440096380718126,0.8452721924463497,0.852768171775977,0.8463215824756979,0.8459995586573722,0.830539832428486
12.25,0.8492222859596721,0.8451278820199801,0.8550912964167936,0.8569116579137036,0.8510047023508625,0.8472413455736761,0.8341201237488198
12.3,0.8551773123627974,0.8507086936625128,0.8591226016697511,0.8602214440530911,0.8537617691620081,0.8519967769364208,0.8402775640779547
12.350000000000001,0.8606546455626395,0.8560950962027138,0.8624444309898646,0.8616318949087716,0.8572998924273657,0.8594638430784735,0.8531143992818014
12.4,0.8677510963889978,0.8604882216385428,0.8714376271536758,0.8642101300061504,0.8664726180121644,0.8638882885360697,0.8537574102303284
12.450000000000001,0.8761991943561194,0.8717945324020552,0.8764138831241599,0.8648398042741015,0.8671276973693857,0.8689887589902683,0.8623350310138541
12.5,0.877050934695865,0.8726016674107571,0.8771530458596135,0.8715053108932673,0.8738186730501979,0.8724502405783569,0.865650435917086
12.55,0.877789367282525,0.8793940122955497,0.8778890010542069,0.8780383569479251,0.8792097085521415,0.8794579234431043,0.8675934748520608
12.600000000000001,0.8785245288010084,0.880141313288545,0.8786695771200876,0.8787712255695831,0.8800048420528213,0.8802068902001831,0.8683061112229387
12.65,0.8792563917434635,0.8808854543866834,0.8793994992067193,0.879500819714413,0.880749356358715,0.8809526792360816,0.8689680211476576
12.700000000000001,0.8799849306642458,0.8816264105136202,0.8801261352871277,0.8802271132306531,0.8814906173175164,0.8816952623850116,0.8696265859675685
12.75,0.8807101170150861,0.882364148474962,0.8808494578336673,0.880950077769295,0.8822285961043916,0.8824346085062218,0.8702817956493389
12.8,0.8814319241477139,0.8830986365928503,0.881569436234841,0.8816696824217425,0.8829632590948735,0.8831706842610554,0.8709336308809233
12.850000000000001,0.8821503195569466,0.883829842019262,0.8822860391891181,0.8823858992756936,0.8836945754581443,0.8839034587029319,0.8715820775262841
12.9,0.8828652760795074,0.8845577308901522,0.882999240331974,0.8830986965226562,0.8844225138494107,0.8846328967771996,0.8722271209037915
12.950000000000001,0.8835767593868378,0.8852822693719984,0.8837090019240361,0.883808042570055,0.8851470369907433,0.8853589657794878,0.8728687420388637
13.0,0.884284743660839,0.886003421943617,0.8844152981876721,0.8845139074852877,0.8858681157483516,0.8860816288395227,0.8735069235864198
13.05,0.8849891913642344,0.8867211542307109,0.8851180930044649,0.8852162577196496,0.8865857122081822,0.886800855200697,0.8741416504617154
13.100000000000001,0.8856900774050374,0.8874354286358355,0.8858173570691001,0.8859150627058296,0.8872997935237154,0.8875166027121217,0.8753743602768994
13.15,0.886387362774652,0.8881462100745033,0.8865130510144879,0.8866102850596077,0.8880103217192417,0.8882288397082614,0.8760078736570359
13.200000000000001,0.887081013799553,0.8888534575741228,0.8872051433757232,0.8873018910698618,0.8887172590690433,0.8889375236651459,0.8766378723800674
13.25,0.8877710018780849,0.8895571376201067,0.8878936006216426,0.8881982107600841,0.8894205745450772,0.8896426225810347,0.8772643383957047
13.3,0.8884572889528208,0.8902572077233544,0.8885783873336588,0.888903978037987,0.8901202272115529,0.8903440952984901,0.8778872509930312
13.350000000000001,0.8891593960341897,0.8909536325981622,0.8892594651422709,0.8895866975324048,0.8908161774314999,0.8910950473114485,0.8785065827312315
13.4,0.8900455550679338,0.8916632722837843,0.8901446232290431,0.8902656620492021,0.8915083905387482,0.8917893792090628,0.8791223146469211
13.450000000000001,0.8907226950084056,0.8924969183223432,0.890820156539506,0.8909408358582271,0.8921968252932224,0.8924799672927457,0.8797344237802776
13.5,0.8913959932828199,0.8931830692685254,0.8915114259120385,0.8916121818494558,0.8928814462100221,0.8931667744720339,0.8803428821564454
13.55,0.892065416141491,0.8938813709762743,0.8921794817986293,0.8922796631803948,0.8938575202415547,0.8938497594047814,0.8809476712762581
13.600000000000001,0.8927309253188247,0.8945600237399804,0.8928436473966248,0.8929432447137431,0.8945372042726585,0.894528882022785,0.8815487656183645
13.65,0.8937932471859538,0.8952347881300378,0.8939046503201454,0.893602886352847,0.8952324351715621,0.8952210217670707,0.8821461371932815
13.700000000000001,0.8944546432596063,0.8959056263989557,0.8945647488982695,0.8942585535740636,0.8959044039489417,0.8958924088201198,0.8923703841653461
13.75,0.8951120154888376,0.8965724954586195,0.8952208454057619,0.894910206510693,0.8965723581683833,0.8965598123509703,0.8930520949316031
13.8,0.8957653297925072,0.8972353572179186,0.8958729069253324,0.895959594869163,0.8972362647849699,0.8972231938521525,0.8937300491514459
13.850000000000001,0.8964145483770687,0.8978941696735572,0.8965208921244529,0.8966069343506018,0.8978960808208145,0.8978825113404897,0.8944042026057794
13.9,0.8982804712407806,0.8985488899788987,0.8983856026630285,0.8984709886427016,0.898551764044164,0.8985377221865647,0.8951417336875245
13.950000000000001,0.898933071800126,0.8991994816603915,0.8990370100281883,0.8991217308594337,0.8992032793503558,0.899188791247719,0.8958085872642083
14.0,0.8995814687374071,0.899845900943814,0.899684231867733,0.8997682796028695,0.8998505815839011,0.8998356733966497,0.8964715229751185
14.05,0.9002256243243845,0.9004881105973985,0.9003272306699739,0.9004105964057311,0.9004936369027143,0.9004783326124849,0.897130498575233
14.100000000000001,0.9008655045919012,0.9011260685957817,0.9009659706573763,0.9010486448270512,0.9011324054791228,0.9011167289612037,0.8977854757846249
14.15,0.9015010631838125,0.9017597363380015,0.90160040731992,0.901682383429892,0.9017668448820819,0.901750818946264,0.8984364139181215
14.200000000000001,0.9021322645980963,0.902389073359068,0.9022305024183701,0.9023117734322853,0.9023969190638461,0.9023805683864448,0.8990832720363706
14.25,0.9027590745793673,0.903014041620843,0.9028562211187271,0.9029367779838768,0.9030225900463966,0.9030059341720446,0.899726010515377
14.3,0.9033814546647547,0.9036346033372615,0.9034775248780488,0.9035573618764605,0.903643821468505,0.9036268853218155,0.9003645957759954
14.350000000000001,0.9039993659305288,0.9042507164477459,0.9040943747037009,0.9041734838627415,0.9042605734121968,0.9042433759800275,0.9009989797058795
14.4,0.9046127748202121,0.904862348693753,0.904706734547231,0.9047851108510248,0.9048728110347304,0.9048553734201944,0.9016291296821993
14.450000000000001,0.9052216444393404,0.9054694617943171,0.9053145692966801,0.9053922069898027,0.9054804967235813,0.9054628400895224,0.9022550044150001
14.5,0.9058259384525096,0.9060720182146368,0.9059178416807706,0.9059947335149057,0.9060835957321439,0.9060657397079397,0.9028765671963385
14.55,0.9064256244207896,0.90666998030788,0.9065165174053733,0.906592658009812,0.9066820737070478,0.906664034636794,0.903493778398438
14.600000000000001,0.9070206685139048,0.9072633192082207,0.9071105641567787,0.9071859468031256,0.9072758953070107,0.9072576937817063,0.9041066020355271
14.65,0.9076110361304466,0.9078519933983016,0.9076999439915276,0.9077745678594968,0.907865028524348,0.9078466824801861,0.9047150019779718
14.700000000000001,0.9081966930996345,0.9084359734513353,0.9082846259312276,0.9083584829403928,0.9084494366339855,0.9084309642304776,0.9053189399245886
14.75,0.9087776117342228,0.909015225610355,0.908864579673156,0.9089376667505868,0.9090290931688179,0.9090105090693441,0.9059183827511608
14.8,0.9093537583709115,0.9095897182349268,0.9094397693659511,0.90951208345434,0.9096039624575045,0.9095852846959753,0.9065132950518935
14.850000000000001,0.9099251032089513,0.910159418262552,0.9100101696452365,0.910081705669658,0.9101740159379775,0.9101552605940062,0.9071036409573516
14.9,0.910491615504156,0.9107242955382273,0.9105757452199263,0.9106464993917487,0.9107392211207056,0.9107204051884873,0.9076893833456652
14.950000000000001,0.9110532710406071,0.9112843237727069,0.9111364726292654,0.9112064411653095,0.9112995544077254,0.9112806881621196,0.9082704980556178
15.0,0.9116100377225437,0.9118394724948833,0.9116923204986191,0.9117615028204085,0.9118549861709733,0.9118360870236816,0.9088469481731102
15.05,0.9121618900401306,0.9123897117432936,0.912243261212852,0.9123116534159548,0.9124054849674925,0.9123865668692156,0.9094187010539488
15.100000000000001,0.9127088061246018,0.9129350211142601,0.9127892734354387,0.9128568729396163,0.9129510339155296,0.9129321075772853,0.9099857292974618
15.15,0.913250756142213,0.9134753679160634,0.9133303277967468,0.9133971339318855,0.9134916006535336,0.9134726801790342,0.9105479979921886
15.200000000000001,0.9137877199331994,0.9140107337443661,0.9138664037311932,0.9139324110317616,0.9140271632144136,0.9140082626498971,0.9111054848920981
15.25,0.9143196718921744,0.9145410911667962,0.9143974732383502,0.9144626829421616,0.9145577003079761,0.9145388300878003,0.9116581575017899
15.3,0.9148465909225781,0.915066418450206,0.9149235176132452,0.9149879277061308,0.9150831889217258,0.9150643591413287,0.912205990852781
15.350000000000001,0.9153684582470702,0.9155866956343196,0.9154445159062656,0.915508127600962,0.9156036090862152,0.9155848331291999,0.9127489575304386
15.4,0.9158852541203715,0.9161019039191478,0.9159604492757076,0.9160232593431406,0.9161189416968674,0.916100229519816,0.9132870343377149
15.450000000000001,0.9163969591240411,0.9166120226930797,0.9164712976899128,0.916533308286561,0.9166291688160815,0.9166105302031664,0.9138201972215162
15.5,0.9169035584867274,0.917117033586332,0.9169770460045448,0.9170382549158154,0.9171342731649843,0.9171157177868805,0.9143484222844923
15.55,0.9174050336163864,0.9176169215215102,0.9174776765645596,0.9175380837867095,0.9176342377697846,0.9176157743882094,0.9148716880848777
15.600000000000001,0.9179013710896322,0.9181116706503523,0.9179731732795854,0.9180327801939159,0.918129048672043,0.9181106875125523,0.9153899740348085
15.65,0.918392557428924,0.9186012679268345,0.9184635250578679,0.9185223325522427,0.9186186940077915,0.9186004434157493,0.9159032584760652
15.700000000000001,0.9188785774797031,0.9190856985876497,0.9189487169364328,0.9190067243040874,0.9191031572416433,0.9190850249388455,0.9164115242661828
15.75,0.9193594243568801,0.9195649514136387,0.9194287389451394,0.9194859475559107,0.9195824301429596,0.9195644241150689,0.9169147572878547
15.8,0.9198350867809384,0.9200390189110605,0.9199035813918937,0.9199599943679625,0.9200565061985734,0.9200386320681189,0.9174129373875158
15.850000000000001,0.920305553938115,0.9205078880269656,0.9203732342119522,0.9204288517737953,0.9205253716308024,0.9205076363119515,0.9179060501820555
15.9,0.9207708202059487,0.9209715530371021,0.9208376894905712,0.9208925147483709,0.9209890192895521,0.9209714327799923,0.9183940819082421
15.950000000000001,0.9212308783460993,0.9214300069252662,0.9212969421077764,0.9213509749232578,0.9214474453985685,0.9214300111713574,0.9188770209674407
16.0,0.9216857233125376,0.921883244419057,0.9217509848031404,0.9218042287854805,0.9219006446978771,0.9218833690269594,0.919354852941831
16.05,0.9221353535019033,0.9223312640451924,0.9221998178612612,0.9222522760041305,0.9223486152460778,0.9223315027798896,0.9198275726441271
16.1,0.9225797627545262,0.9227740593126996,0.9226434340985092,0.9226951087343789,0.9227913500208246,0.9227744087864427,0.9202951669199961
16.150000000000002,0.9230189537522431,0.923211629485633,0.9230818361290444,0.9231327314328548,0.9232288533431547,0.923212087192572,0.9207576279116907
16.2,0.9234529229959504,0.9236439744905447,0.9235150201463952,0.9235651384213027,0.9236611226382789,0.9236445339897001,0.9212149490170881
16.25,0.9238816755338155,0.9240710997920822,0.9239429924671024,0.923992337030692,0.9240881625202753,0.9240717559305267,0.9216671302390573
16.3,0.9243052125042388,0.9244930034271035,0.9243657522946738,0.9244143251071744,0.9245099722950251,0.9244937532219961,0.9221141621673652
16.35,0.924723534535463,0.9249096889657547,0.924783301149118,0.9248311093400483,0.9249265572069332,0.9249105288657963,0.9225560418434902
16.400000000000002,0.925136650572447,0.9253211622959897,0.9251956482721038,0.9252426933036766,0.925337921528377,0.9253220897261217,0.9229927695112224
16.45,0.9255445652248333,0.9257274317800399,0.9256027982742057,0.9256490856966092,0.9257440758129462,0.9257284398238802,0.9234243454818596
16.5,0.9259472876611349,0.926128503382019,0.9260047587530753,0.9260502920182306,0.9261450253522683,0.9261295883161251,0.9238507695963113
16.55,0.9263448231628346,0.9265243839123994,0.9264015382837414,0.9264463216600828,0.9265407779386787,0.9265255454432716,0.9242720418636976
16.6,0.9267371863094676,0.9269150860636124,0.9267931485946017,0.9268371860716442,0.9269313463225533,0.9269163191854186,0.9246881689971274
16.650000000000002,0.9271243832322154,0.9273006214686638,0.9271795959231554,0.9272228961025628,0.9273167412487338,0.9273019220205981,0.9250991561550207
16.7,0.9275064296982755,0.927681001090869,0.927560898014438,0.9276034636693415,0.9276969758774098,0.927682366115563,0.925505005999159
16.75,0.9278833399510156,0.9280562378562156,0.9279370662969679,0.9279789015963632,0.928072063173861,0.92805766495078,0.9259057268068756
16.8,0.9282551267508319,0.9284263491466658,0.9283081168822509,0.9283492279903466,0.9284420205092404,0.9284278337260311,0.9263013276939918
16.85,0.928621807827239,0.928791348852762,0.9286740644131095,0.9287144576532772,0.9288068622576162,0.9287928892774305,0.9266918173239834
16.900000000000002,0.9289833980022442,0.9291512567204294,0.9290349264455251,0.9290746061125306,0.9291666069791733,0.9291528479781599,0.9270772086906379
16.95,0.9293399160755913,0.9295060869437626,0.9293907194908193,0.9294296918228863,0.9295212731344413,0.9295077300449274,0.9274575097702739
17.0,0.929691381769958,0.9298558645350471,0.9297414642784889,0.9297797359054849,0.9298708789676691,0.9298575533112587,0.9278327347274476
17.05,0.9300378181432141,0.9302006063592866,0.9300871848550027,0.9301247610339402,0.9302154488752445,0.9302023393964574,0.9282029010168271
17.1,0.9303792437503203,0.9305403347214434,0.9304278973947051,0.9304647853188763,0.9305550023218196,0.9305421105790717,0.9285680205379641
17.150000000000002,0.9307156811799085,0.9308750732183948,0.930763626762253,0.9307998324036908,0.9308895633577847,0.9308768883902723,0.928928111891858
17.2,0.9310471552868911,0.9312048465161377,0.9310943978687872,0.9311299265789136,0.9312191557834948,0.931206697676491,0.9292831894966896
17.25,0.9313736904568377,0.9315296795713583,0.931420234117899,0.9314550941986282,0.9315438052681573,0.9315315642665088,0.9296332769532927
17.3,0.9316953130118294,0.9318495955365155,0.9317411619516385,0.9317753590864593,0.9318635381819084,0.9318515129799864,0.9299783903177805
17.35,0.9320120478112082,0.9321646231293896,0.9320572066999624,0.9320907473640108,0.9321783808672288,0.9321665713594047,0.9303185528775936
17.400000000000002,0.9323239237938732,0.9324747928298682,0.9323683975465313,0.9324012890531495,0.9324883600651048,0.9324767676641664,0.9306537825829143
17.45,0.9326309666519897,0.9327801269533169,0.9326747604526485,0.9327070080155505,0.9327935059133685,0.9327821276608246,0.9309841060024242
17.5,0.932933212932116,0.9330806641828527,0.9329763299692813,0.9330079431012412,0.9330938533009464,0.9330826873668542,0.9313095492845607
17.55,0.9332306852506613,0.9333764274639352,0.9332731318567009,0.9333041157100729,0.9333894249203996,0.9333784723812004,0.9316301317512434
17.6,0.933523421568532,0.9336674547041666,0.93356520092576,0.9335955637174805,0.9336802597443273,0.9336695191404236,0.9319458826166643
17.650000000000002,0.9338114501491055,0.9339537732765275,0.9338525685203614,0.9338823172840676,0.9339663869123294,0.9339558561844166,0.9322568296050713
17.7,0.9340948040244313,0.9342354214262419,0.9341352658242115,0.9341644086609431,0.9342478390995297,0.9342375185992766,0.9325629988004265
17.75,0.9343735181415975,0.9345124275406197,0.9344133287766099,0.9344418718701817,0.9345246535659684,0.9345145393099757,0.93286441961617
17.8,0.9346476280752177,0.9347848306879878,0.9346867921967346,0.934714741892999,0.934796863785824,0.9347869562914447,0.9331611225038291
17.85,0.9349171684525013,0.9350526675681282,0.934955691657759,0.9349830562443413,0.9350645065013743,0.935054802761665,0.9334531349669943
17.900000000000002,0.9351821742398995,0.9353159697765436,0.9352200613982862,0.9352468480448244,0.935327616941042,0.9353181153333061,0.9337404937103417
17.95,0.9354426821720074,0.9355747795889605,0.9354799385757544,0.9355061570639941,0.935586233010316,0.935576931884277,0.934023225004132
18.0,0.9356987293956925,0.9358291309966069,0.9357353611683881,0.9357610165760155,0.9358403913471542,0.9358312907914608,0.9343013659372778
18.05,0.9359503593592515,0.9360790672602161,0.9359863708339587,0.9360114715928499,0.9360901358426403,0.9360812316546485,0.9345749507065474
18.1,0.9361976044229379,0.9363246234889623,0.9362330018239335,0.9362575556654019,0.9363354996269448,0.9363267920222721,0.9348440107406892
18.150000000000002,0.9364405070000191,0.9365658394714633,0.936475296244606,0.9364993101092047,0.9365765264313384,0.9365680088542137,0.9351085836455871
18.2,0.9366791061895983,0.9368027568543215,0.9367132908144333,0.936736773277935,0.9368132535725049,0.9368049273735335,0.9353687030108612
18.25,0.9369134437815678,0.9370354182496593,0.9369470316255851,0.9369699901115834,0.9370457264023033,0.9370375892234909,0.9356244097840685
18.3,0.9371435607120759,0.9372638629185317,0.9371765559327228,0.937198998067724,0.9372739829263393,0.9372660315216311,0.9358757374355362
18.35,0.9373694965987244,0.937488133615884,0.9374019066659429,0.9374238383830343,0.9374980657532875,0.9374902995221268,0.9361227262764336
18.400000000000002,0.9375912961846606,0.9377082708876681,0.9376231256768917,0.9376445553957973,0.9377180184672397,0.9377104334239831,0.9363654123212808
18.45,0.9378089996333359,0.937924321644472,0.9378402548168181,0.9378611921534667,0.9379338845291233,0.9379264794111426,0.9366038387383407
18.5,0.9380226524763134,0.9381363256203331,0.9380533378540286,0.9380737897566376,0.93814570511847,0.9381384769953087,0.9368380394535014
18.55,0.9382322966753904,0.9383443280066792,0.9382624198289174,0.9382823930824435,0.9383535265880868,0.938346473246677,0.9370680596994354
18.6,0.9384379760117683,0.9385483715935903,0.9384675423683573,0.9384870446604724,0.9385573913066338,0.9385505094121617,0.9372939378072193
18.650000000000002,0.9386397333523613,0.9387485038763257,0.9386687484983232,0.9386877877685912,0.9387573435514835,0.9387506315390134,0.937515716129472
18.7,0.9388376156557953,0.9389447676157516,0.938866087552467,0.9388846713305297,0.9389534311050499,0.9389468857756977,0.9377334358921712
18.75,0.9390316675050286,0.9391372078384822,0.9390595992510187,0.9390777354592426,0.9391456965435321,0.9391393158682456,0.9379471391350597
18.8,0.9392219330741557,0.9393258699648748,0.9392493322263159,0.9392670288369471,0.9393341855901897,0.9393279674448254,0.9381568670925015
18.85,0.939408453901653,0.9395107987636916,0.9394353284725738,0.9394525906996918,0.9395189424874637,0.9395128845474173,0.9383626653651521
18.900000000000002,0.9395912834361757,0.9396920438943904,0.9396176363921058,0.9396344764543485,0.9397000189579052,0.9396941158727146,0.9385645775030811
18.95,0.9397704610429081,0.9398696465008447,0.9397963016970421,0.9398127209589393,0.9398774525646987,0.9398717041686223,0.938762641495546
19.0,0.9399460374441325,0.9400436556412327,0.9399713688839744,0.9399873788130847,0.9400512974768187,0.9400457002842925,0.9389569084319026
19.05,0.9401180541679174,0.9402141177893792,0.9401428847481133,0.9401584914340873,0.9402215942817512,0.9402161472773755,0.939147416477803
19.1,0.9402865595051177,0.9403810772548555,0.9403108938922915,0.9403261060648739,0.940388392827527,0.940383091815932,0.9393342140743113
19.150000000000002,0.9404516002633624,0.9405445844320086,0.9404754466735961,0.9404902701178887,0.9405517398456511,0.9405465832926831,0.9395173437924728
19.200000000000003,0.9406132216179046,0.9407046807333563,0.9406365852215284,0.9406510274620309,0.9407116787080785,0.9407066618622691,0.939696849880032
19.25,0.9407714722133286,0.9408614172219081,0.9407943591828362,0.9408084261929258,0.9408682604500965,0.9408633827545738,0.9398727800024249
19.3,0.9409263970812938,0.9410148410709523,0.9409488140505622,0.9409625143958504,0.9410215298190954,0.9410167865647125,0.9400451779495127
19.35,0.9410780408601191,0.9411649956206991,0.9410999949813361,0.9411133345548375,0.9411715328009347,0.9411669228563366,0.9402140896396726
19.400000000000002,0.9412264538444826,0.9413119288145887,0.9412479501578335,0.941260937014422,0.9413183183993341,0.9413138407315582,0.9403795589664357
19.450000000000003,0.9413716803260181,0.9414556915500635,0.9413927255310784,0.9414053684170547,0.9414619322146801,0.9414575818058426,0.9405416333451532
19.5,0.941513767429172,0.9415963231930247,0.9415343685538256,0.9415466710122042,0.9416024210417374,0.9415981950862866,0.9407003576089549
19.55,0.9416527611016678,0.9417338761283646,0.9416729225015228,0.9416848942331415,0.9417398300910191,0.9417357286402234,0.9408557763666017
19.6,0.9417887098684337,0.9418683976420847,0.9418084392532191,0.9418200843924922,0.9418742093381647,0.9418702280552032,0.94100793629688
19.650000000000002,0.9419216558699928,0.9419999269963336,0.9419409601569423,0.9419522865814512,0.9420056026002968,0.9420017390038555,0.9411568834992741
19.700000000000003,0.9420516489346662,0.9421285184574686,0.9420705338256725,0.9420815489767472,0.9421340578772407,0.9421303086911982,0.9413026636732962
19.75,0.9421787349757571,0.9422542148125852,0.9421972067112007,0.9422079162481326,0.9422596200336028,0.9422559841503073,0.9414453232060673
19.8,0.9423029588654797,0.942377062041632,0.9423210227329565,0.9423314339562938,0.9423823360160066,0.9423788117225413,0.9415849049213324
19.85,0.9424243663853029,0.9424971082946414,0.9424420306542125,0.9424521483102841,0.9425022523059932,0.9424988359513577,0.941721457280491
19.900000000000002,0.9425430019351231,0.9426143967401848,0.9425602711472401,0.942570103452747,0.9426194132846812,0.9426161020452333,0.9418550253501348
19.950000000000003,0.9426589123161636,0.9427289728006731,0.9426757932806736,0.9426853452706172,0.942733864242063,0.9427306561526339,0.9419856525578041
20.0,0.9427721439471102,0.9428408847373777,0.9427886433554062,0.9427979210086653,0.9428456521307116,0.9428425462279604,0.942113386390987
20.05,0.9428827397196605,0.9429501745047406,0.9428988631123424,0.9429078738706037,0.9429548225730346,0.9429518151180789,0.9422382722881668
20.1,0.9429907443993445,0.9430568886271683,0.9430064984497588,0.9430152459657607,0.9430614169859434,0.9430585059423249,0.9423603532160791
20.150000000000002,0.9430962025527296,0.9431610686842051,0.943111592342877,0.9431200842996871,0.943165482299007,0.9431626642715583,0.9424796732386214
20.200000000000003,0.943199159016067,0.943262763690603,0.9432141904216822,0.9432224341135795,0.9432670616543578,0.9432643354326717,0.9425962810197651
20.25,0.9432996573636565,0.9433620145477373,0.9433143377916684,0.9433223366158326,0.9433662011014969,0.9433635638457625,0.9427102180166738
20.3,0.943397740937473,0.9434588654844378,0.9434120763816762,0.9434198368863189,0.9434629425434545,0.9434603932241925,0.9428215297697353
20.35,0.9434934539319058,0.9435533600674216,0.943507449645216,0.9435149775097667,0.9435573308234136,0.9435548649766518,0.9429302594305007
20.400000000000002,0.9435868382587121,0.9436455435898585,0.9436005001515926,0.9436077999347892,0.9436494059562006,0.9436470242316581,0.9430364514519249
20.450000000000003,0.9436779363162577,0.9437354537558653,0.9436912703051259,0.943698349911271,0.9437392132808766,0.9437369120512973,0.9431401493903249
20.5,0.9437667905277398,0.9438231349749154,0.943779803485121,0.9437866656201233,0.9438267935986355,0.9438245696087886,0.9432413945087702
20.55,0.9438534421165679,0.9439086304499957,0.9438661386150677,0.9438727900007138,0.9439121888259611,0.9439100423341936,0.9433402305257794
20.6,0.9439379335909224,0.9439919801653844,0.9439503191461124,0.9439567660711021,0.9439954405398179,0.9439933697932641,0.9434367015917268
20.650000000000002,0.9440203080365004,0.9440732271804446,0.9440323893960514,0.9440386349777072,0.9440765928235377,0.9440745948000029,0.9435308485209382
20.700000000000003,0.9441006036084532,0.9441524095846944,0.944112385285179,0.9441184341451171,0.9441556827804254,0.9441537557656179,0.9436227148947753
20.75,0.9441788588631639,0.944229569824055,0.9441903475672073,0.9441962073194792,0.9442327515105143,0.9442308921506599,0.9437123399058366
20.8,0.9442551168202248,0.94430474805411,0.9442663180466275,0.9442719916217508,0.9443078385331076,0.9443060478934323,0.9437997679612983
20.85,0.9443294173609776,0.9443779818129303,0.944340336421954,0.9443458283326465,0.9443809875664915,0.9443792595927205,0.9438850377184129
20.900000000000002,0.9444018004148566,0.9444493131172085,0.9444124423057023,0.9444177579238757,0.9444522331615228,0.9444505689501371,0.9439681905398607
20.950000000000003,0.9444722986664876,0.9445187789602953,0.9444826679716514,0.9444878130152012,0.9445216130515484,0.9445200114384978,0.9440492646430797
21.0,0.9445409558813223,0.9445864177572705,0.9445510600351048,0.9445560379634785,0.9445891704649243,0.9445876273843533,0.9441283037857995
21.05,0.9446078104434567,0.9446522662715626,0.9446176545475904,0.9446224667664794,0.9446549399948307,0.9446534555659938,0.9442053455704283
21.1,0.9446728959572779,0.9447163627625731,0.9446824833566585,0.9446871391756111,0.9447189591145987,0.9447175294303802,0.9442804282838477
21.150000000000002,0.944736251420045,0.9447787463085868,0.9447455889785693,0.9447500907410354,0.9447812645062663,0.9447798909705765,0.9443535906173424
21.200000000000003,0.944797912735813,0.9448394490740819,0.9448070053935883,0.9448113570163663,0.9448418933357532,0.9448405706675161,0.9444248716840271
21.25,0.9448579168611053,0.9448985087783822,0.9448667686531449,0.9448709736013859,0.944900880815487,0.9448996105884067,0.9444943094450524
21.3,0.9449162981429198,0.9449559616601035,0.9449249144843199,0.944928978402396,0.9449582630529634,0.9449570435155251,0.9445619404066374
21.35,0.9449730929258349,0.9450118443599302,0.94498147965896,0.9449854057816622,0.945014076030646,0.9450129041957365,0.9446278022434877
21.400000000000002,0.9450283347785868,0.9450661893014649,0.9450364961051037,0.9450402883225143,0.9450683527602564,0.9450672281241301,0.9446919322844145
21.450000000000003,0.9450820571219938,0.9451190293712453,0.945089997689987,0.9450936607123354,0.9451211263216326,0.9451200478076646,0.9447543630549106
21.5,0.9451342959199557,0.945170398536975,0.9451420204108483,0.9451455566662355,0.9451724319886575,0.9451713953908254,0.9448151348478666
21.55,0.9451850831179025,0.9452203338042845,0.9451925965126221,0.9451960104199801,0.945222302713441,0.9452213100448938,0.9448742791333885
21.6,0.9452344517532881,0.9452688617850107,0.945241759042967,0.9452450530425212,0.9452707713425423,0.9452698187968431,0.9449318306924113
21.650000000000002,0.945282434632227,0.9453160202001707,0.945289538912334,0.9452927182622448,0.9453178697111575,0.9453169580263434,0.9449878293447395
21.700000000000003,0.9453290602111093,0.9453618386969022,0.9453359681046294,0.945339033597689,0.9453636288177819,0.9453627552875699,0.9450423036207608
21.75,0.9453743632694297,0.9454063450094671,0.9453810780886567,0.9453840348873361,0.9454080797824463,0.9454072439744972,0.9450952874314046
21.8,0.9454183715924488,0.945449574464041,0.9454248989474761,0.9454277501529763,0.9454512532366911,0.9454504537110577,0.945146813972248
21.85,0.9454611222700965,0.9454915575559106,0.9454674634118091,0.9454702128440247,0.9454931828748011,0.9454924173561858,0.9451969168893622
21.900000000000002,0.9455026358001272,0.9455323192923684,0.9455087974332221,0.9455114473790123,0.9455338922310363,0.945533160704487,0.9452456274907218
21.950000000000003,0.9455429478124324,0.945571892477794,0.9455489334076512,0.9455514867549877,0.9455734144007673,0.945572715832099,0.9452929766933699
22.0,0.9455820830480387,0.9456103052602935,0.9455878986470116,0.9455903575245898,0.9456117773097243,0.9456111094187192,0.9453389959169496
22.05,0.9456200753303365,0.9456475853939863,0.9456257223145125,0.9456280914687372,0.9456490097759546,0.9456483710287434,0.9453837155335116
22.1,0.9456569474986438,0.9456837597086475,0.9456624300116964,0.9456647121380966,0.945685137805961,0.9456845291729252,0.94542716681393
22.150000000000002,0.9456927284214544,0.945718857182211,0.9456980514946265,0.9457002476564935,0.9457201892906938,0.9457196088053669,0.9454693781775038
22.200000000000003,0.9457274457651239,0.9457529049925457,0.9457326127748866,0.9457347271831342,0.9457541928288371,0.9457536385728985,0.9455103786738581
22.25,0.9457611268186027,0.9457859283128915,0.9457661409089628,0.945768175399115,0.9457871735193585,0.9457866452645923,0.9455501971832596
22.3,0.945793794147272,0.9458179510874538,0.9457986602626385,0.9458006170939837,0.9458191549716763,0.9458186515892498,0.9455888627221812
22.35,0.945825476893674,0.9458490040279435,0.9458301987716105,0.9458320808577181,0.9458501664528882,0.9458496868632824,0.9456264002763033
22.400000000000002,0.9458561960849523,0.9458791052609712,0.9458607760305295,0.945862587317531,0.9458802281178593,0.9458797735910572,0.9456628390169015
22.450000000000003,0.9458859803073874,0.9459082854310384,0.9458904231033187,0.9458921648877402,0.9459093695893019,0.945908936642472,0.9456982076888818
22.5,0.945914853311854,0.9459365640032447,0.9459191620157825,0.9459208350044065,0.9459376113913309,0.9459372007028913,0.945732529904187
22.55,0.9459428364783569,0.9459639678000631,0.9459470137793743,0.94594862257348,0.9459649782345204,0.9459645870757096,0.9457658330362323
22.6,0.9459699545201385,0.9459905175119948,0.945974005337991,0.9459755500201322,0.9459914936125751,0.9459911224210217,0.9457981416073847
22.650000000000002,0.9459962281626384,0.9460162346512866,0.946000154932491,0.9460016389616076,0.9460171765348485,0.9460168239950728,0.9458294786488152
22.700000000000003,0.9460216826242503,0.94604114509572,0.9460254877937357,0.9460269132388159,0.9460420535601151,0.9460417196607478,0.9458598733351675
22.75,0.9460463384938876,0.9460652684844171,0.9460500249565118,0.9460513934087051,0.9460661446303281,0.9460658285812494,0.945889347515861
22.8,0.9460702149994631,0.9460886247567435,0.9460737873369706,0.9460751002249086,0.9460894689905337,0.9460891708381788,0.9459179219005267
22.85,0.9460933362815432,0.9461112360671641,0.9460967968190908,0.9460980558109378,0.9461120511817211,0.9461117687274258,0.9459456221423119
22.900000000000002,0.9461157221649497,0.9461331239397596,0.9461190729540301,0.9461202825967164,0.9461339101631253,0.9461336432605983,0.945972472459918
22.950000000000003,0.9461373895623884,0.9461543059175769,0.9461406346801275,0.946141795002581,0.9461550631345046,0.9461548113715256,0.9459984903935582
23.0,0.94615836117464,0.9461748032280135,0.9461615045774229,0.9461626166252046,0.9461755319966985,0.9461752950814672,0.9460237018194624
23.05,0.9461786567675667,0.9461946324394375,0.9461816997573014,0.9461827656258024,0.9461953354830747,0.9461951131012893,0.946048127420829
23.1,0.9461982965515736,0.9462138152898446,0.9462012404377353,0.9462022619501175,0.9462144944689388,0.9462142827513162,0.9460717877830114
23.150000000000002,0.9462172934675382,0.9462323708130609,0.9462201437133059,0.9462211224287043,0.946233023434563,0.9462328249554902,0.9460947030169917
23.200000000000003,0.9462356685322644,0.9462503123467201,0.9462384262978508,0.9462393644719692,0.9462509409205936,0.9462507550330586,0.9461168923494093
23.25,0.9462534396226439,0.9462676616421001,0.9462561084768291,0.9462570064986003,0.9462682654360945,0.9462680912106316,0.9461383767511963
23.3,0.9462706251490165,0.946284432545309,0.946273205860822,0.9462740663966724,0.9462850153035052,0.9462848511452047,0.9461591759168556
23.35,0.946287240131422,0.9463006443066575,0.9462897366391863,0.9462905586041852,0.9463012047359166,0.9463010512829098,0.9461793082231624
23.400000000000002,0.9463033007220842,0.94631631107865,0.946305714662841,0.9463065014687041,0.9463168502522528,0.9463167064427453,0.946198792328329
23.450000000000003,0.946318823693906,0.9463314504479965,0.9463211571211263,0.9463219108768515,0.9463319697236616,0.946331835515005,0.9462176452439799
23.5,0.9463338238888876,0.9463460766569574,0.9463360808999962,0.9463368014609439,0.9463465765196641,0.9463464519918309,0.9462358844175509
23.55,0.9463483181688513,0.9463602061459371,0.9463505000483173,0.9463511896044561,0.9463606856713147,0.9463605689616861,0.9462535292983697
23.6,0.9463623225093989,0.946373852822175,0.9463644303374239,0.9463650886282395,0.9463743142839482,0.9463742070257992,0.9462705946467842
23.650000000000002,0.9463758477739188,0.9463870325240408,0.9463778847428643,0.9463785140486196,0.9463874741948177,0.946387374622937,0.9462870975095569
23.700000000000003,0.9463889101085997,0.9463997555361956,0.9463908790874515,0.9463914801581407,0.9464001818059371,0.9464000894872406,0.9463030540779345
23.75,0.9464015239328413,0.9464120402245608,0.9464034252393246,0.9464039998898726,0.9464124485752357,0.9464123628432362,0.9463184804409503
23.8,0.946413702887201,0.9464238965497442,0.9464155395815484,0.9464160870950745,0.9464242894600194,0.9464242107490144,0.9463333897553563
23.85,0.9464254589243386,0.9464353404618897,0.946427233014333,0.9464277563091594,0.9464357168851452,0.9464356440469741,0.9463478004651391
23.900000000000002,0.9464368056307393,0.9464463804535218,0.9464385176650192,0.9464390164306384,0.9464467427406813,0.9464466763777222,0.9463617254821837
23.950000000000003,0.9464477569610421,0.9464570334366054,0.9464494097801704,0.9464498852784677,0.9464573820893213,0.9464573215716273,0.9463751799161948
24.0,0.9464583210950599,0.9464673096920743,0.946459916469533,0.946460371620184,0.9464676440422187,0.9464675888241463,0.9463881763255869
24.05,0.9464685154890495,0.9464772212249055,0.9464700554667338,0.9464704879841077,0.9464775427662998,0.9464774917106589,0.9464007297851552
24.1,0.9464783457259187,0.9464867796719902,0.9464798322802157,0.9464802450748049,0.9464870856687747,0.9464870406442927,0.946412852288784
24.150000000000002,0.9464878305680231,0.9464959946760697,0.9464892634272555,0.946489656425003,0.9464962901758126,0.9464962503114736,0.9464245582160735
24.200000000000003,0.9464969726742991,0.9465048785591909,0.9464983556224364,0.9464987296982565,0.946505161085591,0.9465051248799516,0.9464358596908471
24.25,0.946505788978345,0.9465134417436865,0.946507123010828,0.9465074796076612,0.9465137134377346,0.9465136806972818,0.9464467681506673
24.3,0.9465142876812226,0.9465216947604735,0.9465155736184488,0.9465159131334402,0.9465219549454555,0.946521927372971,0.9464572963155451
24.35,0.946522479123674,0.946529647553402,0.9465237197257491,0.9465240424334349,0.9465298964145642,0.9465298713965923,0.9464674559733846
24.400000000000002,0.9465303720371183,0.9465373084270227,0.9465315681857295,0.9465318749843217,0.9465375462391883,0.9465375262474931,0.9464772575577078
24.450000000000003,0.9465379786358654,0.9465446885740584,0.9465391305425191,0.9465394232633885,0.9465449168111026,0.946544899681744,0.9464867156975967
24.5,0.9465453056929911,0.946551796775617,0.9465464170485103,0.9465466946338467,0.9465520156505142,0.9465520006650522,0.9464958361050049
24.55,0.9465523643932683,0.9465586419791636,0.9465534349046735,0.9465536995336701,0.9465588512475855,0.9465588402863769,0.9465046325247721
24.6,0.9465591626534346,0.946565233277918,0.9465601932350751,0.9465604440066709,0.9465654319658138,0.9465654227309507,0.9465131137747291
24.650000000000002,0.9465657084877398,0.9465715775784409,0.9465667017779732,0.9465669405927484,0.9465717689681548,0.9465717620717541,0.9465212920610356
24.700000000000003,0.9465720125380844,0.9465776840031219,0.9465729694881818,0.9465731942573874,0.94657786805517,0.9465778632092927,0.9465291748232729
24.75,0.9465780792680192,0.9465835622872993,0.9465790002553398,0.946579214101006,0.9465837365868409,0.9465837339827006,0.9465367723107914
24.8,0.946583919200859,0.9465892172798523,0.9465848060352664,0.9465850091028098,0.9465893846812761,0.9465893845051038,0.9465440938668747
24.85,0.9465895383326105,0.9465946584309988,0.9465903919675309,0.9465905857239282,0.9465948185757903,0.9465948199854455,0.9465511493630139
24.900000000000002,0.9465949473494244,0.9465998909269683,0.946595768261777,0.9465959508961992,0.9466000456864816,0.9466000483281277,0.9465579446446396
24.950000000000003,0.9466001489352558,0.946604925331856,0.946600939634524,0.9466011125834314,0.9466050719714602,0.9466050760458834,0.9465644912481858
25.0,0.9466051542063064,0.9466097664355763,0.9466059151899877,0.9466060792672453,0.9466099065087787,0.9466099134809774,0.9465707955133307
25.05,0.9466099661572763,0.9466144197540236,0.94661069770136,0.9466108527622994,0.9466145536462508,0.9466145619098016,0.946576866580185
25.1,0.9466145951540161,0.946618894723405,0.9466152992069559,0.9466154465226463,0.9466190223449559,0.9466190308995215,0.9465827110717748
25.150000000000002,0.9466190449276811,0.9466231953542243,0.9466197225580967,0.9466198611415728,0.9466233174784615,0.9466233283298209,0.946588339163514
25.200000000000003,0.9466233229675205,0.946627328313558,0.946623974062132,0.9466241050429213,0.9466274452402638,0.9466274571407438,0.9465937540077365
25.25,0.9466274341846883,0.9466312995489576,0.9466280604251687,0.9466281849011476,0.9466314119045356,0.9466314229352575,0.9465989665830495
25.3,0.9466313846055043,0.9466351153997681,0.9466319865907935,0.9466321055349762,0.9466352209813031,0.9466352331346681,0.946603980577393
25.35,0.9466351818889371,0.9466387800573548,0.9466357612537013,0.946635871518766,0.9466388812711305,0.9466388950030284,0.9466088052426329
25.400000000000002,0.9466388302435438,0.9466423004992242,0.9466393864744191,0.9466394900848297,0.9466423970222413,0.9466424117834309,0.9466134478048533
25.450000000000003,0.946642333800136,0.9466456801925576,0.9466428672258453,0.9466429659373794,0.9466457717893066,0.946645787597828,0.9466179090709643
25.5,0.9466456984228325,0.9466489264562826,0.9466462117270105,0.9466463060955448,0.9466490135316399,0.9466490299528034,0.946622202034135
25.55,0.9466489307946205,0.9466520410950392,0.9466494234780198,0.9466495106347771,0.9466521247944901,0.9466521413939991,0.9466263289565567
25.6,0.9466520340245292,0.9466550316613447,0.9466525075510925,0.946652589782177,0.9466551127687817,0.9466551278029279,0.9466302951772941
25.650000000000002,0.9466550131706637,0.9466579021330968,0.9466554679374197,0.9466555443535144,0.9466579784655511,0.9466579953438952,0.9466341100940947
25.700000000000003,0.9466578720354283,0.9466606568433698,0.9466583081850131,0.9466583813564851,0.9466607288238968,0.9466607470622032,0.9466377743806937
25.75,0.9466606157863561,0.9466632992539756,0.9466610350408432,0.9466611031015801,0.9466633678126928,0.9466633847524213,0.9466412963423801
25.8,0.94666324737678,0.9466658329859773,0.9466636496731106,0.9466637143487273,0.9466658982403414,0.9466659162048652,0.9466446786659444
25.85,0.9466657739492028,0.9466682618985619,0.9466661596619028,0.9466662201687546,0.9466683253164903,0.9466683425184536,0.9466479284449638
25.900000000000002,0.9466681975966543,0.9466705937612937,0.9466685675319647,0.9466686239981924,0.946670653717601,0.9466706705862942,0.9466510494662377
25.950000000000003,0.9466705204440102,0.946672828336409,0.9466708758288379,0.9466709295638365,0.9466728852533222,0.9466729040820673,0.9466540467348928
26.0,0.9466727498109032,0.9466749706390767,0.9466730903743212,0.946673139750783,0.9466750246742428,0.9466750433383491,0.9466569264548673
26.05,0.9466748856075938,0.9466770255339765,0.9466752130239156,0.9466752602940287,0.9466770765436116,0.946677093016292,0.9466596883775883
26.1,0.9466769341925338,0.9466789927805964,0.9466772486033662,0.9466772915353714,0.946679041157271,0.9466790587562639,0.9466623399392922
26.150000000000002,0.9466788972136134,0.9466808784654401,0.9466791981206022,0.9466792394702725,0.946680925202583,0.946680942629982,0.9466648872152331
26.200000000000003,0.9466807792846692,0.9466826850906132,0.9466810672369719,0.9466811053287547,0.9466827281483992,0.9466827470637011,0.9466673275922481
26.25,0.9466825825574241,0.9466844153630396,0.9466828587293405,0.9466828943896738,0.9466844570523386,0.9466844743553919,0.9466696717036931
26.3,0.946684309904387,0.9466860721978188,0.9466845739498857,0.946684607553663,0.9466861111422943,0.9466861304048529,0.9466719187205191
26.35,0.9466859652999529,0.9466876599883414,0.9466862193054942,0.9466862498678874,0.9466876984951723,0.9466877151472599,0.9466740754473968
26.400000000000002,0.9466875502079752,0.9466891800441083,0.9466877930605512,0.94668782157123,0.9466892147907071,0.9466892336538997,0.9466761430199271
26.450000000000003,0.9466890670068902,0.9466906346921076,0.9466892999077069,0.9466893271707251,0.946690668066468,0.9466906858327028,0.9466781266161977
26.5,0.9466905205085482,0.9466920268540449,0.9466907431579157,0.9466907678887718,0.9466920580976063,0.9466920754851444,0.9466800266239167
26.55,0.9466919117196915,0.9466933591112785,0.9466921254323137,0.9466921482593059,0.9466933897110519,0.946693405718904,0.9466818481670269
26.6,0.9466932438710528,0.946694634070409,0.946693447317303,0.9466934701915686,0.9466946641768907,0.9466946796462281,0.9466835947037375
26.650000000000002,0.9466945186736622,0.9466958534851426,0.9466947140649378,0.9466947340338587,0.9466958821025521,0.9466958979192974,0.9466852685249997
26.700000000000003,0.9466957374454461,0.9466970218218154,0.9466959246369765,0.946695943558726,0.9466970469479546,0.9466970630022468,0.946686871058755
26.75,0.9466969054356573,0.9466981374419157,0.9466970830870653,0.9466971006860828,0.9466981611400531,0.9466981774866443,0.9466884082139628
26.8,0.9466980210984997,0.946699202372361,0.9466981922948192,0.946698207372388,0.9466992271988556,0.9466992416205844,0.9466898781717437
26.85,0.9466990885203765,0.9467002243604902,0.9466992522138669,0.9466992679179947,0.9467002471835158,0.9467002621000389,0.9466912869673056
26.900000000000002,0.946700108222328,0.9467011990774696,0.9467002649058447,0.9467002789596286,0.9467012200793575,0.9467012354756501,0.9466926370830676
26.950000000000003,0.9467010833908976,0.9467021318435078,0.9467012333115652,0.9467012455473145,0.9467021504373129,0.9467021661312149,0.9466939278809231
27.0,0.9467020174915313,0.9467030221775099,0.9467021607914887,0.9467021724267904,0.9467030411980202,0.9467030543012238,0.9466951649577697
27.05,0.9467029099951662,0.9467038742479985,0.9467030472071329,0.9467030565376023,0.9467038912545718,0.946703905946075,0.9466963479303565
27.1,0.9467037622772372,0.9467046874640549,0.9467038931744765,0.9467039021904966,0.9467047031872383,0.9467047169523071,0.9466974802408921
27.150000000000002,0.9467045762043496,0.9467054642522357,0.9467047021127937,0.9467047100470936,0.9467054791331894,0.9467054933130832,0.9466985645984264
27.200000000000003,0.9467053554948757,0.9467062058853917,0.9467054749623135,0.9467054821978736,0.9467062207333959,0.9467062338024114,0.9466996010956918
27.25,0.9467060979094902,0.9467069145979461,0.946706213275559,0.946706218966083,0.9467069280677212,0.9467069396583894,0.946700592654456
27.3,0.9467068084213611,0.9467075910006268,0.9467069171056317,0.9467069235339018,0.9467076037404791,0.9467076164655541,0.9467015401887714
27.35,0.9467074860871671,0.9467082362521743,0.9467075907789029,0.9467075968616839,0.9467082491799039,0.9467082604857041,0.9467024476049035
27.400000000000002,0.9467081340346298,0.946708852805614,0.9467082340620252,0.9467082389507151,0.9467088650850539,0.9467088761170841,0.9467033145417594
27.450000000000003,0.9467087526792832,0.9467094406073288,0.9467088480021932,0.9467088515833604,0.9467094516348638,0.9467094624758196,0.9467041429482519
27.5,0.946709343375798,0.9467100021583585,0.9467094342587232,0.9467094374193467,0.9467100128814975,0.946710023452692,0.9467049349026466
27.55,0.9467099062273963,0.9467105373940116,0.9467099920475079,0.9467099962529575,0.9467105479207517,0.9467105583712967,0.9467056924324753
27.6,0.9467104429060322,0.9467110485897416,0.9467105260804688,0.9467105293404219,0.9467110582100411,0.9467110676787741,0.9467064157641141
27.650000000000002,0.9467109547815432,0.9467115354971863,0.9467110336789721,0.9467110359364862,0.9467115428971635,0.946711552997672,0.9467071063723268
27.700000000000003,0.9467114455643117,0.9467120000605174,0.9467115201276011,0.9467115225887343,0.9467120083717152,0.9467120180883912,0.9467077661040342
27.75,0.9467119108897539,0.9467124426973197,0.94671198385016,0.9467119837438065,0.9467124495955379,0.9467124598611687,0.9467083974269401
27.8,0.946712356462348,0.9467128651790778,0.9467124248303732,0.9467124265723148,0.9467128720107735,0.9467128811493468,0.9467089995186145
27.85,0.9467127802197186,0.9467132671146452,0.9467128447654303,0.9467128466229466,0.9467132732043653,0.9467132833874681,0.9467095738458672
27.900000000000002,0.9467131856814655,0.9467136516161239,0.9467132473454926,0.9467132486914901,0.946713657904183,0.9467136660114575,0.9467101236962383
27.950000000000003,0.9467135708449774,0.946714016544068,0.94671363046953,0.9467136306820003,0.9467140226465645,0.9467140308915782,0.9467106478268739
28.0,0.9467139373521469,0.946714364208696,0.9467139950153187,0.9467139949803087,0.9467143694533952,0.9467143780141349,0.9467111458217949
28.05,0.9467142886899884,0.9467146955831225,0.9467143427915619,0.9467143419529805,0.9467147018301904,0.9467147087240777,0.946711623867142
28.1,0.9467146214803399,0.9467150128149904,0.9467146731817376,0.9467146735146277,0.9467150174395434,0.9467150252720338,0.946712079186249
28.150000000000002,0.9467149386903053,0.9467153121262952,0.9467149888211562,0.9467149876717074,0.9467153170810824,0.9467153239047937,0.9467125129411887
28.200000000000003,0.9467152418968917,0.9467155975077016,0.9467152883629469,0.9467152876024012,0.9467156025369661,0.9467156100004868,0.9467129272253239
28.25,0.9467155299630171,0.9467158709999075,0.9467155746284903,0.9467155735623523,0.946715874978651,0.9467158818769128,0.946713321473664
28.3,0.9467158044411548,0.946716130237482,0.9467158464237881,0.9467158452278144,0.9467161323754021,0.9467161407479792,0.9467136992278414
28.35,0.9467160665381831,0.9467163779307131,0.9467161070698037,0.9467161059705951,0.9467163814174433,0.9467163870636204,0.9467140576954756
28.400000000000002,0.9467163152250352,0.9467166117066723,0.9467163531401501,0.9467163525928395,0.9467166158995612,0.9467166218695809,0.9467143990005074
28.450000000000003,0.9467165516234957,0.9467168365871296,0.9467165881902151,0.9467165879954818,0.9467168390308534,0.9467168444847154,0.9467147255681365
28.5,0.946716776781266,0.9467170474624345,0.9467168116823604,0.9467168107665151,0.9467170512104435,0.9467170567667856,0.9467150355707599
28.55,0.946716991369454,0.9467172506921311,0.9467170248527133,0.946717023168367,0.9467172536179732,0.9467172596003959,0.94671533207678
28.6,0.9467171952522043,0.9467174420515502,0.9467172265606785,0.9467172259423594,0.9467174453094347,0.9467174511758976,0.946715614431837
28.650000000000002,0.9467173893031693,0.946717624774285,0.9467174196455864,0.9467174173741716,0.9467176274542273,0.9467176333496572,0.9467158823328892
28.700000000000003,0.9467175734994531,0.9467177997265077,0.9467176020258168,0.9467176010928253,0.9467178014197681,0.9467178072359559,0.9467161386095658
28.75,0.946717747755816,0.9467179635660792,0.9467177749528833,0.9467177736670587,0.9467179650127413,0.9467179721776775,0.9467163823022393
28.8,0.9467179149369779,0.9467181194780747,0.9467179414053892,0.9467179396434323,0.9467181222345368,0.9467181268159636,0.9467166147238254
28.85,0.9467180728838185,0.9467182705763417,0.946718097967624,0.9467180969772002,0.9467182706767882,0.9467182766921916,0.9467168344758607
28.900000000000002,0.9467182245117907,0.9467184108915487,0.9467182474428709,0.9467182464957878,0.9467184122497847,0.946718416942321,0.9467170459404575
28.950000000000003,0.9467183683223231,0.9467185462458692,0.9467183907689224,0.9467183885108439,0.9467185480869518,0.9467185523574859,0.9467172457749287
29.0,0.9467185034700425,0.9467186740498019,0.9467185244062757,0.9467185231728479,0.9467186745855678,0.9467186792324184,0.946717435252335
29.05,0.946718632540944,0.9467187950950054,0.9467186525304986,0.9467186523854696,0.9467187970179336,0.9467188002569553,0.9467176156624143
29.1,0.9467187547540957,0.946718910057422,0.9467187738792626,0.9467187729621945,0.9467189105796514,0.9467189158734128,0.9467177887203795
29.150000000000002,0.9467188724593094,0.9467190191048371,0.9467188912188678,0.9467188889605067,0.9467190211259516,0.946719024536083,0.9467179522772619
29.200000000000003,0.9467189821754253,0.9467191229635308,0.9467189999146035,0.9467189982324117,0.9467191239790282,0.9467191283538892,0.9467181080099731
29.25,0.9467190879686191,0.9467192220539205,0.9467191043652721,0.9467191029144804,0.946719222623261,0.9467192254726927,0.946718255575117
29.3,0.9467191874516678,0.9467193155925372,0.9467192028418023,0.9467192019157599,0.946719315564037,0.9467193195426618,0.9467183957709232
29.35,0.9467192837335171,0.9467194034862683,0.9467192978040371,0.9467192961130764,0.9467194050475944,0.9467194069819287,0.9467185298967026
29.400000000000002,0.9467193722609992,0.9467194877580127,0.9467193864908785,0.9467193850154513,0.9467194886291815,0.9467194917324733,0.9467186568089656
29.450000000000003,0.9467194582288987,0.9467195672665973,0.9467194716021539,0.9467194699377403,0.9467195685265831,0.9467195711150523,0.946718776215944
29.5,0.9467195390917548,0.9467196439469763,0.9467195520542453,0.9467195500372861,0.9467196444475334,0.9467196467044421,0.9467188921679419
29.55,0.946719615335485,0.94671971576079,0.9467196264928641,0.9467196259863291,0.9467197156005492,0.9467197183536004,0.9467190016214861
29.6,0.9467196888129239,0.9467197824453649,0.9467197000102102,0.9467196986172586,0.9467197840673973,0.9467197866705095,0.9467191048569868
29.650000000000002,0.9467197578473342,0.9467198481980266,0.9467197688307889,0.9467197673432205,0.9467198487138839,0.946719851321627,0.9467192033968532
29.700000000000003,0.9467198231122773,0.9467199097954758,0.9467198328872406,0.9467198320667032,0.9467199093397063,0.9467199122023429,0.9467192975335248
29.75,0.9467198845500178,0.9467199660885042,0.9467198943244863,0.9467198945160796,0.9467199672497981,0.9467199690240344,0.946719385108685
29.8,0.9467199441439104,0.9467200224528742,0.9467199529722002,0.9467199519312721,0.9467200217553258,0.9467200243883523,0.9467194695686887
29.85,0.9467200000456188,0.9467200729843432,0.9467200089208375,0.9467200070547395,0.9467200740359467,0.9467200758659264,0.9467195485766774
29.900000000000002,0.9467200532076749,0.9467201235543513,0.9467200614348924,0.9467200595975491,0.9467201235059368,0.9467201251676252,0.9467196260851124
29.950000000000003,0.9467201018866912,0.9467201683443706,0.9467201081500565,0.9467201080315388,0.9467201689183813,0.9467201719016005,0.9467196962823918
30.0,0.9467201497343694,0.9467202130580712,0.9467201568834709,0.9467201563802687,0.9467202133285565,0.9467202145411151,0.9467197648408049
30.05,0.9467201944856749,0.9467202553914746,0.9467202014696953,0.946720201027389,0.9467202552858472,0.9467202567709535,0.9467198291056375
30.1,0.9467202361874018,0.9467202942135762,0.9467202427562496,0.9467202425571865,0.9467202943780872,0.9467202961049108,0.9467198917638331
30.150000000000002,0.9467202773792879,0.9467203321642013,0.9467202830398112,0.9467202825793459,0.9467203318432312,0.9467203340050128,0.9467199489279428
30.200000000000003,0.9467203135888678,0.9467203668353449,0.9467203202261589,0.9467203192400069,0.9467203661745174,0.9467203687501533,0.9467200032839762
30.25,0.9467203512916458,0.9467204001517795,0.9467203573812768,0.9467203563985518,0.9467204010233841,0.9467204018731785,0.9467200561240015
30.3,0.946720386066948,0.9467204319447904,0.9467203910145569,0.9467203897860541,0.9467204324668963,0.9467204330982634,0.9467201057594336
30.35,0.9467204182713861,0.946720461494746,0.946720423354966,0.9467204221430422,0.9467204628805558,0.9467204630230325,0.9467201520097305
30.400000000000002,0.9467204481771325,0.9467204909241262,0.9467204524610431,0.9467204520148486,0.9467204900970907,0.9467204925846959,0.946720196771134
30.450000000000003,0.9467204783664586,0.9467205165761695,0.9467204820970175,0.9467204808119867,0.9467205178163858,0.9467205183541945,0.9467202394174846
30.5,0.9467205041069917,0.9467205434953382,0.946720508021349,0.9467205078266769,0.9467205420203253,0.9467205441902774,0.946720278226699
30.55,0.9467205305229297,0.9467205663286329,0.9467205346968535,0.9467205341317807,0.9467205671563066,0.946720567387391,0.9467203170880967
30.6,0.9467205549855253,0.9467205887116545,0.9467205590565828,0.9467205572157669,0.9467205886903942,0.9467205894665381,0.9467203523905452
30.650000000000002,0.9467205786200024,0.9467206093811805,0.9467205816110473,0.9467205809789888,0.9467206107799102,0.9467206115765041,0.946720385713125
30.700000000000003,0.9467205995299088,0.9467206295747509,0.946720602941183,0.9467206020560461,0.9467206302448001,0.9467206305803186,0.9467204174880915
30.75,0.946720620153451,0.9467206489580042,0.9467206228068974,0.9467206224062739,0.9467206492666852,0.9467206498249187,0.946720448934476
30.8,0.9467206392621219,0.9467206668643384,0.9467206420781179,0.9467206414462059,0.9467206671605384,0.9467206685101925,0.9467204770002682
30.85,0.9467206578172266,0.9467206845431925,0.9467206604589038,0.9467206602329625,0.9467206837383626,0.9467206850093121,0.9467205041878566
30.900000000000002,0.9467206743896308,0.9467207009120422,0.9467206782220466,0.9467206768109304,0.9467207002422142,0.946720702066541,0.94672053013669
30.950000000000003,0.9467206921950324,0.9467207166170672,0.9467206942651083,0.9467206945391837,0.9467207159244972,0.9467207168649496,0.9467205538289567
31.0,0.9467207067862501,0.9467207299044733,0.9467207093158021,0.9467207090065775,0.9467207296301204,0.9467207310937077,0.9467205770083144
31.05,0.9467207225364519,0.9467207423594557,0.9467207247459873,0.946720724424261,0.9467207445135042,0.9467207434891267,0.946720598979079
31.1,0.946720736486867,0.9467207556425041,0.9467207387792304,0.946720737986267,0.9467207560543922,0.9467207567562406,0.9467206194113915
31.150000000000002,0.9467207491961238,0.9467207686910365,0.9467207506855494,0.9467207512580254,0.9467207679859366,0.9467207691612625,0.9467206388103
31.200000000000003,0.9467207610036705,0.9467207798710544,0.9467207629666128,0.9467207625843057,0.9467207788140296,0.9467207795705954,0.9467206573820044
31.25,0.9467207732406282,0.9467207905588636,0.9467207747111288,0.9467207739041099,0.9467207898292078,0.9467207907405926,0.9467206745831296
31.3,0.9467207841797894,0.9467207998424103,0.9467207853584542,0.9467207860752358,0.9467208007744535,0.9467208009217329,0.9467206921477673
31.35,0.9467207938355129,0.9467208091930491,0.9467207956551563,0.9467207956003345,0.9467208094224673,0.9467208101559074,0.9467207066844987
31.400000000000002,0.9467208041221609,0.946720819141293,0.9467208063661068,0.9467208059094331,0.9467208188745002,0.9467208198861059,0.9467207212997326
31.450000000000003,0.9467208137365489,0.9467208264755462,0.9467208155109377,0.9467208141996108,0.9467208272611378,0.9467208273774033,0.9467207349679763
31.5,0.9467208220086419,0.9467208352582728,0.9467208228477609,0.9467208223681767,0.9467208344189096,0.9467208348927623,0.9467207475811217
31.55,0.9467208298616606,0.9467208422487425,0.94672083144721,0.9467208311252717,0.9467208424137332,0.9467208429361086,0.946720759256175
31.6,0.9467208376094245,0.9467208491933028,0.9467208381292096,0.9467208387956015,0.946720849074057,0.9467208496781492,0.9467207714673236
31.650000000000002,0.9467208453040272,0.9467208561901514,0.9467208459652086,0.9467208452418894,0.9467208550825115,0.9467208557775922,0.9467207821670071
31.700000000000003,0.9467208521626665,0.9467208623189725,0.9467208534661264,0.9467208527154831,0.9467208618191073,0.946720862605722,0.9467207925747908
31.75,0.9467208577178905,0.946720867604721,0.946720858325053,0.9467208581057731,0.9467208674738907,0.9467208679547927,0.9467208032404589
31.8,0.9467208648018197,0.9467208734773318,0.9467208657649211,0.9467208643909059,0.9467208736014388,0.9467208736920109,0.9467208118898378
31.85,0.9467208695228511,0.9467208793922459,0.9467208707564858,0.9467208701883484,0.9467208776689826,0.946720879161648,0.9467208206902726
31.900000000000002,0.9467208754046744,0.9467208828888181,0.9467208763782652,0.9467208760430921,0.946720883971871,0.9467208838433849,0.946720828185373
31.950000000000003,0.9467208803158331,0.9467208889896643,0.9467208810650161,0.9467208808985411,0.9467208884370644,0.9467208882794002,0.9467208375233762
32.0,0.9467208859619574,0.9467208929598663,0.9467208864388164,0.9467208860680263,0.946720892526937,0.9467208930407044,0.9467208441159493
32.050000000000004,0.9467208889834045,0.946720895925094,0.9467208899450813,0.9467208904386702,0.9467208966329355,0.9467208964885275,0.9467208512562291
32.1,0.9467208955418016,0.9467209007714164,0.9467208956467299,0.9467208949399037,0.9467209018191756,0.9467209012190614,0.9467208568193142
32.15,0.9467208986445967,0.9467209040505011,0.9467208993652507,0.9467208986259208,0.946720903962,0.9467209044327862,0.9467208643095143
32.2,0.9467209016659107,0.9467209072590262,0.9467209025728534,0.946720902283608,0.946720908073454,0.9467209076549711,0.9467208688473239
32.25,0.946720906337055,0.9467209116323672,0.9467209064371758,0.9467209056920161,0.9467209116781801,0.9467209117156609,0.9467208755275105
32.300000000000004,0.9467209088064651,0.9467209137011321,0.946720909286374,0.9467209094092406,0.9467209136116346,0.9467209141851076,0.9467208794762152
32.35,0.9467209116293971,0.9467209167132924,0.9467209121082295,0.9467209126568221,0.9467209171953566,0.9467209174445619,0.9467208838387159
32.4,0.946720914199608,0.9467209192706703,0.9467209148131556,0.946720914740415,0.9467209196198405,0.9467209194693602,0.9467208901790678
32.45,0.946720918542271,0.9467209212605525,0.9467209187794358,0.9467209177724223,0.9467209220390231,0.9467209222833273,0.9467208934809563
32.5,0.9467209208564521,0.9467209242842123,0.9467209210543105,0.9467209204495588,0.9467209241207357,0.9467209241006856,0.9467208962026132
32.550000000000004,0.9467209225269271,0.9467209268155257,0.946720922467351,0.9467209232445968,0.9467209269320399,0.9467209271805794,0.9467209022429623
32.6,0.94672092481074,0.9467209280686777,0.9467209253959187,0.9467209251687136,0.9467209290691525,0.9467209287503877,0.9467209045222742
32.65,0.9467209267456768,0.9467209299076975,0.9467209278792732,0.9467209265746059,0.9467209298505368,0.9467209299504304,0.9467209076977301
32.7,0.9467209297543179,0.9467209324693568,0.9467209298231504,0.9467209292373526,0.9467209324477761,0.9467209322291145,0.9467209108929052
32.75,0.94672093150061,0.9467209344068506,0.9467209312200124,0.946720931637426,0.9467209341544538,0.9467209347354286,0.9467209139551857
32.800000000000004,0.9467209331063136,0.9467209359524783,0.946720932927681,0.9467209334508011,0.946720936406619,0.9467209362709439,0.9467209166998738
32.85,0.9467209349912116,0.9467209376902943,0.9467209350825856,0.9467209344394995,0.9467209374565748,0.9467209373470516,0.9467209199980614
32.9,0.9467209360557494,0.94672093837318,0.9467209367931684,0.9467209363058489,0.9467209386084633,0.9467209386186337,0.9467209223617867
32.95,0.946720937223507,0.9467209395211551,0.9467209378071533,0.946720937730269,0.9467209398796863,0.9467209398255997,0.9467209242781094
33.0,0.946720937912747,0.946720940196148,0.9467209381980646,0.9467209382887163,0.9467209403338683,0.9467209407128316,0.9467209271285679
33.050000000000004,0.946720939727255,0.9467209407841212,0.9467209398566309,0.9467209389503362,0.9467209414755069,0.9467209410064845,0.9467209280071176
33.1,0.9467209422677828,0.9467209439506964,0.9467209418023045,0.9467209413337907,0.9467209427623704,0.9467209434957904,0.9467209299151984
33.15,0.9467209432118768,0.9467209451606038,0.9467209426251313,0.9467209433081264,0.9467209448829852,0.9467209449227405,0.9467209318627932
33.2,0.9467209443230266,0.9467209467598281,0.9467209444021271,0.946720944988147,0.9467209465494674,0.9467209469100935,0.9467209339784641
33.25,0.9467209449816709,0.9467209473231804,0.9467209453037527,0.9467209461374264,0.946720947515042,0.9467209475727872,0.946720936013936
33.300000000000004,0.9467209457807912,0.9467209474040592,0.9467209465789871,0.9467209467085722,0.946720948005513,0.9467209476650518,0.9467209367526734
33.35,0.9467209466392267,0.9467209480212224,0.9467209470792094,0.9467209472253861,0.9467209482603134,0.9467209481676591,0.9467209385795573
33.4,0.9467209474140855,0.9467209486046033,0.9467209476679066,0.9467209474671194,0.94672094861487,0.9467209489915026,0.9467209408823911
33.45,0.9467209482550145,0.94672094861153,0.946720948511156,0.9467209475487379,0.9467209493741804,0.9467209489971775,0.946720941280466
33.5,0.9467209492486446,0.9467209502160976,0.9467209492537928,0.9467209478327161,0.9467209495024391,0.9467209498686742,0.946720942989173
33.550000000000004,0.946720949409568,0.9467209502292409,0.9467209494015728,0.9467209486941401,0.9467209502160832,0.9467209502009836,0.9467209437662878
33.6,0.9467209494571098,0.9467209509229849,0.9467209494737212,0.9467209494341745,0.9467209508067597,0.9467209509494535,0.9467209439174902
33.65,0.9467209496271761,0.9467209509317958,0.9467209496248559,0.9467209496042407,0.9467209508124347,0.9467209509494535,0.9467209450710803
33.7,0.9467209497443867,0.9467209510329606,0.9467209497758828,0.9467209497291463,0.9467209509135994,0.9467209510506184,0.9467209451407488
33.75,0.946720950143095,0.9467209510881979,0.9467209501722709,0.9467209501278546,0.9467209509508816,0.9467209511098312,0.9467209459127042
33.800000000000004,0.9467209501879693,0.9467209511116176,0.9467209502171452,0.9467209502602492,0.9467209510225462,0.9467209512422257,0.9467209463680233
33.85,0.9467209508470512,0.9467209514716257,0.9467209507179657,0.9467209507494821,0.9467209513921984,0.9467209513029028,0.9467209464155981
33.9,0.9467209526014695,0.9467209535580475,0.9467209518892459,0.9467209528640949,0.9467209525531232,0.9467209532236943,0.9467209471955182
33.95,0.946720953095501,0.9467209542291456,0.9467209525167507,0.9467209538928316,0.9467209539807093,0.946720954014949,0.9467209486069568
34.0,0.9467209541591088,0.9467209552668132,0.9467209542215977,0.9467209550338048,0.9467209550708617,0.9467209552550835,0.9467209493518459
34.050000000000004,0.9467209548406885,0.9467209556923188,0.946720955187377,0.9467209559941239,0.946720955993479,0.9467209559169291,0.9467209506173826
34.1,0.9467209554690932,0.9467209557712978,0.9467209562696095,0.9467209563952034,0.9467209564839503,0.9467209560064698,0.9467209517317754
34.15,0.9467209563029219,0.9467209563872092,0.9467209567452249,0.9467209568644749,0.9467209567037884,0.9467209565090773,0.9467209527276845
34.2,0.9467209568824588,0.9467209569617789,0.9467209571409205,0.9467209570059701,0.9467209570909867,0.9467209573289448,0.9467209543379222
34.25,0.9467209576512394,0.946720956969354,0.9467209579097011,0.9467209570154405,0.9467209578502971,0.9467209573346197,0.9467209543473926
34.300000000000004,0.9467209585469517,0.9467209585651104,0.9467209585544202,0.9467209571310233,0.9467209579412736,0.9467209582048648,0.946720955301739
34.35,0.9467209587055547,0.9467209585782539,0.9467209586998798,0.9467209579924472,0.9467209586572377,0.9467209585361056,0.9467209563778951
34.4,0.9467209587078751,0.9467209591316481,0.9467209586998798,0.9467209585458416,0.9467209592106318,0.9467209592856439,0.9467209569127522
34.45,0.9467209587324814,0.9467209592719978,0.9467209587301613,0.9467209587324814,0.9467209592163068,0.9467209592856439,0.946720956918427
34.5,0.9467209587324814,0.9467209592789086,0.9467209587301613,0.9467209587324814,0.9467209592163068,0.9467209592856439,0.946720956918427
34.550000000000004,0.9467209587324814,0.9467209592789086,0.9467209587324814,0.9467209587324814,0.9467209592163068,0.9467209592856439,0.946720956918427
34.6,0.9467209588779412,0.9467209592808088,0.9467209588779412,0.9467209588779412,0.9467209592512688,0.9467209592856439,0.9467209569233768
34.65,0.9467209588779412,0.9467209592808088,0.9467209588779412,0.9467209588779412,0.9467209592512688,0.9467209592856439,0.9467209569233768
34.7,0.9467209589254832,0.9467209592808088,0.9467209589254832,0.9467209588779412,0.946720959253589,0.9467209592868957,0.9467209569233768
34.75,0.9467209589254832,0.9467209592808088,0.9467209589254832,0.9467209588779412,0.946720959253589,0.9467209592868957,0.946720958066342
34.800000000000004,0.9467209589254832,0.9467209592808088,0.9467209589254832,0.9467209588779412,0.946720959253589,0.9467209592868957,0.946720958066342
34.85,0.9467209589254832,0.9467209592808088,0.9467209589254832,0.9467209589254832,0.946720959253589,0.9467209592868957,0.946720958066342
34.9,0.9467209589254832,0.9467209592808088,0.9467209589254832,0.9467209589254832,0.946720959253589,0.9467209592868957,0.946720958066342
34.95,0.9467209589254832,0.9467209592808088,0.9467209589254832,0.9467209589254832,0.946720959253589,0.9467209592868957,0.9467209580712919
35.0,0.9467209590709429,0.9467209592808088,0.9467209590709429,0.9467209590709429,0.946720959253589,0.9467209592868957,0.9467209581429563
35.050000000000004,0.9467209590709429,0.9467209592808088,0.9467209590709429,0.9467209590709429,0.946720959253589,0.9467209592868957,0.9467209581429563
35.1,0.9467209590709429,0.9467209592808088,0.9467209590709429,0.9467209590955495,0.946720959253589,0.9467209592868957,0.9467209581429563
35.15,0.9467209590709429,0.9467209592808088,0.9467209590709429,0.9467209590978698,0.946720959253589,0.9467209592868957,0.9467209581429563
35.2,0.9467209590732631,0.9467209592808088,0.9467209590709429,0.9467209590978698,0.946720959253589,0.9467209592896196,0.9467209581429563
35.25,0.9467209590978698,0.9467209592820605,0.9467209590955495,0.9467209590978698,0.946720959253589,0.9467209592896196,0.9467209581429563
35.300000000000004,0.9467209590978698,0.9467209592889713,0.9467209590955495,0.9467209590978698,0.946720959253589,0.9467209592896196,0.9467209581429563
35.35,0.9467209590978698,0.9467209592889713,0.9467209590978698,0.9467209590978698,0.946720959253589,0.9467209592896196,0.9467209581429563
35.4,0.9467209590978698,0.9467209592908714,0.9467209590978698,0.9467209590978698,0.946720959288551,0.9467209592896196,0.9467209581429563
35.45,0.9467209590978698,0.9467209592908714,0.9467209590978698,0.9467209590978698,0.946720959288551,0.9467209592896196,0.9467209581429563
35.5,0.9467209591454118,0.9467209592908714,0.9467209591454118,0.9467209590978698,0.9467209592908714,0.9467209592908714,0.9467209581429563
35.550000000000004,0.9467209591454118,0.9467209592908714,0.9467209591454118,0.9467209590978698,0.9467209592908714,0.9467209592908714,0.9467209592859216
35.6,0.9467209591454118,0.9467209592908714,0.9467209591454118,0.9467209590978698,0.9467209592908714,0.9467209592908714,0.9467209592859216
35.65,0.9467209591454118,0.9469597944486066,0.9467209591454118,0.9467209591454118,0.9467209592908714,0.9469597944486066,0.9467209592859216
35.7,0.9467910011514232,0.9469672005932597,0.9467910011514232,0.9467910595466075,0.9467276540230956,0.9469672589884439,0.9467209592859216
35.75,0.9467912265502401,0.9472394359682038,0.9470226163643297,0.9468021881589344,0.9468610388375167,0.9469789579194892,0.9467318667992075
35.800000000000004,0.9546648024781565,0.9527665675995148,0.9502077196274221,0.9525594330881392,0.9500400720784958,0.9524821921040004,0.9467320691567571
35.85,0.9548036399527813,0.9607411510841338,0.9503593842247914,0.9606277351803743,0.9581815700707103,0.960522191121866,0.9549656193351348
35.9,0.9562018803807902,0.9649517187951677,0.9623273945855373,0.9624205904497236,0.9601289440995696,0.9658823146537692,0.9591414144904689
35.95,0.9595769957036004,0.9653195749228638,0.9632583326233803,0.9633911977808449,0.9612908428520271,0.9664541827957842,0.9608775234369631
36.0,0.9601865213225942,0.965374630805041,0.965141775001142,0.9636111073775343,0.9614143094831225,0.9665278937037179,0.9610019332471497
36.050000000000004,0.9629139752759229,0.9660838115222843,0.9673612880042615,0.9639426571782863,0.9638418309920405,0.9686148444006398,0.9616347831454898
36.1,0.9646215444709821,0.9676444402932393,0.9688938550562635,0.965304295257181,0.9654348264047958,0.9704042694497506,0.9663069466828533
36.15,0.9671199646419484,0.9677077603413108,0.9714081725819332,0.9653585203521372,0.96793806059878,0.9704764314171707,0.9663624094039556
36.2,0.9740130294239884,0.9712583141244135,0.9740761406725964,0.966771186918177,0.9695132170033336,0.9726131752505651,0.9682252764182429
36.25,0.9740928903956183,0.9713289983270967,0.974156004126432,0.9704711548011785,0.9732220892057408,0.9728023155644567,0.9684007664133415
36.300000000000004,0.97417275571855,0.9730859999786263,0.9742358720609761,0.9722216780802384,0.9749815177332137,0.9750924408246014,0.9689264916325171
36.35,0.974252625564727,0.9751304794619642,0.9743173857838092,0.974263585615794,0.9750656024021948,0.9751748899032034,0.9689912963759486
36.4,0.9743324970786659,0.9752129199855721,0.9743972619925423,0.9743434548024446,0.9751480504973771,0.9752573392725281,0.9690544632484694
36.45,0.9744123688882778,0.9752953593247163,0.9744771376622708,0.9744233238233195,0.975230499239417,0.9753397874881531,0.9691176301912265
36.5,0.9744922405446614,0.975377798087256,0.974557012877244,0.9745031936951314,0.9753129486039909,0.9754222335997014,0.9691807965170995
36.550000000000004,0.9745721094589807,0.9754602331632733,0.9746368833869754,0.9745830600837265,0.9753953945816423,0.9755046753491021,0.9692439605196432
36.6,0.9746519761939603,0.9755426635478457,0.974716749732882,0.974662923438058,0.9754778380851974,0.9755871117937644,0.9693071211248785
36.65,0.9747318372463307,0.9756250875423518,0.9747966100658009,0.9747427812343518,0.9755602758617801,0.9756695414047423,0.969370276552164
36.7,0.9748116926441882,0.9757075043584058,0.9748764634140666,0.9748226329150834,0.9756427077214079,0.9757519628229363,0.9694334273339316
36.75,0.9748915401369964,0.9757899123257188,0.9749563088327698,0.9749024771924722,0.9757251320735831,0.9758343745942762,0.9694965713957804
36.800000000000004,0.9749713790335344,0.9758723095618422,0.9750361433495701,0.9749823117065579,0.9758075465600582,0.975916774710764,0.9695597070204367
36.85,0.9750512069480464,0.9759546955382228,0.9751159661554838,0.9750621355356457,0.9758899504129317,0.9759991635095946,0.9696228344220716
36.9,0.9751310232489359,0.9760370690145967,0.975195775823447,0.9751419487471935,0.9759723436367724,0.9760815384548588,0.9696926515870758
36.95,0.9752108262883031,0.9761194260472565,0.9752755715395505,0.9752217472819708,0.9760547217738831,0.9761638961972323,0.9697557789616194
37.0,0.9752906157359996,0.9762017685818511,0.9753553524622849,0.9753015316283112,0.9761370857278288,0.9762462388907731,0.9698188955832694
37.050000000000004,0.975370389158704,0.9762840925282075,0.9754351152662155,0.975381299481078,0.9762194328277214,0.9763285623786089,0.9698819975929186
37.1,0.9754501449125533,0.9763663981738286,0.9755148604629897,0.9754610509963417,0.976301763123763,0.9764112129867548,0.9699450866457535
37.15,0.9755298819722559,0.9764494532607364,0.975594586018086,0.9755407828463383,0.9763840734778599,0.9764934963273952,0.9700081598020318
37.2,0.9756095987407997,0.9765333606058024,0.975674290654059,0.9756204950329677,0.976466364192948,0.9765757571683635,0.9700712165678298
37.25,0.975689294258362,0.9766156087978473,0.9757539715418406,0.9757001851991005,0.9765486320302421,0.9766579939990274,0.9701342554342162
37.300000000000004,0.9757689671403529,0.9766978322167224,0.975833629369268,0.9757798524191856,0.9766313651315954,0.9767402050149296,0.9701972756499682
37.35,0.9758486164119673,0.976780197155019,0.9759132616294983,0.9758594955967663,0.9767135867070467,0.9768223899827395,0.9702602767682422
37.4,0.9763185256403665,0.9768623677533387,0.9763831536351243,0.9759391125968714,0.9767957816681985,0.9769045468815933,0.9703232571095668
37.45,0.9763993806877161,0.9769445090623183,0.9764639898148226,0.9760187030991421,0.9768779491326612,0.97698744403564,0.9763561150277792
37.5,0.9764802075258995,0.9770266210694601,0.9765447967489401,0.9760982651588797,0.9769600879236922,0.9770695430805822,0.9764383046067405
37.550000000000004,0.9765610037321976,0.9771087011062083,0.9766255727237723,0.9765684189568942,0.9770421954252619,0.9771516093915213,0.9765204727344139
37.6,0.9766417695613607,0.9771907476932882,0.9767063162538079,0.9766491770548057,0.9771242703020177,0.9772336410819441,0.9766026171558332
37.65,0.9767225032770235,0.9772727596664366,0.9767870272456691,0.9767299035318866,0.9772063126860056,0.977315638158871,0.9766850038368449
37.7,0.9772130071415744,0.9773547370938784,0.977277506784435,0.9772204005192449,0.977288321400072,0.9773975992959243,0.9767671004217381
37.75,0.977294991305665,0.9774366755439992,0.9773594655238265,0.9773023769685606,0.9773702930185346,0.9774795214067857,0.9768491688527917
37.800000000000004,0.9773769386157638,0.9775185757863815,0.9774413859269608,0.9773843161217705,0.9774522262769438,0.9775614042386864,0.976931208438497
37.85,0.9774588484012141,0.9776004356703815,0.9775232686734545,0.977466218099904,0.9775341208671826,0.977643245479566,0.9770132180807342
37.9,0.9775407196895538,0.9776822548645194,0.9776051105380464,0.9775480815443132,0.9776159758074703,0.9777250459565991,0.9770951968687207
37.95,0.9776225498219462,0.9777640305793058,0.9776869114431228,0.977629903873422,0.9776977886541315,0.9778068020123423,0.9771771433279055
38.0,0.97770433858164,0.9778457624854864,0.9777686696304752,0.9777116843565956,0.9777795582518392,0.9778885134799432,0.9772590551839431
38.050000000000004,0.9777860838280741,0.977927447689103,0.9778503827963685,0.9777934208183227,0.9778612827114843,0.9779701774401164,0.977340930614204
38.1,0.9778677849530008,0.9780090869159672,0.9779320502991369,0.9778751137704684,0.9779429626164697,0.9780517946833578,0.977422770103217
38.15,0.9779494387303065,0.9780906771966381,0.9780136704817366,0.9779567592501801,0.9780245938129151,0.9781333621558073,0.9775045709419483
38.2,0.9780310462868894,0.9781722175164226,0.9780952419763658,0.978038358038663,0.978106177088387,0.9782148798056555,0.9775863316230716
38.25,0.9781126045488933,0.9782537072718884,0.978176763964169,0.9781199079048342,0.9781877100704843,0.9782963447559978,0.9776680514885476
38.300000000000004,0.9781941124958596,0.9783351426542931,0.9782582341486815,0.9782014062785449,0.9782691909491995,0.9783777560544495,0.9777497283195695
38.35,0.9782755689369462,0.9784165259169426,0.9783396528614202,0.9782828540064383,0.9783506193462514,0.9784591130940824,0.9778313615077663
38.400000000000006,0.9783569721397456,0.978497852901469,0.9784210164538354,0.9783642483384205,0.978431993623535,0.9785404138903064,0.9779129496380423
38.45,0.9784383214155381,0.9785791228593614,0.9785023251095688,0.978445587855338,0.9785133118991545,0.9786216571243901,0.9779944907784777
38.5,0.978519614146723,0.9786603357961146,0.9785835759345849,0.978526872035469,0.9785945735693825,0.9787028421800629,0.9780759843086089
38.550000000000004,0.9786008504571206,0.9787414878380168,0.9786647693276347,0.9786080979899441,0.9786757760231082,0.9787839659310505,0.9781574267296846
38.6,0.9786820286104977,0.9788225797064964,0.9787459037703086,0.9786892664102812,0.9787569196338556,0.9788650288957598,0.978238819397329
38.650000000000006,0.9787631460415979,0.9789036093348719,0.9788269761912547,0.978770374680572,0.9788380017894587,0.9789460286822019,0.9783201603011709
38.7,0.9788442030571125,0.9789845757577293,0.9789079867408498,0.9788514223553457,0.9789190222699402,0.9790269643032408,0.9784014469363128
38.75,0.9789251969256839,0.9790654766043501,0.9789889336420716,0.9789324060313673,0.9789999772706429,0.9791078338767619,0.9784826784446339
38.800000000000004,0.9790061269269903,0.9791463116491181,0.9790698153511851,0.979013325931772,0.9790808678999001,0.9791886368770532,0.9785638534270983
38.85,0.9790869921234885,0.9792270790609116,0.9791506315568547,0.9790941813250373,0.9791616927662217,0.9792693718888651,0.9786449717561609
38.900000000000006,0.9791677908095735,0.979307776931304,0.9792313793497381,0.9791749694434848,0.9792424489500403,0.9793500359933325,0.9787260298293528
38.95,0.9792485205828705,0.9793884048662775,0.9793120575273578,0.979255689325178,0.9793231356820141,0.9794306299785218,0.9788070280770751
39.0,0.9793291821030438,0.9794689606497265,0.9793926669975023,0.979336339228265,0.9794037516742897,0.9795111510639956,0.9788879632860722
39.050000000000004,0.9794097721962229,0.9795494440587236,0.9794732030311357,0.9794169190785504,0.9794842962059377,0.9795915989105469,0.9789688366152538
39.1,0.9794902911655656,0.9796298535243974,0.9795536672828513,0.9794974274750302,0.9795647679748002,0.9796719717481353,0.9790496454657033
39.150000000000006,0.979570736242415,0.9797101862445483,0.9796340568576156,0.9795778605743557,0.9796451639111837,0.9797522676693573,0.9791303878452852
39.2,0.9796511059546739,0.9797904427515427,0.9797143700729276,0.9796582205070268,0.9797254849825172,0.9798324868661927,0.9792110631686952
39.25,0.9797314006639246,0.9798706207907208,0.9797946068765713,0.979738504359327,0.9798057287639759,0.9799126267903795,0.9792916694666407
39.300000000000004,0.9798116180057731,0.9799507195825851,0.9798747652748465,0.9798187100945586,0.9798858936614274,0.9799926863108227,0.9793722071471316
39.35,0.9798917561148911,0.9800307368547742,0.9799548439754615,0.9798988375128037,0.9799659786457322,0.9800726638955977,0.9794526722321564
39.400000000000006,0.9799718151045124,0.980110672034712,0.9800348418734939,0.9799788847458932,0.9800459827481192,0.9801525587754707,0.9795330656126746
39.45,0.9800517922647575,0.9801905239387327,0.9801147577017986,0.9800588504267508,0.980125904133658,0.9802323694402367,0.9796133847120384
39.5,0.9801316871255019,0.9802702914654091,0.9801945897912574,0.9801387343971821,0.9802057422921955,0.9803120954337633,0.979693629051345
39.550000000000004,0.9802114984618586,0.9803499719235493,0.9802743362833005,0.9802185332233607,0.9802854944836217,0.9803917333764751,0.9797737965847158
39.6,0.9802912245139754,0.980429565537116,0.9803539978432217,0.9802982477318479,0.9803651612341746,0.9804712838765084,0.979853886759881
39.650000000000006,0.9803708642348417,0.9805090706402388,0.9804335717640325,0.980377875580811,0.9804447399933465,0.9805507449551032,0.9799338973343559
39.7,0.9804504153844812,0.9805884851369329,0.9805130555619841,0.9804574150708877,0.980524229152391,0.9806301152340443,0.9800138269034084
39.75,0.9805298797251332,0.9806678078903667,0.9805924510820452,0.9805368652430704,0.9806036286251569,0.9807093934121078,0.9800936752801341
39.800000000000004,0.9806092517518665,0.9807470396784856,0.9806717537591412,0.9806162263207973,0.9806829372781043,0.9807885790784948,0.9801734414702656
39.85,0.9806885329423961,0.9808261765998305,0.9807509655844686,0.9806954949492853,0.9807621521672049,0.9808676691704831,0.9802531213508132
39.900000000000006,0.9807677210653052,0.9809052196795363,0.9808300821694478,0.9807746714206265,0.980841273829107,0.9809466648976666,0.9803327173647467
39.95,0.9808468153258199,0.9809841652037375,0.9809091052254624,0.9808537525273244,0.9809202997410786,0.9810255629470128,0.9804122256199801
40.0,0.980925813976132,0.981063013463614,0.9809880306385953,0.9809327384893927,0.9809992291185262,0.9811043630029976,0.980491646256618
40.050000000000004,0.9810047166277601,0.9811417635342106,0.9810668588586375,0.9810116286093312,0.9810780608627833,0.9811830632431808,0.9805709770739084
40.1,0.9810835210065043,0.9812204131160931,0.9811455884499868,0.9810904201293504,0.9811567933719045,0.9812616630376275,0.9806502170789764
40.150000000000006,0.9811622261963049,0.981298961640964,0.981224217369659,0.9811691127242648,0.9812354258780663,0.9813401612389576,0.9807293650886946
40.2,0.9812408317304486,0.981377407878387,0.9813027459749073,0.9812477050839881,0.9813139569047049,0.981418556396586,0.9808084204065881
40.25,0.9813193351318144,0.9814557494947913,0.9813811713573531,0.9813261957666596,0.9813923856677027,0.9814968466853918,0.9808873809275427
40.300000000000004,0.9813977366427216,0.9815339873223261,0.9814594936582706,0.9814045834149585,0.9814707098436932,0.9815750316269056,0.9809662454608672
40.35,0.9814760330088208,0.9816121188523752,0.9815377103628131,0.9814828670443645,0.9815489287544915,0.9816531099467184,0.9810450129155337
40.400000000000006,0.9815542248101288,0.9816901415954367,0.9816158213736805,0.9815610446889602,0.9816270413243652,0.9817310795131955,0.9811236816030674
40.45,0.9816323101147717,0.9817680570345597,0.981693824301792,0.9816391167555578,0.9817050462676442,0.9818089400225765,0.981202251943009
40.5,0.981710287574683,0.981845862973337,0.9817717189914916,0.9817170807482501,0.9817829427974635,0.9818866913197729,0.9812807216160376
40.550000000000004,0.9817881567608432,0.9819235572412766,0.9818495041233544,0.9817949357276209,0.9818607287905613,0.9819643299676704,0.9813590887382564
40.6,0.9818659150436829,0.9820011398353352,0.9819271779766866,0.9818726806113682,0.9819384039998582,0.9820418559686908,0.9814373523520094
40.650000000000006,0.9819435631376081,0.9820786079722545,0.9820047408570229,0.9819503138714349,0.9820159663511091,0.9821192674385938,0.9815155116914703
40.7,0.9820210981786552,0.9821559630967572,0.98208218845166,0.9820278351958834,0.9820934157842023,0.9821965651617253,0.9815935655686553
40.75,0.982098519040256,0.9822332011890147,0.9821595227709828,0.9821052422080793,0.9821707499209825,0.9822737449946886,0.9816715127982004
40.800000000000004,0.9821758266591963,0.9823103236122515,0.9822367406092878,0.9821825353635869,0.9822479687347474,0.98235080899625,0.9817493519448858
40.85,0.9822530174348094,0.9823873281557369,0.9823138418567532,0.9822597123025887,0.9823250703345161,0.9824277537114535,0.9818270821731634
40.900000000000006,0.9823300906722888,0.9824642124038604,0.982390824735589,0.9823367711947292,0.9824020531326241,0.9825045785940989,0.9819047013816955
40.95,0.9824070456102669,0.982540976564166,0.9824676894034158,0.982413711956494,0.982478916637761,0.9825812818300603,0.9819822089883432
41.0,0.982483882078812,0.982617619528747,0.9825444329600217,0.9824905335875385,0.9825556604994848,0.9826578638867023,0.9820596048140939
41.050000000000004,0.9825605980881986,0.9826941402367987,0.9826210555075584,0.9825672347603187,0.9826322819338964,0.982734322489914,0.9821368853767549
41.1,0.9826371915933443,0.9827705372118921,0.9826975550812651,0.9826438136394129,0.9827087802540745,0.9828106569029704,0.9822140519003832
41.150000000000006,0.9827136628816782,0.9828468090824121,0.9827739321579531,0.9827202706008298,0.9827851562246197,0.9828868660634207,0.9822911020301754
41.2,0.9827900098688178,0.9829229547838279,0.9828501830287741,0.9827966023374755,0.982861405774704,0.982962948480691,0.9823680342748308
41.25,0.9828662315539661,0.9829989738828473,0.9829263083210544,0.9828728091706205,0.9829375288059325,0.9830389025437054,0.9824448483042638
41.300000000000004,0.9829423271627633,0.9830748643616626,0.9830023062607208,0.9829488900437667,0.9830135251976027,0.9831147285566761,0.9825215418285427
41.35,0.9830182954059474,0.9831506257653195,0.983078176813607,0.983024843646415,0.9830893935854585,0.983190424704129,0.9825981156365269
41.400000000000006,0.983094135778473,0.9832262572899401,0.983153917607191,0.9831006684510599,0.983165131793653,0.9832659903638937,0.9826745668520713
41.45,0.9831698456342441,0.9833017564950097,0.9832295275149724,0.9831763634607387,0.9832407395575127,0.9833414228860694,0.9827508948205254
41.5,0.9832454266763191,0.9833771234199085,0.9833050059930192,0.983251927987462,0.9833162152830744,0.9834167226754796,0.9828270987434999
41.550000000000004,0.9833208747221769,0.9834523565320334,0.9833803529270262,0.9833273611292093,0.9833915593297072,0.983491888737807,0.9829031772164865
41.6,0.9833961904544247,0.9835274556720048,0.9834555651860447,0.9834026610648151,0.9834667685489391,0.9835669191722948,0.9829791293455931
41.650000000000006,0.9834713718881245,0.9836024186614989,0.9835306437130811,0.9834778276484117,0.9835418438058737,0.9836418134933813,0.9830549536933998
41.7,0.9835464188019991,0.98367724472208,0.9836055861162933,0.9835528583584786,0.9836167821301451,0.9837165698932924,0.9831306497556628
41.75,0.9836213295360812,0.9837519330330587,0.9836803922644695,0.9836277533986821,0.9836915838673413,0.9837911887627026,0.9832062155125604
41.800000000000004,0.9836961035205176,0.9838264823657967,0.9837550592593781,0.9837025111814217,0.9837662471878124,0.9838656673587749,0.9832816509275262
41.85,0.9837707391176731,0.9839008919564838,0.9838295881421388,0.9837771312980865,0.983840771840674,0.9839400057450703,0.9833569534735521
41.900000000000006,0.9838452360631793,0.9839751611152997,0.983903977503854,0.9838516123975958,0.9839151569982149,0.9840142034665091,0.983432124741765
41.95,0.983919593045909,0.984049287814927,0.983978225751762,0.9839259534079257,0.9839894006848022,0.9840882582467037,0.9835071609466701
42.0,0.9839938082534785,0.9841232714348598,0.9840523315851443,0.9840001525726154,0.9840635016620533,0.9841621689726114,0.9835820616335758
42.050000000000004,0.9840678819233313,0.9841971105889251,0.9841262951852046,0.9840742092947612,0.9841374592929295,0.9842359348863607,0.9836568267118222
42.1,0.9841418121157277,0.9842708056670709,0.9842001141327544,0.984148123439617,0.9842112732862052,0.9843095563091268,0.9837314542869283
42.150000000000006,0.9842155981162306,0.9843443548469158,0.984273788082504,0.9842218934326669,0.9842849423315134,0.9843830313530385,0.9838059443850642
42.2,0.984289238892821,0.9844177568225038,0.9843473164021492,0.9842955177074348,0.9843584646540573,0.9844563583887483,0.9838802945316464
42.25,0.9843627342384603,0.9844910102552519,0.9844206978587648,0.9843689962033327,0.9844318404483029,0.9845295369569542,0.9839545041822282
42.300000000000004,0.9844360818450741,0.9845641160257579,0.9844939315023497,0.9844423274310767,0.9845050675289957,0.9846025662751001,0.9840285732174966
42.35,0.9845092812018039,0.9846370716130559,0.9845670158572712,0.9845155107016776,0.9845781462277042,0.9846754452550367,0.9841024996808205
42.400000000000006,0.9845823318689769,0.9847098750185901,0.9846399501348595,0.9845885435678401,0.9846510735921461,0.9847481725453907,0.9841762822255562
42.45,0.984655232210604,0.9847825278429613,0.9847127341704145,0.9846614275976405,0.9847238508173429,0.9848207478131046,0.9842499207262119
42.5,0.9847279816863304,0.9848550284323777,0.9847853669682095,0.9847341609164681,0.9847964767246011,0.984893170552309,0.9843234147988292
42.550000000000004,0.9848005795566657,0.9849273747542279,0.9848578456285345,0.9848067418042927,0.9848689492781368,0.9849654380843728,0.9843967617233013
42.6,0.9848730237104149,0.9849995660210962,0.9849301723488464,0.9848791690427164,0.9849412674126258,0.9850375508516596,0.9844699609801453
42.650000000000006,0.9849453148325986,0.9850716023438488,0.9850023435564279,0.9849514426195347,0.9850134307990328,0.9851095075681997,0.9845430127039108
42.7,0.98501745125455,0.985143482211343,0.9850743591787572,0.9850235616122621,0.985085438661375,0.985181307576773,0.9846159152149415
42.75,0.9850894311467131,0.9852152049726755,0.9851462190027329,0.9850955252461616,0.9851572907003264,0.9852529497007871,0.9846886672898254
42.800000000000004,0.985161254955822,0.9852867687656153,0.9852179202585849,0.9851673315355642,0.9852289843426272,0.9853244331418549,0.9847612687541045
42.85,0.9852329222591922,0.9853581742437272,0.9852894642432521,0.985238980534412,0.9853005196716453,0.9853957570468594,0.9848337172448443
42.900000000000006,0.9853044297710583,0.9854294199626195,0.9853608494745746,0.9853104720664111,0.9853718970141182,0.9854669209602622,0.984906013997008
42.95,0.985375779011527,0.9855005042478642,0.9854320747789862,0.9853818035379478,0.9854431127750626,0.9855379227285144,0.984978155968186
43.0,0.9854469673644073,0.9855714267825642,0.9855031387610549,0.9854529748132049,0.9855141677950681,0.9856087628428903,0.9850501432684384
43.050000000000004,0.9855179957397133,0.9856421868969608,0.9855740410299454,0.985523984938394,0.9855850609853678,0.9856794395134713,0.9851219749287847
43.1,0.9855888612772797,0.9857127834409316,0.9856447810637872,0.9855948333667242,0.9856557915283777,0.9857499527331615,0.9851936501189804
43.150000000000006,0.9856595651205113,0.9857832162642346,0.9857153574147812,0.9856655190275602,0.9857263583503904,0.9858203011530351,0.9852651671588689
43.2,0.9857301043049453,0.9858534829842447,0.9857857699870862,0.9857360410270859,0.9857967610628195,0.9858904831209863,0.9853365264360492
43.25,0.9858004788851544,0.9859235848853161,0.9858560168547481,0.9858063985637502,0.9858669987372227,0.9859605006185868,0.985407726336603
43.300000000000004,0.9858706886521011,0.9859935187613291,0.9859260981624967,0.9858765901987032,0.9859370689840818,0.9860303486500537,0.9854787654091747
43.35,0.9859407330020571,0.9860632864969056,0.9859960122326217,0.9859466168170173,0.9860069738391523,0.9861000307825194,0.9855496441246268
43.400000000000006,0.9860106095583236,0.9861328848299853,0.9860657594993066,0.9860164754129209,0.9860767095392484,0.9861695424272293,0.9856203603852199
43.45,0.9860803192310985,0.9862023140582614,0.9861353379652562,0.9860861669397296,0.9861462776421179,0.9862388848607477,0.985690914052787
43.5,0.986149860230528,0.9862715731937162,0.9862047479454018,0.9861556897843772,0.9862156761349994,0.9863080567313955,0.9857613042273982
43.550000000000004,0.9862192313322382,0.9863406624630546,0.9862739874029604,0.9862250433132361,0.9862849045089455,0.9863770585639697,0.9858315309574902
43.6,0.9862884327477359,0.9864095789802639,0.9863430556210424,0.9862942267296501,0.9863539620292161,0.9864458870199607,0.9859015906630706
43.650000000000006,0.9863574636659693,0.9864783238733635,0.986411953064236,0.9863632383917977,0.9864228471364673,0.9865145432268414,0.9859714847099359
43.7,0.9864263216837614,0.9865468955984117,0.9864806781119919,0.9864320791980229,0.9864915607414655,0.986583026406945,0.9860412127256902
43.75,0.986495008268601,0.9866152935770163,0.9865492297140588,0.9865007472060765,0.9865601006219564,0.9866513350171555,0.9861107724434923
43.800000000000004,0.9865635215024808,0.9866835171663386,0.986617607936735,0.9865692426509751,0.9866284670261793,0.9867194687436698,0.9861801640418889
43.85,0.9866318610650677,0.986751564827765,0.9866858112026411,0.9866375632349224,0.9866966580657054,0.9867874263568239,0.9862493860017691
43.900000000000006,0.9867000257497577,0.9868194373045802,0.9867538401453272,0.9867057101181083,0.9867646745997645,0.9868552085606024,0.9863184378173614
43.95,0.9867680153296987,0.9868871326971247,0.9868216929206814,0.9867736808421512,0.9868325142404665,0.9869228129980847,0.9863873191823899
44.0,0.9868358277849576,0.9869546504797705,0.9868893684812693,0.9868414754967775,0.9869001766312412,0.9869902391579102,0.9864560281797641
44.050000000000004,0.986903464243148,0.9870219902008461,0.9869568674760619,0.9869090931852527,0.9869676620193919,0.9870574876053848,0.9865245657849095
44.1,0.9869709235999446,0.9870891516104616,0.987024186938682,0.9869765343508209,0.9870349699198377,0.9871245568014257,0.9865929299515765
44.150000000000006,0.9870382035843257,0.9871561331377068,0.9870913285580851,0.9870437961872114,0.9871020976407849,0.9871914455736515,0.9866611201925579
44.2,0.9871053049289641,0.9872229335319644,0.9871582899056441,0.987110878578678,0.9871690451565671,0.9872581537022881,0.9867291352967099
44.25,0.987172226699505,0.9872895535882563,0.9872250716770394,0.9871777818712928,0.9872358131687327,0.9873246804038054,0.9867969753080961
44.300000000000004,0.9872389690219057,0.9873559924441537,0.9872916725207999,0.9872445050065464,0.9873024002551491,0.9873910261666367,0.986864639619278
44.35,0.9873055294606552,0.9874222486943165,0.9873580916304548,0.9873110470281581,0.9873688053137283,0.9874571885351009,0.986932127404465
44.400000000000006,0.9873719084816552,0.9874883220146662,0.9874243292897488,0.9873774067576453,0.9874350277158672,0.9875231673133481,0.9869994362887091
44.45,0.9874381056139288,0.9875542123006554,0.9874903837118216,0.9874435851912825,0.9875010682517937,0.9875889634553199,0.9870665684880968
44.5,0.9875041187760788,0.9876199185594535,0.9875562546696128,0.9875095801746585,0.9875669244503986,0.9876545748569268,0.9871335211153036
44.550000000000004,0.9875699496690775,0.9876854401061739,0.9876219418747239,0.9875753919801218,0.9876325967729618,0.9877200011937938,0.9872002946111845
44.6,0.9876355949074666,0.9877507750616882,0.9876874437384151,0.9876410187312479,0.9876980831442982,0.9877852406740746,0.9872668875501303
44.650000000000006,0.9877010565792534,0.9878159249238967,0.9877527602594094,0.9877064610191891,0.9877633848517802,0.9878502943757284,0.9873333003901239
44.7,0.9877663325460271,0.9878808884490201,0.9878178921827769,0.9877717179615387,0.9878285003472276,0.9879151617535744,0.9873995304891423
44.75,0.9878314225921638,0.9879456648604696,0.9878828361967552,0.9878367892085513,0.9878934297357271,0.987979841778931,0.9874655796805156
44.800000000000004,0.9878963258227054,0.9880102536316189,0.9879475934750114,0.9879016737999593,0.9879581715987963,0.9880443332090638,0.987531445255998
44.85,0.9879610415264131,0.9880746534904175,0.9880121622528382,0.98796637041536,0.9880227246844089,0.9881086356517744,0.9875971274792912
44.900000000000006,0.9880255695667814,0.9881388650122996,0.9880765442991085,0.9880308800471793,0.9880870906655856,0.9881727497031155,0.9876626267866205
44.95,0.9880899094134846,0.9882028866237412,0.9881407371037205,0.9880952001628911,0.988151266011173,0.988236673591389,0.9877279400667955
45.0,0.9881540604193044,0.9882667183323338,0.9882047396507911,0.9881593321759459,0.9882152530464177,0.988300407217134,0.9877930682081402
45.050000000000004,0.9882180218905314,0.9883303594135002,0.988268553197684,0.988223274222622,0.988279049475995,0.9883639500321272,0.9878580104919661
45.1,0.9882817934031598,0.9883938092896483,0.9883321757694566,0.9882870260374269,0.9883426549924511,0.9884273013766847,0.987922766264898
45.150000000000006,0.9883453742174475,0.9884570681427594,0.9883956081313141,0.9883505882975967,0.9884060704740084,0.9884904610307303,0.9879873352981243
45.2,0.988408764135535,0.9885201347360236,0.9884588486408317,0.9884139588581041,0.9884692936185644,0.9885534281712628,0.9880517168606056
45.25,0.9884719616677428,0.9885830088622201,0.9885218969529382,0.9884771372214594,0.9885323242310416,0.9886162028059101,0.9881159097214305
45.300000000000004,0.9885349677992095,0.9886456897287534,0.9885847521566469,0.988540124454802,0.9885951626801449,0.9886787836285043,0.9881799141197753
45.35,0.9885977810727149,0.9887081767225463,0.9886474149479713,0.9886029183233846,0.9886578073360262,0.9887411707734308,0.9882437294543202
45.400000000000006,0.988660401831168,0.988770470090752,0.9887098840804023,0.9886655195033037,0.9887202591619374,0.9888033634815874,0.9883073548693884
45.45,0.9887228284374574,0.98883256835209,0.9887721591293394,0.9887279265410759,0.9887825159239975,0.9888653613637378,0.9883707892481781
45.5,0.9887850603345284,0.988894472306644,0.988834240149455,0.9887901401873277,0.9888445786503901,0.988927164334964,0.9884340334729306
45.550000000000004,0.9888470981493669,0.9889561795062489,0.988896124892189,0.9888521577343862,0.9889064451328797,0.9889887707472924,0.9884970860540974
45.6,0.988908940900876,0.9890176917707209,0.9889578155543046,0.9889139814484221,0.9889681172782624,0.9890501812509346,0.9885599464216326
45.650000000000006,0.9889705885427725,0.989079008289916,0.9890193087583938,0.9889756096958585,0.9890295931635333,0.9891113963027145,0.9886226153318942
45.7,0.9890320395921088,0.9891401269491804,0.9890806076007129,0.98903704140066,0.9890908719337294,0.989172413112198,0.9886850897946315
45.75,0.9890932945643266,0.9892010487670064,0.9891417093681889,0.989098277510127,0.9891519548465013,0.989233232636012,0.9887473721004079
45.800000000000004,0.9891543538140445,0.9892617724910351,0.9892026130621856,0.9891593162284429,0.9892128396107572,0.9892938543594229,0.9888094599700219
45.85,0.9892152138431063,0.9893222990293734,0.989263318772703,0.9892201581074637,0.9892735271473528,0.9893542781941844,0.9888713538954349
45.900000000000006,0.9892758770299699,0.9893826266033228,0.9893238272755271,0.9892808017473403,0.9893340160274657,0.9894145024852173,0.9889330524733394
45.95,0.9893363427653635,0.9894427544316186,0.9893841378957428,0.9893412473709943,0.9893943065680777,0.9894745279136171,0.9889945553379044
46.0,0.9893966094163913,0.9895026843227341,0.9894442488589676,0.9894014942729095,0.9894543976535835,0.989534354088021,0.989055863990713
46.050000000000004,0.9894566766930055,0.9895624137918649,0.9895041608644227,0.9894615427372949,0.9895142900016657,0.9895939802444893,0.9891169754686312
46.1,0.9895165460475357,0.9896219438894139,0.9895638742853113,0.9895213922054802,0.9895739826793253,0.9896534062583953,0.9891778907695771
46.150000000000006,0.9895762152419731,0.9896812735926164,0.9896233861692082,0.9895810416456252,0.9896334752172311,0.9897126323333796,0.9892386090285008
46.2,0.9896356846102964,0.9897404025852341,0.9896826992972385,0.9896404915157353,0.9896927678929817,0.9897716573010136,0.989299129890201
46.25,0.9896949530566421,0.9897993298899369,0.9897418112954528,0.9896997406317303,0.9897518588455491,0.9898304802720459,0.9893594526858591
46.300000000000004,0.9897540209573973,0.9898580563194774,0.9898007215580142,0.989758789132287,0.9898107488634127,0.9898891018265079,0.9894195774922547
46.35,0.9898128877552982,0.9899165810238142,0.9898594308936863,0.9898176364951993,0.9898694375591524,0.9899475222154035,0.9894795041499478
46.400000000000006,0.9898715535306064,0.9899749041261672,0.9899179393006133,0.9898762828599608,0.9899279244607471,0.990005739996658,0.989539231346327
46.45,0.9899300176182397,0.9900330236682056,0.9899762449300218,0.9899347271056435,0.9899862094617585,0.9900637551657512,0.9895987590221034
46.5,0.98998827949238,0.9900909420568198,0.9900343480956083,0.9899929700193906,0.9900442922446377,0.9901215679720153,0.9896580878935393
46.550000000000004,0.9900463392740328,0.99014865696719,0.990092249379576,0.9900510103239931,0.9901021720594161,0.9901791777991418,0.9897172161688681
46.6,0.9901041961924493,0.9902061676696582,0.9901499468541374,0.99010884679344,0.9901598478924525,0.9902365829297806,0.9897761436798973
46.650000000000006,0.990161850501714,0.9902634763807043,0.9902074426320313,0.9901664821831202,0.9902173221534141,0.9902937858295597,0.9898348710450406
46.7,0.9902193010191449,0.9903205806008365,0.990264734236479,0.9902239140689666,0.9902745923425214,0.9903507845945594,0.9898933970717909
46.75,0.9902765489708278,0.9903774805806871,0.9903218219270151,0.9902811413169452,0.990331657999002,0.9904075781323526,0.9899517216318539
46.800000000000004,0.9903335923587242,0.990434176762567,0.990378705760107,0.9903381657396144,0.9903885202430625,0.9904641684988372,0.9900098447083325
46.85,0.9903904331318045,0.9904906681905875,0.9904353857609786,0.9903949862056088,0.9904451779591081,0.9905205532507749,0.99006776661752
46.900000000000006,0.9904470677770069,0.9905469548611359,0.9904918611439892,0.9904516022327837,0.9905016307428676,0.9905767332628217,0.9901254848359431
46.95,0.9905034992532724,0.9906030361243081,0.9905481314486505,0.9905080133786339,0.9905578790417009,0.9906327087456963,0.990183001068369
47.0,0.9905597252427968,0.9906589127286909,0.9906041973685538,0.9905642204680118,0.9906139222070671,0.9906884778431577,0.9902403143886469
47.050000000000004,0.9906157467171464,0.9907145830145843,0.9906600575495176,0.9906202215186137,0.9906697597747585,0.9907440420352328,0.9902974242828289
47.1,0.9906715620989133,0.99077004866519,0.990715713316508,0.9906760182323666,0.9907253920570237,0.9907994005282647,0.9903543307920466
47.150000000000006,0.990727173799918,0.9908253077160817,0.990771162840075,0.9907316098281613,0.9907808193644625,0.9908545526822977,0.9904110342935685
47.2,0.9907825781558486,0.9908803614432542,0.9908264067134651,0.9907869949319308,0.9908360393870725,0.9909094985949529,0.9904675337721667
47.25,0.9908377778839544,0.9909352089626025,0.9908814448166595,0.9908421754671606,0.9908910548741945,0.9909642394209788,0.9905238289308614
47.300000000000004,0.9908927712766512,0.9909898492661244,0.9909362759490914,0.9908971489545703,0.9909458629423605,0.9910187718566903,0.9905799194295429
47.35,0.9909475584474292,0.9910442832558486,0.990990900855921,0.9909519164808248,0.9910004643025019,0.9910730986565632,0.9906358056765949
47.400000000000006,0.9910021394702121,0.9910985110637407,0.991045319726122,0.9910064783342892,0.9910548605613446,0.9911272185554921,0.990691486739057
47.45,0.9910565133539895,0.9911525314124432,0.9910995320012188,0.9910608325488568,0.9911090485606577,0.9911811311680195,0.9907469632000983
47.5,0.9911106812363175,0.9912063448814575,0.9911535370465485,0.9911149806770199,0.9911630297112675,0.9912348370151239,0.9908022335885667
47.550000000000004,0.9911646417942747,0.9912599511452925,0.9912073359421396,0.991168922010561,0.9912168046048107,0.9912883355339137,0.9908572993131098
47.6,0.9912183959523915,0.9913133507420467,0.9912609278759719,0.9912226566466705,0.9912703720792821,0.9913416269841817,0.9909121598129588
47.650000000000006,0.9912719426478365,0.9913665423580003,0.9913143121054531,0.991276184442109,0.991323732734501,0.9913947105745275,0.9909668142877285
47.7,0.9913252823973178,0.9914195265419861,0.9913674886303694,0.9913295044232063,0.9913768851836191,0.9914475863543899,0.9910212627640985
47.75,0.9913784149086873,0.9914723029752337,0.9914204581461642,0.9913826169591136,0.9914298300091314,0.991500254824522,0.9910755046910351
47.800000000000004,0.9914313390537415,0.991524871519448,0.9914732195119982,0.9914355226006364,0.9914825677670012,0.991552715064905,0.991129540555735
47.85,0.9914840561543237,0.9915772319629544,0.9915257732114127,0.9914882197954258,0.9915350966791433,0.9916049673301537,0.9911833691823732
47.900000000000006,0.991536565530132,0.9916293852610265,0.9915781198335325,0.991540710199581,0.9915874183674512,0.9916570125567348,0.9912369927115734
47.95,0.9915888674214977,0.9916813310302464,0.9916302591631891,0.9915929932813885,0.9916395329392412,0.9917088494322613,0.9912904090001416
48.0,0.9916409614578955,0.9917330674538563,0.9916821895865408,0.99164506715927,0.9916914382782078,0.9917604778897251,0.991343618279908
48.050000000000004,0.9916928470092765,0.9917845960894616,0.9917339123249136,0.9916969341853019,0.9917431362133048,0.9918118979172984,0.9913966209194583
48.1,0.9917445258330404,0.9918359165694358,0.9917854268166818,0.9917485924522758,0.9917946253203893,0.9918631097606183,0.9914494158672031
48.150000000000006,0.9917959956872485,0.9918870295253686,0.991836733711501,0.9918000436196215,0.991845907021639,0.9919141134204323,0.9915020040882037
48.2,0.9918472572698795,0.991937933915734,0.9918878319219662,0.991851286385353,0.9918969802716407,0.991964909249927,0.9915543860748293
48.25,0.9918983117883516,0.9919886298044336,0.9919387221820005,0.9919023210523104,0.9919478452136742,0.9920154967970625,0.9916065594060159
48.300000000000004,0.9919491570828189,0.9920391171674412,0.9919894036492248,0.9919531468501683,0.9919985011952706,0.9920658755020093,0.9916585250026606
48.35,0.9919997942418455,0.992089397173896,0.9920398775340438,0.9920037657257528,0.9920489502705259,0.992116046903312,0.9917102842477966
48.400000000000006,0.9920502231222966,0.9921394674104399,0.9920901433154827,0.9920541749747834,0.9920991895415077,0.9921660086131503,0.991761835409931
48.45,0.9921004443467923,0.9921893305604641,0.9921402008743888,0.9921043779046526,0.9921492218621899,0.9922157626888465,0.9918131793581296
48.5,0.9921504569416366,0.9922389842294074,0.9921900500723508,0.9921543710529498,0.992199044448111,0.9922653078953402,0.9918643146930652
48.550000000000004,0.9922002615699882,0.9922884307112854,0.9922396904327782,0.9922041567324655,0.9922486596157333,0.9923146454223692,0.9919152437772165
48.6,0.9922498582054953,0.9923376685664174,0.992289123304131,0.9922537342740647,0.9922980666535941,0.9923637740102877,0.991965964621376
48.650000000000006,0.992299246694581,0.9923866977441607,0.9923383476750476,0.9923031026586184,0.9923472642524487,0.9924126946074534,0.9920164769555442
48.7,0.9923484259935009,0.9924355184284771,0.9923873632307452,0.9923522633026189,0.9923962540768605,0.9924614072550699,0.9920667814984702
48.75,0.9923973976880851,0.9924841317604842,0.9924361710370382,0.9924012160938709,0.992445035963958,0.99250991134165,0.992116879158579
48.800000000000004,0.9924461614063588,0.9925325360721665,0.992484771540405,0.9924499604135829,0.9924936090858213,0.9925582065264615,0.9921667684027633
48.85,0.9924947170790922,0.9925807327570644,0.9925331628136411,0.9924984972071842,0.9925419746141535,0.9926062949927501,0.9922164500440528
48.900000000000006,0.9925430637933441,0.9926287214741651,0.9925813473064372,0.9925468257288533,0.9925901321645838,0.9926541744974308,0.9922659238780097
48.95,0.9925912040327098,0.992676502747899,0.9926293231546487,0.9925949465530702,0.9926380818178149,0.9927018475920273,0.9923151903900571
49.0,0.99263913563729,0.9927240751686943,0.9926770909748888,0.9926428593067063,0.9926858228751151,0.9927493112905832,0.9923642492146874
49.050000000000004,0.9926868586944158,0.992771440453432,0.9927246512123338,0.9926905640066148,0.9927333561156986,0.992796567270875,0.9924131000284961
49.1,0.9927343748802323,0.992818598281056,0.992772003596572,0.9927380615050944,0.9927806820567701,0.9928436168580612,0.9924617433577527
49.150000000000006,0.9927816833120372,0.9928655468635517,0.9928191488271026,0.9927853500002248,0.992827799419038,0.9928904573105353,0.9925101782138677
49.2,0.9928287835707,0.9929122896038391,0.992866085945781,0.9928324325174607,0.9928747098651036,0.9929370909764937,0.9925584057836869
49.25,0.9928756762178409,0.9929588238112376,0.9929128154798863,0.9928793059631069,0.9929214119428962,0.9929835170237954,0.9926064259762989
49.300000000000004,0.9929223618869829,0.9930051516144824,0.9929593378394883,0.9929259739205085,0.9929679080648476,0.9930297362141545,0.9926542392617141
49.35,0.9929688409847892,0.9930512713317659,0.9930056531560312,0.9929724331579699,0.9930141957872491,0.9930757478107253,0.9927018443420834
49.400000000000006,0.9930151120816799,0.9930971850479344,0.9930517613501728,0.9930186861816712,0.9930602771504143,0.9931215528156505,0.9927492428935085
49.45,0.993061175716713,0.9931428909165607,0.9930976626114714,0.9930647314636845,0.993106150294146,0.99316715059236,0.9927964333782251
49.5,0.9931070329408784,0.9931883905401587,0.9931433571438079,0.9931105698626757,0.9931518171077558,0.9932125420375716,0.9928434169643153
49.550000000000004,0.9931526834815452,0.9932336828843358,0.9931888450432869,0.9931562020681626,0.9931972777563507,0.9932577262754045,0.9928901945977853
49.6,0.9931981273900474,0.9932787695046146,0.9932341259796078,0.9932016268352069,0.9932425307901712,0.9933027046148235,0.9929367639011377
49.650000000000006,0.9932433651378308,0.993323650065894,0.9932792007952352,0.9932468464897499,0.9932875783888739,0.9933474770866949,0.9929831275744203
49.7,0.9932883964201034,0.9933683241869564,0.9933240698211938,0.9932918589948385,0.993332419470236,0.9933920429685577,0.9930292840947279
49.75,0.9933332209487404,0.9934127923964288,0.9933687320975675,0.9933366659631166,0.9933770547410052,0.993436403587635,0.9930752339645653
49.800000000000004,0.9933778396528453,0.993457054868403,0.9934131889565594,0.9933812662326086,0.9934214834803655,0.9934805581459646,0.9931209779724002
49.85,0.9934222529586477,0.9935011113156342,0.9934574393975065,0.9934256604500245,0.9934657059369527,0.9935245068682268,0.9931665142405837
49.900000000000006,0.9934664607120365,0.9935449622048569,0.993501485730909,0.9934698498667658,0.9935097238128404,0.9935682506272603,0.9932118452658691
49.95,0.9935104626693989,0.9935886083657763,0.9935453258112559,0.9935138334016604,0.9935535359989296,0.99361178929128,0.9932569703043062
50.0,0.9935542590312525,0.9936320498964448,0.9935889605196752,0.9935576122213611,0.9935971431509925,0.9936551232672055,0.993301890071312
50.050000000000004,0.9935978513736159,0.993675286670787,0.9936323907599138,0.9936011861258696,0.9936405455797859,0.9936982524035111,0.993346603757224
50.1,0.9936412380108647,0.9937183173038346,0.9936756163685342,0.9936445539436609,0.9936837422110878,0.9937411766613666,0.9933911107728768
50.150000000000006,0.9936844196641499,0.993761145768852,0.9937186372960054,0.9936877187684641,0.9937267353942048,0.9937838975486678,0.993435414623284
50.2,0.9937273974226234,0.9938037685223707,0.9937614546059861,0.9937306778209178,0.9937695235813353,0.9938264134040501,0.9934795117081017
50.25,0.99377017122478,0.9938461880810344,0.993804066571025,0.9937734335137349,0.9938121078522919,0.9938687256729604,0.9935234045234432
50.300000000000004,0.9938127413371112,0.9938884037278147,0.9938464758819694,0.9938159852463231,0.9938544891200475,0.9939108351306984,0.9935670923496516
50.35,0.9938551068577539,0.9939304171255707,0.993888681814724,0.9938583336531388,0.9938966661431896,0.993952741313301,0.9936105756615586
50.400000000000006,0.993897269172379,0.9939722260620292,0.9939306837581285,0.9939004782027843,0.9939386400725765,0.9939944443513036,0.9936538552185599
50.45,0.9939392289058394,0.9940138325402752,0.9939724823664395,0.9939424190013362,0.9939804100248524,0.9940359438420017,0.9936969295755297
50.5,0.9939809850924517,0.994055236657944,0.9940140791907198,0.9939841581635183,0.9940219780962936,0.9940772415984549,0.9937398008791599
50.550000000000004,0.9940225380655269,0.9940964383243802,0.9940554726235564,0.9940256941638876,0.9940633437092816,0.9941183372086144,0.9937824681113191
50.6,0.9940638900082996,0.9941374369559508,0.994096664187174,0.9940670267297389,0.9941045061617935,0.9941592301183537,0.993824931695815
50.650000000000006,0.9941050388570505,0.9941782354880737,0.9941376541913616,0.9941081582810484,0.9941454673252558,0.9941999227781491,0.9938671931802285
50.7,0.9941459854314627,0.994218831769536,0.99417844190775,0.9941490878150444,0.9941862261413936,0.9942404131995881,0.9939092505265866
50.75,0.9941867315052393,0.9942592269434254,0.9942190288737737,0.9941898163150039,0.99422678493113,0.9942807026242684,0.9939511058007118
50.800000000000004,0.9942272752326435,0.9942994215950729,0.9942594144507044,0.9942303425411723,0.9942671411940333,0.9943207916178083,0.9939927581586695
50.85,0.9942676182907558,0.9943394147572455,0.9942995987809079,0.994270668176279,0.9943072974623697,0.994360680250478,0.9940342090873142
50.900000000000006,0.99430776120481,0.9943792083688825,0.9943395833145082,0.9943107930334362,0.9943472523707884,0.9944003685888436,0.9940754570781125
50.95,0.9943477029257495,0.9944188014860142,0.9943793674591809,0.9943507170124726,0.9943870073389385,0.9944398564405681,0.9941165038788329
51.0,0.9943874453604581,0.9944581955922767,0.9944189517635662,0.9943904422603735,0.9944265628796436,0.9944791460866487,0.9941573493508213
51.050000000000004,0.9944269869758179,0.9944973901174345,0.994458336024585,0.9944299669235461,0.9944659184064966,0.9945182356391584,0.9941979939326765
51.1,0.9944663302296658,0.9945363852926798,0.9944975216657828,0.9944692918127329,0.9945050745359687,0.9945571263161329,0.9942384371859422
51.150000000000006,0.9945054729596527,0.9945751830890817,0.994536508037594,0.9945084187796731,0.9945440327540436,0.9945958198634691,0.9942786810374818
51.2,0.9945444175142361,0.9946137812285927,0.9945752958580192,0.994547346133869,0.9945827912018359,0.9946343137749334,0.9943187235163691
51.25,0.9945831640380793,0.994652181571971,0.9946138855513115,0.994586075317471,0.9946213521396681,0.9946726099697397,0.9943585659986596
51.300000000000004,0.9946217122638812,0.9946903845791998,0.9946522778860761,0.9946246056780278,0.994659714380499,0.9947107094237713,0.9943982095831826
51.35,0.9946600623269095,0.9947283908173505,0.9946904714469821,0.9946629389819908,0.9946978795130301,0.9947486118397224,0.9944376532927066
51.400000000000006,0.9946982154649335,0.9947661999341105,0.9947284694758629,0.9947010753628788,0.9947358479744336,0.9947863176681989,0.9944768987635583
51.45,0.9947361714061274,0.9948038124167686,0.9947662690757679,0.9947390144512791,0.9947736193151611,0.994823826976522,0.9945159458006652
51.5,0.9947739303546378,0.9948412289832098,0.9948038733469364,0.9947767566798345,0.9948111944245729,0.9948611397642795,0.9945547944200276
51.550000000000004,0.9948114932809871,0.9948784494027019,0.9948412811943348,0.994814302406804,0.9948485726657254,0.9948982573784242,0.9945934441957565
51.6,0.994848860519622,0.9949154743637378,0.9948784937533806,0.9948516518419043,0.9948857554267733,0.9949351799743666,0.9946318971812063
51.650000000000006,0.9948860316379897,0.9949523049946645,0.9949155104104322,0.9948888073170045,0.9949227438983382,0.9949719076133772,0.9946701529863053
51.7,0.9949230072434857,0.9949889407866398,0.9949523321870128,0.9949257662445397,0.99495953613849,0.995008441016546,0.9947082118040413
51.75,0.9949597879410486,0.9950253815073076,0.9949889596182943,0.9949625307865548,0.9949961347851402,0.9950447799247499,0.9947460737745012
51.800000000000004,0.9949963748061528,0.9950616296468173,0.995025393457496,0.9949991012588844,0.995032538868162,0.9950809260504312,0.9947837396399158
51.85,0.9950327681498511,0.9950976838818055,0.995061633872978,0.9950354775112196,0.9950687495352125,0.9951168787296916,0.9948212098249158
51.900000000000006,0.9950689670967781,0.9951335447446844,0.9950976794923243,0.9950716597199488,0.9951047661601817,0.9951526376311282,0.9948584844221092
51.95,0.9951049731873172,0.9951692136263729,0.9951335333497027,0.9951076498087874,0.9951405908863811,0.9951882054149178,0.9948955641033087
52.0,0.9951407861426816,0.9952046897617495,0.9951691938534677,0.9951434455157889,0.9951762216313091,0.9952235804240863,0.9949324491078181
52.050000000000004,0.995176407003769,0.995239974676129,0.9952046627016344,0.9951790500396568,0.9952116614782842,0.9952587643764403,0.9949691395739007
52.1,0.9952118352985624,0.99527506761997,0.9952399400603703,0.9952144623289451,0.9952469090431875,0.9952937563355467,0.9950056355220547
52.150000000000006,0.9952470723556299,0.9953099704189485,0.9952750256496813,0.9952496833830938,0.9952819658079423,0.9953285589064922,0.9950419390859244
52.2,0.9952821188427399,0.9953446827395702,0.9953099210968279,0.9952847134054523,0.9953168316339862,0.9953631712348434,0.9950780499769835
52.25,0.9953169738754482,0.9953792053186099,0.995344626501923,0.9953195531650116,0.9953515079000108,0.9953975934585656,0.9951139669780467
52.300000000000004,0.9953516388142434,0.9954135375020314,0.9953791405633569,0.9953542015781383,0.9953859926814267,0.9954318257527425,0.9951496915973739
52.35,0.9953861150160419,0.9954476809017427,0.9954134668800304,0.9953886613074003,0.9954202895716191,0.9954658701027327,0.9951852255030939
52.400000000000006,0.995420400432822,0.9954816357020553,0.9954476033458708,0.9954229314814379,0.9954543966604166,0.9954997252048293,0.9952205674346121
52.45,0.9954544974184505,0.9955154022273135,0.9954815504493487,0.995457012203551,0.9954883150158123,0.9955333927474272,0.9952557186406901
52.5,0.9954884062667908,0.9955489811202952,0.9955153111011221,0.995490905339018,0.9955220459731934,0.9955668724655866,0.9952906786252511
52.550000000000004,0.9955221260752994,0.9955823726587539,0.9955488819436991,0.9955246097282182,0.9955555883452581,0.9956001659157336,0.9953254481065781
52.6,0.9955556593983051,0.9956155779979126,0.9955822674404183,0.9955581273314656,0.9955889439267984,0.9956332719566214,0.995360028877722
52.650000000000006,0.9955890050423624,0.9956485956194948,0.9956154654829584,0.9955914568339511,0.9956221126210659,0.995666192295847,0.995394419505709
52.7,0.9956221643156418,0.9956814281963908,0.9956484776886375,0.9956246002788776,0.9956550948001466,0.9956989270181651,0.9954286217378617
52.75,0.9956551371115856,0.9957140756767253,0.9956813031331924,0.99565755829318,0.9956878919320387,0.9957314761704605,0.995462635484774
52.800000000000004,0.9956879246162766,0.9957465378552987,0.995713944333841,0.9956903299483413,0.995720503322878,0.9957638409088165,0.995496461375023
52.85,0.995720526284285,0.995778815953227,0.9957463999831172,0.9957229162763721,0.9957529294483192,0.9957960217287518,0.9955300996420507
52.900000000000006,0.9957529446980025,0.9958109100478372,0.9957786710833758,0.9957553184595769,0.9957851720335779,0.9958280189731376,0.9955635507393472
52.95,0.9957851777696372,0.995842820497917,0.995810759238205,0.995787536833341,0.9958172310585629,0.9958598324164253,0.995596815725951
53.0,0.9958172271504553,0.9958745475834936,0.9958426639416671,0.9958195707699958,0.9958491059158252,0.9958914633977042,0.9956298937105977
53.050000000000004,0.995849093950727,0.9959060932204802,0.9958743851013263,0.9958514222099502,0.9958807985587244,0.9959229131771179,0.9956627876184769
53.1,0.9958807769268109,0.9959374565718968,0.9959059245362726,0.9958830903009412,0.9959123081327175,0.9959541801021015,0.9956954951627832
53.150000000000006,0.9959122782351161,0.9959686384795734,0.9959372815968981,0.9959145765574486,0.9959436365894312,0.995985266805647,0.9957280183390594
53.2,0.9959435979629856,0.9959996394979934,0.9959684577332284,0.9959458812820965,0.995974783538787,0.9960161720143043,0.9957603576760485
53.25,0.9959747357914202,0.9960304602448397,0.9959994526387338,0.9959770041672436,0.9960057491604519,0.9960468975723564,0.9957925125072246
53.300000000000004,0.9960056940571337,0.9960611002790469,0.9960302682271881,0.9960079468934735,0.9960365352562142,0.9960774428701578,0.995824484398977
53.35,0.9960364711161995,0.9960915614337971,0.9960609025770388,0.9960387091723126,0.9960671402574204,0.9961078088769576,0.9958562733600542
53.400000000000006,0.99606706905106,0.9961218449271732,0.996091358484305,0.9960692924272133,0.9960975674224577,0.9961379979863721,0.9958878814891201
53.45,0.996097487707361,0.9961519486993424,0.9961216358231506,0.9960996961897605,0.9961278156941065,0.9961680082962621,0.99591930678008
53.5,0.9961277282927625,0.9961818751194078,0.9961517352575968,0.9961299216597332,0.99615788585446,0.9961978407036126,0.9959505502581568
53.550000000000004,0.9961577891264102,0.9962116242887408,0.9961816555665144,0.9961599688683511,0.99618777774658,0.9962274964049102,0.9959816138777178
53.6,0.9961876740414728,0.9962411966044986,0.996211399874757,0.9961898381132179,0.9962174921937583,0.9962569752447787,0.9960124967816533
53.650000000000006,0.9962173812422542,0.9962705925950636,0.9962409667575023,0.9962195307972621,0.9962470305226663,0.9962862784367165,0.9960432006581122
53.7,0.9962469115998172,0.9962998141195094,0.9962703583134249,0.9962490477819935,0.9962763935682453,0.9963154066991857,0.9960737254229705
53.75,0.9962762669761134,0.9963288594163584,0.996299573969049,0.9962783877769417,0.9963055800075133,0.996344359683051,0.9961040706134301
53.800000000000004,0.9963054460542097,0.9963577300439821,0.996328615002793,0.9963075520984301,0.9963345912759854,0.9963731384425418,0.9961342383360297
53.85,0.9963344507566723,0.996386427820736,0.9963574805427033,0.9963365425970238,0.9963634288722915,0.9964017441381365,0.9961642283367274
53.900000000000006,0.9963632804018006,0.9964149511243569,0.9963861729020833,0.9963653582640759,0.9963920923083822,0.9964301764723936,0.9961940410150534
53.95,0.9963919365605263,0.9964433020357994,0.9964146924565748,0.996394001158871,0.996420583177827,0.9964584356905217,0.9962236776027742
54.0,0.9964204198891984,0.996471480290599,0.9964430391261153,0.9964224695179749,0.9964489002997209,0.9964865232056597,0.9962531377726664
54.050000000000004,0.9964487302911684,0.9964994880203214,0.9964712119507295,0.9964507669462358,0.996477046036762,0.9965144393510219,0.996282423226261
54.1,0.9964768686759242,0.9965273226498792,0.9964992144525535,0.9964788903783488,0.9965050189491509,0.9965421843825197,0.9963115329671509
54.150000000000006,0.9965048358317361,0.9965549887774,0.9965270457069497,0.9965068437799001,0.9965328218858324,0.9965697596273572,0.9963404692169221
54.2,0.9965326315237881,0.9965824828593007,0.9965547067358871,0.9965346253861042,0.9965604536824016,0.9965971642588968,0.9963692303834301
54.25,0.9965602567678284,0.996609808400357,0.9965821970625889,0.9965622363211338,0.9965879153894136,0.9966244000397793,0.9963978188741698
54.300000000000004,0.99658771186361,0.9966369650765037,0.9966095184035014,0.9965896784023728,0.9966152080458242,0.9966514675662336,0.9964262347148012
54.35,0.9966149981423568,0.9966639533423742,0.9966366702027669,0.996616951042651,0.9966423321020343,0.9966783669748738,0.9964544779819372
54.400000000000006,0.996642116437138,0.996690774965795,0.9966636550344872,0.996644055352193,0.9966692883589926,0.9967050993988567,0.9964825510016884
54.45,0.9966690654852219,0.9967174271686957,0.9966904713427138,0.9966709904511529,0.9966960755106662,0.9967316636690684,0.9965104510717596
54.5,0.9966958475203339,0.9967439143156664,0.9967171202845639,0.9966977592139781,0.9967226970270837,0.9967580625864056,0.9965381821381925
54.550000000000004,0.996722462544175,0.9967702352724834,0.9967436033802586,0.9967243604504369,0.9967491512099074,0.9967842960764435,0.9965657420146602
54.6,0.9967489111917112,0.9967963909929733,0.9967699203799316,0.996750796176073,0.996775440197903,0.9968103637629646,0.9965931341431968
54.650000000000006,0.9967751928643085,0.9968223811083218,0.9967960716083581,0.9967770652398431,0.9968015633752887,0.9968362667257527,0.9966203560178025
54.7,0.996801310968324,0.996848207539639,0.9968220588966946,0.9968031696098703,0.9968275218716158,0.9968620059024262,0.9966474100561359
54.75,0.9968272633051276,0.9968738704291515,0.9968478812530053,0.9968291090718577,0.9968533162361237,0.996887582873417,0.9966742964357365
54.800000000000004,0.9968530525477795,0.9968993692287812,0.9968735403989752,0.9968548843769645,0.9968789468614683,0.9969129952861511,0.9967010156414351
54.85,0.9968786785575485,0.9969247066912306,0.9968990364895236,0.9968804968489916,0.9969044152123847,0.9969382468835448,0.9967275689544604
54.900000000000006,0.996904140045394,0.9969498825049419,0.9969243696359538,0.9969059466290016,0.9969297211784145,0.9969633370993443,0.9967539563887234
54.95,0.9969294405590557,0.9969748962969849,0.9969495419840434,0.9969312335795313,0.9969548646816646,0.9969882654451763,0.9967801778702897
55.0,0.9969545791708887,0.9969997496670189,0.9969745525915447,0.996956359045861,0.9969798474971349,0.9970130337351129,0.9968062342629316
55.050000000000004,0.9969795575792597,0.9970244433694413,0.9969994025006633,0.9969813238777777,0.9970046696685747,0.9970376432334724,0.9968321276219448
55.1,0.9970043731794274,0.99704897681663,0.9970240929569811,0.9970061277315625,0.9970293316661661,0.997062091619237,0.9968578564474074
55.150000000000006,0.9970290308465719,0.9970733518091848,0.9970486232107512,0.9970307724645129,0.997053834666714,0.9970863826336086,0.9968834225589203
55.2,0.9970535284734954,0.9970975687714158,0.9970729957908566,0.9970552570201093,0.9970781783803808,0.9971105157081137,0.9969088265144515
55.25,0.9970778679386876,0.9971216275419486,0.9970972088266951,0.9970795841282496,0.9971023645541066,0.9971344912539769,0.9969340683004442
55.300000000000004,0.9971020493250788,0.9971455299567096,0.9971212650087311,0.9971037530149629,0.9971263935024508,0.9971583103634551,0.9969591492723457
55.35,0.9971260727928649,0.9971692761370186,0.9971451646062263,0.9971277646513883,0.997150265472472,0.9971819739343138,0.9969840698137709
55.400000000000006,0.9971499401288311,0.9971928659395881,0.99716890687116,0.9971516188381618,0.9971739803622413,0.9972054810032317,0.9970088301123303
55.45,0.9971736510441331,0.9972163007906498,0.9971924945053732,0.9971753174987878,0.9971975406456615,0.9972288340612233,0.9970334316034145
55.5,0.9971972064203944,0.9972395810451695,0.9972159262914955,0.9971988603732482,0.9972209451271778,0.9972520322412082,0.997057873502423
55.550000000000004,0.9972206067144755,0.9972627077419044,0.9972392044605519,0.9972222482904767,0.9972441952195774,0.9972750769606723,0.9970821572404168
55.6,0.9972438515735895,0.9972856805087258,0.9972623281347933,0.9972454820815677,0.9972672920427244,0.9972979691284105,0.997106283359697
55.650000000000006,0.9972669445574214,0.9973085007948955,0.9972852986412233,0.9972685620640097,0.9972902350263679,0.9973207082464733,0.9971302526117837
55.7,0.9972898831307059,0.9973311692165368,0.9973081158688042,0.9972914891110041,0.9973130257189314,0.9973432960630984,0.9971540658069245
55.75,0.9973126699026366,0.9973536858271421,0.9973307815435917,0.9973142630874239,0.9973356637599922,0.9973657320065832,0.9971777227285025
55.800000000000004,0.9973353043969326,0.9973760523882862,0.997353295867186,0.997336886301425,0.997358151731077,0.997388018626105,0.9972012259371701
55.85,0.9973577875282659,0.9973982679647577,0.9973756597234857,0.9973593572893841,0.9973804879815885,0.9974101548223631,0.9972245731404232
55.900000000000006,0.9973801198385716,0.9974203340139018,0.9973978731429973,0.9973816783839097,0.9974026746846183,0.9974321415066383,0.9972477662107233
55.95,0.9974023026444521,0.9974422516313236,0.9974199372668682,0.9974038492387367,0.9974247119235746,0.9974539801883072,0.9972708068008149
56.0,0.9974243365093535,0.9974640196582942,0.9974418516438945,0.9974258702218128,0.9974465993637853,0.9974756697992864,0.9972936944983672
56.050000000000004,0.9974462210496787,0.9974856408095174,0.9974636188289643,0.9974477431062394,0.9974683395022059,0.9974972127443062,0.9973164297315757
56.1,0.9974679573241418,0.9975071152104096,0.9974852374860437,0.9974694681309741,0.997489932125564,0.9975186086806475,0.9973390141935846
56.150000000000006,0.9974895462732739,0.9975284429973954,0.9975067100695877,0.9974910456237341,0.9975113776804639,0.9975398590740406,0.9973614468545494
56.2,0.9975109883315381,0.9975496247566745,0.997528035664967,0.997512476386494,0.9975326773394483,0.9975609639958726,0.9973837311915924
56.25,0.9975322838490637,0.9975706617688626,0.9975492149663782,0.9975337607475399,0.9975538304008883,0.9975819232209009,0.9974058642873125
56.300000000000004,0.9975534341704331,0.9975915538388366,0.9975702506947522,0.9975548996448138,0.9975748394728498,0.9976027394709063,0.9974278491004092
56.35,0.9975744391926905,0.9976123024287555,0.997591140601271,0.9975758934700993,0.9975957030116742,0.9976234109752099,0.9974496848527841
56.400000000000006,0.9975953003097495,0.9976329073934271,0.9976118870968279,0.9975967429597186,0.9976164231079464,0.9976439397740898,0.9974713734629237
56.45,0.9976160172075427,0.9976533689526302,0.9976324899554334,0.997617448168453,0.9976369996370784,0.997664326539424,0.9974929148068614
56.5,0.9976365914764012,0.9976736904133362,0.9976529516737285,0.9976380120670323,0.9976574350669224,0.9976845720937653,0.997514310955717
56.550000000000004,0.9976570222337278,0.9976938693495615,0.9976732689815774,0.9976584323787737,0.9976777274393733,0.9977046757294998,0.9975355595788793
56.6,0.9976773130136456,0.9977139069524563,0.9976934472005095,0.9976787109992713,0.9976978789947932,0.997724639352361,0.9975566636722715
56.650000000000006,0.9976974612595807,0.9977338054658242,0.9977134838322419,0.9976988486522588,0.9977178898192511,0.9977444632315309,0.9975776232962165
56.7,0.9977174686725574,0.9977535643909586,0.9977333799645489,0.9977188455677894,0.9977377601875179,0.9977641477841996,0.9975984385282369
56.75,0.9977373368867739,0.9977731842866393,0.9977531376840257,0.9977387031745661,0.9977574920648815,0.9977836942393796,0.9976191106653668
56.800000000000004,0.9977570662405348,0.997792666179735,0.9977727562905686,0.9977584213292385,0.9977770848615157,0.9978031027959535,0.9976396404983353
56.85,0.9977766562538325,0.9978120095872615,0.9977922367572355,0.9977780005587804,0.9977965394489231,0.997822373316207,0.9976600278703259
56.900000000000006,0.9977961081933359,0.9978312167200456,0.9978115789098898,0.9977974416508181,0.9978158562979986,0.997841507680055,0.9976802740110952
56.95,0.9978154227559852,0.997850288046189,0.9978307846166877,0.9978167464292307,0.9978350372577863,0.9978605067137836,0.9977003796313629
57.0,0.9978346012694242,0.9978692232100126,0.9978498548062695,0.9978359137258439,0.9978540810856111,0.997879369615337,0.9977203442115641
57.050000000000004,0.9978536435132626,0.9978880237938629,0.9978687890899238,0.9978549457461676,0.9978729904471927,0.9978980986235829,0.9977401702591807
57.1,0.9978725497068507,0.9979066901951428,0.9978875880795549,0.9978738423097779,0.9978917646636498,0.9979166937702535,0.9977598571814568
57.150000000000006,0.9978913215330723,0.9979252220590709,0.9979062530444487,0.997892603089897,0.9979104039168476,0.9979351543055693,0.9977794051341133
57.2,0.9979099586989504,0.9979436213110093,0.9979247838740731,0.9979112301239916,0.9979289097073868,0.9979534827335914,0.9977988162734454
57.25,0.9979284625565075,0.9979618878953946,0.9979431826119955,0.9979297243756567,0.9979472835090475,0.9979716794918514,0.997818090481838
57.300000000000004,0.9979468343367517,0.997980022632555,0.9979614478916581,0.9979480848455526,0.9979655239108358,0.9979897438357431,0.9978372278580695
57.35,0.9979650732993827,0.9979980272657272,0.9979795818894858,0.9979663142751616,0.9979836335301426,0.9980076782811373,0.9978562302574505
57.400000000000006,0.9979831799275372,0.9980158999852462,0.9979975852381247,0.9979844113963007,0.9980016116526695,0.9980254817402173,0.9978750974818229
57.45,0.9980011566704973,0.9980336438508419,0.9980154574276727,0.9980023780119676,0.9980194596015486,0.9980431570056043,0.997893829950621
57.5,0.9980190025597053,0.9980512574124158,0.9980331994413691,0.9980202131202756,0.9980371765454066,0.998060701520566,0.9979124279496844
57.550000000000004,0.9980367180911716,0.9980687428744055,0.998050812696156,0.9980379195045976,0.9980547653975645,0.9980781186864894,0.9979308932616642
57.6,0.998054305463247,0.9980861011180765,0.9980682975951856,0.9980554973843183,0.998072226548958,0.9980954087865553,0.9979492272823396
57.650000000000006,0.9980717640587267,0.9981033304109936,0.9980856546057739,0.9980729454869623,0.9980895581797679,0.9981125706743488,0.9979674272734489
57.7,0.9980890950075805,0.9981204338192096,0.9981028842015702,0.9980902669848296,0.9981067637406451,0.998129606883854,0.9979854977014854
57.75,0.9981062988317839,0.9981374116388706,0.9981199872427355,0.9981074614244745,0.9981238428826124,0.9981465175431754,0.9980034369862527
57.800000000000004,0.998123375584259,0.9981542640216013,0.9981369641452044,0.9981245290119309,0.9981407952071554,0.9981633030386605,0.9980212459117096
57.85,0.9981403267200805,0.9981709905312789,0.9981538152289415,0.9981414704699693,0.9981576224414767,0.9981799631965319,0.9980389263533923
57.900000000000006,0.9981571528792763,0.9981875939134828,0.9981705416142321,0.998158286735028,0.9981743248832345,0.9981965001187766,0.9980564771896263
57.95,0.9981738546042496,0.9982040734815585,0.9981871449669353,0.9981749790922896,0.9981909040905804,0.9982129143355143,0.9980739002080812
58.0,0.9981904318218533,0.9982204298119313,0.9982036243846821,0.9981915470784978,0.9982073593481755,0.9982292056317186,0.9980911964936223
58.050000000000004,0.9982068857436894,0.9982366640385552,0.9982199800098641,0.9982079916658567,0.9982236914015132,0.9982453745338777,0.9981083648441185
58.1,0.998223217516891,0.9982527773131372,0.9982362140917187,0.9982243141762439,0.9982399023117463,0.9982614233525684,0.9981254084128721
58.150000000000006,0.9982394266766688,0.9982687688015391,0.9982523264112667,0.9982405139443877,0.9982559907494932,0.998277350352631,0.9981423245546246
58.2,0.9982555147000599,0.9982846411893098,0.9982683184853082,0.9982565937252601,0.998271959741789,0.9982931585731475,0.9981591180480651
58.25,0.9982714809121853,0.998300392319976,0.9982841892142691,0.9982725510236788,0.998287807112553,0.9983088457694714,0.9981757857491012
58.300000000000004,0.9982873278423056,0.9983160252300377,0.9982999406537194,0.998288388910513,0.998303535190707,0.9983244153312327,0.9981923303377894
58.35,0.9983030551535483,0.9983315393719112,0.9983155734403806,0.9983041074565243,0.9983191447845188,0.9983398668836307,0.9982087517632583
58.400000000000006,0.9983186637004056,0.998346935644203,0.9983310877512525,0.998319706930886,0.9983346358897427,0.9983552006065805,0.998225050736748
58.45,0.9983341535721724,0.9983622142125346,0.9983464832090589,0.9983351875215621,0.9983500078780803,0.998370416231898,0.9982412272482171
58.5,0.9983495264756133,0.998377376597959,0.998361763271542,0.9983505511218439,0.9983652644655336,0.9983855170612368,0.998257283873891
58.550000000000004,0.9983647814425185,0.9983924242296848,0.9983769250340574,0.9983657984201593,0.998380404614458,0.9984005025422884,0.9982732198168724
58.6,0.9983799211670326,0.9984073547129844,0.9983919723825834,0.9983809284922613,0.9983954278792609,0.99841537160913,0.9982890350602229
58.650000000000006,0.99839494363853,0.9984221721898363,0.9984069033469601,0.9983959439306569,0.9984103374439177,0.9984301275116032,0.9983047325198652
58.7,0.9984098519715934,0.9984368750503314,0.9984217200605423,0.9984108433188124,0.998425131350129,0.9984447697604801,0.9983203107626942
58.75,0.9984246465071989,0.9984514637029904,0.998436423771064,0.9984256281586491,0.9984398116483304,0.9984592986348008,0.9983357709438632
58.800000000000004,0.9984393255779216,0.9984659398716684,0.998451011412952,0.9984402988875619,0.9984543779209395,0.9984737146256226,0.9983511135229494
58.85,0.9984538918900818,0.9984803040343946,0.9984654887745099,0.9984548574427888,0.9984688323452574,0.9984880190280812,0.9983663393791272
58.900000000000006,0.9984683463066861,0.99849455716433,0.9984798537265943,0.9984693029100258,0.9984831747722934,0.9985022122202363,0.9983814494639456
58.95,0.9984826873546653,0.9985086991710599,0.998494105960293,0.9984836367724286,0.9984974054658317,0.9985162952193158,0.9983964447326803
59.0,0.998496918012578,0.9985227300824169,0.9985082479137237,0.9984978584652168,0.9985115252188916,0.9985302672439713,0.9984113240011718
59.050000000000004,0.9985110370954533,0.9985366518998753,0.9985222792871153,0.9985119697241276,0.9985255344276376,0.9985441306434683,0.9984260900288358
59.1,0.9985250466211032,0.998550464761613,0.9985362009667087,0.9985259714506075,0.9985394349913472,0.9985578856262708,0.9984407422775605
59.150000000000006,0.998538946334862,0.9985641684161575,0.998550014263581,0.9985398631458202,0.9985532262997922,0.9985715315109468,0.9984552808552281
59.2,0.9985527380385838,0.9985777646042724,0.9985637193782733,0.9985536460658574,0.9985669089558784,0.9985850702905084,0.9984697077770965
59.25,0.9985664202701205,0.9985912530285044,0.9985773154078108,0.998567320102712,0.9985804835128671,0.9985985013406878,0.9984840223807685
59.300000000000004,0.9985799952154824,0.9986046359508989,0.9985908048981829,0.998580887333642,0.9985939514878291,0.9986118277455385,0.9984982264505857
59.35,0.9985934628326684,0.9986179129851347,0.9986041880558234,0.9985943481219722,0.998607313479551,0.9986250478337511,0.9985123203991668
59.400000000000006,0.9986068247851165,0.9986310833645314,0.9986174651970376,0.9986077013420314,0.9986205690592423,0.998638162135713,0.9985263037905833
59.45,0.9986200798696558,0.9986441495473282,0.9986306362013189,0.9986209488146653,0.9986337187302254,0.9986511726788002,0.9985401780328028
59.5,0.9986332294129371,0.9986571112699716,0.9986437029627606,0.9986340911610582,0.9986467638575203,0.9986640784932757,0.9985539434830075
59.550000000000004,0.9986462758742698,0.9986699702099245,0.9986566659295856,0.9986471295930703,0.9986597058694613,0.9986768823435418,0.9985676012063316
59.6,0.9986592172714941,0.9986827255313526,0.9986695248144699,0.9986600638533574,0.9986725442416129,0.998689583056849,0.9985811522158274
59.650000000000006,0.9986720554582528,0.9986953789294525,0.9986822809227462,0.9986728944665433,0.9986852790200297,0.998702181668847,0.9985945955324481
59.7,0.9986847914120546,0.9987079303145596,0.9986949348571772,0.9986856219517676,0.9986979119826616,0.9987146786275155,0.998607932610174
59.75,0.9986974240522036,0.9987203802301975,0.9987074864025367,0.9986982479513647,0.9987104433275238,0.9987270741676824,0.9986211641086187
59.800000000000004,0.9987099555196461,0.9987327298878285,0.9987199379115248,0.9987107724423774,0.9987228739021687,0.9987393707589758,0.998634291688898
59.85,0.9987223861615959,0.9987449793355876,0.9987322875553778,0.9987231955040043,0.9987352035459942,0.998751566908517,0.998647313798175
59.900000000000006,0.9987347163242256,0.9987571301146128,0.9987445377703155,0.9987355185964457,0.9987474333265274,0.9987636642471889,0.9986602320175977
59.95,0.9987469466504358,0.9987691816785471,0.9987566887429438,0.9987477415085275,0.9987595641634872,0.9987756632264964,0.9986730484406656
60.0,0.9987590781030026,0.9987811349681953,0.9987687407470757,0.9987598651850358,0.9987715956860046,0.9987875644223264,0.9986857609414811
60.050000000000004,0.9987711097976719,0.9987929903228463,0.9987806955400761,0.9987718902960554,0.9987835298346238,0.9987993675383181,0.9986983720551702
60.1,0.9987830445148438,0.9988047489880696,0.998792551578094,0.9987838177338404,0.9987953663249933,0.9988110742948066,0.9987108817720318
60.150000000000006,0.9987948814181005,0.9988164115093334,0.9988043116366472,0.998795647647054,0.9988071056354033,0.9988226854993754,0.9987232910719624
60.2,0.9988066219994062,0.9988279786828704,0.9988159752160259,0.9988073814452112,0.9988187496441838,0.9988342012557608,0.9987356003085435
60.25,0.9988182659068215,0.998839449623238,0.9988275424871759,0.9988190178454595,0.9988302969812488,0.9988456215921584,0.998747809323789
60.300000000000004,0.9988298147012046,0.9988508261856384,0.9988390144892729,0.998830559457339,0.9988417496055899,0.998856947791191,0.9987599192369756
60.35,0.9988412672244356,0.9988621096105421,0.9988503926494965,0.998842006172064,0.9988531078800529,0.998868180619168,0.9987719315870058
60.400000000000006,0.9988526266448042,0.9988732984686994,0.9988616769348441,0.998853357659423,0.9988643716754855,0.9988793197402224,0.998783845638624
60.45,0.9988638916623148,0.9988843949421828,0.9988728670961411,0.9988646161859428,0.9988755428069125,0.9988903662482844,0.9987956632129472
60.5,0.9988750626592203,0.9988953998727693,0.9988839647768875,0.9988757816763244,0.9988866217136652,0.998901322140278,0.9988073840024428
60.550000000000004,0.998886141806715,0.9989063113908127,0.9988949692442213,0.9988868533830312,0.9988976068934579,0.9989121850009546,0.9988190080977791
60.6,0.9988971281819359,0.9989171330111456,0.9989058819156164,0.9988978334267218,0.9989085008450679,0.9989229574774593,0.9988305369048911
60.650000000000006,0.9989080235985159,0.9989278635463779,0.9989167047534206,0.9989087220963622,0.9989193048156573,0.9989336400200465,0.9988419717442761
60.7,0.9989188273309132,0.9989385041415879,0.9989274363999952,0.9989195196813947,0.998930017065647,0.998944232665023,0.9988533120724958
60.75,0.9989295409050258,0.9989490553471273,0.9989380780209168,0.9989302265723157,0.9989406395816174,0.9989547358465994,0.9988645578822922
60.800000000000004,0.9989401646263234,0.9989595181527078,0.9989486312808923,0.9989408441795745,0.9989511737663443,0.9989651511123643,0.9988757116781527
60.85,0.9989506990443406,0.9989698920825903,0.9989590949424337,0.9989513724582162,0.9989616186927932,0.9989754778125003,0.9988867728220645
60.900000000000006,0.9989611448999005,0.9989801782467269,0.9989694698794909,0.9989618114790568,0.9989719747873869,0.9989857169543839,0.9988977414726119
60.95,0.9989715024414464,0.9989903777253799,0.998979756789508,0.9989721632468392,0.9989822443058606,0.9989958701912971,0.9989086190923003
61.0,0.9989817724722412,0.9990004906879144,0.9989899575119603,0.998982427135697,0.9989924260889621,0.9990059362070669,0.9989194060203794
61.050000000000004,0.9989919558957008,0.9990105165350395,0.9990000717109628,0.998992603876812,0.9990025218208934,0.9990159165395398,0.9989301020979162
61.1,0.9990020523201288,0.9990204581225668,0.9990100992466169,0.9990026946468478,0.9990125317841286,0.9990258125980578,0.9989407095397593
61.150000000000006,0.9990120628122285,0.999030314466026,0.9990200419970062,0.9990126989310484,0.9990224555901497,0.999035623098581,0.998951227335312
61.2,0.9990219885144538,0.9990400867626157,0.9990298996741479,0.999022618426868,0.9990322953000422,0.9990453505647112,0.9989616571940504
61.25,0.9990318287888601,0.9990497737825083,0.9990396729202324,0.9990324527050991,0.999042050168238,0.9990549928102571,0.9989719982294961
61.300000000000004,0.9990415846525275,0.9990593792601437,0.9990493620463561,0.9990422027261405,0.999051721286538,0.9990645533193273,0.9989822529564376
61.35,0.9990512580023727,0.9990689014468307,0.999058968224022,0.9990518697998518,0.999061310117038,0.9990740319543802,0.9989924203487865
61.400000000000006,0.9990608467915023,0.9990783413179654,0.9990684918675778,0.9990614533885175,0.999070815707648,0.9990834278378273,0.9990025011806236
61.45,0.999070354673447,0.9990877003177707,0.9990779327095025,0.9990709545315075,0.999080239278562,0.9990927425080852,0.9990124970817252
61.5,0.999079779385143,0.9990969775902779,0.9990872925770625,0.9990803744042149,0.9990895821632991,0.999101976542252,0.9990224075237868
61.550000000000004,0.999089122364604,0.9991061742034762,0.9990965707183019,0.9990897118204229,0.9990988429547086,0.9991111304487893,0.999032232994132
61.6,0.9990983850504492,0.9991152911897647,0.9991057688572702,0.9990989687343803,0.9991080239719361,0.9991202046347321,0.9990419753137858
61.650000000000006,0.9991075672492862,0.9991243282384937,0.9991148877042849,0.9991081448321868,0.999117124654118,0.9991291988057929,0.9990516329508902
61.7,0.9991166693349087,0.9991332870641609,0.9991239262327652,0.9991172418500649,0.9991261465241713,0.9991381156755734,0.99906120847802
61.75,0.9991256924171409,0.9991421672798617,0.9991328862762884,0.9991262597085846,0.9991350897489214,0.9991469538246222,0.9990707021461227
61.800000000000004,0.9991346362958573,0.9991509693009268,0.999141768463151,0.9991351976160345,0.9991439537906657,0.9991557143873181,0.9990801130825626
61.85,0.9991435025834803,0.9991596945130772,0.9991505716019136,0.9991440584238507,0.9991527410414609,0.9991643983220244,0.9990894429669708
61.900000000000006,0.9991522908926456,0.9991683430703657,0.9991592978774182,0.9991528415084325,0.9991614507459274,0.9991730056361726,0.999098692573676
61.95,0.9991610022603963,0.9991769149778145,0.9991679477553229,0.9991615473813754,0.9991700835681174,0.9991815365851117,0.9991078615445017
62.0,0.999169636404933,0.9991854104644315,0.9991765213246081,0.999170175819848,0.9991786401039704,0.9991899916350836,0.9991169507256961
62.050000000000004,0.9991781953057153,0.9991938311249537,0.9991850195267182,0.9991787287095296,0.9991871214210795,0.9991983722209536,0.9991259605661039
62.1,0.999186677045216,0.9992021777715846,0.9991934414170149,0.9991872062890862,0.9991955271995923,0.9992066785495131,0.9991348926166399
62.150000000000006,0.999195084503085,0.9992104495991997,0.9992017890444143,0.9991956084664958,0.9992038590182749,0.9992149109716697,0.9991437458511373
62.2,0.9992034170762768,0.9992186490800128,0.9992100631434411,0.999203936868136,0.9992121167134674,0.9992230710047227,0.9991525227670972
62.25,0.9992116763980466,0.9992267742876685,0.9992182623132072,0.9992121901713147,0.9992203001730339,0.9992311570133035,0.999161221020748
62.300000000000004,0.9992198616697597,0.9992348265818876,0.9992263895730034,0.9992203705597007,0.9992284112773584,0.9992391706260019,0.9991698437897603
62.35,0.9992279746895218,0.9992428081272466,0.9992344440457912,0.9992284783990001,0.9992364497829213,0.9992471129048253,0.9991783913384709
62.400000000000006,0.9992360146622228,0.9992507169458382,0.9992424260299421,0.9992365130043332,0.9992444159441274,0.9992549836493941,0.9991868618430206
62.45,0.999243981567831,0.9992585549884457,0.9992503363359906,0.999244475864466,0.999252310795973,0.9992627835540768,0.999195258524113
62.5,0.9992518782371858,0.9992663224283134,0.9992581764624258,0.9992523674255062,0.9992601347432213,0.9992705128866917,0.9992035802148915
62.550000000000004,0.9992597037221772,0.9992740191402631,0.9992659453719666,0.9992601875733116,0.9992678876377339,0.9992781722565878,0.9992118283953502
62.6,0.9992674590777049,0.9992816470092547,0.9992736445684007,0.9992679379222127,0.9992755716243213,0.9992857633366551,0.9992200032689689
62.650000000000006,0.9992751440716751,0.9992892060823624,0.9992812740839352,0.9992756183605903,0.9992831856781383,0.9992932849153252,0.9992281056627386
62.7,0.9992827588755777,0.999296696104889,0.9992888336029999,0.9992832291816544,0.999290730365619,0.9993007385894321,0.9992361351450818
62.75,0.9992903061291334,0.9993041177827927,0.9992963252812596,0.9992907706348799,0.9992982063000079,0.9993081231852985,0.9992440921776368
62.800000000000004,0.9992977835292537,0.9993114721125891,0.999303749053563,0.9992982440053773,0.9993056149968323,0.9993154415005193,0.9992519788771828
62.85,0.9993051940225554,0.9993187589912321,0.9993111049972918,0.9993056491167668,0.9993129555964718,0.999322692361836,0.9992597946556526
62.900000000000006,0.9993125358912456,0.9993259799857297,0.9993183938440718,0.9993129873836616,0.9993202294725456,0.9993298774955863,0.9992675396120783
62.95,0.9993198121009285,0.9993331340211624,0.9993256161778494,0.9993202578983879,0.9993274364200475,0.9993369961441687,0.9992752154028024
63.0,0.9993270208220005,0.999340222825901,0.9993327716242827,0.9993274625085888,0.9993345779142744,0.9993440500453645,0.9992828213283078
63.050000000000004,0.9993341637687445,0.9993472467351656,0.9993398624188962,0.9993346011565473,0.9993416538899822,0.9993510385852524,0.9992903588600752
63.1,0.9993412415362166,0.9993542057620857,0.99934688775347,0.9993416742714041,0.999348664565646,0.9993579630658074,0.9992978280581741
63.150000000000006,0.9993482539406826,0.999361100825712,0.9993538479915928,0.9993486825636136,0.9993556107929945,0.9993648234102718,0.999305229577141
63.2,0.9993552014514648,0.9993679308885991,0.9993607448452873,0.9993556257148587,0.9993624927323508,0.9993716196375317,0.9993125629885695
63.25,0.9993620850142366,0.9993746988436825,0.999367577491024,0.9993625049857849,0.9993693111207829,0.9993783535090706,0.9993198300507999
63.300000000000004,0.9993689053027333,0.9993814040885401,0.999374346494541,0.999369321231752,0.99937606625065,0.9993850250492455,0.9993270313445695
63.35,0.9993756617536721,0.999388046805525,0.9993810532478532,0.9993760734692616,0.999382758294328,0.9993916342526845,0.9993341658623334
63.400000000000006,0.9993823558410532,0.9993946270365461,0.9993876970752069,0.9993827629943761,0.9993893879868186,0.9993981811090391,0.9993412351557938
63.45,0.9993889877482229,0.9994011459583829,0.9993942797060489,0.9993893910055357,0.999395956666861,0.9994046674448972,0.9993482393329263
63.5,0.9993955585133178,0.9994076041320135,0.9994008006587181,0.9993959565428578,0.9994024633655453,0.999411093007042,0.9993551794263771
63.550000000000004,0.9994020663847851,0.9994140020601013,0.9994072602476377,0.9994024613075575,0.9994089097719049,0.9994174582443051,0.9993620555536732
63.6,0.9994085139729013,0.9994203399244594,0.9994136597965526,0.9994089050514973,0.999415295170985,0.9994237639937018,0.9993688681730362
63.650000000000006,0.9994149017581364,0.9994266182790165,0.9994199993066888,0.9994152889761256,0.9994216214494656,0.9994300106163996,0.9993756178266823
63.7,0.9994212294792296,0.9994328365499038,0.9994262790474314,0.9994216113941988,0.9994278868426016,0.9994361968240428,0.9993823040059648
63.75,0.9994274973299263,0.9994389972326674,0.999432499499485,0.9994278759491445,0.9994340944468699,0.9994423261742333,0.9993889287533768
63.800000000000004,0.9994337064977074,0.9994450992515435,0.9994386614890205,0.999434081402592,0.9994402431488101,0.9994483969553757,0.9993954919616713
63.85,0.9994398570192788,0.9994511438243431,0.9994447649843761,0.9994402272266256,0.9994463331584639,0.9994544100723189,0.999401993654651
63.900000000000006,0.9994459485752887,0.9994571303906115,0.9994508111389873,0.9994463161598197,0.9994523664096978,0.9994603660166361,0.9994084349026384
63.95,0.9994519836407861,0.9994630604841008,0.9994567997167936,0.9994523464319695,0.9994583413319121,0.9994662659353739,0.9994148157656785
64.0,0.9994579604535134,0.999468933847537,0.9994627312890085,0.9994583201224356,0.9994642602601698,0.9994721087113596,0.9994211368117054
64.05,0.9994638812097583,0.9994747514818682,0.9994686067724114,0.9994642370578023,0.9994701223836259,0.9994778960169907,0.9994273989097351
64.10000000000001,0.9994697454317418,0.9994805138110929,0.9994744263345832,0.9994700971705184,0.9994759284724659,0.999483628582514,0.9994336018211565
64.15,0.9994755538116302,0.9994862201991127,0.9994801904964155,0.9994759018640968,0.9994816798484778,0.9994893057514457,0.9994397462281484
64.2,0.999481306810418,0.9994918726993058,0.9994858988092159,0.99948165101857,0.9994873755966661,0.9994949286204377,0.9994458329674547
64.25,0.999487003525581,0.9994974697872907,0.9994915523472649,0.9994873442153522,0.9994930157813073,0.9995004958879382,0.999451860920811
64.3,0.9994926469210085,0.9995030140212107,0.9994971518771796,0.9994929841057332,0.9994986033838763,0.9995060116926319,0.9994578333082488
64.35000000000001,0.9994982352481612,0.9995085043240205,0.9995026968380841,0.9994985689149303,0.9995041360443769,0.9995114733299888,0.9994637480964181
64.4,0.9995037712282856,0.9995139414588928,0.9995081900204442,0.9995041003569715,0.9995096159712157,0.9995168822749636,0.999469606655725
64.45,0.9995092522423037,0.9995193260968449,0.9995136285131786,0.9995095785311028,0.9995150425142819,0.9995222386392453,0.9994754091972688
64.5,0.9995146810949036,0.9995246584299144,0.9995190149945079,0.9995150033449846,0.9995204164015579,0.9995275428176937,0.99948115670131
64.55,0.999520056900031,0.9995299402779484,0.9995243487355453,0.999520376847052,0.9995257394314517,0.9995327965903518,0.9994868495401743
64.60000000000001,0.9995253815115344,0.9995351690898057,0.9995296316651627,0.9995256977215747,0.9995310101269443,0.999537997970847,0.9994924877318601
64.65,0.9995306539557048,0.9995403476263434,0.9995348629798307,0.9995309662027856,0.9995362289551906,0.9995431490678759,0.999498071404922
64.7,0.9995358744552301,0.9995454752368704,0.9995400427059538,0.9995361833977889,0.9995413967907187,0.9995482491867212,0.999503601511283
64.75,0.9995410442248014,0.9995505528745303,0.9995451729136429,0.9995413502655695,0.9995465147135997,0.9995533009201858,0.9995090785220861
64.8,0.9995461640346681,0.9995555811987069,0.9995502521748569,0.9995464671740281,0.9995515827483019,0.9995583016229747,0.9995145030283616
64.85000000000001,0.9995512341910568,0.999560559988802,0.9995552822291136,0.9995515338412895,0.999556600765459,0.9995632539183152,0.9995198748572479
64.9,0.9995562537227604,0.999565489995776,0.9995602621837195,0.9995565504667734,0.9995615696247729,0.9995681574517972,0.9995251947233805
64.95,0.9995612254155813,0.9995703701477551,0.9995651945051738,0.9995615174078858,0.9995664894472566,0.9995730121727963,0.9995304623680135
65.0,0.9995661467548257,0.9995752036571519,0.9995700767570495,0.9995664362704102,0.99957136076078,0.999577819346785,0.9995356795065051
65.05,0.9995710197462431,0.9995799893605442,0.9995749107547535,0.9995713065985676,0.9995761844560762,0.9995825794149618,0.9995408456540291
65.10000000000001,0.9995758445157459,0.9995847270393943,0.9995796986822163,0.9995761289937367,0.9995809600518717,0.9995872913908302,0.9995459613996421
65.15,0.9995806226094686,0.9995894180220599,0.9995844381385035,0.9995809035874537,0.9995856885600012,0.9995919573950907,0.9995510273152037
65.2,0.999585353003133,0.9995940623957115,0.9995891308093108,0.9995856304891707,0.99959037004303,0.9995965767970897,0.999556043275077
65.25,0.9995900362404742,0.9995986604747689,0.9995937761754817,0.9995903108495036,0.9995950046687101,0.9996011494395507,0.9995610106044668
65.3,0.9995946730879701,0.9996032122494432,0.9995983757054003,0.9995949445129733,0.9995995933946992,0.9996056768085595,0.9995659286775149
65.35000000000001,0.9995992636231917,0.9996077189527524,0.9996029306165554,0.9995995319191681,0.9996041361367658,0.9996101589919056,0.9995707984168324
65.4,0.9996038093808697,0.9996121806620195,0.9996074384005412,0.9996040742362637,0.9996086340643071,0.9996145967330352,0.9995756200546851
65.45,0.9996083085292651,0.9996165980280379,0.9996119017554697,0.9996085712698948,0.9996130868612745,0.9996189901331016,0.9995803949013967
65.5,0.9996127631036966,0.9996209702523906,0.9996163210055253,0.9996130227362593,0.9996174950522704,0.9996233382200272,0.9995851220646181
65.55,0.9996171729324946,0.9996252994977757,0.9996206954783702,0.9996174297250187,0.9996218586061969,0.9996276435973853,0.9995898029447373
65.60000000000001,0.9996215381603698,0.9996295843436102,0.9996250255004793,0.9996217923780766,0.9996261781836386,0.9996319049977751,0.9995944362524677
65.65,0.9996258596293487,0.999633826052051,0.9996293118876487,0.9996261110028551,0.9996304541496266,0.9996361239314521,0.9995990243693322
65.7,0.9996301383036004,0.9996380249887586,0.9996335561283877,0.9996303869348138,0.999634687929205,0.9996402997457233,0.9996035659433617
65.75,0.999634373164992,0.9996421807772911,0.9996377563819727,0.9996346183769009,0.9996388774235647,0.9996444323895735,0.9996080626128607
65.8,0.999638565671934,0.9996462951209261,0.9996419145929399,0.9996388083084062,0.9996430257644457,0.9996485241779154,0.9996125144240069
65.85000000000001,0.999642716331854,0.9996503685801235,0.9996460312726287,0.9996429560907838,0.999647132224457,0.9996525749089181,0.9996169226650911
65.9,0.999646823415352,0.9996543986360849,0.9996501047780068,0.9996470602288976,0.9996511954442794,0.9996565833082006,0.9996212849148213
65.95,0.9996508892611015,0.9996583888735555,0.9996541378350633,0.999651124020549,0.9996552186899564,0.9996605509123715,0.9996256046289853
66.0,0.9996549144450747,0.9996623383169384,0.9996581289789661,0.999655146205889,0.9996592006021469,0.9996644785110274,0.9996298811576684
66.05,0.9996588974832681,0.9996662475447416,0.9996620808795341,0.9996591270586421,0.9996631415277422,0.9996683656912568,0.9996341131905414
66.10000000000001,0.9996628404909083,0.9996701168271585,0.999665990995854,0.999663068226375,0.9996670426099844,0.9996722133548891,0.9996383040772985
66.15,0.9996667434297586,0.9996739456989812,0.999669861117759,0.9996669678398834,0.9996709029972902,0.9996760212743275,0.9996424517383056
66.2,0.9996706060748333,0.9996777354440336,0.9996736924693096,0.9996708279068071,0.9996747244545763,0.999679789397687,0.9996465572315358
66.25,0.9996744290764467,0.999681485594113,0.9996774832550321,0.9996746481205987,0.9996785055843049,0.9996835186826424,0.9996506209599253
66.3,0.9996782127856922,0.9996851974601952,0.999681236430734,0.9996784293305012,0.9996822489781212,0.9996872099013063,0.9996546438980527
66.35000000000001,0.9996819572302653,0.9996888717470682,0.9996849498719858,0.9996821718755003,0.9996859529922385,0.9996908633078508,0.9996586259596937
66.4,0.9996856641207716,0.9996925075620009,0.9996886252189737,0.9996858759498148,0.9996896198667381,0.9996944789395767,0.99966256710298
66.45,0.9996893320272677,0.9996961061812639,0.9996922630608536,0.999689541696967,0.9996932478404779,0.9996980567387488,0.9996664686175573
66.5,0.9996929611668552,0.9996996665605566,0.9996958621179202,0.9996931690146651,0.9996968379462767,0.9997015969913957,0.9996703293635992
66.55,0.9996965537038632,0.9997031901013145,0.9996994252543281,0.9996967588277161,0.9997003912659612,0.9997051006043184,0.9996741506486851
66.60000000000001,0.9997001096098406,0.9997066771835328,0.9997029503974624,0.9997003119247255,0.9997039078275645,0.9997085679983776,0.9996779335420541
66.65,0.9997036265995224,0.9997101270584428,0.9997064387052301,0.9997038267237199,0.9997073863815809,0.9997119987195195,0.9996816759813383
66.7,0.9997071088521294,0.9997135427381768,0.9997098909112377,0.9997073072192769,0.9997108308476321,0.9997153943861325,0.9996853816666421
66.75,0.9997105535296322,0.9997169209306804,0.9997133067606527,0.9997107493428079,0.9997142374312399,0.999718753573587,0.9996890477930844
66.8,0.9997139627247867,0.9997202643623044,0.9997166872073525,0.9997141561134507,0.9997176089146318,0.9997220776589281,0.9996926765159517
66.85000000000001,0.9997173364097574,0.9997235726407524,0.9997200326808955,0.9997175272331653,0.9997209454474877,0.9997253674522929,0.999696268022443
66.9,0.9997206743901504,0.9997268462510146,0.9997233419123833,0.9997208633282293,0.9997242466193079,0.9997286218477885,0.9996998219523664
66.95,0.9997239777253558,0.999730084750662,0.9997266173843092,0.9997241640152746,0.9997275127311467,0.9997318416958002,0.9997033388376508
67.0,0.9997272457641558,0.999733289999434,0.9997298577748939,0.9997274305623483,0.9997307452775082,0.9997350289791955,0.999706819701597
67.05,0.9997304796075767,0.9997364606435275,0.9997330643395548,0.9997306617242536,0.9997339427513082,0.999738181053613,0.9997102635448301
67.10000000000001,0.9997336797457064,0.9997395984702107,0.9997362372908745,0.9997338595026318,0.9997371068641836,0.9997413005659788,0.9997136721824819
67.15,0.9997368451975507,0.9997427027891699,0.9997393757665933,0.9997370237472153,0.9997402376655319,0.9997443869288676,0.9997170446298476
67.2,0.9997399780307862,0.9997457732461216,0.9997424821764653,0.9997401534611573,0.9997433346442701,0.9997474398868189,0.9997203820376785
67.25,0.9997430766928848,0.9997488114894473,0.9997455544416175,0.9997432506729134,0.9997463993175391,0.9997504602854594,0.9997236837397725
67.3,0.9997461432104383,0.9997518171196393,0.9997485942362407,0.9997463145190442,0.999749431039297,0.9997534489186555,0.9997269511112447
67.35000000000001,0.9997491773616998,0.9997547914084656,0.9997516025915082,0.9997493461116715,0.9997524304471355,0.9997564056627164,0.9997301844858476
67.4,0.9997521776953755,0.9997577334335782,0.9997545768983334,0.9997523455801308,0.9997553980521982,0.9997593308308462,0.999733383895737
67.45,0.9997551470794577,0.9997606444791176,0.999757520707165,0.999755313462625,0.9997583340820331,0.9997622242615726,0.999736549248111
67.5,0.9997580845343217,0.9997635249403993,0.9997604339819909,0.9997582496221372,0.9997612389479762,0.9997650877276553,0.9997396819912349
67.55,0.9997609911656073,0.9997663724124085,0.9997633145092557,0.999761153213293,0.9997641117732932,0.9997679191793422,0.9997427806177546
67.60000000000001,0.9997638657106703,0.9997691905563999,0.9997661646602607,0.9997640263247642,0.9997669541215364,0.9997707201677789,0.9997458459528425
67.65,0.9997667104483369,0.9997719777980276,0.999768984261278,0.9997668684273935,0.9997697654882818,0.9997734912618386,0.9997488794288514
67.7,0.9997695232433781,0.9997747353311437,0.9997717729809596,0.9997696794934274,0.9997725464458546,0.9997762325875894,0.9997518804335521
67.75,0.9997723070358199,0.9997774633972729,0.9997745320653981,0.9997724612714135,0.999775298345789,0.9997789443815195,0.9997548496984632
67.8,0.9997750601971271,0.9997801610868404,0.9997772611639382,0.9997752127160405,0.9997780201190911,0.9997816260951929,0.9997577866392414
67.85000000000001,0.999777783370466,0.9997828300065901,0.9997799600780964,0.9997779337918535,0.9997807118762139,0.9997842797971195,0.9997606929860675
67.9,0.9997804774638505,0.9997854698133696,0.9997826312029169,0.999780626074211,0.9997833750897985,0.9997869038163878,0.9997635676214602
67.95,0.9997831419629813,0.9997880809052808,0.9997852723021454,0.9997832889411827,0.9997860088820875,0.9997894989420542,0.9997664117390845
68.0,0.9997857769911735,0.999790663154869,0.9997878854571179,0.999785922654973,0.9997886141449567,0.9997920665247199,0.9997692250194963
68.05,0.9997883846326738,0.9997932181130703,0.9997904696086464,0.9997885284360553,0.9997911913140648,0.9997946055805258,0.9997720081493924
68.10000000000001,0.9997909630813895,0.9997957448097817,0.9997930249462798,0.9997911051089993,0.9997937397917767,0.9997971172712534,0.9997747612135939
68.15,0.9997935137073489,0.9997982431572514,0.9997955526520348,0.9997936535020623,0.9997962606818984,0.9997996011266292,0.9997774845197321
68.2,0.9997960359087646,0.9998007146159884,0.9997980539855795,0.9997961744203788,0.9997987538754101,0.9998020574256163,0.9997801786880004
68.25,0.9997985310345157,0.9998031596916312,0.9998005270619303,0.999798668711733,0.9998012207873053,0.9998044877258009,0.999782844010443
68.3,0.9998009986703327,0.9998055773487606,0.999802971810993,0.9998011345830763,0.9998036591640848,0.999806890925474,0.9997854798290642
68.35000000000001,0.9998034395581064,0.999807968168736,0.9998053915536489,0.9998035734537819,0.9998060713132265,0.9998092671226828,0.9997880874018105
68.4,0.9998058527390905,0.9998103315480673,0.9998077839858945,0.9998059845761968,0.9998084563248791,0.9998116169654103,0.9997906654000944
68.45,0.9998082404988535,0.9998126710966859,0.9998101495363153,0.9998083708800701,0.9998108158468448,0.9998139417954425,0.9997932169441649
68.5,0.9998106015096502,0.9998149833964849,0.9998124894188067,0.9998107299273562,0.9998131487226937,0.9998162402915496,0.9997957395828926
68.55,0.9998129359565275,0.9998172693172105,0.9998148028383719,0.9998130626075058,0.9998154554147294,0.9998185123170856,0.9997982343249403
68.60000000000001,0.9998152449693851,0.9998195310743871,0.9998170918010901,0.9998153703600249,0.9998177377642412,0.9998207605219147,0.9998007027007279
68.65,0.9998175278419956,0.9998217673715231,0.9998193539902538,0.9998176516605339,0.9998199934108593,0.9998229830011799,0.9998031440880117
68.7,0.9998197858293585,0.999823979381338,0.9998215917836951,0.999819908750184,0.999822225238479,0.9998251816606274,0.9998055589645561
68.75,0.9998220190214389,0.9998261652420936,0.9998238053861616,0.9998221395166552,0.9998244313086146,0.9998273545763311,0.9998079455393503
68.8,0.9998242263667309,0.9998283283095081,0.9998259927572665,0.9998243467202329,0.9998266133454988,0.9998295036450693,0.9998103072324093
68.85000000000001,0.9998264101217647,0.9998304660946289,0.9998281564596742,0.9998265286102999,0.999828770953429,0.9998316289860317,0.9998126423653699
68.9,0.9998285699236982,0.9998325801340553,0.9998302962084796,0.999828686235323,0.9998309040937704,0.9998337301675129,0.9998149519456674
68.95,0.999830704085219,0.9998346707874475,0.9998324114909373,0.9998308193109713,0.9998330130743782,0.999835807364373,0.9998172356606291
69.0,0.9998328146279134,0.9998367368590809,0.9998345040289884,0.9998329280896006,0.9998350983999207,0.999837861322155,0.9998194941316842
69.05,0.99983490220993,0.9998387814142871,0.9998365714449491,0.9998350147362972,0.9998371612297547,0.9998398933956798,0.9998217279753848
69.10000000000001,0.999836965523021,0.9998408022303417,0.9998386167266801,0.9998370766831975,0.9998391999025799,0.9998419012935409,0.9998239366513628
69.15,0.9998390062118412,0.9998427999305814,0.9998406384316855,0.9998391161798451,0.9998412159986454,0.9998438869666291,0.9998261207829333
69.2,0.9998410242518243,0.9998447746586435,0.9998426377901928,0.9998411321623679,0.9998432089517904,0.9998458497580043,0.9998282802534016
69.25,0.9998430186687681,0.9998467270728427,0.9998446144173592,0.999843125030673,0.9998451794358196,0.9998477899344225,0.9998304159827317
69.3,0.9998449905232009,0.9998486581968523,0.9998465690330878,0.9998450961657901,0.9998471279279554,0.999849708546681,0.9998325275477249
69.35000000000001,0.9998469398972758,0.9998505669087476,0.9998485004485449,0.9998470443887519,0.9998490535521122,0.9998516054838777,0.9998346155642484
69.4,0.9998488682929706,0.9998524538137175,0.9998504106389643,0.9998489709460641,0.9998509582692292,0.9998534807372778,0.9998366798880962
69.45,0.9998507737571823,0.9998543204685342,0.9998522983878684,0.9998508761373163,0.9998528412022539,0.9998553357020435,0.9998387217787326
69.5,0.999852657984081,0.9998561640827595,0.9998541657880359,0.9998527588706713,0.9998547023830124,0.999857167972691,0.999840740205413
69.55,0.9998545209004424,0.9998579871127415,0.9998560110490795,0.9998546197480752,0.9998565419741734,0.9998589792825475,0.9998427354852817
69.60000000000001,0.9998563624551848,0.9998597895403168,0.999857835968817,0.9998564601827985,0.9998583610126882,0.9998607704873115,0.9998447089716173
69.65,0.9998581825462958,0.9998615705764534,0.9998596393017186,0.9998582789350836,0.9998601588946872,0.9998625405192637,0.9998466591936684
69.7,0.9998599819521636,0.9998633321755726,0.9998614227712316,0.9998600777100622,0.9998619370882136,0.9998642912000427,0.9998485881001677
69.75,0.9998617606532003,0.9998650732970832,0.9998631849311901,0.9998618555402679,0.9998636938142562,0.9998660210139172,0.9998504951601732
69.8,0.9998635201076714,0.9998667942604843,0.999864927188978,0.9998636132640678,0.9998654310664926,0.999867731513738,0.999852380590508
69.85000000000001,0.9998652576196204,0.9998684955945246,0.9998666488520455,0.9998653497380907,0.9998671470741792,0.9998694217331052,0.9998542443780142
69.9,0.9998669761596803,0.9998701768042949,0.9998683519290311,0.9998670674009669,0.9998688450677717,0.9998710922335869,0.9998560867384467
69.95,0.999868674738047,0.999871837978486,0.9998700341130773,0.9998687641010462,0.9998705214480836,0.9998727430562099,0.9998579072869035
70.0,0.9998703535430173,0.999873481212756,0.9998716966581138,0.9998704420985736,0.9998721799420094,0.999874376129927,0.9998597085262725
70.05,0.9998720135667294,0.9998751047509772,0.9998733409598846,0.9998721001302764,0.9998738184417623,0.9998759888938153,0.9998614879092556
70.10000000000001,0.9998736535411037,0.9998767097278081,0.9998749661994587,0.9998737394361773,0.9998754384032748,0.9998775836732077,0.9998632480445181
70.15,0.9998752746835192,0.9998782964624371,0.9998765721434557,0.9998753601558419,0.9998770397329516,0.999879160250182,0.9998649874755934
70.2,0.9998768764698636,0.9998798636169974,0.9998781596629513,0.9998769607515605,0.999878621715668,0.9998807174532753,0.9998667071619278
70.25,0.9998784608737776,0.9998814122491622,0.9998797283112552,0.999878543141415,0.9998801853476286,0.9998822563488092,0.9998684063205618
70.3,0.9998800264020035,0.999882944287296,0.999881279051412,0.9998801074179859,0.9998817311276825,0.9998837785282644,0.9998700866111525
70.35000000000001,0.9998815731485604,0.9998844573765484,0.9998828111216309,0.9998816537024847,0.9998832588585758,0.9998852815004396,0.9998717473269825
70.4,0.999883101311864,0.9998859526985897,0.9998843258928087,0.9998831816450583,0.9998847682971983,0.9998867674395808,0.9998733888383355
70.45,0.9998846128118745,0.9998874309940408,0.9998858226530276,0.9998846916213264,0.9998862604091768,0.9998882362439957,0.9998750114174425
70.5,0.999886106008336,0.9998888921119936,0.9998873015325254,0.9998861841396598,0.9998877351293345,0.9998896879272371,0.9998766148516363
70.55,0.9998875821799992,0.999890335247516,0.9998887636835171,0.9998876587451848,0.9998891918959274,0.999891121804775,0.9998781997583339
70.60000000000001,0.9998890405904997,0.9998917619277167,0.999890208167947,0.9998891165232013,0.9998906322565171,0.999892539382587,0.999879766464542
70.65,0.9998904820702263,0.9998931716282606,0.9998916360450408,0.9998905567809958,0.999892055217555,0.9998939401358987,0.9998813146052951
70.7,0.999891906086008,0.9998945646039705,0.9998930464197591,0.9998919804596449,0.9998934615779808,0.9998953236230216,0.9998828448177728
70.75,0.9998933139666519,0.999895941218914,0.9998944408329624,0.9998933868782304,0.9998948514645266,0.9998966913306557,0.999884357121739
70.8,0.9998947044124457,0.9998973006959766,0.9998958181434934,0.9998947764123105,0.9998962234685009,0.9998980423966659,0.9998858510814365
70.85000000000001,0.9998960791887996,0.9998986451090164,0.9998971788837334,0.9998961498441464,0.9998975807110286,0.9998993778418572,0.9998873287380377
70.9,0.9998974377168368,0.9998999726463913,0.9998985247555142,0.9998975072102882,0.9998989217796357,0.9999006967731745,0.9998887886668378
70.95,0.9998987790425378,0.9999012850853024,0.9998998531865655,0.9998988480712853,0.9999002458402545,0.9999020002407539,0.9998902305917835
71.0,0.9999001047749381,0.9999025811507296,0.9999011665290471,0.9999001727281769,0.9999015544994807,0.9999032880391898,0.9998916563902598
71.05,0.999901415117594,0.9999038627427491,0.9999024641889095,0.9999014828891442,0.9999028488740215,0.9999045613106348,0.9998930656003887
71.10000000000001,0.9999027103335965,0.9999051281636191,0.9999037465857424,0.9999027765245083,0.9999041263549836,0.9999058183587438,0.9998944574773383
71.15,0.9999039892957318,0.9999063784858608,0.9999050133983328,0.9999040542084423,0.9999053884748267,0.999907060230319,0.9998958331994059
71.2,0.9999052532221737,0.9999076146750248,0.9999062645534561,0.9999053178505793,0.999906636643415,0.9999082887620115,0.9998971925378792
71.25,0.9999065017123672,0.9999088354462488,0.9999075014630683,0.9999065654309737,0.9999078686950772,0.999909501178943,0.999898536257435
71.3,0.9999077356721533,0.9999100410686366,0.9999087232037476,0.9999077981358782,0.9999090865345368,0.9999106992303484,0.9998998636208462
71.35000000000001,0.9999089545198877,0.9999112330154653,0.999909930033544,0.9999090171555005,0.9999102901545036,0.9999118825832356,0.999901175553974
71.4,0.9999101585987612,0.9999124094048379,0.9999111228823979,0.9999102194553919,0.9999114777386418,0.9999130515057522,0.9999024710046025
71.45,0.999911348594237,0.9999135731345249,0.999912301107766,0.9999114091545913,0.9999126524859672,0.9999142076476117,0.9999037522056484
71.5,0.9999125239195741,0.9999147215854207,0.9999134651094048,0.9999125832359286,0.999913812273761,0.9999153478425308,0.9999050165307187
71.55,0.9999136850519195,0.9999158570505862,0.9999146150940775,0.9999137445098771,0.9999149592040186,0.9999164763931552,0.9999062670238344
71.60000000000001,0.9999148323634675,0.9999169781386451,0.9999157511519519,0.9999148905386431,0.999916090977736,0.9999175899694872,0.9999075022915811
71.65,0.9999159656623529,0.9999180854742182,0.9999168731659087,0.9999160229313395,0.9999172092071753,0.9999186899530196,0.99990872259404
71.7,0.9999170850132297,0.9999191794434386,0.999917982312749,0.9999171414172128,0.9999183136979006,0.9999197765373875,0.9999099283390077
71.75,0.9999181912836645,0.999920260166423,0.9999190768681663,0.9999182469135839,0.9999194052420922,0.9999208497482728,0.999911119338426
71.8,0.9999192830218511,0.9999213281219078,0.9999201577774354,0.9999193388005273,0.9999204829266305,0.9999219107259485,0.9999122960456927
71.85000000000001,0.9999203628100691,0.9999223822891417,0.9999212267426865,0.9999204166989077,0.9999215476028596,0.9999229574918124,0.9999134582414473
71.9,0.999921428480436,0.9999234241047784,0.9999222820124793,0.9999214820891188,0.9999225995724628,0.999923992743514,0.9999146075648027
71.95,0.9999224822164376,0.9999244531265347,0.9999233250758731,0.9999225347390928,0.9999236389706538,0.9999250147228496,0.9999157421914358
72.0,0.9999235216827895,0.9999254691897063,0.9999243552216519,0.999923573617892,0.9999246648112241,0.9999260238494325,0.9999168629906661
72.05,0.9999245492089845,0.9999264724834594,0.9999253720923547,0.9999246003502492,0.99992567850658,0.9999270205895403,0.9999179696479261
72.10000000000001,0.9999255639990454,0.9999274645312075,0.9999263771078278,0.9999256150015055,0.9999266804539744,0.9999280059822199,0.9999190646749463
72.15,0.9999265659142256,0.9999284438489767,0.9999273687062782,0.999926616504388,0.9999276689926994,0.9999289783973373,0.9999201452469778
72.2,0.9999275561020105,0.9999294102556564,0.999928348886434,0.9999276052403651,0.9999286451826243,0.9999299380842995,0.9999212119308334
72.25,0.9999285341675184,0.9999303656422865,0.9999293172229957,0.9999285826285234,0.999929610378088,0.99993088741221,0.999922266610348
72.3,0.99992949943373,0.9999313094743236,0.9999302731291457,0.9999295479474555,0.999930563163895,0.9999318245254404,0.9999233086672812
72.35000000000001,0.9999304540560138,0.9999322410181641,0.9999312174647024,0.9999305012844779,0.9999315040843658,0.9999327495634208,0.9999243372693128
72.4,0.999931395551949,0.9999331605358379,0.9999321501006676,0.9999314419799061,0.999932433080234,0.9999336631280262,0.9999253530472927
72.45,0.9999323257326515,0.9999340696846597,0.9999330711691718,0.9999323714380477,0.9999333506852345,0.9999345660421245,0.9999263569276846
72.5,0.9999332443377655,0.9999349670237175,0.9999339805848602,0.999933290378576,0.9999342573431155,0.9999354571573569,0.9999273486366699
72.55,0.9999341520030076,0.9999358528616232,0.9999348783442239,0.999934196399948,0.9999351517875423,0.9999363369467482,0.9999283272406524
72.60000000000001,0.9999350479843825,0.9999367279708823,0.9999357657931135,0.999935091865891,0.9999360360303812,0.9999372061473348,0.999929294543862
72.65,0.999935932916153,0.9999375923514664,0.9999366419785254,0.9999359768026439,0.9999369096100705,0.9999380648508216,0.9999302500695197
72.7,0.9999368064797781,0.9999384455602746,0.9999375069797931,0.999936849312665,0.9999377704058034,0.9999389113325456,0.9999311926459501
72.75,0.9999376692945406,0.9999392883236748,0.9999383616551419,0.9999377124479694,0.9999386221714692,0.9999397487569432,0.9999321245009766
72.8,0.999938521621244,0.9999401203894386,0.9999392050019557,0.9999385636185234,0.9999394624191988,0.9999405753080894,0.9999330453467695
72.85000000000001,0.9999393634092628,0.9999409423412884,0.9999400375104,0.9999394052852228,0.9999402932185459,0.999941391345348,0.9999339540705858
72.9,0.9999401943455847,0.9999417534960663,0.9999408599907845,0.9999402346298725,0.9999411115496197,0.9999421965912179,0.9999348513059583
72.95,0.9999410150766226,0.9999425542581399,0.999941672357971,0.9999410551440268,0.9999419212013949,0.9999429920018734,0.9999357375947066
73.0,0.9999418247750762,0.9999433451156879,0.9999424744640918,0.9999418640928222,0.9999427198932983,0.9999437778200362,0.9999366129316234
73.05,0.9999426246285379,0.9999441265786914,0.9999432657885232,0.9999426640683529,0.9999435093683112,0.9999445532929081,0.9999374773574357
73.10000000000001,0.9999434149487026,0.9999448979489755,0.9999440484366963,0.9999434538072203,0.9999442888569698,0.9999453196422341,0.9999383312454364
73.15,0.9999441947063836,0.9999456596279626,0.9999448199614601,0.9999442329512982,0.9999450573489186,0.9999460756676339,0.9999391740591039
73.2,0.999944965061556,0.9999464109959193,0.9999455818743204,0.9999450019815639,0.9999458166715677,0.9999468220226905,0.9999400058888741
73.25,0.9999457253403707,0.9999471533852012,0.9999463342674848,0.999945762395663,0.9999465669583197,0.99994755914836,0.9999408285289287
73.3,0.9999464755106907,0.9999478860988424,0.9999470769134154,0.9999465121672655,0.9999473065281974,0.9999482863155893,0.9999416398971241
73.35000000000001,0.9999472167813119,0.9999486091890181,0.9999478117406431,0.9999472531438509,0.999948037740422,0.9999490050265929,0.9999424413120866
73.4,0.9999479485955634,0.9999493236812618,0.9999485355411779,0.9999479846379666,0.9999487597298328,0.9999497140613335,0.9999432332592697
73.45,0.9999486712988486,0.9999500292292215,0.999949250874538,0.9999487062842798,0.9999494716547329,0.9999504145708188,0.9999440140115002
73.5,0.9999493842164315,0.9999507243440188,0.9999499562129182,0.999949418443915,0.9999501741710557,0.9999511049103498,0.9999447850657779
73.55,0.9999500884206656,0.9999514124943634,0.9999506528016244,0.9999501227462131,0.9999508691417012,0.9999517881106463,0.999945547301393
73.60000000000001,0.9999507832422376,0.9999520905686545,0.9999513411264696,0.9999508174160747,0.9999515543527118,0.9999524613912205,0.9999462994555419
73.65,0.9999514696257669,0.9999527602019903,0.9999520192965292,0.9999515032048862,0.9999522309293295,0.9999531264162446,0.9999470415687266
73.7,0.9999521467072396,0.9999534211040864,0.9999526898361619,0.99995217971417,0.9999528985666727,0.999953782525973,0.9999477746034444
73.75,0.9999528162228852,0.9999540738721322,0.9999533517710693,0.9999528483688082,0.9999535582180077,0.9999544306053131,0.9999484987754739
73.8,0.9999534766567253,0.9999547175067913,0.9999540055973161,0.999953507203575,0.99995420834891,0.9999550696776505,0.9999492129524246
73.85000000000001,0.9999541275710147,0.9999553541843992,0.9999546506575089,0.9999541599140194,0.9999548518993497,0.9999557016675606,0.9999499190003261
73.9,0.9999547708253359,0.999955981320356,0.9999552872487015,0.999954801747175,0.9999554853054953,0.9999563245842316,0.9999506153088848
73.95,0.9999554060306037,0.9999566006042973,0.9999559150943342,0.9999554362977725,0.9999561112309141,0.9999569399248999,0.9999513025729335
74.0,0.9999560328932746,0.9999572114486664,0.9999565351284563,0.9999560618925052,0.9999567285484867,0.9999575464905641,0.9999519808507472
74.05,0.9999566515787287,0.9999578154434917,0.9999571474086105,0.9999566809340309,0.9999573392072981,0.9999581456995601,0.999952651632599
74.10000000000001,0.9999572618041271,0.9999584114988361,0.9999577512515162,0.9999572910261166,0.9999579409599015,0.9999587376922767,0.9999533137686231
74.15,0.9999578645955873,0.9999589993459108,0.9999583479658863,0.9999578929293933,0.9999585342220781,0.9999593210686575,0.99995396603529
74.2,0.9999584599123434,0.9999595799141877,0.9999589363734533,0.9999584879206519,0.9999591211291954,0.9999598974788488,0.9999546106476019
74.25,0.9999590464541994,0.9999601523787476,0.9999595172235787,0.9999590747856355,0.9999596999185398,0.9999604662337284,0.9999552467759215
74.3,0.999959626419368,0.99996071686822,0.9999600913124962,0.9999596535369535,0.9999602710341249,0.9999610264663384,0.9999558743324736
74.35000000000001,0.9999601978179856,0.9999612751365317,0.9999606564311861,0.9999602247049298,0.999960834025282,0.9999615802949395,0.9999564943914019
74.4,0.9999607624866602,0.9999618255240399,0.9999612154296577,0.9999607887889039,0.9999613906145088,0.9999621268099835,0.9999571064567849
74.45,0.9999613193992744,0.9999623694076281,0.9999617665334162,0.9999613457660846,0.9999619399770123,0.9999626668621051,0.9999577106918272
74.5,0.999961869479567,0.9999629055948087,0.9999623106193396,0.9999618955545012,0.999962482149778,0.9999631991835076,0.9999583069781586
74.55,0.9999624120409403,0.9999634348345607,0.9999628468717612,0.9999624378548018,0.9999630167203833,0.9999637247295122,0.9999588958144274
74.60000000000001,0.9999629478130461,0.9999639568112499,0.9999633771503629,0.9999629729140672,0.9999635446463615,0.9999642426689477,0.9999594764548997
74.65,0.9999634756208253,0.999964471979605,0.9999638995718333,0.9999635004800727,0.9999640648927157,0.9999647540865656,0.9999600488020577
74.7,0.9999639977198831,0.9999649808451629,0.9999644156071201,0.9999640221653839,0.9999645790630853,0.9999652597255806,0.9999606153606964
74.75,0.9999645120353629,0.9999654821690667,0.9999649253401663,0.9999645363168946,0.9999650861230489,0.9999657571795234,0.9999611736643401
74.8,0.9999650199148156,0.9999659775422564,0.999965427117721,0.9999650432097109,0.9999655861808512,0.9999662485995018,0.999961724767531
74.85000000000001,0.9999655212626586,0.9999664658940415,0.9999659231104858,0.9999655446833777,0.9999660803720198,0.999966733347574,0.9999622684971259
74.9,0.9999660154987988,0.9999669485558732,0.9999664118581569,0.9999660382724014,0.999966567399697,0.9999672128249159,0.9999628051119324
74.95,0.9999665039960572,0.9999674241182627,0.9999668945161952,0.9999665264419924,0.9999670484665262,0.9999676846638517,0.9999633349211832
75.0,0.9999669853859691,0.9999678933062004,0.9999673713438837,0.9999670072577738,0.9999675225579387,0.9999681504901392,0.9999638580538115
75.05,0.9999674600634565,0.9999683568684115,0.9999678413471096,0.9999674828372906,0.9999679912840864,0.9999686103021107,0.9999643740491162
75.10000000000001,0.9999679286985316,0.9999688129673296,0.9999683054419655,0.9999679503930167,0.9999684525876195,0.9999690630390332,0.9999648823763444
75.15,0.9999683918750002,0.9999692637321802,0.9999687627724598,0.9999684125501335,0.9999689081831186,0.9999695109002016,0.9999653850061423
75.2,0.9999688478554203,0.9999697089128012,0.9999692142401148,0.9999688688202852,0.9999693580991298,0.9999699524901329,0.9999658806631462
75.25,0.9999692975623008,0.9999701484978416,0.999969658762546,0.9999693190665018,0.9999698017309421,0.9999703888555134,0.999966370309902
75.3,0.9999697423404258,0.9999705808658905,0.9999700983044927,0.9999697626550992,0.9999702393137417,0.9999708187125929,0.9999668529621626
75.35000000000001,0.9999701808972223,0.9999710082086463,0.999970532436385,0.999970201197257,0.9999706714587228,0.9999712422058662,0.9999673288368863
75.4,0.9999706126520873,0.9999714304333803,0.9999709597438386,0.999970633239125,0.9999710973621763,0.9999716615213713,0.9999677990746654
75.45,0.9999710400471102,0.9999718455033977,0.9999713818817644,0.9999710593409753,0.9999715174909628,0.9999720737055776,0.9999682623714947
75.5,0.9999714601245866,0.999972255809947,0.9999717977207202,0.9999714798269281,0.9999719318170415,0.9999724804319202,0.9999687195402716
75.55,0.9999718759106744,0.9999726599533716,0.9999722087072648,0.9999718942395955,0.9999723405639513,0.9999728819574675,0.9999691714817883
75.60000000000001,0.9999722854309001,0.9999730599075362,0.9999726145296717,0.9999723043951345,0.9999727448857507,0.9999732790046192,0.9999696169262762
75.65,0.999972689302657,0.9999734529296624,0.9999730141643899,0.9999727077629711,0.9999731420367132,0.9999736691394341,0.9999700566817149
75.7,0.999973088323916,0.9999738414744406,0.9999734074468181,0.9999731058830625,0.9999735347433535,0.9999740544076945,0.9999704898457076
75.75,0.9999734817159452,0.9999742254456061,0.9999737975875338,0.9999734999000349,0.9999739230347305,0.9999744353471719,0.9999709181142591
75.8,0.9999738695646229,0.9999746027621664,0.9999741801671492,0.9999738870559092,0.9999743043607525,0.9999748100335235,0.9999713396260147
75.85000000000001,0.9999742526067142,0.9999749756151284,0.9999745591382356,0.9999742695699672,0.9999746816942914,0.9999751803773644,0.9999717563618379
75.9,0.9999746296835432,0.9999753435775819,0.9999749330555077,0.9999746465523633,0.9999750530727226,0.999975545159019,0.9999721666972289
75.95,0.9999750020094162,0.9999757065799584,0.999975300959135,0.9999750187466413,0.9999754199491782,0.9999759051637749,0.999972572584071
76.0,0.9999753696816889,0.9999760640640405,0.9999756642202964,0.9999753860113277,0.9999757819698929,0.999976260283732,0.9999729721344064
76.05,0.9999757317006344,0.9999764172386453,0.9999760224437054,0.9999757483819087,0.9999761386511354,0.999976610572779,0.9999733663578447
76.10000000000001,0.9999760896369114,0.9999767654630984,0.9999763762779313,0.9999761053680235,0.9999764907567352,0.9999769559365068,0.999973755774309
76.15,0.9999764416597356,0.9999771084275635,0.9999767245300946,0.9999764575274257,0.9999768378407079,0.9999772966473466,0.9999741390033
76.2,0.9999767898884444,0.9999774478183991,0.9999770684756512,0.9999768054269588,0.9999771805612163,0.9999776337136408,0.9999745185358755
76.25,0.9999771323048873,0.9999777811560111,0.9999774078427153,0.9999771477501915,0.9999775177020505,0.9999779643329123,0.9999748913656048
76.3,0.9999774705825761,0.9999781110786605,0.9999777422372428,0.9999774859068616,0.9999778509457767,0.9999782914676011,0.9999752601249317
76.35000000000001,0.9999778042453281,0.9999784357044015,0.9999780714013813,0.9999778191642652,0.9999781791699416,0.9999786139487243,0.9999756234901949
76.4,0.9999781331958153,0.9999787558780646,0.9999783968840436,0.999978147787904,0.9999785033376755,0.9999789315391566,0.9999759819131662
76.45,0.999978457465125,0.9999790723105535,0.9999787181282129,0.9999784724356642,0.9999788230790702,0.9999792457630439,0.9999763354445657
76.5,0.9999787781606759,0.9999793835359683,0.9999790343000292,0.9999787916171766,0.9999791376346135,0.9999795548446859,0.9999766841690337
76.55,0.9999790931296045,0.9999796910758624,0.9999793469494128,0.999979107528995,0.9999794487426059,0.9999798595048773,0.9999770277801064
76.60000000000001,0.9999794046766556,0.9999799945500512,0.9999796543295366,0.9999794187430703,0.9999797555224991,0.9999801610036375,0.9999773672978594
76.65,0.9999797109164131,0.9999802929966506,0.9999799574032989,0.9999797250560681,0.9999800570687717,0.9999804569612689,0.9999777018369422
76.7,0.9999800139228421,0.9999805877502025,0.9999802570831449,0.9999800274108737,0.9999803553527434,0.9999807492844783,0.9999780324490681
76.75,0.999980312099612,0.9999808782815603,0.9999805515819581,0.9999803263911353,0.9999806495955356,0.999981037871053,0.999978357587876
76.80000000000001,0.9999806063897235,0.9999811646913902,0.9999808430559307,0.9999806199162263,0.9999809387664287,0.9999813222791629,0.9999786783497832
76.85000000000001,0.9999808964824244,0.9999814473994983,0.9999811295911077,0.9999809099995598,0.999981224301768,0.9999816019608366,0.9999789948620869
76.9,0.9999811835447441,0.9999817259565834,0.9999814131798116,0.9999811959902215,0.9999815061720259,0.999981879411622,0.999979307279741
76.95,0.9999814652055848,0.9999820006194955,0.9999816918322764,0.999981478085416,0.9999817839963673,0.9999821513260956,0.999979614832877
77.0,0.9999817439349818,0.9999822716759641,0.9999819671457137,0.9999817563280466,0.9999820581162718,0.9999824202936871,0.9999799187865016
77.05000000000001,0.999982017967221,0.99998253852514,0.9999822377449603,0.9999820302299842,0.9999823277582529,0.999982685177361,0.9999802180717523
77.10000000000001,0.9999822885676152,0.999982802157664,0.9999825061646032,0.9999823008834985,0.999982594550691,0.9999829467902436,0.9999805137925399
77.15,0.9999825553106805,0.9999830623698023,0.9999827696077797,0.9999825676426615,0.9999828573862634,0.9999832047586465,0.9999808052038477
77.2,0.9999828187383439,0.9999833180144543,0.9999830304419464,0.9999828300840985,0.99998311580622,0.9999834579582016,0.9999810915899745
77.25,0.9999830787737516,0.9999835702088344,0.9999832866391782,0.9999830897390247,0.9999833715962063,0.9999837086752409,0.9999813750961993
77.30000000000001,0.9999833340201729,0.999983818705589,0.9999835391040325,0.9999833450046692,0.9999836229094399,0.9999839556682948,0.999981654493142
77.35000000000001,0.9999835864813315,0.9999840643052598,0.9999837891108555,0.9999835970350975,0.9999838712434272,0.9999841993692632,0.9999819293816404
77.4,0.9999838345804302,0.9999843061510079,0.9999840335270587,0.9999838447049563,0.9999841150415181,0.999984439487638,0.9999822007359955
77.45,0.9999840794404403,0.9999845445755898,0.9999842763821398,0.999984090031067,0.9999843569848972,0.9999846758485191,0.9999824687495857
77.5,0.9999843212502846,0.9999847794955476,0.9999845152421459,0.9999843315838316,0.9999845945416501,0.9999849089441266,0.999982732694036
77.55000000000001,0.9999845588339905,0.9999850117870296,0.9999847502646209,0.9999845695408963,0.9999848287760867,0.9999851390572692,0.9999829934755662
77.60000000000001,0.9999847939588579,0.999985240028708,0.9999849820030633,0.9999848044514011,0.9999850599406515,0.999985365595385,0.99998325027066
77.65,0.9999850252117233,0.999985464682559,0.9999852113639551,0.9999850349822718,0.9999852874052466,0.9999855888593899,0.9999835024392401
77.7,0.9999852538188587,0.9999856868828557,0.9999854368022926,0.9999852633787097,0.9999855121016212,0.9999858089451075,0.9999837520680239
77.75,0.9999854785401013,0.9999859057648575,0.999985658890578,0.9999854883011602,0.9999857337762046,0.9999860262777887,0.999983998068406
77.80000000000001,0.9999857008920157,0.9999861221038993,0.9999858785548073,0.9999857104125525,0.9999859520762155,0.9999862410040831,0.9999842404398661
77.85000000000001,0.999985919354401,0.9999863343744265,0.9999860948649312,0.9999859285659343,0.9999861672939243,0.9999864510561494,0.9999844794763415
77.9,0.9999861348470921,0.9999865440991883,0.999986307479197,0.9999861435670335,0.9999863791703529,0.999986659312639,0.9999847151675021
77.95,0.9999863468568851,0.9999867508059037,0.9999865179373869,0.9999863560982876,0.9999865880120375,0.9999868645760805,0.9999849476318179
78.0,0.9999865567105272,0.9999869548178457,0.999986724689422,0.9999865655195004,0.9999867942724419,0.9999870667965458,0.9999851765422627
78.05000000000001,0.99998676248391,0.9999871554384494,0.9999869288464178,0.9999867716896629,0.9999869970334606,0.9999872657046152,0.9999854023977117
78.10000000000001,0.9999869663746519,0.9999873533724171,0.9999871294558231,0.9999869751625983,0.9999871971931273,0.9999874622193702,0.9999856253763127
78.15,0.9999871665733171,0.9999875480070454,0.999987327847647,0.9999871755995252,0.9999873946839062,0.9999876553347837,0.9999858442579171
78.2,0.9999873649685806,0.9999877401611748,0.9999875235895362,0.9999873731370592,0.9999875893770279,0.99998784607672,0.9999860605302905
78.25,0.9999875591989614,0.999987929062919,0.9999877158584466,0.999987566867697,0.9999877801484823,0.9999880336584719,0.9999862735265735
78.30000000000001,0.9999877514508834,0.999988116300203,0.9999879055836907,0.9999877591754095,0.9999879693690801,0.9999882194271366,0.9999864838925845
78.35000000000001,0.9999879401283425,0.999988300684382,0.9999880925473749,0.9999879486605272,0.9999881558498651,0.9999884020319659,0.9999866917894663
78.4,0.9999881267950672,0.9999884817747591,0.9999882767106496,0.9999881347624041,0.999988338909218,0.9999885813613772,0.9999868951820803
78.45,0.9999883107302723,0.9999886605104766,0.9999884581547954,0.9999883186075013,0.9999885198156142,0.9999887586098413,0.999987096771666
78.5,0.9999884921206028,0.9999888368135657,0.9999886373686648,0.9999884991961729,0.9999886974601225,0.9999889336967777,0.9999872950954165
78.55000000000001,0.9999886706211525,0.9999890106060896,0.9999888139541707,0.999988678188322,0.999988873897071,0.9999891059595365,0.9999874911943036
78.60000000000001,0.9999888466986103,0.9999891813023623,0.9999889881616699,0.9999888540304823,0.9999890468611599,0.9999892757085117,0.999987683426738
78.65,0.9999890195365644,0.9999893504822751,0.999989159296176,0.9999890271269936,0.9999892173700223,0.9999894431886627,0.9999878742396103
78.7,0.999989190995383,0.9999895164097936,0.9999893274751241,0.9999891977837686,0.9999893852623918,0.99998960793579,0.9999880613606247
78.75,0.9999893590926026,0.9999896801716348,0.9999894946533863,0.9999893665971558,0.999989551591489,0.9999897704109723,0.9999882458083087
78.80000000000001,0.9999895251354392,0.9999898411494279,0.999989658011954,0.9999895321663169,0.999989714442896,0.9999899297835658,0.9999884278213902
78.85000000000001,0.999989688809483,0.9999900006976279,0.9999898199994827,0.999989695899882,0.9999898754727933,0.9999900878689295,0.9999886067920388
78.9,0.9999898500833166,0.9999901567073589,0.9999899792537102,0.9999898563689746,0.9999900333089934,0.9999902425646074,0.999988782995523
78.95,0.9999900087749418,0.999990311706079,0.999990135598083,0.9999900155148952,0.9999901900633574,0.999990396682477,0.9999889575708165
79.0,0.9999901647596373,0.9999904630688068,0.9999902906217185,0.9999901714652731,0.9999903432320869,0.9999905470206132,0.9999891288159786
79.05000000000001,0.9999903186508013,0.9999906134027622,0.9999904423237624,0.9999903257724445,0.9999904953598395,0.9999906956900384,0.9999892983404532
79.10000000000001,0.9999904714136076,0.999990760831811,0.9999905935916809,0.9999904775769533,0.9999906448990415,0.9999908423081845,0.9999894646535148
79.15,0.9999906204996745,0.9999909061096844,0.9999907407440045,0.9999906269148199,0.9999907915814205,0.9999909861886038,0.9999896291378121
79.2,0.9999907688602225,0.9999910497969723,0.9999908863937849,0.9999907746758252,0.9999909372737581,0.9999911283625507,0.9999897904879982
79.25,0.9999909132639645,0.9999911899521299,0.9999910306882733,0.9999909189798524,0.9999910792071557,0.9999912678025097,0.9999899498755123
79.30000000000001,0.99999105630161,0.999991330061775,0.9999911709624253,0.999991062488621,0.9999912201143414,0.9999914065742906,0.9999901073696345
79.35000000000001,0.9999911970726972,0.9999914666998795,0.9999913103766388,0.9999912032672267,0.9999913584819993,0.999991541964495,0.9999902617810386
79.4,0.9999913365287318,0.9999916013161801,0.9999914480897076,0.9999913419090072,0.9999914950284752,0.9999916757859468,0.999990414318946
79.45,0.9999914737754944,0.9999917352435179,0.9999915832132501,0.9999914795002072,0.9999916304072387,0.9999918082616854,0.9999905654788941
79.5,0.9999916084737375,0.9999918655361455,0.9999917165562745,0.9999916136009807,0.9999917624592704,0.9999919375634332,0.9999907129526878
79.55000000000001,0.9999917409108918,0.9999919948369859,0.9999918475879614,0.9999917464699815,0.9999918929466316,0.9999920660917824,0.9999908586229739
79.60000000000001,0.9999918721857604,0.9999921219135589,0.9999919778655844,0.999991877609044,0.9999920224136296,0.9999921918558412,0.9999910029986433
79.65,0.9999920010812652,0.999992247659935,0.999992104904116,0.99999200626698,0.9999921488320991,0.9999923170170822,0.9999911450817764
79.7,0.999992128336785,0.9999923706569489,0.9999922308504725,0.9999921334864151,0.9999922739946103,0.9999924390035378,0.9999912840297829
79.75,0.9999922532175625,0.9999924923820638,0.9999923541092537,0.9999922586211782,0.9999923969143216,0.9999925593978026,0.9999914216600897
79.80000000000001,0.9999923761257163,0.9999926125261549,0.9999924755488243,0.9999923819882732,0.999992517963352,0.9999926786080898,0.9999915571083675
79.85000000000001,0.9999924981446924,0.9999927301476592,0.9999925956164828,0.9999925029903118,0.9999926371726887,0.9999927953742087,0.9999916902759629
79.9,0.9999926179723748,0.9999928462129108,0.9999927137846256,0.9999926222596356,0.9999927547414322,0.9999929103253089,0.9999918217668876
79.95,0.9999927352823789,0.9999929608886179,0.9999928302904251,0.999992740477929,0.9999928709820168,0.9999930241633085,0.9999919521071253
80.0,0.9999928518240326,0.9999930728962765,0.9999929446061125,0.9999928557105129,0.9999929842444697,0.9999931352855443,0.9999920788426262
80.05000000000001,0.9999929659317447,0.9999931847918156,0.9999930579921292,0.9999929703732726,0.9999930972153506,0.9999932459266143,0.9999922051652557
80.10000000000001,0.9999930789639704,0.9999932942089795,0.9999931692062629,0.9999930831213508,0.9999932079981055,0.9999933544919559,0.9999923290050383
80.15,0.999993189515249,0.9999934016976465,0.9999932785807532,0.9999931944129057,0.9999933172081733,0.9999934611895285,0.9999924512800552
80.2,0.9999932990100786,0.9999935085234223,0.9999933863769604,0.9999933033893702,0.999993424290732,0.9999935669431507,0.9999925715554612
80.25,0.9999934071358206,0.99999361247306,0.9999934930892959,0.999993411444183,0.9999935305723759,0.999993670007954,0.9999926897418143
80.30000000000001,0.9999935130626159,0.9999937154798857,0.9999935979822374,0.9999935170433489,0.9999936348654441,0.9999937721957632,0.9999928069433051
80.35000000000001,0.9999936169635144,0.9999938169920642,0.999993701189673,0.9999936209179612,0.9999937368794095,0.9999938727753626,0.9999929213597532
80.4,0.9999937202873745,0.9999939158565748,0.9999938028239939,0.9999937236013161,0.9999938378810469,0.999993971103742,0.999993033881281
80.45,0.9999938206151829,0.9999940149456756,0.9999939023727864,0.999993825229796,0.9999939377197756,0.9999940692254773,0.999993145941179
80.5,0.9999939209431924,0.9999941117248439,0.9999940006967091,0.9999939245827509,0.9999940356586472,0.9999941651354203,0.9999932560107812
80.55000000000001,0.9999940190238139,0.9999942070848089,0.999994098265437,0.9999940228576765,0.9999941322508148,0.9999942599169623,0.9999933642336798
80.60000000000001,0.9999941159296117,0.9999943013504926,0.9999941939757907,0.9999941204769969,0.9999942276801468,0.9999943532401312,0.9999934706944776
80.65,0.9999942110223149,0.9999943935550728,0.9999942876510488,0.9999942148911638,0.9999943207471296,0.9999944447062901,0.9999935753237603
80.7,0.9999943048964146,0.9999944842572872,0.9999943805331575,0.9999943085630872,0.9999944129682937,0.9999945347084123,0.9999936787573481
80.75,0.9999943975384695,0.9999945745553632,0.99999447200885,0.9999944013285611,0.9999945041215065,0.9999946241289575,0.9999937804278145
80.80000000000001,0.9999944882577205,0.9999946627212812,0.9999945612670523,0.9999944919300201,0.9999945932320032,0.9999947113469231,0.9999938810174996
80.85000000000001,0.9999945777357431,0.9999947490150114,0.9999946503919444,0.9999945812624143,0.9999946808848705,0.9999947974073624,0.999993978954667
80.9,0.999994666395715,0.9999948348250749,0.9999947366730606,0.9999946690731409,0.9999947674399203,0.9999948820749474,0.9999940757026549
80.95,0.9999947531141039,0.9999949192073683,0.9999948229489761,0.999994756200396,0.9999948531463954,0.9999949657853159,0.9999941721532641
81.0,0.9999948383330521,0.9999950025747151,0.9999949070178834,0.9999948417786609,0.9999949372324262,0.9999950481305944,0.9999942669697165
81.05000000000001,0.9999949225705727,0.9999950848805228,0.9999949904232445,0.9999949268305286,0.9999950204153577,0.9999951300736847,0.999994360215309
81.10000000000001,0.9999950059384235,0.9999951642662076,0.9999950722684132,0.999995008659846,0.9999951011052495,0.9999952088762085,0.9999944504071523
81.15,0.9999950878017132,0.9999952435745818,0.9999951530131103,0.9999950906077414,0.9999951816690813,0.9999952876096746,0.9999945404108933
81.2,0.9999951677314907,0.9999953217019729,0.9999952322346041,0.9999951707208663,0.9999952603443294,0.9999953651603286,0.9999946295884623
81.25,0.9999952467811766,0.9999953992111802,0.9999953109469112,0.9999952504269826,0.9999953389734472,0.9999954419312306,0.9999947174305277
81.30000000000001,0.9999953250939836,0.9999954751431316,0.9999953875702782,0.9999953287941834,0.9999954156667352,0.99999551676073,0.9999948033199848
81.35000000000001,0.9999954015115076,0.9999955488489589,0.9999954633952173,0.9999954043126151,0.9999954900901049,0.9999955898472273,0.9999948876862135
81.4,0.9999954773543162,0.9999956224867114,0.9999955385944415,0.9999954806439496,0.9999955650335965,0.999995663133852,0.9999949712251306
81.45,0.9999955516665208,0.9999956938235981,0.9999956114234733,0.999995554059518,0.9999956371335368,0.9999957337487375,0.9999950528406593
81.5,0.9999956249332853,0.9999957654272408,0.9999956838842711,0.9999956273522496,0.9999957092536471,0.9999958049179233,0.9999951342704508
81.55000000000001,0.9999956965552184,0.999995835184182,0.9999957548782524,0.9999956993099891,0.9999957798467654,0.9999958735021456,0.9999952132924657
81.60000000000001,0.9999957681334328,0.9999959041276894,0.999995825087554,0.9999957705166574,0.9999958501387248,0.999995942160683,0.9999952918350408
81.65,0.9999958382481424,0.9999959728226396,0.9999958942145357,0.9999958409313606,0.9999959190201332,0.9999960099963836,0.9999953696925995
81.7,0.9999959066511322,0.9999960387788029,0.9999959623061558,0.999995909724874,0.9999959868949786,0.9999960759927664,0.9999954453965352
81.75,0.9999959741313252,0.9999961045440744,0.999996028803001,0.9999959772544975,0.9999960531700832,0.9999961411017114,0.9999955198817403
81.80000000000001,0.9999960409940603,0.9999961687440895,0.9999960948669595,0.9999960431636604,0.999996117876599,0.9999962045519155,0.9999955934364232
81.85000000000001,0.9999961071162471,0.9999962324504119,0.9999961591766756,0.999996108972192,0.999996182602561,0.9999962678718485,0.9999956658204713
81.9,0.9999961718418096,0.9999962949631304,0.9999962231619458,0.9999961736193025,0.9999962457389056,0.9999963294835271,0.9999957375802769
81.95,0.9999962357334069,0.9999963573887227,0.9999962856969153,0.9999962373801937,0.9999963086881011,0.9999963916779183,0.9999958082556595
82.0,0.9999962973938182,0.9999964179039122,0.999996348272687,0.9999963000639825,0.9999963702021196,0.9999964514806727,0.9999958767516002
82.05000000000001,0.9999963591289267,0.9999964777719921,0.9999964085634376,0.9999963612585016,0.9999964302685964,0.9999965105956765,0.9999959448851784
82.10000000000001,0.9999964198884961,0.999996536846005,0.9999964687660617,0.9999964223593676,0.9999964903731714,0.9999965692440547,0.9999960124869005
82.15,0.9999964793678651,0.9999965941592627,0.9999965272839284,0.999996481772242,0.9999965486312726,0.9999966260277453,0.9999960776125625
82.2,0.9999965381641958,0.9999966506611182,0.9999965858039509,0.9999965400122859,0.9999966058296793,0.9999966819596904,0.9999961427631335
82.25,0.9999965959728551,0.9999967069431331,0.9999966434042917,0.9999965978572654,0.9999966631409416,0.9999967377921433,0.9999962070367698
82.30000000000001,0.9999966533325513,0.999996762889084,0.9999966987861366,0.999996655636312,0.9999967193382836,0.9999967933108782,0.9999962705035836
82.35000000000001,0.9999967088478158,0.9999968175260862,0.9999967547029212,0.999996711646048,0.9999967746275713,0.9999968469580042,0.999996331785242
82.4,0.9999967644936014,0.9999968702496871,0.9999968085714179,0.999996766553097,0.9999968285494953,0.9999969001036051,0.9999963934308419
82.45,0.9999968189363403,0.9999969235131925,0.9999968625092516,0.9999968209551116,0.9999968818249814,0.9999969524806441,0.9999964530936885
82.5,0.999996871991245,0.9999969745048923,0.9999969147170162,0.9999968739313133,0.9999969339159189,0.9999970031327541,0.9999965123239587
82.55000000000001,0.9999969244037669,0.999997025491296,0.999996966952651,0.9999969261750399,0.9999969852914186,0.999997053581647,0.9999965700793213
82.60000000000001,0.9999969765505357,0.9999970761510864,0.9999970184207772,0.9999969783841315,0.9999970364469022,0.9999971035256415,0.9999966279727935
82.65,0.9999970270121761,0.9999971252107451,0.9999970678878324,0.9999970293536781,0.9999970867336333,0.9999971523398417,0.9999966841208173
82.7,0.9999970768629259,0.9999971736056388,0.9999971174481905,0.999997079063502,0.9999971355688317,0.9999972004373006,0.9999967395445296
82.75,0.999997126596508,0.999997221072983,0.9999971662440872,0.9999971280375011,0.9999971838962639,0.9999972473929306,0.9999967938197917
82.80000000000001,0.9999971755521657,0.9999972682181091,0.9999972137933317,0.9999971769332716,0.9999972314683118,0.9999972942315871,0.9999968478082891
82.85000000000001,0.9999972226099422,0.9999973145444445,0.9999972610754477,0.9999972244034941,0.9999972783241617,0.9999973403480871,0.9999969007369943
82.9,0.9999972696840467,0.9999973598008698,0.9999973078473794,0.999997271229423,0.9999973242063052,0.9999973851538231,0.9999969524347521
82.95,0.9999973162939166,0.9999974051600542,0.9999973531120743,0.9999973181136392,0.9999973705367452,0.9999974303081273,0.9999970046333537
83.0,0.9999973619594201,0.9999974494807337,0.9999973984862509,0.9999973638344022,0.9999974154013587,0.999997474204118,0.9999970548364904
83.05000000000001,0.9999974062258792,0.99999749210548,0.9999974422288302,0.9999974075745137,0.9999974580541663,0.9999975159355777,0.9999971037536373
83.10000000000001,0.9999974505836113,0.9999975351946948,0.9999974861882144,0.9999974520734937,0.9999975019966496,0.9999975589558933,0.999997153005937
83.15,0.9999974939670999,0.9999975767640608,0.9999975286363718,0.9999974951283316,0.9999975442041158,0.999997600306693,0.9999972008611534
83.2,0.9999975363554917,0.9999976185797874,0.999997570404088,0.9999975379441912,0.9999975860137719,0.999997640930745,0.9999972481822583
83.25,0.9999975783312053,0.9999976595520828,0.9999976114674652,0.9999975800392968,0.99999762730801,0.999997681711337,0.9999972948089697
83.30000000000001,0.9999976195446159,0.9999976993187751,0.9999976525073312,0.9999976212500752,0.9999976681032898,0.9999977216341087,0.9999973406172956
83.35000000000001,0.9999976601904406,0.9999977381331955,0.9999976932173564,0.9999976614460715,0.9999977076362624,0.9999977602347102,0.9999973856487949
83.4,0.9999977002679687,0.9999977779599099,0.999997732298931,0.9999977021370208,0.999997747097664,0.9999977993837903,0.9999974302306027
83.45,0.999997739251851,0.9999978155810049,0.9999977706029769,0.9999977409502699,0.9999977854724784,0.9999978371193078,0.9999974740980047
83.5,0.9999977784123568,0.99999785295018,0.9999978086900871,0.999997779775682,0.9999978235817377,0.9999978736778389,0.9999975165014076
83.55000000000001,0.9999978166810671,0.9999978899721131,0.9999978466079222,0.9999978176420592,0.9999978605413175,0.9999979104543356,0.9999975583866998
83.60000000000001,0.9999978533806545,0.9999979260907216,0.9999978840441357,0.9999978552370057,0.9999978975683923,0.9999979461319866,0.9999976002830475
83.65,0.9999978904060887,0.9999979617712129,0.9999979197669895,0.9999978917275734,0.9999979334149475,0.999997981529006,0.999997641106454
83.7,0.999997927438672,0.9999979967215091,0.9999979561528872,0.9999979276136176,0.999997968882994,0.9999980161926568,0.9999976813070198
83.75,0.9999979629914489,0.9999980310246958,0.9999979917452779,0.9999979637359935,0.9999980041879282,0.9999980499186756,0.9999977211230592
83.80000000000001,0.9999979974493548,0.9999980651276784,0.999998025233042,0.9999979984636187,0.9999980384308444,0.9999980842896891,0.9999977599382412
83.85000000000001,0.9999980323830725,0.9999980985273008,0.9999980595690103,0.9999980331423233,0.9999980721618462,0.9999981168807798,0.9999977981944159
83.9,0.9999980657300562,0.9999981314081993,0.9999980937141217,0.9999980673245863,0.9999981059542172,0.9999981496868662,0.9999978360399693
83.95,0.9999980995630308,0.9999981634510611,0.9999981260378727,0.999998100357917,0.9999981384484498,0.9999981815598384,0.9999978726389557
84.0,0.9999981321130258,0.9999981952618145,0.9999981585272285,0.999998133232995,0.9999981706001273,0.999998212773654,0.9999979091422041
84.05000000000001,0.999998164901934,0.9999982271578788,0.9999981906450008,0.9999981659340913,0.9999982027147942,0.9999982442794361,0.9999979451414357
84.10000000000001,0.9999981961475783,0.9999982576370035,0.9999982218517194,0.9999981973367911,0.9999982337771517,0.9999982751164541,0.9999979808456081
84.15,0.999998227651334,0.9999982872973472,0.9999982530249194,0.9999982285138056,0.9999982638280541,0.9999983039551767,0.9999980147791738
84.2,0.9999982579921436,0.9999983180555456,0.9999982825918813,0.9999982593543135,0.9999982940820933,0.9999983339029038,0.9999980496075893
84.25,0.9999982889412735,0.999998346627478,0.9999983133154989,0.9999982892359564,0.999998323888933,0.9999983625507101,0.9999980826536031
84.30000000000001,0.9999983183259513,0.9999983753446782,0.9999983423977225,0.9999983187664846,0.9999983529650989,0.9999983909122226,0.9999981158908706
84.35000000000001,0.9999983477974339,0.9999984032569846,0.9999983711543163,0.9999983479814449,0.9999983815433615,0.9999984191869529,0.999998148404245
84.4,0.9999983763877607,0.9999984318027711,0.9999983992597362,0.999998376987038,0.9999984094939295,0.9999984471314667,0.9999981804277388
84.45,0.9999984043947382,0.9999984593650675,0.9999984278388442,0.999998405757214,0.9999984379947703,0.9999984744335766,0.9999982125537561
84.5,0.9999984319581352,0.9999984861863089,0.9999984543301533,0.9999984330145297,0.9999984644664204,0.9999985009485577,0.9999982427640278
84.55000000000001,0.9999984596401761,0.9999985130471403,0.9999984818579073,0.99999846106714,0.9999984919596847,0.9999985275296119,0.9999982743265934
84.60000000000001,0.9999984874063519,0.9999985391007297,0.9999985088212894,0.999998487867206,0.9999985188013502,0.9999985534301493,0.9999983039140922
84.65,0.999998513196625,0.9999985646438961,0.9999985345658506,0.999998514333341,0.9999985444271868,0.9999985785268017,0.9999983330871187
84.7,0.9999985391714811,0.9999985893642306,0.9999985595938878,0.9999985398750499,0.9999985694548957,0.9999986034756134,0.9999983619208204
84.75,0.999998564377302,0.9999986145676947,0.9999985852395528,0.9999985658318278,0.9999985949765499,0.9999986280364859,0.9999983905961041
84.80000000000001,0.999998589696766,0.999998638796687,0.9999986101819432,0.9999985909180037,0.9999986195871235,0.9999986524228612,0.9999984186058425
84.85000000000001,0.9999986152580839,0.9999986625199974,0.9999986349104375,0.9999986154481356,0.9999986435694208,0.9999986756865709,0.9999984458945128
84.9,0.9999986389937089,0.9999986865619384,0.9999986581177172,0.9999986398723089,0.9999986675188068,0.9999986993024887,0.999998473309323
84.95,0.9999986630585195,0.9999987089378272,0.9999986828232895,0.9999986640174068,0.9999986914678184,0.999998722026677,0.9999984998517027
85.0,0.9999986864855006,0.9999987319406137,0.9999987056137878,0.9999986872805153,0.9999987142692697,0.9999987446672778,0.9999985258829666
85.05000000000001,0.9999987095432943,0.9999987542124399,0.9999987282371354,0.9999987102745832,0.9999987368053603,0.9999987665671147,0.999998551603227
85.10000000000001,0.9999987326250335,0.999998776338287,0.9999987503726939,0.9999987328539583,0.9999987589506258,0.9999987884238497,0.9999985770392719
85.15,0.999998754653939,0.9999987983691437,0.9999987725732215,0.9999987555690988,0.999998781198468,0.999998810000494,0.9999986022012408
85.2,0.9999987765666046,0.9999988189831083,0.9999987943812698,0.9999987774369656,0.999998802659601,0.9999988310960364,0.9999986265992882
85.25,0.9999987984784191,0.9999988401741471,0.9999988162439515,0.9999987988105463,0.9999988235952826,0.9999988512964666,0.9999986505363316
85.30000000000001,0.9999988201860621,0.9999988607849193,0.9999988371252484,0.9999988202080213,0.9999988448452525,0.999998872585731,0.9999986748444917
85.35000000000001,0.9999988406687778,0.9999988807112634,0.999998857514345,0.9999988408612753,0.9999988646546134,0.9999988920081062,0.9999986978692499
85.4,0.9999988612256363,0.9999989011192176,0.9999988777948758,0.9999988621424777,0.9999988857307945,0.9999989123692448,0.9999987206399917
85.45,0.9999988812527489,0.9999989206165818,0.9999988974655083,0.9999988822653058,0.9999989054785059,0.999998931301798,0.9999987433674129
85.5,0.9999989015834516,0.9999989398205196,0.9999989170568492,0.9999989017721405,0.9999989246140382,0.999998950448025,0.9999987654136713
85.55000000000001,0.9999989211551905,0.9999989586356629,0.9999989358917772,0.999998921384758,0.9999989435766068,0.9999989690220368,0.9999987870292026
85.60000000000001,0.9999989396249398,0.9999989775661238,0.9999989552429446,0.999998941005231,0.9999989630234984,0.9999989876316299,0.9999988088039479
85.65,0.9999989591968583,0.9999989957193814,0.9999989739524502,0.9999989594344366,0.9999989813392268,0.9999990059773896,0.9999988300599342
85.7,0.9999989773781818,0.9999990134252161,0.9999989924880746,0.9999989778035614,0.9999989990932935,0.9999990234580901,0.9999988504594072
85.75,0.9999989951281926,0.9999990307476095,0.9999990107646171,0.9999989959107634,0.9999990170209975,0.9999990404700787,0.9999988707616863
85.80000000000001,0.9999990130364811,0.9999990483814488,0.9999990277899626,0.9999990139193407,0.9999990342206402,0.9999990579085208,0.9999988906387118
85.85000000000001,0.9999990310987736,0.9999990652713673,0.999999045498501,0.9999990318316878,0.9999990520635234,0.9999990746562475,0.999998910615834
85.9,0.9999990477981464,0.9999990820396805,0.9999990623600681,0.999999048839255,0.9999990689931264,0.999999091556008,0.9999989299015553
85.95,0.9999990653235653,0.9999990985354493,0.9999990787130306,0.9999990660613063,0.9999990856205132,0.9999991077387671,0.9999989485534324
86.0,0.9999990824570577,0.9999991144790303,0.9999990957248726,0.999999082329923,0.9999991017699432,0.9999991236142043,0.9999989673231969
86.05000000000001,0.9999990986524077,0.9999991300001076,0.9999991116193977,0.9999990985649929,0.9999991176767234,0.999999139108625,0.9999989853865725
86.10000000000001,0.9999991145391669,0.9999991459887063,0.9999991277133957,0.9999991151450893,0.9999991339361096,0.9999991544689742,0.9999990037249838
86.15,0.9999991310418923,0.9999991611729033,0.9999991432864599,0.9999991311213288,0.9999991493059558,0.9999991700881791,0.9999990216551197
86.2,0.9999991467566384,0.9999991771265511,0.9999991592102533,0.9999991474459955,0.9999991650697947,0.9999991853420118,0.9999990395887149
86.25,0.9999991617989599,0.9999991921551327,0.9999991741610028,0.9999991624574311,0.999999180314256,0.9999992004314244,0.9999990568962912
86.30000000000001,0.9999991777669925,0.9999992059473451,0.9999991895409631,0.9999991773614793,0.9999991947192998,0.9999992140250831,0.9999990731379638
86.35000000000001,0.9999991919500906,0.9999992202772418,0.9999992035488724,0.999999191917508,0.9999992091324514,0.9999992283739451,0.999999090011144
86.4,0.9999992067738717,0.999999234361898,0.9999992185032063,0.9999992066727714,0.9999992235754226,0.9999992420945006,0.9999991059383788
86.45,0.9999992211205339,0.9999992487921855,0.9999992321213205,0.9999992212127298,0.9999992375802649,0.999999256766192,0.9999991224105345
86.5,0.9999992352395624,0.9999992619289954,0.9999992464519414,0.9999992350681991,0.9999992515119471,0.9999992697692772,0.9999991380859121
86.55000000000001,0.9999992486227332,0.9999992753010806,0.9999992595529779,0.999999248579901,0.9999992646330687,0.9999992832730086,0.9999991532549025
86.60000000000001,0.9999992624742399,0.9999992885405077,0.9999992736087953,0.9999992624136884,0.9999992781817899,0.9999992959302269,0.9999991683791709
86.65,0.9999992760987029,0.9999993021072309,0.9999992862563064,0.9999992766538494,0.9999992919556068,0.9999993094344578,0.999999184035215
86.7,0.9999992884777598,0.9999993145994623,0.9999992989266717,0.999999289299,0.9999993043096349,0.9999993218981537,0.99999919854003
86.75,0.9999993022080169,0.9999993270433131,0.9999993120375384,0.999999302407504,0.9999993177423815,0.9999993341121592,0.9999992131997606
86.80000000000001,0.9999993142494814,0.9999993388197206,0.9999993245497121,0.9999993145324958,0.9999993293461369,0.9999993456918723,0.9999992266375612
86.85000000000001,0.9999993267126039,0.9999993512574628,0.9999993371579395,0.9999993270336152,0.9999993415173434,0.999999357676724,0.9999992413252428
86.9,0.9999993386602398,0.9999993634010784,0.9999993491972397,0.9999993398753575,0.9999993538327419,0.9999993699590197,0.9999992549214612
86.95,0.9999993516849016,0.9999993748432786,0.9999993605672628,0.9999993517982633,0.9999993660604388,0.9999993810558019,0.999999268897098
87.0,0.9999993635574873,0.999999385765037,0.9999993723344135,0.9999993630200275,0.9999993767882163,0.9999993921946659,0.9999992816286971
87.05000000000001,0.9999993752279198,0.9999993978131076,0.9999993845989643,0.9999993752784215,0.9999993888498548,0.9999994037299078,0.9999992946488816
87.10000000000001,0.9999993865407254,0.9999994083128101,0.9999993947836497,0.9999993862863171,0.9999993992932295,0.9999994144854661,0.9999993072688715
87.15,0.9999993970988792,0.9999994195255361,0.9999994069480007,0.9999993981535346,0.9999994111854333,0.9999994254591095,0.9999993203856619
87.2,0.9999994082653718,0.9999994300208654,0.999999417152974,0.9999994087751858,0.999999421592552,0.9999994358854498,0.9999993325306029
87.25,0.9999994192128311,0.9999994402250566,0.9999994279609818,0.999999419598355,0.9999994322389458,0.9999994459554818,0.9999993441634377
87.30000000000001,0.9999994298560315,0.9999994510447112,0.999999438464481,0.9999994302852185,0.9999994426381792,0.9999994569114992,0.9999993570451284
87.35000000000001,0.9999994406225072,0.9999994609261322,0.9999994488629919,0.9999994410304274,0.9999994531936527,0.9999994664758884,0.9999993683157185
87.4,0.9999994512425262,0.999999470659916,0.9999994587857686,0.9999994509102526,0.9999994628986221,0.9999994762455113,0.9999993796103601
87.45,0.9999994611004352,0.9999994802401244,0.999999469141128,0.9999994610133734,0.9999994729943951,0.9999994858429784,0.9999993908994882
87.5,0.9999994713612764,0.9999994896775776,0.9999994785301762,0.9999994707048462,0.9999994822764326,0.9999994950693298,0.9999994018900434
87.55000000000001,0.9999994804216837,0.9999994991745783,0.9999994881336935,0.9999994808180563,0.9999994921721196,0.9999995045591029,0.9999994130750102
87.60000000000001,0.9999994894443379,0.9999995088406262,0.9999994973650893,0.9999994901820223,0.9999995010168331,0.9999995138828632,0.9999994238444543
87.65,0.9999994997956462,0.9999995181842292,0.9999995071580531,0.9999994996405055,0.9999995108750835,0.9999995232277741,0.999999434815131
87.7,0.9999995090188986,0.9999995268218953,0.999999516494505,0.9999995093668025,0.9999995203512534,0.9999995318117081,0.9999994453785572
87.75,0.9999995178432898,0.9999995359088617,0.9999995250719685,0.9999995186520627,0.9999995292283871,0.9999995406722268,0.9999994558306682
87.80000000000001,0.999999526624326,0.999999543773419,0.9999995339671491,0.9999995266948198,0.9999995370654062,0.9999995485417476,0.9999994650437272
87.85000000000001,0.9999995358054541,0.9999995524809617,0.9999995423938407,0.9999995359608255,0.9999995460707934,0.9999995572997054,0.9999994749677421
87.9,0.9999995443504972,0.9999995612640938,0.9999995514751878,0.9999995448158647,0.999999555159528,0.9999995659421763,0.9999994851052595
87.95,0.9999995529730492,0.9999995685440982,0.9999995597412388,0.9999995526339505,0.9999995626538656,0.9999995732508751,0.999999493621182
88.0,0.9999995610250761,0.9999995772710499,0.9999995675551917,0.9999995615504709,0.9999995711146065,0.9999995817495022,0.9999995038265133
88.05000000000001,0.9999995689029466,0.9999995850782933,0.9999995757890704,0.9999995693855075,0.9999995788553449,0.9999995894590352,0.9999995127364448
88.10000000000001,0.9999995769975173,0.9999995932591572,0.9999995836298099,0.9999995772709058,0.9999995868102981,0.9999995976548717,0.9999995216066625
88.15,0.9999995851388163,0.999999600014372,0.999999591631301,0.9999995850709975,0.9999995944863995,0.9999996041839445,0.9999995305632006
88.2,0.9999995932312313,0.9999996078077701,0.9999995992556049,0.9999995929739363,0.9999996019257165,0.999999611835736,0.999999538928932
88.25,0.999999600186515,0.9999996156702385,0.9999996060981923,0.9999996005136759,0.9999996093226625,0.9999996194745472,0.9999995480374357
88.30000000000001,0.9999996080437858,0.9999996221978783,0.9999996139621602,0.9999996080000411,0.9999996166801808,0.9999996263121823,0.9999995559081332
88.35000000000001,0.9999996148681048,0.9999996294467186,0.9999996215161107,0.9999996152653818,0.9999996240369164,0.9999996331586005,0.999999564508615
88.4,0.9999996223286455,0.9999996359200589,0.9999996279063286,0.999999622049533,0.9999996304419226,0.9999996398735498,0.9999995720744819
88.45,0.9999996294361098,0.9999996436932893,0.9999996348508464,0.9999996302584108,0.9999996384667726,0.9999996474533044,0.9999995810614498
88.5,0.9999996365558018,0.999999650138945,0.999999641660232,0.999999636913596,0.9999996449828099,0.9999996537144,0.9999995882418455
88.55000000000001,0.9999996429008001,0.9999996564960626,0.9999996480301064,0.9999996434785987,0.9999996513257989,0.9999996600234462,0.9999995958703363
88.60000000000001,0.9999996493479757,0.999999663021883,0.9999996553660406,0.9999996503100881,0.9999996580385914,0.9999996664849505,0.999999603550455
88.65,0.999999656676912,0.9999996694792317,0.9999996619829753,0.9999996569110196,0.9999996645532404,0.9999996727305568,0.9999996107098525
88.7,0.9999996632097129,0.9999996757433564,0.9999996682394658,0.9999996633439685,0.9999996707959409,0.9999996792288861,0.9999996183025327
88.75,0.9999996693297465,0.9999996818357058,0.9999996744887759,0.9999996700093594,0.9999996772895685,0.9999996853940218,0.9999996254074126
88.80000000000001,0.9999996755128915,0.9999996877973786,0.9999996798581641,0.9999996761591656,0.9999996833628636,0.999999691104121,0.9999996325506312
88.85000000000001,0.9999996817351742,0.9999996930805575,0.999999686083062,0.9999996815883723,0.9999996886487937,0.9999996963650294,0.9999996385465435
88.9,0.9999996871342532,0.9999996990192334,0.9999996920209013,0.9999996874328712,0.9999996943330024,0.9999997025464442,0.9999996458614847
88.95,0.9999996931248774,0.9999997052013738,0.9999996982078516,0.9999996936204997,0.9999997003806906,0.9999997081217767,0.999999652641831
89.0,0.9999996989535771,0.9999997112825523,0.9999997043341581,0.9999996997413547,0.9999997064103031,0.9999997140628943,0.999999659547124
89.05000000000001,0.9999997050912145,0.9999997160870586,0.9999997102647382,0.9999997056615277,0.9999997124842904,0.9999997193881958,0.9999996659579203
89.10000000000001,0.9999997103764288,0.999999721232761,0.9999997147303233,0.9999997106410407,0.9999997173605277,0.9999997242001933,0.9999996715404789
89.15,0.9999997161642837,0.9999997270828087,0.9999997203995898,0.999999716458594,0.9999997227352361,0.9999997300442298,0.9999996780118293
89.2,0.9999997212237817,0.9999997318237117,0.9999997260866782,0.9999997217259875,0.9999997282050193,0.9999997350654406,0.9999996844330024
89.25,0.9999997268050123,0.9999997370353735,0.9999997305794015,0.9999997271052088,0.9999997331197961,0.9999997397010205,0.9999996902450101
89.30000000000001,0.9999997325490283,0.9999997422300331,0.9999997364724527,0.9999997320544398,0.9999997383240412,0.9999997450922419,0.9999996958004804
89.35000000000001,0.9999997368324504,0.9999997466454803,0.9999997408710646,0.9999997368596383,0.9999997427463823,0.9999997493520579,0.9999997010197723
89.4,0.9999997424111065,0.9999997519348868,0.9999997462390997,0.9999997424617595,0.9999997485590552,0.9999997547857369,0.9999997072577179
89.45,0.9999997472287268,0.999999756322428,0.9999997505820507,0.9999997470983603,0.9999997527440818,0.9999997589043553,0.9999997128028819
89.5,0.9999997511855896,0.9999997612606285,0.9999997555434882,0.9999997515218413,0.9999997573252455,0.9999997639651816,0.999999718018162
89.55000000000001,0.9999997567586951,0.9999997658616331,0.9999997605555212,0.9999997567756203,0.9999997624816193,0.9999997681946301,0.9999997237421926
89.60000000000001,0.9999997611545186,0.9999997707756509,0.9999997648607781,0.9999997617353117,0.9999997670530666,0.9999997727545455,0.9999997286386145
89.65,0.9999997656455162,0.9999997743106779,0.999999769180907,0.9999997657753922,0.9999997713787958,0.9999997770302862,0.9999997342925289
89.7,0.9999997702093453,0.9999997791042079,0.9999997740409104,0.9999997702361354,0.9999997752921507,0.9999997811191819,0.9999997383328831
89.75,0.9999997745796636,0.9999997833808507,0.9999997780688981,0.9999997745728142,0.9999997799246769,0.9999997857387037,0.9999997443687648
89.80000000000001,0.9999997790159494,0.9999997870678499,0.9999997825190119,0.9999997792146061,0.9999997844230875,0.999999789488476,0.9999997488709172
89.85000000000001,0.9999997835321237,0.9999997908396023,0.9999997871413407,0.9999997830551037,0.9999997880907502,0.999999793504192,0.9999997529301106
89.9,0.9999997877293391,0.9999997961321635,0.9999997907044531,0.9999997878872031,0.9999997926514946,0.9999997981856454,0.9999997588902688
89.95,0.9999997911117603,0.9999997993793168,0.9999997942515069,0.9999997912872564,0.9999997961971707,0.9999998014139123,0.9999997632042347
90.0,0.9999997951763103,0.9999998032191415,0.9999997985696241,0.9999997951999124,0.9999998000342026,0.9999998055708443,0.9999997674188771
90.05000000000001,0.9999997995217953,0.9999998063593292,0.9999998028966018,0.9999997991687515,0.9999998039626696,0.9999998086567944,0.9999997716326581
90.10000000000001,0.9999998031968234,0.9999998106762957,0.9999998065409157,0.999999803163059,0.9999998075709081,0.9999998127164105,0.9999997754784453
90.15,0.9999998068715923,0.9999998150894788,0.9999998102171623,0.9999998076986334,0.9999998122150214,0.9999998168435608,0.9999997804353148
90.2,0.9999998112237167,0.999999818320714,0.9999998135576547,0.999999811037281,0.9999998154936163,0.9999998203368068,0.9999997843957356
90.25,0.9999998144749979,0.9999998218975842,0.9999998172129628,0.9999998146546141,0.9999998187885861,0.9999998236405055,0.9999997890228897
90.30000000000001,0.9999998178525528,0.9999998250924957,0.9999998204587344,0.9999998180440054,0.9999998220844122,0.9999998268726491,0.9999997928194271
90.35000000000001,0.9999998213320898,0.9999998283312479,0.9999998240432051,0.9999998216218281,0.9999998258587197,0.9999998299763357,0.9999997967825157
90.4,0.9999998252821685,0.9999998316239465,0.9999998275905347,0.9999998249951504,0.9999998291737668,0.9999998330347145,0.9999998005379965
90.45,0.9999998284375149,0.9999998348685009,0.9999998307482245,0.9999998283482403,0.9999998324645978,0.999999836279077,0.9999998043541073
90.5,0.9999998317942165,0.9999998381105564,0.9999998340551279,0.9999998316586896,0.9999998356924615,0.9999998395898595,0.9999998083189537
90.55000000000001,0.9999998349337577,0.9999998412347699,0.9999998372594957,0.9999998348767826,0.9999998388008362,0.9999998427127931,0.9999998120752968
90.60000000000001,0.9999998379280833,0.9999998442877285,0.999999840398783,0.99999983801607,0.9999998418449408,0.999999845764525,0.9999998159016605
90.65,0.9999998412865883,0.9999998473272318,0.9999998435257516,0.9999998411564915,0.9999998448978997,0.9999998490562599,0.9999998192516779
90.7,0.9999998443336183,0.9999998502419718,0.9999998465644389,0.9999998448925445,0.9999998483507339,0.9999998521004566,0.99999982300336
90.75,0.9999998468176884,0.9999998532861644,0.999999849702156,0.9999998479576269,0.9999998513470645,0.9999998549105329,0.9999998264672056
90.80000000000001,0.9999998498468483,0.9999998563392135,0.9999998527313156,0.9999998509440955,0.9999998542745304,0.9999998579598206,0.9999998298449986
90.85000000000001,0.9999998529859396,0.9999998593834297,0.9999998558705446,0.9999998540820262,0.9999998573063922,0.9999998610039292,0.9999998332869179
90.9,0.9999998560375568,0.9999998622788446,0.9999998588640807,0.9999998570249264,0.9999998604945253,0.9999998638994287,0.9999998363398965
90.95,0.999999858727848,0.9999998644481889,0.9999998611123764,0.9999998589889332,0.9999998623845249,0.9999998657334774,0.9999998388424647
91.0,0.9999998614730996,0.9999998673034709,0.9999998637390979,0.9999998618186939,0.9999998649209055,0.999999868537043,0.9999998420750342
91.05000000000001,0.9999998639925152,0.9999998693738384,0.9999998667898536,0.9999998647315598,0.9999998677809994,0.9999998708225526,0.9999998454021242
91.10000000000001,0.9999998670329531,0.9999998722576233,0.9999998690022432,0.9999998676823193,0.9999998706184954,0.9999998737170288,0.9999998486646697
91.15,0.9999998700096439,0.9999998749777753,0.9999998719588153,0.9999998698406779,0.9999998730118557,0.9999998764483845,0.9999998516339813
91.2,0.9999998725612098,0.9999998771404145,0.9999998745903285,0.9999998716985874,0.999999874834928,0.9999998783206879,0.9999998537736261
91.25,0.9999998753015481,0.9999998797086443,0.9999998771006983,0.9999998747618948,0.9999998778093904,0.9999998810123549,0.9999998571706354
91.30000000000001,0.9999998774261892,0.9999998820379871,0.9999998787650589,0.9999998774927009,0.999999880270981,0.9999998834436841,0.9999998600956288
91.35000000000001,0.9999998791620788,0.9999998845957038,0.9999998812955324,0.9999998796591608,0.9999998825644897,0.9999998859966862,0.9999998628888158
91.4,0.9999998818793994,0.9999998865966974,0.9999998841232682,0.9999998818615546,0.9999998847291958,0.9999998877875563,0.9999998648846962
91.45,0.9999998841004691,0.999999889041004,0.9999998864647703,0.9999998847453571,0.9999998875362022,0.9999998902108023,0.9999998680867516
91.5,0.999999887101169,0.9999998911213939,0.9999998883927088,0.9999998868417825,0.9999998896949485,0.9999998922920826,0.9999998710210719
91.55000000000001,0.9999998890296146,0.999999893117191,0.9999998905024323,0.9999998883740849,0.9999998908175218,0.999999893926717,0.9999998725938828
91.60000000000001,0.999999890798132,0.9999998953029934,0.9999998929911899,0.9999998911363138,0.9999998937670196,0.9999998968473593,0.999999875372698
91.65,0.9999998933927814,0.9999998973588383,0.9999998949190754,0.9999998937219937,0.9999998966472732,0.9999998986110356,0.9999998786151865
91.7,0.9999998958552767,0.9999998990954176,0.9999998972879411,0.9999998948646175,0.9999998974370627,0.999999900274182,0.9999998799600143
91.75,0.9999998978112996,0.999999901795774,0.9999998993323854,0.9999998976413089,0.9999998998527124,0.9999999029851299,0.9999998826608187
91.80000000000001,0.9999998992613486,0.9999999035318115,0.9999999008681362,0.9999998995694475,0.9999999023054381,0.9999999044228762,0.9999998857419679
91.85000000000001,0.9999999015238845,0.9999999053278782,0.9999999034547962,0.9999999012178982,0.9999999036631719,0.9999999065784143,0.9999998871874335
91.9,0.9999999038401777,0.9999999071034786,0.9999999045794576,0.999999903511621,0.9999999059185971,0.999999908160358,0.9999998898719908
91.95,0.9999999048578759,0.9999999086963696,0.9999999070180283,0.999999905150096,0.999999907536663,0.9999999097158545,0.9999998913166801
92.0,0.9999999075027413,0.9999999111121378,0.9999999089593474,0.9999999071899156,0.9999999094905896,0.9999999123570567,0.9999998937273995
92.05000000000001,0.9999999095278301,0.9999999127423949,0.999999910385504,0.9999999091750144,0.9999999114227962,0.9999999138484362,0.9999998962561998
92.10000000000001,0.9999999109296126,0.9999999145749141,0.9999999124058009,0.9999999112772403,0.9999999132006285,0.9999999156207736,0.9999998980627092
92.15,0.9999999127129505,0.9999999164565776,0.9999999135559604,0.999999912603132,0.9999999147159585,0.9999999171713869,0.9999999004016544
92.2,0.9999999140859965,0.9999999177534747,0.9999999160606239,0.9999999144971418,0.999999916335516,0.9999999187953182,0.9999999018618266
92.25,0.9999999161963069,0.9999999195159623,0.9999999170027232,0.9999999163388306,0.9999999186421656,0.9999999202667164,0.9999999042659061
92.30000000000001,0.999999918111234,0.999999921201088,0.999999919595955,0.9999999178369633,0.9999999198141695,0.999999922099645,0.9999999058663414
92.35000000000001,0.9999999193280588,0.9999999227939467,0.9999999202794367,0.9999999196580666,0.9999999216863287,0.999999923310916,0.9999999080348972
92.4,0.9999999212922032,0.999999924279717,0.9999999227488823,0.9999999209434188,0.9999999228546952,0.9999999252193746,0.9999999096439534
92.45,0.9999999224658521,0.9999999254758404,0.9999999234221885,0.9999999226225593,0.9999999245823273,0.999999926355021,0.999999911782287
92.5,0.9999999244289152,0.9999999273243241,0.9999999258855939,0.9999999240827059,0.9999999258963163,0.9999999282637666,0.9999999129803916
92.55000000000001,0.9999999253225553,0.9999999287240691,0.9999999267505394,0.9999999259972906,0.9999999278771703,0.9999999296306665,0.999999914988094
92.60000000000001,0.999999927442251,0.9999999303108796,0.9999999289783511,0.9999999271643856,0.9999999289403876,0.9999999310128239,0.9999999164441791
92.65,0.999999928229535,0.9999999307858638,0.9999999295125575,0.9999999281390138,0.9999999299463325,0.9999999316911631,0.9999999174293841
92.7,0.9999999301207876,0.9999999332913939,0.9999999310164045,0.9999999298814763,0.9999999313950207,0.9999999336441527,0.999999920164954
92.75,0.9999999313533809,0.9999999338139869,0.9999999326311118,0.999999931215859,0.9999999329713434,0.9999999346970383,0.9999999211522405
92.80000000000001,0.9999999325000046,0.9999999354905693,0.9999999340503121,0.9999999328710962,0.9999999343267751,0.9999999360566425,0.9999999234688339
92.85000000000001,0.9999999343954449,0.9999999367684592,0.9999999356035045,0.9999999342372989,0.9999999358715596,0.9999999376476778,0.9999999240440146
92.9,0.9999999355664749,0.9999999384922312,0.9999999363002449,0.9999999358602158,0.9999999372097674,0.9999999390835184,0.999999926595762
92.95,0.9999999369588155,0.9999999394467334,0.9999999382683608,0.9999999365934006,0.999999938434781,0.9999999400285545,0.9999999277248035
93.0,0.9999999385707654,0.9999999404706875,0.9999999391870679,0.9999999378665342,0.9999999394535266,0.9999999413186323,0.9999999290653875
93.05000000000001,0.9999999387785794,0.9999999415793013,0.9999999403291018,0.9999999395834948,0.9999999408441589,0.9999999421588135,0.9999999307031172
93.10000000000001,0.9999999407080694,0.9999999430447212,0.9999999421002332,0.9999999404930419,0.9999999422386698,0.9999999438400182,0.9999999318035606
93.15,0.9999999417635568,0.9999999437986682,0.999999942498011,0.9999999416854004,0.999999942936444,0.9999999444081767,0.9999999328628698
93.2,0.9999999426111739,0.9999999452616561,0.9999999440086387,0.9999999429555579,0.9999999446454492,0.9999999462039568,0.9999999345179028
93.25,0.9999999448457276,0.9999999468166741,0.9999999454032509,0.9999999443202592,0.9999999455150312,0.9999999473817816,0.9999999362852089
93.30000000000001,0.9999999450073201,0.9999999476347712,0.9999999457412098,0.9999999456656834,0.9999999467729102,0.9999999482448776,0.9999999374180413
93.35000000000001,0.9999999457740328,0.999999948665456,0.9999999474257464,0.9999999462366309,0.9999999478797208,0.9999999494622345,0.9999999385575931
93.4,0.9999999479385429,0.9999999498610055,0.9999999485185227,0.9999999479150954,0.9999999489926785,0.999999950439756,0.9999999400543348
93.45,0.9999999484390549,0.99999995087915,0.9999999491720023,0.999999949006271,0.9999999503172189,0.9999999514901787,0.9999999409390217
93.5,0.9999999497471905,0.999999951937931,0.9999999505650334,0.9999999496085752,0.9999999509058596,0.9999999525005621,0.9999999423071636
93.55000000000001,0.9999999507220905,0.9999999525813918,0.9999999513094711,0.9999999503977847,0.9999999516742659,0.999999953160154,0.9999999433899772
93.60000000000001,0.9999999515235902,0.9999999531311848,0.9999999522617893,0.9999999513043604,0.9999999525690901,0.9999999538053734,0.9999999439028776
93.65,0.9999999526725105,0.999999954984031,0.9999999535878124,0.9999999526865466,0.9999999538752037,0.9999999554038793,0.9999999456497848
93.7,0.9999999537153976,0.9999999556231366,0.9999999544118294,0.999999953467321,0.9999999547037608,0.9999999558404649,0.999999946854599
93.75,0.9999999545478673,0.9999999561278917,0.9999999552786659,0.999999954422196,0.9999999555853822,0.9999999567960792,0.999999947643467
93.80000000000001,0.9999999558056892,0.9999999575406266,0.9999999559310241,0.9999999557792858,0.9999999569157294,0.9999999580235864,0.999999949092566
93.85000000000001,0.9999999562782094,0.9999999582875261,0.999999957391442,0.9999999564764058,0.9999999576168974,0.9999999588661843,0.9999999504525219
93.9,0.9999999573023591,0.9999999588807033,0.9999999580404825,0.9999999568461113,0.9999999582644488,0.9999999591825111,0.9999999506876034
93.95,0.999999958608581,0.9999999596869138,0.9999999590102445,0.9999999579517498,0.9999999589713575,0.9999999599748275,0.9999999516024709
94.0,0.9999999589934279,0.9999999606530339,0.9999999598711498,0.9999999593519374,0.9999999603931808,0.9999999610861456,0.9999999528846829
94.05000000000001,0.9999999595262975,0.9999999615466005,0.99999996063953,0.9999999599141186,0.9999999609299561,0.9999999621882993,0.9999999542750383
94.10000000000001,0.9999999604539483,0.99999996224587,0.9999999612717614,0.9999999603110741,0.9999999613882876,0.9999999623137031,0.9999999544439468
94.15,0.9999999620042808,0.9999999627694334,0.9999999621495317,0.9999999610910371,0.9999999620159341,0.9999999632652847,0.9999999553800831
94.2,0.9999999623155229,0.9999999642808366,0.9999999631657069,0.9999999626463965,0.9999999636199949,0.9999999647400728,0.9999999571869451
94.25,0.9999999626655848,0.9999999647925766,0.9999999637512798,0.9999999632873617,0.9999999639741193,0.9999999652324959,0.9999999576106803
94.30000000000001,0.9999999634018018,0.9999999654804771,0.9999999644969704,0.9999999634503614,0.9999999644177245,0.9999999654025444,0.9999999583921245
94.35000000000001,0.9999999650900736,0.99999996581363,0.9999999652269057,0.9999999646027175,0.9999999654749152,0.9999999663230605,0.999999958438595
94.4,0.9999999653983632,0.9999999670446174,0.9999999654585487,0.9999999658311733,0.9999999667172589,0.9999999675182545,0.9999999609837809
94.45,0.9999999657094605,0.9999999678358573,0.9999999667951553,0.9999999663283861,0.9999999669458536,0.9999999682766041,0.9999999610633584
94.5,0.999999966107584,0.9999999681347382,0.9999999674499445,0.9999999665483735,0.9999999674483417,0.9999999684453664,0.9999999621469733
94.55000000000001,0.9999999675626033,0.999999968560174,0.999999967926262,0.9999999670252361,0.9999999681388465,0.999999968474445,0.9999999621938946
94.60000000000001,0.9999999683488016,0.9999999691316334,0.9999999684407587,0.9999999680229971,0.999999968780136,0.999999969574782,0.9999999623246469
94.65,0.999999968551829,0.9999999703381056,0.9999999686129566,0.9999999693515536,0.9999999699084832,0.9999999706400078,0.9999999647536444
94.7,0.9999999691861641,0.9999999709671888,0.9999999703515312,0.9999999695957793,0.9999999704291305,0.9999999714070194,0.9999999648234681
94.75,0.9999999700729291,0.9999999712086762,0.9999999707464373,0.9999999696999045,0.999999970492505,0.9999999715018099,0.999999965504876
94.80000000000001,0.9999999705707643,0.99999997124205,0.9999999710791894,0.9999999701781634,0.9999999711832965,0.9999999715185732,0.9999999659500417
94.85000000000001,0.9999999716669018,0.9999999725745764,0.9999999717239211,0.9999999715400235,0.9999999719955617,0.9999999728731709,0.9999999666269088
94.9,0.999999971691116,0.9999999733815556,0.9999999717514975,0.9999999723437033,0.9999999728057802,0.9999999736844032,0.9999999680757654
94.95,0.9999999721460565,0.9999999739649331,0.9999999733908995,0.9999999726316332,0.9999999734045606,0.9999999744047439,0.9999999685750205
95.0,0.999999973199125,0.9999999742522065,0.9999999737277291,0.9999999732594398,0.9999999739654641,0.9999999745586973,0.9999999689830968
95.05000000000001,0.9999999732692315,0.9999999743089969,0.999999974175805,0.9999999733299796,0.9999999742688312,0.9999999746166173,0.9999999693395858
95.10000000000001,0.9999999740099541,0.9999999751600449,0.9999999742273846,0.9999999737715036,0.9999999744764586,0.9999999750676286,0.9999999698313624
95.15,0.9999999748203681,0.9999999756331666,0.9999999748775827,0.9999999746793107,0.9999999750399203,0.9999999759315497,0.9999999703824554
95.2,0.999999975121909,0.9999999764258757,0.9999999751822903,0.999999975630052,0.999999976288452,0.9999999767285996,0.9999999718319891
95.25,0.9999999761785765,0.9999999772366959,0.9999999766772485,0.9999999757709204,0.9999999764487235,0.9999999775069724,0.999999972546307
95.30000000000001,0.9999999762844053,0.999999977249951,0.9999999769579714,0.999999976391192,0.9999999770096274,0.9999999775564253,0.9999999727384484
95.35000000000001,0.9999999764279405,0.9999999777323264,0.9999999773287326,0.9999999768618251,0.9999999774543522,0.9999999778691537,0.9999999728034317
95.4,0.9999999767280385,0.9999999778491522,0.9999999773701367,0.9999999768817598,0.9999999775072754,0.9999999781179274,0.9999999735911383
95.45,0.9999999775406896,0.9999999783860736,0.9999999776052468,0.9999999771154696,0.9999999777189903,0.9999999783182532,0.9999999741386033
95.5,0.9999999782094725,0.9999999787645903,0.9999999783545818,0.9999999779102587,0.9999999784735343,0.9999999790629568,0.9999999741386033
95.55000000000001,0.9999999790773918,0.999999979799171,0.9999999793405527,0.9999999788488916,0.9999999794120911,0.9999999799178397,0.9999999755245829
95.60000000000001,0.9999999794124854,0.999999980281122,0.9999999799111573,0.9999999794417587,0.9999999799949078,0.9999999805647479,0.9999999763190044
95.65,0.9999999794359942,0.9999999807283932,0.9999999801095779,0.9999999799768413,0.9999999802539565,0.9999999808642421,0.9999999765497967
95.7,0.9999999797465817,0.9999999807794484,0.9999999804134183,0.9999999799927805,0.9999999804982362,0.9999999811464798,0.9999999765597751
95.75,0.9999999800509225,0.9999999810185298,0.9999999806379457,0.9999999801770145,0.9999999807312484,0.9999999813456326,0.9999999771813897
95.80000000000001,0.9999999801138116,0.9999999810652045,0.9999999807283724,0.9999999802257252,0.9999999807348857,0.9999999813613054,0.9999999778939345
95.85000000000001,0.9999999813339999,0.9999999817102516,0.9999999816250947,0.9999999807432227,0.9999999814966527,0.9999999818577958,0.9999999780868009
95.9,0.9999999821625158,0.9999999820372792,0.9999999816409302,0.9999999814828342,0.9999999819509857,0.9999999821840316,0.9999999781287041
95.95,0.9999999823637721,0.9999999834632594,0.9999999824798398,0.9999999826405713,0.9999999831086469,0.9999999837425521,0.9999999793529469
96.0,0.9999999825527905,0.9999999837625608,0.999999983053353,0.9999999830190904,0.9999999832878688,0.999999983875397,0.999999980282715
96.05000000000001,0.9999999826305583,0.9999999837727852,0.9999999833042618,0.9999999830704461,0.9999999832991229,0.9999999839092284,0.9999999803136683
96.10000000000001,0.9999999829094414,0.9999999838459422,0.9999999835616137,0.9999999831520024,0.9999999835911096,0.9999999841467797,0.9999999803810794
96.15,0.9999999831354129,0.9999999840153928,0.9999999837224359,0.9999999833079704,0.999999983774615,0.9999999843424727,0.9999999809367407
96.2,0.9999999835438147,0.9999999840763307,0.9999999841308378,0.9999999833650126,0.9999999840669168,0.9999999844042069,0.9999999809375686
96.25,0.9999999843360998,0.9999999843619367,0.999999984358165,0.9999999834444888,0.9999999841500302,0.9999999845370037,0.9999999818416299
96.30000000000001,0.9999999849245257,0.9999999847865726,0.9999999843871966,0.9999999839532804,0.9999999845968606,0.9999999845641249,0.9999999818787684
96.35000000000001,0.9999999853018031,0.9999999852808357,0.9999999847791997,0.999999984822284,0.9999999851890264,0.9999999854865016,0.9999999819339892
96.4,0.9999999853070551,0.9999999863082469,0.9999999847813552,0.9999999859948729,0.999999986134064,0.9999999862832645,0.9999999831050568
96.45,0.9999999856910599,0.9999999868036511,0.9999999861899278,0.9999999861543256,0.999999986283534,0.9999999869166887,0.9999999831746846
96.5,0.9999999857145103,0.999999986816998,0.9999999863882721,0.9999999862089438,0.9999999863424166,0.9999999869525624,0.9999999840606946
96.55000000000001,0.9999999857912005,0.9999999868180516,0.9999999866919931,0.9999999862248831,0.9999999865863779,0.9999999869544485,0.9999999840712737
96.60000000000001,0.9999999862747001,0.9999999870597849,0.9999999868617235,0.9999999864472575,0.99999998681872,0.9999999873866693,0.9999999846928882
96.65,0.9999999862888789,0.9999999870741793,0.9999999868759022,0.9999999864472575,0.9999999868187781,0.9999999874010437,0.9999999846928882
96.7,0.9999999866290947,0.9999999871611907,0.9999999872955941,0.9999999865754441,0.9999999871897595,0.9999999874880552,0.99999998469292
96.75,0.999999987489323,0.9999999874350134,0.9999999874891273,0.9999999870087325,0.9999999876230478,0.9999999876062263,0.9999999849216065
96.80000000000001,0.999999987497648,0.9999999874910954,0.9999999874974523,0.9999999870722649,0.9999999876790449,0.9999999876622272,0.9999999856880218
96.85000000000001,0.999999987497648,0.9999999879023135,0.9999999875249899,0.9999999874524812,0.999999987827644,0.9999999878718655,0.9999999856893204
96.9,0.9999999884337316,0.9999999882676779,0.999999987903865,0.9999999878917789,0.9999999882185671,0.9999999882355588,0.9999999856895359
96.95,0.9999999884463423,0.9999999885602011,0.9999999879197006,0.9999999881955273,0.9999999882396119,0.9999999885359687,0.9999999856955992
97.0,0.9999999886449052,0.9999999897859471,0.9999999888035433,0.9999999892441869,0.9999999892531832,0.9999999898989977,0.9999999868788515
97.05000000000001,0.9999999887848932,0.9999999898510973,0.9999999893079121,0.9999999893199258,0.9999999893763903,0.9999999899637018,0.9999999870831947
97.10000000000001,0.9999999889100748,0.9999999898613215,0.9999999895828362,0.9999999893499627,0.9999999893959262,0.9999999899985866,0.9999999871148945
97.15,0.9999999891880157,0.9999999899392424,0.9999999898401881,0.9999999893841051,0.9999999896793774,0.9999999902399594,0.9999999878973618
97.2,0.9999999894139872,0.9999999901040011,0.9999999900010106,0.9999999895865448,0.9999999898628827,0.9999999904308692,0.9999999884482392
97.25,0.9999999897196712,0.999999990118571,0.9999999903066946,0.9999999895865448,0.9999999901543881,0.9999999904452435,0.9999999884482392
97.30000000000001,0.9999999905334278,0.99999999042069,0.9999999905332322,0.999999989666021,0.9999999902338644,0.9999999905780403,0.9999999886633466
97.35000000000001,0.9999999905821384,0.9999999904329333,0.9999999905819428,0.99999999014802,0.999999990667211,0.9999999906038629,0.9999999886769574
97.4,0.9999999905821384,0.9999999906331158,0.9999999905819428,0.9999999903481824,0.9999999908673736,0.9999999908674038,0.9999999887329547
97.45,0.9999999906286103,0.9999999908670718,0.9999999906286103,0.9999999905821384,0.9999999908675692,0.9999999908674038,0.9999999887331503
97.5,0.9999999906286103,0.9999999908670718,0.9999999906286103,0.9999999905821384,0.9999999908675692,0.9999999908674954,0.9999999890246557
97.55000000000001,0.9999999906369353,0.9999999909143332,0.9999999906369353,0.9999999905904701,0.9999999908683656,0.9999999909147634,0.999999989444365
97.60000000000001,0.9999999906369353,0.9999999909466335,0.9999999906644728,0.9999999906369419,0.9999999908720028,0.9999999909147634,0.999999989444365
97.65,0.9999999912031002,0.9999999913118027,0.9999999906806342,0.9999999906659732,0.9999999909002122,0.9999999909172095,0.9999999894456834
97.7,0.9999999915803778,0.9999999916033997,0.9999999910589878,0.9999999913348143,0.9999999912837747,0.9999999915749017,0.9999999894456834
97.75,0.9999999916367793,0.9999999928303388,0.9999999919001357,0.9999999923221576,0.9999999922223315,0.9999999927913735,0.999999990616587
97.80000000000001,0.9999999919231626,0.9999999928925807,0.99999999242203,0.9999999924330258,0.9999999923718015,0.9999999930049934,0.9999999906935841
97.85000000000001,0.9999999919466712,0.9999999929057333,0.9999999926204506,0.999999992487518,0.9999999924307458,0.9999999930409434,0.9999999908609785
97.9,0.9999999922572591,0.999999992910225,0.9999999929240955,0.9999999925034575,0.9999999926748299,0.9999999932767092,0.9999999908707613
97.95,0.9999999925532747,0.999999993148321,0.9999999931402976,0.9999999926793601,0.9999999929070458,0.9999999934750654,0.9999999914923757
98.0,0.9999999925674533,0.9999999931626955,0.9999999931544764,0.9999999926793601,0.9999999929070458,0.9999999934894399,0.9999999922043865
98.05000000000001,0.9999999928589587,0.9999999934425536,0.9999999936725192,0.999999992805308,0.9999999932780271,0.9999999936222369,0.9999999923972329
98.10000000000001,0.999999993672715,0.9999999934770579,0.9999999936725192,0.9999999932385963,0.9999999937113155,0.9999999936480594,0.9999999924330729
98.15,0.999999993672715,0.9999999936772206,0.9999999936725192,0.9999999934387591,0.9999999939114783,0.999999993848222,0.9999999924882739
98.2,0.9999999937214255,0.9999999939111766,0.9999999937212297,0.9999999937214255,0.9999999939114783,0.9999999939116038,0.9999999924883055
98.25,0.9999999937214255,0.9999999939112681,0.9999999937214255,0.9999999937214255,0.999999993911674,0.9999999939116038,0.9999999924885012
98.30000000000001,0.9999999937214255,0.9999999939114635,0.9999999937214255,0.9999999937214255,0.999999993911674,0.9999999939116038,0.9999999924885012
98.35000000000001,0.9999999937214255,0.9999999939114635,0.9999999937214255,0.9999999937214255,0.999999993911674,0.9999999939116038,0.9999999924885012
98.4,0.9999999937214255,0.9999999939114635,0.9999999937214255,0.9999999937214255,0.9999999939117321,0.9999999939116038,0.9999999924885012
98.45,0.9999999937214255,0.9999999939114834,0.9999999937214255,0.9999999937214255,0.9999999939117321,0.9999999939116038,0.9999999924885012
98.5,0.9999999937678974,0.9999999939114834,0.9999999937678974,0.9999999937214255,0.9999999939117321,0.9999999939116038,0.9999999924885012
98.55000000000001,0.9999999937678974,0.9999999939114834,0.9999999937678974,0.9999999937214255,0.9999999939117321,0.9999999939116953,0.9999999927800067
98.60000000000001,0.9999999937678974,0.9999999939114834,0.9999999937678974,0.9999999937214255,0.9999999939117321,0.9999999939116953,0.999999993199716
98.65,0.9999999937678974,0.9999999939114834,0.9999999937678974,0.9999999937678974,0.9999999939117321,0.9999999939116953,0.999999993199716
98.7,0.9999999937762223,0.9999999939587448,0.9999999937762223,0.999999993776229,0.9999999939125284,0.9999999939589634,0.999999993199716
98.75,0.9999999937762223,0.9999999939910451,0.9999999938037596,0.999999993776229,0.9999999939161657,0.9999999939589634,0.9999999932005441
98.80000000000001,0.9999999943910978,0.9999999943562143,0.9999999938686317,0.999999993853971,0.9999999939443752,0.9999999943239555,0.9999999932018626
98.85000000000001,0.9999999947683753,0.9999999946477198,0.9999999942469854,0.9999999945228122,0.999999994327938,0.999999994619098,0.9999999932018626
98.9,0.9999999947760981,0.9999999958744634,0.9999999950394227,0.999999995461445,0.9999999952664949,0.99999999583557,0.9999999943751535
98.95,0.9999999950624495,0.9999999959367052,0.9999999955613169,0.9999999955723131,0.99999999546175,0.9999999960491898,0.9999999944497313
99.0,0.999999995085958,0.9999999959499296,0.9999999957597375,0.9999999956268053,0.9999999954748509,0.9999999960851432,0.999999994617126
99.05000000000001,0.999999995416481,0.9999999959743562,0.9999999960686533,0.9999999956626793,0.9999999957676451,0.9999999963234841,0.9999999946928617
99.10000000000001,0.9999999956460898,0.9999999961927128,0.9999999962331128,0.9999999958186472,0.9999999959511503,0.9999999965191738,0.9999999952485229
99.15,0.9999999956602685,0.9999999962070872,0.9999999962472914,0.9999999958186472,0.9999999959512085,0.9999999965335482,0.9999999952485229
99.2,0.999999995951774,0.9999999964869652,0.9999999967653348,0.9999999958981234,0.9999999963221903,0.999999996666345,0.9999999954413696
99.25,0.9999999967655304,0.9999999965214695,0.9999999967653348,0.9999999963314118,0.9999999967554785,0.9999999966921675,0.9999999954772095
99.30000000000001,0.9999999968120022,0.9999999967216324,0.9999999968118065,0.9999999965315745,0.9999999969556412,0.9999999969557999,0.9999999955324105
99.35000000000001,0.9999999968120022,0.9999999969555882,0.9999999968118065,0.9999999967655304,0.9999999969556412,0.9999999969557999,0.9999999962436249
99.4,0.9999999968120022,0.9999999969555882,0.9999999968120022,0.9999999968120022,0.999999996955837,0.9999999969557999,0.9999999962438206
99.45,0.9999999968120022,0.9999999969555882,0.9999999968120022,0.9999999968120022,0.999999996955837,0.9999999969557999,0.9999999962438206
99.5,0.9999999968120022,0.9999999969555882,0.9999999968120022,0.9999999968120022,0.999999996955837,0.9999999969557999,0.9999999962438206
99.55000000000001,0.9999999968607127,0.9999999969555882,0.9999999968607127,0.9999999968607127,0.999999996955837,0.9999999969557999,0.9999999962438524
99.60000000000001,0.9999999968607127,0.9999999969555882,0.9999999968607127,0.9999999968607127,0.999999996955837,0.9999999969557999,0.9999999962438524
99.65,0.9999999968607127,0.9999999969555882,0.9999999968607127,0.9999999968607127,0.999999996955837,0.9999999969557999,0.9999999962438524
99.7,0.9999999968607127,0.9999999969555882,0.9999999968607127,0.9999999968607127,0.999999996955837,0.9999999969557999,0.9999999962438524
99.75,0.9999999968607127,0.9999999969555882,0.9999999968607127,0.9999999968607127,0.999999996955837,0.9999999969557999,0.9999999962438524
99.80000000000001,0.9999999968607127,0.9999999969555882,0.9999999968607127,0.9999999968607127,0.999999996955837,0.9999999969557999,0.9999999962438524
99.85000000000001,0.9999999968607127,0.9999999969555882,0.9999999968607127,0.9999999968607127,0.999999996955837,0.9999999969557999,0.9999999962438524
99.9,0.9999999968607127,0.9999999969555882,0.9999999968607127,0.9999999968607127,0.999999996955837,0.9999999969557999,0.9999999962446486
99.95,0.9999999968607127,0.9999999969555882,0.9999999968607127,0.9999999968607127,0.999999996955837,0.9999999969557999,0.9999999962446486
100.0,0.9999999968607127,0.9999999969555882,0.9999999968607127,0.9999999968607127,0.999999996955837,0.9999999969557999,0.9999999962446486
100.05000000000001,0.9999999968607127,0.9999999969555882,0.9999999968607127,0.9999999968607127,0.999999996955837,0.9999999969557999,0.9999999962446486
100.10000000000001,0.9999999968607127,0.9999999969555882,0.9999999968607127,0.9999999968607127,0.999999996955837,0.9999999969557999,0.9999999962446486
100.15,0.9999999968607127,0.9999999969556798,0.9999999968607127,0.9999999968607127,0.999999996955837,0.9999999969558034,0.9999999962446486
100.2,0.9999999968607127,0.9999999969556798,0.9999999968607127,0.9999999968607127,0.999999996955837,0.9999999969558034,0.9999999962446486
100.25,0.9999999968607127,0.9999999969558752,0.9999999968607127,0.9999999968607127,0.999999996955837,0.9999999969558034,0.9999999962446486
100.30000000000001,0.9999999968607127,0.9999999969558752,0.9999999968607127,0.9999999968607127,0.999999996955895,0.9999999969558034,0.9999999962446486
100.35000000000001,0.9999999968607127,0.999999996955895,0.9999999968607127,0.9999999968607127,0.999999996955895,0.9999999969558034,0.9999999962446486
100.4,0.9999999968607127,0.999999996955895,0.9999999968607127,0.9999999968607127,0.999999996955895,0.9999999969558034,0.9999999962446486
100.45,0.9999999969071847,0.999999996955895,0.9999999969071847,0.9999999968607127,0.999999996955895,0.999999996955895,0.9999999965361541
100.5,0.9999999969071847,0.999999996955895,0.9999999969071847,0.9999999968607127,0.999999996955895,0.999999996955895,0.9999999969558633
100.55000000000001,0.9999999969071847,0.999999996955895,0.9999999969071847,0.9999999969071847,0.999999996955895,0.999999996955895,0.9999999969558633
100.60000000000001,0.9999999969071847,0.999999996955895,0.9999999969071847,0.9999999969071847,0.999999996955895,0.999999996955895,0.9999999969558633
100.65,0.9999999969071847,0.999999996955895,0.9999999969071847,0.9999999969071847,0.999999996955895,0.999999996955895,0.9999999969558633
100.7,0.999999996955895,0.999999996955895,0.999999996955895,0.999999996955895,0.999999996955895,0.999999996955895,0.999999996955895
100.75,0.999999996955895,0.999999996955895,0.999999996955895,0.999999996955895,0.999999996955895,0.999999996955895,0.999999996955895
100.80000000000001,0.999999996955895,0.999999996955895,0.999999996955895,0.999999996955895,0.999999996955895,0.999999996955895,0.999999996955895
100.85000000000001,0.999999996955895,0.999999996955895,0.999999996955895,0.999999996955895,0.999999996955895,0.999999996955895,0.999999996955895
100.9,0.999999996955895,0.999999996955895,0.999999996955895,0.999999996955895,0.999999996955895,0.999999996955895,0.999999996955895
100.95,0.999999996955895,0.999999996955895,0.999999996955895,0.999999996955895,0.999999996955895,0.999999996955895,0.999999996955895
101.0,0.999999996955895,0.999999996955895,0.999999996955895,0.999999996955895,0.999999996955895,0.999999996955895,0.999999996955895
101.05000000000001,0.999999996955895,0.999999996955895,0.999999996955895,0.999999996955895,0.999999996955895,0.999999996955895,0.999999996955895
101.10000000000001,0.99999999696422,0.9999999970031567,0.99999999696422,0.9999999969642267,0.9999999969566912,0.9999999970031631,0.999999996955895
101.15,0.99999999696422,0.9999999970354568,0.9999999969917575,0.9999999969642267,0.9999999969603286,0.9999999970031631,0.999999996955895
101.2,0.999999997530385,0.9999999974006263,0.9999999970079192,0.999999996993258,0.9999999969885383,0.999999997368155,0.9999999969572135
101.25,0.9999999979076626,0.9999999976921317,0.9999999973862728,0.9999999976620991,0.9999999973721008,0.9999999976632977,0.9999999969572135
101.30000000000001,0.9999999979153538,0.9999999989188754,0.9999999981787104,0.9999999986007324,0.9999999983106578,0.9999999988797699,0.9999999981305048
101.35000000000001,0.999999998201737,0.9999999989811172,0.9999999987006046,0.9999999987116004,0.9999999985059127,0.9999999990933897,0.9999999982050823
101.4,0.9999999982252454,0.9999999989942499,0.9999999988990252,0.9999999987660925,0.9999999985190137,0.9999999991293396,0.9999999983724769
101.45,0.999999998555768,0.9999999990186763,0.9999999992079405,0.9999999988019668,0.9999999988118081,0.9999999993651051,0.9999999984456377
101.5,0.9999999987853768,0.9999999992368375,0.9999999993724001,0.9999999989579345,0.9999999989953134,0.9999999995633703,0.9999999990038744
101.55000000000001,0.9999999987995554,0.9999999992512119,0.9999999993865789,0.9999999989579345,0.9999999989953134,0.9999999995777445,0.9999999990038744
101.60000000000001,0.9999999990910609,0.9999999995310702,0.9999999999046219,0.9999999990374107,0.9999999993662951,0.9999999997105413,0.999999999196721
101.65,0.9999999999048175,0.9999999995655746,0.9999999999046219,0.999999999470699,0.9999999997995834,0.9999999997363642,0.999999999232561
101.7,0.9999999999048175,0.9999999997657373,0.9999999999046219,0.9999999996708616,0.9999999999997461,0.9999999999999049,0.9999999992877618
101.75,0.9999999999048175,0.9999999999996931,0.9999999999046219,0.9999999999048175,0.9999999999997461,0.9999999999999049,0.9999999992877618
101.80000000000001,0.9999999999048175,0.9999999999996931,0.9999999999048175,0.9999999999048175,0.9999999999999418,0.9999999999999049,0.9999999992879575
101.85000000000001,0.9999999999048175,0.9999999999996931,0.9999999999048175,0.9999999999048175,0.9999999999999418,0.9999999999999049,0.9999999992879575
101.9,0.9999999999048175,0.9999999999996931,0.9999999999048175,0.9999999999048175,0.9999999999999418,0.9999999999999049,0.9999999992879575
101.95,0.9999999999048175,0.9999999999996931,0.9999999999048175,0.9999999999048175,0.9999999999999418,0.9999999999999049,0.9999999992879575
102.0,0.9999999999048175,0.9999999999996931,0.9999999999048175,0.9999999999048175,0.9999999999999418,0.9999999999999049,0.9999999992879575
102.05000000000001,0.9999999999048175,0.9999999999996931,0.9999999999048175,0.9999999999048175,0.9999999999999418,0.9999999999999049,0.9999999992879575
102.10000000000001,0.9999999999048175,0.9999999999996931,0.9999999999048175,0.9999999999048175,0.9999999999999418,0.9999999999999049,0.9999999992879575
102.15,0.9999999999048175,0.9999999999996931,0.9999999999048175,0.9999999999048175,0.9999999999999418,0.9999999999999049,0.9999999992879575
102.2,0.9999999999048175,0.9999999999996931,0.9999999999048175,0.9999999999048175,0.9999999999999418,0.9999999999999049,0.9999999992879575
102.25,0.9999999999048175,0.9999999999996931,0.9999999999048175,0.9999999999048175,0.9999999999999418,0.9999999999999049,0.9999999992879575
102.30000000000001,0.9999999999048175,0.9999999999996931,0.9999999999048175,0.9999999999048175,0.9999999999999418,0.9999999999999049,0.9999999992887537
102.35000000000001,0.9999999999048175,0.9999999999996931,0.9999999999048175,0.9999999999048175,0.9999999999999418,0.9999999999999049,0.9999999992887537
102.4,0.9999999999048175,0.9999999999996931,0.9999999999048175,0.9999999999048175,0.9999999999999418,0.9999999999999049,0.9999999992887537
102.45,0.9999999999048175,0.9999999999996931,0.9999999999048175,0.9999999999048175,0.9999999999999418,0.9999999999999049,0.9999999992887537
102.5,0.9999999999048175,0.9999999999996931,0.9999999999048175,0.9999999999048175,0.9999999999999418,0.9999999999999049,0.9999999992887537
102.55000000000001,0.9999999999048175,0.9999999999997846,0.9999999999048175,0.9999999999048175,0.9999999999999418,0.9999999999999084,0.9999999992887537
102.60000000000001,0.9999999999048175,0.9999999999997846,0.9999999999048175,0.9999999999048175,0.9999999999999418,0.9999999999999084,0.9999999992887537
102.65,0.9999999999048175,0.9999999999999801,0.9999999999048175,0.9999999999048175,0.9999999999999418,0.9999999999999084,0.9999999992887537
102.7,0.9999999999048175,0.9999999999999801,0.9999999999048175,0.9999999999048175,1.0,0.9999999999999084,0.9999999992887537
102.75,0.9999999999048175,1.0,0.9999999999048175,0.9999999999048175,1.0,0.9999999999999084,0.9999999992887537
102.80000000000001,0.9999999999048175,1.0,0.9999999999048175,0.9999999999048175,1.0,0.9999999999999084,0.9999999992887537
102.85000000000001,0.9999999999512895,1.0,0.9999999999512895,0.9999999999048175,1.0,1.0,0.9999999995802591
102.9,0.9999999999512895,1.0,0.9999999999512895,0.9999999999048175,1.0,1.0,0.9999999999999682
102.95,0.9999999999512895,1.0,0.9999999999512895,0.9999999999512895,1.0,1.0,0.9999999999999682
103.0,0.9999999999512895,1.0,0.9999999999512895,0.9999999999512895,1.0,1.0,0.9999999999999682
103.05000000000001,0.9999999999512895,1.0,0.9999999999512895,0.9999999999512895,1.0,1.0,0.9999999999999682
103.10000000000001,1.0,1.0,1.0,1.0,1.0,1.0,1.0
103.15,1.0,1.0,1.0,1.0,1.0,1.0,1.0
103.2,1.0,1.0,1.0,1.0,1.0,1.0,1.0
103.25,1.0,1.0,1.0,1.0,1.0,1.0,1.0
103.30000000000001,1.0,1.0,1.0,1.0,1.0,1.0,1.0
103.35000000000001,1.0,1.0,1.0,1.0,1.0,1.0,1.0
103.4,1.0,1.0,1.0,1.0,1.0,1.0,1.0
103.45,1.0,1.0,1.0,1.0,1.0,1.0,1.0
103.5,1.0,1.0,1.0,1.0,1.0,1.0,1.0
103.55000000000001,1.0,1.0,1.0,1.0,1.0,1.0,1.0
103.60000000000001,1.0,1.0,1.0,1.0,1.0,1.0,1.0
103.65,1.0,1.0,1.0,1.0,1.0,1.0,1.0
103.7,1.0,1.0,1.0,1.0,1.0,1.0,1.0
103.75,1.0,1.0,1.0,1.0,1.0,1.0,1.0
103.80000000000001,1.0,1.0,1.0,1.0,1.0,1.0,1.0
103.85000000000001,1.0,1.0,1.0,1.0,1.0,1.0,1.0
103.9,1.0,1.0,1.0,1.0,1.0,1.0,1.0
103.95,1.0,1.0,1.0,1.0,1.0,1.0,1.0
104.0,1.0,1.0,1.0,1.0,1.0,1.0,1.0
104.05000000000001,1.0,1.0,1.0,1.0,1.0,1.0,1.0
104.10000000000001,1.0,1.0,1.0,1.0,1.0,1.0,1.0
104.15,1.0,1.0,1.0,1.0,1.0,1.0,1.0
104.2,1.0,1.0,1.0,1.0,1.0,1.0,1.0
104.25,1.0,1.0,1.0,1.0,1.0,1.0,1.0
104.30000000000001,1.0,1.0,1.0,1.0,1.0,1.0,1.0
104.35000000000001,1.0,1.0,1.0,1.0,1.0,1.0,1.0
104.4,1.0,1.0,1.0,1.0,1.0,1.0,1.0
104.45,1.0,1.0,1.0,1.0,1.0,1.0,1.0
104.5,1.0,1.0,1.0,1.0,1.0,1.0,1.0
104.55000000000001,1.0,1.0,1.0,1.0,1.0,1.0,1.0
104.60000000000001,1.0,1.0,1.0,1.0,1.0,1.0,1.0
104.65,1.0,1.0,1.0,1.0,1.0,1.0,1.0
104.7,1.0,1.0,1.0,1.0,1.0,1.0,1.0
104.75,1.0,1.0,1.0,1.0,1.0,1.0,1.0
104.80000000000001,1.0,1.0,1.0,1.0,1.0,1.0,1.0
104.85000000000001,1.0,1.0,1.0,1.0,1.0,1.0,1.0
104.9,1.0,1.0,1.0,1.0,1.0,1.0,1.0
104.95,1.0,1.0,1.0,1.0,1.0,1.0,1.0
105.0,1.0,1.0,1.0,1.0,1.0,1.0,1.0
105.05000000000001,1.0,1.0,1.0,1.0,1.0,1.0,1.0
105.10000000000001,1.0,1.0,1.0,1.0,1.0,1.0,1.0
105.15,1.0,1.0,1.0,1.0,1.0,1.0,1.0
105.2,1.0,1.0,1.0,1.0,1.0,1.0,1.0
105.25,1.0,1.0,1.0,1.0,1.0,1.0,1.0
105.30000000000001,1.0,1.0,1.0,1.0,1.0,1.0,1.0
105.35000000000001,1.0,1.0,1.0,1.0,1.0,1.0,1.0
105.4,1.0,1.0,1.0,1.0,1.0,1.0,1.0
105.45,1.0,1.0,1.0,1.0,1.0,1.0,1.0
105.5,1.0,1.0,1.0,1.0,1.0,1.0,1.0
105.55000000000001,1.0,1.0,1.0,1.0,1.0,1.0,1.0
105.60000000000001,1.0,1.0,1.0,1.0,1.0,1.0,1.0
105.65,1.0,1.0,1.0,1.0,1.0,1.0,1.0
105.7,1.0,1.0,1.0,1.0,1.0,1.0,1.0
105.75,1.0,1.0,1.0,1.0,1.0,1.0,1.0
105.80000000000001,1.0,1.0,1.0,1.0,1.0,1.0,1.0
105.85000000000001,1.0,1.0,1.0,1.0,1.0,1.0,1.0
105.9,1.0,1.0,1.0,1.0,1.0,1.0,1.0
105.95,1.0,1.0,1.0,1.0,1.0,1.0,1.0
106.0,1.0,1.0,1.0,1.0,1.0,1.0,1.0
106.05000000000001,1.0,1.0,1.0,1.0,1.0,1.0,1.0
106.10000000000001,1.0,1.0,1.0,1.0,1.0,1.0,1.0
106.15,1.0,1.0,1.0,1.0,1.0,1.0,1.0
106.2,1.0,1.0,1.0,1.0,1.0,1.0,1.0
106.25,1.0,1.0,1.0,1.0,1.0,1.0,1.0
106.30000000000001,1.0,1.0,1.0,1.0,1.0,1.0,1.0
106.35000000000001,1.0,1.0,1.0,1.0,1.0,1.0,1.0
106.4,1.0,1.0,1.0,1.0,1.0,1.0,1.0
106.45,1.0,1.0,1.0,1.0,1.0,1.0,1.0
106.5,1.0,1.0,1.0,1.0,1.0,1.0,1.0
106.55000000000001,1.0,1.0,1.0,1.0,1.0,1.0,1.0
106.60000000000001,1.0,1.0,1.0,1.0,1.0,1.0,1.0
106.65,1.0,1.0,1.0,1.0,1.0,1.0,1.0
106.7,1.0,1.0,1.0,1.0,1.0,1.0,1.0
106.75,1.0,1.0,1.0,1.0,1.0,1.0,1.0
106.80000000000001,1.0,1.0,1.0,1.0,1.0,1.0,1.0
106.85000000000001,1.0,1.0,1.0,1.0,1.0,1.0,1.0
106.9,1.0,1.0,1.0,1.0,1.0,1.0,1.0
106.95,1.0,1.0,1.0,1.0,1.0,1.0,1.0
107.0,1.0,1.0,1.0,1.0,1.0,1.0,1.0
107.05000000000001,1.0,1.0,1.0,1.0,1.0,1.0,1.0
107.10000000000001,1.0,1.0,1.0,1.0,1.0,1.0,1.0
107.15,1.0,1.0,1.0,1.0,1.0,1.0,1.0
107.2,1.0,1.0,1.0,1.0,1.0,1.0,1.0
107.25,1.0,1.0,1.0,1.0,1.0,1.0,1.0
107.30000000000001,1.0,1.0,1.0,1.0,1.0,1.0,1.0
107.35000000000001,1.0,1.0,1.0,1.0,1.0,1.0,1.0
107.4,1.0,1.0,1.0,1.0,1.0,1.0,1.0
107.45,1.0,1.0,1.0,1.0,1.0,1.0,1.0
107.5,1.0,1.0,1.0,1.0,1.0,1.0,1.0
107.55000000000001,1.0,1.0,1.0,1.0,1.0,1.0,1.0
107.60000000000001,1.0,1.0,1.0,1.0,1.0,1.0,1.0
107.65,1.0,1.0,1.0,1.0,1.0,1.0,1.0
107.7,1.0,1.0,1.0,1.0,1.0,1.0,1.0
107.75,1.0,1.0,1.0,1.0,1.0,1.0,1.0
107.80000000000001,1.0,1.0,1.0,1.0,1.0,1.0,1.0
107.85000000000001,1.0,1.0,1.0,1.0,1.0,1.0,1.0
107.9,1.0,1.0,1.0,1.0,1.0,1.0,1.0
107.95,1.0,1.0,1.0,1.0,1.0,1.0,1.0
108.0,1.0,1.0,1.0,1.0,1.0,1.0,1.0
108.05000000000001,1.0,1.0,1.0,1.0,1.0,1.0,1.0
108.10000000000001,1.0,1.0,1.0,1.0,1.0,1.0,1.0
108.15,1.0,1.0,1.0,1.0,1.0,1.0,1.0
108.2,1.0,1.0,1.0,1.0,1.0,1.0,1.0
108.25,1.0,1.0,1.0,1.0,1.0,1.0,1.0
108.30000000000001,1.0,1.0,1.0,1.0,1.0,1.0,1.0
108.35000000000001,1.0,1.0,1.0,1.0,1.0,1.0,1.0
108.4,1.0,1.0,1.0,1.0,1.0,1.0,1.0
108.45,1.0,1.0,1.0,1.0,1.0,1.0,1.0
108.5,1.0,1.0,1.0,1.0,1.0,1.0,1.0
108.55000000000001,1.0,1.0,1.0,1.0,1.0,1.0,1.0
108.60000000000001,1.0,1.0,1.0,1.0,1.0,1.0,1.0
108.65,1.0,1.0,1.0,1.0,1.0,1.0,1.0
108.7,1.0,1.0,1.0,1.0,1.0,1.0,1.0
108.75,1.0,1.0,1.0,1.0,1.0,1.0,1.0
108.80000000000001,1.0,1.0,1.0,1.0,1.0,1.0,1.0
108.85000000000001,1.0,1.0,1.0,1.0,1.0,1.0,1.0
108.9,1.0,1.0,1.0,1.0,1.0,1.0,1.0
108.95,1.0,1.0,1.0,1.0,1.0,1.0,1.0
109.0,1.0,1.0,1.0,1.0,1.0,1.0,1.0
109.05000000000001,1.0,1.0,1.0,1.0,1.0,1.0,1.0
109.10000000000001,1.0,1.0,1.0,1.0,1.0,1.0,1.0
109.15,1.0,1.0,1.0,1.0,1.0,1.0,1.0
109.2,1.0,1.0,1.0,1.0,1.0,1.0,1.0
109.25,1.0,1.0,1.0,1.0,1.0,1.0,1.0
109.30000000000001,1.0,1.0,1.0,1.0,1.0,1.0,1.0
109.35000000000001,1.0,1.0,1.0,1.0,1.0,1.0,1.0
109.4,1.0,1.0,1.0,1.0,1.0,1.0,1.0
109.45,1.0,1.0,1.0,1.0,1.0,1.0,1.0
109.5,1.0,1.0,1.0,1.0,1.0,1.0,1.0
109.55000000000001,1.0,1.0,1.0,1.0,1.0,1.0,1.0
109.60000000000001,1.0,1.0,1.0,1.0,1.0,1.0,1.0
109.65,1.0,1.0,1.0,1.0,1.0,1.0,1.0
109.7,1.0,1.0,1.0,1.0,1.0,1.0,1.0
109.75,1.0,1.0,1.0,1.0,1.0,1.0,1.0
109.80000000000001,1.0,1.0,1.0,1.0,1.0,1.0,1.0
109.85000000000001,1.0,1.0,1.0,1.0,1.0,1.0,1.0
109.9,1.0,1.0,1.0,1.0,1.0,1.0,1.0
109.95,1.0,1.0,1.0,1.0,1.0,1.0,1.0
110.0,1.0,1.0,1.0,1.0,1.0,1.0,1.0
110.05000000000001,1.0,1.0,1.0,1.0,1.0,1.0,1.0
110.10000000000001,1.0,1.0,1.0,1.0,1.0,1.0,1.0
110.15,1.0,1.0,1.0,1.0,1.0,1.0,1.0
110.2,1.0,1.0,1.0,1.0,1.0,1.0,1.0
110.25,1.0,1.0,1.0,1.0,1.0,1.0,1.0
110.30000000000001,1.0,1.0,1.0,1.0,1.0,1.0,1.0
110.35000000000001,1.0,1.0,1.0,1.0,1.0,1.0,1.0
110.4,1.0,1.0,1.0,1.0,1.0,1.0,1.0
110.45,1.0,1.0,1.0,1.0,1.0,1.0,1.0
110.5,1.0,1.0,1.0,1.0,1.0,1.0,1.0
110.55000000000001,1.0,1.0,1.0,1.0,1.0,1.0,1.0
110.60000000000001,1.0,1.0,1.0,1.0,1.0,1.0,1.0
110.65,1.0,1.0,1.0,1.0,1.0,1.0,1.0
110.7,1.0,1.0,1.0,1.0,1.0,1.0,1.0
110.75,1.0,1.0,1.0,1.0,1.0,1.0,1.0
110.80000000000001,1.0,1.0,1.0,1.0,1.0,1.0,1.0
110.85000000000001,1.0,1.0,1.0,1.0,1.0,1.0,1.0
110.9,1.0,1.0,1.0,1.0,1.0,1.0,1.0
110.95,1.0,1.0,1.0,1.0,1.0,1.0,1.0
111.0,1.0,1.0,1.0,1.0,1.0,1.0,1.0
111.05000000000001,1.0,1.0,1.0,1.0,1.0,1.0,1.0
111.10000000000001,1.0,1.0,1.0,1.0,1.0,1.0,1.0
111.15,1.0,1.0,1.0,1.0,1.0,1.0,1.0
111.2,1.0,1.0,1.0,1.0,1.0,1.0,1.0
111.25,1.0,1.0,1.0,1.0,1.0,1.0,1.0
111.30000000000001,1.0,1.0,1.0,1.0,1.0,1.0,1.0
111.35000000000001,1.0,1.0,1.0,1.0,1.0,1.0,1.0
111.4,1.0,1.0,1.0,1.0,1.0,1.0,1.0
111.45,1.0,1.0,1.0,1.0,1.0,1.0,1.0
111.5,1.0,1.0,1.0,1.0,1.0,1.0,1.0
111.55000000000001,1.0,1.0,1.0,1.0,1.0,1.0,1.0
111.60000000000001,1.0,1.0,1.0,1.0,1.0,1.0,1.0
111.65,1.0,1.0,1.0,1.0,1.0,1.0,1.0
111.7,1.0,1.0,1.0,1.0,1.0,1.0,1.0
111.75,1.0,1.0,1.0,1.0,1.0,1.0,1.0
111.80000000000001,1.0,1.0,1.0,1.0,1.0,1.0,1.0
111.85000000000001,1.0,1.0,1.0,1.0,1.0,1.0,1.0
111.9,1.0,1.0,1.0,1.0,1.0,1.0,1.0
111.95,1.0,1.0,1.0,1.0,1.0,1.0,1.0
112.0,1.0,1.0,1.0,1.0,1.0,1.0,1.0
112.05000000000001,1.0,1.0,1.0,1.0,1.0,1.0,1.0
112.10000000000001,1.0,1.0,1.0,1.0,1.0,1.0,1.0
112.15,1.0,1.0,1.0,1.0,1.0,1.0,1.0
112.2,1.0,1.0,1.0,1.0,1.0,1.0,1.0
112.25,1.0,1.0,1.0,1.0,1.0,1.0,1.0
112.30000000000001,1.0,1.0,1.0,1.0,1.0,1.0,1.0
112.35000000000001,1.0,1.0,1.0,1.0,1.0,1.0,1.0
112.4,1.0,1.0,1.0,1.0,1.0,1.0,1.0
112.45,1.0,1.0,1.0,1.0,1.0,1.0,1.0
112.5,1.0,1.0,1.0,1.0,1.0,1.0,1.0
112.55000000000001,1.0,1.0,1.0,1.0,1.0,1.0,1.0
112.60000000000001,1.0,1.0,1.0,1.0,1.0,1.0,1.0
112.65,1.0,1.0,1.0,1.0,1.0,1.0,1.0
112.7,1.0,1.0,1.0,1.0,1.0,1.0,1.0
112.75,1.0,1.0,1.0,1.0,1.0,1.0,1.0
112.80000000000001,1.0,1.0,1.0,1.0,1.0,1.0,1.0
112.85000000000001,1.0,1.0,1.0,1.0,1.0,1.0,1.0
112.9,1.0,1.0,1.0,1.0,1.0,1.0,1.0
112.95,1.0,1.0,1.0,1.0,1.0,1.0,1.0
113.0,1.0,1.0,1.0,1.0,1.0,1.0,1.0
113.05000000000001,1.0,1.0,1.0,1.0,1.0,1.0,1.0
113.10000000000001,1.0,1.0,1.0,1.0,1.0,1.0,1.0
113.15,1.0,1.0,1.0,1.0,1.0,1.0,1.0
113.2,1.0,1.0,1.0,1.0,1.0,1.0,1.0
113.25,1.0,1.0,1.0,1.0,1.0,1.0,1.0
113.30000000000001,1.0,1.0,1.0,1.0,1.0,1.0,1.0
113.35000000000001,1.0,1.0,1.0,1.0,1.0,1.0,1.0
113.4,1.0,1.0,1.0,1.0,1.0,1.0,1.0
113.45,1.0,1.0,1.0,1.0,1.0,1.0,1.0
113.5,1.0,1.0,1.0,1.0,1.0,1.0,1.0
113.55000000000001,1.0,1.0,1.0,1.0,1.0,1.0,1.0
113.60000000000001,1.0,1.0,1.0,1.0,1.0,1.0,1.0
113.65,1.0,1.0,1.0,1.0,1.0,1.0,1.0
113.7,1.0,1.0,1.0,1.0,1.0,1.0,1.0
113.75,1.0,1.0,1.0,1.0,1.0,1.0,1.0
113.80000000000001,1.0,1.0,1.0,1.0,1.0,1.0,1.0
113.85000000000001,1.0,1.0,1.0,1.0,1.0,1.0,1.0
113.9,1.0,1.0,1.0,1.0,1.0,1.0,1.0
113.95,1.0,1.0,1.0,1.0,1.0,1.0,1.0
114.0,1.0,1.0,1.0,1.0,1.0,1.0,1.0
114.05000000000001,1.0,1.0,1.0,1.0,1.0,1.0,1.0
114.10000000000001,1.0,1.0,1.0,1.0,1.0,1.0,1.0
114.15,1.0,1.0,1.0,1.0,1.0,1.0,1.0
114.2,1.0,1.0,1.0,1.0,1.0,1.0,1.0
114.25,1.0,1.0,1.0,1.0,1.0,1.0,1.0
114.30000000000001,1.0,1.0,1.0,1.0,1.0,1.0,1.0
114.35000000000001,1.0,1.0,1.0,1.0,1.0,1.0,1.0
114.4,1.0,1.0,1.0,1.0,1.0,1.0,1.0
114.45,1.0,1.0,1.0,1.0,1.0,1.0,1.0
114.5,1.0,1.0,1.0,1.0,1.0,1.0,1.0
114.55000000000001,1.0,1.0,1.0,1.0,1.0,1.0,1.0
114.60000000000001,1.0,1.0,1.0,1.0,1.0,1.0,1.0
114.65,1.0,1.0,1.0,1.0,1.0,1.0,1.0
114.7,1.0,1.0,1.0,1.0,1.0,1.0,1.0
114.75,1.0,1.0,1.0,1.0,1.0,1.0,1.0
114.80000000000001,1.0,1.0,1.0,1.0,1.0,1.0,1.0
114.85000000000001,1.0,1.0,1.0,1.0,1.0,1.0,1.0
114.9,1.0,1.0,1.0,1.0,1.0,1.0,1.0
114.95,1.0,1.0,1.0,1.0,1.0,1.0,1.0
115.0,1.0,1.0,1.0,1.0,1.0,1.0,1.0
115.05000000000001,1.0,1.0,1.0,1.0,1.0,1.0,1.0
115.10000000000001,1.0,1.0,1.0,1.0,1.0,1.0,1.0
115.15,1.0,1.0,1.0,1.0,1.0,1.0,1.0
115.2,1.0,1.0,1.0,1.0,1.0,1.0,1.0
115.25,1.0,1.0,1.0,1.0,1.0,1.0,1.0
115.30000000000001,1.0,1.0,1.0,1.0,1.0,1.0,1.0
115.35000000000001,1.0,1.0,1.0,1.0,1.0,1.0,1.0
115.4,1.0,1.0,1.0,1.0,1.0,1.0,1.0
115.45,1.0,1.0,1.0,1.0,1.0,1.0,1.0
115.5,1.0,1.0,1.0,1.0,1.0,1.0,1.0
115.55000000000001,1.0,1.0,1.0,1.0,1.0,1.0,1.0
115.60000000000001,1.0,1.0,1.0,1.0,1.0,1.0,1.0
115.65,1.0,1.0,1.0,1.0,1.0,1.0,1.0
115.7,1.0,1.0,1.0,1.0,1.0,1.0,1.0
115.75,1.0,1.0,1.0,1.0,1.0,1.0,1.0
115.80000000000001,1.0,1.0,1.0,1.0,1.0,1.0,1.0
115.85000000000001,1.0,1.0,1.0,1.0,1.0,1.0,1.0
115.9,1.0,1.0,1.0,1.0,1.0,1.0,1.0
115.95,1.0,1.0,1.0,1.0,1.0,1.0,1.0
116.0,1.0,1.0,1.0,1.0,1.0,1.0,1.0
116.05000000000001,1.0,1.0,1.0,1.0,1.0,1.0,1.0
116.10000000000001,1.0,1.0,1.0,1.0,1.0,1.0,1.0
116.15,1.0,1.0,1.0,1.0,1.0,1.0,1.0
116.2,1.0,1.0,1.0,1.0,1.0,1.0,1.0
116.25,1.0,1.0,1.0,1.0,1.0,1.0,1.0
116.30000000000001,1.0,1.0,1.0,1.0,1.0,1.0,1.0
116.35000000000001,1.0,1.0,1.0,1.0,1.0,1.0,1.0
116.4,1.0,1.0,1.0,1.0,1.0,1.0,1.0
116.45,1.0,1.0,1.0,1.0,1.0,1.0,1.0
116.5,1.0,1.0,1.0,1.0,1.0,1.0,1.0
116.55000000000001,1.0,1.0,1.0,1.0,1.0,1.0,1.0
116.60000000000001,1.0,1.0,1.0,1.0,1.0,1.0,1.0
116.65,1.0,1.0,1.0,1.0,1.0,1.0,1.0
116.7,1.0,1.0,1.0,1.0,1.0,1.0,1.0
116.75,1.0,1.0,1.0,1.0,1.0,1.0,1.0
116.80000000000001,1.0,1.0,1.0,1.0,1.0,1.0,1.0
116.85000000000001,1.0,1.0,1.0,1.0,1.0,1.0,1.0
116.9,1.0,1.0,1.0,1.0,1.0,1.0,1.0
116.95,1.0,1.0,1.0,1.0,1.0,1.0,1.0
117.0,1.0,1.0,1.0,1.0,1.0,1.0,1.0
117.05000000000001,1.0,1.0,1.0,1.0,1.0,1.0,1.0
117.10000000000001,1.0,1.0,1.0,1.0,1.0,1.0,1.0
117.15,1.0,1.0,1.0,1.0,1.0,1.0,1.0
117.2,1.0,1.0,1.0,1.0,1.0,1.0,1.0
117.25,1.0,1.0,1.0,1.0,1.0,1.0,1.0
117.30000000000001,1.0,1.0,1.0,1.0,1.0,1.0,1.0
117.35000000000001,1.0,1.0,1.0,1.0,1.0,1.0,1.0
117.4,1.0,1.0,1.0,1.0,1.0,1.0,1.0
117.45,1.0,1.0,1.0,1.0,1.0,1.0,1.0
117.5,1.0,1.0,1.0,1.0,1.0,1.0,1.0
117.55000000000001,1.0,1.0,1.0,1.0,1.0,1.0,1.0
117.60000000000001,1.0,1.0,1.0,1.0,1.0,1.0,1.0
117.65,1.0,1.0,1.0,1.0,1.0,1.0,1.0
117.7,1.0,1.0,1.0,1.0,1.0,1.0,1.0
117.75,1.0,1.0,1.0,1.0,1.0,1.0,1.0
117.80000000000001,1.0,1.0,1.0,1.0,1.0,1.0,1.0
117.85000000000001,1.0,1.0,1.0,1.0,1.0,1.0,1.0
117.9,1.0,1.0,1.0,1.0,1.0,1.0,1.0
117.95,1.0,1.0,1.0,1.0,1.0,1.0,1.0
118.0,1.0,1.0,1.0,1.0,1.0,1.0,1.0
118.05000000000001,1.0,1.0,1.0,1.0,1.0,1.0,1.0
118.10000000000001,1.0,1.0,1.0,1.0,1.0,1.0,1.0
118.15,1.0,1.0,1.0,1.0,1.0,1.0,1.0
118.2,1.0,1.0,1.0,1.0,1.0,1.0,1.0
118.25,1.0,1.0,1.0,1.0,1.0,1.0,1.0
118.30000000000001,1.0,1.0,1.0,1.0,1.0,1.0,1.0
118.35000000000001,1.0,1.0,1.0,1.0,1.0,1.0,1.0
118.4,1.0,1.0,1.0,1.0,1.0,1.0,1.0
118.45,1.0,1.0,1.0,1.0,1.0,1.0,1.0
118.5,1.0,1.0,1.0,1.0,1.0,1.0,1.0
118.55000000000001,1.0,1.0,1.0,1.0,1.0,1.0,1.0
118.60000000000001,1.0,1.0,1.0,1.0,1.0,1.0,1.0
118.65,1.0,1.0,1.0,1.0,1.0,1.0,1.0
118.7,1.0,1.0,1.0,1.0,1.0,1.0,1.0
118.75,1.0,1.0,1.0,1.0,1.0,1.0,1.0
118.80000000000001,1.0,1.0,1.0,1.0,1.0,1.0,1.0
118.85000000000001,1.0,1.0,1.0,1.0,1.0,1.0,1.0
118.9,1.0,1.0,1.0,1.0,1.0,1.0,1.0
118.95,1.0,1.0,1.0,1.0,1.0,1.0,1.0
119.0,1.0,1.0,1.0,1.0,1.0,1.0,1.0
119.05000000000001,1.0,1.0,1.0,1.0,1.0,1.0,1.0
119.10000000000001,1.0,1.0,1.0,1.0,1.0,1.0,1.0
119.15,1.0,1.0,1.0,1.0,1.0,1.0,1.0
119.2,1.0,1.0,1.0,1.0,1.0,1.0,1.0
119.25,1.0,1.0,1.0,1.0,1.0,1.0,1.0
119.30000000000001,1.0,1.0,1.0,1.0,1.0,1.0,1.0
119.35000000000001,1.0,1.0,1.0,1.0,1.0,1.0,1.0
119.4,1.0,1.0,1.0,1.0,1.0,1.0,1.0
119.45,1.0,1.0,1.0,1.0,1.0,1.0,1.0
119.5,1.0,1.0,1.0,1.0,1.0,1.0,1.0
119.55000000000001,1.0,1.0,1.0,1.0,1.0,1.0,1.0
119.60000000000001,1.0,1.0,1.0,1.0,1.0,1.0,1.0
119.65,1.0,1.0,1.0,1.0,1.0,1.0,1.0
119.7,1.0,1.0,1.0,1.0,1.0,1.0,1.0
119.75,1.0,1.0,1.0,1.0,1.0,1.0,1.0
119.80000000000001,1.0,1.0,1.0,1.0,1.0,1.0,1.0
119.85000000000001,1.0,1.0,1.0,1.0,1.0,1.0,1.0
119.9,1.0,1.0,1.0,1.0,1.0,1.0,1.0
119.95,1.0,1.0,1.0,1.0,1.0,1.0,1.0
120.0,1.0,1.0,1.0,1.0,1.0,1.0,1.0
120.05000000000001,1.0,1.0,1.0,1.0,1.0,1.0,1.0
120.10000000000001,1.0,1.0,1.0,1.0,1.0,1.0,1.0
120.15,1.0,1.0,1.0,1.0,1.0,1.0,1.0
120.2,1.0,1.0,1.0,1.0,1.0,1.0,1.0
120.25,1.0,1.0,1.0,1.0,1.0,1.0,1.0
120.30000000000001,1.0,1.0,1.0,1.0,1.0,1.0,1.0
120.35000000000001,1.0,1.0,1.0,1.0,1.0,1.0,1.0
120.4,1.0,1.0,1.0,1.0,1.0,1.0,1.0
120.45,1.0,1.0,1.0,1.0,1.0,1.0,1.0
120.5,1.0,1.0,1.0,1.0,1.0,1.0,1.0
120.55000000000001,1.0,1.0,1.0,1.0,1.0,1.0,1.0
120.60000000000001,1.0,1.0,1.0,1.0,1.0,1.0,1.0
120.65,1.0,1.0,1.0,1.0,1.0,1.0,1.0
120.7,1.0,1.0,1.0,1.0,1.0,1.0,1.0
120.75,1.0,1.0,1.0,1.0,1.0,1.0,1.0
120.80000000000001,1.0,1.0,1.0,1.0,1.0,1.0,1.0
120.85000000000001,1.0,1.0,1.0,1.0,1.0,1.0,1.0
120.9,1.0,1.0,1.0,1.0,1.0,1.0,1.0
120.95,1.0,1.0,1.0,1.0,1.0,1.0,1.0
121.0,1.0,1.0,1.0,1.0,1.0,1.0,1.0
121.05000000000001,1.0,1.0,1.0,1.0,1.0,1.0,1.0
121.10000000000001,1.0,1.0,1.0,1.0,1.0,1.0,1.0
121.15,1.0,1.0,1.0,1.0,1.0,1.0,1.0
121.2,1.0,1.0,1.0,1.0,1.0,1.0,1.0
121.25,1.0,1.0,1.0,1.0,1.0,1.0,1.0
121.30000000000001,1.0,1.0,1.0,1.0,1.0,1.0,1.0
121.35000000000001,1.0,1.0,1.0,1.0,1.0,1.0,1.0
121.4,1.0,1.0,1.0,1.0,1.0,1.0,1.0
121.45,1.0,1.0,1.0,1.0,1.0,1.0,1.0
121.5,1.0,1.0,1.0,1.0,1.0,1.0,1.0
121.55000000000001,1.0,1.0,1.0,1.0,1.0,1.0,1.0
121.60000000000001,1.0,1.0,1.0,1.0,1.0,1.0,1.0
121.65,1.0,1.0,1.0,1.0,1.0,1.0,1.0
121.7,1.0,1.0,1.0,1.0,1.0,1.0,1.0
121.75,1.0,1.0,1.0,1.0,1.0,1.0,1.0
121.80000000000001,1.0,1.0,1.0,1.0,1.0,1.0,1.0
121.85000000000001,1.0,1.0,1.0,1.0,1.0,1.0,1.0
121.9,1.0,1.0,1.0,1.0,1.0,1.0,1.0
121.95,1.0,1.0,1.0,1.0,1.0,1.0,1.0
122.0,1.0,1.0,1.0,1.0,1.0,1.0,1.0
122.05000000000001,1.0,1.0,1.0,1.0,1.0,1.0,1.0
122.10000000000001,1.0,1.0,1.0,1.0,1.0,1.0,1.0
122.15,1.0,1.0,1.0,1.0,1.0,1.0,1.0
122.2,1.0,1.0,1.0,1.0,1.0,1.0,1.0
122.25,1.0,1.0,1.0,1.0,1.0,1.0,1.0
122.30000000000001,1.0,1.0,1.0,1.0,1.0,1.0,1.0
122.35000000000001,1.0,1.0,1.0,1.0,1.0,1.0,1.0
122.4,1.0,1.0,1.0,1.0,1.0,1.0,1.0
122.45,1.0,1.0,1.0,1.0,1.0,1.0,1.0
122.5,1.0,1.0,1.0,1.0,1.0,1.0,1.0
122.55000000000001,1.0,1.0,1.0,1.0,1.0,1.0,1.0
122.60000000000001,1.0,1.0,1.0,1.0,1.0,1.0,1.0
122.65,1.0,1.0,1.0,1.0,1.0,1.0,1.0
122.7,1.0,1.0,1.0,1.0,1.0,1.0,1.0
122.75,1.0,1.0,1.0,1.0,1.0,1.0,1.0
122.80000000000001,1.0,1.0,1.0,1.0,1.0,1.0,1.0
122.85000000000001,1.0,1.0,1.0,1.0,1.0,1.0,1.0
122.9,1.0,1.0,1.0,1.0,1.0,1.0,1.0
122.95,1.0,1.0,1.0,1.0,1.0,1.0,1.0
123.0,1.0,1.0,1.0,1.0,1.0,1.0,1.0
123.05000000000001,1.0,1.0,1.0,1.0,1.0,1.0,1.0
123.10000000000001,1.0,1.0,1.0,1.0,1.0,1.0,1.0
123.15,1.0,1.0,1.0,1.0,1.0,1.0,1.0
123.2,1.0,1.0,1.0,1.0,1.0,1.0,1.0
123.25,1.0,1.0,1.0,1.0,1.0,1.0,1.0
123.30000000000001,1.0,1.0,1.0,1.0,1.0,1.0,1.0
123.35000000000001,1.0,1.0,1.0,1.0,1.0,1.0,1.0
123.4,1.0,1.0,1.0,1.0,1.0,1.0,1.0
123.45,1.0,1.0,1.0,1.0,1.0,1.0,1.0
123.5,1.0,1.0,1.0,1.0,1.0,1.0,1.0
123.55000000000001,1.0,1.0,1.0,1.0,1.0,1.0,1.0
123.60000000000001,1.0,1.0,1.0,1.0,1.0,1.0,1.0
123.65,1.0,1.0,1.0,1.0,1.0,1.0,1.0
123.7,1.0,1.0,1.0,1.0,1.0,1.0,1.0
123.75,1.0,1.0,1.0,1.0,1.0,1.0,1.0
123.80000000000001,1.0,1.0,1.0,1.0,1.0,1.0,1.0
123.85000000000001,1.0,1.0,1.0,1.0,1.0,1.0,1.0
123.9,1.0,1.0,1.0,1.0,1.0,1.0,1.0
123.95,1.0,1.0,1.0,1.0,1.0,1.0,1.0
124.0,1.0,1.0,1.0,1.0,1.0,1.0,1.0
124.05000000000001,1.0,1.0,1.0,1.0,1.0,1.0,1.0
124.10000000000001,1.0,1.0,1.0,1.0,1.0,1.0,1.0
124.15,1.0,1.0,1.0,1.0,1.0,1.0,1.0
124.2,1.0,1.0,1.0,1.0,1.0,1.0,1.0
124.25,1.0,1.0,1.0,1.0,1.0,1.0,1.0
124.30000000000001,1.0,1.0,1.0,1.0,1.0,1.0,1.0
124.35000000000001,1.0,1.0,1.0,1.0,1.0,1.0,1.0
124.4,1.0,1.0,1.0,1.0,1.0,1.0,1.0
124.45,1.0,1.0,1.0,1.0,1.0,1.0,1.0
124.5,1.0,1.0,1.0,1.0,1.0,1.0,1.0
124.55000000000001,1.0,1.0,1.0,1.0,1.0,1.0,1.0
124.60000000000001,1.0,1.0,1.0,1.0,1.0,1.0,1.0
124.65,1.0,1.0,1.0,1.0,1.0,1.0,1.0
124.7,1.0,1.0,1.0,1.0,1.0,1.0,1.0
124.75,1.0,1.0,1.0,1.0,1.0,1.0,1.0
124.80000000000001,1.0,1.0,1.0,1.0,1.0,1.0,1.0
124.85000000000001,1.0,1.0,1.0,1.0,1.0,1.0,1.0
124.9,1.0,1.0,1.0,1.0,1.0,1.0,1.0
124.95,1.0,1.0,1.0,1.0,1.0,1.0,1.0
125.0,1.0,1.0,1.0,1.0,1.0,1.0,1.0
125.05000000000001,1.0,1.0,1.0,1.0,1.0,1.0,1.0
125.10000000000001,1.0,1.0,1.0,1.0,1.0,1.0,1.0
125.15,1.0,1.0,1.0,1.0,1.0,1.0,1.0
125.2,1.0,1.0,1.0,1.0,1.0,1.0,1.0
125.25,1.0,1.0,1.0,1.0,1.0,1.0,1.0
125.30000000000001,1.0,1.0,1.0,1.0,1.0,1.0,1.0
125.35000000000001,1.0,1.0,1.0,1.0,1.0,1.0,1.0
125.4,1.0,1.0,1.0,1.0,1.0,1.0,1.0
125.45,1.0,1.0,1.0,1.0,1.0,1.0,1.0
125.5,1.0,1.0,1.0,1.0,1.0,1.0,1.0
125.55000000000001,1.0,1.0,1.0,1.0,1.0,1.0,1.0
125.60000000000001,1.0,1.0,1.0,1.0,1.0,1.0,1.0
125.65,1.0,1.0,1.0,1.0,1.0,1.0,1.0
125.7,1.0,1.0,1.0,1.0,1.0,1.0,1.0
125.75,1.0,1.0,1.0,1.0,1.0,1.0,1.0
125.80000000000001,1.0,1.0,1.0,1.0,1.0,1.0,1.0
125.85000000000001,1.0,1.0,1.0,1.0,1.0,1.0,1.0
125.9,1.0,1.0,1.0,1.0,1.0,1.0,1.0
125.95,1.0,1.0,1.0,1.0,1.0,1.0,1.0
126.0,1.0,1.0,1.0,1.0,1.0,1.0,1.0
126.05000000000001,1.0,1.0,1.0,1.0,1.0,1.0,1.0
126.10000000000001,1.0,1.0,1.0,1.0,1.0,1.0,1.0
126.15,1.0,1.0,1.0,1.0,1.0,1.0,1.0
126.2,1.0,1.0,1.0,1.0,1.0,1.0,1.0
126.25,1.0,1.0,1.0,1.0,1.0,1.0,1.0
126.30000000000001,1.0,1.0,1.0,1.0,1.0,1.0,1.0
126.35000000000001,1.0,1.0,1.0,1.0,1.0,1.0,1.0
126.4,1.0,1.0,1.0,1.0,1.0,1.0,1.0
126.45,1.0,1.0,1.0,1.0,1.0,1.0,1.0
126.5,1.0,1.0,1.0,1.0,1.0,1.0,1.0
126.55000000000001,1.0,1.0,1.0,1.0,1.0,1.0,1.0
126.60000000000001,1.0,1.0,1.0,1.0,1.0,1.0,1.0
126.65,1.0,1.0,1.0,1.0,1.0,1.0,1.0
126.7,1.0,1.0,1.0,1.0,1.0,1.0,1.0
126.75,1.0,1.0,1.0,1.0,1.0,1.0,1.0
126.80000000000001,1.0,1.0,1.0,1.0,1.0,1.0,1.0
126.85000000000001,1.0,1.0,1.0,1.0,1.0,1.0,1.0
126.9,1.0,1.0,1.0,1.0,1.0,1.0,1.0
126.95,1.0,1.0,1.0,1.0,1.0,1.0,1.0
127.0,1.0,1.0,1.0,1.0,1.0,1.0,1.0
127.05000000000001,1.0,1.0,1.0,1.0,1.0,1.0,1.0
127.10000000000001,1.0,1.0,1.0,1.0,1.0,1.0,1.0
127.15,1.0,1.0,1.0,1.0,1.0,1.0,1.0
127.2,1.0,1.0,1.0,1.0,1.0,1.0,1.0
127.25,1.0,1.0,1.0,1.0,1.0,1.0,1.0
127.30000000000001,1.0,1.0,1.0,1.0,1.0,1.0,1.0
127.35000000000001,1.0,1.0,1.0,1.0,1.0,1.0,1.0
127.4,1.0,1.0,1.0,1.0,1.0,1.0,1.0
127.45,1.0,1.0,1.0,1.0,1.0,1.0,1.0
127.5,1.0,1.0,1.0,1.0,1.0,1.0,1.0
127.55000000000001,1.0,1.0,1.0,1.0,1.0,1.0,1.0
127.60000000000001,1.0,1.0,1.0,1.0,1.0,1.0,1.0
127.65,1.0,1.0,1.0,1.0,1.0,1.0,1.0
127.7,1.0,1.0,1.0,1.0,1.0,1.0,1.0
127.75,1.0,1.0,1.0,1.0,1.0,1.0,1.0
127.80000000000001,1.0,1.0,1.0,1.0,1.0,1.0,1.0
127.85000000000001,1.0,1.0,1.0,1.0,1.0,1.0,1.0
127.9,1.0,1.0,1.0,1.0,1.0,1.0,1.0
127.95,1.0,1.0,1.0,1.0,1.0,1.0,1.0
128.0,1.0,1.0,1.0,1.0,1.0,1.0,1.0
128.05,1.0,1.0,1.0,1.0,1.0,1.0,1.0
128.1,1.0,1.0,1.0,1.0,1.0,1.0,1.0
128.15,1.0,1.0,1.0,1.0,1.0,1.0,1.0
128.20000000000002,1.0,1.0,1.0,1.0,1.0,1.0,1.0
128.25,1.0,1.0,1.0,1.0,1.0,1.0,1.0
128.3,1.0,1.0,1.0,1.0,1.0,1.0,1.0
128.35,1.0,1.0,1.0,1.0,1.0,1.0,1.0
128.4,1.0,1.0,1.0,1.0,1.0,1.0,1.0
128.45000000000002,1.0,1.0,1.0,1.0,1.0,1.0,1.0
128.5,1.0,1.0,1.0,1.0,1.0,1.0,1.0
128.55,1.0,1.0,1.0,1.0,1.0,1.0,1.0
128.6,1.0,1.0,1.0,1.0,1.0,1.0,1.0
128.65,1.0,1.0,1.0,1.0,1.0,1.0,1.0
128.70000000000002,1.0,1.0,1.0,1.0,1.0,1.0,1.0
128.75,1.0,1.0,1.0,1.0,1.0,1.0,1.0
128.8,1.0,1.0,1.0,1.0,1.0,1.0,1.0
128.85,1.0,1.0,1.0,1.0,1.0,1.0,1.0
128.9,1.0,1.0,1.0,1.0,1.0,1.0,1.0
128.95000000000002,1.0,1.0,1.0,1.0,1.0,1.0,1.0
129.0,1.0,1.0,1.0,1.0,1.0,1.0,1.0
129.05,1.0,1.0,1.0,1.0,1.0,1.0,1.0
129.1,1.0,1.0,1.0,1.0,1.0,1.0,1.0
129.15,1.0,1.0,1.0,1.0,1.0,1.0,1.0
129.20000000000002,1.0,1.0,1.0,1.0,1.0,1.0,1.0
129.25,1.0,1.0,1.0,1.0,1.0,1.0,1.0
129.3,1.0,1.0,1.0,1.0,1.0,1.0,1.0
129.35,1.0,1.0,1.0,1.0,1.0,1.0,1.0
129.4,1.0,1.0,1.0,1.0,1.0,1.0,1.0
129.45000000000002,1.0,1.0,1.0,1.0,1.0,1.0,1.0
129.5,1.0,1.0,1.0,1.0,1.0,1.0,1.0
129.55,1.0,1.0,1.0,1.0,1.0,1.0,1.0
129.6,1.0,1.0,1.0,1.0,1.0,1.0,1.0
129.65,1.0,1.0,1.0,1.0,1.0,1.0,1.0
129.70000000000002,1.0,1.0,1.0,1.0,1.0,1.0,1.0
129.75,1.0,1.0,1.0,1.0,1.0,1.0,1.0
129.8,1.0,1.0,1.0,1.0,1.0,1.0,1.0
129.85,1.0,1.0,1.0,1.0,1.0,1.0,1.0
129.9,1.0,1.0,1.0,1.0,1.0,1.0,1.0
129.95000000000002,1.0,1.0,1.0,1.0,1.0,1.0,1.0
130.0,1.0,1.0,1.0,1.0,1.0,1.0,1.0
130.05,1.0,1.0,1.0,1.0,1.0,1.0,1.0
130.1,1.0,1.0,1.0,1.0,1.0,1.0,1.0
130.15,1.0,1.0,1.0,1.0,1.0,1.0,1.0
130.20000000000002,1.0,1.0,1.0,1.0,1.0,1.0,1.0
130.25,1.0,1.0,1.0,1.0,1.0,1.0,1.0
130.3,1.0,1.0,1.0,1.0,1.0,1.0,1.0
130.35,1.0,1.0,1.0,1.0,1.0,1.0,1.0
130.4,1.0,1.0,1.0,1.0,1.0,1.0,1.0
130.45000000000002,1.0,1.0,1.0,1.0,1.0,1.0,1.0
130.5,1.0,1.0,1.0,1.0,1.0,1.0,1.0
130.55,1.0,1.0,1.0,1.0,1.0,1.0,1.0
130.6,1.0,1.0,1.0,1.0,1.0,1.0,1.0
130.65,1.0,1.0,1.0,1.0,1.0,1.0,1.0
130.70000000000002,1.0,1.0,1.0,1.0,1.0,1.0,1.0
130.75,1.0,1.0,1.0,1.0,1.0,1.0,1.0
130.8,1.0,1.0,1.0,1.0,1.0,1.0,1.0
130.85,1.0,1.0,1.0,1.0,1.0,1.0,1.0
130.9,1.0,1.0,1.0,1.0,1.0,1.0,1.0
130.95000000000002,1.0,1.0,1.0,1.0,1.0,1.0,1.0
131.0,1.0,1.0,1.0,1.0,1.0,1.0,1.0
131.05,1.0,1.0,1.0,1.0,1.0,1.0,1.0
131.1,1.0,1.0,1.0,1.0,1.0,1.0,1.0
131.15,1.0,1.0,1.0,1.0,1.0,1.0,1.0
131.20000000000002,1.0,1.0,1.0,1.0,1.0,1.0,1.0
131.25,1.0,1.0,1.0,1.0,1.0,1.0,1.0
131.3,1.0,1.0,1.0,1.0,1.0,1.0,1.0
131.35,1.0,1.0,1.0,1.0,1.0,1.0,1.0
131.4,1.0,1.0,1.0,1.0,1.0,1.0,1.0
131.45000000000002,1.0,1.0,1.0,1.0,1.0,1.0,1.0
131.5,1.0,1.0,1.0,1.0,1.0,1.0,1.0
131.55,1.0,1.0,1.0,1.0,1.0,1.0,1.0
131.6,1.0,1.0,1.0,1.0,1.0,1.0,1.0
131.65,1.0,1.0,1.0,1.0,1.0,1.0,1.0
131.70000000000002,1.0,1.0,1.0,1.0,1.0,1.0,1.0
131.75,1.0,1.0,1.0,1.0,1.0,1.0,1.0
131.8,1.0,1.0,1.0,1.0,1.0,1.0,1.0
131.85,1.0,1.0,1.0,1.0,1.0,1.0,1.0
131.9,1.0,1.0,1.0,1.0,1.0,1.0,1.0
131.95000000000002,1.0,1.0,1.0,1.0,1.0,1.0,1.0
132.0,1.0,1.0,1.0,1.0,1.0,1.0,1.0
132.05,1.0,1.0,1.0,1.0,1.0,1.0,1.0
132.1,1.0,1.0,1.0,1.0,1.0,1.0,1.0
132.15,1.0,1.0,1.0,1.0,1.0,1.0,1.0
132.20000000000002,1.0,1.0,1.0,1.0,1.0,1.0,1.0
132.25,1.0,1.0,1.0,1.0,1.0,1.0,1.0
132.3,1.0,1.0,1.0,1.0,1.0,1.0,1.0
132.35,1.0,1.0,1.0,1.0,1.0,1.0,1.0
132.4,1.0,1.0,1.0,1.0,1.0,1.0,1.0
132.45000000000002,1.0,1.0,1.0,1.0,1.0,1.0,1.0
132.5,1.0,1.0,1.0,1.0,1.0,1.0,1.0
132.55,1.0,1.0,1.0,1.0,1.0,1.0,1.0
132.6,1.0,1.0,1.0,1.0,1.0,1.0,1.0
132.65,1.0,1.0,1.0,1.0,1.0,1.0,1.0
132.70000000000002,1.0,1.0,1.0,1.0,1.0,1.0,1.0
132.75,1.0,1.0,1.0,1.0,1.0,1.0,1.0
132.8,1.0,1.0,1.0,1.0,1.0,1.0,1.0
132.85,1.0,1.0,1.0,1.0,1.0,1.0,1.0
132.9,1.0,1.0,1.0,1.0,1.0,1.0,1.0
132.95000000000002,1.0,1.0,1.0,1.0,1.0,1.0,1.0
133.0,1.0,1.0,1.0,1.0,1.0,1.0,1.0
133.05,1.0,1.0,1.0,1.0,1.0,1.0,1.0
133.1,1.0,1.0,1.0,1.0,1.0,1.0,1.0
133.15,1.0,1.0,1.0,1.0,1.0,1.0,1.0
133.20000000000002,1.0,1.0,1.0,1.0,1.0,1.0,1.0
133.25,1.0,1.0,1.0,1.0,1.0,1.0,1.0
133.3,1.0,1.0,1.0,1.0,1.0,1.0,1.0
133.35,1.0,1.0,1.0,1.0,1.0,1.0,1.0
133.4,1.0,1.0,1.0,1.0,1.0,1.0,1.0
133.45000000000002,1.0,1.0,1.0,1.0,1.0,1.0,1.0
133.5,1.0,1.0,1.0,1.0,1.0,1.0,1.0
133.55,1.0,1.0,1.0,1.0,1.0,1.0,1.0
133.6,1.0,1.0,1.0,1.0,1.0,1.0,1.0
133.65,1.0,1.0,1.0,1.0,1.0,1.0,1.0
133.70000000000002,1.0,1.0,1.0,1.0,1.0,1.0,1.0
133.75,1.0,1.0,1.0,1.0,1.0,1.0,1.0
133.8,1.0,1.0,1.0,1.0,1.0,1.0,1.0
133.85,1.0,1.0,1.0,1.0,1.0,1.0,1.0
133.9,1.0,1.0,1.0,1.0,1.0,1.0,1.0
133.95000000000002,1.0,1.0,1.0,1.0,1.0,1.0,1.0
134.0,1.0,1.0,1.0,1.0,1.0,1.0,1.0
134.05,1.0,1.0,1.0,1.0,1.0,1.0,1.0
134.1,1.0,1.0,1.0,1.0,1.0,1.0,1.0
134.15,1.0,1.0,1.0,1.0,1.0,1.0,1.0
134.20000000000002,1.0,1.0,1.0,1.0,1.0,1.0,1.0
134.25,1.0,1.0,1.0,1.0,1.0,1.0,1.0
134.3,1.0,1.0,1.0,1.0,1.0,1.0,1.0
134.35,1.0,1.0,1.0,1.0,1.0,1.0,1.0
134.4,1.0,1.0,1.0,1.0,1.0,1.0,1.0
134.45000000000002,1.0,1.0,1.0,1.0,1.0,1.0,1.0
134.5,1.0,1.0,1.0,1.0,1.0,1.0,1.0
134.55,1.0,1.0,1.0,1.0,1.0,1.0,1.0
134.6,1.0,1.0,1.0,1.0,1.0,1.0,1.0
134.65,1.0,1.0,1.0,1.0,1.0,1.0,1.0
134.70000000000002,1.0,1.0,1.0,1.0,1.0,1.0,1.0
134.75,1.0,1.0,1.0,1.0,1.0,1.0,1.0
134.8,1.0,1.0,1.0,1.0,1.0,1.0,1.0
134.85,1.0,1.0,1.0,1.0,1.0,1.0,1.0
134.9,1.0,1.0,1.0,1.0,1.0,1.0,1.0
134.95000000000002,1.0,1.0,1.0,1.0,1.0,1.0,1.0
135.0,1.0,1.0,1.0,1.0,1.0,1.0,1.0
135.05,1.0,1.0,1.0,1.0,1.0,1.0,1.0
135.1,1.0,1.0,1.0,1.0,1.0,1.0,1.0
135.15,1.0,1.0,1.0,1.0,1.0,1.0,1.0
135.20000000000002,1.0,1.0,1.0,1.0,1.0,1.0,1.0
135.25,1.0,1.0,1.0,1.0,1.0,1.0,1.0
135.3,1.0,1.0,1.0,1.0,1.0,1.0,1.0
135.35,1.0,1.0,1.0,1.0,1.0,1.0,1.0
135.4,1.0,1.0,1.0,1.0,1.0,1.0,1.0
135.45000000000002,1.0,1.0,1.0,1.0,1.0,1.0,1.0
135.5,1.0,1.0,1.0,1.0,1.0,1.0,1.0
135.55,1.0,1.0,1.0,1.0,1.0,1.0,1.0
135.6,1.0,1.0,1.0,1.0,1.0,1.0,1.0
135.65,1.0,1.0,1.0,1.0,1.0,1.0,1.0
135.70000000000002,1.0,1.0,1.0,1.0,1.0,1.0,1.0
135.75,1.0,1.0,1.0,1.0,1.0,1.0,1.0
135.8,1.0,1.0,1.0,1.0,1.0,1.0,1.0
135.85,1.0,1.0,1.0,1.0,1.0,1.0,1.0
135.9,1.0,1.0,1.0,1.0,1.0,1.0,1.0
135.95000000000002,1.0,1.0,1.0,1.0,1.0,1.0,1.0
136.0,1.0,1.0,1.0,1.0,1.0,1.0,1.0
136.05,1.0,1.0,1.0,1.0,1.0,1.0,1.0
136.1,1.0,1.0,1.0,1.0,1.0,1.0,1.0
136.15,1.0,1.0,1.0,1.0,1.0,1.0,1.0
136.20000000000002,1.0,1.0,1.0,1.0,1.0,1.0,1.0
136.25,1.0,1.0,1.0,1.0,1.0,1.0,1.0
136.3,1.0,1.0,1.0,1.0,1.0,1.0,1.0
136.35,1.0,1.0,1.0,1.0,1.0,1.0,1.0
136.4,1.0,1.0,1.0,1.0,1.0,1.0,1.0
136.45000000000002,1.0,1.0,1.0,1.0,1.0,1.0,1.0
136.5,1.0,1.0,1.0,1.0,1.0,1.0,1.0
136.55,1.0,1.0,1.0,1.0,1.0,1.0,1.0
136.6,1.0,1.0,1.0,1.0,1.0,1.0,1.0
136.65,1.0,1.0,1.0,1.0,1.0,1.0,1.0
136.70000000000002,1.0,1.0,1.0,1.0,1.0,1.0,1.0
136.75,1.0,1.0,1.0,1.0,1.0,1.0,1.0
136.8,1.0,1.0,1.0,1.0,1.0,1.0,1.0
136.85,1.0,1.0,1.0,1.0,1.0,1.0,1.0
136.9,1.0,1.0,1.0,1.0,1.0,1.0,1.0
136.95000000000002,1.0,1.0,1.0,1.0,1.0,1.0,1.0
137.0,1.0,1.0,1.0,1.0,1.0,1.0,1.0
137.05,1.0,1.0,1.0,1.0,1.0,1.0,1.0
137.1,1.0,1.0,1.0,1.0,1.0,1.0,1.0
137.15,1.0,1.0,1.0,1.0,1.0,1.0,1.0
137.20000000000002,1.0,1.0,1.0,1.0,1.0,1.0,1.0
137.25,1.0,1.0,1.0,1.0,1.0,1.0,1.0
137.3,1.0,1.0,1.0,1.0,1.0,1.0,1.0
137.35,1.0,1.0,1.0,1.0,1.0,1.0,1.0
137.4,1.0,1.0,1.0,1.0,1.0,1.0,1.0
137.45000000000002,1.0,1.0,1.0,1.0,1.0,1.0,1.0
137.5,1.0,1.0,1.0,1.0,1.0,1.0,1.0
137.55,1.0,1.0,1.0,1.0,1.0,1.0,1.0
137.6,1.0,1.0,1.0,1.0,1.0,1.0,1.0
137.65,1.0,1.0,1.0,1.0,1.0,1.0,1.0
137.70000000000002,1.0,1.0,1.0,1.0,1.0,1.0,1.0
137.75,1.0,1.0,1.0,1.0,1.0,1.0,1.0
137.8,1.0,1.0,1.0,1.0,1.0,1.0,1.0
137.85,1.0,1.0,1.0,1.0,1.0,1.0,1.0
137.9,1.0,1.0,1.0,1.0,1.0,1.0,1.0
137.95000000000002,1.0,1.0,1.0,1.0,1.0,1.0,1.0
138.0,1.0,1.0,1.0,1.0,1.0,1.0,1.0
138.05,1.0,1.0,1.0,1.0,1.0,1.0,1.0
138.1,1.0,1.0,1.0,1.0,1.0,1.0,1.0
138.15,1.0,1.0,1.0,1.0,1.0,1.0,1.0
138.20000000000002,1.0,1.0,1.0,1.0,1.0,1.0,1.0
138.25,1.0,1.0,1.0,1.0,1.0,1.0,1.0
138.3,1.0,1.0,1.0,1.0,1.0,1.0,1.0
138.35,1.0,1.0,1.0,1.0,1.0,1.0,1.0
138.4,1.0,1.0,1.0,1.0,1.0,1.0,1.0
138.45000000000002,1.0,1.0,1.0,1.0,1.0,1.0,1.0
138.5,1.0,1.0,1.0,1.0,1.0,1.0,1.0
138.55,1.0,1.0,1.0,1.0,1.0,1.0,1.0
138.6,1.0,1.0,1.0,1.0,1.0,1.0,1.0
138.65,1.0,1.0,1.0,1.0,1.0,1.0,1.0
138.70000000000002,1.0,1.0,1.0,1.0,1.0,1.0,1.0
138.75,1.0,1.0,1.0,1.0,1.0,1.0,1.0
138.8,1.0,1.0,1.0,1.0,1.0,1.0,1.0
138.85,1.0,1.0,1.0,1.0,1.0,1.0,1.0
138.9,1.0,1.0,1.0,1.0,1.0,1.0,1.0
138.95000000000002,1.0,1.0,1.0,1.0,1.0,1.0,1.0
139.0,1.0,1.0,1.0,1.0,1.0,1.0,1.0
139.05,1.0,1.0,1.0,1.0,1.0,1.0,1.0
139.1,1.0,1.0,1.0,1.0,1.0,1.0,1.0
139.15,1.0,1.0,1.0,1.0,1.0,1.0,1.0
139.20000000000002,1.0,1.0,1.0,1.0,1.0,1.0,1.0
139.25,1.0,1.0,1.0,1.0,1.0,1.0,1.0
139.3,1.0,1.0,1.0,1.0,1.0,1.0,1.0
139.35,1.0,1.0,1.0,1.0,1.0,1.0,1.0
139.4,1.0,1.0,1.0,1.0,1.0,1.0,1.0
139.45000000000002,1.0,1.0,1.0,1.0,1.0,1.0,1.0
139.5,1.0,1.0,1.0,1.0,1.0,1.0,1.0
139.55,1.0,1.0,1.0,1.0,1.0,1.0,1.0
139.6,1.0,1.0,1.0,1.0,1.0,1.0,1.0
139.65,1.0,1.0,1.0,1.0,1.0,1.0,1.0
139.70000000000002,1.0,1.0,1.0,1.0,1.0,1.0,1.0
139.75,1.0,1.0,1.0,1.0,1.0,1.0,1.0
139.8,1.0,1.0,1.0,1.0,1.0,1.0,1.0
139.85,1.0,1.0,1.0,1.0,1.0,1.0,1.0
139.9,1.0,1.0,1.0,1.0,1.0,1.0,1.0
139.95000000000002,1.0,1.0,1.0,1.0,1.0,1.0,1.0
140.0,1.0,1.0,1.0,1.0,1.0,1.0,1.0
140.05,1.0,1.0,1.0,1.0,1.0,1.0,1.0
140.1,1.0,1.0,1.0,1.0,1.0,1.0,1.0
140.15,1.0,1.0,1.0,1.0,1.0,1.0,1.0
140.20000000000002,1.0,1.0,1.0,1.0,1.0,1.0,1.0
140.25,1.0,1.0,1.0,1.0,1.0,1.0,1.0
140.3,1.0,1.0,1.0,1.0,1.0,1.0,1.0
140.35,1.0,1.0,1.0,1.0,1.0,1.0,1.0
140.4,1.0,1.0,1.0,1.0,1.0,1.0,1.0
140.45000000000002,1.0,1.0,1.0,1.0,1.0,1.0,1.0
140.5,1.0,1.0,1.0,1.0,1.0,1.0,1.0
140.55,1.0,1.0,1.0,1.0,1.0,1.0,1.0
140.6,1.0,1.0,1.0,1.0,1.0,1.0,1.0
140.65,1.0,1.0,1.0,1.0,1.0,1.0,1.0
140.70000000000002,1.0,1.0,1.0,1.0,1.0,1.0,1.0
140.75,1.0,1.0,1.0,1.0,1.0,1.0,1.0
140.8,1.0,1.0,1.0,1.0,1.0,1.0,1.0
140.85,1.0,1.0,1.0,1.0,1.0,1.0,1.0
140.9,1.0,1.0,1.0,1.0,1.0,1.0,1.0
140.95000000000002,1.0,1.0,1.0,1.0,1.0,1.0,1.0
141.0,1.0,1.0,1.0,1.0,1.0,1.0,1.0
141.05,1.0,1.0,1.0,1.0,1.0,1.0,1.0
141.1,1.0,1.0,1.0,1.0,1.0,1.0,1.0
141.15,1.0,1.0,1.0,1.0,1.0,1.0,1.0
141.20000000000002,1.0,1.0,1.0,1.0,1.0,1.0,1.0
141.25,1.0,1.0,1.0,1.0,1.0,1.0,1.0
141.3,1.0,1.0,1.0,1.0,1.0,1.0,1.0
141.35,1.0,1.0,1.0,1.0,1.0,1.0,1.0
141.4,1.0,1.0,1.0,1.0,1.0,1.0,1.0
141.45000000000002,1.0,1.0,1.0,1.0,1.0,1.0,1.0
141.5,1.0,1.0,1.0,1.0,1.0,1.0,1.0
141.55,1.0,1.0,1.0,1.0,1.0,1.0,1.0
141.6,1.0,1.0,1.0,1.0,1.0,1.0,1.0
141.65,1.0,1.0,1.0,1.0,1.0,1.0,1.0
141.70000000000002,1.0,1.0,1.0,1.0,1.0,1.0,1.0
141.75,1.0,1.0,1.0,1.0,1.0,1.0,1.0
141.8,1.0,1.0,1.0,1.0,1.0,1.0,1.0
141.85,1.0,1.0,1.0,1.0,1.0,1.0,1.0
141.9,1.0,1.0,1.0,1.0,1.0,1.0,1.0
141.95000000000002,1.0,1.0,1.0,1.0,1.0,1.0,1.0
142.0,1.0,1.0,1.0,1.0,1.0,1.0,1.0
142.05,1.0,1.0,1.0,1.0,1.0,1.0,1.0
142.1,1.0,1.0,1.0,1.0,1.0,1.0,1.0
142.15,1.0,1.0,1.0,1.0,1.0,1.0,1.0
142.20000000000002,1.0,1.0,1.0,1.0,1.0,1.0,1.0
142.25,1.0,1.0,1.0,1.0,1.0,1.0,1.0
142.3,1.0,1.0,1.0,1.0,1.0,1.0,1.0
142.35,1.0,1.0,1.0,1.0,1.0,1.0,1.0
142.4,1.0,1.0,1.0,1.0,1.0,1.0,1.0
142.45000000000002,1.0,1.0,1.0,1.0,1.0,1.0,1.0
142.5,1.0,1.0,1.0,1.0,1.0,1.0,1.0
142.55,1.0,1.0,1.0,1.0,1.0,1.0,1.0
142.6,1.0,1.0,1.0,1.0,1.0,1.0,1.0
142.65,1.0,1.0,1.0,1.0,1.0,1.0,1.0
142.70000000000002,1.0,1.0,1.0,1.0,1.0,1.0,1.0
142.75,1.0,1.0,1.0,1.0,1.0,1.0,1.0
142.8,1.0,1.0,1.0,1.0,1.0,1.0,1.0
142.85,1.0,1.0,1.0,1.0,1.0,1.0,1.0
142.9,1.0,1.0,1.0,1.0,1.0,1.0,1.0
142.95000000000002,1.0,1.0,1.0,1.0,1.0,1.0,1.0
143.0,1.0,1.0,1.0,1.0,1.0,1.0,1.0
143.05,1.0,1.0,1.0,1.0,1.0,1.0,1.0
143.1,1.0,1.0,1.0,1.0,1.0,1.0,1.0
143.15,1.0,1.0,1.0,1.0,1.0,1.0,1.0
143.20000000000002,1.0,1.0,1.0,1.0,1.0,1.0,1.0
143.25,1.0,1.0,1.0,1.0,1.0,1.0,1.0
143.3,1.0,1.0,1.0,1.0,1.0,1.0,1.0
143.35,1.0,1.0,1.0,1.0,1.0,1.0,1.0
143.4,1.0,1.0,1.0,1.0,1.0,1.0,1.0
143.45000000000002,1.0,1.0,1.0,1.0,1.0,1.0,1.0
143.5,1.0,1.0,1.0,1.0,1.0,1.0,1.0
143.55,1.0,1.0,1.0,1.0,1.0,1.0,1.0
143.6,1.0,1.0,1.0,1.0,1.0,1.0,1.0
143.65,1.0,1.0,1.0,1.0,1.0,1.0,1.0
143.70000000000002,1.0,1.0,1.0,1.0,1.0,1.0,1.0
143.75,1.0,1.0,1.0,1.0,1.0,1.0,1.0
143.8,1.0,1.0,1.0,1.0,1.0,1.0,1.0
143.85,1.0,1.0,1.0,1.0,1.0,1.0,1.0
143.9,1.0,1.0,1.0,1.0,1.0,1.0,1.0
143.95000000000002,1.0,1.0,1.0,1.0,1.0,1.0,1.0
144.0,1.0,1.0,1.0,1.0,1.0,1.0,1.0
144.05,1.0,1.0,1.0,1.0,1.0,1.0,1.0
144.1,1.0,1.0,1.0,1.0,1.0,1.0,1.0
144.15,1.0,1.0,1.0,1.0,1.0,1.0,1.0
144.20000000000002,1.0,1.0,1.0,1.0,1.0,1.0,1.0
144.25,1.0,1.0,1.0,1.0,1.0,1.0,1.0
144.3,1.0,1.0,1.0,1.0,1.0,1.0,1.0
144.35,1.0,1.0,1.0,1.0,1.0,1.0,1.0
144.4,1.0,1.0,1.0,1.0,1.0,1.0,1.0
144.45000000000002,1.0,1.0,1.0,1.0,1.0,1.0,1.0
144.5,1.0,1.0,1.0,1.0,1.0,1.0,1.0
144.55,1.0,1.0,1.0,1.0,1.0,1.0,1.0
144.6,1.0,1.0,1.0,1.0,1.0,1.0,1.0
144.65,1.0,1.0,1.0,1.0,1.0,1.0,1.0
144.70000000000002,1.0,1.0,1.0,1.0,1.0,1.0,1.0
144.75,1.0,1.0,1.0,1.0,1.0,1.0,1.0
144.8,1.0,1.0,1.0,1.0,1.0,1.0,1.0
144.85,1.0,1.0,1.0,1.0,1.0,1.0,1.0
144.9,1.0,1.0,1.0,1.0,1.0,1.0,1.0
144.95000000000002,1.0,1.0,1.0,1.0,1.0,1.0,1.0
145.0,1.0,1.0,1.0,1.0,1.0,1.0,1.0
145.05,1.0,1.0,1.0,1.0,1.0,1.0,1.0
145.1,1.0,1.0,1.0,1.0,1.0,1.0,1.0
145.15,1.0,1.0,1.0,1.0,1.0,1.0,1.0
145.20000000000002,1.0,1.0,1.0,1.0,1.0,1.0,1.0
145.25,1.0,1.0,1.0,1.0,1.0,1.0,1.0
145.3,1.0,1.0,1.0,1.0,1.0,1.0,1.0
145.35,1.0,1.0,1.0,1.0,1.0,1.0,1.0
145.4,1.0,1.0,1.0,1.0,1.0,1.0,1.0
145.45000000000002,1.0,1.0,1.0,1.0,1.0,1.0,1.0
145.5,1.0,1.0,1.0,1.0,1.0,1.0,1.0
145.55,1.0,1.0,1.0,1.0,1.0,1.0,1.0
145.6,1.0,1.0,1.0,1.0,1.0,1.0,1.0
145.65,1.0,1.0,1.0,1.0,1.0,1.0,1.0
145.70000000000002,1.0,1.0,1.0,1.0,1.0,1.0,1.0
145.75,1.0,1.0,1.0,1.0,1.0,1.0,1.0
145.8,1.0,1.0,1.0,1.0,1.0,1.0,1.0
145.85,1.0,1.0,1.0,1.0,1.0,1.0,1.0
145.9,1.0,1.0,1.0,1.0,1.0,1.0,1.0
145.95000000000002,1.0,1.0,1.0,1.0,1.0,1.0,1.0
146.0,1.0,1.0,1.0,1.0,1.0,1.0,1.0
146.05,1.0,1.0,1.0,1.0,1.0,1.0,1.0
146.1,1.0,1.0,1.0,1.0,1.0,1.0,1.0
146.15,1.0,1.0,1.0,1.0,1.0,1.0,1.0
146.20000000000002,1.0,1.0,1.0,1.0,1.0,1.0,1.0
146.25,1.0,1.0,1.0,1.0,1.0,1.0,1.0
146.3,1.0,1.0,1.0,1.0,1.0,1.0,1.0
146.35,1.0,1.0,1.0,1.0,1.0,1.0,1.0
146.4,1.0,1.0,1.0,1.0,1.0,1.0,1.0
146.45000000000002,1.0,1.0,1.0,1.0,1.0,1.0,1.0
146.5,1.0,1.0,1.0,1.0,1.0,1.0,1.0
146.55,1.0,1.0,1.0,1.0,1.0,1.0,1.0
146.6,1.0,1.0,1.0,1.0,1.0,1.0,1.0
146.65,1.0,1.0,1.0,1.0,1.0,1.0,1.0
146.70000000000002,1.0,1.0,1.0,1.0,1.0,1.0,1.0
146.75,1.0,1.0,1.0,1.0,1.0,1.0,1.0
146.8,1.0,1.0,1.0,1.0,1.0,1.0,1.0
146.85,1.0,1.0,1.0,1.0,1.0,1.0,1.0
146.9,1.0,1.0,1.0,1.0,1.0,1.0,1.0
146.95000000000002,1.0,1.0,1.0,1.0,1.0,1.0,1.0
147.0,1.0,1.0,1.0,1.0,1.0,1.0,1.0
147.05,1.0,1.0,1.0,1.0,1.0,1.0,1.0
147.1,1.0,1.0,1.0,1.0,1.0,1.0,1.0
147.15,1.0,1.0,1.0,1.0,1.0,1.0,1.0
147.20000000000002,1.0,1.0,1.0,1.0,1.0,1.0,1.0
147.25,1.0,1.0,1.0,1.0,1.0,1.0,1.0
147.3,1.0,1.0,1.0,1.0,1.0,1.0,1.0
147.35,1.0,1.0,1.0,1.0,1.0,1.0,1.0
147.4,1.0,1.0,1.0,1.0,1.0,1.0,1.0
147.45000000000002,1.0,1.0,1.0,1.0,1.0,1.0,1.0
147.5,1.0,1.0,1.0,1.0,1.0,1.0,1.0
147.55,1.0,1.0,1.0,1.0,1.0,1.0,1.0
147.6,1.0,1.0,1.0,1.0,1.0,1.0,1.0
147.65,1.0,1.0,1.0,1.0,1.0,1.0,1.0
147.70000000000002,1.0,1.0,1.0,1.0,1.0,1.0,1.0
147.75,1.0,1.0,1.0,1.0,1.0,1.0,1.0
147.8,1.0,1.0,1.0,1.0,1.0,1.0,1.0
147.85,1.0,1.0,1.0,1.0,1.0,1.0,1.0
147.9,1.0,1.0,1.0,1.0,1.0,1.0,1.0
147.95000000000002,1.0,1.0,1.0,1.0,1.0,1.0,1.0
148.0,1.0,1.0,1.0,1.0,1.0,1.0,1.0
148.05,1.0,1.0,1.0,1.0,1.0,1.0,1.0
148.1,1.0,1.0,1.0,1.0,1.0,1.0,1.0
148.15,1.0,1.0,1.0,1.0,1.0,1.0,1.0
148.20000000000002,1.0,1.0,1.0,1.0,1.0,1.0,1.0
148.25,1.0,1.0,1.0,1.0,1.0,1.0,1.0
148.3,1.0,1.0,1.0,1.0,1.0,1.0,1.0
148.35,1.0,1.0,1.0,1.0,1.0,1.0,1.0
148.4,1.0,1.0,1.0,1.0,1.0,1.0,1.0
148.45000000000002,1.0,1.0,1.0,1.0,1.0,1.0,1.0
148.5,1.0,1.0,1.0,1.0,1.0,1.0,1.0
148.55,1.0,1.0,1.0,1.0,1.0,1.0,1.0
148.6,1.0,1.0,1.0,1.0,1.0,1.0,1.0
148.65,1.0,1.0,1.0,1.0,1.0,1.0,1.0
148.70000000000002,1.0,1.0,1.0,1.0,1.0,1.0,1.0
148.75,1.0,1.0,1.0,1.0,1.0,1.0,1.0
148.8,1.0,1.0,1.0,1.0,1.0,1.0,1.0
148.85,1.0,1.0,1.0,1.0,1.0,1.0,1.0
148.9,1.0,1.0,1.0,1.0,1.0,1.0,1.0
148.95000000000002,1.0,1.0,1.0,1.0,1.0,1.0,1.0
149.0,1.0,1.0,1.0,1.0,1.0,1.0,1.0
149.05,1.0,1.0,1.0,1.0,1.0,1.0,1.0
149.1,1.0,1.0,1.0,1.0,1.0,1.0,1.0
149.15,1.0,1.0,1.0,1.0,1.0,1.0,1.0
149.20000000000002,1.0,1.0,1.0,1.0,1.0,1.0,1.0
149.25,1.0,1.0,1.0,1.0,1.0,1.0,1.0
149.3,1.0,1.0,1.0,1.0,1.0,1.0,1.0
149.35,1.0,1.0,1.0,1.0,1.0,1.0,1.0
149.4,1.0,1.0,1.0,1.0,1.0,1.0,1.0
149.45000000000002,1.0,1.0,1.0,1.0,1.0,1.0,1.0
149.5,1.0,1.0,1.0,1.0,1.0,1.0,1.0
149.55,1.0,1.0,1.0,1.0,1.0,1.0,1.0
149.6,1.0,1.0,1.0,1.0,1.0,1.0,1.0
149.65,1.0,1.0,1.0,1.0,1.0,1.0,1.0
149.70000000000002,1.0,1.0,1.0,1.0,1.0,1.0,1.0
149.75,1.0,1.0,1.0,1.0,1.0,1.0,1.0
149.8,1.0,1.0,1.0,1.0,1.0,1.0,1.0
149.85,1.0,1.0,1.0,1.0,1.0,1.0,1.0
149.9,1.0,1.0,1.0,1.0,1.0,1.0,1.0
149.95000000000002,1.0,1.0,1.0,1.0,1.0,1.0,1.0
150.0,1.0,1.0,1.0,1.0,1.0,1.0,1.0
150.05,1.0,1.0,1.0,1.0,1.0,1.0,1.0
150.1,1.0,1.0,1.0,1.0,1.0,1.0,1.0
150.15,1.0,1.0,1.0,1.0,1.0,1.0,1.0
150.20000000000002,1.0,1.0,1.0,1.0,1.0,1.0,1.0
150.25,1.0,1.0,1.0,1.0,1.0,1.0,1.0
150.3,1.0,1.0,1.0,1.0,1.0,1.0,1.0
150.35,1.0,1.0,1.0,1.0,1.0,1.0,1.0
150.4,1.0,1.0,1.0,1.0,1.0,1.0,1.0
150.45000000000002,1.0,1.0,1.0,1.0,1.0,1.0,1.0
150.5,1.0,1.0,1.0,1.0,1.0,1.0,1.0
150.55,1.0,1.0,1.0,1.0,1.0,1.0,1.0
150.6,1.0,1.0,1.0,1.0,1.0,1.0,1.0
150.65,1.0,1.0,1.0,1.0,1.0,1.0,1.0
150.70000000000002,1.0,1.0,1.0,1.0,1.0,1.0,1.0
150.75,1.0,1.0,1.0,1.0,1.0,1.0,1.0
150.8,1.0,1.0,1.0,1.0,1.0,1.0,1.0
150.85,1.0,1.0,1.0,1.0,1.0,1.0,1.0
150.9,1.0,1.0,1.0,1.0,1.0,1.0,1.0
150.95000000000002,1.0,1.0,1.0,1.0,1.0,1.0,1.0
151.0,1.0,1.0,1.0,1.0,1.0,1.0,1.0
151.05,1.0,1.0,1.0,1.0,1.0,1.0,1.0
151.1,1.0,1.0,1.0,1.0,1.0,1.0,1.0
151.15,1.0,1.0,1.0,1.0,1.0,1.0,1.0
151.20000000000002,1.0,1.0,1.0,1.0,1.0,1.0,1.0
151.25,1.0,1.0,1.0,1.0,1.0,1.0,1.0
151.3,1.0,1.0,1.0,1.0,1.0,1.0,1.0
151.35,1.0,1.0,1.0,1.0,1.0,1.0,1.0
151.4,1.0,1.0,1.0,1.0,1.0,1.0,1.0
151.45000000000002,1.0,1.0,1.0,1.0,1.0,1.0,1.0
151.5,1.0,1.0,1.0,1.0,1.0,1.0,1.0
151.55,1.0,1.0,1.0,1.0,1.0,1.0,1.0
151.6,1.0,1.0,1.0,1.0,1.0,1.0,1.0
151.65,1.0,1.0,1.0,1.0,1.0,1.0,1.0
151.70000000000002,1.0,1.0,1.0,1.0,1.0,1.0,1.0
151.75,1.0,1.0,1.0,1.0,1.0,1.0,1.0
151.8,1.0,1.0,1.0,1.0,1.0,1.0,1.0
151.85,1.0,1.0,1.0,1.0,1.0,1.0,1.0
151.9,1.0,1.0,1.0,1.0,1.0,1.0,1.0
151.95000000000002,1.0,1.0,1.0,1.0,1.0,1.0,1.0
152.0,1.0,1.0,1.0,1.0,1.0,1.0,1.0
152.05,1.0,1.0,1.0,1.0,1.0,1.0,1.0
152.1,1.0,1.0,1.0,1.0,1.0,1.0,1.0
152.15,1.0,1.0,1.0,1.0,1.0,1.0,1.0
152.20000000000002,1.0,1.0,1.0,1.0,1.0,1.0,1.0
152.25,1.0,1.0,1.0,1.0,1.0,1.0,1.0
152.3,1.0,1.0,1.0,1.0,1.0,1.0,1.0
152.35,1.0,1.0,1.0,1.0,1.0,1.0,1.0
152.4,1.0,1.0,1.0,1.0,1.0,1.0,1.0
152.45000000000002,1.0,1.0,1.0,1.0,1.0,1.0,1.0
152.5,1.0,1.0,1.0,1.0,1.0,1.0,1.0
152.55,1.0,1.0,1.0,1.0,1.0,1.0,1.0
152.6,1.0,1.0,1.0,1.0,1.0,1.0,1.0
152.65,1.0,1.0,1.0,1.0,1.0,1.0,1.0
152.70000000000002,1.0,1.0,1.0,1.0,1.0,1.0,1.0
152.75,1.0,1.0,1.0,1.0,1.0,1.0,1.0
152.8,1.0,1.0,1.0,1.0,1.0,1.0,1.0
152.85,1.0,1.0,1.0,1.0,1.0,1.0,1.0
152.9,1.0,1.0,1.0,1.0,1.0,1.0,1.0
152.95000000000002,1.0,1.0,1.0,1.0,1.0,1.0,1.0
153.0,1.0,1.0,1.0,1.0,1.0,1.0,1.0
153.05,1.0,1.0,1.0,1.0,1.0,1.0,1.0
153.1,1.0,1.0,1.0,1.0,1.0,1.0,1.0
153.15,1.0,1.0,1.0,1.0,1.0,1.0,1.0
153.20000000000002,1.0,1.0,1.0,1.0,1.0,1.0,1.0
153.25,1.0,1.0,1.0,1.0,1.0,1.0,1.0
153.3,1.0,1.0,1.0,1.0,1.0,1.0,1.0
153.35,1.0,1.0,1.0,1.0,1.0,1.0,1.0
153.4,1.0,1.0,1.0,1.0,1.0,1.0,1.0
153.45000000000002,1.0,1.0,1.0,1.0,1.0,1.0,1.0
153.5,1.0,1.0,1.0,1.0,1.0,1.0,1.0
153.55,1.0,1.0,1.0,1.0,1.0,1.0,1.0
153.60000000000002,1.0,1.0,1.0,1.0,1.0,1.0,1.0
153.65,1.0,1.0,1.0,1.0,1.0,1.0,1.0
153.70000000000002,1.0,1.0,1.0,1.0,1.0,1.0,1.0
153.75,1.0,1.0,1.0,1.0,1.0,1.0,1.0
153.8,1.0,1.0,1.0,1.0,1.0,1.0,1.0
153.85000000000002,1.0,1.0,1.0,1.0,1.0,1.0,1.0
153.9,1.0,1.0,1.0,1.0,1.0,1.0,1.0
153.95000000000002,1.0,1.0,1.0,1.0,1.0,1.0,1.0
154.0,1.0,1.0,1.0,1.0,1.0,1.0,1.0
154.05,1.0,1.0,1.0,1.0,1.0,1.0,1.0
154.10000000000002,1.0,1.0,1.0,1.0,1.0,1.0,1.0
154.15,1.0,1.0,1.0,1.0,1.0,1.0,1.0
154.20000000000002,1.0,1.0,1.0,1.0,1.0,1.0,1.0
154.25,1.0,1.0,1.0,1.0,1.0,1.0,1.0
154.3,1.0,1.0,1.0,1.0,1.0,1.0,1.0
154.35000000000002,1.0,1.0,1.0,1.0,1.0,1.0,1.0
154.4,1.0,1.0,1.0,1.0,1.0,1.0,1.0
154.45000000000002,1.0,1.0,1.0,1.0,1.0,1.0,1.0
154.5,1.0,1.0,1.0,1.0,1.0,1.0,1.0
154.55,1.0,1.0,1.0,1.0,1.0,1.0,1.0
154.60000000000002,1.0,1.0,1.0,1.0,1.0,1.0,1.0
154.65,1.0,1.0,1.0,1.0,1.0,1.0,1.0
154.70000000000002,1.0,1.0,1.0,1.0,1.0,1.0,1.0
154.75,1.0,1.0,1.0,1.0,1.0,1.0,1.0
154.8,1.0,1.0,1.0,1.0,1.0,1.0,1.0
154.85000000000002,1.0,1.0,1.0,1.0,1.0,1.0,1.0
154.9,1.0,1.0,1.0,1.0,1.0,1.0,1.0
154.95000000000002,1.0,1.0,1.0,1.0,1.0,1.0,1.0
155.0,1.0,1.0,1.0,1.0,1.0,1.0,1.0
155.05,1.0,1.0,1.0,1.0,1.0,1.0,1.0
155.10000000000002,1.0,1.0,1.0,1.0,1.0,1.0,1.0
155.15,1.0,1.0,1.0,1.0,1.0,1.0,1.0
155.20000000000002,1.0,1.0,1.0,1.0,1.0,1.0,1.0
155.25,1.0,1.0,1.0,1.0,1.0,1.0,1.0
155.3,1.0,1.0,1.0,1.0,1.0,1.0,1.0
155.35000000000002,1.0,1.0,1.0,1.0,1.0,1.0,1.0
155.4,1.0,1.0,1.0,1.0,1.0,1.0,1.0
155.45000000000002,1.0,1.0,1.0,1.0,1.0,1.0,1.0
155.5,1.0,1.0,1.0,1.0,1.0,1.0,1.0
155.55,1.0,1.0,1.0,1.0,1.0,1.0,1.0
155.60000000000002,1.0,1.0,1.0,1.0,1.0,1.0,1.0
155.65,1.0,1.0,1.0,1.0,1.0,1.0,1.0
155.70000000000002,1.0,1.0,1.0,1.0,1.0,1.0,1.0
155.75,1.0,1.0,1.0,1.0,1.0,1.0,1.0
155.8,1.0,1.0,1.0,1.0,1.0,1.0,1.0
155.85000000000002,1.0,1.0,1.0,1.0,1.0,1.0,1.0
155.9,1.0,1.0,1.0,1.0,1.0,1.0,1.0
155.95000000000002,1.0,1.0,1.0,1.0,1.0,1.0,1.0
156.0,1.0,1.0,1.0,1.0,1.0,1.0,1.0
156.05,1.0,1.0,1.0,1.0,1.0,1.0,1.0
156.10000000000002,1.0,1.0,1.0,1.0,1.0,1.0,1.0
156.15,1.0,1.0,1.0,1.0,1.0,1.0,1.0
156.20000000000002,1.0,1.0,1.0,1.0,1.0,1.0,1.0
156.25,1.0,1.0,1.0,1.0,1.0,1.0,1.0
156.3,1.0,1.0,1.0,1.0,1.0,1.0,1.0
156.35000000000002,1.0,1.0,1.0,1.0,1.0,1.0,1.0
156.4,1.0,1.0,1.0,1.0,1.0,1.0,1.0
156.45000000000002,1.0,1.0,1.0,1.0,1.0,1.0,1.0
156.5,1.0,1.0,1.0,1.0,1.0,1.0,1.0
156.55,1.0,1.0,1.0,1.0,1.0,1.0,1.0
156.60000000000002,1.0,1.0,1.0,1.0,1.0,1.0,1.0
156.65,1.0,1.0,1.0,1.0,1.0,1.0,1.0
156.70000000000002,1.0,1.0,1.0,1.0,1.0,1.0,1.0
156.75,1.0,1.0,1.0,1.0,1.0,1.0,1.0
156.8,1.0,1.0,1.0,1.0,1.0,1.0,1.0
156.85000000000002,1.0,1.0,1.0,1.0,1.0,1.0,1.0
156.9,1.0,1.0,1.0,1.0,1.0,1.0,1.0
156.95000000000002,1.0,1.0,1.0,1.0,1.0,1.0,1.0
157.0,1.0,1.0,1.0,1.0,1.0,1.0,1.0
157.05,1.0,1.0,1.0,1.0,1.0,1.0,1.0
157.10000000000002,1.0,1.0,1.0,1.0,1.0,1.0,1.0
157.15,1.0,1.0,1.0,1.0,1.0,1.0,1.0
157.20000000000002,1.0,1.0,1.0,1.0,1.0,1.0,1.0
157.25,1.0,1.0,1.0,1.0,1.0,1.0,1.0
157.3,1.0,1.0,1.0,1.0,1.0,1.0,1.0
157.35000000000002,1.0,1.0,1.0,1.0,1.0,1.0,1.0
157.4,1.0,1.0,1.0,1.0,1.0,1.0,1.0
157.45000000000002,1.0,1.0,1.0,1.0,1.0,1.0,1.0
157.5,1.0,1.0,1.0,1.0,1.0,1.0,1.0
157.55,1.0,1.0,1.0,1.0,1.0,1.0,1.0
157.60000000000002,1.0,1.0,1.0,1.0,1.0,1.0,1.0
157.65,1.0,1.0,1.0,1.0,1.0,1.0,1.0
157.70000000000002,1.0,1.0,1.0,1.0,1.0,1.0,1.0
157.75,1.0,1.0,1.0,1.0,1.0,1.0,1.0
157.8,1.0,1.0,1.0,1.0,1.0,1.0,1.0
157.85000000000002,1.0,1.0,1.0,1.0,1.0,1.0,1.0
157.9,1.0,1.0,1.0,1.0,1.0,1.0,1.0
157.95000000000002,1.0,1.0,1.0,1.0,1.0,1.0,1.0
158.0,1.0,1.0,1.0,1.0,1.0,1.0,1.0
158.05,1.0,1.0,1.0,1.0,1.0,1.0,1.0
158.10000000000002,1.0,1.0,1.0,1.0,1.0,1.0,1.0
158.15,1.0,1.0,1.0,1.0,1.0,1.0,1.0
158.20000000000002,1.0,1.0,1.0,1.0,1.0,1.0,1.0
158.25,1.0,1.0,1.0,1.0,1.0,1.0,1.0
158.3,1.0,1.0,1.0,1.0,1.0,1.0,1.0
158.35000000000002,1.0,1.0,1.0,1.0,1.0,1.0,1.0
158.4,1.0,1.0,1.0,1.0,1.0,1.0,1.0
158.45000000000002,1.0,1.0,1.0,1.0,1.0,1.0,1.0
158.5,1.0,1.0,1.0,1.0,1.0,1.0,1.0
158.55,1.0,1.0,1.0,1.0,1.0,1.0,1.0
158.60000000000002,1.0,1.0,1.0,1.0,1.0,1.0,1.0
158.65,1.0,1.0,1.0,1.0,1.0,1.0,1.0
158.70000000000002,1.0,1.0,1.0,1.0,1.0,1.0,1.0
158.75,1.0,1.0,1.0,1.0,1.0,1.0,1.0
158.8,1.0,1.0,1.0,1.0,1.0,1.0,1.0
158.85000000000002,1.0,1.0,1.0,1.0,1.0,1.0,1.0
158.9,1.0,1.0,1.0,1.0,1.0,1.0,1.0
158.95000000000002,1.0,1.0,1.0,1.0,1.0,1.0,1.0
159.0,1.0,1.0,1.0,1.0,1.0,1.0,1.0
159.05,1.0,1.0,1.0,1.0,1.0,1.0,1.0
159.10000000000002,1.0,1.0,1.0,1.0,1.0,1.0,1.0
159.15,1.0,1.0,1.0,1.0,1.0,1.0,1.0
159.20000000000002,1.0,1.0,1.0,1.0,1.0,1.0,1.0
159.25,1.0,1.0,1.0,1.0,1.0,1.0,1.0
159.3,1.0,1.0,1.0,1.0,1.0,1.0,1.0
159.35000000000002,1.0,1.0,1.0,1.0,1.0,1.0,1.0
159.4,1.0,1.0,1.0,1.0,1.0,1.0,1.0
159.45000000000002,1.0,1.0,1.0,1.0,1.0,1.0,1.0
159.5,1.0,1.0,1.0,1.0,1.0,1.0,1.0
159.55,1.0,1.0,1.0,1.0,1.0,1.0,1.0
159.60000000000002,1.0,1.0,1.0,1.0,1.0,1.0,1.0
159.65,1.0,1.0,1.0,1.0,1.0,1.0,1.0
159.70000000000002,1.0,1.0,1.0,1.0,1.0,1.0,1.0
159.75,1.0,1.0,1.0,1.0,1.0,1.0,1.0
159.8,1.0,1.0,1.0,1.0,1.0,1.0,1.0
159.85000000000002,1.0,1.0,1.0,1.0,1.0,1.0,1.0
159.9,1.0,1.0,1.0,1.0,1.0,1.0,1.0
159.95000000000002,1.0,1.0,1.0,1.0,1.0,1.0,1.0
160.0,1.0,1.0,1.0,1.0,1.0,1.0,1.0
160.05,1.0,1.0,1.0,1.0,1.0,1.0,1.0
160.10000000000002,1.0,1.0,1.0,1.0,1.0,1.0,1.0
160.15,1.0,1.0,1.0,1.0,1.0,1.0,1.0
160.20000000000002,1.0,1.0,1.0,1.0,1.0,1.0,1.0
160.25,1.0,1.0,1.0,1.0,1.0,1.0,1.0
160.3,1.0,1.0,1.0,1.0,1.0,1.0,1.0
160.35000000000002,1.0,1.0,1.0,1.0,1.0,1.0,1.0
160.4,1.0,1.0,1.0,1.0,1.0,1.0,1.0
160.45000000000002,1.0,1.0,1.0,1.0,1.0,1.0,1.0
160.5,1.0,1.0,1.0,1.0,1.0,1.0,1.0
160.55,1.0,1.0,1.0,1.0,1.0,1.0,1.0
160.60000000000002,1.0,1.0,1.0,1.0,1.0,1.0,1.0
160.65,1.0,1.0,1.0,1.0,1.0,1.0,1.0
160.70000000000002,1.0,1.0,1.0,1.0,1.0,1.0,1.0
160.75,1.0,1.0,1.0,1.0,1.0,1.0,1.0
160.8,1.0,1.0,1.0,1.0,1.0,1.0,1.0
160.85000000000002,1.0,1.0,1.0,1.0,1.0,1.0,1.0
160.9,1.0,1.0,1.0,1.0,1.0,1.0,1.0
160.95000000000002,1.0,1.0,1.0,1.0,1.0,1.0,1.0
161.0,1.0,1.0,1.0,1.0,1.0,1.0,1.0
161.05,1.0,1.0,1.0,1.0,1.0,1.0,1.0
161.10000000000002,1.0,1.0,1.0,1.0,1.0,1.0,1.0
161.15,1.0,1.0,1.0,1.0,1.0,1.0,1.0
161.20000000000002,1.0,1.0,1.0,1.0,1.0,1.0,1.0
161.25,1.0,1.0,1.0,1.0,1.0,1.0,1.0
161.3,1.0,1.0,1.0,1.0,1.0,1.0,1.0
161.35000000000002,1.0,1.0,1.0,1.0,1.0,1.0,1.0
161.4,1.0,1.0,1.0,1.0,1.0,1.0,1.0
161.45000000000002,1.0,1.0,1.0,1.0,1.0,1.0,1.0
161.5,1.0,1.0,1.0,1.0,1.0,1.0,1.0
161.55,1.0,1.0,1.0,1.0,1.0,1.0,1.0
161.60000000000002,1.0,1.0,1.0,1.0,1.0,1.0,1.0
161.65,1.0,1.0,1.0,1.0,1.0,1.0,1.0
161.70000000000002,1.0,1.0,1.0,1.0,1.0,1.0,1.0
161.75,1.0,1.0,1.0,1.0,1.0,1.0,1.0
161.8,1.0,1.0,1.0,1.0,1.0,1.0,1.0
161.85000000000002,1.0,1.0,1.0,1.0,1.0,1.0,1.0
161.9,1.0,1.0,1.0,1.0,1.0,1.0,1.0
161.95000000000002,1.0,1.0,1.0,1.0,1.0,1.0,1.0
162.0,1.0,1.0,1.0,1.0,1.0,1.0,1.0
162.05,1.0,1.0,1.0,1.0,1.0,1.0,1.0
162.10000000000002,1.0,1.0,1.0,1.0,1.0,1.0,1.0
162.15,1.0,1.0,1.0,1.0,1.0,1.0,1.0
162.20000000000002,1.0,1.0,1.0,1.0,1.0,1.0,1.0
162.25,1.0,1.0,1.0,1.0,1.0,1.0,1.0
162.3,1.0,1.0,1.0,1.0,1.0,1.0,1.0
162.35000000000002,1.0,1.0,1.0,1.0,1.0,1.0,1.0
162.4,1.0,1.0,1.0,1.0,1.0,1.0,1.0
162.45000000000002,1.0,1.0,1.0,1.0,1.0,1.0,1.0
162.5,1.0,1.0,1.0,1.0,1.0,1.0,1.0
162.55,1.0,1.0,1.0,1.0,1.0,1.0,1.0
162.60000000000002,1.0,1.0,1.0,1.0,1.0,1.0,1.0
162.65,1.0,1.0,1.0,1.0,1.0,1.0,1.0
162.70000000000002,1.0,1.0,1.0,1.0,1.0,1.0,1.0
162.75,1.0,1.0,1.0,1.0,1.0,1.0,1.0
162.8,1.0,1.0,1.0,1.0,1.0,1.0,1.0
162.85000000000002,1.0,1.0,1.0,1.0,1.0,1.0,1.0
162.9,1.0,1.0,1.0,1.0,1.0,1.0,1.0
162.95000000000002,1.0,1.0,1.0,1.0,1.0,1.0,1.0
163.0,1.0,1.0,1.0,1.0,1.0,1.0,1.0
163.05,1.0,1.0,1.0,1.0,1.0,1.0,1.0
163.10000000000002,1.0,1.0,1.0,1.0,1.0,1.0,1.0
163.15,1.0,1.0,1.0,1.0,1.0,1.0,1.0
163.20000000000002,1.0,1.0,1.0,1.0,1.0,1.0,1.0
163.25,1.0,1.0,1.0,1.0,1.0,1.0,1.0
163.3,1.0,1.0,1.0,1.0,1.0,1.0,1.0
163.35000000000002,1.0,1.0,1.0,1.0,1.0,1.0,1.0
163.4,1.0,1.0,1.0,1.0,1.0,1.0,1.0
163.45000000000002,1.0,1.0,1.0,1.0,1.0,1.0,1.0
163.5,1.0,1.0,1.0,1.0,1.0,1.0,1.0
163.55,1.0,1.0,1.0,1.0,1.0,1.0,1.0
163.60000000000002,1.0,1.0,1.0,1.0,1.0,1.0,1.0
163.65,1.0,1.0,1.0,1.0,1.0,1.0,1.0
163.70000000000002,1.0,1.0,1.0,1.0,1.0,1.0,1.0
163.75,1.0,1.0,1.0,1.0,1.0,1.0,1.0
163.8,1.0,1.0,1.0,1.0,1.0,1.0,1.0
163.85000000000002,1.0,1.0,1.0,1.0,1.0,1.0,1.0
163.9,1.0,1.0,1.0,1.0,1.0,1.0,1.0
163.95000000000002,1.0,1.0,1.0,1.0,1.0,1.0,1.0
164.0,1.0,1.0,1.0,1.0,1.0,1.0,1.0
164.05,1.0,1.0,1.0,1.0,1.0,1.0,1.0
164.10000000000002,1.0,1.0,1.0,1.0,1.0,1.0,1.0
164.15,1.0,1.0,1.0,1.0,1.0,1.0,1.0
164.20000000000002,1.0,1.0,1.0,1.0,1.0,1.0,1.0
164.25,1.0,1.0,1.0,1.0,1.0,1.0,1.0
164.3,1.0,1.0,1.0,1.0,1.0,1.0,1.0
164.35000000000002,1.0,1.0,1.0,1.0,1.0,1.0,1.0
164.4,1.0,1.0,1.0,1.0,1.0,1.0,1.0
164.45000000000002,1.0,1.0,1.0,1.0,1.0,1.0,1.0
164.5,1.0,1.0,1.0,1.0,1.0,1.0,1.0
164.55,1.0,1.0,1.0,1.0,1.0,1.0,1.0
164.60000000000002,1.0,1.0,1.0,1.0,1.0,1.0,1.0
164.65,1.0,1.0,1.0,1.0,1.0,1.0,1.0
164.70000000000002,1.0,1.0,1.0,1.0,1.0,1.0,1.0
164.75,1.0,1.0,1.0,1.0,1.0,1.0,1.0
164.8,1.0,1.0,1.0,1.0,1.0,1.0,1.0
164.85000000000002,1.0,1.0,1.0,1.0,1.0,1.0,1.0
164.9,1.0,1.0,1.0,1.0,1.0,1.0,1.0
164.95000000000002,1.0,1.0,1.0,1.0,1.0,1.0,1.0
165.0,1.0,1.0,1.0,1.0,1.0,1.0,1.0
165.05,1.0,1.0,1.0,1.0,1.0,1.0,1.0
165.10000000000002,1.0,1.0,1.0,1.0,1.0,1.0,1.0
165.15,1.0,1.0,1.0,1.0,1.0,1.0,1.0
165.20000000000002,1.0,1.0,1.0,1.0,1.0,1.0,1.0
165.25,1.0,1.0,1.0,1.0,1.0,1.0,1.0
165.3,1.0,1.0,1.0,1.0,1.0,1.0,1.0
165.35000000000002,1.0,1.0,1.0,1.0,1.0,1.0,1.0
165.4,1.0,1.0,1.0,1.0,1.0,1.0,1.0
165.45000000000002,1.0,1.0,1.0,1.0,1.0,1.0,1.0
165.5,1.0,1.0,1.0,1.0,1.0,1.0,1.0
165.55,1.0,1.0,1.0,1.0,1.0,1.0,1.0
165.60000000000002,1.0,1.0,1.0,1.0,1.0,1.0,1.0
165.65,1.0,1.0,1.0,1.0,1.0,1.0,1.0
165.70000000000002,1.0,1.0,1.0,1.0,1.0,1.0,1.0
165.75,1.0,1.0,1.0,1.0,1.0,1.0,1.0
165.8,1.0,1.0,1.0,1.0,1.0,1.0,1.0
165.85000000000002,1.0,1.0,1.0,1.0,1.0,1.0,1.0
165.9,1.0,1.0,1.0,1.0,1.0,1.0,1.0
165.95000000000002,1.0,1.0,1.0,1.0,1.0,1.0,1.0
166.0,1.0,1.0,1.0,1.0,1.0,1.0,1.0
166.05,1.0,1.0,1.0,1.0,1.0,1.0,1.0
166.10000000000002,1.0,1.0,1.0,1.0,1.0,1.0,1.0
166.15,1.0,1.0,1.0,1.0,1.0,1.0,1.0
166.20000000000002,1.0,1.0,1.0,1.0,1.0,1.0,1.0
166.25,1.0,1.0,1.0,1.0,1.0,1.0,1.0
166.3,1.0,1.0,1.0,1.0,1.0,1.0,1.0
166.35000000000002,1.0,1.0,1.0,1.0,1.0,1.0,1.0
166.4,1.0,1.0,1.0,1.0,1.0,1.0,1.0
166.45000000000002,1.0,1.0,1.0,1.0,1.0,1.0,1.0
166.5,1.0,1.0,1.0,1.0,1.0,1.0,1.0
166.55,1.0,1.0,1.0,1.0,1.0,1.0,1.0
166.60000000000002,1.0,1.0,1.0,1.0,1.0,1.0,1.0
166.65,1.0,1.0,1.0,1.0,1.0,1.0,1.0
166.70000000000002,1.0,1.0,1.0,1.0,1.0,1.0,1.0
166.75,1.0,1.0,1.0,1.0,1.0,1.0,1.0
166.8,1.0,1.0,1.0,1.0,1.0,1.0,1.0
166.85000000000002,1.0,1.0,1.0,1.0,1.0,1.0,1.0
166.9,1.0,1.0,1.0,1.0,1.0,1.0,1.0
166.95000000000002,1.0,1.0,1.0,1.0,1.0,1.0,1.0
167.0,1.0,1.0,1.0,1.0,1.0,1.0,1.0
167.05,1.0,1.0,1.0,1.0,1.0,1.0,1.0
167.10000000000002,1.0,1.0,1.0,1.0,1.0,1.0,1.0
167.15,1.0,1.0,1.0,1.0,1.0,1.0,1.0
167.20000000000002,1.0,1.0,1.0,1.0,1.0,1.0,1.0
167.25,1.0,1.0,1.0,1.0,1.0,1.0,1.0
167.3,1.0,1.0,1.0,1.0,1.0,1.0,1.0
167.35000000000002,1.0,1.0,1.0,1.0,1.0,1.0,1.0
167.4,1.0,1.0,1.0,1.0,1.0,1.0,1.0
167.45000000000002,1.0,1.0,1.0,1.0,1.0,1.0,1.0
167.5,1.0,1.0,1.0,1.0,1.0,1.0,1.0
167.55,1.0,1.0,1.0,1.0,1.0,1.0,1.0
167.60000000000002,1.0,1.0,1.0,1.0,1.0,1.0,1.0
167.65,1.0,1.0,1.0,1.0,1.0,1.0,1.0
167.70000000000002,1.0,1.0,1.0,1.0,1.0,1.0,1.0
167.75,1.0,1.0,1.0,1.0,1.0,1.0,1.0
167.8,1.0,1.0,1.0,1.0,1.0,1.0,1.0
167.85000000000002,1.0,1.0,1.0,1.0,1.0,1.0,1.0
167.9,1.0,1.0,1.0,1.0,1.0,1.0,1.0
167.95000000000002,1.0,1.0,1.0,1.0,1.0,1.0,1.0
168.0,1.0,1.0,1.0,1.0,1.0,1.0,1.0
168.05,1.0,1.0,1.0,1.0,1.0,1.0,1.0
168.10000000000002,1.0,1.0,1.0,1.0,1.0,1.0,1.0
168.15,1.0,1.0,1.0,1.0,1.0,1.0,1.0
168.20000000000002,1.0,1.0,1.0,1.0,1.0,1.0,1.0
168.25,1.0,1.0,1.0,1.0,1.0,1.0,1.0
168.3,1.0,1.0,1.0,1.0,1.0,1.0,1.0
168.35000000000002,1.0,1.0,1.0,1.0,1.0,1.0,1.0
168.4,1.0,1.0,1.0,1.0,1.0,1.0,1.0
168.45000000000002,1.0,1.0,1.0,1.0,1.0,1.0,1.0
168.5,1.0,1.0,1.0,1.0,1.0,1.0,1.0
168.55,1.0,1.0,1.0,1.0,1.0,1.0,1.0
168.60000000000002,1.0,1.0,1.0,1.0,1.0,1.0,1.0
168.65,1.0,1.0,1.0,1.0,1.0,1.0,1.0
168.70000000000002,1.0,1.0,1.0,1.0,1.0,1.0,1.0
168.75,1.0,1.0,1.0,1.0,1.0,1.0,1.0
168.8,1.0,1.0,1.0,1.0,1.0,1.0,1.0
168.85000000000002,1.0,1.0,1.0,1.0,1.0,1.0,1.0
168.9,1.0,1.0,1.0,1.0,1.0,1.0,1.0
168.95000000000002,1.0,1.0,1.0,1.0,1.0,1.0,1.0
169.0,1.0,1.0,1.0,1.0,1.0,1.0,1.0
169.05,1.0,1.0,1.0,1.0,1.0,1.0,1.0
169.10000000000002,1.0,1.0,1.0,1.0,1.0,1.0,1.0
169.15,1.0,1.0,1.0,1.0,1.0,1.0,1.0
169.20000000000002,1.0,1.0,1.0,1.0,1.0,1.0,1.0
169.25,1.0,1.0,1.0,1.0,1.0,1.0,1.0
169.3,1.0,1.0,1.0,1.0,1.0,1.0,1.0
169.35000000000002,1.0,1.0,1.0,1.0,1.0,1.0,1.0
169.4,1.0,1.0,1.0,1.0,1.0,1.0,1.0
169.45000000000002,1.0,1.0,1.0,1.0,1.0,1.0,1.0
169.5,1.0,1.0,1.0,1.0,1.0,1.0,1.0
169.55,1.0,1.0,1.0,1.0,1.0,1.0,1.0
169.60000000000002,1.0,1.0,1.0,1.0,1.0,1.0,1.0
169.65,1.0,1.0,1.0,1.0,1.0,1.0,1.0
169.70000000000002,1.0,1.0,1.0,1.0,1.0,1.0,1.0
169.75,1.0,1.0,1.0,1.0,1.0,1.0,1.0
169.8,1.0,1.0,1.0,1.0,1.0,1.0,1.0
169.85000000000002,1.0,1.0,1.0,1.0,1.0,1.0,1.0
169.9,1.0,1.0,1.0,1.0,1.0,1.0,1.0
169.95000000000002,1.0,1.0,1.0,1.0,1.0,1.0,1.0
170.0,1.0,1.0,1.0,1.0,1.0,1.0,1.0
170.05,1.0,1.0,1.0,1.0,1.0,1.0,1.0
170.10000000000002,1.0,1.0,1.0,1.0,1.0,1.0,1.0
170.15,1.0,1.0,1.0,1.0,1.0,1.0,1.0
170.20000000000002,1.0,1.0,1.0,1.0,1.0,1.0,1.0
170.25,1.0,1.0,1.0,1.0,1.0,1.0,1.0
170.3,1.0,1.0,1.0,1.0,1.0,1.0,1.0
170.35000000000002,1.0,1.0,1.0,1.0,1.0,1.0,1.0
170.4,1.0,1.0,1.0,1.0,1.0,1.0,1.0
170.45000000000002,1.0,1.0,1.0,1.0,1.0,1.0,1.0
170.5,1.0,1.0,1.0,1.0,1.0,1.0,1.0
170.55,1.0,1.0,1.0,1.0,1.0,1.0,1.0
170.60000000000002,1.0,1.0,1.0,1.0,1.0,1.0,1.0
170.65,1.0,1.0,1.0,1.0,1.0,1.0,1.0
170.70000000000002,1.0,1.0,1.0,1.0,1.0,1.0,1.0
170.75,1.0,1.0,1.0,1.0,1.0,1.0,1.0
170.8,1.0,1.0,1.0,1.0,1.0,1.0,1.0
170.85000000000002,1.0,1.0,1.0,1.0,1.0,1.0,1.0
170.9,1.0,1.0,1.0,1.0,1.0,1.0,1.0
170.95000000000002,1.0,1.0,1.0,1.0,1.0,1.0,1.0
171.0,1.0,1.0,1.0,1.0,1.0,1.0,1.0
171.05,1.0,1.0,1.0,1.0,1.0,1.0,1.0
171.10000000000002,1.0,1.0,1.0,1.0,1.0,1.0,1.0
171.15,1.0,1.0,1.0,1.0,1.0,1.0,1.0
171.20000000000002,1.0,1.0,1.0,1.0,1.0,1.0,1.0
171.25,1.0,1.0,1.0,1.0,1.0,1.0,1.0
171.3,1.0,1.0,1.0,1.0,1.0,1.0,1.0
171.35000000000002,1.0,1.0,1.0,1.0,1.0,1.0,1.0
171.4,1.0,1.0,1.0,1.0,1.0,1.0,1.0
171.45000000000002,1.0,1.0,1.0,1.0,1.0,1.0,1.0
171.5,1.0,1.0,1.0,1.0,1.0,1.0,1.0
171.55,1.0,1.0,1.0,1.0,1.0,1.0,1.0
171.60000000000002,1.0,1.0,1.0,1.0,1.0,1.0,1.0
171.65,1.0,1.0,1.0,1.0,1.0,1.0,1.0
171.70000000000002,1.0,1.0,1.0,1.0,1.0,1.0,1.0
171.75,1.0,1.0,1.0,1.0,1.0,1.0,1.0
171.8,1.0,1.0,1.0,1.0,1.0,1.0,1.0
171.85000000000002,1.0,1.0,1.0,1.0,1.0,1.0,1.0
171.9,1.0,1.0,1.0,1.0,1.0,1.0,1.0
171.95000000000002,1.0,1.0,1.0,1.0,1.0,1.0,1.0
172.0,1.0,1.0,1.0,1.0,1.0,1.0,1.0
172.05,1.0,1.0,1.0,1.0,1.0,1.0,1.0
172.10000000000002,1.0,1.0,1.0,1.0,1.0,1.0,1.0
172.15,1.0,1.0,1.0,1.0,1.0,1.0,1.0
172.20000000000002,1.0,1.0,1.0,1.0,1.0,1.0,1.0
172.25,1.0,1.0,1.0,1.0,1.0,1.0,1.0
172.3,1.0,1.0,1.0,1.0,1.0,1.0,1.0
172.35000000000002,1.0,1.0,1.0,1.0,1.0,1.0,1.0
172.4,1.0,1.0,1.0,1.0,1.0,1.0,1.0
172.45000000000002,1.0,1.0,1.0,1.0,1.0,1.0,1.0
172.5,1.0,1.0,1.0,1.0,1.0,1.0,1.0
172.55,1.0,1.0,1.0,1.0,1.0,1.0,1.0
172.60000000000002,1.0,1.0,1.0,1.0,1.0,1.0,1.0
172.65,1.0,1.0,1.0,1.0,1.0,1.0,1.0
172.70000000000002,1.0,1.0,1.0,1.0,1.0,1.0,1.0
172.75,1.0,1.0,1.0,1.0,1.0,1.0,1.0
172.8,1.0,1.0,1.0,1.0,1.0,1.0,1.0
172.85000000000002,1.0,1.0,1.0,1.0,1.0,1.0,1.0
172.9,1.0,1.0,1.0,1.0,1.0,1.0,1.0
172.95000000000002,1.0,1.0,1.0,1.0,1.0,1.0,1.0
173.0,1.0,1.0,1.0,1.0,1.0,1.0,1.0
173.05,1.0,1.0,1.0,1.0,1.0,1.0,1.0
173.10000000000002,1.0,1.0,1.0,1.0,1.0,1.0,1.0
173.15,1.0,1.0,1.0,1.0,1.0,1.0,1.0
173.20000000000002,1.0,1.0,1.0,1.0,1.0,1.0,1.0
173.25,1.0,1.0,1.0,1.0,1.0,1.0,1.0
173.3,1.0,1.0,1.0,1.0,1.0,1.0,1.0
173.35000000000002,1.0,1.0,1.0,1.0,1.0,1.0,1.0
173.4,1.0,1.0,1.0,1.0,1.0,1.0,1.0
173.45000000000002,1.0,1.0,1.0,1.0,1.0,1.0,1.0
173.5,1.0,1.0,1.0,1.0,1.0,1.0,1.0
173.55,1.0,1.0,1.0,1.0,1.0,1.0,1.0
173.60000000000002,1.0,1.0,1.0,1.0,1.0,1.0,1.0
173.65,1.0,1.0,1.0,1.0,1.0,1.0,1.0
173.70000000000002,1.0,1.0,1.0,1.0,1.0,1.0,1.0
173.75,1.0,1.0,1.0,1.0,1.0,1.0,1.0
173.8,1.0,1.0,1.0,1.0,1.0,1.0,1.0
173.85000000000002,1.0,1.0,1.0,1.0,1.0,1.0,1.0
173.9,1.0,1.0,1.0,1.0,1.0,1.0,1.0
173.95000000000002,1.0,1.0,1.0,1.0,1.0,1.0,1.0
174.0,1.0,1.0,1.0,1.0,1.0,1.0,1.0
174.05,1.0,1.0,1.0,1.0,1.0,1.0,1.0
174.10000000000002,1.0,1.0,1.0,1.0,1.0,1.0,1.0
174.15,1.0,1.0,1.0,1.0,1.0,1.0,1.0
174.20000000000002,1.0,1.0,1.0,1.0,1.0,1.0,1.0
174.25,1.0,1.0,1.0,1.0,1.0,1.0,1.0
174.3,1.0,1.0,1.0,1.0,1.0,1.0,1.0
174.35000000000002,1.0,1.0,1.0,1.0,1.0,1.0,1.0
174.4,1.0,1.0,1.0,1.0,1.0,1.0,1.0
174.45000000000002,1.0,1.0,1.0,1.0,1.0,1.0,1.0
174.5,1.0,1.0,1.0,1.0,1.0,1.0,1.0
174.55,1.0,1.0,1.0,1.0,1.0,1.0,1.0
174.60000000000002,1.0,1.0,1.0,1.0,1.0,1.0,1.0
174.65,1.0,1.0,1.0,1.0,1.0,1.0,1.0
174.70000000000002,1.0,1.0,1.0,1.0,1.0,1.0,1.0
174.75,1.0,1.0,1.0,1.0,1.0,1.0,1.0
174.8,1.0,1.0,1.0,1.0,1.0,1.0,1.0
174.85000000000002,1.0,1.0,1.0,1.0,1.0,1.0,1.0
174.9,1.0,1.0,1.0,1.0,1.0,1.0,1.0
174.95000000000002,1.0,1.0,1.0,1.0,1.0,1.0,1.0
175.0,1.0,1.0,1.0,1.0,1.0,1.0,1.0
175.05,1.0,1.0,1.0,1.0,1.0,1.0,1.0
175.10000000000002,1.0,1.0,1.0,1.0,1.0,1.0,1.0
175.15,1.0,1.0,1.0,1.0,1.0,1.0,1.0
175.20000000000002,1.0,1.0,1.0,1.0,1.0,1.0,1.0
175.25,1.0,1.0,1.0,1.0,1.0,1.0,1.0
175.3,1.0,1.0,1.0,1.0,1.0,1.0,1.0
175.35000000000002,1.0,1.0,1.0,1.0,1.0,1.0,1.0
175.4,1.0,1.0,1.0,1.0,1.0,1.0,1.0
175.45000000000002,1.0,1.0,1.0,1.0,1.0,1.0,1.0
175.5,1.0,1.0,1.0,1.0,1.0,1.0,1.0
175.55,1.0,1.0,1.0,1.0,1.0,1.0,1.0
175.60000000000002,1.0,1.0,1.0,1.0,1.0,1.0,1.0
175.65,1.0,1.0,1.0,1.0,1.0,1.0,1.0
175.70000000000002,1.0,1.0,1.0,1.0,1.0,1.0,1.0
175.75,1.0,1.0,1.0,1.0,1.0,1.0,1.0
175.8,1.0,1.0,1.0,1.0,1.0,1.0,1.0
175.85000000000002,1.0,1.0,1.0,1.0,1.0,1.0,1.0
175.9,1.0,1.0,1.0,1.0,1.0,1.0,1.0
175.95000000000002,1.0,1.0,1.0,1.0,1.0,1.0,1.0
176.0,1.0,1.0,1.0,1.0,1.0,1.0,1.0
176.05,1.0,1.0,1.0,1.0,1.0,1.0,1.0
176.10000000000002,1.0,1.0,1.0,1.0,1.0,1.0,1.0
176.15,1.0,1.0,1.0,1.0,1.0,1.0,1.0
176.20000000000002,1.0,1.0,1.0,1.0,1.0,1.0,1.0
176.25,1.0,1.0,1.0,1.0,1.0,1.0,1.0
176.3,1.0,1.0,1.0,1.0,1.0,1.0,1.0
176.35000000000002,1.0,1.0,1.0,1.0,1.0,1.0,1.0
176.4,1.0,1.0,1.0,1.0,1.0,1.0,1.0
176.45000000000002,1.0,1.0,1.0,1.0,1.0,1.0,1.0
176.5,1.0,1.0,1.0,1.0,1.0,1.0,1.0
176.55,1.0,1.0,1.0,1.0,1.0,1.0,1.0
176.60000000000002,1.0,1.0,1.0,1.0,1.0,1.0,1.0
176.65,1.0,1.0,1.0,1.0,1.0,1.0,1.0
176.70000000000002,1.0,1.0,1.0,1.0,1.0,1.0,1.0
176.75,1.0,1.0,1.0,1.0,1.0,1.0,1.0
176.8,1.0,1.0,1.0,1.0,1.0,1.0,1.0
176.85000000000002,1.0,1.0,1.0,1.0,1.0,1.0,1.0
176.9,1.0,1.0,1.0,1.0,1.0,1.0,1.0
176.95000000000002,1.0,1.0,1.0,1.0,1.0,1.0,1.0
177.0,1.0,1.0,1.0,1.0,1.0,1.0,1.0
177.05,1.0,1.0,1.0,1.0,1.0,1.0,1.0
177.10000000000002,1.0,1.0,1.0,1.0,1.0,1.0,1.0
177.15,1.0,1.0,1.0,1.0,1.0,1.0,1.0
177.20000000000002,1.0,1.0,1.0,1.0,1.0,1.0,1.0
177.25,1.0,1.0,1.0,1.0,1.0,1.0,1.0
177.3,1.0,1.0,1.0,1.0,1.0,1.0,1.0
177.35000000000002,1.0,1.0,1.0,1.0,1.0,1.0,1.0
177.4,1.0,1.0,1.0,1.0,1.0,1.0,1.0
177.45000000000002,1.0,1.0,1.0,1.0,1.0,1.0,1.0
177.5,1.0,1.0,1.0,1.0,1.0,1.0,1.0
177.55,1.0,1.0,1.0,1.0,1.0,1.0,1.0
177.60000000000002,1.0,1.0,1.0,1.0,1.0,1.0,1.0
177.65,1.0,1.0,1.0,1.0,1.0,1.0,1.0
177.70000000000002,1.0,1.0,1.0,1.0,1.0,1.0,1.0
177.75,1.0,1.0,1.0,1.0,1.0,1.0,1.0
177.8,1.0,1.0,1.0,1.0,1.0,1.0,1.0
177.85000000000002,1.0,1.0,1.0,1.0,1.0,1.0,1.0
177.9,1.0,1.0,1.0,1.0,1.0,1.0,1.0
177.95000000000002,1.0,1.0,1.0,1.0,1.0,1.0,1.0
178.0,1.0,1.0,1.0,1.0,1.0,1.0,1.0
178.05,1.0,1.0,1.0,1.0,1.0,1.0,1.0
178.10000000000002,1.0,1.0,1.0,1.0,1.0,1.0,1.0
178.15,1.0,1.0,1.0,1.0,1.0,1.0,1.0
178.20000000000002,1.0,1.0,1.0,1.0,1.0,1.0,1.0
178.25,1.0,1.0,1.0,1.0,1.0,1.0,1.0
178.3,1.0,1.0,1.0,1.0,1.0,1.0,1.0
178.35000000000002,1.0,1.0,1.0,1.0,1.0,1.0,1.0
178.4,1.0,1.0,1.0,1.0,1.0,1.0,1.0
178.45000000000002,1.0,1.0,1.0,1.0,1.0,1.0,1.0
178.5,1.0,1.0,1.0,1.0,1.0,1.0,1.0
178.55,1.0,1.0,1.0,1.0,1.0,1.0,1.0
178.60000000000002,1.0,1.0,1.0,1.0,1.0,1.0,1.0
178.65,1.0,1.0,1.0,1.0,1.0,1.0,1.0
178.70000000000002,1.0,1.0,1.0,1.0,1.0,1.0,1.0
178.75,1.0,1.0,1.0,1.0,1.0,1.0,1.0
178.8,1.0,1.0,1.0,1.0,1.0,1.0,1.0
178.85000000000002,1.0,1.0,1.0,1.0,1.0,1.0,1.0
178.9,1.0,1.0,1.0,1.0,1.0,1.0,1.0
178.95000000000002,1.0,1.0,1.0,1.0,1.0,1.0,1.0
179.0,1.0,1.0,1.0,1.0,1.0,1.0,1.0
179.05,1.0,1.0,1.0,1.0,1.0,1.0,1.0
179.10000000000002,1.0,1.0,1.0,1.0,1.0,1.0,1.0
179.15,1.0,1.0,1.0,1.0,1.0,1.0,1.0
179.20000000000002,1.0,1.0,1.0,1.0,1.0,1.0,1.0
179.25,1.0,1.0,1.0,1.0,1.0,1.0,1.0
179.3,1.0,1.0,1.0,1.0,1.0,1.0,1.0
179.35000000000002,1.0,1.0,1.0,1.0,1.0,1.0,1.0
179.4,1.0,1.0,1.0,1.0,1.0,1.0,1.0
179.45000000000002,1.0,1.0,1.0,1.0,1.0,1.0,1.0
179.5,1.0,1.0,1.0,1.0,1.0,1.0,1.0
179.55,1.0,1.0,1.0,1.0,1.0,1.0,1.0
179.60000000000002,1.0,1.0,1.0,1.0,1.0,1.0,1.0
179.65,1.0,1.0,1.0,1.0,1.0,1.0,1.0
179.70000000000002,1.0,1.0,1.0,1.0,1.0,1.0,1.0
179.75,1.0,1.0,1.0,1.0,1.0,1.0,1.0
179.8,1.0,1.0,1.0,1.0,1.0,1.0,1.0
179.85000000000002,1.0,1.0,1.0,1.0,1.0,1.0,1.0
179.9,1.0,1.0,1.0,1.0,1.0,1.0,1.0
179.95000000000002,1.0,1.0,1.0,1.0,1.0,1.0,1.0
180.0,1.0,1.0,1.0,1.0,1.0,1.0,1.0
180.05,1.0,1.0,1.0,1.0,1.0,1.0,1.0
180.10000000000002,1.0,1.0,1.0,1.0,1.0,1.0,1.0
180.15,1.0,1.0,1.0,1.0,1.0,1.0,1.0
180.20000000000002,1.0,1.0,1.0,1.0,1.0,1.0,1.0
180.25,1.0,1.0,1.0,1.0,1.0,1.0,1.0
180.3,1.0,1.0,1.0,1.0,1.0,1.0,1.0
180.35000000000002,1.0,1.0,1.0,1.0,1.0,1.0,1.0
180.4,1.0,1.0,1.0,1.0,1.0,1.0,1.0
180.45000000000002,1.0,1.0,1.0,1.0,1.0,1.0,1.0
180.5,1.0,1.0,1.0,1.0,1.0,1.0,1.0
180.55,1.0,1.0,1.0,1.0,1.0,1.0,1.0
180.60000000000002,1.0,1.0,1.0,1.0,1.0,1.0,1.0
180.65,1.0,1.0,1.0,1.0,1.0,1.0,1.0
180.70000000000002,1.0,1.0,1.0,1.0,1.0,1.0,1.0
180.75,1.0,1.0,1.0,1.0,1.0,1.0,1.0
180.8,1.0,1.0,1.0,1.0,1.0,1.0,1.0
180.85000000000002,1.0,1.0,1.0,1.0,1.0,1.0,1.0
180.9,1.0,1.0,1.0,1.0,1.0,1.0,1.0
180.95000000000002,1.0,1.0,1.0,1.0,1.0,1.0,1.0
181.0,1.0,1.0,1.0,1.0,1.0,1.0,1.0
181.05,1.0,1.0,1.0,1.0,1.0,1.0,1.0
181.10000000000002,1.0,1.0,1.0,1.0,1.0,1.0,1.0
181.15,1.0,1.0,1.0,1.0,1.0,1.0,1.0
181.20000000000002,1.0,1.0,1.0,1.0,1.0,1.0,1.0
181.25,1.0,1.0,1.0,1.0,1.0,1.0,1.0
181.3,1.0,1.0,1.0,1.0,1.0,1.0,1.0
181.35000000000002,1.0,1.0,1.0,1.0,1.0,1.0,1.0
181.4,1.0,1.0,1.0,1.0,1.0,1.0,1.0
181.45000000000002,1.0,1.0,1.0,1.0,1.0,1.0,1.0
181.5,1.0,1.0,1.0,1.0,1.0,1.0,1.0
181.55,1.0,1.0,1.0,1.0,1.0,1.0,1.0
181.60000000000002,1.0,1.0,1.0,1.0,1.0,1.0,1.0
181.65,1.0,1.0,1.0,1.0,1.0,1.0,1.0
181.70000000000002,1.0,1.0,1.0,1.0,1.0,1.0,1.0
181.75,1.0,1.0,1.0,1.0,1.0,1.0,1.0
181.8,1.0,1.0,1.0,1.0,1.0,1.0,1.0
181.85000000000002,1.0,1.0,1.0,1.0,1.0,1.0,1.0
181.9,1.0,1.0,1.0,1.0,1.0,1.0,1.0
181.95000000000002,1.0,1.0,1.0,1.0,1.0,1.0,1.0
182.0,1.0,1.0,1.0,1.0,1.0,1.0,1.0
182.05,1.0,1.0,1.0,1.0,1.0,1.0,1.0
182.10000000000002,1.0,1.0,1.0,1.0,1.0,1.0,1.0
182.15,1.0,1.0,1.0,1.0,1.0,1.0,1.0
182.20000000000002,1.0,1.0,1.0,1.0,1.0,1.0,1.0
182.25,1.0,1.0,1.0,1.0,1.0,1.0,1.0
182.3,1.0,1.0,1.0,1.0,1.0,1.0,1.0
182.35000000000002,1.0,1.0,1.0,1.0,1.0,1.0,1.0
182.4,1.0,1.0,1.0,1.0,1.0,1.0,1.0
182.45000000000002,1.0,1.0,1.0,1.0,1.0,1.0,1.0
182.5,1.0,1.0,1.0,1.0,1.0,1.0,1.0
182.55,1.0,1.0,1.0,1.0,1.0,1.0,1.0
182.60000000000002,1.0,1.0,1.0,1.0,1.0,1.0,1.0
182.65,1.0,1.0,1.0,1.0,1.0,1.0,1.0
182.70000000000002,1.0,1.0,1.0,1.0,1.0,1.0,1.0
182.75,1.0,1.0,1.0,1.0,1.0,1.0,1.0
182.8,1.0,1.0,1.0,1.0,1.0,1.0,1.0
182.85000000000002,1.0,1.0,1.0,1.0,1.0,1.0,1.0
182.9,1.0,1.0,1.0,1.0,1.0,1.0,1.0
182.95000000000002,1.0,1.0,1.0,1.0,1.0,1.0,1.0
183.0,1.0,1.0,1.0,1.0,1.0,1.0,1.0
183.05,1.0,1.0,1.0,1.0,1.0,1.0,1.0
183.10000000000002,1.0,1.0,1.0,1.0,1.0,1.0,1.0
183.15,1.0,1.0,1.0,1.0,1.0,1.0,1.0
183.20000000000002,1.0,1.0,1.0,1.0,1.0,1.0,1.0
183.25,1.0,1.0,1.0,1.0,1.0,1.0,1.0
183.3,1.0,1.0,1.0,1.0,1.0,1.0,1.0
183.35000000000002,1.0,1.0,1.0,1.0,1.0,1.0,1.0
183.4,1.0,1.0,1.0,1.0,1.0,1.0,1.0
183.45000000000002,1.0,1.0,1.0,1.0,1.0,1.0,1.0
183.5,1.0,1.0,1.0,1.0,1.0,1.0,1.0
183.55,1.0,1.0,1.0,1.0,1.0,1.0,1.0
183.60000000000002,1.0,1.0,1.0,1.0,1.0,1.0,1.0
183.65,1.0,1.0,1.0,1.0,1.0,1.0,1.0
183.70000000000002,1.0,1.0,1.0,1.0,1.0,1.0,1.0
183.75,1.0,1.0,1.0,1.0,1.0,1.0,1.0
183.8,1.0,1.0,1.0,1.0,1.0,1.0,1.0
183.85000000000002,1.0,1.0,1.0,1.0,1.0,1.0,1.0
183.9,1.0,1.0,1.0,1.0,1.0,1.0,1.0
183.95000000000002,1.0,1.0,1.0,1.0,1.0,1.0,1.0
184.0,1.0,1.0,1.0,1.0,1.0,1.0,1.0
184.05,1.0,1.0,1.0,1.0,1.0,1.0,1.0
184.10000000000002,1.0,1.0,1.0,1.0,1.0,1.0,1.0
184.15,1.0,1.0,1.0,1.0,1.0,1.0,1.0
184.20000000000002,1.0,1.0,1.0,1.0,1.0,1.0,1.0
184.25,1.0,1.0,1.0,1.0,1.0,1.0,1.0
184.3,1.0,1.0,1.0,1.0,1.0,1.0,1.0
184.35000000000002,1.0,1.0,1.0,1.0,1.0,1.0,1.0
184.4,1.0,1.0,1.0,1.0,1.0,1.0,1.0
184.45000000000002,1.0,1.0,1.0,1.0,1.0,1.0,1.0
184.5,1.0,1.0,1.0,1.0,1.0,1.0,1.0
184.55,1.0,1.0,1.0,1.0,1.0,1.0,1.0
184.60000000000002,1.0,1.0,1.0,1.0,1.0,1.0,1.0
184.65,1.0,1.0,1.0,1.0,1.0,1.0,1.0
184.70000000000002,1.0,1.0,1.0,1.0,1.0,1.0,1.0
184.75,1.0,1.0,1.0,1.0,1.0,1.0,1.0
184.8,1.0,1.0,1.0,1.0,1.0,1.0,1.0
184.85000000000002,1.0,1.0,1.0,1.0,1.0,1.0,1.0
184.9,1.0,1.0,1.0,1.0,1.0,1.0,1.0
184.95000000000002,1.0,1.0,1.0,1.0,1.0,1.0,1.0
185.0,1.0,1.0,1.0,1.0,1.0,1.0,1.0
185.05,1.0,1.0,1.0,1.0,1.0,1.0,1.0
185.10000000000002,1.0,1.0,1.0,1.0,1.0,1.0,1.0
185.15,1.0,1.0,1.0,1.0,1.0,1.0,1.0
185.20000000000002,1.0,1.0,1.0,1.0,1.0,1.0,1.0
185.25,1.0,1.0,1.0,1.0,1.0,1.0,1.0
185.3,1.0,1.0,1.0,1.0,1.0,1.0,1.0
185.35000000000002,1.0,1.0,1.0,1.0,1.0,1.0,1.0
185.4,1.0,1.0,1.0,1.0,1.0,1.0,1.0
185.45000000000002,1.0,1.0,1.0,1.0,1.0,1.0,1.0
185.5,1.0,1.0,1.0,1.0,1.0,1.0,1.0
185.55,1.0,1.0,1.0,1.0,1.0,1.0,1.0
185.60000000000002,1.0,1.0,1.0,1.0,1.0,1.0,1.0
185.65,1.0,1.0,1.0,1.0,1.0,1.0,1.0
185.70000000000002,1.0,1.0,1.0,1.0,1.0,1.0,1.0
185.75,1.0,1.0,1.0,1.0,1.0,1.0,1.0
185.8,1.0,1.0,1.0,1.0,1.0,1.0,1.0
185.85000000000002,1.0,1.0,1.0,1.0,1.0,1.0,1.0
185.9,1.0,1.0,1.0,1.0,1.0,1.0,1.0
185.95000000000002,1.0,1.0,1.0,1.0,1.0,1.0,1.0
186.0,1.0,1.0,1.0,1.0,1.0,1.0,1.0
186.05,1.0,1.0,1.0,1.0,1.0,1.0,1.0
186.10000000000002,1.0,1.0,1.0,1.0,1.0,1.0,1.0
186.15,1.0,1.0,1.0,1.0,1.0,1.0,1.0
186.20000000000002,1.0,1.0,1.0,1.0,1.0,1.0,1.0
186.25,1.0,1.0,1.0,1.0,1.0,1.0,1.0
186.3,1.0,1.0,1.0,1.0,1.0,1.0,1.0
186.35000000000002,1.0,1.0,1.0,1.0,1.0,1.0,1.0
186.4,1.0,1.0,1.0,1.0,1.0,1.0,1.0
186.45000000000002,1.0,1.0,1.0,1.0,1.0,1.0,1.0
186.5,1.0,1.0,1.0,1.0,1.0,1.0,1.0
186.55,1.0,1.0,1.0,1.0,1.0,1.0,1.0
186.60000000000002,1.0,1.0,1.0,1.0,1.0,1.0,1.0
186.65,1.0,1.0,1.0,1.0,1.0,1.0,1.0
186.70000000000002,1.0,1.0,1.0,1.0,1.0,1.0,1.0
186.75,1.0,1.0,1.0,1.0,1.0,1.0,1.0
186.8,1.0,1.0,1.0,1.0,1.0,1.0,1.0
186.85000000000002,1.0,1.0,1.0,1.0,1.0,1.0,1.0
186.9,1.0,1.0,1.0,1.0,1.0,1.0,1.0
186.95000000000002,1.0,1.0,1.0,1.0,1.0,1.0,1.0
187.0,1.0,1.0,1.0,1.0,1.0,1.0,1.0
187.05,1.0,1.0,1.0,1.0,1.0,1.0,1.0
187.10000000000002,1.0,1.0,1.0,1.0,1.0,1.0,1.0
187.15,1.0,1.0,1.0,1.0,1.0,1.0,1.0
187.20000000000002,1.0,1.0,1.0,1.0,1.0,1.0,1.0
187.25,1.0,1.0,1.0,1.0,1.0,1.0,1.0
187.3,1.0,1.0,1.0,1.0,1.0,1.0,1.0
187.35000000000002,1.0,1.0,1.0,1.0,1.0,1.0,1.0
187.4,1.0,1.0,1.0,1.0,1.0,1.0,1.0
187.45000000000002,1.0,1.0,1.0,1.0,1.0,1.0,1.0
187.5,1.0,1.0,1.0,1.0,1.0,1.0,1.0
187.55,1.0,1.0,1.0,1.0,1.0,1.0,1.0
187.60000000000002,1.0,1.0,1.0,1.0,1.0,1.0,1.0
187.65,1.0,1.0,1.0,1.0,1.0,1.0,1.0
187.70000000000002,1.0,1.0,1.0,1.0,1.0,1.0,1.0
187.75,1.0,1.0,1.0,1.0,1.0,1.0,1.0
187.8,1.0,1.0,1.0,1.0,1.0,1.0,1.0
187.85000000000002,1.0,1.0,1.0,1.0,1.0,1.0,1.0
187.9,1.0,1.0,1.0,1.0,1.0,1.0,1.0
187.95000000000002,1.0,1.0,1.0,1.0,1.0,1.0,1.0
188.0,1.0,1.0,1.0,1.0,1.0,1.0,1.0
188.05,1.0,1.0,1.0,1.0,1.0,1.0,1.0
188.10000000000002,1.0,1.0,1.0,1.0,1.0,1.0,1.0
188.15,1.0,1.0,1.0,1.0,1.0,1.0,1.0
188.20000000000002,1.0,1.0,1.0,1.0,1.0,1.0,1.0
188.25,1.0,1.0,1.0,1.0,1.0,1.0,1.0
188.3,1.0,1.0,1.0,1.0,1.0,1.0,1.0
188.35000000000002,1.0,1.0,1.0,1.0,1.0,1.0,1.0
188.4,1.0,1.0,1.0,1.0,1.0,1.0,1.0
188.45000000000002,1.0,1.0,1.0,1.0,1.0,1.0,1.0
188.5,1.0,1.0,1.0,1.0,1.0,1.0,1.0
188.55,1.0,1.0,1.0,1.0,1.0,1.0,1.0
188.60000000000002,1.0,1.0,1.0,1.0,1.0,1.0,1.0
188.65,1.0,1.0,1.0,1.0,1.0,1.0,1.0
188.70000000000002,1.0,1.0,1.0,1.0,1.0,1.0,1.0
188.75,1.0,1.0,1.0,1.0,1.0,1.0,1.0
188.8,1.0,1.0,1.0,1.0,1.0,1.0,1.0
188.85000000000002,1.0,1.0,1.0,1.0,1.0,1.0,1.0
188.9,1.0,1.0,1.0,1.0,1.0,1.0,1.0
188.95000000000002,1.0,1.0,1.0,1.0,1.0,1.0,1.0
189.0,1.0,1.0,1.0,1.0,1.0,1.0,1.0
189.05,1.0,1.0,1.0,1.0,1.0,1.0,1.0
189.10000000000002,1.0,1.0,1.0,1.0,1.0,1.0,1.0
189.15,1.0,1.0,1.0,1.0,1.0,1.0,1.0
189.20000000000002,1.0,1.0,1.0,1.0,1.0,1.0,1.0
189.25,1.0,1.0,1.0,1.0,1.0,1.0,1.0
189.3,1.0,1.0,1.0,1.0,1.0,1.0,1.0
189.35000000000002,1.0,1.0,1.0,1.0,1.0,1.0,1.0
189.4,1.0,1.0,1.0,1.0,1.0,1.0,1.0
189.45000000000002,1.0,1.0,1.0,1.0,1.0,1.0,1.0
189.5,1.0,1.0,1.0,1.0,1.0,1.0,1.0
189.55,1.0,1.0,1.0,1.0,1.0,1.0,1.0
189.60000000000002,1.0,1.0,1.0,1.0,1.0,1.0,1.0
189.65,1.0,1.0,1.0,1.0,1.0,1.0,1.0
189.70000000000002,1.0,1.0,1.0,1.0,1.0,1.0,1.0
189.75,1.0,1.0,1.0,1.0,1.0,1.0,1.0
189.8,1.0,1.0,1.0,1.0,1.0,1.0,1.0
189.85000000000002,1.0,1.0,1.0,1.0,1.0,1.0,1.0
189.9,1.0,1.0,1.0,1.0,1.0,1.0,1.0
189.95000000000002,1.0,1.0,1.0,1.0,1.0,1.0,1.0
190.0,1.0,1.0,1.0,1.0,1.0,1.0,1.0
190.05,1.0,1.0,1.0,1.0,1.0,1.0,1.0
190.10000000000002,1.0,1.0,1.0,1.0,1.0,1.0,1.0
190.15,1.0,1.0,1.0,1.0,1.0,1.0,1.0
190.20000000000002,1.0,1.0,1.0,1.0,1.0,1.0,1.0
190.25,1.0,1.0,1.0,1.0,1.0,1.0,1.0
190.3,1.0,1.0,1.0,1.0,1.0,1.0,1.0
190.35000000000002,1.0,1.0,1.0,1.0,1.0,1.0,1.0
190.4,1.0,1.0,1.0,1.0,1.0,1.0,1.0
190.45000000000002,1.0,1.0,1.0,1.0,1.0,1.0,1.0
190.5,1.0,1.0,1.0,1.0,1.0,1.0,1.0
190.55,1.0,1.0,1.0,1.0,1.0,1.0,1.0
190.60000000000002,1.0,1.0,1.0,1.0,1.0,1.0,1.0
190.65,1.0,1.0,1.0,1.0,1.0,1.0,1.0
190.70000000000002,1.0,1.0,1.0,1.0,1.0,1.0,1.0
190.75,1.0,1.0,1.0,1.0,1.0,1.0,1.0
190.8,1.0,1.0,1.0,1.0,1.0,1.0,1.0
190.85000000000002,1.0,1.0,1.0,1.0,1.0,1.0,1.0
190.9,1.0,1.0,1.0,1.0,1.0,1.0,1.0
190.95000000000002,1.0,1.0,1.0,1.0,1.0,1.0,1.0
191.0,1.0,1.0,1.0,1.0,1.0,1.0,1.0
191.05,1.0,1.0,1.0,1.0,1.0,1.0,1.0
191.10000000000002,1.0,1.0,1.0,1.0,1.0,1.0,1.0
191.15,1.0,1.0,1.0,1.0,1.0,1.0,1.0
191.20000000000002,1.0,1.0,1.0,1.0,1.0,1.0,1.0
191.25,1.0,1.0,1.0,1.0,1.0,1.0,1.0
191.3,1.0,1.0,1.0,1.0,1.0,1.0,1.0
191.35000000000002,1.0,1.0,1.0,1.0,1.0,1.0,1.0
191.4,1.0,1.0,1.0,1.0,1.0,1.0,1.0
191.45000000000002,1.0,1.0,1.0,1.0,1.0,1.0,1.0
191.5,1.0,1.0,1.0,1.0,1.0,1.0,1.0
191.55,1.0,1.0,1.0,1.0,1.0,1.0,1.0
191.60000000000002,1.0,1.0,1.0,1.0,1.0,1.0,1.0
191.65,1.0,1.0,1.0,1.0,1.0,1.0,1.0
191.70000000000002,1.0,1.0,1.0,1.0,1.0,1.0,1.0
191.75,1.0,1.0,1.0,1.0,1.0,1.0,1.0
191.8,1.0,1.0,1.0,1.0,1.0,1.0,1.0
191.85000000000002,1.0,1.0,1.0,1.0,1.0,1.0,1.0
191.9,1.0,1.0,1.0,1.0,1.0,1.0,1.0
191.95000000000002,1.0,1.0,1.0,1.0,1.0,1.0,1.0
192.0,1.0,1.0,1.0,1.0,1.0,1.0,1.0
192.05,1.0,1.0,1.0,1.0,1.0,1.0,1.0
192.10000000000002,1.0,1.0,1.0,1.0,1.0,1.0,1.0
192.15,1.0,1.0,1.0,1.0,1.0,1.0,1.0
192.20000000000002,1.0,1.0,1.0,1.0,1.0,1.0,1.0
192.25,1.0,1.0,1.0,1.0,1.0,1.0,1.0
192.3,1.0,1.0,1.0,1.0,1.0,1.0,1.0
192.35000000000002,1.0,1.0,1.0,1.0,1.0,1.0,1.0
192.4,1.0,1.0,1.0,1.0,1.0,1.0,1.0
192.45000000000002,1.0,1.0,1.0,1.0,1.0,1.0,1.0
192.5,1.0,1.0,1.0,1.0,1.0,1.0,1.0
192.55,1.0,1.0,1.0,1.0,1.0,1.0,1.0
192.60000000000002,1.0,1.0,1.0,1.0,1.0,1.0,1.0
192.65,1.0,1.0,1.0,1.0,1.0,1.0,1.0
192.70000000000002,1.0,1.0,1.0,1.0,1.0,1.0,1.0
192.75,1.0,1.0,1.0,1.0,1.0,1.0,1.0
192.8,1.0,1.0,1.0,1.0,1.0,1.0,1.0
192.85000000000002,1.0,1.0,1.0,1.0,1.0,1.0,1.0
192.9,1.0,1.0,1.0,1.0,1.0,1.0,1.0
192.95000000000002,1.0,1.0,1.0,1.0,1.0,1.0,1.0
193.0,1.0,1.0,1.0,1.0,1.0,1.0,1.0
193.05,1.0,1.0,1.0,1.0,1.0,1.0,1.0
193.10000000000002,1.0,1.0,1.0,1.0,1.0,1.0,1.0
193.15,1.0,1.0,1.0,1.0,1.0,1.0,1.0
193.20000000000002,1.0,1.0,1.0,1.0,1.0,1.0,1.0
193.25,1.0,1.0,1.0,1.0,1.0,1.0,1.0
193.3,1.0,1.0,1.0,1.0,1.0,1.0,1.0
193.35000000000002,1.0,1.0,1.0,1.0,1.0,1.0,1.0
193.4,1.0,1.0,1.0,1.0,1.0,1.0,1.0
193.45000000000002,1.0,1.0,1.0,1.0,1.0,1.0,1.0
193.5,1.0,1.0,1.0,1.0,1.0,1.0,1.0
193.55,1.0,1.0,1.0,1.0,1.0,1.0,1.0
193.60000000000002,1.0,1.0,1.0,1.0,1.0,1.0,1.0
193.65,1.0,1.0,1.0,1.0,1.0,1.0,1.0
193.70000000000002,1.0,1.0,1.0,1.0,1.0,1.0,1.0
193.75,1.0,1.0,1.0,1.0,1.0,1.0,1.0
193.8,1.0,1.0,1.0,1.0,1.0,1.0,1.0
193.85000000000002,1.0,1.0,1.0,1.0,1.0,1.0,1.0
193.9,1.0,1.0,1.0,1.0,1.0,1.0,1.0
193.95000000000002,1.0,1.0,1.0,1.0,1.0,1.0,1.0
194.0,1.0,1.0,1.0,1.0,1.0,1.0,1.0
194.05,1.0,1.0,1.0,1.0,1.0,1.0,1.0
194.10000000000002,1.0,1.0,1.0,1.0,1.0,1.0,1.0
194.15,1.0,1.0,1.0,1.0,1.0,1.0,1.0
194.20000000000002,1.0,1.0,1.0,1.0,1.0,1.0,1.0
194.25,1.0,1.0,1.0,1.0,1.0,1.0,1.0
194.3,1.0,1.0,1.0,1.0,1.0,1.0,1.0
194.35000000000002,1.0,1.0,1.0,1.0,1.0,1.0,1.0
194.4,1.0,1.0,1.0,1.0,1.0,1.0,1.0
194.45000000000002,1.0,1.0,1.0,1.0,1.0,1.0,1.0
194.5,1.0,1.0,1.0,1.0,1.0,1.0,1.0
194.55,1.0,1.0,1.0,1.0,1.0,1.0,1.0
194.60000000000002,1.0,1.0,1.0,1.0,1.0,1.0,1.0
194.65,1.0,1.0,1.0,1.0,1.0,1.0,1.0
194.70000000000002,1.0,1.0,1.0,1.0,1.0,1.0,1.0
194.75,1.0,1.0,1.0,1.0,1.0,1.0,1.0
194.8,1.0,1.0,1.0,1.0,1.0,1.0,1.0
194.85000000000002,1.0,1.0,1.0,1.0,1.0,1.0,1.0
194.9,1.0,1.0,1.0,1.0,1.0,1.0,1.0
194.95000000000002,1.0,1.0,1.0,1.0,1.0,1.0,1.0
195.0,1.0,1.0,1.0,1.0,1.0,1.0,1.0
195.05,1.0,1.0,1.0,1.0,1.0,1.0,1.0
195.10000000000002,1.0,1.0,1.0,1.0,1.0,1.0,1.0
195.15,1.0,1.0,1.0,1.0,1.0,1.0,1.0
195.20000000000002,1.0,1.0,1.0,1.0,1.0,1.0,1.0
195.25,1.0,1.0,1.0,1.0,1.0,1.0,1.0
195.3,1.0,1.0,1.0,1.0,1.0,1.0,1.0
195.35000000000002,1.0,1.0,1.0,1.0,1.0,1.0,1.0
195.4,1.0,1.0,1.0,1.0,1.0,1.0,1.0
195.45000000000002,1.0,1.0,1.0,1.0,1.0,1.0,1.0
195.5,1.0,1.0,1.0,1.0,1.0,1.0,1.0
195.55,1.0,1.0,1.0,1.0,1.0,1.0,1.0
195.60000000000002,1.0,1.0,1.0,1.0,1.0,1.0,1.0
195.65,1.0,1.0,1.0,1.0,1.0,1.0,1.0
195.70000000000002,1.0,1.0,1.0,1.0,1.0,1.0,1.0
195.75,1.0,1.0,1.0,1.0,1.0,1.0,1.0
195.8,1.0,1.0,1.0,1.0,1.0,1.0,1.0
195.85000000000002,1.0,1.0,1.0,1.0,1.0,1.0,1.0
195.9,1.0,1.0,1.0,1.0,1.0,1.0,1.0
195.95000000000002,1.0,1.0,1.0,1.0,1.0,1.0,1.0
196.0,1.0,1.0,1.0,1.0,1.0,1.0,1.0
196.05,1.0,1.0,1.0,1.0,1.0,1.0,1.0
196.10000000000002,1.0,1.0,1.0,1.0,1.0,1.0,1.0
196.15,1.0,1.0,1.0,1.0,1.0,1.0,1.0
196.20000000000002,1.0,1.0,1.0,1.0,1.0,1.0,1.0
196.25,1.0,1.0,1.0,1.0,1.0,1.0,1.0
196.3,1.0,1.0,1.0,1.0,1.0,1.0,1.0
196.35000000000002,1.0,1.0,1.0,1.0,1.0,1.0,1.0
196.4,1.0,1.0,1.0,1.0,1.0,1.0,1.0
196.45000000000002,1.0,1.0,1.0,1.0,1.0,1.0,1.0
196.5,1.0,1.0,1.0,1.0,1.0,1.0,1.0
196.55,1.0,1.0,1.0,1.0,1.0,1.0,1.0
196.60000000000002,1.0,1.0,1.0,1.0,1.0,1.0,1.0
196.65,1.0,1.0,1.0,1.0,1.0,1.0,1.0
196.70000000000002,1.0,1.0,1.0,1.0,1.0,1.0,1.0
196.75,1.0,1.0,1.0,1.0,1.0,1.0,1.0
196.8,1.0,1.0,1.0,1.0,1.0,1.0,1.0
196.85000000000002,1.0,1.0,1.0,1.0,1.0,1.0,1.0
196.9,1.0,1.0,1.0,1.0,1.0,1.0,1.0
196.95000000000002,1.0,1.0,1.0,1.0,1.0,1.0,1.0
197.0,1.0,1.0,1.0,1.0,1.0,1.0,1.0
197.05,1.0,1.0,1.0,1.0,1.0,1.0,1.0
197.10000000000002,1.0,1.0,1.0,1.0,1.0,1.0,1.0
197.15,1.0,1.0,1.0,1.0,1.0,1.0,1.0
197.20000000000002,1.0,1.0,1.0,1.0,1.0,1.0,1.0
197.25,1.0,1.0,1.0,1.0,1.0,1.0,1.0
197.3,1.0,1.0,1.0,1.0,1.0,1.0,1.0
197.35000000000002,1.0,1.0,1.0,1.0,1.0,1.0,1.0
197.4,1.0,1.0,1.0,1.0,1.0,1.0,1.0
197.45000000000002,1.0,1.0,1.0,1.0,1.0,1.0,1.0
197.5,1.0,1.0,1.0,1.0,1.0,1.0,1.0
197.55,1.0,1.0,1.0,1.0,1.0,1.0,1.0
197.60000000000002,1.0,1.0,1.0,1.0,1.0,1.0,1.0
197.65,1.0,1.0,1.0,1.0,1.0,1.0,1.0
197.70000000000002,1.0,1.0,1.0,1.0,1.0,1.0,1.0
197.75,1.0,1.0,1.0,1.0,1.0,1.0,1.0
197.8,1.0,1.0,1.0,1.0,1.0,1.0,1.0
197.85000000000002,1.0,1.0,1.0,1.0,1.0,1.0,1.0
197.9,1.0,1.0,1.0,1.0,1.0,1.0,1.0
197.95000000000002,1.0,1.0,1.0,1.0,1.0,1.0,1.0
198.0,1.0,1.0,1.0,1.0,1.0,1.0,1.0
198.05,1.0,1.0,1.0,1.0,1.0,1.0,1.0
198.10000000000002,1.0,1.0,1.0,1.0,1.0,1.0,1.0
198.15,1.0,1.0,1.0,1.0,1.0,1.0,1.0
198.20000000000002,1.0,1.0,1.0,1.0,1.0,1.0,1.0
198.25,1.0,1.0,1.0,1.0,1.0,1.0,1.0
198.3,1.0,1.0,1.0,1.0,1.0,1.0,1.0
198.35000000000002,1.0,1.0,1.0,1.0,1.0,1.0,1.0
198.4,1.0,1.0,1.0,1.0,1.0,1.0,1.0
198.45000000000002,1.0,1.0,1.0,1.0,1.0,1.0,1.0
198.5,1.0,1.0,1.0,1.0,1.0,1.0,1.0
198.55,1.0,1.0,1.0,1.0,1.0,1.0,1.0
198.60000000000002,1.0,1.0,1.0,1.0,1.0,1.0,1.0
198.65,1.0,1.0,1.0,1.0,1.0,1.0,1.0
198.70000000000002,1.0,1.0,1.0,1.0,1.0,1.0,1.0
198.75,1.0,1.0,1.0,1.0,1.0,1.0,1.0
198.8,1.0,1.0,1.0,1.0,1.0,1.0,1.0
198.85000000000002,1.0,1.0,1.0,1.0,1.0,1.0,1.0
198.9,1.0,1.0,1.0,1.0,1.0,1.0,1.0
198.95000000000002,1.0,1.0,1.0,1.0,1.0,1.0,1.0
199.0,1.0,1.0,1.0,1.0,1.0,1.0,1.0
199.05,1.0,1.0,1.0,1.0,1.0,1.0,1.0
199.10000000000002,1.0,1.0,1.0,1.0,1.0,1.0,1.0
199.15,1.0,1.0,1.0,1.0,1.0,1.0,1.0
199.20000000000002,1.0,1.0,1.0,1.0,1.0,1.0,1.0
199.25,1.0,1.0,1.0,1.0,1.0,1.0,1.0
199.3,1.0,1.0,1.0,1.0,1.0,1.0,1.0
199.35000000000002,1.0,1.0,1.0,1.0,1.0,1.0,1.0
199.4,1.0,1.0,1.0,1.0,1.0,1.0,1.0
199.45000000000002,1.0,1.0,1.0,1.0,1.0,1.0,1.0
199.5,1.0,1.0,1.0,1.0,1.0,1.0,1.0
199.55,1.0,1.0,1.0,1.0,1.0,1.0,1.0
199.60000000000002,1.0,1.0,1.0,1.0,1.0,1.0,1.0
199.65,1.0,1.0,1.0,1.0,1.0,1.0,1.0
199.70000000000002,1.0,1.0,1.0,1.0,1.0,1.0,1.0
199.75,1.0,1.0,1.0,1.0,1.0,1.0,1.0
199.8,1.0,1.0,1.0,1.0,1.0,1.0,1.0
199.85000000000002,1.0,1.0,1.0,1.0,1.0,1.0,1.0
199.9,1.0,1.0,1.0,1.0,1.0,1.0,1.0
199.95000000000002,1.0,1.0,1.0,1.0,1.0,1.0,1.0
200.0,1.0,1.0,1.0,1.0,1.0,1.0,1.0
200.05,1.0,1.0,1.0,1.0,1.0,1.0,1.0
200.10000000000002,1.0,1.0,1.0,1.0,1.0,1.0,1.0
200.15,1.0,1.0,1.0,1.0,1.0,1.0,1.0
200.20000000000002,1.0,1.0,1.0,1.0,1.0,1.0,1.0
200.25,1.0,1.0,1.0,1.0,1.0,1.0,1.0
200.3,1.0,1.0,1.0,1.0,1.0,1.0,1.0
200.35000000000002,1.0,1.0,1.0,1.0,1.0,1.0,1.0
200.4,1.0,1.0,1.0,1.0,1.0,1.0,1.0
200.45000000000002,1.0,1.0,1.0,1.0,1.0,1.0,1.0
200.5,1.0,1.0,1.0,1.0,1.0,1.0,1.0
200.55,1.0,1.0,1.0,1.0,1.0,1.0,1.0
200.60000000000002,1.0,1.0,1.0,1.0,1.0,1.0,1.0
200.65,1.0,1.0,1.0,1.0,1.0,1.0,1.0
200.70000000000002,1.0,1.0,1.0,1.0,1.0,1.0,1.0
200.75,1.0,1.0,1.0,1.0,1.0,1.0,1.0
200.8,1.0,1.0,1.0,1.0,1.0,1.0,1.0
200.85000000000002,1.0,1.0,1.0,1.0,1.0,1.0,1.0
200.9,1.0,1.0,1.0,1.0,1.0,1.0,1.0
200.95000000000002,1.0,1.0,1.0,1.0,1.0,1.0,1.0
201.0,1.0,1.0,1.0,1.0,1.0,1.0,1.0
201.05,1.0,1.0,1.0,1.0,1.0,1.0,1.0
201.10000000000002,1.0,1.0,1.0,1.0,1.0,1.0,1.0
201.15,1.0,1.0,1.0,1.0,1.0,1.0,1.0
201.20000000000002,1.0,1.0,1.0,1.0,1.0,1.0,1.0
201.25,1.0,1.0,1.0,1.0,1.0,1.0,1.0
201.3,1.0,1.0,1.0,1.0,1.0,1.0,1.0
201.35000000000002,1.0,1.0,1.0,1.0,1.0,1.0,1.0
201.4,1.0,1.0,1.0,1.0,1.0,1.0,1.0
201.45000000000002,1.0,1.0,1.0,1.0,1.0,1.0,1.0
201.5,1.0,1.0,1.0,1.0,1.0,1.0,1.0
201.55,1.0,1.0,1.0,1.0,1.0,1.0,1.0
201.60000000000002,1.0,1.0,1.0,1.0,1.0,1.0,1.0
201.65,1.0,1.0,1.0,1.0,1.0,1.0,1.0
201.70000000000002,1.0,1.0,1.0,1.0,1.0,1.0,1.0
201.75,1.0,1.0,1.0,1.0,1.0,1.0,1.0
201.8,1.0,1.0,1.0,1.0,1.0,1.0,1.0
201.85000000000002,1.0,1.0,1.0,1.0,1.0,1.0,1.0
201.9,1.0,1.0,1.0,1.0,1.0,1.0,1.0
201.95000000000002,1.0,1.0,1.0,1.0,1.0,1.0,1.0
202.0,1.0,1.0,1.0,1.0,1.0,1.0,1.0
202.05,1.0,1.0,1.0,1.0,1.0,1.0,1.0
202.10000000000002,1.0,1.0,1.0,1.0,1.0,1.0,1.0
202.15,1.0,1.0,1.0,1.0,1.0,1.0,1.0
202.20000000000002,1.0,1.0,1.0,1.0,1.0,1.0,1.0
202.25,1.0,1.0,1.0,1.0,1.0,1.0,1.0
202.3,1.0,1.0,1.0,1.0,1.0,1.0,1.0
202.35000000000002,1.0,1.0,1.0,1.0,1.0,1.0,1.0
202.4,1.0,1.0,1.0,1.0,1.0,1.0,1.0
202.45000000000002,1.0,1.0,1.0,1.0,1.0,1.0,1.0
202.5,1.0,1.0,1.0,1.0,1.0,1.0,1.0
202.55,1.0,1.0,1.0,1.0,1.0,1.0,1.0
202.60000000000002,1.0,1.0,1.0,1.0,1.0,1.0,1.0
202.65,1.0,1.0,1.0,1.0,1.0,1.0,1.0
202.70000000000002,1.0,1.0,1.0,1.0,1.0,1.0,1.0
202.75,1.0,1.0,1.0,1.0,1.0,1.0,1.0
202.8,1.0,1.0,1.0,1.0,1.0,1.0,1.0
202.85000000000002,1.0,1.0,1.0,1.0,1.0,1.0,1.0
202.9,1.0,1.0,1.0,1.0,1.0,1.0,1.0
202.95000000000002,1.0,1.0,1.0,1.0,1.0,1.0,1.0
203.0,1.0,1.0,1.0,1.0,1.0,1.0,1.0
203.05,1.0,1.0,1.0,1.0,1.0,1.0,1.0
203.10000000000002,1.0,1.0,1.0,1.0,1.0,1.0,1.0
203.15,1.0,1.0,1.0,1.0,1.0,1.0,1.0
203.20000000000002,1.0,1.0,1.0,1.0,1.0,1.0,1.0
203.25,1.0,1.0,1.0,1.0,1.0,1.0,1.0
203.3,1.0,1.0,1.0,1.0,1.0,1.0,1.0
203.35000000000002,1.0,1.0,1.0,1.0,1.0,1.0,1.0
203.4,1.0,1.0,1.0,1.0,1.0,1.0,1.0
203.45000000000002,1.0,1.0,1.0,1.0,1.0,1.0,1.0
203.5,1.0,1.0,1.0,1.0,1.0,1.0,1.0
203.55,1.0,1.0,1.0,1.0,1.0,1.0,1.0
203.60000000000002,1.0,1.0,1.0,1.0,1.0,1.0,1.0
203.65,1.0,1.0,1.0,1.0,1.0,1.0,1.0
203.70000000000002,1.0,1.0,1.0,1.0,1.0,1.0,1.0
203.75,1.0,1.0,1.0,1.0,1.0,1.0,1.0
203.8,1.0,1.0,1.0,1.0,1.0,1.0,1.0
203.85000000000002,1.0,1.0,1.0,1.0,1.0,1.0,1.0
203.9,1.0,1.0,1.0,1.0,1.0,1.0,1.0
203.95000000000002,1.0,1.0,1.0,1.0,1.0,1.0,1.0
204.0,1.0,1.0,1.0,1.0,1.0,1.0,1.0
204.05,1.0,1.0,1.0,1.0,1.0,1.0,1.0
204.10000000000002,1.0,1.0,1.0,1.0,1.0,1.0,1.0
204.15,1.0,1.0,1.0,1.0,1.0,1.0,1.0
204.20000000000002,1.0,1.0,1.0,1.0,1.0,1.0,1.0
204.25,1.0,1.0,1.0,1.0,1.0,1.0,1.0
204.3,1.0,1.0,1.0,1.0,1.0,1.0,1.0
204.35000000000002,1.0,1.0,1.0,1.0,1.0,1.0,1.0
204.4,1.0,1.0,1.0,1.0,1.0,1.0,1.0
204.45000000000002,1.0,1.0,1.0,1.0,1.0,1.0,1.0
204.5,1.0,1.0,1.0,1.0,1.0,1.0,1.0
204.55,1.0,1.0,1.0,1.0,1.0,1.0,1.0
204.60000000000002,1.0,1.0,1.0,1.0,1.0,1.0,1.0
204.65,1.0,1.0,1.0,1.0,1.0,1.0,1.0
204.70000000000002,1.0,1.0,1.0,1.0,1.0,1.0,1.0
204.75,1.0,1.0,1.0,1.0,1.0,1.0,1.0
204.8,1.0,1.0,1.0,1.0,1.0,1.0,1.0
204.85000000000002,1.0,1.0,1.0,1.0,1.0,1.0,1.0
204.9,1.0,1.0,1.0,1.0,1.0,1.0,1.0
204.95000000000002,1.0,1.0,1.0,1.0,1.0,1.0,1.0
205.0,1.0,1.0,1.0,1.0,1.0,1.0,1.0
205.05,1.0,1.0,1.0,1.0,1.0,1.0,1.0
205.10000000000002,1.0,1.0,1.0,1.0,1.0,1.0,1.0
205.15,1.0,1.0,1.0,1.0,1.0,1.0,1.0
205.20000000000002,1.0,1.0,1.0,1.0,1.0,1.0,1.0
205.25,1.0,1.0,1.0,1.0,1.0,1.0,1.0
205.3,1.0,1.0,1.0,1.0,1.0,1.0,1.0
205.35000000000002,1.0,1.0,1.0,1.0,1.0,1.0,1.0
205.4,1.0,1.0,1.0,1.0,1.0,1.0,1.0
205.45000000000002,1.0,1.0,1.0,1.0,1.0,1.0,1.0
205.5,1.0,1.0,1.0,1.0,1.0,1.0,1.0
205.55,1.0,1.0,1.0,1.0,1.0,1.0,1.0
205.60000000000002,1.0,1.0,1.0,1.0,1.0,1.0,1.0
205.65,1.0,1.0,1.0,1.0,1.0,1.0,1.0
205.70000000000002,1.0,1.0,1.0,1.0,1.0,1.0,1.0
205.75,1.0,1.0,1.0,1.0,1.0,1.0,1.0
205.8,1.0,1.0,1.0,1.0,1.0,1.0,1.0
205.85000000000002,1.0,1.0,1.0,1.0,1.0,1.0,1.0
205.9,1.0,1.0,1.0,1.0,1.0,1.0,1.0
205.95000000000002,1.0,1.0,1.0,1.0,1.0,1.0,1.0
206.0,1.0,1.0,1.0,1.0,1.0,1.0,1.0
206.05,1.0,1.0,1.0,1.0,1.0,1.0,1.0
206.10000000000002,1.0,1.0,1.0,1.0,1.0,1.0,1.0
206.15,1.0,1.0,1.0,1.0,1.0,1.0,1.0
206.20000000000002,1.0,1.0,1.0,1.0,1.0,1.0,1.0
206.25,1.0,1.0,1.0,1.0,1.0,1.0,1.0
206.3,1.0,1.0,1.0,1.0,1.0,1.0,1.0
206.35000000000002,1.0,1.0,1.0,1.0,1.0,1.0,1.0
206.4,1.0,1.0,1.0,1.0,1.0,1.0,1.0
206.45000000000002,1.0,1.0,1.0,1.0,1.0,1.0,1.0
206.5,1.0,1.0,1.0,1.0,1.0,1.0,1.0
206.55,1.0,1.0,1.0,1.0,1.0,1.0,1.0
206.60000000000002,1.0,1.0,1.0,1.0,1.0,1.0,1.0
206.65,1.0,1.0,1.0,1.0,1.0,1.0,1.0
206.70000000000002,1.0,1.0,1.0,1.0,1.0,1.0,1.0
206.75,1.0,1.0,1.0,1.0,1.0,1.0,1.0
206.8,1.0,1.0,1.0,1.0,1.0,1.0,1.0
206.85000000000002,1.0,1.0,1.0,1.0,1.0,1.0,1.0
206.9,1.0,1.0,1.0,1.0,1.0,1.0,1.0
206.95000000000002,1.0,1.0,1.0,1.0,1.0,1.0,1.0
207.0,1.0,1.0,1.0,1.0,1.0,1.0,1.0
207.05,1.0,1.0,1.0,1.0,1.0,1.0,1.0
207.10000000000002,1.0,1.0,1.0,1.0,1.0,1.0,1.0
207.15,1.0,1.0,1.0,1.0,1.0,1.0,1.0
207.20000000000002,1.0,1.0,1.0,1.0,1.0,1.0,1.0
207.25,1.0,1.0,1.0,1.0,1.0,1.0,1.0
207.3,1.0,1.0,1.0,1.0,1.0,1.0,1.0
207.35000000000002,1.0,1.0,1.0,1.0,1.0,1.0,1.0
207.4,1.0,1.0,1.0,1.0,1.0,1.0,1.0
207.45000000000002,1.0,1.0,1.0,1.0,1.0,1.0,1.0
207.5,1.0,1.0,1.0,1.0,1.0,1.0,1.0
207.55,1.0,1.0,1.0,1.0,1.0,1.0,1.0
207.60000000000002,1.0,1.0,1.0,1.0,1.0,1.0,1.0
207.65,1.0,1.0,1.0,1.0,1.0,1.0,1.0
207.70000000000002,1.0,1.0,1.0,1.0,1.0,1.0,1.0
207.75,1.0,1.0,1.0,1.0,1.0,1.0,1.0
207.8,1.0,1.0,1.0,1.0,1.0,1.0,1.0
207.85000000000002,1.0,1.0,1.0,1.0,1.0,1.0,1.0
207.9,1.0,1.0,1.0,1.0,1.0,1.0,1.0
207.95000000000002,1.0,1.0,1.0,1.0,1.0,1.0,1.0
208.0,1.0,1.0,1.0,1.0,1.0,1.0,1.0
208.05,1.0,1.0,1.0,1.0,1.0,1.0,1.0
208.10000000000002,1.0,1.0,1.0,1.0,1.0,1.0,1.0
208.15,1.0,1.0,1.0,1.0,1.0,1.0,1.0
208.20000000000002,1.0,1.0,1.0,1.0,1.0,1.0,1.0
208.25,1.0,1.0,1.0,1.0,1.0,1.0,1.0
208.3,1.0,1.0,1.0,1.0,1.0,1.0,1.0
208.35000000000002,1.0,1.0,1.0,1.0,1.0,1.0,1.0
208.4,1.0,1.0,1.0,1.0,1.0,1.0,1.0
208.45000000000002,1.0,1.0,1.0,1.0,1.0,1.0,1.0
208.5,1.0,1.0,1.0,1.0,1.0,1.0,1.0
208.55,1.0,1.0,1.0,1.0,1.0,1.0,1.0
208.60000000000002,1.0,1.0,1.0,1.0,1.0,1.0,1.0
208.65,1.0,1.0,1.0,1.0,1.0,1.0,1.0
208.70000000000002,1.0,1.0,1.0,1.0,1.0,1.0,1.0
208.75,1.0,1.0,1.0,1.0,1.0,1.0,1.0
208.8,1.0,1.0,1.0,1.0,1.0,1.0,1.0
208.85000000000002,1.0,1.0,1.0,1.0,1.0,1.0,1.0
208.9,1.0,1.0,1.0,1.0,1.0,1.0,1.0
208.95000000000002,1.0,1.0,1.0,1.0,1.0,1.0,1.0
209.0,1.0,1.0,1.0,1.0,1.0,1.0,1.0
209.05,1.0,1.0,1.0,1.0,1.0,1.0,1.0
209.10000000000002,1.0,1.0,1.0,1.0,1.0,1.0,1.0
209.15,1.0,1.0,1.0,1.0,1.0,1.0,1.0
209.20000000000002,1.0,1.0,1.0,1.0,1.0,1.0,1.0
209.25,1.0,1.0,1.0,1.0,1.0,1.0,1.0
209.3,1.0,1.0,1.0,1.0,1.0,1.0,1.0
209.35000000000002,1.0,1.0,1.0,1.0,1.0,1.0,1.0
209.4,1.0,1.0,1.0,1.0,1.0,1.0,1.0
209.45000000000002,1.0,1.0,1.0,1.0,1.0,1.0,1.0
209.5,1.0,1.0,1.0,1.0,1.0,1.0,1.0
209.55,1.0,1.0,1.0,1.0,1.0,1.0,1.0
209.60000000000002,1.0,1.0,1.0,1.0,1.0,1.0,1.0
209.65,1.0,1.0,1.0,1.0,1.0,1.0,1.0
209.70000000000002,1.0,1.0,1.0,1.0,1.0,1.0,1.0
209.75,1.0,1.0,1.0,1.0,1.0,1.0,1.0
209.8,1.0,1.0,1.0,1.0,1.0,1.0,1.0
209.85000000000002,1.0,1.0,1.0,1.0,1.0,1.0,1.0
209.9,1.0,1.0,1.0,1.0,1.0,1.0,1.0
209.95000000000002,1.0,1.0,1.0,1.0,1.0,1.0,1.0
210.0,1.0,1.0,1.0,1.0,1.0,1.0,1.0
210.05,1.0,1.0,1.0,1.0,1.0,1.0,1.0
210.10000000000002,1.0,1.0,1.0,1.0,1.0,1.0,1.0
210.15,1.0,1.0,1.0,1.0,1.0,1.0,1.0
210.20000000000002,1.0,1.0,1.0,1.0,1.0,1.0,1.0
210.25,1.0,1.0,1.0,1.0,1.0,1.0,1.0
210.3,1.0,1.0,1.0,1.0,1.0,1.0,1.0
210.35000000000002,1.0,1.0,1.0,1.0,1.0,1.0,1.0
210.4,1.0,1.0,1.0,1.0,1.0,1.0,1.0
210.45000000000002,1.0,1.0,1.0,1.0,1.0,1.0,1.0
210.5,1.0,1.0,1.0,1.0,1.0,1.0,1.0
210.55,1.0,1.0,1.0,1.0,1.0,1.0,1.0
210.60000000000002,1.0,1.0,1.0,1.0,1.0,1.0,1.0
210.65,1.0,1.0,1.0,1.0,1.0,1.0,1.0
210.70000000000002,1.0,1.0,1.0,1.0,1.0,1.0,1.0
210.75,1.0,1.0,1.0,1.0,1.0,1.0,1.0
210.8,1.0,1.0,1.0,1.0,1.0,1.0,1.0
210.85000000000002,1.0,1.0,1.0,1.0,1.0,1.0,1.0
210.9,1.0,1.0,1.0,1.0,1.0,1.0,1.0
210.95000000000002,1.0,1.0,1.0,1.0,1.0,1.0,1.0
211.0,1.0,1.0,1.0,1.0,1.0,1.0,1.0
211.05,1.0,1.0,1.0,1.0,1.0,1.0,1.0
211.10000000000002,1.0,1.0,1.0,1.0,1.0,1.0,1.0
211.15,1.0,1.0,1.0,1.0,1.0,1.0,1.0
211.20000000000002,1.0,1.0,1.0,1.0,1.0,1.0,1.0
211.25,1.0,1.0,1.0,1.0,1.0,1.0,1.0
211.3,1.0,1.0,1.0,1.0,1.0,1.0,1.0
211.35000000000002,1.0,1.0,1.0,1.0,1.0,1.0,1.0
211.4,1.0,1.0,1.0,1.0,1.0,1.0,1.0
211.45000000000002,1.0,1.0,1.0,1.0,1.0,1.0,1.0
211.5,1.0,1.0,1.0,1.0,1.0,1.0,1.0
211.55,1.0,1.0,1.0,1.0,1.0,1.0,1.0
211.60000000000002,1.0,1.0,1.0,1.0,1.0,1.0,1.0
211.65,1.0,1.0,1.0,1.0,1.0,1.0,1.0
211.70000000000002,1.0,1.0,1.0,1.0,1.0,1.0,1.0
211.75,1.0,1.0,1.0,1.0,1.0,1.0,1.0
211.8,1.0,1.0,1.0,1.0,1.0,1.0,1.0
211.85000000000002,1.0,1.0,1.0,1.0,1.0,1.0,1.0
211.9,1.0,1.0,1.0,1.0,1.0,1.0,1.0
211.95000000000002,1.0,1.0,1.0,1.0,1.0,1.0,1.0
212.0,1.0,1.0,1.0,1.0,1.0,1.0,1.0
212.05,1.0,1.0,1.0,1.0,1.0,1.0,1.0
212.10000000000002,1.0,1.0,1.0,1.0,1.0,1.0,1.0
212.15,1.0,1.0,1.0,1.0,1.0,1.0,1.0
212.20000000000002,1.0,1.0,1.0,1.0,1.0,1.0,1.0
212.25,1.0,1.0,1.0,1.0,1.0,1.0,1.0
212.3,1.0,1.0,1.0,1.0,1.0,1.0,1.0
212.35000000000002,1.0,1.0,1.0,1.0,1.0,1.0,1.0
212.4,1.0,1.0,1.0,1.0,1.0,1.0,1.0
212.45000000000002,1.0,1.0,1.0,1.0,1.0,1.0,1.0
212.5,1.0,1.0,1.0,1.0,1.0,1.0,1.0
212.55,1.0,1.0,1.0,1.0,1.0,1.0,1.0
212.60000000000002,1.0,1.0,1.0,1.0,1.0,1.0,1.0
212.65,1.0,1.0,1.0,1.0,1.0,1.0,1.0
212.70000000000002,1.0,1.0,1.0,1.0,1.0,1.0,1.0
212.75,1.0,1.0,1.0,1.0,1.0,1.0,1.0
212.8,1.0,1.0,1.0,1.0,1.0,1.0,1.0
212.85000000000002,1.0,1.0,1.0,1.0,1.0,1.0,1.0
212.9,1.0,1.0,1.0,1.0,1.0,1.0,1.0
212.95000000000002,1.0,1.0,1.0,1.0,1.0,1.0,1.0
213.0,1.0,1.0,1.0,1.0,1.0,1.0,1.0
213.05,1.0,1.0,1.0,1.0,1.0,1.0,1.0
213.10000000000002,1.0,1.0,1.0,1.0,1.0,1.0,1.0
213.15,1.0,1.0,1.0,1.0,1.0,1.0,1.0
213.20000000000002,1.0,1.0,1.0,1.0,1.0,1.0,1.0
213.25,1.0,1.0,1.0,1.0,1.0,1.0,1.0
213.3,1.0,1.0,1.0,1.0,1.0,1.0,1.0
213.35000000000002,1.0,1.0,1.0,1.0,1.0,1.0,1.0
213.4,1.0,1.0,1.0,1.0,1.0,1.0,1.0
213.45000000000002,1.0,1.0,1.0,1.0,1.0,1.0,1.0
213.5,1.0,1.0,1.0,1.0,1.0,1.0,1.0
213.55,1.0,1.0,1.0,1.0,1.0,1.0,1.0
213.60000000000002,1.0,1.0,1.0,1.0,1.0,1.0,1.0
213.65,1.0,1.0,1.0,1.0,1.0,1.0,1.0
213.70000000000002,1.0,1.0,1.0,1.0,1.0,1.0,1.0
213.75,1.0,1.0,1.0,1.0,1.0,1.0,1.0
213.8,1.0,1.0,1.0,1.0,1.0,1.0,1.0
213.85000000000002,1.0,1.0,1.0,1.0,1.0,1.0,1.0
213.9,1.0,1.0,1.0,1.0,1.0,1.0,1.0
213.95000000000002,1.0,1.0,1.0,1.0,1.0,1.0,1.0
214.0,1.0,1.0,1.0,1.0,1.0,1.0,1.0
214.05,1.0,1.0,1.0,1.0,1.0,1.0,1.0
214.10000000000002,1.0,1.0,1.0,1.0,1.0,1.0,1.0
214.15,1.0,1.0,1.0,1.0,1.0,1.0,1.0
214.20000000000002,1.0,1.0,1.0,1.0,1.0,1.0,1.0
214.25,1.0,1.0,1.0,1.0,1.0,1.0,1.0
214.3,1.0,1.0,1.0,1.0,1.0,1.0,1.0
214.35000000000002,1.0,1.0,1.0,1.0,1.0,1.0,1.0
214.4,1.0,1.0,1.0,1.0,1.0,1.0,1.0
214.45000000000002,1.0,1.0,1.0,1.0,1.0,1.0,1.0
214.5,1.0,1.0,1.0,1.0,1.0,1.0,1.0
214.55,1.0,1.0,1.0,1.0,1.0,1.0,1.0
214.60000000000002,1.0,1.0,1.0,1.0,1.0,1.0,1.0
214.65,1.0,1.0,1.0,1.0,1.0,1.0,1.0
214.70000000000002,1.0,1.0,1.0,1.0,1.0,1.0,1.0
214.75,1.0,1.0,1.0,1.0,1.0,1.0,1.0
214.8,1.0,1.0,1.0,1.0,1.0,1.0,1.0
214.85000000000002,1.0,1.0,1.0,1.0,1.0,1.0,1.0
214.9,1.0,1.0,1.0,1.0,1.0,1.0,1.0
214.95000000000002,1.0,1.0,1.0,1.0,1.0,1.0,1.0
215.0,1.0,1.0,1.0,1.0,1.0,1.0,1.0
215.05,1.0,1.0,1.0,1.0,1.0,1.0,1.0
215.10000000000002,1.0,1.0,1.0,1.0,1.0,1.0,1.0
215.15,1.0,1.0,1.0,1.0,1.0,1.0,1.0
215.20000000000002,1.0,1.0,1.0,1.0,1.0,1.0,1.0
215.25,1.0,1.0,1.0,1.0,1.0,1.0,1.0
215.3,1.0,1.0,1.0,1.0,1.0,1.0,1.0
215.35000000000002,1.0,1.0,1.0,1.0,1.0,1.0,1.0
215.4,1.0,1.0,1.0,1.0,1.0,1.0,1.0
215.45000000000002,1.0,1.0,1.0,1.0,1.0,1.0,1.0
215.5,1.0,1.0,1.0,1.0,1.0,1.0,1.0
215.55,1.0,1.0,1.0,1.0,1.0,1.0,1.0
215.60000000000002,1.0,1.0,1.0,1.0,1.0,1.0,1.0
215.65,1.0,1.0,1.0,1.0,1.0,1.0,1.0
215.70000000000002,1.0,1.0,1.0,1.0,1.0,1.0,1.0
215.75,1.0,1.0,1.0,1.0,1.0,1.0,1.0
215.8,1.0,1.0,1.0,1.0,1.0,1.0,1.0
215.85000000000002,1.0,1.0,1.0,1.0,1.0,1.0,1.0
215.9,1.0,1.0,1.0,1.0,1.0,1.0,1.0
215.95000000000002,1.0,1.0,1.0,1.0,1.0,1.0,1.0
216.0,1.0,1.0,1.0,1.0,1.0,1.0,1.0
216.05,1.0,1.0,1.0,1.0,1.0,1.0,1.0
216.10000000000002,1.0,1.0,1.0,1.0,1.0,1.0,1.0
216.15,1.0,1.0,1.0,1.0,1.0,1.0,1.0
216.20000000000002,1.0,1.0,1.0,1.0,1.0,1.0,1.0
216.25,1.0,1.0,1.0,1.0,1.0,1.0,1.0
216.3,1.0,1.0,1.0,1.0,1.0,1.0,1.0
216.35000000000002,1.0,1.0,1.0,1.0,1.0,1.0,1.0
216.4,1.0,1.0,1.0,1.0,1.0,1.0,1.0
216.45000000000002,1.0,1.0,1.0,1.0,1.0,1.0,1.0
216.5,1.0,1.0,1.0,1.0,1.0,1.0,1.0
216.55,1.0,1.0,1.0,1.0,1.0,1.0,1.0
216.60000000000002,1.0,1.0,1.0,1.0,1.0,1.0,1.0
216.65,1.0,1.0,1.0,1.0,1.0,1.0,1.0
216.70000000000002,1.0,1.0,1.0,1.0,1.0,1.0,1.0
216.75,1.0,1.0,1.0,1.0,1.0,1.0,1.0
216.8,1.0,1.0,1.0,1.0,1.0,1.0,1.0
216.85000000000002,1.0,1.0,1.0,1.0,1.0,1.0,1.0
216.9,1.0,1.0,1.0,1.0,1.0,1.0,1.0
216.95000000000002,1.0,1.0,1.0,1.0,1.0,1.0,1.0
217.0,1.0,1.0,1.0,1.0,1.0,1.0,1.0
217.05,1.0,1.0,1.0,1.0,1.0,1.0,1.0
217.10000000000002,1.0,1.0,1.0,1.0,1.0,1.0,1.0
217.15,1.0,1.0,1.0,1.0,1.0,1.0,1.0
217.20000000000002,1.0,1.0,1.0,1.0,1.0,1.0,1.0
217.25,1.0,1.0,1.0,1.0,1.0,1.0,1.0
217.3,1.0,1.0,1.0,1.0,1.0,1.0,1.0
217.35000000000002,1.0,1.0,1.0,1.0,1.0,1.0,1.0
217.4,1.0,1.0,1.0,1.0,1.0,1.0,1.0
217.45000000000002,1.0,1.0,1.0,1.0,1.0,1.0,1.0
217.5,1.0,1.0,1.0,1.0,1.0,1.0,1.0
217.55,1.0,1.0,1.0,1.0,1.0,1.0,1.0
217.60000000000002,1.0,1.0,1.0,1.0,1.0,1.0,1.0
217.65,1.0,1.0,1.0,1.0,1.0,1.0,1.0
217.70000000000002,1.0,1.0,1.0,1.0,1.0,1.0,1.0
217.75,1.0,1.0,1.0,1.0,1.0,1.0,1.0
217.8,1.0,1.0,1.0,1.0,1.0,1.0,1.0
217.85000000000002,1.0,1.0,1.0,1.0,1.0,1.0,1.0
217.9,1.0,1.0,1.0,1.0,1.0,1.0,1.0
217.95000000000002,1.0,1.0,1.0,1.0,1.0,1.0,1.0
218.0,1.0,1.0,1.0,1.0,1.0,1.0,1.0
218.05,1.0,1.0,1.0,1.0,1.0,1.0,1.0
218.10000000000002,1.0,1.0,1.0,1.0,1.0,1.0,1.0
218.15,1.0,1.0,1.0,1.0,1.0,1.0,1.0
218.20000000000002,1.0,1.0,1.0,1.0,1.0,1.0,1.0
218.25,1.0,1.0,1.0,1.0,1.0,1.0,1.0
218.3,1.0,1.0,1.0,1.0,1.0,1.0,1.0
218.35000000000002,1.0,1.0,1.0,1.0,1.0,1.0,1.0
218.4,1.0,1.0,1.0,1.0,1.0,1.0,1.0
218.45000000000002,1.0,1.0,1.0,1.0,1.0,1.0,1.0
218.5,1.0,1.0,1.0,1.0,1.0,1.0,1.0
218.55,1.0,1.0,1.0,1.0,1.0,1.0,1.0
218.60000000000002,1.0,1.0,1.0,1.0,1.0,1.0,1.0
218.65,1.0,1.0,1.0,1.0,1.0,1.0,1.0
218.70000000000002,1.0,1.0,1.0,1.0,1.0,1.0,1.0
218.75,1.0,1.0,1.0,1.0,1.0,1.0,1.0
218.8,1.0,1.0,1.0,1.0,1.0,1.0,1.0
218.85000000000002,1.0,1.0,1.0,1.0,1.0,1.0,1.0
218.9,1.0,1.0,1.0,1.0,1.0,1.0,1.0
218.95000000000002,1.0,1.0,1.0,1.0,1.0,1.0,1.0
219.0,1.0,1.0,1.0,1.0,1.0,1.0,1.0
219.05,1.0,1.0,1.0,1.0,1.0,1.0,1.0
219.10000000000002,1.0,1.0,1.0,1.0,1.0,1.0,1.0
219.15,1.0,1.0,1.0,1.0,1.0,1.0,1.0
219.20000000000002,1.0,1.0,1.0,1.0,1.0,1.0,1.0
219.25,1.0,1.0,1.0,1.0,1.0,1.0,1.0
219.3,1.0,1.0,1.0,1.0,1.0,1.0,1.0
219.35000000000002,1.0,1.0,1.0,1.0,1.0,1.0,1.0
219.4,1.0,1.0,1.0,1.0,1.0,1.0,1.0
219.45000000000002,1.0,1.0,1.0,1.0,1.0,1.0,1.0
219.5,1.0,1.0,1.0,1.0,1.0,1.0,1.0
219.55,1.0,1.0,1.0,1.0,1.0,1.0,1.0
219.60000000000002,1.0,1.0,1.0,1.0,1.0,1.0,1.0
219.65,1.0,1.0,1.0,1.0,1.0,1.0,1.0
219.70000000000002,1.0,1.0,1.0,1.0,1.0,1.0,1.0
219.75,1.0,1.0,1.0,1.0,1.0,1.0,1.0
219.8,1.0,1.0,1.0,1.0,1.0,1.0,1.0
219.85000000000002,1.0,1.0,1.0,1.0,1.0,1.0,1.0
219.9,1.0,1.0,1.0,1.0,1.0,1.0,1.0
219.95000000000002,1.0,1.0,1.0,1.0,1.0,1.0,1.0
220.0,1.0,1.0,1.0,1.0,1.0,1.0,1.0
220.05,1.0,1.0,1.0,1.0,1.0,1.0,1.0
220.10000000000002,1.0,1.0,1.0,1.0,1.0,1.0,1.0
220.15,1.0,1.0,1.0,1.0,1.0,1.0,1.0
220.20000000000002,1.0,1.0,1.0,1.0,1.0,1.0,1.0
220.25,1.0,1.0,1.0,1.0,1.0,1.0,1.0
220.3,1.0,1.0,1.0,1.0,1.0,1.0,1.0
220.35000000000002,1.0,1.0,1.0,1.0,1.0,1.0,1.0
220.4,1.0,1.0,1.0,1.0,1.0,1.0,1.0
220.45000000000002,1.0,1.0,1.0,1.0,1.0,1.0,1.0
220.5,1.0,1.0,1.0,1.0,1.0,1.0,1.0
220.55,1.0,1.0,1.0,1.0,1.0,1.0,1.0
220.60000000000002,1.0,1.0,1.0,1.0,1.0,1.0,1.0
220.65,1.0,1.0,1.0,1.0,1.0,1.0,1.0
220.70000000000002,1.0,1.0,1.0,1.0,1.0,1.0,1.0
220.75,1.0,1.0,1.0,1.0,1.0,1.0,1.0
220.8,1.0,1.0,1.0,1.0,1.0,1.0,1.0
220.85000000000002,1.0,1.0,1.0,1.0,1.0,1.0,1.0
220.9,1.0,1.0,1.0,1.0,1.0,1.0,1.0
220.95000000000002,1.0,1.0,1.0,1.0,1.0,1.0,1.0
221.0,1.0,1.0,1.0,1.0,1.0,1.0,1.0
221.05,1.0,1.0,1.0,1.0,1.0,1.0,1.0
221.10000000000002,1.0,1.0,1.0,1.0,1.0,1.0,1.0
221.15,1.0,1.0,1.0,1.0,1.0,1.0,1.0
221.20000000000002,1.0,1.0,1.0,1.0,1.0,1.0,1.0
221.25,1.0,1.0,1.0,1.0,1.0,1.0,1.0
221.3,1.0,1.0,1.0,1.0,1.0,1.0,1.0
221.35000000000002,1.0,1.0,1.0,1.0,1.0,1.0,1.0
221.4,1.0,1.0,1.0,1.0,1.0,1.0,1.0
221.45000000000002,1.0,1.0,1.0,1.0,1.0,1.0,1.0
221.5,1.0,1.0,1.0,1.0,1.0,1.0,1.0
221.55,1.0,1.0,1.0,1.0,1.0,1.0,1.0
221.60000000000002,1.0,1.0,1.0,1.0,1.0,1.0,1.0
221.65,1.0,1.0,1.0,1.0,1.0,1.0,1.0
221.70000000000002,1.0,1.0,1.0,1.0,1.0,1.0,1.0
221.75,1.0,1.0,1.0,1.0,1.0,1.0,1.0
221.8,1.0,1.0,1.0,1.0,1.0,1.0,1.0
221.85000000000002,1.0,1.0,1.0,1.0,1.0,1.0,1.0
221.9,1.0,1.0,1.0,1.0,1.0,1.0,1.0
221.95000000000002,1.0,1.0,1.0,1.0,1.0,1.0,1.0
222.0,1.0,1.0,1.0,1.0,1.0,1.0,1.0
222.05,1.0,1.0,1.0,1.0,1.0,1.0,1.0
222.10000000000002,1.0,1.0,1.0,1.0,1.0,1.0,1.0
222.15,1.0,1.0,1.0,1.0,1.0,1.0,1.0
222.20000000000002,1.0,1.0,1.0,1.0,1.0,1.0,1.0
222.25,1.0,1.0,1.0,1.0,1.0,1.0,1.0
222.3,1.0,1.0,1.0,1.0,1.0,1.0,1.0
222.35000000000002,1.0,1.0,1.0,1.0,1.0,1.0,1.0
222.4,1.0,1.0,1.0,1.0,1.0,1.0,1.0
222.45000000000002,1.0,1.0,1.0,1.0,1.0,1.0,1.0
222.5,1.0,1.0,1.0,1.0,1.0,1.0,1.0
222.55,1.0,1.0,1.0,1.0,1.0,1.0,1.0
222.60000000000002,1.0,1.0,1.0,1.0,1.0,1.0,1.0
222.65,1.0,1.0,1.0,1.0,1.0,1.0,1.0
222.70000000000002,1.0,1.0,1.0,1.0,1.0,1.0,1.0
222.75,1.0,1.0,1.0,1.0,1.0,1.0,1.0
222.8,1.0,1.0,1.0,1.0,1.0,1.0,1.0
222.85000000000002,1.0,1.0,1.0,1.0,1.0,1.0,1.0
222.9,1.0,1.0,1.0,1.0,1.0,1.0,1.0
222.95000000000002,1.0,1.0,1.0,1.0,1.0,1.0,1.0
223.0,1.0,1.0,1.0,1.0,1.0,1.0,1.0
223.05,1.0,1.0,1.0,1.0,1.0,1.0,1.0
223.10000000000002,1.0,1.0,1.0,1.0,1.0,1.0,1.0
223.15,1.0,1.0,1.0,1.0,1.0,1.0,1.0
223.20000000000002,1.0,1.0,1.0,1.0,1.0,1.0,1.0
223.25,1.0,1.0,1.0,1.0,1.0,1.0,1.0
223.3,1.0,1.0,1.0,1.0,1.0,1.0,1.0
223.35000000000002,1.0,1.0,1.0,1.0,1.0,1.0,1.0
223.4,1.0,1.0,1.0,1.0,1.0,1.0,1.0
223.45000000000002,1.0,1.0,1.0,1.0,1.0,1.0,1.0
223.5,1.0,1.0,1.0,1.0,1.0,1.0,1.0
223.55,1.0,1.0,1.0,1.0,1.0,1.0,1.0
223.60000000000002,1.0,1.0,1.0,1.0,1.0,1.0,1.0
223.65,1.0,1.0,1.0,1.0,1.0,1.0,1.0
223.70000000000002,1.0,1.0,1.0,1.0,1.0,1.0,1.0
223.75,1.0,1.0,1.0,1.0,1.0,1.0,1.0
223.8,1.0,1.0,1.0,1.0,1.0,1.0,1.0
223.85000000000002,1.0,1.0,1.0,1.0,1.0,1.0,1.0
223.9,1.0,1.0,1.0,1.0,1.0,1.0,1.0
223.95000000000002,1.0,1.0,1.0,1.0,1.0,1.0,1.0
224.0,1.0,1.0,1.0,1.0,1.0,1.0,1.0
224.05,1.0,1.0,1.0,1.0,1.0,1.0,1.0
224.10000000000002,1.0,1.0,1.0,1.0,1.0,1.0,1.0
224.15,1.0,1.0,1.0,1.0,1.0,1.0,1.0
224.20000000000002,1.0,1.0,1.0,1.0,1.0,1.0,1.0
224.25,1.0,1.0,1.0,1.0,1.0,1.0,1.0
224.3,1.0,1.0,1.0,1.0,1.0,1.0,1.0
224.35000000000002,1.0,1.0,1.0,1.0,1.0,1.0,1.0
224.4,1.0,1.0,1.0,1.0,1.0,1.0,1.0
224.45000000000002,1.0,1.0,1.0,1.0,1.0,1.0,1.0
224.5,1.0,1.0,1.0,1.0,1.0,1.0,1.0
224.55,1.0,1.0,1.0,1.0,1.0,1.0,1.0
224.60000000000002,1.0,1.0,1.0,1.0,1.0,1.0,1.0
224.65,1.0,1.0,1.0,1.0,1.0,1.0,1.0
224.70000000000002,1.0,1.0,1.0,1.0,1.0,1.0,1.0
224.75,1.0,1.0,1.0,1.0,1.0,1.0,1.0
224.8,1.0,1.0,1.0,1.0,1.0,1.0,1.0
224.85000000000002,1.0,1.0,1.0,1.0,1.0,1.0,1.0
224.9,1.0,1.0,1.0,1.0,1.0,1.0,1.0
224.95000000000002,1.0,1.0,1.0,1.0,1.0,1.0,1.0
225.0,1.0,1.0,1.0,1.0,1.0,1.0,1.0
225.05,1.0,1.0,1.0,1.0,1.0,1.0,1.0
225.10000000000002,1.0,1.0,1.0,1.0,1.0,1.0,1.0
225.15,1.0,1.0,1.0,1.0,1.0,1.0,1.0
225.20000000000002,1.0,1.0,1.0,1.0,1.0,1.0,1.0
225.25,1.0,1.0,1.0,1.0,1.0,1.0,1.0
225.3,1.0,1.0,1.0,1.0,1.0,1.0,1.0
225.35000000000002,1.0,1.0,1.0,1.0,1.0,1.0,1.0
225.4,1.0,1.0,1.0,1.0,1.0,1.0,1.0
225.45000000000002,1.0,1.0,1.0,1.0,1.0,1.0,1.0
225.5,1.0,1.0,1.0,1.0,1.0,1.0,1.0
225.55,1.0,1.0,1.0,1.0,1.0,1.0,1.0
225.60000000000002,1.0,1.0,1.0,1.0,1.0,1.0,1.0
225.65,1.0,1.0,1.0,1.0,1.0,1.0,1.0
225.70000000000002,1.0,1.0,1.0,1.0,1.0,1.0,1.0
225.75,1.0,1.0,1.0,1.0,1.0,1.0,1.0
225.8,1.0,1.0,1.0,1.0,1.0,1.0,1.0
225.85000000000002,1.0,1.0,1.0,1.0,1.0,1.0,1.0
225.9,1.0,1.0,1.0,1.0,1.0,1.0,1.0
225.95000000000002,1.0,1.0,1.0,1.0,1.0,1.0,1.0
226.0,1.0,1.0,1.0,1.0,1.0,1.0,1.0
226.05,1.0,1.0,1.0,1.0,1.0,1.0,1.0
226.10000000000002,1.0,1.0,1.0,1.0,1.0,1.0,1.0
226.15,1.0,1.0,1.0,1.0,1.0,1.0,1.0
226.20000000000002,1.0,1.0,1.0,1.0,1.0,1.0,1.0
226.25,1.0,1.0,1.0,1.0,1.0,1.0,1.0
226.3,1.0,1.0,1.0,1.0,1.0,1.0,1.0
226.35000000000002,1.0,1.0,1.0,1.0,1.0,1.0,1.0
226.4,1.0,1.0,1.0,1.0,1.0,1.0,1.0
226.45000000000002,1.0,1.0,1.0,1.0,1.0,1.0,1.0
226.5,1.0,1.0,1.0,1.0,1.0,1.0,1.0
226.55,1.0,1.0,1.0,1.0,1.0,1.0,1.0
226.60000000000002,1.0,1.0,1.0,1.0,1.0,1.0,1.0
226.65,1.0,1.0,1.0,1.0,1.0,1.0,1.0
226.70000000000002,1.0,1.0,1.0,1.0,1.0,1.0,1.0
226.75,1.0,1.0,1.0,1.0,1.0,1.0,1.0
226.8,1.0,1.0,1.0,1.0,1.0,1.0,1.0
226.85000000000002,1.0,1.0,1.0,1.0,1.0,1.0,1.0
226.9,1.0,1.0,1.0,1.0,1.0,1.0,1.0
226.95000000000002,1.0,1.0,1.0,1.0,1.0,1.0,1.0
227.0,1.0,1.0,1.0,1.0,1.0,1.0,1.0
227.05,1.0,1.0,1.0,1.0,1.0,1.0,1.0
227.10000000000002,1.0,1.0,1.0,1.0,1.0,1.0,1.0
227.15,1.0,1.0,1.0,1.0,1.0,1.0,1.0
227.20000000000002,1.0,1.0,1.0,1.0,1.0,1.0,1.0
227.25,1.0,1.0,1.0,1.0,1.0,1.0,1.0
227.3,1.0,1.0,1.0,1.0,1.0,1.0,1.0
227.35000000000002,1.0,1.0,1.0,1.0,1.0,1.0,1.0
227.4,1.0,1.0,1.0,1.0,1.0,1.0,1.0
227.45000000000002,1.0,1.0,1.0,1.0,1.0,1.0,1.0
227.5,1.0,1.0,1.0,1.0,1.0,1.0,1.0
227.55,1.0,1.0,1.0,1.0,1.0,1.0,1.0
227.60000000000002,1.0,1.0,1.0,1.0,1.0,1.0,1.0
227.65,1.0,1.0,1.0,1.0,1.0,1.0,1.0
227.70000000000002,1.0,1.0,1.0,1.0,1.0,1.0,1.0
227.75,1.0,1.0,1.0,1.0,1.0,1.0,1.0
227.8,1.0,1.0,1.0,1.0,1.0,1.0,1.0
227.85000000000002,1.0,1.0,1.0,1.0,1.0,1.0,1.0
227.9,1.0,1.0,1.0,1.0,1.0,1.0,1.0
227.95000000000002,1.0,1.0,1.0,1.0,1.0,1.0,1.0
228.0,1.0,1.0,1.0,1.0,1.0,1.0,1.0
228.05,1.0,1.0,1.0,1.0,1.0,1.0,1.0
228.10000000000002,1.0,1.0,1.0,1.0,1.0,1.0,1.0
228.15,1.0,1.0,1.0,1.0,1.0,1.0,1.0
228.20000000000002,1.0,1.0,1.0,1.0,1.0,1.0,1.0
228.25,1.0,1.0,1.0,1.0,1.0,1.0,1.0
228.3,1.0,1.0,1.0,1.0,1.0,1.0,1.0
228.35000000000002,1.0,1.0,1.0,1.0,1.0,1.0,1.0
228.4,1.0,1.0,1.0,1.0,1.0,1.0,1.0
228.45000000000002,1.0,1.0,1.0,1.0,1.0,1.0,1.0
228.5,1.0,1.0,1.0,1.0,1.0,1.0,1.0
228.55,1.0,1.0,1.0,1.0,1.0,1.0,1.0
228.60000000000002,1.0,1.0,1.0,1.0,1.0,1.0,1.0
228.65,1.0,1.0,1.0,1.0,1.0,1.0,1.0
228.70000000000002,1.0,1.0,1.0,1.0,1.0,1.0,1.0
228.75,1.0,1.0,1.0,1.0,1.0,1.0,1.0
228.8,1.0,1.0,1.0,1.0,1.0,1.0,1.0
228.85000000000002,1.0,1.0,1.0,1.0,1.0,1.0,1.0
228.9,1.0,1.0,1.0,1.0,1.0,1.0,1.0
228.95000000000002,1.0,1.0,1.0,1.0,1.0,1.0,1.0
229.0,1.0,1.0,1.0,1.0,1.0,1.0,1.0
229.05,1.0,1.0,1.0,1.0,1.0,1.0,1.0
229.10000000000002,1.0,1.0,1.0,1.0,1.0,1.0,1.0
229.15,1.0,1.0,1.0,1.0,1.0,1.0,1.0
229.20000000000002,1.0,1.0,1.0,1.0,1.0,1.0,1.0
229.25,1.0,1.0,1.0,1.0,1.0,1.0,1.0
229.3,1.0,1.0,1.0,1.0,1.0,1.0,1.0
229.35000000000002,1.0,1.0,1.0,1.0,1.0,1.0,1.0
229.4,1.0,1.0,1.0,1.0,1.0,1.0,1.0
229.45000000000002,1.0,1.0,1.0,1.0,1.0,1.0,1.0
229.5,1.0,1.0,1.0,1.0,1.0,1.0,1.0
229.55,1.0,1.0,1.0,1.0,1.0,1.0,1.0
229.60000000000002,1.0,1.0,1.0,1.0,1.0,1.0,1.0
229.65,1.0,1.0,1.0,1.0,1.0,1.0,1.0
229.70000000000002,1.0,1.0,1.0,1.0,1.0,1.0,1.0
229.75,1.0,1.0,1.0,1.0,1.0,1.0,1.0
229.8,1.0,1.0,1.0,1.0,1.0,1.0,1.0
229.85000000000002,1.0,1.0,1.0,1.0,1.0,1.0,1.0
229.9,1.0,1.0,1.0,1.0,1.0,1.0,1.0
229.95000000000002,1.0,1.0,1.0,1.0,1.0,1.0,1.0
230.0,1.0,1.0,1.0,1.0,1.0,1.0,1.0
230.05,1.0,1.0,1.0,1.0,1.0,1.0,1.0
230.10000000000002,1.0,1.0,1.0,1.0,1.0,1.0,1.0
230.15,1.0,1.0,1.0,1.0,1.0,1.0,1.0
230.20000000000002,1.0,1.0,1.0,1.0,1.0,1.0,1.0
230.25,1.0,1.0,1.0,1.0,1.0,1.0,1.0
230.3,1.0,1.0,1.0,1.0,1.0,1.0,1.0
230.35000000000002,1.0,1.0,1.0,1.0,1.0,1.0,1.0
230.4,1.0,1.0,1.0,1.0,1.0,1.0,1.0
230.45000000000002,1.0,1.0,1.0,1.0,1.0,1.0,1.0
230.5,1.0,1.0,1.0,1.0,1.0,1.0,1.0
230.55,1.0,1.0,1.0,1.0,1.0,1.0,1.0
230.60000000000002,1.0,1.0,1.0,1.0,1.0,1.0,1.0
230.65,1.0,1.0,1.0,1.0,1.0,1.0,1.0
230.70000000000002,1.0,1.0,1.0,1.0,1.0,1.0,1.0
230.75,1.0,1.0,1.0,1.0,1.0,1.0,1.0
230.8,1.0,1.0,1.0,1.0,1.0,1.0,1.0
230.85000000000002,1.0,1.0,1.0,1.0,1.0,1.0,1.0
230.9,1.0,1.0,1.0,1.0,1.0,1.0,1.0
230.95000000000002,1.0,1.0,1.0,1.0,1.0,1.0,1.0
231.0,1.0,1.0,1.0,1.0,1.0,1.0,1.0
231.05,1.0,1.0,1.0,1.0,1.0,1.0,1.0
231.10000000000002,1.0,1.0,1.0,1.0,1.0,1.0,1.0
231.15,1.0,1.0,1.0,1.0,1.0,1.0,1.0
231.20000000000002,1.0,1.0,1.0,1.0,1.0,1.0,1.0
231.25,1.0,1.0,1.0,1.0,1.0,1.0,1.0
231.3,1.0,1.0,1.0,1.0,1.0,1.0,1.0
231.35000000000002,1.0,1.0,1.0,1.0,1.0,1.0,1.0
231.4,1.0,1.0,1.0,1.0,1.0,1.0,1.0
231.45000000000002,1.0,1.0,1.0,1.0,1.0,1.0,1.0
231.5,1.0,1.0,1.0,1.0,1.0,1.0,1.0
231.55,1.0,1.0,1.0,1.0,1.0,1.0,1.0
231.60000000000002,1.0,1.0,1.0,1.0,1.0,1.0,1.0
231.65,1.0,1.0,1.0,1.0,1.0,1.0,1.0
231.70000000000002,1.0,1.0,1.0,1.0,1.0,1.0,1.0
231.75,1.0,1.0,1.0,1.0,1.0,1.0,1.0
231.8,1.0,1.0,1.0,1.0,1.0,1.0,1.0
231.85000000000002,1.0,1.0,1.0,1.0,1.0,1.0,1.0
231.9,1.0,1.0,1.0,1.0,1.0,1.0,1.0
231.95000000000002,1.0,1.0,1.0,1.0,1.0,1.0,1.0
232.0,1.0,1.0,1.0,1.0,1.0,1.0,1.0
232.05,1.0,1.0,1.0,1.0,1.0,1.0,1.0
232.10000000000002,1.0,1.0,1.0,1.0,1.0,1.0,1.0
232.15,1.0,1.0,1.0,1.0,1.0,1.0,1.0
232.20000000000002,1.0,1.0,1.0,1.0,1.0,1.0,1.0
232.25,1.0,1.0,1.0,1.0,1.0,1.0,1.0
232.3,1.0,1.0,1.0,1.0,1.0,1.0,1.0
232.35000000000002,1.0,1.0,1.0,1.0,1.0,1.0,1.0
232.4,1.0,1.0,1.0,1.0,1.0,1.0,1.0
232.45000000000002,1.0,1.0,1.0,1.0,1.0,1.0,1.0
232.5,1.0,1.0,1.0,1.0,1.0,1.0,1.0
232.55,1.0,1.0,1.0,1.0,1.0,1.0,1.0
232.60000000000002,1.0,1.0,1.0,1.0,1.0,1.0,1.0
232.65,1.0,1.0,1.0,1.0,1.0,1.0,1.0
232.70000000000002,1.0,1.0,1.0,1.0,1.0,1.0,1.0
232.75,1.0,1.0,1.0,1.0,1.0,1.0,1.0
232.8,1.0,1.0,1.0,1.0,1.0,1.0,1.0
232.85000000000002,1.0,1.0,1.0,1.0,1.0,1.0,1.0
232.9,1.0,1.0,1.0,1.0,1.0,1.0,1.0
232.95000000000002,1.0,1.0,1.0,1.0,1.0,1.0,1.0
233.0,1.0,1.0,1.0,1.0,1.0,1.0,1.0
233.05,1.0,1.0,1.0,1.0,1.0,1.0,1.0
233.10000000000002,1.0,1.0,1.0,1.0,1.0,1.0,1.0
233.15,1.0,1.0,1.0,1.0,1.0,1.0,1.0
233.20000000000002,1.0,1.0,1.0,1.0,1.0,1.0,1.0
233.25,1.0,1.0,1.0,1.0,1.0,1.0,1.0
233.3,1.0,1.0,1.0,1.0,1.0,1.0,1.0
233.35000000000002,1.0,1.0,1.0,1.0,1.0,1.0,1.0
233.4,1.0,1.0,1.0,1.0,1.0,1.0,1.0
233.45000000000002,1.0,1.0,1.0,1.0,1.0,1.0,1.0
233.5,1.0,1.0,1.0,1.0,1.0,1.0,1.0
233.55,1.0,1.0,1.0,1.0,1.0,1.0,1.0
233.60000000000002,1.0,1.0,1.0,1.0,1.0,1.0,1.0
233.65,1.0,1.0,1.0,1.0,1.0,1.0,1.0
233.70000000000002,1.0,1.0,1.0,1.0,1.0,1.0,1.0
233.75,1.0,1.0,1.0,1.0,1.0,1.0,1.0
233.8,1.0,1.0,1.0,1.0,1.0,1.0,1.0
233.85000000000002,1.0,1.0,1.0,1.0,1.0,1.0,1.0
233.9,1.0,1.0,1.0,1.0,1.0,1.0,1.0
233.95000000000002,1.0,1.0,1.0,1.0,1.0,1.0,1.0
234.0,1.0,1.0,1.0,1.0,1.0,1.0,1.0
234.05,1.0,1.0,1.0,1.0,1.0,1.0,1.0
234.10000000000002,1.0,1.0,1.0,1.0,1.0,1.0,1.0
234.15,1.0,1.0,1.0,1.0,1.0,1.0,1.0
234.20000000000002,1.0,1.0,1.0,1.0,1.0,1.0,1.0
234.25,1.0,1.0,1.0,1.0,1.0,1.0,1.0
234.3,1.0,1.0,1.0,1.0,1.0,1.0,1.0
234.35000000000002,1.0,1.0,1.0,1.0,1.0,1.0,1.0
234.4,1.0,1.0,1.0,1.0,1.0,1.0,1.0
234.45000000000002,1.0,1.0,1.0,1.0,1.0,1.0,1.0
234.5,1.0,1.0,1.0,1.0,1.0,1.0,1.0
234.55,1.0,1.0,1.0,1.0,1.0,1.0,1.0
234.60000000000002,1.0,1.0,1.0,1.0,1.0,1.0,1.0
234.65,1.0,1.0,1.0,1.0,1.0,1.0,1.0
234.70000000000002,1.0,1.0,1.0,1.0,1.0,1.0,1.0
234.75,1.0,1.0,1.0,1.0,1.0,1.0,1.0
234.8,1.0,1.0,1.0,1.0,1.0,1.0,1.0
234.85000000000002,1.0,1.0,1.0,1.0,1.0,1.0,1.0
234.9,1.0,1.0,1.0,1.0,1.0,1.0,1.0
234.95000000000002,1.0,1.0,1.0,1.0,1.0,1.0,1.0
235.0,1.0,1.0,1.0,1.0,1.0,1.0,1.0
235.05,1.0,1.0,1.0,1.0,1.0,1.0,1.0
235.10000000000002,1.0,1.0,1.0,1.0,1.0,1.0,1.0
235.15,1.0,1.0,1.0,1.0,1.0,1.0,1.0
235.20000000000002,1.0,1.0,1.0,1.0,1.0,1.0,1.0
235.25,1.0,1.0,1.0,1.0,1.0,1.0,1.0
235.3,1.0,1.0,1.0,1.0,1.0,1.0,1.0
235.35000000000002,1.0,1.0,1.0,1.0,1.0,1.0,1.0
235.4,1.0,1.0,1.0,1.0,1.0,1.0,1.0
235.45000000000002,1.0,1.0,1.0,1.0,1.0,1.0,1.0
235.5,1.0,1.0,1.0,1.0,1.0,1.0,1.0
235.55,1.0,1.0,1.0,1.0,1.0,1.0,1.0
235.60000000000002,1.0,1.0,1.0,1.0,1.0,1.0,1.0
235.65,1.0,1.0,1.0,1.0,1.0,1.0,1.0
235.70000000000002,1.0,1.0,1.0,1.0,1.0,1.0,1.0
235.75,1.0,1.0,1.0,1.0,1.0,1.0,1.0
235.8,1.0,1.0,1.0,1.0,1.0,1.0,1.0
235.85000000000002,1.0,1.0,1.0,1.0,1.0,1.0,1.0
235.9,1.0,1.0,1.0,1.0,1.0,1.0,1.0
235.95000000000002,1.0,1.0,1.0,1.0,1.0,1.0,1.0
236.0,1.0,1.0,1.0,1.0,1.0,1.0,1.0
236.05,1.0,1.0,1.0,1.0,1.0,1.0,1.0
236.10000000000002,1.0,1.0,1.0,1.0,1.0,1.0,1.0
236.15,1.0,1.0,1.0,1.0,1.0,1.0,1.0
236.20000000000002,1.0,1.0,1.0,1.0,1.0,1.0,1.0
236.25,1.0,1.0,1.0,1.0,1.0,1.0,1.0
236.3,1.0,1.0,1.0,1.0,1.0,1.0,1.0
236.35000000000002,1.0,1.0,1.0,1.0,1.0,1.0,1.0
236.4,1.0,1.0,1.0,1.0,1.0,1.0,1.0
236.45000000000002,1.0,1.0,1.0,1.0,1.0,1.0,1.0
236.5,1.0,1.0,1.0,1.0,1.0,1.0,1.0
236.55,1.0,1.0,1.0,1.0,1.0,1.0,1.0
236.60000000000002,1.0,1.0,1.0,1.0,1.0,1.0,1.0
236.65,1.0,1.0,1.0,1.0,1.0,1.0,1.0
236.70000000000002,1.0,1.0,1.0,1.0,1.0,1.0,1.0
236.75,1.0,1.0,1.0,1.0,1.0,1.0,1.0
236.8,1.0,1.0,1.0,1.0,1.0,1.0,1.0
236.85000000000002,1.0,1.0,1.0,1.0,1.0,1.0,1.0
236.9,1.0,1.0,1.0,1.0,1.0,1.0,1.0
236.95000000000002,1.0,1.0,1.0,1.0,1.0,1.0,1.0
237.0,1.0,1.0,1.0,1.0,1.0,1.0,1.0
237.05,1.0,1.0,1.0,1.0,1.0,1.0,1.0
237.10000000000002,1.0,1.0,1.0,1.0,1.0,1.0,1.0
237.15,1.0,1.0,1.0,1.0,1.0,1.0,1.0
237.20000000000002,1.0,1.0,1.0,1.0,1.0,1.0,1.0
237.25,1.0,1.0,1.0,1.0,1.0,1.0,1.0
237.3,1.0,1.0,1.0,1.0,1.0,1.0,1.0
237.35000000000002,1.0,1.0,1.0,1.0,1.0,1.0,1.0
237.4,1.0,1.0,1.0,1.0,1.0,1.0,1.0
237.45000000000002,1.0,1.0,1.0,1.0,1.0,1.0,1.0
237.5,1.0,1.0,1.0,1.0,1.0,1.0,1.0
237.55,1.0,1.0,1.0,1.0,1.0,1.0,1.0
237.60000000000002,1.0,1.0,1.0,1.0,1.0,1.0,1.0
237.65,1.0,1.0,1.0,1.0,1.0,1.0,1.0
237.70000000000002,1.0,1.0,1.0,1.0,1.0,1.0,1.0
237.75,1.0,1.0,1.0,1.0,1.0,1.0,1.0
237.8,1.0,1.0,1.0,1.0,1.0,1.0,1.0
237.85000000000002,1.0,1.0,1.0,1.0,1.0,1.0,1.0
237.9,1.0,1.0,1.0,1.0,1.0,1.0,1.0
237.95000000000002,1.0,1.0,1.0,1.0,1.0,1.0,1.0
238.0,1.0,1.0,1.0,1.0,1.0,1.0,1.0
238.05,1.0,1.0,1.0,1.0,1.0,1.0,1.0
238.10000000000002,1.0,1.0,1.0,1.0,1.0,1.0,1.0
238.15,1.0,1.0,1.0,1.0,1.0,1.0,1.0
238.20000000000002,1.0,1.0,1.0,1.0,1.0,1.0,1.0
238.25,1.0,1.0,1.0,1.0,1.0,1.0,1.0
238.3,1.0,1.0,1.0,1.0,1.0,1.0,1.0
238.35000000000002,1.0,1.0,1.0,1.0,1.0,1.0,1.0
238.4,1.0,1.0,1.0,1.0,1.0,1.0,1.0
238.45000000000002,1.0,1.0,1.0,1.0,1.0,1.0,1.0
238.5,1.0,1.0,1.0,1.0,1.0,1.0,1.0
238.55,1.0,1.0,1.0,1.0,1.0,1.0,1.0
238.60000000000002,1.0,1.0,1.0,1.0,1.0,1.0,1.0
238.65,1.0,1.0,1.0,1.0,1.0,1.0,1.0
238.70000000000002,1.0,1.0,1.0,1.0,1.0,1.0,1.0
238.75,1.0,1.0,1.0,1.0,1.0,1.0,1.0
238.8,1.0,1.0,1.0,1.0,1.0,1.0,1.0
238.85000000000002,1.0,1.0,1.0,1.0,1.0,1.0,1.0
238.9,1.0,1.0,1.0,1.0,1.0,1.0,1.0
238.95000000000002,1.0,1.0,1.0,1.0,1.0,1.0,1.0
239.0,1.0,1.0,1.0,1.0,1.0,1.0,1.0
239.05,1.0,1.0,1.0,1.0,1.0,1.0,1.0
239.10000000000002,1.0,1.0,1.0,1.0,1.0,1.0,1.0
239.15,1.0,1.0,1.0,1.0,1.0,1.0,1.0
239.20000000000002,1.0,1.0,1.0,1.0,1.0,1.0,1.0
239.25,1.0,1.0,1.0,1.0,1.0,1.0,1.0
239.3,1.0,1.0,1.0,1.0,1.0,1.0,1.0
239.35000000000002,1.0,1.0,1.0,1.0,1.0,1.0,1.0
239.4,1.0,1.0,1.0,1.0,1.0,1.0,1.0
239.45000000000002,1.0,1.0,1.0,1.0,1.0,1.0,1.0
239.5,1.0,1.0,1.0,1.0,1.0,1.0,1.0
239.55,1.0,1.0,1.0,1.0,1.0,1.0,1.0
239.60000000000002,1.0,1.0,1.0,1.0,1.0,1.0,1.0
239.65,1.0,1.0,1.0,1.0,1.0,1.0,1.0
239.70000000000002,1.0,1.0,1.0,1.0,1.0,1.0,1.0
239.75,1.0,1.0,1.0,1.0,1.0,1.0,1.0
239.8,1.0,1.0,1.0,1.0,1.0,1.0,1.0
239.85000000000002,1.0,1.0,1.0,1.0,1.0,1.0,1.0
239.9,1.0,1.0,1.0,1.0,1.0,1.0,1.0
239.95000000000002,1.0,1.0,1.0,1.0,1.0,1.0,1.0
240.0,1.0,1.0,1.0,1.0,1.0,1.0,1.0
240.05,1.0,1.0,1.0,1.0,1.0,1.0,1.0
240.10000000000002,1.0,1.0,1.0,1.0,1.0,1.0,1.0
240.15,1.0,1.0,1.0,1.0,1.0,1.0,1.0
240.20000000000002,1.0,1.0,1.0,1.0,1.0,1.0,1.0
240.25,1.0,1.0,1.0,1.0,1.0,1.0,1.0
240.3,1.0,1.0,1.0,1.0,1.0,1.0,1.0
240.35000000000002,1.0,1.0,1.0,1.0,1.0,1.0,1.0
240.4,1.0,1.0,1.0,1.0,1.0,1.0,1.0
240.45000000000002,1.0,1.0,1.0,1.0,1.0,1.0,1.0
240.5,1.0,1.0,1.0,1.0,1.0,1.0,1.0
240.55,1.0,1.0,1.0,1.0,1.0,1.0,1.0
240.60000000000002,1.0,1.0,1.0,1.0,1.0,1.0,1.0
240.65,1.0,1.0,1.0,1.0,1.0,1.0,1.0
240.70000000000002,1.0,1.0,1.0,1.0,1.0,1.0,1.0
240.75,1.0,1.0,1.0,1.0,1.0,1.0,1.0
240.8,1.0,1.0,1.0,1.0,1.0,1.0,1.0
240.85000000000002,1.0,1.0,1.0,1.0,1.0,1.0,1.0
240.9,1.0,1.0,1.0,1.0,1.0,1.0,1.0
240.95000000000002,1.0,1.0,1.0,1.0,1.0,1.0,1.0
241.0,1.0,1.0,1.0,1.0,1.0,1.0,1.0
241.05,1.0,1.0,1.0,1.0,1.0,1.0,1.0
241.10000000000002,1.0,1.0,1.0,1.0,1.0,1.0,1.0
241.15,1.0,1.0,1.0,1.0,1.0,1.0,1.0
241.20000000000002,1.0,1.0,1.0,1.0,1.0,1.0,1.0
241.25,1.0,1.0,1.0,1.0,1.0,1.0,1.0
241.3,1.0,1.0,1.0,1.0,1.0,1.0,1.0
241.35000000000002,1.0,1.0,1.0,1.0,1.0,1.0,1.0
241.4,1.0,1.0,1.0,1.0,1.0,1.0,1.0
241.45000000000002,1.0,1.0,1.0,1.0,1.0,1.0,1.0
241.5,1.0,1.0,1.0,1.0,1.0,1.0,1.0
241.55,1.0,1.0,1.0,1.0,1.0,1.0,1.0
241.60000000000002,1.0,1.0,1.0,1.0,1.0,1.0,1.0
241.65,1.0,1.0,1.0,1.0,1.0,1.0,1.0
241.70000000000002,1.0,1.0,1.0,1.0,1.0,1.0,1.0
241.75,1.0,1.0,1.0,1.0,1.0,1.0,1.0
241.8,1.0,1.0,1.0,1.0,1.0,1.0,1.0
241.85000000000002,1.0,1.0,1.0,1.0,1.0,1.0,1.0
241.9,1.0,1.0,1.0,1.0,1.0,1.0,1.0
241.95000000000002,1.0,1.0,1.0,1.0,1.0,1.0,1.0
242.0,1.0,1.0,1.0,1.0,1.0,1.0,1.0
242.05,1.0,1.0,1.0,1.0,1.0,1.0,1.0
242.10000000000002,1.0,1.0,1.0,1.0,1.0,1.0,1.0
242.15,1.0,1.0,1.0,1.0,1.0,1.0,1.0
242.20000000000002,1.0,1.0,1.0,1.0,1.0,1.0,1.0
242.25,1.0,1.0,1.0,1.0,1.0,1.0,1.0
242.3,1.0,1.0,1.0,1.0,1.0,1.0,1.0
242.35000000000002,1.0,1.0,1.0,1.0,1.0,1.0,1.0
242.4,1.0,1.0,1.0,1.0,1.0,1.0,1.0
242.45000000000002,1.0,1.0,1.0,1.0,1.0,1.0,1.0
242.5,1.0,1.0,1.0,1.0,1.0,1.0,1.0
242.55,1.0,1.0,1.0,1.0,1.0,1.0,1.0
242.60000000000002,1.0,1.0,1.0,1.0,1.0,1.0,1.0
242.65,1.0,1.0,1.0,1.0,1.0,1.0,1.0
242.70000000000002,1.0,1.0,1.0,1.0,1.0,1.0,1.0
242.75,1.0,1.0,1.0,1.0,1.0,1.0,1.0
242.8,1.0,1.0,1.0,1.0,1.0,1.0,1.0
242.85000000000002,1.0,1.0,1.0,1.0,1.0,1.0,1.0
242.9,1.0,1.0,1.0,1.0,1.0,1.0,1.0
242.95000000000002,1.0,1.0,1.0,1.0,1.0,1.0,1.0
243.0,1.0,1.0,1.0,1.0,1.0,1.0,1.0
243.05,1.0,1.0,1.0,1.0,1.0,1.0,1.0
243.10000000000002,1.0,1.0,1.0,1.0,1.0,1.0,1.0
243.15,1.0,1.0,1.0,1.0,1.0,1.0,1.0
243.20000000000002,1.0,1.0,1.0,1.0,1.0,1.0,1.0
243.25,1.0,1.0,1.0,1.0,1.0,1.0,1.0
243.3,1.0,1.0,1.0,1.0,1.0,1.0,1.0
243.35000000000002,1.0,1.0,1.0,1.0,1.0,1.0,1.0
243.4,1.0,1.0,1.0,1.0,1.0,1.0,1.0
243.45000000000002,1.0,1.0,1.0,1.0,1.0,1.0,1.0
243.5,1.0,1.0,1.0,1.0,1.0,1.0,1.0
243.55,1.0,1.0,1.0,1.0,1.0,1.0,1.0
243.60000000000002,1.0,1.0,1.0,1.0,1.0,1.0,1.0
243.65,1.0,1.0,1.0,1.0,1.0,1.0,1.0
243.70000000000002,1.0,1.0,1.0,1.0,1.0,1.0,1.0
243.75,1.0,1.0,1.0,1.0,1.0,1.0,1.0
243.8,1.0,1.0,1.0,1.0,1.0,1.0,1.0
243.85000000000002,1.0,1.0,1.0,1.0,1.0,1.0,1.0
243.9,1.0,1.0,1.0,1.0,1.0,1.0,1.0
243.95000000000002,1.0,1.0,1.0,1.0,1.0,1.0,1.0
244.0,1.0,1.0,1.0,1.0,1.0,1.0,1.0
244.05,1.0,1.0,1.0,1.0,1.0,1.0,1.0
244.10000000000002,1.0,1.0,1.0,1.0,1.0,1.0,1.0
244.15,1.0,1.0,1.0,1.0,1.0,1.0,1.0
244.20000000000002,1.0,1.0,1.0,1.0,1.0,1.0,1.0
244.25,1.0,1.0,1.0,1.0,1.0,1.0,1.0
244.3,1.0,1.0,1.0,1.0,1.0,1.0,1.0
244.35000000000002,1.0,1.0,1.0,1.0,1.0,1.0,1.0
244.4,1.0,1.0,1.0,1.0,1.0,1.0,1.0
244.45000000000002,1.0,1.0,1.0,1.0,1.0,1.0,1.0
244.5,1.0,1.0,1.0,1.0,1.0,1.0,1.0
244.55,1.0,1.0,1.0,1.0,1.0,1.0,1.0
244.60000000000002,1.0,1.0,1.0,1.0,1.0,1.0,1.0
244.65,1.0,1.0,1.0,1.0,1.0,1.0,1.0
244.70000000000002,1.0,1.0,1.0,1.0,1.0,1.0,1.0
244.75,1.0,1.0,1.0,1.0,1.0,1.0,1.0
244.8,1.0,1.0,1.0,1.0,1.0,1.0,1.0
244.85000000000002,1.0,1.0,1.0,1.0,1.0,1.0,1.0
244.9,1.0,1.0,1.0,1.0,1.0,1.0,1.0
244.95000000000002,1.0,1.0,1.0,1.0,1.0,1.0,1.0
245.0,1.0,1.0,1.0,1.0,1.0,1.0,1.0
245.05,1.0,1.0,1.0,1.0,1.0,1.0,1.0
245.10000000000002,1.0,1.0,1.0,1.0,1.0,1.0,1.0
245.15,1.0,1.0,1.0,1.0,1.0,1.0,1.0
245.20000000000002,1.0,1.0,1.0,1.0,1.0,1.0,1.0
245.25,1.0,1.0,1.0,1.0,1.0,1.0,1.0
245.3,1.0,1.0,1.0,1.0,1.0,1.0,1.0
245.35000000000002,1.0,1.0,1.0,1.0,1.0,1.0,1.0
245.4,1.0,1.0,1.0,1.0,1.0,1.0,1.0
245.45000000000002,1.0,1.0,1.0,1.0,1.0,1.0,1.0
245.5,1.0,1.0,1.0,1.0,1.0,1.0,1.0
245.55,1.0,1.0,1.0,1.0,1.0,1.0,1.0
245.60000000000002,1.0,1.0,1.0,1.0,1.0,1.0,1.0
245.65,1.0,1.0,1.0,1.0,1.0,1.0,1.0
245.70000000000002,1.0,1.0,1.0,1.0,1.0,1.0,1.0
245.75,1.0,1.0,1.0,1.0,1.0,1.0,1.0
245.8,1.0,1.0,1.0,1.0,1.0,1.0,1.0
245.85000000000002,1.0,1.0,1.0,1.0,1.0,1.0,1.0
245.9,1.0,1.0,1.0,1.0,1.0,1.0,1.0
245.95000000000002,1.0,1.0,1.0,1.0,1.0,1.0,1.0
246.0,1.0,1.0,1.0,1.0,1.0,1.0,1.0
246.05,1.0,1.0,1.0,1.0,1.0,1.0,1.0
246.10000000000002,1.0,1.0,1.0,1.0,1.0,1.0,1.0
246.15,1.0,1.0,1.0,1.0,1.0,1.0,1.0
246.20000000000002,1.0,1.0,1.0,1.0,1.0,1.0,1.0
246.25,1.0,1.0,1.0,1.0,1.0,1.0,1.0
246.3,1.0,1.0,1.0,1.0,1.0,1.0,1.0
246.35000000000002,1.0,1.0,1.0,1.0,1.0,1.0,1.0
246.4,1.0,1.0,1.0,1.0,1.0,1.0,1.0
246.45000000000002,1.0,1.0,1.0,1.0,1.0,1.0,1.0
246.5,1.0,1.0,1.0,1.0,1.0,1.0,1.0
246.55,1.0,1.0,1.0,1.0,1.0,1.0,1.0
246.60000000000002,1.0,1.0,1.0,1.0,1.0,1.0,1.0
246.65,1.0,1.0,1.0,1.0,1.0,1.0,1.0
246.70000000000002,1.0,1.0,1.0,1.0,1.0,1.0,1.0
246.75,1.0,1.0,1.0,1.0,1.0,1.0,1.0
246.8,1.0,1.0,1.0,1.0,1.0,1.0,1.0
246.85000000000002,1.0,1.0,1.0,1.0,1.0,1.0,1.0
246.9,1.0,1.0,1.0,1.0,1.0,1.0,1.0
246.95000000000002,1.0,1.0,1.0,1.0,1.0,1.0,1.0
247.0,1.0,1.0,1.0,1.0,1.0,1.0,1.0
247.05,1.0,1.0,1.0,1.0,1.0,1.0,1.0
247.10000000000002,1.0,1.0,1.0,1.0,1.0,1.0,1.0
247.15,1.0,1.0,1.0,1.0,1.0,1.0,1.0
247.20000000000002,1.0,1.0,1.0,1.0,1.0,1.0,1.0
247.25,1.0,1.0,1.0,1.0,1.0,1.0,1.0
247.3,1.0,1.0,1.0,1.0,1.0,1.0,1.0
247.35000000000002,1.0,1.0,1.0,1.0,1.0,1.0,1.0
247.4,1.0,1.0,1.0,1.0,1.0,1.0,1.0
247.45000000000002,1.0,1.0,1.0,1.0,1.0,1.0,1.0
247.5,1.0,1.0,1.0,1.0,1.0,1.0,1.0
247.55,1.0,1.0,1.0,1.0,1.0,1.0,1.0
247.60000000000002,1.0,1.0,1.0,1.0,1.0,1.0,1.0
247.65,1.0,1.0,1.0,1.0,1.0,1.0,1.0
247.70000000000002,1.0,1.0,1.0,1.0,1.0,1.0,1.0
247.75,1.0,1.0,1.0,1.0,1.0,1.0,1.0
247.8,1.0,1.0,1.0,1.0,1.0,1.0,1.0
247.85000000000002,1.0,1.0,1.0,1.0,1.0,1.0,1.0
247.9,1.0,1.0,1.0,1.0,1.0,1.0,1.0
247.95000000000002,1.0,1.0,1.0,1.0,1.0,1.0,1.0
248.0,1.0,1.0,1.0,1.0,1.0,1.0,1.0
248.05,1.0,1.0,1.0,1.0,1.0,1.0,1.0
248.10000000000002,1.0,1.0,1.0,1.0,1.0,1.0,1.0
248.15,1.0,1.0,1.0,1.0,1.0,1.0,1.0
248.20000000000002,1.0,1.0,1.0,1.0,1.0,1.0,1.0
248.25,1.0,1.0,1.0,1.0,1.0,1.0,1.0
248.3,1.0,1.0,1.0,1.0,1.0,1.0,1.0
248.35000000000002,1.0,1.0,1.0,1.0,1.0,1.0,1.0
248.4,1.0,1.0,1.0,1.0,1.0,1.0,1.0
248.45000000000002,1.0,1.0,1.0,1.0,1.0,1.0,1.0
248.5,1.0,1.0,1.0,1.0,1.0,1.0,1.0
248.55,1.0,1.0,1.0,1.0,1.0,1.0,1.0
248.60000000000002,1.0,1.0,1.0,1.0,1.0,1.0,1.0
248.65,1.0,1.0,1.0,1.0,1.0,1.0,1.0
248.70000000000002,1.0,1.0,1.0,1.0,1.0,1.0,1.0
248.75,1.0,1.0,1.0,1.0,1.0,1.0,1.0
248.8,1.0,1.0,1.0,1.0,1.0,1.0,1.0
248.85000000000002,1.0,1.0,1.0,1.0,1.0,1.0,1.0
248.9,1.0,1.0,1.0,1.0,1.0,1.0,1.0
248.95000000000002,1.0,1.0,1.0,1.0,1.0,1.0,1.0
249.0,1.0,1.0,1.0,1.0,1.0,1.0,1.0
249.05,1.0,1.0,1.0,1.0,1.0,1.0,1.0
249.10000000000002,1.0,1.0,1.0,1.0,1.0,1.0,1.0
249.15,1.0,1.0,1.0,1.0,1.0,1.0,1.0
249.20000000000002,1.0,1.0,1.0,1.0,1.0,1.0,1.0
249.25,1.0,1.0,1.0,1.0,1.0,1.0,1.0
249.3,1.0,1.0,1.0,1.0,1.0,1.0,1.0
249.35000000000002,1.0,1.0,1.0,1.0,1.0,1.0,1.0
249.4,1.0,1.0,1.0,1.0,1.0,1.0,1.0
249.45000000000002,1.0,1.0,1.0,1.0,1.0,1.0,1.0
249.5,1.0,1.0,1.0,1.0,1.0,1.0,1.0
249.55,1.0,1.0,1.0,1.0,1.0,1.0,1.0
249.60000000000002,1.0,1.0,1.0,1.0,1.0,1.0,1.0
249.65,1.0,1.0,1.0,1.0,1.0,1.0,1.0
249.70000000000002,1.0,1.0,1.0,1.0,1.0,1.0,1.0
249.75,1.0,1.0,1.0,1.0,1.0,1.0,1.0
249.8,1.0,1.0,1.0,1.0,1.0,1.0,1.0
249.85000000000002,1.0,1.0,1.0,1.0,1.0,1.0,1.0
249.9,1.0,1.0,1.0,1.0,1.0,1.0,1.0
249.95000000000002,1.0,1.0,1.0,1.0,1.0,1.0,1.0
250.0,1.0,1.0,1.0,1.0,1.0,1.0,1.0
250.05,1.0,1.0,1.0,1.0,1.0,1.0,1.0
250.10000000000002,1.0,1.0,1.0,1.0,1.0,1.0,1.0
250.15,1.0,1.0,1.0,1.0,1.0,1.0,1.0
250.20000000000002,1.0,1.0,1.0,1.0,1.0,1.0,1.0
250.25,1.0,1.0,1.0,1.0,1.0,1.0,1.0
250.3,1.0,1.0,1.0,1.0,1.0,1.0,1.0
250.35000000000002,1.0,1.0,1.0,1.0,1.0,1.0,1.0
250.4,1.0,1.0,1.0,1.0,1.0,1.0,1.0
250.45000000000002,1.0,1.0,1.0,1.0,1.0,1.0,1.0
250.5,1.0,1.0,1.0,1.0,1.0,1.0,1.0
250.55,1.0,1.0,1.0,1.0,1.0,1.0,1.0
250.60000000000002,1.0,1.0,1.0,1.0,1.0,1.0,1.0
250.65,1.0,1.0,1.0,1.0,1.0,1.0,1.0
250.70000000000002,1.0,1.0,1.0,1.0,1.0,1.0,1.0
250.75,1.0,1.0,1.0,1.0,1.0,1.0,1.0
250.8,1.0,1.0,1.0,1.0,1.0,1.0,1.0
250.85000000000002,1.0,1.0,1.0,1.0,1.0,1.0,1.0
250.9,1.0,1.0,1.0,1.0,1.0,1.0,1.0
250.95000000000002,1.0,1.0,1.0,1.0,1.0,1.0,1.0
251.0,1.0,1.0,1.0,1.0,1.0,1.0,1.0
251.05,1.0,1.0,1.0,1.0,1.0,1.0,1.0
251.10000000000002,1.0,1.0,1.0,1.0,1.0,1.0,1.0
251.15,1.0,1.0,1.0,1.0,1.0,1.0,1.0
251.20000000000002,1.0,1.0,1.0,1.0,1.0,1.0,1.0
251.25,1.0,1.0,1.0,1.0,1.0,1.0,1.0
251.3,1.0,1.0,1.0,1.0,1.0,1.0,1.0
251.35000000000002,1.0,1.0,1.0,1.0,1.0,1.0,1.0
251.4,1.0,1.0,1.0,1.0,1.0,1.0,1.0
251.45000000000002,1.0,1.0,1.0,1.0,1.0,1.0,1.0
251.5,1.0,1.0,1.0,1.0,1.0,1.0,1.0
251.55,1.0,1.0,1.0,1.0,1.0,1.0,1.0
251.60000000000002,1.0,1.0,1.0,1.0,1.0,1.0,1.0
251.65,1.0,1.0,1.0,1.0,1.0,1.0,1.0
251.70000000000002,1.0,1.0,1.0,1.0,1.0,1.0,1.0
251.75,1.0,1.0,1.0,1.0,1.0,1.0,1.0
251.8,1.0,1.0,1.0,1.0,1.0,1.0,1.0
251.85000000000002,1.0,1.0,1.0,1.0,1.0,1.0,1.0
251.9,1.0,1.0,1.0,1.0,1.0,1.0,1.0
251.95000000000002,1.0,1.0,1.0,1.0,1.0,1.0,1.0
252.0,1.0,1.0,1.0,1.0,1.0,1.0,1.0
252.05,1.0,1.0,1.0,1.0,1.0,1.0,1.0
252.10000000000002,1.0,1.0,1.0,1.0,1.0,1.0,1.0
252.15,1.0,1.0,1.0,1.0,1.0,1.0,1.0
252.20000000000002,1.0,1.0,1.0,1.0,1.0,1.0,1.0
252.25,1.0,1.0,1.0,1.0,1.0,1.0,1.0
252.3,1.0,1.0,1.0,1.0,1.0,1.0,1.0
252.35000000000002,1.0,1.0,1.0,1.0,1.0,1.0,1.0
252.4,1.0,1.0,1.0,1.0,1.0,1.0,1.0
252.45000000000002,1.0,1.0,1.0,1.0,1.0,1.0,1.0
252.5,1.0,1.0,1.0,1.0,1.0,1.0,1.0
252.55,1.0,1.0,1.0,1.0,1.0,1.0,1.0
252.60000000000002,1.0,1.0,1.0,1.0,1.0,1.0,1.0
252.65,1.0,1.0,1.0,1.0,1.0,1.0,1.0
252.70000000000002,1.0,1.0,1.0,1.0,1.0,1.0,1.0
252.75,1.0,1.0,1.0,1.0,1.0,1.0,1.0
252.8,1.0,1.0,1.0,1.0,1.0,1.0,1.0
252.85000000000002,1.0,1.0,1.0,1.0,1.0,1.0,1.0
252.9,1.0,1.0,1.0,1.0,1.0,1.0,1.0
252.95000000000002,1.0,1.0,1.0,1.0,1.0,1.0,1.0
253.0,1.0,1.0,1.0,1.0,1.0,1.0,1.0
253.05,1.0,1.0,1.0,1.0,1.0,1.0,1.0
253.10000000000002,1.0,1.0,1.0,1.0,1.0,1.0,1.0
253.15,1.0,1.0,1.0,1.0,1.0,1.0,1.0
253.20000000000002,1.0,1.0,1.0,1.0,1.0,1.0,1.0
253.25,1.0,1.0,1.0,1.0,1.0,1.0,1.0
253.3,1.0,1.0,1.0,1.0,1.0,1.0,1.0
253.35000000000002,1.0,1.0,1.0,1.0,1.0,1.0,1.0
253.4,1.0,1.0,1.0,1.0,1.0,1.0,1.0
253.45000000000002,1.0,1.0,1.0,1.0,1.0,1.0,1.0
253.5,1.0,1.0,1.0,1.0,1.0,1.0,1.0
253.55,1.0,1.0,1.0,1.0,1.0,1.0,1.0
253.60000000000002,1.0,1.0,1.0,1.0,1.0,1.0,1.0
253.65,1.0,1.0,1.0,1.0,1.0,1.0,1.0
253.70000000000002,1.0,1.0,1.0,1.0,1.0,1.0,1.0
253.75,1.0,1.0,1.0,1.0,1.0,1.0,1.0
253.8,1.0,1.0,1.0,1.0,1.0,1.0,1.0
253.85000000000002,1.0,1.0,1.0,1.0,1.0,1.0,1.0
253.9,1.0,1.0,1.0,1.0,1.0,1.0,1.0
253.95000000000002,1.0,1.0,1.0,1.0,1.0,1.0,1.0
254.0,1.0,1.0,1.0,1.0,1.0,1.0,1.0
254.05,1.0,1.0,1.0,1.0,1.0,1.0,1.0
254.10000000000002,1.0,1.0,1.0,1.0,1.0,1.0,1.0
254.15,1.0,1.0,1.0,1.0,1.0,1.0,1.0
254.20000000000002,1.0,1.0,1.0,1.0,1.0,1.0,1.0
254.25,1.0,1.0,1.0,1.0,1.0,1.0,1.0
254.3,1.0,1.0,1.0,1.0,1.0,1.0,1.0
254.35000000000002,1.0,1.0,1.0,1.0,1.0,1.0,1.0
254.4,1.0,1.0,1.0,1.0,1.0,1.0,1.0
254.45000000000002,1.0,1.0,1.0,1.0,1.0,1.0,1.0
254.5,1.0,1.0,1.0,1.0,1.0,1.0,1.0
254.55,1.0,1.0,1.0,1.0,1.0,1.0,1.0
254.60000000000002,1.0,1.0,1.0,1.0,1.0,1.0,1.0
254.65,1.0,1.0,1.0,1.0,1.0,1.0,1.0
254.70000000000002,1.0,1.0,1.0,1.0,1.0,1.0,1.0
254.75,1.0,1.0,1.0,1.0,1.0,1.0,1.0
254.8,1.0,1.0,1.0,1.0,1.0,1.0,1.0
254.85000000000002,1.0,1.0,1.0,1.0,1.0,1.0,1.0
254.9,1.0,1.0,1.0,1.0,1.0,1.0,1.0
254.95000000000002,1.0,1.0,1.0,1.0,1.0,1.0,1.0
255.0,1.0,1.0,1.0,1.0,1.0,1.0,1.0
255.05,1.0,1.0,1.0,1.0,1.0,1.0,1.0
255.10000000000002,1.0,1.0,1.0,1.0,1.0,1.0,1.0
255.15,1.0,1.0,1.0,1.0,1.0,1.0,1.0
255.20000000000002,1.0,1.0,1.0,1.0,1.0,1.0,1.0
255.25,1.0,1.0,1.0,1.0,1.0,1.0,1.0
255.3,1.0,1.0,1.0,1.0,1.0,1.0,1.0
255.35000000000002,1.0,1.0,1.0,1.0,1.0,1.0,1.0
255.4,1.0,1.0,1.0,1.0,1.0,1.0,1.0
255.45000000000002,1.0,1.0,1.0,1.0,1.0,1.0,1.0
255.5,1.0,1.0,1.0,1.0,1.0,1.0,1.0
255.55,1.0,1.0,1.0,1.0,1.0,1.0,1.0
255.60000000000002,1.0,1.0,1.0,1.0,1.0,1.0,1.0
255.65,1.0,1.0,1.0,1.0,1.0,1.0,1.0
255.70000000000002,1.0,1.0,1.0,1.0,1.0,1.0,1.0
255.75,1.0,1.0,1.0,1.0,1.0,1.0,1.0
255.8,1.0,1.0,1.0,1.0,1.0,1.0,1.0
255.85000000000002,1.0,1.0,1.0,1.0,1.0,1.0,1.0
255.9,1.0,1.0,1.0,1.0,1.0,1.0,1.0
255.95000000000002,1.0,1.0,1.0,1.0,1.0,1.0,1.0
256.0,1.0,1.0,1.0,1.0,1.0,1.0,1.0
256.05,1.0,1.0,1.0,1.0,1.0,1.0,1.0
256.1,1.0,1.0,1.0,1.0,1.0,1.0,1.0
256.15000000000003,1.0,1.0,1.0,1.0,1.0,1.0,1.0
256.2,1.0,1.0,1.0,1.0,1.0,1.0,1.0
256.25,1.0,1.0,1.0,1.0,1.0,1.0,1.0
256.3,1.0,1.0,1.0,1.0,1.0,1.0,1.0
256.35,1.0,1.0,1.0,1.0,1.0,1.0,1.0
256.40000000000003,1.0,1.0,1.0,1.0,1.0,1.0,1.0
256.45,1.0,1.0,1.0,1.0,1.0,1.0,1.0
256.5,1.0,1.0,1.0,1.0,1.0,1.0,1.0
256.55,1.0,1.0,1.0,1.0,1.0,1.0,1.0
256.6,1.0,1.0,1.0,1.0,1.0,1.0,1.0
256.65000000000003,1.0,1.0,1.0,1.0,1.0,1.0,1.0
256.7,1.0,1.0,1.0,1.0,1.0,1.0,1.0
256.75,1.0,1.0,1.0,1.0,1.0,1.0,1.0
256.8,1.0,1.0,1.0,1.0,1.0,1.0,1.0
256.85,1.0,1.0,1.0,1.0,1.0,1.0,1.0
256.90000000000003,1.0,1.0,1.0,1.0,1.0,1.0,1.0
256.95,1.0,1.0,1.0,1.0,1.0,1.0,1.0
257.0,1.0,1.0,1.0,1.0,1.0,1.0,1.0
257.05,1.0,1.0,1.0,1.0,1.0,1.0,1.0
257.1,1.0,1.0,1.0,1.0,1.0,1.0,1.0
257.15000000000003,1.0,1.0,1.0,1.0,1.0,1.0,1.0
257.2,1.0,1.0,1.0,1.0,1.0,1.0,1.0
257.25,1.0,1.0,1.0,1.0,1.0,1.0,1.0
257.3,1.0,1.0,1.0,1.0,1.0,1.0,1.0
257.35,1.0,1.0,1.0,1.0,1.0,1.0,1.0
257.40000000000003,1.0,1.0,1.0,1.0,1.0,1.0,1.0
257.45,1.0,1.0,1.0,1.0,1.0,1.0,1.0
257.5,1.0,1.0,1.0,1.0,1.0,1.0,1.0
257.55,1.0,1.0,1.0,1.0,1.0,1.0,1.0
257.6,1.0,1.0,1.0,1.0,1.0,1.0,1.0
257.65000000000003,1.0,1.0,1.0,1.0,1.0,1.0,1.0
257.7,1.0,1.0,1.0,1.0,1.0,1.0,1.0
257.75,1.0,1.0,1.0,1.0,1.0,1.0,1.0
257.8,1.0,1.0,1.0,1.0,1.0,1.0,1.0
257.85,1.0,1.0,1.0,1.0,1.0,1.0,1.0
257.90000000000003,1.0,1.0,1.0,1.0,1.0,1.0,1.0
257.95,1.0,1.0,1.0,1.0,1.0,1.0,1.0
258.0,1.0,1.0,1.0,1.0,1.0,1.0,1.0
258.05,1.0,1.0,1.0,1.0,1.0,1.0,1.0
258.1,1.0,1.0,1.0,1.0,1.0,1.0,1.0
258.15000000000003,1.0,1.0,1.0,1.0,1.0,1.0,1.0
258.2,1.0,1.0,1.0,1.0,1.0,1.0,1.0
258.25,1.0,1.0,1.0,1.0,1.0,1.0,1.0
258.3,1.0,1.0,1.0,1.0,1.0,1.0,1.0
258.35,1.0,1.0,1.0,1.0,1.0,1.0,1.0
258.40000000000003,1.0,1.0,1.0,1.0,1.0,1.0,1.0
258.45,1.0,1.0,1.0,1.0,1.0,1.0,1.0
258.5,1.0,1.0,1.0,1.0,1.0,1.0,1.0
258.55,1.0,1.0,1.0,1.0,1.0,1.0,1.0
258.6,1.0,1.0,1.0,1.0,1.0,1.0,1.0
258.65000000000003,1.0,1.0,1.0,1.0,1.0,1.0,1.0
258.7,1.0,1.0,1.0,1.0,1.0,1.0,1.0
258.75,1.0,1.0,1.0,1.0,1.0,1.0,1.0
258.8,1.0,1.0,1.0,1.0,1.0,1.0,1.0
258.85,1.0,1.0,1.0,1.0,1.0,1.0,1.0
258.90000000000003,1.0,1.0,1.0,1.0,1.0,1.0,1.0
258.95,1.0,1.0,1.0,1.0,1.0,1.0,1.0
259.0,1.0,1.0,1.0,1.0,1.0,1.0,1.0
259.05,1.0,1.0,1.0,1.0,1.0,1.0,1.0
259.1,1.0,1.0,1.0,1.0,1.0,1.0,1.0
259.15000000000003,1.0,1.0,1.0,1.0,1.0,1.0,1.0
259.2,1.0,1.0,1.0,1.0,1.0,1.0,1.0
259.25,1.0,1.0,1.0,1.0,1.0,1.0,1.0
259.3,1.0,1.0,1.0,1.0,1.0,1.0,1.0
259.35,1.0,1.0,1.0,1.0,1.0,1.0,1.0
259.40000000000003,1.0,1.0,1.0,1.0,1.0,1.0,1.0
259.45,1.0,1.0,1.0,1.0,1.0,1.0,1.0
259.5,1.0,1.0,1.0,1.0,1.0,1.0,1.0
259.55,1.0,1.0,1.0,1.0,1.0,1.0,1.0
259.6,1.0,1.0,1.0,1.0,1.0,1.0,1.0
259.65000000000003,1.0,1.0,1.0,1.0,1.0,1.0,1.0
259.7,1.0,1.0,1.0,1.0,1.0,1.0,1.0
259.75,1.0,1.0,1.0,1.0,1.0,1.0,1.0
259.8,1.0,1.0,1.0,1.0,1.0,1.0,1.0
259.85,1.0,1.0,1.0,1.0,1.0,1.0,1.0
259.90000000000003,1.0,1.0,1.0,1.0,1.0,1.0,1.0
259.95,1.0,1.0,1.0,1.0,1.0,1.0,1.0
260.0,1.0,1.0,1.0,1.0,1.0,1.0,1.0
260.05,1.0,1.0,1.0,1.0,1.0,1.0,1.0
260.1,1.0,1.0,1.0,1.0,1.0,1.0,1.0
260.15000000000003,1.0,1.0,1.0,1.0,1.0,1.0,1.0
260.2,1.0,1.0,1.0,1.0,1.0,1.0,1.0
260.25,1.0,1.0,1.0,1.0,1.0,1.0,1.0
260.3,1.0,1.0,1.0,1.0,1.0,1.0,1.0
260.35,1.0,1.0,1.0,1.0,1.0,1.0,1.0
260.40000000000003,1.0,1.0,1.0,1.0,1.0,1.0,1.0
260.45,1.0,1.0,1.0,1.0,1.0,1.0,1.0
260.5,1.0,1.0,1.0,1.0,1.0,1.0,1.0
260.55,1.0,1.0,1.0,1.0,1.0,1.0,1.0
260.6,1.0,1.0,1.0,1.0,1.0,1.0,1.0
260.65000000000003,1.0,1.0,1.0,1.0,1.0,1.0,1.0
260.7,1.0,1.0,1.0,1.0,1.0,1.0,1.0
260.75,1.0,1.0,1.0,1.0,1.0,1.0,1.0
260.8,1.0,1.0,1.0,1.0,1.0,1.0,1.0
260.85,1.0,1.0,1.0,1.0,1.0,1.0,1.0
260.90000000000003,1.0,1.0,1.0,1.0,1.0,1.0,1.0
260.95,1.0,1.0,1.0,1.0,1.0,1.0,1.0
261.0,1.0,1.0,1.0,1.0,1.0,1.0,1.0
261.05,1.0,1.0,1.0,1.0,1.0,1.0,1.0
261.1,1.0,1.0,1.0,1.0,1.0,1.0,1.0
261.15000000000003,1.0,1.0,1.0,1.0,1.0,1.0,1.0
261.2,1.0,1.0,1.0,1.0,1.0,1.0,1.0
261.25,1.0,1.0,1.0,1.0,1.0,1.0,1.0
261.3,1.0,1.0,1.0,1.0,1.0,1.0,1.0
261.35,1.0,1.0,1.0,1.0,1.0,1.0,1.0
261.40000000000003,1.0,1.0,1.0,1.0,1.0,1.0,1.0
261.45,1.0,1.0,1.0,1.0,1.0,1.0,1.0
261.5,1.0,1.0,1.0,1.0,1.0,1.0,1.0
261.55,1.0,1.0,1.0,1.0,1.0,1.0,1.0
261.6,1.0,1.0,1.0,1.0,1.0,1.0,1.0
261.65000000000003,1.0,1.0,1.0,1.0,1.0,1.0,1.0
261.7,1.0,1.0,1.0,1.0,1.0,1.0,1.0
261.75,1.0,1.0,1.0,1.0,1.0,1.0,1.0
261.8,1.0,1.0,1.0,1.0,1.0,1.0,1.0
261.85,1.0,1.0,1.0,1.0,1.0,1.0,1.0
261.90000000000003,1.0,1.0,1.0,1.0,1.0,1.0,1.0
261.95,1.0,1.0,1.0,1.0,1.0,1.0,1.0
262.0,1.0,1.0,1.0,1.0,1.0,1.0,1.0
262.05,1.0,1.0,1.0,1.0,1.0,1.0,1.0
262.1,1.0,1.0,1.0,1.0,1.0,1.0,1.0
262.15000000000003,1.0,1.0,1.0,1.0,1.0,1.0,1.0
262.2,1.0,1.0,1.0,1.0,1.0,1.0,1.0
262.25,1.0,1.0,1.0,1.0,1.0,1.0,1.0
262.3,1.0,1.0,1.0,1.0,1.0,1.0,1.0
262.35,1.0,1.0,1.0,1.0,1.0,1.0,1.0
262.40000000000003,1.0,1.0,1.0,1.0,1.0,1.0,1.0
262.45,1.0,1.0,1.0,1.0,1.0,1.0,1.0
262.5,1.0,1.0,1.0,1.0,1.0,1.0,1.0
262.55,1.0,1.0,1.0,1.0,1.0,1.0,1.0
262.6,1.0,1.0,1.0,1.0,1.0,1.0,1.0
262.65000000000003,1.0,1.0,1.0,1.0,1.0,1.0,1.0
262.7,1.0,1.0,1.0,1.0,1.0,1.0,1.0
262.75,1.0,1.0,1.0,1.0,1.0,1.0,1.0
262.8,1.0,1.0,1.0,1.0,1.0,1.0,1.0
262.85,1.0,1.0,1.0,1.0,1.0,1.0,1.0
262.90000000000003,1.0,1.0,1.0,1.0,1.0,1.0,1.0
262.95,1.0,1.0,1.0,1.0,1.0,1.0,1.0
263.0,1.0,1.0,1.0,1.0,1.0,1.0,1.0
263.05,1.0,1.0,1.0,1.0,1.0,1.0,1.0
263.1,1.0,1.0,1.0,1.0,1.0,1.0,1.0
263.15000000000003,1.0,1.0,1.0,1.0,1.0,1.0,1.0
263.2,1.0,1.0,1.0,1.0,1.0,1.0,1.0
263.25,1.0,1.0,1.0,1.0,1.0,1.0,1.0
263.3,1.0,1.0,1.0,1.0,1.0,1.0,1.0
263.35,1.0,1.0,1.0,1.0,1.0,1.0,1.0
263.40000000000003,1.0,1.0,1.0,1.0,1.0,1.0,1.0
263.45,1.0,1.0,1.0,1.0,1.0,1.0,1.0
263.5,1.0,1.0,1.0,1.0,1.0,1.0,1.0
263.55,1.0,1.0,1.0,1.0,1.0,1.0,1.0
263.6,1.0,1.0,1.0,1.0,1.0,1.0,1.0
263.65000000000003,1.0,1.0,1.0,1.0,1.0,1.0,1.0
263.7,1.0,1.0,1.0,1.0,1.0,1.0,1.0
263.75,1.0,1.0,1.0,1.0,1.0,1.0,1.0
263.8,1.0,1.0,1.0,1.0,1.0,1.0,1.0
263.85,1.0,1.0,1.0,1.0,1.0,1.0,1.0
263.90000000000003,1.0,1.0,1.0,1.0,1.0,1.0,1.0
263.95,1.0,1.0,1.0,1.0,1.0,1.0,1.0
264.0,1.0,1.0,1.0,1.0,1.0,1.0,1.0
264.05,1.0,1.0,1.0,1.0,1.0,1.0,1.0
264.1,1.0,1.0,1.0,1.0,1.0,1.0,1.0
264.15000000000003,1.0,1.0,1.0,1.0,1.0,1.0,1.0
264.2,1.0,1.0,1.0,1.0,1.0,1.0,1.0
264.25,1.0,1.0,1.0,1.0,1.0,1.0,1.0
264.3,1.0,1.0,1.0,1.0,1.0,1.0,1.0
264.35,1.0,1.0,1.0,1.0,1.0,1.0,1.0
264.40000000000003,1.0,1.0,1.0,1.0,1.0,1.0,1.0
264.45,1.0,1.0,1.0,1.0,1.0,1.0,1.0
264.5,1.0,1.0,1.0,1.0,1.0,1.0,1.0
264.55,1.0,1.0,1.0,1.0,1.0,1.0,1.0
264.6,1.0,1.0,1.0,1.0,1.0,1.0,1.0
264.65000000000003,1.0,1.0,1.0,1.0,1.0,1.0,1.0
264.7,1.0,1.0,1.0,1.0,1.0,1.0,1.0
264.75,1.0,1.0,1.0,1.0,1.0,1.0,1.0
264.8,1.0,1.0,1.0,1.0,1.0,1.0,1.0
264.85,1.0,1.0,1.0,1.0,1.0,1.0,1.0
264.90000000000003,1.0,1.0,1.0,1.0,1.0,1.0,1.0
264.95,1.0,1.0,1.0,1.0,1.0,1.0,1.0
265.0,1.0,1.0,1.0,1.0,1.0,1.0,1.0
265.05,1.0,1.0,1.0,1.0,1.0,1.0,1.0
265.1,1.0,1.0,1.0,1.0,1.0,1.0,1.0
265.15000000000003,1.0,1.0,1.0,1.0,1.0,1.0,1.0
265.2,1.0,1.0,1.0,1.0,1.0,1.0,1.0
265.25,1.0,1.0,1.0,1.0,1.0,1.0,1.0
265.3,1.0,1.0,1.0,1.0,1.0,1.0,1.0
265.35,1.0,1.0,1.0,1.0,1.0,1.0,1.0
265.40000000000003,1.0,1.0,1.0,1.0,1.0,1.0,1.0
265.45,1.0,1.0,1.0,1.0,1.0,1.0,1.0
265.5,1.0,1.0,1.0,1.0,1.0,1.0,1.0
265.55,1.0,1.0,1.0,1.0,1.0,1.0,1.0
265.6,1.0,1.0,1.0,1.0,1.0,1.0,1.0
265.65000000000003,1.0,1.0,1.0,1.0,1.0,1.0,1.0
265.7,1.0,1.0,1.0,1.0,1.0,1.0,1.0
265.75,1.0,1.0,1.0,1.0,1.0,1.0,1.0
265.8,1.0,1.0,1.0,1.0,1.0,1.0,1.0
265.85,1.0,1.0,1.0,1.0,1.0,1.0,1.0
265.90000000000003,1.0,1.0,1.0,1.0,1.0,1.0,1.0
265.95,1.0,1.0,1.0,1.0,1.0,1.0,1.0
266.0,1.0,1.0,1.0,1.0,1.0,1.0,1.0
266.05,1.0,1.0,1.0,1.0,1.0,1.0,1.0
266.1,1.0,1.0,1.0,1.0,1.0,1.0,1.0
266.15000000000003,1.0,1.0,1.0,1.0,1.0,1.0,1.0
266.2,1.0,1.0,1.0,1.0,1.0,1.0,1.0
266.25,1.0,1.0,1.0,1.0,1.0,1.0,1.0
266.3,1.0,1.0,1.0,1.0,1.0,1.0,1.0
266.35,1.0,1.0,1.0,1.0,1.0,1.0,1.0
266.40000000000003,1.0,1.0,1.0,1.0,1.0,1.0,1.0
266.45,1.0,1.0,1.0,1.0,1.0,1.0,1.0
266.5,1.0,1.0,1.0,1.0,1.0,1.0,1.0
266.55,1.0,1.0,1.0,1.0,1.0,1.0,1.0
266.6,1.0,1.0,1.0,1.0,1.0,1.0,1.0
266.65000000000003,1.0,1.0,1.0,1.0,1.0,1.0,1.0
266.7,1.0,1.0,1.0,1.0,1.0,1.0,1.0
266.75,1.0,1.0,1.0,1.0,1.0,1.0,1.0
266.8,1.0,1.0,1.0,1.0,1.0,1.0,1.0
266.85,1.0,1.0,1.0,1.0,1.0,1.0,1.0
266.90000000000003,1.0,1.0,1.0,1.0,1.0,1.0,1.0
266.95,1.0,1.0,1.0,1.0,1.0,1.0,1.0
267.0,1.0,1.0,1.0,1.0,1.0,1.0,1.0
267.05,1.0,1.0,1.0,1.0,1.0,1.0,1.0
267.1,1.0,1.0,1.0,1.0,1.0,1.0,1.0
267.15000000000003,1.0,1.0,1.0,1.0,1.0,1.0,1.0
267.2,1.0,1.0,1.0,1.0,1.0,1.0,1.0
267.25,1.0,1.0,1.0,1.0,1.0,1.0,1.0
267.3,1.0,1.0,1.0,1.0,1.0,1.0,1.0
267.35,1.0,1.0,1.0,1.0,1.0,1.0,1.0
267.40000000000003,1.0,1.0,1.0,1.0,1.0,1.0,1.0
267.45,1.0,1.0,1.0,1.0,1.0,1.0,1.0
267.5,1.0,1.0,1.0,1.0,1.0,1.0,1.0
267.55,1.0,1.0,1.0,1.0,1.0,1.0,1.0
267.6,1.0,1.0,1.0,1.0,1.0,1.0,1.0
267.65000000000003,1.0,1.0,1.0,1.0,1.0,1.0,1.0
267.7,1.0,1.0,1.0,1.0,1.0,1.0,1.0
267.75,1.0,1.0,1.0,1.0,1.0,1.0,1.0
267.8,1.0,1.0,1.0,1.0,1.0,1.0,1.0
267.85,1.0,1.0,1.0,1.0,1.0,1.0,1.0
267.90000000000003,1.0,1.0,1.0,1.0,1.0,1.0,1.0
267.95,1.0,1.0,1.0,1.0,1.0,1.0,1.0
268.0,1.0,1.0,1.0,1.0,1.0,1.0,1.0
268.05,1.0,1.0,1.0,1.0,1.0,1.0,1.0
268.1,1.0,1.0,1.0,1.0,1.0,1.0,1.0
268.15000000000003,1.0,1.0,1.0,1.0,1.0,1.0,1.0
268.2,1.0,1.0,1.0,1.0,1.0,1.0,1.0
268.25,1.0,1.0,1.0,1.0,1.0,1.0,1.0
268.3,1.0,1.0,1.0,1.0,1.0,1.0,1.0
268.35,1.0,1.0,1.0,1.0,1.0,1.0,1.0
268.40000000000003,1.0,1.0,1.0,1.0,1.0,1.0,1.0
268.45,1.0,1.0,1.0,1.0,1.0,1.0,1.0
268.5,1.0,1.0,1.0,1.0,1.0,1.0,1.0
268.55,1.0,1.0,1.0,1.0,1.0,1.0,1.0
268.6,1.0,1.0,1.0,1.0,1.0,1.0,1.0
268.65000000000003,1.0,1.0,1.0,1.0,1.0,1.0,1.0
268.7,1.0,1.0,1.0,1.0,1.0,1.0,1.0
268.75,1.0,1.0,1.0,1.0,1.0,1.0,1.0
268.8,1.0,1.0,1.0,1.0,1.0,1.0,1.0
268.85,1.0,1.0,1.0,1.0,1.0,1.0,1.0
268.90000000000003,1.0,1.0,1.0,1.0,1.0,1.0,1.0
268.95,1.0,1.0,1.0,1.0,1.0,1.0,1.0
269.0,1.0,1.0,1.0,1.0,1.0,1.0,1.0
269.05,1.0,1.0,1.0,1.0,1.0,1.0,1.0
269.1,1.0,1.0,1.0,1.0,1.0,1.0,1.0
269.15000000000003,1.0,1.0,1.0,1.0,1.0,1.0,1.0
269.2,1.0,1.0,1.0,1.0,1.0,1.0,1.0
269.25,1.0,1.0,1.0,1.0,1.0,1.0,1.0
269.3,1.0,1.0,1.0,1.0,1.0,1.0,1.0
269.35,1.0,1.0,1.0,1.0,1.0,1.0,1.0
269.40000000000003,1.0,1.0,1.0,1.0,1.0,1.0,1.0
269.45,1.0,1.0,1.0,1.0,1.0,1.0,1.0
269.5,1.0,1.0,1.0,1.0,1.0,1.0,1.0
269.55,1.0,1.0,1.0,1.0,1.0,1.0,1.0
269.6,1.0,1.0,1.0,1.0,1.0,1.0,1.0
269.65000000000003,1.0,1.0,1.0,1.0,1.0,1.0,1.0
269.7,1.0,1.0,1.0,1.0,1.0,1.0,1.0
269.75,1.0,1.0,1.0,1.0,1.0,1.0,1.0
269.8,1.0,1.0,1.0,1.0,1.0,1.0,1.0
269.85,1.0,1.0,1.0,1.0,1.0,1.0,1.0
269.90000000000003,1.0,1.0,1.0,1.0,1.0,1.0,1.0
269.95,1.0,1.0,1.0,1.0,1.0,1.0,1.0
270.0,1.0,1.0,1.0,1.0,1.0,1.0,1.0
270.05,1.0,1.0,1.0,1.0,1.0,1.0,1.0
270.1,1.0,1.0,1.0,1.0,1.0,1.0,1.0
270.15000000000003,1.0,1.0,1.0,1.0,1.0,1.0,1.0
270.2,1.0,1.0,1.0,1.0,1.0,1.0,1.0
270.25,1.0,1.0,1.0,1.0,1.0,1.0,1.0
270.3,1.0,1.0,1.0,1.0,1.0,1.0,1.0
270.35,1.0,1.0,1.0,1.0,1.0,1.0,1.0
270.40000000000003,1.0,1.0,1.0,1.0,1.0,1.0,1.0
270.45,1.0,1.0,1.0,1.0,1.0,1.0,1.0
270.5,1.0,1.0,1.0,1.0,1.0,1.0,1.0
270.55,1.0,1.0,1.0,1.0,1.0,1.0,1.0
270.6,1.0,1.0,1.0,1.0,1.0,1.0,1.0
270.65000000000003,1.0,1.0,1.0,1.0,1.0,1.0,1.0
270.7,1.0,1.0,1.0,1.0,1.0,1.0,1.0
270.75,1.0,1.0,1.0,1.0,1.0,1.0,1.0
270.8,1.0,1.0,1.0,1.0,1.0,1.0,1.0
270.85,1.0,1.0,1.0,1.0,1.0,1.0,1.0
270.90000000000003,1.0,1.0,1.0,1.0,1.0,1.0,1.0
270.95,1.0,1.0,1.0,1.0,1.0,1.0,1.0
271.0,1.0,1.0,1.0,1.0,1.0,1.0,1.0
271.05,1.0,1.0,1.0,1.0,1.0,1.0,1.0
271.1,1.0,1.0,1.0,1.0,1.0,1.0,1.0
271.15000000000003,1.0,1.0,1.0,1.0,1.0,1.0,1.0
271.2,1.0,1.0,1.0,1.0,1.0,1.0,1.0
271.25,1.0,1.0,1.0,1.0,1.0,1.0,1.0
271.3,1.0,1.0,1.0,1.0,1.0,1.0,1.0
271.35,1.0,1.0,1.0,1.0,1.0,1.0,1.0
271.40000000000003,1.0,1.0,1.0,1.0,1.0,1.0,1.0
271.45,1.0,1.0,1.0,1.0,1.0,1.0,1.0
271.5,1.0,1.0,1.0,1.0,1.0,1.0,1.0
271.55,1.0,1.0,1.0,1.0,1.0,1.0,1.0
271.6,1.0,1.0,1.0,1.0,1.0,1.0,1.0
271.65000000000003,1.0,1.0,1.0,1.0,1.0,1.0,1.0
271.7,1.0,1.0,1.0,1.0,1.0,1.0,1.0
271.75,1.0,1.0,1.0,1.0,1.0,1.0,1.0
271.8,1.0,1.0,1.0,1.0,1.0,1.0,1.0
271.85,1.0,1.0,1.0,1.0,1.0,1.0,1.0
271.90000000000003,1.0,1.0,1.0,1.0,1.0,1.0,1.0
271.95,1.0,1.0,1.0,1.0,1.0,1.0,1.0
272.0,1.0,1.0,1.0,1.0,1.0,1.0,1.0
272.05,1.0,1.0,1.0,1.0,1.0,1.0,1.0
272.1,1.0,1.0,1.0,1.0,1.0,1.0,1.0
272.15000000000003,1.0,1.0,1.0,1.0,1.0,1.0,1.0
272.2,1.0,1.0,1.0,1.0,1.0,1.0,1.0
272.25,1.0,1.0,1.0,1.0,1.0,1.0,1.0
272.3,1.0,1.0,1.0,1.0,1.0,1.0,1.0
272.35,1.0,1.0,1.0,1.0,1.0,1.0,1.0
272.40000000000003,1.0,1.0,1.0,1.0,1.0,1.0,1.0
272.45,1.0,1.0,1.0,1.0,1.0,1.0,1.0
272.5,1.0,1.0,1.0,1.0,1.0,1.0,1.0
272.55,1.0,1.0,1.0,1.0,1.0,1.0,1.0
272.6,1.0,1.0,1.0,1.0,1.0,1.0,1.0
272.65000000000003,1.0,1.0,1.0,1.0,1.0,1.0,1.0
272.7,1.0,1.0,1.0,1.0,1.0,1.0,1.0
272.75,1.0,1.0,1.0,1.0,1.0,1.0,1.0
272.8,1.0,1.0,1.0,1.0,1.0,1.0,1.0
272.85,1.0,1.0,1.0,1.0,1.0,1.0,1.0
272.90000000000003,1.0,1.0,1.0,1.0,1.0,1.0,1.0
272.95,1.0,1.0,1.0,1.0,1.0,1.0,1.0
273.0,1.0,1.0,1.0,1.0,1.0,1.0,1.0
273.05,1.0,1.0,1.0,1.0,1.0,1.0,1.0
273.1,1.0,1.0,1.0,1.0,1.0,1.0,1.0
273.15000000000003,1.0,1.0,1.0,1.0,1.0,1.0,1.0
273.2,1.0,1.0,1.0,1.0,1.0,1.0,1.0
273.25,1.0,1.0,1.0,1.0,1.0,1.0,1.0
273.3,1.0,1.0,1.0,1.0,1.0,1.0,1.0
273.35,1.0,1.0,1.0,1.0,1.0,1.0,1.0
273.40000000000003,1.0,1.0,1.0,1.0,1.0,1.0,1.0
273.45,1.0,1.0,1.0,1.0,1.0,1.0,1.0
273.5,1.0,1.0,1.0,1.0,1.0,1.0,1.0
273.55,1.0,1.0,1.0,1.0,1.0,1.0,1.0
273.6,1.0,1.0,1.0,1.0,1.0,1.0,1.0
273.65000000000003,1.0,1.0,1.0,1.0,1.0,1.0,1.0
273.7,1.0,1.0,1.0,1.0,1.0,1.0,1.0
273.75,1.0,1.0,1.0,1.0,1.0,1.0,1.0
273.8,1.0,1.0,1.0,1.0,1.0,1.0,1.0
273.85,1.0,1.0,1.0,1.0,1.0,1.0,1.0
273.90000000000003,1.0,1.0,1.0,1.0,1.0,1.0,1.0
273.95,1.0,1.0,1.0,1.0,1.0,1.0,1.0
274.0,1.0,1.0,1.0,1.0,1.0,1.0,1.0
274.05,1.0,1.0,1.0,1.0,1.0,1.0,1.0
274.1,1.0,1.0,1.0,1.0,1.0,1.0,1.0
274.15000000000003,1.0,1.0,1.0,1.0,1.0,1.0,1.0
274.2,1.0,1.0,1.0,1.0,1.0,1.0,1.0
274.25,1.0,1.0,1.0,1.0,1.0,1.0,1.0
274.3,1.0,1.0,1.0,1.0,1.0,1.0,1.0
274.35,1.0,1.0,1.0,1.0,1.0,1.0,1.0
274.40000000000003,1.0,1.0,1.0,1.0,1.0,1.0,1.0
274.45,1.0,1.0,1.0,1.0,1.0,1.0,1.0
274.5,1.0,1.0,1.0,1.0,1.0,1.0,1.0
274.55,1.0,1.0,1.0,1.0,1.0,1.0,1.0
274.6,1.0,1.0,1.0,1.0,1.0,1.0,1.0
274.65000000000003,1.0,1.0,1.0,1.0,1.0,1.0,1.0
274.7,1.0,1.0,1.0,1.0,1.0,1.0,1.0
274.75,1.0,1.0,1.0,1.0,1.0,1.0,1.0
274.8,1.0,1.0,1.0,1.0,1.0,1.0,1.0
274.85,1.0,1.0,1.0,1.0,1.0,1.0,1.0
274.90000000000003,1.0,1.0,1.0,1.0,1.0,1.0,1.0
274.95,1.0,1.0,1.0,1.0,1.0,1.0,1.0
275.0,1.0,1.0,1.0,1.0,1.0,1.0,1.0
275.05,1.0,1.0,1.0,1.0,1.0,1.0,1.0
275.1,1.0,1.0,1.0,1.0,1.0,1.0,1.0
275.15000000000003,1.0,1.0,1.0,1.0,1.0,1.0,1.0
275.2,1.0,1.0,1.0,1.0,1.0,1.0,1.0
275.25,1.0,1.0,1.0,1.0,1.0,1.0,1.0
275.3,1.0,1.0,1.0,1.0,1.0,1.0,1.0
275.35,1.0,1.0,1.0,1.0,1.0,1.0,1.0
275.40000000000003,1.0,1.0,1.0,1.0,1.0,1.0,1.0
275.45,1.0,1.0,1.0,1.0,1.0,1.0,1.0
275.5,1.0,1.0,1.0,1.0,1.0,1.0,1.0
275.55,1.0,1.0,1.0,1.0,1.0,1.0,1.0
275.6,1.0,1.0,1.0,1.0,1.0,1.0,1.0
275.65000000000003,1.0,1.0,1.0,1.0,1.0,1.0,1.0
275.7,1.0,1.0,1.0,1.0,1.0,1.0,1.0
275.75,1.0,1.0,1.0,1.0,1.0,1.0,1.0
275.8,1.0,1.0,1.0,1.0,1.0,1.0,1.0
275.85,1.0,1.0,1.0,1.0,1.0,1.0,1.0
275.90000000000003,1.0,1.0,1.0,1.0,1.0,1.0,1.0
275.95,1.0,1.0,1.0,1.0,1.0,1.0,1.0
276.0,1.0,1.0,1.0,1.0,1.0,1.0,1.0
276.05,1.0,1.0,1.0,1.0,1.0,1.0,1.0
276.1,1.0,1.0,1.0,1.0,1.0,1.0,1.0
276.15000000000003,1.0,1.0,1.0,1.0,1.0,1.0,1.0
276.2,1.0,1.0,1.0,1.0,1.0,1.0,1.0
276.25,1.0,1.0,1.0,1.0,1.0,1.0,1.0
276.3,1.0,1.0,1.0,1.0,1.0,1.0,1.0
276.35,1.0,1.0,1.0,1.0,1.0,1.0,1.0
276.40000000000003,1.0,1.0,1.0,1.0,1.0,1.0,1.0
276.45,1.0,1.0,1.0,1.0,1.0,1.0,1.0
276.5,1.0,1.0,1.0,1.0,1.0,1.0,1.0
276.55,1.0,1.0,1.0,1.0,1.0,1.0,1.0
276.6,1.0,1.0,1.0,1.0,1.0,1.0,1.0
276.65000000000003,1.0,1.0,1.0,1.0,1.0,1.0,1.0
276.7,1.0,1.0,1.0,1.0,1.0,1.0,1.0
276.75,1.0,1.0,1.0,1.0,1.0,1.0,1.0
276.8,1.0,1.0,1.0,1.0,1.0,1.0,1.0
276.85,1.0,1.0,1.0,1.0,1.0,1.0,1.0
276.90000000000003,1.0,1.0,1.0,1.0,1.0,1.0,1.0
276.95,1.0,1.0,1.0,1.0,1.0,1.0,1.0
277.0,1.0,1.0,1.0,1.0,1.0,1.0,1.0
277.05,1.0,1.0,1.0,1.0,1.0,1.0,1.0
277.1,1.0,1.0,1.0,1.0,1.0,1.0,1.0
277.15000000000003,1.0,1.0,1.0,1.0,1.0,1.0,1.0
277.2,1.0,1.0,1.0,1.0,1.0,1.0,1.0
277.25,1.0,1.0,1.0,1.0,1.0,1.0,1.0
277.3,1.0,1.0,1.0,1.0,1.0,1.0,1.0
277.35,1.0,1.0,1.0,1.0,1.0,1.0,1.0
277.40000000000003,1.0,1.0,1.0,1.0,1.0,1.0,1.0
277.45,1.0,1.0,1.0,1.0,1.0,1.0,1.0
277.5,1.0,1.0,1.0,1.0,1.0,1.0,1.0
277.55,1.0,1.0,1.0,1.0,1.0,1.0,1.0
277.6,1.0,1.0,1.0,1.0,1.0,1.0,1.0
277.65000000000003,1.0,1.0,1.0,1.0,1.0,1.0,1.0
277.7,1.0,1.0,1.0,1.0,1.0,1.0,1.0
277.75,1.0,1.0,1.0,1.0,1.0,1.0,1.0
277.8,1.0,1.0,1.0,1.0,1.0,1.0,1.0
277.85,1.0,1.0,1.0,1.0,1.0,1.0,1.0
277.90000000000003,1.0,1.0,1.0,1.0,1.0,1.0,1.0
277.95,1.0,1.0,1.0,1.0,1.0,1.0,1.0
278.0,1.0,1.0,1.0,1.0,1.0,1.0,1.0
278.05,1.0,1.0,1.0,1.0,1.0,1.0,1.0
278.1,1.0,1.0,1.0,1.0,1.0,1.0,1.0
278.15000000000003,1.0,1.0,1.0,1.0,1.0,1.0,1.0
278.2,1.0,1.0,1.0,1.0,1.0,1.0,1.0
278.25,1.0,1.0,1.0,1.0,1.0,1.0,1.0
278.3,1.0,1.0,1.0,1.0,1.0,1.0,1.0
278.35,1.0,1.0,1.0,1.0,1.0,1.0,1.0
278.40000000000003,1.0,1.0,1.0,1.0,1.0,1.0,1.0
278.45,1.0,1.0,1.0,1.0,1.0,1.0,1.0
278.5,1.0,1.0,1.0,1.0,1.0,1.0,1.0
278.55,1.0,1.0,1.0,1.0,1.0,1.0,1.0
278.6,1.0,1.0,1.0,1.0,1.0,1.0,1.0
278.65000000000003,1.0,1.0,1.0,1.0,1.0,1.0,1.0
278.7,1.0,1.0,1.0,1.0,1.0,1.0,1.0
278.75,1.0,1.0,1.0,1.0,1.0,1.0,1.0
278.8,1.0,1.0,1.0,1.0,1.0,1.0,1.0
278.85,1.0,1.0,1.0,1.0,1.0,1.0,1.0
278.90000000000003,1.0,1.0,1.0,1.0,1.0,1.0,1.0
278.95,1.0,1.0,1.0,1.0,1.0,1.0,1.0
279.0,1.0,1.0,1.0,1.0,1.0,1.0,1.0
279.05,1.0,1.0,1.0,1.0,1.0,1.0,1.0
279.1,1.0,1.0,1.0,1.0,1.0,1.0,1.0
279.15000000000003,1.0,1.0,1.0,1.0,1.0,1.0,1.0
279.2,1.0,1.0,1.0,1.0,1.0,1.0,1.0
279.25,1.0,1.0,1.0,1.0,1.0,1.0,1.0
279.3,1.0,1.0,1.0,1.0,1.0,1.0,1.0
279.35,1.0,1.0,1.0,1.0,1.0,1.0,1.0
279.40000000000003,1.0,1.0,1.0,1.0,1.0,1.0,1.0
279.45,1.0,1.0,1.0,1.0,1.0,1.0,1.0
279.5,1.0,1.0,1.0,1.0,1.0,1.0,1.0
279.55,1.0,1.0,1.0,1.0,1.0,1.0,1.0
279.6,1.0,1.0,1.0,1.0,1.0,1.0,1.0
279.65000000000003,1.0,1.0,1.0,1.0,1.0,1.0,1.0
279.7,1.0,1.0,1.0,1.0,1.0,1.0,1.0
279.75,1.0,1.0,1.0,1.0,1.0,1.0,1.0
279.8,1.0,1.0,1.0,1.0,1.0,1.0,1.0
279.85,1.0,1.0,1.0,1.0,1.0,1.0,1.0
279.90000000000003,1.0,1.0,1.0,1.0,1.0,1.0,1.0
279.95,1.0,1.0,1.0,1.0,1.0,1.0,1.0
280.0,1.0,1.0,1.0,1.0,1.0,1.0,1.0
280.05,1.0,1.0,1.0,1.0,1.0,1.0,1.0
280.1,1.0,1.0,1.0,1.0,1.0,1.0,1.0
280.15000000000003,1.0,1.0,1.0,1.0,1.0,1.0,1.0
280.2,1.0,1.0,1.0,1.0,1.0,1.0,1.0
280.25,1.0,1.0,1.0,1.0,1.0,1.0,1.0
280.3,1.0,1.0,1.0,1.0,1.0,1.0,1.0
280.35,1.0,1.0,1.0,1.0,1.0,1.0,1.0
280.40000000000003,1.0,1.0,1.0,1.0,1.0,1.0,1.0
280.45,1.0,1.0,1.0,1.0,1.0,1.0,1.0
280.5,1.0,1.0,1.0,1.0,1.0,1.0,1.0
280.55,1.0,1.0,1.0,1.0,1.0,1.0,1.0
280.6,1.0,1.0,1.0,1.0,1.0,1.0,1.0
280.65000000000003,1.0,1.0,1.0,1.0,1.0,1.0,1.0
280.7,1.0,1.0,1.0,1.0,1.0,1.0,1.0
280.75,1.0,1.0,1.0,1.0,1.0,1.0,1.0
280.8,1.0,1.0,1.0,1.0,1.0,1.0,1.0
280.85,1.0,1.0,1.0,1.0,1.0,1.0,1.0
280.90000000000003,1.0,1.0,1.0,1.0,1.0,1.0,1.0
280.95,1.0,1.0,1.0,1.0,1.0,1.0,1.0
281.0,1.0,1.0,1.0,1.0,1.0,1.0,1.0
281.05,1.0,1.0,1.0,1.0,1.0,1.0,1.0
281.1,1.0,1.0,1.0,1.0,1.0,1.0,1.0
281.15000000000003,1.0,1.0,1.0,1.0,1.0,1.0,1.0
281.2,1.0,1.0,1.0,1.0,1.0,1.0,1.0
281.25,1.0,1.0,1.0,1.0,1.0,1.0,1.0
281.3,1.0,1.0,1.0,1.0,1.0,1.0,1.0
281.35,1.0,1.0,1.0,1.0,1.0,1.0,1.0
281.40000000000003,1.0,1.0,1.0,1.0,1.0,1.0,1.0
281.45,1.0,1.0,1.0,1.0,1.0,1.0,1.0
281.5,1.0,1.0,1.0,1.0,1.0,1.0,1.0
281.55,1.0,1.0,1.0,1.0,1.0,1.0,1.0
281.6,1.0,1.0,1.0,1.0,1.0,1.0,1.0
281.65000000000003,1.0,1.0,1.0,1.0,1.0,1.0,1.0
281.7,1.0,1.0,1.0,1.0,1.0,1.0,1.0
281.75,1.0,1.0,1.0,1.0,1.0,1.0,1.0
281.8,1.0,1.0,1.0,1.0,1.0,1.0,1.0
281.85,1.0,1.0,1.0,1.0,1.0,1.0,1.0
281.90000000000003,1.0,1.0,1.0,1.0,1.0,1.0,1.0
281.95,1.0,1.0,1.0,1.0,1.0,1.0,1.0
282.0,1.0,1.0,1.0,1.0,1.0,1.0,1.0
282.05,1.0,1.0,1.0,1.0,1.0,1.0,1.0
282.1,1.0,1.0,1.0,1.0,1.0,1.0,1.0
282.15000000000003,1.0,1.0,1.0,1.0,1.0,1.0,1.0
282.2,1.0,1.0,1.0,1.0,1.0,1.0,1.0
282.25,1.0,1.0,1.0,1.0,1.0,1.0,1.0
282.3,1.0,1.0,1.0,1.0,1.0,1.0,1.0
282.35,1.0,1.0,1.0,1.0,1.0,1.0,1.0
282.40000000000003,1.0,1.0,1.0,1.0,1.0,1.0,1.0
282.45,1.0,1.0,1.0,1.0,1.0,1.0,1.0
282.5,1.0,1.0,1.0,1.0,1.0,1.0,1.0
282.55,1.0,1.0,1.0,1.0,1.0,1.0,1.0
282.6,1.0,1.0,1.0,1.0,1.0,1.0,1.0
282.65000000000003,1.0,1.0,1.0,1.0,1.0,1.0,1.0
282.7,1.0,1.0,1.0,1.0,1.0,1.0,1.0
282.75,1.0,1.0,1.0,1.0,1.0,1.0,1.0
282.8,1.0,1.0,1.0,1.0,1.0,1.0,1.0
282.85,1.0,1.0,1.0,1.0,1.0,1.0,1.0
282.90000000000003,1.0,1.0,1.0,1.0,1.0,1.0,1.0
282.95,1.0,1.0,1.0,1.0,1.0,1.0,1.0
283.0,1.0,1.0,1.0,1.0,1.0,1.0,1.0
283.05,1.0,1.0,1.0,1.0,1.0,1.0,1.0
283.1,1.0,1.0,1.0,1.0,1.0,1.0,1.0
283.15000000000003,1.0,1.0,1.0,1.0,1.0,1.0,1.0
283.2,1.0,1.0,1.0,1.0,1.0,1.0,1.0
283.25,1.0,1.0,1.0,1.0,1.0,1.0,1.0
283.3,1.0,1.0,1.0,1.0,1.0,1.0,1.0
283.35,1.0,1.0,1.0,1.0,1.0,1.0,1.0
283.40000000000003,1.0,1.0,1.0,1.0,1.0,1.0,1.0
283.45,1.0,1.0,1.0,1.0,1.0,1.0,1.0
283.5,1.0,1.0,1.0,1.0,1.0,1.0,1.0
283.55,1.0,1.0,1.0,1.0,1.0,1.0,1.0
283.6,1.0,1.0,1.0,1.0,1.0,1.0,1.0
283.65000000000003,1.0,1.0,1.0,1.0,1.0,1.0,1.0
283.7,1.0,1.0,1.0,1.0,1.0,1.0,1.0
283.75,1.0,1.0,1.0,1.0,1.0,1.0,1.0
283.8,1.0,1.0,1.0,1.0,1.0,1.0,1.0
283.85,1.0,1.0,1.0,1.0,1.0,1.0,1.0
283.90000000000003,1.0,1.0,1.0,1.0,1.0,1.0,1.0
283.95,1.0,1.0,1.0,1.0,1.0,1.0,1.0
284.0,1.0,1.0,1.0,1.0,1.0,1.0,1.0
284.05,1.0,1.0,1.0,1.0,1.0,1.0,1.0
284.1,1.0,1.0,1.0,1.0,1.0,1.0,1.0
284.15000000000003,1.0,1.0,1.0,1.0,1.0,1.0,1.0
284.2,1.0,1.0,1.0,1.0,1.0,1.0,1.0
284.25,1.0,1.0,1.0,1.0,1.0,1.0,1.0
284.3,1.0,1.0,1.0,1.0,1.0,1.0,1.0
284.35,1.0,1.0,1.0,1.0,1.0,1.0,1.0
284.40000000000003,1.0,1.0,1.0,1.0,1.0,1.0,1.0
284.45,1.0,1.0,1.0,1.0,1.0,1.0,1.0
284.5,1.0,1.0,1.0,1.0,1.0,1.0,1.0
284.55,1.0,1.0,1.0,1.0,1.0,1.0,1.0
284.6,1.0,1.0,1.0,1.0,1.0,1.0,1.0
284.65000000000003,1.0,1.0,1.0,1.0,1.0,1.0,1.0
284.7,1.0,1.0,1.0,1.0,1.0,1.0,1.0
284.75,1.0,1.0,1.0,1.0,1.0,1.0,1.0
284.8,1.0,1.0,1.0,1.0,1.0,1.0,1.0
284.85,1.0,1.0,1.0,1.0,1.0,1.0,1.0
284.90000000000003,1.0,1.0,1.0,1.0,1.0,1.0,1.0
284.95,1.0,1.0,1.0,1.0,1.0,1.0,1.0
285.0,1.0,1.0,1.0,1.0,1.0,1.0,1.0
285.05,1.0,1.0,1.0,1.0,1.0,1.0,1.0
285.1,1.0,1.0,1.0,1.0,1.0,1.0,1.0
285.15000000000003,1.0,1.0,1.0,1.0,1.0,1.0,1.0
285.2,1.0,1.0,1.0,1.0,1.0,1.0,1.0
285.25,1.0,1.0,1.0,1.0,1.0,1.0,1.0
285.3,1.0,1.0,1.0,1.0,1.0,1.0,1.0
285.35,1.0,1.0,1.0,1.0,1.0,1.0,1.0
285.40000000000003,1.0,1.0,1.0,1.0,1.0,1.0,1.0
285.45,1.0,1.0,1.0,1.0,1.0,1.0,1.0
285.5,1.0,1.0,1.0,1.0,1.0,1.0,1.0
285.55,1.0,1.0,1.0,1.0,1.0,1.0,1.0
285.6,1.0,1.0,1.0,1.0,1.0,1.0,1.0
285.65000000000003,1.0,1.0,1.0,1.0,1.0,1.0,1.0
285.7,1.0,1.0,1.0,1.0,1.0,1.0,1.0
285.75,1.0,1.0,1.0,1.0,1.0,1.0,1.0
285.8,1.0,1.0,1.0,1.0,1.0,1.0,1.0
285.85,1.0,1.0,1.0,1.0,1.0,1.0,1.0
285.90000000000003,1.0,1.0,1.0,1.0,1.0,1.0,1.0
285.95,1.0,1.0,1.0,1.0,1.0,1.0,1.0
286.0,1.0,1.0,1.0,1.0,1.0,1.0,1.0
286.05,1.0,1.0,1.0,1.0,1.0,1.0,1.0
286.1,1.0,1.0,1.0,1.0,1.0,1.0,1.0
286.15000000000003,1.0,1.0,1.0,1.0,1.0,1.0,1.0
286.2,1.0,1.0,1.0,1.0,1.0,1.0,1.0
286.25,1.0,1.0,1.0,1.0,1.0,1.0,1.0
286.3,1.0,1.0,1.0,1.0,1.0,1.0,1.0
286.35,1.0,1.0,1.0,1.0,1.0,1.0,1.0
286.40000000000003,1.0,1.0,1.0,1.0,1.0,1.0,1.0
286.45,1.0,1.0,1.0,1.0,1.0,1.0,1.0
286.5,1.0,1.0,1.0,1.0,1.0,1.0,1.0
286.55,1.0,1.0,1.0,1.0,1.0,1.0,1.0
286.6,1.0,1.0,1.0,1.0,1.0,1.0,1.0
286.65000000000003,1.0,1.0,1.0,1.0,1.0,1.0,1.0
286.7,1.0,1.0,1.0,1.0,1.0,1.0,1.0
286.75,1.0,1.0,1.0,1.0,1.0,1.0,1.0
286.8,1.0,1.0,1.0,1.0,1.0,1.0,1.0
286.85,1.0,1.0,1.0,1.0,1.0,1.0,1.0
286.90000000000003,1.0,1.0,1.0,1.0,1.0,1.0,1.0
286.95,1.0,1.0,1.0,1.0,1.0,1.0,1.0
287.0,1.0,1.0,1.0,1.0,1.0,1.0,1.0
287.05,1.0,1.0,1.0,1.0,1.0,1.0,1.0
287.1,1.0,1.0,1.0,1.0,1.0,1.0,1.0
287.15000000000003,1.0,1.0,1.0,1.0,1.0,1.0,1.0
287.2,1.0,1.0,1.0,1.0,1.0,1.0,1.0
287.25,1.0,1.0,1.0,1.0,1.0,1.0,1.0
287.3,1.0,1.0,1.0,1.0,1.0,1.0,1.0
287.35,1.0,1.0,1.0,1.0,1.0,1.0,1.0
287.40000000000003,1.0,1.0,1.0,1.0,1.0,1.0,1.0
287.45,1.0,1.0,1.0,1.0,1.0,1.0,1.0
287.5,1.0,1.0,1.0,1.0,1.0,1.0,1.0
287.55,1.0,1.0,1.0,1.0,1.0,1.0,1.0
287.6,1.0,1.0,1.0,1.0,1.0,1.0,1.0
287.65000000000003,1.0,1.0,1.0,1.0,1.0,1.0,1.0
287.7,1.0,1.0,1.0,1.0,1.0,1.0,1.0
287.75,1.0,1.0,1.0,1.0,1.0,1.0,1.0
287.8,1.0,1.0,1.0,1.0,1.0,1.0,1.0
287.85,1.0,1.0,1.0,1.0,1.0,1.0,1.0
287.90000000000003,1.0,1.0,1.0,1.0,1.0,1.0,1.0
287.95,1.0,1.0,1.0,1.0,1.0,1.0,1.0
288.0,1.0,1.0,1.0,1.0,1.0,1.0,1.0
288.05,1.0,1.0,1.0,1.0,1.0,1.0,1.0
288.1,1.0,1.0,1.0,1.0,1.0,1.0,1.0
288.15000000000003,1.0,1.0,1.0,1.0,1.0,1.0,1.0
288.2,1.0,1.0,1.0,1.0,1.0,1.0,1.0
288.25,1.0,1.0,1.0,1.0,1.0,1.0,1.0
288.3,1.0,1.0,1.0,1.0,1.0,1.0,1.0
288.35,1.0,1.0,1.0,1.0,1.0,1.0,1.0
288.40000000000003,1.0,1.0,1.0,1.0,1.0,1.0,1.0
288.45,1.0,1.0,1.0,1.0,1.0,1.0,1.0
288.5,1.0,1.0,1.0,1.0,1.0,1.0,1.0
288.55,1.0,1.0,1.0,1.0,1.0,1.0,1.0
288.6,1.0,1.0,1.0,1.0,1.0,1.0,1.0
288.65000000000003,1.0,1.0,1.0,1.0,1.0,1.0,1.0
288.7,1.0,1.0,1.0,1.0,1.0,1.0,1.0
288.75,1.0,1.0,1.0,1.0,1.0,1.0,1.0
288.8,1.0,1.0,1.0,1.0,1.0,1.0,1.0
288.85,1.0,1.0,1.0,1.0,1.0,1.0,1.0
288.90000000000003,1.0,1.0,1.0,1.0,1.0,1.0,1.0
288.95,1.0,1.0,1.0,1.0,1.0,1.0,1.0
289.0,1.0,1.0,1.0,1.0,1.0,1.0,1.0
289.05,1.0,1.0,1.0,1.0,1.0,1.0,1.0
289.1,1.0,1.0,1.0,1.0,1.0,1.0,1.0
289.15000000000003,1.0,1.0,1.0,1.0,1.0,1.0,1.0
289.2,1.0,1.0,1.0,1.0,1.0,1.0,1.0
289.25,1.0,1.0,1.0,1.0,1.0,1.0,1.0
289.3,1.0,1.0,1.0,1.0,1.0,1.0,1.0
289.35,1.0,1.0,1.0,1.0,1.0,1.0,1.0
289.40000000000003,1.0,1.0,1.0,1.0,1.0,1.0,1.0
289.45,1.0,1.0,1.0,1.0,1.0,1.0,1.0
289.5,1.0,1.0,1.0,1.0,1.0,1.0,1.0
289.55,1.0,1.0,1.0,1.0,1.0,1.0,1.0
289.6,1.0,1.0,1.0,1.0,1.0,1.0,1.0
289.65000000000003,1.0,1.0,1.0,1.0,1.0,1.0,1.0
289.7,1.0,1.0,1.0,1.0,1.0,1.0,1.0
289.75,1.0,1.0,1.0,1.0,1.0,1.0,1.0
289.8,1.0,1.0,1.0,1.0,1.0,1.0,1.0
289.85,1.0,1.0,1.0,1.0,1.0,1.0,1.0
289.90000000000003,1.0,1.0,1.0,1.0,1.0,1.0,1.0
289.95,1.0,1.0,1.0,1.0,1.0,1.0,1.0
290.0,1.0,1.0,1.0,1.0,1.0,1.0,1.0
290.05,1.0,1.0,1.0,1.0,1.0,1.0,1.0
290.1,1.0,1.0,1.0,1.0,1.0,1.0,1.0
290.15000000000003,1.0,1.0,1.0,1.0,1.0,1.0,1.0
290.2,1.0,1.0,1.0,1.0,1.0,1.0,1.0
290.25,1.0,1.0,1.0,1.0,1.0,1.0,1.0
290.3,1.0,1.0,1.0,1.0,1.0,1.0,1.0
290.35,1.0,1.0,1.0,1.0,1.0,1.0,1.0
290.40000000000003,1.0,1.0,1.0,1.0,1.0,1.0,1.0
290.45,1.0,1.0,1.0,1.0,1.0,1.0,1.0
290.5,1.0,1.0,1.0,1.0,1.0,1.0,1.0
290.55,1.0,1.0,1.0,1.0,1.0,1.0,1.0
290.6,1.0,1.0,1.0,1.0,1.0,1.0,1.0
290.65000000000003,1.0,1.0,1.0,1.0,1.0,1.0,1.0
290.7,1.0,1.0,1.0,1.0,1.0,1.0,1.0
290.75,1.0,1.0,1.0,1.0,1.0,1.0,1.0
290.8,1.0,1.0,1.0,1.0,1.0,1.0,1.0
290.85,1.0,1.0,1.0,1.0,1.0,1.0,1.0
290.90000000000003,1.0,1.0,1.0,1.0,1.0,1.0,1.0
290.95,1.0,1.0,1.0,1.0,1.0,1.0,1.0
291.0,1.0,1.0,1.0,1.0,1.0,1.0,1.0
291.05,1.0,1.0,1.0,1.0,1.0,1.0,1.0
291.1,1.0,1.0,1.0,1.0,1.0,1.0,1.0
291.15000000000003,1.0,1.0,1.0,1.0,1.0,1.0,1.0
291.2,1.0,1.0,1.0,1.0,1.0,1.0,1.0
291.25,1.0,1.0,1.0,1.0,1.0,1.0,1.0
291.3,1.0,1.0,1.0,1.0,1.0,1.0,1.0
291.35,1.0,1.0,1.0,1.0,1.0,1.0,1.0
291.40000000000003,1.0,1.0,1.0,1.0,1.0,1.0,1.0
291.45,1.0,1.0,1.0,1.0,1.0,1.0,1.0
291.5,1.0,1.0,1.0,1.0,1.0,1.0,1.0
291.55,1.0,1.0,1.0,1.0,1.0,1.0,1.0
291.6,1.0,1.0,1.0,1.0,1.0,1.0,1.0
291.65000000000003,1.0,1.0,1.0,1.0,1.0,1.0,1.0
291.7,1.0,1.0,1.0,1.0,1.0,1.0,1.0
291.75,1.0,1.0,1.0,1.0,1.0,1.0,1.0
291.8,1.0,1.0,1.0,1.0,1.0,1.0,1.0
291.85,1.0,1.0,1.0,1.0,1.0,1.0,1.0
291.90000000000003,1.0,1.0,1.0,1.0,1.0,1.0,1.0
291.95,1.0,1.0,1.0,1.0,1.0,1.0,1.0
292.0,1.0,1.0,1.0,1.0,1.0,1.0,1.0
292.05,1.0,1.0,1.0,1.0,1.0,1.0,1.0
292.1,1.0,1.0,1.0,1.0,1.0,1.0,1.0
292.15000000000003,1.0,1.0,1.0,1.0,1.0,1.0,1.0
292.2,1.0,1.0,1.0,1.0,1.0,1.0,1.0
292.25,1.0,1.0,1.0,1.0,1.0,1.0,1.0
292.3,1.0,1.0,1.0,1.0,1.0,1.0,1.0
292.35,1.0,1.0,1.0,1.0,1.0,1.0,1.0
292.40000000000003,1.0,1.0,1.0,1.0,1.0,1.0,1.0
292.45,1.0,1.0,1.0,1.0,1.0,1.0,1.0
292.5,1.0,1.0,1.0,1.0,1.0,1.0,1.0
292.55,1.0,1.0,1.0,1.0,1.0,1.0,1.0
292.6,1.0,1.0,1.0,1.0,1.0,1.0,1.0
292.65000000000003,1.0,1.0,1.0,1.0,1.0,1.0,1.0
292.7,1.0,1.0,1.0,1.0,1.0,1.0,1.0
292.75,1.0,1.0,1.0,1.0,1.0,1.0,1.0
292.8,1.0,1.0,1.0,1.0,1.0,1.0,1.0
292.85,1.0,1.0,1.0,1.0,1.0,1.0,1.0
292.90000000000003,1.0,1.0,1.0,1.0,1.0,1.0,1.0
292.95,1.0,1.0,1.0,1.0,1.0,1.0,1.0
293.0,1.0,1.0,1.0,1.0,1.0,1.0,1.0
293.05,1.0,1.0,1.0,1.0,1.0,1.0,1.0
293.1,1.0,1.0,1.0,1.0,1.0,1.0,1.0
293.15000000000003,1.0,1.0,1.0,1.0,1.0,1.0,1.0
293.2,1.0,1.0,1.0,1.0,1.0,1.0,1.0
293.25,1.0,1.0,1.0,1.0,1.0,1.0,1.0
293.3,1.0,1.0,1.0,1.0,1.0,1.0,1.0
293.35,1.0,1.0,1.0,1.0,1.0,1.0,1.0
293.40000000000003,1.0,1.0,1.0,1.0,1.0,1.0,1.0
293.45,1.0,1.0,1.0,1.0,1.0,1.0,1.0
293.5,1.0,1.0,1.0,1.0,1.0,1.0,1.0
293.55,1.0,1.0,1.0,1.0,1.0,1.0,1.0
293.6,1.0,1.0,1.0,1.0,1.0,1.0,1.0
293.65000000000003,1.0,1.0,1.0,1.0,1.0,1.0,1.0
293.7,1.0,1.0,1.0,1.0,1.0,1.0,1.0
293.75,1.0,1.0,1.0,1.0,1.0,1.0,1.0
293.8,1.0,1.0,1.0,1.0,1.0,1.0,1.0
293.85,1.0,1.0,1.0,1.0,1.0,1.0,1.0
293.90000000000003,1.0,1.0,1.0,1.0,1.0,1.0,1.0
293.95,1.0,1.0,1.0,1.0,1.0,1.0,1.0
294.0,1.0,1.0,1.0,1.0,1.0,1.0,1.0
294.05,1.0,1.0,1.0,1.0,1.0,1.0,1.0
294.1,1.0,1.0,1.0,1.0,1.0,1.0,1.0
294.15000000000003,1.0,1.0,1.0,1.0,1.0,1.0,1.0
294.2,1.0,1.0,1.0,1.0,1.0,1.0,1.0
294.25,1.0,1.0,1.0,1.0,1.0,1.0,1.0
294.3,1.0,1.0,1.0,1.0,1.0,1.0,1.0
294.35,1.0,1.0,1.0,1.0,1.0,1.0,1.0
294.40000000000003,1.0,1.0,1.0,1.0,1.0,1.0,1.0
294.45,1.0,1.0,1.0,1.0,1.0,1.0,1.0
294.5,1.0,1.0,1.0,1.0,1.0,1.0,1.0
294.55,1.0,1.0,1.0,1.0,1.0,1.0,1.0
294.6,1.0,1.0,1.0,1.0,1.0,1.0,1.0
294.65000000000003,1.0,1.0,1.0,1.0,1.0,1.0,1.0
294.7,1.0,1.0,1.0,1.0,1.0,1.0,1.0
294.75,1.0,1.0,1.0,1.0,1.0,1.0,1.0
294.8,1.0,1.0,1.0,1.0,1.0,1.0,1.0
294.85,1.0,1.0,1.0,1.0,1.0,1.0,1.0
294.90000000000003,1.0,1.0,1.0,1.0,1.0,1.0,1.0
294.95,1.0,1.0,1.0,1.0,1.0,1.0,1.0
295.0,1.0,1.0,1.0,1.0,1.0,1.0,1.0
295.05,1.0,1.0,1.0,1.0,1.0,1.0,1.0
295.1,1.0,1.0,1.0,1.0,1.0,1.0,1.0
295.15000000000003,1.0,1.0,1.0,1.0,1.0,1.0,1.0
295.2,1.0,1.0,1.0,1.0,1.0,1.0,1.0
295.25,1.0,1.0,1.0,1.0,1.0,1.0,1.0
295.3,1.0,1.0,1.0,1.0,1.0,1.0,1.0
295.35,1.0,1.0,1.0,1.0,1.0,1.0,1.0
295.40000000000003,1.0,1.0,1.0,1.0,1.0,1.0,1.0
295.45,1.0,1.0,1.0,1.0,1.0,1.0,1.0
295.5,1.0,1.0,1.0,1.0,1.0,1.0,1.0
295.55,1.0,1.0,1.0,1.0,1.0,1.0,1.0
295.6,1.0,1.0,1.0,1.0,1.0,1.0,1.0
295.65000000000003,1.0,1.0,1.0,1.0,1.0,1.0,1.0
295.7,1.0,1.0,1.0,1.0,1.0,1.0,1.0
295.75,1.0,1.0,1.0,1.0,1.0,1.0,1.0
295.8,1.0,1.0,1.0,1.0,1.0,1.0,1.0
295.85,1.0,1.0,1.0,1.0,1.0,1.0,1.0
295.90000000000003,1.0,1.0,1.0,1.0,1.0,1.0,1.0
295.95,1.0,1.0,1.0,1.0,1.0,1.0,1.0
296.0,1.0,1.0,1.0,1.0,1.0,1.0,1.0
296.05,1.0,1.0,1.0,1.0,1.0,1.0,1.0
296.1,1.0,1.0,1.0,1.0,1.0,1.0,1.0
296.15000000000003,1.0,1.0,1.0,1.0,1.0,1.0,1.0
296.2,1.0,1.0,1.0,1.0,1.0,1.0,1.0
296.25,1.0,1.0,1.0,1.0,1.0,1.0,1.0
296.3,1.0,1.0,1.0,1.0,1.0,1.0,1.0
296.35,1.0,1.0,1.0,1.0,1.0,1.0,1.0
296.40000000000003,1.0,1.0,1.0,1.0,1.0,1.0,1.0
296.45,1.0,1.0,1.0,1.0,1.0,1.0,1.0
296.5,1.0,1.0,1.0,1.0,1.0,1.0,1.0
296.55,1.0,1.0,1.0,1.0,1.0,1.0,1.0
296.6,1.0,1.0,1.0,1.0,1.0,1.0,1.0
296.65000000000003,1.0,1.0,1.0,1.0,1.0,1.0,1.0
296.7,1.0,1.0,1.0,1.0,1.0,1.0,1.0
296.75,1.0,1.0,1.0,1.0,1.0,1.0,1.0
296.8,1.0,1.0,1.0,1.0,1.0,1.0,1.0
296.85,1.0,1.0,1.0,1.0,1.0,1.0,1.0
296.90000000000003,1.0,1.0,1.0,1.0,1.0,1.0,1.0
296.95,1.0,1.0,1.0,1.0,1.0,1.0,1.0
297.0,1.0,1.0,1.0,1.0,1.0,1.0,1.0
297.05,1.0,1.0,1.0,1.0,1.0,1.0,1.0
297.1,1.0,1.0,1.0,1.0,1.0,1.0,1.0
297.15000000000003,1.0,1.0,1.0,1.0,1.0,1.0,1.0
297.2,1.0,1.0,1.0,1.0,1.0,1.0,1.0
297.25,1.0,1.0,1.0,1.0,1.0,1.0,1.0
297.3,1.0,1.0,1.0,1.0,1.0,1.0,1.0
297.35,1.0,1.0,1.0,1.0,1.0,1.0,1.0
297.40000000000003,1.0,1.0,1.0,1.0,1.0,1.0,1.0
297.45,1.0,1.0,1.0,1.0,1.0,1.0,1.0
297.5,1.0,1.0,1.0,1.0,1.0,1.0,1.0
297.55,1.0,1.0,1.0,1.0,1.0,1.0,1.0
297.6,1.0,1.0,1.0,1.0,1.0,1.0,1.0
297.65000000000003,1.0,1.0,1.0,1.0,1.0,1.0,1.0
297.7,1.0,1.0,1.0,1.0,1.0,1.0,1.0
297.75,1.0,1.0,1.0,1.0,1.0,1.0,1.0
297.8,1.0,1.0,1.0,1.0,1.0,1.0,1.0
297.85,1.0,1.0,1.0,1.0,1.0,1.0,1.0
297.90000000000003,1.0,1.0,1.0,1.0,1.0,1.0,1.0
297.95,1.0,1.0,1.0,1.0,1.0,1.0,1.0
298.0,1.0,1.0,1.0,1.0,1.0,1.0,1.0
298.05,1.0,1.0,1.0,1.0,1.0,1.0,1.0
298.1,1.0,1.0,1.0,1.0,1.0,1.0,1.0
298.15000000000003,1.0,1.0,1.0,1.0,1.0,1.0,1.0
298.2,1.0,1.0,1.0,1.0,1.0,1.0,1.0
298.25,1.0,1.0,1.0,1.0,1.0,1.0,1.0
298.3,1.0,1.0,1.0,1.0,1.0,1.0,1.0
298.35,1.0,1.0,1.0,1.0,1.0,1.0,1.0
298.40000000000003,1.0,1.0,1.0,1.0,1.0,1.0,1.0
298.45,1.0,1.0,1.0,1.0,1.0,1.0,1.0
298.5,1.0,1.0,1.0,1.0,1.0,1.0,1.0
298.55,1.0,1.0,1.0,1.0,1.0,1.0,1.0
298.6,1.0,1.0,1.0,1.0,1.0,1.0,1.0
298.65000000000003,1.0,1.0,1.0,1.0,1.0,1.0,1.0
298.7,1.0,1.0,1.0,1.0,1.0,1.0,1.0
298.75,1.0,1.0,1.0,1.0,1.0,1.0,1.0
298.8,1.0,1.0,1.0,1.0,1.0,1.0,1.0
298.85,1.0,1.0,1.0,1.0,1.0,1.0,1.0
298.90000000000003,1.0,1.0,1.0,1.0,1.0,1.0,1.0
298.95,1.0,1.0,1.0,1.0,1.0,1.0,1.0
299.0,1.0,1.0,1.0,1.0,1.0,1.0,1.0
299.05,1.0,1.0,1.0,1.0,1.0,1.0,1.0
299.1,1.0,1.0,1.0,1.0,1.0,1.0,1.0
299.15000000000003,1.0,1.0,1.0,1.0,1.0,1.0,1.0
299.2,1.0,1.0,1.0,1.0,1.0,1.0,1.0
299.25,1.0,1.0,1.0,1.0,1.0,1.0,1.0
299.3,1.0,1.0,1.0,1.0,1.0,1.0,1.0
299.35,1.0,1.0,1.0,1.0,1.0,1.0,1.0
299.40000000000003,1.0,1.0,1.0,1.0,1.0,1.0,1.0
299.45,1.0,1.0,1.0,1.0,1.0,1.0,1.0
299.5,1.0,1.0,1.0,1.0,1.0,1.0,1.0
299.55,1.0,1.0,1.0,1.0,1.0,1.0,1.0
299.6,1.0,1.0,1.0,1.0,1.0,1.0,1.0
299.65000000000003,1.0,1.0,1.0,1.0,1.0,1.0,1.0
299.7,1.0,1.0,1.0,1.0,1.0,1.0,1.0
299.75,1.0,1.0,1.0,1.0,1.0,1.0,1.0
299.8,1.0,1.0,1.0,1.0,1.0,1.0,1.0
299.85,1.0,1.0,1.0,1.0,1.0,1.0,1.0
299.90000000000003,1.0,1.0,1.0,1.0,1.0,1.0,1.0
299.95,1.0,1.0,1.0,1.0,1.0,1.0,1.0
300.0,1.0,1.0,1.0,1.0,1.0,1.0,1.0
300.05,1.0,1.0,1.0,1.0,1.0,1.0,1.0
300.1,1.0,1.0,1.0,1.0,1.0,1.0,1.0
300.15000000000003,1.0,1.0,1.0,1.0,1.0,1.0,1.0
300.2,1.0,1.0,1.0,1.0,1.0,1.0,1.0
300.25,1.0,1.0,1.0,1.0,1.0,1.0,1.0
300.3,1.0,1.0,1.0,1.0,1.0,1.0,1.0
300.35,1.0,1.0,1.0,1.0,1.0,1.0,1.0
300.40000000000003,1.0,1.0,1.0,1.0,1.0,1.0,1.0
300.45,1.0,1.0,1.0,1.0,1.0,1.0,1.0
300.5,1.0,1.0,1.0,1.0,1.0,1.0,1.0
300.55,1.0,1.0,1.0,1.0,1.0,1.0,1.0
300.6,1.0,1.0,1.0,1.0,1.0,1.0,1.0
300.65000000000003,1.0,1.0,1.0,1.0,1.0,1.0,1.0
300.7,1.0,1.0,1.0,1.0,1.0,1.0,1.0
300.75,1.0,1.0,1.0,1.0,1.0,1.0,1.0
300.8,1.0,1.0,1.0,1.0,1.0,1.0,1.0
300.85,1.0,1.0,1.0,1.0,1.0,1.0,1.0
300.90000000000003,1.0,1.0,1.0,1.0,1.0,1.0,1.0
300.95,1.0,1.0,1.0,1.0,1.0,1.0,1.0
301.0,1.0,1.0,1.0,1.0,1.0,1.0,1.0
301.05,1.0,1.0,1.0,1.0,1.0,1.0,1.0
301.1,1.0,1.0,1.0,1.0,1.0,1.0,1.0
301.15000000000003,1.0,1.0,1.0,1.0,1.0,1.0,1.0
301.2,1.0,1.0,1.0,1.0,1.0,1.0,1.0
301.25,1.0,1.0,1.0,1.0,1.0,1.0,1.0
301.3,1.0,1.0,1.0,1.0,1.0,1.0,1.0
301.35,1.0,1.0,1.0,1.0,1.0,1.0,1.0
301.40000000000003,1.0,1.0,1.0,1.0,1.0,1.0,1.0
301.45,1.0,1.0,1.0,1.0,1.0,1.0,1.0
301.5,1.0,1.0,1.0,1.0,1.0,1.0,1.0
301.55,1.0,1.0,1.0,1.0,1.0,1.0,1.0
301.6,1.0,1.0,1.0,1.0,1.0,1.0,1.0
301.65000000000003,1.0,1.0,1.0,1.0,1.0,1.0,1.0
301.7,1.0,1.0,1.0,1.0,1.0,1.0,1.0
301.75,1.0,1.0,1.0,1.0,1.0,1.0,1.0
301.8,1.0,1.0,1.0,1.0,1.0,1.0,1.0
301.85,1.0,1.0,1.0,1.0,1.0,1.0,1.0
301.90000000000003,1.0,1.0,1.0,1.0,1.0,1.0,1.0
301.95,1.0,1.0,1.0,1.0,1.0,1.0,1.0
302.0,1.0,1.0,1.0,1.0,1.0,1.0,1.0
302.05,1.0,1.0,1.0,1.0,1.0,1.0,1.0
302.1,1.0,1.0,1.0,1.0,1.0,1.0,1.0
302.15000000000003,1.0,1.0,1.0,1.0,1.0,1.0,1.0
302.2,1.0,1.0,1.0,1.0,1.0,1.0,1.0
302.25,1.0,1.0,1.0,1.0,1.0,1.0,1.0
302.3,1.0,1.0,1.0,1.0,1.0,1.0,1.0
302.35,1.0,1.0,1.0,1.0,1.0,1.0,1.0
302.40000000000003,1.0,1.0,1.0,1.0,1.0,1.0,1.0
302.45,1.0,1.0,1.0,1.0,1.0,1.0,1.0
302.5,1.0,1.0,1.0,1.0,1.0,1.0,1.0
302.55,1.0,1.0,1.0,1.0,1.0,1.0,1.0
302.6,1.0,1.0,1.0,1.0,1.0,1.0,1.0
302.65000000000003,1.0,1.0,1.0,1.0,1.0,1.0,1.0
302.7,1.0,1.0,1.0,1.0,1.0,1.0,1.0
302.75,1.0,1.0,1.0,1.0,1.0,1.0,1.0
302.8,1.0,1.0,1.0,1.0,1.0,1.0,1.0
302.85,1.0,1.0,1.0,1.0,1.0,1.0,1.0
302.90000000000003,1.0,1.0,1.0,1.0,1.0,1.0,1.0
302.95,1.0,1.0,1.0,1.0,1.0,1.0,1.0
303.0,1.0,1.0,1.0,1.0,1.0,1.0,1.0
303.05,1.0,1.0,1.0,1.0,1.0,1.0,1.0
303.1,1.0,1.0,1.0,1.0,1.0,1.0,1.0
303.15000000000003,1.0,1.0,1.0,1.0,1.0,1.0,1.0
303.2,1.0,1.0,1.0,1.0,1.0,1.0,1.0
303.25,1.0,1.0,1.0,1.0,1.0,1.0,1.0
303.3,1.0,1.0,1.0,1.0,1.0,1.0,1.0
303.35,1.0,1.0,1.0,1.0,1.0,1.0,1.0
303.40000000000003,1.0,1.0,1.0,1.0,1.0,1.0,1.0
303.45,1.0,1.0,1.0,1.0,1.0,1.0,1.0
303.5,1.0,1.0,1.0,1.0,1.0,1.0,1.0
303.55,1.0,1.0,1.0,1.0,1.0,1.0,1.0
303.6,1.0,1.0,1.0,1.0,1.0,1.0,1.0
303.65000000000003,1.0,1.0,1.0,1.0,1.0,1.0,1.0
303.7,1.0,1.0,1.0,1.0,1.0,1.0,1.0
303.75,1.0,1.0,1.0,1.0,1.0,1.0,1.0
303.8,1.0,1.0,1.0,1.0,1.0,1.0,1.0
303.85,1.0,1.0,1.0,1.0,1.0,1.0,1.0
303.90000000000003,1.0,1.0,1.0,1.0,1.0,1.0,1.0
303.95,1.0,1.0,1.0,1.0,1.0,1.0,1.0
304.0,1.0,1.0,1.0,1.0,1.0,1.0,1.0
304.05,1.0,1.0,1.0,1.0,1.0,1.0,1.0
304.1,1.0,1.0,1.0,1.0,1.0,1.0,1.0
304.15000000000003,1.0,1.0,1.0,1.0,1.0,1.0,1.0
304.2,1.0,1.0,1.0,1.0,1.0,1.0,1.0
304.25,1.0,1.0,1.0,1.0,1.0,1.0,1.0
304.3,1.0,1.0,1.0,1.0,1.0,1.0,1.0
304.35,1.0,1.0,1.0,1.0,1.0,1.0,1.0
304.40000000000003,1.0,1.0,1.0,1.0,1.0,1.0,1.0
304.45,1.0,1.0,1.0,1.0,1.0,1.0,1.0
304.5,1.0,1.0,1.0,1.0,1.0,1.0,1.0
304.55,1.0,1.0,1.0,1.0,1.0,1.0,1.0
304.6,1.0,1.0,1.0,1.0,1.0,1.0,1.0
304.65000000000003,1.0,1.0,1.0,1.0,1.0,1.0,1.0
304.7,1.0,1.0,1.0,1.0,1.0,1.0,1.0
304.75,1.0,1.0,1.0,1.0,1.0,1.0,1.0
304.8,1.0,1.0,1.0,1.0,1.0,1.0,1.0
304.85,1.0,1.0,1.0,1.0,1.0,1.0,1.0
304.90000000000003,1.0,1.0,1.0,1.0,1.0,1.0,1.0
304.95,1.0,1.0,1.0,1.0,1.0,1.0,1.0
305.0,1.0,1.0,1.0,1.0,1.0,1.0,1.0
305.05,1.0,1.0,1.0,1.0,1.0,1.0,1.0
305.1,1.0,1.0,1.0,1.0,1.0,1.0,1.0
305.15000000000003,1.0,1.0,1.0,1.0,1.0,1.0,1.0
305.2,1.0,1.0,1.0,1.0,1.0,1.0,1.0
305.25,1.0,1.0,1.0,1.0,1.0,1.0,1.0
305.3,1.0,1.0,1.0,1.0,1.0,1.0,1.0
305.35,1.0,1.0,1.0,1.0,1.0,1.0,1.0
305.40000000000003,1.0,1.0,1.0,1.0,1.0,1.0,1.0
305.45,1.0,1.0,1.0,1.0,1.0,1.0,1.0
305.5,1.0,1.0,1.0,1.0,1.0,1.0,1.0
305.55,1.0,1.0,1.0,1.0,1.0,1.0,1.0
305.6,1.0,1.0,1.0,1.0,1.0,1.0,1.0
305.65000000000003,1.0,1.0,1.0,1.0,1.0,1.0,1.0
305.7,1.0,1.0,1.0,1.0,1.0,1.0,1.0
305.75,1.0,1.0,1.0,1.0,1.0,1.0,1.0
305.8,1.0,1.0,1.0,1.0,1.0,1.0,1.0
305.85,1.0,1.0,1.0,1.0,1.0,1.0,1.0
305.90000000000003,1.0,1.0,1.0,1.0,1.0,1.0,1.0
305.95,1.0,1.0,1.0,1.0,1.0,1.0,1.0
306.0,1.0,1.0,1.0,1.0,1.0,1.0,1.0
306.05,1.0,1.0,1.0,1.0,1.0,1.0,1.0
306.1,1.0,1.0,1.0,1.0,1.0,1.0,1.0
306.15000000000003,1.0,1.0,1.0,1.0,1.0,1.0,1.0
306.2,1.0,1.0,1.0,1.0,1.0,1.0,1.0
306.25,1.0,1.0,1.0,1.0,1.0,1.0,1.0
306.3,1.0,1.0,1.0,1.0,1.0,1.0,1.0
306.35,1.0,1.0,1.0,1.0,1.0,1.0,1.0
306.40000000000003,1.0,1.0,1.0,1.0,1.0,1.0,1.0
306.45,1.0,1.0,1.0,1.0,1.0,1.0,1.0
306.5,1.0,1.0,1.0,1.0,1.0,1.0,1.0
306.55,1.0,1.0,1.0,1.0,1.0,1.0,1.0
306.6,1.0,1.0,1.0,1.0,1.0,1.0,1.0
306.65000000000003,1.0,1.0,1.0,1.0,1.0,1.0,1.0
306.7,1.0,1.0,1.0,1.0,1.0,1.0,1.0
306.75,1.0,1.0,1.0,1.0,1.0,1.0,1.0
306.8,1.0,1.0,1.0,1.0,1.0,1.0,1.0
306.85,1.0,1.0,1.0,1.0,1.0,1.0,1.0
306.90000000000003,1.0,1.0,1.0,1.0,1.0,1.0,1.0
306.95,1.0,1.0,1.0,1.0,1.0,1.0,1.0
307.0,1.0,1.0,1.0,1.0,1.0,1.0,1.0
307.05,1.0,1.0,1.0,1.0,1.0,1.0,1.0
307.1,1.0,1.0,1.0,1.0,1.0,1.0,1.0
307.15000000000003,1.0,1.0,1.0,1.0,1.0,1.0,1.0
307.20000000000005,1.0,1.0,1.0,1.0,1.0,1.0,1.0
307.25,1.0,1.0,1.0,1.0,1.0,1.0,1.0
307.3,1.0,1.0,1.0,1.0,1.0,1.0,1.0
307.35,1.0,1.0,1.0,1.0,1.0,1.0,1.0
307.40000000000003,1.0,1.0,1.0,1.0,1.0,1.0,1.0
307.45000000000005,1.0,1.0,1.0,1.0,1.0,1.0,1.0
307.5,1.0,1.0,1.0,1.0,1.0,1.0,1.0
307.55,1.0,1.0,1.0,1.0,1.0,1.0,1.0
307.6,1.0,1.0,1.0,1.0,1.0,1.0,1.0
307.65000000000003,1.0,1.0,1.0,1.0,1.0,1.0,1.0
307.70000000000005,1.0,1.0,1.0,1.0,1.0,1.0,1.0
307.75,1.0,1.0,1.0,1.0,1.0,1.0,1.0
307.8,1.0,1.0,1.0,1.0,1.0,1.0,1.0
307.85,1.0,1.0,1.0,1.0,1.0,1.0,1.0
307.90000000000003,1.0,1.0,1.0,1.0,1.0,1.0,1.0
307.95000000000005,1.0,1.0,1.0,1.0,1.0,1.0,1.0
308.0,1.0,1.0,1.0,1.0,1.0,1.0,1.0
308.05,1.0,1.0,1.0,1.0,1.0,1.0,1.0
308.1,1.0,1.0,1.0,1.0,1.0,1.0,1.0
308.15000000000003,1.0,1.0,1.0,1.0,1.0,1.0,1.0
308.20000000000005,1.0,1.0,1.0,1.0,1.0,1.0,1.0
308.25,1.0,1.0,1.0,1.0,1.0,1.0,1.0
308.3,1.0,1.0,1.0,1.0,1.0,1.0,1.0
308.35,1.0,1.0,1.0,1.0,1.0,1.0,1.0
308.40000000000003,1.0,1.0,1.0,1.0,1.0,1.0,1.0
308.45000000000005,1.0,1.0,1.0,1.0,1.0,1.0,1.0
308.5,1.0,1.0,1.0,1.0,1.0,1.0,1.0
308.55,1.0,1.0,1.0,1.0,1.0,1.0,1.0
308.6,1.0,1.0,1.0,1.0,1.0,1.0,1.0
308.65000000000003,1.0,1.0,1.0,1.0,1.0,1.0,1.0
308.70000000000005,1.0,1.0,1.0,1.0,1.0,1.0,1.0
308.75,1.0,1.0,1.0,1.0,1.0,1.0,1.0
308.8,1.0,1.0,1.0,1.0,1.0,1.0,1.0
308.85,1.0,1.0,1.0,1.0,1.0,1.0,1.0
308.90000000000003,1.0,1.0,1.0,1.0,1.0,1.0,1.0
308.95000000000005,1.0,1.0,1.0,1.0,1.0,1.0,1.0
309.0,1.0,1.0,1.0,1.0,1.0,1.0,1.0
309.05,1.0,1.0,1.0,1.0,1.0,1.0,1.0
309.1,1.0,1.0,1.0,1.0,1.0,1.0,1.0
309.15000000000003,1.0,1.0,1.0,1.0,1.0,1.0,1.0
309.20000000000005,1.0,1.0,1.0,1.0,1.0,1.0,1.0
309.25,1.0,1.0,1.0,1.0,1.0,1.0,1.0
309.3,1.0,1.0,1.0,1.0,1.0,1.0,1.0
309.35,1.0,1.0,1.0,1.0,1.0,1.0,1.0
309.40000000000003,1.0,1.0,1.0,1.0,1.0,1.0,1.0
309.45000000000005,1.0,1.0,1.0,1.0,1.0,1.0,1.0
309.5,1.0,1.0,1.0,1.0,1.0,1.0,1.0
309.55,1.0,1.0,1.0,1.0,1.0,1.0,1.0
309.6,1.0,1.0,1.0,1.0,1.0,1.0,1.0
309.65000000000003,1.0,1.0,1.0,1.0,1.0,1.0,1.0
309.70000000000005,1.0,1.0,1.0,1.0,1.0,1.0,1.0
309.75,1.0,1.0,1.0,1.0,1.0,1.0,1.0
309.8,1.0,1.0,1.0,1.0,1.0,1.0,1.0
309.85,1.0,1.0,1.0,1.0,1.0,1.0,1.0
309.90000000000003,1.0,1.0,1.0,1.0,1.0,1.0,1.0
309.95000000000005,1.0,1.0,1.0,1.0,1.0,1.0,1.0
310.0,1.0,1.0,1.0,1.0,1.0,1.0,1.0
310.05,1.0,1.0,1.0,1.0,1.0,1.0,1.0
310.1,1.0,1.0,1.0,1.0,1.0,1.0,1.0
310.15000000000003,1.0,1.0,1.0,1.0,1.0,1.0,1.0
310.20000000000005,1.0,1.0,1.0,1.0,1.0,1.0,1.0
310.25,1.0,1.0,1.0,1.0,1.0,1.0,1.0
310.3,1.0,1.0,1.0,1.0,1.0,1.0,1.0
310.35,1.0,1.0,1.0,1.0,1.0,1.0,1.0
310.40000000000003,1.0,1.0,1.0,1.0,1.0,1.0,1.0
310.45000000000005,1.0,1.0,1.0,1.0,1.0,1.0,1.0
310.5,1.0,1.0,1.0,1.0,1.0,1.0,1.0
310.55,1.0,1.0,1.0,1.0,1.0,1.0,1.0
310.6,1.0,1.0,1.0,1.0,1.0,1.0,1.0
310.65000000000003,1.0,1.0,1.0,1.0,1.0,1.0,1.0
310.70000000000005,1.0,1.0,1.0,1.0,1.0,1.0,1.0
310.75,1.0,1.0,1.0,1.0,1.0,1.0,1.0
310.8,1.0,1.0,1.0,1.0,1.0,1.0,1.0
310.85,1.0,1.0,1.0,1.0,1.0,1.0,1.0
310.90000000000003,1.0,1.0,1.0,1.0,1.0,1.0,1.0
310.95000000000005,1.0,1.0,1.0,1.0,1.0,1.0,1.0
311.0,1.0,1.0,1.0,1.0,1.0,1.0,1.0
311.05,1.0,1.0,1.0,1.0,1.0,1.0,1.0
311.1,1.0,1.0,1.0,1.0,1.0,1.0,1.0
311.15000000000003,1.0,1.0,1.0,1.0,1.0,1.0,1.0
311.20000000000005,1.0,1.0,1.0,1.0,1.0,1.0,1.0
311.25,1.0,1.0,1.0,1.0,1.0,1.0,1.0
311.3,1.0,1.0,1.0,1.0,1.0,1.0,1.0
311.35,1.0,1.0,1.0,1.0,1.0,1.0,1.0
311.40000000000003,1.0,1.0,1.0,1.0,1.0,1.0,1.0
311.45000000000005,1.0,1.0,1.0,1.0,1.0,1.0,1.0
311.5,1.0,1.0,1.0,1.0,1.0,1.0,1.0
311.55,1.0,1.0,1.0,1.0,1.0,1.0,1.0
311.6,1.0,1.0,1.0,1.0,1.0,1.0,1.0
311.65000000000003,1.0,1.0,1.0,1.0,1.0,1.0,1.0
311.70000000000005,1.0,1.0,1.0,1.0,1.0,1.0,1.0
311.75,1.0,1.0,1.0,1.0,1.0,1.0,1.0
311.8,1.0,1.0,1.0,1.0,1.0,1.0,1.0
311.85,1.0,1.0,1.0,1.0,1.0,1.0,1.0
311.90000000000003,1.0,1.0,1.0,1.0,1.0,1.0,1.0
311.95000000000005,1.0,1.0,1.0,1.0,1.0,1.0,1.0
312.0,1.0,1.0,1.0,1.0,1.0,1.0,1.0
312.05,1.0,1.0,1.0,1.0,1.0,1.0,1.0
312.1,1.0,1.0,1.0,1.0,1.0,1.0,1.0
312.15000000000003,1.0,1.0,1.0,1.0,1.0,1.0,1.0
312.20000000000005,1.0,1.0,1.0,1.0,1.0,1.0,1.0
312.25,1.0,1.0,1.0,1.0,1.0,1.0,1.0
312.3,1.0,1.0,1.0,1.0,1.0,1.0,1.0
312.35,1.0,1.0,1.0,1.0,1.0,1.0,1.0
312.40000000000003,1.0,1.0,1.0,1.0,1.0,1.0,1.0
312.45000000000005,1.0,1.0,1.0,1.0,1.0,1.0,1.0
312.5,1.0,1.0,1.0,1.0,1.0,1.0,1.0
312.55,1.0,1.0,1.0,1.0,1.0,1.0,1.0
312.6,1.0,1.0,1.0,1.0,1.0,1.0,1.0
312.65000000000003,1.0,1.0,1.0,1.0,1.0,1.0,1.0
312.70000000000005,1.0,1.0,1.0,1.0,1.0,1.0,1.0
312.75,1.0,1.0,1.0,1.0,1.0,1.0,1.0
312.8,1.0,1.0,1.0,1.0,1.0,1.0,1.0
312.85,1.0,1.0,1.0,1.0,1.0,1.0,1.0
312.90000000000003,1.0,1.0,1.0,1.0,1.0,1.0,1.0
312.95000000000005,1.0,1.0,1.0,1.0,1.0,1.0,1.0
313.0,1.0,1.0,1.0,1.0,1.0,1.0,1.0
313.05,1.0,1.0,1.0,1.0,1.0,1.0,1.0
313.1,1.0,1.0,1.0,1.0,1.0,1.0,1.0
313.15000000000003,1.0,1.0,1.0,1.0,1.0,1.0,1.0
313.20000000000005,1.0,1.0,1.0,1.0,1.0,1.0,1.0
313.25,1.0,1.0,1.0,1.0,1.0,1.0,1.0
313.3,1.0,1.0,1.0,1.0,1.0,1.0,1.0
313.35,1.0,1.0,1.0,1.0,1.0,1.0,1.0
313.40000000000003,1.0,1.0,1.0,1.0,1.0,1.0,1.0
313.45000000000005,1.0,1.0,1.0,1.0,1.0,1.0,1.0
313.5,1.0,1.0,1.0,1.0,1.0,1.0,1.0
313.55,1.0,1.0,1.0,1.0,1.0,1.0,1.0
313.6,1.0,1.0,1.0,1.0,1.0,1.0,1.0
313.65000000000003,1.0,1.0,1.0,1.0,1.0,1.0,1.0
313.70000000000005,1.0,1.0,1.0,1.0,1.0,1.0,1.0
313.75,1.0,1.0,1.0,1.0,1.0,1.0,1.0
313.8,1.0,1.0,1.0,1.0,1.0,1.0,1.0
313.85,1.0,1.0,1.0,1.0,1.0,1.0,1.0
313.90000000000003,1.0,1.0,1.0,1.0,1.0,1.0,1.0
313.95000000000005,1.0,1.0,1.0,1.0,1.0,1.0,1.0
314.0,1.0,1.0,1.0,1.0,1.0,1.0,1.0
314.05,1.0,1.0,1.0,1.0,1.0,1.0,1.0
314.1,1.0,1.0,1.0,1.0,1.0,1.0,1.0
314.15000000000003,1.0,1.0,1.0,1.0,1.0,1.0,1.0
314.20000000000005,1.0,1.0,1.0,1.0,1.0,1.0,1.0
314.25,1.0,1.0,1.0,1.0,1.0,1.0,1.0
314.3,1.0,1.0,1.0,1.0,1.0,1.0,1.0
314.35,1.0,1.0,1.0,1.0,1.0,1.0,1.0
314.40000000000003,1.0,1.0,1.0,1.0,1.0,1.0,1.0
314.45000000000005,1.0,1.0,1.0,1.0,1.0,1.0,1.0
314.5,1.0,1.0,1.0,1.0,1.0,1.0,1.0
314.55,1.0,1.0,1.0,1.0,1.0,1.0,1.0
314.6,1.0,1.0,1.0,1.0,1.0,1.0,1.0
314.65000000000003,1.0,1.0,1.0,1.0,1.0,1.0,1.0
314.70000000000005,1.0,1.0,1.0,1.0,1.0,1.0,1.0
314.75,1.0,1.0,1.0,1.0,1.0,1.0,1.0
314.8,1.0,1.0,1.0,1.0,1.0,1.0,1.0
314.85,1.0,1.0,1.0,1.0,1.0,1.0,1.0
314.90000000000003,1.0,1.0,1.0,1.0,1.0,1.0,1.0
314.95000000000005,1.0,1.0,1.0,1.0,1.0,1.0,1.0
315.0,1.0,1.0,1.0,1.0,1.0,1.0,1.0
315.05,1.0,1.0,1.0,1.0,1.0,1.0,1.0
315.1,1.0,1.0,1.0,1.0,1.0,1.0,1.0
315.15000000000003,1.0,1.0,1.0,1.0,1.0,1.0,1.0
315.20000000000005,1.0,1.0,1.0,1.0,1.0,1.0,1.0
315.25,1.0,1.0,1.0,1.0,1.0,1.0,1.0
315.3,1.0,1.0,1.0,1.0,1.0,1.0,1.0
315.35,1.0,1.0,1.0,1.0,1.0,1.0,1.0
315.40000000000003,1.0,1.0,1.0,1.0,1.0,1.0,1.0
315.45000000000005,1.0,1.0,1.0,1.0,1.0,1.0,1.0
315.5,1.0,1.0,1.0,1.0,1.0,1.0,1.0
315.55,1.0,1.0,1.0,1.0,1.0,1.0,1.0
315.6,1.0,1.0,1.0,1.0,1.0,1.0,1.0
315.65000000000003,1.0,1.0,1.0,1.0,1.0,1.0,1.0
315.70000000000005,1.0,1.0,1.0,1.0,1.0,1.0,1.0
315.75,1.0,1.0,1.0,1.0,1.0,1.0,1.0
315.8,1.0,1.0,1.0,1.0,1.0,1.0,1.0
315.85,1.0,1.0,1.0,1.0,1.0,1.0,1.0
315.90000000000003,1.0,1.0,1.0,1.0,1.0,1.0,1.0
315.95000000000005,1.0,1.0,1.0,1.0,1.0,1.0,1.0
316.0,1.0,1.0,1.0,1.0,1.0,1.0,1.0
316.05,1.0,1.0,1.0,1.0,1.0,1.0,1.0
316.1,1.0,1.0,1.0,1.0,1.0,1.0,1.0
316.15000000000003,1.0,1.0,1.0,1.0,1.0,1.0,1.0
316.20000000000005,1.0,1.0,1.0,1.0,1.0,1.0,1.0
316.25,1.0,1.0,1.0,1.0,1.0,1.0,1.0
316.3,1.0,1.0,1.0,1.0,1.0,1.0,1.0
316.35,1.0,1.0,1.0,1.0,1.0,1.0,1.0
316.40000000000003,1.0,1.0,1.0,1.0,1.0,1.0,1.0
316.45000000000005,1.0,1.0,1.0,1.0,1.0,1.0,1.0
316.5,1.0,1.0,1.0,1.0,1.0,1.0,1.0
316.55,1.0,1.0,1.0,1.0,1.0,1.0,1.0
316.6,1.0,1.0,1.0,1.0,1.0,1.0,1.0
316.65000000000003,1.0,1.0,1.0,1.0,1.0,1.0,1.0
316.70000000000005,1.0,1.0,1.0,1.0,1.0,1.0,1.0
316.75,1.0,1.0,1.0,1.0,1.0,1.0,1.0
316.8,1.0,1.0,1.0,1.0,1.0,1.0,1.0
316.85,1.0,1.0,1.0,1.0,1.0,1.0,1.0
316.90000000000003,1.0,1.0,1.0,1.0,1.0,1.0,1.0
316.95000000000005,1.0,1.0,1.0,1.0,1.0,1.0,1.0
317.0,1.0,1.0,1.0,1.0,1.0,1.0,1.0
317.05,1.0,1.0,1.0,1.0,1.0,1.0,1.0
317.1,1.0,1.0,1.0,1.0,1.0,1.0,1.0
317.15000000000003,1.0,1.0,1.0,1.0,1.0,1.0,1.0
317.20000000000005,1.0,1.0,1.0,1.0,1.0,1.0,1.0
317.25,1.0,1.0,1.0,1.0,1.0,1.0,1.0
317.3,1.0,1.0,1.0,1.0,1.0,1.0,1.0
317.35,1.0,1.0,1.0,1.0,1.0,1.0,1.0
317.40000000000003,1.0,1.0,1.0,1.0,1.0,1.0,1.0
317.45000000000005,1.0,1.0,1.0,1.0,1.0,1.0,1.0
317.5,1.0,1.0,1.0,1.0,1.0,1.0,1.0
317.55,1.0,1.0,1.0,1.0,1.0,1.0,1.0
317.6,1.0,1.0,1.0,1.0,1.0,1.0,1.0
317.65000000000003,1.0,1.0,1.0,1.0,1.0,1.0,1.0
317.70000000000005,1.0,1.0,1.0,1.0,1.0,1.0,1.0
317.75,1.0,1.0,1.0,1.0,1.0,1.0,1.0
317.8,1.0,1.0,1.0,1.0,1.0,1.0,1.0
317.85,1.0,1.0,1.0,1.0,1.0,1.0,1.0
317.90000000000003,1.0,1.0,1.0,1.0,1.0,1.0,1.0
317.95000000000005,1.0,1.0,1.0,1.0,1.0,1.0,1.0
318.0,1.0,1.0,1.0,1.0,1.0,1.0,1.0
318.05,1.0,1.0,1.0,1.0,1.0,1.0,1.0
318.1,1.0,1.0,1.0,1.0,1.0,1.0,1.0
318.15000000000003,1.0,1.0,1.0,1.0,1.0,1.0,1.0
318.20000000000005,1.0,1.0,1.0,1.0,1.0,1.0,1.0
318.25,1.0,1.0,1.0,1.0,1.0,1.0,1.0
318.3,1.0,1.0,1.0,1.0,1.0,1.0,1.0
318.35,1.0,1.0,1.0,1.0,1.0,1.0,1.0
318.40000000000003,1.0,1.0,1.0,1.0,1.0,1.0,1.0
318.45000000000005,1.0,1.0,1.0,1.0,1.0,1.0,1.0
318.5,1.0,1.0,1.0,1.0,1.0,1.0,1.0
318.55,1.0,1.0,1.0,1.0,1.0,1.0,1.0
318.6,1.0,1.0,1.0,1.0,1.0,1.0,1.0
318.65000000000003,1.0,1.0,1.0,1.0,1.0,1.0,1.0
318.70000000000005,1.0,1.0,1.0,1.0,1.0,1.0,1.0
318.75,1.0,1.0,1.0,1.0,1.0,1.0,1.0
318.8,1.0,1.0,1.0,1.0,1.0,1.0,1.0
318.85,1.0,1.0,1.0,1.0,1.0,1.0,1.0
318.90000000000003,1.0,1.0,1.0,1.0,1.0,1.0,1.0
318.95000000000005,1.0,1.0,1.0,1.0,1.0,1.0,1.0
319.0,1.0,1.0,1.0,1.0,1.0,1.0,1.0
319.05,1.0,1.0,1.0,1.0,1.0,1.0,1.0
319.1,1.0,1.0,1.0,1.0,1.0,1.0,1.0
319.15000000000003,1.0,1.0,1.0,1.0,1.0,1.0,1.0
319.20000000000005,1.0,1.0,1.0,1.0,1.0,1.0,1.0
319.25,1.0,1.0,1.0,1.0,1.0,1.0,1.0
319.3,1.0,1.0,1.0,1.0,1.0,1.0,1.0
319.35,1.0,1.0,1.0,1.0,1.0,1.0,1.0
319.40000000000003,1.0,1.0,1.0,1.0,1.0,1.0,1.0
319.45000000000005,1.0,1.0,1.0,1.0,1.0,1.0,1.0
319.5,1.0,1.0,1.0,1.0,1.0,1.0,1.0
319.55,1.0,1.0,1.0,1.0,1.0,1.0,1.0
319.6,1.0,1.0,1.0,1.0,1.0,1.0,1.0
319.65000000000003,1.0,1.0,1.0,1.0,1.0,1.0,1.0
319.70000000000005,1.0,1.0,1.0,1.0,1.0,1.0,1.0
319.75,1.0,1.0,1.0,1.0,1.0,1.0,1.0
319.8,1.0,1.0,1.0,1.0,1.0,1.0,1.0
319.85,1.0,1.0,1.0,1.0,1.0,1.0,1.0
319.90000000000003,1.0,1.0,1.0,1.0,1.0,1.0,1.0
319.95000000000005,1.0,1.0,1.0,1.0,1.0,1.0,1.0
320.0,1.0,1.0,1.0,1.0,1.0,1.0,1.0
320.05,1.0,1.0,1.0,1.0,1.0,1.0,1.0
320.1,1.0,1.0,1.0,1.0,1.0,1.0,1.0
320.15000000000003,1.0,1.0,1.0,1.0,1.0,1.0,1.0
320.20000000000005,1.0,1.0,1.0,1.0,1.0,1.0,1.0
320.25,1.0,1.0,1.0,1.0,1.0,1.0,1.0
320.3,1.0,1.0,1.0,1.0,1.0,1.0,1.0
320.35,1.0,1.0,1.0,1.0,1.0,1.0,1.0
320.40000000000003,1.0,1.0,1.0,1.0,1.0,1.0,1.0
320.45000000000005,1.0,1.0,1.0,1.0,1.0,1.0,1.0
320.5,1.0,1.0,1.0,1.0,1.0,1.0,1.0
320.55,1.0,1.0,1.0,1.0,1.0,1.0,1.0
320.6,1.0,1.0,1.0,1.0,1.0,1.0,1.0
320.65000000000003,1.0,1.0,1.0,1.0,1.0,1.0,1.0
320.70000000000005,1.0,1.0,1.0,1.0,1.0,1.0,1.0
320.75,1.0,1.0,1.0,1.0,1.0,1.0,1.0
320.8,1.0,1.0,1.0,1.0,1.0,1.0,1.0
320.85,1.0,1.0,1.0,1.0,1.0,1.0,1.0
320.90000000000003,1.0,1.0,1.0,1.0,1.0,1.0,1.0
320.95000000000005,1.0,1.0,1.0,1.0,1.0,1.0,1.0
321.0,1.0,1.0,1.0,1.0,1.0,1.0,1.0
321.05,1.0,1.0,1.0,1.0,1.0,1.0,1.0
321.1,1.0,1.0,1.0,1.0,1.0,1.0,1.0
321.15000000000003,1.0,1.0,1.0,1.0,1.0,1.0,1.0
321.20000000000005,1.0,1.0,1.0,1.0,1.0,1.0,1.0
321.25,1.0,1.0,1.0,1.0,1.0,1.0,1.0
321.3,1.0,1.0,1.0,1.0,1.0,1.0,1.0
321.35,1.0,1.0,1.0,1.0,1.0,1.0,1.0
321.40000000000003,1.0,1.0,1.0,1.0,1.0,1.0,1.0
321.45000000000005,1.0,1.0,1.0,1.0,1.0,1.0,1.0
321.5,1.0,1.0,1.0,1.0,1.0,1.0,1.0
321.55,1.0,1.0,1.0,1.0,1.0,1.0,1.0
321.6,1.0,1.0,1.0,1.0,1.0,1.0,1.0
321.65000000000003,1.0,1.0,1.0,1.0,1.0,1.0,1.0
321.70000000000005,1.0,1.0,1.0,1.0,1.0,1.0,1.0
321.75,1.0,1.0,1.0,1.0,1.0,1.0,1.0
321.8,1.0,1.0,1.0,1.0,1.0,1.0,1.0
321.85,1.0,1.0,1.0,1.0,1.0,1.0,1.0
321.90000000000003,1.0,1.0,1.0,1.0,1.0,1.0,1.0
321.95000000000005,1.0,1.0,1.0,1.0,1.0,1.0,1.0
322.0,1.0,1.0,1.0,1.0,1.0,1.0,1.0
322.05,1.0,1.0,1.0,1.0,1.0,1.0,1.0
322.1,1.0,1.0,1.0,1.0,1.0,1.0,1.0
322.15000000000003,1.0,1.0,1.0,1.0,1.0,1.0,1.0
322.20000000000005,1.0,1.0,1.0,1.0,1.0,1.0,1.0
322.25,1.0,1.0,1.0,1.0,1.0,1.0,1.0
322.3,1.0,1.0,1.0,1.0,1.0,1.0,1.0
322.35,1.0,1.0,1.0,1.0,1.0,1.0,1.0
322.40000000000003,1.0,1.0,1.0,1.0,1.0,1.0,1.0
322.45000000000005,1.0,1.0,1.0,1.0,1.0,1.0,1.0
322.5,1.0,1.0,1.0,1.0,1.0,1.0,1.0
322.55,1.0,1.0,1.0,1.0,1.0,1.0,1.0
322.6,1.0,1.0,1.0,1.0,1.0,1.0,1.0
322.65000000000003,1.0,1.0,1.0,1.0,1.0,1.0,1.0
322.70000000000005,1.0,1.0,1.0,1.0,1.0,1.0,1.0
322.75,1.0,1.0,1.0,1.0,1.0,1.0,1.0
322.8,1.0,1.0,1.0,1.0,1.0,1.0,1.0
322.85,1.0,1.0,1.0,1.0,1.0,1.0,1.0
322.90000000000003,1.0,1.0,1.0,1.0,1.0,1.0,1.0
322.95000000000005,1.0,1.0,1.0,1.0,1.0,1.0,1.0
323.0,1.0,1.0,1.0,1.0,1.0,1.0,1.0
323.05,1.0,1.0,1.0,1.0,1.0,1.0,1.0
323.1,1.0,1.0,1.0,1.0,1.0,1.0,1.0
323.15000000000003,1.0,1.0,1.0,1.0,1.0,1.0,1.0
323.20000000000005,1.0,1.0,1.0,1.0,1.0,1.0,1.0
323.25,1.0,1.0,1.0,1.0,1.0,1.0,1.0
323.3,1.0,1.0,1.0,1.0,1.0,1.0,1.0
323.35,1.0,1.0,1.0,1.0,1.0,1.0,1.0
323.40000000000003,1.0,1.0,1.0,1.0,1.0,1.0,1.0
323.45000000000005,1.0,1.0,1.0,1.0,1.0,1.0,1.0
323.5,1.0,1.0,1.0,1.0,1.0,1.0,1.0
323.55,1.0,1.0,1.0,1.0,1.0,1.0,1.0
323.6,1.0,1.0,1.0,1.0,1.0,1.0,1.0
323.65000000000003,1.0,1.0,1.0,1.0,1.0,1.0,1.0
323.70000000000005,1.0,1.0,1.0,1.0,1.0,1.0,1.0
323.75,1.0,1.0,1.0,1.0,1.0,1.0,1.0
323.8,1.0,1.0,1.0,1.0,1.0,1.0,1.0
323.85,1.0,1.0,1.0,1.0,1.0,1.0,1.0
323.90000000000003,1.0,1.0,1.0,1.0,1.0,1.0,1.0
323.95000000000005,1.0,1.0,1.0,1.0,1.0,1.0,1.0
324.0,1.0,1.0,1.0,1.0,1.0,1.0,1.0
324.05,1.0,1.0,1.0,1.0,1.0,1.0,1.0
324.1,1.0,1.0,1.0,1.0,1.0,1.0,1.0
324.15000000000003,1.0,1.0,1.0,1.0,1.0,1.0,1.0
324.20000000000005,1.0,1.0,1.0,1.0,1.0,1.0,1.0
324.25,1.0,1.0,1.0,1.0,1.0,1.0,1.0
324.3,1.0,1.0,1.0,1.0,1.0,1.0,1.0
324.35,1.0,1.0,1.0,1.0,1.0,1.0,1.0
324.40000000000003,1.0,1.0,1.0,1.0,1.0,1.0,1.0
324.45000000000005,1.0,1.0,1.0,1.0,1.0,1.0,1.0
324.5,1.0,1.0,1.0,1.0,1.0,1.0,1.0
324.55,1.0,1.0,1.0,1.0,1.0,1.0,1.0
324.6,1.0,1.0,1.0,1.0,1.0,1.0,1.0
324.65000000000003,1.0,1.0,1.0,1.0,1.0,1.0,1.0
324.70000000000005,1.0,1.0,1.0,1.0,1.0,1.0,1.0
324.75,1.0,1.0,1.0,1.0,1.0,1.0,1.0
324.8,1.0,1.0,1.0,1.0,1.0,1.0,1.0
324.85,1.0,1.0,1.0,1.0,1.0,1.0,1.0
324.90000000000003,1.0,1.0,1.0,1.0,1.0,1.0,1.0
324.95000000000005,1.0,1.0,1.0,1.0,1.0,1.0,1.0
325.0,1.0,1.0,1.0,1.0,1.0,1.0,1.0
325.05,1.0,1.0,1.0,1.0,1.0,1.0,1.0
325.1,1.0,1.0,1.0,1.0,1.0,1.0,1.0
325.15000000000003,1.0,1.0,1.0,1.0,1.0,1.0,1.0
325.20000000000005,1.0,1.0,1.0,1.0,1.0,1.0,1.0
325.25,1.0,1.0,1.0,1.0,1.0,1.0,1.0
325.3,1.0,1.0,1.0,1.0,1.0,1.0,1.0
325.35,1.0,1.0,1.0,1.0,1.0,1.0,1.0
325.40000000000003,1.0,1.0,1.0,1.0,1.0,1.0,1.0
325.45000000000005,1.0,1.0,1.0,1.0,1.0,1.0,1.0
325.5,1.0,1.0,1.0,1.0,1.0,1.0,1.0
325.55,1.0,1.0,1.0,1.0,1.0,1.0,1.0
325.6,1.0,1.0,1.0,1.0,1.0,1.0,1.0
325.65000000000003,1.0,1.0,1.0,1.0,1.0,1.0,1.0
325.70000000000005,1.0,1.0,1.0,1.0,1.0,1.0,1.0
325.75,1.0,1.0,1.0,1.0,1.0,1.0,1.0
325.8,1.0,1.0,1.0,1.0,1.0,1.0,1.0
325.85,1.0,1.0,1.0,1.0,1.0,1.0,1.0
325.90000000000003,1.0,1.0,1.0,1.0,1.0,1.0,1.0
325.95000000000005,1.0,1.0,1.0,1.0,1.0,1.0,1.0
326.0,1.0,1.0,1.0,1.0,1.0,1.0,1.0
326.05,1.0,1.0,1.0,1.0,1.0,1.0,1.0
326.1,1.0,1.0,1.0,1.0,1.0,1.0,1.0
326.15000000000003,1.0,1.0,1.0,1.0,1.0,1.0,1.0
326.20000000000005,1.0,1.0,1.0,1.0,1.0,1.0,1.0
326.25,1.0,1.0,1.0,1.0,1.0,1.0,1.0
326.3,1.0,1.0,1.0,1.0,1.0,1.0,1.0
326.35,1.0,1.0,1.0,1.0,1.0,1.0,1.0
326.40000000000003,1.0,1.0,1.0,1.0,1.0,1.0,1.0
326.45000000000005,1.0,1.0,1.0,1.0,1.0,1.0,1.0
326.5,1.0,1.0,1.0,1.0,1.0,1.0,1.0
326.55,1.0,1.0,1.0,1.0,1.0,1.0,1.0
326.6,1.0,1.0,1.0,1.0,1.0,1.0,1.0
326.65000000000003,1.0,1.0,1.0,1.0,1.0,1.0,1.0
326.70000000000005,1.0,1.0,1.0,1.0,1.0,1.0,1.0
326.75,1.0,1.0,1.0,1.0,1.0,1.0,1.0
326.8,1.0,1.0,1.0,1.0,1.0,1.0,1.0
326.85,1.0,1.0,1.0,1.0,1.0,1.0,1.0
326.90000000000003,1.0,1.0,1.0,1.0,1.0,1.0,1.0
326.95000000000005,1.0,1.0,1.0,1.0,1.0,1.0,1.0
327.0,1.0,1.0,1.0,1.0,1.0,1.0,1.0
327.05,1.0,1.0,1.0,1.0,1.0,1.0,1.0
327.1,1.0,1.0,1.0,1.0,1.0,1.0,1.0
327.15000000000003,1.0,1.0,1.0,1.0,1.0,1.0,1.0
327.20000000000005,1.0,1.0,1.0,1.0,1.0,1.0,1.0
327.25,1.0,1.0,1.0,1.0,1.0,1.0,1.0
327.3,1.0,1.0,1.0,1.0,1.0,1.0,1.0
327.35,1.0,1.0,1.0,1.0,1.0,1.0,1.0
327.40000000000003,1.0,1.0,1.0,1.0,1.0,1.0,1.0
327.45000000000005,1.0,1.0,1.0,1.0,1.0,1.0,1.0
327.5,1.0,1.0,1.0,1.0,1.0,1.0,1.0
327.55,1.0,1.0,1.0,1.0,1.0,1.0,1.0
327.6,1.0,1.0,1.0,1.0,1.0,1.0,1.0
327.65000000000003,1.0,1.0,1.0,1.0,1.0,1.0,1.0
327.70000000000005,1.0,1.0,1.0,1.0,1.0,1.0,1.0
327.75,1.0,1.0,1.0,1.0,1.0,1.0,1.0
327.8,1.0,1.0,1.0,1.0,1.0,1.0,1.0
327.85,1.0,1.0,1.0,1.0,1.0,1.0,1.0
327.90000000000003,1.0,1.0,1.0,1.0,1.0,1.0,1.0
327.95000000000005,1.0,1.0,1.0,1.0,1.0,1.0,1.0
328.0,1.0,1.0,1.0,1.0,1.0,1.0,1.0
328.05,1.0,1.0,1.0,1.0,1.0,1.0,1.0
328.1,1.0,1.0,1.0,1.0,1.0,1.0,1.0
328.15000000000003,1.0,1.0,1.0,1.0,1.0,1.0,1.0
328.20000000000005,1.0,1.0,1.0,1.0,1.0,1.0,1.0
328.25,1.0,1.0,1.0,1.0,1.0,1.0,1.0
328.3,1.0,1.0,1.0,1.0,1.0,1.0,1.0
328.35,1.0,1.0,1.0,1.0,1.0,1.0,1.0
328.40000000000003,1.0,1.0,1.0,1.0,1.0,1.0,1.0
328.45000000000005,1.0,1.0,1.0,1.0,1.0,1.0,1.0
328.5,1.0,1.0,1.0,1.0,1.0,1.0,1.0
328.55,1.0,1.0,1.0,1.0,1.0,1.0,1.0
328.6,1.0,1.0,1.0,1.0,1.0,1.0,1.0
328.65000000000003,1.0,1.0,1.0,1.0,1.0,1.0,1.0
328.70000000000005,1.0,1.0,1.0,1.0,1.0,1.0,1.0
328.75,1.0,1.0,1.0,1.0,1.0,1.0,1.0
328.8,1.0,1.0,1.0,1.0,1.0,1.0,1.0
328.85,1.0,1.0,1.0,1.0,1.0,1.0,1.0
328.90000000000003,1.0,1.0,1.0,1.0,1.0,1.0,1.0
328.95000000000005,1.0,1.0,1.0,1.0,1.0,1.0,1.0
329.0,1.0,1.0,1.0,1.0,1.0,1.0,1.0
329.05,1.0,1.0,1.0,1.0,1.0,1.0,1.0
329.1,1.0,1.0,1.0,1.0,1.0,1.0,1.0
329.15000000000003,1.0,1.0,1.0,1.0,1.0,1.0,1.0
329.20000000000005,1.0,1.0,1.0,1.0,1.0,1.0,1.0
329.25,1.0,1.0,1.0,1.0,1.0,1.0,1.0
329.3,1.0,1.0,1.0,1.0,1.0,1.0,1.0
329.35,1.0,1.0,1.0,1.0,1.0,1.0,1.0
329.40000000000003,1.0,1.0,1.0,1.0,1.0,1.0,1.0
329.45000000000005,1.0,1.0,1.0,1.0,1.0,1.0,1.0
329.5,1.0,1.0,1.0,1.0,1.0,1.0,1.0
329.55,1.0,1.0,1.0,1.0,1.0,1.0,1.0
329.6,1.0,1.0,1.0,1.0,1.0,1.0,1.0
329.65000000000003,1.0,1.0,1.0,1.0,1.0,1.0,1.0
329.70000000000005,1.0,1.0,1.0,1.0,1.0,1.0,1.0
329.75,1.0,1.0,1.0,1.0,1.0,1.0,1.0
329.8,1.0,1.0,1.0,1.0,1.0,1.0,1.0
329.85,1.0,1.0,1.0,1.0,1.0,1.0,1.0
329.90000000000003,1.0,1.0,1.0,1.0,1.0,1.0,1.0
329.95000000000005,1.0,1.0,1.0,1.0,1.0,1.0,1.0
330.0,1.0,1.0,1.0,1.0,1.0,1.0,1.0
330.05,1.0,1.0,1.0,1.0,1.0,1.0,1.0
330.1,1.0,1.0,1.0,1.0,1.0,1.0,1.0
330.15000000000003,1.0,1.0,1.0,1.0,1.0,1.0,1.0
330.20000000000005,1.0,1.0,1.0,1.0,1.0,1.0,1.0
330.25,1.0,1.0,1.0,1.0,1.0,1.0,1.0
330.3,1.0,1.0,1.0,1.0,1.0,1.0,1.0
330.35,1.0,1.0,1.0,1.0,1.0,1.0,1.0
330.40000000000003,1.0,1.0,1.0,1.0,1.0,1.0,1.0
330.45000000000005,1.0,1.0,1.0,1.0,1.0,1.0,1.0
330.5,1.0,1.0,1.0,1.0,1.0,1.0,1.0
330.55,1.0,1.0,1.0,1.0,1.0,1.0,1.0
330.6,1.0,1.0,1.0,1.0,1.0,1.0,1.0
330.65000000000003,1.0,1.0,1.0,1.0,1.0,1.0,1.0
330.70000000000005,1.0,1.0,1.0,1.0,1.0,1.0,1.0
330.75,1.0,1.0,1.0,1.0,1.0,1.0,1.0
330.8,1.0,1.0,1.0,1.0,1.0,1.0,1.0
330.85,1.0,1.0,1.0,1.0,1.0,1.0,1.0
330.90000000000003,1.0,1.0,1.0,1.0,1.0,1.0,1.0
330.95000000000005,1.0,1.0,1.0,1.0,1.0,1.0,1.0
331.0,1.0,1.0,1.0,1.0,1.0,1.0,1.0
331.05,1.0,1.0,1.0,1.0,1.0,1.0,1.0
331.1,1.0,1.0,1.0,1.0,1.0,1.0,1.0
331.15000000000003,1.0,1.0,1.0,1.0,1.0,1.0,1.0
331.20000000000005,1.0,1.0,1.0,1.0,1.0,1.0,1.0
331.25,1.0,1.0,1.0,1.0,1.0,1.0,1.0
331.3,1.0,1.0,1.0,1.0,1.0,1.0,1.0
331.35,1.0,1.0,1.0,1.0,1.0,1.0,1.0
331.40000000000003,1.0,1.0,1.0,1.0,1.0,1.0,1.0
331.45000000000005,1.0,1.0,1.0,1.0,1.0,1.0,1.0
331.5,1.0,1.0,1.0,1.0,1.0,1.0,1.0
331.55,1.0,1.0,1.0,1.0,1.0,1.0,1.0
331.6,1.0,1.0,1.0,1.0,1.0,1.0,1.0
331.65000000000003,1.0,1.0,1.0,1.0,1.0,1.0,1.0
331.70000000000005,1.0,1.0,1.0,1.0,1.0,1.0,1.0
331.75,1.0,1.0,1.0,1.0,1.0,1.0,1.0
331.8,1.0,1.0,1.0,1.0,1.0,1.0,1.0
331.85,1.0,1.0,1.0,1.0,1.0,1.0,1.0
331.90000000000003,1.0,1.0,1.0,1.0,1.0,1.0,1.0
331.95000000000005,1.0,1.0,1.0,1.0,1.0,1.0,1.0
332.0,1.0,1.0,1.0,1.0,1.0,1.0,1.0
332.05,1.0,1.0,1.0,1.0,1.0,1.0,1.0
332.1,1.0,1.0,1.0,1.0,1.0,1.0,1.0
332.15000000000003,1.0,1.0,1.0,1.0,1.0,1.0,1.0
332.20000000000005,1.0,1.0,1.0,1.0,1.0,1.0,1.0
332.25,1.0,1.0,1.0,1.0,1.0,1.0,1.0
332.3,1.0,1.0,1.0,1.0,1.0,1.0,1.0
332.35,1.0,1.0,1.0,1.0,1.0,1.0,1.0
332.40000000000003,1.0,1.0,1.0,1.0,1.0,1.0,1.0
332.45000000000005,1.0,1.0,1.0,1.0,1.0,1.0,1.0
332.5,1.0,1.0,1.0,1.0,1.0,1.0,1.0
332.55,1.0,1.0,1.0,1.0,1.0,1.0,1.0
332.6,1.0,1.0,1.0,1.0,1.0,1.0,1.0
332.65000000000003,1.0,1.0,1.0,1.0,1.0,1.0,1.0
332.70000000000005,1.0,1.0,1.0,1.0,1.0,1.0,1.0
332.75,1.0,1.0,1.0,1.0,1.0,1.0,1.0
332.8,1.0,1.0,1.0,1.0,1.0,1.0,1.0
332.85,1.0,1.0,1.0,1.0,1.0,1.0,1.0
332.90000000000003,1.0,1.0,1.0,1.0,1.0,1.0,1.0
332.95000000000005,1.0,1.0,1.0,1.0,1.0,1.0,1.0
333.0,1.0,1.0,1.0,1.0,1.0,1.0,1.0
333.05,1.0,1.0,1.0,1.0,1.0,1.0,1.0
333.1,1.0,1.0,1.0,1.0,1.0,1.0,1.0
333.15000000000003,1.0,1.0,1.0,1.0,1.0,1.0,1.0
333.20000000000005,1.0,1.0,1.0,1.0,1.0,1.0,1.0
333.25,1.0,1.0,1.0,1.0,1.0,1.0,1.0
333.3,1.0,1.0,1.0,1.0,1.0,1.0,1.0
333.35,1.0,1.0,1.0,1.0,1.0,1.0,1.0
333.40000000000003,1.0,1.0,1.0,1.0,1.0,1.0,1.0
333.45000000000005,1.0,1.0,1.0,1.0,1.0,1.0,1.0
333.5,1.0,1.0,1.0,1.0,1.0,1.0,1.0
333.55,1.0,1.0,1.0,1.0,1.0,1.0,1.0
333.6,1.0,1.0,1.0,1.0,1.0,1.0,1.0
333.65000000000003,1.0,1.0,1.0,1.0,1.0,1.0,1.0
333.70000000000005,1.0,1.0,1.0,1.0,1.0,1.0,1.0
333.75,1.0,1.0,1.0,1.0,1.0,1.0,1.0
333.8,1.0,1.0,1.0,1.0,1.0,1.0,1.0
333.85,1.0,1.0,1.0,1.0,1.0,1.0,1.0
333.90000000000003,1.0,1.0,1.0,1.0,1.0,1.0,1.0
333.95000000000005,1.0,1.0,1.0,1.0,1.0,1.0,1.0
334.0,1.0,1.0,1.0,1.0,1.0,1.0,1.0
334.05,1.0,1.0,1.0,1.0,1.0,1.0,1.0
334.1,1.0,1.0,1.0,1.0,1.0,1.0,1.0
334.15000000000003,1.0,1.0,1.0,1.0,1.0,1.0,1.0
334.20000000000005,1.0,1.0,1.0,1.0,1.0,1.0,1.0
334.25,1.0,1.0,1.0,1.0,1.0,1.0,1.0
334.3,1.0,1.0,1.0,1.0,1.0,1.0,1.0
334.35,1.0,1.0,1.0,1.0,1.0,1.0,1.0
334.40000000000003,1.0,1.0,1.0,1.0,1.0,1.0,1.0
334.45000000000005,1.0,1.0,1.0,1.0,1.0,1.0,1.0
334.5,1.0,1.0,1.0,1.0,1.0,1.0,1.0
334.55,1.0,1.0,1.0,1.0,1.0,1.0,1.0
334.6,1.0,1.0,1.0,1.0,1.0,1.0,1.0
334.65000000000003,1.0,1.0,1.0,1.0,1.0,1.0,1.0
334.70000000000005,1.0,1.0,1.0,1.0,1.0,1.0,1.0
334.75,1.0,1.0,1.0,1.0,1.0,1.0,1.0
334.8,1.0,1.0,1.0,1.0,1.0,1.0,1.0
334.85,1.0,1.0,1.0,1.0,1.0,1.0,1.0
334.90000000000003,1.0,1.0,1.0,1.0,1.0,1.0,1.0
334.95000000000005,1.0,1.0,1.0,1.0,1.0,1.0,1.0
335.0,1.0,1.0,1.0,1.0,1.0,1.0,1.0
335.05,1.0,1.0,1.0,1.0,1.0,1.0,1.0
335.1,1.0,1.0,1.0,1.0,1.0,1.0,1.0
335.15000000000003,1.0,1.0,1.0,1.0,1.0,1.0,1.0
335.20000000000005,1.0,1.0,1.0,1.0,1.0,1.0,1.0
335.25,1.0,1.0,1.0,1.0,1.0,1.0,1.0
335.3,1.0,1.0,1.0,1.0,1.0,1.0,1.0
335.35,1.0,1.0,1.0,1.0,1.0,1.0,1.0
335.40000000000003,1.0,1.0,1.0,1.0,1.0,1.0,1.0
335.45000000000005,1.0,1.0,1.0,1.0,1.0,1.0,1.0
335.5,1.0,1.0,1.0,1.0,1.0,1.0,1.0
335.55,1.0,1.0,1.0,1.0,1.0,1.0,1.0
335.6,1.0,1.0,1.0,1.0,1.0,1.0,1.0
335.65000000000003,1.0,1.0,1.0,1.0,1.0,1.0,1.0
335.70000000000005,1.0,1.0,1.0,1.0,1.0,1.0,1.0
335.75,1.0,1.0,1.0,1.0,1.0,1.0,1.0
335.8,1.0,1.0,1.0,1.0,1.0,1.0,1.0
335.85,1.0,1.0,1.0,1.0,1.0,1.0,1.0
335.90000000000003,1.0,1.0,1.0,1.0,1.0,1.0,1.0
335.95000000000005,1.0,1.0,1.0,1.0,1.0,1.0,1.0
336.0,1.0,1.0,1.0,1.0,1.0,1.0,1.0
336.05,1.0,1.0,1.0,1.0,1.0,1.0,1.0
336.1,1.0,1.0,1.0,1.0,1.0,1.0,1.0
336.15000000000003,1.0,1.0,1.0,1.0,1.0,1.0,1.0
336.20000000000005,1.0,1.0,1.0,1.0,1.0,1.0,1.0
336.25,1.0,1.0,1.0,1.0,1.0,1.0,1.0
336.3,1.0,1.0,1.0,1.0,1.0,1.0,1.0
336.35,1.0,1.0,1.0,1.0,1.0,1.0,1.0
336.40000000000003,1.0,1.0,1.0,1.0,1.0,1.0,1.0
336.45000000000005,1.0,1.0,1.0,1.0,1.0,1.0,1.0
336.5,1.0,1.0,1.0,1.0,1.0,1.0,1.0
336.55,1.0,1.0,1.0,1.0,1.0,1.0,1.0
336.6,1.0,1.0,1.0,1.0,1.0,1.0,1.0
336.65000000000003,1.0,1.0,1.0,1.0,1.0,1.0,1.0
336.70000000000005,1.0,1.0,1.0,1.0,1.0,1.0,1.0
336.75,1.0,1.0,1.0,1.0,1.0,1.0,1.0
336.8,1.0,1.0,1.0,1.0,1.0,1.0,1.0
336.85,1.0,1.0,1.0,1.0,1.0,1.0,1.0
336.90000000000003,1.0,1.0,1.0,1.0,1.0,1.0,1.0
336.95000000000005,1.0,1.0,1.0,1.0,1.0,1.0,1.0
337.0,1.0,1.0,1.0,1.0,1.0,1.0,1.0
337.05,1.0,1.0,1.0,1.0,1.0,1.0,1.0
337.1,1.0,1.0,1.0,1.0,1.0,1.0,1.0
337.15000000000003,1.0,1.0,1.0,1.0,1.0,1.0,1.0
337.20000000000005,1.0,1.0,1.0,1.0,1.0,1.0,1.0
337.25,1.0,1.0,1.0,1.0,1.0,1.0,1.0
337.3,1.0,1.0,1.0,1.0,1.0,1.0,1.0
337.35,1.0,1.0,1.0,1.0,1.0,1.0,1.0
337.40000000000003,1.0,1.0,1.0,1.0,1.0,1.0,1.0
337.45000000000005,1.0,1.0,1.0,1.0,1.0,1.0,1.0
337.5,1.0,1.0,1.0,1.0,1.0,1.0,1.0
337.55,1.0,1.0,1.0,1.0,1.0,1.0,1.0
337.6,1.0,1.0,1.0,1.0,1.0,1.0,1.0
337.65000000000003,1.0,1.0,1.0,1.0,1.0,1.0,1.0
337.70000000000005,1.0,1.0,1.0,1.0,1.0,1.0,1.0
337.75,1.0,1.0,1.0,1.0,1.0,1.0,1.0
337.8,1.0,1.0,1.0,1.0,1.0,1.0,1.0
337.85,1.0,1.0,1.0,1.0,1.0,1.0,1.0
337.90000000000003,1.0,1.0,1.0,1.0,1.0,1.0,1.0
337.95000000000005,1.0,1.0,1.0,1.0,1.0,1.0,1.0
338.0,1.0,1.0,1.0,1.0,1.0,1.0,1.0
338.05,1.0,1.0,1.0,1.0,1.0,1.0,1.0
338.1,1.0,1.0,1.0,1.0,1.0,1.0,1.0
338.15000000000003,1.0,1.0,1.0,1.0,1.0,1.0,1.0
338.20000000000005,1.0,1.0,1.0,1.0,1.0,1.0,1.0
338.25,1.0,1.0,1.0,1.0,1.0,1.0,1.0
338.3,1.0,1.0,1.0,1.0,1.0,1.0,1.0
338.35,1.0,1.0,1.0,1.0,1.0,1.0,1.0
338.40000000000003,1.0,1.0,1.0,1.0,1.0,1.0,1.0
338.45000000000005,1.0,1.0,1.0,1.0,1.0,1.0,1.0
338.5,1.0,1.0,1.0,1.0,1.0,1.0,1.0
338.55,1.0,1.0,1.0,1.0,1.0,1.0,1.0
338.6,1.0,1.0,1.0,1.0,1.0,1.0,1.0
338.65000000000003,1.0,1.0,1.0,1.0,1.0,1.0,1.0
338.70000000000005,1.0,1.0,1.0,1.0,1.0,1.0,1.0
338.75,1.0,1.0,1.0,1.0,1.0,1.0,1.0
338.8,1.0,1.0,1.0,1.0,1.0,1.0,1.0
338.85,1.0,1.0,1.0,1.0,1.0,1.0,1.0
338.90000000000003,1.0,1.0,1.0,1.0,1.0,1.0,1.0
338.95000000000005,1.0,1.0,1.0,1.0,1.0,1.0,1.0
339.0,1.0,1.0,1.0,1.0,1.0,1.0,1.0
339.05,1.0,1.0,1.0,1.0,1.0,1.0,1.0
339.1,1.0,1.0,1.0,1.0,1.0,1.0,1.0
339.15000000000003,1.0,1.0,1.0,1.0,1.0,1.0,1.0
339.20000000000005,1.0,1.0,1.0,1.0,1.0,1.0,1.0
339.25,1.0,1.0,1.0,1.0,1.0,1.0,1.0
339.3,1.0,1.0,1.0,1.0,1.0,1.0,1.0
339.35,1.0,1.0,1.0,1.0,1.0,1.0,1.0
339.40000000000003,1.0,1.0,1.0,1.0,1.0,1.0,1.0
339.45000000000005,1.0,1.0,1.0,1.0,1.0,1.0,1.0
339.5,1.0,1.0,1.0,1.0,1.0,1.0,1.0
339.55,1.0,1.0,1.0,1.0,1.0,1.0,1.0
339.6,1.0,1.0,1.0,1.0,1.0,1.0,1.0
339.65000000000003,1.0,1.0,1.0,1.0,1.0,1.0,1.0
339.70000000000005,1.0,1.0,1.0,1.0,1.0,1.0,1.0
339.75,1.0,1.0,1.0,1.0,1.0,1.0,1.0
339.8,1.0,1.0,1.0,1.0,1.0,1.0,1.0
339.85,1.0,1.0,1.0,1.0,1.0,1.0,1.0
339.90000000000003,1.0,1.0,1.0,1.0,1.0,1.0,1.0
339.95000000000005,1.0,1.0,1.0,1.0,1.0,1.0,1.0
340.0,1.0,1.0,1.0,1.0,1.0,1.0,1.0
340.05,1.0,1.0,1.0,1.0,1.0,1.0,1.0
340.1,1.0,1.0,1.0,1.0,1.0,1.0,1.0
340.15000000000003,1.0,1.0,1.0,1.0,1.0,1.0,1.0
340.20000000000005,1.0,1.0,1.0,1.0,1.0,1.0,1.0
340.25,1.0,1.0,1.0,1.0,1.0,1.0,1.0
340.3,1.0,1.0,1.0,1.0,1.0,1.0,1.0
340.35,1.0,1.0,1.0,1.0,1.0,1.0,1.0
340.40000000000003,1.0,1.0,1.0,1.0,1.0,1.0,1.0
340.45000000000005,1.0,1.0,1.0,1.0,1.0,1.0,1.0
340.5,1.0,1.0,1.0,1.0,1.0,1.0,1.0
340.55,1.0,1.0,1.0,1.0,1.0,1.0,1.0
340.6,1.0,1.0,1.0,1.0,1.0,1.0,1.0
340.65000000000003,1.0,1.0,1.0,1.0,1.0,1.0,1.0
340.70000000000005,1.0,1.0,1.0,1.0,1.0,1.0,1.0
340.75,1.0,1.0,1.0,1.0,1.0,1.0,1.0
340.8,1.0,1.0,1.0,1.0,1.0,1.0,1.0
340.85,1.0,1.0,1.0,1.0,1.0,1.0,1.0
340.90000000000003,1.0,1.0,1.0,1.0,1.0,1.0,1.0
340.95000000000005,1.0,1.0,1.0,1.0,1.0,1.0,1.0
341.0,1.0,1.0,1.0,1.0,1.0,1.0,1.0
341.05,1.0,1.0,1.0,1.0,1.0,1.0,1.0
341.1,1.0,1.0,1.0,1.0,1.0,1.0,1.0
341.15000000000003,1.0,1.0,1.0,1.0,1.0,1.0,1.0
341.20000000000005,1.0,1.0,1.0,1.0,1.0,1.0,1.0
341.25,1.0,1.0,1.0,1.0,1.0,1.0,1.0
341.3,1.0,1.0,1.0,1.0,1.0,1.0,1.0
341.35,1.0,1.0,1.0,1.0,1.0,1.0,1.0
341.40000000000003,1.0,1.0,1.0,1.0,1.0,1.0,1.0
341.45000000000005,1.0,1.0,1.0,1.0,1.0,1.0,1.0
341.5,1.0,1.0,1.0,1.0,1.0,1.0,1.0
341.55,1.0,1.0,1.0,1.0,1.0,1.0,1.0
341.6,1.0,1.0,1.0,1.0,1.0,1.0,1.0
341.65000000000003,1.0,1.0,1.0,1.0,1.0,1.0,1.0
341.70000000000005,1.0,1.0,1.0,1.0,1.0,1.0,1.0
341.75,1.0,1.0,1.0,1.0,1.0,1.0,1.0
341.8,1.0,1.0,1.0,1.0,1.0,1.0,1.0
341.85,1.0,1.0,1.0,1.0,1.0,1.0,1.0
341.90000000000003,1.0,1.0,1.0,1.0,1.0,1.0,1.0
341.95000000000005,1.0,1.0,1.0,1.0,1.0,1.0,1.0
342.0,1.0,1.0,1.0,1.0,1.0,1.0,1.0
342.05,1.0,1.0,1.0,1.0,1.0,1.0,1.0
342.1,1.0,1.0,1.0,1.0,1.0,1.0,1.0
342.15000000000003,1.0,1.0,1.0,1.0,1.0,1.0,1.0
342.20000000000005,1.0,1.0,1.0,1.0,1.0,1.0,1.0
342.25,1.0,1.0,1.0,1.0,1.0,1.0,1.0
342.3,1.0,1.0,1.0,1.0,1.0,1.0,1.0
342.35,1.0,1.0,1.0,1.0,1.0,1.0,1.0
342.40000000000003,1.0,1.0,1.0,1.0,1.0,1.0,1.0
342.45000000000005,1.0,1.0,1.0,1.0,1.0,1.0,1.0
342.5,1.0,1.0,1.0,1.0,1.0,1.0,1.0
342.55,1.0,1.0,1.0,1.0,1.0,1.0,1.0
342.6,1.0,1.0,1.0,1.0,1.0,1.0,1.0
342.65000000000003,1.0,1.0,1.0,1.0,1.0,1.0,1.0
342.70000000000005,1.0,1.0,1.0,1.0,1.0,1.0,1.0
342.75,1.0,1.0,1.0,1.0,1.0,1.0,1.0
342.8,1.0,1.0,1.0,1.0,1.0,1.0,1.0
342.85,1.0,1.0,1.0,1.0,1.0,1.0,1.0
342.90000000000003,1.0,1.0,1.0,1.0,1.0,1.0,1.0
342.95000000000005,1.0,1.0,1.0,1.0,1.0,1.0,1.0
343.0,1.0,1.0,1.0,1.0,1.0,1.0,1.0
343.05,1.0,1.0,1.0,1.0,1.0,1.0,1.0
343.1,1.0,1.0,1.0,1.0,1.0,1.0,1.0
343.15000000000003,1.0,1.0,1.0,1.0,1.0,1.0,1.0
343.20000000000005,1.0,1.0,1.0,1.0,1.0,1.0,1.0
343.25,1.0,1.0,1.0,1.0,1.0,1.0,1.0
343.3,1.0,1.0,1.0,1.0,1.0,1.0,1.0
343.35,1.0,1.0,1.0,1.0,1.0,1.0,1.0
343.40000000000003,1.0,1.0,1.0,1.0,1.0,1.0,1.0
343.45000000000005,1.0,1.0,1.0,1.0,1.0,1.0,1.0
343.5,1.0,1.0,1.0,1.0,1.0,1.0,1.0
343.55,1.0,1.0,1.0,1.0,1.0,1.0,1.0
343.6,1.0,1.0,1.0,1.0,1.0,1.0,1.0
343.65000000000003,1.0,1.0,1.0,1.0,1.0,1.0,1.0
343.70000000000005,1.0,1.0,1.0,1.0,1.0,1.0,1.0
343.75,1.0,1.0,1.0,1.0,1.0,1.0,1.0
343.8,1.0,1.0,1.0,1.0,1.0,1.0,1.0
343.85,1.0,1.0,1.0,1.0,1.0,1.0,1.0
343.90000000000003,1.0,1.0,1.0,1.0,1.0,1.0,1.0
343.95000000000005,1.0,1.0,1.0,1.0,1.0,1.0,1.0
344.0,1.0,1.0,1.0,1.0,1.0,1.0,1.0
344.05,1.0,1.0,1.0,1.0,1.0,1.0,1.0
344.1,1.0,1.0,1.0,1.0,1.0,1.0,1.0
344.15000000000003,1.0,1.0,1.0,1.0,1.0,1.0,1.0
344.20000000000005,1.0,1.0,1.0,1.0,1.0,1.0,1.0
344.25,1.0,1.0,1.0,1.0,1.0,1.0,1.0
344.3,1.0,1.0,1.0,1.0,1.0,1.0,1.0
344.35,1.0,1.0,1.0,1.0,1.0,1.0,1.0
344.40000000000003,1.0,1.0,1.0,1.0,1.0,1.0,1.0
344.45000000000005,1.0,1.0,1.0,1.0,1.0,1.0,1.0
344.5,1.0,1.0,1.0,1.0,1.0,1.0,1.0
344.55,1.0,1.0,1.0,1.0,1.0,1.0,1.0
344.6,1.0,1.0,1.0,1.0,1.0,1.0,1.0
344.65000000000003,1.0,1.0,1.0,1.0,1.0,1.0,1.0
344.70000000000005,1.0,1.0,1.0,1.0,1.0,1.0,1.0
344.75,1.0,1.0,1.0,1.0,1.0,1.0,1.0
344.8,1.0,1.0,1.0,1.0,1.0,1.0,1.0
344.85,1.0,1.0,1.0,1.0,1.0,1.0,1.0
344.90000000000003,1.0,1.0,1.0,1.0,1.0,1.0,1.0
344.95000000000005,1.0,1.0,1.0,1.0,1.0,1.0,1.0
345.0,1.0,1.0,1.0,1.0,1.0,1.0,1.0
345.05,1.0,1.0,1.0,1.0,1.0,1.0,1.0
345.1,1.0,1.0,1.0,1.0,1.0,1.0,1.0
345.15000000000003,1.0,1.0,1.0,1.0,1.0,1.0,1.0
345.20000000000005,1.0,1.0,1.0,1.0,1.0,1.0,1.0
345.25,1.0,1.0,1.0,1.0,1.0,1.0,1.0
345.3,1.0,1.0,1.0,1.0,1.0,1.0,1.0
345.35,1.0,1.0,1.0,1.0,1.0,1.0,1.0
345.40000000000003,1.0,1.0,1.0,1.0,1.0,1.0,1.0
345.45000000000005,1.0,1.0,1.0,1.0,1.0,1.0,1.0
345.5,1.0,1.0,1.0,1.0,1.0,1.0,1.0
345.55,1.0,1.0,1.0,1.0,1.0,1.0,1.0
345.6,1.0,1.0,1.0,1.0,1.0,1.0,1.0
345.65000000000003,1.0,1.0,1.0,1.0,1.0,1.0,1.0
345.70000000000005,1.0,1.0,1.0,1.0,1.0,1.0,1.0
345.75,1.0,1.0,1.0,1.0,1.0,1.0,1.0
345.8,1.0,1.0,1.0,1.0,1.0,1.0,1.0
345.85,1.0,1.0,1.0,1.0,1.0,1.0,1.0
345.90000000000003,1.0,1.0,1.0,1.0,1.0,1.0,1.0
345.95000000000005,1.0,1.0,1.0,1.0,1.0,1.0,1.0
346.0,1.0,1.0,1.0,1.0,1.0,1.0,1.0
346.05,1.0,1.0,1.0,1.0,1.0,1.0,1.0
346.1,1.0,1.0,1.0,1.0,1.0,1.0,1.0
346.15000000000003,1.0,1.0,1.0,1.0,1.0,1.0,1.0
346.20000000000005,1.0,1.0,1.0,1.0,1.0,1.0,1.0
346.25,1.0,1.0,1.0,1.0,1.0,1.0,1.0
346.3,1.0,1.0,1.0,1.0,1.0,1.0,1.0
346.35,1.0,1.0,1.0,1.0,1.0,1.0,1.0
346.40000000000003,1.0,1.0,1.0,1.0,1.0,1.0,1.0
346.45000000000005,1.0,1.0,1.0,1.0,1.0,1.0,1.0
346.5,1.0,1.0,1.0,1.0,1.0,1.0,1.0
346.55,1.0,1.0,1.0,1.0,1.0,1.0,1.0
346.6,1.0,1.0,1.0,1.0,1.0,1.0,1.0
346.65000000000003,1.0,1.0,1.0,1.0,1.0,1.0,1.0
346.70000000000005,1.0,1.0,1.0,1.0,1.0,1.0,1.0
346.75,1.0,1.0,1.0,1.0,1.0,1.0,1.0
346.8,1.0,1.0,1.0,1.0,1.0,1.0,1.0
346.85,1.0,1.0,1.0,1.0,1.0,1.0,1.0
346.90000000000003,1.0,1.0,1.0,1.0,1.0,1.0,1.0
346.95000000000005,1.0,1.0,1.0,1.0,1.0,1.0,1.0
347.0,1.0,1.0,1.0,1.0,1.0,1.0,1.0
347.05,1.0,1.0,1.0,1.0,1.0,1.0,1.0
347.1,1.0,1.0,1.0,1.0,1.0,1.0,1.0
347.15000000000003,1.0,1.0,1.0,1.0,1.0,1.0,1.0
347.20000000000005,1.0,1.0,1.0,1.0,1.0,1.0,1.0
347.25,1.0,1.0,1.0,1.0,1.0,1.0,1.0
347.3,1.0,1.0,1.0,1.0,1.0,1.0,1.0
347.35,1.0,1.0,1.0,1.0,1.0,1.0,1.0
347.40000000000003,1.0,1.0,1.0,1.0,1.0,1.0,1.0
347.45000000000005,1.0,1.0,1.0,1.0,1.0,1.0,1.0
347.5,1.0,1.0,1.0,1.0,1.0,1.0,1.0
347.55,1.0,1.0,1.0,1.0,1.0,1.0,1.0
347.6,1.0,1.0,1.0,1.0,1.0,1.0,1.0
347.65000000000003,1.0,1.0,1.0,1.0,1.0,1.0,1.0
347.70000000000005,1.0,1.0,1.0,1.0,1.0,1.0,1.0
347.75,1.0,1.0,1.0,1.0,1.0,1.0,1.0
347.8,1.0,1.0,1.0,1.0,1.0,1.0,1.0
347.85,1.0,1.0,1.0,1.0,1.0,1.0,1.0
347.90000000000003,1.0,1.0,1.0,1.0,1.0,1.0,1.0
347.95000000000005,1.0,1.0,1.0,1.0,1.0,1.0,1.0
348.0,1.0,1.0,1.0,1.0,1.0,1.0,1.0
348.05,1.0,1.0,1.0,1.0,1.0,1.0,1.0
348.1,1.0,1.0,1.0,1.0,1.0,1.0,1.0
348.15000000000003,1.0,1.0,1.0,1.0,1.0,1.0,1.0
348.20000000000005,1.0,1.0,1.0,1.0,1.0,1.0,1.0
348.25,1.0,1.0,1.0,1.0,1.0,1.0,1.0
348.3,1.0,1.0,1.0,1.0,1.0,1.0,1.0
348.35,1.0,1.0,1.0,1.0,1.0,1.0,1.0
348.40000000000003,1.0,1.0,1.0,1.0,1.0,1.0,1.0
348.45000000000005,1.0,1.0,1.0,1.0,1.0,1.0,1.0
348.5,1.0,1.0,1.0,1.0,1.0,1.0,1.0
348.55,1.0,1.0,1.0,1.0,1.0,1.0,1.0
348.6,1.0,1.0,1.0,1.0,1.0,1.0,1.0
348.65000000000003,1.0,1.0,1.0,1.0,1.0,1.0,1.0
348.70000000000005,1.0,1.0,1.0,1.0,1.0,1.0,1.0
348.75,1.0,1.0,1.0,1.0,1.0,1.0,1.0
348.8,1.0,1.0,1.0,1.0,1.0,1.0,1.0
348.85,1.0,1.0,1.0,1.0,1.0,1.0,1.0
348.90000000000003,1.0,1.0,1.0,1.0,1.0,1.0,1.0
348.95000000000005,1.0,1.0,1.0,1.0,1.0,1.0,1.0
349.0,1.0,1.0,1.0,1.0,1.0,1.0,1.0
349.05,1.0,1.0,1.0,1.0,1.0,1.0,1.0
349.1,1.0,1.0,1.0,1.0,1.0,1.0,1.0
349.15000000000003,1.0,1.0,1.0,1.0,1.0,1.0,1.0
349.20000000000005,1.0,1.0,1.0,1.0,1.0,1.0,1.0
349.25,1.0,1.0,1.0,1.0,1.0,1.0,1.0
349.3,1.0,1.0,1.0,1.0,1.0,1.0,1.0
349.35,1.0,1.0,1.0,1.0,1.0,1.0,1.0
349.40000000000003,1.0,1.0,1.0,1.0,1.0,1.0,1.0
349.45000000000005,1.0,1.0,1.0,1.0,1.0,1.0,1.0
349.5,1.0,1.0,1.0,1.0,1.0,1.0,1.0
349.55,1.0,1.0,1.0,1.0,1.0,1.0,1.0
349.6,1.0,1.0,1.0,1.0,1.0,1.0,1.0
349.65000000000003,1.0,1.0,1.0,1.0,1.0,1.0,1.0
349.70000000000005,1.0,1.0,1.0,1.0,1.0,1.0,1.0
349.75,1.0,1.0,1.0,1.0,1.0,1.0,1.0
349.8,1.0,1.0,1.0,1.0,1.0,1.0,1.0
349.85,1.0,1.0,1.0,1.0,1.0,1.0,1.0
349.90000000000003,1.0,1.0,1.0,1.0,1.0,1.0,1.0
349.95000000000005,1.0,1.0,1.0,1.0,1.0,1.0,1.0
350.0,1.0,1.0,1.0,1.0,1.0,1.0,1.0
350.05,1.0,1.0,1.0,1.0,1.0,1.0,1.0
350.1,1.0,1.0,1.0,1.0,1.0,1.0,1.0
350.15000000000003,1.0,1.0,1.0,1.0,1.0,1.0,1.0
350.20000000000005,1.0,1.0,1.0,1.0,1.0,1.0,1.0
350.25,1.0,1.0,1.0,1.0,1.0,1.0,1.0
350.3,1.0,1.0,1.0,1.0,1.0,1.0,1.0
350.35,1.0,1.0,1.0,1.0,1.0,1.0,1.0
350.40000000000003,1.0,1.0,1.0,1.0,1.0,1.0,1.0
350.45000000000005,1.0,1.0,1.0,1.0,1.0,1.0,1.0
350.5,1.0,1.0,1.0,1.0,1.0,1.0,1.0
350.55,1.0,1.0,1.0,1.0,1.0,1.0,1.0
350.6,1.0,1.0,1.0,1.0,1.0,1.0,1.0
350.65000000000003,1.0,1.0,1.0,1.0,1.0,1.0,1.0
350.70000000000005,1.0,1.0,1.0,1.0,1.0,1.0,1.0
350.75,1.0,1.0,1.0,1.0,1.0,1.0,1.0
350.8,1.0,1.0,1.0,1.0,1.0,1.0,1.0
350.85,1.0,1.0,1.0,1.0,1.0,1.0,1.0
350.90000000000003,1.0,1.0,1.0,1.0,1.0,1.0,1.0
350.95000000000005,1.0,1.0,1.0,1.0,1.0,1.0,1.0
351.0,1.0,1.0,1.0,1.0,1.0,1.0,1.0
351.05,1.0,1.0,1.0,1.0,1.0,1.0,1.0
351.1,1.0,1.0,1.0,1.0,1.0,1.0,1.0
351.15000000000003,1.0,1.0,1.0,1.0,1.0,1.0,1.0
351.20000000000005,1.0,1.0,1.0,1.0,1.0,1.0,1.0
351.25,1.0,1.0,1.0,1.0,1.0,1.0,1.0
351.3,1.0,1.0,1.0,1.0,1.0,1.0,1.0
351.35,1.0,1.0,1.0,1.0,1.0,1.0,1.0
351.40000000000003,1.0,1.0,1.0,1.0,1.0,1.0,1.0
351.45000000000005,1.0,1.0,1.0,1.0,1.0,1.0,1.0
351.5,1.0,1.0,1.0,1.0,1.0,1.0,1.0
351.55,1.0,1.0,1.0,1.0,1.0,1.0,1.0
351.6,1.0,1.0,1.0,1.0,1.0,1.0,1.0
351.65000000000003,1.0,1.0,1.0,1.0,1.0,1.0,1.0
351.70000000000005,1.0,1.0,1.0,1.0,1.0,1.0,1.0
351.75,1.0,1.0,1.0,1.0,1.0,1.0,1.0
351.8,1.0,1.0,1.0,1.0,1.0,1.0,1.0
351.85,1.0,1.0,1.0,1.0,1.0,1.0,1.0
351.90000000000003,1.0,1.0,1.0,1.0,1.0,1.0,1.0
351.95000000000005,1.0,1.0,1.0,1.0,1.0,1.0,1.0
352.0,1.0,1.0,1.0,1.0,1.0,1.0,1.0
352.05,1.0,1.0,1.0,1.0,1.0,1.0,1.0
352.1,1.0,1.0,1.0,1.0,1.0,1.0,1.0
352.15000000000003,1.0,1.0,1.0,1.0,1.0,1.0,1.0
352.20000000000005,1.0,1.0,1.0,1.0,1.0,1.0,1.0
352.25,1.0,1.0,1.0,1.0,1.0,1.0,1.0
352.3,1.0,1.0,1.0,1.0,1.0,1.0,1.0
352.35,1.0,1.0,1.0,1.0,1.0,1.0,1.0
352.40000000000003,1.0,1.0,1.0,1.0,1.0,1.0,1.0
352.45000000000005,1.0,1.0,1.0,1.0,1.0,1.0,1.0
352.5,1.0,1.0,1.0,1.0,1.0,1.0,1.0
352.55,1.0,1.0,1.0,1.0,1.0,1.0,1.0
352.6,1.0,1.0,1.0,1.0,1.0,1.0,1.0
352.65000000000003,1.0,1.0,1.0,1.0,1.0,1.0,1.0
352.70000000000005,1.0,1.0,1.0,1.0,1.0,1.0,1.0
352.75,1.0,1.0,1.0,1.0,1.0,1.0,1.0
352.8,1.0,1.0,1.0,1.0,1.0,1.0,1.0
352.85,1.0,1.0,1.0,1.0,1.0,1.0,1.0
352.90000000000003,1.0,1.0,1.0,1.0,1.0,1.0,1.0
352.95000000000005,1.0,1.0,1.0,1.0,1.0,1.0,1.0
353.0,1.0,1.0,1.0,1.0,1.0,1.0,1.0
353.05,1.0,1.0,1.0,1.0,1.0,1.0,1.0
353.1,1.0,1.0,1.0,1.0,1.0,1.0,1.0
353.15000000000003,1.0,1.0,1.0,1.0,1.0,1.0,1.0
353.20000000000005,1.0,1.0,1.0,1.0,1.0,1.0,1.0
353.25,1.0,1.0,1.0,1.0,1.0,1.0,1.0
353.3,1.0,1.0,1.0,1.0,1.0,1.0,1.0
353.35,1.0,1.0,1.0,1.0,1.0,1.0,1.0
353.40000000000003,1.0,1.0,1.0,1.0,1.0,1.0,1.0
353.45000000000005,1.0,1.0,1.0,1.0,1.0,1.0,1.0
353.5,1.0,1.0,1.0,1.0,1.0,1.0,1.0
353.55,1.0,1.0,1.0,1.0,1.0,1.0,1.0
353.6,1.0,1.0,1.0,1.0,1.0,1.0,1.0
353.65000000000003,1.0,1.0,1.0,1.0,1.0,1.0,1.0
353.70000000000005,1.0,1.0,1.0,1.0,1.0,1.0,1.0
353.75,1.0,1.0,1.0,1.0,1.0,1.0,1.0
353.8,1.0,1.0,1.0,1.0,1.0,1.0,1.0
353.85,1.0,1.0,1.0,1.0,1.0,1.0,1.0
353.90000000000003,1.0,1.0,1.0,1.0,1.0,1.0,1.0
353.95000000000005,1.0,1.0,1.0,1.0,1.0,1.0,1.0
354.0,1.0,1.0,1.0,1.0,1.0,1.0,1.0
354.05,1.0,1.0,1.0,1.0,1.0,1.0,1.0
354.1,1.0,1.0,1.0,1.0,1.0,1.0,1.0
354.15000000000003,1.0,1.0,1.0,1.0,1.0,1.0,1.0
354.20000000000005,1.0,1.0,1.0,1.0,1.0,1.0,1.0
354.25,1.0,1.0,1.0,1.0,1.0,1.0,1.0
354.3,1.0,1.0,1.0,1.0,1.0,1.0,1.0
354.35,1.0,1.0,1.0,1.0,1.0,1.0,1.0
354.40000000000003,1.0,1.0,1.0,1.0,1.0,1.0,1.0
354.45000000000005,1.0,1.0,1.0,1.0,1.0,1.0,1.0
354.5,1.0,1.0,1.0,1.0,1.0,1.0,1.0
354.55,1.0,1.0,1.0,1.0,1.0,1.0,1.0
354.6,1.0,1.0,1.0,1.0,1.0,1.0,1.0
354.65000000000003,1.0,1.0,1.0,1.0,1.0,1.0,1.0
354.70000000000005,1.0,1.0,1.0,1.0,1.0,1.0,1.0
354.75,1.0,1.0,1.0,1.0,1.0,1.0,1.0
354.8,1.0,1.0,1.0,1.0,1.0,1.0,1.0
354.85,1.0,1.0,1.0,1.0,1.0,1.0,1.0
354.90000000000003,1.0,1.0,1.0,1.0,1.0,1.0,1.0
354.95000000000005,1.0,1.0,1.0,1.0,1.0,1.0,1.0
355.0,1.0,1.0,1.0,1.0,1.0,1.0,1.0
355.05,1.0,1.0,1.0,1.0,1.0,1.0,1.0
355.1,1.0,1.0,1.0,1.0,1.0,1.0,1.0
355.15000000000003,1.0,1.0,1.0,1.0,1.0,1.0,1.0
355.20000000000005,1.0,1.0,1.0,1.0,1.0,1.0,1.0
355.25,1.0,1.0,1.0,1.0,1.0,1.0,1.0
355.3,1.0,1.0,1.0,1.0,1.0,1.0,1.0
355.35,1.0,1.0,1.0,1.0,1.0,1.0,1.0
355.40000000000003,1.0,1.0,1.0,1.0,1.0,1.0,1.0
355.45000000000005,1.0,1.0,1.0,1.0,1.0,1.0,1.0
355.5,1.0,1.0,1.0,1.0,1.0,1.0,1.0
355.55,1.0,1.0,1.0,1.0,1.0,1.0,1.0
355.6,1.0,1.0,1.0,1.0,1.0,1.0,1.0
355.65000000000003,1.0,1.0,1.0,1.0,1.0,1.0,1.0
355.70000000000005,1.0,1.0,1.0,1.0,1.0,1.0,1.0
355.75,1.0,1.0,1.0,1.0,1.0,1.0,1.0
355.8,1.0,1.0,1.0,1.0,1.0,1.0,1.0
355.85,1.0,1.0,1.0,1.0,1.0,1.0,1.0
355.90000000000003,1.0,1.0,1.0,1.0,1.0,1.0,1.0
355.95000000000005,1.0,1.0,1.0,1.0,1.0,1.0,1.0
356.0,1.0,1.0,1.0,1.0,1.0,1.0,1.0
356.05,1.0,1.0,1.0,1.0,1.0,1.0,1.0
356.1,1.0,1.0,1.0,1.0,1.0,1.0,1.0
356.15000000000003,1.0,1.0,1.0,1.0,1.0,1.0,1.0
356.20000000000005,1.0,1.0,1.0,1.0,1.0,1.0,1.0
356.25,1.0,1.0,1.0,1.0,1.0,1.0,1.0
356.3,1.0,1.0,1.0,1.0,1.0,1.0,1.0
356.35,1.0,1.0,1.0,1.0,1.0,1.0,1.0
356.40000000000003,1.0,1.0,1.0,1.0,1.0,1.0,1.0
356.45000000000005,1.0,1.0,1.0,1.0,1.0,1.0,1.0
356.5,1.0,1.0,1.0,1.0,1.0,1.0,1.0
356.55,1.0,1.0,1.0,1.0,1.0,1.0,1.0
356.6,1.0,1.0,1.0,1.0,1.0,1.0,1.0
356.65000000000003,1.0,1.0,1.0,1.0,1.0,1.0,1.0
356.70000000000005,1.0,1.0,1.0,1.0,1.0,1.0,1.0
356.75,1.0,1.0,1.0,1.0,1.0,1.0,1.0
356.8,1.0,1.0,1.0,1.0,1.0,1.0,1.0
356.85,1.0,1.0,1.0,1.0,1.0,1.0,1.0
356.90000000000003,1.0,1.0,1.0,1.0,1.0,1.0,1.0
356.95000000000005,1.0,1.0,1.0,1.0,1.0,1.0,1.0
357.0,1.0,1.0,1.0,1.0,1.0,1.0,1.0
357.05,1.0,1.0,1.0,1.0,1.0,1.0,1.0
357.1,1.0,1.0,1.0,1.0,1.0,1.0,1.0
357.15000000000003,1.0,1.0,1.0,1.0,1.0,1.0,1.0
357.20000000000005,1.0,1.0,1.0,1.0,1.0,1.0,1.0
357.25,1.0,1.0,1.0,1.0,1.0,1.0,1.0
357.3,1.0,1.0,1.0,1.0,1.0,1.0,1.0
357.35,1.0,1.0,1.0,1.0,1.0,1.0,1.0
357.40000000000003,1.0,1.0,1.0,1.0,1.0,1.0,1.0
357.45000000000005,1.0,1.0,1.0,1.0,1.0,1.0,1.0
357.5,1.0,1.0,1.0,1.0,1.0,1.0,1.0
357.55,1.0,1.0,1.0,1.0,1.0,1.0,1.0
357.6,1.0,1.0,1.0,1.0,1.0,1.0,1.0
357.65000000000003,1.0,1.0,1.0,1.0,1.0,1.0,1.0
357.70000000000005,1.0,1.0,1.0,1.0,1.0,1.0,1.0
357.75,1.0,1.0,1.0,1.0,1.0,1.0,1.0
357.8,1.0,1.0,1.0,1.0,1.0,1.0,1.0
357.85,1.0,1.0,1.0,1.0,1.0,1.0,1.0
357.90000000000003,1.0,1.0,1.0,1.0,1.0,1.0,1.0
357.95000000000005,1.0,1.0,1.0,1.0,1.0,1.0,1.0
358.0,1.0,1.0,1.0,1.0,1.0,1.0,1.0
358.05,1.0,1.0,1.0,1.0,1.0,1.0,1.0
358.1,1.0,1.0,1.0,1.0,1.0,1.0,1.0
358.15000000000003,1.0,1.0,1.0,1.0,1.0,1.0,1.0
358.20000000000005,1.0,1.0,1.0,1.0,1.0,1.0,1.0
358.25,1.0,1.0,1.0,1.0,1.0,1.0,1.0
358.3,1.0,1.0,1.0,1.0,1.0,1.0,1.0
358.35,1.0,1.0,1.0,1.0,1.0,1.0,1.0
358.40000000000003,1.0,1.0,1.0,1.0,1.0,1.0,1.0
358.45000000000005,1.0,1.0,1.0,1.0,1.0,1.0,1.0
358.5,1.0,1.0,1.0,1.0,1.0,1.0,1.0
358.55,1.0,1.0,1.0,1.0,1.0,1.0,1.0
358.6,1.0,1.0,1.0,1.0,1.0,1.0,1.0
358.65000000000003,1.0,1.0,1.0,1.0,1.0,1.0,1.0
358.70000000000005,1.0,1.0,1.0,1.0,1.0,1.0,1.0
358.75,1.0,1.0,1.0,1.0,1.0,1.0,1.0
358.8,1.0,1.0,1.0,1.0,1.0,1.0,1.0
358.85,1.0,1.0,1.0,1.0,1.0,1.0,1.0
358.90000000000003,1.0,1.0,1.0,1.0,1.0,1.0,1.0
358.95000000000005,1.0,1.0,1.0,1.0,1.0,1.0,1.0
359.0,1.0,1.0,1.0,1.0,1.0,1.0,1.0
359.05,1.0,1.0,1.0,1.0,1.0,1.0,1.0
359.1,1.0,1.0,1.0,1.0,1.0,1.0,1.0
359.15000000000003,1.0,1.0,1.0,1.0,1.0,1.0,1.0
359.20000000000005,1.0,1.0,1.0,1.0,1.0,1.0,1.0
359.25,1.0,1.0,1.0,1.0,1.0,1.0,1.0
359.3,1.0,1.0,1.0,1.0,1.0,1.0,1.0
359.35,1.0,1.0,1.0,1.0,1.0,1.0,1.0
359.40000000000003,1.0,1.0,1.0,1.0,1.0,1.0,1.0
359.45000000000005,1.0,1.0,1.0,1.0,1.0,1.0,1.0
359.5,1.0,1.0,1.0,1.0,1.0,1.0,1.0
359.55,1.0,1.0,1.0,1.0,1.0,1.0,1.0
359.6,1.0,1.0,1.0,1.0,1.0,1.0,1.0
359.65000000000003,1.0,1.0,1.0,1.0,1.0,1.0,1.0
359.70000000000005,1.0,1.0,1.0,1.0,1.0,1.0,1.0
359.75,1.0,1.0,1.0,1.0,1.0,1.0,1.0
359.8,1.0,1.0,1.0,1.0,1.0,1.0,1.0
359.85,1.0,1.0,1.0,1.0,1.0,1.0,1.0
359.90000000000003,1.0,1.0,1.0,1.0,1.0,1.0,1.0
359.95000000000005,1.0,1.0,1.0,1.0,1.0,1.0,1.0
360.0,1.0,1.0,1.0,1.0,1.0,1.0,1.0
360.05,1.0,1.0,1.0,1.0,1.0,1.0,1.0
360.1,1.0,1.0,1.0,1.0,1.0,1.0,1.0
360.15000000000003,1.0,1.0,1.0,1.0,1.0,1.0,1.0
360.20000000000005,1.0,1.0,1.0,1.0,1.0,1.0,1.0
360.25,1.0,1.0,1.0,1.0,1.0,1.0,1.0
360.3,1.0,1.0,1.0,1.0,1.0,1.0,1.0
360.35,1.0,1.0,1.0,1.0,1.0,1.0,1.0
360.40000000000003,1.0,1.0,1.0,1.0,1.0,1.0,1.0
360.45000000000005,1.0,1.0,1.0,1.0,1.0,1.0,1.0
360.5,1.0,1.0,1.0,1.0,1.0,1.0,1.0
360.55,1.0,1.0,1.0,1.0,1.0,1.0,1.0
360.6,1.0,1.0,1.0,1.0,1.0,1.0,1.0
360.65000000000003,1.0,1.0,1.0,1.0,1.0,1.0,1.0
360.70000000000005,1.0,1.0,1.0,1.0,1.0,1.0,1.0
360.75,1.0,1.0,1.0,1.0,1.0,1.0,1.0
360.8,1.0,1.0,1.0,1.0,1.0,1.0,1.0
360.85,1.0,1.0,1.0,1.0,1.0,1.0,1.0
360.90000000000003,1.0,1.0,1.0,1.0,1.0,1.0,1.0
360.95000000000005,1.0,1.0,1.0,1.0,1.0,1.0,1.0
361.0,1.0,1.0,1.0,1.0,1.0,1.0,1.0
361.05,1.0,1.0,1.0,1.0,1.0,1.0,1.0
361.1,1.0,1.0,1.0,1.0,1.0,1.0,1.0
361.15000000000003,1.0,1.0,1.0,1.0,1.0,1.0,1.0
361.20000000000005,1.0,1.0,1.0,1.0,1.0,1.0,1.0
361.25,1.0,1.0,1.0,1.0,1.0,1.0,1.0
361.3,1.0,1.0,1.0,1.0,1.0,1.0,1.0
361.35,1.0,1.0,1.0,1.0,1.0,1.0,1.0
361.40000000000003,1.0,1.0,1.0,1.0,1.0,1.0,1.0
361.45000000000005,1.0,1.0,1.0,1.0,1.0,1.0,1.0
361.5,1.0,1.0,1.0,1.0,1.0,1.0,1.0
361.55,1.0,1.0,1.0,1.0,1.0,1.0,1.0
361.6,1.0,1.0,1.0,1.0,1.0,1.0,1.0
361.65000000000003,1.0,1.0,1.0,1.0,1.0,1.0,1.0
361.70000000000005,1.0,1.0,1.0,1.0,1.0,1.0,1.0
361.75,1.0,1.0,1.0,1.0,1.0,1.0,1.0
361.8,1.0,1.0,1.0,1.0,1.0,1.0,1.0
361.85,1.0,1.0,1.0,1.0,1.0,1.0,1.0
361.90000000000003,1.0,1.0,1.0,1.0,1.0,1.0,1.0
361.95000000000005,1.0,1.0,1.0,1.0,1.0,1.0,1.0
362.0,1.0,1.0,1.0,1.0,1.0,1.0,1.0
362.05,1.0,1.0,1.0,1.0,1.0,1.0,1.0
362.1,1.0,1.0,1.0,1.0,1.0,1.0,1.0
362.15000000000003,1.0,1.0,1.0,1.0,1.0,1.0,1.0
362.20000000000005,1.0,1.0,1.0,1.0,1.0,1.0,1.0
362.25,1.0,1.0,1.0,1.0,1.0,1.0,1.0
362.3,1.0,1.0,1.0,1.0,1.0,1.0,1.0
362.35,1.0,1.0,1.0,1.0,1.0,1.0,1.0
362.40000000000003,1.0,1.0,1.0,1.0,1.0,1.0,1.0
362.45000000000005,1.0,1.0,1.0,1.0,1.0,1.0,1.0
362.5,1.0,1.0,1.0,1.0,1.0,1.0,1.0
362.55,1.0,1.0,1.0,1.0,1.0,1.0,1.0
362.6,1.0,1.0,1.0,1.0,1.0,1.0,1.0
362.65000000000003,1.0,1.0,1.0,1.0,1.0,1.0,1.0
362.70000000000005,1.0,1.0,1.0,1.0,1.0,1.0,1.0
362.75,1.0,1.0,1.0,1.0,1.0,1.0,1.0
362.8,1.0,1.0,1.0,1.0,1.0,1.0,1.0
362.85,1.0,1.0,1.0,1.0,1.0,1.0,1.0
362.90000000000003,1.0,1.0,1.0,1.0,1.0,1.0,1.0
362.95000000000005,1.0,1.0,1.0,1.0,1.0,1.0,1.0
363.0,1.0,1.0,1.0,1.0,1.0,1.0,1.0
363.05,1.0,1.0,1.0,1.0,1.0,1.0,1.0
363.1,1.0,1.0,1.0,1.0,1.0,1.0,1.0
363.15000000000003,1.0,1.0,1.0,1.0,1.0,1.0,1.0
363.20000000000005,1.0,1.0,1.0,1.0,1.0,1.0,1.0
363.25,1.0,1.0,1.0,1.0,1.0,1.0,1.0
363.3,1.0,1.0,1.0,1.0,1.0,1.0,1.0
363.35,1.0,1.0,1.0,1.0,1.0,1.0,1.0
363.40000000000003,1.0,1.0,1.0,1.0,1.0,1.0,1.0
363.45000000000005,1.0,1.0,1.0,1.0,1.0,1.0,1.0
363.5,1.0,1.0,1.0,1.0,1.0,1.0,1.0
363.55,1.0,1.0,1.0,1.0,1.0,1.0,1.0
363.6,1.0,1.0,1.0,1.0,1.0,1.0,1.0
363.65000000000003,1.0,1.0,1.0,1.0,1.0,1.0,1.0
363.70000000000005,1.0,1.0,1.0,1.0,1.0,1.0,1.0
363.75,1.0,1.0,1.0,1.0,1.0,1.0,1.0
363.8,1.0,1.0,1.0,1.0,1.0,1.0,1.0
363.85,1.0,1.0,1.0,1.0,1.0,1.0,1.0
363.90000000000003,1.0,1.0,1.0,1.0,1.0,1.0,1.0
363.95000000000005,1.0,1.0,1.0,1.0,1.0,1.0,1.0
364.0,1.0,1.0,1.0,1.0,1.0,1.0,1.0
364.05,1.0,1.0,1.0,1.0,1.0,1.0,1.0
364.1,1.0,1.0,1.0,1.0,1.0,1.0,1.0
364.15000000000003,1.0,1.0,1.0,1.0,1.0,1.0,1.0
364.20000000000005,1.0,1.0,1.0,1.0,1.0,1.0,1.0
364.25,1.0,1.0,1.0,1.0,1.0,1.0,1.0
364.3,1.0,1.0,1.0,1.0,1.0,1.0,1.0
364.35,1.0,1.0,1.0,1.0,1.0,1.0,1.0
364.40000000000003,1.0,1.0,1.0,1.0,1.0,1.0,1.0
364.45000000000005,1.0,1.0,1.0,1.0,1.0,1.0,1.0
364.5,1.0,1.0,1.0,1.0,1.0,1.0,1.0
364.55,1.0,1.0,1.0,1.0,1.0,1.0,1.0
364.6,1.0,1.0,1.0,1.0,1.0,1.0,1.0
364.65000000000003,1.0,1.0,1.0,1.0,1.0,1.0,1.0
364.70000000000005,1.0,1.0,1.0,1.0,1.0,1.0,1.0
364.75,1.0,1.0,1.0,1.0,1.0,1.0,1.0
364.8,1.0,1.0,1.0,1.0,1.0,1.0,1.0
364.85,1.0,1.0,1.0,1.0,1.0,1.0,1.0
364.90000000000003,1.0,1.0,1.0,1.0,1.0,1.0,1.0
364.95000000000005,1.0,1.0,1.0,1.0,1.0,1.0,1.0
365.0,1.0,1.0,1.0,1.0,1.0,1.0,1.0
365.05,1.0,1.0,1.0,1.0,1.0,1.0,1.0
365.1,1.0,1.0,1.0,1.0,1.0,1.0,1.0
365.15000000000003,1.0,1.0,1.0,1.0,1.0,1.0,1.0
365.20000000000005,1.0,1.0,1.0,1.0,1.0,1.0,1.0
365.25,1.0,1.0,1.0,1.0,1.0,1.0,1.0
365.3,1.0,1.0,1.0,1.0,1.0,1.0,1.0
365.35,1.0,1.0,1.0,1.0,1.0,1.0,1.0
365.40000000000003,1.0,1.0,1.0,1.0,1.0,1.0,1.0
365.45000000000005,1.0,1.0,1.0,1.0,1.0,1.0,1.0
365.5,1.0,1.0,1.0,1.0,1.0,1.0,1.0
365.55,1.0,1.0,1.0,1.0,1.0,1.0,1.0
365.6,1.0,1.0,1.0,1.0,1.0,1.0,1.0
365.65000000000003,1.0,1.0,1.0,1.0,1.0,1.0,1.0
365.70000000000005,1.0,1.0,1.0,1.0,1.0,1.0,1.0
365.75,1.0,1.0,1.0,1.0,1.0,1.0,1.0
365.8,1.0,1.0,1.0,1.0,1.0,1.0,1.0
365.85,1.0,1.0,1.0,1.0,1.0,1.0,1.0
365.90000000000003,1.0,1.0,1.0,1.0,1.0,1.0,1.0
365.95000000000005,1.0,1.0,1.0,1.0,1.0,1.0,1.0
366.0,1.0,1.0,1.0,1.0,1.0,1.0,1.0
366.05,1.0,1.0,1.0,1.0,1.0,1.0,1.0
366.1,1.0,1.0,1.0,1.0,1.0,1.0,1.0
366.15000000000003,1.0,1.0,1.0,1.0,1.0,1.0,1.0
366.20000000000005,1.0,1.0,1.0,1.0,1.0,1.0,1.0
366.25,1.0,1.0,1.0,1.0,1.0,1.0,1.0
366.3,1.0,1.0,1.0,1.0,1.0,1.0,1.0
366.35,1.0,1.0,1.0,1.0,1.0,1.0,1.0
366.40000000000003,1.0,1.0,1.0,1.0,1.0,1.0,1.0
366.45000000000005,1.0,1.0,1.0,1.0,1.0,1.0,1.0
366.5,1.0,1.0,1.0,1.0,1.0,1.0,1.0
366.55,1.0,1.0,1.0,1.0,1.0,1.0,1.0
366.6,1.0,1.0,1.0,1.0,1.0,1.0,1.0
366.65000000000003,1.0,1.0,1.0,1.0,1.0,1.0,1.0
366.70000000000005,1.0,1.0,1.0,1.0,1.0,1.0,1.0
366.75,1.0,1.0,1.0,1.0,1.0,1.0,1.0
366.8,1.0,1.0,1.0,1.0,1.0,1.0,1.0
366.85,1.0,1.0,1.0,1.0,1.0,1.0,1.0
366.90000000000003,1.0,1.0,1.0,1.0,1.0,1.0,1.0
366.95000000000005,1.0,1.0,1.0,1.0,1.0,1.0,1.0
367.0,1.0,1.0,1.0,1.0,1.0,1.0,1.0
367.05,1.0,1.0,1.0,1.0,1.0,1.0,1.0
367.1,1.0,1.0,1.0,1.0,1.0,1.0,1.0
367.15000000000003,1.0,1.0,1.0,1.0,1.0,1.0,1.0
367.20000000000005,1.0,1.0,1.0,1.0,1.0,1.0,1.0
367.25,1.0,1.0,1.0,1.0,1.0,1.0,1.0
367.3,1.0,1.0,1.0,1.0,1.0,1.0,1.0
367.35,1.0,1.0,1.0,1.0,1.0,1.0,1.0
367.40000000000003,1.0,1.0,1.0,1.0,1.0,1.0,1.0
367.45000000000005,1.0,1.0,1.0,1.0,1.0,1.0,1.0
367.5,1.0,1.0,1.0,1.0,1.0,1.0,1.0
367.55,1.0,1.0,1.0,1.0,1.0,1.0,1.0
367.6,1.0,1.0,1.0,1.0,1.0,1.0,1.0
367.65000000000003,1.0,1.0,1.0,1.0,1.0,1.0,1.0
367.70000000000005,1.0,1.0,1.0,1.0,1.0,1.0,1.0
367.75,1.0,1.0,1.0,1.0,1.0,1.0,1.0
367.8,1.0,1.0,1.0,1.0,1.0,1.0,1.0
367.85,1.0,1.0,1.0,1.0,1.0,1.0,1.0
367.90000000000003,1.0,1.0,1.0,1.0,1.0,1.0,1.0
367.95000000000005,1.0,1.0,1.0,1.0,1.0,1.0,1.0
368.0,1.0,1.0,1.0,1.0,1.0,1.0,1.0
368.05,1.0,1.0,1.0,1.0,1.0,1.0,1.0
368.1,1.0,1.0,1.0,1.0,1.0,1.0,1.0
368.15000000000003,1.0,1.0,1.0,1.0,1.0,1.0,1.0
368.20000000000005,1.0,1.0,1.0,1.0,1.0,1.0,1.0
368.25,1.0,1.0,1.0,1.0,1.0,1.0,1.0
368.3,1.0,1.0,1.0,1.0,1.0,1.0,1.0
368.35,1.0,1.0,1.0,1.0,1.0,1.0,1.0
368.40000000000003,1.0,1.0,1.0,1.0,1.0,1.0,1.0
368.45000000000005,1.0,1.0,1.0,1.0,1.0,1.0,1.0
368.5,1.0,1.0,1.0,1.0,1.0,1.0,1.0
368.55,1.0,1.0,1.0,1.0,1.0,1.0,1.0
368.6,1.0,1.0,1.0,1.0,1.0,1.0,1.0
368.65000000000003,1.0,1.0,1.0,1.0,1.0,1.0,1.0
368.70000000000005,1.0,1.0,1.0,1.0,1.0,1.0,1.0
368.75,1.0,1.0,1.0,1.0,1.0,1.0,1.0
368.8,1.0,1.0,1.0,1.0,1.0,1.0,1.0
368.85,1.0,1.0,1.0,1.0,1.0,1.0,1.0
368.90000000000003,1.0,1.0,1.0,1.0,1.0,1.0,1.0
368.95000000000005,1.0,1.0,1.0,1.0,1.0,1.0,1.0
369.0,1.0,1.0,1.0,1.0,1.0,1.0,1.0
369.05,1.0,1.0,1.0,1.0,1.0,1.0,1.0
369.1,1.0,1.0,1.0,1.0,1.0,1.0,1.0
369.15000000000003,1.0,1.0,1.0,1.0,1.0,1.0,1.0
369.20000000000005,1.0,1.0,1.0,1.0,1.0,1.0,1.0
369.25,1.0,1.0,1.0,1.0,1.0,1.0,1.0
369.3,1.0,1.0,1.0,1.0,1.0,1.0,1.0
369.35,1.0,1.0,1.0,1.0,1.0,1.0,1.0
369.40000000000003,1.0,1.0,1.0,1.0,1.0,1.0,1.0
369.45000000000005,1.0,1.0,1.0,1.0,1.0,1.0,1.0
369.5,1.0,1.0,1.0,1.0,1.0,1.0,1.0
369.55,1.0,1.0,1.0,1.0,1.0,1.0,1.0
369.6,1.0,1.0,1.0,1.0,1.0,1.0,1.0
369.65000000000003,1.0,1.0,1.0,1.0,1.0,1.0,1.0
369.70000000000005,1.0,1.0,1.0,1.0,1.0,1.0,1.0
369.75,1.0,1.0,1.0,1.0,1.0,1.0,1.0
369.8,1.0,1.0,1.0,1.0,1.0,1.0,1.0
369.85,1.0,1.0,1.0,1.0,1.0,1.0,1.0
369.90000000000003,1.0,1.0,1.0,1.0,1.0,1.0,1.0
369.95000000000005,1.0,1.0,1.0,1.0,1.0,1.0,1.0
370.0,1.0,1.0,1.0,1.0,1.0,1.0,1.0
370.05,1.0,1.0,1.0,1.0,1.0,1.0,1.0
370.1,1.0,1.0,1.0,1.0,1.0,1.0,1.0
370.15000000000003,1.0,1.0,1.0,1.0,1.0,1.0,1.0
370.20000000000005,1.0,1.0,1.0,1.0,1.0,1.0,1.0
370.25,1.0,1.0,1.0,1.0,1.0,1.0,1.0
370.3,1.0,1.0,1.0,1.0,1.0,1.0,1.0
370.35,1.0,1.0,1.0,1.0,1.0,1.0,1.0
370.40000000000003,1.0,1.0,1.0,1.0,1.0,1.0,1.0
370.45000000000005,1.0,1.0,1.0,1.0,1.0,1.0,1.0
370.5,1.0,1.0,1.0,1.0,1.0,1.0,1.0
370.55,1.0,1.0,1.0,1.0,1.0,1.0,1.0
370.6,1.0,1.0,1.0,1.0,1.0,1.0,1.0
370.65000000000003,1.0,1.0,1.0,1.0,1.0,1.0,1.0
370.70000000000005,1.0,1.0,1.0,1.0,1.0,1.0,1.0
370.75,1.0,1.0,1.0,1.0,1.0,1.0,1.0
370.8,1.0,1.0,1.0,1.0,1.0,1.0,1.0
370.85,1.0,1.0,1.0,1.0,1.0,1.0,1.0
370.90000000000003,1.0,1.0,1.0,1.0,1.0,1.0,1.0
370.95000000000005,1.0,1.0,1.0,1.0,1.0,1.0,1.0
371.0,1.0,1.0,1.0,1.0,1.0,1.0,1.0
371.05,1.0,1.0,1.0,1.0,1.0,1.0,1.0
371.1,1.0,1.0,1.0,1.0,1.0,1.0,1.0
371.15000000000003,1.0,1.0,1.0,1.0,1.0,1.0,1.0
371.20000000000005,1.0,1.0,1.0,1.0,1.0,1.0,1.0
371.25,1.0,1.0,1.0,1.0,1.0,1.0,1.0
371.3,1.0,1.0,1.0,1.0,1.0,1.0,1.0
371.35,1.0,1.0,1.0,1.0,1.0,1.0,1.0
371.40000000000003,1.0,1.0,1.0,1.0,1.0,1.0,1.0
371.45000000000005,1.0,1.0,1.0,1.0,1.0,1.0,1.0
371.5,1.0,1.0,1.0,1.0,1.0,1.0,1.0
371.55,1.0,1.0,1.0,1.0,1.0,1.0,1.0
371.6,1.0,1.0,1.0,1.0,1.0,1.0,1.0
371.65000000000003,1.0,1.0,1.0,1.0,1.0,1.0,1.0
371.70000000000005,1.0,1.0,1.0,1.0,1.0,1.0,1.0
371.75,1.0,1.0,1.0,1.0,1.0,1.0,1.0
371.8,1.0,1.0,1.0,1.0,1.0,1.0,1.0
371.85,1.0,1.0,1.0,1.0,1.0,1.0,1.0
371.90000000000003,1.0,1.0,1.0,1.0,1.0,1.0,1.0
371.95000000000005,1.0,1.0,1.0,1.0,1.0,1.0,1.0
372.0,1.0,1.0,1.0,1.0,1.0,1.0,1.0
372.05,1.0,1.0,1.0,1.0,1.0,1.0,1.0
372.1,1.0,1.0,1.0,1.0,1.0,1.0,1.0
372.15000000000003,1.0,1.0,1.0,1.0,1.0,1.0,1.0
372.20000000000005,1.0,1.0,1.0,1.0,1.0,1.0,1.0
372.25,1.0,1.0,1.0,1.0,1.0,1.0,1.0
372.3,1.0,1.0,1.0,1.0,1.0,1.0,1.0
372.35,1.0,1.0,1.0,1.0,1.0,1.0,1.0
372.40000000000003,1.0,1.0,1.0,1.0,1.0,1.0,1.0
372.45000000000005,1.0,1.0,1.0,1.0,1.0,1.0,1.0
372.5,1.0,1.0,1.0,1.0,1.0,1.0,1.0
372.55,1.0,1.0,1.0,1.0,1.0,1.0,1.0
372.6,1.0,1.0,1.0,1.0,1.0,1.0,1.0
372.65000000000003,1.0,1.0,1.0,1.0,1.0,1.0,1.0
372.70000000000005,1.0,1.0,1.0,1.0,1.0,1.0,1.0
372.75,1.0,1.0,1.0,1.0,1.0,1.0,1.0
372.8,1.0,1.0,1.0,1.0,1.0,1.0,1.0
372.85,1.0,1.0,1.0,1.0,1.0,1.0,1.0
372.90000000000003,1.0,1.0,1.0,1.0,1.0,1.0,1.0
372.95000000000005,1.0,1.0,1.0,1.0,1.0,1.0,1.0
373.0,1.0,1.0,1.0,1.0,1.0,1.0,1.0
373.05,1.0,1.0,1.0,1.0,1.0,1.0,1.0
373.1,1.0,1.0,1.0,1.0,1.0,1.0,1.0
373.15000000000003,1.0,1.0,1.0,1.0,1.0,1.0,1.0
373.20000000000005,1.0,1.0,1.0,1.0,1.0,1.0,1.0
373.25,1.0,1.0,1.0,1.0,1.0,1.0,1.0
373.3,1.0,1.0,1.0,1.0,1.0,1.0,1.0
373.35,1.0,1.0,1.0,1.0,1.0,1.0,1.0
373.40000000000003,1.0,1.0,1.0,1.0,1.0,1.0,1.0
373.45000000000005,1.0,1.0,1.0,1.0,1.0,1.0,1.0
373.5,1.0,1.0,1.0,1.0,1.0,1.0,1.0
373.55,1.0,1.0,1.0,1.0,1.0,1.0,1.0
373.6,1.0,1.0,1.0,1.0,1.0,1.0,1.0
373.65000000000003,1.0,1.0,1.0,1.0,1.0,1.0,1.0
373.70000000000005,1.0,1.0,1.0,1.0,1.0,1.0,1.0
373.75,1.0,1.0,1.0,1.0,1.0,1.0,1.0
373.8,1.0,1.0,1.0,1.0,1.0,1.0,1.0
373.85,1.0,1.0,1.0,1.0,1.0,1.0,1.0
373.90000000000003,1.0,1.0,1.0,1.0,1.0,1.0,1.0
373.95000000000005,1.0,1.0,1.0,1.0,1.0,1.0,1.0
374.0,1.0,1.0,1.0,1.0,1.0,1.0,1.0
374.05,1.0,1.0,1.0,1.0,1.0,1.0,1.0
374.1,1.0,1.0,1.0,1.0,1.0,1.0,1.0
374.15000000000003,1.0,1.0,1.0,1.0,1.0,1.0,1.0
374.20000000000005,1.0,1.0,1.0,1.0,1.0,1.0,1.0
374.25,1.0,1.0,1.0,1.0,1.0,1.0,1.0
374.3,1.0,1.0,1.0,1.0,1.0,1.0,1.0
374.35,1.0,1.0,1.0,1.0,1.0,1.0,1.0
374.40000000000003,1.0,1.0,1.0,1.0,1.0,1.0,1.0
374.45000000000005,1.0,1.0,1.0,1.0,1.0,1.0,1.0
374.5,1.0,1.0,1.0,1.0,1.0,1.0,1.0
374.55,1.0,1.0,1.0,1.0,1.0,1.0,1.0
374.6,1.0,1.0,1.0,1.0,1.0,1.0,1.0
374.65000000000003,1.0,1.0,1.0,1.0,1.0,1.0,1.0
374.70000000000005,1.0,1.0,1.0,1.0,1.0,1.0,1.0
374.75,1.0,1.0,1.0,1.0,1.0,1.0,1.0
374.8,1.0,1.0,1.0,1.0,1.0,1.0,1.0
374.85,1.0,1.0,1.0,1.0,1.0,1.0,1.0
374.90000000000003,1.0,1.0,1.0,1.0,1.0,1.0,1.0
374.95000000000005,1.0,1.0,1.0,1.0,1.0,1.0,1.0
375.0,1.0,1.0,1.0,1.0,1.0,1.0,1.0
375.05,1.0,1.0,1.0,1.0,1.0,1.0,1.0
375.1,1.0,1.0,1.0,1.0,1.0,1.0,1.0
375.15000000000003,1.0,1.0,1.0,1.0,1.0,1.0,1.0
375.20000000000005,1.0,1.0,1.0,1.0,1.0,1.0,1.0
375.25,1.0,1.0,1.0,1.0,1.0,1.0,1.0
375.3,1.0,1.0,1.0,1.0,1.0,1.0,1.0
375.35,1.0,1.0,1.0,1.0,1.0,1.0,1.0
375.40000000000003,1.0,1.0,1.0,1.0,1.0,1.0,1.0
375.45000000000005,1.0,1.0,1.0,1.0,1.0,1.0,1.0
375.5,1.0,1.0,1.0,1.0,1.0,1.0,1.0
375.55,1.0,1.0,1.0,1.0,1.0,1.0,1.0
375.6,1.0,1.0,1.0,1.0,1.0,1.0,1.0
375.65000000000003,1.0,1.0,1.0,1.0,1.0,1.0,1.0
375.70000000000005,1.0,1.0,1.0,1.0,1.0,1.0,1.0
375.75,1.0,1.0,1.0,1.0,1.0,1.0,1.0
375.8,1.0,1.0,1.0,1.0,1.0,1.0,1.0
375.85,1.0,1.0,1.0,1.0,1.0,1.0,1.0
375.90000000000003,1.0,1.0,1.0,1.0,1.0,1.0,1.0
375.95000000000005,1.0,1.0,1.0,1.0,1.0,1.0,1.0
376.0,1.0,1.0,1.0,1.0,1.0,1.0,1.0
376.05,1.0,1.0,1.0,1.0,1.0,1.0,1.0
376.1,1.0,1.0,1.0,1.0,1.0,1.0,1.0
376.15000000000003,1.0,1.0,1.0,1.0,1.0,1.0,1.0
376.20000000000005,1.0,1.0,1.0,1.0,1.0,1.0,1.0
376.25,1.0,1.0,1.0,1.0,1.0,1.0,1.0
376.3,1.0,1.0,1.0,1.0,1.0,1.0,1.0
376.35,1.0,1.0,1.0,1.0,1.0,1.0,1.0
376.40000000000003,1.0,1.0,1.0,1.0,1.0,1.0,1.0
376.45000000000005,1.0,1.0,1.0,1.0,1.0,1.0,1.0
376.5,1.0,1.0,1.0,1.0,1.0,1.0,1.0
376.55,1.0,1.0,1.0,1.0,1.0,1.0,1.0
376.6,1.0,1.0,1.0,1.0,1.0,1.0,1.0
376.65000000000003,1.0,1.0,1.0,1.0,1.0,1.0,1.0
376.70000000000005,1.0,1.0,1.0,1.0,1.0,1.0,1.0
376.75,1.0,1.0,1.0,1.0,1.0,1.0,1.0
376.8,1.0,1.0,1.0,1.0,1.0,1.0,1.0
376.85,1.0,1.0,1.0,1.0,1.0,1.0,1.0
376.90000000000003,1.0,1.0,1.0,1.0,1.0,1.0,1.0
376.95000000000005,1.0,1.0,1.0,1.0,1.0,1.0,1.0
377.0,1.0,1.0,1.0,1.0,1.0,1.0,1.0
377.05,1.0,1.0,1.0,1.0,1.0,1.0,1.0
377.1,1.0,1.0,1.0,1.0,1.0,1.0,1.0
377.15000000000003,1.0,1.0,1.0,1.0,1.0,1.0,1.0
377.20000000000005,1.0,1.0,1.0,1.0,1.0,1.0,1.0
377.25,1.0,1.0,1.0,1.0,1.0,1.0,1.0
377.3,1.0,1.0,1.0,1.0,1.0,1.0,1.0
377.35,1.0,1.0,1.0,1.0,1.0,1.0,1.0
377.40000000000003,1.0,1.0,1.0,1.0,1.0,1.0,1.0
377.45000000000005,1.0,1.0,1.0,1.0,1.0,1.0,1.0
377.5,1.0,1.0,1.0,1.0,1.0,1.0,1.0
377.55,1.0,1.0,1.0,1.0,1.0,1.0,1.0
377.6,1.0,1.0,1.0,1.0,1.0,1.0,1.0
377.65000000000003,1.0,1.0,1.0,1.0,1.0,1.0,1.0
377.70000000000005,1.0,1.0,1.0,1.0,1.0,1.0,1.0
377.75,1.0,1.0,1.0,1.0,1.0,1.0,1.0
377.8,1.0,1.0,1.0,1.0,1.0,1.0,1.0
377.85,1.0,1.0,1.0,1.0,1.0,1.0,1.0
377.90000000000003,1.0,1.0,1.0,1.0,1.0,1.0,1.0
377.95000000000005,1.0,1.0,1.0,1.0,1.0,1.0,1.0
378.0,1.0,1.0,1.0,1.0,1.0,1.0,1.0
378.05,1.0,1.0,1.0,1.0,1.0,1.0,1.0
378.1,1.0,1.0,1.0,1.0,1.0,1.0,1.0
378.15000000000003,1.0,1.0,1.0,1.0,1.0,1.0,1.0
378.20000000000005,1.0,1.0,1.0,1.0,1.0,1.0,1.0
378.25,1.0,1.0,1.0,1.0,1.0,1.0,1.0
378.3,1.0,1.0,1.0,1.0,1.0,1.0,1.0
378.35,1.0,1.0,1.0,1.0,1.0,1.0,1.0
378.40000000000003,1.0,1.0,1.0,1.0,1.0,1.0,1.0
378.45000000000005,1.0,1.0,1.0,1.0,1.0,1.0,1.0
378.5,1.0,1.0,1.0,1.0,1.0,1.0,1.0
378.55,1.0,1.0,1.0,1.0,1.0,1.0,1.0
378.6,1.0,1.0,1.0,1.0,1.0,1.0,1.0
378.65000000000003,1.0,1.0,1.0,1.0,1.0,1.0,1.0
378.70000000000005,1.0,1.0,1.0,1.0,1.0,1.0,1.0
378.75,1.0,1.0,1.0,1.0,1.0,1.0,1.0
378.8,1.0,1.0,1.0,1.0,1.0,1.0,1.0
378.85,1.0,1.0,1.0,1.0,1.0,1.0,1.0
378.90000000000003,1.0,1.0,1.0,1.0,1.0,1.0,1.0
378.95000000000005,1.0,1.0,1.0,1.0,1.0,1.0,1.0
379.0,1.0,1.0,1.0,1.0,1.0,1.0,1.0
379.05,1.0,1.0,1.0,1.0,1.0,1.0,1.0
379.1,1.0,1.0,1.0,1.0,1.0,1.0,1.0
379.15000000000003,1.0,1.0,1.0,1.0,1.0,1.0,1.0
379.20000000000005,1.0,1.0,1.0,1.0,1.0,1.0,1.0
379.25,1.0,1.0,1.0,1.0,1.0,1.0,1.0
379.3,1.0,1.0,1.0,1.0,1.0,1.0,1.0
379.35,1.0,1.0,1.0,1.0,1.0,1.0,1.0
379.40000000000003,1.0,1.0,1.0,1.0,1.0,1.0,1.0
379.45000000000005,1.0,1.0,1.0,1.0,1.0,1.0,1.0
379.5,1.0,1.0,1.0,1.0,1.0,1.0,1.0
379.55,1.0,1.0,1.0,1.0,1.0,1.0,1.0
379.6,1.0,1.0,1.0,1.0,1.0,1.0,1.0
379.65000000000003,1.0,1.0,1.0,1.0,1.0,1.0,1.0
379.70000000000005,1.0,1.0,1.0,1.0,1.0,1.0,1.0
379.75,1.0,1.0,1.0,1.0,1.0,1.0,1.0
379.8,1.0,1.0,1.0,1.0,1.0,1.0,1.0
379.85,1.0,1.0,1.0,1.0,1.0,1.0,1.0
379.90000000000003,1.0,1.0,1.0,1.0,1.0,1.0,1.0
379.95000000000005,1.0,1.0,1.0,1.0,1.0,1.0,1.0
380.0,1.0,1.0,1.0,1.0,1.0,1.0,1.0
380.05,1.0,1.0,1.0,1.0,1.0,1.0,1.0
380.1,1.0,1.0,1.0,1.0,1.0,1.0,1.0
380.15000000000003,1.0,1.0,1.0,1.0,1.0,1.0,1.0
380.20000000000005,1.0,1.0,1.0,1.0,1.0,1.0,1.0
380.25,1.0,1.0,1.0,1.0,1.0,1.0,1.0
380.3,1.0,1.0,1.0,1.0,1.0,1.0,1.0
380.35,1.0,1.0,1.0,1.0,1.0,1.0,1.0
380.40000000000003,1.0,1.0,1.0,1.0,1.0,1.0,1.0
380.45000000000005,1.0,1.0,1.0,1.0,1.0,1.0,1.0
380.5,1.0,1.0,1.0,1.0,1.0,1.0,1.0
380.55,1.0,1.0,1.0,1.0,1.0,1.0,1.0
380.6,1.0,1.0,1.0,1.0,1.0,1.0,1.0
380.65000000000003,1.0,1.0,1.0,1.0,1.0,1.0,1.0
380.70000000000005,1.0,1.0,1.0,1.0,1.0,1.0,1.0
380.75,1.0,1.0,1.0,1.0,1.0,1.0,1.0
380.8,1.0,1.0,1.0,1.0,1.0,1.0,1.0
380.85,1.0,1.0,1.0,1.0,1.0,1.0,1.0
380.90000000000003,1.0,1.0,1.0,1.0,1.0,1.0,1.0
380.95000000000005,1.0,1.0,1.0,1.0,1.0,1.0,1.0
381.0,1.0,1.0,1.0,1.0,1.0,1.0,1.0
381.05,1.0,1.0,1.0,1.0,1.0,1.0,1.0
381.1,1.0,1.0,1.0,1.0,1.0,1.0,1.0
381.15000000000003,1.0,1.0,1.0,1.0,1.0,1.0,1.0
381.20000000000005,1.0,1.0,1.0,1.0,1.0,1.0,1.0
381.25,1.0,1.0,1.0,1.0,1.0,1.0,1.0
381.3,1.0,1.0,1.0,1.0,1.0,1.0,1.0
381.35,1.0,1.0,1.0,1.0,1.0,1.0,1.0
381.40000000000003,1.0,1.0,1.0,1.0,1.0,1.0,1.0
381.45000000000005,1.0,1.0,1.0,1.0,1.0,1.0,1.0
381.5,1.0,1.0,1.0,1.0,1.0,1.0,1.0
381.55,1.0,1.0,1.0,1.0,1.0,1.0,1.0
381.6,1.0,1.0,1.0,1.0,1.0,1.0,1.0
381.65000000000003,1.0,1.0,1.0,1.0,1.0,1.0,1.0
381.70000000000005,1.0,1.0,1.0,1.0,1.0,1.0,1.0
381.75,1.0,1.0,1.0,1.0,1.0,1.0,1.0
381.8,1.0,1.0,1.0,1.0,1.0,1.0,1.0
381.85,1.0,1.0,1.0,1.0,1.0,1.0,1.0
381.90000000000003,1.0,1.0,1.0,1.0,1.0,1.0,1.0
381.95000000000005,1.0,1.0,1.0,1.0,1.0,1.0,1.0
382.0,1.0,1.0,1.0,1.0,1.0,1.0,1.0
382.05,1.0,1.0,1.0,1.0,1.0,1.0,1.0
382.1,1.0,1.0,1.0,1.0,1.0,1.0,1.0
382.15000000000003,1.0,1.0,1.0,1.0,1.0,1.0,1.0
382.20000000000005,1.0,1.0,1.0,1.0,1.0,1.0,1.0
382.25,1.0,1.0,1.0,1.0,1.0,1.0,1.0
382.3,1.0,1.0,1.0,1.0,1.0,1.0,1.0
382.35,1.0,1.0,1.0,1.0,1.0,1.0,1.0
382.40000000000003,1.0,1.0,1.0,1.0,1.0,1.0,1.0
382.45000000000005,1.0,1.0,1.0,1.0,1.0,1.0,1.0
382.5,1.0,1.0,1.0,1.0,1.0,1.0,1.0
382.55,1.0,1.0,1.0,1.0,1.0,1.0,1.0
382.6,1.0,1.0,1.0,1.0,1.0,1.0,1.0
382.65000000000003,1.0,1.0,1.0,1.0,1.0,1.0,1.0
382.70000000000005,1.0,1.0,1.0,1.0,1.0,1.0,1.0
382.75,1.0,1.0,1.0,1.0,1.0,1.0,1.0
382.8,1.0,1.0,1.0,1.0,1.0,1.0,1.0
382.85,1.0,1.0,1.0,1.0,1.0,1.0,1.0
382.90000000000003,1.0,1.0,1.0,1.0,1.0,1.0,1.0
382.95000000000005,1.0,1.0,1.0,1.0,1.0,1.0,1.0
383.0,1.0,1.0,1.0,1.0,1.0,1.0,1.0
383.05,1.0,1.0,1.0,1.0,1.0,1.0,1.0
383.1,1.0,1.0,1.0,1.0,1.0,1.0,1.0
383.15000000000003,1.0,1.0,1.0,1.0,1.0,1.0,1.0
383.20000000000005,1.0,1.0,1.0,1.0,1.0,1.0,1.0
383.25,1.0,1.0,1.0,1.0,1.0,1.0,1.0
383.3,1.0,1.0,1.0,1.0,1.0,1.0,1.0
383.35,1.0,1.0,1.0,1.0,1.0,1.0,1.0
383.40000000000003,1.0,1.0,1.0,1.0,1.0,1.0,1.0
383.45000000000005,1.0,1.0,1.0,1.0,1.0,1.0,1.0
383.5,1.0,1.0,1.0,1.0,1.0,1.0,1.0
383.55,1.0,1.0,1.0,1.0,1.0,1.0,1.0
383.6,1.0,1.0,1.0,1.0,1.0,1.0,1.0
383.65000000000003,1.0,1.0,1.0,1.0,1.0,1.0,1.0
383.70000000000005,1.0,1.0,1.0,1.0,1.0,1.0,1.0
383.75,1.0,1.0,1.0,1.0,1.0,1.0,1.0
383.8,1.0,1.0,1.0,1.0,1.0,1.0,1.0
383.85,1.0,1.0,1.0,1.0,1.0,1.0,1.0
383.90000000000003,1.0,1.0,1.0,1.0,1.0,1.0,1.0
383.95000000000005,1.0,1.0,1.0,1.0,1.0,1.0,1.0
384.0,1.0,1.0,1.0,1.0,1.0,1.0,1.0
384.05,1.0,1.0,1.0,1.0,1.0,1.0,1.0
384.1,1.0,1.0,1.0,1.0,1.0,1.0,1.0
384.15000000000003,1.0,1.0,1.0,1.0,1.0,1.0,1.0
384.20000000000005,1.0,1.0,1.0,1.0,1.0,1.0,1.0
384.25,1.0,1.0,1.0,1.0,1.0,1.0,1.0
384.3,1.0,1.0,1.0,1.0,1.0,1.0,1.0
384.35,1.0,1.0,1.0,1.0,1.0,1.0,1.0
384.40000000000003,1.0,1.0,1.0,1.0,1.0,1.0,1.0
384.45000000000005,1.0,1.0,1.0,1.0,1.0,1.0,1.0
384.5,1.0,1.0,1.0,1.0,1.0,1.0,1.0
384.55,1.0,1.0,1.0,1.0,1.0,1.0,1.0
384.6,1.0,1.0,1.0,1.0,1.0,1.0,1.0
384.65000000000003,1.0,1.0,1.0,1.0,1.0,1.0,1.0
384.70000000000005,1.0,1.0,1.0,1.0,1.0,1.0,1.0
384.75,1.0,1.0,1.0,1.0,1.0,1.0,1.0
384.8,1.0,1.0,1.0,1.0,1.0,1.0,1.0
384.85,1.0,1.0,1.0,1.0,1.0,1.0,1.0
384.90000000000003,1.0,1.0,1.0,1.0,1.0,1.0,1.0
384.95000000000005,1.0,1.0,1.0,1.0,1.0,1.0,1.0
385.0,1.0,1.0,1.0,1.0,1.0,1.0,1.0
385.05,1.0,1.0,1.0,1.0,1.0,1.0,1.0
385.1,1.0,1.0,1.0,1.0,1.0,1.0,1.0
385.15000000000003,1.0,1.0,1.0,1.0,1.0,1.0,1.0
385.20000000000005,1.0,1.0,1.0,1.0,1.0,1.0,1.0
385.25,1.0,1.0,1.0,1.0,1.0,1.0,1.0
385.3,1.0,1.0,1.0,1.0,1.0,1.0,1.0
385.35,1.0,1.0,1.0,1.0,1.0,1.0,1.0
385.40000000000003,1.0,1.0,1.0,1.0,1.0,1.0,1.0
385.45000000000005,1.0,1.0,1.0,1.0,1.0,1.0,1.0
385.5,1.0,1.0,1.0,1.0,1.0,1.0,1.0
385.55,1.0,1.0,1.0,1.0,1.0,1.0,1.0
385.6,1.0,1.0,1.0,1.0,1.0,1.0,1.0
385.65000000000003,1.0,1.0,1.0,1.0,1.0,1.0,1.0
385.70000000000005,1.0,1.0,1.0,1.0,1.0,1.0,1.0
385.75,1.0,1.0,1.0,1.0,1.0,1.0,1.0
385.8,1.0,1.0,1.0,1.0,1.0,1.0,1.0
385.85,1.0,1.0,1.0,1.0,1.0,1.0,1.0
385.90000000000003,1.0,1.0,1.0,1.0,1.0,1.0,1.0
385.95000000000005,1.0,1.0,1.0,1.0,1.0,1.0,1.0
386.0,1.0,1.0,1.0,1.0,1.0,1.0,1.0
386.05,1.0,1.0,1.0,1.0,1.0,1.0,1.0
386.1,1.0,1.0,1.0,1.0,1.0,1.0,1.0
386.15000000000003,1.0,1.0,1.0,1.0,1.0,1.0,1.0
386.20000000000005,1.0,1.0,1.0,1.0,1.0,1.0,1.0
386.25,1.0,1.0,1.0,1.0,1.0,1.0,1.0
386.3,1.0,1.0,1.0,1.0,1.0,1.0,1.0
386.35,1.0,1.0,1.0,1.0,1.0,1.0,1.0
386.40000000000003,1.0,1.0,1.0,1.0,1.0,1.0,1.0
386.45000000000005,1.0,1.0,1.0,1.0,1.0,1.0,1.0
386.5,1.0,1.0,1.0,1.0,1.0,1.0,1.0
386.55,1.0,1.0,1.0,1.0,1.0,1.0,1.0
386.6,1.0,1.0,1.0,1.0,1.0,1.0,1.0
386.65000000000003,1.0,1.0,1.0,1.0,1.0,1.0,1.0
386.70000000000005,1.0,1.0,1.0,1.0,1.0,1.0,1.0
386.75,1.0,1.0,1.0,1.0,1.0,1.0,1.0
386.8,1.0,1.0,1.0,1.0,1.0,1.0,1.0
386.85,1.0,1.0,1.0,1.0,1.0,1.0,1.0
386.90000000000003,1.0,1.0,1.0,1.0,1.0,1.0,1.0
386.95000000000005,1.0,1.0,1.0,1.0,1.0,1.0,1.0
387.0,1.0,1.0,1.0,1.0,1.0,1.0,1.0
387.05,1.0,1.0,1.0,1.0,1.0,1.0,1.0
387.1,1.0,1.0,1.0,1.0,1.0,1.0,1.0
387.15000000000003,1.0,1.0,1.0,1.0,1.0,1.0,1.0
387.20000000000005,1.0,1.0,1.0,1.0,1.0,1.0,1.0
387.25,1.0,1.0,1.0,1.0,1.0,1.0,1.0
387.3,1.0,1.0,1.0,1.0,1.0,1.0,1.0
387.35,1.0,1.0,1.0,1.0,1.0,1.0,1.0
387.40000000000003,1.0,1.0,1.0,1.0,1.0,1.0,1.0
387.45000000000005,1.0,1.0,1.0,1.0,1.0,1.0,1.0
387.5,1.0,1.0,1.0,1.0,1.0,1.0,1.0
387.55,1.0,1.0,1.0,1.0,1.0,1.0,1.0
387.6,1.0,1.0,1.0,1.0,1.0,1.0,1.0
387.65000000000003,1.0,1.0,1.0,1.0,1.0,1.0,1.0
387.70000000000005,1.0,1.0,1.0,1.0,1.0,1.0,1.0
387.75,1.0,1.0,1.0,1.0,1.0,1.0,1.0
387.8,1.0,1.0,1.0,1.0,1.0,1.0,1.0
387.85,1.0,1.0,1.0,1.0,1.0,1.0,1.0
387.90000000000003,1.0,1.0,1.0,1.0,1.0,1.0,1.0
387.95000000000005,1.0,1.0,1.0,1.0,1.0,1.0,1.0
388.0,1.0,1.0,1.0,1.0,1.0,1.0,1.0
388.05,1.0,1.0,1.0,1.0,1.0,1.0,1.0
388.1,1.0,1.0,1.0,1.0,1.0,1.0,1.0
388.15000000000003,1.0,1.0,1.0,1.0,1.0,1.0,1.0
388.20000000000005,1.0,1.0,1.0,1.0,1.0,1.0,1.0
388.25,1.0,1.0,1.0,1.0,1.0,1.0,1.0
388.3,1.0,1.0,1.0,1.0,1.0,1.0,1.0
388.35,1.0,1.0,1.0,1.0,1.0,1.0,1.0
388.40000000000003,1.0,1.0,1.0,1.0,1.0,1.0,1.0
388.45000000000005,1.0,1.0,1.0,1.0,1.0,1.0,1.0
388.5,1.0,1.0,1.0,1.0,1.0,1.0,1.0
388.55,1.0,1.0,1.0,1.0,1.0,1.0,1.0
388.6,1.0,1.0,1.0,1.0,1.0,1.0,1.0
388.65000000000003,1.0,1.0,1.0,1.0,1.0,1.0,1.0
388.70000000000005,1.0,1.0,1.0,1.0,1.0,1.0,1.0
388.75,1.0,1.0,1.0,1.0,1.0,1.0,1.0
388.8,1.0,1.0,1.0,1.0,1.0,1.0,1.0
388.85,1.0,1.0,1.0,1.0,1.0,1.0,1.0
388.90000000000003,1.0,1.0,1.0,1.0,1.0,1.0,1.0
388.95000000000005,1.0,1.0,1.0,1.0,1.0,1.0,1.0
389.0,1.0,1.0,1.0,1.0,1.0,1.0,1.0
389.05,1.0,1.0,1.0,1.0,1.0,1.0,1.0
389.1,1.0,1.0,1.0,1.0,1.0,1.0,1.0
389.15000000000003,1.0,1.0,1.0,1.0,1.0,1.0,1.0
389.20000000000005,1.0,1.0,1.0,1.0,1.0,1.0,1.0
389.25,1.0,1.0,1.0,1.0,1.0,1.0,1.0
389.3,1.0,1.0,1.0,1.0,1.0,1.0,1.0
389.35,1.0,1.0,1.0,1.0,1.0,1.0,1.0
389.40000000000003,1.0,1.0,1.0,1.0,1.0,1.0,1.0
389.45000000000005,1.0,1.0,1.0,1.0,1.0,1.0,1.0
389.5,1.0,1.0,1.0,1.0,1.0,1.0,1.0
389.55,1.0,1.0,1.0,1.0,1.0,1.0,1.0
389.6,1.0,1.0,1.0,1.0,1.0,1.0,1.0
389.65000000000003,1.0,1.0,1.0,1.0,1.0,1.0,1.0
389.70000000000005,1.0,1.0,1.0,1.0,1.0,1.0,1.0
389.75,1.0,1.0,1.0,1.0,1.0,1.0,1.0
389.8,1.0,1.0,1.0,1.0,1.0,1.0,1.0
389.85,1.0,1.0,1.0,1.0,1.0,1.0,1.0
389.90000000000003,1.0,1.0,1.0,1.0,1.0,1.0,1.0
389.95000000000005,1.0,1.0,1.0,1.0,1.0,1.0,1.0
390.0,1.0,1.0,1.0,1.0,1.0,1.0,1.0
390.05,1.0,1.0,1.0,1.0,1.0,1.0,1.0
390.1,1.0,1.0,1.0,1.0,1.0,1.0,1.0
390.15000000000003,1.0,1.0,1.0,1.0,1.0,1.0,1.0
390.20000000000005,1.0,1.0,1.0,1.0,1.0,1.0,1.0
390.25,1.0,1.0,1.0,1.0,1.0,1.0,1.0
390.3,1.0,1.0,1.0,1.0,1.0,1.0,1.0
390.35,1.0,1.0,1.0,1.0,1.0,1.0,1.0
390.40000000000003,1.0,1.0,1.0,1.0,1.0,1.0,1.0
390.45000000000005,1.0,1.0,1.0,1.0,1.0,1.0,1.0
390.5,1.0,1.0,1.0,1.0,1.0,1.0,1.0
390.55,1.0,1.0,1.0,1.0,1.0,1.0,1.0
390.6,1.0,1.0,1.0,1.0,1.0,1.0,1.0
390.65000000000003,1.0,1.0,1.0,1.0,1.0,1.0,1.0
390.70000000000005,1.0,1.0,1.0,1.0,1.0,1.0,1.0
390.75,1.0,1.0,1.0,1.0,1.0,1.0,1.0
390.8,1.0,1.0,1.0,1.0,1.0,1.0,1.0
390.85,1.0,1.0,1.0,1.0,1.0,1.0,1.0
390.90000000000003,1.0,1.0,1.0,1.0,1.0,1.0,1.0
390.95000000000005,1.0,1.0,1.0,1.0,1.0,1.0,1.0
391.0,1.0,1.0,1.0,1.0,1.0,1.0,1.0
391.05,1.0,1.0,1.0,1.0,1.0,1.0,1.0
391.1,1.0,1.0,1.0,1.0,1.0,1.0,1.0
391.15000000000003,1.0,1.0,1.0,1.0,1.0,1.0,1.0
391.20000000000005,1.0,1.0,1.0,1.0,1.0,1.0,1.0
391.25,1.0,1.0,1.0,1.0,1.0,1.0,1.0
391.3,1.0,1.0,1.0,1.0,1.0,1.0,1.0
391.35,1.0,1.0,1.0,1.0,1.0,1.0,1.0
391.40000000000003,1.0,1.0,1.0,1.0,1.0,1.0,1.0
391.45000000000005,1.0,1.0,1.0,1.0,1.0,1.0,1.0
391.5,1.0,1.0,1.0,1.0,1.0,1.0,1.0
391.55,1.0,1.0,1.0,1.0,1.0,1.0,1.0
391.6,1.0,1.0,1.0,1.0,1.0,1.0,1.0
391.65000000000003,1.0,1.0,1.0,1.0,1.0,1.0,1.0
391.70000000000005,1.0,1.0,1.0,1.0,1.0,1.0,1.0
391.75,1.0,1.0,1.0,1.0,1.0,1.0,1.0
391.8,1.0,1.0,1.0,1.0,1.0,1.0,1.0
391.85,1.0,1.0,1.0,1.0,1.0,1.0,1.0
391.90000000000003,1.0,1.0,1.0,1.0,1.0,1.0,1.0
391.95000000000005,1.0,1.0,1.0,1.0,1.0,1.0,1.0
392.0,1.0,1.0,1.0,1.0,1.0,1.0,1.0
392.05,1.0,1.0,1.0,1.0,1.0,1.0,1.0
392.1,1.0,1.0,1.0,1.0,1.0,1.0,1.0
392.15000000000003,1.0,1.0,1.0,1.0,1.0,1.0,1.0
392.20000000000005,1.0,1.0,1.0,1.0,1.0,1.0,1.0
392.25,1.0,1.0,1.0,1.0,1.0,1.0,1.0
392.3,1.0,1.0,1.0,1.0,1.0,1.0,1.0
392.35,1.0,1.0,1.0,1.0,1.0,1.0,1.0
392.40000000000003,1.0,1.0,1.0,1.0,1.0,1.0,1.0
392.45000000000005,1.0,1.0,1.0,1.0,1.0,1.0,1.0
392.5,1.0,1.0,1.0,1.0,1.0,1.0,1.0
392.55,1.0,1.0,1.0,1.0,1.0,1.0,1.0
392.6,1.0,1.0,1.0,1.0,1.0,1.0,1.0
392.65000000000003,1.0,1.0,1.0,1.0,1.0,1.0,1.0
392.70000000000005,1.0,1.0,1.0,1.0,1.0,1.0,1.0
392.75,1.0,1.0,1.0,1.0,1.0,1.0,1.0
392.8,1.0,1.0,1.0,1.0,1.0,1.0,1.0
392.85,1.0,1.0,1.0,1.0,1.0,1.0,1.0
392.90000000000003,1.0,1.0,1.0,1.0,1.0,1.0,1.0
392.95000000000005,1.0,1.0,1.0,1.0,1.0,1.0,1.0
393.0,1.0,1.0,1.0,1.0,1.0,1.0,1.0
393.05,1.0,1.0,1.0,1.0,1.0,1.0,1.0
393.1,1.0,1.0,1.0,1.0,1.0,1.0,1.0
393.15000000000003,1.0,1.0,1.0,1.0,1.0,1.0,1.0
393.20000000000005,1.0,1.0,1.0,1.0,1.0,1.0,1.0
393.25,1.0,1.0,1.0,1.0,1.0,1.0,1.0
393.3,1.0,1.0,1.0,1.0,1.0,1.0,1.0
393.35,1.0,1.0,1.0,1.0,1.0,1.0,1.0
393.40000000000003,1.0,1.0,1.0,1.0,1.0,1.0,1.0
393.45000000000005,1.0,1.0,1.0,1.0,1.0,1.0,1.0
393.5,1.0,1.0,1.0,1.0,1.0,1.0,1.0
393.55,1.0,1.0,1.0,1.0,1.0,1.0,1.0
393.6,1.0,1.0,1.0,1.0,1.0,1.0,1.0
393.65000000000003,1.0,1.0,1.0,1.0,1.0,1.0,1.0
393.70000000000005,1.0,1.0,1.0,1.0,1.0,1.0,1.0
393.75,1.0,1.0,1.0,1.0,1.0,1.0,1.0
393.8,1.0,1.0,1.0,1.0,1.0,1.0,1.0
393.85,1.0,1.0,1.0,1.0,1.0,1.0,1.0
393.90000000000003,1.0,1.0,1.0,1.0,1.0,1.0,1.0
393.95000000000005,1.0,1.0,1.0,1.0,1.0,1.0,1.0
394.0,1.0,1.0,1.0,1.0,1.0,1.0,1.0
394.05,1.0,1.0,1.0,1.0,1.0,1.0,1.0
394.1,1.0,1.0,1.0,1.0,1.0,1.0,1.0
394.15000000000003,1.0,1.0,1.0,1.0,1.0,1.0,1.0
394.20000000000005,1.0,1.0,1.0,1.0,1.0,1.0,1.0
394.25,1.0,1.0,1.0,1.0,1.0,1.0,1.0
394.3,1.0,1.0,1.0,1.0,1.0,1.0,1.0
394.35,1.0,1.0,1.0,1.0,1.0,1.0,1.0
394.40000000000003,1.0,1.0,1.0,1.0,1.0,1.0,1.0
394.45000000000005,1.0,1.0,1.0,1.0,1.0,1.0,1.0
394.5,1.0,1.0,1.0,1.0,1.0,1.0,1.0
394.55,1.0,1.0,1.0,1.0,1.0,1.0,1.0
394.6,1.0,1.0,1.0,1.0,1.0,1.0,1.0
394.65000000000003,1.0,1.0,1.0,1.0,1.0,1.0,1.0
394.70000000000005,1.0,1.0,1.0,1.0,1.0,1.0,1.0
394.75,1.0,1.0,1.0,1.0,1.0,1.0,1.0
394.8,1.0,1.0,1.0,1.0,1.0,1.0,1.0
394.85,1.0,1.0,1.0,1.0,1.0,1.0,1.0
394.90000000000003,1.0,1.0,1.0,1.0,1.0,1.0,1.0
394.95000000000005,1.0,1.0,1.0,1.0,1.0,1.0,1.0
395.0,1.0,1.0,1.0,1.0,1.0,1.0,1.0
395.05,1.0,1.0,1.0,1.0,1.0,1.0,1.0
395.1,1.0,1.0,1.0,1.0,1.0,1.0,1.0
395.15000000000003,1.0,1.0,1.0,1.0,1.0,1.0,1.0
395.20000000000005,1.0,1.0,1.0,1.0,1.0,1.0,1.0
395.25,1.0,1.0,1.0,1.0,1.0,1.0,1.0
395.3,1.0,1.0,1.0,1.0,1.0,1.0,1.0
395.35,1.0,1.0,1.0,1.0,1.0,1.0,1.0
395.40000000000003,1.0,1.0,1.0,1.0,1.0,1.0,1.0
395.45000000000005,1.0,1.0,1.0,1.0,1.0,1.0,1.0
395.5,1.0,1.0,1.0,1.0,1.0,1.0,1.0
395.55,1.0,1.0,1.0,1.0,1.0,1.0,1.0
395.6,1.0,1.0,1.0,1.0,1.0,1.0,1.0
395.65000000000003,1.0,1.0,1.0,1.0,1.0,1.0,1.0
395.70000000000005,1.0,1.0,1.0,1.0,1.0,1.0,1.0
395.75,1.0,1.0,1.0,1.0,1.0,1.0,1.0
395.8,1.0,1.0,1.0,1.0,1.0,1.0,1.0
395.85,1.0,1.0,1.0,1.0,1.0,1.0,1.0
395.90000000000003,1.0,1.0,1.0,1.0,1.0,1.0,1.0
395.95000000000005,1.0,1.0,1.0,1.0,1.0,1.0,1.0
396.0,1.0,1.0,1.0,1.0,1.0,1.0,1.0
396.05,1.0,1.0,1.0,1.0,1.0,1.0,1.0
396.1,1.0,1.0,1.0,1.0,1.0,1.0,1.0
396.15000000000003,1.0,1.0,1.0,1.0,1.0,1.0,1.0
396.20000000000005,1.0,1.0,1.0,1.0,1.0,1.0,1.0
396.25,1.0,1.0,1.0,1.0,1.0,1.0,1.0
396.3,1.0,1.0,1.0,1.0,1.0,1.0,1.0
396.35,1.0,1.0,1.0,1.0,1.0,1.0,1.0
396.40000000000003,1.0,1.0,1.0,1.0,1.0,1.0,1.0
396.45000000000005,1.0,1.0,1.0,1.0,1.0,1.0,1.0
396.5,1.0,1.0,1.0,1.0,1.0,1.0,1.0
396.55,1.0,1.0,1.0,1.0,1.0,1.0,1.0
396.6,1.0,1.0,1.0,1.0,1.0,1.0,1.0
396.65000000000003,1.0,1.0,1.0,1.0,1.0,1.0,1.0
396.70000000000005,1.0,1.0,1.0,1.0,1.0,1.0,1.0
396.75,1.0,1.0,1.0,1.0,1.0,1.0,1.0
396.8,1.0,1.0,1.0,1.0,1.0,1.0,1.0
396.85,1.0,1.0,1.0,1.0,1.0,1.0,1.0
396.90000000000003,1.0,1.0,1.0,1.0,1.0,1.0,1.0
396.95000000000005,1.0,1.0,1.0,1.0,1.0,1.0,1.0
397.0,1.0,1.0,1.0,1.0,1.0,1.0,1.0
397.05,1.0,1.0,1.0,1.0,1.0,1.0,1.0
397.1,1.0,1.0,1.0,1.0,1.0,1.0,1.0
397.15000000000003,1.0,1.0,1.0,1.0,1.0,1.0,1.0
397.20000000000005,1.0,1.0,1.0,1.0,1.0,1.0,1.0
397.25,1.0,1.0,1.0,1.0,1.0,1.0,1.0
397.3,1.0,1.0,1.0,1.0,1.0,1.0,1.0
397.35,1.0,1.0,1.0,1.0,1.0,1.0,1.0
397.40000000000003,1.0,1.0,1.0,1.0,1.0,1.0,1.0
397.45000000000005,1.0,1.0,1.0,1.0,1.0,1.0,1.0
397.5,1.0,1.0,1.0,1.0,1.0,1.0,1.0
397.55,1.0,1.0,1.0,1.0,1.0,1.0,1.0
397.6,1.0,1.0,1.0,1.0,1.0,1.0,1.0
397.65000000000003,1.0,1.0,1.0,1.0,1.0,1.0,1.0
397.70000000000005,1.0,1.0,1.0,1.0,1.0,1.0,1.0
397.75,1.0,1.0,1.0,1.0,1.0,1.0,1.0
397.8,1.0,1.0,1.0,1.0,1.0,1.0,1.0
397.85,1.0,1.0,1.0,1.0,1.0,1.0,1.0
397.90000000000003,1.0,1.0,1.0,1.0,1.0,1.0,1.0
397.95000000000005,1.0,1.0,1.0,1.0,1.0,1.0,1.0
398.0,1.0,1.0,1.0,1.0,1.0,1.0,1.0
398.05,1.0,1.0,1.0,1.0,1.0,1.0,1.0
398.1,1.0,1.0,1.0,1.0,1.0,1.0,1.0
398.15000000000003,1.0,1.0,1.0,1.0,1.0,1.0,1.0
398.20000000000005,1.0,1.0,1.0,1.0,1.0,1.0,1.0
398.25,1.0,1.0,1.0,1.0,1.0,1.0,1.0
398.3,1.0,1.0,1.0,1.0,1.0,1.0,1.0
398.35,1.0,1.0,1.0,1.0,1.0,1.0,1.0
398.40000000000003,1.0,1.0,1.0,1.0,1.0,1.0,1.0
398.45000000000005,1.0,1.0,1.0,1.0,1.0,1.0,1.0
398.5,1.0,1.0,1.0,1.0,1.0,1.0,1.0
398.55,1.0,1.0,1.0,1.0,1.0,1.0,1.0
398.6,1.0,1.0,1.0,1.0,1.0,1.0,1.0
398.65000000000003,1.0,1.0,1.0,1.0,1.0,1.0,1.0
398.70000000000005,1.0,1.0,1.0,1.0,1.0,1.0,1.0
398.75,1.0,1.0,1.0,1.0,1.0,1.0,1.0
398.8,1.0,1.0,1.0,1.0,1.0,1.0,1.0
398.85,1.0,1.0,1.0,1.0,1.0,1.0,1.0
398.90000000000003,1.0,1.0,1.0,1.0,1.0,1.0,1.0
398.95000000000005,1.0,1.0,1.0,1.0,1.0,1.0,1.0
399.0,1.0,1.0,1.0,1.0,1.0,1.0,1.0
399.05,1.0,1.0,1.0,1.0,1.0,1.0,1.0
399.1,1.0,1.0,1.0,1.0,1.0,1.0,1.0
399.15000000000003,1.0,1.0,1.0,1.0,1.0,1.0,1.0
399.20000000000005,1.0,1.0,1.0,1.0,1.0,1.0,1.0
399.25,1.0,1.0,1.0,1.0,1.0,1.0,1.0
399.3,1.0,1.0,1.0,1.0,1.0,1.0,1.0
399.35,1.0,1.0,1.0,1.0,1.0,1.0,1.0
399.40000000000003,1.0,1.0,1.0,1.0,1.0,1.0,1.0
399.45000000000005,1.0,1.0,1.0,1.0,1.0,1.0,1.0
399.5,1.0,1.0,1.0,1.0,1.0,1.0,1.0
399.55,1.0,1.0,1.0,1.0,1.0,1.0,1.0
399.6,1.0,1.0,1.0,1.0,1.0,1.0,1.0
399.65000000000003,1.0,1.0,1.0,1.0,1.0,1.0,1.0
399.70000000000005,1.0,1.0,1.0,1.0,1.0,1.0,1.0
399.75,1.0,1.0,1.0,1.0,1.0,1.0,1.0
399.8,1.0,1.0,1.0,1.0,1.0,1.0,1.0
399.85,1.0,1.0,1.0,1.0,1.0,1.0,1.0
399.90000000000003,1.0,1.0,1.0,1.0,1.0,1.0,1.0
399.95000000000005,1.0,1.0,1.0,1.0,1.0,1.0,1.0
400.0,1.0,1.0,1.0,1.0,1.0,1.0,1.0
400.05,1.0,1.0,1.0,1.0,1.0,1.0,1.0
400.1,1.0,1.0,1.0,1.0,1.0,1.0,1.0
400.15000000000003,1.0,1.0,1.0,1.0,1.0,1.0,1.0
400.20000000000005,1.0,1.0,1.0,1.0,1.0,1.0,1.0
400.25,1.0,1.0,1.0,1.0,1.0,1.0,1.0
400.3,1.0,1.0,1.0,1.0,1.0,1.0,1.0
400.35,1.0,1.0,1.0,1.0,1.0,1.0,1.0
400.40000000000003,1.0,1.0,1.0,1.0,1.0,1.0,1.0
400.45000000000005,1.0,1.0,1.0,1.0,1.0,1.0,1.0
400.5,1.0,1.0,1.0,1.0,1.0,1.0,1.0
400.55,1.0,1.0,1.0,1.0,1.0,1.0,1.0
400.6,1.0,1.0,1.0,1.0,1.0,1.0,1.0
400.65000000000003,1.0,1.0,1.0,1.0,1.0,1.0,1.0
400.70000000000005,1.0,1.0,1.0,1.0,1.0,1.0,1.0
400.75,1.0,1.0,1.0,1.0,1.0,1.0,1.0
400.8,1.0,1.0,1.0,1.0,1.0,1.0,1.0
400.85,1.0,1.0,1.0,1.0,1.0,1.0,1.0
400.90000000000003,1.0,1.0,1.0,1.0,1.0,1.0,1.0
400.95000000000005,1.0,1.0,1.0,1.0,1.0,1.0,1.0
401.0,1.0,1.0,1.0,1.0,1.0,1.0,1.0
401.05,1.0,1.0,1.0,1.0,1.0,1.0,1.0
401.1,1.0,1.0,1.0,1.0,1.0,1.0,1.0
401.15000000000003,1.0,1.0,1.0,1.0,1.0,1.0,1.0
401.20000000000005,1.0,1.0,1.0,1.0,1.0,1.0,1.0
401.25,1.0,1.0,1.0,1.0,1.0,1.0,1.0
401.3,1.0,1.0,1.0,1.0,1.0,1.0,1.0
401.35,1.0,1.0,1.0,1.0,1.0,1.0,1.0
401.40000000000003,1.0,1.0,1.0,1.0,1.0,1.0,1.0
401.45000000000005,1.0,1.0,1.0,1.0,1.0,1.0,1.0
401.5,1.0,1.0,1.0,1.0,1.0,1.0,1.0
401.55,1.0,1.0,1.0,1.0,1.0,1.0,1.0
401.6,1.0,1.0,1.0,1.0,1.0,1.0,1.0
401.65000000000003,1.0,1.0,1.0,1.0,1.0,1.0,1.0
401.70000000000005,1.0,1.0,1.0,1.0,1.0,1.0,1.0
401.75,1.0,1.0,1.0,1.0,1.0,1.0,1.0
401.8,1.0,1.0,1.0,1.0,1.0,1.0,1.0
401.85,1.0,1.0,1.0,1.0,1.0,1.0,1.0
401.90000000000003,1.0,1.0,1.0,1.0,1.0,1.0,1.0
401.95000000000005,1.0,1.0,1.0,1.0,1.0,1.0,1.0
402.0,1.0,1.0,1.0,1.0,1.0,1.0,1.0
402.05,1.0,1.0,1.0,1.0,1.0,1.0,1.0
402.1,1.0,1.0,1.0,1.0,1.0,1.0,1.0
402.15000000000003,1.0,1.0,1.0,1.0,1.0,1.0,1.0
402.20000000000005,1.0,1.0,1.0,1.0,1.0,1.0,1.0
402.25,1.0,1.0,1.0,1.0,1.0,1.0,1.0
402.3,1.0,1.0,1.0,1.0,1.0,1.0,1.0
402.35,1.0,1.0,1.0,1.0,1.0,1.0,1.0
402.40000000000003,1.0,1.0,1.0,1.0,1.0,1.0,1.0
402.45000000000005,1.0,1.0,1.0,1.0,1.0,1.0,1.0
402.5,1.0,1.0,1.0,1.0,1.0,1.0,1.0
402.55,1.0,1.0,1.0,1.0,1.0,1.0,1.0
402.6,1.0,1.0,1.0,1.0,1.0,1.0,1.0
402.65000000000003,1.0,1.0,1.0,1.0,1.0,1.0,1.0
402.70000000000005,1.0,1.0,1.0,1.0,1.0,1.0,1.0
402.75,1.0,1.0,1.0,1.0,1.0,1.0,1.0
402.8,1.0,1.0,1.0,1.0,1.0,1.0,1.0
402.85,1.0,1.0,1.0,1.0,1.0,1.0,1.0
402.90000000000003,1.0,1.0,1.0,1.0,1.0,1.0,1.0
402.95000000000005,1.0,1.0,1.0,1.0,1.0,1.0,1.0
403.0,1.0,1.0,1.0,1.0,1.0,1.0,1.0
403.05,1.0,1.0,1.0,1.0,1.0,1.0,1.0
403.1,1.0,1.0,1.0,1.0,1.0,1.0,1.0
403.15000000000003,1.0,1.0,1.0,1.0,1.0,1.0,1.0
403.20000000000005,1.0,1.0,1.0,1.0,1.0,1.0,1.0
403.25,1.0,1.0,1.0,1.0,1.0,1.0,1.0
403.3,1.0,1.0,1.0,1.0,1.0,1.0,1.0
403.35,1.0,1.0,1.0,1.0,1.0,1.0,1.0
403.40000000000003,1.0,1.0,1.0,1.0,1.0,1.0,1.0
403.45000000000005,1.0,1.0,1.0,1.0,1.0,1.0,1.0
403.5,1.0,1.0,1.0,1.0,1.0,1.0,1.0
403.55,1.0,1.0,1.0,1.0,1.0,1.0,1.0
403.6,1.0,1.0,1.0,1.0,1.0,1.0,1.0
403.65000000000003,1.0,1.0,1.0,1.0,1.0,1.0,1.0
403.70000000000005,1.0,1.0,1.0,1.0,1.0,1.0,1.0
403.75,1.0,1.0,1.0,1.0,1.0,1.0,1.0
403.8,1.0,1.0,1.0,1.0,1.0,1.0,1.0
403.85,1.0,1.0,1.0,1.0,1.0,1.0,1.0
403.90000000000003,1.0,1.0,1.0,1.0,1.0,1.0,1.0
403.95000000000005,1.0,1.0,1.0,1.0,1.0,1.0,1.0
404.0,1.0,1.0,1.0,1.0,1.0,1.0,1.0
404.05,1.0,1.0,1.0,1.0,1.0,1.0,1.0
404.1,1.0,1.0,1.0,1.0,1.0,1.0,1.0
404.15000000000003,1.0,1.0,1.0,1.0,1.0,1.0,1.0
404.20000000000005,1.0,1.0,1.0,1.0,1.0,1.0,1.0
404.25,1.0,1.0,1.0,1.0,1.0,1.0,1.0
404.3,1.0,1.0,1.0,1.0,1.0,1.0,1.0
404.35,1.0,1.0,1.0,1.0,1.0,1.0,1.0
404.40000000000003,1.0,1.0,1.0,1.0,1.0,1.0,1.0
404.45000000000005,1.0,1.0,1.0,1.0,1.0,1.0,1.0
404.5,1.0,1.0,1.0,1.0,1.0,1.0,1.0
404.55,1.0,1.0,1.0,1.0,1.0,1.0,1.0
404.6,1.0,1.0,1.0,1.0,1.0,1.0,1.0
404.65000000000003,1.0,1.0,1.0,1.0,1.0,1.0,1.0
404.70000000000005,1.0,1.0,1.0,1.0,1.0,1.0,1.0
404.75,1.0,1.0,1.0,1.0,1.0,1.0,1.0
404.8,1.0,1.0,1.0,1.0,1.0,1.0,1.0
404.85,1.0,1.0,1.0,1.0,1.0,1.0,1.0
404.90000000000003,1.0,1.0,1.0,1.0,1.0,1.0,1.0
404.95000000000005,1.0,1.0,1.0,1.0,1.0,1.0,1.0
405.0,1.0,1.0,1.0,1.0,1.0,1.0,1.0
405.05,1.0,1.0,1.0,1.0,1.0,1.0,1.0
405.1,1.0,1.0,1.0,1.0,1.0,1.0,1.0
405.15000000000003,1.0,1.0,1.0,1.0,1.0,1.0,1.0
405.20000000000005,1.0,1.0,1.0,1.0,1.0,1.0,1.0
405.25,1.0,1.0,1.0,1.0,1.0,1.0,1.0
405.3,1.0,1.0,1.0,1.0,1.0,1.0,1.0
405.35,1.0,1.0,1.0,1.0,1.0,1.0,1.0
405.40000000000003,1.0,1.0,1.0,1.0,1.0,1.0,1.0
405.45000000000005,1.0,1.0,1.0,1.0,1.0,1.0,1.0
405.5,1.0,1.0,1.0,1.0,1.0,1.0,1.0
405.55,1.0,1.0,1.0,1.0,1.0,1.0,1.0
405.6,1.0,1.0,1.0,1.0,1.0,1.0,1.0
405.65000000000003,1.0,1.0,1.0,1.0,1.0,1.0,1.0
405.70000000000005,1.0,1.0,1.0,1.0,1.0,1.0,1.0
405.75,1.0,1.0,1.0,1.0,1.0,1.0,1.0
405.8,1.0,1.0,1.0,1.0,1.0,1.0,1.0
405.85,1.0,1.0,1.0,1.0,1.0,1.0,1.0
405.90000000000003,1.0,1.0,1.0,1.0,1.0,1.0,1.0
405.95000000000005,1.0,1.0,1.0,1.0,1.0,1.0,1.0
406.0,1.0,1.0,1.0,1.0,1.0,1.0,1.0
406.05,1.0,1.0,1.0,1.0,1.0,1.0,1.0
406.1,1.0,1.0,1.0,1.0,1.0,1.0,1.0
406.15000000000003,1.0,1.0,1.0,1.0,1.0,1.0,1.0
406.20000000000005,1.0,1.0,1.0,1.0,1.0,1.0,1.0
406.25,1.0,1.0,1.0,1.0,1.0,1.0,1.0
406.3,1.0,1.0,1.0,1.0,1.0,1.0,1.0
406.35,1.0,1.0,1.0,1.0,1.0,1.0,1.0
406.40000000000003,1.0,1.0,1.0,1.0,1.0,1.0,1.0
406.45000000000005,1.0,1.0,1.0,1.0,1.0,1.0,1.0
406.5,1.0,1.0,1.0,1.0,1.0,1.0,1.0
406.55,1.0,1.0,1.0,1.0,1.0,1.0,1.0
406.6,1.0,1.0,1.0,1.0,1.0,1.0,1.0
406.65000000000003,1.0,1.0,1.0,1.0,1.0,1.0,1.0
406.70000000000005,1.0,1.0,1.0,1.0,1.0,1.0,1.0
406.75,1.0,1.0,1.0,1.0,1.0,1.0,1.0
406.8,1.0,1.0,1.0,1.0,1.0,1.0,1.0
406.85,1.0,1.0,1.0,1.0,1.0,1.0,1.0
406.90000000000003,1.0,1.0,1.0,1.0,1.0,1.0,1.0
406.95000000000005,1.0,1.0,1.0,1.0,1.0,1.0,1.0
407.0,1.0,1.0,1.0,1.0,1.0,1.0,1.0
407.05,1.0,1.0,1.0,1.0,1.0,1.0,1.0
407.1,1.0,1.0,1.0,1.0,1.0,1.0,1.0
407.15000000000003,1.0,1.0,1.0,1.0,1.0,1.0,1.0
407.20000000000005,1.0,1.0,1.0,1.0,1.0,1.0,1.0
407.25,1.0,1.0,1.0,1.0,1.0,1.0,1.0
407.3,1.0,1.0,1.0,1.0,1.0,1.0,1.0
407.35,1.0,1.0,1.0,1.0,1.0,1.0,1.0
407.40000000000003,1.0,1.0,1.0,1.0,1.0,1.0,1.0
407.45000000000005,1.0,1.0,1.0,1.0,1.0,1.0,1.0
407.5,1.0,1.0,1.0,1.0,1.0,1.0,1.0
407.55,1.0,1.0,1.0,1.0,1.0,1.0,1.0
407.6,1.0,1.0,1.0,1.0,1.0,1.0,1.0
407.65000000000003,1.0,1.0,1.0,1.0,1.0,1.0,1.0
407.70000000000005,1.0,1.0,1.0,1.0,1.0,1.0,1.0
407.75,1.0,1.0,1.0,1.0,1.0,1.0,1.0
407.8,1.0,1.0,1.0,1.0,1.0,1.0,1.0
407.85,1.0,1.0,1.0,1.0,1.0,1.0,1.0
407.90000000000003,1.0,1.0,1.0,1.0,1.0,1.0,1.0
407.95000000000005,1.0,1.0,1.0,1.0,1.0,1.0,1.0
408.0,1.0,1.0,1.0,1.0,1.0,1.0,1.0
408.05,1.0,1.0,1.0,1.0,1.0,1.0,1.0
408.1,1.0,1.0,1.0,1.0,1.0,1.0,1.0
408.15000000000003,1.0,1.0,1.0,1.0,1.0,1.0,1.0
408.20000000000005,1.0,1.0,1.0,1.0,1.0,1.0,1.0
408.25,1.0,1.0,1.0,1.0,1.0,1.0,1.0
408.3,1.0,1.0,1.0,1.0,1.0,1.0,1.0
408.35,1.0,1.0,1.0,1.0,1.0,1.0,1.0
408.40000000000003,1.0,1.0,1.0,1.0,1.0,1.0,1.0
408.45000000000005,1.0,1.0,1.0,1.0,1.0,1.0,1.0
408.5,1.0,1.0,1.0,1.0,1.0,1.0,1.0
408.55,1.0,1.0,1.0,1.0,1.0,1.0,1.0
408.6,1.0,1.0,1.0,1.0,1.0,1.0,1.0
408.65000000000003,1.0,1.0,1.0,1.0,1.0,1.0,1.0
408.70000000000005,1.0,1.0,1.0,1.0,1.0,1.0,1.0
408.75,1.0,1.0,1.0,1.0,1.0,1.0,1.0
408.8,1.0,1.0,1.0,1.0,1.0,1.0,1.0
408.85,1.0,1.0,1.0,1.0,1.0,1.0,1.0
408.90000000000003,1.0,1.0,1.0,1.0,1.0,1.0,1.0
408.95000000000005,1.0,1.0,1.0,1.0,1.0,1.0,1.0
409.0,1.0,1.0,1.0,1.0,1.0,1.0,1.0
409.05,1.0,1.0,1.0,1.0,1.0,1.0,1.0
409.1,1.0,1.0,1.0,1.0,1.0,1.0,1.0
409.15000000000003,1.0,1.0,1.0,1.0,1.0,1.0,1.0
409.20000000000005,1.0,1.0,1.0,1.0,1.0,1.0,1.0
409.25,1.0,1.0,1.0,1.0,1.0,1.0,1.0
409.3,1.0,1.0,1.0,1.0,1.0,1.0,1.0
409.35,1.0,1.0,1.0,1.0,1.0,1.0,1.0
409.40000000000003,1.0,1.0,1.0,1.0,1.0,1.0,1.0
409.45000000000005,1.0,1.0,1.0,1.0,1.0,1.0,1.0
409.5,1.0,1.0,1.0,1.0,1.0,1.0,1.0
409.55,1.0,1.0,1.0,1.0,1.0,1.0,1.0
409.6,1.0,1.0,1.0,1.0,1.0,1.0,1.0
409.65000000000003,1.0,1.0,1.0,1.0,1.0,1.0,1.0
409.70000000000005,1.0,1.0,1.0,1.0,1.0,1.0,1.0
409.75,1.0,1.0,1.0,1.0,1.0,1.0,1.0
409.8,1.0,1.0,1.0,1.0,1.0,1.0,1.0
409.85,1.0,1.0,1.0,1.0,1.0,1.0,1.0
409.90000000000003,1.0,1.0,1.0,1.0,1.0,1.0,1.0
409.95000000000005,1.0,1.0,1.0,1.0,1.0,1.0,1.0
410.0,1.0,1.0,1.0,1.0,1.0,1.0,1.0
410.05,1.0,1.0,1.0,1.0,1.0,1.0,1.0
410.1,1.0,1.0,1.0,1.0,1.0,1.0,1.0
410.15000000000003,1.0,1.0,1.0,1.0,1.0,1.0,1.0
410.20000000000005,1.0,1.0,1.0,1.0,1.0,1.0,1.0
410.25,1.0,1.0,1.0,1.0,1.0,1.0,1.0
410.3,1.0,1.0,1.0,1.0,1.0,1.0,1.0
410.35,1.0,1.0,1.0,1.0,1.0,1.0,1.0
410.40000000000003,1.0,1.0,1.0,1.0,1.0,1.0,1.0
410.45000000000005,1.0,1.0,1.0,1.0,1.0,1.0,1.0
410.5,1.0,1.0,1.0,1.0,1.0,1.0,1.0
410.55,1.0,1.0,1.0,1.0,1.0,1.0,1.0
410.6,1.0,1.0,1.0,1.0,1.0,1.0,1.0
410.65000000000003,1.0,1.0,1.0,1.0,1.0,1.0,1.0
410.70000000000005,1.0,1.0,1.0,1.0,1.0,1.0,1.0
410.75,1.0,1.0,1.0,1.0,1.0,1.0,1.0
410.8,1.0,1.0,1.0,1.0,1.0,1.0,1.0
410.85,1.0,1.0,1.0,1.0,1.0,1.0,1.0
410.90000000000003,1.0,1.0,1.0,1.0,1.0,1.0,1.0
410.95000000000005,1.0,1.0,1.0,1.0,1.0,1.0,1.0
411.0,1.0,1.0,1.0,1.0,1.0,1.0,1.0
411.05,1.0,1.0,1.0,1.0,1.0,1.0,1.0
411.1,1.0,1.0,1.0,1.0,1.0,1.0,1.0
411.15000000000003,1.0,1.0,1.0,1.0,1.0,1.0,1.0
411.20000000000005,1.0,1.0,1.0,1.0,1.0,1.0,1.0
411.25,1.0,1.0,1.0,1.0,1.0,1.0,1.0
411.3,1.0,1.0,1.0,1.0,1.0,1.0,1.0
411.35,1.0,1.0,1.0,1.0,1.0,1.0,1.0
411.40000000000003,1.0,1.0,1.0,1.0,1.0,1.0,1.0
411.45000000000005,1.0,1.0,1.0,1.0,1.0,1.0,1.0
411.5,1.0,1.0,1.0,1.0,1.0,1.0,1.0
411.55,1.0,1.0,1.0,1.0,1.0,1.0,1.0
411.6,1.0,1.0,1.0,1.0,1.0,1.0,1.0
411.65000000000003,1.0,1.0,1.0,1.0,1.0,1.0,1.0
411.70000000000005,1.0,1.0,1.0,1.0,1.0,1.0,1.0
411.75,1.0,1.0,1.0,1.0,1.0,1.0,1.0
411.8,1.0,1.0,1.0,1.0,1.0,1.0,1.0
411.85,1.0,1.0,1.0,1.0,1.0,1.0,1.0
411.90000000000003,1.0,1.0,1.0,1.0,1.0,1.0,1.0
411.95000000000005,1.0,1.0,1.0,1.0,1.0,1.0,1.0
412.0,1.0,1.0,1.0,1.0,1.0,1.0,1.0
412.05,1.0,1.0,1.0,1.0,1.0,1.0,1.0
412.1,1.0,1.0,1.0,1.0,1.0,1.0,1.0
412.15000000000003,1.0,1.0,1.0,1.0,1.0,1.0,1.0
412.20000000000005,1.0,1.0,1.0,1.0,1.0,1.0,1.0
412.25,1.0,1.0,1.0,1.0,1.0,1.0,1.0
412.3,1.0,1.0,1.0,1.0,1.0,1.0,1.0
412.35,1.0,1.0,1.0,1.0,1.0,1.0,1.0
412.40000000000003,1.0,1.0,1.0,1.0,1.0,1.0,1.0
412.45000000000005,1.0,1.0,1.0,1.0,1.0,1.0,1.0
412.5,1.0,1.0,1.0,1.0,1.0,1.0,1.0
412.55,1.0,1.0,1.0,1.0,1.0,1.0,1.0
412.6,1.0,1.0,1.0,1.0,1.0,1.0,1.0
412.65000000000003,1.0,1.0,1.0,1.0,1.0,1.0,1.0
412.70000000000005,1.0,1.0,1.0,1.0,1.0,1.0,1.0
412.75,1.0,1.0,1.0,1.0,1.0,1.0,1.0
412.8,1.0,1.0,1.0,1.0,1.0,1.0,1.0
412.85,1.0,1.0,1.0,1.0,1.0,1.0,1.0
412.90000000000003,1.0,1.0,1.0,1.0,1.0,1.0,1.0
412.95000000000005,1.0,1.0,1.0,1.0,1.0,1.0,1.0
413.0,1.0,1.0,1.0,1.0,1.0,1.0,1.0
413.05,1.0,1.0,1.0,1.0,1.0,1.0,1.0
413.1,1.0,1.0,1.0,1.0,1.0,1.0,1.0
413.15000000000003,1.0,1.0,1.0,1.0,1.0,1.0,1.0
413.20000000000005,1.0,1.0,1.0,1.0,1.0,1.0,1.0
413.25,1.0,1.0,1.0,1.0,1.0,1.0,1.0
413.3,1.0,1.0,1.0,1.0,1.0,1.0,1.0
413.35,1.0,1.0,1.0,1.0,1.0,1.0,1.0
413.40000000000003,1.0,1.0,1.0,1.0,1.0,1.0,1.0
413.45000000000005,1.0,1.0,1.0,1.0,1.0,1.0,1.0
413.5,1.0,1.0,1.0,1.0,1.0,1.0,1.0
413.55,1.0,1.0,1.0,1.0,1.0,1.0,1.0
413.6,1.0,1.0,1.0,1.0,1.0,1.0,1.0
413.65000000000003,1.0,1.0,1.0,1.0,1.0,1.0,1.0
413.70000000000005,1.0,1.0,1.0,1.0,1.0,1.0,1.0
413.75,1.0,1.0,1.0,1.0,1.0,1.0,1.0
413.8,1.0,1.0,1.0,1.0,1.0,1.0,1.0
413.85,1.0,1.0,1.0,1.0,1.0,1.0,1.0
413.90000000000003,1.0,1.0,1.0,1.0,1.0,1.0,1.0
413.95000000000005,1.0,1.0,1.0,1.0,1.0,1.0,1.0
414.0,1.0,1.0,1.0,1.0,1.0,1.0,1.0
414.05,1.0,1.0,1.0,1.0,1.0,1.0,1.0
414.1,1.0,1.0,1.0,1.0,1.0,1.0,1.0
414.15000000000003,1.0,1.0,1.0,1.0,1.0,1.0,1.0
414.20000000000005,1.0,1.0,1.0,1.0,1.0,1.0,1.0
414.25,1.0,1.0,1.0,1.0,1.0,1.0,1.0
414.3,1.0,1.0,1.0,1.0,1.0,1.0,1.0
414.35,1.0,1.0,1.0,1.0,1.0,1.0,1.0
414.40000000000003,1.0,1.0,1.0,1.0,1.0,1.0,1.0
414.45000000000005,1.0,1.0,1.0,1.0,1.0,1.0,1.0
414.5,1.0,1.0,1.0,1.0,1.0,1.0,1.0
414.55,1.0,1.0,1.0,1.0,1.0,1.0,1.0
414.6,1.0,1.0,1.0,1.0,1.0,1.0,1.0
414.65000000000003,1.0,1.0,1.0,1.0,1.0,1.0,1.0
414.70000000000005,1.0,1.0,1.0,1.0,1.0,1.0,1.0
414.75,1.0,1.0,1.0,1.0,1.0,1.0,1.0
414.8,1.0,1.0,1.0,1.0,1.0,1.0,1.0
414.85,1.0,1.0,1.0,1.0,1.0,1.0,1.0
414.90000000000003,1.0,1.0,1.0,1.0,1.0,1.0,1.0
414.95000000000005,1.0,1.0,1.0,1.0,1.0,1.0,1.0
415.0,1.0,1.0,1.0,1.0,1.0,1.0,1.0
415.05,1.0,1.0,1.0,1.0,1.0,1.0,1.0
415.1,1.0,1.0,1.0,1.0,1.0,1.0,1.0
415.15000000000003,1.0,1.0,1.0,1.0,1.0,1.0,1.0
415.20000000000005,1.0,1.0,1.0,1.0,1.0,1.0,1.0
415.25,1.0,1.0,1.0,1.0,1.0,1.0,1.0
415.3,1.0,1.0,1.0,1.0,1.0,1.0,1.0
415.35,1.0,1.0,1.0,1.0,1.0,1.0,1.0
415.40000000000003,1.0,1.0,1.0,1.0,1.0,1.0,1.0
415.45000000000005,1.0,1.0,1.0,1.0,1.0,1.0,1.0
415.5,1.0,1.0,1.0,1.0,1.0,1.0,1.0
415.55,1.0,1.0,1.0,1.0,1.0,1.0,1.0
415.6,1.0,1.0,1.0,1.0,1.0,1.0,1.0
415.65000000000003,1.0,1.0,1.0,1.0,1.0,1.0,1.0
415.70000000000005,1.0,1.0,1.0,1.0,1.0,1.0,1.0
415.75,1.0,1.0,1.0,1.0,1.0,1.0,1.0
415.8,1.0,1.0,1.0,1.0,1.0,1.0,1.0
415.85,1.0,1.0,1.0,1.0,1.0,1.0,1.0
415.90000000000003,1.0,1.0,1.0,1.0,1.0,1.0,1.0
415.95000000000005,1.0,1.0,1.0,1.0,1.0,1.0,1.0
416.0,1.0,1.0,1.0,1.0,1.0,1.0,1.0
416.05,1.0,1.0,1.0,1.0,1.0,1.0,1.0
416.1,1.0,1.0,1.0,1.0,1.0,1.0,1.0
416.15000000000003,1.0,1.0,1.0,1.0,1.0,1.0,1.0
416.20000000000005,1.0,1.0,1.0,1.0,1.0,1.0,1.0
416.25,1.0,1.0,1.0,1.0,1.0,1.0,1.0
416.3,1.0,1.0,1.0,1.0,1.0,1.0,1.0
416.35,1.0,1.0,1.0,1.0,1.0,1.0,1.0
416.40000000000003,1.0,1.0,1.0,1.0,1.0,1.0,1.0
416.45000000000005,1.0,1.0,1.0,1.0,1.0,1.0,1.0
416.5,1.0,1.0,1.0,1.0,1.0,1.0,1.0
416.55,1.0,1.0,1.0,1.0,1.0,1.0,1.0
416.6,1.0,1.0,1.0,1.0,1.0,1.0,1.0
416.65000000000003,1.0,1.0,1.0,1.0,1.0,1.0,1.0
416.70000000000005,1.0,1.0,1.0,1.0,1.0,1.0,1.0
416.75,1.0,1.0,1.0,1.0,1.0,1.0,1.0
416.8,1.0,1.0,1.0,1.0,1.0,1.0,1.0
416.85,1.0,1.0,1.0,1.0,1.0,1.0,1.0
416.90000000000003,1.0,1.0,1.0,1.0,1.0,1.0,1.0
416.95000000000005,1.0,1.0,1.0,1.0,1.0,1.0,1.0
417.0,1.0,1.0,1.0,1.0,1.0,1.0,1.0
417.05,1.0,1.0,1.0,1.0,1.0,1.0,1.0
417.1,1.0,1.0,1.0,1.0,1.0,1.0,1.0
417.15000000000003,1.0,1.0,1.0,1.0,1.0,1.0,1.0
417.20000000000005,1.0,1.0,1.0,1.0,1.0,1.0,1.0
417.25,1.0,1.0,1.0,1.0,1.0,1.0,1.0
417.3,1.0,1.0,1.0,1.0,1.0,1.0,1.0
417.35,1.0,1.0,1.0,1.0,1.0,1.0,1.0
417.40000000000003,1.0,1.0,1.0,1.0,1.0,1.0,1.0
417.45000000000005,1.0,1.0,1.0,1.0,1.0,1.0,1.0
417.5,1.0,1.0,1.0,1.0,1.0,1.0,1.0
417.55,1.0,1.0,1.0,1.0,1.0,1.0,1.0
417.6,1.0,1.0,1.0,1.0,1.0,1.0,1.0
417.65000000000003,1.0,1.0,1.0,1.0,1.0,1.0,1.0
417.70000000000005,1.0,1.0,1.0,1.0,1.0,1.0,1.0
417.75,1.0,1.0,1.0,1.0,1.0,1.0,1.0
417.8,1.0,1.0,1.0,1.0,1.0,1.0,1.0
417.85,1.0,1.0,1.0,1.0,1.0,1.0,1.0
417.90000000000003,1.0,1.0,1.0,1.0,1.0,1.0,1.0
417.95000000000005,1.0,1.0,1.0,1.0,1.0,1.0,1.0
418.0,1.0,1.0,1.0,1.0,1.0,1.0,1.0
418.05,1.0,1.0,1.0,1.0,1.0,1.0,1.0
418.1,1.0,1.0,1.0,1.0,1.0,1.0,1.0
418.15000000000003,1.0,1.0,1.0,1.0,1.0,1.0,1.0
418.20000000000005,1.0,1.0,1.0,1.0,1.0,1.0,1.0
418.25,1.0,1.0,1.0,1.0,1.0,1.0,1.0
418.3,1.0,1.0,1.0,1.0,1.0,1.0,1.0
418.35,1.0,1.0,1.0,1.0,1.0,1.0,1.0
418.40000000000003,1.0,1.0,1.0,1.0,1.0,1.0,1.0
418.45000000000005,1.0,1.0,1.0,1.0,1.0,1.0,1.0
418.5,1.0,1.0,1.0,1.0,1.0,1.0,1.0
418.55,1.0,1.0,1.0,1.0,1.0,1.0,1.0
418.6,1.0,1.0,1.0,1.0,1.0,1.0,1.0
418.65000000000003,1.0,1.0,1.0,1.0,1.0,1.0,1.0
418.70000000000005,1.0,1.0,1.0,1.0,1.0,1.0,1.0
418.75,1.0,1.0,1.0,1.0,1.0,1.0,1.0
418.8,1.0,1.0,1.0,1.0,1.0,1.0,1.0
418.85,1.0,1.0,1.0,1.0,1.0,1.0,1.0
418.90000000000003,1.0,1.0,1.0,1.0,1.0,1.0,1.0
418.95000000000005,1.0,1.0,1.0,1.0,1.0,1.0,1.0
419.0,1.0,1.0,1.0,1.0,1.0,1.0,1.0
419.05,1.0,1.0,1.0,1.0,1.0,1.0,1.0
419.1,1.0,1.0,1.0,1.0,1.0,1.0,1.0
419.15000000000003,1.0,1.0,1.0,1.0,1.0,1.0,1.0
419.20000000000005,1.0,1.0,1.0,1.0,1.0,1.0,1.0
419.25,1.0,1.0,1.0,1.0,1.0,1.0,1.0
419.3,1.0,1.0,1.0,1.0,1.0,1.0,1.0
419.35,1.0,1.0,1.0,1.0,1.0,1.0,1.0
419.40000000000003,1.0,1.0,1.0,1.0,1.0,1.0,1.0
419.45000000000005,1.0,1.0,1.0,1.0,1.0,1.0,1.0
419.5,1.0,1.0,1.0,1.0,1.0,1.0,1.0
419.55,1.0,1.0,1.0,1.0,1.0,1.0,1.0
419.6,1.0,1.0,1.0,1.0,1.0,1.0,1.0
419.65000000000003,1.0,1.0,1.0,1.0,1.0,1.0,1.0
419.70000000000005,1.0,1.0,1.0,1.0,1.0,1.0,1.0
419.75,1.0,1.0,1.0,1.0,1.0,1.0,1.0
419.8,1.0,1.0,1.0,1.0,1.0,1.0,1.0
419.85,1.0,1.0,1.0,1.0,1.0,1.0,1.0
419.90000000000003,1.0,1.0,1.0,1.0,1.0,1.0,1.0
419.95000000000005,1.0,1.0,1.0,1.0,1.0,1.0,1.0
420.0,1.0,1.0,1.0,1.0,1.0,1.0,1.0
420.05,1.0,1.0,1.0,1.0,1.0,1.0,1.0
420.1,1.0,1.0,1.0,1.0,1.0,1.0,1.0
420.15000000000003,1.0,1.0,1.0,1.0,1.0,1.0,1.0
420.20000000000005,1.0,1.0,1.0,1.0,1.0,1.0,1.0
420.25,1.0,1.0,1.0,1.0,1.0,1.0,1.0
420.3,1.0,1.0,1.0,1.0,1.0,1.0,1.0
420.35,1.0,1.0,1.0,1.0,1.0,1.0,1.0
420.40000000000003,1.0,1.0,1.0,1.0,1.0,1.0,1.0
420.45000000000005,1.0,1.0,1.0,1.0,1.0,1.0,1.0
420.5,1.0,1.0,1.0,1.0,1.0,1.0,1.0
420.55,1.0,1.0,1.0,1.0,1.0,1.0,1.0
420.6,1.0,1.0,1.0,1.0,1.0,1.0,1.0
420.65000000000003,1.0,1.0,1.0,1.0,1.0,1.0,1.0
420.70000000000005,1.0,1.0,1.0,1.0,1.0,1.0,1.0
420.75,1.0,1.0,1.0,1.0,1.0,1.0,1.0
420.8,1.0,1.0,1.0,1.0,1.0,1.0,1.0
420.85,1.0,1.0,1.0,1.0,1.0,1.0,1.0
420.90000000000003,1.0,1.0,1.0,1.0,1.0,1.0,1.0
420.95000000000005,1.0,1.0,1.0,1.0,1.0,1.0,1.0
421.0,1.0,1.0,1.0,1.0,1.0,1.0,1.0
421.05,1.0,1.0,1.0,1.0,1.0,1.0,1.0
421.1,1.0,1.0,1.0,1.0,1.0,1.0,1.0
421.15000000000003,1.0,1.0,1.0,1.0,1.0,1.0,1.0
421.20000000000005,1.0,1.0,1.0,1.0,1.0,1.0,1.0
421.25,1.0,1.0,1.0,1.0,1.0,1.0,1.0
421.3,1.0,1.0,1.0,1.0,1.0,1.0,1.0
421.35,1.0,1.0,1.0,1.0,1.0,1.0,1.0
421.40000000000003,1.0,1.0,1.0,1.0,1.0,1.0,1.0
421.45000000000005,1.0,1.0,1.0,1.0,1.0,1.0,1.0
421.5,1.0,1.0,1.0,1.0,1.0,1.0,1.0
421.55,1.0,1.0,1.0,1.0,1.0,1.0,1.0
421.6,1.0,1.0,1.0,1.0,1.0,1.0,1.0
421.65000000000003,1.0,1.0,1.0,1.0,1.0,1.0,1.0
421.70000000000005,1.0,1.0,1.0,1.0,1.0,1.0,1.0
421.75,1.0,1.0,1.0,1.0,1.0,1.0,1.0
421.8,1.0,1.0,1.0,1.0,1.0,1.0,1.0
421.85,1.0,1.0,1.0,1.0,1.0,1.0,1.0
421.90000000000003,1.0,1.0,1.0,1.0,1.0,1.0,1.0
421.95000000000005,1.0,1.0,1.0,1.0,1.0,1.0,1.0
422.0,1.0,1.0,1.0,1.0,1.0,1.0,1.0
422.05,1.0,1.0,1.0,1.0,1.0,1.0,1.0
422.1,1.0,1.0,1.0,1.0,1.0,1.0,1.0
422.15000000000003,1.0,1.0,1.0,1.0,1.0,1.0,1.0
422.20000000000005,1.0,1.0,1.0,1.0,1.0,1.0,1.0
422.25,1.0,1.0,1.0,1.0,1.0,1.0,1.0
422.3,1.0,1.0,1.0,1.0,1.0,1.0,1.0
422.35,1.0,1.0,1.0,1.0,1.0,1.0,1.0
422.40000000000003,1.0,1.0,1.0,1.0,1.0,1.0,1.0
422.45000000000005,1.0,1.0,1.0,1.0,1.0,1.0,1.0
422.5,1.0,1.0,1.0,1.0,1.0,1.0,1.0
422.55,1.0,1.0,1.0,1.0,1.0,1.0,1.0
422.6,1.0,1.0,1.0,1.0,1.0,1.0,1.0
422.65000000000003,1.0,1.0,1.0,1.0,1.0,1.0,1.0
422.70000000000005,1.0,1.0,1.0,1.0,1.0,1.0,1.0
422.75,1.0,1.0,1.0,1.0,1.0,1.0,1.0
422.8,1.0,1.0,1.0,1.0,1.0,1.0,1.0
422.85,1.0,1.0,1.0,1.0,1.0,1.0,1.0
422.90000000000003,1.0,1.0,1.0,1.0,1.0,1.0,1.0
422.95000000000005,1.0,1.0,1.0,1.0,1.0,1.0,1.0
423.0,1.0,1.0,1.0,1.0,1.0,1.0,1.0
423.05,1.0,1.0,1.0,1.0,1.0,1.0,1.0
423.1,1.0,1.0,1.0,1.0,1.0,1.0,1.0
423.15000000000003,1.0,1.0,1.0,1.0,1.0,1.0,1.0
423.20000000000005,1.0,1.0,1.0,1.0,1.0,1.0,1.0
423.25,1.0,1.0,1.0,1.0,1.0,1.0,1.0
423.3,1.0,1.0,1.0,1.0,1.0,1.0,1.0
423.35,1.0,1.0,1.0,1.0,1.0,1.0,1.0
423.40000000000003,1.0,1.0,1.0,1.0,1.0,1.0,1.0
423.45000000000005,1.0,1.0,1.0,1.0,1.0,1.0,1.0
423.5,1.0,1.0,1.0,1.0,1.0,1.0,1.0
423.55,1.0,1.0,1.0,1.0,1.0,1.0,1.0
423.6,1.0,1.0,1.0,1.0,1.0,1.0,1.0
423.65000000000003,1.0,1.0,1.0,1.0,1.0,1.0,1.0
423.70000000000005,1.0,1.0,1.0,1.0,1.0,1.0,1.0
423.75,1.0,1.0,1.0,1.0,1.0,1.0,1.0
423.8,1.0,1.0,1.0,1.0,1.0,1.0,1.0
423.85,1.0,1.0,1.0,1.0,1.0,1.0,1.0
423.90000000000003,1.0,1.0,1.0,1.0,1.0,1.0,1.0
423.95000000000005,1.0,1.0,1.0,1.0,1.0,1.0,1.0
424.0,1.0,1.0,1.0,1.0,1.0,1.0,1.0
424.05,1.0,1.0,1.0,1.0,1.0,1.0,1.0
424.1,1.0,1.0,1.0,1.0,1.0,1.0,1.0
424.15000000000003,1.0,1.0,1.0,1.0,1.0,1.0,1.0
424.20000000000005,1.0,1.0,1.0,1.0,1.0,1.0,1.0
424.25,1.0,1.0,1.0,1.0,1.0,1.0,1.0
424.3,1.0,1.0,1.0,1.0,1.0,1.0,1.0
424.35,1.0,1.0,1.0,1.0,1.0,1.0,1.0
424.40000000000003,1.0,1.0,1.0,1.0,1.0,1.0,1.0
424.45000000000005,1.0,1.0,1.0,1.0,1.0,1.0,1.0
424.5,1.0,1.0,1.0,1.0,1.0,1.0,1.0
424.55,1.0,1.0,1.0,1.0,1.0,1.0,1.0
424.6,1.0,1.0,1.0,1.0,1.0,1.0,1.0
424.65000000000003,1.0,1.0,1.0,1.0,1.0,1.0,1.0
424.70000000000005,1.0,1.0,1.0,1.0,1.0,1.0,1.0
424.75,1.0,1.0,1.0,1.0,1.0,1.0,1.0
424.8,1.0,1.0,1.0,1.0,1.0,1.0,1.0
424.85,1.0,1.0,1.0,1.0,1.0,1.0,1.0
424.90000000000003,1.0,1.0,1.0,1.0,1.0,1.0,1.0
424.95000000000005,1.0,1.0,1.0,1.0,1.0,1.0,1.0
425.0,1.0,1.0,1.0,1.0,1.0,1.0,1.0
425.05,1.0,1.0,1.0,1.0,1.0,1.0,1.0
425.1,1.0,1.0,1.0,1.0,1.0,1.0,1.0
425.15000000000003,1.0,1.0,1.0,1.0,1.0,1.0,1.0
425.20000000000005,1.0,1.0,1.0,1.0,1.0,1.0,1.0
425.25,1.0,1.0,1.0,1.0,1.0,1.0,1.0
425.3,1.0,1.0,1.0,1.0,1.0,1.0,1.0
425.35,1.0,1.0,1.0,1.0,1.0,1.0,1.0
425.40000000000003,1.0,1.0,1.0,1.0,1.0,1.0,1.0
425.45000000000005,1.0,1.0,1.0,1.0,1.0,1.0,1.0
425.5,1.0,1.0,1.0,1.0,1.0,1.0,1.0
425.55,1.0,1.0,1.0,1.0,1.0,1.0,1.0
425.6,1.0,1.0,1.0,1.0,1.0,1.0,1.0
425.65000000000003,1.0,1.0,1.0,1.0,1.0,1.0,1.0
425.70000000000005,1.0,1.0,1.0,1.0,1.0,1.0,1.0
425.75,1.0,1.0,1.0,1.0,1.0,1.0,1.0
425.8,1.0,1.0,1.0,1.0,1.0,1.0,1.0
425.85,1.0,1.0,1.0,1.0,1.0,1.0,1.0
425.90000000000003,1.0,1.0,1.0,1.0,1.0,1.0,1.0
425.95000000000005,1.0,1.0,1.0,1.0,1.0,1.0,1.0
426.0,1.0,1.0,1.0,1.0,1.0,1.0,1.0
426.05,1.0,1.0,1.0,1.0,1.0,1.0,1.0
426.1,1.0,1.0,1.0,1.0,1.0,1.0,1.0
426.15000000000003,1.0,1.0,1.0,1.0,1.0,1.0,1.0
426.20000000000005,1.0,1.0,1.0,1.0,1.0,1.0,1.0
426.25,1.0,1.0,1.0,1.0,1.0,1.0,1.0
426.3,1.0,1.0,1.0,1.0,1.0,1.0,1.0
426.35,1.0,1.0,1.0,1.0,1.0,1.0,1.0
426.40000000000003,1.0,1.0,1.0,1.0,1.0,1.0,1.0
426.45000000000005,1.0,1.0,1.0,1.0,1.0,1.0,1.0
426.5,1.0,1.0,1.0,1.0,1.0,1.0,1.0
426.55,1.0,1.0,1.0,1.0,1.0,1.0,1.0
426.6,1.0,1.0,1.0,1.0,1.0,1.0,1.0
426.65000000000003,1.0,1.0,1.0,1.0,1.0,1.0,1.0
426.70000000000005,1.0,1.0,1.0,1.0,1.0,1.0,1.0
426.75,1.0,1.0,1.0,1.0,1.0,1.0,1.0
426.8,1.0,1.0,1.0,1.0,1.0,1.0,1.0
426.85,1.0,1.0,1.0,1.0,1.0,1.0,1.0
426.90000000000003,1.0,1.0,1.0,1.0,1.0,1.0,1.0
426.95000000000005,1.0,1.0,1.0,1.0,1.0,1.0,1.0
427.0,1.0,1.0,1.0,1.0,1.0,1.0,1.0
427.05,1.0,1.0,1.0,1.0,1.0,1.0,1.0
427.1,1.0,1.0,1.0,1.0,1.0,1.0,1.0
427.15000000000003,1.0,1.0,1.0,1.0,1.0,1.0,1.0
427.20000000000005,1.0,1.0,1.0,1.0,1.0,1.0,1.0
427.25,1.0,1.0,1.0,1.0,1.0,1.0,1.0
427.3,1.0,1.0,1.0,1.0,1.0,1.0,1.0
427.35,1.0,1.0,1.0,1.0,1.0,1.0,1.0
427.40000000000003,1.0,1.0,1.0,1.0,1.0,1.0,1.0
427.45000000000005,1.0,1.0,1.0,1.0,1.0,1.0,1.0
427.5,1.0,1.0,1.0,1.0,1.0,1.0,1.0
427.55,1.0,1.0,1.0,1.0,1.0,1.0,1.0
427.6,1.0,1.0,1.0,1.0,1.0,1.0,1.0
427.65000000000003,1.0,1.0,1.0,1.0,1.0,1.0,1.0
427.70000000000005,1.0,1.0,1.0,1.0,1.0,1.0,1.0
427.75,1.0,1.0,1.0,1.0,1.0,1.0,1.0
427.8,1.0,1.0,1.0,1.0,1.0,1.0,1.0
427.85,1.0,1.0,1.0,1.0,1.0,1.0,1.0
427.90000000000003,1.0,1.0,1.0,1.0,1.0,1.0,1.0
427.95000000000005,1.0,1.0,1.0,1.0,1.0,1.0,1.0
428.0,1.0,1.0,1.0,1.0,1.0,1.0,1.0
428.05,1.0,1.0,1.0,1.0,1.0,1.0,1.0
428.1,1.0,1.0,1.0,1.0,1.0,1.0,1.0
428.15000000000003,1.0,1.0,1.0,1.0,1.0,1.0,1.0
428.20000000000005,1.0,1.0,1.0,1.0,1.0,1.0,1.0
428.25,1.0,1.0,1.0,1.0,1.0,1.0,1.0
428.3,1.0,1.0,1.0,1.0,1.0,1.0,1.0
428.35,1.0,1.0,1.0,1.0,1.0,1.0,1.0
428.40000000000003,1.0,1.0,1.0,1.0,1.0,1.0,1.0
428.45000000000005,1.0,1.0,1.0,1.0,1.0,1.0,1.0
428.5,1.0,1.0,1.0,1.0,1.0,1.0,1.0
428.55,1.0,1.0,1.0,1.0,1.0,1.0,1.0
428.6,1.0,1.0,1.0,1.0,1.0,1.0,1.0
428.65000000000003,1.0,1.0,1.0,1.0,1.0,1.0,1.0
428.70000000000005,1.0,1.0,1.0,1.0,1.0,1.0,1.0
428.75,1.0,1.0,1.0,1.0,1.0,1.0,1.0
428.8,1.0,1.0,1.0,1.0,1.0,1.0,1.0
428.85,1.0,1.0,1.0,1.0,1.0,1.0,1.0
428.90000000000003,1.0,1.0,1.0,1.0,1.0,1.0,1.0
428.95000000000005,1.0,1.0,1.0,1.0,1.0,1.0,1.0
429.0,1.0,1.0,1.0,1.0,1.0,1.0,1.0
429.05,1.0,1.0,1.0,1.0,1.0,1.0,1.0
429.1,1.0,1.0,1.0,1.0,1.0,1.0,1.0
429.15000000000003,1.0,1.0,1.0,1.0,1.0,1.0,1.0
429.20000000000005,1.0,1.0,1.0,1.0,1.0,1.0,1.0
429.25,1.0,1.0,1.0,1.0,1.0,1.0,1.0
429.3,1.0,1.0,1.0,1.0,1.0,1.0,1.0
429.35,1.0,1.0,1.0,1.0,1.0,1.0,1.0
429.40000000000003,1.0,1.0,1.0,1.0,1.0,1.0,1.0
429.45000000000005,1.0,1.0,1.0,1.0,1.0,1.0,1.0
429.5,1.0,1.0,1.0,1.0,1.0,1.0,1.0
429.55,1.0,1.0,1.0,1.0,1.0,1.0,1.0
429.6,1.0,1.0,1.0,1.0,1.0,1.0,1.0
429.65000000000003,1.0,1.0,1.0,1.0,1.0,1.0,1.0
429.70000000000005,1.0,1.0,1.0,1.0,1.0,1.0,1.0
429.75,1.0,1.0,1.0,1.0,1.0,1.0,1.0
429.8,1.0,1.0,1.0,1.0,1.0,1.0,1.0
429.85,1.0,1.0,1.0,1.0,1.0,1.0,1.0
429.90000000000003,1.0,1.0,1.0,1.0,1.0,1.0,1.0
429.95000000000005,1.0,1.0,1.0,1.0,1.0,1.0,1.0
430.0,1.0,1.0,1.0,1.0,1.0,1.0,1.0
430.05,1.0,1.0,1.0,1.0,1.0,1.0,1.0
430.1,1.0,1.0,1.0,1.0,1.0,1.0,1.0
430.15000000000003,1.0,1.0,1.0,1.0,1.0,1.0,1.0
430.20000000000005,1.0,1.0,1.0,1.0,1.0,1.0,1.0
430.25,1.0,1.0,1.0,1.0,1.0,1.0,1.0
430.3,1.0,1.0,1.0,1.0,1.0,1.0,1.0
430.35,1.0,1.0,1.0,1.0,1.0,1.0,1.0
430.40000000000003,1.0,1.0,1.0,1.0,1.0,1.0,1.0
430.45000000000005,1.0,1.0,1.0,1.0,1.0,1.0,1.0
430.5,1.0,1.0,1.0,1.0,1.0,1.0,1.0
430.55,1.0,1.0,1.0,1.0,1.0,1.0,1.0
430.6,1.0,1.0,1.0,1.0,1.0,1.0,1.0
430.65000000000003,1.0,1.0,1.0,1.0,1.0,1.0,1.0
430.70000000000005,1.0,1.0,1.0,1.0,1.0,1.0,1.0
430.75,1.0,1.0,1.0,1.0,1.0,1.0,1.0
430.8,1.0,1.0,1.0,1.0,1.0,1.0,1.0
430.85,1.0,1.0,1.0,1.0,1.0,1.0,1.0
430.90000000000003,1.0,1.0,1.0,1.0,1.0,1.0,1.0
430.95000000000005,1.0,1.0,1.0,1.0,1.0,1.0,1.0
431.0,1.0,1.0,1.0,1.0,1.0,1.0,1.0
431.05,1.0,1.0,1.0,1.0,1.0,1.0,1.0
431.1,1.0,1.0,1.0,1.0,1.0,1.0,1.0
431.15000000000003,1.0,1.0,1.0,1.0,1.0,1.0,1.0
431.20000000000005,1.0,1.0,1.0,1.0,1.0,1.0,1.0
431.25,1.0,1.0,1.0,1.0,1.0,1.0,1.0
431.3,1.0,1.0,1.0,1.0,1.0,1.0,1.0
431.35,1.0,1.0,1.0,1.0,1.0,1.0,1.0
431.40000000000003,1.0,1.0,1.0,1.0,1.0,1.0,1.0
431.45000000000005,1.0,1.0,1.0,1.0,1.0,1.0,1.0
431.5,1.0,1.0,1.0,1.0,1.0,1.0,1.0
431.55,1.0,1.0,1.0,1.0,1.0,1.0,1.0
431.6,1.0,1.0,1.0,1.0,1.0,1.0,1.0
431.65000000000003,1.0,1.0,1.0,1.0,1.0,1.0,1.0
431.70000000000005,1.0,1.0,1.0,1.0,1.0,1.0,1.0
431.75,1.0,1.0,1.0,1.0,1.0,1.0,1.0
431.8,1.0,1.0,1.0,1.0,1.0,1.0,1.0
431.85,1.0,1.0,1.0,1.0,1.0,1.0,1.0
431.90000000000003,1.0,1.0,1.0,1.0,1.0,1.0,1.0
431.95000000000005,1.0,1.0,1.0,1.0,1.0,1.0,1.0
432.0,1.0,1.0,1.0,1.0,1.0,1.0,1.0
432.05,1.0,1.0,1.0,1.0,1.0,1.0,1.0
432.1,1.0,1.0,1.0,1.0,1.0,1.0,1.0
432.15000000000003,1.0,1.0,1.0,1.0,1.0,1.0,1.0
432.20000000000005,1.0,1.0,1.0,1.0,1.0,1.0,1.0
432.25,1.0,1.0,1.0,1.0,1.0,1.0,1.0
432.3,1.0,1.0,1.0,1.0,1.0,1.0,1.0
432.35,1.0,1.0,1.0,1.0,1.0,1.0,1.0
432.40000000000003,1.0,1.0,1.0,1.0,1.0,1.0,1.0
432.45000000000005,1.0,1.0,1.0,1.0,1.0,1.0,1.0
432.5,1.0,1.0,1.0,1.0,1.0,1.0,1.0
432.55,1.0,1.0,1.0,1.0,1.0,1.0,1.0
432.6,1.0,1.0,1.0,1.0,1.0,1.0,1.0
432.65000000000003,1.0,1.0,1.0,1.0,1.0,1.0,1.0
432.70000000000005,1.0,1.0,1.0,1.0,1.0,1.0,1.0
432.75,1.0,1.0,1.0,1.0,1.0,1.0,1.0
432.8,1.0,1.0,1.0,1.0,1.0,1.0,1.0
432.85,1.0,1.0,1.0,1.0,1.0,1.0,1.0
432.90000000000003,1.0,1.0,1.0,1.0,1.0,1.0,1.0
432.95000000000005,1.0,1.0,1.0,1.0,1.0,1.0,1.0
433.0,1.0,1.0,1.0,1.0,1.0,1.0,1.0
433.05,1.0,1.0,1.0,1.0,1.0,1.0,1.0
433.1,1.0,1.0,1.0,1.0,1.0,1.0,1.0
433.15000000000003,1.0,1.0,1.0,1.0,1.0,1.0,1.0
433.20000000000005,1.0,1.0,1.0,1.0,1.0,1.0,1.0
433.25,1.0,1.0,1.0,1.0,1.0,1.0,1.0
433.3,1.0,1.0,1.0,1.0,1.0,1.0,1.0
433.35,1.0,1.0,1.0,1.0,1.0,1.0,1.0
433.40000000000003,1.0,1.0,1.0,1.0,1.0,1.0,1.0
433.45000000000005,1.0,1.0,1.0,1.0,1.0,1.0,1.0
433.5,1.0,1.0,1.0,1.0,1.0,1.0,1.0
433.55,1.0,1.0,1.0,1.0,1.0,1.0,1.0
433.6,1.0,1.0,1.0,1.0,1.0,1.0,1.0
433.65000000000003,1.0,1.0,1.0,1.0,1.0,1.0,1.0
433.70000000000005,1.0,1.0,1.0,1.0,1.0,1.0,1.0
433.75,1.0,1.0,1.0,1.0,1.0,1.0,1.0
433.8,1.0,1.0,1.0,1.0,1.0,1.0,1.0
433.85,1.0,1.0,1.0,1.0,1.0,1.0,1.0
433.90000000000003,1.0,1.0,1.0,1.0,1.0,1.0,1.0
433.95000000000005,1.0,1.0,1.0,1.0,1.0,1.0,1.0
434.0,1.0,1.0,1.0,1.0,1.0,1.0,1.0
434.05,1.0,1.0,1.0,1.0,1.0,1.0,1.0
434.1,1.0,1.0,1.0,1.0,1.0,1.0,1.0
434.15000000000003,1.0,1.0,1.0,1.0,1.0,1.0,1.0
434.20000000000005,1.0,1.0,1.0,1.0,1.0,1.0,1.0
434.25,1.0,1.0,1.0,1.0,1.0,1.0,1.0
434.3,1.0,1.0,1.0,1.0,1.0,1.0,1.0
434.35,1.0,1.0,1.0,1.0,1.0,1.0,1.0
434.40000000000003,1.0,1.0,1.0,1.0,1.0,1.0,1.0
434.45000000000005,1.0,1.0,1.0,1.0,1.0,1.0,1.0
434.5,1.0,1.0,1.0,1.0,1.0,1.0,1.0
434.55,1.0,1.0,1.0,1.0,1.0,1.0,1.0
434.6,1.0,1.0,1.0,1.0,1.0,1.0,1.0
434.65000000000003,1.0,1.0,1.0,1.0,1.0,1.0,1.0
434.70000000000005,1.0,1.0,1.0,1.0,1.0,1.0,1.0
434.75,1.0,1.0,1.0,1.0,1.0,1.0,1.0
434.8,1.0,1.0,1.0,1.0,1.0,1.0,1.0
434.85,1.0,1.0,1.0,1.0,1.0,1.0,1.0
434.90000000000003,1.0,1.0,1.0,1.0,1.0,1.0,1.0
434.95000000000005,1.0,1.0,1.0,1.0,1.0,1.0,1.0
435.0,1.0,1.0,1.0,1.0,1.0,1.0,1.0
435.05,1.0,1.0,1.0,1.0,1.0,1.0,1.0
435.1,1.0,1.0,1.0,1.0,1.0,1.0,1.0
435.15000000000003,1.0,1.0,1.0,1.0,1.0,1.0,1.0
435.20000000000005,1.0,1.0,1.0,1.0,1.0,1.0,1.0
435.25,1.0,1.0,1.0,1.0,1.0,1.0,1.0
435.3,1.0,1.0,1.0,1.0,1.0,1.0,1.0
435.35,1.0,1.0,1.0,1.0,1.0,1.0,1.0
435.40000000000003,1.0,1.0,1.0,1.0,1.0,1.0,1.0
435.45000000000005,1.0,1.0,1.0,1.0,1.0,1.0,1.0
435.5,1.0,1.0,1.0,1.0,1.0,1.0,1.0
435.55,1.0,1.0,1.0,1.0,1.0,1.0,1.0
435.6,1.0,1.0,1.0,1.0,1.0,1.0,1.0
435.65000000000003,1.0,1.0,1.0,1.0,1.0,1.0,1.0
435.70000000000005,1.0,1.0,1.0,1.0,1.0,1.0,1.0
435.75,1.0,1.0,1.0,1.0,1.0,1.0,1.0
435.8,1.0,1.0,1.0,1.0,1.0,1.0,1.0
435.85,1.0,1.0,1.0,1.0,1.0,1.0,1.0
435.90000000000003,1.0,1.0,1.0,1.0,1.0,1.0,1.0
435.95000000000005,1.0,1.0,1.0,1.0,1.0,1.0,1.0
436.0,1.0,1.0,1.0,1.0,1.0,1.0,1.0
436.05,1.0,1.0,1.0,1.0,1.0,1.0,1.0
436.1,1.0,1.0,1.0,1.0,1.0,1.0,1.0
436.15000000000003,1.0,1.0,1.0,1.0,1.0,1.0,1.0
436.20000000000005,1.0,1.0,1.0,1.0,1.0,1.0,1.0
436.25,1.0,1.0,1.0,1.0,1.0,1.0,1.0
436.3,1.0,1.0,1.0,1.0,1.0,1.0,1.0
436.35,1.0,1.0,1.0,1.0,1.0,1.0,1.0
436.40000000000003,1.0,1.0,1.0,1.0,1.0,1.0,1.0
436.45000000000005,1.0,1.0,1.0,1.0,1.0,1.0,1.0
436.5,1.0,1.0,1.0,1.0,1.0,1.0,1.0
436.55,1.0,1.0,1.0,1.0,1.0,1.0,1.0
436.6,1.0,1.0,1.0,1.0,1.0,1.0,1.0
436.65000000000003,1.0,1.0,1.0,1.0,1.0,1.0,1.0
436.70000000000005,1.0,1.0,1.0,1.0,1.0,1.0,1.0
436.75,1.0,1.0,1.0,1.0,1.0,1.0,1.0
436.8,1.0,1.0,1.0,1.0,1.0,1.0,1.0
436.85,1.0,1.0,1.0,1.0,1.0,1.0,1.0
436.90000000000003,1.0,1.0,1.0,1.0,1.0,1.0,1.0
436.95000000000005,1.0,1.0,1.0,1.0,1.0,1.0,1.0
437.0,1.0,1.0,1.0,1.0,1.0,1.0,1.0
437.05,1.0,1.0,1.0,1.0,1.0,1.0,1.0
437.1,1.0,1.0,1.0,1.0,1.0,1.0,1.0
437.15000000000003,1.0,1.0,1.0,1.0,1.0,1.0,1.0
437.20000000000005,1.0,1.0,1.0,1.0,1.0,1.0,1.0
437.25,1.0,1.0,1.0,1.0,1.0,1.0,1.0
437.3,1.0,1.0,1.0,1.0,1.0,1.0,1.0
437.35,1.0,1.0,1.0,1.0,1.0,1.0,1.0
437.40000000000003,1.0,1.0,1.0,1.0,1.0,1.0,1.0
437.45000000000005,1.0,1.0,1.0,1.0,1.0,1.0,1.0
437.5,1.0,1.0,1.0,1.0,1.0,1.0,1.0
437.55,1.0,1.0,1.0,1.0,1.0,1.0,1.0
437.6,1.0,1.0,1.0,1.0,1.0,1.0,1.0
437.65000000000003,1.0,1.0,1.0,1.0,1.0,1.0,1.0
437.70000000000005,1.0,1.0,1.0,1.0,1.0,1.0,1.0
437.75,1.0,1.0,1.0,1.0,1.0,1.0,1.0
437.8,1.0,1.0,1.0,1.0,1.0,1.0,1.0
437.85,1.0,1.0,1.0,1.0,1.0,1.0,1.0
437.90000000000003,1.0,1.0,1.0,1.0,1.0,1.0,1.0
437.95000000000005,1.0,1.0,1.0,1.0,1.0,1.0,1.0
438.0,1.0,1.0,1.0,1.0,1.0,1.0,1.0
438.05,1.0,1.0,1.0,1.0,1.0,1.0,1.0
438.1,1.0,1.0,1.0,1.0,1.0,1.0,1.0
438.15000000000003,1.0,1.0,1.0,1.0,1.0,1.0,1.0
438.20000000000005,1.0,1.0,1.0,1.0,1.0,1.0,1.0
438.25,1.0,1.0,1.0,1.0,1.0,1.0,1.0
438.3,1.0,1.0,1.0,1.0,1.0,1.0,1.0
438.35,1.0,1.0,1.0,1.0,1.0,1.0,1.0
438.40000000000003,1.0,1.0,1.0,1.0,1.0,1.0,1.0
438.45000000000005,1.0,1.0,1.0,1.0,1.0,1.0,1.0
438.5,1.0,1.0,1.0,1.0,1.0,1.0,1.0
438.55,1.0,1.0,1.0,1.0,1.0,1.0,1.0
438.6,1.0,1.0,1.0,1.0,1.0,1.0,1.0
438.65000000000003,1.0,1.0,1.0,1.0,1.0,1.0,1.0
438.70000000000005,1.0,1.0,1.0,1.0,1.0,1.0,1.0
438.75,1.0,1.0,1.0,1.0,1.0,1.0,1.0
438.8,1.0,1.0,1.0,1.0,1.0,1.0,1.0
438.85,1.0,1.0,1.0,1.0,1.0,1.0,1.0
438.90000000000003,1.0,1.0,1.0,1.0,1.0,1.0,1.0
438.95000000000005,1.0,1.0,1.0,1.0,1.0,1.0,1.0
439.0,1.0,1.0,1.0,1.0,1.0,1.0,1.0
439.05,1.0,1.0,1.0,1.0,1.0,1.0,1.0
439.1,1.0,1.0,1.0,1.0,1.0,1.0,1.0
439.15000000000003,1.0,1.0,1.0,1.0,1.0,1.0,1.0
439.20000000000005,1.0,1.0,1.0,1.0,1.0,1.0,1.0
439.25,1.0,1.0,1.0,1.0,1.0,1.0,1.0
439.3,1.0,1.0,1.0,1.0,1.0,1.0,1.0
439.35,1.0,1.0,1.0,1.0,1.0,1.0,1.0
439.40000000000003,1.0,1.0,1.0,1.0,1.0,1.0,1.0
439.45000000000005,1.0,1.0,1.0,1.0,1.0,1.0,1.0
439.5,1.0,1.0,1.0,1.0,1.0,1.0,1.0
439.55,1.0,1.0,1.0,1.0,1.0,1.0,1.0
439.6,1.0,1.0,1.0,1.0,1.0,1.0,1.0
439.65000000000003,1.0,1.0,1.0,1.0,1.0,1.0,1.0
439.70000000000005,1.0,1.0,1.0,1.0,1.0,1.0,1.0
439.75,1.0,1.0,1.0,1.0,1.0,1.0,1.0
439.8,1.0,1.0,1.0,1.0,1.0,1.0,1.0
439.85,1.0,1.0,1.0,1.0,1.0,1.0,1.0
439.90000000000003,1.0,1.0,1.0,1.0,1.0,1.0,1.0
439.95000000000005,1.0,1.0,1.0,1.0,1.0,1.0,1.0
440.0,1.0,1.0,1.0,1.0,1.0,1.0,1.0
440.05,1.0,1.0,1.0,1.0,1.0,1.0,1.0
440.1,1.0,1.0,1.0,1.0,1.0,1.0,1.0
440.15000000000003,1.0,1.0,1.0,1.0,1.0,1.0,1.0
440.20000000000005,1.0,1.0,1.0,1.0,1.0,1.0,1.0
440.25,1.0,1.0,1.0,1.0,1.0,1.0,1.0
440.3,1.0,1.0,1.0,1.0,1.0,1.0,1.0
440.35,1.0,1.0,1.0,1.0,1.0,1.0,1.0
440.40000000000003,1.0,1.0,1.0,1.0,1.0,1.0,1.0
440.45000000000005,1.0,1.0,1.0,1.0,1.0,1.0,1.0
440.5,1.0,1.0,1.0,1.0,1.0,1.0,1.0
440.55,1.0,1.0,1.0,1.0,1.0,1.0,1.0
440.6,1.0,1.0,1.0,1.0,1.0,1.0,1.0
440.65000000000003,1.0,1.0,1.0,1.0,1.0,1.0,1.0
440.70000000000005,1.0,1.0,1.0,1.0,1.0,1.0,1.0
440.75,1.0,1.0,1.0,1.0,1.0,1.0,1.0
440.8,1.0,1.0,1.0,1.0,1.0,1.0,1.0
440.85,1.0,1.0,1.0,1.0,1.0,1.0,1.0
440.90000000000003,1.0,1.0,1.0,1.0,1.0,1.0,1.0
440.95000000000005,1.0,1.0,1.0,1.0,1.0,1.0,1.0
441.0,1.0,1.0,1.0,1.0,1.0,1.0,1.0
441.05,1.0,1.0,1.0,1.0,1.0,1.0,1.0
441.1,1.0,1.0,1.0,1.0,1.0,1.0,1.0
441.15000000000003,1.0,1.0,1.0,1.0,1.0,1.0,1.0
441.20000000000005,1.0,1.0,1.0,1.0,1.0,1.0,1.0
441.25,1.0,1.0,1.0,1.0,1.0,1.0,1.0
441.3,1.0,1.0,1.0,1.0,1.0,1.0,1.0
441.35,1.0,1.0,1.0,1.0,1.0,1.0,1.0
441.40000000000003,1.0,1.0,1.0,1.0,1.0,1.0,1.0
441.45000000000005,1.0,1.0,1.0,1.0,1.0,1.0,1.0
441.5,1.0,1.0,1.0,1.0,1.0,1.0,1.0
441.55,1.0,1.0,1.0,1.0,1.0,1.0,1.0
441.6,1.0,1.0,1.0,1.0,1.0,1.0,1.0
441.65000000000003,1.0,1.0,1.0,1.0,1.0,1.0,1.0
441.70000000000005,1.0,1.0,1.0,1.0,1.0,1.0,1.0
441.75,1.0,1.0,1.0,1.0,1.0,1.0,1.0
441.8,1.0,1.0,1.0,1.0,1.0,1.0,1.0
441.85,1.0,1.0,1.0,1.0,1.0,1.0,1.0
441.90000000000003,1.0,1.0,1.0,1.0,1.0,1.0,1.0
441.95000000000005,1.0,1.0,1.0,1.0,1.0,1.0,1.0
442.0,1.0,1.0,1.0,1.0,1.0,1.0,1.0
442.05,1.0,1.0,1.0,1.0,1.0,1.0,1.0
442.1,1.0,1.0,1.0,1.0,1.0,1.0,1.0
442.15000000000003,1.0,1.0,1.0,1.0,1.0,1.0,1.0
442.20000000000005,1.0,1.0,1.0,1.0,1.0,1.0,1.0
442.25,1.0,1.0,1.0,1.0,1.0,1.0,1.0
442.3,1.0,1.0,1.0,1.0,1.0,1.0,1.0
442.35,1.0,1.0,1.0,1.0,1.0,1.0,1.0
442.40000000000003,1.0,1.0,1.0,1.0,1.0,1.0,1.0
442.45000000000005,1.0,1.0,1.0,1.0,1.0,1.0,1.0
442.5,1.0,1.0,1.0,1.0,1.0,1.0,1.0
442.55,1.0,1.0,1.0,1.0,1.0,1.0,1.0
442.6,1.0,1.0,1.0,1.0,1.0,1.0,1.0
442.65000000000003,1.0,1.0,1.0,1.0,1.0,1.0,1.0
442.70000000000005,1.0,1.0,1.0,1.0,1.0,1.0,1.0
442.75,1.0,1.0,1.0,1.0,1.0,1.0,1.0
442.8,1.0,1.0,1.0,1.0,1.0,1.0,1.0
442.85,1.0,1.0,1.0,1.0,1.0,1.0,1.0
442.90000000000003,1.0,1.0,1.0,1.0,1.0,1.0,1.0
442.95000000000005,1.0,1.0,1.0,1.0,1.0,1.0,1.0
443.0,1.0,1.0,1.0,1.0,1.0,1.0,1.0
443.05,1.0,1.0,1.0,1.0,1.0,1.0,1.0
443.1,1.0,1.0,1.0,1.0,1.0,1.0,1.0
443.15000000000003,1.0,1.0,1.0,1.0,1.0,1.0,1.0
443.20000000000005,1.0,1.0,1.0,1.0,1.0,1.0,1.0
443.25,1.0,1.0,1.0,1.0,1.0,1.0,1.0
443.3,1.0,1.0,1.0,1.0,1.0,1.0,1.0
443.35,1.0,1.0,1.0,1.0,1.0,1.0,1.0
443.40000000000003,1.0,1.0,1.0,1.0,1.0,1.0,1.0
443.45000000000005,1.0,1.0,1.0,1.0,1.0,1.0,1.0
443.5,1.0,1.0,1.0,1.0,1.0,1.0,1.0
443.55,1.0,1.0,1.0,1.0,1.0,1.0,1.0
443.6,1.0,1.0,1.0,1.0,1.0,1.0,1.0
443.65000000000003,1.0,1.0,1.0,1.0,1.0,1.0,1.0
443.70000000000005,1.0,1.0,1.0,1.0,1.0,1.0,1.0
443.75,1.0,1.0,1.0,1.0,1.0,1.0,1.0
443.8,1.0,1.0,1.0,1.0,1.0,1.0,1.0
443.85,1.0,1.0,1.0,1.0,1.0,1.0,1.0
443.90000000000003,1.0,1.0,1.0,1.0,1.0,1.0,1.0
443.95000000000005,1.0,1.0,1.0,1.0,1.0,1.0,1.0
444.0,1.0,1.0,1.0,1.0,1.0,1.0,1.0
444.05,1.0,1.0,1.0,1.0,1.0,1.0,1.0
444.1,1.0,1.0,1.0,1.0,1.0,1.0,1.0
444.15000000000003,1.0,1.0,1.0,1.0,1.0,1.0,1.0
444.20000000000005,1.0,1.0,1.0,1.0,1.0,1.0,1.0
444.25,1.0,1.0,1.0,1.0,1.0,1.0,1.0
444.3,1.0,1.0,1.0,1.0,1.0,1.0,1.0
444.35,1.0,1.0,1.0,1.0,1.0,1.0,1.0
444.40000000000003,1.0,1.0,1.0,1.0,1.0,1.0,1.0
444.45000000000005,1.0,1.0,1.0,1.0,1.0,1.0,1.0
444.5,1.0,1.0,1.0,1.0,1.0,1.0,1.0
444.55,1.0,1.0,1.0,1.0,1.0,1.0,1.0
444.6,1.0,1.0,1.0,1.0,1.0,1.0,1.0
444.65000000000003,1.0,1.0,1.0,1.0,1.0,1.0,1.0
444.70000000000005,1.0,1.0,1.0,1.0,1.0,1.0,1.0
444.75,1.0,1.0,1.0,1.0,1.0,1.0,1.0
444.8,1.0,1.0,1.0,1.0,1.0,1.0,1.0
444.85,1.0,1.0,1.0,1.0,1.0,1.0,1.0
444.90000000000003,1.0,1.0,1.0,1.0,1.0,1.0,1.0
444.95000000000005,1.0,1.0,1.0,1.0,1.0,1.0,1.0
445.0,1.0,1.0,1.0,1.0,1.0,1.0,1.0
445.05,1.0,1.0,1.0,1.0,1.0,1.0,1.0
445.1,1.0,1.0,1.0,1.0,1.0,1.0,1.0
445.15000000000003,1.0,1.0,1.0,1.0,1.0,1.0,1.0
445.20000000000005,1.0,1.0,1.0,1.0,1.0,1.0,1.0
445.25,1.0,1.0,1.0,1.0,1.0,1.0,1.0
445.3,1.0,1.0,1.0,1.0,1.0,1.0,1.0
445.35,1.0,1.0,1.0,1.0,1.0,1.0,1.0
445.40000000000003,1.0,1.0,1.0,1.0,1.0,1.0,1.0
445.45000000000005,1.0,1.0,1.0,1.0,1.0,1.0,1.0
445.5,1.0,1.0,1.0,1.0,1.0,1.0,1.0
445.55,1.0,1.0,1.0,1.0,1.0,1.0,1.0
445.6,1.0,1.0,1.0,1.0,1.0,1.0,1.0
445.65000000000003,1.0,1.0,1.0,1.0,1.0,1.0,1.0
445.70000000000005,1.0,1.0,1.0,1.0,1.0,1.0,1.0
445.75,1.0,1.0,1.0,1.0,1.0,1.0,1.0
445.8,1.0,1.0,1.0,1.0,1.0,1.0,1.0
445.85,1.0,1.0,1.0,1.0,1.0,1.0,1.0
445.90000000000003,1.0,1.0,1.0,1.0,1.0,1.0,1.0
445.95000000000005,1.0,1.0,1.0,1.0,1.0,1.0,1.0
446.0,1.0,1.0,1.0,1.0,1.0,1.0,1.0
446.05,1.0,1.0,1.0,1.0,1.0,1.0,1.0
446.1,1.0,1.0,1.0,1.0,1.0,1.0,1.0
446.15000000000003,1.0,1.0,1.0,1.0,1.0,1.0,1.0
446.20000000000005,1.0,1.0,1.0,1.0,1.0,1.0,1.0
446.25,1.0,1.0,1.0,1.0,1.0,1.0,1.0
446.3,1.0,1.0,1.0,1.0,1.0,1.0,1.0
446.35,1.0,1.0,1.0,1.0,1.0,1.0,1.0
446.40000000000003,1.0,1.0,1.0,1.0,1.0,1.0,1.0
446.45000000000005,1.0,1.0,1.0,1.0,1.0,1.0,1.0
446.5,1.0,1.0,1.0,1.0,1.0,1.0,1.0
446.55,1.0,1.0,1.0,1.0,1.0,1.0,1.0
446.6,1.0,1.0,1.0,1.0,1.0,1.0,1.0
446.65000000000003,1.0,1.0,1.0,1.0,1.0,1.0,1.0
446.70000000000005,1.0,1.0,1.0,1.0,1.0,1.0,1.0
446.75,1.0,1.0,1.0,1.0,1.0,1.0,1.0
446.8,1.0,1.0,1.0,1.0,1.0,1.0,1.0
446.85,1.0,1.0,1.0,1.0,1.0,1.0,1.0
446.90000000000003,1.0,1.0,1.0,1.0,1.0,1.0,1.0
446.95000000000005,1.0,1.0,1.0,1.0,1.0,1.0,1.0
447.0,1.0,1.0,1.0,1.0,1.0,1.0,1.0
447.05,1.0,1.0,1.0,1.0,1.0,1.0,1.0
447.1,1.0,1.0,1.0,1.0,1.0,1.0,1.0
447.15000000000003,1.0,1.0,1.0,1.0,1.0,1.0,1.0
447.20000000000005,1.0,1.0,1.0,1.0,1.0,1.0,1.0
447.25,1.0,1.0,1.0,1.0,1.0,1.0,1.0
447.3,1.0,1.0,1.0,1.0,1.0,1.0,1.0
447.35,1.0,1.0,1.0,1.0,1.0,1.0,1.0
447.40000000000003,1.0,1.0,1.0,1.0,1.0,1.0,1.0
447.45000000000005,1.0,1.0,1.0,1.0,1.0,1.0,1.0
447.5,1.0,1.0,1.0,1.0,1.0,1.0,1.0
447.55,1.0,1.0,1.0,1.0,1.0,1.0,1.0
447.6,1.0,1.0,1.0,1.0,1.0,1.0,1.0
447.65000000000003,1.0,1.0,1.0,1.0,1.0,1.0,1.0
447.70000000000005,1.0,1.0,1.0,1.0,1.0,1.0,1.0
447.75,1.0,1.0,1.0,1.0,1.0,1.0,1.0
447.8,1.0,1.0,1.0,1.0,1.0,1.0,1.0
447.85,1.0,1.0,1.0,1.0,1.0,1.0,1.0
447.90000000000003,1.0,1.0,1.0,1.0,1.0,1.0,1.0
447.95000000000005,1.0,1.0,1.0,1.0,1.0,1.0,1.0
448.0,1.0,1.0,1.0,1.0,1.0,1.0,1.0
448.05,1.0,1.0,1.0,1.0,1.0,1.0,1.0
448.1,1.0,1.0,1.0,1.0,1.0,1.0,1.0
448.15000000000003,1.0,1.0,1.0,1.0,1.0,1.0,1.0
448.20000000000005,1.0,1.0,1.0,1.0,1.0,1.0,1.0
448.25,1.0,1.0,1.0,1.0,1.0,1.0,1.0
448.3,1.0,1.0,1.0,1.0,1.0,1.0,1.0
448.35,1.0,1.0,1.0,1.0,1.0,1.0,1.0
448.40000000000003,1.0,1.0,1.0,1.0,1.0,1.0,1.0
448.45000000000005,1.0,1.0,1.0,1.0,1.0,1.0,1.0
448.5,1.0,1.0,1.0,1.0,1.0,1.0,1.0
448.55,1.0,1.0,1.0,1.0,1.0,1.0,1.0
448.6,1.0,1.0,1.0,1.0,1.0,1.0,1.0
448.65000000000003,1.0,1.0,1.0,1.0,1.0,1.0,1.0
448.70000000000005,1.0,1.0,1.0,1.0,1.0,1.0,1.0
448.75,1.0,1.0,1.0,1.0,1.0,1.0,1.0
448.8,1.0,1.0,1.0,1.0,1.0,1.0,1.0
448.85,1.0,1.0,1.0,1.0,1.0,1.0,1.0
448.90000000000003,1.0,1.0,1.0,1.0,1.0,1.0,1.0
448.95000000000005,1.0,1.0,1.0,1.0,1.0,1.0,1.0
449.0,1.0,1.0,1.0,1.0,1.0,1.0,1.0
449.05,1.0,1.0,1.0,1.0,1.0,1.0,1.0
449.1,1.0,1.0,1.0,1.0,1.0,1.0,1.0
449.15000000000003,1.0,1.0,1.0,1.0,1.0,1.0,1.0
449.20000000000005,1.0,1.0,1.0,1.0,1.0,1.0,1.0
449.25,1.0,1.0,1.0,1.0,1.0,1.0,1.0
449.3,1.0,1.0,1.0,1.0,1.0,1.0,1.0
449.35,1.0,1.0,1.0,1.0,1.0,1.0,1.0
449.40000000000003,1.0,1.0,1.0,1.0,1.0,1.0,1.0
449.45000000000005,1.0,1.0,1.0,1.0,1.0,1.0,1.0
449.5,1.0,1.0,1.0,1.0,1.0,1.0,1.0
449.55,1.0,1.0,1.0,1.0,1.0,1.0,1.0
449.6,1.0,1.0,1.0,1.0,1.0,1.0,1.0
449.65000000000003,1.0,1.0,1.0,1.0,1.0,1.0,1.0
449.70000000000005,1.0,1.0,1.0,1.0,1.0,1.0,1.0
449.75,1.0,1.0,1.0,1.0,1.0,1.0,1.0
449.8,1.0,1.0,1.0,1.0,1.0,1.0,1.0
449.85,1.0,1.0,1.0,1.0,1.0,1.0,1.0
449.90000000000003,1.0,1.0,1.0,1.0,1.0,1.0,1.0
449.95000000000005,1.0,1.0,1.0,1.0,1.0,1.0,1.0
450.0,1.0,1.0,1.0,1.0,1.0,1.0,1.0
450.05,1.0,1.0,1.0,1.0,1.0,1.0,1.0
450.1,1.0,1.0,1.0,1.0,1.0,1.0,1.0
450.15000000000003,1.0,1.0,1.0,1.0,1.0,1.0,1.0
450.20000000000005,1.0,1.0,1.0,1.0,1.0,1.0,1.0
450.25,1.0,1.0,1.0,1.0,1.0,1.0,1.0
450.3,1.0,1.0,1.0,1.0,1.0,1.0,1.0
450.35,1.0,1.0,1.0,1.0,1.0,1.0,1.0
450.40000000000003,1.0,1.0,1.0,1.0,1.0,1.0,1.0
450.45000000000005,1.0,1.0,1.0,1.0,1.0,1.0,1.0
450.5,1.0,1.0,1.0,1.0,1.0,1.0,1.0
450.55,1.0,1.0,1.0,1.0,1.0,1.0,1.0
450.6,1.0,1.0,1.0,1.0,1.0,1.0,1.0
450.65000000000003,1.0,1.0,1.0,1.0,1.0,1.0,1.0
450.70000000000005,1.0,1.0,1.0,1.0,1.0,1.0,1.0
450.75,1.0,1.0,1.0,1.0,1.0,1.0,1.0
450.8,1.0,1.0,1.0,1.0,1.0,1.0,1.0
450.85,1.0,1.0,1.0,1.0,1.0,1.0,1.0
450.90000000000003,1.0,1.0,1.0,1.0,1.0,1.0,1.0
450.95000000000005,1.0,1.0,1.0,1.0,1.0,1.0,1.0
451.0,1.0,1.0,1.0,1.0,1.0,1.0,1.0
451.05,1.0,1.0,1.0,1.0,1.0,1.0,1.0
451.1,1.0,1.0,1.0,1.0,1.0,1.0,1.0
451.15000000000003,1.0,1.0,1.0,1.0,1.0,1.0,1.0
451.20000000000005,1.0,1.0,1.0,1.0,1.0,1.0,1.0
451.25,1.0,1.0,1.0,1.0,1.0,1.0,1.0
451.3,1.0,1.0,1.0,1.0,1.0,1.0,1.0
451.35,1.0,1.0,1.0,1.0,1.0,1.0,1.0
451.40000000000003,1.0,1.0,1.0,1.0,1.0,1.0,1.0
451.45000000000005,1.0,1.0,1.0,1.0,1.0,1.0,1.0
451.5,1.0,1.0,1.0,1.0,1.0,1.0,1.0
451.55,1.0,1.0,1.0,1.0,1.0,1.0,1.0
451.6,1.0,1.0,1.0,1.0,1.0,1.0,1.0
451.65000000000003,1.0,1.0,1.0,1.0,1.0,1.0,1.0
451.70000000000005,1.0,1.0,1.0,1.0,1.0,1.0,1.0
451.75,1.0,1.0,1.0,1.0,1.0,1.0,1.0
451.8,1.0,1.0,1.0,1.0,1.0,1.0,1.0
451.85,1.0,1.0,1.0,1.0,1.0,1.0,1.0
451.90000000000003,1.0,1.0,1.0,1.0,1.0,1.0,1.0
451.95000000000005,1.0,1.0,1.0,1.0,1.0,1.0,1.0
452.0,1.0,1.0,1.0,1.0,1.0,1.0,1.0
452.05,1.0,1.0,1.0,1.0,1.0,1.0,1.0
452.1,1.0,1.0,1.0,1.0,1.0,1.0,1.0
452.15000000000003,1.0,1.0,1.0,1.0,1.0,1.0,1.0
452.20000000000005,1.0,1.0,1.0,1.0,1.0,1.0,1.0
452.25,1.0,1.0,1.0,1.0,1.0,1.0,1.0
452.3,1.0,1.0,1.0,1.0,1.0,1.0,1.0
452.35,1.0,1.0,1.0,1.0,1.0,1.0,1.0
452.40000000000003,1.0,1.0,1.0,1.0,1.0,1.0,1.0
452.45000000000005,1.0,1.0,1.0,1.0,1.0,1.0,1.0
452.5,1.0,1.0,1.0,1.0,1.0,1.0,1.0
452.55,1.0,1.0,1.0,1.0,1.0,1.0,1.0
452.6,1.0,1.0,1.0,1.0,1.0,1.0,1.0
452.65000000000003,1.0,1.0,1.0,1.0,1.0,1.0,1.0
452.70000000000005,1.0,1.0,1.0,1.0,1.0,1.0,1.0
452.75,1.0,1.0,1.0,1.0,1.0,1.0,1.0
452.8,1.0,1.0,1.0,1.0,1.0,1.0,1.0
452.85,1.0,1.0,1.0,1.0,1.0,1.0,1.0
452.90000000000003,1.0,1.0,1.0,1.0,1.0,1.0,1.0
452.95000000000005,1.0,1.0,1.0,1.0,1.0,1.0,1.0
453.0,1.0,1.0,1.0,1.0,1.0,1.0,1.0
453.05,1.0,1.0,1.0,1.0,1.0,1.0,1.0
453.1,1.0,1.0,1.0,1.0,1.0,1.0,1.0
453.15000000000003,1.0,1.0,1.0,1.0,1.0,1.0,1.0
453.20000000000005,1.0,1.0,1.0,1.0,1.0,1.0,1.0
453.25,1.0,1.0,1.0,1.0,1.0,1.0,1.0
453.3,1.0,1.0,1.0,1.0,1.0,1.0,1.0
453.35,1.0,1.0,1.0,1.0,1.0,1.0,1.0
453.40000000000003,1.0,1.0,1.0,1.0,1.0,1.0,1.0
453.45000000000005,1.0,1.0,1.0,1.0,1.0,1.0,1.0
453.5,1.0,1.0,1.0,1.0,1.0,1.0,1.0
453.55,1.0,1.0,1.0,1.0,1.0,1.0,1.0
453.6,1.0,1.0,1.0,1.0,1.0,1.0,1.0
453.65000000000003,1.0,1.0,1.0,1.0,1.0,1.0,1.0
453.70000000000005,1.0,1.0,1.0,1.0,1.0,1.0,1.0
453.75,1.0,1.0,1.0,1.0,1.0,1.0,1.0
453.8,1.0,1.0,1.0,1.0,1.0,1.0,1.0
453.85,1.0,1.0,1.0,1.0,1.0,1.0,1.0
453.90000000000003,1.0,1.0,1.0,1.0,1.0,1.0,1.0
453.95000000000005,1.0,1.0,1.0,1.0,1.0,1.0,1.0
454.0,1.0,1.0,1.0,1.0,1.0,1.0,1.0
454.05,1.0,1.0,1.0,1.0,1.0,1.0,1.0
454.1,1.0,1.0,1.0,1.0,1.0,1.0,1.0
454.15000000000003,1.0,1.0,1.0,1.0,1.0,1.0,1.0
454.20000000000005,1.0,1.0,1.0,1.0,1.0,1.0,1.0
454.25,1.0,1.0,1.0,1.0,1.0,1.0,1.0
454.3,1.0,1.0,1.0,1.0,1.0,1.0,1.0
454.35,1.0,1.0,1.0,1.0,1.0,1.0,1.0
454.40000000000003,1.0,1.0,1.0,1.0,1.0,1.0,1.0
454.45000000000005,1.0,1.0,1.0,1.0,1.0,1.0,1.0
454.5,1.0,1.0,1.0,1.0,1.0,1.0,1.0
454.55,1.0,1.0,1.0,1.0,1.0,1.0,1.0
454.6,1.0,1.0,1.0,1.0,1.0,1.0,1.0
454.65000000000003,1.0,1.0,1.0,1.0,1.0,1.0,1.0
454.70000000000005,1.0,1.0,1.0,1.0,1.0,1.0,1.0
454.75,1.0,1.0,1.0,1.0,1.0,1.0,1.0
454.8,1.0,1.0,1.0,1.0,1.0,1.0,1.0
454.85,1.0,1.0,1.0,1.0,1.0,1.0,1.0
454.90000000000003,1.0,1.0,1.0,1.0,1.0,1.0,1.0
454.95000000000005,1.0,1.0,1.0,1.0,1.0,1.0,1.0
455.0,1.0,1.0,1.0,1.0,1.0,1.0,1.0
455.05,1.0,1.0,1.0,1.0,1.0,1.0,1.0
455.1,1.0,1.0,1.0,1.0,1.0,1.0,1.0
455.15000000000003,1.0,1.0,1.0,1.0,1.0,1.0,1.0
455.20000000000005,1.0,1.0,1.0,1.0,1.0,1.0,1.0
455.25,1.0,1.0,1.0,1.0,1.0,1.0,1.0
455.3,1.0,1.0,1.0,1.0,1.0,1.0,1.0
455.35,1.0,1.0,1.0,1.0,1.0,1.0,1.0
455.40000000000003,1.0,1.0,1.0,1.0,1.0,1.0,1.0
455.45000000000005,1.0,1.0,1.0,1.0,1.0,1.0,1.0
455.5,1.0,1.0,1.0,1.0,1.0,1.0,1.0
455.55,1.0,1.0,1.0,1.0,1.0,1.0,1.0
455.6,1.0,1.0,1.0,1.0,1.0,1.0,1.0
455.65000000000003,1.0,1.0,1.0,1.0,1.0,1.0,1.0
455.70000000000005,1.0,1.0,1.0,1.0,1.0,1.0,1.0
455.75,1.0,1.0,1.0,1.0,1.0,1.0,1.0
455.8,1.0,1.0,1.0,1.0,1.0,1.0,1.0
455.85,1.0,1.0,1.0,1.0,1.0,1.0,1.0
455.90000000000003,1.0,1.0,1.0,1.0,1.0,1.0,1.0
455.95000000000005,1.0,1.0,1.0,1.0,1.0,1.0,1.0
456.0,1.0,1.0,1.0,1.0,1.0,1.0,1.0
456.05,1.0,1.0,1.0,1.0,1.0,1.0,1.0
456.1,1.0,1.0,1.0,1.0,1.0,1.0,1.0
456.15000000000003,1.0,1.0,1.0,1.0,1.0,1.0,1.0
456.20000000000005,1.0,1.0,1.0,1.0,1.0,1.0,1.0
456.25,1.0,1.0,1.0,1.0,1.0,1.0,1.0
456.3,1.0,1.0,1.0,1.0,1.0,1.0,1.0
456.35,1.0,1.0,1.0,1.0,1.0,1.0,1.0
456.40000000000003,1.0,1.0,1.0,1.0,1.0,1.0,1.0
456.45000000000005,1.0,1.0,1.0,1.0,1.0,1.0,1.0
456.5,1.0,1.0,1.0,1.0,1.0,1.0,1.0
456.55,1.0,1.0,1.0,1.0,1.0,1.0,1.0
456.6,1.0,1.0,1.0,1.0,1.0,1.0,1.0
456.65000000000003,1.0,1.0,1.0,1.0,1.0,1.0,1.0
456.70000000000005,1.0,1.0,1.0,1.0,1.0,1.0,1.0
456.75,1.0,1.0,1.0,1.0,1.0,1.0,1.0
456.8,1.0,1.0,1.0,1.0,1.0,1.0,1.0
456.85,1.0,1.0,1.0,1.0,1.0,1.0,1.0
456.90000000000003,1.0,1.0,1.0,1.0,1.0,1.0,1.0
456.95000000000005,1.0,1.0,1.0,1.0,1.0,1.0,1.0
457.0,1.0,1.0,1.0,1.0,1.0,1.0,1.0
457.05,1.0,1.0,1.0,1.0,1.0,1.0,1.0
457.1,1.0,1.0,1.0,1.0,1.0,1.0,1.0
457.15000000000003,1.0,1.0,1.0,1.0,1.0,1.0,1.0
457.20000000000005,1.0,1.0,1.0,1.0,1.0,1.0,1.0
457.25,1.0,1.0,1.0,1.0,1.0,1.0,1.0
457.3,1.0,1.0,1.0,1.0,1.0,1.0,1.0
457.35,1.0,1.0,1.0,1.0,1.0,1.0,1.0
457.40000000000003,1.0,1.0,1.0,1.0,1.0,1.0,1.0
457.45000000000005,1.0,1.0,1.0,1.0,1.0,1.0,1.0
457.5,1.0,1.0,1.0,1.0,1.0,1.0,1.0
457.55,1.0,1.0,1.0,1.0,1.0,1.0,1.0
457.6,1.0,1.0,1.0,1.0,1.0,1.0,1.0
457.65000000000003,1.0,1.0,1.0,1.0,1.0,1.0,1.0
457.70000000000005,1.0,1.0,1.0,1.0,1.0,1.0,1.0
457.75,1.0,1.0,1.0,1.0,1.0,1.0,1.0
457.8,1.0,1.0,1.0,1.0,1.0,1.0,1.0
457.85,1.0,1.0,1.0,1.0,1.0,1.0,1.0
457.90000000000003,1.0,1.0,1.0,1.0,1.0,1.0,1.0
457.95000000000005,1.0,1.0,1.0,1.0,1.0,1.0,1.0
458.0,1.0,1.0,1.0,1.0,1.0,1.0,1.0
458.05,1.0,1.0,1.0,1.0,1.0,1.0,1.0
458.1,1.0,1.0,1.0,1.0,1.0,1.0,1.0
458.15000000000003,1.0,1.0,1.0,1.0,1.0,1.0,1.0
458.20000000000005,1.0,1.0,1.0,1.0,1.0,1.0,1.0
458.25,1.0,1.0,1.0,1.0,1.0,1.0,1.0
458.3,1.0,1.0,1.0,1.0,1.0,1.0,1.0
458.35,1.0,1.0,1.0,1.0,1.0,1.0,1.0
458.40000000000003,1.0,1.0,1.0,1.0,1.0,1.0,1.0
458.45000000000005,1.0,1.0,1.0,1.0,1.0,1.0,1.0
458.5,1.0,1.0,1.0,1.0,1.0,1.0,1.0
458.55,1.0,1.0,1.0,1.0,1.0,1.0,1.0
458.6,1.0,1.0,1.0,1.0,1.0,1.0,1.0
458.65000000000003,1.0,1.0,1.0,1.0,1.0,1.0,1.0
458.70000000000005,1.0,1.0,1.0,1.0,1.0,1.0,1.0
458.75,1.0,1.0,1.0,1.0,1.0,1.0,1.0
458.8,1.0,1.0,1.0,1.0,1.0,1.0,1.0
458.85,1.0,1.0,1.0,1.0,1.0,1.0,1.0
458.90000000000003,1.0,1.0,1.0,1.0,1.0,1.0,1.0
458.95000000000005,1.0,1.0,1.0,1.0,1.0,1.0,1.0
459.0,1.0,1.0,1.0,1.0,1.0,1.0,1.0
459.05,1.0,1.0,1.0,1.0,1.0,1.0,1.0
459.1,1.0,1.0,1.0,1.0,1.0,1.0,1.0
459.15000000000003,1.0,1.0,1.0,1.0,1.0,1.0,1.0
459.20000000000005,1.0,1.0,1.0,1.0,1.0,1.0,1.0
459.25,1.0,1.0,1.0,1.0,1.0,1.0,1.0
459.3,1.0,1.0,1.0,1.0,1.0,1.0,1.0
459.35,1.0,1.0,1.0,1.0,1.0,1.0,1.0
459.40000000000003,1.0,1.0,1.0,1.0,1.0,1.0,1.0
459.45000000000005,1.0,1.0,1.0,1.0,1.0,1.0,1.0
459.5,1.0,1.0,1.0,1.0,1.0,1.0,1.0
459.55,1.0,1.0,1.0,1.0,1.0,1.0,1.0
459.6,1.0,1.0,1.0,1.0,1.0,1.0,1.0
459.65000000000003,1.0,1.0,1.0,1.0,1.0,1.0,1.0
459.70000000000005,1.0,1.0,1.0,1.0,1.0,1.0,1.0
459.75,1.0,1.0,1.0,1.0,1.0,1.0,1.0
459.8,1.0,1.0,1.0,1.0,1.0,1.0,1.0
459.85,1.0,1.0,1.0,1.0,1.0,1.0,1.0
459.90000000000003,1.0,1.0,1.0,1.0,1.0,1.0,1.0
459.95000000000005,1.0,1.0,1.0,1.0,1.0,1.0,1.0
460.0,1.0,1.0,1.0,1.0,1.0,1.0,1.0
460.05,1.0,1.0,1.0,1.0,1.0,1.0,1.0
460.1,1.0,1.0,1.0,1.0,1.0,1.0,1.0
460.15000000000003,1.0,1.0,1.0,1.0,1.0,1.0,1.0
460.20000000000005,1.0,1.0,1.0,1.0,1.0,1.0,1.0
460.25,1.0,1.0,1.0,1.0,1.0,1.0,1.0
460.3,1.0,1.0,1.0,1.0,1.0,1.0,1.0
460.35,1.0,1.0,1.0,1.0,1.0,1.0,1.0
460.40000000000003,1.0,1.0,1.0,1.0,1.0,1.0,1.0
460.45000000000005,1.0,1.0,1.0,1.0,1.0,1.0,1.0
460.5,1.0,1.0,1.0,1.0,1.0,1.0,1.0
460.55,1.0,1.0,1.0,1.0,1.0,1.0,1.0
460.6,1.0,1.0,1.0,1.0,1.0,1.0,1.0
460.65000000000003,1.0,1.0,1.0,1.0,1.0,1.0,1.0
460.70000000000005,1.0,1.0,1.0,1.0,1.0,1.0,1.0
460.75,1.0,1.0,1.0,1.0,1.0,1.0,1.0
460.8,1.0,1.0,1.0,1.0,1.0,1.0,1.0
460.85,1.0,1.0,1.0,1.0,1.0,1.0,1.0
460.90000000000003,1.0,1.0,1.0,1.0,1.0,1.0,1.0
460.95000000000005,1.0,1.0,1.0,1.0,1.0,1.0,1.0
461.0,1.0,1.0,1.0,1.0,1.0,1.0,1.0
461.05,1.0,1.0,1.0,1.0,1.0,1.0,1.0
461.1,1.0,1.0,1.0,1.0,1.0,1.0,1.0
461.15000000000003,1.0,1.0,1.0,1.0,1.0,1.0,1.0
461.20000000000005,1.0,1.0,1.0,1.0,1.0,1.0,1.0
461.25,1.0,1.0,1.0,1.0,1.0,1.0,1.0
461.3,1.0,1.0,1.0,1.0,1.0,1.0,1.0
461.35,1.0,1.0,1.0,1.0,1.0,1.0,1.0
461.40000000000003,1.0,1.0,1.0,1.0,1.0,1.0,1.0
461.45000000000005,1.0,1.0,1.0,1.0,1.0,1.0,1.0
461.5,1.0,1.0,1.0,1.0,1.0,1.0,1.0
461.55,1.0,1.0,1.0,1.0,1.0,1.0,1.0
461.6,1.0,1.0,1.0,1.0,1.0,1.0,1.0
461.65000000000003,1.0,1.0,1.0,1.0,1.0,1.0,1.0
461.70000000000005,1.0,1.0,1.0,1.0,1.0,1.0,1.0
461.75,1.0,1.0,1.0,1.0,1.0,1.0,1.0
461.8,1.0,1.0,1.0,1.0,1.0,1.0,1.0
461.85,1.0,1.0,1.0,1.0,1.0,1.0,1.0
461.90000000000003,1.0,1.0,1.0,1.0,1.0,1.0,1.0
461.95000000000005,1.0,1.0,1.0,1.0,1.0,1.0,1.0
462.0,1.0,1.0,1.0,1.0,1.0,1.0,1.0
462.05,1.0,1.0,1.0,1.0,1.0,1.0,1.0
462.1,1.0,1.0,1.0,1.0,1.0,1.0,1.0
462.15000000000003,1.0,1.0,1.0,1.0,1.0,1.0,1.0
462.20000000000005,1.0,1.0,1.0,1.0,1.0,1.0,1.0
462.25,1.0,1.0,1.0,1.0,1.0,1.0,1.0
462.3,1.0,1.0,1.0,1.0,1.0,1.0,1.0
462.35,1.0,1.0,1.0,1.0,1.0,1.0,1.0
462.40000000000003,1.0,1.0,1.0,1.0,1.0,1.0,1.0
462.45000000000005,1.0,1.0,1.0,1.0,1.0,1.0,1.0
462.5,1.0,1.0,1.0,1.0,1.0,1.0,1.0
462.55,1.0,1.0,1.0,1.0,1.0,1.0,1.0
462.6,1.0,1.0,1.0,1.0,1.0,1.0,1.0
462.65000000000003,1.0,1.0,1.0,1.0,1.0,1.0,1.0
462.70000000000005,1.0,1.0,1.0,1.0,1.0,1.0,1.0
462.75,1.0,1.0,1.0,1.0,1.0,1.0,1.0
462.8,1.0,1.0,1.0,1.0,1.0,1.0,1.0
462.85,1.0,1.0,1.0,1.0,1.0,1.0,1.0
462.90000000000003,1.0,1.0,1.0,1.0,1.0,1.0,1.0
462.95000000000005,1.0,1.0,1.0,1.0,1.0,1.0,1.0
463.0,1.0,1.0,1.0,1.0,1.0,1.0,1.0
463.05,1.0,1.0,1.0,1.0,1.0,1.0,1.0
463.1,1.0,1.0,1.0,1.0,1.0,1.0,1.0
463.15000000000003,1.0,1.0,1.0,1.0,1.0,1.0,1.0
463.20000000000005,1.0,1.0,1.0,1.0,1.0,1.0,1.0
463.25,1.0,1.0,1.0,1.0,1.0,1.0,1.0
463.3,1.0,1.0,1.0,1.0,1.0,1.0,1.0
463.35,1.0,1.0,1.0,1.0,1.0,1.0,1.0
463.40000000000003,1.0,1.0,1.0,1.0,1.0,1.0,1.0
463.45000000000005,1.0,1.0,1.0,1.0,1.0,1.0,1.0
463.5,1.0,1.0,1.0,1.0,1.0,1.0,1.0
463.55,1.0,1.0,1.0,1.0,1.0,1.0,1.0
463.6,1.0,1.0,1.0,1.0,1.0,1.0,1.0
463.65000000000003,1.0,1.0,1.0,1.0,1.0,1.0,1.0
463.70000000000005,1.0,1.0,1.0,1.0,1.0,1.0,1.0
463.75,1.0,1.0,1.0,1.0,1.0,1.0,1.0
463.8,1.0,1.0,1.0,1.0,1.0,1.0,1.0
463.85,1.0,1.0,1.0,1.0,1.0,1.0,1.0
463.90000000000003,1.0,1.0,1.0,1.0,1.0,1.0,1.0
463.95000000000005,1.0,1.0,1.0,1.0,1.0,1.0,1.0
464.0,1.0,1.0,1.0,1.0,1.0,1.0,1.0
464.05,1.0,1.0,1.0,1.0,1.0,1.0,1.0
464.1,1.0,1.0,1.0,1.0,1.0,1.0,1.0
464.15000000000003,1.0,1.0,1.0,1.0,1.0,1.0,1.0
464.20000000000005,1.0,1.0,1.0,1.0,1.0,1.0,1.0
464.25,1.0,1.0,1.0,1.0,1.0,1.0,1.0
464.3,1.0,1.0,1.0,1.0,1.0,1.0,1.0
464.35,1.0,1.0,1.0,1.0,1.0,1.0,1.0
464.40000000000003,1.0,1.0,1.0,1.0,1.0,1.0,1.0
464.45000000000005,1.0,1.0,1.0,1.0,1.0,1.0,1.0
464.5,1.0,1.0,1.0,1.0,1.0,1.0,1.0
464.55,1.0,1.0,1.0,1.0,1.0,1.0,1.0
464.6,1.0,1.0,1.0,1.0,1.0,1.0,1.0
464.65000000000003,1.0,1.0,1.0,1.0,1.0,1.0,1.0
464.70000000000005,1.0,1.0,1.0,1.0,1.0,1.0,1.0
464.75,1.0,1.0,1.0,1.0,1.0,1.0,1.0
464.8,1.0,1.0,1.0,1.0,1.0,1.0,1.0
464.85,1.0,1.0,1.0,1.0,1.0,1.0,1.0
464.90000000000003,1.0,1.0,1.0,1.0,1.0,1.0,1.0
464.95000000000005,1.0,1.0,1.0,1.0,1.0,1.0,1.0
465.0,1.0,1.0,1.0,1.0,1.0,1.0,1.0
465.05,1.0,1.0,1.0,1.0,1.0,1.0,1.0
465.1,1.0,1.0,1.0,1.0,1.0,1.0,1.0
465.15000000000003,1.0,1.0,1.0,1.0,1.0,1.0,1.0
465.20000000000005,1.0,1.0,1.0,1.0,1.0,1.0,1.0
465.25,1.0,1.0,1.0,1.0,1.0,1.0,1.0
465.3,1.0,1.0,1.0,1.0,1.0,1.0,1.0
465.35,1.0,1.0,1.0,1.0,1.0,1.0,1.0
465.40000000000003,1.0,1.0,1.0,1.0,1.0,1.0,1.0
465.45000000000005,1.0,1.0,1.0,1.0,1.0,1.0,1.0
465.5,1.0,1.0,1.0,1.0,1.0,1.0,1.0
465.55,1.0,1.0,1.0,1.0,1.0,1.0,1.0
465.6,1.0,1.0,1.0,1.0,1.0,1.0,1.0
465.65000000000003,1.0,1.0,1.0,1.0,1.0,1.0,1.0
465.70000000000005,1.0,1.0,1.0,1.0,1.0,1.0,1.0
465.75,1.0,1.0,1.0,1.0,1.0,1.0,1.0
465.8,1.0,1.0,1.0,1.0,1.0,1.0,1.0
465.85,1.0,1.0,1.0,1.0,1.0,1.0,1.0
465.90000000000003,1.0,1.0,1.0,1.0,1.0,1.0,1.0
465.95000000000005,1.0,1.0,1.0,1.0,1.0,1.0,1.0
466.0,1.0,1.0,1.0,1.0,1.0,1.0,1.0
466.05,1.0,1.0,1.0,1.0,1.0,1.0,1.0
466.1,1.0,1.0,1.0,1.0,1.0,1.0,1.0
466.15000000000003,1.0,1.0,1.0,1.0,1.0,1.0,1.0
466.20000000000005,1.0,1.0,1.0,1.0,1.0,1.0,1.0
466.25,1.0,1.0,1.0,1.0,1.0,1.0,1.0
466.3,1.0,1.0,1.0,1.0,1.0,1.0,1.0
466.35,1.0,1.0,1.0,1.0,1.0,1.0,1.0
466.40000000000003,1.0,1.0,1.0,1.0,1.0,1.0,1.0
466.45000000000005,1.0,1.0,1.0,1.0,1.0,1.0,1.0
466.5,1.0,1.0,1.0,1.0,1.0,1.0,1.0
466.55,1.0,1.0,1.0,1.0,1.0,1.0,1.0
466.6,1.0,1.0,1.0,1.0,1.0,1.0,1.0
466.65000000000003,1.0,1.0,1.0,1.0,1.0,1.0,1.0
466.70000000000005,1.0,1.0,1.0,1.0,1.0,1.0,1.0
466.75,1.0,1.0,1.0,1.0,1.0,1.0,1.0
466.8,1.0,1.0,1.0,1.0,1.0,1.0,1.0
466.85,1.0,1.0,1.0,1.0,1.0,1.0,1.0
466.90000000000003,1.0,1.0,1.0,1.0,1.0,1.0,1.0
466.95000000000005,1.0,1.0,1.0,1.0,1.0,1.0,1.0
467.0,1.0,1.0,1.0,1.0,1.0,1.0,1.0
467.05,1.0,1.0,1.0,1.0,1.0,1.0,1.0
467.1,1.0,1.0,1.0,1.0,1.0,1.0,1.0
467.15000000000003,1.0,1.0,1.0,1.0,1.0,1.0,1.0
467.20000000000005,1.0,1.0,1.0,1.0,1.0,1.0,1.0
467.25,1.0,1.0,1.0,1.0,1.0,1.0,1.0
467.3,1.0,1.0,1.0,1.0,1.0,1.0,1.0
467.35,1.0,1.0,1.0,1.0,1.0,1.0,1.0
467.40000000000003,1.0,1.0,1.0,1.0,1.0,1.0,1.0
467.45000000000005,1.0,1.0,1.0,1.0,1.0,1.0,1.0
467.5,1.0,1.0,1.0,1.0,1.0,1.0,1.0
467.55,1.0,1.0,1.0,1.0,1.0,1.0,1.0
467.6,1.0,1.0,1.0,1.0,1.0,1.0,1.0
467.65000000000003,1.0,1.0,1.0,1.0,1.0,1.0,1.0
467.70000000000005,1.0,1.0,1.0,1.0,1.0,1.0,1.0
467.75,1.0,1.0,1.0,1.0,1.0,1.0,1.0
467.8,1.0,1.0,1.0,1.0,1.0,1.0,1.0
467.85,1.0,1.0,1.0,1.0,1.0,1.0,1.0
467.90000000000003,1.0,1.0,1.0,1.0,1.0,1.0,1.0
467.95000000000005,1.0,1.0,1.0,1.0,1.0,1.0,1.0
468.0,1.0,1.0,1.0,1.0,1.0,1.0,1.0
468.05,1.0,1.0,1.0,1.0,1.0,1.0,1.0
468.1,1.0,1.0,1.0,1.0,1.0,1.0,1.0
468.15000000000003,1.0,1.0,1.0,1.0,1.0,1.0,1.0
468.20000000000005,1.0,1.0,1.0,1.0,1.0,1.0,1.0
468.25,1.0,1.0,1.0,1.0,1.0,1.0,1.0
468.3,1.0,1.0,1.0,1.0,1.0,1.0,1.0
468.35,1.0,1.0,1.0,1.0,1.0,1.0,1.0
468.40000000000003,1.0,1.0,1.0,1.0,1.0,1.0,1.0
468.45000000000005,1.0,1.0,1.0,1.0,1.0,1.0,1.0
468.5,1.0,1.0,1.0,1.0,1.0,1.0,1.0
468.55,1.0,1.0,1.0,1.0,1.0,1.0,1.0
468.6,1.0,1.0,1.0,1.0,1.0,1.0,1.0
468.65000000000003,1.0,1.0,1.0,1.0,1.0,1.0,1.0
468.70000000000005,1.0,1.0,1.0,1.0,1.0,1.0,1.0
468.75,1.0,1.0,1.0,1.0,1.0,1.0,1.0
468.8,1.0,1.0,1.0,1.0,1.0,1.0,1.0
468.85,1.0,1.0,1.0,1.0,1.0,1.0,1.0
468.90000000000003,1.0,1.0,1.0,1.0,1.0,1.0,1.0
468.95000000000005,1.0,1.0,1.0,1.0,1.0,1.0,1.0
469.0,1.0,1.0,1.0,1.0,1.0,1.0,1.0
469.05,1.0,1.0,1.0,1.0,1.0,1.0,1.0
469.1,1.0,1.0,1.0,1.0,1.0,1.0,1.0
469.15000000000003,1.0,1.0,1.0,1.0,1.0,1.0,1.0
469.20000000000005,1.0,1.0,1.0,1.0,1.0,1.0,1.0
469.25,1.0,1.0,1.0,1.0,1.0,1.0,1.0
469.3,1.0,1.0,1.0,1.0,1.0,1.0,1.0
469.35,1.0,1.0,1.0,1.0,1.0,1.0,1.0
469.40000000000003,1.0,1.0,1.0,1.0,1.0,1.0,1.0
469.45000000000005,1.0,1.0,1.0,1.0,1.0,1.0,1.0
469.5,1.0,1.0,1.0,1.0,1.0,1.0,1.0
469.55,1.0,1.0,1.0,1.0,1.0,1.0,1.0
469.6,1.0,1.0,1.0,1.0,1.0,1.0,1.0
469.65000000000003,1.0,1.0,1.0,1.0,1.0,1.0,1.0
469.70000000000005,1.0,1.0,1.0,1.0,1.0,1.0,1.0
469.75,1.0,1.0,1.0,1.0,1.0,1.0,1.0
469.8,1.0,1.0,1.0,1.0,1.0,1.0,1.0
469.85,1.0,1.0,1.0,1.0,1.0,1.0,1.0
469.90000000000003,1.0,1.0,1.0,1.0,1.0,1.0,1.0
469.95000000000005,1.0,1.0,1.0,1.0,1.0,1.0,1.0
470.0,1.0,1.0,1.0,1.0,1.0,1.0,1.0
470.05,1.0,1.0,1.0,1.0,1.0,1.0,1.0
470.1,1.0,1.0,1.0,1.0,1.0,1.0,1.0
470.15000000000003,1.0,1.0,1.0,1.0,1.0,1.0,1.0
470.20000000000005,1.0,1.0,1.0,1.0,1.0,1.0,1.0
470.25,1.0,1.0,1.0,1.0,1.0,1.0,1.0
470.3,1.0,1.0,1.0,1.0,1.0,1.0,1.0
470.35,1.0,1.0,1.0,1.0,1.0,1.0,1.0
470.40000000000003,1.0,1.0,1.0,1.0,1.0,1.0,1.0
470.45000000000005,1.0,1.0,1.0,1.0,1.0,1.0,1.0
470.5,1.0,1.0,1.0,1.0,1.0,1.0,1.0
470.55,1.0,1.0,1.0,1.0,1.0,1.0,1.0
470.6,1.0,1.0,1.0,1.0,1.0,1.0,1.0
470.65000000000003,1.0,1.0,1.0,1.0,1.0,1.0,1.0
470.70000000000005,1.0,1.0,1.0,1.0,1.0,1.0,1.0
470.75,1.0,1.0,1.0,1.0,1.0,1.0,1.0
470.8,1.0,1.0,1.0,1.0,1.0,1.0,1.0
470.85,1.0,1.0,1.0,1.0,1.0,1.0,1.0
470.90000000000003,1.0,1.0,1.0,1.0,1.0,1.0,1.0
470.95000000000005,1.0,1.0,1.0,1.0,1.0,1.0,1.0
471.0,1.0,1.0,1.0,1.0,1.0,1.0,1.0
471.05,1.0,1.0,1.0,1.0,1.0,1.0,1.0
471.1,1.0,1.0,1.0,1.0,1.0,1.0,1.0
471.15000000000003,1.0,1.0,1.0,1.0,1.0,1.0,1.0
471.20000000000005,1.0,1.0,1.0,1.0,1.0,1.0,1.0
471.25,1.0,1.0,1.0,1.0,1.0,1.0,1.0
471.3,1.0,1.0,1.0,1.0,1.0,1.0,1.0
471.35,1.0,1.0,1.0,1.0,1.0,1.0,1.0
471.40000000000003,1.0,1.0,1.0,1.0,1.0,1.0,1.0
471.45000000000005,1.0,1.0,1.0,1.0,1.0,1.0,1.0
471.5,1.0,1.0,1.0,1.0,1.0,1.0,1.0
471.55,1.0,1.0,1.0,1.0,1.0,1.0,1.0
471.6,1.0,1.0,1.0,1.0,1.0,1.0,1.0
471.65000000000003,1.0,1.0,1.0,1.0,1.0,1.0,1.0
471.70000000000005,1.0,1.0,1.0,1.0,1.0,1.0,1.0
471.75,1.0,1.0,1.0,1.0,1.0,1.0,1.0
471.8,1.0,1.0,1.0,1.0,1.0,1.0,1.0
471.85,1.0,1.0,1.0,1.0,1.0,1.0,1.0
471.90000000000003,1.0,1.0,1.0,1.0,1.0,1.0,1.0
471.95000000000005,1.0,1.0,1.0,1.0,1.0,1.0,1.0
472.0,1.0,1.0,1.0,1.0,1.0,1.0,1.0
472.05,1.0,1.0,1.0,1.0,1.0,1.0,1.0
472.1,1.0,1.0,1.0,1.0,1.0,1.0,1.0
472.15000000000003,1.0,1.0,1.0,1.0,1.0,1.0,1.0
472.20000000000005,1.0,1.0,1.0,1.0,1.0,1.0,1.0
472.25,1.0,1.0,1.0,1.0,1.0,1.0,1.0
472.3,1.0,1.0,1.0,1.0,1.0,1.0,1.0
472.35,1.0,1.0,1.0,1.0,1.0,1.0,1.0
472.40000000000003,1.0,1.0,1.0,1.0,1.0,1.0,1.0
472.45000000000005,1.0,1.0,1.0,1.0,1.0,1.0,1.0
472.5,1.0,1.0,1.0,1.0,1.0,1.0,1.0
472.55,1.0,1.0,1.0,1.0,1.0,1.0,1.0
472.6,1.0,1.0,1.0,1.0,1.0,1.0,1.0
472.65000000000003,1.0,1.0,1.0,1.0,1.0,1.0,1.0
472.70000000000005,1.0,1.0,1.0,1.0,1.0,1.0,1.0
472.75,1.0,1.0,1.0,1.0,1.0,1.0,1.0
472.8,1.0,1.0,1.0,1.0,1.0,1.0,1.0
472.85,1.0,1.0,1.0,1.0,1.0,1.0,1.0
472.90000000000003,1.0,1.0,1.0,1.0,1.0,1.0,1.0
472.95000000000005,1.0,1.0,1.0,1.0,1.0,1.0,1.0
473.0,1.0,1.0,1.0,1.0,1.0,1.0,1.0
473.05,1.0,1.0,1.0,1.0,1.0,1.0,1.0
473.1,1.0,1.0,1.0,1.0,1.0,1.0,1.0
473.15000000000003,1.0,1.0,1.0,1.0,1.0,1.0,1.0
473.20000000000005,1.0,1.0,1.0,1.0,1.0,1.0,1.0
473.25,1.0,1.0,1.0,1.0,1.0,1.0,1.0
473.3,1.0,1.0,1.0,1.0,1.0,1.0,1.0
473.35,1.0,1.0,1.0,1.0,1.0,1.0,1.0
473.40000000000003,1.0,1.0,1.0,1.0,1.0,1.0,1.0
473.45000000000005,1.0,1.0,1.0,1.0,1.0,1.0,1.0
473.5,1.0,1.0,1.0,1.0,1.0,1.0,1.0
473.55,1.0,1.0,1.0,1.0,1.0,1.0,1.0
473.6,1.0,1.0,1.0,1.0,1.0,1.0,1.0
473.65000000000003,1.0,1.0,1.0,1.0,1.0,1.0,1.0
473.70000000000005,1.0,1.0,1.0,1.0,1.0,1.0,1.0
473.75,1.0,1.0,1.0,1.0,1.0,1.0,1.0
473.8,1.0,1.0,1.0,1.0,1.0,1.0,1.0
473.85,1.0,1.0,1.0,1.0,1.0,1.0,1.0
473.90000000000003,1.0,1.0,1.0,1.0,1.0,1.0,1.0
473.95000000000005,1.0,1.0,1.0,1.0,1.0,1.0,1.0
474.0,1.0,1.0,1.0,1.0,1.0,1.0,1.0
474.05,1.0,1.0,1.0,1.0,1.0,1.0,1.0
474.1,1.0,1.0,1.0,1.0,1.0,1.0,1.0
474.15000000000003,1.0,1.0,1.0,1.0,1.0,1.0,1.0
474.20000000000005,1.0,1.0,1.0,1.0,1.0,1.0,1.0
474.25,1.0,1.0,1.0,1.0,1.0,1.0,1.0
474.3,1.0,1.0,1.0,1.0,1.0,1.0,1.0
474.35,1.0,1.0,1.0,1.0,1.0,1.0,1.0
474.40000000000003,1.0,1.0,1.0,1.0,1.0,1.0,1.0
474.45000000000005,1.0,1.0,1.0,1.0,1.0,1.0,1.0
474.5,1.0,1.0,1.0,1.0,1.0,1.0,1.0
474.55,1.0,1.0,1.0,1.0,1.0,1.0,1.0
474.6,1.0,1.0,1.0,1.0,1.0,1.0,1.0
474.65000000000003,1.0,1.0,1.0,1.0,1.0,1.0,1.0
474.70000000000005,1.0,1.0,1.0,1.0,1.0,1.0,1.0
474.75,1.0,1.0,1.0,1.0,1.0,1.0,1.0
474.8,1.0,1.0,1.0,1.0,1.0,1.0,1.0
474.85,1.0,1.0,1.0,1.0,1.0,1.0,1.0
474.90000000000003,1.0,1.0,1.0,1.0,1.0,1.0,1.0
474.95000000000005,1.0,1.0,1.0,1.0,1.0,1.0,1.0
475.0,1.0,1.0,1.0,1.0,1.0,1.0,1.0
475.05,1.0,1.0,1.0,1.0,1.0,1.0,1.0
475.1,1.0,1.0,1.0,1.0,1.0,1.0,1.0
475.15000000000003,1.0,1.0,1.0,1.0,1.0,1.0,1.0
475.20000000000005,1.0,1.0,1.0,1.0,1.0,1.0,1.0
475.25,1.0,1.0,1.0,1.0,1.0,1.0,1.0
475.3,1.0,1.0,1.0,1.0,1.0,1.0,1.0
475.35,1.0,1.0,1.0,1.0,1.0,1.0,1.0
475.40000000000003,1.0,1.0,1.0,1.0,1.0,1.0,1.0
475.45000000000005,1.0,1.0,1.0,1.0,1.0,1.0,1.0
475.5,1.0,1.0,1.0,1.0,1.0,1.0,1.0
475.55,1.0,1.0,1.0,1.0,1.0,1.0,1.0
475.6,1.0,1.0,1.0,1.0,1.0,1.0,1.0
475.65000000000003,1.0,1.0,1.0,1.0,1.0,1.0,1.0
475.70000000000005,1.0,1.0,1.0,1.0,1.0,1.0,1.0
475.75,1.0,1.0,1.0,1.0,1.0,1.0,1.0
475.8,1.0,1.0,1.0,1.0,1.0,1.0,1.0
475.85,1.0,1.0,1.0,1.0,1.0,1.0,1.0
475.90000000000003,1.0,1.0,1.0,1.0,1.0,1.0,1.0
475.95000000000005,1.0,1.0,1.0,1.0,1.0,1.0,1.0
476.0,1.0,1.0,1.0,1.0,1.0,1.0,1.0
476.05,1.0,1.0,1.0,1.0,1.0,1.0,1.0
476.1,1.0,1.0,1.0,1.0,1.0,1.0,1.0
476.15000000000003,1.0,1.0,1.0,1.0,1.0,1.0,1.0
476.20000000000005,1.0,1.0,1.0,1.0,1.0,1.0,1.0
476.25,1.0,1.0,1.0,1.0,1.0,1.0,1.0
476.3,1.0,1.0,1.0,1.0,1.0,1.0,1.0
476.35,1.0,1.0,1.0,1.0,1.0,1.0,1.0
476.40000000000003,1.0,1.0,1.0,1.0,1.0,1.0,1.0
476.45000000000005,1.0,1.0,1.0,1.0,1.0,1.0,1.0
476.5,1.0,1.0,1.0,1.0,1.0,1.0,1.0
476.55,1.0,1.0,1.0,1.0,1.0,1.0,1.0
476.6,1.0,1.0,1.0,1.0,1.0,1.0,1.0
476.65000000000003,1.0,1.0,1.0,1.0,1.0,1.0,1.0
476.70000000000005,1.0,1.0,1.0,1.0,1.0,1.0,1.0
476.75,1.0,1.0,1.0,1.0,1.0,1.0,1.0
476.8,1.0,1.0,1.0,1.0,1.0,1.0,1.0
476.85,1.0,1.0,1.0,1.0,1.0,1.0,1.0
476.90000000000003,1.0,1.0,1.0,1.0,1.0,1.0,1.0
476.95000000000005,1.0,1.0,1.0,1.0,1.0,1.0,1.0
477.0,1.0,1.0,1.0,1.0,1.0,1.0,1.0
477.05,1.0,1.0,1.0,1.0,1.0,1.0,1.0
477.1,1.0,1.0,1.0,1.0,1.0,1.0,1.0
477.15000000000003,1.0,1.0,1.0,1.0,1.0,1.0,1.0
477.20000000000005,1.0,1.0,1.0,1.0,1.0,1.0,1.0
477.25,1.0,1.0,1.0,1.0,1.0,1.0,1.0
477.3,1.0,1.0,1.0,1.0,1.0,1.0,1.0
477.35,1.0,1.0,1.0,1.0,1.0,1.0,1.0
477.40000000000003,1.0,1.0,1.0,1.0,1.0,1.0,1.0
477.45000000000005,1.0,1.0,1.0,1.0,1.0,1.0,1.0
477.5,1.0,1.0,1.0,1.0,1.0,1.0,1.0
477.55,1.0,1.0,1.0,1.0,1.0,1.0,1.0
477.6,1.0,1.0,1.0,1.0,1.0,1.0,1.0
477.65000000000003,1.0,1.0,1.0,1.0,1.0,1.0,1.0
477.70000000000005,1.0,1.0,1.0,1.0,1.0,1.0,1.0
477.75,1.0,1.0,1.0,1.0,1.0,1.0,1.0
477.8,1.0,1.0,1.0,1.0,1.0,1.0,1.0
477.85,1.0,1.0,1.0,1.0,1.0,1.0,1.0
477.90000000000003,1.0,1.0,1.0,1.0,1.0,1.0,1.0
477.95000000000005,1.0,1.0,1.0,1.0,1.0,1.0,1.0
478.0,1.0,1.0,1.0,1.0,1.0,1.0,1.0
478.05,1.0,1.0,1.0,1.0,1.0,1.0,1.0
478.1,1.0,1.0,1.0,1.0,1.0,1.0,1.0
478.15000000000003,1.0,1.0,1.0,1.0,1.0,1.0,1.0
478.20000000000005,1.0,1.0,1.0,1.0,1.0,1.0,1.0
478.25,1.0,1.0,1.0,1.0,1.0,1.0,1.0
478.3,1.0,1.0,1.0,1.0,1.0,1.0,1.0
478.35,1.0,1.0,1.0,1.0,1.0,1.0,1.0
478.40000000000003,1.0,1.0,1.0,1.0,1.0,1.0,1.0
478.45000000000005,1.0,1.0,1.0,1.0,1.0,1.0,1.0
478.5,1.0,1.0,1.0,1.0,1.0,1.0,1.0
478.55,1.0,1.0,1.0,1.0,1.0,1.0,1.0
478.6,1.0,1.0,1.0,1.0,1.0,1.0,1.0
478.65000000000003,1.0,1.0,1.0,1.0,1.0,1.0,1.0
478.70000000000005,1.0,1.0,1.0,1.0,1.0,1.0,1.0
478.75,1.0,1.0,1.0,1.0,1.0,1.0,1.0
478.8,1.0,1.0,1.0,1.0,1.0,1.0,1.0
478.85,1.0,1.0,1.0,1.0,1.0,1.0,1.0
478.90000000000003,1.0,1.0,1.0,1.0,1.0,1.0,1.0
478.95000000000005,1.0,1.0,1.0,1.0,1.0,1.0,1.0
479.0,1.0,1.0,1.0,1.0,1.0,1.0,1.0
479.05,1.0,1.0,1.0,1.0,1.0,1.0,1.0
479.1,1.0,1.0,1.0,1.0,1.0,1.0,1.0
479.15000000000003,1.0,1.0,1.0,1.0,1.0,1.0,1.0
479.20000000000005,1.0,1.0,1.0,1.0,1.0,1.0,1.0
479.25,1.0,1.0,1.0,1.0,1.0,1.0,1.0
479.3,1.0,1.0,1.0,1.0,1.0,1.0,1.0
479.35,1.0,1.0,1.0,1.0,1.0,1.0,1.0
479.40000000000003,1.0,1.0,1.0,1.0,1.0,1.0,1.0
479.45000000000005,1.0,1.0,1.0,1.0,1.0,1.0,1.0
479.5,1.0,1.0,1.0,1.0,1.0,1.0,1.0
479.55,1.0,1.0,1.0,1.0,1.0,1.0,1.0
479.6,1.0,1.0,1.0,1.0,1.0,1.0,1.0
479.65000000000003,1.0,1.0,1.0,1.0,1.0,1.0,1.0
479.70000000000005,1.0,1.0,1.0,1.0,1.0,1.0,1.0
479.75,1.0,1.0,1.0,1.0,1.0,1.0,1.0
479.8,1.0,1.0,1.0,1.0,1.0,1.0,1.0
479.85,1.0,1.0,1.0,1.0,1.0,1.0,1.0
479.90000000000003,1.0,1.0,1.0,1.0,1.0,1.0,1.0
479.95000000000005,1.0,1.0,1.0,1.0,1.0,1.0,1.0
480.0,1.0,1.0,1.0,1.0,1.0,1.0,1.0
