time_hr,centrality-first,impact-first,betweenness-first,degree-first,closeness-first,hospital-first,random
0.0,0.1244295579821428,0.1244295579821428,0.1244295579821428,0.1244295579821428,0.1244295579821428,0.1244295579821428,0.1244295579821428
0.05,0.1244295579821428,0.1244295579821428,0.1244295579821428,0.12445310301021481,0.12445310301021481,0.1244295579821428,0.12442974405241779
0.1,0.1244295579821428,0.12444866497603815,0.1244295579821428,0.12455560239261043,0.12453992319723362,0.12444866497603815,0.12443168665359061
0.15000000000000002,0.1244295579821428,0.12449535803956527,0.1244295579821428,0.12466566218497165,0.1246302387203817,0.12449810752501805,0.12443369161258638
0.2,0.12443504921959862,0.12454381686956036,0.1244295579821428,0.12479955265056665,0.12474315972745131,0.1245635830662575,0.12443576056850965
0.25,0.12445880801361342,0.1245940940852655,0.12444009667137373,0.12494599519233812,0.12486793539017202,0.12463150630121364,0.12443789517890191
0.30000000000000004,0.12449171967074263,0.12470480386971587,0.12445927045366248,0.12510346737825026,0.1250601825457126,0.12475931510120719,0.1244400971183807
0.35000000000000003,0.12452596917818459,0.12485616465192928,0.1244792363783071,0.12527708201100954,0.12527003173089524,0.1249318484170064,0.12445348551854563
0.4,0.12456178734687219,0.12511542845062823,0.12450001981849897,0.1254569104902435,0.12548755194397632,0.12516203057057582,0.12448910085497815
0.45,0.12460560930370301,0.12539070760736645,0.12452895177675781,0.12564426707194726,0.12571481798719936,0.1254005657180195,0.12453202231729717
0.5,0.12465284989590997,0.1256807058444504,0.12456002340401844,0.1258391695129277,0.12595048715018142,0.12565133663394323,0.12458264602555713
0.55,0.12470391455994283,0.12598920044846457,0.12459431686380763,0.1260408651673841,0.12619454744453248,0.12591737332380945,0.12463494161683938
0.6000000000000001,0.12476128723800221,0.12632461224944216,0.12463429936378145,0.12629139203400364,0.1264494352767454,0.12621225542850373,0.1246889536962025
0.65,0.12482321497609009,0.1266719392872811,0.12467567185541623,0.12656995995661852,0.12671392515428603,0.12651766679692877,0.12474472728456584
0.7000000000000001,0.12488770460225213,0.1270377535050383,0.12472034190921621,0.12685819685749306,0.12698758978564967,0.1268377091980728,0.12480238304253119
0.75,0.124954712002703,0.12742136988987507,0.12477513442079571,0.1271647062981809,0.12727065747978472,0.12720291630601283,0.12490169452434907
0.8,0.12502638156954282,0.12783434342723288,0.12483301281395338,0.12748530639643996,0.1275718605210686,0.12759861246052723,0.12504317358064604
0.8500000000000001,0.12516693112399085,0.1283261941081075,0.12495752624528957,0.12781662103633745,0.12789164929777036,0.12807243523194722,0.12519918752096992
0.9,0.12537516871145446,0.12885639057969184,0.1251491963915666,0.128200262903607,0.1282726981040423,0.1285838329231085,0.1253719445695853
0.9500000000000001,0.12560161114308743,0.12940504016642254,0.1253566642622068,0.12860532531649396,0.12867851760546206,0.1291128925797663,0.12556564710685186
1.0,0.1258403276941161,0.12997260945429503,0.1255798160766025,0.1290238503542517,0.12909780243305224,0.12966465246858505,0.1257664695310754
1.05,0.12608786212764297,0.13055956581294748,0.12581631633573298,0.12945614863996305,0.12953085846010892,0.13023572261276328,0.12597427211850748
1.1,0.12634445815267137,0.131187574220961,0.12606152867876774,0.12990252984047013,0.1299848729744844,0.1308471282367055,0.12618923892798373
1.1500000000000001,0.1266103609338745,0.13186437003271867,0.12631577815849399,0.13036330217335815,0.13045955298750303,0.13150288321258108,0.12641196539397623
1.2000000000000002,0.126885816774025,0.13257241728295807,0.12657935142082327,0.1308387718985779,0.13094921412078045,0.1321847703686962,0.1266425615108054
1.25,0.1271710727803932,0.13330415015188654,0.12685236507633413,0.1313292427958129,0.13145415956293807,0.13290872565012657,0.12688090474984706
1.3,0.1274663765153841,0.13406010753593278,0.12713506274907024,0.13183501562832084,0.13197468918092747,0.13366040294322237,0.12712718231179793
1.35,0.12777197563174902,0.1348408255506593,0.1274276885146724,0.13235638759426807,0.1325110989686341,0.13443643013097778,0.1273815813496943
1.4000000000000001,0.12808811749277993,0.13564683660845156,0.12773048654184543,0.13289365176665593,0.133063680485094,0.13523733278607794,0.1276442886857408
1.4500000000000002,0.12841504877796184,0.13647866846968082,0.12804370071908217,0.13344709652301734,0.13363272028355122,0.13606363243322678,0.1279157480887737
1.5,0.12875301507463258,0.13733684326904852,0.12836757426711812,0.13401700496614152,0.13421849933266017,0.13691584561875167,0.12819700409527918
1.55,0.12910226045627016,0.13822187651897194,0.12870234933765773,0.1346036543371577,0.13482129243120722,0.13779448295728197,0.12848719093479866
1.6,0.12946302704810098,0.13913427609202195,0.12904826659898727,0.1352073154223828,0.135441367617797,0.13870004815737197,0.12878649348637733
1.6500000000000001,0.12983555458079368,0.14007454118457255,0.129405564809158,0.13582825195540585,0.13607908960058648,0.13963303702807983,0.1290950947681377
1.7000000000000002,0.13022007993307713,0.14104316126396604,0.12977896691078222,0.13647120654923459,0.13674300516779125,0.14059393646865526,0.12941317559605942
1.75,0.13061887389078164,0.14204061500163662,0.13016773656479255,0.13713545707662492,0.13742867644904083,0.14158322344362426,0.12974091423547623
1.8,0.13104371923478378,0.14306736919477264,0.13058246725247674,0.13783160562866614,0.1381467089026274,0.14260136394569198,0.13007848604603203
1.85,0.1314820207317647,0.14412387767922377,0.1310105751903754,0.13854707129694838,0.13888452481655678,0.1436488119490095,0.13042606312088814
1.9000000000000001,0.1319340269915752,0.14521058023648342,0.13145232114024963,0.1392821118622373,0.13964238499886059,0.1447260083554708,0.13078381392102423
1.9500000000000002,0.1323999817360957,0.14632790149768854,0.1319079616802839,0.1400369749565158,0.14042053994194842,0.14583337993681933,0.13115190290552112
2.0,0.13288012326241086,0.14747624984768742,0.13237774866777954,0.14081189742930755,0.14121922919191152,0.14697133827544762,0.13153049015875923
2.0500000000000003,0.1333746839001101,0.14865601633231873,0.13286192869388208,0.14160710471945726,0.14203868072394515,0.14814027870686963,0.13191973101550847
2.1,0.13388388946406227,0.1498675735721337,0.13336074253162145,0.1424228102342344,0.14287911032574635,0.14934057926693367,0.132319775684926
2.15,0.1344079587040723,0.15111127468586769,0.13387442457860663,0.14325921473765346,0.14374072099076354,0.1505725996469184,0.13273076887451474
2.2,0.13494710275288443,0.15238745222702976,0.13440320229578412,0.1441165057499217,0.14462370232319077,0.151836680159722,0.13315284941512834
2.25,0.13550152457405074,0.15369641713703158,0.1349472956437271,0.14499485695993797,0.1455282299566069,0.1531331407204079,0.1335861498881395
2.3000000000000003,0.1360714184112299,0.15503845771831476,0.1355069165179802,0.1458944276527686,0.14645446498815834,0.15446227984441477,0.13403079625591421
2.35,0.1366569692405264,0.15641383863096053,0.13608226818503508,0.14681536215402427,0.14740255343017805,0.15582437366676483,0.13448690749675635
2.4000000000000004,0.13725835222751626,0.15782279991627715,0.13667354472055995,0.14775778929304856,0.14837262568111795,0.1572196749856256,0.1349545952455049
2.45,0.13787573219063923,0.159265556050856,0.13728093045154696,0.14872182188681154,0.1493647960176473,0.15864841233357976,0.13543396344098013
2.5,0.13850926307266195,0.16074229503457146,0.1379045994040767,0.14970755624637128,0.1503791621097401,0.16011078907994875,0.13592510798148266
2.5500000000000003,0.1391590874219381,0.16225317751596363,0.13854471475843053,0.150715071707734,0.15141580456053494,0.16160698256749012,0.13642811638955354
2.6,0.13982533588520246,0.163798335958397,0.1392014283133032,0.15174443018889566,0.1524747864727027,0.16313714328674947,0.1369430674872022
2.6500000000000004,0.14050812671364482,0.1653778738503231,0.13987487996088635,0.1527956757748002,0.1535561530430044,0.16470139409129278,0.13747003108280237
2.7,0.1412075652840067,0.16699186496289592,0.140565197174603,0.15386883433188558,0.15465993118665666,0.16629982945697588,0.13800906767084434
2.75,0.14192374363643717,0.16864035265809463,0.14127249451127638,0.15496391315382396,0.15578612919305426,0.1679325147883248,0.13856022814571473
2.8000000000000003,0.14265674003082812,0.17032334925039677,0.14199687312951162,0.15608090063998503,0.1569347364143186,0.1695994857750005,0.1391235535306523
2.85,0.1434066185233266,0.1720408354249212,0.14273842032605802,0.15721976600806833,0.1581057229880587,0.17130074780120866,0.13969907472300064
2.9000000000000004,0.14417342856469134,0.1737927597148185,0.14349720909189828,0.158380459042261,0.1592990395956367,0.17303627541078792,0.14028681225684417
2.95,0.1449572046221224,0.17557903804053132,0.14427329768978617,0.15956290987817812,0.16051461725713317,0.1748060118305666,0.14088677608407627
3.0,0.14575796582614664,0.17739955331338,0.14506672925491718,0.16076702882574054,0.16175236716410127,0.17660986855442395,0.14149896537490306
3.0500000000000003,0.14657571564408994,0.1792541551057431,0.14587753142037485,0.16199270623103212,0.1630121805510878,0.17844772499032024,0.1421233683387374
3.1,0.14741044158160288,0.18114265938990973,0.146705715968945,0.16323981237806473,0.16429392860678363,0.18031942817238233,0.14275996206638292
3.1500000000000004,0.1482621149136431,0.1830648483474703,0.14755127851283062,0.16450819743125428,0.1655974624255439,0.18222479253993207,0.1434087123943485
3.2,0.14913069044623667,0.1850204702508944,0.14841419820273646,0.16579769141928768,0.1669226129998915,0.1841635997851453,0.14406957379206986
3.25,0.1500161063102629,0.18700923941871306,0.14929459090644118,0.16710810426092532,0.16826919125448894,0.18613559877080926,0.144742489272744
3.3000000000000003,0.15091828378841537,0.18903083624548392,0.1501926183885907,0.1684392258331523,0.16963698812192884,0.1881405055194224,0.14542739032841287
3.35,0.15183712717639541,0.19108490730746838,0.15110786129444095,0.1697908260819506,0.1710257746605574,0.19017800327464565,0.14612419688985173
3.4000000000000004,0.1527725236792963,0.19317106554469454,0.15204023136923317,0.17116265517582435,0.17243530221441639,0.19224774263587327,0.1468328173117393
3.45,0.15372434334402382,0.19528889051981554,0.15298962293754592,0.17255444370206585,0.1738653026162091,0.1943493417664395,0.14755314838350186
3.5,0.15469243902848984,0.19743792875390623,0.15395591281402896,0.1739659029056069,0.175315488428121,0.196482386675727,0.14828507536613691
3.5500000000000003,0.15567664640819623,0.19961769413906855,0.15493896025128084,0.17539672497015346,0.17678555323008105,0.19864643157517908,0.14902847205523062
3.6,0.15667678402070426,0.20182766842743993,0.15593860692556505,0.1768465833411551,0.17827517194508083,0.2008409993079588,0.1497832008702943
3.6500000000000004,0.15769265334835897,0.204067301795924,0.15695467696093435,0.17831513309001784,0.1797840012058351,0.20306558185173224,0.1505491129704479
3.7,0.1587249449170777,0.20633601348568462,0.15798697699220965,0.17980201131882292,0.18131167976103746,0.2053196408937874,0.15132604839638705
3.75,0.15977319781718297,0.2086331925151694,0.15903529626712665,0.18130683760467314,0.18285782892030317,0.20760260847743583,0.15211383623847052
3.8000000000000003,0.16083653852512908,0.21095819846515468,0.1600994067878327,0.18282921448264902,0.18442205303675668,0.20991388771838002,0.15291229483067198
3.85,0.16191470332172242,0.21331036233403597,0.1611790634917782,0.18436872796621961,0.1860039400260913,0.21225285358947066,0.15372123197004087
3.9000000000000004,0.16300741243946268,0.21568898746132104,0.16227400447191181,0.18592494810382282,0.18760306192080084,0.2146188537720207,0.1545404451612233
3.95,0.1641143703738741,0.21809335051702688,0.16338395123594762,0.18749742957019988,0.18921897545816097,0.21701120957159184,0.1553697218854974
4.0,0.1652352662318581,0.22052270255443196,0.1645086090043338,0.1890857122909474,0.19085122270042254,0.2194292168959293,0.15620883989368523
4.05,0.16636977411635892,0.22297627012339116,0.16564766704641354,0.19069738342068707,0.19249933168556566,0.2218721472924798,0.15705756752221112
4.1000000000000005,0.16751755354650197,0.2254532564411939,0.16680079905412876,0.19232960259661802,0.19416281710686056,0.22433924904270558,0.15791566403148843
4.15,0.1686782499122305,0.22795284261772264,0.16796766355248122,0.193976536957174,0.1958411810193831,0.22682974831018943,0.15878287996572812
4.2,0.1698523263885784,0.2304741889314663,0.1691479043458292,0.19563768276316032,0.1975339135715407,0.22934285033932322,0.15966198232685613
4.25,0.17104389318184463,0.23301643615274603,0.1703411509989668,0.1973125251676979,0.19924049375958378,0.23187774070117725,0.16055196263061966
4.3,0.17224745248399181,0.23557870691033436,0.1715470193518014,0.19900053899606202,0.2009603902030006,0.23443358658297253,0.16145039937016142
4.3500000000000005,0.17346260464175073,0.2381601070974872,0.17276511206632264,0.20070118954473765,0.20269306193862935,0.23700953811741504,0.16235701504720884
4.4,0.17468893869495422,0.24075972731325734,0.17399501920443333,0.20241393339741934,0.20443795923126057,0.23960472974799835,0.16327152555678837
4.45,0.175926033005071,0.24337664433483475,0.1752374372737325,0.20413821925563486,0.20619452439845826,0.24221828162625414,0.16419364065043945
4.5,0.17717345590768252,0.24600992261654175,0.17649128645170842,0.20587348878162487,0.20796219264728405,0.24484930103681035,0.16512306441232177
4.55,0.17843076638703928,0.24865861581102308,0.1777557036107864,0.20761917745107986,0.20974039292058158,0.24751010897955913,0.16605949574677314
4.6000000000000005,0.17969751477075308,0.25132176830809205,0.1790302361753633,0.20937471541331007,0.2115285487504564,0.25018846856477717,0.1670026288758347
4.65,0.18097324344260426,0.25399841678664425,0.18031442227966132,0.21113952835641125,0.2133260791165747,0.25288208295557946,0.16795215384522252
4.7,0.18225748757138271,0.25668759177501066,0.18160779149342327,0.21291303837498385,0.21513239930690342,0.25559003735101304,0.1689131686448068
4.75,0.18354977585362106,0.2593883192151079,0.18290986556551933,0.21469466483796967,0.2169469217785206,0.25831141163595805,0.16988823061456523
4.800000000000001,0.18484963126803322,0.2620996220257484,0.18422357142152745,0.21648777741751354,0.21876905701614266,0.2610452818681099,0.17086910894886032
4.8500000000000005,0.18615657183943335,0.26483557092845383,0.1855455164165692,0.21829219326111912,0.22059821438604066,0.26379072176116425,0.17185549062751077
4.9,0.18747477037134958,0.2675813577929801,0.1868748005068684,0.2201032643415351,0.22243380298305365,0.2665468041597978,0.17284706113881348
4.95,0.18881150692906082,0.27033557899613836,0.18821092436451725,0.22192109665069315,0.22427523246845,0.26931260250208866,0.17384350499751627
5.0,0.1901544921375819,0.27309728904340363,0.189553384774228,0.22374571386755915,0.22612191389644037,0.27208719226509637,0.174844506259803
5.050000000000001,0.19150325050636569,0.27586554741565095,0.190903311241501,0.22557533030722493,0.22797326052720818,0.27486965238940747,0.17584974903372647
5.1000000000000005,0.19285730569406312,0.27863941999608016,0.19226310672840652,0.2274093800787639,0.2298286886243885,0.27765906667856266,0.1768589179835518
5.15,0.19422181612808437,0.2814179804629904,0.19362967848349716,0.22924730131611934,0.23168761823500716,0.2804545251694048,0.17787169882650744
5.2,0.19559339984257734,0.28420031164447557,0.19501601209471742,0.23108853693242443,0.23354947394996992,0.28325512546952614,0.1788877788204778
5.25,0.19696914382863961,0.2869855068312953,0.19640699678794796,0.23293253535183583,0.23541368564328452,0.2860599740581517,0.17990684724122025
5.300000000000001,0.19835122972518,0.2897726710443588,0.19780214779734584,0.234778751217109,0.23727968918829373,0.2888681875469625,0.18092897584273154
5.3500000000000005,0.1997368987720437,0.2925609222534724,0.19920098232931208,0.2366322530784326,0.2391525341564797,0.2916788938975492,0.18196588555684862
5.4,0.2011254578887803,0.2953493925442134,0.20060302030531996,0.23848869219135083,0.24102785262670456,0.29449123359238,0.18300523919242653
5.45,0.20251645710173588,0.2981372292300243,0.20200778508917472,0.24034591053461227,0.2429044620163946,0.2973043607563757,0.18404674757852982
5.5,0.20390945140263456,0.30092359590686163,0.2034148041966462,0.24220339664846505,0.24478181033498947,0.30011744422640363,0.1850901258406103
5.550000000000001,0.20530400137228533,0.3037076734479839,0.20482360998549928,0.24406064842866965,0.24665846503066688,0.30292966856622816,0.18613509378184012
5.6000000000000005,0.20669967378028375,0.3064886609367158,0.2062337403240349,0.24591717365701354,0.2485339157046847,0.3057402350246887,0.18718137624533823
5.65,0.2080960421591588,0.30926577653529685,0.20764473923635351,0.24777249049841335,0.25040766223892896,0.3085483624351237,0.1882287034564214
5.7,0.20949268735152643,0.31203825828818377,0.20905615752265433,0.24962612796381245,0.25227921527717645,0.31135328805430007,0.18927681134409668
5.75,0.2108891980289324,0.3148053648584521,0.210467553352996,0.2514776263382178,0.25414809667279337,0.3141542683393622,0.19032544184110511
5.800000000000001,0.21228517118118945,0.3175663761962197,0.21187849283305962,0.2533265375733546,0.2560138399023215,0.3169505796615693,0.19137434316191532
5.8500000000000005,0.21368021257514086,0.3203205941382851,0.21328855054057536,0.25517242564454945,0.2578759904445278,0.3197415189558444,0.19242327005816057
5.9,0.2150739371819141,0.3230673429384553,0.21469731003120168,0.25701486687159186,0.2597341061246208,0.3225264043054161,0.19347198405110955
5.95,0.21646596957186076,0.32581247916030687,0.21610436431277263,0.2588534502034515,0.26158775742346146,0.32530457546108693,0.19452838387064642
6.0,0.2178559442765151,0.3285590961789898,0.2175093162869654,0.2606877774668615,0.26343652775171794,0.32807539429492,0.19559277131511393
6.050000000000001,0.21924350611703913,0.331296816925829,0.21891177915757132,0.2625174635789072,0.2652800136890352,0.33083824518838,0.19665680362143292
6.1000000000000005,0.22062831049875922,0.3340250697718514,0.22031137680469476,0.26434213672388207,0.2671178251884057,0.3335925353552144,0.19772031367561668
6.15,0.22201002367153788,0.33674330722180756,0.2217077441243389,0.26616143849479823,0.26894958574604655,0.3363430909683085,0.19878301771254372
6.2,0.22338832295585742,0.3394510060255447,0.22310052733297925,0.267975024000049,0.27077493253719137,0.3390906451197716,0.19984473244798184
6.25,0.2247628969346301,0.34214766722333423,0.2244893842368617,0.26978256193584377,0.27259351651832,0.34182823086797015,0.20090528242916647
6.300000000000001,0.22613344561087964,0.34483281612666805,0.2258739844659019,0.27158373462513175,0.27440500249644295,0.3445553522318191,0.2019645000716963
6.3500000000000005,0.2274996805315695,0.3475060022362434,0.22725400967219644,0.27337823802384503,0.2762090691661619,0.3472715367485031,0.2030222256734699
6.4,0.2288613248779811,0.35016679909907633,0.228629153693293,0.275165781695377,0.2780054091153115,0.34997633542259776,0.20408289635596766
6.45,0.2302181135231653,0.3528148041068647,0.2299991226804945,0.2769460887543107,0.2797937288000821,0.35266932261812495,0.20514607788501668
6.5,0.23156979305710987,0.3554578041371056,0.2313636351926027,0.2787188957804926,0.2815737484905947,0.3553500958954969,0.20620753177603007
6.550000000000001,0.2329161217803802,0.35809727349680864,0.2327224222556292,0.2804839527046222,0.28334520218798265,0.3580182757954705,0.20726713311774642
6.6000000000000005,0.234256869667095,0.3607236990666811,0.23407522738912095,0.2822410239426286,0.28510783879011947,0.3606735055723741,0.20832476465513408
6.65,0.23559181829820355,0.36335381493828844,0.235421806599862,0.2839912000471329,0.28686163006954135,0.3633154508790061,0.20938031667683382
6.7,0.23692076076612412,0.3659749607137074,0.23679989570160812,0.2857348183866829,0.2886061421343984,0.3659437994057263,0.21043368688445185
6.75,0.23824350155189405,0.3685828753796869,0.23818007970996322,0.2874699185248173,0.2903411625972472,0.368558260476362,0.21148768843902904
6.800000000000001,0.23955985637606225,0.37117735554366493,0.2395555378546475,0.28919631722148054,0.2920707148138924,0.37116349989577685,0.21254057211916436
6.8500000000000005,0.2408696520246296,0.373758218623336,0.24092614959501582,0.29091384340657556,0.2937944807958062,0.37376609665260463,0.21359121455540914
6.9,0.24217272615141083,0.3763253021871006,0.24229180731498084,0.2926223379017109,0.2955084833396955,0.3763545194411163,0.21463954881992775
6.95,0.2434689270582488,0.3788784632615062,0.2436524160513756,0.29432165312463043,0.29721256844662614,0.3789367083121941,0.2156855146014116
7.0,0.2447660852901737,0.3814175776089843,0.24500789319130045,0.2960116527778779,0.29890659411495757,0.38150465762712826,0.21672905797709535
7.050000000000001,0.24606040355980913,0.3839425389792071,0.24635816813989717,0.2976922115232515,0.30059043003440705,0.384058187111358,0.21781113839228908
7.1000000000000005,0.24734969881041724,0.38645325833739497,0.24774101145319527,0.29936321464360666,0.30226734763747853,0.38659716214562057,0.21889722246787577
7.15,0.2486430467174311,0.38894966307290413,0.24913719994040248,0.30102455769355996,0.3039406359134612,0.3891233403772921,0.21998254886467516
7.2,0.24992953283693836,0.39143169619140106,0.2505627314087282,0.30267649768558635,0.3056036035500223,0.39164371926168084,0.2210671396421276
7.25,0.25120907569933143,0.39389931549389734,0.25200583631104523,0.3043190197622115,0.30725622306984224,0.39414943885427783,0.22215102255827035
7.300000000000001,0.2524816025487283,0.3963524927458741,0.2534476870618075,0.3059516410662222,0.3088990751024302,0.3966404326022039,0.22323423073657556
7.3500000000000005,0.25374704899553824,0.39879121283966557,0.25488839515083717,0.307574294795526,0.31053139871313246,0.3991249099434586,0.22431680232457113
7.4,0.2550053586607733,0.40121547295320187,0.25632808228288395,0.3091889574398483,0.31215313900108943,0.40159951123099946,0.22539878014536496
7.45,0.25625648281370417,0.40362528170812895,0.2577668797423902,0.3108016607333858,0.31376424993012325,0.4040595741906886,0.22648021134318316
7.5,0.257500380004427,0.4060206583302366,0.25920492773624937,0.3124050649166057,0.31536530311387445,0.40650509172786053,0.2275611470240257
7.550000000000001,0.25875028760936825,0.40840485677036675,0.26064237471647633,0.31399862942221013,0.31695579671467544,0.40893606844872293,0.22864730031697275
7.6000000000000005,0.2599935461071335,0.4107764557588935,0.26207937668474035,0.3155822240445584,0.3185358108682471,0.4113525199317083,0.22978267761937432
7.65,0.2612298724260679,0.41313382562163264,0.263516096480745,0.31715582985559077,0.32010781804123434,0.4137544720043675,0.2309198223060535
7.7,0.2624592590306357,0.41547702100536155,0.26495270305646523,0.3187194340644729,0.32166919762984514,0.4161419600279976,0.2320588607902443
7.75,0.2636817038850995,0.4178061031003486,0.2663893707382686,0.3202730296450279,0.32321995154498645,0.418515028192075,0.23319992239351423
7.800000000000001,0.2648972100806375,0.4201211388695994,0.26782627847896845,0.3218166149691453,0.3247600878951661,0.4208737288204446,0.23434313891636213
7.8500000000000005,0.26610578546684394,0.42242220029763305,0.2692636091018591,0.32335019344710547,0.3262896206084983,0.4232181216910932,0.23548864420660706
7.9,0.2673074422887851,0.42471675070450615,0.2707015485387957,0.32487377317569266,0.3278085690600322,0.42554827337119894,0.23663657372647512
7.95,0.2685021968307209,0.4270003494404733,0.2721402850643741,0.3263873665949027,0.32931695770526337,0.427864256569028,0.23778706411927064
8.0,0.2696900690675277,0.42927040703538943,0.2735878743941804,0.3278909901539804,0.3308148157206269,0.4301661495041095,0.23894025277650346
8.05,0.2708710823247887,0.4315331421745845,0.2750465677269233,0.32938466398745575,0.3323021766517211,0.43245403529698945,0.24009627740632336
8.1,0.2720742464667568,0.433800739321728,0.2765172800159006,0.3308690511218084,0.33377984310974496,0.4347280013797301,0.24125527560409607
8.15,0.2732977725244602,0.4360558453292738,0.2779903493336795,0.3323436822468098,0.3352514466215166,0.4369881389281889,0.24241738442593597
8.200000000000001,0.2745251435570333,0.43831380566133016,0.2794794921585633,0.33380846533498,0.33671276916092585,0.4392345423169775,0.24358273996598923
8.25,0.275761116826128,0.4405705438693893,0.2809766793407759,0.33527397146416155,0.33816385971179796,0.44146908155650527,0.2447514769382464
8.3,0.2769956089339042,0.44282020738303784,0.2824797334852347,0.33673833166613615,0.3396047700142173,0.4437079683671063,0.24593722738546556
8.35,0.2782489908102441,0.445066498198305,0.28398650011934895,0.33821636016013457,0.3410355542711676,0.4459382930357838,0.24713789866071625
8.4,0.27956484857813113,0.447306311563887,0.28550693242704395,0.3397418425976376,0.34247391321767634,0.44815662197278217,0.2483619920544691
8.450000000000001,0.2809089313012273,0.44953949244774305,0.28703206409706716,0.34128928810510833,0.34393040950690545,0.4503725132158222,0.24961916281772722
8.5,0.28225653207679796,0.45177267198613,0.2885698447839574,0.342835119353491,0.34538137187241874,0.45257970457970864,0.25089502364662997
8.55,0.2836067990298865,0.453996308631053,0.2901196553832245,0.34437808246385493,0.3468254514538639,0.45478335218534277,0.25224110286765894
8.6,0.28496382722826286,0.45621277085260215,0.29167475308737,0.3459177176146439,0.3482620924882977,0.456985821162904,0.253603488163094
8.65,0.286324103759005,0.4584207614775249,0.293235324202991,0.34745426422066694,0.3496929780825263,0.4591881713051635,0.25498022827424294
8.700000000000001,0.28768741193939473,0.46062295160999334,0.294801546949491,0.34898856056586613,0.35113500218727867,0.46139044597337575,0.2563846019418119
8.75,0.2890882153736595,0.4628219146622653,0.29637448479897865,0.35052239463060236,0.352576399909843,0.4635999385973134,0.25781787931773337
8.8,0.29051250241487664,0.46501706236290763,0.2979537534405757,0.3520573723093947,0.35401450896220177,0.4658284035939419,0.2592680764184233
8.85,0.29195474783873504,0.4672059061011972,0.29953921516036636,0.3536043631545215,0.3554591865707933,0.4680499306010981,0.26073159019933884
8.9,0.29340502189735984,0.46938952565072567,0.30114433794285644,0.35515011912544625,0.3568988375144264,0.4702733847479901,0.26220873941134354
8.950000000000001,0.29486268126608506,0.4715689427016933,0.3027778765817614,0.35669490361424394,0.3583336532160879,0.47249147837285765,0.2637002916429986
9.0,0.2963276605540288,0.47374116939754146,0.3044194692712428,0.3582389799902369,0.35976382535166507,0.4747109191965609,0.2652061471935418
9.05,0.29780032130210365,0.4759084114660239,0.30606893231957677,0.35978261115353916,0.3611895455304267,0.4769412389184875,0.26672658569378666
9.1,0.29928105029634555,0.4780691327594804,0.30772639284262426,0.36132615030022597,0.3626110049776111,0.47916619318872294,0.26826190254452376
9.15,0.3007851406380063,0.4802231220994243,0.3094283940307777,0.36287034703020127,0.36406494905455755,0.481386039127252,0.2698123855850417
9.200000000000001,0.30229870423456406,0.4823705183366208,0.31116409652153176,0.3644151385943936,0.36554054340602493,0.483601032322278,0.27137831448571464
9.25,0.30382234456292934,0.4845115636342254,0.3129113541169531,0.36596056251285414,0.3670151101065507,0.4858117063215475,0.27296027411525414
9.3,0.305357425818887,0.48664709865449474,0.3146745564838508,0.36751026481971566,0.36848892297892494,0.4880184927760085,0.2745586705505704
9.35,0.3069039634703706,0.48877644749462723,0.31645203553530815,0.3690627089510734,0.3699622549856939,0.4902211958317352,0.27617331141664636
9.4,0.30846147852593636,0.49089972907939783,0.3182411398334454,0.37061663037968207,0.37143537782532743,0.4924200624574951,0.27780443789514275
9.450000000000001,0.31003017080778394,0.49301705708173155,0.3200419995890438,0.37217255653517334,0.372908843763725,0.4946153367510482,0.27945228000497024
9.5,0.3116103835006556,0.4951285398759394,0.3218547317750262,0.37373273794260825,0.3743849307133055,0.49680725968205913,0.28111705601925485
9.55,0.31320245266415536,0.49723428050265145,0.3236800950318217,0.37529524450564994,0.37586173857799776,0.4989960688373233,0.28280116897901275
9.600000000000001,0.3148070619036975,0.4993343766445764,0.32551780908952677,0.3768606659864506,0.37733988979129035,0.5011819981678007,0.28450339483659326
9.65,0.3164258777667681,0.501428920612264,0.3273676852582882,0.3784305775177008,0.37882099488233245,0.5033652777370271,0.2862232455231631
9.700000000000001,0.3180576095307496,0.5035224858723519,0.32922978567386707,0.38000359956502716,0.3803103748327577,0.505546133470526,0.287965376576668
9.75,0.31970256180622625,0.5056121468076482,0.3311044386086824,0.38158794502512916,0.3818049565866218,0.5077247869059189,0.28972693535205596
9.8,0.32136102884216977,0.5076967897251786,0.332992492461745,0.383177883583967,0.38330207712669845,0.5099014549435041,0.2915068715009912
9.850000000000001,0.32303329387046853,0.5097764957798778,0.3348929383080094,0.38477197914654315,0.38480199961867356,0.5120763495971403,0.29330531937408594
9.9,0.3247196284555155,0.5118513409383121,0.3368057832528645,0.3863704397975507,0.3863049819408845,0.514249677745358,0.2951230009531871
9.950000000000001,0.32642029185043464,0.5139213959958346,0.33873101992865984,0.38797346494456775,0.3878112762190686,0.5164216408826827,0.29696004037703355
10.0,0.32813553036158843,0.515986726598048,0.34066862648819496,0.38958124483976464,0.38932112835962973,0.5185924348712413,0.29881595832386737
10.05,0.32986557672308014,0.5180473932660707,0.3426185666245309,0.39119396010867,0.3908347775822745,0.5207622496927922,0.30069082517640155
10.100000000000001,0.3316106494830144,0.520103938340604,0.34458078961668703,0.39281178128729477,0.3923524559529299,0.5229312692013963,0.3025846937147685
10.15,0.3333709524033303,0.522157390632707,0.34655523040073466,0.3944348683689616,0.3938743879179234,0.5250996708770197,0.30449759872328597
10.200000000000001,0.3351466738750647,0.5242063927214637,0.34854180966575254,0.39606337036221634,0.3954007898404652,0.5272676255804276,0.30642955662250404
10.25,0.336937986350932,0.5262509865861196,0.3505404339740634,0.39769742486123516,0.3969318695405308,0.5294352973098007,0.3083805651279495
10.3,0.33874504579713427,0.5282912092690106,0.35255099590512706,0.39933715763015254,0.3984678258392943,0.5316028429595727,0.3103506029369567
10.350000000000001,0.34056799116632674,0.530327092914555,0.35457337422242463,0.4009826822027604,0.4000311341979317,0.5337704120820399,0.31233962944493426
10.4,0.34240694389367243,0.5323586648098438,0.3566074340626328,0.4026340994990288,0.4016303558311595,0.5359381466523713,0.31434758449237177
10.450000000000001,0.3442638326769921,0.5343859474267216,0.35866017990081067,0.4042914974599042,0.40323686159856276,0.5381061808376815,0.316374388143839
10.5,0.346137036391414,0.5364089584652831,0.3607271571215161,0.40595495070182763,0.40485086319090663,0.5402746407708936,0.31841994050017164
10.55,0.3480265961385619,0.5384277108987635,0.3628057440662159,0.40762452019240547,0.4064725617517625,0.5424436443301603,0.32048412154496914
10.600000000000001,0.34993256210881685,0.5404422130198312,0.3648957668299371,0.40930025294863503,0.40810214742504547,0.5446133009246439,0.3225667910264598
10.65,0.3518549649100266,0.5424524684883257,0.3669970392929437,0.4109821817590616,0.4097397989127378,0.5467837112875017,0.3246677883757031
10.700000000000001,0.3537938152373282,0.5444584763805271,0.3691093634123232,0.4126703249311984,0.4113856830441797,0.5489549672769463,0.32678693266202163
10.75,0.3557491035785466,0.5464607478963536,0.37123252952905234,0.4143646860654931,0.41303995435832813,0.5511271516862646,0.32892402258645154
10.8,0.35772079995677103,0.5484594643717079,0.37336631668962866,0.4160652538570736,0.41470762124095817,0.5533003380637149,0.33107883651391085
10.850000000000001,0.35970885371161343,0.5504539640590993,0.37551049298133843,0.41780022070730655,0.41639391354766864,0.5554745905432059,0.3332511325446742
10.9,0.3617131933205614,0.5524442304203794,0.3776648158802296,0.41956627142702596,0.41808949871793766,0.5576499636866905,0.33544064862563827
10.950000000000001,0.36373372626172984,0.554430242636911,0.3798290326108488,0.4213436213034343,0.41979449288828014,0.5598265023391802,0.33764710270174453
11.0,0.36577033891919425,0.5564119756682677,0.3820028805168031,0.42314034827623687,0.42150899822823157,0.5620067319654378,0.33987019290780707
11.05,0.36782989966720236,0.5583894003134391,0.3841860874412093,0.4249454980729632,0.42323310263914066,0.5641895945904447,0.34210959780087585
11.100000000000001,0.369908252490754,0.5603624832747592,0.38637843923514437,0.42675903662779846,0.42496688015576006,0.5663738053818166,0.3443649766331317
11.15,0.372002629474264,0.5623311872247834,0.38857967998203713,0.428580915123429,0.42671204501062865,0.5685593716338841,0.34663596966519017
11.200000000000001,0.37411284571707853,0.5642954708763306,0.3907894178740213,0.430411069978597,0.42847184797114557,0.5707462904440121,0.34892219851955475
11.25,0.37623869558131845,0.5662552890559126,0.39300738224992005,0.43224942286632806,0.43024160117144106,0.5729345486598479,0.3512232665738273
11.3,0.37837995285537984,0.5682105927807616,0.3952334060279198,0.4340958807631316,0.4320213197982885,0.575124122844866,0.3535387593931575
11.350000000000001,0.3805363709633764,0.5701613293396577,0.3974669964705672,0.4359503360293722,0.4338110033268001,0.5773149792628643,0.3558682452012691
11.4,0.38270768322051213,0.5721086954295937,0.39970968316625055,0.437812666520895,0.4356106353717104,0.5795070738820186,0.35821128593452684
11.450000000000001,0.3848936031342117,0.5740515480833379,0.4019617309088034,0.4396827357318807,0.4374201835679501,0.5817003523990336,0.36057232814643186
11.5,0.3870938247506541,0.5759897227309712,0.4042204832322267,0.44156039296879224,0.4392395994813335,0.5838947502838607,0.36294637701343063
11.55,0.3893080588416489,0.5779231550759573,0.40648559954299796,0.443445473555161,0.4410688185500906,0.5860901928453843,0.3653344093783679
11.600000000000001,0.39153610703472513,0.5798517775912051,0.4087567343673411,0.44533779906684956,0.44290776005788934,0.5882895247951457,0.3677341902553459
11.65,0.3937774361779238,0.5817755196229621,0.41103353830946254,0.44723717802361096,0.44475670125102773,0.5905000725555983,0.37014519860464923
11.700000000000001,0.3960316670928864,0.5836943074992295,0.41331565716712937,0.44914340529289154,0.4466152774044429,0.5927138384153201,0.37256690036400986
11.75,0.39829840322371995,0.5856080646427423,0.41560273312876395,0.4510562625678011,0.44848326157682916,0.5949288447746252,0.3749987491875557
11.8,0.40057764718244704,0.5875167116885297,0.41789440544485124,0.4529755193780479,0.45036050968886254,0.5971449855165389,0.3774401872115961
11.850000000000001,0.4028725721529447,0.5894201666060389,0.4201903105958289,0.45490375230288865,0.4522468618710183,0.5993621454063699,0.37989064584537824
11.9,0.4051788604889288,0.5913183448257886,0.4224900827048573,0.45684140165797765,0.45414214263231695,0.6015802002901698,0.38234954658485115
11.950000000000001,0.40749605788384075,0.5932111593704755,0.42479335394610135,0.4587848991060941,0.45604616106212525,0.6037990173131815,0.3848163018473848
12.0,0.4098236963800917,0.5950985209904376,0.4270999685550254,0.46073397385284715,0.4579587110648117,0.606018455157909,0.38729031582531204
12.05,0.41216129514088584,0.5969803383033465,0.42940961730567995,0.4626883447934946,0.45987957162693854,0.6082383643013611,0.389771080815012
12.100000000000001,0.4145088322425207,0.598856517937969,0.43174195187682496,0.4646481919964146,0.4618085071165646,0.6104585872909327,0.39227819559386856
12.15,0.41686536280293895,0.6007269646818126,0.43407986735208853,0.4666127745160773,0.4637493046313824,0.6126789590383129,0.3947932325964334
12.200000000000001,0.41924953248844454,0.6025915816324456,0.4364202375411507,0.46858808992928425,0.4656980059803007,0.6148993071307228,0.39731402391040704
12.25,0.4216462629466359,0.6044502703522399,0.43876271307445147,0.4705678238435192,0.4676541293847032,0.6171248043032596,0.3998399769729434
12.3,0.42405119468448754,0.6063029743154182,0.44110694555825314,0.4725514882487972,0.4696173879000975,0.6193517190537161,0.40237049676187864
12.350000000000001,0.4264638549325304,0.608149723111926,0.4434525879099968,0.47453965489827454,0.47158748195550415,0.621578356021879,0.40490498667817076
12.4,0.42888499085123033,0.6099902500730476,0.4457992946840293,0.47653446908209224,0.4735640998272964,0.6238052756499429,0.4074428494255672
12.450000000000001,0.43131282005959104,0.6118244525336415,0.44815581573173846,0.4785323456793199,0.47554691813892425,0.626032354325765,0.4099834878850394
12.5,0.4337468093393918,0.6136522271123371,0.4505157653516696,0.48053294222002785,0.4775356023852618,0.6282586155084822,0.4125263059815423
12.55,0.43618642166057203,0.6154738807481246,0.4528759884967709,0.482535911572004,0.4795332560338134,0.6304838567440765,0.4150707095406863
12.600000000000001,0.43863111709668356,0.6172892294692088,0.45523615286098273,0.48454090254443016,0.4815389809397806,0.632707871355116,0.4176161071329538
12.65,0.4410803537378132,0.6190984438592182,0.4575959292740231,0.48654756049344955,0.4835497187839116,0.6349304488502552,0.42016191090314337
12.700000000000001,0.4435335885981724,0.6209014978549108,0.4599604437322675,0.48855552792785045,0.48556510193152835,0.6371513753396487,0.4227075373827799
12.75,0.4459902785155822,0.6226976560498236,0.4623365097964026,0.4905644451131007,0.4875847546230162,0.6393704339549743,0.42525240828330624
12.8,0.4484498810401349,0.6244868156587234,0.46471203322851573,0.49257395067199816,0.4896082936099479,0.6415874052727473,0.42779595126794673
12.850000000000001,0.45091976247313936,0.6262688743828885,0.4670867275671699,0.49460120480806313,0.4916353288045222,0.6438020677395917,0.43034001665849114
12.9,0.45339568953068954,0.6280437305761086,0.4694603110433145,0.49663452176180456,0.49366546394052807,0.6460141980981231,0.4328909322424135
12.950000000000001,0.4558731469517039,0.6298112834086642,0.4718325067530103,0.4986681206905693,0.4956982972439921,0.6482235718121018,0.4354390908453535
13.0,0.45835160724821644,0.6315714330288522,0.4742030428162909,0.5007061951890204,0.49773795680600186,0.6504299634895195,0.4379849490001557
13.05,0.46083054785890587,0.6333240807216218,0.4765716525221467,0.5027513909442016,0.4997874978664822,0.652633147302296,0.44053161869407603
13.100000000000001,0.463309451918673,0.6350691449887603,0.47893807445963366,0.5047960815117335,0.5018396287955957,0.6548328974012787,0.4430831012536439
13.15,0.4657878090005572,0.6368066639555712,0.48130205263514325,0.5068399353231157,0.5038930695347197,0.6570289883252628,0.4456302959382314
13.200000000000001,0.4682651158280472,0.6385365052843273,0.48366333657589344,0.5088826238480869,0.5059474049605227,0.6592211954027885,0.44817272384838747
13.25,0.47074087695596956,0.6402585435952488,0.4860216814197222,0.5109238220710599,0.5080022185894288,0.6614100941967249,0.4507099179538114
13.3,0.47321996022579615,0.6419726201542905,0.48837684799129644,0.5129632089484466,0.5100570932620618,0.6635957589320076,0.4532414235395804
13.350000000000001,0.4757092129880188,0.6436786465005483,0.49072860286486797,0.5150101574292135,0.5121116118222444,0.6657769667482749,0.4557667986138808
13.4,0.47819629830975313,0.6453765363080112,0.4930767184137379,0.5170563118228537,0.5141653577887395,0.6679538507688061,0.4582856142766113
13.450000000000001,0.4806807858550296,0.6470662055063718,0.49542097284661074,0.5191059957279044,0.5162237221323788,0.6701269136341217,0.46079745504836905
13.5,0.48316225636017635,0.6487475723955771,0.49776648432565357,0.5211653662017023,0.5182927347147782,0.6722957922945594,0.4633019191594866
13.55,0.48564030206437625,0.6504205577538551,0.5001135282482134,0.5232227062804716,0.5203605478862421,0.6744594821203554,0.465798618798938
13.600000000000001,0.4881145270981187,0.6520850849389661,0.5024626756307684,0.5252839011038775,0.5224329129281424,0.6766177851949047,0.46828718059897995
13.65,0.4905845478290088,0.6537411823396387,0.5048104031092546,0.5273453720084958,0.5245061144739198,0.6787705075717854,0.4707672455072158
13.700000000000001,0.4930503596604636,0.6553887889713017,0.5071539394573427,0.5294042937470511,0.5265771880643713,0.6809174595362397,0.47323846818963317
13.75,0.4955122419495451,0.6570277275303822,0.5094931168424623,0.5314604459941913,0.5286457719967907,0.683058455848587,0.47570051835979527
13.8,0.49796887071134344,0.6586579326087743,0.5118277733554735,0.5335136161099288,0.5307115104378537,0.6851933159690612,0.47815308033671655
13.850000000000001,0.5004199142283554,0.6602801004227329,0.5141577529310019,0.5355635992774058,0.5327740539156491,0.6873218642636532,0.48059585305755814
13.9,0.5028650541054847,0.6618935634777663,0.5164841628275719,0.5376101986123718,0.5348484749787575,0.6894439301906298,0.48302855005305223
13.950000000000001,0.5053091714209178,0.6634981548370091,0.5188057304299214,0.5396532252445928,0.5369272605871085,0.6915593484674816,0.48546012875279454
14.0,0.507761523824277,0.6650938226422838,0.5211222126712682,0.541692498371529,0.5390026253123839,0.6936679592181342,0.4878846283577244
14.05,0.5102077556549096,0.666680518210422,0.5234334762094943,0.5437301017509087,0.5410742704854737,0.6957696081003519,0.49032009901151485
14.100000000000001,0.5126476207795905,0.6682581960576328,0.5257393929840282,0.545783488384835,0.5431498127419088,0.6978641464133368,0.49275205047488957
14.15,0.5150808866393052,0.6698268139161092,0.5280441983879934,0.5478345833044097,0.545228532034773,0.6999514311856181,0.49518112456277763
14.200000000000001,0.5175073341212649,0.6713863327429674,0.5303559029995573,0.5498831986716354,0.547303033696046,0.7020313252434034,0.4976001581275086
14.25,0.5199267573935541,0.6729459416666219,0.5326622907449867,0.5519278884974684,0.5493770354005105,0.7041048926572642,0.5000093533788852
14.3,0.5223389637038856,0.6744984741394855,0.5349632605336201,0.5539685203343425,0.5514476749646764,0.706171243184982,0.5024079733505511
14.350000000000001,0.5247437731440509,0.6760422789284999,0.5372587158241338,0.5560049805499789,0.5535134933002243,0.7082302108009652,0.5047958823549991
14.4,0.5271410183817571,0.6775773448632085,0.5395485644396152,0.5580371631633174,0.5555742672909387,0.7102813424611176,0.5071729574545295
14.450000000000001,0.529530544361634,0.6791036641139541,0.5418327183766216,0.560065181958154,0.5576297840771185,0.7123245311993573,0.5095390880913987
14.5,0.5319122079772851,0.6806212321384197,0.5441110936088825,0.5620900745778786,0.5596968293193605,0.7143596758738413,0.5118941756973614
14.55,0.5342858777163244,0.6821300476257459,0.5463836098863113,0.5641104563731726,0.5617650744933477,0.7163875422214907,0.5142381332845274
14.600000000000001,0.5366514332804094,0.6836301124303678,0.5486549991056957,0.5661262509401596,0.5638304490372397,0.7184079038820328,0.5165708850194637
14.65,0.5390087651823376,0.6851214314994218,0.550934843903587,0.5681373884885348,0.565890430261599,0.7204202008624,0.5188923657825042
14.700000000000001,0.5413635031168434,0.6866040127936128,0.5532090711088109,0.5701438055822268,0.5679486901336288,0.7224241917344715,0.5212025207142288
14.75,0.5437194256880017,0.6880778672017841,0.555477622777013,0.5721454448665875,0.5700085370193452,0.7244198062588573,0.5235013047510773
14.8,0.5460672005023455,0.6895430084495392,0.5577404437737723,0.5741422547834882,0.5720630349964936,0.7264073655979348,0.5257886821520601
14.850000000000001,0.5484067633826429,0.6910008432022594,0.5599974815549126,0.5761341892757103,0.5741120803846773,0.7283869721181767,0.5280646260184985
14.9,0.5507380587348586,0.6924501944174644,0.5622486859467197,0.5781212074820293,0.5761558533914732,0.7303580432275092,0.5303291178087186
14.950000000000001,0.5530755696110532,0.6938940550195554,0.5644971181701601,0.5801032734243989,0.5781946101638723,0.7323205293257842,0.5325821468495776
15.0,0.5554140516519168,0.6953475248980991,0.5667555884613433,0.5820803556886343,0.5802277029450349,0.7342743854779394,0.5348237098466677
15.05,0.5577447052017284,0.6967959800166386,0.5690162621346004,0.5840587683971308,0.5822550689568844,0.7362195712340467,0.5370538103949958
15.100000000000001,0.5600677473915894,0.698236465743139,0.5712745443262992,0.5860471735779422,0.584276654722341,0.7381560504425757,0.539272514792299
15.15,0.5623887400218484,0.6996690240401897,0.5735274757356301,0.5880404678297857,0.5862924157733417,0.7400837910578637,0.5415655957973111
15.200000000000001,0.5647020083166812,0.7010936988984506,0.5757750291833774,0.590038385354773,0.5883023163383374,0.7420027649427798,0.5438555054910498
15.25,0.5670075559905923,0.7025126666416808,0.578017178482489,0.5920321359571323,0.5903063290107239,0.7439129476675495,0.5461402009843774
15.3,0.5693053913388129,0.7039369584855053,0.580253898235176,0.5940220512990837,0.5923044343997015,0.745814318305711,0.5484173772597569
15.350000000000001,0.5715955267243837,0.705353851987156,0.5824851636355255,0.596008377780219,0.5942966207650999,0.7477069106416975,0.5506871837080245
15.4,0.573877978072614,0.7067644768402845,0.584710950278218,0.597990601512912,0.5962828836377383,0.7495919157582833,0.5529497745125325
15.450000000000001,0.5761527643745824,0.7081681304766381,0.5869312339739027,0.5999687360387073,0.5982632254269069,0.7514690768711625,0.5552053080912446
15.5,0.5784213302220673,0.7095645871252116,0.5891459905717512,0.601942796331064,0.6002376550165883,0.7533374846294899,0.55745394654421
15.55,0.5806833231626718,0.7109539081567748,0.5913551957896996,0.6039127984792942,0.6022061873520344,0.7551971364849118,0.5596958551074818
15.600000000000001,0.582937802211851,0.712336230197687,0.5935588250528325,0.6058787593801744,0.6041688430183292,0.7570480322102939,0.5619312016144776
15.65,0.5851847961054966,0.7137167000979957,0.5957568533403543,0.6078406964381721,0.6061256478125645,0.7588901736955006,0.5641601559657163
15.700000000000001,0.5874243343759256,0.7150903559630832,0.5979492550415371,0.6097986272751682,0.608090834331848,0.7607235647466699,0.5663828896078071
15.75,0.5896564469377334,0.7164572650311762,0.600136003821008,0.6117525694504906,0.6100548148988191,0.7625482108896409,0.5685995750224921
15.8,0.5918811636916993,0.7178174949794986,0.602317072493704,0.6137025401920272,0.61201347326378,0.7643641425679017,0.5708103852264996
15.850000000000001,0.5940985141476511,0.7191711137855077,0.6044924329097723,0.6156485561391021,0.6139668596605534,0.7661714876947777,0.5730154932828804
15.9,0.596308527067094,0.7205181895903245,0.6066620558496605,0.6175906330977563,0.6159150274218211,0.7679719127991029,0.5752245734593426
15.950000000000001,0.5985112301262974,0.721868161011602,0.6088259109296059,0.6195287858089948,0.6178580325423803,0.7697640164716735,0.5774320240426243
16.0,0.6007066496004347,0.7232133397201463,0.6109839665176731,0.6214630277305013,0.6197959332466336,0.7715475260464877,0.5796345904183144
16.05,0.6028948100692683,0.7245523790491666,0.613136189660469,0.6233933708322583,0.6217287895617227,0.7733224570125853,0.5818324467392988
16.1,0.6050757341447658,0.7258853492785875,0.6152825460206055,0.625319825406439,0.6236566628976584,0.7750888254079464,0.5840257649975197
16.150000000000002,0.6072494422209417,0.727212320229968,0.6174229998249432,0.6272423998918827,0.6255796156357503,0.7768466477609541,0.5862147146131563
16.2,0.6094159522461088,0.7285333611489406,0.6195580388996845,0.6291611007133864,0.6274977107265818,0.7785961146328176,0.5883994620384247
16.25,0.6115752795176421,0.7298485405918196,0.6216973975531682,0.6310759321359956,0.6294110112987102,0.7803370721544005,0.5905801703762752
16.3,0.613732298653916,0.7311579263166031,0.6238309346280737,0.6329868961344052,0.6313195802792111,0.7820695371982133,0.5927569990142205
16.35,0.6158958646412606,0.7324615851785815,0.6259586110856413,0.6348939922775261,0.6332234800271105,0.7837935265214371,0.5949301032734928
16.400000000000002,0.6180526965043247,0.7337595830307296,0.6280803863698559,0.6367972176282061,0.6351227719806883,0.7855090566575651,0.5971022025668035
16.45,0.6202028052364641,0.7350519846290685,0.6301962184181851,0.6386965666580456,0.6370175163195552,0.7872167847015408,0.599272206196032
16.5,0.6223461985561811,0.7363388535431438,0.6323060636821595,0.640601970741003,0.6389177112061495,0.7889174019093101,0.6014390314530591
16.55,0.6244828808301821,0.7376202520717607,0.6344098771575036,0.6425045346966479,0.6408145290784458,0.790609669974337,0.6036028166809754
16.6,0.626612853016978,0.7388962411641012,0.6365076124235047,0.6444033892582208,0.6427071688699297,0.792293605261849,0.6057636946616134
16.650000000000002,0.6287361126304839,0.7401668803463209,0.6385992216912642,0.6462985207725105,0.644595685464724,0.7939692235140812,0.6079217923574538
16.7,0.6308526537230159,0.7414322276537153,0.6406846558604518,0.6481899128062111,0.646480131063377,0.7956367706108114,0.6100772306693767
16.75,0.6329624668870174,0.742692339568525,0.64276386458415,0.6500775461463235,0.6483605549476696,0.7972962885960071,0.6122301242102677
16.8,0.6350659007492667,0.7439472709634316,0.6448367963413558,0.6519613988137132,0.6502370032643348,0.7989475566506004,0.6143805810944699
16.85,0.6371730363393671,0.7451970750507808,0.6469033985166734,0.6538414460893672,0.6521095188279507,0.8005905883691631,0.6165287027430767
16.900000000000002,0.6392735925271,0.7464418033375496,0.6489636174867233,0.655717660552867,0.6539781409432153,0.802225396506375,0.618674583705034
16.95,0.6413675492115853,0.7476815055860637,0.6510173987127648,0.6575900121325485,0.6558429052467163,0.8038519929513622,0.620818311494027
17.0,0.6434548831124765,0.7489162297804466,0.653064686839008,0.6594584681668043,0.6577038435682361,0.8054703887083825,0.6229599664411054
17.05,0.6455355678670611,0.7501460220987766,0.6551054257960967,0.6613229934759322,0.6595609838115652,0.807080593883573,0.6250996215630091
17.1,0.6476095741402694,0.7513709268909036,0.6571395589092064,0.6631835504439398,0.6614143498547161,0.8086826176774478,0.627237342446139
17.150000000000002,0.6496768697466435,0.752590986661865,0.6591670290102174,0.6650400991096667,0.6632639614693545,0.8102764683828365,0.6293731871461163
17.2,0.6517374197833218,0.7538062420608298,0.6611877785533959,0.6668925972665792,0.6651098342592173,0.8118623472954261,0.6315072061028729
17.25,0.6537911867730744,0.7550167318754786,0.6632017497340319,0.6687410005705792,0.6669519796171876,0.8134400895829152,0.6336394420712032
17.3,0.6558381308164241,0.7562224930317183,0.6652088846094624,0.6705852626551488,0.668790404700668,0.8150096819319143,0.6357699300667013
17.35,0.657878209751889,0.7574235605986155,0.6672091252219252,0.6724253352531446,0.670625112424811,0.8165711291276625,0.6378986973270142
17.400000000000002,0.65991137932338,0.7586287445823952,0.6692024137226895,0.6742611683245583,0.6724561014731107,0.8181244351079173,0.640025763288316
17.45,0.661937593353799,0.7598391813749954,0.6711886924969035,0.6760927101895369,0.6742833663248202,0.8196696029871688,0.6421511395769153
17.5,0.6639568039238952,0.7610454408025206,0.6731679042886309,0.6779199076659772,0.6761068972985913,0.8212066350828413,0.6442748300158934
17.55,0.6659689615554446,0.7622475585739991,0.6751399923255352,0.6797427062109967,0.6779266806116995,0.8227355329446949,0.6463968306466557
17.6,0.6679740153978414,0.7634455687064536,0.6771049004427023,0.6815610500655898,0.6797426984541649,0.8242562973884774,0.6485171297652853
17.650000000000002,0.6699719134172107,0.7646395035541776,0.6790625732050939,0.6833748824017905,0.6815549290770528,0.8257689285300279,0.6506357079735479
17.7,0.6719626025871686,0.7658293938418593,0.6810129560281541,0.685184145471668,0.6833633468941865,0.8272734258219331,0.6527525382444103
17.75,0.6739460290803894,0.7670152687013585,0.6829559952960969,0.6869887807574975,0.6851679225964907,0.8287697880919029,0.6548675860019006
17.8,0.6759221384601639,0.7681971557119216,0.6848916384774315,0.6887887291224548,0.686968623278142,0.8302580135826089,0.6569808092151308
17.85,0.6778908758711663,0.7693750809436186,0.6868198342373051,0.6905839309612148,0.6887654125736931,0.8317380999927395,0.6590921585062772
17.900000000000002,0.6798521862286742,0.7705490690037812,0.6887405325462597,0.6923743263498381,0.6905582508053052,0.8332100445190337,0.6612015772723014
17.95,0.6818060144055276,0.7717191430862166,0.6906536847850286,0.6941598551943564,0.6923470951392221,0.8346738438990775,0.6633090018201655
18.0,0.6837523054161447,0.7728853250229603,0.692559243845025,0.6959404573774977,0.694131899750593,0.8361294944546545,0.665414361515278
18.05,0.6856910045969504,0.7740476353383396,0.6944571642241967,0.6977160729029981,0.6959126159957579,0.8375769921354523,0.6675175789428761
18.1,0.6876220577826084,0.7752060933051048,0.6963474021179529,0.6994866420369941,0.6976891925910963,0.8390163325629572,0.6696185700820318
18.150000000000002,0.6895454114775001,0.7763607170023941,0.6982299155048968,0.7012521054460006,0.6994615757975464,0.8404475110743603,0.6717172444919388
18.2,0.6914610130219128,0.7775115233752865,0.7001046642271214,0.7030124043310166,0.7012297096099019,0.8418705227663327,0.6738135055101048
18.25,0.6933688107524578,0.7786585282957086,0.7019716100648589,0.7047674805573281,0.7029935359500028,0.8432853625385247,0.6759072504620546
18.3,0.6952687541562779,0.7798017466244482,0.7038307168053043,0.7065172767796057,0.7047529948629485,0.8446920251366727,0.6779983708821139
18.35,0.6971607940186298,0.780941192274042,0.7056819503054563,0.7082617365619279,0.706508024715474,0.8460905051951939,0.6800867527448143
18.400000000000002,0.6990448825634942,0.7820768782722988,0.7075252785488522,0.7100008044923987,0.7082585623956501,0.8474807972791768,0.6821722767064333
18.45,0.7009209735868781,0.7832088168262206,0.709360671696102,0.7117344262920455,0.7100045435130835,0.8488628959256772,0.6842548183561503
18.5,0.7027890225825429,0.7843370193861016,0.7111881021291531,0.7134625489177339,0.7117459025988238,0.8502367956842414,0.68633424847627
18.55,0.7046489868599088,0.7854614967095653,0.7130075444892423,0.7151851206588552,0.7134825733042036,0.8516024911565989,0.6884104333109389
18.6,0.7065008256539391,0.7865822589253313,0.7148189757085255,0.7169020912275834,0.7152144885978681,0.852959977035461,0.6904832348427478
18.650000000000002,0.7083445002268445,0.7876993155964918,0.7166223750353924,0.7186134118425258,0.7169415809602844,0.8543092481423852,0.6925525110765853
18.7,0.7101799739614817,0.7888126757830852,0.718417724053507,0.7203190353056315,0.718663782575048,0.8556502994646669,0.6946181163300875
18.75,0.7120072124463623,0.789922348103774,0.7202050066946363,0.7220189160722458,0.7203810255163444,0.8569831261912315,0.6966799015299949
18.8,0.7138261835522184,0.7910283407964238,0.7219842092453439,0.7237130103142313,0.7220932419319515,0.8583077237474992,0.6987377145137084
18.85,0.7156368575001132,0.7921306617774035,0.7237553203476672,0.725401275976119,0.7238003642212159,0.8596240878292168,0.7007914003353151
18.900000000000002,0.7174392069211115,0.7932293186994298,0.7255183309938942,0.7270836728242664,0.7255023252074712,0.8609322144352372,0.7028408015753376
18.95,0.719233206907558,0.7943243190077811,0.7272732345155959,0.7287601624890395,0.7271990583044005,0.8622321004310075,0.7048857586534292
19.0,0.7210188350560498,0.7954156699947319,0.7290200265670732,0.7304307085000628,0.7288904976758956,0.863523742271735,0.706926110143246
19.05,0.7227960715021997,0.7965033788520511,0.7307587051034043,0.7320952763146038,0.7305765783890013,0.8648071368039935,0.7089616930886864
19.1,0.7245648989473417,0.797587452721435,0.7324892703532899,0.7337538333391938,0.7322572365595734,0.8660822815473118,0.7109923433207062
19.150000000000002,0.7263253026773245,0.7986678987427385,0.7342117247869064,0.7354063489445992,0.7339324094903289,0.8673491744725381,0.7130178957738867
19.200000000000003,0.7280772705735914,0.7997447240998958,0.7359260730789969,0.737052794474298,0.7356020358009995,0.8686078140283863,0.7150381848019485
19.25,0.729820793116746,0.8008179360644239,0.7376323220674281,0.7386931432466153,0.7372660555503442,0.8698581991669678,0.7170530444913872
19.3,0.7315558633828336,0.801887542036413,0.7393304807074705,0.7403273705507191,0.738924410349827,0.8711003293683381,0.7190623089724226
19.35,0.7332824770325883,0.802953549582929,0.741020560022043,0.7419554536366735,0.7405770434687907,0.8723342046640661,0.7210658127264478
19.400000000000002,0.7350006322939047,0.8040159664737476,0.7427025730481975,0.7435773716997797,0.7422238999310122,0.8735598256598327,0.7230633908891843
19.450000000000003,0.7367103299378173,0.8050748007143731,0.744376534780101,0.7451931058594445,0.7438649266025594,0.8747771935570918,0.725054879548748
19.5,0.738411573248277,0.8061300605762902,0.7460424621087915,0.7468026391328282,0.7455000722709038,0.8759863101737889,0.727040116037863
19.55,0.7401043679860311,0.8071817546244096,0.7477003737589836,0.7484059564035461,0.7471292877152869,0.8771871779641565,0.72901893921946
19.6,0.7417887223469184,0.8082298917416932,0.7493502902231937,0.7500030443856985,0.7487525257683737,0.8783798000376019,0.7309911897649377
19.650000000000002,0.743464646914906,0.8092744811509425,0.7509922336934762,0.75159389158352,0.750369741369257,0.8795641801766884,0.732956710424373
19.700000000000003,0.7451321546101914,0.8103155324337465,0.7526262279910279,0.7531784882469451,0.7519808916079118,0.8807403228542272,0.7349153462880085
19.75,0.7467912606327103,0.8113530555466049,0.7542522984939535,0.7547568263233954,0.7535859357612328,0.8819082332494782,0.7368669450383631
19.8,0.7484419824013844,0.812387060834243,0.7558704720634547,0.7563288994060918,0.755184835320817,0.8830679172634699,0.7388113571923609
19.85,0.7500843394894483,0.8134175590401541,0.7574807769687094,0.7578947026792109,0.7567775540126768,0.8842193815334427,0.7407484363328936
19.900000000000002,0.7517183535562013,0.8144445613144047,0.7590832428107117,0.759454232860194,0.7583640578091024,0.8853626334464094,0.742678039329282
19.950000000000003,0.753344048275517,0.8154680792187579,0.7606779004453237,0.7610074881395208,0.7599443149329149,0.8864976811518426,0.7446000265461454
20.0,0.7549614492614557,0.8164881247291716,0.7622647819057928,0.7625544681182699,0.7615182958543663,0.887624533573479,0.7465142620402128
20.05,0.7565705839913093,0.817504710235743,0.7638439203249763,0.7640951737437648,0.7630859732809772,0.8887432004202407,0.7484206137446793
20.1,0.7581714817264092,0.8185178485401714,0.7654153498575116,0.7656296072436205,0.7646473221406093,0.8898536921962699,0.7503189536407413
20.150000000000002,0.759764173431026,0.8195275528508276,0.7669791056021543,0.7671577720584923,0.7662023195580892,0.8909560202100648,0.7522091579159969
20.200000000000003,0.7613486916896702,0.8205338367755166,0.7685352235245064,0.7686796727738142,0.7677509448257229,0.8920501965827199,0.7540911071094459
20.25,0.762925070623117,0.8215367143120372,0.7700837403803404,0.7701953150508297,0.7692931793680373,0.8931362342552507,0.7559646862428822
20.3,0.7644933458034417,0.8225361998366341,0.7716246936397144,0.7717047055571808,0.7708290067011104,0.8942141469950038,0.7578297849385015
20.35,0.7660535541683731,0.8235323080904555,0.7731581214120704,0.7732078518973382,0.7723584123868543,0.8952839494011373,0.7596862975226274
20.400000000000002,0.7676057339352332,0.8245250541641327,0.7746840623724884,0.7747047625431279,0.7738813839826142,0.896345656909163,0.7615341231154803
20.450000000000003,0.7691499245147478,0.8255144534805885,0.7762025556892642,0.7761954467646076,0.7753979109864709,0.8973992857945466,0.7633731657069921
20.5,0.7706861664249789,0.8265005217762094,0.7777136409529607,0.7776799145615307,0.7769079847786129,0.8984448531753462,0.7652033342186912
20.55,0.7722145012056334,0.8274832750804902,0.7792173581070829,0.7791581765956285,0.7784115985591686,0.8994823770138889,0.7670245425517641
20.6,0.7737349713329789,0.8284627296942897,0.7807137473804996,0.7806302441239232,0.7799087472828645,0.9005118761174767,0.7688367096214148
20.650000000000002,0.7752476201355997,0.8294389021668166,0.782202849221739,0.7820961289332742,0.7813994275909014,0.9015333701381086,0.7706397593777266
20.700000000000003,0.7767524917111911,0.8304118092714772,0.7836847042352626,0.783555843276348,0.7828836377404069,0.902546879571221,0.7724336208132393
20.75,0.7782496308446054,0.8313814679807124,0.7851593531198179,0.785009399809186,0.7843613775318394,0.9035524257534329,0.7742182279575398
20.8,0.7797390829273172,0.8323478954399559,0.7866268366089525,0.7864568115305327,0.7858326482347067,0.904550030859304,0.775993519859164
20.85,0.7812208938784972,0.8333111089408369,0.7880871954137734,0.7878980917230707,0.787297452511941,0.9055397178970919,0.7777594405551888
20.900000000000002,0.782695110067837,0.8342711258937547,0.7895404701680028,0.7893332538967006,0.7887557943432875,0.9065215107035189,0.7795159390289036
20.950000000000003,0.7841617782402805,0.8352279637999558,0.7909867013754008,0.7907623117339783,0.7902076789480272,0.9074954339375456,0.7812629691559966
21.0,0.7856209454427898,0.8361816402232296,0.7924259293595872,0.7921852790378251,0.7916531127073655,0.9084615130731578,0.7830004896397321
21.05,0.7870726589532623,0.8371321727613465,0.7938581942163051,0.7936021696815959,0.7930921030867912,0.9094197743911755,0.7847284639356086
21.1,0.7885169662117076,0.8380795790173534,0.7952835357681443,0.7950129975615898,0.7945246585586991,0.9103702449700888,0.7864468601660297
21.150000000000002,0.7899539147537762,0.8390238765708405,0.796701993521747,0.796417776552063,0.795950788525568,0.9113129526759383,0.788155651025549
21.200000000000003,0.7913835521467213,0.8399650829492935,0.7981136066275021,0.7978165204628056,0.7973705032439513,0.9122479261512491,0.7898548136772465
21.25,0.7928059259278633,0.840903215599627,0.7995184138417228,0.7992092429993158,0.7987838137495407,0.9131751948030422,0.7915443296408509
21.3,0.7942210835456103,0.8418382918600129,0.8009164534913039,0.8005959577256031,0.8001907317835348,0.914094788789937,0.7932241846732061
21.35,0.7956290723030842,0.8427703289320843,0.8023077634408409,0.801976678029636,0.8015912697205393,0.915006739008368,0.7948943686417101
21.400000000000002,0.7970299393043867,0.8436993438536244,0.8036923810621872,0.8033514170914418,0.8029854404981984,0.9159110770779464,0.7965548753913645
21.450000000000003,0.798423731403531,0.8446253534718086,0.8050703432064192,0.8047201878538508,0.804373257548749,0.9168078353259845,0.7982057026060696
21.5,0.7998104951560457,0.8455483744170924,0.8064416861781781,0.8060830029958734,0.8057547347326712,0.9176970467712238,0.7998468516648163
21.55,0.8011902767732714,0.846468423077817,0.8078064457123384,0.8074398749086814,0.8071298862745891,0.9185787451067896,0.8014783274934201
21.6,0.8025631220793279,0.8473855155755968,0.8091646569529659,0.8087908156741612,0.808498726701561,0.9194529646824113,0.803100138412442
21.650000000000002,0.8039290764707564,0.8482996677415634,0.8105163544345059,0.8101358370459985,0.8098612707838855,0.9203197404859462,0.8047122959819399
21.700000000000003,0.8052881848788024,0.8492108950935094,0.8118615720651531,0.8114749504332414,0.8112175334785258,0.9211791081242421,0.8063148148436778
21.75,0.8066404917343228,0.8501192128139996,0.8132003431123358,0.8128081668862858,0.8125675298752476,0.9220311038033829,0.8079077125614232
21.8,0.8079860409352739,0.8510246357294862,0.814532700190259,0.8141354970852226,0.8139112751455502,0.9228757643083588,0.8094910094599389
21.85,0.8093248758167445,0.8519271782904674,0.8158586752494331,0.8154569513304694,0.8152487844944393,0.9237131269822019,0.8110647284632715
21.900000000000002,0.810657039123484,0.8528268545527357,0.8171782995681279,0.816772539535618,0.8165800731151035,0.9245432297046416,0.8126288949329045
21.950000000000003,0.8119825729848764,0.8537236781597308,0.8184916037456703,0.8180822712224154,0.8179051561465165,0.9253661108703141,0.8141835365063528
22.0,0.8133015188922988,0.8546176623260346,0.8197986176975213,0.8193861555177917,0.8192240486339877,0.9261818093665852,0.8157286829367221
22.05,0.8146139176788072,0.8555088198220193,0.8210993706520573,0.8206842011528526,0.8205367654926687,0.9269903645510316,0.8172643659337617
22.1,0.8159198095010787,0.8563971629596601,0.8223938911489731,0.8219764164637381,0.8218433214740056,0.9277918162286243,0.8187906190068944
22.150000000000002,0.8172192338235499,0.857282703579535,0.823682207039238,0.8232628093942589,0.8231437311351232,0.9285862046286755,0.8203074773106963
22.200000000000003,0.8185122294046675,0.8581654530389976,0.824964345486525,0.8245433875002156,0.8244380088111078,0.929373570381588,0.8218149774932642
22.25,0.8197988342851902,0.8590454222015378,0.8262403329700352,0.8258181579552973,0.8257261685901522,0.9301539544954642,0.8233131575478798
22.3,0.8210790857784551,0.8599226214273146,0.827510195288641,0.8270871275584697,0.8270082242915161,0.9309273983326242,0.8248020566683596
22.35,0.8223530204625338,0.8607970605648635,0.8287739575662706,0.828350302742748,0.8282841894462348,0.9316939435860774,0.8262817151084358
22.400000000000002,0.8236206741742045,0.8616687489439538,0.830031644258463,0.8296076895852578,0.8295540772805216,0.9324536322560066,0.827752174045502
22.450000000000003,0.8248820820046505,0.8625376953695901,0.8312832791600062,0.830859293818486,0.8308179007017786,0.9332065066263034,0.8292134754490028
22.5,0.8261372782968113,0.863403908117132,0.832528885413599,0.8321051208426263,0.8320756722871467,0.9339526092412086,0.8306656619537451
22.55,0.8273862966443022,0.8642673949285121,0.8337684855194503,0.8333451757389139,0.8333274042744967,0.9346919828821014,0.8321087767383504
22.6,0.8286291698918241,0.8651281630095304,0.8350021013457546,0.834579463283867,0.8345731085557782,0.9354246705444859,0.8335428634090551
22.650000000000002,0.8298659301369815,0.8659862190281878,0.8362297541399648,0.8358079879643299,0.8358127966726203,0.9361507154152137,0.83496796588903
22.700000000000003,0.8310966087334268,0.86684156911404,0.8374514645408,0.8370307539932331,0.8370464798140946,0.9368701608499919,0.8363841283133564
22.75,0.8323212362952573,0.8676942188585326,0.8386672525909193,0.838247765325979,0.8382741688165243,0.9375830503512101,0.8377913949297767
22.8,0.8335398427025862,0.8685441733162866,0.8398771377501982,0.8394590256773669,0.8394958741652384,0.9382894275461322,0.8391898100052962
22.85,0.8347524571082017,0.8693914370072953,0.8410811389095405,0.8406645385389699,0.8407116059981594,0.9389893361654833,0.8405794177386982
22.900000000000002,0.8359591079452587,0.8702360139200029,0.8422792744051731,0.8418643071968905,0.8419213741111146,0.9396828200224737,0.8419602621789966
22.950000000000003,0.8371598229359077,0.8710779075152191,0.8434715620333584,0.8430583347498066,0.8431251879647574,0.9403699229922867,0.8433323871498327
23.0,0.8383546291008077,0.8719171207308373,0.8446580190654713,0.8442466241272412,0.8443230566929877,0.941050688992067,0.8446958361797932
23.05,0.8395435527694444,0.8727536559873148,0.8458386622633893,0.845429178107979,0.8455149891127548,0.9417251619614304,0.8460506524386038
23.1,0.8407266195911884,0.8735875151938757,0.8470135078951373,0.8466059993385665,0.8467009937351364,0.9423933858435308,0.8473968786791327
23.150000000000002,0.8419038545470282,0.8744186997553972,0.8481825717507481,0.8477770903518228,0.8478810787775775,0.9430554045667003,0.8487345571851163
23.200000000000003,0.8430752819619183,0.8752472105799385,0.849345869158281,0.8489424535853097,0.8490552521771808,0.9437112620266872,0.8500637297244955
23.25,0.8442409255176779,0.8760730480868737,0.8505034149999688,0.8501020913996967,0.8502235216049455,0.9443610020695122,0.8513844375082446
23.3,0.8454008082663824,0.8768962122155917,0.8516552237284323,0.8512560060969665,0.8513858944808375,0.9450046684749561,0.852696721154542
23.35,0.846554952644197,0.8777167024347192,0.8528013093829414,0.8524041999384143,0.8525423779895991,0.9456423049406965,0.8540006206581292
23.400000000000002,0.8477033804855909,0.8785345177518313,0.8539416856056735,0.8535466751623919,0.8536929790971926,0.946273955067106,0.8552961753646866
23.450000000000003,0.8488461130378908,0.8793496567236132,0.8550763656579414,0.8546834340017487,0.8548377045677763,0.9468996623427165,0.8565834239500404
23.5,0.8499831709761163,0.8801621174664352,0.8562053624363539,0.8558144787009407,0.8559765609811277,0.9475194701303651,0.8578624044040075
23.55,0.8511145744180586,0.8809718976673053,0.8573286884888801,0.8569398115327531,0.857109554750416,0.9481334216540165,0.8591331540186721
23.6,0.852240342939554,0.8817789945951607,0.8584463560307918,0.8580594348146235,0.8582366921402369,0.9487415599862754,0.8603957093808835
23.650000000000002,0.8533604955899134,0.8825834051124752,0.859558376960454,0.8591733509245157,0.8593579792848299,0.9493439280365839,0.8616501063687536
23.700000000000003,0.8544750509074686,0.8833851256871358,0.8606647628749418,0.8602815623163347,0.8604734222063982,0.9499405685401007,0.8628963801519322
23.75,0.8555840269351983,0.8841841524045676,0.8617655250854638,0.8613840715348415,0.8615830268334532,0.9505315240472646,0.8641345651954313
23.8,0.856687441236401,0.884980480980072,0.862860674632568,0.8624808812300645,0.862686799019113,0.9511168369140335,0.8653646952667631
23.85,0.8577853109103801,0.8857741067713518,0.8639502223011127,0.8635719941711721,0.8637847445592908,0.9516965492927938,0.8665868034461675
23.900000000000002,0.8588776526081139,0.8865650247911909,0.8650341786349929,0.8646574132598052,0.8648768692107085,0.9522707031239275,0.8678009221396852
23.950000000000003,0.8599644825478818,0.8873532297202691,0.866112553951595,0.8657371415428468,0.8659631787086752,0.9528393401280335,0.8690070830948567
24.0,0.8610458165308191,0.8881387159200798,0.8671853583559814,0.8668111822246216,0.867043678784579,0.9534025017987864,0.8702053174188026
24.05,0.8621216699563795,0.8889214774459321,0.8682526017547801,0.8678795386785225,0.8681183751830426,0.9539602293964191,0.8713956555984702
24.1,0.8631920578376808,0.8897015080600127,0.869314293869782,0.8689422144580473,0.8691872736786914,0.954512563941821,0.872578127522815
24.150000000000002,0.8642569948167121,0.8904788012444829,0.8703704442512243,0.8699992133072532,0.8702503800924999,0.9550595462112256,0.8737527625066988
24.200000000000003,0.8653164951793912,0.8912533502145986,0.871421062290768,0.87105053917062,0.8713077003076717,0.9556012167314833,0.8749195893162911
24.25,0.8663705728704444,0.8920251479318274,0.8724661572341486,0.8720961962023244,0.8723592402850227,0.9561376157758938,0.8760786361957686
24.3,0.8674192415081028,0.8927941871169461,0.8735057381935067,0.8731361887749303,0.8734050060778382,0.9566687833605747,0.8772299308951008
24.35,0.8684625143985945,0.8935604602631083,0.8745398141593907,0.8741705214874919,0.8744450038461723,0.9571947592413668,0.8783735006987408
24.400000000000002,0.8695004045504243,0.894323959648853,0.8755683940124254,0.8751991991730816,0.8754792398705729,0.9577155829112279,0.8795093724550253
24.450000000000003,0.8705329246884281,0.8950846773510608,0.8765914865346529,0.8762222269057477,0.8765077205652085,0.9582312935981212,0.8806375726061071
24.5,0.8715600872675922,0.8958426052578206,0.877609100420541,0.877239610006902,0.877530452490384,0.95874193026336,0.8817581272182513
24.55,0.8725819044866283,0.8965977350812128,0.8786212442876569,0.8782513540511616,0.8785474423644285,0.959247531600395,0.8828710620123345
24.6,0.8735983883012963,0.8973500583699894,0.8796279266870107,0.8792574648716383,0.8795586970749472,0.9597481360340212,0.8839764023943887
24.650000000000002,0.8746095504374709,0.8980995665221383,0.8806291561130724,0.8802579485646981,0.8805642236894347,0.9602437817199811,0.8850741734860563
24.700000000000003,0.8756154024039422,0.8988462507973314,0.8816249410134569,0.8812528114941967,0.8815640294652337,0.9607345065449469,0.8861644001548129
24.75,0.8766159555049493,0.8995901023292363,0.8826152897982897,0.8822420602952084,0.8825581218588517,0.9612203481268515,0.8872471070438384
24.8,0.8776112208524404,0.9003311121376912,0.8836002108492488,0.8832257018772537,0.8835465085346242,0.9617013438155596,0.8883223186014199
24.85,0.8786012093780582,0.9010692711407324,0.8845797125282899,0.8842037434270511,0.884529197372734,0.9621775306938444,0.8893900591097825
24.900000000000002,0.8795859318448466,0.9018045701664654,0.8855538031860635,0.885176192410793,0.88550619647659,0.9626489455786547,0.8904503527132436
24.950000000000003,0.8805653988586786,0.9025369999647798,0.886522491170016,0.8861430565759751,0.88647751417957,0.9631156250226545,0.8915032234456159
25.0,0.8815396208794034,0.9032665512188933,0.8874857848321983,0.8871043439527834,0.88744315905114,0.9635776053160084,0.8925486952567676
25.05,0.8825086082317124,0.90399321455673,0.8884436925367676,0.8880600628550581,0.8884031399023573,0.964034922488397,0.8935867920382807
25.1,0.8834723711157245,0.9047169805621138,0.8893962226672034,0.8890102218808534,0.88935746579077,0.9644876123112387,0.894617537648136
25.150000000000002,0.8844309196172903,0.905437839785789,0.8903433836332354,0.8899548299125988,0.8903061460247234,0.9649357103001048,0.8956409559343816
25.200000000000003,0.8853842637180178,0.9061557827562514,0.8912851838774896,0.8908938961168908,0.8912491901670969,0.9653792517173037,0.8966570707577339
25.25,0.8863324133050197,0.9068707999903911,0.892221631881862,0.8918274299439193,0.8921866080384695,0.9658182715746167,0.8976659060130713
25.3,0.8872753781803835,0.9075828820039453,0.8931527361736231,0.892755441126552,0.8931184097197513,0.9662528046361747,0.8986674856498029
25.35,0.8882131680703695,0.9082920193217516,0.8940785053312611,0.8936779396790864,0.8940446055542783,0.9666828854214471,0.8996618336910726
25.400000000000002,0.8891457926343346,0.9089982024878083,0.894998947990068,0.8945949358956915,0.8949652061494034,0.9671085482083412,0.9006489742517951
25.450000000000003,0.8900732614733886,0.9097014220751298,0.8959140728474737,0.8955064403485482,0.8958802223775892,0.9675298270363845,0.9016289315555093
25.5,0.890995584138782,0.9104016686954022,0.8968238886681439,0.8964124638857063,0.8967896653770352,0.9679467557099806,0.9026017299500441
25.55,0.8919127701400338,0.9110989330084294,0.8977284042888303,0.897313017628677,0.8976935465518457,0.9683593678017274,0.903567393921998
25.6,0.8928248289527969,0.9117932057313772,0.898627628622997,0.8982081129697668,0.8985918775717634,0.9687676966557777,0.904525948110048
25.650000000000002,0.8937317700264656,0.9124844776478034,0.8995215706652183,0.8990977615691733,0.8994846703714914,0.969171775391237,0.9054774173170805
25.700000000000003,0.8946336027915319,0.9131727396164813,0.900410239495357,0.899981975351859,0.9003719371496168,0.9695716369055805,0.9064218265211813
25.75,0.8955303366666938,0.913857982580006,0.901293644282529,0.9008607665042084,0.9012536903671606,0.9699673138780827,0.9073592008854912
25.8,0.8964219810657134,0.9145401975731932,0.902171794288861,0.9017341474704929,0.9021299427457701,0.9703588387732466,0.9082895657669554
25.85,0.897308545404035,0.9152193757312572,0.9030446988730453,0.9026021309491451,0.9030007072655774,0.9707462438442265,0.9092129467239928
25.900000000000002,0.8981900391051667,0.9158955082977758,0.9039123674936955,0.9034647298888651,0.9038659971627376,0.9711295611362287,0.9101293695231176
25.950000000000003,0.899066471606825,0.9165685866324383,0.9047748097125159,0.9043219574845669,0.9047258259266726,0.97150882248989,0.9110388601445387
26.0,0.8999378523668503,0.9172386022185728,0.9056320351972776,0.905173827173174,0.9055802072970341,0.9718840595446212,0.911941444786787
26.05,0.900804190868897,0.9179055466704575,0.9064840537246207,0.9060203526292825,0.9064291552604034,0.9722553037419099,0.9128371498703838
26.1,0.9016654966278972,0.9185694117404121,0.9073308751826754,0.9068615477606973,0.9072726840467551,0.9726225863285778,0.9137260020406155
26.150000000000002,0.9025217791953113,0.9192301893256644,0.9081725095735135,0.9076974267038564,0.9081108081256898,0.9729859383599829,0.9146080281694324
26.200000000000003,0.9033730481641605,0.9198878714750036,0.9090089670154347,0.9085280038191488,0.9089435422024619,0.9733453907031677,0.9154832553565255
26.25,0.9042193131738493,0.9205424503952079,0.9098402577450881,0.9093532936861439,0.9097709012138175,0.9737009740399432,0.9163517109296203
26.3,0.9050605839147827,0.9211939184572493,0.9106663921194391,0.910173311098732,0.9105929003236557,0.974052718869906,0.9172134224440235
26.35,0.9058968701327794,0.9218422682022809,0.9114873806175819,0.9109880710601943,0.9114095549185308,0.9744006555133891,0.9180684176814784
26.400000000000002,0.9067281816332868,0.9224874923474007,0.9123032338424022,0.9117975887782088,0.9122208806030139,0.9747448141143357,0.9189167246483556
26.450000000000003,0.9075545282854005,0.9231295837911933,0.9131139625220973,0.9126018796597961,0.9130268931949244,0.9750852246431023,0.9197583715732381
26.5,0.9083759200256951,0.9237685356190511,0.9139195775115535,0.9134009593062192,0.9138276087204411,0.97542191689918,0.9205933869039284
26.55,0.9091923668618634,0.9244043411082744,0.9147200897935872,0.9141948435078446,0.9146230434091245,0.9757549205138422,0.9214217993039303
26.6,0.9100038788761773,0.925036993732951,0.9155155104800541,0.9149835482389694,0.9154132136888369,0.976084264952706,0.9222436376484411
26.650000000000002,0.9108104662287637,0.9256664871686145,0.9163058508128248,0.9157670896526204,0.9161981361805953,0.9764099795182164,0.9230589310198974
26.700000000000003,0.9116121391607089,0.9262928152966865,0.9170911221646397,0.9165454840753419,0.91697782769336,0.9767320933520478,0.923867708703112
26.75,0.9124089079969884,0.9269159722086967,0.917871336039839,0.9173187480019659,0.9177523052187659,0.9770506354374217,0.9246700001800426
26.8,0.9132007831492268,0.9275359522102871,0.9186465040749707,0.9180868980903785,0.9185215859258168,0.9773656346013437,0.9254658351242271
26.85,0.9139877751182952,0.9281527498250015,0.9194166380392881,0.9188499511562885,0.9192856871555448,0.977677119516757,0.9262552433949268
26.900000000000002,0.914769894496745,0.9287663597978558,0.9201817498351312,0.9196079241680021,0.9200446264156497,0.977985118704616,0.9270382550310063
26.950000000000003,0.9155471519710832,0.9293767770987008,0.9209418514981984,0.9203608342412091,0.9207984213751244,0.9782896605358754,0.9278149002445883
27.0,0.9163195583238947,0.9299839969253656,0.9216969551977137,0.921108698633785,0.921547089858878,0.9785907732334036,0.9285852094145137
27.05,0.9170871244358111,0.9305880147065967,0.9224470732364894,0.9218515347406204,0.9222906498423588,0.9788884848738136,0.9293492130796386
27.1,0.9178498612873336,0.931188826104784,0.9231922180508892,0.9225893600884706,0.9230291194461953,0.9791828233892167,0.9301069419319986
27.150000000000002,0.9186077799605097,0.9317864270184842,0.923932402210691,0.923322192330843,0.9237625169308492,0.9794738165688998,0.9308584268098619
27.200000000000003,0.9193608916404681,0.9323808135847363,0.9246676384188603,0.9240500492429157,0.9244908606913005,0.9797614920609273,0.9316036986907119
27.25,0.9201092076168192,0.9329719821811764,0.925397939511226,0.9247729487164986,0.9252141692517581,0.9800458773736703,0.9323427886841658
27.3,0.9208527392849145,0.933559929427952,0.9261233184560719,0.9254909087550363,0.9259324612604142,0.9803269998772606,0.9330757280248663
27.35,0.9215914981469815,0.9341446521894394,0.9268437883536385,0.9262039474686604,0.9266457554842376,0.9806048868049786,0.9338025480653636
27.400000000000002,0.922325495813124,0.9347261475757679,0.9275593624355436,0.9269120830692907,0.9273540708038168,0.9808795652545699,0.9345232802690078
27.450000000000003,0.9230547440022012,0.9353044129441475,0.928270054064123,0.9276153338657918,0.9280574262082576,0.9811510621894959,0.9352379562028696
27.5,0.9237792545425847,0.9358794459000118,0.9289758767316867,0.9283137182591856,0.9287558407901355,0.9814194044401172,0.9359466075307115
27.55,0.9244990393727927,0.9364512442979749,0.9296768440597116,0.9290072547379247,0.9294493337405115,0.9816846187048212,0.9366492660060177
27.6,0.9252141105420126,0.9370198062426023,0.9303729697979475,0.9296959618732284,0.9301379243440119,0.9819467315510781,0.9373459634651051
27.650000000000002,0.9259244802105102,0.9375851300890053,0.931064267823464,0.9303798583144838,0.9308216319739775,0.9822057694164463,0.9380367318203264
27.700000000000003,0.9266301606499261,0.9381472144432571,0.9317507521396249,0.9310589627847152,0.9315004760876823,0.9824617586095165,0.9387216030533718
27.75,0.9273311642434692,0.9387060581626394,0.9324324368749974,0.9317332940761227,0.9321744762216304,0.9827147253108011,0.9394006092086905
27.8,0.9280275034860059,0.9392616603557141,0.9331093362822017,0.9324028710456964,0.9328436519869263,0.9829646955735702,0.9400737823870309
27.85,0.9287191909840469,0.9398140203822369,0.9337814647366995,0.933067712610899,0.9335080230647255,0.9832116953246377,0.9407411547391173
27.900000000000002,0.9294062394556379,0.9403631378529042,0.9344488367355244,0.9337278377454309,0.9341676092017663,0.9834557503650927,0.9414027584594634
27.950000000000003,0.930088661730156,0.9409090126289412,0.9351114668959575,0.9343832654750694,0.934822430205987,0.9836968863709876,0.9420586257803312
28.0,0.9307664707480141,0.9414516448215434,0.9357693699541565,0.9350340148735898,0.9354725059422235,0.9839351288939807,0.9427087889658443
28.05,0.9314396795602775,0.9419910347911595,0.9364225607637282,0.9356801050587673,0.9361178563279979,0.9841705033619282,0.9433532803062534
28.1,0.9321083013281938,0.942527183146632,0.9370710542942574,0.9363215551884606,0.9367585013293911,0.9844030350794397,0.9439921321123632
28.150000000000002,0.9327723493226405,0.9430600907441997,0.9377148656297922,0.9369583844567819,0.9373944609570066,0.9846327492283901,0.9446253767101187
28.200000000000003,0.933431836923494,0.9435897586863574,0.9383540099672857,0.9375906120903508,0.938025755262021,0.9848596708683914,0.9452530464353586
28.25,0.9340867776189212,0.9441161883205829,0.9389885026150014,0.9382182573446343,0.9386524043323289,0.9850838249372271,0.945875173628729
28.3,0.9347371850045976,0.9446393812379398,0.9396183589908786,0.9388413395003781,0.9392744282887764,0.985305236251252,0.9464917906307682
28.35,0.9353830727828534,0.9451593392715494,0.9402435946208636,0.9394598778601199,0.9398918472814852,0.9855239295057523,0.9471029297771507
28.400000000000002,0.9360244547617528,0.945676064494946,0.9408642251372143,0.9400738917447995,0.9405046814862725,0.9857399292752789,0.9477086233940999
28.450000000000003,0.9366613448541101,0.9461895592203164,0.9414802662767685,0.940683400490454,0.94111295110116,0.9859532600139428,0.9483089037939623
28.5,0.9372937570764386,0.946699825996624,0.9420917338791888,0.941288423445007,0.9417166763429761,0.9861639460556821,0.9489038032709434
28.55,0.9379217055478462,0.947206867607631,0.9426986438851852,0.9418889799651482,0.9423158774440538,0.9863720116145,0.9494933540970041
28.6,0.9385452044888691,0.9477106870698127,0.9433010123347112,0.9424850894133054,0.9429105746490163,0.9865774807846732,0.9500775885179131
28.650000000000002,0.9391642682202566,0.9482112876301771,0.9438988553651426,0.9430767711547084,0.9435007882116605,0.9867803775409347,0.950656538749453
28.700000000000003,0.9397789111617016,0.9487086727639877,0.944492189209439,0.943664044554547,0.9440865383919295,0.9869807257386294,0.9512302369737784
28.75,0.9403891478305253,0.9492028461723987,0.9450810301942902,0.9442469289752222,0.9446678454529788,0.9871785491138457,0.9517987153359198
28.8,0.9409949928403163,0.9496938117800038,0.9456653947382507,0.9448254437736908,0.9452447296583362,0.9873738712835239,0.9523620059404347
28.85,0.9415964608995255,0.9501815737323036,0.9462452993498596,0.9453996082989029,0.9458172112691502,0.9875667157455404,0.9529201408481942
28.900000000000002,0.9421935668100243,0.9506661363930968,0.9468207606257588,0.9459694418893327,0.9463853105415323,0.9877571058787713,0.9534731520733075
28.950000000000003,0.9427863254656231,0.9511475043418016,0.9473917952487994,0.9465349638706071,0.9469490477239908,0.9879450649431374,0.9540210715801785
29.0,0.9433747518505573,0.9516256823707021,0.9479584199861468,0.9470961935532212,0.9475084430549516,0.988130616079625,0.9545639312806898
29.05,0.9439588610379408,0.9521006754821385,0.9485206516873846,0.9476531502303529,0.948063516760375,0.9883137823102905,0.9551017630315088
29.1,0.9445386681881907,0.9525724888856345,0.949078507282615,0.9482058531757682,0.9486142890514543,0.9884945865382502,0.9556345986315133
29.150000000000002,0.9451141885474246,0.9530411279949663,0.9496320037805668,0.9487543216418193,0.9491607801224109,0.9886730515476446,0.9561624698193293
29.200000000000003,0.9456854374458361,0.9535065984251858,0.950181158266701,0.9492985748575367,0.9497030101483712,0.9888492000035967,0.9566854082709821
29.25,0.9462524302960473,0.9539689059895915,0.950725987901329,0.9498386320268122,0.9502409992833353,0.9890230544521474,0.9572034455976504
29.3,0.9468151825914417,0.9544280566966599,0.9512665099177323,0.9503745123266716,0.9507747676582277,0.9891946373201785,0.9577166133435202
29.35,0.9473737099044832,0.9548840567469314,0.9518027416202979,0.9509062349056453,0.9513043353790414,0.9893639709153235,0.9582249429837391
29.400000000000002,0.9479280278850178,0.9553369125298694,0.9523347003826577,0.9514338188822179,0.9518297225250566,0.9895310774258618,0.958728465922458
29.450000000000003,0.9484781522585664,0.955786630620679,0.9528624036458486,0.9519572833433794,0.9523509491471542,0.9896959789206056,0.9592272134909656
29.5,0.9490240988246064,0.9562332177771032,0.9533858689164809,0.9524766473432553,0.9528680352662046,0.9898586973487686,0.9597212169459036
29.55,0.9495658834548475,0.9566766809361917,0.9539051137649259,0.952991929901834,0.9533810008715431,0.9900192545398286,0.960210507467562
29.6,0.9501035220915,0.9571170272110499,0.9544201558235195,0.9535031500037705,0.9538898659195254,0.9901776722033779,0.9606951161582535
29.650000000000002,0.9506370307455431,0.9575542638875701,0.9549310127847866,0.9540103265972848,0.9543946503321626,0.9903339719289643,0.9611750740407567
29.700000000000003,0.9511664254949911,0.9579883984211499,0.9554377023996823,0.9545134785931428,0.9548953739958382,0.9904881751859214,0.9616504120568283
29.75,0.9516917224831603,0.9584194384333989,0.9559402424758575,0.9550126248637179,0.9553920567601007,0.9906403033231946,0.9621211610657823
29.8,0.952212937916941,0.9588473917088371,0.9564386508759475,0.9555077842421402,0.9558847184365351,0.9907903775691537,0.9625873518431296
29.85,0.9527300880650724,0.9592722661915916,0.9569329455158785,0.9559989755215242,0.956373378797709,0.9909384190314021,0.9630490150792754
29.900000000000002,0.9532431892564267,0.9596940699820912,0.9574231443632084,0.9564862174542768,0.9568580575761954,0.9910844486965789,0.9635061813782729
29.950000000000003,0.9537522578782995,0.9601128113337616,0.9579092654354853,0.9569695287514834,0.9573387744636686,0.9912284874301523,0.9639588812566275
30.0,0.9542573103747152,0.9605284986497284,0.958391326798636,0.9574489280823753,0.957815549110073,0.991370555976212,0.9644071451421548
30.05,0.9547583632447367,0.9609411404795245,0.9588693465653804,0.9579244340738684,0.9582884011228618,0.991510674957253,0.964851003372876
30.1,0.9552554330407996,0.9613507455158121,0.9593433428936765,0.9583960653101778,0.9587573500663082,0.9916488648739552,0.9652904861959711
30.150000000000002,0.955748536367052,0.9617573225911121,0.9598133339851929,0.9588638403325076,0.9592224154608833,0.9917851461049615,0.9657256237667604
30.200000000000003,0.9562376898777174,0.9621608806745572,0.9602793380838088,0.9593277776388085,0.9596836167827018,0.9919195389066511,0.966156446147734
30.25,0.9567229102754732,0.9625614288686551,0.960741373474148,0.959787895683606,0.9601409734630366,0.9920520634129109,0.9665829833076147
30.3,0.9572042143098485,0.9629589764060773,0.9611994584801409,0.9602442128778998,0.9605945048878946,0.9921827396349028,0.9670052651204593
30.35,0.9576816187756437,0.9633535326464704,0.9616536114636162,0.960696747589123,0.9610442303976555,0.9923115874608319,0.9674233213647881
30.400000000000002,0.9581551405113737,0.9637451070732898,0.9621038508229272,0.9611455181411726,0.9614901692867773,0.9924386266557119,0.9678371817227533
30.450000000000003,0.9586247963977294,0.9641337092906646,0.9625501949916064,0.9615905428144962,0.961932340803557,0.992563876861131,0.9682468757793311
30.5,0.9590906033560685,0.9645193490202886,0.962992662437054,0.9620318398462449,0.9623707641499538,0.9926873575950178,0.9686524330215447
30.55,0.959552578346929,0.9649020360983435,0.9634312716592566,0.9624694274304809,0.9628054584814658,0.9928090882514049,0.9690538828377178
30.6,0.9600107383685687,0.9652817804724558,0.9638660411895377,0.9629033237184441,0.963236442907069,0.992929088100199,0.9694512545167469
30.650000000000002,0.9604651004555314,0.9656585921986878,0.9642969895893417,0.9633335468188734,0.963663736489204,0.9930473762869461,0.9698445772474046
30.700000000000003,0.9609156816772434,0.9660324814385646,0.9647241354490472,0.9637601147983792,0.9640873582438181,0.9931639718326022,0.9702338801176651
30.75,0.961362499136633,0.9664034584561398,0.9651474973868148,0.9641830456818687,0.9645073271404603,0.9932788936333093,0.9706191921140492
30.8,0.9618055699687852,0.9667715336151017,0.9655670940474614,0.9646023574530198,0.9649236621024228,0.9933921604601668,0.9710005421209966
30.85,0.9622449113396208,0.9671367173759157,0.9659829441013721,0.9650180680548,0.9653363820069326,0.9935037909590116,0.9713779589202529
30.900000000000002,0.9626805404446082,0.9674990202930157,0.9663950662434371,0.9654301953900332,0.9657455056853874,0.993613803650202,0.9717514711902837
30.950000000000003,0.963112474507505,0.9678584530120324,0.9668034791920224,0.9658387573220055,0.9661510519236381,0.9937222169284048,0.9721211075057019
31.0,0.9635407307791295,0.9682150262670713,0.96720820168797,0.966243771675113,0.9665530394623119,0.9938290490623867,0.9724868963367195
31.05,0.9639653265361632,0.9685687508780307,0.9676092524936248,0.9666452562355488,0.9669514869971776,0.9939343181948104,0.9728488660486142
31.1,0.9643862790799882,0.9689196377479696,0.9680066503918947,0.9670432287520254,0.9673464131795511,0.9940380423420406,0.9732070449012155
31.150000000000002,0.9648036057355474,0.9692676978605237,0.9684004141853371,0.9674377069365299,0.9677378366167356,0.9941402393939502,0.9735614610484085
31.200000000000003,0.9652173238502462,0.9696129422773652,0.9687905626952711,0.9678287084651136,0.9681257758725016,0.994240927113737,0.9739121425376553
31.25,0.9656274507928778,0.9699553821357139,0.9691771147609213,0.968216250978709,0.9685102494675962,0.9943401231377457,0.9742591173095336
31.3,0.9660340039525835,0.9702950286458978,0.9695600892385832,0.9686003520839754,0.9688912758802894,0.9944378449752982,0.97460241319729
31.35,0.9664370007378449,0.9706318930889624,0.9699395050008194,0.9689810293541716,0.9692688735469484,0.9945341100085315,0.9749420579264129
31.400000000000002,0.9668364585755032,0.9709659868143297,0.9703153809356737,0.969358300330047,0.9696430608626381,0.994628935492242,0.9752780791142186
31.450000000000003,0.9672323949098137,0.9712973212375091,0.9706877359459181,0.9697321825207594,0.9700138561817545,0.994722338553742,0.9756105042694571
31.5,0.9676248272015278,0.9716259078378564,0.9710565889483145,0.9701026934048083,0.9703812778186776,0.9948143361927193,0.9759393607919298
31.55,0.9680137729270067,0.971951758156387,0.9714219588729034,0.9704698504309869,0.9707453440484505,0.9949049452811143,0.976264675972126
31.6,0.968399249577365,0.9722748837936397,0.9717838646623148,0.9708336710193464,0.9711060731074785,0.9949941825629974,0.9765864769908742
31.650000000000002,0.9687812746576421,0.9725952964075871,0.9721423252710963,0.971194172562178,0.9714634831942491,0.9950820646544634,0.9769047909190087
31.700000000000003,0.9691598656860045,0.9729130077116044,0.9724973596650621,0.9715513724249976,0.9718175924700685,0.9951686080435336,0.9772196447170507
31.75,0.9695350401929741,0.9732280294724809,0.9728489868206613,0.9719052879475483,0.9721684190598152,0.9952538290900669,0.9775310652349076
31.8,0.9699068157206874,0.9735403735084918,0.973197225724364,0.9722559364448012,0.9725159810527073,0.9953377440256843,0.977839079211583
31.85,0.970275209822178,0.9738500516875115,0.9735420953720619,0.9726033352079673,0.9728602965030825,0.995420368953704,0.9781437132749078
31.900000000000002,0.9706402400606897,0.9741570759251842,0.9738836147684862,0.9729475015055069,0.9732013834311888,0.9955017198490864,0.9784449939412805
31.950000000000003,0.9710019240090108,0.9744614581831395,0.9742218029266403,0.9732884525841408,0.9735392598239838,0.9955818125583927,0.9787429476154252
32.0,0.9713602792488383,0.9747632104672628,0.9745566788672452,0.9736262056698658,0.9738739436359434,0.995660662799754,0.9790376005901645
32.050000000000004,0.9717153233701616,0.9750623448260077,0.9748882616181963,0.9739607779689573,0.9742054527898718,0.9957382861628534,0.9793289790462069
32.1,0.972067073970674,0.9753588733487666,0.9752165702140334,0.974292186668975,0.9745338051777198,0.9958146981089198,0.9796171090519468
32.15,0.9724155486552031,0.9756528081642801,0.9755416236954215,0.9746204489397565,0.974859018661402,0.9958899139707366,0.9799020165632819
32.2,0.9727607650351664,0.9759441614391011,0.9758634411086379,0.9749455819344064,0.9751811110736179,0.9959639489526584,0.9801837274234422
32.25,0.9731027407280433,0.9762329453760994,0.9761820415050715,0.9752676027902725,0.9755001002186678,0.9960368181306463,0.9804622673628343
32.300000000000004,0.973441493356874,0.9765191722130213,0.976497443940725,0.9755865286299104,0.9758160038732691,0.9961085364523138,0.980737661998899
32.35,0.9737770405497683,0.9768028542210834,0.9768096674757267,0.9759023765620334,0.9761288397873676,0.9961791187369832,0.9810099368359837
32.4,0.974109399939442,0.9770840037036218,0.9771187311738478,0.9762151636824506,0.9764386256849429,0.9962485796757623,0.9812791172652254
32.45,0.9744385891627626,0.9773626329947778,0.9774246541020188,0.9765249070749844,0.9767453792648046,0.9963169338316284,0.9815452285644486
32.5,0.9747646258603174,0.9776387544582286,0.9777274553298576,0.9768316238123707,0.9770491182013847,0.996384195639529,0.9818082958980788
32.550000000000004,0.9750875276759893,0.9779123804859642,0.9780271539291877,0.97713533095714,0.9773498601455126,0.9964503794064964,0.982068344317063
32.6,0.9754073122565583,0.978183523497098,0.9783237689735714,0.9774360455624763,0.9776476227251844,0.9965154993117746,0.9823253987588043
32.65,0.9757239972513021,0.9784521959367252,0.9786173195378328,0.9777337846730545,0.9779424235463187,0.9965795694069643,0.9825794840471134
32.7,0.97603760031162,0.9787184102748145,0.9789078246975826,0.9780285653258523,0.9782342801934913,0.9966426036161755,0.9828306248921652
32.75,0.9763481390906639,0.9789821790051416,0.979195303528746,0.978320404550937,0.978523210230664,0.9967046157362005,0.9830788458904691
32.800000000000004,0.9766556312429776,0.9792435146442594,0.9794797751070796,0.9786093193722281,0.9788092312018885,0.9967656194366988,0.9833241715248515
32.85,0.9769600944241489,0.9795024297305017,0.9797612585076935,0.9788953268082283,0.9790923606319963,0.9968256282603942,0.9835666261644487
32.9,0.9772615462904661,0.9797589368230271,0.9800397728045618,0.9791784438727296,0.9793726160272687,0.9968846556232908,0.9838062340647076
32.95,0.9775600044985854,0.9800130485008915,0.9803153370700325,0.9794586875754863,0.9796500148760819,0.9969427148148985,0.9840430193673988
33.0,0.9778554867052007,0.9802647773621589,0.980587970374331,0.9797360749228599,0.9799245746495389,0.9969998189984774,0.9842770061006383
33.050000000000004,0.9781480105667217,0.9805141360230369,0.9808576917850542,0.9800106229184319,0.9801963128020698,0.9970559812112919,0.9845082181789185
33.1,0.9784375937389534,0.9807611371170515,0.9811245203666601,0.980282348563578,0.9804652467720141,0.9971112143648844,0.9847366794031465
33.15,0.9787242538767801,0.9810057932942442,0.9813884751799467,0.980551268858019,0.9807313939821755,0.9971655312453556,0.9849624134606927
33.2,0.9790080086338517,0.9812481172204006,0.9816495752815245,0.9808174008003304,0.9809947718403519,0.99721894451367,0.9851854439254448
33.25,0.9792888756622706,0.9814881215763074,0.9819078397232774,0.981080761388416,0.9812553977398394,0.9972714667059647,0.9854057942578721
33.300000000000004,0.9795668726122786,0.9817258190570326,0.9821632875518151,0.9813413676199513,0.9815132890599081,0.9973231102338782,0.9856234878050913
33.35,0.9798420171319437,0.9819612223712323,0.9824159378079124,0.9815992364927844,0.9817684631662494,0.9973738873848935,0.9858385478009462
33.4,0.9801143268668457,0.9821943442404805,0.9826658095259388,0.9818543850053043,0.982020937411394,0.9974238103226903,0.9860509973660858
33.45,0.9803838194597574,0.9824251973986238,0.9829129217332782,0.9821068301567704,0.982270729135104,0.9974728910875196,0.986260859508053
33.5,0.9806505125503264,0.9826537945911527,0.9831572934497306,0.9823565889476018,0.9825178556647287,0.9975211415965819,0.9864681571213749
33.550000000000004,0.9809144237747469,0.982880148574599,0.9833989436869064,0.9826036783796319,0.9827623343155338,0.9975685736444263,0.9866729129876601
33.6,0.9811755707654313,0.9831042721159479,0.9836378914476037,0.9828481154563213,0.9830041823909983,0.9976151989033616,0.9868751497756987
33.65,0.9814339711506752,0.9833261779920695,0.983874155725177,0.9830899171829316,0.9832434171830773,0.9976610289238788,0.9870748900415649
33.7,0.9816896425543133,0.9835458789891689,0.9841077555028839,0.983329100566663,0.9834800559724366,0.997706075135087,0.9872721562287248
33.75,0.9819426025953705,0.9837633879022485,0.9843387097532248,0.9835656826167488,0.9837141160286501,0.9977503488451676,0.9874669706681449
33.800000000000004,0.9821928688877049,0.9839787175345889,0.9845670374372645,0.9837996803445108,0.9839456146103662,0.9977938612418322,0.9876593555784055
33.85,0.9824404590396405,0.9841918806972405,0.9847927575039386,0.984031110763377,0.9841745689654395,0.9978366233928021,0.98784933306581
33.9,0.9826853906535913,0.9844028902085276,0.9850158888893464,0.9842599908888572,0.9844009963310325,0.997878646246295,0.9880369251245025
33.95,0.9829276813256766,0.9846117588935672,0.9852364505160275,0.9844863377384794,0.9846249139336765,0.9979199406315263,0.9882221536365813
34.0,0.9831673486453218,0.9848184995837941,0.9854544612922221,0.9847101683316852,0.9848463389893027,0.9979605172592226,0.9884050403722143
34.050000000000004,0.9834044101948546,0.9850231251164975,0.9856699401111182,0.9849314996896894,0.9850652887032403,0.9980003867221459,0.9885856069897561
34.1,0.9836388835490811,0.9852256483343651,0.9858829058500804,0.9851503488352936,0.9852817802701764,0.9980395594956306,0.9887638750358598
34.15,0.9838707862748587,0.9854260820850369,0.9860933773698632,0.985366732792667,0.9854958308740827,0.998078045938134,0.9889398659455946
34.2,0.9841001359306478,0.9856244392206617,0.9863013735138112,0.9855806685870809,0.9857074576881095,0.998115856291793,0.9891136010425557
34.25,0.9843269500660559,0.9858207325974606,0.98650691310704,0.9857921732446122,0.9859166778744413,0.9981530006829984,0.9892851015389772
34.300000000000004,0.9845512462213662,0.9860149750752971,0.9867100149556036,0.9860012637918013,0.9861235085841232,0.9981894891229757,0.9894543885358407
34.35,0.9847730419270524,0.9862071795172493,0.9869106978456448,0.9862079572552744,0.9863279669568485,0.998225331508379,0.9896214830229828
34.4,0.984992354703278,0.9863973587891819,0.9871089805425319,0.986412270661328,0.9865300701207136,0.9982605376218929,0.9897864058791985
34.45,0.9852092020593834,0.9865855257593258,0.9873048817899777,0.9866142210354771,0.9867298351919402,0.9982951171328478,0.9899491778723442
34.5,0.9854236014933562,0.9867716932978553,0.9874984203091437,0.9868138254019623,0.986927279274563,0.9983290795978447,0.9901098196594338
34.550000000000004,0.9856355704912851,0.9869558742764655,0.9876896147977305,0.987011100783224,0.9871224194600833,0.9983624344613865,0.9902683517867352
34.6,0.985845126526802,0.9871380815679514,0.9878784839290529,0.9872060641993392,0.9873152728270883,0.9983951910565232,0.9904247946898616
34.65,0.9860522870605058,0.9873183280457838,0.9880650463510983,0.9873987326674228,0.9875058564408428,0.998427358605504,0.9905791686938563
34.7,0.9862570695393705,0.9874966265836838,0.9882493206855747,0.987589123200995,0.9876941873528445,0.9984589462204405,0.9907314940132774
34.75,0.9864594913961375,0.9876729900551964,0.9884313255269387,0.9877772528093108,0.9878802826003426,0.9984899629039745,0.9908817907522751
34.800000000000004,0.986659570048693,0.9878474313332579,0.988611079441418,0.987963138496662,0.9880641592058385,0.9985204175499607,0.9910300789046671
34.85,0.9868573228994282,0.9880199632897626,0.9887886009660117,0.9881467972616396,0.9882458341765402,0.9985503189441515,0.9911763783540053
34.9,0.9870527673345835,0.9881905987951229,0.9889639086074835,0.9883282460963698,0.9884253245037984,0.9985796757648943,0.9913207088736422
34.95,0.9872459207235755,0.9883593507178251,0.9891370208413403,0.9885075019857135,0.9886026471625016,0.9986084965838348,0.9914630901267886
35.0,0.9874368004183124,0.9885262319239809,0.9893079561107976,0.98868458190644,0.9887778191104537,0.9986367898666269,0.9916035416665681
35.050000000000004,0.9876254237524849,0.9886912552768707,0.9894767328257359,0.9888595028263663,0.9889508572877117,0.9986645639736532,0.9917420829360655
35.1,0.9878118080408512,0.9888544336364813,0.989643369361642,0.9890322817034689,0.9891217786159038,0.9986918271607487,0.9918787332683707
35.15,0.9879959705784973,0.9890157798590384,0.9898078840585428,0.9892029354849693,0.9892905999975126,0.9987185875799328,0.992013511886617
35.2,0.9881779286400878,0.9891753067965299,0.9899702952199264,0.9893714811063894,0.989457338315138,0.9987448532801505,0.9921464379040128
35.25,0.9883576994790964,0.9893330272962193,0.9901306211116541,0.9895379354905809,0.9896220104307301,0.9987706322080139,0.9922775303238701
35.300000000000004,0.9885353003270241,0.9894889542001581,0.9902888799608626,0.9897023155467293,0.9897846331847973,0.9987959322085556,0.9924068080396252
35.35,0.9887107483926021,0.9896431003446828,0.99044508995486,0.9898646381693336,0.9899452233955889,0.9988207610259844,0.9925342898348573
35.4,0.9888840608609787,0.9897954785599057,0.990599269240009,0.990024920237162,0.9901037978582578,0.9988451263044478,0.9926599943832968
35.45,0.9890552548928895,0.9899461016691966,0.990751435920604,0.9901831786121833,0.9902603733439922,0.9988690355887992,0.9927839402488344
35.5,0.9892243476238192,0.9900949824886575,0.9909016080577451,0.9903394301384775,0.9904149665991342,0.9988924963253699,0.9929061458855191
35.550000000000004,0.9893913561631418,0.9902421338265847,0.9910498036681983,0.9904936916411256,0.9905675943442687,0.9989155158627472,0.9930266296375552
35.6,0.9895562975932535,0.9903875684829218,0.9911960407232563,0.9906459799250781,0.9907182732732963,0.9989381014525539,0.9931454097392938
35.65,0.9897191889686884,0.9905312992487059,0.9913403371475888,0.990796311774006,0.9908670200524853,0.9989602602502357,0.9932625043152161
35.7,0.9898800473152223,0.9906733389054991,0.9914827108180932,0.9909447039491319,0.9910138513195035,0.9989819993158504,0.9933779313799167
35.75,0.9900388896289631,0.9908137002248163,0.9916231795627349,0.9910911731880443,0.9911587836824303,0.9990033256148596,0.9934917088380789
35.800000000000004,0.9901957328754318,0.9909523959675368,0.9917617611593901,0.9912357362034971,0.9913018337187574,0.9990242460189273,0.993603854484447
35.85,0.9903505939886273,0.9910894388833085,0.9918984733346826,0.9913784096821932,0.9914430179743664,0.9990447673067193,0.9937143860037938
35.9,0.9905034898700844,0.9912248417099443,0.9920333337628182,0.9915192102835515,0.9915823529624934,0.9990648961647046,0.9938233209708842
35.95,0.9906544373879151,0.9913586171728046,0.9921663600644179,0.9916581546384651,0.9917198551626775,0.9990846391879623,0.9939306768504355
36.0,0.9908034533758477,0.9914907779841708,0.9922975698053522,0.9917952593480436,0.9918555410196994,0.9991040028809886,0.9940364709970726
36.050000000000004,0.9909505546322479,0.9916213368426108,0.9924269804955708,0.991930540982346,0.9919894269425023,0.9991229936585075,0.9941407206552821
36.1,0.9910957579191353,0.9917503064323325,0.9925546095879378,0.9920640160791028,0.9921215293031025,0.999141617846282,0.9942434429593611
36.15,0.9912390799611894,0.9918776994225275,0.9926804744770621,0.9921957011424282,0.9922518644354885,0.9991598816819292,0.9943446549333633
36.2,0.991380537444748,0.9920035284667071,0.9928045924981355,0.9923256126415274,0.9923804486345117,0.999177791315734,0.9944443734910451
36.25,0.9915201470167961,0.9921278062020247,0.9929269809257679,0.9924537670093905,0.9925072981547647,0.9991953528114667,0.9945426154358041
36.300000000000004,0.9916579252839511,0.9922505452485959,0.9930476569728294,0.9925801806414851,0.9926324292094524,0.9992125721472008,0.9946393974606221
36.35,0.9917938888114362,0.992371758208799,0.9931666377892924,0.9927048698944432,0.9927558579692559,0.9992294552161308,0.9947347361480003
36.4,0.9919280541220525,0.9924914576665783,0.9932839404610807,0.9928278510847404,0.9928776005611899,0.9992460078273917,0.9948286479698963
36.45,0.9920604376951416,0.9926096561867281,0.9933995820089223,0.9929491404873763,0.9929976730674533,0.9992622357068779,0.99492114928766
36.5,0.9921910559655488,0.9927263663141754,0.9935135793872085,0.9930687543345487,0.9931160915242747,0.9992781444980643,0.995012256351965
36.550000000000004,0.9923199253225726,0.9928416005732505,0.9936259494828553,0.9931867088143262,0.9932328719207548,0.9992937397628247,0.9951019853027453
36.6,0.9924470621089228,0.9929553714669503,0.9937367091141796,0.9933030200693255,0.9933480301977057,0.9993090269822505,0.995190352169127
36.65,0.9925724826196625,0.9930676914761958,0.9938458750297723,0.993417704195382,0.9934615822464872,0.9993240115574739,0.9952773728693596
36.7,0.9926962031011584,0.9931785730590779,0.9939534639073893,0.993530777240225,0.993573543907841,0.99933869881048,0.9953630632107527
36.75,0.9928182397500226,0.9932880286501016,0.9940594923528433,0.9936422552021567,0.9936839309707264,0.9993530939849308,0.9954474388896087
36.800000000000004,0.9929386087120553,0.9933960706594189,0.9941639768989091,0.9937521540287301,0.9937927591711547,0.9993672022469766,0.9955305154911569
36.85,0.9930573260811856,0.993502711472056,0.9942669340042385,0.9938604896154345,0.9939000441910236,0.9993810286860751,0.9956123084894904
36.9,0.9931744078984148,0.9936079634471376,0.9943683800522806,0.9939672778043844,0.9940058016569582,0.9993945783158042,0.9956928332475066
36.95,0.993289870150758,0.9937118389170995,0.9944683313502207,0.9940725343830118,0.9941100471391472,0.9994078560746746,0.995772105016844
37.0,0.9934037287701852,0.9938143501869037,0.9945668041279254,0.9941762750827698,0.9942127961501908,0.9994208668269402,0.9958501389378257
37.050000000000004,0.9935159996325693,0.9939155095332408,0.9946638145368981,0.9942785155778378,0.9943140641439451,0.9994336153634084,0.9959269500394053
37.1,0.9936266985566315,0.9940153292037314,0.9947593786492537,0.9943792714838395,0.9944138665143791,0.9994461064022457,0.9960025532391131
37.15,0.9937358413028909,0.9941138214161249,0.9948535124566984,0.9944785583565652,0.9945122185944316,0.9994583445897833,0.9960769633430098
37.2,0.9938434435726198,0.9942109983574912,0.9949462318695277,0.9945763916907087,0.9946091356548772,0.9994703345013192,0.9961501950456388
37.25,0.9939495210067997,0.9943068721834109,0.9950375527156409,0.9946727869186096,0.9947046329032009,0.9994820806419181,0.996222262929987
37.300000000000004,0.9940540891850852,0.9944014550171616,0.9951274907395606,0.9947677594090103,0.9947987254824773,0.999493587447208,0.9962931814674463
37.35,0.9941571636247707,0.9944947589489026,0.9952160616014762,0.9948613244658208,0.9948914284702607,0.9995048592841764,0.9963629650177828
37.4,0.9942587597797639,0.9945867960348576,0.9953032808763003,0.9949534973269015,0.9949827568774857,0.9995159004519585,0.9964316278291078
37.45,0.9943588930395673,0.9946775782964934,0.9953891640527374,0.9950442931628533,0.9950727256473774,0.9995267151826289,0.9964991840378563
37.5,0.994457578728263,0.9947671177197029,0.9954737265323731,0.9951337270758243,0.9951613496543678,0.9995373076419843,0.9965656476687703
37.550000000000004,0.9945548321035084,0.9948554262539787,0.9955569836287791,0.9952218140983314,0.9952486437030312,0.9995476819303262,0.9966310326348871
37.6,0.9946506683555398,0.9949425158115957,0.9956389505666327,0.9953085691920943,0.9953346225270264,0.9995578420832388,0.9966953527375346
37.65,0.9947451026061829,0.9950283982667868,0.9957196424808568,0.9953940072468892,0.9954193007880534,0.9995677920723639,0.9967586216663337
37.7,0.9948381499078714,0.9951130854549235,0.9957990744157754,0.9954781430794125,0.9955026930748222,0.9995775358061703,0.9968208529992038
37.75,0.9949298252426813,0.9951965891716937,0.9958772613242881,0.9955609914321688,0.9955848139020372,0.9995870771307227,0.9968820602023805
37.800000000000004,0.9950201435213682,0.9952789211722866,0.9959542180670659,0.9956425669723683,0.9956656777093947,0.9995964198304433,0.996942256630436
37.85,0.9951091195824188,0.9953600931705728,0.9960299594117581,0.9957228842908481,0.9957452988605942,0.9996055676288716,0.9970014555263091
37.9,0.9951967681911158,0.9954401168382914,0.9961045000322277,0.9958019579010091,0.9958236916423683,0.9996145241894175,0.9970596700213417
37.95,0.9952831040386074,0.9955190038042387,0.9961778545077997,0.9958798022377702,0.9959008702635261,0.999623293116114,0.9971169131353244
38.0,0.9953681417409981,0.9955967656534601,0.9962500373225308,0.9959564316565456,0.9959768488540126,0.9996318779543606,0.9971731977765501
38.050000000000004,0.9954518958384457,0.9956734139264451,0.9963210628645013,0.9960318604322382,0.996051641463987,0.9996402821916668,0.9972285367418751
38.1,0.9955343807942725,0.9957489601183276,0.996390945425123,0.9961061027582537,0.996125262062916,0.9996485092583889,0.9972829427167889
38.15,0.9956156109940911,0.9958234156780894,0.9964596991984711,0.9961791727455369,0.996197724538688,0.9996565625284606,0.9973364282754923
38.2,0.9956956007449443,0.9958967920077706,0.9965273382806354,0.9962510844216264,0.9962690426967418,0.9996644453201216,0.9973890058809889
38.25,0.9957743642744603,0.9959691004616836,0.996593876669092,0.9963218517297323,0.9963392302592151,0.9996721608966406,0.9974406878851771
38.300000000000004,0.995851915730017,0.996040352345634,0.9966593282620967,0.9963914885278353,0.9964083008641137,0.9996797124670329,0.9974914865289611
38.35,0.9959282691779284,0.9961105589161466,0.9967237068580985,0.9964600085878046,0.9964762680644986,0.9996871031867717,0.9975414139423628
38.400000000000006,0.9960034386026442,0.9961797313796998,0.9967870261551774,0.9965274255945429,0.9965431453276912,0.9996943361584987,0.9975904821446513
38.45,0.9960774379059627,0.9962478808919667,0.9968492997504987,0.9965937531451501,0.9966089460344991,0.9997014144327232,0.997638703044475
38.5,0.9961502809062621,0.9963150185570625,0.9969105411397943,0.9966590047481105,0.9966736834784675,0.9997083410085221,0.9976860884400095
38.550000000000004,0.9962219813377501,0.9963811554267997,0.9969707637168626,0.9967231938225031,0.9967373708651404,0.9997151188342315,0.9977326500191113
38.6,0.9962925528497247,0.9964463024999539,0.9970299807730891,0.9967863336972365,0.9968000213113516,0.9997217508081322,0.9977783993594849
38.650000000000006,0.9963620090058591,0.9965104707215352,0.9970882054969943,0.9968484376103025,0.9968616478445337,0.999728239779132,0.9978233479288584
38.7,0.9964303632834994,0.9965736709820716,0.9971454509737971,0.9969095187080608,0.9969222634020479,0.999734588547443,0.9978675070851696
38.75,0.9964976290729789,0.9966359141168993,0.9972017301850046,0.9969695900445379,0.9969818808305333,0.9997407998652503,0.9979108880767644
38.800000000000004,0.996563819676956,0.9966972109054625,0.997257056008023,0.9970286645807587,0.9970405128852842,0.9997468764373766,0.9979535020426022
38.85,0.9966289483097657,0.9967575720706268,0.9973114412157887,0.997086755184097,0.9970981722296406,0.9997528209219446,0.9979953600124777
38.900000000000006,0.9966930280967896,0.9968170082779984,0.9973648984764252,0.9971438746276506,0.9971548714344076,0.9997586359310275,0.9980364729072463
38.95,0.9967560720738469,0.9968755301352564,0.9974174403529183,0.9972000355896431,0.9972106229772949,0.9997643240312986,0.9980768515390672
39.0,0.9968180931866027,0.9969331481914979,0.9974690793028171,0.9972552506528447,0.9972654392423741,0.9997698877446752,0.9981165066116535
39.050000000000004,0.996879104289995,0.9969898729365887,0.9975198276779539,0.9973095323040251,0.9973193325195653,0.9997753295489532,0.9981554487205313
39.1,0.996939118147683,0.9970457148005326,0.9975696977241881,0.9973628929334228,0.9973723150041425,0.9997806518784391,0.9981936883533172
39.150000000000006,0.9969981474315115,0.9971006841528472,0.9976187015811719,0.9974153448342442,0.9974243987962603,0.9997858571245757,0.9982312358899981
39.2,0.997056204720998,0.9971547913019544,0.9976668512821371,0.9974669002021851,0.9974755959005057,0.9997909476365607,0.9982681016032273
39.25,0.9971133025028374,0.9972080464945834,0.9977141587537047,0.9975175711349762,0.9975259182254712,0.9997959257219611,0.9983042956586301
39.300000000000004,0.9971694531704276,0.9972604599151844,0.9977606358157168,0.9975673696319542,0.9975753775833498,0.9998007936473216,0.9983398281151201
39.35,0.9972246690234128,0.9973120416853583,0.9978062941810883,0.9976163075936566,0.9976239856895535,0.9998055536387651,0.9983747089252267
39.400000000000006,0.997278962267252,0.9973628018632962,0.9978511454556824,0.9976643968214411,0.9976717541623568,0.9998102078825888,0.9984089479354324
39.45,0.9973323450128011,0.997412750443236,0.9978952011382062,0.9977116490171289,0.9977186945225561,0.9998147585258573,0.9984425548865247
39.5,0.9973848292759186,0.997461897354928,0.9979384726201275,0.9977580757826723,0.9977648181931587,0.999819207676983,0.9984755394139531
39.550000000000004,0.997436426977092,0.9975102524631184,0.9979809711856149,0.9978036886198466,0.9978101364990911,0.9998235574063075,0.9985079110482027
39.6,0.9974871499410821,0.9975578255670454,0.998022708011497,0.9978484989299662,0.9978546606669283,0.9998278097466728,0.9985396792151726
39.650000000000006,0.9975370098965903,0.997604626399949,0.9980636941672418,0.9978925180136244,0.9978984018246505,0.9998319666939877,0.9985708532365706
39.7,0.9975860184759433,0.9976506646285944,0.9981039406149601,0.9979357570704561,0.9979413710014149,0.9998360302077889,0.9986014423303148
39.75,0.9976341872147999,0.9976959498528116,0.9981434582094261,0.9979782271989275,0.9979835791273574,0.9998400022117957,0.9986314556109482
39.800000000000004,0.9976815275518779,0.9977404916050507,0.9981822576981213,0.9980199393961423,0.9980250370334095,0.9998438845944592,0.9986609020900602
39.85,0.9977280508287013,0.9977842993499458,0.998220349721296,0.9980609045576809,0.9980657554511422,0.9998476792095043,0.9986897906767206
39.900000000000006,0.997773768289367,0.9978273824839028,0.9982577448120522,0.9981011334774541,0.998105745012629,0.9998513878764672,0.9987181301779278
39.95,0.997818691080331,0.9978697503346956,0.9982944533964457,0.9981406368475852,0.9981450162503328,0.9998550123812262,0.9987459292990565
40.0,0.9978628302502182,0.9979114121610793,0.9983304857936101,0.9981794252583113,0.99818357959701,0.999858554476528,0.9987731966443281
40.050000000000004,0.9979061967496472,0.9979523771524181,0.9983658522158956,0.9982175091979122,0.9982214453856426,0.999862015882505,0.9987999407172798
40.1,0.9979488014310799,0.9979926544283314,0.9984005627690313,0.9982548990526533,0.9982586238493851,0.9998653982871896,0.9988261699212521
40.150000000000006,0.9979906550486887,0.9980322530383507,0.998434627452305,0.9982916051067613,0.9982951251215368,0.9998687033470218,0.9988518925598796
40.2,0.9980317682582409,0.9980711819615957,0.9984680561587588,0.9983276375424135,0.9983309592355325,0.9998719326873521,0.9988771168375954
40.25,0.998072151617009,0.9981094501064628,0.9985008586754087,0.9983630064397512,0.998366136124955,0.9998750879029336,0.9989018508601418
40.300000000000004,0.9981118155836955,0.9981470663103333,0.9985330446834766,0.9983977217769163,0.9984006656235667,0.9998781705584164,0.998926102635093
40.35,0.9981507705183786,0.9981840393392925,0.998564623758645,0.9984317934301088,0.9984345574653652,0.999881182188828,0.9989498800723842
40.400000000000006,0.9981890266824779,0.9982203778878667,0.9985956053713247,0.9984652311736613,0.9984678212846521,0.9998841243000549,0.9989731909848509
40.45,0.998226594238738,0.9982560905787773,0.9986259988869444,0.9984980446801404,0.9985004666161287,0.9998869983693126,0.9989960430887767
40.5,0.9982634832512338,0.998291185962706,0.9986558135662542,0.9985302435204634,0.9985325028950065,0.9998898058456132,0.9990184440044497
40.550000000000004,0.9982997036853903,0.9983256725180827,0.9986850585656453,0.9985618371640376,0.9985639394571388,0.9998925481502285,0.9990404012567274
40.6,0.9983352654080244,0.9983595586508787,0.9987137429374902,0.9985928349789186,0.9985947855391709,0.9998952266771421,0.9990619222756073
40.650000000000006,0.9983701781874059,0.9983928526944277,0.9987418756304944,0.9986232462319893,0.9986250502787088,0.9998978427935008,0.9990830143968099
40.7,0.9984044516933341,0.9984255629092519,0.9987694654900678,0.9986530800891555,0.9986547427145072,0.9999003978400594,0.9991036848623667
40.75,0.9984380954972313,0.9984576974829094,0.9987965212587085,0.9986823456155645,0.9986838717866746,0.999902893131619,0.9991239408212145
40.800000000000004,0.9984711190722624,0.9984892645298559,0.9988230515764037,0.9987110517758384,0.9987124463368966,0.9999053299574581,0.9991437893298011
40.85,0.9985035317934605,0.9985202720913203,0.9988490649810449,0.9987392074343261,0.9987404751086784,0.9999077095817624,0.999163237352694
40.900000000000006,0.9985353429378816,0.9985507281351972,0.9988745699088586,0.9987668213553791,0.9987679667476007,0.9999100332440451,0.9991822917631987
40.95,0.9985665616847657,0.9985806405559539,0.9988995746948506,0.9987939022036351,0.9987949298015985,0.9999123021595635,0.9992009593439831
41.0,0.9985971971157245,0.9986100171745528,0.9989240875732641,0.9988204585443259,0.9988213727212502,0.9999145175197307,0.9992192467877083
41.050000000000004,0.9986272582149397,0.9986388657383896,0.9989481166780512,0.9988464988436042,0.9988473038600879,0.9999166804925198,0.9992371606976662
41.1,0.9986567538693816,0.9986671939212447,0.9989716700433606,0.9988720314688767,0.9988727314749222,0.9999187922228652,0.999254707588423
41.150000000000006,0.9986856928690391,0.9986950093232514,0.9989947556040335,0.9988970646891662,0.9988976637261817,0.9999208538330566,0.9992718938864681
41.2,0.9987140839071754,0.9987223194708774,0.9990173811961169,0.9989216066754811,0.9989221086782707,0.9999228664231271,0.9992887259308705
41.25,0.998741935580586,0.9987491318169218,0.9990395545573862,0.9989456655012042,0.9989460742999388,0.9999248310712412,0.9993052099739388
41.300000000000004,0.9987692563898858,0.998775453740526,0.9990612833278818,0.9989692491424952,0.9989695684646678,0.999926748834069,0.9993213521818878
41.35,0.9987960547398018,0.9988012925471998,0.9990825750504562,0.9989923654787075,0.9989925989510723,0.9999286207471625,0.9993371586355091
41.400000000000006,0.9988223389394859,0.9988266554688621,0.9991034371713337,0.9990150222928247,0.9990151734433144,0.9999304478253248,0.9993526353308493
41.45,0.9988481172028423,0.998851549663893,0.9991238770406786,0.9990372272719035,0.9990372995315324,0.9999322310629707,0.9993677881798884
41.5,0.9988733976488664,0.9988759822172026,0.9991439019131794,0.9990589880075382,0.9990589847122834,0.9999339714344868,0.9993826230112273
41.550000000000004,0.9988981883020002,0.9988999601403147,0.9991635189486376,0.9990803119963317,0.9990802363889985,0.9999356698945849,0.9993971455707772
41.6,0.9989224970925022,0.9989234903714599,0.99918273521257,0.9991012066403862,0.9991010618724513,0.9999373273786495,0.9994113615224517
41.650000000000006,0.9989463318568311,0.9989465797756842,0.9992015576768211,0.9991216792478002,0.9991214683812382,0.9999389448030805,0.9994252764488674
41.7,0.9989697003380396,0.9989692351449745,0.9992199932201817,0.999141737033187,0.9991414630422735,0.9999405230656332,0.9994388958520419
41.75,0.9989926101861857,0.9989914631983906,0.9992380486290215,0.9991613871181936,0.999161052891292,0.99994206304575,0.9994522251541035
41.800000000000004,0.9990150689587544,0.999013270582215,0.9992557305979259,0.9991806365320418,0.9991802448733671,0.9999435656048897,0.9994652696979927
41.85,0.9990370841210929,0.9990346638701151,0.9992730457303465,0.9991994922120755,0.9991990458434392,0.9999450315868523,0.9994780347481775
41.900000000000006,0.999058663046857,0.9990556495633137,0.9992900005392518,0.9992179610043198,0.9992174625668533,0.9999464618180951,0.9994905254913676
41.95,0.9990798130184707,0.9990762340907806,0.9993066014477949,0.999236049664052,0.9992355017199082,0.9999478571080507,0.9995027470372275
42.0,0.9991005412275986,0.9990964238094244,0.9993228547899837,0.9992537648563815,0.9992531698904178,0.9999492182494336,0.9995147044190982
42.050000000000004,0.9991208547756233,0.9991162250043082,0.9993387668113582,0.999271113156841,0.9992704735782788,0.9999505460185468,0.9995264025947155
42.1,0.9991407606741446,0.9991356438888692,0.999354343669677,0.9992881010519873,0.9992874191960509,0.9999518411755827,0.9995378464469361
42.150000000000006,0.999160265845479,0.999154686605153,0.999369591435608,0.9993047349400099,0.9993040130695447,0.9999531044649167,0.9995490407844587
42.2,0.999179377123178,0.9991733592240587,0.9993845160934283,0.9993210211313501,0.9993202614384189,0.999954336615401,0.9995599903425525
42.25,0.999198101252549,0.9991916677455954,0.9993991235417264,0.9993369658493305,0.9993361704567867,0.9999555383406509,0.9995706997837838
42.300000000000004,0.9992164448911931,0.9992096180991492,0.9994134195941149,0.9993525752307877,0.9993517461938282,0.999956710339326,0.9995811736987443
42.35,0.9992344146095472,0.999227216143762,0.9994274099799441,0.9993678553267181,0.9993669946344154,0.999957853295411,0.9995914166067815
42.400000000000006,0.9992520168914404,0.9992444676684186,0.9994411003450228,0.9993828121029285,0.9993819216797393,0.9999589678784867,0.9996014329567289
42.45,0.9992692581346526,0.999261378392347,0.9994544962523444,0.9993974514406954,0.9993965331479482,0.9999600547440022,0.999611227127636
42.5,0.9992861446514902,0.9992779539653269,0.999467603182816,0.9994117791374307,0.9994108347747906,0.9999611145335391,0.9996208034294994
42.550000000000004,0.9993026826693618,0.9992941999680086,0.9994804265359933,0.9994258009073547,0.9994248322142678,0.9999621478750719,0.9996301661039964
42.6,0.9993188783313686,0.9993101219122404,0.9994929716308192,0.9994395223821736,0.9994385310392897,0.9999631553832266,0.9996393193252142
42.650000000000006,0.9993347376968995,0.9993257252414081,0.9995052437063637,0.999452949111765,0.9994519367423367,0.9999641376595335,0.999648267200381
42.7,0.9993502667422339,0.9993410153307809,0.9995172479225722,0.9994660865648701,0.9994650547361311,0.9999650952926756,0.9996570137705989
42.75,0.9993654713611522,0.999355997487868,0.9995289893610109,0.9994789401297877,0.99947789035431,0.9999660288587346,0.9996655630115725
42.800000000000004,0.9993803573655536,0.9993706769527826,0.999540473025621,0.9994915151150757,0.9994904488521046,0.9999669389214296,0.9996739188343379
42.85,0.9993949304860795,0.9993850588986155,0.9995517038434699,0.9995038167502571,0.9995027354070258,0.9999678260323576,0.9996820850859928
42.900000000000006,0.9994091963727451,0.9993991484318171,0.9995626866655084,0.9995158501865324,0.9995147551195513,0.9999686907312244,0.9996900655504236
42.95,0.999423160595574,0.9994129505925855,0.9995734262673304,0.9995276204974914,0.9995265130138206,0.9999695335460748,0.9996978639490315
43.0,0.999436828645242,0.9994264703552656,0.9995839273499305,0.999539132679832,0.9995380140383303,0.9999703549935192,0.9997054839414573
43.050000000000004,0.999450205933725,0.9994397126287512,0.9995941945404676,0.9995503916540847,0.9995492630666369,0.9999711555789534,0.999712929126304
43.1,0.9994632977949515,0.9994526822568994,0.9996042323930273,0.9995614022653362,0.9995602648980608,0.9999719357967801,0.9997202030418604
43.150000000000006,0.9994761094854601,0.9994653840189507,0.9996140453893856,0.9995721692839579,0.9995710242583918,0.9999726961306197,0.9997273091668186
43.2,0.9994886461850641,0.999477822629951,0.9996236379397736,0.999582697406338,0.9995815458006018,0.9999734370535258,0.9997342509209924
43.25,0.9995009129975163,0.9994900027411892,0.9996330143836445,0.9995929912556138,0.9995918341055565,0.9999741590281899,0.9997410316660343
43.300000000000004,0.9995129149511828,0.9995019289406322,0.9996421789904371,0.9996030553824097,0.999601893682731,0.9999748625071458,0.999747654706145
43.35,0.9995246569997173,0.9995136057533734,0.9996511359603435,0.9996128942655743,0.999611728970929,0.9999755479329704,0.999754123288787
43.400000000000006,0.9995361440227382,0.9995250376420826,0.9996598894250747,0.9996225123129189,0.9996213443389976,0.9999762157384826,0.9997604406053919
43.45,0.9995473808265134,0.9995362290074618,0.999668443448625,0.999631913861959,0.9996307440865532,0.9999768663469345,0.9997666097920651
43.5,0.9995583721446456,0.9995471841887099,0.9996768020280389,0.9996411031806582,0.9996399324447001,0.9999775001722038,0.9997726339302884
43.550000000000004,0.9995691226387589,0.9995579074639895,0.9996849690941736,0.9996500844681703,0.9996489135767571,0.999978117618981,0.9997785160476187
43.6,0.9995796368991905,0.9995684030508993,0.9996929485124637,0.9996588618555805,0.9996576915789772,0.9999787190829523,0.9997842591183845
43.650000000000006,0.9995899194456841,0.9995786751069519,0.9997007440836824,0.9996674394066547,0.999666270481277,0.9999793049509815,0.99978986606438
43.7,0.999599974728085,0.9995887277300564,0.9997083595447029,0.9996758211185801,0.9996746542479579,0.999979875601288,0.999795339755552
43.75,0.9996098071270383,0.9995985649590042,0.999715798569258,0.9996840109227116,0.9996828467784351,0.9999804314036198,0.9998006830106874
43.800000000000004,0.9996194209546861,0.9996081907739608,0.9997230647686967,0.9996920126853144,0.99969085190796,0.999980972719427,0.999805898598095
43.85,0.9996288204553694,0.9996176090969608,0.9997301616927406,0.9996998302083093,0.9996986734083468,0.9999814999020293,0.9998109892362842
43.900000000000006,0.9996380098063306,0.9996268237924044,0.9997370928302383,0.9997074672300161,0.9997063149886962,0.9999820132967814,0.9998159575946401
43.95,0.9996469931184113,0.9996358386675608,0.9997438616099137,0.9997149274258941,0.99971378029612,0.9999825132412367,0.9998208062940926
44.0,0.999655774436762,0.9996446574730735,0.9997504714011197,0.9997222144092834,0.9997210729164632,0.999983000065306,0.9998255379077841
44.050000000000004,0.9996643577415409,0.9996532839034683,0.9997569255145795,0.9997293317321477,0.9997281963750269,0.9999834740914142,0.9998301549617331
44.1,0.9996727469486213,0.9996617215976655,0.9997632272031332,0.9997362828858083,0.9997351541372882,0.9999839356346558,0.9998346599354898
44.150000000000006,0.9996809459102939,0.9996699741394924,0.9997693796624775,0.9997430713016828,0.9997419496096187,0.9999843850029451,0.9998390552627916
44.2,0.9996889584159705,0.9996780450582011,0.999775386031904,0.9997497003520212,0.9997485861400032,0.9999848224971639,0.9998433433322135
44.25,0.9996967881928911,0.9996859378289871,0.9997812493950305,0.9997561733506366,0.9997550670187552,0.9999852484113102,0.9998475264878097
44.300000000000004,0.9997044389068235,0.9996936558735091,0.999786972780537,0.9997624935536357,0.9997613954792288,0.9999856630326379,0.9998516070297573
44.35,0.9997119141627677,0.9997012025604144,0.9997925591628869,0.9997686641601484,0.9997675746985328,0.9999860666418006,0.9998555872149898
44.400000000000006,0.999719217505658,0.9997085812058607,0.9997980114630572,0.9997746883130506,0.9997736077982364,0.999986459512987,0.999859469257829
44.45,0.9997263524210639,0.9997157950740442,0.9998033325492531,0.9997805690996913,0.9997794978450794,0.9999868419140586,0.9998632553306107
44.5,0.9997333223358877,0.999722847377726,0.9998085252376256,0.9997863095526078,0.9997852478516722,0.9999872141066815,0.9998669475643063
44.550000000000004,0.9997401306190652,0.9997297412787615,0.9998135922929853,0.9997919126502445,0.9997908607772004,0.9999875763464563,0.9998705480491374
44.6,0.9997467805822595,0.9997364798886292,0.999818536429508,0.9997973813176669,0.99979633952812,0.9999879288830478,0.9998740588351882
44.650000000000006,0.9997532754805578,0.9997430662689626,0.9998233603114396,0.9998027184272709,0.9998016869588531,0.9999882719603093,0.9998774819330125
44.7,0.9997596185131636,0.9997495034320804,0.9998280665537935,0.9998079267994905,0.9998069058724801,0.9999886058164069,0.9998808193142315
44.75,0.9997658128240877,0.9997557943415177,0.9998326577230473,0.999813009203499,0.9998119990214275,0.9999889306839412,0.9998840729121332
44.800000000000004,0.9997718615028345,0.999761941912559,0.9998371363378309,0.99981796835791,0.9998169691081523,0.9999892467900627,0.99988724462226
44.85,0.9997777675850907,0.99976794901277,0.9998415048696131,0.9998228069314726,0.9998218187858228,0.9999895543565931,0.9998903363029963
44.900000000000006,0.9997835340534083,0.9997738184625289,0.9998457657433822,0.9998275275437614,0.9998265506589963,0.9999898536001357,0.999893349776144
44.95,0.9997891638378831,0.9997795530355601,0.9998499213383194,0.9998321327658648,0.9998311672842911,0.9999901447321895,0.9998962868275032
45.0,0.9997946598168357,0.9997851554594637,0.999853973988473,0.9998366251210687,0.9998356711710582,0.9999904279592594,0.9998991492074353
45.050000000000004,0.9998000248174845,0.9997906284162479,0.9998579259834202,0.999841007085533,0.9998400647820431,0.9999907034829623,0.999901938631431
45.1,0.9998052616166181,0.9997959745428597,0.9998617795689311,0.9998452810889678,0.9998443505340487,0.9999909715001342,0.999904656780664
45.150000000000006,0.9998103729412633,0.9998011964317141,0.9998655369476207,0.9998494495153006,0.9998485307985917,0.9999912322029352,0.9999073053025485
45.2,0.9998153614693512,0.9998062966312221,0.9998692002796001,0.9998535147033434,0.999852607902553,0.9999914857789484,0.9999098858112818
45.25,0.9998202298303787,0.999811277646321,0.9998727716831222,0.9998574789474519,0.9998565841288265,0.9999917324112813,0.999912399888387
45.300000000000004,0.9998249806060658,0.9998161419389979,0.9998762532352178,0.9998613444981799,0.9998604617169611,0.9999919722786643,0.999914849083251
45.35,0.9998296163310103,0.9998208919288188,0.9998796469723323,0.9998651135629302,0.9998642428638003,0.9999922055555459,0.9999172349136504
45.400000000000006,0.9998341394933392,0.9998255299934468,0.9998829548909517,0.9998687883065992,0.9998679297241124,0.9999924324121859,0.9999195588662796
45.45,0.999838552535354,0.9998300584691711,0.9998861789482253,0.9998723708522189,0.9998715244112215,0.9999926530147493,0.9999218223972679
45.5,0.9998428578541744,0.9998344796514221,0.9998893210625831,0.9998758632815887,0.9998750289976296,0.9999928675253957,0.9999240269326929
45.550000000000004,0.999847057802375,0.9998387957952943,0.999892383114346,0.9998792676359087,0.9998784455156342,0.9999930761023681,0.9999261738690874
45.6,0.9998511546886214,0.9998430091160583,0.9998953669463307,0.9998825859163992,0.9998817759579446,0.9999932789000794,0.9999282645739431
45.650000000000006,0.9998551507782988,0.9998471217896816,0.9998982743644512,0.9998858200849239,0.9998850222782838,0.9999934760691984,0.9999303003862028
45.7,0.9998590482941369,0.9998511359533359,0.9999011071383089,0.9998889720646004,0.9998881863919982,0.9999936677567327,0.9999322826167549
45.75,0.9998628494168325,0.9998550537059109,0.9999038670017844,0.9998920437404111,0.9998912701766495,0.9999938541061102,0.9999342125489157
45.800000000000004,0.9998665562856645,0.99985887710852,0.9999065556536149,0.9998950369598012,0.99989427547261,0.9999940352572602,0.9999360914389079
45.85,0.9998701709991048,0.999862608185008,0.9999091747579729,0.9998979535332804,0.9998972040836476,0.9999942113466909,0.999937920516335
45.900000000000006,0.9998736956154272,0.9998662489224527,0.9999117259450353,0.9999007952350089,0.9999000577775071,0.9999943825075659,0.9999397009846485
45.95,0.9998771321533075,0.9998698012716642,0.9999142108115475,0.9999035638033861,0.9999028382864865,0.9999945488697818,0.9999414340216077
46.0,0.999880482592422,0.9998732671476861,0.9999166309213795,0.9999062609416298,0.9999055473080063,0.9999947105600402,0.9999431207797393
46.050000000000004,0.9998837488740383,0.9998766484302856,0.9999189878060799,0.999908888318348,0.9999081865051737,0.9999948677019204,0.9999447623867832
46.1,0.9998869329016038,0.9998799469644486,0.9999212829654192,0.9999114475681091,0.9999107575073424,0.9999950204159496,0.9999463599461416
46.150000000000006,0.9998900365413271,0.9998831645608676,0.9999235178679328,0.9999139402920018,0.9999132619106652,0.9999951688196739,0.9999479145373146
46.2,0.9998930616227559,0.9998863029964266,0.99992569395145,0.9999163680581933,0.9999157012786416,0.9999953130277265,0.9999494272163347
46.25,0.9998960099393468,0.9998893640146844,0.9999278126236253,0.9999187324024776,0.9999180771426593,0.999995453151891,0.9999508990161952
46.300000000000004,0.9998988832490339,0.9998923493263536,0.9999298752624571,0.9999210348288221,0.9999203910025303,0.99999558930117,0.999952330947271
46.35,0.9999016832747896,0.9998952606097767,0.9999318832168036,0.9999232768099033,0.9999226443270204,0.9999957215818484,0.9999537239977341
46.400000000000006,0.9999044117051804,0.9998980995113981,0.9999338378068933,0.9999254597876412,0.9999248385543751,0.9999958500975552,0.9999550791339673
46.45,0.9999070701949166,0.9999008676462341,0.9999357403248252,0.9999275851737246,0.9999269750928372,0.9999959749493235,0.9999563973009677
46.5,0.9999096603654001,0.9999035665983387,0.999937592035068,0.9999296543501326,0.9999290553211594,0.9999960962356544,0.9999576794227455
46.550000000000004,0.999912183805262,0.9999061979212633,0.9999393941749493,0.9999316686696467,0.9999310805891116,0.9999962140525714,0.9999589264027199
46.6,0.9999146420708973,0.9999087631385182,0.9999411479551404,0.9999336294563623,0.9999330522179823,0.9999963284936804,0.9999601391241069
46.650000000000006,0.9999170366869946,0.9999112637440251,0.9999428545601362,0.9999355380061878,0.9999349715010719,0.9999964396502248,0.9999613184503018
46.7,0.9999193691470597,0.9999137012025695,0.9999445151487257,0.999937395587344,0.9999368397041865,0.9999965476111423,0.9999624652252592
46.75,0.9999216409139321,0.9999160769502464,0.9999461308544589,0.9999392034408515,0.9999386580661154,0.9999966524631155,0.9999635802738627
46.800000000000004,0.9999238534202988,0.9999183923949059,0.9999477027861083,0.9999409627810173,0.9999404277991142,0.9999967542906293,0.9999646644022935
46.85,0.9999260080692,0.9999206489165899,0.9999492320281214,0.9999426747959116,0.9999421500893726,0.999996853176018,0.9999657183983919
46.900000000000006,0.9999281062345307,0.9999228478679697,0.9999507196410704,0.9999443406478402,0.9999438260974837,0.9999969491995189,0.9999667430320135
46.95,0.9999301492615374,0.9999249905747762,0.9999521666620933,0.9999459614738114,0.9999454569589014,0.9999970424393197,0.9999677390553796
47.0,0.999932138467305,0.9999270783362295,0.9999535741053314,0.9999475383859961,0.9999470437843949,0.9999971329716103,0.9999687072034242
47.050000000000004,0.9999340751412451,0.9999291124254601,0.9999549429623577,0.9999490724721813,0.9999485876605011,0.999997220870625,0.9999696481941328
47.1,0.9999359605455714,0.9999310940899296,0.9999562742026034,0.9999505647962181,0.9999500896499596,0.999997306208693,0.9999705627288805
47.150000000000006,0.999937795915775,0.9999330245518465,0.9999575687737747,0.9999520163984674,0.9999515507921581,0.9999973890562828,0.9999714514927602
47.2,0.9999395824610906,0.9999349050085766,0.9999588276022674,0.9999534282962312,0.9999529721035569,0.9999974694820453,0.9999723151549076
47.25,0.999941321364959,0.9999367366330502,0.9999600515935705,0.9999548014841866,0.9999543545781181,0.9999975475528589,0.9999731543688226
47.300000000000004,0.9999430137854837,0.9999385205741655,0.9999612416326706,0.9999561369348102,0.999955699187723,0.9999976233338705,0.9999739697726853
47.35,0.9999446608558797,0.9999402579571874,0.9999623985844447,0.9999574355987955,0.9999570068825866,0.9999976968885378,0.9999747619896624
47.400000000000006,0.9999462636849209,0.999941949884142,0.9999635232940501,0.9999586984054665,0.9999582785916659,0.99999776827867,0.9999755316282165
47.45,0.9999478233573784,0.9999435974342057,0.9999646165873093,0.9999599262631853,0.9999595152230624,0.9999978375644676,0.999976279282405
47.5,0.999949340934453,0.9999452016640932,0.9999656792710855,0.9999611200597534,0.9999607176644193,0.9999979048045606,0.999977005532174
47.550000000000004,0.9999508174542059,0.9999467636084379,0.9999667121336587,0.9999622806628061,0.9999618867833107,0.9999979700560465,0.9999777109436526
47.6,0.9999522539319798,0.9999482842801706,0.9999677159450878,0.9999634089202041,0.9999630234276295,0.9999980333745283,0.9999783960694351
47.650000000000006,0.9999536513608157,0.9999497646708917,0.9999686914575769,0.9999645056604164,0.9999641284259666,0.9999980948141509,0.9999790614488641
47.7,0.9999550107118657,0.99995120575124,0.9999696394058262,0.9999655716928997,0.999965202587985,0.9999981544276348,0.999979707608307
47.75,0.9999563329347982,0.999952608471259,0.9999705605073851,0.9999666078084702,0.9999662467047886,0.9999982122663137,0.999980335061428
47.800000000000004,0.9999576189581978,0.9999539737607551,0.9999714554629966,0.9999676147796738,0.9999672615492874,0.9999982683801653,0.9999809443094548
47.85,0.9999588696899628,0.9999553025296557,0.999972324956936,0.9999685933611431,0.9999682478765533,0.9999983228178474,0.9999815358414429
47.900000000000006,0.9999600860176909,0.9999565956683601,0.9999731696573451,0.9999695442899579,0.9999692064241744,0.9999983756267286,0.9999821101345319
47.95,0.9999612688090669,0.9999578540480853,0.9999739902165603,0.9999704682859947,0.9999701379126017,0.9999984268529196,0.9999826676542009
48.0,0.9999624189122409,0.9999590785212135,0.9999747872714381,0.9999713660522721,0.9999710430454912,0.999998476541307,0.9999832088545175
48.050000000000004,0.9999635371561988,0.9999602699216257,0.9999755614436708,0.99997223827529,0.9999719225100406,0.9999985247355803,0.9999837341783846
48.1,0.9999646243511342,0.9999614290650406,0.9999763133401005,0.9999730856253659,0.9999727769773217,0.9999985714782635,0.9999842440577781
48.150000000000006,0.999965681288808,0.9999625567493425,0.9999770435530285,0.9999739087569626,0.999973607102605,0.9999986168107433,0.9999847389139859
48.2,0.9999667087429087,0.9999636537549084,0.9999777526605149,0.9999747083090136,0.9999744135256818,0.9999986607732971,0.9999852191578411
48.25,0.9999677074694013,0.9999647208449286,0.9999784412266793,0.9999754849052412,0.9999751968711806,0.999998703405122,0.9999856851899476
48.300000000000004,0.9999686782068777,0.9999657587657265,0.9999791098019923,0.9999762391544718,0.9999759577488774,0.9999987447443601,0.999986137400906
48.35,0.9999696216768953,0.9999667682470688,0.999979758923564,0.999976971650942,0.9999766967540022,0.9999987848281271,0.9999865761715361
48.400000000000006,0.9999705385843161,0.9999677500024774,0.9999803891154263,0.9999776829746043,0.9999774144675388,0.9999988236925347,0.9999870018730874
48.45,0.9999714296176365,0.9999687047295329,0.9999810008888114,0.999978373691425,0.9999781114565232,0.999998861372719,0.9999874148674575
48.5,0.9999722954493149,0.9999696331101747,0.9999815947424257,0.9999790443536765,0.9999787882743315,0.9999988979028647,0.999987815507396
48.550000000000004,0.9999731367360919,0.9999705358109996,0.9999821711627175,0.9999796955002288,0.9999794454609685,0.9999989333162262,0.9999882041367111
48.6,0.9999739541193081,0.9999714134835511,0.999982730624142,0.9999803276568306,0.9999800835433494,0.9999989676451556,0.9999885810904701
48.650000000000006,0.9999747482252135,0.9999722667646104,0.9999832735894204,0.9999809413363897,0.999980703035575,0.9999990009211217,0.9999889466951963
48.7,0.9999755196652763,0.9999730962764795,0.9999838005097933,0.9999815370392453,0.999981304439203,0.9999990331747345,0.9999893012690617
48.75,0.9999762690364827,0.9999739026272598,0.9999843118252735,0.9999821152534408,0.9999818882435194,0.9999990644357665,0.9999896451220774
48.800000000000004,0.9999769969216353,0.9999746864111303,0.9999848079648901,0.9999826764549854,0.9999824549257973,0.9999990947331736,0.9999899785562788
48.85,0.9999777038896429,0.9999754482086185,0.9999852893469304,0.9999832211081152,0.9999830049515565,0.9999991240951182,0.999990301865909
48.900000000000006,0.9999783904958094,0.999976188586867,0.9999857563791769,0.9999837496655495,0.9999835387748174,0.9999991525489854,0.9999906153375968
48.95,0.9999790572821157,0.9999769080998994,0.9999862094591389,0.999984262568741,0.9999840568383507,0.9999991801214072,0.9999909192505325
49.0,0.9999797047774978,0.9999776072888789,0.9999866489742839,0.9999847602481221,0.9999845595739199,0.9999992068382796,0.9999912138766414
49.050000000000004,0.9999803334981199,0.9999782866823647,0.9999870753022586,0.999985243123348,0.9999850474025255,0.9999992327247815,0.999991499480749
49.1,0.9999809439476426,0.9999789467965636,0.9999874888111109,0.9999857116035342,0.9999855207346384,0.9999992578053944,0.9999917763207501
49.150000000000006,0.9999815366174878,0.9999795881355791,0.9999878898595058,0.999986166087489,0.9999859799704327,0.9999992821039198,0.9999920446477689
49.2,0.9999821119870969,0.9999802111916535,0.999988278796936,0.999986606963944,0.9999864255000135,0.9999993056434962,0.9999923047063185
49.25,0.9999826705241889,0.9999808164454114,0.9999886559639318,0.9999870346117776,0.9999868577036403,0.9999993284466178,0.9999925567344571
49.300000000000004,0.9999832126850072,0.9999814043660926,0.9999890216922636,0.9999874494002376,0.9999872769519468,0.9999993505351492,0.9999928009639388
49.35,0.9999837389145689,0.9999819754117897,0.9999893763051435,0.9999878516891563,0.9999876836061561,0.9999993719303445,0.9999930376203661
49.400000000000006,0.9999842496469069,0.999982530029672,0.9999897201174198,0.9999882418291641,0.9999880780182918,0.999999392652861,0.9999932669233327
49.45,0.9999847453053055,0.9999830686562147,0.9999900534357705,0.9999886201618977,0.9999884605313865,0.999999412722776,0.9999934890865709
49.5,0.9999852263025358,0.9999835917174191,0.9999903765588931,0.9999889870202049,0.9999888314796843,0.9999994321596017,0.99999370431809
49.550000000000004,0.9999856930410866,0.9999840996290312,0.999990689777688,0.9999893427283462,0.9999891911888417,0.9999994509823006,0.9999939128203141
49.6,0.9999861459133869,0.9999845927967552,0.9999909933754403,0.9999896876021891,0.9999895399761218,0.9999994692092973,0.9999941147902163
49.650000000000006,0.999986585302029,0.9999850716164667,0.9999912876279997,0.9999900219494053,0.9999898781505883,0.9999994868584984,0.9999943104194534
49.7,0.9999870115799856,0.9999855364744161,0.9999915728039517,0.999990346069658,0.999990206013293,0.9999995039472998,0.9999944998944932
49.75,0.9999874251108221,0.9999859877474376,0.999991849164791,0.9999906602547851,0.9999905238574613,0.999999520492604,0.9999946833967401
49.800000000000004,0.9999878262489094,0.9999864258031453,0.9999921169650887,0.9999909647889866,0.9999908319686729,0.9999995365108332,0.9999948611026621
49.85,0.9999882153396255,0.9999868510001317,0.9999923764526547,0.9999912599489997,0.9999911306250397,0.9999995520179403,0.9999950331839094
49.900000000000006,0.9999885927195589,0.9999872636881635,0.9999926278687012,0.9999915460042743,0.9999914200973807,0.9999995670294233,0.9999951998074337
49.95,0.999988958716708,0.9999876642083669,0.9999928714479983,0.9999918232171442,0.9999917006493916,0.9999995815603345,0.9999953611356058
50.0,0.9999893136506733,0.999988052893419,0.9999931074190286,0.9999920918429972,0.9999919725378134,0.9999995956252979,0.9999955173263277
50.050000000000004,0.9999896578328503,0.9999884300677301,0.9999933360041392,0.9999923521304368,0.999992236012595,0.9999996092385142,0.9999956685331443
50.1,0.999989991566613,0.9999887960476224,0.9999935574196896,0.9999926043214464,0.999992491317057,0.9999996224137767,0.9999958149053527
50.150000000000006,0.9999903151475021,0.9999891511415094,0.9999937718761958,0.9999928486515453,0.9999927386880447,0.9999996351644811,0.9999959565881085
50.2,0.9999906288634013,0.9999894956500694,0.9999939795784735,0.9999930853499456,0.9999929783560871,0.9999996475036351,0.9999960937225294
50.25,0.9999909329947156,0.9999898298664149,0.9999941807257765,0.9999933146397015,0.9999932105455451,0.999999659443871,0.9999962264457977
50.300000000000004,0.9999912278145433,0.9999901540762621,0.9999943755119324,0.9999935367378603,0.9999934354747607,0.9999996709974541,0.9999963548912594
50.35,0.9999915135888463,0.9999904685580949,0.9999945641254758,0.9999937518556063,0.9999936533562013,0.9999996821762929,0.9999964791885223
50.400000000000006,0.9999917905766169,0.9999907735833253,0.9999947467497812,0.9999939601984033,0.9999938643966031,0.9999996929919502,0.9999965994635508
50.45,0.99999205903004,0.9999910694164552,0.9999949235631864,0.9999941619661357,0.9999940687971094,0.99999970345565,0.9999967158387584
50.5,0.999992319194653,0.9999913563152287,0.9999950947391213,0.999994357353243,0.9999942667534072,0.9999997135782906,0.9999968284331002
50.550000000000004,0.9999925713095035,0.9999916345307874,0.9999952604462268,0.9999945465488557,0.9999944584558593,0.9999997233704495,0.9999969373621603
50.6,0.9999928156073012,0.9999919043078186,0.9999954208484773,0.999994729736924,0.999994644089637,0.9999997328423943,0.9999970427382412
50.650000000000006,0.9999930523145701,0.9999921658847035,0.9999955761052954,0.9999949070963469,0.9999948238348462,0.9999997420040909,0.9999971446704445
50.7,0.9999932816517945,0.9999924194936606,0.9999957263716673,0.9999950788010976,0.9999949978666526,0.9999997508652125,0.9999972432647586
50.75,0.9999935038335646,0.9999926653608884,0.9999958717982551,0.9999952450203463,0.999995166355405,0.9999997594351462,0.9999973386241371
50.800000000000004,0.9999937190687167,0.9999929037067038,0.9999960125315056,0.999995405918579,0.9999953294667552,0.9999997677230016,0.999997430848579
50.85,0.9999939275604721,0.999993134745677,0.9999961487137576,0.9999955616557166,0.9999954873617728,0.9999997757376199,0.9999975200352054
50.900000000000006,0.9999941295065734,0.9999933586867662,0.9999962804833453,0.9999957123872278,0.9999956401970633,0.9999997834875786,0.9999976062783376
50.95,0.9999943250994169,0.9999935757334487,0.9999964079747036,0.9999958582642448,0.9999957881248783,0.9999997909812008,0.9999976896695653
51.0,0.9999945145261835,0.9999937860838486,0.9999965313184642,0.9999959994336677,0.9999959312932241,0.9999997982265622,0.9999977702978269
51.050000000000004,0.9999946979689637,0.999993989930862,0.9999966506415573,0.9999961360382769,0.9999960698459714,0.9999998052314972,0.9999978482494729
51.1,0.9999948756048853,0.9999941874622813,0.9999967660673044,0.9999962682168355,0.999996203922959,0.9999998120036062,0.9999979236083388
51.150000000000006,0.9999950476062329,0.9999943788609159,0.9999968777155119,0.9999963961041929,0.9999963336600968,0.9999998185502621,0.9999979964558099
51.2,0.9999952141405704,0.9999945643047095,0.9999969857025648,0.9999965198313852,0.9999964591894647,0.9999998248786175,0.9999980668708888
51.25,0.9999953753708538,0.9999947439668567,0.9999970901415122,0.9999966395257318,0.9999965806394127,0.9999998309956082,0.9999981349302577
51.300000000000004,0.9999955314555498,0.9999949180159172,0.9999971911421575,0.9999967553109342,0.9999966981346556,0.9999998369079629,0.9999982007083429
51.35,0.9999956825487435,0.9999950866159266,0.9999972888111419,0.9999968673071673,0.9999968117963671,0.9999998426222071,0.9999982642773741
51.400000000000006,0.9999958288002528,0.9999952499265046,0.9999973832520282,0.9999969756311718,0.9999969217422713,0.9999998481446679,0.9999983257074436
51.45,0.9999959703557306,0.9999954081029632,0.9999974745653819,0.9999970803963432,0.9999970280867311,0.9999998534814826,0.9999983850665665
51.5,0.9999961073567734,0.9999955612964102,0.9999975628488502,0.9999971817128197,0.9999971309408372,0.9999998586386013,0.9999984424207355
51.550000000000004,0.9999962399410218,0.9999957096538516,0.9999976481972398,0.9999972796875689,0.9999972304124938,0.9999998636217932,0.9999984978339772
51.6,0.9999963682422603,0.9999958533182923,0.9999977307025921,0.9999973744244683,0.9999973266064994,0.9999998684366531,0.9999985513684051
51.650000000000006,0.9999964923905179,0.9999959924288351,0.999997810454258,0.9999974660243888,0.9999974196246323,0.9999998730886037,0.9999986030842721
51.7,0.9999966125121611,0.9999961271207736,0.9999978875389685,0.9999975545852752,0.9999975095657263,0.9999998775829031,0.9999986530400246
51.75,0.9999967287299888,0.9999962575256894,0.9999979620409061,0.9999976402022209,0.999997596525751,0.9999998819246478,0.9999987012923487
51.800000000000004,0.999996841163324,0.9999963837715439,0.9999980340417746,0.9999977229675454,0.9999976805978876,0.9999998861187784,0.9999987478962202
51.85,0.9999969499281031,0.9999965059827649,0.9999981036208626,0.9999978029708702,0.999997761872601,0.9999998901700836,0.999998792904954
51.900000000000006,0.9999970551369636,0.9999966242803391,0.9999981708551128,0.9999978802991883,0.9999978404377151,0.9999998940832044,0.9999988363702483
51.95,0.9999971568993294,0.9999967387818957,0.9999982358191835,0.9999979550369362,0.9999979163784823,0.9999998978626395,0.9999988783422306
52.0,0.9999972553214936,0.9999968496017915,0.9999982985855125,0.9999980272660621,0.9999979897776508,0.9999999015127478,0.9999989188695024
52.050000000000004,0.9999973505067019,0.9999969568511923,0.9999983592243751,0.9999980970660944,0.9999980607155353,0.9999999050377535,0.9999989579991806
52.1,0.9999974425552318,0.999997060638156,0.9999984178039474,0.9999981645142069,0.9999981292700801,0.9999999084417506,0.9999989957769412
52.150000000000006,0.9999975315644687,0.9999971610677081,0.9999984743903605,0.9999982296852802,0.9999981955169239,0.9999999117287047,0.9999990322470587
52.2,0.9999976176289844,0.9999972582419219,0.9999985290477585,0.9999982926519702,0.9999982595294635,0.9999999149024587,0.9999990674524473
52.25,0.9999977008406099,0.9999973522599923,0.9999985818383534,0.9999983534847623,0.9999983213789139,0.9999999179667354,0.9999991014346968
52.300000000000004,0.999997781288509,0.9999974432183096,0.9999986328224795,0.9999984122520353,0.9999983811343676,0.9999999209251423,0.9999991342341144
52.35,0.9999978590592494,0.9999975312105314,0.9999986820586443,0.9999984690201182,0.9999984388628542,0.9999999237811724,0.9999991658897579
52.400000000000006,0.9999979342368697,0.9999976163276545,0.9999987296035793,0.9999985238533466,0.9999984946293949,0.9999999265382103,0.999999196439474
52.45,0.9999980069029502,0.9999976986580822,0.9999987755122921,0.9999985768141179,0.9999985484970609,0.9999999291995341,0.999999225919931
52.5,0.9999980771366757,0.9999977782876918,0.9999988198381115,0.9999986279629451,0.9999986005270242,0.9999999317683188,0.9999992543666547
52.550000000000004,0.999998145014903,0.999997855299901,0.9999988626327376,0.9999986773585092,0.9999986507786119,0.9999999342476388,0.9999992818140605
52.6,0.9999982106122213,0.9999979297757313,0.9999989039462861,0.9999987250577113,0.9999986993093579,0.9999999366404722,0.9999993082954857
52.650000000000006,0.9999982740010146,0.9999980017938721,0.9999989438273345,0.9999987711157208,0.9999987461750511,0.9999999389497018,0.9999993338432206
52.7,0.9999983352515214,0.9999980714307405,0.9999989823229645,0.9999988155860252,0.999998791429787,0.9999999411781206,0.9999993584885402
52.75,0.9999983944318931,0.9999981387605414,0.9999990194788047,0.9999988585204781,0.9999988351260124,0.9999999433284318,0.9999993822617319
52.800000000000004,0.9999984516082518,0.999998203855328,0.9999990553390734,0.9999988999693429,0.9999988773145729,0.9999999454032529,0.9999994051921273
52.85,0.9999985068447437,0.999998266785056,0.9999990899466171,0.9999989399813406,0.9999989180447589,0.9999999474051177,0.9999994273081263
52.900000000000006,0.9999985602035968,0.999998327617641,0.9999991233429522,0.9999989786036917,0.9999989573643483,0.9999999493364794,0.9999994486372294
52.95,0.9999986117451694,0.9999983864190131,0.9999991555683005,0.99999901588216,0.99999899531965,0.9999999511997131,0.9999994692060606
53.0,0.9999986615280062,0.9999984432531688,0.9999991866616297,0.9999990518610942,0.999999031955546,0.9999999529971171,0.999999489040394
53.050000000000004,0.9999987096088849,0.999998498182225,0.9999992166606867,0.9999990865834675,0.9999990673155306,0.9999999547309157,0.9999995081651804
53.1,0.999998756042868,0.9999985512664675,0.9999992456020357,0.9999991200909177,0.9999991014417533,0.9999999564032633,0.9999995266045709
53.150000000000006,0.9999988008833489,0.9999986025644022,0.9999992735210901,0.9999991524237863,0.9999991343750527,0.9999999580162429,0.9999995443819408
53.2,0.9999988441820995,0.9999986521328016,0.9999993004521489,0.9999991836211544,0.9999991661549992,0.9999999595718716,0.999999561519913
53.25,0.9999988859893154,0.9999987000267536,0.9999993264284263,0.9999992137208815,0.9999991968199281,0.9999999610721002,0.9999995780403811
53.300000000000004,0.999998926353659,0.999998746299707,0.9999993514820865,0.9999992427596378,0.9999992264069764,0.999999962518818,0.99999959396453
53.35,0.999998965322305,0.9999987910035144,0.9999993756442713,0.9999992707729427,0.9999992549521177,0.9999999639138506,0.9999996093128585
53.400000000000006,0.9999990029409821,0.9999988341884795,0.9999993989451346,0.9999992977951947,0.9999992824901962,0.9999999652589662,0.9999996241052
53.45,0.9999990392540115,0.9999988759033974,0.999999421413867,0.9999993238597065,0.999999309054959,0.9999999665558754,0.999999638360741
53.5,0.999999074304349,0.999998916195596,0.9999994430787275,0.999999348998736,0.9999993346790887,0.9999999678062315,0.9999996520980441
53.550000000000004,0.9999991081336236,0.9999989551109778,0.9999994639670705,0.9999993732435183,0.9999993593942351,0.9999999690116348,0.999999665335064
53.6,0.9999991407821771,0.9999989926940585,0.9999994841053721,0.9999993966242942,0.9999993832310436,0.9999999701736331,0.9999996780891665
53.650000000000006,0.9999991722890965,0.9999990289880065,0.999999503519257,0.9999994191703416,0.9999994062191871,0.9999999712937233,0.999999690377149
53.7,0.9999992026922552,0.9999990640346799,0.9999995222335236,0.9999994409100016,0.9999994283873935,0.9999999723733531,0.999999702215254
53.75,0.9999992320283447,0.9999990978746629,0.9999995402721694,0.9999994618707101,0.9999994497634743,0.9999999734139229,0.9999997136191905
53.800000000000004,0.99999926033291,0.9999991305473024,0.999999557658414,0.9999994820790209,0.9999994703743512,0.9999999744167862,0.9999997246041464
53.85,0.9999992876403825,0.9999991620907434,0.9999995744147252,0.9999995015606338,0.9999994902460833,0.9999999753832525,0.9999997351848078
53.900000000000006,0.9999993139841119,0.9999991925419596,0.999999590562838,0.99999952034042,0.9999995094038914,0.9999999763145873,0.9999997453753731
53.95,0.9999993393963995,0.9999992219367906,0.9999996061237804,0.9999995384424488,0.9999995278721855,0.9999999772120144,0.9999997551895676
54.0,0.9999993639085274,0.999999250309973,0.9999996211178921,0.9999995558900083,0.9999995456745875,0.9999999780767174,0.9999997646406603
54.050000000000004,0.999999387550788,0.9999992776951695,0.9999996355648479,0.999999572705632,0.999999562833955,0.9999999789098399,0.9999997737414761
54.1,0.9999994103525136,0.9999993041250026,0.9999996494836763,0.9999995889111196,0.9999995793724046,0.9999999797124872,0.9999997825044111
54.150000000000006,0.9999994323421055,0.9999993296310832,0.99999966289278,0.9999996045275605,0.9999995953113345,0.9999999804857286,0.9999997909414445
54.2,0.9999994535470613,0.9999993542440387,0.9999996758099557,0.9999996195753558,0.9999996106714466,0.9999999812305971,0.9999997990641539
54.25,0.9999994739939996,0.9999993779935431,0.999999688252412,0.9999996340742379,0.999999625472767,0.9999999819480908,0.999999806883726
54.300000000000004,0.9999994937086889,0.9999994009083427,0.9999997002367871,0.9999996480432918,0.9999996397346661,0.9999999826391741,0.9999998144109705
54.35,0.9999995127160713,0.9999994230162853,0.999999711779168,0.9999996615009752,0.9999996534758806,0.9999999833047805,0.9999998216563306
54.400000000000006,0.9999995310402875,0.9999994443443438,0.9999997228951067,0.999999674465137,0.9999996667145309,0.9999999839458098,0.999999828629896
54.45,0.9999995487047013,0.9999994649186424,0.9999997335996365,0.9999996869530379,0.9999996794681415,0.9999999845631333,0.9999998353414131
54.5,0.9999995657319225,0.9999994847644835,0.9999997439072899,0.9999996989813651,0.9999996917536583,0.999999985157592,0.9999998418002972
54.550000000000004,0.9999995821438288,0.9999995039063685,0.9999997538321117,0.9999997105662539,0.9999997035874664,0.9999999857299984,0.9999998480156413
54.6,0.9999995979615897,0.9999995223680233,0.9999997633876763,0.9999997217233024,0.9999997149854092,0.9999999862811373,0.9999998539962283
54.650000000000006,0.9999996132056863,0.9999995401724211,0.9999997725871018,0.99999973246759,0.9999997259628032,0.999999986811767,0.99999985975054
54.7,0.9999996278959331,0.9999995573418037,0.9999997814430648,0.9999997428136913,0.999999736534455,0.999999987322621,0.9999998652867663
54.75,0.9999996420514976,0.9999995738977031,0.999999789967813,0.9999997527756942,0.9999997467146776,0.9999999878144056,0.999999870612817
54.800000000000004,0.9999996556909211,0.9999995898609646,0.9999997981731813,0.9999997623672137,0.9999997565173062,0.9999999882878046,0.9999998757363272
54.85,0.9999996688321366,0.9999996052517648,0.9999998060706025,0.9999997716014075,0.9999997659557116,0.9999999887434777,0.9999998806646693
54.900000000000006,0.9999996814924874,0.9999996200896323,0.9999998136711212,0.99999978049099,0.9999997750428162,0.9999999891820625,0.999999885404961
54.95,0.9999996936887474,0.9999996343934677,0.999999820985406,0.999999789048247,0.999999783791108,0.9999999896041745,0.9999998899640714
55.0,0.9999997054371361,0.9999996481815622,0.9999998280237616,0.9999997972850485,0.9999997922126538,0.9999999900104075,0.9999998943486331
55.050000000000004,0.9999997167533361,0.9999996614716153,0.9999998347961407,0.999999805212862,0.999999800319113,0.9999999904013357,0.9999998985650459
55.1,0.999999727652511,0.9999996742807531,0.9999998413121546,0.9999998128427658,0.9999998081217493,0.9999999907775128,0.9999999026194865
55.150000000000006,0.9999997381493209,0.9999996866255461,0.9999998475810853,0.9999998201854616,0.9999998156314454,0.999999991139473,0.9999999065179161
55.2,0.9999997482579376,0.9999996985220243,0.9999998536118954,0.9999998272512849,0.999999822858714,0.9999999914877332,0.999999910266087
55.25,0.9999997579920602,0.9999997099856965,0.9999998594132377,0.9999998340502193,0.9999998298137085,0.9999999918227911,0.999999913869549
55.300000000000004,0.9999997673649299,0.9999997210315641,0.9999998649934669,0.9999998405919058,0.9999998365062375,0.9999999921451279,0.9999999173336573
55.35,0.9999997763893442,0.9999997316741362,0.999999870360649,0.9999998468856544,0.9999998429457722,0.9999999924552083,0.9999999206635777
55.400000000000006,0.9999997850776714,0.9999997419274462,0.9999998755225685,0.9999998529404556,0.9999998491414599,0.9999999927534795,0.9999999238642938
55.45,0.9999997934418632,0.9999997518050654,0.9999998804867413,0.9999998587649892,0.9999998551021341,0.9999999930403738,0.9999999269406128
55.5,0.9999998014934687,0.9999997613201183,0.9999998852604202,0.999999864367636,0.9999998608363239,0.9999999933163088,0.9999999298971712
55.550000000000004,0.999999809243646,0.999999770485295,0.9999998898506055,0.9999998697564864,0.9999998663522633,0.999999993581687,0.9999999327384411
55.6,0.9999998167031766,0.999999779312865,0.9999998942640529,0.9999998749393503,0.999999871657903,0.9999999938368962,0.9999999354687351
55.650000000000006,0.999999823882475,0.9999997878146911,0.9999998985072802,0.9999998799237663,0.9999998767609182,0.9999999940823117,0.9999999380922117
55.7,0.9999998307916022,0.9999997960022412,0.999999902586578,0.9999998847170102,0.9999998816687159,0.9999999943182947,0.9999999406128811
55.75,0.9999998374402765,0.9999998038866011,0.9999999065080141,0.9999998893261044,0.9999998863884478,0.9999999945451936,0.9999999430346098
55.800000000000004,0.9999998438378838,0.9999998114784858,0.9999999102774433,0.9999998937578258,0.9999998909270147,0.9999999947633454,0.9999999453611255
55.85,0.9999998499934892,0.9999998187882522,0.999999913900513,0.9999998980187137,0.9999998952910775,0.999999994973074,0.9999999475960218
55.900000000000006,0.9999998559158464,0.9999998258259084,0.9999999173826712,0.9999999021150773,0.9999998994870635,0.9999999951746927,0.9999999497427627
55.95,0.9999998616134094,0.9999998326011279,0.9999999207291725,0.9999999060530047,0.999999903521174,0.9999999953685026,0.9999999518046877
56.0,0.9999998670943397,0.9999998391232561,0.9999999239450839,0.9999999098383693,0.9999999073993937,0.9999999955547954,0.9999999537850146
56.050000000000004,0.9999998723665184,0.9999998454013241,0.9999999270352936,0.9999999134768365,0.9999999111274961,0.9999999957338513,0.9999999556868446
56.1,0.9999998774375534,0.9999998514440573,0.9999999300045139,0.9999999169738725,0.9999999147110501,0.9999999959059408,0.9999999575131677
56.150000000000006,0.9999998823147889,0.9999998572598845,0.9999999328572893,0.9999999203347477,0.9999999181554284,0.9999999960713253,0.999999959266864
56.2,0.9999998870053148,0.9999998628569492,0.9999999355980014,0.999999923564547,0.9999999214658146,0.9999999962302559,0.9999999609507082
56.25,0.9999998915159732,0.9999998682431155,0.9999999382308744,0.9999999266681731,0.9999999246472061,0.9999999963829748,0.9999999625673746
56.300000000000004,0.9999998958533689,0.9999998734259813,0.9999999407599804,0.999999929650355,0.9999999277044243,0.9999999965297166,0.9999999641194387
56.35,0.9999999000238751,0.9999998784128834,0.9999999431892456,0.9999999325156513,0.9999999306421172,0.9999999966707056,0.9999999656093826
56.400000000000006,0.9999999040336419,0.9999998832109075,0.9999999455224531,0.9999999352684585,0.9999999334647687,0.9999999968061597,0.9999999670395969
56.45,0.9999999078886044,0.9999998878268954,0.9999999477632502,0.9999999379130144,0.9999999361767012,0.999999996936288,0.9999999684123834
56.5,0.9999999115944879,0.9999998922674544,0.9999999499151514,0.9999999404534055,0.9999999387820824,0.9999999970612918,0.9999999697299597
56.550000000000004,0.9999999151568173,0.9999998965389633,0.9999999519815437,0.99999994289357,0.9999999412849296,0.999999997181366,0.9999999709944619
56.6,0.9999999185809221,0.99999990064758,0.999999953965691,0.9999999452373044,0.999999943689117,0.9999999972966978,0.9999999722079461
56.650000000000006,0.9999999218719424,0.9999999045992499,0.999999955870738,0.999999947488268,0.9999999459983778,0.9999999974074669,0.9999999733723927
56.7,0.9999999250348375,0.9999999083997118,0.9999999576997145,0.9999999496499875,0.9999999482163106,0.9999999975138485,0.9999999744897088
56.75,0.9999999280743894,0.9999999120545049,0.9999999594555394,0.9999999517258611,0.999999950346384,0.9999999976160091,0.9999999755617296
56.800000000000004,0.9999999309952108,0.9999999155689752,0.9999999611410246,0.999999953719164,0.9999999523919408,0.9999999977141106,0.9999999765902219
56.85,0.9999999338017507,0.9999999189482824,0.9999999627588784,0.9999999556330516,0.9999999543562018,0.9999999978083081,0.9999999775768876
56.900000000000006,0.9999999364982963,0.9999999221974052,0.9999999643117099,0.999999957470564,0.9999999562422716,0.9999999978987517,0.9999999785233646
56.95,0.9999999390889844,0.999999925321148,0.9999999658020313,0.9999999592346304,0.99999995805314,0.9999999979855853,0.9999999794312276
57.0,0.9999999415778027,0.9999999283241465,0.9999999672322629,0.9999999609280728,0.9999999597916891,0.9999999980689481,0.999999980301995
57.050000000000004,0.9999999439685939,0.9999999312108733,0.9999999686047343,0.9999999625536081,0.9999999614606938,0.999999998148974,0.9999999811371256
57.1,0.9999999462650644,0.9999999339856422,0.999999969921689,0.9999999641138555,0.9999999630628287,0.9999999982257911,0.9999999819380242
57.150000000000006,0.9999999484707859,0.9999999366526158,0.9999999711852876,0.9999999656113356,0.9999999646006694,0.9999999982995242,0.9999999827060426
57.2,0.9999999505892011,0.9999999392158084,0.9999999723976096,0.9999999670484772,0.9999999660766967,0.9999999983702924,0.9999999834424812
57.25,0.9999999526236285,0.9999999416790926,0.9999999735606571,0.999999968427618,0.9999999674932992,0.9999999984382105,0.9999999841485914
57.300000000000004,0.9999999545772649,0.9999999440462024,0.999999974676358,0.9999999697510105,0.9999999688527784,0.9999999985033895,0.9999999848255763
57.35,0.9999999564531922,0.9999999463207395,0.9999999757465664,0.9999999710208218,0.9999999701573492,0.9999999985659364,0.9999999854745938
57.400000000000006,0.9999999582543796,0.9999999485061761,0.9999999767730688,0.9999999722391395,0.9999999714091453,0.9999999986259529,0.9999999860967579
57.45,0.9999999599836876,0.9999999506058617,0.9999999777575831,0.9999999734079736,0.9999999726102211,0.9999999986835381,0.999999986693139
57.5,0.9999999616438723,0.9999999526230237,0.9999999787017626,0.999999974529258,0.9999999737625535,0.9999999987387871,0.9999999872647678
57.550000000000004,0.9999999632375891,0.9999999545607754,0.9999999796071989,0.9999999756048543,0.9999999748680464,0.9999999987917915,0.9999999878126344
57.6,0.9999999647673949,0.9999999564221165,0.9999999804754229,0.9999999766365549,0.9999999759285323,0.9999999988426389,0.9999999883376915
57.650000000000006,0.9999999662357543,0.9999999582099406,0.9999999813079079,0.9999999776260846,0.9999999769457745,0.9999999988914146,0.999999988840855
57.7,0.999999967645039,0.9999999599270339,0.9999999821060711,0.9999999785751034,0.9999999779214712,0.9999999989381998,0.9999999893230058
57.75,0.9999999689975341,0.9999999615760843,0.9999999828712753,0.9999999794852081,0.9999999788572559,0.9999999989830727,0.9999999897849892
57.800000000000004,0.9999999702954406,0.999999963159681,0.9999999836048323,0.9999999803579356,0.9999999797547008,0.999999999026109,0.9999999902276201
57.85,0.9999999715408778,0.9999999646803193,0.9999999843080033,0.9999999811947644,0.9999999806153185,0.9999999990673815,0.9999999906516805
57.900000000000006,0.9999999727358847,0.9999999661404032,0.9999999849820014,0.9999999819971175,0.9999999814405647,0.9999999991069595,0.9999999910579224
57.95,0.9999999738824269,0.9999999675422497,0.9999999856279931,0.999999982766363,0.9999999822318402,0.9999999991449107,0.9999999914470679
58.0,0.9999999749823948,0.9999999688880906,0.9999999862471,0.9999999835038177,0.9999999829904914,0.9999999991812993,0.9999999918198115
58.050000000000004,0.9999999760376088,0.9999999701800761,0.9999999868404016,0.9999999842107472,0.999999983717815,0.9999999992161877,0.9999999921768211
58.1,0.9999999770498218,0.9999999714202781,0.9999999874089343,0.9999999848883699,0.9999999844150578,0.9999999992496356,0.9999999925187373
58.150000000000006,0.9999999780207194,0.9999999726106911,0.9999999879536955,0.9999999855378571,0.9999999850834178,0.9999999992816999,0.9999999928461766
58.2,0.9999999789519258,0.9999999737532367,0.9999999884756442,0.9999999861603346,0.9999999857240496,0.9999999993124369,0.9999999931597304
58.25,0.9999999798450027,0.9999999748497657,0.9999999889757011,0.9999999867568856,0.9999999863380614,0.9999999993418992,0.9999999934599679
58.300000000000004,0.9999999807014532,0.9999999759020605,0.9999999894547525,0.999999987328551,0.9999999869265197,0.9999999993701377,0.9999999937474353
58.35,0.9999999815227242,0.9999999769118372,0.9999999899136498,0.9999999878763326,0.9999999874904499,0.9999999993972019,0.9999999940226569
58.400000000000006,0.9999999823102071,0.999999977880748,0.9999999903532106,0.9999999884011928,0.9999999880308381,0.9999999994231383,0.999999994286137
58.45,0.9999999830652408,0.9999999788103846,0.9999999907742219,0.9999999889040564,0.999999988548632,0.9999999994479933,0.9999999945383591
58.5,0.9999999837891135,0.9999999797022783,0.9999999911774387,0.999999989385813,0.9999999890447431,0.9999999994718101,0.9999999947797885
58.550000000000004,0.999999984483064,0.9999999805579033,0.999999991563587,0.9999999898473175,0.999999989520047,0.9999999994946304,0.9999999950108712
58.6,0.9999999851482839,0.9999999813786795,0.9999999919333646,0.9999999902893912,0.9999999899753858,0.9999999995164945,0.9999999952320361
58.650000000000006,0.9999999857859204,0.9999999821659729,0.9999999922874413,0.9999999907128245,0.9999999904115688,0.9999999995374416,0.999999995443694
58.7,0.9999999863970747,0.9999999829210984,0.9999999926264604,0.9999999911183746,0.9999999908293734,0.9999999995575084,0.9999999956462408
58.75,0.9999999869828079,0.9999999836453211,0.9999999929510412,0.9999999915067717,0.9999999912295473,0.9999999995767309,0.9999999958400552
58.800000000000004,0.9999999875441385,0.9999999843398591,0.9999999932617769,0.9999999918787159,0.9999999916128084,0.9999999995951435,0.999999996025501
58.85,0.999999988082047,0.9999999850058838,0.9999999935592383,0.9999999922348797,0.9999999919798468,0.9999999996127793,0.9999999962029282
58.900000000000006,0.9999999885974764,0.9999999856445232,0.999999993843973,0.9999999925759104,0.9999999923313255,0.9999999996296695,0.9999999963726713
58.95,0.9999999890913315,0.9999999862568612,0.9999999941165069,0.9999999929024285,0.9999999926678813,0.9999999996458454,0.999999996535053
59.0,0.9999999895644842,0.9999999868439416,0.9999999943773454,0.9999999932150303,0.9999999929901263,0.9999999996613352,0.9999999966903819
59.050000000000004,0.9999999900177711,0.9999999874067682,0.9999999946269731,0.9999999935142893,0.9999999932986479,0.9999999996761677,0.9999999968389539
59.1,0.9999999904519972,0.9999999879463065,0.9999999948658563,0.9999999938007552,0.9999999935940105,0.9999999996903701,0.9999999969810538
59.150000000000006,0.9999999908679351,0.9999999884634856,0.9999999950944417,0.9999999940749569,0.9999999938767566,0.999999999703968,0.9999999971169543
59.2,0.9999999912663289,0.9999999889591974,0.9999999953131581,0.9999999943374009,0.9999999941474068,0.9999999997169863,0.999999997246917
59.25,0.9999999916478921,0.9999999894343022,0.9999999955224175,0.9999999945885754,0.999999994406461,0.999999999729449,0.9999999973711933
59.300000000000004,0.9999999920133112,0.9999999898896251,0.9999999957226154,0.9999999948289477,0.9999999946543993,0.9999999997413789,0.9999999974900236
59.35,0.9999999923632458,0.9999999903259603,0.9999999959141316,0.9999999950589664,0.9999999948916825,0.9999999997527982,0.9999999976036391
59.400000000000006,0.9999999926983285,0.9999999907440715,0.9999999960973297,0.999999995279063,0.9999999951187533,0.999999999763728,0.9999999977122613
59.45,0.9999999930191686,0.9999999911446927,0.9999999962725588,0.9999999954896512,0.9999999953360368,0.9999999997741885,0.9999999978161029
59.5,0.9999999933263506,0.9999999915285296,0.9999999964401549,0.9999999956911287,0.9999999955439405,0.9999999997841995,0.9999999979153674
59.550000000000004,0.9999999936204357,0.9999999918962605,0.9999999966004391,0.9999999958838762,0.999999995742856,0.9999999997937794,0.9999999980102505
59.6,0.9999999939019634,0.9999999922485375,0.9999999967537206,0.9999999960682593,0.9999999959331589,0.9999999998029465,0.9999999981009391
59.650000000000006,0.9999999941714511,0.999999992585987,0.9999999969002948,0.9999999962446295,0.9999999961152102,0.9999999998117177,0.9999999981876126
59.7,0.9999999944293974,0.9999999929092115,0.9999999970404461,0.9999999964133233,0.9999999962893553,0.9999999998201098,0.9999999982704436
59.75,0.9999999946762786,0.9999999932187896,0.9999999971744464,0.999999996574664,0.9999999964559266,0.9999999998281387,0.9999999983495969
59.800000000000004,0.9999999949125536,0.9999999935152772,0.9999999973025575,0.9999999967289617,0.999999996615243,0.9999999998358194,0.999999998425231
59.85,0.9999999951386633,0.999999993799209,0.9999999974250298,0.9999999968765143,0.99999999676761,0.9999999998431666,0.9999999984974977
59.900000000000006,0.9999999953550296,0.9999999940710981,0.9999999975421032,0.9999999970176066,0.9999999969133209,0.9999999998501943,0.9999999985665413
59.95,0.9999999955620588,0.9999999943314379,0.999999997654009,0.9999999971525128,0.999999997052657,0.9999999998569162,0.9999999986325023
60.0,0.9999999957601402,0.9999999945807017,0.9999999977609668,0.9999999972814946,0.9999999971858881,0.9999999998633449,0.9999999986955133
60.050000000000004,0.9999999959496478,0.9999999948193448,0.9999999978631896,0.9999999974048046,0.999999997313273,0.999999999869493,0.9999999987557024
60.1,0.99999999613094,0.9999999950478046,0.9999999979608797,0.999999997522684,0.9999999974350606,0.9999999998753724,0.9999999988131919
60.150000000000006,0.9999999963043619,0.9999999952665004,0.9999999980542318,0.9999999976353644,0.9999999975514886,0.9999999998809944,0.9999999988680996
60.2,0.9999999964702433,0.9999999954758355,0.9999999981434327,0.9999999977430681,0.999999997662785,0.9999999998863698,0.9999999989205376
60.25,0.9999999966289015,0.9999999956761968,0.9999999982286611,0.9999999978460073,0.9999999977691694,0.9999999998915093,0.9999999989706139
60.300000000000004,0.9999999967806408,0.9999999958679562,0.9999999983100887,0.9999999979443869,0.9999999978708514,0.9999999998964229,0.9999999990184313
60.35,0.9999999969257529,0.9999999960514709,0.999999998387879,0.9999999980384016,0.9999999979680325,0.99999999990112,0.9999999990640889
60.400000000000006,0.9999999970645179,0.9999999962270831,0.9999999984621903,0.9999999981282398,0.9999999980609051,0.9999999999056102,0.9999999991076813
60.45,0.9999999971972046,0.9999999963951218,0.9999999985331731,0.999999998214081,0.999999998149655,0.999999999909902,0.9999999991492989
60.5,0.9999999973240703,0.9999999965559028,0.9999999986009718,0.9999999982960974,0.9999999982344587,0.999999999914004,0.9999999991890287
60.550000000000004,0.9999999974453624,0.9999999967097293,0.9999999986657245,0.9999999983744542,0.9999999983154867,0.9999999999179245,0.9999999992269538
60.6,0.9999999975613176,0.9999999968568914,0.9999999987275643,0.9999999984493098,0.9999999983929015,0.9999999999216713,0.9999999992631534
60.650000000000006,0.9999999976721636,0.9999999969976694,0.9999999987866182,0.999999998520815,0.9999999984668598,0.9999999999252518,0.9999999992977042
60.7,0.9999999977781179,0.9999999971323303,0.9999999988430077,0.9999999985891164,0.9999999985375106,0.9999999999286728,0.9999999993306786
60.75,0.9999999978793895,0.9999999972611319,0.9999999988968493,0.9999999986543522,0.9999999986049979,0.9999999999319416,0.9999999993621468
60.800000000000004,0.9999999979761794,0.99999999738432,0.9999999989482552,0.9999999987166559,0.9999999986694581,0.9999999999350649,0.9999999993921753
60.85,0.9999999980686789,0.9999999975021319,0.9999999989973314,0.9999999987761556,0.9999999987310233,0.9999999999380489,0.999999999420828
60.900000000000006,0.9999999981570729,0.9999999976147942,0.9999999990441809,0.9999999988329735,0.9999999987898198,0.9999999999408993,0.9999999994481663
60.95,0.9999999982415372,0.9999999977225253,0.9999999990889017,0.999999998887227,0.9999999988459679,0.999999999943622,0.9999999994742486
61.0,0.9999999983222412,0.9999999978255332,0.9999999991315874,0.999999998939028,0.9999999988995835,0.9999999999462228,0.9999999994991313
61.050000000000004,0.9999999983993473,0.9999999979240191,0.9999999991723278,0.9999999989884842,0.9999999989507768,0.9999999999487065,0.9999999995228673
61.1,0.9999999984730108,0.9999999980181746,0.9999999992112094,0.9999999990356984,0.9999999989996549,0.9999999999510791,0.9999999995455086
61.150000000000006,0.9999999985433803,0.9999999981081844,0.9999999992483141,0.9999999990807695,0.9999999990463189,0.9999999999533447,0.999999999567104
61.2,0.9999999986105991,0.9999999981942252,0.9999999992837204,0.9999999991237916,0.9999999990908656,0.999999999955508,0.9999999995877
61.25,0.9999999986748038,0.999999998276466,0.9999999993175039,0.9999999991648552,0.9999999991333887,0.9999999999575742,0.9999999996073419
61.300000000000004,0.9999999987361246,0.9999999983550698,0.9999999993497375,0.9999999992040466,0.9999999991739777,0.9999999999595464,0.9999999996260729
61.35,0.9999999987946881,0.9999999984301919,0.9999999993804896,0.9999999992414489,0.9999999992127171,0.9999999999614296,0.9999999996439337
61.400000000000006,0.999999998850614,0.9999999985019821,0.9999999994098261,0.9999999992771413,0.9999999992496891,0.9999999999632275,0.9999999996609635
61.45,0.9999999989040175,0.9999999985705831,0.9999999994378108,0.9999999993111999,0.9999999992849723,0.9999999999649437,0.9999999996772002
61.5,0.9999999989550088,0.9999999986361328,0.999999999464504,0.9999999993436965,0.9999999993186411,0.9999999999665821,0.9999999996926789
61.550000000000004,0.9999999990036939,0.9999999986987619,0.9999999994899633,0.9999999993747014,0.9999999993507676,0.9999999999681459,0.9999999997074354
61.6,0.9999999990501731,0.999999998758597,0.9999999995142442,0.9999999994042805,0.9999999993814198,0.9999999999696383,0.9999999997215011
61.650000000000006,0.9999999990945445,0.9999999988157587,0.9999999995374,0.9999999994324983,0.9999999994106635,0.9999999999710626,0.9999999997349082
61.7,0.9999999991369001,0.9999999988703627,0.999999999559481,0.9999999994594153,0.999999999438562,0.9999999999724223,0.9999999997476863
61.75,0.9999999991773288,0.9999999989225202,0.9999999995805361,0.999999999485089,0.999999999465175,0.9999999999737194,0.9999999997598644
61.800000000000004,0.9999999992159161,0.9999999989723372,0.9999999996006109,0.9999999995095756,0.9999999994905604,0.9999999999749569,0.9999999997714697
61.85,0.9999999992527422,0.9999999990199153,0.9999999996197506,0.999999999532929,0.9999999995147726,0.9999999999761379,0.9999999997825285
61.900000000000006,0.9999999992878863,0.9999999990653524,0.9999999996379967,0.9999999995551995,0.9999999995378648,0.9999999999772645,0.9999999997930656
61.95,0.9999999993214227,0.9999999991087417,0.99999999965539,0.999999999576436,0.9999999995598873,0.9999999999783393,0.999999999803105
62.0,0.9999999993534223,0.999999999150173,0.9999999996719695,0.9999999995966853,0.999999999580887,0.9999999999793647,0.9999999998126698
62.050000000000004,0.9999999993839537,0.9999999991897315,0.9999999996877718,0.9999999996159918,0.9999999996009119,0.9999999999803428,0.999999999821782
62.1,0.9999999994130824,0.9999999992274996,0.9999999997028328,0.9999999996343982,0.9999999996200049,0.9999999999812756,0.9999999998304618
62.150000000000006,0.9999999994408708,0.9999999992635559,0.9999999997171858,0.9999999996519453,0.9999999996382085,0.9999999999821656,0.9999999998387293
62.2,0.9999999994673792,0.9999999992979756,0.9999999997308635,0.9999999996686723,0.9999999996555626,0.999999999983014,0.9999999998466041
62.25,0.9999999994926642,0.9999999993308308,0.9999999997438964,0.9999999996846162,0.999999999672106,0.9999999999838232,0.9999999998541038
62.300000000000004,0.9999999995167808,0.9999999993621902,0.9999999997563145,0.9999999996998125,0.9999999996878753,0.9999999999845949,0.9999999998612459
62.35,0.9999999995397814,0.9999999993921203,0.9999999997681459,0.9999999997142951,0.9999999997029061,0.9999999999853307,0.999999999868047
62.400000000000006,0.9999999995617166,0.9999999994206841,0.9999999997794177,0.9999999997280975,0.9999999997172313,0.9999999999860324,0.999999999874523
62.45,0.9999999995826336,0.9999999994479419,0.9999999997901547,0.9999999997412501,0.9999999997308839,0.9999999999867007,0.9999999998806893
62.5,0.9999999996025791,0.9999999994739521,0.999999999800383,0.9999999997537827,0.9999999997438944,0.9999999999873386,0.9999999998865599
62.550000000000004,0.9999999996215962,0.9999999994987698,0.9999999998101249,0.9999999997657235,0.9999999997562918,0.9999999999879464,0.9999999998921486
62.6,0.9999999996397275,0.9999999995224483,0.9999999998194036,0.9999999997771001,0.9999999997681044,0.9999999999885258,0.9999999998974689
62.650000000000006,0.9999999996570124,0.9999999995450384,0.9999999998282405,0.9999999997879381,0.9999999997793592,0.9999999999890781,0.9999999999025331
62.7,0.99999999967349,0.9999999995665884,0.9999999998366554,0.9999999997982627,0.9999999997900815,0.9999999999896043,0.9999999999073532
62.75,0.9999999996891966,0.9999999995871448,0.9999999998446683,0.9999999998080972,0.9999999998002957,0.9999999999901057,0.9999999999119407
62.800000000000004,0.9999999997041671,0.9999999996067522,0.999999999852298,0.9999999998174645,0.9999999998100257,0.9999999999905839,0.9999999999163066
62.85,0.9999999997184355,0.9999999996254534,0.9999999998595623,0.9999999998263855,0.9999999998192938,0.9999999999910392,0.9999999999204615
62.900000000000006,0.9999999997320335,0.9999999996432886,0.9999999998664781,0.9999999998348819,0.9999999998281206,0.9999999999914733,0.9999999999244151
62.95,0.9999999997449915,0.999999999660297,0.9999999998730618,0.9999999998429727,0.9999999998365274,0.9999999999918866,0.9999999999281766
63.0,0.9999999997573391,0.9999999996765158,0.999999999879329,0.9999999998506769,0.9999999998445334,0.9999999999922804,0.9999999999317555
63.050000000000004,0.9999999997691043,0.9999999996919804,0.9999999998852942,0.9999999998580127,0.9999999998521566,0.9999999999926558,0.9999999999351603
63.1,0.9999999997803135,0.9999999997067253,0.9999999998909721,0.9999999998649967,0.9999999998594158,0.9999999999930134,0.9999999999383994
63.150000000000006,0.9999999997909922,0.9999999997207827,0.9999999998963753,0.9999999998716458,0.9999999998663274,0.9999999999933535,0.9999999999414803
63.2,0.9999999998011654,0.999999999734184,0.9999999999015176,0.9999999998779755,0.9999999998729076,0.9999999999936782,0.9999999999444114
63.25,0.9999999998108557,0.9999999997469587,0.9999999999064108,0.9999999998840008,0.9999999998791715,0.9999999999939868,0.9999999999471985
63.300000000000004,0.9999999998200859,0.9999999997591353,0.9999999999110669,0.9999999998897356,0.9999999998851344,0.999999999994281,0.9999999999498497
63.35,0.999999999828877,0.9999999997707413,0.9999999999154969,0.9999999998951943,0.9999999998908105,0.999999999994561,0.9999999999523703
63.400000000000006,0.9999999998372494,0.9999999997818024,0.9999999999197113,0.9999999999003888,0.9999999998962129,0.9999999999948278,0.9999999999547675
63.45,0.9999999998452224,0.9999999997923437,0.9999999999237208,0.9999999999053325,0.9999999999013544,0.9999999999950817,0.999999999957047
63.5,0.9999999998528146,0.9999999998023884,0.999999999927535,0.9999999999100369,0.9999999999062477,0.9999999999953235,0.9999999999592141
63.550000000000004,0.9999999998600436,0.99999999981196,0.9999999999311631,0.9999999999145128,0.9999999999109038,0.9999999999955538,0.9999999999612745
63.6,0.9999999998669267,0.9999999998210798,0.9999999999346136,0.9999999999187714,0.9999999999153346,0.9999999999957729,0.9999999999632333
63.650000000000006,0.9999999998734793,0.9999999998297684,0.9999999999378955,0.9999999999228233,0.9999999999195499,0.9999999999959814,0.9999999999650955
63.7,0.9999999998797174,0.999999999838046,0.9999999999410165,0.9999999999266775,0.9999999999235609,0.9999999999961798,0.9999999999668653
63.75,0.9999999998856557,0.999999999845931,0.9999999999439844,0.999999999930344,0.9999999999273764,0.9999999999963687,0.9999999999685473
63.800000000000004,0.999999999891308,0.9999999998534422,0.9999999999468063,0.9999999999338318,0.9999999999310062,0.9999999999965488,0.9999999999701462
63.85,0.9999999998966878,0.999999999860596,0.9999999999494895,0.9999999999371488,0.9999999999344589,0.99999999999672,0.9999999999716657
63.900000000000006,0.9999999999018075,0.9999999998674097,0.9999999999520406,0.9999999999403035,0.999999999937743,0.9999999999968827,0.9999999999731093
63.95,0.99999999990668,0.9999999998738986,0.9999999999544659,0.9999999999433038,0.9999999999408662,0.9999999999970376,0.9999999999744813
64.0,0.9999999999113165,0.9999999998800779,0.9999999999567714,0.9999999999461568,0.9999999999438367,0.9999999999971849,0.9999999999757848
64.05,0.9999999999157282,0.999999999885962,0.9999999999589629,0.9999999999488696,0.9999999999466612,0.9999999999973253,0.9999999999770232
64.10000000000001,0.9999999999199258,0.9999999998915646,0.9999999999610458,0.9999999999514491,0.9999999999493473,0.9999999999974586,0.9999999999781999
64.15,0.9999999999239194,0.9999999998968987,0.9999999999630255,0.9999999999539012,0.9999999999519014,0.9999999999975857,0.9999999999793174
64.2,0.9999999999277187,0.9999999999019769,0.9999999999649071,0.9999999999562325,0.9999999999543295,0.9999999999977066,0.9999999999803793
64.25,0.9999999999313328,0.999999999906811,0.9999999999666949,0.9999999999584485,0.9999999999566379,0.9999999999978213,0.9999999999813878
64.3,0.9999999999347706,0.9999999999114126,0.9999999999683937,0.9999999999605552,0.9999999999588327,0.9999999999979305,0.9999999999823455
64.35000000000001,0.9999999999380406,0.9999999999157927,0.999999999970008,0.9999999999625575,0.9999999999609188,0.9999999999980345,0.999999999983255
64.4,0.9999999999411503,0.9999999999199614,0.9999999999715415,0.9999999999644602,0.9999999999629015,0.9999999999981333,0.9999999999841189
64.45,0.9999999999441076,0.9999999999239289,0.9999999999729988,0.9999999999662688,0.9999999999647861,0.9999999999982271,0.999999999984939
64.5,0.99999999994692,0.9999999999277045,0.9999999999743828,0.9999999999679874,0.9999999999665774,0.9999999999983163,0.9999999999857179
64.55,0.9999999999495941,0.9999999999312972,0.9999999999756977,0.9999999999696204,0.9999999999682792,0.9999999999984013,0.9999999999864572
64.60000000000001,0.9999999999521366,0.9999999999347159,0.9999999999769467,0.999999999971172,0.9999999999698965,0.9999999999984821,0.9999999999871592
64.65,0.9999999999545541,0.9999999999379683,0.9999999999781328,0.9999999999726461,0.9999999999714335,0.9999999999985588,0.9999999999878255
64.7,0.9999999999568524,0.9999999999410626,0.9999999999792595,0.9999999999740468,0.9999999999728935,0.9999999999986318,0.9999999999884581
64.75,0.999999999959037,0.9999999999440065,0.9999999999803291,0.9999999999753773,0.9999999999742806,0.999999999998701,0.9999999999890585
64.8,0.9999999999611138,0.9999999999468067,0.999999999981345,0.9999999999766411,0.9999999999755985,0.999999999998767,0.9999999999896286
64.85000000000001,0.9999999999630875,0.9999999999494702,0.9999999999823096,0.9999999999778414,0.9999999999768505,0.9999999999988298,0.9999999999901693
64.9,0.9999999999649638,0.9999999999520036,0.9999999999832253,0.9999999999789814,0.9999999999780393,0.9999999999988893,0.9999999999906826
64.95,0.9999999999667464,0.999999999954413,0.9999999999840947,0.9999999999800642,0.9999999999791689,0.9999999999989457,0.9999999999911696
65.0,0.9999999999684408,0.9999999999567044,0.9999999999849202,0.9999999999810928,0.9999999999802414,0.9999999999989995,0.9999999999916315
65.05,0.9999999999700506,0.9999999999588832,0.9999999999857035,0.999999999982069,0.9999999999812603,0.9999999999990503,0.9999999999920701
65.10000000000001,0.9999999999715805,0.999999999960955,0.9999999999864472,0.999999999982996,0.9999999999822275,0.9999999999990992,0.9999999999924862
65.15,0.9999999999730338,0.9999999999629247,0.9999999999871533,0.9999999999838765,0.9999999999831459,0.9999999999991454,0.9999999999928806
65.2,0.9999999999744145,0.9999999999647976,0.9999999999878232,0.999999999984712,0.9999999999840182,0.999999999999189,0.999999999993255
65.25,0.9999999999757263,0.999999999966578,0.9999999999884588,0.9999999999855054,0.9999999999848463,0.9999999999992304,0.9999999999936104
65.3,0.9999999999769721,0.9999999999682705,0.9999999999890621,0.9999999999862584,0.9999999999856322,0.99999999999927,0.9999999999939468
65.35000000000001,0.9999999999781555,0.9999999999698793,0.9999999999896346,0.9999999999869731,0.9999999999863782,0.9999999999993076,0.9999999999942666
65.4,0.9999999999792797,0.9999999999714082,0.9999999999901777,0.9999999999876517,0.9999999999870866,0.9999999999993433,0.9999999999945692
65.45,0.9999999999803472,0.9999999999728615,0.999999999990693,0.9999999999882954,0.9999999999877589,0.999999999999377,0.9999999999948566
65.5,0.9999999999813607,0.9999999999742427,0.9999999999911817,0.9999999999889065,0.9999999999883968,0.9999999999994094,0.9999999999951291
65.55,0.9999999999823235,0.9999999999755551,0.9999999999916453,0.9999999999894863,0.9999999999890022,0.9999999999994398,0.9999999999953871
65.60000000000001,0.9999999999832373,0.9999999999768023,0.9999999999920854,0.9999999999900369,0.999999999989577,0.9999999999994688,0.999999999995632
65.65,0.9999999999841053,0.999999999977987,0.9999999999925026,0.9999999999905589,0.9999999999901219,0.9999999999994963,0.9999999999958644
65.7,0.999999999984929,0.9999999999791129,0.9999999999928982,0.999999999991054,0.9999999999906395,0.9999999999995224,0.9999999999960842
65.75,0.9999999999857113,0.9999999999801825,0.9999999999932736,0.999999999991524,0.9999999999911303,0.9999999999995471,0.999999999996293
65.8,0.9999999999864538,0.9999999999811986,0.9999999999936295,0.9999999999919698,0.9999999999915961,0.9999999999995707,0.9999999999964908
65.85000000000001,0.9999999999871585,0.9999999999821638,0.9999999999939667,0.9999999999923923,0.9999999999920376,0.999999999999593,0.999999999996678
65.9,0.9999999999878273,0.9999999999830803,0.9999999999942868,0.9999999999927934,0.9999999999924567,0.9999999999996142,0.9999999999968556
65.95,0.9999999999884622,0.9999999999839511,0.9999999999945902,0.9999999999931736,0.9999999999928542,0.9999999999996343,0.9999999999970239
66.0,0.9999999999890645,0.9999999999847781,0.9999999999948775,0.9999999999935343,0.9999999999932311,0.9999999999996535,0.9999999999971836
66.05,0.9999999999896365,0.9999999999855632,0.9999999999951503,0.9999999999938763,0.9999999999935886,0.9999999999996716,0.9999999999973345
66.10000000000001,0.9999999999901787,0.9999999999863088,0.9999999999954087,0.9999999999942006,0.9999999999939277,0.9999999999996887,0.9999999999974778
66.15,0.9999999999906936,0.9999999999870167,0.9999999999956536,0.9999999999945083,0.9999999999942493,0.999999999999705,0.9999999999976134
66.2,0.9999999999911817,0.9999999999876888,0.9999999999958857,0.9999999999947997,0.9999999999945537,0.9999999999997206,0.9999999999977418
66.25,0.999999999991645,0.999999999988327,0.9999999999961057,0.9999999999950762,0.9999999999948429,0.9999999999997353,0.9999999999978634
66.3,0.9999999999920843,0.9999999999889327,0.9999999999963141,0.9999999999953381,0.9999999999951168,0.9999999999997491,0.9999999999979787
66.35000000000001,0.9999999999925012,0.999999999989508,0.9999999999965116,0.9999999999955864,0.9999999999953764,0.9999999999997624,0.9999999999980881
66.4,0.9999999999928966,0.9999999999900537,0.9999999999966989,0.9999999999958218,0.9999999999956227,0.9999999999997748,0.9999999999981914
66.45,0.9999999999932715,0.999999999990572,0.9999999999968762,0.9999999999960449,0.9999999999958562,0.9999999999997868,0.9999999999982893
66.5,0.999999999993627,0.9999999999910636,0.9999999999970441,0.9999999999962564,0.9999999999960775,0.9999999999997979,0.9999999999983823
66.55,0.9999999999939644,0.9999999999915301,0.9999999999972032,0.9999999999964568,0.9999999999962871,0.9999999999998087,0.99999999999847
66.60000000000001,0.9999999999942841,0.999999999991973,0.9999999999973541,0.9999999999966468,0.9999999999964858,0.9999999999998188,0.9999999999985532
66.65,0.9999999999945873,0.9999999999923932,0.999999999997497,0.9999999999968268,0.9999999999966742,0.9999999999998284,0.9999999999986319
66.7,0.9999999999948745,0.9999999999927918,0.9999999999976323,0.9999999999969973,0.9999999999968525,0.9999999999998375,0.9999999999987064
66.75,0.999999999995147,0.9999999999931699,0.9999999999977603,0.9999999999971587,0.9999999999970215,0.9999999999998461,0.9999999999987771
66.8,0.9999999999954055,0.9999999999935287,0.9999999999978815,0.9999999999973117,0.9999999999971818,0.9999999999998541,0.9999999999988438
66.85000000000001,0.9999999999956501,0.999999999993869,0.9999999999979965,0.9999999999974567,0.9999999999973335,0.9999999999998621,0.9999999999989067
66.9,0.9999999999958823,0.9999999999941919,0.9999999999981052,0.9999999999975939,0.9999999999974771,0.9999999999998693,0.9999999999989668
66.95,0.9999999999961022,0.9999999999944981,0.9999999999982082,0.9999999999977239,0.9999999999976131,0.9999999999998763,0.9999999999990232
67.0,0.9999999999963105,0.9999999999947885,0.9999999999983058,0.999999999997847,0.999999999997742,0.9999999999998829,0.9999999999990766
67.05,0.9999999999965081,0.9999999999950638,0.9999999999983982,0.9999999999979635,0.9999999999978639,0.9999999999998891,0.9999999999991276
67.10000000000001,0.9999999999966955,0.9999999999953251,0.9999999999984854,0.999999999998074,0.9999999999979797,0.999999999999895,0.9999999999991753
67.15,0.9999999999968728,0.9999999999955725,0.9999999999985683,0.9999999999981786,0.9999999999980893,0.9999999999999007,0.9999999999992207
67.2,0.9999999999970409,0.9999999999958075,0.9999999999986464,0.9999999999982776,0.9999999999981929,0.9999999999999061,0.9999999999992635
67.25,0.9999999999972,0.99999999999603,0.9999999999987205,0.9999999999983713,0.9999999999982913,0.9999999999999111,0.9999999999993043
67.3,0.9999999999973508,0.9999999999962411,0.9999999999987905,0.99999999999846,0.9999999999983842,0.9999999999999161,0.9999999999993426
67.35000000000001,0.9999999999974936,0.9999999999964411,0.9999999999988568,0.999999999998544,0.9999999999984719,0.9999999999999205,0.9999999999993792
67.4,0.999999999997629,0.9999999999966307,0.9999999999989196,0.9999999999986234,0.9999999999985553,0.9999999999999247,0.9999999999994135
67.45,0.9999999999977571,0.9999999999968106,0.9999999999989791,0.9999999999986987,0.9999999999986341,0.9999999999999287,0.999999999999446
67.5,0.9999999999978784,0.9999999999969809,0.9999999999990352,0.9999999999987699,0.9999999999987088,0.9999999999999325,0.9999999999994769
67.55,0.9999999999979934,0.9999999999971422,0.9999999999990883,0.9999999999988373,0.9999999999987794,0.9999999999999362,0.9999999999995057
67.60000000000001,0.9999999999981023,0.9999999999972952,0.9999999999991387,0.9999999999989011,0.9999999999988463,0.9999999999999397,0.9999999999995333
67.65,0.9999999999982052,0.99999999999744,0.9999999999991862,0.9999999999989615,0.9999999999989094,0.999999999999943,0.999999999999559
67.7,0.9999999999983028,0.9999999999975777,0.9999999999992313,0.9999999999990186,0.9999999999989694,0.999999999999946,0.9999999999995839
67.75,0.9999999999983951,0.9999999999977077,0.9999999999992739,0.9999999999990726,0.999999999999026,0.999999999999949,0.999999999999607
67.8,0.9999999999984827,0.9999999999978312,0.9999999999993141,0.9999999999991236,0.9999999999990795,0.9999999999999518,0.9999999999996287
67.85000000000001,0.9999999999985656,0.9999999999979479,0.9999999999993521,0.999999999999172,0.9999999999991303,0.9999999999999545,0.9999999999996494
67.9,0.9999999999986438,0.9999999999980583,0.9999999999993882,0.9999999999992177,0.9999999999991782,0.9999999999999569,0.9999999999996692
67.95,0.9999999999987179,0.9999999999981632,0.9999999999994222,0.9999999999992609,0.9999999999992237,0.9999999999999594,0.9999999999996879
68.0,0.9999999999987883,0.9999999999982626,0.9999999999994543,0.9999999999993018,0.9999999999992666,0.9999999999999616,0.9999999999997053
68.05,0.9999999999988547,0.9999999999983566,0.9999999999994847,0.9999999999993406,0.999999999999307,0.9999999999999636,0.9999999999997219
68.10000000000001,0.9999999999989175,0.9999999999984455,0.9999999999995135,0.9999999999993772,0.9999999999993454,0.9999999999999656,0.9999999999997374
68.15,0.9999999999989768,0.9999999999985298,0.9999999999995406,0.9999999999994116,0.9999999999993818,0.9999999999999675,0.9999999999997522
68.2,0.9999999999990331,0.9999999999986096,0.9999999999995663,0.9999999999994446,0.9999999999994161,0.9999999999999692,0.9999999999997661
68.25,0.9999999999990863,0.999999999998685,0.9999999999995905,0.9999999999994753,0.9999999999994486,0.9999999999999709,0.9999999999997794
68.3,0.9999999999991368,0.9999999999987568,0.9999999999996135,0.9999999999995046,0.9999999999994792,0.9999999999999725,0.999999999999792
68.35000000000001,0.9999999999991844,0.9999999999988246,0.9999999999996352,0.9999999999995322,0.9999999999995082,0.999999999999974,0.9999999999998036
68.4,0.9999999999992296,0.9999999999988887,0.9999999999996556,0.9999999999995584,0.9999999999995357,0.9999999999999754,0.9999999999998147
68.45,0.999999999999272,0.9999999999989494,0.999999999999675,0.999999999999583,0.9999999999995615,0.9999999999999767,0.9999999999998253
68.5,0.9999999999993123,0.9999999999990068,0.9999999999996934,0.9999999999996063,0.9999999999995861,0.999999999999978,0.9999999999998351
68.55,0.9999999999993504,0.9999999999990611,0.9999999999997107,0.9999999999996283,0.9999999999996092,0.9999999999999793,0.9999999999998446
68.60000000000001,0.9999999999993865,0.9999999999991125,0.999999999999727,0.9999999999996493,0.9999999999996311,0.9999999999999802,0.9999999999998535
68.65,0.9999999999994206,0.9999999999991612,0.9999999999997423,0.999999999999669,0.9999999999996518,0.9999999999999813,0.9999999999998619
68.7,0.9999999999994528,0.9999999999992073,0.9999999999997569,0.9999999999996876,0.9999999999996713,0.9999999999999825,0.9999999999998697
68.75,0.9999999999994832,0.9999999999992509,0.9999999999997706,0.9999999999997051,0.9999999999996898,0.9999999999999835,0.999999999999877
68.8,0.9999999999995122,0.9999999999992921,0.9999999999997836,0.9999999999997218,0.9999999999997072,0.9999999999999845,0.999999999999884
68.85000000000001,0.9999999999995393,0.9999999999993311,0.9999999999997959,0.9999999999997375,0.9999999999997237,0.9999999999999852,0.9999999999998905
68.9,0.999999999999565,0.9999999999993681,0.9999999999998075,0.9999999999997522,0.9999999999997393,0.9999999999999861,0.9999999999998969
68.95,0.9999999999995893,0.9999999999994029,0.9999999999998184,0.9999999999997662,0.999999999999754,0.9999999999999869,0.9999999999999027
69.0,0.9999999999996123,0.999999999999436,0.9999999999998289,0.9999999999997795,0.999999999999768,0.9999999999999877,0.9999999999999085
69.05,0.9999999999996341,0.9999999999994672,0.9999999999998386,0.999999999999792,0.9999999999997811,0.9999999999999883,0.9999999999999136
69.10000000000001,0.9999999999996547,0.9999999999994967,0.9999999999998478,0.9999999999998038,0.9999999999997935,0.999999999999989,0.9999999999999186
69.15,0.999999999999674,0.9999999999995247,0.9999999999998563,0.9999999999998148,0.999999999999805,0.9999999999999896,0.9999999999999234
69.2,0.9999999999996922,0.999999999999551,0.9999999999998646,0.9999999999998254,0.9999999999998163,0.9999999999999901,0.9999999999999277
69.25,0.9999999999997097,0.9999999999995759,0.9999999999998725,0.9999999999998354,0.9999999999998266,0.9999999999999908,0.999999999999932
69.3,0.9999999999997259,0.9999999999995997,0.9999999999998797,0.9999999999998448,0.9999999999998365,0.9999999999999912,0.9999999999999358
69.35000000000001,0.9999999999997414,0.9999999999996219,0.9999999999998866,0.9999999999998536,0.9999999999998457,0.9999999999999917,0.9999999999999397
69.4,0.9999999999997562,0.9999999999996432,0.9999999999998932,0.999999999999862,0.9999999999998546,0.9999999999999922,0.9999999999999432
69.45,0.9999999999997701,0.9999999999996628,0.9999999999998992,0.9999999999998699,0.9999999999998628,0.9999999999999927,0.9999999999999464
69.5,0.999999999999783,0.9999999999996817,0.9999999999999051,0.9999999999998772,0.9999999999998707,0.999999999999993,0.9999999999999495
69.55,0.9999999999997953,0.9999999999996998,0.9999999999999105,0.9999999999998843,0.999999999999878,0.9999999999999933,0.9999999999999525
69.60000000000001,0.9999999999998068,0.9999999999997164,0.9999999999999157,0.9999999999998908,0.9999999999998851,0.9999999999999937,0.9999999999999551
69.65,0.9999999999998178,0.9999999999997322,0.9999999999999207,0.9999999999998971,0.9999999999998916,0.999999999999994,0.9999999999999577
69.7,0.9999999999998282,0.9999999999997473,0.9999999999999252,0.999999999999903,0.999999999999898,0.9999999999999944,0.9999999999999601
69.75,0.9999999999998379,0.9999999999997616,0.9999999999999295,0.9999999999999087,0.9999999999999039,0.9999999999999947,0.9999999999999624
69.8,0.9999999999998472,0.999999999999775,0.9999999999999336,0.9999999999999138,0.9999999999999094,0.999999999999995,0.9999999999999647
69.85000000000001,0.9999999999998559,0.9999999999997877,0.9999999999999374,0.9999999999999187,0.9999999999999145,0.9999999999999952,0.9999999999999667
69.9,0.9999999999998643,0.9999999999997997,0.999999999999941,0.9999999999999235,0.9999999999999194,0.9999999999999956,0.9999999999999687
69.95,0.999999999999872,0.999999999999811,0.9999999999999444,0.9999999999999278,0.9999999999999241,0.9999999999999958,0.9999999999999705
70.0,0.9999999999998793,0.9999999999998216,0.9999999999999477,0.999999999999932,0.9999999999999285,0.999999999999996,0.9999999999999722
70.05,0.9999999999998862,0.9999999999998319,0.9999999999999508,0.9999999999999359,0.9999999999999326,0.9999999999999962,0.9999999999999738
70.10000000000001,0.9999999999998928,0.9999999999998413,0.9999999999999536,0.9999999999999397,0.9999999999999364,0.9999999999999966,0.9999999999999754
70.15,0.999999999999899,0.9999999999998501,0.9999999999999563,0.9999999999999432,0.9999999999999403,0.9999999999999967,0.9999999999999769
70.2,0.9999999999999047,0.9999999999998588,0.9999999999999588,0.9999999999999465,0.9999999999999435,0.9999999999999969,0.9999999999999781
70.25,0.9999999999999102,0.9999999999998669,0.9999999999999611,0.9999999999999496,0.9999999999999467,0.9999999999999971,0.9999999999999795
70.3,0.9999999999999153,0.9999999999998744,0.9999999999999635,0.9999999999999525,0.99999999999995,0.9999999999999972,0.9999999999999807
70.35000000000001,0.9999999999999202,0.9999999999998817,0.9999999999999656,0.9999999999999553,0.9999999999999528,0.9999999999999973,0.9999999999999818
70.4,0.9999999999999248,0.9999999999998884,0.9999999999999677,0.999999999999958,0.9999999999999556,0.9999999999999974,0.999999999999983
70.45,0.9999999999999292,0.9999999999998948,0.9999999999999695,0.9999999999999604,0.9999999999999581,0.9999999999999976,0.9999999999999838
70.5,0.9999999999999333,0.9999999999999006,0.9999999999999714,0.9999999999999626,0.9999999999999605,0.9999999999999978,0.999999999999985
70.55,0.999999999999937,0.9999999999999063,0.9999999999999729,0.9999999999999648,0.9999999999999628,0.9999999999999978,0.9999999999999856
70.60000000000001,0.9999999999999408,0.9999999999999117,0.9999999999999747,0.9999999999999669,0.9999999999999649,0.999999999999998,0.9999999999999867
70.65,0.9999999999999443,0.999999999999917,0.999999999999976,0.9999999999999689,0.999999999999967,0.9999999999999981,0.9999999999999875
70.7,0.9999999999999474,0.9999999999999216,0.9999999999999776,0.9999999999999707,0.9999999999999688,0.9999999999999982,0.9999999999999881
70.75,0.9999999999999505,0.9999999999999261,0.9999999999999789,0.9999999999999725,0.9999999999999709,0.9999999999999983,0.9999999999999888
70.8,0.9999999999999534,0.9999999999999303,0.99999999999998,0.999999999999974,0.9999999999999727,0.9999999999999984,0.9999999999999896
70.85000000000001,0.9999999999999561,0.9999999999999343,0.9999999999999811,0.9999999999999755,0.9999999999999741,0.9999999999999984,0.99999999999999
70.9,0.9999999999999587,0.999999999999938,0.9999999999999825,0.9999999999999769,0.9999999999999756,0.9999999999999984,0.9999999999999907
70.95,0.999999999999961,0.9999999999999416,0.9999999999999833,0.9999999999999782,0.999999999999977,0.9999999999999987,0.9999999999999912
71.0,0.9999999999999634,0.999999999999945,0.9999999999999845,0.9999999999999795,0.9999999999999785,0.9999999999999988,0.9999999999999918
71.05,0.9999999999999655,0.9999999999999483,0.9999999999999852,0.9999999999999808,0.9999999999999796,0.9999999999999988,0.9999999999999923
71.10000000000001,0.9999999999999676,0.9999999999999513,0.999999999999986,0.9999999999999819,0.9999999999999809,0.9999999999999988,0.9999999999999928
71.15,0.9999999999999694,0.999999999999954,0.999999999999987,0.9999999999999829,0.999999999999982,0.9999999999999989,0.9999999999999931
71.2,0.9999999999999711,0.9999999999999567,0.9999999999999878,0.9999999999999839,0.9999999999999831,0.9999999999999989,0.9999999999999936
71.25,0.9999999999999729,0.9999999999999593,0.9999999999999885,0.9999999999999849,0.999999999999984,0.9999999999999991,0.999999999999994
71.3,0.9999999999999745,0.9999999999999616,0.9999999999999891,0.9999999999999858,0.999999999999985,0.9999999999999991,0.9999999999999944
71.35000000000001,0.999999999999976,0.9999999999999638,0.9999999999999898,0.9999999999999867,0.9999999999999858,0.9999999999999991,0.9999999999999948
71.4,0.9999999999999772,0.9999999999999659,0.9999999999999905,0.9999999999999873,0.9999999999999868,0.9999999999999992,0.999999999999995
71.45,0.9999999999999787,0.9999999999999678,0.999999999999991,0.9999999999999882,0.9999999999999875,0.9999999999999992,0.9999999999999953
71.5,0.9999999999999799,0.9999999999999698,0.9999999999999916,0.9999999999999889,0.9999999999999883,0.9999999999999993,0.9999999999999957
71.55,0.9999999999999811,0.9999999999999716,0.9999999999999921,0.9999999999999896,0.9999999999999889,0.9999999999999993,0.9999999999999958
71.60000000000001,0.9999999999999822,0.9999999999999732,0.9999999999999925,0.9999999999999902,0.9999999999999898,0.9999999999999993,0.999999999999996
71.65,0.9999999999999833,0.9999999999999748,0.999999999999993,0.9999999999999908,0.9999999999999902,0.9999999999999993,0.9999999999999964
71.7,0.9999999999999842,0.9999999999999762,0.9999999999999933,0.9999999999999912,0.9999999999999908,0.9999999999999993,0.9999999999999964
71.75,0.9999999999999852,0.9999999999999778,0.9999999999999937,0.9999999999999918,0.9999999999999913,0.9999999999999993,0.9999999999999968
71.8,0.9999999999999861,0.999999999999979,0.9999999999999941,0.9999999999999922,0.9999999999999919,0.9999999999999993,0.9999999999999969
71.85000000000001,0.9999999999999869,0.9999999999999801,0.9999999999999944,0.9999999999999928,0.9999999999999923,0.9999999999999993,0.9999999999999971
71.9,0.9999999999999877,0.9999999999999812,0.9999999999999947,0.9999999999999932,0.9999999999999928,0.9999999999999994,0.9999999999999973
71.95,0.9999999999999885,0.9999999999999825,0.9999999999999951,0.9999999999999936,0.9999999999999932,0.9999999999999996,0.9999999999999973
72.0,0.9999999999999891,0.9999999999999833,0.9999999999999954,0.9999999999999939,0.9999999999999937,0.9999999999999996,0.9999999999999976
72.05,0.9999999999999897,0.9999999999999843,0.9999999999999957,0.9999999999999943,0.9999999999999941,0.9999999999999996,0.9999999999999977
72.10000000000001,0.9999999999999905,0.9999999999999853,0.999999999999996,0.9999999999999947,0.9999999999999943,0.9999999999999996,0.9999999999999978
72.15,0.9999999999999909,0.9999999999999862,0.9999999999999961,0.9999999999999951,0.9999999999999947,0.9999999999999997,0.999999999999998
72.2,0.9999999999999915,0.9999999999999871,0.9999999999999964,0.9999999999999953,0.9999999999999951,0.9999999999999997,0.999999999999998
72.25,0.9999999999999919,0.9999999999999877,0.9999999999999966,0.9999999999999956,0.9999999999999952,0.9999999999999997,0.9999999999999981
72.3,0.9999999999999925,0.9999999999999885,0.9999999999999968,0.9999999999999958,0.9999999999999957,0.9999999999999997,0.9999999999999984
72.35000000000001,0.9999999999999929,0.9999999999999893,0.9999999999999971,0.9999999999999961,0.9999999999999958,0.9999999999999998,0.9999999999999984
72.4,0.9999999999999933,0.9999999999999898,0.9999999999999971,0.9999999999999962,0.999999999999996,0.9999999999999998,0.9999999999999984
72.45,0.9999999999999938,0.9999999999999905,0.9999999999999972,0.9999999999999964,0.9999999999999962,0.9999999999999998,0.9999999999999984
72.5,0.999999999999994,0.9999999999999911,0.9999999999999974,0.9999999999999967,0.9999999999999964,0.9999999999999998,0.9999999999999987
72.55,0.9999999999999944,0.9999999999999916,0.9999999999999976,0.9999999999999968,0.9999999999999967,0.9999999999999998,0.9999999999999989
72.60000000000001,0.9999999999999949,0.999999999999992,0.9999999999999978,0.9999999999999971,0.9999999999999968,0.9999999999999998,0.9999999999999989
72.65,0.9999999999999952,0.9999999999999925,0.999999999999998,0.9999999999999972,0.9999999999999971,0.9999999999999998,0.9999999999999989
72.7,0.9999999999999953,0.9999999999999929,0.999999999999998,0.9999999999999974,0.9999999999999972,0.9999999999999998,0.9999999999999989
72.75,0.9999999999999958,0.9999999999999934,0.9999999999999981,0.9999999999999976,0.9999999999999974,0.9999999999999998,0.9999999999999989
72.8,0.9999999999999959,0.9999999999999937,0.9999999999999982,0.9999999999999978,0.9999999999999976,0.9999999999999998,0.9999999999999991
72.85000000000001,0.9999999999999962,0.9999999999999941,0.9999999999999982,0.9999999999999979,0.9999999999999977,0.9999999999999998,0.9999999999999991
72.9,0.9999999999999963,0.9999999999999944,0.9999999999999986,0.999999999999998,0.9999999999999978,0.9999999999999998,0.9999999999999993
72.95,0.9999999999999966,0.9999999999999949,0.9999999999999986,0.9999999999999981,0.9999999999999979,0.9999999999999998,0.9999999999999993
73.0,0.9999999999999968,0.9999999999999951,0.9999999999999987,0.9999999999999982,0.9999999999999981,0.9999999999999998,0.9999999999999993
73.05,0.9999999999999969,0.9999999999999953,0.9999999999999987,0.9999999999999982,0.9999999999999982,0.9999999999999998,0.9999999999999993
73.10000000000001,0.9999999999999971,0.9999999999999956,0.9999999999999987,0.9999999999999983,0.9999999999999982,0.9999999999999998,0.9999999999999993
73.15,0.9999999999999973,0.9999999999999958,0.9999999999999988,0.9999999999999984,0.9999999999999984,0.9999999999999998,0.9999999999999994
73.2,0.9999999999999974,0.9999999999999962,0.9999999999999988,0.9999999999999984,0.9999999999999986,0.9999999999999998,0.9999999999999994
73.25,0.9999999999999977,0.9999999999999964,0.9999999999999989,0.9999999999999987,0.9999999999999987,0.9999999999999998,0.9999999999999996
73.3,0.9999999999999978,0.9999999999999967,0.999999999999999,0.9999999999999987,0.9999999999999987,0.9999999999999998,0.9999999999999996
73.35000000000001,0.9999999999999979,0.9999999999999967,0.9999999999999991,0.9999999999999988,0.9999999999999987,0.9999999999999998,0.9999999999999996
73.4,0.999999999999998,0.999999999999997,0.9999999999999991,0.9999999999999988,0.9999999999999987,0.9999999999999998,0.9999999999999996
73.45,0.9999999999999982,0.9999999999999971,0.9999999999999991,0.9999999999999989,0.9999999999999987,0.9999999999999998,0.9999999999999996
73.5,0.9999999999999982,0.9999999999999971,0.9999999999999991,0.9999999999999989,0.9999999999999989,0.9999999999999998,0.9999999999999996
73.55,0.9999999999999982,0.9999999999999974,0.9999999999999992,0.999999999999999,0.9999999999999989,0.9999999999999998,0.9999999999999996
73.60000000000001,0.9999999999999984,0.9999999999999976,0.9999999999999992,0.9999999999999991,0.9999999999999991,0.9999999999999998,0.9999999999999996
73.65,0.9999999999999986,0.9999999999999977,0.9999999999999992,0.9999999999999991,0.9999999999999991,0.9999999999999998,0.9999999999999997
73.7,0.9999999999999987,0.9999999999999979,0.9999999999999993,0.9999999999999991,0.9999999999999991,0.9999999999999998,0.9999999999999997
73.75,0.9999999999999987,0.999999999999998,0.9999999999999993,0.9999999999999992,0.9999999999999991,0.9999999999999999,0.9999999999999997
73.8,0.9999999999999987,0.999999999999998,0.9999999999999993,0.9999999999999992,0.9999999999999992,0.9999999999999999,0.9999999999999997
73.85000000000001,0.9999999999999988,0.9999999999999983,0.9999999999999994,0.9999999999999992,0.9999999999999992,0.9999999999999999,0.9999999999999997
73.9,0.9999999999999988,0.9999999999999983,0.9999999999999996,0.9999999999999992,0.9999999999999992,0.9999999999999999,0.9999999999999997
73.95,0.9999999999999989,0.9999999999999983,0.9999999999999996,0.9999999999999992,0.9999999999999992,1.0,0.9999999999999997
74.0,0.999999999999999,0.9999999999999986,0.9999999999999996,0.9999999999999992,0.9999999999999992,1.0,0.9999999999999998
74.05,0.9999999999999991,0.9999999999999987,0.9999999999999996,0.9999999999999993,0.9999999999999993,1.0,0.9999999999999998
74.10000000000001,0.9999999999999991,0.9999999999999988,0.9999999999999996,0.9999999999999996,0.9999999999999994,1.0,0.9999999999999998
74.15,0.9999999999999991,0.9999999999999988,0.9999999999999996,0.9999999999999996,0.9999999999999994,1.0,0.9999999999999998
74.2,0.9999999999999991,0.9999999999999988,0.9999999999999996,0.9999999999999996,0.9999999999999994,1.0,0.9999999999999998
74.25,0.9999999999999992,0.9999999999999989,0.9999999999999996,0.9999999999999996,0.9999999999999996,1.0,0.9999999999999998
74.3,0.9999999999999993,0.9999999999999989,0.9999999999999996,0.9999999999999996,0.9999999999999996,1.0,0.9999999999999998
74.35000000000001,0.9999999999999993,0.9999999999999991,0.9999999999999997,0.9999999999999996,0.9999999999999996,1.0,0.9999999999999998
74.4,0.9999999999999993,0.9999999999999991,0.9999999999999997,0.9999999999999996,0.9999999999999997,1.0,0.9999999999999998
74.45,0.9999999999999993,0.9999999999999991,0.9999999999999997,0.9999999999999997,0.9999999999999997,1.0,0.9999999999999998
74.5,0.9999999999999993,0.9999999999999992,0.9999999999999997,0.9999999999999997,0.9999999999999997,1.0,0.9999999999999998
74.55,0.9999999999999994,0.9999999999999992,0.9999999999999997,0.9999999999999997,0.9999999999999997,1.0,0.9999999999999998
74.60000000000001,0.9999999999999996,0.9999999999999992,0.9999999999999997,0.9999999999999997,0.9999999999999997,1.0,0.9999999999999998
74.65,0.9999999999999996,0.9999999999999992,0.9999999999999997,0.9999999999999997,0.9999999999999997,1.0,0.9999999999999998
74.7,0.9999999999999996,0.9999999999999992,0.9999999999999997,0.9999999999999997,0.9999999999999997,1.0,0.9999999999999998
74.75,0.9999999999999996,0.9999999999999993,0.9999999999999998,0.9999999999999997,0.9999999999999997,1.0,0.9999999999999998
74.8,0.9999999999999996,0.9999999999999994,0.9999999999999998,0.9999999999999997,0.9999999999999997,1.0,0.9999999999999998
74.85000000000001,0.9999999999999996,0.9999999999999994,0.9999999999999998,0.9999999999999997,0.9999999999999997,1.0,0.9999999999999998
74.9,0.9999999999999997,0.9999999999999994,0.9999999999999998,0.9999999999999997,0.9999999999999997,1.0,0.9999999999999998
74.95,0.9999999999999997,0.9999999999999994,0.9999999999999998,0.9999999999999997,0.9999999999999998,1.0,0.9999999999999998
75.0,0.9999999999999997,0.9999999999999994,0.9999999999999998,0.9999999999999997,0.9999999999999998,1.0,0.9999999999999999
75.05,0.9999999999999997,0.9999999999999994,0.9999999999999998,0.9999999999999997,0.9999999999999998,1.0,0.9999999999999999
75.10000000000001,0.9999999999999997,0.9999999999999996,0.9999999999999998,0.9999999999999998,0.9999999999999998,1.0,0.9999999999999999
75.15,0.9999999999999997,0.9999999999999996,0.9999999999999998,0.9999999999999998,0.9999999999999998,1.0,0.9999999999999999
75.2,0.9999999999999997,0.9999999999999996,0.9999999999999998,0.9999999999999998,0.9999999999999998,1.0,0.9999999999999999
75.25,0.9999999999999997,0.9999999999999996,0.9999999999999998,0.9999999999999998,0.9999999999999998,1.0,0.9999999999999999
75.3,0.9999999999999997,0.9999999999999997,0.9999999999999998,0.9999999999999998,0.9999999999999998,1.0,0.9999999999999999
75.35000000000001,0.9999999999999997,0.9999999999999997,0.9999999999999998,0.9999999999999998,0.9999999999999998,1.0,0.9999999999999999
75.4,0.9999999999999997,0.9999999999999997,0.9999999999999998,0.9999999999999998,0.9999999999999998,1.0,0.9999999999999999
75.45,0.9999999999999997,0.9999999999999997,0.9999999999999998,0.9999999999999998,0.9999999999999998,1.0,0.9999999999999999
75.5,0.9999999999999998,0.9999999999999997,0.9999999999999998,0.9999999999999998,0.9999999999999998,1.0,0.9999999999999999
75.55,0.9999999999999998,0.9999999999999997,0.9999999999999998,0.9999999999999998,0.9999999999999998,1.0,0.9999999999999999
75.60000000000001,0.9999999999999998,0.9999999999999997,0.9999999999999998,0.9999999999999998,0.9999999999999998,1.0,0.9999999999999999
75.65,0.9999999999999998,0.9999999999999997,0.9999999999999998,0.9999999999999998,0.9999999999999998,1.0,0.9999999999999999
75.7,0.9999999999999998,0.9999999999999997,0.9999999999999998,0.9999999999999998,0.9999999999999998,1.0,0.9999999999999999
75.75,0.9999999999999998,0.9999999999999997,0.9999999999999998,0.9999999999999998,0.9999999999999998,1.0,0.9999999999999999
75.8,0.9999999999999998,0.9999999999999997,0.9999999999999998,0.9999999999999999,0.9999999999999998,1.0,0.9999999999999999
75.85000000000001,0.9999999999999998,0.9999999999999997,0.9999999999999998,0.9999999999999999,0.9999999999999998,1.0,1.0
75.9,0.9999999999999998,0.9999999999999997,0.9999999999999998,0.9999999999999999,0.9999999999999998,1.0,1.0
75.95,0.9999999999999998,0.9999999999999997,0.9999999999999998,0.9999999999999999,0.9999999999999998,1.0,1.0
76.0,0.9999999999999998,0.9999999999999997,0.9999999999999998,0.9999999999999999,0.9999999999999998,1.0,1.0
76.05,0.9999999999999998,0.9999999999999998,0.9999999999999998,0.9999999999999999,0.9999999999999998,1.0,1.0
76.10000000000001,0.9999999999999998,0.9999999999999998,0.9999999999999998,0.9999999999999999,0.9999999999999998,1.0,1.0
76.15,0.9999999999999998,0.9999999999999998,0.9999999999999998,0.9999999999999999,0.9999999999999998,1.0,1.0
76.2,0.9999999999999998,0.9999999999999998,0.9999999999999998,0.9999999999999999,0.9999999999999998,1.0,1.0
76.25,0.9999999999999998,0.9999999999999998,0.9999999999999999,0.9999999999999999,0.9999999999999999,1.0,1.0
76.3,0.9999999999999998,0.9999999999999998,0.9999999999999999,0.9999999999999999,0.9999999999999999,1.0,1.0
76.35000000000001,0.9999999999999998,0.9999999999999998,0.9999999999999999,0.9999999999999999,0.9999999999999999,1.0,1.0
76.4,0.9999999999999998,0.9999999999999998,0.9999999999999999,0.9999999999999999,0.9999999999999999,1.0,1.0
76.45,0.9999999999999998,0.9999999999999998,0.9999999999999999,0.9999999999999999,0.9999999999999999,1.0,1.0
76.5,0.9999999999999998,0.9999999999999998,0.9999999999999999,0.9999999999999999,0.9999999999999999,1.0,1.0
76.55,0.9999999999999998,0.9999999999999998,0.9999999999999999,0.9999999999999999,0.9999999999999999,1.0,1.0
76.60000000000001,0.9999999999999998,0.9999999999999999,0.9999999999999999,0.9999999999999999,0.9999999999999999,1.0,1.0
76.65,0.9999999999999998,0.9999999999999999,0.9999999999999999,0.9999999999999999,0.9999999999999999,1.0,1.0
76.7,0.9999999999999999,0.9999999999999999,0.9999999999999999,0.9999999999999999,0.9999999999999999,1.0,1.0
76.75,0.9999999999999999,0.9999999999999999,0.9999999999999999,0.9999999999999999,0.9999999999999999,1.0,1.0
76.80000000000001,0.9999999999999999,0.9999999999999999,0.9999999999999999,0.9999999999999999,0.9999999999999999,1.0,1.0
76.85000000000001,0.9999999999999999,0.9999999999999999,0.9999999999999999,0.9999999999999999,0.9999999999999999,1.0,1.0
76.9,0.9999999999999999,0.9999999999999999,0.9999999999999999,0.9999999999999999,0.9999999999999999,1.0,1.0
76.95,0.9999999999999999,0.9999999999999999,0.9999999999999999,0.9999999999999999,0.9999999999999999,1.0,1.0
77.0,0.9999999999999999,0.9999999999999999,0.9999999999999999,0.9999999999999999,0.9999999999999999,1.0,1.0
77.05000000000001,0.9999999999999999,0.9999999999999999,0.9999999999999999,0.9999999999999999,0.9999999999999999,1.0,1.0
77.10000000000001,0.9999999999999999,0.9999999999999999,0.9999999999999999,0.9999999999999999,0.9999999999999999,1.0,1.0
77.15,0.9999999999999999,0.9999999999999999,0.9999999999999999,0.9999999999999999,0.9999999999999999,1.0,1.0
77.2,0.9999999999999999,0.9999999999999999,0.9999999999999999,0.9999999999999999,0.9999999999999999,1.0,1.0
77.25,0.9999999999999999,0.9999999999999999,0.9999999999999999,0.9999999999999999,0.9999999999999999,1.0,1.0
77.30000000000001,0.9999999999999999,0.9999999999999999,0.9999999999999999,0.9999999999999999,0.9999999999999999,1.0,1.0
77.35000000000001,0.9999999999999999,0.9999999999999999,0.9999999999999999,0.9999999999999999,0.9999999999999999,1.0,1.0
77.4,0.9999999999999999,0.9999999999999999,0.9999999999999999,0.9999999999999999,0.9999999999999999,1.0,1.0
77.45,0.9999999999999999,0.9999999999999999,0.9999999999999999,0.9999999999999999,0.9999999999999999,1.0,1.0
77.5,0.9999999999999999,0.9999999999999999,0.9999999999999999,0.9999999999999999,0.9999999999999999,1.0,1.0
77.55000000000001,0.9999999999999999,0.9999999999999999,0.9999999999999999,0.9999999999999999,0.9999999999999999,1.0,1.0
77.60000000000001,0.9999999999999999,0.9999999999999999,0.9999999999999999,0.9999999999999999,0.9999999999999999,1.0,1.0
77.65,0.9999999999999999,0.9999999999999999,0.9999999999999999,0.9999999999999999,0.9999999999999999,1.0,1.0
77.7,0.9999999999999999,1.0,0.9999999999999999,0.9999999999999999,0.9999999999999999,1.0,1.0
77.75,0.9999999999999999,1.0,0.9999999999999999,0.9999999999999999,0.9999999999999999,1.0,1.0
77.80000000000001,0.9999999999999999,1.0,0.9999999999999999,0.9999999999999999,0.9999999999999999,1.0,1.0
77.85000000000001,0.9999999999999999,1.0,0.9999999999999999,0.9999999999999999,0.9999999999999999,1.0,1.0
77.9,0.9999999999999999,1.0,0.9999999999999999,0.9999999999999999,0.9999999999999999,1.0,1.0
77.95,0.9999999999999999,1.0,0.9999999999999999,0.9999999999999999,0.9999999999999999,1.0,1.0
78.0,0.9999999999999999,1.0,1.0,0.9999999999999999,0.9999999999999999,1.0,1.0
78.05000000000001,0.9999999999999999,1.0,1.0,0.9999999999999999,0.9999999999999999,1.0,1.0
78.10000000000001,0.9999999999999999,1.0,1.0,0.9999999999999999,0.9999999999999999,1.0,1.0
78.15,0.9999999999999999,1.0,1.0,0.9999999999999999,0.9999999999999999,1.0,1.0
78.2,0.9999999999999999,1.0,1.0,0.9999999999999999,0.9999999999999999,1.0,1.0
78.25,0.9999999999999999,1.0,1.0,1.0,1.0,1.0,1.0
78.30000000000001,0.9999999999999999,1.0,1.0,1.0,1.0,1.0,1.0
78.35000000000001,0.9999999999999999,1.0,1.0,1.0,1.0,1.0,1.0
78.4,0.9999999999999999,1.0,1.0,1.0,1.0,1.0,1.0
78.45,0.9999999999999999,1.0,1.0,1.0,1.0,1.0,1.0
78.5,0.9999999999999999,1.0,1.0,1.0,1.0,1.0,1.0
78.55000000000001,0.9999999999999999,1.0,1.0,1.0,1.0,1.0,1.0
78.60000000000001,1.0,1.0,1.0,1.0,1.0,1.0,1.0
78.65,1.0,1.0,1.0,1.0,1.0,1.0,1.0
78.7,1.0,1.0,1.0,1.0,1.0,1.0,1.0
78.75,1.0,1.0,1.0,1.0,1.0,1.0,1.0
78.80000000000001,1.0,1.0,1.0,1.0,1.0,1.0,1.0
78.85000000000001,1.0,1.0,1.0,1.0,1.0,1.0,1.0
78.9,1.0,1.0,1.0,1.0,1.0,1.0,1.0
78.95,1.0,1.0,1.0,1.0,1.0,1.0,1.0
79.0,1.0,1.0,1.0,1.0,1.0,1.0,1.0
79.05000000000001,1.0,1.0,1.0,1.0,1.0,1.0,1.0
79.10000000000001,1.0,1.0,1.0,1.0,1.0,1.0,1.0
79.15,1.0,1.0,1.0,1.0,1.0,1.0,1.0
79.2,1.0,1.0,1.0,1.0,1.0,1.0,1.0
79.25,1.0,1.0,1.0,1.0,1.0,1.0,1.0
79.30000000000001,1.0,1.0,1.0,1.0,1.0,1.0,1.0
79.35000000000001,1.0,1.0,1.0,1.0,1.0,1.0,1.0
79.4,1.0,1.0,1.0,1.0,1.0,1.0,1.0
79.45,1.0,1.0,1.0,1.0,1.0,1.0,1.0
79.5,1.0,1.0,1.0,1.0,1.0,1.0,1.0
79.55000000000001,1.0,1.0,1.0,1.0,1.0,1.0,1.0
79.60000000000001,1.0,1.0,1.0,1.0,1.0,1.0,1.0
79.65,1.0,1.0,1.0,1.0,1.0,1.0,1.0
79.7,1.0,1.0,1.0,1.0,1.0,1.0,1.0
79.75,1.0,1.0,1.0,1.0,1.0,1.0,1.0
79.80000000000001,1.0,1.0,1.0,1.0,1.0,1.0,1.0
79.85000000000001,1.0,1.0,1.0,1.0,1.0,1.0,1.0
79.9,1.0,1.0,1.0,1.0,1.0,1.0,1.0
79.95,1.0,1.0,1.0,1.0,1.0,1.0,1.0
80.0,1.0,1.0,1.0,1.0,1.0,1.0,1.0
80.05000000000001,1.0,1.0,1.0,1.0,1.0,1.0,1.0
80.10000000000001,1.0,1.0,1.0,1.0,1.0,1.0,1.0
80.15,1.0,1.0,1.0,1.0,1.0,1.0,1.0
80.2,1.0,1.0,1.0,1.0,1.0,1.0,1.0
80.25,1.0,1.0,1.0,1.0,1.0,1.0,1.0
80.30000000000001,1.0,1.0,1.0,1.0,1.0,1.0,1.0
80.35000000000001,1.0,1.0,1.0,1.0,1.0,1.0,1.0
80.4,1.0,1.0,1.0,1.0,1.0,1.0,1.0
80.45,1.0,1.0,1.0,1.0,1.0,1.0,1.0
80.5,1.0,1.0,1.0,1.0,1.0,1.0,1.0
80.55000000000001,1.0,1.0,1.0,1.0,1.0,1.0,1.0
80.60000000000001,1.0,1.0,1.0,1.0,1.0,1.0,1.0
80.65,1.0,1.0,1.0,1.0,1.0,1.0,1.0
80.7,1.0,1.0,1.0,1.0,1.0,1.0,1.0
80.75,1.0,1.0,1.0,1.0,1.0,1.0,1.0
80.80000000000001,1.0,1.0,1.0,1.0,1.0,1.0,1.0
80.85000000000001,1.0,1.0,1.0,1.0,1.0,1.0,1.0
80.9,1.0,1.0,1.0,1.0,1.0,1.0,1.0
80.95,1.0,1.0,1.0,1.0,1.0,1.0,1.0
81.0,1.0,1.0,1.0,1.0,1.0,1.0,1.0
81.05000000000001,1.0,1.0,1.0,1.0,1.0,1.0,1.0
81.10000000000001,1.0,1.0,1.0,1.0,1.0,1.0,1.0
81.15,1.0,1.0,1.0,1.0,1.0,1.0,1.0
81.2,1.0,1.0,1.0,1.0,1.0,1.0,1.0
81.25,1.0,1.0,1.0,1.0,1.0,1.0,1.0
81.30000000000001,1.0,1.0,1.0,1.0,1.0,1.0,1.0
81.35000000000001,1.0,1.0,1.0,1.0,1.0,1.0,1.0
81.4,1.0,1.0,1.0,1.0,1.0,1.0,1.0
81.45,1.0,1.0,1.0,1.0,1.0,1.0,1.0
81.5,1.0,1.0,1.0,1.0,1.0,1.0,1.0
81.55000000000001,1.0,1.0,1.0,1.0,1.0,1.0,1.0
81.60000000000001,1.0,1.0,1.0,1.0,1.0,1.0,1.0
81.65,1.0,1.0,1.0,1.0,1.0,1.0,1.0
81.7,1.0,1.0,1.0,1.0,1.0,1.0,1.0
81.75,1.0,1.0,1.0,1.0,1.0,1.0,1.0
81.80000000000001,1.0,1.0,1.0,1.0,1.0,1.0,1.0
81.85000000000001,1.0,1.0,1.0,1.0,1.0,1.0,1.0
81.9,1.0,1.0,1.0,1.0,1.0,1.0,1.0
81.95,1.0,1.0,1.0,1.0,1.0,1.0,1.0
82.0,1.0,1.0,1.0,1.0,1.0,1.0,1.0
82.05000000000001,1.0,1.0,1.0,1.0,1.0,1.0,1.0
82.10000000000001,1.0,1.0,1.0,1.0,1.0,1.0,1.0
82.15,1.0,1.0,1.0,1.0,1.0,1.0,1.0
82.2,1.0,1.0,1.0,1.0,1.0,1.0,1.0
82.25,1.0,1.0,1.0,1.0,1.0,1.0,1.0
82.30000000000001,1.0,1.0,1.0,1.0,1.0,1.0,1.0
82.35000000000001,1.0,1.0,1.0,1.0,1.0,1.0,1.0
82.4,1.0,1.0,1.0,1.0,1.0,1.0,1.0
82.45,1.0,1.0,1.0,1.0,1.0,1.0,1.0
82.5,1.0,1.0,1.0,1.0,1.0,1.0,1.0
82.55000000000001,1.0,1.0,1.0,1.0,1.0,1.0,1.0
82.60000000000001,1.0,1.0,1.0,1.0,1.0,1.0,1.0
82.65,1.0,1.0,1.0,1.0,1.0,1.0,1.0
82.7,1.0,1.0,1.0,1.0,1.0,1.0,1.0
82.75,1.0,1.0,1.0,1.0,1.0,1.0,1.0
82.80000000000001,1.0,1.0,1.0,1.0,1.0,1.0,1.0
82.85000000000001,1.0,1.0,1.0,1.0,1.0,1.0,1.0
82.9,1.0,1.0,1.0,1.0,1.0,1.0,1.0
82.95,1.0,1.0,1.0,1.0,1.0,1.0,1.0
83.0,1.0,1.0,1.0,1.0,1.0,1.0,1.0
83.05000000000001,1.0,1.0,1.0,1.0,1.0,1.0,1.0
83.10000000000001,1.0,1.0,1.0,1.0,1.0,1.0,1.0
83.15,1.0,1.0,1.0,1.0,1.0,1.0,1.0
83.2,1.0,1.0,1.0,1.0,1.0,1.0,1.0
83.25,1.0,1.0,1.0,1.0,1.0,1.0,1.0
83.30000000000001,1.0,1.0,1.0,1.0,1.0,1.0,1.0
83.35000000000001,1.0,1.0,1.0,1.0,1.0,1.0,1.0
83.4,1.0,1.0,1.0,1.0,1.0,1.0,1.0
83.45,1.0,1.0,1.0,1.0,1.0,1.0,1.0
83.5,1.0,1.0,1.0,1.0,1.0,1.0,1.0
83.55000000000001,1.0,1.0,1.0,1.0,1.0,1.0,1.0
83.60000000000001,1.0,1.0,1.0,1.0,1.0,1.0,1.0
83.65,1.0,1.0,1.0,1.0,1.0,1.0,1.0
83.7,1.0,1.0,1.0,1.0,1.0,1.0,1.0
83.75,1.0,1.0,1.0,1.0,1.0,1.0,1.0
83.80000000000001,1.0,1.0,1.0,1.0,1.0,1.0,1.0
83.85000000000001,1.0,1.0,1.0,1.0,1.0,1.0,1.0
83.9,1.0,1.0,1.0,1.0,1.0,1.0,1.0
83.95,1.0,1.0,1.0,1.0,1.0,1.0,1.0
84.0,1.0,1.0,1.0,1.0,1.0,1.0,1.0
84.05000000000001,1.0,1.0,1.0,1.0,1.0,1.0,1.0
84.10000000000001,1.0,1.0,1.0,1.0,1.0,1.0,1.0
84.15,1.0,1.0,1.0,1.0,1.0,1.0,1.0
84.2,1.0,1.0,1.0,1.0,1.0,1.0,1.0
84.25,1.0,1.0,1.0,1.0,1.0,1.0,1.0
84.30000000000001,1.0,1.0,1.0,1.0,1.0,1.0,1.0
84.35000000000001,1.0,1.0,1.0,1.0,1.0,1.0,1.0
84.4,1.0,1.0,1.0,1.0,1.0,1.0,1.0
84.45,1.0,1.0,1.0,1.0,1.0,1.0,1.0
84.5,1.0,1.0,1.0,1.0,1.0,1.0,1.0
84.55000000000001,1.0,1.0,1.0,1.0,1.0,1.0,1.0
84.60000000000001,1.0,1.0,1.0,1.0,1.0,1.0,1.0
84.65,1.0,1.0,1.0,1.0,1.0,1.0,1.0
84.7,1.0,1.0,1.0,1.0,1.0,1.0,1.0
84.75,1.0,1.0,1.0,1.0,1.0,1.0,1.0
84.80000000000001,1.0,1.0,1.0,1.0,1.0,1.0,1.0
84.85000000000001,1.0,1.0,1.0,1.0,1.0,1.0,1.0
84.9,1.0,1.0,1.0,1.0,1.0,1.0,1.0
84.95,1.0,1.0,1.0,1.0,1.0,1.0,1.0
85.0,1.0,1.0,1.0,1.0,1.0,1.0,1.0
85.05000000000001,1.0,1.0,1.0,1.0,1.0,1.0,1.0
85.10000000000001,1.0,1.0,1.0,1.0,1.0,1.0,1.0
85.15,1.0,1.0,1.0,1.0,1.0,1.0,1.0
85.2,1.0,1.0,1.0,1.0,1.0,1.0,1.0
85.25,1.0,1.0,1.0,1.0,1.0,1.0,1.0
85.30000000000001,1.0,1.0,1.0,1.0,1.0,1.0,1.0
85.35000000000001,1.0,1.0,1.0,1.0,1.0,1.0,1.0
85.4,1.0,1.0,1.0,1.0,1.0,1.0,1.0
85.45,1.0,1.0,1.0,1.0,1.0,1.0,1.0
85.5,1.0,1.0,1.0,1.0,1.0,1.0,1.0
85.55000000000001,1.0,1.0,1.0,1.0,1.0,1.0,1.0
85.60000000000001,1.0,1.0,1.0,1.0,1.0,1.0,1.0
85.65,1.0,1.0,1.0,1.0,1.0,1.0,1.0
85.7,1.0,1.0,1.0,1.0,1.0,1.0,1.0
85.75,1.0,1.0,1.0,1.0,1.0,1.0,1.0
85.80000000000001,1.0,1.0,1.0,1.0,1.0,1.0,1.0
85.85000000000001,1.0,1.0,1.0,1.0,1.0,1.0,1.0
85.9,1.0,1.0,1.0,1.0,1.0,1.0,1.0
85.95,1.0,1.0,1.0,1.0,1.0,1.0,1.0
86.0,1.0,1.0,1.0,1.0,1.0,1.0,1.0
86.05000000000001,1.0,1.0,1.0,1.0,1.0,1.0,1.0
86.10000000000001,1.0,1.0,1.0,1.0,1.0,1.0,1.0
86.15,1.0,1.0,1.0,1.0,1.0,1.0,1.0
86.2,1.0,1.0,1.0,1.0,1.0,1.0,1.0
86.25,1.0,1.0,1.0,1.0,1.0,1.0,1.0
86.30000000000001,1.0,1.0,1.0,1.0,1.0,1.0,1.0
86.35000000000001,1.0,1.0,1.0,1.0,1.0,1.0,1.0
86.4,1.0,1.0,1.0,1.0,1.0,1.0,1.0
86.45,1.0,1.0,1.0,1.0,1.0,1.0,1.0
86.5,1.0,1.0,1.0,1.0,1.0,1.0,1.0
86.55000000000001,1.0,1.0,1.0,1.0,1.0,1.0,1.0
86.60000000000001,1.0,1.0,1.0,1.0,1.0,1.0,1.0
86.65,1.0,1.0,1.0,1.0,1.0,1.0,1.0
86.7,1.0,1.0,1.0,1.0,1.0,1.0,1.0
86.75,1.0,1.0,1.0,1.0,1.0,1.0,1.0
86.80000000000001,1.0,1.0,1.0,1.0,1.0,1.0,1.0
86.85000000000001,1.0,1.0,1.0,1.0,1.0,1.0,1.0
86.9,1.0,1.0,1.0,1.0,1.0,1.0,1.0
86.95,1.0,1.0,1.0,1.0,1.0,1.0,1.0
87.0,1.0,1.0,1.0,1.0,1.0,1.0,1.0
87.05000000000001,1.0,1.0,1.0,1.0,1.0,1.0,1.0
87.10000000000001,1.0,1.0,1.0,1.0,1.0,1.0,1.0
87.15,1.0,1.0,1.0,1.0,1.0,1.0,1.0
87.2,1.0,1.0,1.0,1.0,1.0,1.0,1.0
87.25,1.0,1.0,1.0,1.0,1.0,1.0,1.0
87.30000000000001,1.0,1.0,1.0,1.0,1.0,1.0,1.0
87.35000000000001,1.0,1.0,1.0,1.0,1.0,1.0,1.0
87.4,1.0,1.0,1.0,1.0,1.0,1.0,1.0
87.45,1.0,1.0,1.0,1.0,1.0,1.0,1.0
87.5,1.0,1.0,1.0,1.0,1.0,1.0,1.0
87.55000000000001,1.0,1.0,1.0,1.0,1.0,1.0,1.0
87.60000000000001,1.0,1.0,1.0,1.0,1.0,1.0,1.0
87.65,1.0,1.0,1.0,1.0,1.0,1.0,1.0
87.7,1.0,1.0,1.0,1.0,1.0,1.0,1.0
87.75,1.0,1.0,1.0,1.0,1.0,1.0,1.0
87.80000000000001,1.0,1.0,1.0,1.0,1.0,1.0,1.0
87.85000000000001,1.0,1.0,1.0,1.0,1.0,1.0,1.0
87.9,1.0,1.0,1.0,1.0,1.0,1.0,1.0
87.95,1.0,1.0,1.0,1.0,1.0,1.0,1.0
88.0,1.0,1.0,1.0,1.0,1.0,1.0,1.0
88.05000000000001,1.0,1.0,1.0,1.0,1.0,1.0,1.0
88.10000000000001,1.0,1.0,1.0,1.0,1.0,1.0,1.0
88.15,1.0,1.0,1.0,1.0,1.0,1.0,1.0
88.2,1.0,1.0,1.0,1.0,1.0,1.0,1.0
88.25,1.0,1.0,1.0,1.0,1.0,1.0,1.0
88.30000000000001,1.0,1.0,1.0,1.0,1.0,1.0,1.0
88.35000000000001,1.0,1.0,1.0,1.0,1.0,1.0,1.0
88.4,1.0,1.0,1.0,1.0,1.0,1.0,1.0
88.45,1.0,1.0,1.0,1.0,1.0,1.0,1.0
88.5,1.0,1.0,1.0,1.0,1.0,1.0,1.0
88.55000000000001,1.0,1.0,1.0,1.0,1.0,1.0,1.0
88.60000000000001,1.0,1.0,1.0,1.0,1.0,1.0,1.0
88.65,1.0,1.0,1.0,1.0,1.0,1.0,1.0
88.7,1.0,1.0,1.0,1.0,1.0,1.0,1.0
88.75,1.0,1.0,1.0,1.0,1.0,1.0,1.0
88.80000000000001,1.0,1.0,1.0,1.0,1.0,1.0,1.0
88.85000000000001,1.0,1.0,1.0,1.0,1.0,1.0,1.0
88.9,1.0,1.0,1.0,1.0,1.0,1.0,1.0
88.95,1.0,1.0,1.0,1.0,1.0,1.0,1.0
89.0,1.0,1.0,1.0,1.0,1.0,1.0,1.0
89.05000000000001,1.0,1.0,1.0,1.0,1.0,1.0,1.0
89.10000000000001,1.0,1.0,1.0,1.0,1.0,1.0,1.0
89.15,1.0,1.0,1.0,1.0,1.0,1.0,1.0
89.2,1.0,1.0,1.0,1.0,1.0,1.0,1.0
89.25,1.0,1.0,1.0,1.0,1.0,1.0,1.0
89.30000000000001,1.0,1.0,1.0,1.0,1.0,1.0,1.0
89.35000000000001,1.0,1.0,1.0,1.0,1.0,1.0,1.0
89.4,1.0,1.0,1.0,1.0,1.0,1.0,1.0
89.45,1.0,1.0,1.0,1.0,1.0,1.0,1.0
89.5,1.0,1.0,1.0,1.0,1.0,1.0,1.0
89.55000000000001,1.0,1.0,1.0,1.0,1.0,1.0,1.0
89.60000000000001,1.0,1.0,1.0,1.0,1.0,1.0,1.0
89.65,1.0,1.0,1.0,1.0,1.0,1.0,1.0
89.7,1.0,1.0,1.0,1.0,1.0,1.0,1.0
89.75,1.0,1.0,1.0,1.0,1.0,1.0,1.0
89.80000000000001,1.0,1.0,1.0,1.0,1.0,1.0,1.0
89.85000000000001,1.0,1.0,1.0,1.0,1.0,1.0,1.0
89.9,1.0,1.0,1.0,1.0,1.0,1.0,1.0
89.95,1.0,1.0,1.0,1.0,1.0,1.0,1.0
90.0,1.0,1.0,1.0,1.0,1.0,1.0,1.0
90.05000000000001,1.0,1.0,1.0,1.0,1.0,1.0,1.0
90.10000000000001,1.0,1.0,1.0,1.0,1.0,1.0,1.0
90.15,1.0,1.0,1.0,1.0,1.0,1.0,1.0
90.2,1.0,1.0,1.0,1.0,1.0,1.0,1.0
90.25,1.0,1.0,1.0,1.0,1.0,1.0,1.0
90.30000000000001,1.0,1.0,1.0,1.0,1.0,1.0,1.0
90.35000000000001,1.0,1.0,1.0,1.0,1.0,1.0,1.0
90.4,1.0,1.0,1.0,1.0,1.0,1.0,1.0
90.45,1.0,1.0,1.0,1.0,1.0,1.0,1.0
90.5,1.0,1.0,1.0,1.0,1.0,1.0,1.0
90.55000000000001,1.0,1.0,1.0,1.0,1.0,1.0,1.0
90.60000000000001,1.0,1.0,1.0,1.0,1.0,1.0,1.0
90.65,1.0,1.0,1.0,1.0,1.0,1.0,1.0
90.7,1.0,1.0,1.0,1.0,1.0,1.0,1.0
90.75,1.0,1.0,1.0,1.0,1.0,1.0,1.0
90.80000000000001,1.0,1.0,1.0,1.0,1.0,1.0,1.0
90.85000000000001,1.0,1.0,1.0,1.0,1.0,1.0,1.0
90.9,1.0,1.0,1.0,1.0,1.0,1.0,1.0
90.95,1.0,1.0,1.0,1.0,1.0,1.0,1.0
91.0,1.0,1.0,1.0,1.0,1.0,1.0,1.0
91.05000000000001,1.0,1.0,1.0,1.0,1.0,1.0,1.0
91.10000000000001,1.0,1.0,1.0,1.0,1.0,1.0,1.0
91.15,1.0,1.0,1.0,1.0,1.0,1.0,1.0
91.2,1.0,1.0,1.0,1.0,1.0,1.0,1.0
91.25,1.0,1.0,1.0,1.0,1.0,1.0,1.0
91.30000000000001,1.0,1.0,1.0,1.0,1.0,1.0,1.0
91.35000000000001,1.0,1.0,1.0,1.0,1.0,1.0,1.0
91.4,1.0,1.0,1.0,1.0,1.0,1.0,1.0
91.45,1.0,1.0,1.0,1.0,1.0,1.0,1.0
91.5,1.0,1.0,1.0,1.0,1.0,1.0,1.0
91.55000000000001,1.0,1.0,1.0,1.0,1.0,1.0,1.0
91.60000000000001,1.0,1.0,1.0,1.0,1.0,1.0,1.0
91.65,1.0,1.0,1.0,1.0,1.0,1.0,1.0
91.7,1.0,1.0,1.0,1.0,1.0,1.0,1.0
91.75,1.0,1.0,1.0,1.0,1.0,1.0,1.0
91.80000000000001,1.0,1.0,1.0,1.0,1.0,1.0,1.0
91.85000000000001,1.0,1.0,1.0,1.0,1.0,1.0,1.0
91.9,1.0,1.0,1.0,1.0,1.0,1.0,1.0
91.95,1.0,1.0,1.0,1.0,1.0,1.0,1.0
92.0,1.0,1.0,1.0,1.0,1.0,1.0,1.0
92.05000000000001,1.0,1.0,1.0,1.0,1.0,1.0,1.0
92.10000000000001,1.0,1.0,1.0,1.0,1.0,1.0,1.0
92.15,1.0,1.0,1.0,1.0,1.0,1.0,1.0
92.2,1.0,1.0,1.0,1.0,1.0,1.0,1.0
92.25,1.0,1.0,1.0,1.0,1.0,1.0,1.0
92.30000000000001,1.0,1.0,1.0,1.0,1.0,1.0,1.0
92.35000000000001,1.0,1.0,1.0,1.0,1.0,1.0,1.0
92.4,1.0,1.0,1.0,1.0,1.0,1.0,1.0
92.45,1.0,1.0,1.0,1.0,1.0,1.0,1.0
92.5,1.0,1.0,1.0,1.0,1.0,1.0,1.0
92.55000000000001,1.0,1.0,1.0,1.0,1.0,1.0,1.0
92.60000000000001,1.0,1.0,1.0,1.0,1.0,1.0,1.0
92.65,1.0,1.0,1.0,1.0,1.0,1.0,1.0
92.7,1.0,1.0,1.0,1.0,1.0,1.0,1.0
92.75,1.0,1.0,1.0,1.0,1.0,1.0,1.0
92.80000000000001,1.0,1.0,1.0,1.0,1.0,1.0,1.0
92.85000000000001,1.0,1.0,1.0,1.0,1.0,1.0,1.0
92.9,1.0,1.0,1.0,1.0,1.0,1.0,1.0
92.95,1.0,1.0,1.0,1.0,1.0,1.0,1.0
93.0,1.0,1.0,1.0,1.0,1.0,1.0,1.0
93.05000000000001,1.0,1.0,1.0,1.0,1.0,1.0,1.0
93.10000000000001,1.0,1.0,1.0,1.0,1.0,1.0,1.0
93.15,1.0,1.0,1.0,1.0,1.0,1.0,1.0
93.2,1.0,1.0,1.0,1.0,1.0,1.0,1.0
93.25,1.0,1.0,1.0,1.0,1.0,1.0,1.0
93.30000000000001,1.0,1.0,1.0,1.0,1.0,1.0,1.0
93.35000000000001,1.0,1.0,1.0,1.0,1.0,1.0,1.0
93.4,1.0,1.0,1.0,1.0,1.0,1.0,1.0
93.45,1.0,1.0,1.0,1.0,1.0,1.0,1.0
93.5,1.0,1.0,1.0,1.0,1.0,1.0,1.0
93.55000000000001,1.0,1.0,1.0,1.0,1.0,1.0,1.0
93.60000000000001,1.0,1.0,1.0,1.0,1.0,1.0,1.0
93.65,1.0,1.0,1.0,1.0,1.0,1.0,1.0
93.7,1.0,1.0,1.0,1.0,1.0,1.0,1.0
93.75,1.0,1.0,1.0,1.0,1.0,1.0,1.0
93.80000000000001,1.0,1.0,1.0,1.0,1.0,1.0,1.0
93.85000000000001,1.0,1.0,1.0,1.0,1.0,1.0,1.0
93.9,1.0,1.0,1.0,1.0,1.0,1.0,1.0
93.95,1.0,1.0,1.0,1.0,1.0,1.0,1.0
94.0,1.0,1.0,1.0,1.0,1.0,1.0,1.0
94.05000000000001,1.0,1.0,1.0,1.0,1.0,1.0,1.0
94.10000000000001,1.0,1.0,1.0,1.0,1.0,1.0,1.0
94.15,1.0,1.0,1.0,1.0,1.0,1.0,1.0
94.2,1.0,1.0,1.0,1.0,1.0,1.0,1.0
94.25,1.0,1.0,1.0,1.0,1.0,1.0,1.0
94.30000000000001,1.0,1.0,1.0,1.0,1.0,1.0,1.0
94.35000000000001,1.0,1.0,1.0,1.0,1.0,1.0,1.0
94.4,1.0,1.0,1.0,1.0,1.0,1.0,1.0
94.45,1.0,1.0,1.0,1.0,1.0,1.0,1.0
94.5,1.0,1.0,1.0,1.0,1.0,1.0,1.0
94.55000000000001,1.0,1.0,1.0,1.0,1.0,1.0,1.0
94.60000000000001,1.0,1.0,1.0,1.0,1.0,1.0,1.0
94.65,1.0,1.0,1.0,1.0,1.0,1.0,1.0
94.7,1.0,1.0,1.0,1.0,1.0,1.0,1.0
94.75,1.0,1.0,1.0,1.0,1.0,1.0,1.0
94.80000000000001,1.0,1.0,1.0,1.0,1.0,1.0,1.0
94.85000000000001,1.0,1.0,1.0,1.0,1.0,1.0,1.0
94.9,1.0,1.0,1.0,1.0,1.0,1.0,1.0
94.95,1.0,1.0,1.0,1.0,1.0,1.0,1.0
95.0,1.0,1.0,1.0,1.0,1.0,1.0,1.0
95.05000000000001,1.0,1.0,1.0,1.0,1.0,1.0,1.0
95.10000000000001,1.0,1.0,1.0,1.0,1.0,1.0,1.0
95.15,1.0,1.0,1.0,1.0,1.0,1.0,1.0
95.2,1.0,1.0,1.0,1.0,1.0,1.0,1.0
95.25,1.0,1.0,1.0,1.0,1.0,1.0,1.0
95.30000000000001,1.0,1.0,1.0,1.0,1.0,1.0,1.0
95.35000000000001,1.0,1.0,1.0,1.0,1.0,1.0,1.0
95.4,1.0,1.0,1.0,1.0,1.0,1.0,1.0
95.45,1.0,1.0,1.0,1.0,1.0,1.0,1.0
95.5,1.0,1.0,1.0,1.0,1.0,1.0,1.0
95.55000000000001,1.0,1.0,1.0,1.0,1.0,1.0,1.0
95.60000000000001,1.0,1.0,1.0,1.0,1.0,1.0,1.0
95.65,1.0,1.0,1.0,1.0,1.0,1.0,1.0
95.7,1.0,1.0,1.0,1.0,1.0,1.0,1.0
95.75,1.0,1.0,1.0,1.0,1.0,1.0,1.0
95.80000000000001,1.0,1.0,1.0,1.0,1.0,1.0,1.0
95.85000000000001,1.0,1.0,1.0,1.0,1.0,1.0,1.0
95.9,1.0,1.0,1.0,1.0,1.0,1.0,1.0
95.95,1.0,1.0,1.0,1.0,1.0,1.0,1.0
96.0,1.0,1.0,1.0,1.0,1.0,1.0,1.0
96.05000000000001,1.0,1.0,1.0,1.0,1.0,1.0,1.0
96.10000000000001,1.0,1.0,1.0,1.0,1.0,1.0,1.0
96.15,1.0,1.0,1.0,1.0,1.0,1.0,1.0
96.2,1.0,1.0,1.0,1.0,1.0,1.0,1.0
96.25,1.0,1.0,1.0,1.0,1.0,1.0,1.0
96.30000000000001,1.0,1.0,1.0,1.0,1.0,1.0,1.0
96.35000000000001,1.0,1.0,1.0,1.0,1.0,1.0,1.0
96.4,1.0,1.0,1.0,1.0,1.0,1.0,1.0
96.45,1.0,1.0,1.0,1.0,1.0,1.0,1.0
96.5,1.0,1.0,1.0,1.0,1.0,1.0,1.0
96.55000000000001,1.0,1.0,1.0,1.0,1.0,1.0,1.0
96.60000000000001,1.0,1.0,1.0,1.0,1.0,1.0,1.0
96.65,1.0,1.0,1.0,1.0,1.0,1.0,1.0
96.7,1.0,1.0,1.0,1.0,1.0,1.0,1.0
96.75,1.0,1.0,1.0,1.0,1.0,1.0,1.0
96.80000000000001,1.0,1.0,1.0,1.0,1.0,1.0,1.0
96.85000000000001,1.0,1.0,1.0,1.0,1.0,1.0,1.0
96.9,1.0,1.0,1.0,1.0,1.0,1.0,1.0
96.95,1.0,1.0,1.0,1.0,1.0,1.0,1.0
97.0,1.0,1.0,1.0,1.0,1.0,1.0,1.0
97.05000000000001,1.0,1.0,1.0,1.0,1.0,1.0,1.0
97.10000000000001,1.0,1.0,1.0,1.0,1.0,1.0,1.0
97.15,1.0,1.0,1.0,1.0,1.0,1.0,1.0
97.2,1.0,1.0,1.0,1.0,1.0,1.0,1.0
97.25,1.0,1.0,1.0,1.0,1.0,1.0,1.0
97.30000000000001,1.0,1.0,1.0,1.0,1.0,1.0,1.0
97.35000000000001,1.0,1.0,1.0,1.0,1.0,1.0,1.0
97.4,1.0,1.0,1.0,1.0,1.0,1.0,1.0
97.45,1.0,1.0,1.0,1.0,1.0,1.0,1.0
97.5,1.0,1.0,1.0,1.0,1.0,1.0,1.0
97.55000000000001,1.0,1.0,1.0,1.0,1.0,1.0,1.0
97.60000000000001,1.0,1.0,1.0,1.0,1.0,1.0,1.0
97.65,1.0,1.0,1.0,1.0,1.0,1.0,1.0
97.7,1.0,1.0,1.0,1.0,1.0,1.0,1.0
97.75,1.0,1.0,1.0,1.0,1.0,1.0,1.0
97.80000000000001,1.0,1.0,1.0,1.0,1.0,1.0,1.0
97.85000000000001,1.0,1.0,1.0,1.0,1.0,1.0,1.0
97.9,1.0,1.0,1.0,1.0,1.0,1.0,1.0
97.95,1.0,1.0,1.0,1.0,1.0,1.0,1.0
98.0,1.0,1.0,1.0,1.0,1.0,1.0,1.0
98.05000000000001,1.0,1.0,1.0,1.0,1.0,1.0,1.0
98.10000000000001,1.0,1.0,1.0,1.0,1.0,1.0,1.0
98.15,1.0,1.0,1.0,1.0,1.0,1.0,1.0
98.2,1.0,1.0,1.0,1.0,1.0,1.0,1.0
98.25,1.0,1.0,1.0,1.0,1.0,1.0,1.0
98.30000000000001,1.0,1.0,1.0,1.0,1.0,1.0,1.0
98.35000000000001,1.0,1.0,1.0,1.0,1.0,1.0,1.0
98.4,1.0,1.0,1.0,1.0,1.0,1.0,1.0
98.45,1.0,1.0,1.0,1.0,1.0,1.0,1.0
98.5,1.0,1.0,1.0,1.0,1.0,1.0,1.0
98.55000000000001,1.0,1.0,1.0,1.0,1.0,1.0,1.0
98.60000000000001,1.0,1.0,1.0,1.0,1.0,1.0,1.0
98.65,1.0,1.0,1.0,1.0,1.0,1.0,1.0
98.7,1.0,1.0,1.0,1.0,1.0,1.0,1.0
98.75,1.0,1.0,1.0,1.0,1.0,1.0,1.0
98.80000000000001,1.0,1.0,1.0,1.0,1.0,1.0,1.0
98.85000000000001,1.0,1.0,1.0,1.0,1.0,1.0,1.0
98.9,1.0,1.0,1.0,1.0,1.0,1.0,1.0
98.95,1.0,1.0,1.0,1.0,1.0,1.0,1.0
99.0,1.0,1.0,1.0,1.0,1.0,1.0,1.0
99.05000000000001,1.0,1.0,1.0,1.0,1.0,1.0,1.0
99.10000000000001,1.0,1.0,1.0,1.0,1.0,1.0,1.0
99.15,1.0,1.0,1.0,1.0,1.0,1.0,1.0
99.2,1.0,1.0,1.0,1.0,1.0,1.0,1.0
99.25,1.0,1.0,1.0,1.0,1.0,1.0,1.0
99.30000000000001,1.0,1.0,1.0,1.0,1.0,1.0,1.0
99.35000000000001,1.0,1.0,1.0,1.0,1.0,1.0,1.0
99.4,1.0,1.0,1.0,1.0,1.0,1.0,1.0
99.45,1.0,1.0,1.0,1.0,1.0,1.0,1.0
99.5,1.0,1.0,1.0,1.0,1.0,1.0,1.0
99.55000000000001,1.0,1.0,1.0,1.0,1.0,1.0,1.0
99.60000000000001,1.0,1.0,1.0,1.0,1.0,1.0,1.0
99.65,1.0,1.0,1.0,1.0,1.0,1.0,1.0
99.7,1.0,1.0,1.0,1.0,1.0,1.0,1.0
99.75,1.0,1.0,1.0,1.0,1.0,1.0,1.0
99.80000000000001,1.0,1.0,1.0,1.0,1.0,1.0,1.0
99.85000000000001,1.0,1.0,1.0,1.0,1.0,1.0,1.0
99.9,1.0,1.0,1.0,1.0,1.0,1.0,1.0
99.95,1.0,1.0,1.0,1.0,1.0,1.0,1.0
100.0,1.0,1.0,1.0,1.0,1.0,1.0,1.0
100.05000000000001,1.0,1.0,1.0,1.0,1.0,1.0,1.0
100.10000000000001,1.0,1.0,1.0,1.0,1.0,1.0,1.0
100.15,1.0,1.0,1.0,1.0,1.0,1.0,1.0
100.2,1.0,1.0,1.0,1.0,1.0,1.0,1.0
100.25,1.0,1.0,1.0,1.0,1.0,1.0,1.0
100.30000000000001,1.0,1.0,1.0,1.0,1.0,1.0,1.0
100.35000000000001,1.0,1.0,1.0,1.0,1.0,1.0,1.0
100.4,1.0,1.0,1.0,1.0,1.0,1.0,1.0
100.45,1.0,1.0,1.0,1.0,1.0,1.0,1.0
100.5,1.0,1.0,1.0,1.0,1.0,1.0,1.0
100.55000000000001,1.0,1.0,1.0,1.0,1.0,1.0,1.0
100.60000000000001,1.0,1.0,1.0,1.0,1.0,1.0,1.0
100.65,1.0,1.0,1.0,1.0,1.0,1.0,1.0
100.7,1.0,1.0,1.0,1.0,1.0,1.0,1.0
100.75,1.0,1.0,1.0,1.0,1.0,1.0,1.0
100.80000000000001,1.0,1.0,1.0,1.0,1.0,1.0,1.0
100.85000000000001,1.0,1.0,1.0,1.0,1.0,1.0,1.0
100.9,1.0,1.0,1.0,1.0,1.0,1.0,1.0
100.95,1.0,1.0,1.0,1.0,1.0,1.0,1.0
101.0,1.0,1.0,1.0,1.0,1.0,1.0,1.0
101.05000000000001,1.0,1.0,1.0,1.0,1.0,1.0,1.0
101.10000000000001,1.0,1.0,1.0,1.0,1.0,1.0,1.0
101.15,1.0,1.0,1.0,1.0,1.0,1.0,1.0
101.2,1.0,1.0,1.0,1.0,1.0,1.0,1.0
101.25,1.0,1.0,1.0,1.0,1.0,1.0,1.0
101.30000000000001,1.0,1.0,1.0,1.0,1.0,1.0,1.0
101.35000000000001,1.0,1.0,1.0,1.0,1.0,1.0,1.0
101.4,1.0,1.0,1.0,1.0,1.0,1.0,1.0
101.45,1.0,1.0,1.0,1.0,1.0,1.0,1.0
101.5,1.0,1.0,1.0,1.0,1.0,1.0,1.0
101.55000000000001,1.0,1.0,1.0,1.0,1.0,1.0,1.0
101.60000000000001,1.0,1.0,1.0,1.0,1.0,1.0,1.0
101.65,1.0,1.0,1.0,1.0,1.0,1.0,1.0
101.7,1.0,1.0,1.0,1.0,1.0,1.0,1.0
101.75,1.0,1.0,1.0,1.0,1.0,1.0,1.0
101.80000000000001,1.0,1.0,1.0,1.0,1.0,1.0,1.0
101.85000000000001,1.0,1.0,1.0,1.0,1.0,1.0,1.0
101.9,1.0,1.0,1.0,1.0,1.0,1.0,1.0
101.95,1.0,1.0,1.0,1.0,1.0,1.0,1.0
102.0,1.0,1.0,1.0,1.0,1.0,1.0,1.0
102.05000000000001,1.0,1.0,1.0,1.0,1.0,1.0,1.0
102.10000000000001,1.0,1.0,1.0,1.0,1.0,1.0,1.0
102.15,1.0,1.0,1.0,1.0,1.0,1.0,1.0
102.2,1.0,1.0,1.0,1.0,1.0,1.0,1.0
102.25,1.0,1.0,1.0,1.0,1.0,1.0,1.0
102.30000000000001,1.0,1.0,1.0,1.0,1.0,1.0,1.0
102.35000000000001,1.0,1.0,1.0,1.0,1.0,1.0,1.0
102.4,1.0,1.0,1.0,1.0,1.0,1.0,1.0
102.45,1.0,1.0,1.0,1.0,1.0,1.0,1.0
102.5,1.0,1.0,1.0,1.0,1.0,1.0,1.0
102.55000000000001,1.0,1.0,1.0,1.0,1.0,1.0,1.0
102.60000000000001,1.0,1.0,1.0,1.0,1.0,1.0,1.0
102.65,1.0,1.0,1.0,1.0,1.0,1.0,1.0
102.7,1.0,1.0,1.0,1.0,1.0,1.0,1.0
102.75,1.0,1.0,1.0,1.0,1.0,1.0,1.0
102.80000000000001,1.0,1.0,1.0,1.0,1.0,1.0,1.0
102.85000000000001,1.0,1.0,1.0,1.0,1.0,1.0,1.0
102.9,1.0,1.0,1.0,1.0,1.0,1.0,1.0
102.95,1.0,1.0,1.0,1.0,1.0,1.0,1.0
103.0,1.0,1.0,1.0,1.0,1.0,1.0,1.0
103.05000000000001,1.0,1.0,1.0,1.0,1.0,1.0,1.0
103.10000000000001,1.0,1.0,1.0,1.0,1.0,1.0,1.0
103.15,1.0,1.0,1.0,1.0,1.0,1.0,1.0
103.2,1.0,1.0,1.0,1.0,1.0,1.0,1.0
103.25,1.0,1.0,1.0,1.0,1.0,1.0,1.0
103.30000000000001,1.0,1.0,1.0,1.0,1.0,1.0,1.0
103.35000000000001,1.0,1.0,1.0,1.0,1.0,1.0,1.0
103.4,1.0,1.0,1.0,1.0,1.0,1.0,1.0
103.45,1.0,1.0,1.0,1.0,1.0,1.0,1.0
103.5,1.0,1.0,1.0,1.0,1.0,1.0,1.0
103.55000000000001,1.0,1.0,1.0,1.0,1.0,1.0,1.0
103.60000000000001,1.0,1.0,1.0,1.0,1.0,1.0,1.0
103.65,1.0,1.0,1.0,1.0,1.0,1.0,1.0
103.7,1.0,1.0,1.0,1.0,1.0,1.0,1.0
103.75,1.0,1.0,1.0,1.0,1.0,1.0,1.0
103.80000000000001,1.0,1.0,1.0,1.0,1.0,1.0,1.0
103.85000000000001,1.0,1.0,1.0,1.0,1.0,1.0,1.0
103.9,1.0,1.0,1.0,1.0,1.0,1.0,1.0
103.95,1.0,1.0,1.0,1.0,1.0,1.0,1.0
104.0,1.0,1.0,1.0,1.0,1.0,1.0,1.0
104.05000000000001,1.0,1.0,1.0,1.0,1.0,1.0,1.0
104.10000000000001,1.0,1.0,1.0,1.0,1.0,1.0,1.0
104.15,1.0,1.0,1.0,1.0,1.0,1.0,1.0
104.2,1.0,1.0,1.0,1.0,1.0,1.0,1.0
104.25,1.0,1.0,1.0,1.0,1.0,1.0,1.0
104.30000000000001,1.0,1.0,1.0,1.0,1.0,1.0,1.0
104.35000000000001,1.0,1.0,1.0,1.0,1.0,1.0,1.0
104.4,1.0,1.0,1.0,1.0,1.0,1.0,1.0
104.45,1.0,1.0,1.0,1.0,1.0,1.0,1.0
104.5,1.0,1.0,1.0,1.0,1.0,1.0,1.0
104.55000000000001,1.0,1.0,1.0,1.0,1.0,1.0,1.0
104.60000000000001,1.0,1.0,1.0,1.0,1.0,1.0,1.0
104.65,1.0,1.0,1.0,1.0,1.0,1.0,1.0
104.7,1.0,1.0,1.0,1.0,1.0,1.0,1.0
104.75,1.0,1.0,1.0,1.0,1.0,1.0,1.0
104.80000000000001,1.0,1.0,1.0,1.0,1.0,1.0,1.0
104.85000000000001,1.0,1.0,1.0,1.0,1.0,1.0,1.0
104.9,1.0,1.0,1.0,1.0,1.0,1.0,1.0
104.95,1.0,1.0,1.0,1.0,1.0,1.0,1.0
105.0,1.0,1.0,1.0,1.0,1.0,1.0,1.0
105.05000000000001,1.0,1.0,1.0,1.0,1.0,1.0,1.0
105.10000000000001,1.0,1.0,1.0,1.0,1.0,1.0,1.0
105.15,1.0,1.0,1.0,1.0,1.0,1.0,1.0
105.2,1.0,1.0,1.0,1.0,1.0,1.0,1.0
105.25,1.0,1.0,1.0,1.0,1.0,1.0,1.0
105.30000000000001,1.0,1.0,1.0,1.0,1.0,1.0,1.0
105.35000000000001,1.0,1.0,1.0,1.0,1.0,1.0,1.0
105.4,1.0,1.0,1.0,1.0,1.0,1.0,1.0
105.45,1.0,1.0,1.0,1.0,1.0,1.0,1.0
105.5,1.0,1.0,1.0,1.0,1.0,1.0,1.0
105.55000000000001,1.0,1.0,1.0,1.0,1.0,1.0,1.0
105.60000000000001,1.0,1.0,1.0,1.0,1.0,1.0,1.0
105.65,1.0,1.0,1.0,1.0,1.0,1.0,1.0
105.7,1.0,1.0,1.0,1.0,1.0,1.0,1.0
105.75,1.0,1.0,1.0,1.0,1.0,1.0,1.0
105.80000000000001,1.0,1.0,1.0,1.0,1.0,1.0,1.0
105.85000000000001,1.0,1.0,1.0,1.0,1.0,1.0,1.0
105.9,1.0,1.0,1.0,1.0,1.0,1.0,1.0
105.95,1.0,1.0,1.0,1.0,1.0,1.0,1.0
106.0,1.0,1.0,1.0,1.0,1.0,1.0,1.0
106.05000000000001,1.0,1.0,1.0,1.0,1.0,1.0,1.0
106.10000000000001,1.0,1.0,1.0,1.0,1.0,1.0,1.0
106.15,1.0,1.0,1.0,1.0,1.0,1.0,1.0
106.2,1.0,1.0,1.0,1.0,1.0,1.0,1.0
106.25,1.0,1.0,1.0,1.0,1.0,1.0,1.0
106.30000000000001,1.0,1.0,1.0,1.0,1.0,1.0,1.0
106.35000000000001,1.0,1.0,1.0,1.0,1.0,1.0,1.0
106.4,1.0,1.0,1.0,1.0,1.0,1.0,1.0
106.45,1.0,1.0,1.0,1.0,1.0,1.0,1.0
106.5,1.0,1.0,1.0,1.0,1.0,1.0,1.0
106.55000000000001,1.0,1.0,1.0,1.0,1.0,1.0,1.0
106.60000000000001,1.0,1.0,1.0,1.0,1.0,1.0,1.0
106.65,1.0,1.0,1.0,1.0,1.0,1.0,1.0
106.7,1.0,1.0,1.0,1.0,1.0,1.0,1.0
106.75,1.0,1.0,1.0,1.0,1.0,1.0,1.0
106.80000000000001,1.0,1.0,1.0,1.0,1.0,1.0,1.0
106.85000000000001,1.0,1.0,1.0,1.0,1.0,1.0,1.0
106.9,1.0,1.0,1.0,1.0,1.0,1.0,1.0
106.95,1.0,1.0,1.0,1.0,1.0,1.0,1.0
107.0,1.0,1.0,1.0,1.0,1.0,1.0,1.0
107.05000000000001,1.0,1.0,1.0,1.0,1.0,1.0,1.0
107.10000000000001,1.0,1.0,1.0,1.0,1.0,1.0,1.0
107.15,1.0,1.0,1.0,1.0,1.0,1.0,1.0
107.2,1.0,1.0,1.0,1.0,1.0,1.0,1.0
107.25,1.0,1.0,1.0,1.0,1.0,1.0,1.0
107.30000000000001,1.0,1.0,1.0,1.0,1.0,1.0,1.0
107.35000000000001,1.0,1.0,1.0,1.0,1.0,1.0,1.0
107.4,1.0,1.0,1.0,1.0,1.0,1.0,1.0
107.45,1.0,1.0,1.0,1.0,1.0,1.0,1.0
107.5,1.0,1.0,1.0,1.0,1.0,1.0,1.0
107.55000000000001,1.0,1.0,1.0,1.0,1.0,1.0,1.0
107.60000000000001,1.0,1.0,1.0,1.0,1.0,1.0,1.0
107.65,1.0,1.0,1.0,1.0,1.0,1.0,1.0
107.7,1.0,1.0,1.0,1.0,1.0,1.0,1.0
107.75,1.0,1.0,1.0,1.0,1.0,1.0,1.0
107.80000000000001,1.0,1.0,1.0,1.0,1.0,1.0,1.0
107.85000000000001,1.0,1.0,1.0,1.0,1.0,1.0,1.0
107.9,1.0,1.0,1.0,1.0,1.0,1.0,1.0
107.95,1.0,1.0,1.0,1.0,1.0,1.0,1.0
108.0,1.0,1.0,1.0,1.0,1.0,1.0,1.0
108.05000000000001,1.0,1.0,1.0,1.0,1.0,1.0,1.0
108.10000000000001,1.0,1.0,1.0,1.0,1.0,1.0,1.0
108.15,1.0,1.0,1.0,1.0,1.0,1.0,1.0
108.2,1.0,1.0,1.0,1.0,1.0,1.0,1.0
108.25,1.0,1.0,1.0,1.0,1.0,1.0,1.0
108.30000000000001,1.0,1.0,1.0,1.0,1.0,1.0,1.0
108.35000000000001,1.0,1.0,1.0,1.0,1.0,1.0,1.0
108.4,1.0,1.0,1.0,1.0,1.0,1.0,1.0
108.45,1.0,1.0,1.0,1.0,1.0,1.0,1.0
108.5,1.0,1.0,1.0,1.0,1.0,1.0,1.0
108.55000000000001,1.0,1.0,1.0,1.0,1.0,1.0,1.0
108.60000000000001,1.0,1.0,1.0,1.0,1.0,1.0,1.0
108.65,1.0,1.0,1.0,1.0,1.0,1.0,1.0
108.7,1.0,1.0,1.0,1.0,1.0,1.0,1.0
108.75,1.0,1.0,1.0,1.0,1.0,1.0,1.0
108.80000000000001,1.0,1.0,1.0,1.0,1.0,1.0,1.0
108.85000000000001,1.0,1.0,1.0,1.0,1.0,1.0,1.0
108.9,1.0,1.0,1.0,1.0,1.0,1.0,1.0
108.95,1.0,1.0,1.0,1.0,1.0,1.0,1.0
109.0,1.0,1.0,1.0,1.0,1.0,1.0,1.0
109.05000000000001,1.0,1.0,1.0,1.0,1.0,1.0,1.0
109.10000000000001,1.0,1.0,1.0,1.0,1.0,1.0,1.0
109.15,1.0,1.0,1.0,1.0,1.0,1.0,1.0
109.2,1.0,1.0,1.0,1.0,1.0,1.0,1.0
109.25,1.0,1.0,1.0,1.0,1.0,1.0,1.0
109.30000000000001,1.0,1.0,1.0,1.0,1.0,1.0,1.0
109.35000000000001,1.0,1.0,1.0,1.0,1.0,1.0,1.0
109.4,1.0,1.0,1.0,1.0,1.0,1.0,1.0
109.45,1.0,1.0,1.0,1.0,1.0,1.0,1.0
109.5,1.0,1.0,1.0,1.0,1.0,1.0,1.0
109.55000000000001,1.0,1.0,1.0,1.0,1.0,1.0,1.0
109.60000000000001,1.0,1.0,1.0,1.0,1.0,1.0,1.0
109.65,1.0,1.0,1.0,1.0,1.0,1.0,1.0
109.7,1.0,1.0,1.0,1.0,1.0,1.0,1.0
109.75,1.0,1.0,1.0,1.0,1.0,1.0,1.0
109.80000000000001,1.0,1.0,1.0,1.0,1.0,1.0,1.0
109.85000000000001,1.0,1.0,1.0,1.0,1.0,1.0,1.0
109.9,1.0,1.0,1.0,1.0,1.0,1.0,1.0
109.95,1.0,1.0,1.0,1.0,1.0,1.0,1.0
110.0,1.0,1.0,1.0,1.0,1.0,1.0,1.0
110.05000000000001,1.0,1.0,1.0,1.0,1.0,1.0,1.0
110.10000000000001,1.0,1.0,1.0,1.0,1.0,1.0,1.0
110.15,1.0,1.0,1.0,1.0,1.0,1.0,1.0
110.2,1.0,1.0,1.0,1.0,1.0,1.0,1.0
110.25,1.0,1.0,1.0,1.0,1.0,1.0,1.0
110.30000000000001,1.0,1.0,1.0,1.0,1.0,1.0,1.0
110.35000000000001,1.0,1.0,1.0,1.0,1.0,1.0,1.0
110.4,1.0,1.0,1.0,1.0,1.0,1.0,1.0
110.45,1.0,1.0,1.0,1.0,1.0,1.0,1.0
110.5,1.0,1.0,1.0,1.0,1.0,1.0,1.0
110.55000000000001,1.0,1.0,1.0,1.0,1.0,1.0,1.0
110.60000000000001,1.0,1.0,1.0,1.0,1.0,1.0,1.0
110.65,1.0,1.0,1.0,1.0,1.0,1.0,1.0
110.7,1.0,1.0,1.0,1.0,1.0,1.0,1.0
110.75,1.0,1.0,1.0,1.0,1.0,1.0,1.0
110.80000000000001,1.0,1.0,1.0,1.0,1.0,1.0,1.0
110.85000000000001,1.0,1.0,1.0,1.0,1.0,1.0,1.0
110.9,1.0,1.0,1.0,1.0,1.0,1.0,1.0
110.95,1.0,1.0,1.0,1.0,1.0,1.0,1.0
111.0,1.0,1.0,1.0,1.0,1.0,1.0,1.0
111.05000000000001,1.0,1.0,1.0,1.0,1.0,1.0,1.0
111.10000000000001,1.0,1.0,1.0,1.0,1.0,1.0,1.0
111.15,1.0,1.0,1.0,1.0,1.0,1.0,1.0
111.2,1.0,1.0,1.0,1.0,1.0,1.0,1.0
111.25,1.0,1.0,1.0,1.0,1.0,1.0,1.0
111.30000000000001,1.0,1.0,1.0,1.0,1.0,1.0,1.0
111.35000000000001,1.0,1.0,1.0,1.0,1.0,1.0,1.0
111.4,1.0,1.0,1.0,1.0,1.0,1.0,1.0
111.45,1.0,1.0,1.0,1.0,1.0,1.0,1.0
111.5,1.0,1.0,1.0,1.0,1.0,1.0,1.0
111.55000000000001,1.0,1.0,1.0,1.0,1.0,1.0,1.0
111.60000000000001,1.0,1.0,1.0,1.0,1.0,1.0,1.0
111.65,1.0,1.0,1.0,1.0,1.0,1.0,1.0
111.7,1.0,1.0,1.0,1.0,1.0,1.0,1.0
111.75,1.0,1.0,1.0,1.0,1.0,1.0,1.0
111.80000000000001,1.0,1.0,1.0,1.0,1.0,1.0,1.0
111.85000000000001,1.0,1.0,1.0,1.0,1.0,1.0,1.0
111.9,1.0,1.0,1.0,1.0,1.0,1.0,1.0
111.95,1.0,1.0,1.0,1.0,1.0,1.0,1.0
112.0,1.0,1.0,1.0,1.0,1.0,1.0,1.0
112.05000000000001,1.0,1.0,1.0,1.0,1.0,1.0,1.0
112.10000000000001,1.0,1.0,1.0,1.0,1.0,1.0,1.0
112.15,1.0,1.0,1.0,1.0,1.0,1.0,1.0
112.2,1.0,1.0,1.0,1.0,1.0,1.0,1.0
112.25,1.0,1.0,1.0,1.0,1.0,1.0,1.0
112.30000000000001,1.0,1.0,1.0,1.0,1.0,1.0,1.0
112.35000000000001,1.0,1.0,1.0,1.0,1.0,1.0,1.0
112.4,1.0,1.0,1.0,1.0,1.0,1.0,1.0
112.45,1.0,1.0,1.0,1.0,1.0,1.0,1.0
112.5,1.0,1.0,1.0,1.0,1.0,1.0,1.0
112.55000000000001,1.0,1.0,1.0,1.0,1.0,1.0,1.0
112.60000000000001,1.0,1.0,1.0,1.0,1.0,1.0,1.0
112.65,1.0,1.0,1.0,1.0,1.0,1.0,1.0
112.7,1.0,1.0,1.0,1.0,1.0,1.0,1.0
112.75,1.0,1.0,1.0,1.0,1.0,1.0,1.0
112.80000000000001,1.0,1.0,1.0,1.0,1.0,1.0,1.0
112.85000000000001,1.0,1.0,1.0,1.0,1.0,1.0,1.0
112.9,1.0,1.0,1.0,1.0,1.0,1.0,1.0
112.95,1.0,1.0,1.0,1.0,1.0,1.0,1.0
113.0,1.0,1.0,1.0,1.0,1.0,1.0,1.0
113.05000000000001,1.0,1.0,1.0,1.0,1.0,1.0,1.0
113.10000000000001,1.0,1.0,1.0,1.0,1.0,1.0,1.0
113.15,1.0,1.0,1.0,1.0,1.0,1.0,1.0
113.2,1.0,1.0,1.0,1.0,1.0,1.0,1.0
113.25,1.0,1.0,1.0,1.0,1.0,1.0,1.0
113.30000000000001,1.0,1.0,1.0,1.0,1.0,1.0,1.0
113.35000000000001,1.0,1.0,1.0,1.0,1.0,1.0,1.0
113.4,1.0,1.0,1.0,1.0,1.0,1.0,1.0
113.45,1.0,1.0,1.0,1.0,1.0,1.0,1.0
113.5,1.0,1.0,1.0,1.0,1.0,1.0,1.0
113.55000000000001,1.0,1.0,1.0,1.0,1.0,1.0,1.0
113.60000000000001,1.0,1.0,1.0,1.0,1.0,1.0,1.0
113.65,1.0,1.0,1.0,1.0,1.0,1.0,1.0
113.7,1.0,1.0,1.0,1.0,1.0,1.0,1.0
113.75,1.0,1.0,1.0,1.0,1.0,1.0,1.0
113.80000000000001,1.0,1.0,1.0,1.0,1.0,1.0,1.0
113.85000000000001,1.0,1.0,1.0,1.0,1.0,1.0,1.0
113.9,1.0,1.0,1.0,1.0,1.0,1.0,1.0
113.95,1.0,1.0,1.0,1.0,1.0,1.0,1.0
114.0,1.0,1.0,1.0,1.0,1.0,1.0,1.0
114.05000000000001,1.0,1.0,1.0,1.0,1.0,1.0,1.0
114.10000000000001,1.0,1.0,1.0,1.0,1.0,1.0,1.0
114.15,1.0,1.0,1.0,1.0,1.0,1.0,1.0
114.2,1.0,1.0,1.0,1.0,1.0,1.0,1.0
114.25,1.0,1.0,1.0,1.0,1.0,1.0,1.0
114.30000000000001,1.0,1.0,1.0,1.0,1.0,1.0,1.0
114.35000000000001,1.0,1.0,1.0,1.0,1.0,1.0,1.0
114.4,1.0,1.0,1.0,1.0,1.0,1.0,1.0
114.45,1.0,1.0,1.0,1.0,1.0,1.0,1.0
114.5,1.0,1.0,1.0,1.0,1.0,1.0,1.0
114.55000000000001,1.0,1.0,1.0,1.0,1.0,1.0,1.0
114.60000000000001,1.0,1.0,1.0,1.0,1.0,1.0,1.0
114.65,1.0,1.0,1.0,1.0,1.0,1.0,1.0
114.7,1.0,1.0,1.0,1.0,1.0,1.0,1.0
114.75,1.0,1.0,1.0,1.0,1.0,1.0,1.0
114.80000000000001,1.0,1.0,1.0,1.0,1.0,1.0,1.0
114.85000000000001,1.0,1.0,1.0,1.0,1.0,1.0,1.0
114.9,1.0,1.0,1.0,1.0,1.0,1.0,1.0
114.95,1.0,1.0,1.0,1.0,1.0,1.0,1.0
115.0,1.0,1.0,1.0,1.0,1.0,1.0,1.0
115.05000000000001,1.0,1.0,1.0,1.0,1.0,1.0,1.0
115.10000000000001,1.0,1.0,1.0,1.0,1.0,1.0,1.0
115.15,1.0,1.0,1.0,1.0,1.0,1.0,1.0
115.2,1.0,1.0,1.0,1.0,1.0,1.0,1.0
115.25,1.0,1.0,1.0,1.0,1.0,1.0,1.0
115.30000000000001,1.0,1.0,1.0,1.0,1.0,1.0,1.0
115.35000000000001,1.0,1.0,1.0,1.0,1.0,1.0,1.0
115.4,1.0,1.0,1.0,1.0,1.0,1.0,1.0
115.45,1.0,1.0,1.0,1.0,1.0,1.0,1.0
115.5,1.0,1.0,1.0,1.0,1.0,1.0,1.0
115.55000000000001,1.0,1.0,1.0,1.0,1.0,1.0,1.0
115.60000000000001,1.0,1.0,1.0,1.0,1.0,1.0,1.0
115.65,1.0,1.0,1.0,1.0,1.0,1.0,1.0
115.7,1.0,1.0,1.0,1.0,1.0,1.0,1.0
115.75,1.0,1.0,1.0,1.0,1.0,1.0,1.0
115.80000000000001,1.0,1.0,1.0,1.0,1.0,1.0,1.0
115.85000000000001,1.0,1.0,1.0,1.0,1.0,1.0,1.0
115.9,1.0,1.0,1.0,1.0,1.0,1.0,1.0
115.95,1.0,1.0,1.0,1.0,1.0,1.0,1.0
116.0,1.0,1.0,1.0,1.0,1.0,1.0,1.0
116.05000000000001,1.0,1.0,1.0,1.0,1.0,1.0,1.0
116.10000000000001,1.0,1.0,1.0,1.0,1.0,1.0,1.0
116.15,1.0,1.0,1.0,1.0,1.0,1.0,1.0
116.2,1.0,1.0,1.0,1.0,1.0,1.0,1.0
116.25,1.0,1.0,1.0,1.0,1.0,1.0,1.0
116.30000000000001,1.0,1.0,1.0,1.0,1.0,1.0,1.0
116.35000000000001,1.0,1.0,1.0,1.0,1.0,1.0,1.0
116.4,1.0,1.0,1.0,1.0,1.0,1.0,1.0
116.45,1.0,1.0,1.0,1.0,1.0,1.0,1.0
116.5,1.0,1.0,1.0,1.0,1.0,1.0,1.0
116.55000000000001,1.0,1.0,1.0,1.0,1.0,1.0,1.0
116.60000000000001,1.0,1.0,1.0,1.0,1.0,1.0,1.0
116.65,1.0,1.0,1.0,1.0,1.0,1.0,1.0
116.7,1.0,1.0,1.0,1.0,1.0,1.0,1.0
116.75,1.0,1.0,1.0,1.0,1.0,1.0,1.0
116.80000000000001,1.0,1.0,1.0,1.0,1.0,1.0,1.0
116.85000000000001,1.0,1.0,1.0,1.0,1.0,1.0,1.0
116.9,1.0,1.0,1.0,1.0,1.0,1.0,1.0
116.95,1.0,1.0,1.0,1.0,1.0,1.0,1.0
117.0,1.0,1.0,1.0,1.0,1.0,1.0,1.0
117.05000000000001,1.0,1.0,1.0,1.0,1.0,1.0,1.0
117.10000000000001,1.0,1.0,1.0,1.0,1.0,1.0,1.0
117.15,1.0,1.0,1.0,1.0,1.0,1.0,1.0
117.2,1.0,1.0,1.0,1.0,1.0,1.0,1.0
117.25,1.0,1.0,1.0,1.0,1.0,1.0,1.0
117.30000000000001,1.0,1.0,1.0,1.0,1.0,1.0,1.0
117.35000000000001,1.0,1.0,1.0,1.0,1.0,1.0,1.0
117.4,1.0,1.0,1.0,1.0,1.0,1.0,1.0
117.45,1.0,1.0,1.0,1.0,1.0,1.0,1.0
117.5,1.0,1.0,1.0,1.0,1.0,1.0,1.0
117.55000000000001,1.0,1.0,1.0,1.0,1.0,1.0,1.0
117.60000000000001,1.0,1.0,1.0,1.0,1.0,1.0,1.0
117.65,1.0,1.0,1.0,1.0,1.0,1.0,1.0
117.7,1.0,1.0,1.0,1.0,1.0,1.0,1.0
117.75,1.0,1.0,1.0,1.0,1.0,1.0,1.0
117.80000000000001,1.0,1.0,1.0,1.0,1.0,1.0,1.0
117.85000000000001,1.0,1.0,1.0,1.0,1.0,1.0,1.0
117.9,1.0,1.0,1.0,1.0,1.0,1.0,1.0
117.95,1.0,1.0,1.0,1.0,1.0,1.0,1.0
118.0,1.0,1.0,1.0,1.0,1.0,1.0,1.0
118.05000000000001,1.0,1.0,1.0,1.0,1.0,1.0,1.0
118.10000000000001,1.0,1.0,1.0,1.0,1.0,1.0,1.0
118.15,1.0,1.0,1.0,1.0,1.0,1.0,1.0
118.2,1.0,1.0,1.0,1.0,1.0,1.0,1.0
118.25,1.0,1.0,1.0,1.0,1.0,1.0,1.0
118.30000000000001,1.0,1.0,1.0,1.0,1.0,1.0,1.0
118.35000000000001,1.0,1.0,1.0,1.0,1.0,1.0,1.0
118.4,1.0,1.0,1.0,1.0,1.0,1.0,1.0
118.45,1.0,1.0,1.0,1.0,1.0,1.0,1.0
118.5,1.0,1.0,1.0,1.0,1.0,1.0,1.0
118.55000000000001,1.0,1.0,1.0,1.0,1.0,1.0,1.0
118.60000000000001,1.0,1.0,1.0,1.0,1.0,1.0,1.0
118.65,1.0,1.0,1.0,1.0,1.0,1.0,1.0
118.7,1.0,1.0,1.0,1.0,1.0,1.0,1.0
118.75,1.0,1.0,1.0,1.0,1.0,1.0,1.0
118.80000000000001,1.0,1.0,1.0,1.0,1.0,1.0,1.0
118.85000000000001,1.0,1.0,1.0,1.0,1.0,1.0,1.0
118.9,1.0,1.0,1.0,1.0,1.0,1.0,1.0
118.95,1.0,1.0,1.0,1.0,1.0,1.0,1.0
119.0,1.0,1.0,1.0,1.0,1.0,1.0,1.0
119.05000000000001,1.0,1.0,1.0,1.0,1.0,1.0,1.0
119.10000000000001,1.0,1.0,1.0,1.0,1.0,1.0,1.0
119.15,1.0,1.0,1.0,1.0,1.0,1.0,1.0
119.2,1.0,1.0,1.0,1.0,1.0,1.0,1.0
119.25,1.0,1.0,1.0,1.0,1.0,1.0,1.0
119.30000000000001,1.0,1.0,1.0,1.0,1.0,1.0,1.0
119.35000000000001,1.0,1.0,1.0,1.0,1.0,1.0,1.0
119.4,1.0,1.0,1.0,1.0,1.0,1.0,1.0
119.45,1.0,1.0,1.0,1.0,1.0,1.0,1.0
119.5,1.0,1.0,1.0,1.0,1.0,1.0,1.0
119.55000000000001,1.0,1.0,1.0,1.0,1.0,1.0,1.0
119.60000000000001,1.0,1.0,1.0,1.0,1.0,1.0,1.0
119.65,1.0,1.0,1.0,1.0,1.0,1.0,1.0
119.7,1.0,1.0,1.0,1.0,1.0,1.0,1.0
119.75,1.0,1.0,1.0,1.0,1.0,1.0,1.0
119.80000000000001,1.0,1.0,1.0,1.0,1.0,1.0,1.0
119.85000000000001,1.0,1.0,1.0,1.0,1.0,1.0,1.0
119.9,1.0,1.0,1.0,1.0,1.0,1.0,1.0
119.95,1.0,1.0,1.0,1.0,1.0,1.0,1.0
120.0,1.0,1.0,1.0,1.0,1.0,1.0,1.0
120.05000000000001,1.0,1.0,1.0,1.0,1.0,1.0,1.0
120.10000000000001,1.0,1.0,1.0,1.0,1.0,1.0,1.0
120.15,1.0,1.0,1.0,1.0,1.0,1.0,1.0
120.2,1.0,1.0,1.0,1.0,1.0,1.0,1.0
120.25,1.0,1.0,1.0,1.0,1.0,1.0,1.0
120.30000000000001,1.0,1.0,1.0,1.0,1.0,1.0,1.0
120.35000000000001,1.0,1.0,1.0,1.0,1.0,1.0,1.0
120.4,1.0,1.0,1.0,1.0,1.0,1.0,1.0
120.45,1.0,1.0,1.0,1.0,1.0,1.0,1.0
120.5,1.0,1.0,1.0,1.0,1.0,1.0,1.0
120.55000000000001,1.0,1.0,1.0,1.0,1.0,1.0,1.0
120.60000000000001,1.0,1.0,1.0,1.0,1.0,1.0,1.0
120.65,1.0,1.0,1.0,1.0,1.0,1.0,1.0
120.7,1.0,1.0,1.0,1.0,1.0,1.0,1.0
120.75,1.0,1.0,1.0,1.0,1.0,1.0,1.0
120.80000000000001,1.0,1.0,1.0,1.0,1.0,1.0,1.0
120.85000000000001,1.0,1.0,1.0,1.0,1.0,1.0,1.0
120.9,1.0,1.0,1.0,1.0,1.0,1.0,1.0
120.95,1.0,1.0,1.0,1.0,1.0,1.0,1.0
121.0,1.0,1.0,1.0,1.0,1.0,1.0,1.0
121.05000000000001,1.0,1.0,1.0,1.0,1.0,1.0,1.0
121.10000000000001,1.0,1.0,1.0,1.0,1.0,1.0,1.0
121.15,1.0,1.0,1.0,1.0,1.0,1.0,1.0
121.2,1.0,1.0,1.0,1.0,1.0,1.0,1.0
121.25,1.0,1.0,1.0,1.0,1.0,1.0,1.0
121.30000000000001,1.0,1.0,1.0,1.0,1.0,1.0,1.0
121.35000000000001,1.0,1.0,1.0,1.0,1.0,1.0,1.0
121.4,1.0,1.0,1.0,1.0,1.0,1.0,1.0
121.45,1.0,1.0,1.0,1.0,1.0,1.0,1.0
121.5,1.0,1.0,1.0,1.0,1.0,1.0,1.0
121.55000000000001,1.0,1.0,1.0,1.0,1.0,1.0,1.0
121.60000000000001,1.0,1.0,1.0,1.0,1.0,1.0,1.0
121.65,1.0,1.0,1.0,1.0,1.0,1.0,1.0
121.7,1.0,1.0,1.0,1.0,1.0,1.0,1.0
121.75,1.0,1.0,1.0,1.0,1.0,1.0,1.0
121.80000000000001,1.0,1.0,1.0,1.0,1.0,1.0,1.0
121.85000000000001,1.0,1.0,1.0,1.0,1.0,1.0,1.0
121.9,1.0,1.0,1.0,1.0,1.0,1.0,1.0
121.95,1.0,1.0,1.0,1.0,1.0,1.0,1.0
122.0,1.0,1.0,1.0,1.0,1.0,1.0,1.0
122.05000000000001,1.0,1.0,1.0,1.0,1.0,1.0,1.0
122.10000000000001,1.0,1.0,1.0,1.0,1.0,1.0,1.0
122.15,1.0,1.0,1.0,1.0,1.0,1.0,1.0
122.2,1.0,1.0,1.0,1.0,1.0,1.0,1.0
122.25,1.0,1.0,1.0,1.0,1.0,1.0,1.0
122.30000000000001,1.0,1.0,1.0,1.0,1.0,1.0,1.0
122.35000000000001,1.0,1.0,1.0,1.0,1.0,1.0,1.0
122.4,1.0,1.0,1.0,1.0,1.0,1.0,1.0
122.45,1.0,1.0,1.0,1.0,1.0,1.0,1.0
122.5,1.0,1.0,1.0,1.0,1.0,1.0,1.0
122.55000000000001,1.0,1.0,1.0,1.0,1.0,1.0,1.0
122.60000000000001,1.0,1.0,1.0,1.0,1.0,1.0,1.0
122.65,1.0,1.0,1.0,1.0,1.0,1.0,1.0
122.7,1.0,1.0,1.0,1.0,1.0,1.0,1.0
122.75,1.0,1.0,1.0,1.0,1.0,1.0,1.0
122.80000000000001,1.0,1.0,1.0,1.0,1.0,1.0,1.0
122.85000000000001,1.0,1.0,1.0,1.0,1.0,1.0,1.0
122.9,1.0,1.0,1.0,1.0,1.0,1.0,1.0
122.95,1.0,1.0,1.0,1.0,1.0,1.0,1.0
123.0,1.0,1.0,1.0,1.0,1.0,1.0,1.0
123.05000000000001,1.0,1.0,1.0,1.0,1.0,1.0,1.0
123.10000000000001,1.0,1.0,1.0,1.0,1.0,1.0,1.0
123.15,1.0,1.0,1.0,1.0,1.0,1.0,1.0
123.2,1.0,1.0,1.0,1.0,1.0,1.0,1.0
123.25,1.0,1.0,1.0,1.0,1.0,1.0,1.0
123.30000000000001,1.0,1.0,1.0,1.0,1.0,1.0,1.0
123.35000000000001,1.0,1.0,1.0,1.0,1.0,1.0,1.0
123.4,1.0,1.0,1.0,1.0,1.0,1.0,1.0
123.45,1.0,1.0,1.0,1.0,1.0,1.0,1.0
123.5,1.0,1.0,1.0,1.0,1.0,1.0,1.0
123.55000000000001,1.0,1.0,1.0,1.0,1.0,1.0,1.0
123.60000000000001,1.0,1.0,1.0,1.0,1.0,1.0,1.0
123.65,1.0,1.0,1.0,1.0,1.0,1.0,1.0
123.7,1.0,1.0,1.0,1.0,1.0,1.0,1.0
123.75,1.0,1.0,1.0,1.0,1.0,1.0,1.0
123.80000000000001,1.0,1.0,1.0,1.0,1.0,1.0,1.0
123.85000000000001,1.0,1.0,1.0,1.0,1.0,1.0,1.0
123.9,1.0,1.0,1.0,1.0,1.0,1.0,1.0
123.95,1.0,1.0,1.0,1.0,1.0,1.0,1.0
124.0,1.0,1.0,1.0,1.0,1.0,1.0,1.0
124.05000000000001,1.0,1.0,1.0,1.0,1.0,1.0,1.0
124.10000000000001,1.0,1.0,1.0,1.0,1.0,1.0,1.0
124.15,1.0,1.0,1.0,1.0,1.0,1.0,1.0
124.2,1.0,1.0,1.0,1.0,1.0,1.0,1.0
124.25,1.0,1.0,1.0,1.0,1.0,1.0,1.0
124.30000000000001,1.0,1.0,1.0,1.0,1.0,1.0,1.0
124.35000000000001,1.0,1.0,1.0,1.0,1.0,1.0,1.0
124.4,1.0,1.0,1.0,1.0,1.0,1.0,1.0
124.45,1.0,1.0,1.0,1.0,1.0,1.0,1.0
124.5,1.0,1.0,1.0,1.0,1.0,1.0,1.0
124.55000000000001,1.0,1.0,1.0,1.0,1.0,1.0,1.0
124.60000000000001,1.0,1.0,1.0,1.0,1.0,1.0,1.0
124.65,1.0,1.0,1.0,1.0,1.0,1.0,1.0
124.7,1.0,1.0,1.0,1.0,1.0,1.0,1.0
124.75,1.0,1.0,1.0,1.0,1.0,1.0,1.0
124.80000000000001,1.0,1.0,1.0,1.0,1.0,1.0,1.0
124.85000000000001,1.0,1.0,1.0,1.0,1.0,1.0,1.0
124.9,1.0,1.0,1.0,1.0,1.0,1.0,1.0
124.95,1.0,1.0,1.0,1.0,1.0,1.0,1.0
125.0,1.0,1.0,1.0,1.0,1.0,1.0,1.0
125.05000000000001,1.0,1.0,1.0,1.0,1.0,1.0,1.0
125.10000000000001,1.0,1.0,1.0,1.0,1.0,1.0,1.0
125.15,1.0,1.0,1.0,1.0,1.0,1.0,1.0
125.2,1.0,1.0,1.0,1.0,1.0,1.0,1.0
125.25,1.0,1.0,1.0,1.0,1.0,1.0,1.0
125.30000000000001,1.0,1.0,1.0,1.0,1.0,1.0,1.0
125.35000000000001,1.0,1.0,1.0,1.0,1.0,1.0,1.0
125.4,1.0,1.0,1.0,1.0,1.0,1.0,1.0
125.45,1.0,1.0,1.0,1.0,1.0,1.0,1.0
125.5,1.0,1.0,1.0,1.0,1.0,1.0,1.0
125.55000000000001,1.0,1.0,1.0,1.0,1.0,1.0,1.0
125.60000000000001,1.0,1.0,1.0,1.0,1.0,1.0,1.0
125.65,1.0,1.0,1.0,1.0,1.0,1.0,1.0
125.7,1.0,1.0,1.0,1.0,1.0,1.0,1.0
125.75,1.0,1.0,1.0,1.0,1.0,1.0,1.0
125.80000000000001,1.0,1.0,1.0,1.0,1.0,1.0,1.0
125.85000000000001,1.0,1.0,1.0,1.0,1.0,1.0,1.0
125.9,1.0,1.0,1.0,1.0,1.0,1.0,1.0
125.95,1.0,1.0,1.0,1.0,1.0,1.0,1.0
126.0,1.0,1.0,1.0,1.0,1.0,1.0,1.0
126.05000000000001,1.0,1.0,1.0,1.0,1.0,1.0,1.0
126.10000000000001,1.0,1.0,1.0,1.0,1.0,1.0,1.0
126.15,1.0,1.0,1.0,1.0,1.0,1.0,1.0
126.2,1.0,1.0,1.0,1.0,1.0,1.0,1.0
126.25,1.0,1.0,1.0,1.0,1.0,1.0,1.0
126.30000000000001,1.0,1.0,1.0,1.0,1.0,1.0,1.0
126.35000000000001,1.0,1.0,1.0,1.0,1.0,1.0,1.0
126.4,1.0,1.0,1.0,1.0,1.0,1.0,1.0
126.45,1.0,1.0,1.0,1.0,1.0,1.0,1.0
126.5,1.0,1.0,1.0,1.0,1.0,1.0,1.0
126.55000000000001,1.0,1.0,1.0,1.0,1.0,1.0,1.0
126.60000000000001,1.0,1.0,1.0,1.0,1.0,1.0,1.0
126.65,1.0,1.0,1.0,1.0,1.0,1.0,1.0
126.7,1.0,1.0,1.0,1.0,1.0,1.0,1.0
126.75,1.0,1.0,1.0,1.0,1.0,1.0,1.0
126.80000000000001,1.0,1.0,1.0,1.0,1.0,1.0,1.0
126.85000000000001,1.0,1.0,1.0,1.0,1.0,1.0,1.0
126.9,1.0,1.0,1.0,1.0,1.0,1.0,1.0
126.95,1.0,1.0,1.0,1.0,1.0,1.0,1.0
127.0,1.0,1.0,1.0,1.0,1.0,1.0,1.0
127.05000000000001,1.0,1.0,1.0,1.0,1.0,1.0,1.0
127.10000000000001,1.0,1.0,1.0,1.0,1.0,1.0,1.0
127.15,1.0,1.0,1.0,1.0,1.0,1.0,1.0
127.2,1.0,1.0,1.0,1.0,1.0,1.0,1.0
127.25,1.0,1.0,1.0,1.0,1.0,1.0,1.0
127.30000000000001,1.0,1.0,1.0,1.0,1.0,1.0,1.0
127.35000000000001,1.0,1.0,1.0,1.0,1.0,1.0,1.0
127.4,1.0,1.0,1.0,1.0,1.0,1.0,1.0
127.45,1.0,1.0,1.0,1.0,1.0,1.0,1.0
127.5,1.0,1.0,1.0,1.0,1.0,1.0,1.0
127.55000000000001,1.0,1.0,1.0,1.0,1.0,1.0,1.0
127.60000000000001,1.0,1.0,1.0,1.0,1.0,1.0,1.0
127.65,1.0,1.0,1.0,1.0,1.0,1.0,1.0
127.7,1.0,1.0,1.0,1.0,1.0,1.0,1.0
127.75,1.0,1.0,1.0,1.0,1.0,1.0,1.0
127.80000000000001,1.0,1.0,1.0,1.0,1.0,1.0,1.0
127.85000000000001,1.0,1.0,1.0,1.0,1.0,1.0,1.0
127.9,1.0,1.0,1.0,1.0,1.0,1.0,1.0
127.95,1.0,1.0,1.0,1.0,1.0,1.0,1.0
128.0,1.0,1.0,1.0,1.0,1.0,1.0,1.0
128.05,1.0,1.0,1.0,1.0,1.0,1.0,1.0
128.1,1.0,1.0,1.0,1.0,1.0,1.0,1.0
128.15,1.0,1.0,1.0,1.0,1.0,1.0,1.0
128.20000000000002,1.0,1.0,1.0,1.0,1.0,1.0,1.0
128.25,1.0,1.0,1.0,1.0,1.0,1.0,1.0
128.3,1.0,1.0,1.0,1.0,1.0,1.0,1.0
128.35,1.0,1.0,1.0,1.0,1.0,1.0,1.0
128.4,1.0,1.0,1.0,1.0,1.0,1.0,1.0
128.45000000000002,1.0,1.0,1.0,1.0,1.0,1.0,1.0
128.5,1.0,1.0,1.0,1.0,1.0,1.0,1.0
128.55,1.0,1.0,1.0,1.0,1.0,1.0,1.0
128.6,1.0,1.0,1.0,1.0,1.0,1.0,1.0
128.65,1.0,1.0,1.0,1.0,1.0,1.0,1.0
128.70000000000002,1.0,1.0,1.0,1.0,1.0,1.0,1.0
128.75,1.0,1.0,1.0,1.0,1.0,1.0,1.0
128.8,1.0,1.0,1.0,1.0,1.0,1.0,1.0
128.85,1.0,1.0,1.0,1.0,1.0,1.0,1.0
128.9,1.0,1.0,1.0,1.0,1.0,1.0,1.0
128.95000000000002,1.0,1.0,1.0,1.0,1.0,1.0,1.0
129.0,1.0,1.0,1.0,1.0,1.0,1.0,1.0
129.05,1.0,1.0,1.0,1.0,1.0,1.0,1.0
129.1,1.0,1.0,1.0,1.0,1.0,1.0,1.0
129.15,1.0,1.0,1.0,1.0,1.0,1.0,1.0
129.20000000000002,1.0,1.0,1.0,1.0,1.0,1.0,1.0
129.25,1.0,1.0,1.0,1.0,1.0,1.0,1.0
129.3,1.0,1.0,1.0,1.0,1.0,1.0,1.0
129.35,1.0,1.0,1.0,1.0,1.0,1.0,1.0
129.4,1.0,1.0,1.0,1.0,1.0,1.0,1.0
129.45000000000002,1.0,1.0,1.0,1.0,1.0,1.0,1.0
129.5,1.0,1.0,1.0,1.0,1.0,1.0,1.0
129.55,1.0,1.0,1.0,1.0,1.0,1.0,1.0
129.6,1.0,1.0,1.0,1.0,1.0,1.0,1.0
129.65,1.0,1.0,1.0,1.0,1.0,1.0,1.0
129.70000000000002,1.0,1.0,1.0,1.0,1.0,1.0,1.0
129.75,1.0,1.0,1.0,1.0,1.0,1.0,1.0
129.8,1.0,1.0,1.0,1.0,1.0,1.0,1.0
129.85,1.0,1.0,1.0,1.0,1.0,1.0,1.0
129.9,1.0,1.0,1.0,1.0,1.0,1.0,1.0
129.95000000000002,1.0,1.0,1.0,1.0,1.0,1.0,1.0
130.0,1.0,1.0,1.0,1.0,1.0,1.0,1.0
130.05,1.0,1.0,1.0,1.0,1.0,1.0,1.0
130.1,1.0,1.0,1.0,1.0,1.0,1.0,1.0
130.15,1.0,1.0,1.0,1.0,1.0,1.0,1.0
130.20000000000002,1.0,1.0,1.0,1.0,1.0,1.0,1.0
130.25,1.0,1.0,1.0,1.0,1.0,1.0,1.0
130.3,1.0,1.0,1.0,1.0,1.0,1.0,1.0
130.35,1.0,1.0,1.0,1.0,1.0,1.0,1.0
130.4,1.0,1.0,1.0,1.0,1.0,1.0,1.0
130.45000000000002,1.0,1.0,1.0,1.0,1.0,1.0,1.0
130.5,1.0,1.0,1.0,1.0,1.0,1.0,1.0
130.55,1.0,1.0,1.0,1.0,1.0,1.0,1.0
130.6,1.0,1.0,1.0,1.0,1.0,1.0,1.0
130.65,1.0,1.0,1.0,1.0,1.0,1.0,1.0
130.70000000000002,1.0,1.0,1.0,1.0,1.0,1.0,1.0
130.75,1.0,1.0,1.0,1.0,1.0,1.0,1.0
130.8,1.0,1.0,1.0,1.0,1.0,1.0,1.0
130.85,1.0,1.0,1.0,1.0,1.0,1.0,1.0
130.9,1.0,1.0,1.0,1.0,1.0,1.0,1.0
130.95000000000002,1.0,1.0,1.0,1.0,1.0,1.0,1.0
131.0,1.0,1.0,1.0,1.0,1.0,1.0,1.0
131.05,1.0,1.0,1.0,1.0,1.0,1.0,1.0
131.1,1.0,1.0,1.0,1.0,1.0,1.0,1.0
131.15,1.0,1.0,1.0,1.0,1.0,1.0,1.0
131.20000000000002,1.0,1.0,1.0,1.0,1.0,1.0,1.0
131.25,1.0,1.0,1.0,1.0,1.0,1.0,1.0
131.3,1.0,1.0,1.0,1.0,1.0,1.0,1.0
131.35,1.0,1.0,1.0,1.0,1.0,1.0,1.0
131.4,1.0,1.0,1.0,1.0,1.0,1.0,1.0
131.45000000000002,1.0,1.0,1.0,1.0,1.0,1.0,1.0
131.5,1.0,1.0,1.0,1.0,1.0,1.0,1.0
131.55,1.0,1.0,1.0,1.0,1.0,1.0,1.0
131.6,1.0,1.0,1.0,1.0,1.0,1.0,1.0
131.65,1.0,1.0,1.0,1.0,1.0,1.0,1.0
131.70000000000002,1.0,1.0,1.0,1.0,1.0,1.0,1.0
131.75,1.0,1.0,1.0,1.0,1.0,1.0,1.0
131.8,1.0,1.0,1.0,1.0,1.0,1.0,1.0
131.85,1.0,1.0,1.0,1.0,1.0,1.0,1.0
131.9,1.0,1.0,1.0,1.0,1.0,1.0,1.0
131.95000000000002,1.0,1.0,1.0,1.0,1.0,1.0,1.0
132.0,1.0,1.0,1.0,1.0,1.0,1.0,1.0
132.05,1.0,1.0,1.0,1.0,1.0,1.0,1.0
132.1,1.0,1.0,1.0,1.0,1.0,1.0,1.0
132.15,1.0,1.0,1.0,1.0,1.0,1.0,1.0
132.20000000000002,1.0,1.0,1.0,1.0,1.0,1.0,1.0
132.25,1.0,1.0,1.0,1.0,1.0,1.0,1.0
132.3,1.0,1.0,1.0,1.0,1.0,1.0,1.0
132.35,1.0,1.0,1.0,1.0,1.0,1.0,1.0
132.4,1.0,1.0,1.0,1.0,1.0,1.0,1.0
132.45000000000002,1.0,1.0,1.0,1.0,1.0,1.0,1.0
132.5,1.0,1.0,1.0,1.0,1.0,1.0,1.0
132.55,1.0,1.0,1.0,1.0,1.0,1.0,1.0
132.6,1.0,1.0,1.0,1.0,1.0,1.0,1.0
132.65,1.0,1.0,1.0,1.0,1.0,1.0,1.0
132.70000000000002,1.0,1.0,1.0,1.0,1.0,1.0,1.0
132.75,1.0,1.0,1.0,1.0,1.0,1.0,1.0
132.8,1.0,1.0,1.0,1.0,1.0,1.0,1.0
132.85,1.0,1.0,1.0,1.0,1.0,1.0,1.0
132.9,1.0,1.0,1.0,1.0,1.0,1.0,1.0
132.95000000000002,1.0,1.0,1.0,1.0,1.0,1.0,1.0
133.0,1.0,1.0,1.0,1.0,1.0,1.0,1.0
133.05,1.0,1.0,1.0,1.0,1.0,1.0,1.0
133.1,1.0,1.0,1.0,1.0,1.0,1.0,1.0
133.15,1.0,1.0,1.0,1.0,1.0,1.0,1.0
133.20000000000002,1.0,1.0,1.0,1.0,1.0,1.0,1.0
133.25,1.0,1.0,1.0,1.0,1.0,1.0,1.0
133.3,1.0,1.0,1.0,1.0,1.0,1.0,1.0
133.35,1.0,1.0,1.0,1.0,1.0,1.0,1.0
133.4,1.0,1.0,1.0,1.0,1.0,1.0,1.0
133.45000000000002,1.0,1.0,1.0,1.0,1.0,1.0,1.0
133.5,1.0,1.0,1.0,1.0,1.0,1.0,1.0
133.55,1.0,1.0,1.0,1.0,1.0,1.0,1.0
133.6,1.0,1.0,1.0,1.0,1.0,1.0,1.0
133.65,1.0,1.0,1.0,1.0,1.0,1.0,1.0
133.70000000000002,1.0,1.0,1.0,1.0,1.0,1.0,1.0
133.75,1.0,1.0,1.0,1.0,1.0,1.0,1.0
133.8,1.0,1.0,1.0,1.0,1.0,1.0,1.0
133.85,1.0,1.0,1.0,1.0,1.0,1.0,1.0
133.9,1.0,1.0,1.0,1.0,1.0,1.0,1.0
133.95000000000002,1.0,1.0,1.0,1.0,1.0,1.0,1.0
134.0,1.0,1.0,1.0,1.0,1.0,1.0,1.0
134.05,1.0,1.0,1.0,1.0,1.0,1.0,1.0
134.1,1.0,1.0,1.0,1.0,1.0,1.0,1.0
134.15,1.0,1.0,1.0,1.0,1.0,1.0,1.0
134.20000000000002,1.0,1.0,1.0,1.0,1.0,1.0,1.0
134.25,1.0,1.0,1.0,1.0,1.0,1.0,1.0
134.3,1.0,1.0,1.0,1.0,1.0,1.0,1.0
134.35,1.0,1.0,1.0,1.0,1.0,1.0,1.0
134.4,1.0,1.0,1.0,1.0,1.0,1.0,1.0
134.45000000000002,1.0,1.0,1.0,1.0,1.0,1.0,1.0
134.5,1.0,1.0,1.0,1.0,1.0,1.0,1.0
134.55,1.0,1.0,1.0,1.0,1.0,1.0,1.0
134.6,1.0,1.0,1.0,1.0,1.0,1.0,1.0
134.65,1.0,1.0,1.0,1.0,1.0,1.0,1.0
134.70000000000002,1.0,1.0,1.0,1.0,1.0,1.0,1.0
134.75,1.0,1.0,1.0,1.0,1.0,1.0,1.0
134.8,1.0,1.0,1.0,1.0,1.0,1.0,1.0
134.85,1.0,1.0,1.0,1.0,1.0,1.0,1.0
134.9,1.0,1.0,1.0,1.0,1.0,1.0,1.0
134.95000000000002,1.0,1.0,1.0,1.0,1.0,1.0,1.0
135.0,1.0,1.0,1.0,1.0,1.0,1.0,1.0
135.05,1.0,1.0,1.0,1.0,1.0,1.0,1.0
135.1,1.0,1.0,1.0,1.0,1.0,1.0,1.0
135.15,1.0,1.0,1.0,1.0,1.0,1.0,1.0
135.20000000000002,1.0,1.0,1.0,1.0,1.0,1.0,1.0
135.25,1.0,1.0,1.0,1.0,1.0,1.0,1.0
135.3,1.0,1.0,1.0,1.0,1.0,1.0,1.0
135.35,1.0,1.0,1.0,1.0,1.0,1.0,1.0
135.4,1.0,1.0,1.0,1.0,1.0,1.0,1.0
135.45000000000002,1.0,1.0,1.0,1.0,1.0,1.0,1.0
135.5,1.0,1.0,1.0,1.0,1.0,1.0,1.0
135.55,1.0,1.0,1.0,1.0,1.0,1.0,1.0
135.6,1.0,1.0,1.0,1.0,1.0,1.0,1.0
135.65,1.0,1.0,1.0,1.0,1.0,1.0,1.0
135.70000000000002,1.0,1.0,1.0,1.0,1.0,1.0,1.0
135.75,1.0,1.0,1.0,1.0,1.0,1.0,1.0
135.8,1.0,1.0,1.0,1.0,1.0,1.0,1.0
135.85,1.0,1.0,1.0,1.0,1.0,1.0,1.0
135.9,1.0,1.0,1.0,1.0,1.0,1.0,1.0
135.95000000000002,1.0,1.0,1.0,1.0,1.0,1.0,1.0
136.0,1.0,1.0,1.0,1.0,1.0,1.0,1.0
136.05,1.0,1.0,1.0,1.0,1.0,1.0,1.0
136.1,1.0,1.0,1.0,1.0,1.0,1.0,1.0
136.15,1.0,1.0,1.0,1.0,1.0,1.0,1.0
136.20000000000002,1.0,1.0,1.0,1.0,1.0,1.0,1.0
136.25,1.0,1.0,1.0,1.0,1.0,1.0,1.0
136.3,1.0,1.0,1.0,1.0,1.0,1.0,1.0
136.35,1.0,1.0,1.0,1.0,1.0,1.0,1.0
136.4,1.0,1.0,1.0,1.0,1.0,1.0,1.0
136.45000000000002,1.0,1.0,1.0,1.0,1.0,1.0,1.0
136.5,1.0,1.0,1.0,1.0,1.0,1.0,1.0
136.55,1.0,1.0,1.0,1.0,1.0,1.0,1.0
136.6,1.0,1.0,1.0,1.0,1.0,1.0,1.0
136.65,1.0,1.0,1.0,1.0,1.0,1.0,1.0
136.70000000000002,1.0,1.0,1.0,1.0,1.0,1.0,1.0
136.75,1.0,1.0,1.0,1.0,1.0,1.0,1.0
136.8,1.0,1.0,1.0,1.0,1.0,1.0,1.0
136.85,1.0,1.0,1.0,1.0,1.0,1.0,1.0
136.9,1.0,1.0,1.0,1.0,1.0,1.0,1.0
136.95000000000002,1.0,1.0,1.0,1.0,1.0,1.0,1.0
137.0,1.0,1.0,1.0,1.0,1.0,1.0,1.0
137.05,1.0,1.0,1.0,1.0,1.0,1.0,1.0
137.1,1.0,1.0,1.0,1.0,1.0,1.0,1.0
137.15,1.0,1.0,1.0,1.0,1.0,1.0,1.0
137.20000000000002,1.0,1.0,1.0,1.0,1.0,1.0,1.0
137.25,1.0,1.0,1.0,1.0,1.0,1.0,1.0
137.3,1.0,1.0,1.0,1.0,1.0,1.0,1.0
137.35,1.0,1.0,1.0,1.0,1.0,1.0,1.0
137.4,1.0,1.0,1.0,1.0,1.0,1.0,1.0
137.45000000000002,1.0,1.0,1.0,1.0,1.0,1.0,1.0
137.5,1.0,1.0,1.0,1.0,1.0,1.0,1.0
137.55,1.0,1.0,1.0,1.0,1.0,1.0,1.0
137.6,1.0,1.0,1.0,1.0,1.0,1.0,1.0
137.65,1.0,1.0,1.0,1.0,1.0,1.0,1.0
137.70000000000002,1.0,1.0,1.0,1.0,1.0,1.0,1.0
137.75,1.0,1.0,1.0,1.0,1.0,1.0,1.0
137.8,1.0,1.0,1.0,1.0,1.0,1.0,1.0
137.85,1.0,1.0,1.0,1.0,1.0,1.0,1.0
137.9,1.0,1.0,1.0,1.0,1.0,1.0,1.0
137.95000000000002,1.0,1.0,1.0,1.0,1.0,1.0,1.0
138.0,1.0,1.0,1.0,1.0,1.0,1.0,1.0
138.05,1.0,1.0,1.0,1.0,1.0,1.0,1.0
138.1,1.0,1.0,1.0,1.0,1.0,1.0,1.0
138.15,1.0,1.0,1.0,1.0,1.0,1.0,1.0
138.20000000000002,1.0,1.0,1.0,1.0,1.0,1.0,1.0
138.25,1.0,1.0,1.0,1.0,1.0,1.0,1.0
138.3,1.0,1.0,1.0,1.0,1.0,1.0,1.0
138.35,1.0,1.0,1.0,1.0,1.0,1.0,1.0
138.4,1.0,1.0,1.0,1.0,1.0,1.0,1.0
138.45000000000002,1.0,1.0,1.0,1.0,1.0,1.0,1.0
138.5,1.0,1.0,1.0,1.0,1.0,1.0,1.0
138.55,1.0,1.0,1.0,1.0,1.0,1.0,1.0
138.6,1.0,1.0,1.0,1.0,1.0,1.0,1.0
138.65,1.0,1.0,1.0,1.0,1.0,1.0,1.0
138.70000000000002,1.0,1.0,1.0,1.0,1.0,1.0,1.0
138.75,1.0,1.0,1.0,1.0,1.0,1.0,1.0
138.8,1.0,1.0,1.0,1.0,1.0,1.0,1.0
138.85,1.0,1.0,1.0,1.0,1.0,1.0,1.0
138.9,1.0,1.0,1.0,1.0,1.0,1.0,1.0
138.95000000000002,1.0,1.0,1.0,1.0,1.0,1.0,1.0
139.0,1.0,1.0,1.0,1.0,1.0,1.0,1.0
139.05,1.0,1.0,1.0,1.0,1.0,1.0,1.0
139.1,1.0,1.0,1.0,1.0,1.0,1.0,1.0
139.15,1.0,1.0,1.0,1.0,1.0,1.0,1.0
139.20000000000002,1.0,1.0,1.0,1.0,1.0,1.0,1.0
139.25,1.0,1.0,1.0,1.0,1.0,1.0,1.0
139.3,1.0,1.0,1.0,1.0,1.0,1.0,1.0
139.35,1.0,1.0,1.0,1.0,1.0,1.0,1.0
139.4,1.0,1.0,1.0,1.0,1.0,1.0,1.0
139.45000000000002,1.0,1.0,1.0,1.0,1.0,1.0,1.0
139.5,1.0,1.0,1.0,1.0,1.0,1.0,1.0
139.55,1.0,1.0,1.0,1.0,1.0,1.0,1.0
139.6,1.0,1.0,1.0,1.0,1.0,1.0,1.0
139.65,1.0,1.0,1.0,1.0,1.0,1.0,1.0
139.70000000000002,1.0,1.0,1.0,1.0,1.0,1.0,1.0
139.75,1.0,1.0,1.0,1.0,1.0,1.0,1.0
139.8,1.0,1.0,1.0,1.0,1.0,1.0,1.0
139.85,1.0,1.0,1.0,1.0,1.0,1.0,1.0
139.9,1.0,1.0,1.0,1.0,1.0,1.0,1.0
139.95000000000002,1.0,1.0,1.0,1.0,1.0,1.0,1.0
140.0,1.0,1.0,1.0,1.0,1.0,1.0,1.0
140.05,1.0,1.0,1.0,1.0,1.0,1.0,1.0
140.1,1.0,1.0,1.0,1.0,1.0,1.0,1.0
140.15,1.0,1.0,1.0,1.0,1.0,1.0,1.0
140.20000000000002,1.0,1.0,1.0,1.0,1.0,1.0,1.0
140.25,1.0,1.0,1.0,1.0,1.0,1.0,1.0
140.3,1.0,1.0,1.0,1.0,1.0,1.0,1.0
140.35,1.0,1.0,1.0,1.0,1.0,1.0,1.0
140.4,1.0,1.0,1.0,1.0,1.0,1.0,1.0
140.45000000000002,1.0,1.0,1.0,1.0,1.0,1.0,1.0
140.5,1.0,1.0,1.0,1.0,1.0,1.0,1.0
140.55,1.0,1.0,1.0,1.0,1.0,1.0,1.0
140.6,1.0,1.0,1.0,1.0,1.0,1.0,1.0
140.65,1.0,1.0,1.0,1.0,1.0,1.0,1.0
140.70000000000002,1.0,1.0,1.0,1.0,1.0,1.0,1.0
140.75,1.0,1.0,1.0,1.0,1.0,1.0,1.0
140.8,1.0,1.0,1.0,1.0,1.0,1.0,1.0
140.85,1.0,1.0,1.0,1.0,1.0,1.0,1.0
140.9,1.0,1.0,1.0,1.0,1.0,1.0,1.0
140.95000000000002,1.0,1.0,1.0,1.0,1.0,1.0,1.0
141.0,1.0,1.0,1.0,1.0,1.0,1.0,1.0
141.05,1.0,1.0,1.0,1.0,1.0,1.0,1.0
141.1,1.0,1.0,1.0,1.0,1.0,1.0,1.0
141.15,1.0,1.0,1.0,1.0,1.0,1.0,1.0
141.20000000000002,1.0,1.0,1.0,1.0,1.0,1.0,1.0
141.25,1.0,1.0,1.0,1.0,1.0,1.0,1.0
141.3,1.0,1.0,1.0,1.0,1.0,1.0,1.0
141.35,1.0,1.0,1.0,1.0,1.0,1.0,1.0
141.4,1.0,1.0,1.0,1.0,1.0,1.0,1.0
141.45000000000002,1.0,1.0,1.0,1.0,1.0,1.0,1.0
141.5,1.0,1.0,1.0,1.0,1.0,1.0,1.0
141.55,1.0,1.0,1.0,1.0,1.0,1.0,1.0
141.6,1.0,1.0,1.0,1.0,1.0,1.0,1.0
141.65,1.0,1.0,1.0,1.0,1.0,1.0,1.0
141.70000000000002,1.0,1.0,1.0,1.0,1.0,1.0,1.0
141.75,1.0,1.0,1.0,1.0,1.0,1.0,1.0
141.8,1.0,1.0,1.0,1.0,1.0,1.0,1.0
141.85,1.0,1.0,1.0,1.0,1.0,1.0,1.0
141.9,1.0,1.0,1.0,1.0,1.0,1.0,1.0
141.95000000000002,1.0,1.0,1.0,1.0,1.0,1.0,1.0
142.0,1.0,1.0,1.0,1.0,1.0,1.0,1.0
142.05,1.0,1.0,1.0,1.0,1.0,1.0,1.0
142.1,1.0,1.0,1.0,1.0,1.0,1.0,1.0
142.15,1.0,1.0,1.0,1.0,1.0,1.0,1.0
142.20000000000002,1.0,1.0,1.0,1.0,1.0,1.0,1.0
142.25,1.0,1.0,1.0,1.0,1.0,1.0,1.0
142.3,1.0,1.0,1.0,1.0,1.0,1.0,1.0
142.35,1.0,1.0,1.0,1.0,1.0,1.0,1.0
142.4,1.0,1.0,1.0,1.0,1.0,1.0,1.0
142.45000000000002,1.0,1.0,1.0,1.0,1.0,1.0,1.0
142.5,1.0,1.0,1.0,1.0,1.0,1.0,1.0
142.55,1.0,1.0,1.0,1.0,1.0,1.0,1.0
142.6,1.0,1.0,1.0,1.0,1.0,1.0,1.0
142.65,1.0,1.0,1.0,1.0,1.0,1.0,1.0
142.70000000000002,1.0,1.0,1.0,1.0,1.0,1.0,1.0
142.75,1.0,1.0,1.0,1.0,1.0,1.0,1.0
142.8,1.0,1.0,1.0,1.0,1.0,1.0,1.0
142.85,1.0,1.0,1.0,1.0,1.0,1.0,1.0
142.9,1.0,1.0,1.0,1.0,1.0,1.0,1.0
142.95000000000002,1.0,1.0,1.0,1.0,1.0,1.0,1.0
143.0,1.0,1.0,1.0,1.0,1.0,1.0,1.0
143.05,1.0,1.0,1.0,1.0,1.0,1.0,1.0
143.1,1.0,1.0,1.0,1.0,1.0,1.0,1.0
143.15,1.0,1.0,1.0,1.0,1.0,1.0,1.0
143.20000000000002,1.0,1.0,1.0,1.0,1.0,1.0,1.0
143.25,1.0,1.0,1.0,1.0,1.0,1.0,1.0
143.3,1.0,1.0,1.0,1.0,1.0,1.0,1.0
143.35,1.0,1.0,1.0,1.0,1.0,1.0,1.0
143.4,1.0,1.0,1.0,1.0,1.0,1.0,1.0
143.45000000000002,1.0,1.0,1.0,1.0,1.0,1.0,1.0
143.5,1.0,1.0,1.0,1.0,1.0,1.0,1.0
143.55,1.0,1.0,1.0,1.0,1.0,1.0,1.0
143.6,1.0,1.0,1.0,1.0,1.0,1.0,1.0
143.65,1.0,1.0,1.0,1.0,1.0,1.0,1.0
143.70000000000002,1.0,1.0,1.0,1.0,1.0,1.0,1.0
143.75,1.0,1.0,1.0,1.0,1.0,1.0,1.0
143.8,1.0,1.0,1.0,1.0,1.0,1.0,1.0
143.85,1.0,1.0,1.0,1.0,1.0,1.0,1.0
143.9,1.0,1.0,1.0,1.0,1.0,1.0,1.0
143.95000000000002,1.0,1.0,1.0,1.0,1.0,1.0,1.0
144.0,1.0,1.0,1.0,1.0,1.0,1.0,1.0
144.05,1.0,1.0,1.0,1.0,1.0,1.0,1.0
144.1,1.0,1.0,1.0,1.0,1.0,1.0,1.0
144.15,1.0,1.0,1.0,1.0,1.0,1.0,1.0
144.20000000000002,1.0,1.0,1.0,1.0,1.0,1.0,1.0
144.25,1.0,1.0,1.0,1.0,1.0,1.0,1.0
144.3,1.0,1.0,1.0,1.0,1.0,1.0,1.0
144.35,1.0,1.0,1.0,1.0,1.0,1.0,1.0
144.4,1.0,1.0,1.0,1.0,1.0,1.0,1.0
144.45000000000002,1.0,1.0,1.0,1.0,1.0,1.0,1.0
144.5,1.0,1.0,1.0,1.0,1.0,1.0,1.0
144.55,1.0,1.0,1.0,1.0,1.0,1.0,1.0
144.6,1.0,1.0,1.0,1.0,1.0,1.0,1.0
144.65,1.0,1.0,1.0,1.0,1.0,1.0,1.0
144.70000000000002,1.0,1.0,1.0,1.0,1.0,1.0,1.0
144.75,1.0,1.0,1.0,1.0,1.0,1.0,1.0
144.8,1.0,1.0,1.0,1.0,1.0,1.0,1.0
144.85,1.0,1.0,1.0,1.0,1.0,1.0,1.0
144.9,1.0,1.0,1.0,1.0,1.0,1.0,1.0
144.95000000000002,1.0,1.0,1.0,1.0,1.0,1.0,1.0
145.0,1.0,1.0,1.0,1.0,1.0,1.0,1.0
145.05,1.0,1.0,1.0,1.0,1.0,1.0,1.0
145.1,1.0,1.0,1.0,1.0,1.0,1.0,1.0
145.15,1.0,1.0,1.0,1.0,1.0,1.0,1.0
145.20000000000002,1.0,1.0,1.0,1.0,1.0,1.0,1.0
145.25,1.0,1.0,1.0,1.0,1.0,1.0,1.0
145.3,1.0,1.0,1.0,1.0,1.0,1.0,1.0
145.35,1.0,1.0,1.0,1.0,1.0,1.0,1.0
145.4,1.0,1.0,1.0,1.0,1.0,1.0,1.0
145.45000000000002,1.0,1.0,1.0,1.0,1.0,1.0,1.0
145.5,1.0,1.0,1.0,1.0,1.0,1.0,1.0
145.55,1.0,1.0,1.0,1.0,1.0,1.0,1.0
145.6,1.0,1.0,1.0,1.0,1.0,1.0,1.0
145.65,1.0,1.0,1.0,1.0,1.0,1.0,1.0
145.70000000000002,1.0,1.0,1.0,1.0,1.0,1.0,1.0
145.75,1.0,1.0,1.0,1.0,1.0,1.0,1.0
145.8,1.0,1.0,1.0,1.0,1.0,1.0,1.0
145.85,1.0,1.0,1.0,1.0,1.0,1.0,1.0
145.9,1.0,1.0,1.0,1.0,1.0,1.0,1.0
145.95000000000002,1.0,1.0,1.0,1.0,1.0,1.0,1.0
146.0,1.0,1.0,1.0,1.0,1.0,1.0,1.0
146.05,1.0,1.0,1.0,1.0,1.0,1.0,1.0
146.1,1.0,1.0,1.0,1.0,1.0,1.0,1.0
146.15,1.0,1.0,1.0,1.0,1.0,1.0,1.0
146.20000000000002,1.0,1.0,1.0,1.0,1.0,1.0,1.0
146.25,1.0,1.0,1.0,1.0,1.0,1.0,1.0
146.3,1.0,1.0,1.0,1.0,1.0,1.0,1.0
146.35,1.0,1.0,1.0,1.0,1.0,1.0,1.0
146.4,1.0,1.0,1.0,1.0,1.0,1.0,1.0
146.45000000000002,1.0,1.0,1.0,1.0,1.0,1.0,1.0
146.5,1.0,1.0,1.0,1.0,1.0,1.0,1.0
146.55,1.0,1.0,1.0,1.0,1.0,1.0,1.0
146.6,1.0,1.0,1.0,1.0,1.0,1.0,1.0
146.65,1.0,1.0,1.0,1.0,1.0,1.0,1.0
146.70000000000002,1.0,1.0,1.0,1.0,1.0,1.0,1.0
146.75,1.0,1.0,1.0,1.0,1.0,1.0,1.0
146.8,1.0,1.0,1.0,1.0,1.0,1.0,1.0
146.85,1.0,1.0,1.0,1.0,1.0,1.0,1.0
146.9,1.0,1.0,1.0,1.0,1.0,1.0,1.0
146.95000000000002,1.0,1.0,1.0,1.0,1.0,1.0,1.0
147.0,1.0,1.0,1.0,1.0,1.0,1.0,1.0
147.05,1.0,1.0,1.0,1.0,1.0,1.0,1.0
147.1,1.0,1.0,1.0,1.0,1.0,1.0,1.0
147.15,1.0,1.0,1.0,1.0,1.0,1.0,1.0
147.20000000000002,1.0,1.0,1.0,1.0,1.0,1.0,1.0
147.25,1.0,1.0,1.0,1.0,1.0,1.0,1.0
147.3,1.0,1.0,1.0,1.0,1.0,1.0,1.0
147.35,1.0,1.0,1.0,1.0,1.0,1.0,1.0
147.4,1.0,1.0,1.0,1.0,1.0,1.0,1.0
147.45000000000002,1.0,1.0,1.0,1.0,1.0,1.0,1.0
147.5,1.0,1.0,1.0,1.0,1.0,1.0,1.0
147.55,1.0,1.0,1.0,1.0,1.0,1.0,1.0
147.6,1.0,1.0,1.0,1.0,1.0,1.0,1.0
147.65,1.0,1.0,1.0,1.0,1.0,1.0,1.0
147.70000000000002,1.0,1.0,1.0,1.0,1.0,1.0,1.0
147.75,1.0,1.0,1.0,1.0,1.0,1.0,1.0
147.8,1.0,1.0,1.0,1.0,1.0,1.0,1.0
147.85,1.0,1.0,1.0,1.0,1.0,1.0,1.0
147.9,1.0,1.0,1.0,1.0,1.0,1.0,1.0
147.95000000000002,1.0,1.0,1.0,1.0,1.0,1.0,1.0
148.0,1.0,1.0,1.0,1.0,1.0,1.0,1.0
148.05,1.0,1.0,1.0,1.0,1.0,1.0,1.0
148.1,1.0,1.0,1.0,1.0,1.0,1.0,1.0
148.15,1.0,1.0,1.0,1.0,1.0,1.0,1.0
148.20000000000002,1.0,1.0,1.0,1.0,1.0,1.0,1.0
148.25,1.0,1.0,1.0,1.0,1.0,1.0,1.0
148.3,1.0,1.0,1.0,1.0,1.0,1.0,1.0
148.35,1.0,1.0,1.0,1.0,1.0,1.0,1.0
148.4,1.0,1.0,1.0,1.0,1.0,1.0,1.0
148.45000000000002,1.0,1.0,1.0,1.0,1.0,1.0,1.0
148.5,1.0,1.0,1.0,1.0,1.0,1.0,1.0
148.55,1.0,1.0,1.0,1.0,1.0,1.0,1.0
148.6,1.0,1.0,1.0,1.0,1.0,1.0,1.0
148.65,1.0,1.0,1.0,1.0,1.0,1.0,1.0
148.70000000000002,1.0,1.0,1.0,1.0,1.0,1.0,1.0
148.75,1.0,1.0,1.0,1.0,1.0,1.0,1.0
148.8,1.0,1.0,1.0,1.0,1.0,1.0,1.0
148.85,1.0,1.0,1.0,1.0,1.0,1.0,1.0
148.9,1.0,1.0,1.0,1.0,1.0,1.0,1.0
148.95000000000002,1.0,1.0,1.0,1.0,1.0,1.0,1.0
149.0,1.0,1.0,1.0,1.0,1.0,1.0,1.0
149.05,1.0,1.0,1.0,1.0,1.0,1.0,1.0
149.1,1.0,1.0,1.0,1.0,1.0,1.0,1.0
149.15,1.0,1.0,1.0,1.0,1.0,1.0,1.0
149.20000000000002,1.0,1.0,1.0,1.0,1.0,1.0,1.0
149.25,1.0,1.0,1.0,1.0,1.0,1.0,1.0
149.3,1.0,1.0,1.0,1.0,1.0,1.0,1.0
149.35,1.0,1.0,1.0,1.0,1.0,1.0,1.0
149.4,1.0,1.0,1.0,1.0,1.0,1.0,1.0
149.45000000000002,1.0,1.0,1.0,1.0,1.0,1.0,1.0
149.5,1.0,1.0,1.0,1.0,1.0,1.0,1.0
149.55,1.0,1.0,1.0,1.0,1.0,1.0,1.0
149.6,1.0,1.0,1.0,1.0,1.0,1.0,1.0
149.65,1.0,1.0,1.0,1.0,1.0,1.0,1.0
149.70000000000002,1.0,1.0,1.0,1.0,1.0,1.0,1.0
149.75,1.0,1.0,1.0,1.0,1.0,1.0,1.0
149.8,1.0,1.0,1.0,1.0,1.0,1.0,1.0
149.85,1.0,1.0,1.0,1.0,1.0,1.0,1.0
149.9,1.0,1.0,1.0,1.0,1.0,1.0,1.0
149.95000000000002,1.0,1.0,1.0,1.0,1.0,1.0,1.0
150.0,1.0,1.0,1.0,1.0,1.0,1.0,1.0
150.05,1.0,1.0,1.0,1.0,1.0,1.0,1.0
150.1,1.0,1.0,1.0,1.0,1.0,1.0,1.0
150.15,1.0,1.0,1.0,1.0,1.0,1.0,1.0
150.20000000000002,1.0,1.0,1.0,1.0,1.0,1.0,1.0
150.25,1.0,1.0,1.0,1.0,1.0,1.0,1.0
150.3,1.0,1.0,1.0,1.0,1.0,1.0,1.0
150.35,1.0,1.0,1.0,1.0,1.0,1.0,1.0
150.4,1.0,1.0,1.0,1.0,1.0,1.0,1.0
150.45000000000002,1.0,1.0,1.0,1.0,1.0,1.0,1.0
150.5,1.0,1.0,1.0,1.0,1.0,1.0,1.0
150.55,1.0,1.0,1.0,1.0,1.0,1.0,1.0
150.6,1.0,1.0,1.0,1.0,1.0,1.0,1.0
150.65,1.0,1.0,1.0,1.0,1.0,1.0,1.0
150.70000000000002,1.0,1.0,1.0,1.0,1.0,1.0,1.0
150.75,1.0,1.0,1.0,1.0,1.0,1.0,1.0
150.8,1.0,1.0,1.0,1.0,1.0,1.0,1.0
150.85,1.0,1.0,1.0,1.0,1.0,1.0,1.0
150.9,1.0,1.0,1.0,1.0,1.0,1.0,1.0
150.95000000000002,1.0,1.0,1.0,1.0,1.0,1.0,1.0
151.0,1.0,1.0,1.0,1.0,1.0,1.0,1.0
151.05,1.0,1.0,1.0,1.0,1.0,1.0,1.0
151.1,1.0,1.0,1.0,1.0,1.0,1.0,1.0
151.15,1.0,1.0,1.0,1.0,1.0,1.0,1.0
151.20000000000002,1.0,1.0,1.0,1.0,1.0,1.0,1.0
151.25,1.0,1.0,1.0,1.0,1.0,1.0,1.0
151.3,1.0,1.0,1.0,1.0,1.0,1.0,1.0
151.35,1.0,1.0,1.0,1.0,1.0,1.0,1.0
151.4,1.0,1.0,1.0,1.0,1.0,1.0,1.0
151.45000000000002,1.0,1.0,1.0,1.0,1.0,1.0,1.0
151.5,1.0,1.0,1.0,1.0,1.0,1.0,1.0
151.55,1.0,1.0,1.0,1.0,1.0,1.0,1.0
151.6,1.0,1.0,1.0,1.0,1.0,1.0,1.0
151.65,1.0,1.0,1.0,1.0,1.0,1.0,1.0
151.70000000000002,1.0,1.0,1.0,1.0,1.0,1.0,1.0
151.75,1.0,1.0,1.0,1.0,1.0,1.0,1.0
151.8,1.0,1.0,1.0,1.0,1.0,1.0,1.0
151.85,1.0,1.0,1.0,1.0,1.0,1.0,1.0
151.9,1.0,1.0,1.0,1.0,1.0,1.0,1.0
151.95000000000002,1.0,1.0,1.0,1.0,1.0,1.0,1.0
152.0,1.0,1.0,1.0,1.0,1.0,1.0,1.0
152.05,1.0,1.0,1.0,1.0,1.0,1.0,1.0
152.1,1.0,1.0,1.0,1.0,1.0,1.0,1.0
152.15,1.0,1.0,1.0,1.0,1.0,1.0,1.0
152.20000000000002,1.0,1.0,1.0,1.0,1.0,1.0,1.0
152.25,1.0,1.0,1.0,1.0,1.0,1.0,1.0
152.3,1.0,1.0,1.0,1.0,1.0,1.0,1.0
152.35,1.0,1.0,1.0,1.0,1.0,1.0,1.0
152.4,1.0,1.0,1.0,1.0,1.0,1.0,1.0
152.45000000000002,1.0,1.0,1.0,1.0,1.0,1.0,1.0
152.5,1.0,1.0,1.0,1.0,1.0,1.0,1.0
152.55,1.0,1.0,1.0,1.0,1.0,1.0,1.0
152.6,1.0,1.0,1.0,1.0,1.0,1.0,1.0
152.65,1.0,1.0,1.0,1.0,1.0,1.0,1.0
152.70000000000002,1.0,1.0,1.0,1.0,1.0,1.0,1.0
152.75,1.0,1.0,1.0,1.0,1.0,1.0,1.0
152.8,1.0,1.0,1.0,1.0,1.0,1.0,1.0
152.85,1.0,1.0,1.0,1.0,1.0,1.0,1.0
152.9,1.0,1.0,1.0,1.0,1.0,1.0,1.0
152.95000000000002,1.0,1.0,1.0,1.0,1.0,1.0,1.0
153.0,1.0,1.0,1.0,1.0,1.0,1.0,1.0
153.05,1.0,1.0,1.0,1.0,1.0,1.0,1.0
153.1,1.0,1.0,1.0,1.0,1.0,1.0,1.0
153.15,1.0,1.0,1.0,1.0,1.0,1.0,1.0
153.20000000000002,1.0,1.0,1.0,1.0,1.0,1.0,1.0
153.25,1.0,1.0,1.0,1.0,1.0,1.0,1.0
153.3,1.0,1.0,1.0,1.0,1.0,1.0,1.0
153.35,1.0,1.0,1.0,1.0,1.0,1.0,1.0
153.4,1.0,1.0,1.0,1.0,1.0,1.0,1.0
153.45000000000002,1.0,1.0,1.0,1.0,1.0,1.0,1.0
153.5,1.0,1.0,1.0,1.0,1.0,1.0,1.0
153.55,1.0,1.0,1.0,1.0,1.0,1.0,1.0
153.60000000000002,1.0,1.0,1.0,1.0,1.0,1.0,1.0
153.65,1.0,1.0,1.0,1.0,1.0,1.0,1.0
153.70000000000002,1.0,1.0,1.0,1.0,1.0,1.0,1.0
153.75,1.0,1.0,1.0,1.0,1.0,1.0,1.0
153.8,1.0,1.0,1.0,1.0,1.0,1.0,1.0
153.85000000000002,1.0,1.0,1.0,1.0,1.0,1.0,1.0
153.9,1.0,1.0,1.0,1.0,1.0,1.0,1.0
153.95000000000002,1.0,1.0,1.0,1.0,1.0,1.0,1.0
154.0,1.0,1.0,1.0,1.0,1.0,1.0,1.0
154.05,1.0,1.0,1.0,1.0,1.0,1.0,1.0
154.10000000000002,1.0,1.0,1.0,1.0,1.0,1.0,1.0
154.15,1.0,1.0,1.0,1.0,1.0,1.0,1.0
154.20000000000002,1.0,1.0,1.0,1.0,1.0,1.0,1.0
154.25,1.0,1.0,1.0,1.0,1.0,1.0,1.0
154.3,1.0,1.0,1.0,1.0,1.0,1.0,1.0
154.35000000000002,1.0,1.0,1.0,1.0,1.0,1.0,1.0
154.4,1.0,1.0,1.0,1.0,1.0,1.0,1.0
154.45000000000002,1.0,1.0,1.0,1.0,1.0,1.0,1.0
154.5,1.0,1.0,1.0,1.0,1.0,1.0,1.0
154.55,1.0,1.0,1.0,1.0,1.0,1.0,1.0
154.60000000000002,1.0,1.0,1.0,1.0,1.0,1.0,1.0
154.65,1.0,1.0,1.0,1.0,1.0,1.0,1.0
154.70000000000002,1.0,1.0,1.0,1.0,1.0,1.0,1.0
154.75,1.0,1.0,1.0,1.0,1.0,1.0,1.0
154.8,1.0,1.0,1.0,1.0,1.0,1.0,1.0
154.85000000000002,1.0,1.0,1.0,1.0,1.0,1.0,1.0
154.9,1.0,1.0,1.0,1.0,1.0,1.0,1.0
154.95000000000002,1.0,1.0,1.0,1.0,1.0,1.0,1.0
155.0,1.0,1.0,1.0,1.0,1.0,1.0,1.0
155.05,1.0,1.0,1.0,1.0,1.0,1.0,1.0
155.10000000000002,1.0,1.0,1.0,1.0,1.0,1.0,1.0
155.15,1.0,1.0,1.0,1.0,1.0,1.0,1.0
155.20000000000002,1.0,1.0,1.0,1.0,1.0,1.0,1.0
155.25,1.0,1.0,1.0,1.0,1.0,1.0,1.0
155.3,1.0,1.0,1.0,1.0,1.0,1.0,1.0
155.35000000000002,1.0,1.0,1.0,1.0,1.0,1.0,1.0
155.4,1.0,1.0,1.0,1.0,1.0,1.0,1.0
155.45000000000002,1.0,1.0,1.0,1.0,1.0,1.0,1.0
155.5,1.0,1.0,1.0,1.0,1.0,1.0,1.0
155.55,1.0,1.0,1.0,1.0,1.0,1.0,1.0
155.60000000000002,1.0,1.0,1.0,1.0,1.0,1.0,1.0
155.65,1.0,1.0,1.0,1.0,1.0,1.0,1.0
155.70000000000002,1.0,1.0,1.0,1.0,1.0,1.0,1.0
155.75,1.0,1.0,1.0,1.0,1.0,1.0,1.0
155.8,1.0,1.0,1.0,1.0,1.0,1.0,1.0
155.85000000000002,1.0,1.0,1.0,1.0,1.0,1.0,1.0
155.9,1.0,1.0,1.0,1.0,1.0,1.0,1.0
155.95000000000002,1.0,1.0,1.0,1.0,1.0,1.0,1.0
156.0,1.0,1.0,1.0,1.0,1.0,1.0,1.0
156.05,1.0,1.0,1.0,1.0,1.0,1.0,1.0
156.10000000000002,1.0,1.0,1.0,1.0,1.0,1.0,1.0
156.15,1.0,1.0,1.0,1.0,1.0,1.0,1.0
156.20000000000002,1.0,1.0,1.0,1.0,1.0,1.0,1.0
156.25,1.0,1.0,1.0,1.0,1.0,1.0,1.0
156.3,1.0,1.0,1.0,1.0,1.0,1.0,1.0
156.35000000000002,1.0,1.0,1.0,1.0,1.0,1.0,1.0
156.4,1.0,1.0,1.0,1.0,1.0,1.0,1.0
156.45000000000002,1.0,1.0,1.0,1.0,1.0,1.0,1.0
156.5,1.0,1.0,1.0,1.0,1.0,1.0,1.0
156.55,1.0,1.0,1.0,1.0,1.0,1.0,1.0
156.60000000000002,1.0,1.0,1.0,1.0,1.0,1.0,1.0
156.65,1.0,1.0,1.0,1.0,1.0,1.0,1.0
156.70000000000002,1.0,1.0,1.0,1.0,1.0,1.0,1.0
156.75,1.0,1.0,1.0,1.0,1.0,1.0,1.0
156.8,1.0,1.0,1.0,1.0,1.0,1.0,1.0
156.85000000000002,1.0,1.0,1.0,1.0,1.0,1.0,1.0
156.9,1.0,1.0,1.0,1.0,1.0,1.0,1.0
156.95000000000002,1.0,1.0,1.0,1.0,1.0,1.0,1.0
157.0,1.0,1.0,1.0,1.0,1.0,1.0,1.0
157.05,1.0,1.0,1.0,1.0,1.0,1.0,1.0
157.10000000000002,1.0,1.0,1.0,1.0,1.0,1.0,1.0
157.15,1.0,1.0,1.0,1.0,1.0,1.0,1.0
157.20000000000002,1.0,1.0,1.0,1.0,1.0,1.0,1.0
157.25,1.0,1.0,1.0,1.0,1.0,1.0,1.0
157.3,1.0,1.0,1.0,1.0,1.0,1.0,1.0
157.35000000000002,1.0,1.0,1.0,1.0,1.0,1.0,1.0
157.4,1.0,1.0,1.0,1.0,1.0,1.0,1.0
157.45000000000002,1.0,1.0,1.0,1.0,1.0,1.0,1.0
157.5,1.0,1.0,1.0,1.0,1.0,1.0,1.0
157.55,1.0,1.0,1.0,1.0,1.0,1.0,1.0
157.60000000000002,1.0,1.0,1.0,1.0,1.0,1.0,1.0
157.65,1.0,1.0,1.0,1.0,1.0,1.0,1.0
157.70000000000002,1.0,1.0,1.0,1.0,1.0,1.0,1.0
157.75,1.0,1.0,1.0,1.0,1.0,1.0,1.0
157.8,1.0,1.0,1.0,1.0,1.0,1.0,1.0
157.85000000000002,1.0,1.0,1.0,1.0,1.0,1.0,1.0
157.9,1.0,1.0,1.0,1.0,1.0,1.0,1.0
157.95000000000002,1.0,1.0,1.0,1.0,1.0,1.0,1.0
158.0,1.0,1.0,1.0,1.0,1.0,1.0,1.0
158.05,1.0,1.0,1.0,1.0,1.0,1.0,1.0
158.10000000000002,1.0,1.0,1.0,1.0,1.0,1.0,1.0
158.15,1.0,1.0,1.0,1.0,1.0,1.0,1.0
158.20000000000002,1.0,1.0,1.0,1.0,1.0,1.0,1.0
158.25,1.0,1.0,1.0,1.0,1.0,1.0,1.0
158.3,1.0,1.0,1.0,1.0,1.0,1.0,1.0
158.35000000000002,1.0,1.0,1.0,1.0,1.0,1.0,1.0
158.4,1.0,1.0,1.0,1.0,1.0,1.0,1.0
158.45000000000002,1.0,1.0,1.0,1.0,1.0,1.0,1.0
158.5,1.0,1.0,1.0,1.0,1.0,1.0,1.0
158.55,1.0,1.0,1.0,1.0,1.0,1.0,1.0
158.60000000000002,1.0,1.0,1.0,1.0,1.0,1.0,1.0
158.65,1.0,1.0,1.0,1.0,1.0,1.0,1.0
158.70000000000002,1.0,1.0,1.0,1.0,1.0,1.0,1.0
158.75,1.0,1.0,1.0,1.0,1.0,1.0,1.0
158.8,1.0,1.0,1.0,1.0,1.0,1.0,1.0
158.85000000000002,1.0,1.0,1.0,1.0,1.0,1.0,1.0
158.9,1.0,1.0,1.0,1.0,1.0,1.0,1.0
158.95000000000002,1.0,1.0,1.0,1.0,1.0,1.0,1.0
159.0,1.0,1.0,1.0,1.0,1.0,1.0,1.0
159.05,1.0,1.0,1.0,1.0,1.0,1.0,1.0
159.10000000000002,1.0,1.0,1.0,1.0,1.0,1.0,1.0
159.15,1.0,1.0,1.0,1.0,1.0,1.0,1.0
159.20000000000002,1.0,1.0,1.0,1.0,1.0,1.0,1.0
159.25,1.0,1.0,1.0,1.0,1.0,1.0,1.0
159.3,1.0,1.0,1.0,1.0,1.0,1.0,1.0
159.35000000000002,1.0,1.0,1.0,1.0,1.0,1.0,1.0
159.4,1.0,1.0,1.0,1.0,1.0,1.0,1.0
159.45000000000002,1.0,1.0,1.0,1.0,1.0,1.0,1.0
159.5,1.0,1.0,1.0,1.0,1.0,1.0,1.0
159.55,1.0,1.0,1.0,1.0,1.0,1.0,1.0
159.60000000000002,1.0,1.0,1.0,1.0,1.0,1.0,1.0
159.65,1.0,1.0,1.0,1.0,1.0,1.0,1.0
159.70000000000002,1.0,1.0,1.0,1.0,1.0,1.0,1.0
159.75,1.0,1.0,1.0,1.0,1.0,1.0,1.0
159.8,1.0,1.0,1.0,1.0,1.0,1.0,1.0
159.85000000000002,1.0,1.0,1.0,1.0,1.0,1.0,1.0
159.9,1.0,1.0,1.0,1.0,1.0,1.0,1.0
159.95000000000002,1.0,1.0,1.0,1.0,1.0,1.0,1.0
160.0,1.0,1.0,1.0,1.0,1.0,1.0,1.0
160.05,1.0,1.0,1.0,1.0,1.0,1.0,1.0
160.10000000000002,1.0,1.0,1.0,1.0,1.0,1.0,1.0
160.15,1.0,1.0,1.0,1.0,1.0,1.0,1.0
160.20000000000002,1.0,1.0,1.0,1.0,1.0,1.0,1.0
160.25,1.0,1.0,1.0,1.0,1.0,1.0,1.0
160.3,1.0,1.0,1.0,1.0,1.0,1.0,1.0
160.35000000000002,1.0,1.0,1.0,1.0,1.0,1.0,1.0
160.4,1.0,1.0,1.0,1.0,1.0,1.0,1.0
160.45000000000002,1.0,1.0,1.0,1.0,1.0,1.0,1.0
160.5,1.0,1.0,1.0,1.0,1.0,1.0,1.0
160.55,1.0,1.0,1.0,1.0,1.0,1.0,1.0
160.60000000000002,1.0,1.0,1.0,1.0,1.0,1.0,1.0
160.65,1.0,1.0,1.0,1.0,1.0,1.0,1.0
160.70000000000002,1.0,1.0,1.0,1.0,1.0,1.0,1.0
160.75,1.0,1.0,1.0,1.0,1.0,1.0,1.0
160.8,1.0,1.0,1.0,1.0,1.0,1.0,1.0
160.85000000000002,1.0,1.0,1.0,1.0,1.0,1.0,1.0
160.9,1.0,1.0,1.0,1.0,1.0,1.0,1.0
160.95000000000002,1.0,1.0,1.0,1.0,1.0,1.0,1.0
161.0,1.0,1.0,1.0,1.0,1.0,1.0,1.0
161.05,1.0,1.0,1.0,1.0,1.0,1.0,1.0
161.10000000000002,1.0,1.0,1.0,1.0,1.0,1.0,1.0
161.15,1.0,1.0,1.0,1.0,1.0,1.0,1.0
161.20000000000002,1.0,1.0,1.0,1.0,1.0,1.0,1.0
161.25,1.0,1.0,1.0,1.0,1.0,1.0,1.0
161.3,1.0,1.0,1.0,1.0,1.0,1.0,1.0
161.35000000000002,1.0,1.0,1.0,1.0,1.0,1.0,1.0
161.4,1.0,1.0,1.0,1.0,1.0,1.0,1.0
161.45000000000002,1.0,1.0,1.0,1.0,1.0,1.0,1.0
161.5,1.0,1.0,1.0,1.0,1.0,1.0,1.0
161.55,1.0,1.0,1.0,1.0,1.0,1.0,1.0
161.60000000000002,1.0,1.0,1.0,1.0,1.0,1.0,1.0
161.65,1.0,1.0,1.0,1.0,1.0,1.0,1.0
161.70000000000002,1.0,1.0,1.0,1.0,1.0,1.0,1.0
161.75,1.0,1.0,1.0,1.0,1.0,1.0,1.0
161.8,1.0,1.0,1.0,1.0,1.0,1.0,1.0
161.85000000000002,1.0,1.0,1.0,1.0,1.0,1.0,1.0
161.9,1.0,1.0,1.0,1.0,1.0,1.0,1.0
161.95000000000002,1.0,1.0,1.0,1.0,1.0,1.0,1.0
162.0,1.0,1.0,1.0,1.0,1.0,1.0,1.0
162.05,1.0,1.0,1.0,1.0,1.0,1.0,1.0
162.10000000000002,1.0,1.0,1.0,1.0,1.0,1.0,1.0
162.15,1.0,1.0,1.0,1.0,1.0,1.0,1.0
162.20000000000002,1.0,1.0,1.0,1.0,1.0,1.0,1.0
162.25,1.0,1.0,1.0,1.0,1.0,1.0,1.0
162.3,1.0,1.0,1.0,1.0,1.0,1.0,1.0
162.35000000000002,1.0,1.0,1.0,1.0,1.0,1.0,1.0
162.4,1.0,1.0,1.0,1.0,1.0,1.0,1.0
162.45000000000002,1.0,1.0,1.0,1.0,1.0,1.0,1.0
162.5,1.0,1.0,1.0,1.0,1.0,1.0,1.0
162.55,1.0,1.0,1.0,1.0,1.0,1.0,1.0
162.60000000000002,1.0,1.0,1.0,1.0,1.0,1.0,1.0
162.65,1.0,1.0,1.0,1.0,1.0,1.0,1.0
162.70000000000002,1.0,1.0,1.0,1.0,1.0,1.0,1.0
162.75,1.0,1.0,1.0,1.0,1.0,1.0,1.0
162.8,1.0,1.0,1.0,1.0,1.0,1.0,1.0
162.85000000000002,1.0,1.0,1.0,1.0,1.0,1.0,1.0
162.9,1.0,1.0,1.0,1.0,1.0,1.0,1.0
162.95000000000002,1.0,1.0,1.0,1.0,1.0,1.0,1.0
163.0,1.0,1.0,1.0,1.0,1.0,1.0,1.0
163.05,1.0,1.0,1.0,1.0,1.0,1.0,1.0
163.10000000000002,1.0,1.0,1.0,1.0,1.0,1.0,1.0
163.15,1.0,1.0,1.0,1.0,1.0,1.0,1.0
163.20000000000002,1.0,1.0,1.0,1.0,1.0,1.0,1.0
163.25,1.0,1.0,1.0,1.0,1.0,1.0,1.0
163.3,1.0,1.0,1.0,1.0,1.0,1.0,1.0
163.35000000000002,1.0,1.0,1.0,1.0,1.0,1.0,1.0
163.4,1.0,1.0,1.0,1.0,1.0,1.0,1.0
163.45000000000002,1.0,1.0,1.0,1.0,1.0,1.0,1.0
163.5,1.0,1.0,1.0,1.0,1.0,1.0,1.0
163.55,1.0,1.0,1.0,1.0,1.0,1.0,1.0
163.60000000000002,1.0,1.0,1.0,1.0,1.0,1.0,1.0
163.65,1.0,1.0,1.0,1.0,1.0,1.0,1.0
163.70000000000002,1.0,1.0,1.0,1.0,1.0,1.0,1.0
163.75,1.0,1.0,1.0,1.0,1.0,1.0,1.0
163.8,1.0,1.0,1.0,1.0,1.0,1.0,1.0
163.85000000000002,1.0,1.0,1.0,1.0,1.0,1.0,1.0
163.9,1.0,1.0,1.0,1.0,1.0,1.0,1.0
163.95000000000002,1.0,1.0,1.0,1.0,1.0,1.0,1.0
164.0,1.0,1.0,1.0,1.0,1.0,1.0,1.0
164.05,1.0,1.0,1.0,1.0,1.0,1.0,1.0
164.10000000000002,1.0,1.0,1.0,1.0,1.0,1.0,1.0
164.15,1.0,1.0,1.0,1.0,1.0,1.0,1.0
164.20000000000002,1.0,1.0,1.0,1.0,1.0,1.0,1.0
164.25,1.0,1.0,1.0,1.0,1.0,1.0,1.0
164.3,1.0,1.0,1.0,1.0,1.0,1.0,1.0
164.35000000000002,1.0,1.0,1.0,1.0,1.0,1.0,1.0
164.4,1.0,1.0,1.0,1.0,1.0,1.0,1.0
164.45000000000002,1.0,1.0,1.0,1.0,1.0,1.0,1.0
164.5,1.0,1.0,1.0,1.0,1.0,1.0,1.0
164.55,1.0,1.0,1.0,1.0,1.0,1.0,1.0
164.60000000000002,1.0,1.0,1.0,1.0,1.0,1.0,1.0
164.65,1.0,1.0,1.0,1.0,1.0,1.0,1.0
164.70000000000002,1.0,1.0,1.0,1.0,1.0,1.0,1.0
164.75,1.0,1.0,1.0,1.0,1.0,1.0,1.0
164.8,1.0,1.0,1.0,1.0,1.0,1.0,1.0
164.85000000000002,1.0,1.0,1.0,1.0,1.0,1.0,1.0
164.9,1.0,1.0,1.0,1.0,1.0,1.0,1.0
164.95000000000002,1.0,1.0,1.0,1.0,1.0,1.0,1.0
165.0,1.0,1.0,1.0,1.0,1.0,1.0,1.0
165.05,1.0,1.0,1.0,1.0,1.0,1.0,1.0
165.10000000000002,1.0,1.0,1.0,1.0,1.0,1.0,1.0
165.15,1.0,1.0,1.0,1.0,1.0,1.0,1.0
165.20000000000002,1.0,1.0,1.0,1.0,1.0,1.0,1.0
165.25,1.0,1.0,1.0,1.0,1.0,1.0,1.0
165.3,1.0,1.0,1.0,1.0,1.0,1.0,1.0
165.35000000000002,1.0,1.0,1.0,1.0,1.0,1.0,1.0
165.4,1.0,1.0,1.0,1.0,1.0,1.0,1.0
165.45000000000002,1.0,1.0,1.0,1.0,1.0,1.0,1.0
165.5,1.0,1.0,1.0,1.0,1.0,1.0,1.0
165.55,1.0,1.0,1.0,1.0,1.0,1.0,1.0
165.60000000000002,1.0,1.0,1.0,1.0,1.0,1.0,1.0
165.65,1.0,1.0,1.0,1.0,1.0,1.0,1.0
165.70000000000002,1.0,1.0,1.0,1.0,1.0,1.0,1.0
165.75,1.0,1.0,1.0,1.0,1.0,1.0,1.0
165.8,1.0,1.0,1.0,1.0,1.0,1.0,1.0
165.85000000000002,1.0,1.0,1.0,1.0,1.0,1.0,1.0
165.9,1.0,1.0,1.0,1.0,1.0,1.0,1.0
165.95000000000002,1.0,1.0,1.0,1.0,1.0,1.0,1.0
166.0,1.0,1.0,1.0,1.0,1.0,1.0,1.0
166.05,1.0,1.0,1.0,1.0,1.0,1.0,1.0
166.10000000000002,1.0,1.0,1.0,1.0,1.0,1.0,1.0
166.15,1.0,1.0,1.0,1.0,1.0,1.0,1.0
166.20000000000002,1.0,1.0,1.0,1.0,1.0,1.0,1.0
166.25,1.0,1.0,1.0,1.0,1.0,1.0,1.0
166.3,1.0,1.0,1.0,1.0,1.0,1.0,1.0
166.35000000000002,1.0,1.0,1.0,1.0,1.0,1.0,1.0
166.4,1.0,1.0,1.0,1.0,1.0,1.0,1.0
166.45000000000002,1.0,1.0,1.0,1.0,1.0,1.0,1.0
166.5,1.0,1.0,1.0,1.0,1.0,1.0,1.0
166.55,1.0,1.0,1.0,1.0,1.0,1.0,1.0
166.60000000000002,1.0,1.0,1.0,1.0,1.0,1.0,1.0
166.65,1.0,1.0,1.0,1.0,1.0,1.0,1.0
166.70000000000002,1.0,1.0,1.0,1.0,1.0,1.0,1.0
166.75,1.0,1.0,1.0,1.0,1.0,1.0,1.0
166.8,1.0,1.0,1.0,1.0,1.0,1.0,1.0
166.85000000000002,1.0,1.0,1.0,1.0,1.0,1.0,1.0
166.9,1.0,1.0,1.0,1.0,1.0,1.0,1.0
166.95000000000002,1.0,1.0,1.0,1.0,1.0,1.0,1.0
167.0,1.0,1.0,1.0,1.0,1.0,1.0,1.0
167.05,1.0,1.0,1.0,1.0,1.0,1.0,1.0
167.10000000000002,1.0,1.0,1.0,1.0,1.0,1.0,1.0
167.15,1.0,1.0,1.0,1.0,1.0,1.0,1.0
167.20000000000002,1.0,1.0,1.0,1.0,1.0,1.0,1.0
167.25,1.0,1.0,1.0,1.0,1.0,1.0,1.0
167.3,1.0,1.0,1.0,1.0,1.0,1.0,1.0
167.35000000000002,1.0,1.0,1.0,1.0,1.0,1.0,1.0
167.4,1.0,1.0,1.0,1.0,1.0,1.0,1.0
167.45000000000002,1.0,1.0,1.0,1.0,1.0,1.0,1.0
167.5,1.0,1.0,1.0,1.0,1.0,1.0,1.0
167.55,1.0,1.0,1.0,1.0,1.0,1.0,1.0
167.60000000000002,1.0,1.0,1.0,1.0,1.0,1.0,1.0
167.65,1.0,1.0,1.0,1.0,1.0,1.0,1.0
167.70000000000002,1.0,1.0,1.0,1.0,1.0,1.0,1.0
167.75,1.0,1.0,1.0,1.0,1.0,1.0,1.0
167.8,1.0,1.0,1.0,1.0,1.0,1.0,1.0
167.85000000000002,1.0,1.0,1.0,1.0,1.0,1.0,1.0
167.9,1.0,1.0,1.0,1.0,1.0,1.0,1.0
167.95000000000002,1.0,1.0,1.0,1.0,1.0,1.0,1.0
168.0,1.0,1.0,1.0,1.0,1.0,1.0,1.0
168.05,1.0,1.0,1.0,1.0,1.0,1.0,1.0
168.10000000000002,1.0,1.0,1.0,1.0,1.0,1.0,1.0
168.15,1.0,1.0,1.0,1.0,1.0,1.0,1.0
168.20000000000002,1.0,1.0,1.0,1.0,1.0,1.0,1.0
168.25,1.0,1.0,1.0,1.0,1.0,1.0,1.0
168.3,1.0,1.0,1.0,1.0,1.0,1.0,1.0
168.35000000000002,1.0,1.0,1.0,1.0,1.0,1.0,1.0
168.4,1.0,1.0,1.0,1.0,1.0,1.0,1.0
168.45000000000002,1.0,1.0,1.0,1.0,1.0,1.0,1.0
168.5,1.0,1.0,1.0,1.0,1.0,1.0,1.0
168.55,1.0,1.0,1.0,1.0,1.0,1.0,1.0
168.60000000000002,1.0,1.0,1.0,1.0,1.0,1.0,1.0
168.65,1.0,1.0,1.0,1.0,1.0,1.0,1.0
168.70000000000002,1.0,1.0,1.0,1.0,1.0,1.0,1.0
168.75,1.0,1.0,1.0,1.0,1.0,1.0,1.0
168.8,1.0,1.0,1.0,1.0,1.0,1.0,1.0
168.85000000000002,1.0,1.0,1.0,1.0,1.0,1.0,1.0
168.9,1.0,1.0,1.0,1.0,1.0,1.0,1.0
168.95000000000002,1.0,1.0,1.0,1.0,1.0,1.0,1.0
169.0,1.0,1.0,1.0,1.0,1.0,1.0,1.0
169.05,1.0,1.0,1.0,1.0,1.0,1.0,1.0
169.10000000000002,1.0,1.0,1.0,1.0,1.0,1.0,1.0
169.15,1.0,1.0,1.0,1.0,1.0,1.0,1.0
169.20000000000002,1.0,1.0,1.0,1.0,1.0,1.0,1.0
169.25,1.0,1.0,1.0,1.0,1.0,1.0,1.0
169.3,1.0,1.0,1.0,1.0,1.0,1.0,1.0
169.35000000000002,1.0,1.0,1.0,1.0,1.0,1.0,1.0
169.4,1.0,1.0,1.0,1.0,1.0,1.0,1.0
169.45000000000002,1.0,1.0,1.0,1.0,1.0,1.0,1.0
169.5,1.0,1.0,1.0,1.0,1.0,1.0,1.0
169.55,1.0,1.0,1.0,1.0,1.0,1.0,1.0
169.60000000000002,1.0,1.0,1.0,1.0,1.0,1.0,1.0
169.65,1.0,1.0,1.0,1.0,1.0,1.0,1.0
169.70000000000002,1.0,1.0,1.0,1.0,1.0,1.0,1.0
169.75,1.0,1.0,1.0,1.0,1.0,1.0,1.0
169.8,1.0,1.0,1.0,1.0,1.0,1.0,1.0
169.85000000000002,1.0,1.0,1.0,1.0,1.0,1.0,1.0
169.9,1.0,1.0,1.0,1.0,1.0,1.0,1.0
169.95000000000002,1.0,1.0,1.0,1.0,1.0,1.0,1.0
170.0,1.0,1.0,1.0,1.0,1.0,1.0,1.0
170.05,1.0,1.0,1.0,1.0,1.0,1.0,1.0
170.10000000000002,1.0,1.0,1.0,1.0,1.0,1.0,1.0
170.15,1.0,1.0,1.0,1.0,1.0,1.0,1.0
170.20000000000002,1.0,1.0,1.0,1.0,1.0,1.0,1.0
170.25,1.0,1.0,1.0,1.0,1.0,1.0,1.0
170.3,1.0,1.0,1.0,1.0,1.0,1.0,1.0
170.35000000000002,1.0,1.0,1.0,1.0,1.0,1.0,1.0
170.4,1.0,1.0,1.0,1.0,1.0,1.0,1.0
170.45000000000002,1.0,1.0,1.0,1.0,1.0,1.0,1.0
170.5,1.0,1.0,1.0,1.0,1.0,1.0,1.0
170.55,1.0,1.0,1.0,1.0,1.0,1.0,1.0
170.60000000000002,1.0,1.0,1.0,1.0,1.0,1.0,1.0
170.65,1.0,1.0,1.0,1.0,1.0,1.0,1.0
170.70000000000002,1.0,1.0,1.0,1.0,1.0,1.0,1.0
170.75,1.0,1.0,1.0,1.0,1.0,1.0,1.0
170.8,1.0,1.0,1.0,1.0,1.0,1.0,1.0
170.85000000000002,1.0,1.0,1.0,1.0,1.0,1.0,1.0
170.9,1.0,1.0,1.0,1.0,1.0,1.0,1.0
170.95000000000002,1.0,1.0,1.0,1.0,1.0,1.0,1.0
171.0,1.0,1.0,1.0,1.0,1.0,1.0,1.0
171.05,1.0,1.0,1.0,1.0,1.0,1.0,1.0
171.10000000000002,1.0,1.0,1.0,1.0,1.0,1.0,1.0
171.15,1.0,1.0,1.0,1.0,1.0,1.0,1.0
171.20000000000002,1.0,1.0,1.0,1.0,1.0,1.0,1.0
171.25,1.0,1.0,1.0,1.0,1.0,1.0,1.0
171.3,1.0,1.0,1.0,1.0,1.0,1.0,1.0
171.35000000000002,1.0,1.0,1.0,1.0,1.0,1.0,1.0
171.4,1.0,1.0,1.0,1.0,1.0,1.0,1.0
171.45000000000002,1.0,1.0,1.0,1.0,1.0,1.0,1.0
171.5,1.0,1.0,1.0,1.0,1.0,1.0,1.0
171.55,1.0,1.0,1.0,1.0,1.0,1.0,1.0
171.60000000000002,1.0,1.0,1.0,1.0,1.0,1.0,1.0
171.65,1.0,1.0,1.0,1.0,1.0,1.0,1.0
171.70000000000002,1.0,1.0,1.0,1.0,1.0,1.0,1.0
171.75,1.0,1.0,1.0,1.0,1.0,1.0,1.0
171.8,1.0,1.0,1.0,1.0,1.0,1.0,1.0
171.85000000000002,1.0,1.0,1.0,1.0,1.0,1.0,1.0
171.9,1.0,1.0,1.0,1.0,1.0,1.0,1.0
171.95000000000002,1.0,1.0,1.0,1.0,1.0,1.0,1.0
172.0,1.0,1.0,1.0,1.0,1.0,1.0,1.0
172.05,1.0,1.0,1.0,1.0,1.0,1.0,1.0
172.10000000000002,1.0,1.0,1.0,1.0,1.0,1.0,1.0
172.15,1.0,1.0,1.0,1.0,1.0,1.0,1.0
172.20000000000002,1.0,1.0,1.0,1.0,1.0,1.0,1.0
172.25,1.0,1.0,1.0,1.0,1.0,1.0,1.0
172.3,1.0,1.0,1.0,1.0,1.0,1.0,1.0
172.35000000000002,1.0,1.0,1.0,1.0,1.0,1.0,1.0
172.4,1.0,1.0,1.0,1.0,1.0,1.0,1.0
172.45000000000002,1.0,1.0,1.0,1.0,1.0,1.0,1.0
172.5,1.0,1.0,1.0,1.0,1.0,1.0,1.0
172.55,1.0,1.0,1.0,1.0,1.0,1.0,1.0
172.60000000000002,1.0,1.0,1.0,1.0,1.0,1.0,1.0
172.65,1.0,1.0,1.0,1.0,1.0,1.0,1.0
172.70000000000002,1.0,1.0,1.0,1.0,1.0,1.0,1.0
172.75,1.0,1.0,1.0,1.0,1.0,1.0,1.0
172.8,1.0,1.0,1.0,1.0,1.0,1.0,1.0
172.85000000000002,1.0,1.0,1.0,1.0,1.0,1.0,1.0
172.9,1.0,1.0,1.0,1.0,1.0,1.0,1.0
172.95000000000002,1.0,1.0,1.0,1.0,1.0,1.0,1.0
173.0,1.0,1.0,1.0,1.0,1.0,1.0,1.0
173.05,1.0,1.0,1.0,1.0,1.0,1.0,1.0
173.10000000000002,1.0,1.0,1.0,1.0,1.0,1.0,1.0
173.15,1.0,1.0,1.0,1.0,1.0,1.0,1.0
173.20000000000002,1.0,1.0,1.0,1.0,1.0,1.0,1.0
173.25,1.0,1.0,1.0,1.0,1.0,1.0,1.0
173.3,1.0,1.0,1.0,1.0,1.0,1.0,1.0
173.35000000000002,1.0,1.0,1.0,1.0,1.0,1.0,1.0
173.4,1.0,1.0,1.0,1.0,1.0,1.0,1.0
173.45000000000002,1.0,1.0,1.0,1.0,1.0,1.0,1.0
173.5,1.0,1.0,1.0,1.0,1.0,1.0,1.0
173.55,1.0,1.0,1.0,1.0,1.0,1.0,1.0
173.60000000000002,1.0,1.0,1.0,1.0,1.0,1.0,1.0
173.65,1.0,1.0,1.0,1.0,1.0,1.0,1.0
173.70000000000002,1.0,1.0,1.0,1.0,1.0,1.0,1.0
173.75,1.0,1.0,1.0,1.0,1.0,1.0,1.0
173.8,1.0,1.0,1.0,1.0,1.0,1.0,1.0
173.85000000000002,1.0,1.0,1.0,1.0,1.0,1.0,1.0
173.9,1.0,1.0,1.0,1.0,1.0,1.0,1.0
173.95000000000002,1.0,1.0,1.0,1.0,1.0,1.0,1.0
174.0,1.0,1.0,1.0,1.0,1.0,1.0,1.0
174.05,1.0,1.0,1.0,1.0,1.0,1.0,1.0
174.10000000000002,1.0,1.0,1.0,1.0,1.0,1.0,1.0
174.15,1.0,1.0,1.0,1.0,1.0,1.0,1.0
174.20000000000002,1.0,1.0,1.0,1.0,1.0,1.0,1.0
174.25,1.0,1.0,1.0,1.0,1.0,1.0,1.0
174.3,1.0,1.0,1.0,1.0,1.0,1.0,1.0
174.35000000000002,1.0,1.0,1.0,1.0,1.0,1.0,1.0
174.4,1.0,1.0,1.0,1.0,1.0,1.0,1.0
174.45000000000002,1.0,1.0,1.0,1.0,1.0,1.0,1.0
174.5,1.0,1.0,1.0,1.0,1.0,1.0,1.0
174.55,1.0,1.0,1.0,1.0,1.0,1.0,1.0
174.60000000000002,1.0,1.0,1.0,1.0,1.0,1.0,1.0
174.65,1.0,1.0,1.0,1.0,1.0,1.0,1.0
174.70000000000002,1.0,1.0,1.0,1.0,1.0,1.0,1.0
174.75,1.0,1.0,1.0,1.0,1.0,1.0,1.0
174.8,1.0,1.0,1.0,1.0,1.0,1.0,1.0
174.85000000000002,1.0,1.0,1.0,1.0,1.0,1.0,1.0
174.9,1.0,1.0,1.0,1.0,1.0,1.0,1.0
174.95000000000002,1.0,1.0,1.0,1.0,1.0,1.0,1.0
175.0,1.0,1.0,1.0,1.0,1.0,1.0,1.0
175.05,1.0,1.0,1.0,1.0,1.0,1.0,1.0
175.10000000000002,1.0,1.0,1.0,1.0,1.0,1.0,1.0
175.15,1.0,1.0,1.0,1.0,1.0,1.0,1.0
175.20000000000002,1.0,1.0,1.0,1.0,1.0,1.0,1.0
175.25,1.0,1.0,1.0,1.0,1.0,1.0,1.0
175.3,1.0,1.0,1.0,1.0,1.0,1.0,1.0
175.35000000000002,1.0,1.0,1.0,1.0,1.0,1.0,1.0
175.4,1.0,1.0,1.0,1.0,1.0,1.0,1.0
175.45000000000002,1.0,1.0,1.0,1.0,1.0,1.0,1.0
175.5,1.0,1.0,1.0,1.0,1.0,1.0,1.0
175.55,1.0,1.0,1.0,1.0,1.0,1.0,1.0
175.60000000000002,1.0,1.0,1.0,1.0,1.0,1.0,1.0
175.65,1.0,1.0,1.0,1.0,1.0,1.0,1.0
175.70000000000002,1.0,1.0,1.0,1.0,1.0,1.0,1.0
175.75,1.0,1.0,1.0,1.0,1.0,1.0,1.0
175.8,1.0,1.0,1.0,1.0,1.0,1.0,1.0
175.85000000000002,1.0,1.0,1.0,1.0,1.0,1.0,1.0
175.9,1.0,1.0,1.0,1.0,1.0,1.0,1.0
175.95000000000002,1.0,1.0,1.0,1.0,1.0,1.0,1.0
176.0,1.0,1.0,1.0,1.0,1.0,1.0,1.0
176.05,1.0,1.0,1.0,1.0,1.0,1.0,1.0
176.10000000000002,1.0,1.0,1.0,1.0,1.0,1.0,1.0
176.15,1.0,1.0,1.0,1.0,1.0,1.0,1.0
176.20000000000002,1.0,1.0,1.0,1.0,1.0,1.0,1.0
176.25,1.0,1.0,1.0,1.0,1.0,1.0,1.0
176.3,1.0,1.0,1.0,1.0,1.0,1.0,1.0
176.35000000000002,1.0,1.0,1.0,1.0,1.0,1.0,1.0
176.4,1.0,1.0,1.0,1.0,1.0,1.0,1.0
176.45000000000002,1.0,1.0,1.0,1.0,1.0,1.0,1.0
176.5,1.0,1.0,1.0,1.0,1.0,1.0,1.0
176.55,1.0,1.0,1.0,1.0,1.0,1.0,1.0
176.60000000000002,1.0,1.0,1.0,1.0,1.0,1.0,1.0
176.65,1.0,1.0,1.0,1.0,1.0,1.0,1.0
176.70000000000002,1.0,1.0,1.0,1.0,1.0,1.0,1.0
176.75,1.0,1.0,1.0,1.0,1.0,1.0,1.0
176.8,1.0,1.0,1.0,1.0,1.0,1.0,1.0
176.85000000000002,1.0,1.0,1.0,1.0,1.0,1.0,1.0
176.9,1.0,1.0,1.0,1.0,1.0,1.0,1.0
176.95000000000002,1.0,1.0,1.0,1.0,1.0,1.0,1.0
177.0,1.0,1.0,1.0,1.0,1.0,1.0,1.0
177.05,1.0,1.0,1.0,1.0,1.0,1.0,1.0
177.10000000000002,1.0,1.0,1.0,1.0,1.0,1.0,1.0
177.15,1.0,1.0,1.0,1.0,1.0,1.0,1.0
177.20000000000002,1.0,1.0,1.0,1.0,1.0,1.0,1.0
177.25,1.0,1.0,1.0,1.0,1.0,1.0,1.0
177.3,1.0,1.0,1.0,1.0,1.0,1.0,1.0
177.35000000000002,1.0,1.0,1.0,1.0,1.0,1.0,1.0
177.4,1.0,1.0,1.0,1.0,1.0,1.0,1.0
177.45000000000002,1.0,1.0,1.0,1.0,1.0,1.0,1.0
177.5,1.0,1.0,1.0,1.0,1.0,1.0,1.0
177.55,1.0,1.0,1.0,1.0,1.0,1.0,1.0
177.60000000000002,1.0,1.0,1.0,1.0,1.0,1.0,1.0
177.65,1.0,1.0,1.0,1.0,1.0,1.0,1.0
177.70000000000002,1.0,1.0,1.0,1.0,1.0,1.0,1.0
177.75,1.0,1.0,1.0,1.0,1.0,1.0,1.0
177.8,1.0,1.0,1.0,1.0,1.0,1.0,1.0
177.85000000000002,1.0,1.0,1.0,1.0,1.0,1.0,1.0
177.9,1.0,1.0,1.0,1.0,1.0,1.0,1.0
177.95000000000002,1.0,1.0,1.0,1.0,1.0,1.0,1.0
178.0,1.0,1.0,1.0,1.0,1.0,1.0,1.0
178.05,1.0,1.0,1.0,1.0,1.0,1.0,1.0
178.10000000000002,1.0,1.0,1.0,1.0,1.0,1.0,1.0
178.15,1.0,1.0,1.0,1.0,1.0,1.0,1.0
178.20000000000002,1.0,1.0,1.0,1.0,1.0,1.0,1.0
178.25,1.0,1.0,1.0,1.0,1.0,1.0,1.0
178.3,1.0,1.0,1.0,1.0,1.0,1.0,1.0
178.35000000000002,1.0,1.0,1.0,1.0,1.0,1.0,1.0
178.4,1.0,1.0,1.0,1.0,1.0,1.0,1.0
178.45000000000002,1.0,1.0,1.0,1.0,1.0,1.0,1.0
178.5,1.0,1.0,1.0,1.0,1.0,1.0,1.0
178.55,1.0,1.0,1.0,1.0,1.0,1.0,1.0
178.60000000000002,1.0,1.0,1.0,1.0,1.0,1.0,1.0
178.65,1.0,1.0,1.0,1.0,1.0,1.0,1.0
178.70000000000002,1.0,1.0,1.0,1.0,1.0,1.0,1.0
178.75,1.0,1.0,1.0,1.0,1.0,1.0,1.0
178.8,1.0,1.0,1.0,1.0,1.0,1.0,1.0
178.85000000000002,1.0,1.0,1.0,1.0,1.0,1.0,1.0
178.9,1.0,1.0,1.0,1.0,1.0,1.0,1.0
178.95000000000002,1.0,1.0,1.0,1.0,1.0,1.0,1.0
179.0,1.0,1.0,1.0,1.0,1.0,1.0,1.0
179.05,1.0,1.0,1.0,1.0,1.0,1.0,1.0
179.10000000000002,1.0,1.0,1.0,1.0,1.0,1.0,1.0
179.15,1.0,1.0,1.0,1.0,1.0,1.0,1.0
179.20000000000002,1.0,1.0,1.0,1.0,1.0,1.0,1.0
179.25,1.0,1.0,1.0,1.0,1.0,1.0,1.0
179.3,1.0,1.0,1.0,1.0,1.0,1.0,1.0
179.35000000000002,1.0,1.0,1.0,1.0,1.0,1.0,1.0
179.4,1.0,1.0,1.0,1.0,1.0,1.0,1.0
179.45000000000002,1.0,1.0,1.0,1.0,1.0,1.0,1.0
179.5,1.0,1.0,1.0,1.0,1.0,1.0,1.0
179.55,1.0,1.0,1.0,1.0,1.0,1.0,1.0
179.60000000000002,1.0,1.0,1.0,1.0,1.0,1.0,1.0
179.65,1.0,1.0,1.0,1.0,1.0,1.0,1.0
179.70000000000002,1.0,1.0,1.0,1.0,1.0,1.0,1.0
179.75,1.0,1.0,1.0,1.0,1.0,1.0,1.0
179.8,1.0,1.0,1.0,1.0,1.0,1.0,1.0
179.85000000000002,1.0,1.0,1.0,1.0,1.0,1.0,1.0
179.9,1.0,1.0,1.0,1.0,1.0,1.0,1.0
179.95000000000002,1.0,1.0,1.0,1.0,1.0,1.0,1.0
180.0,1.0,1.0,1.0,1.0,1.0,1.0,1.0
180.05,1.0,1.0,1.0,1.0,1.0,1.0,1.0
180.10000000000002,1.0,1.0,1.0,1.0,1.0,1.0,1.0
180.15,1.0,1.0,1.0,1.0,1.0,1.0,1.0
180.20000000000002,1.0,1.0,1.0,1.0,1.0,1.0,1.0
180.25,1.0,1.0,1.0,1.0,1.0,1.0,1.0
180.3,1.0,1.0,1.0,1.0,1.0,1.0,1.0
180.35000000000002,1.0,1.0,1.0,1.0,1.0,1.0,1.0
180.4,1.0,1.0,1.0,1.0,1.0,1.0,1.0
180.45000000000002,1.0,1.0,1.0,1.0,1.0,1.0,1.0
180.5,1.0,1.0,1.0,1.0,1.0,1.0,1.0
180.55,1.0,1.0,1.0,1.0,1.0,1.0,1.0
180.60000000000002,1.0,1.0,1.0,1.0,1.0,1.0,1.0
180.65,1.0,1.0,1.0,1.0,1.0,1.0,1.0
180.70000000000002,1.0,1.0,1.0,1.0,1.0,1.0,1.0
180.75,1.0,1.0,1.0,1.0,1.0,1.0,1.0
180.8,1.0,1.0,1.0,1.0,1.0,1.0,1.0
180.85000000000002,1.0,1.0,1.0,1.0,1.0,1.0,1.0
180.9,1.0,1.0,1.0,1.0,1.0,1.0,1.0
180.95000000000002,1.0,1.0,1.0,1.0,1.0,1.0,1.0
181.0,1.0,1.0,1.0,1.0,1.0,1.0,1.0
181.05,1.0,1.0,1.0,1.0,1.0,1.0,1.0
181.10000000000002,1.0,1.0,1.0,1.0,1.0,1.0,1.0
181.15,1.0,1.0,1.0,1.0,1.0,1.0,1.0
181.20000000000002,1.0,1.0,1.0,1.0,1.0,1.0,1.0
181.25,1.0,1.0,1.0,1.0,1.0,1.0,1.0
181.3,1.0,1.0,1.0,1.0,1.0,1.0,1.0
181.35000000000002,1.0,1.0,1.0,1.0,1.0,1.0,1.0
181.4,1.0,1.0,1.0,1.0,1.0,1.0,1.0
181.45000000000002,1.0,1.0,1.0,1.0,1.0,1.0,1.0
181.5,1.0,1.0,1.0,1.0,1.0,1.0,1.0
181.55,1.0,1.0,1.0,1.0,1.0,1.0,1.0
181.60000000000002,1.0,1.0,1.0,1.0,1.0,1.0,1.0
181.65,1.0,1.0,1.0,1.0,1.0,1.0,1.0
181.70000000000002,1.0,1.0,1.0,1.0,1.0,1.0,1.0
181.75,1.0,1.0,1.0,1.0,1.0,1.0,1.0
181.8,1.0,1.0,1.0,1.0,1.0,1.0,1.0
181.85000000000002,1.0,1.0,1.0,1.0,1.0,1.0,1.0
181.9,1.0,1.0,1.0,1.0,1.0,1.0,1.0
181.95000000000002,1.0,1.0,1.0,1.0,1.0,1.0,1.0
182.0,1.0,1.0,1.0,1.0,1.0,1.0,1.0
182.05,1.0,1.0,1.0,1.0,1.0,1.0,1.0
182.10000000000002,1.0,1.0,1.0,1.0,1.0,1.0,1.0
182.15,1.0,1.0,1.0,1.0,1.0,1.0,1.0
182.20000000000002,1.0,1.0,1.0,1.0,1.0,1.0,1.0
182.25,1.0,1.0,1.0,1.0,1.0,1.0,1.0
182.3,1.0,1.0,1.0,1.0,1.0,1.0,1.0
182.35000000000002,1.0,1.0,1.0,1.0,1.0,1.0,1.0
182.4,1.0,1.0,1.0,1.0,1.0,1.0,1.0
182.45000000000002,1.0,1.0,1.0,1.0,1.0,1.0,1.0
182.5,1.0,1.0,1.0,1.0,1.0,1.0,1.0
182.55,1.0,1.0,1.0,1.0,1.0,1.0,1.0
182.60000000000002,1.0,1.0,1.0,1.0,1.0,1.0,1.0
182.65,1.0,1.0,1.0,1.0,1.0,1.0,1.0
182.70000000000002,1.0,1.0,1.0,1.0,1.0,1.0,1.0
182.75,1.0,1.0,1.0,1.0,1.0,1.0,1.0
182.8,1.0,1.0,1.0,1.0,1.0,1.0,1.0
182.85000000000002,1.0,1.0,1.0,1.0,1.0,1.0,1.0
182.9,1.0,1.0,1.0,1.0,1.0,1.0,1.0
182.95000000000002,1.0,1.0,1.0,1.0,1.0,1.0,1.0
183.0,1.0,1.0,1.0,1.0,1.0,1.0,1.0
183.05,1.0,1.0,1.0,1.0,1.0,1.0,1.0
183.10000000000002,1.0,1.0,1.0,1.0,1.0,1.0,1.0
183.15,1.0,1.0,1.0,1.0,1.0,1.0,1.0
183.20000000000002,1.0,1.0,1.0,1.0,1.0,1.0,1.0
183.25,1.0,1.0,1.0,1.0,1.0,1.0,1.0
183.3,1.0,1.0,1.0,1.0,1.0,1.0,1.0
183.35000000000002,1.0,1.0,1.0,1.0,1.0,1.0,1.0
183.4,1.0,1.0,1.0,1.0,1.0,1.0,1.0
183.45000000000002,1.0,1.0,1.0,1.0,1.0,1.0,1.0
183.5,1.0,1.0,1.0,1.0,1.0,1.0,1.0
183.55,1.0,1.0,1.0,1.0,1.0,1.0,1.0
183.60000000000002,1.0,1.0,1.0,1.0,1.0,1.0,1.0
183.65,1.0,1.0,1.0,1.0,1.0,1.0,1.0
183.70000000000002,1.0,1.0,1.0,1.0,1.0,1.0,1.0
183.75,1.0,1.0,1.0,1.0,1.0,1.0,1.0
183.8,1.0,1.0,1.0,1.0,1.0,1.0,1.0
183.85000000000002,1.0,1.0,1.0,1.0,1.0,1.0,1.0
183.9,1.0,1.0,1.0,1.0,1.0,1.0,1.0
183.95000000000002,1.0,1.0,1.0,1.0,1.0,1.0,1.0
184.0,1.0,1.0,1.0,1.0,1.0,1.0,1.0
184.05,1.0,1.0,1.0,1.0,1.0,1.0,1.0
184.10000000000002,1.0,1.0,1.0,1.0,1.0,1.0,1.0
184.15,1.0,1.0,1.0,1.0,1.0,1.0,1.0
184.20000000000002,1.0,1.0,1.0,1.0,1.0,1.0,1.0
184.25,1.0,1.0,1.0,1.0,1.0,1.0,1.0
184.3,1.0,1.0,1.0,1.0,1.0,1.0,1.0
184.35000000000002,1.0,1.0,1.0,1.0,1.0,1.0,1.0
184.4,1.0,1.0,1.0,1.0,1.0,1.0,1.0
184.45000000000002,1.0,1.0,1.0,1.0,1.0,1.0,1.0
184.5,1.0,1.0,1.0,1.0,1.0,1.0,1.0
184.55,1.0,1.0,1.0,1.0,1.0,1.0,1.0
184.60000000000002,1.0,1.0,1.0,1.0,1.0,1.0,1.0
184.65,1.0,1.0,1.0,1.0,1.0,1.0,1.0
184.70000000000002,1.0,1.0,1.0,1.0,1.0,1.0,1.0
184.75,1.0,1.0,1.0,1.0,1.0,1.0,1.0
184.8,1.0,1.0,1.0,1.0,1.0,1.0,1.0
184.85000000000002,1.0,1.0,1.0,1.0,1.0,1.0,1.0
184.9,1.0,1.0,1.0,1.0,1.0,1.0,1.0
184.95000000000002,1.0,1.0,1.0,1.0,1.0,1.0,1.0
185.0,1.0,1.0,1.0,1.0,1.0,1.0,1.0
185.05,1.0,1.0,1.0,1.0,1.0,1.0,1.0
185.10000000000002,1.0,1.0,1.0,1.0,1.0,1.0,1.0
185.15,1.0,1.0,1.0,1.0,1.0,1.0,1.0
185.20000000000002,1.0,1.0,1.0,1.0,1.0,1.0,1.0
185.25,1.0,1.0,1.0,1.0,1.0,1.0,1.0
185.3,1.0,1.0,1.0,1.0,1.0,1.0,1.0
185.35000000000002,1.0,1.0,1.0,1.0,1.0,1.0,1.0
185.4,1.0,1.0,1.0,1.0,1.0,1.0,1.0
185.45000000000002,1.0,1.0,1.0,1.0,1.0,1.0,1.0
185.5,1.0,1.0,1.0,1.0,1.0,1.0,1.0
185.55,1.0,1.0,1.0,1.0,1.0,1.0,1.0
185.60000000000002,1.0,1.0,1.0,1.0,1.0,1.0,1.0
185.65,1.0,1.0,1.0,1.0,1.0,1.0,1.0
185.70000000000002,1.0,1.0,1.0,1.0,1.0,1.0,1.0
185.75,1.0,1.0,1.0,1.0,1.0,1.0,1.0
185.8,1.0,1.0,1.0,1.0,1.0,1.0,1.0
185.85000000000002,1.0,1.0,1.0,1.0,1.0,1.0,1.0
185.9,1.0,1.0,1.0,1.0,1.0,1.0,1.0
185.95000000000002,1.0,1.0,1.0,1.0,1.0,1.0,1.0
186.0,1.0,1.0,1.0,1.0,1.0,1.0,1.0
186.05,1.0,1.0,1.0,1.0,1.0,1.0,1.0
186.10000000000002,1.0,1.0,1.0,1.0,1.0,1.0,1.0
186.15,1.0,1.0,1.0,1.0,1.0,1.0,1.0
186.20000000000002,1.0,1.0,1.0,1.0,1.0,1.0,1.0
186.25,1.0,1.0,1.0,1.0,1.0,1.0,1.0
186.3,1.0,1.0,1.0,1.0,1.0,1.0,1.0
186.35000000000002,1.0,1.0,1.0,1.0,1.0,1.0,1.0
186.4,1.0,1.0,1.0,1.0,1.0,1.0,1.0
186.45000000000002,1.0,1.0,1.0,1.0,1.0,1.0,1.0
186.5,1.0,1.0,1.0,1.0,1.0,1.0,1.0
186.55,1.0,1.0,1.0,1.0,1.0,1.0,1.0
186.60000000000002,1.0,1.0,1.0,1.0,1.0,1.0,1.0
186.65,1.0,1.0,1.0,1.0,1.0,1.0,1.0
186.70000000000002,1.0,1.0,1.0,1.0,1.0,1.0,1.0
186.75,1.0,1.0,1.0,1.0,1.0,1.0,1.0
186.8,1.0,1.0,1.0,1.0,1.0,1.0,1.0
186.85000000000002,1.0,1.0,1.0,1.0,1.0,1.0,1.0
186.9,1.0,1.0,1.0,1.0,1.0,1.0,1.0
186.95000000000002,1.0,1.0,1.0,1.0,1.0,1.0,1.0
187.0,1.0,1.0,1.0,1.0,1.0,1.0,1.0
187.05,1.0,1.0,1.0,1.0,1.0,1.0,1.0
187.10000000000002,1.0,1.0,1.0,1.0,1.0,1.0,1.0
187.15,1.0,1.0,1.0,1.0,1.0,1.0,1.0
187.20000000000002,1.0,1.0,1.0,1.0,1.0,1.0,1.0
187.25,1.0,1.0,1.0,1.0,1.0,1.0,1.0
187.3,1.0,1.0,1.0,1.0,1.0,1.0,1.0
187.35000000000002,1.0,1.0,1.0,1.0,1.0,1.0,1.0
187.4,1.0,1.0,1.0,1.0,1.0,1.0,1.0
187.45000000000002,1.0,1.0,1.0,1.0,1.0,1.0,1.0
187.5,1.0,1.0,1.0,1.0,1.0,1.0,1.0
187.55,1.0,1.0,1.0,1.0,1.0,1.0,1.0
187.60000000000002,1.0,1.0,1.0,1.0,1.0,1.0,1.0
187.65,1.0,1.0,1.0,1.0,1.0,1.0,1.0
187.70000000000002,1.0,1.0,1.0,1.0,1.0,1.0,1.0
187.75,1.0,1.0,1.0,1.0,1.0,1.0,1.0
187.8,1.0,1.0,1.0,1.0,1.0,1.0,1.0
187.85000000000002,1.0,1.0,1.0,1.0,1.0,1.0,1.0
187.9,1.0,1.0,1.0,1.0,1.0,1.0,1.0
187.95000000000002,1.0,1.0,1.0,1.0,1.0,1.0,1.0
188.0,1.0,1.0,1.0,1.0,1.0,1.0,1.0
188.05,1.0,1.0,1.0,1.0,1.0,1.0,1.0
188.10000000000002,1.0,1.0,1.0,1.0,1.0,1.0,1.0
188.15,1.0,1.0,1.0,1.0,1.0,1.0,1.0
188.20000000000002,1.0,1.0,1.0,1.0,1.0,1.0,1.0
188.25,1.0,1.0,1.0,1.0,1.0,1.0,1.0
188.3,1.0,1.0,1.0,1.0,1.0,1.0,1.0
188.35000000000002,1.0,1.0,1.0,1.0,1.0,1.0,1.0
188.4,1.0,1.0,1.0,1.0,1.0,1.0,1.0
188.45000000000002,1.0,1.0,1.0,1.0,1.0,1.0,1.0
188.5,1.0,1.0,1.0,1.0,1.0,1.0,1.0
188.55,1.0,1.0,1.0,1.0,1.0,1.0,1.0
188.60000000000002,1.0,1.0,1.0,1.0,1.0,1.0,1.0
188.65,1.0,1.0,1.0,1.0,1.0,1.0,1.0
188.70000000000002,1.0,1.0,1.0,1.0,1.0,1.0,1.0
188.75,1.0,1.0,1.0,1.0,1.0,1.0,1.0
188.8,1.0,1.0,1.0,1.0,1.0,1.0,1.0
188.85000000000002,1.0,1.0,1.0,1.0,1.0,1.0,1.0
188.9,1.0,1.0,1.0,1.0,1.0,1.0,1.0
188.95000000000002,1.0,1.0,1.0,1.0,1.0,1.0,1.0
189.0,1.0,1.0,1.0,1.0,1.0,1.0,1.0
189.05,1.0,1.0,1.0,1.0,1.0,1.0,1.0
189.10000000000002,1.0,1.0,1.0,1.0,1.0,1.0,1.0
189.15,1.0,1.0,1.0,1.0,1.0,1.0,1.0
189.20000000000002,1.0,1.0,1.0,1.0,1.0,1.0,1.0
189.25,1.0,1.0,1.0,1.0,1.0,1.0,1.0
189.3,1.0,1.0,1.0,1.0,1.0,1.0,1.0
189.35000000000002,1.0,1.0,1.0,1.0,1.0,1.0,1.0
189.4,1.0,1.0,1.0,1.0,1.0,1.0,1.0
189.45000000000002,1.0,1.0,1.0,1.0,1.0,1.0,1.0
189.5,1.0,1.0,1.0,1.0,1.0,1.0,1.0
189.55,1.0,1.0,1.0,1.0,1.0,1.0,1.0
189.60000000000002,1.0,1.0,1.0,1.0,1.0,1.0,1.0
189.65,1.0,1.0,1.0,1.0,1.0,1.0,1.0
189.70000000000002,1.0,1.0,1.0,1.0,1.0,1.0,1.0
189.75,1.0,1.0,1.0,1.0,1.0,1.0,1.0
189.8,1.0,1.0,1.0,1.0,1.0,1.0,1.0
189.85000000000002,1.0,1.0,1.0,1.0,1.0,1.0,1.0
189.9,1.0,1.0,1.0,1.0,1.0,1.0,1.0
189.95000000000002,1.0,1.0,1.0,1.0,1.0,1.0,1.0
190.0,1.0,1.0,1.0,1.0,1.0,1.0,1.0
190.05,1.0,1.0,1.0,1.0,1.0,1.0,1.0
190.10000000000002,1.0,1.0,1.0,1.0,1.0,1.0,1.0
190.15,1.0,1.0,1.0,1.0,1.0,1.0,1.0
190.20000000000002,1.0,1.0,1.0,1.0,1.0,1.0,1.0
190.25,1.0,1.0,1.0,1.0,1.0,1.0,1.0
190.3,1.0,1.0,1.0,1.0,1.0,1.0,1.0
190.35000000000002,1.0,1.0,1.0,1.0,1.0,1.0,1.0
190.4,1.0,1.0,1.0,1.0,1.0,1.0,1.0
190.45000000000002,1.0,1.0,1.0,1.0,1.0,1.0,1.0
190.5,1.0,1.0,1.0,1.0,1.0,1.0,1.0
190.55,1.0,1.0,1.0,1.0,1.0,1.0,1.0
190.60000000000002,1.0,1.0,1.0,1.0,1.0,1.0,1.0
190.65,1.0,1.0,1.0,1.0,1.0,1.0,1.0
190.70000000000002,1.0,1.0,1.0,1.0,1.0,1.0,1.0
190.75,1.0,1.0,1.0,1.0,1.0,1.0,1.0
190.8,1.0,1.0,1.0,1.0,1.0,1.0,1.0
190.85000000000002,1.0,1.0,1.0,1.0,1.0,1.0,1.0
190.9,1.0,1.0,1.0,1.0,1.0,1.0,1.0
190.95000000000002,1.0,1.0,1.0,1.0,1.0,1.0,1.0
191.0,1.0,1.0,1.0,1.0,1.0,1.0,1.0
191.05,1.0,1.0,1.0,1.0,1.0,1.0,1.0
191.10000000000002,1.0,1.0,1.0,1.0,1.0,1.0,1.0
191.15,1.0,1.0,1.0,1.0,1.0,1.0,1.0
191.20000000000002,1.0,1.0,1.0,1.0,1.0,1.0,1.0
191.25,1.0,1.0,1.0,1.0,1.0,1.0,1.0
191.3,1.0,1.0,1.0,1.0,1.0,1.0,1.0
191.35000000000002,1.0,1.0,1.0,1.0,1.0,1.0,1.0
191.4,1.0,1.0,1.0,1.0,1.0,1.0,1.0
191.45000000000002,1.0,1.0,1.0,1.0,1.0,1.0,1.0
191.5,1.0,1.0,1.0,1.0,1.0,1.0,1.0
191.55,1.0,1.0,1.0,1.0,1.0,1.0,1.0
191.60000000000002,1.0,1.0,1.0,1.0,1.0,1.0,1.0
191.65,1.0,1.0,1.0,1.0,1.0,1.0,1.0
191.70000000000002,1.0,1.0,1.0,1.0,1.0,1.0,1.0
191.75,1.0,1.0,1.0,1.0,1.0,1.0,1.0
191.8,1.0,1.0,1.0,1.0,1.0,1.0,1.0
191.85000000000002,1.0,1.0,1.0,1.0,1.0,1.0,1.0
191.9,1.0,1.0,1.0,1.0,1.0,1.0,1.0
191.95000000000002,1.0,1.0,1.0,1.0,1.0,1.0,1.0
192.0,1.0,1.0,1.0,1.0,1.0,1.0,1.0
192.05,1.0,1.0,1.0,1.0,1.0,1.0,1.0
192.10000000000002,1.0,1.0,1.0,1.0,1.0,1.0,1.0
192.15,1.0,1.0,1.0,1.0,1.0,1.0,1.0
192.20000000000002,1.0,1.0,1.0,1.0,1.0,1.0,1.0
192.25,1.0,1.0,1.0,1.0,1.0,1.0,1.0
192.3,1.0,1.0,1.0,1.0,1.0,1.0,1.0
192.35000000000002,1.0,1.0,1.0,1.0,1.0,1.0,1.0
192.4,1.0,1.0,1.0,1.0,1.0,1.0,1.0
192.45000000000002,1.0,1.0,1.0,1.0,1.0,1.0,1.0
192.5,1.0,1.0,1.0,1.0,1.0,1.0,1.0
192.55,1.0,1.0,1.0,1.0,1.0,1.0,1.0
192.60000000000002,1.0,1.0,1.0,1.0,1.0,1.0,1.0
192.65,1.0,1.0,1.0,1.0,1.0,1.0,1.0
192.70000000000002,1.0,1.0,1.0,1.0,1.0,1.0,1.0
192.75,1.0,1.0,1.0,1.0,1.0,1.0,1.0
192.8,1.0,1.0,1.0,1.0,1.0,1.0,1.0
192.85000000000002,1.0,1.0,1.0,1.0,1.0,1.0,1.0
192.9,1.0,1.0,1.0,1.0,1.0,1.0,1.0
192.95000000000002,1.0,1.0,1.0,1.0,1.0,1.0,1.0
193.0,1.0,1.0,1.0,1.0,1.0,1.0,1.0
193.05,1.0,1.0,1.0,1.0,1.0,1.0,1.0
193.10000000000002,1.0,1.0,1.0,1.0,1.0,1.0,1.0
193.15,1.0,1.0,1.0,1.0,1.0,1.0,1.0
193.20000000000002,1.0,1.0,1.0,1.0,1.0,1.0,1.0
193.25,1.0,1.0,1.0,1.0,1.0,1.0,1.0
193.3,1.0,1.0,1.0,1.0,1.0,1.0,1.0
193.35000000000002,1.0,1.0,1.0,1.0,1.0,1.0,1.0
193.4,1.0,1.0,1.0,1.0,1.0,1.0,1.0
193.45000000000002,1.0,1.0,1.0,1.0,1.0,1.0,1.0
193.5,1.0,1.0,1.0,1.0,1.0,1.0,1.0
193.55,1.0,1.0,1.0,1.0,1.0,1.0,1.0
193.60000000000002,1.0,1.0,1.0,1.0,1.0,1.0,1.0
193.65,1.0,1.0,1.0,1.0,1.0,1.0,1.0
193.70000000000002,1.0,1.0,1.0,1.0,1.0,1.0,1.0
193.75,1.0,1.0,1.0,1.0,1.0,1.0,1.0
193.8,1.0,1.0,1.0,1.0,1.0,1.0,1.0
193.85000000000002,1.0,1.0,1.0,1.0,1.0,1.0,1.0
193.9,1.0,1.0,1.0,1.0,1.0,1.0,1.0
193.95000000000002,1.0,1.0,1.0,1.0,1.0,1.0,1.0
194.0,1.0,1.0,1.0,1.0,1.0,1.0,1.0
194.05,1.0,1.0,1.0,1.0,1.0,1.0,1.0
194.10000000000002,1.0,1.0,1.0,1.0,1.0,1.0,1.0
194.15,1.0,1.0,1.0,1.0,1.0,1.0,1.0
194.20000000000002,1.0,1.0,1.0,1.0,1.0,1.0,1.0
194.25,1.0,1.0,1.0,1.0,1.0,1.0,1.0
194.3,1.0,1.0,1.0,1.0,1.0,1.0,1.0
194.35000000000002,1.0,1.0,1.0,1.0,1.0,1.0,1.0
194.4,1.0,1.0,1.0,1.0,1.0,1.0,1.0
194.45000000000002,1.0,1.0,1.0,1.0,1.0,1.0,1.0
194.5,1.0,1.0,1.0,1.0,1.0,1.0,1.0
194.55,1.0,1.0,1.0,1.0,1.0,1.0,1.0
194.60000000000002,1.0,1.0,1.0,1.0,1.0,1.0,1.0
194.65,1.0,1.0,1.0,1.0,1.0,1.0,1.0
194.70000000000002,1.0,1.0,1.0,1.0,1.0,1.0,1.0
194.75,1.0,1.0,1.0,1.0,1.0,1.0,1.0
194.8,1.0,1.0,1.0,1.0,1.0,1.0,1.0
194.85000000000002,1.0,1.0,1.0,1.0,1.0,1.0,1.0
194.9,1.0,1.0,1.0,1.0,1.0,1.0,1.0
194.95000000000002,1.0,1.0,1.0,1.0,1.0,1.0,1.0
195.0,1.0,1.0,1.0,1.0,1.0,1.0,1.0
195.05,1.0,1.0,1.0,1.0,1.0,1.0,1.0
195.10000000000002,1.0,1.0,1.0,1.0,1.0,1.0,1.0
195.15,1.0,1.0,1.0,1.0,1.0,1.0,1.0
195.20000000000002,1.0,1.0,1.0,1.0,1.0,1.0,1.0
195.25,1.0,1.0,1.0,1.0,1.0,1.0,1.0
195.3,1.0,1.0,1.0,1.0,1.0,1.0,1.0
195.35000000000002,1.0,1.0,1.0,1.0,1.0,1.0,1.0
195.4,1.0,1.0,1.0,1.0,1.0,1.0,1.0
195.45000000000002,1.0,1.0,1.0,1.0,1.0,1.0,1.0
195.5,1.0,1.0,1.0,1.0,1.0,1.0,1.0
195.55,1.0,1.0,1.0,1.0,1.0,1.0,1.0
195.60000000000002,1.0,1.0,1.0,1.0,1.0,1.0,1.0
195.65,1.0,1.0,1.0,1.0,1.0,1.0,1.0
195.70000000000002,1.0,1.0,1.0,1.0,1.0,1.0,1.0
195.75,1.0,1.0,1.0,1.0,1.0,1.0,1.0
195.8,1.0,1.0,1.0,1.0,1.0,1.0,1.0
195.85000000000002,1.0,1.0,1.0,1.0,1.0,1.0,1.0
195.9,1.0,1.0,1.0,1.0,1.0,1.0,1.0
195.95000000000002,1.0,1.0,1.0,1.0,1.0,1.0,1.0
196.0,1.0,1.0,1.0,1.0,1.0,1.0,1.0
196.05,1.0,1.0,1.0,1.0,1.0,1.0,1.0
196.10000000000002,1.0,1.0,1.0,1.0,1.0,1.0,1.0
196.15,1.0,1.0,1.0,1.0,1.0,1.0,1.0
196.20000000000002,1.0,1.0,1.0,1.0,1.0,1.0,1.0
196.25,1.0,1.0,1.0,1.0,1.0,1.0,1.0
196.3,1.0,1.0,1.0,1.0,1.0,1.0,1.0
196.35000000000002,1.0,1.0,1.0,1.0,1.0,1.0,1.0
196.4,1.0,1.0,1.0,1.0,1.0,1.0,1.0
196.45000000000002,1.0,1.0,1.0,1.0,1.0,1.0,1.0
196.5,1.0,1.0,1.0,1.0,1.0,1.0,1.0
196.55,1.0,1.0,1.0,1.0,1.0,1.0,1.0
196.60000000000002,1.0,1.0,1.0,1.0,1.0,1.0,1.0
196.65,1.0,1.0,1.0,1.0,1.0,1.0,1.0
196.70000000000002,1.0,1.0,1.0,1.0,1.0,1.0,1.0
196.75,1.0,1.0,1.0,1.0,1.0,1.0,1.0
196.8,1.0,1.0,1.0,1.0,1.0,1.0,1.0
196.85000000000002,1.0,1.0,1.0,1.0,1.0,1.0,1.0
196.9,1.0,1.0,1.0,1.0,1.0,1.0,1.0
196.95000000000002,1.0,1.0,1.0,1.0,1.0,1.0,1.0
197.0,1.0,1.0,1.0,1.0,1.0,1.0,1.0
197.05,1.0,1.0,1.0,1.0,1.0,1.0,1.0
197.10000000000002,1.0,1.0,1.0,1.0,1.0,1.0,1.0
197.15,1.0,1.0,1.0,1.0,1.0,1.0,1.0
197.20000000000002,1.0,1.0,1.0,1.0,1.0,1.0,1.0
197.25,1.0,1.0,1.0,1.0,1.0,1.0,1.0
197.3,1.0,1.0,1.0,1.0,1.0,1.0,1.0
197.35000000000002,1.0,1.0,1.0,1.0,1.0,1.0,1.0
197.4,1.0,1.0,1.0,1.0,1.0,1.0,1.0
197.45000000000002,1.0,1.0,1.0,1.0,1.0,1.0,1.0
197.5,1.0,1.0,1.0,1.0,1.0,1.0,1.0
197.55,1.0,1.0,1.0,1.0,1.0,1.0,1.0
197.60000000000002,1.0,1.0,1.0,1.0,1.0,1.0,1.0
197.65,1.0,1.0,1.0,1.0,1.0,1.0,1.0
197.70000000000002,1.0,1.0,1.0,1.0,1.0,1.0,1.0
197.75,1.0,1.0,1.0,1.0,1.0,1.0,1.0
197.8,1.0,1.0,1.0,1.0,1.0,1.0,1.0
197.85000000000002,1.0,1.0,1.0,1.0,1.0,1.0,1.0
197.9,1.0,1.0,1.0,1.0,1.0,1.0,1.0
197.95000000000002,1.0,1.0,1.0,1.0,1.0,1.0,1.0
198.0,1.0,1.0,1.0,1.0,1.0,1.0,1.0
198.05,1.0,1.0,1.0,1.0,1.0,1.0,1.0
198.10000000000002,1.0,1.0,1.0,1.0,1.0,1.0,1.0
198.15,1.0,1.0,1.0,1.0,1.0,1.0,1.0
198.20000000000002,1.0,1.0,1.0,1.0,1.0,1.0,1.0
198.25,1.0,1.0,1.0,1.0,1.0,1.0,1.0
198.3,1.0,1.0,1.0,1.0,1.0,1.0,1.0
198.35000000000002,1.0,1.0,1.0,1.0,1.0,1.0,1.0
198.4,1.0,1.0,1.0,1.0,1.0,1.0,1.0
198.45000000000002,1.0,1.0,1.0,1.0,1.0,1.0,1.0
198.5,1.0,1.0,1.0,1.0,1.0,1.0,1.0
198.55,1.0,1.0,1.0,1.0,1.0,1.0,1.0
198.60000000000002,1.0,1.0,1.0,1.0,1.0,1.0,1.0
198.65,1.0,1.0,1.0,1.0,1.0,1.0,1.0
198.70000000000002,1.0,1.0,1.0,1.0,1.0,1.0,1.0
198.75,1.0,1.0,1.0,1.0,1.0,1.0,1.0
198.8,1.0,1.0,1.0,1.0,1.0,1.0,1.0
198.85000000000002,1.0,1.0,1.0,1.0,1.0,1.0,1.0
198.9,1.0,1.0,1.0,1.0,1.0,1.0,1.0
198.95000000000002,1.0,1.0,1.0,1.0,1.0,1.0,1.0
199.0,1.0,1.0,1.0,1.0,1.0,1.0,1.0
199.05,1.0,1.0,1.0,1.0,1.0,1.0,1.0
199.10000000000002,1.0,1.0,1.0,1.0,1.0,1.0,1.0
199.15,1.0,1.0,1.0,1.0,1.0,1.0,1.0
199.20000000000002,1.0,1.0,1.0,1.0,1.0,1.0,1.0
199.25,1.0,1.0,1.0,1.0,1.0,1.0,1.0
199.3,1.0,1.0,1.0,1.0,1.0,1.0,1.0
199.35000000000002,1.0,1.0,1.0,1.0,1.0,1.0,1.0
199.4,1.0,1.0,1.0,1.0,1.0,1.0,1.0
199.45000000000002,1.0,1.0,1.0,1.0,1.0,1.0,1.0
199.5,1.0,1.0,1.0,1.0,1.0,1.0,1.0
199.55,1.0,1.0,1.0,1.0,1.0,1.0,1.0
199.60000000000002,1.0,1.0,1.0,1.0,1.0,1.0,1.0
199.65,1.0,1.0,1.0,1.0,1.0,1.0,1.0
199.70000000000002,1.0,1.0,1.0,1.0,1.0,1.0,1.0
199.75,1.0,1.0,1.0,1.0,1.0,1.0,1.0
199.8,1.0,1.0,1.0,1.0,1.0,1.0,1.0
199.85000000000002,1.0,1.0,1.0,1.0,1.0,1.0,1.0
199.9,1.0,1.0,1.0,1.0,1.0,1.0,1.0
199.95000000000002,1.0,1.0,1.0,1.0,1.0,1.0,1.0
200.0,1.0,1.0,1.0,1.0,1.0,1.0,1.0
200.05,1.0,1.0,1.0,1.0,1.0,1.0,1.0
200.10000000000002,1.0,1.0,1.0,1.0,1.0,1.0,1.0
200.15,1.0,1.0,1.0,1.0,1.0,1.0,1.0
200.20000000000002,1.0,1.0,1.0,1.0,1.0,1.0,1.0
200.25,1.0,1.0,1.0,1.0,1.0,1.0,1.0
200.3,1.0,1.0,1.0,1.0,1.0,1.0,1.0
200.35000000000002,1.0,1.0,1.0,1.0,1.0,1.0,1.0
200.4,1.0,1.0,1.0,1.0,1.0,1.0,1.0
200.45000000000002,1.0,1.0,1.0,1.0,1.0,1.0,1.0
200.5,1.0,1.0,1.0,1.0,1.0,1.0,1.0
200.55,1.0,1.0,1.0,1.0,1.0,1.0,1.0
200.60000000000002,1.0,1.0,1.0,1.0,1.0,1.0,1.0
200.65,1.0,1.0,1.0,1.0,1.0,1.0,1.0
200.70000000000002,1.0,1.0,1.0,1.0,1.0,1.0,1.0
200.75,1.0,1.0,1.0,1.0,1.0,1.0,1.0
200.8,1.0,1.0,1.0,1.0,1.0,1.0,1.0
200.85000000000002,1.0,1.0,1.0,1.0,1.0,1.0,1.0
200.9,1.0,1.0,1.0,1.0,1.0,1.0,1.0
200.95000000000002,1.0,1.0,1.0,1.0,1.0,1.0,1.0
201.0,1.0,1.0,1.0,1.0,1.0,1.0,1.0
201.05,1.0,1.0,1.0,1.0,1.0,1.0,1.0
201.10000000000002,1.0,1.0,1.0,1.0,1.0,1.0,1.0
201.15,1.0,1.0,1.0,1.0,1.0,1.0,1.0
201.20000000000002,1.0,1.0,1.0,1.0,1.0,1.0,1.0
201.25,1.0,1.0,1.0,1.0,1.0,1.0,1.0
201.3,1.0,1.0,1.0,1.0,1.0,1.0,1.0
201.35000000000002,1.0,1.0,1.0,1.0,1.0,1.0,1.0
201.4,1.0,1.0,1.0,1.0,1.0,1.0,1.0
201.45000000000002,1.0,1.0,1.0,1.0,1.0,1.0,1.0
201.5,1.0,1.0,1.0,1.0,1.0,1.0,1.0
201.55,1.0,1.0,1.0,1.0,1.0,1.0,1.0
201.60000000000002,1.0,1.0,1.0,1.0,1.0,1.0,1.0
201.65,1.0,1.0,1.0,1.0,1.0,1.0,1.0
201.70000000000002,1.0,1.0,1.0,1.0,1.0,1.0,1.0
201.75,1.0,1.0,1.0,1.0,1.0,1.0,1.0
201.8,1.0,1.0,1.0,1.0,1.0,1.0,1.0
201.85000000000002,1.0,1.0,1.0,1.0,1.0,1.0,1.0
201.9,1.0,1.0,1.0,1.0,1.0,1.0,1.0
201.95000000000002,1.0,1.0,1.0,1.0,1.0,1.0,1.0
202.0,1.0,1.0,1.0,1.0,1.0,1.0,1.0
202.05,1.0,1.0,1.0,1.0,1.0,1.0,1.0
202.10000000000002,1.0,1.0,1.0,1.0,1.0,1.0,1.0
202.15,1.0,1.0,1.0,1.0,1.0,1.0,1.0
202.20000000000002,1.0,1.0,1.0,1.0,1.0,1.0,1.0
202.25,1.0,1.0,1.0,1.0,1.0,1.0,1.0
202.3,1.0,1.0,1.0,1.0,1.0,1.0,1.0
202.35000000000002,1.0,1.0,1.0,1.0,1.0,1.0,1.0
202.4,1.0,1.0,1.0,1.0,1.0,1.0,1.0
202.45000000000002,1.0,1.0,1.0,1.0,1.0,1.0,1.0
202.5,1.0,1.0,1.0,1.0,1.0,1.0,1.0
202.55,1.0,1.0,1.0,1.0,1.0,1.0,1.0
202.60000000000002,1.0,1.0,1.0,1.0,1.0,1.0,1.0
202.65,1.0,1.0,1.0,1.0,1.0,1.0,1.0
202.70000000000002,1.0,1.0,1.0,1.0,1.0,1.0,1.0
202.75,1.0,1.0,1.0,1.0,1.0,1.0,1.0
202.8,1.0,1.0,1.0,1.0,1.0,1.0,1.0
202.85000000000002,1.0,1.0,1.0,1.0,1.0,1.0,1.0
202.9,1.0,1.0,1.0,1.0,1.0,1.0,1.0
202.95000000000002,1.0,1.0,1.0,1.0,1.0,1.0,1.0
203.0,1.0,1.0,1.0,1.0,1.0,1.0,1.0
203.05,1.0,1.0,1.0,1.0,1.0,1.0,1.0
203.10000000000002,1.0,1.0,1.0,1.0,1.0,1.0,1.0
203.15,1.0,1.0,1.0,1.0,1.0,1.0,1.0
203.20000000000002,1.0,1.0,1.0,1.0,1.0,1.0,1.0
203.25,1.0,1.0,1.0,1.0,1.0,1.0,1.0
203.3,1.0,1.0,1.0,1.0,1.0,1.0,1.0
203.35000000000002,1.0,1.0,1.0,1.0,1.0,1.0,1.0
203.4,1.0,1.0,1.0,1.0,1.0,1.0,1.0
203.45000000000002,1.0,1.0,1.0,1.0,1.0,1.0,1.0
203.5,1.0,1.0,1.0,1.0,1.0,1.0,1.0
203.55,1.0,1.0,1.0,1.0,1.0,1.0,1.0
203.60000000000002,1.0,1.0,1.0,1.0,1.0,1.0,1.0
203.65,1.0,1.0,1.0,1.0,1.0,1.0,1.0
203.70000000000002,1.0,1.0,1.0,1.0,1.0,1.0,1.0
203.75,1.0,1.0,1.0,1.0,1.0,1.0,1.0
203.8,1.0,1.0,1.0,1.0,1.0,1.0,1.0
203.85000000000002,1.0,1.0,1.0,1.0,1.0,1.0,1.0
203.9,1.0,1.0,1.0,1.0,1.0,1.0,1.0
203.95000000000002,1.0,1.0,1.0,1.0,1.0,1.0,1.0
204.0,1.0,1.0,1.0,1.0,1.0,1.0,1.0
204.05,1.0,1.0,1.0,1.0,1.0,1.0,1.0
204.10000000000002,1.0,1.0,1.0,1.0,1.0,1.0,1.0
204.15,1.0,1.0,1.0,1.0,1.0,1.0,1.0
204.20000000000002,1.0,1.0,1.0,1.0,1.0,1.0,1.0
204.25,1.0,1.0,1.0,1.0,1.0,1.0,1.0
204.3,1.0,1.0,1.0,1.0,1.0,1.0,1.0
204.35000000000002,1.0,1.0,1.0,1.0,1.0,1.0,1.0
204.4,1.0,1.0,1.0,1.0,1.0,1.0,1.0
204.45000000000002,1.0,1.0,1.0,1.0,1.0,1.0,1.0
204.5,1.0,1.0,1.0,1.0,1.0,1.0,1.0
204.55,1.0,1.0,1.0,1.0,1.0,1.0,1.0
204.60000000000002,1.0,1.0,1.0,1.0,1.0,1.0,1.0
204.65,1.0,1.0,1.0,1.0,1.0,1.0,1.0
204.70000000000002,1.0,1.0,1.0,1.0,1.0,1.0,1.0
204.75,1.0,1.0,1.0,1.0,1.0,1.0,1.0
204.8,1.0,1.0,1.0,1.0,1.0,1.0,1.0
204.85000000000002,1.0,1.0,1.0,1.0,1.0,1.0,1.0
204.9,1.0,1.0,1.0,1.0,1.0,1.0,1.0
204.95000000000002,1.0,1.0,1.0,1.0,1.0,1.0,1.0
205.0,1.0,1.0,1.0,1.0,1.0,1.0,1.0
205.05,1.0,1.0,1.0,1.0,1.0,1.0,1.0
205.10000000000002,1.0,1.0,1.0,1.0,1.0,1.0,1.0
205.15,1.0,1.0,1.0,1.0,1.0,1.0,1.0
205.20000000000002,1.0,1.0,1.0,1.0,1.0,1.0,1.0
205.25,1.0,1.0,1.0,1.0,1.0,1.0,1.0
205.3,1.0,1.0,1.0,1.0,1.0,1.0,1.0
205.35000000000002,1.0,1.0,1.0,1.0,1.0,1.0,1.0
205.4,1.0,1.0,1.0,1.0,1.0,1.0,1.0
205.45000000000002,1.0,1.0,1.0,1.0,1.0,1.0,1.0
205.5,1.0,1.0,1.0,1.0,1.0,1.0,1.0
205.55,1.0,1.0,1.0,1.0,1.0,1.0,1.0
205.60000000000002,1.0,1.0,1.0,1.0,1.0,1.0,1.0
205.65,1.0,1.0,1.0,1.0,1.0,1.0,1.0
205.70000000000002,1.0,1.0,1.0,1.0,1.0,1.0,1.0
205.75,1.0,1.0,1.0,1.0,1.0,1.0,1.0
205.8,1.0,1.0,1.0,1.0,1.0,1.0,1.0
205.85000000000002,1.0,1.0,1.0,1.0,1.0,1.0,1.0
205.9,1.0,1.0,1.0,1.0,1.0,1.0,1.0
205.95000000000002,1.0,1.0,1.0,1.0,1.0,1.0,1.0
206.0,1.0,1.0,1.0,1.0,1.0,1.0,1.0
206.05,1.0,1.0,1.0,1.0,1.0,1.0,1.0
206.10000000000002,1.0,1.0,1.0,1.0,1.0,1.0,1.0
206.15,1.0,1.0,1.0,1.0,1.0,1.0,1.0
206.20000000000002,1.0,1.0,1.0,1.0,1.0,1.0,1.0
206.25,1.0,1.0,1.0,1.0,1.0,1.0,1.0
206.3,1.0,1.0,1.0,1.0,1.0,1.0,1.0
206.35000000000002,1.0,1.0,1.0,1.0,1.0,1.0,1.0
206.4,1.0,1.0,1.0,1.0,1.0,1.0,1.0
206.45000000000002,1.0,1.0,1.0,1.0,1.0,1.0,1.0
206.5,1.0,1.0,1.0,1.0,1.0,1.0,1.0
206.55,1.0,1.0,1.0,1.0,1.0,1.0,1.0
206.60000000000002,1.0,1.0,1.0,1.0,1.0,1.0,1.0
206.65,1.0,1.0,1.0,1.0,1.0,1.0,1.0
206.70000000000002,1.0,1.0,1.0,1.0,1.0,1.0,1.0
206.75,1.0,1.0,1.0,1.0,1.0,1.0,1.0
206.8,1.0,1.0,1.0,1.0,1.0,1.0,1.0
206.85000000000002,1.0,1.0,1.0,1.0,1.0,1.0,1.0
206.9,1.0,1.0,1.0,1.0,1.0,1.0,1.0
206.95000000000002,1.0,1.0,1.0,1.0,1.0,1.0,1.0
207.0,1.0,1.0,1.0,1.0,1.0,1.0,1.0
207.05,1.0,1.0,1.0,1.0,1.0,1.0,1.0
207.10000000000002,1.0,1.0,1.0,1.0,1.0,1.0,1.0
207.15,1.0,1.0,1.0,1.0,1.0,1.0,1.0
207.20000000000002,1.0,1.0,1.0,1.0,1.0,1.0,1.0
207.25,1.0,1.0,1.0,1.0,1.0,1.0,1.0
207.3,1.0,1.0,1.0,1.0,1.0,1.0,1.0
207.35000000000002,1.0,1.0,1.0,1.0,1.0,1.0,1.0
207.4,1.0,1.0,1.0,1.0,1.0,1.0,1.0
207.45000000000002,1.0,1.0,1.0,1.0,1.0,1.0,1.0
207.5,1.0,1.0,1.0,1.0,1.0,1.0,1.0
207.55,1.0,1.0,1.0,1.0,1.0,1.0,1.0
207.60000000000002,1.0,1.0,1.0,1.0,1.0,1.0,1.0
207.65,1.0,1.0,1.0,1.0,1.0,1.0,1.0
207.70000000000002,1.0,1.0,1.0,1.0,1.0,1.0,1.0
207.75,1.0,1.0,1.0,1.0,1.0,1.0,1.0
207.8,1.0,1.0,1.0,1.0,1.0,1.0,1.0
207.85000000000002,1.0,1.0,1.0,1.0,1.0,1.0,1.0
207.9,1.0,1.0,1.0,1.0,1.0,1.0,1.0
207.95000000000002,1.0,1.0,1.0,1.0,1.0,1.0,1.0
208.0,1.0,1.0,1.0,1.0,1.0,1.0,1.0
208.05,1.0,1.0,1.0,1.0,1.0,1.0,1.0
208.10000000000002,1.0,1.0,1.0,1.0,1.0,1.0,1.0
208.15,1.0,1.0,1.0,1.0,1.0,1.0,1.0
208.20000000000002,1.0,1.0,1.0,1.0,1.0,1.0,1.0
208.25,1.0,1.0,1.0,1.0,1.0,1.0,1.0
208.3,1.0,1.0,1.0,1.0,1.0,1.0,1.0
208.35000000000002,1.0,1.0,1.0,1.0,1.0,1.0,1.0
208.4,1.0,1.0,1.0,1.0,1.0,1.0,1.0
208.45000000000002,1.0,1.0,1.0,1.0,1.0,1.0,1.0
208.5,1.0,1.0,1.0,1.0,1.0,1.0,1.0
208.55,1.0,1.0,1.0,1.0,1.0,1.0,1.0
208.60000000000002,1.0,1.0,1.0,1.0,1.0,1.0,1.0
208.65,1.0,1.0,1.0,1.0,1.0,1.0,1.0
208.70000000000002,1.0,1.0,1.0,1.0,1.0,1.0,1.0
208.75,1.0,1.0,1.0,1.0,1.0,1.0,1.0
208.8,1.0,1.0,1.0,1.0,1.0,1.0,1.0
208.85000000000002,1.0,1.0,1.0,1.0,1.0,1.0,1.0
208.9,1.0,1.0,1.0,1.0,1.0,1.0,1.0
208.95000000000002,1.0,1.0,1.0,1.0,1.0,1.0,1.0
209.0,1.0,1.0,1.0,1.0,1.0,1.0,1.0
209.05,1.0,1.0,1.0,1.0,1.0,1.0,1.0
209.10000000000002,1.0,1.0,1.0,1.0,1.0,1.0,1.0
209.15,1.0,1.0,1.0,1.0,1.0,1.0,1.0
209.20000000000002,1.0,1.0,1.0,1.0,1.0,1.0,1.0
209.25,1.0,1.0,1.0,1.0,1.0,1.0,1.0
209.3,1.0,1.0,1.0,1.0,1.0,1.0,1.0
209.35000000000002,1.0,1.0,1.0,1.0,1.0,1.0,1.0
209.4,1.0,1.0,1.0,1.0,1.0,1.0,1.0
209.45000000000002,1.0,1.0,1.0,1.0,1.0,1.0,1.0
209.5,1.0,1.0,1.0,1.0,1.0,1.0,1.0
209.55,1.0,1.0,1.0,1.0,1.0,1.0,1.0
209.60000000000002,1.0,1.0,1.0,1.0,1.0,1.0,1.0
209.65,1.0,1.0,1.0,1.0,1.0,1.0,1.0
209.70000000000002,1.0,1.0,1.0,1.0,1.0,1.0,1.0
209.75,1.0,1.0,1.0,1.0,1.0,1.0,1.0
209.8,1.0,1.0,1.0,1.0,1.0,1.0,1.0
209.85000000000002,1.0,1.0,1.0,1.0,1.0,1.0,1.0
209.9,1.0,1.0,1.0,1.0,1.0,1.0,1.0
209.95000000000002,1.0,1.0,1.0,1.0,1.0,1.0,1.0
210.0,1.0,1.0,1.0,1.0,1.0,1.0,1.0
210.05,1.0,1.0,1.0,1.0,1.0,1.0,1.0
210.10000000000002,1.0,1.0,1.0,1.0,1.0,1.0,1.0
210.15,1.0,1.0,1.0,1.0,1.0,1.0,1.0
210.20000000000002,1.0,1.0,1.0,1.0,1.0,1.0,1.0
210.25,1.0,1.0,1.0,1.0,1.0,1.0,1.0
210.3,1.0,1.0,1.0,1.0,1.0,1.0,1.0
210.35000000000002,1.0,1.0,1.0,1.0,1.0,1.0,1.0
210.4,1.0,1.0,1.0,1.0,1.0,1.0,1.0
210.45000000000002,1.0,1.0,1.0,1.0,1.0,1.0,1.0
210.5,1.0,1.0,1.0,1.0,1.0,1.0,1.0
210.55,1.0,1.0,1.0,1.0,1.0,1.0,1.0
210.60000000000002,1.0,1.0,1.0,1.0,1.0,1.0,1.0
210.65,1.0,1.0,1.0,1.0,1.0,1.0,1.0
210.70000000000002,1.0,1.0,1.0,1.0,1.0,1.0,1.0
210.75,1.0,1.0,1.0,1.0,1.0,1.0,1.0
210.8,1.0,1.0,1.0,1.0,1.0,1.0,1.0
210.85000000000002,1.0,1.0,1.0,1.0,1.0,1.0,1.0
210.9,1.0,1.0,1.0,1.0,1.0,1.0,1.0
210.95000000000002,1.0,1.0,1.0,1.0,1.0,1.0,1.0
211.0,1.0,1.0,1.0,1.0,1.0,1.0,1.0
211.05,1.0,1.0,1.0,1.0,1.0,1.0,1.0
211.10000000000002,1.0,1.0,1.0,1.0,1.0,1.0,1.0
211.15,1.0,1.0,1.0,1.0,1.0,1.0,1.0
211.20000000000002,1.0,1.0,1.0,1.0,1.0,1.0,1.0
211.25,1.0,1.0,1.0,1.0,1.0,1.0,1.0
211.3,1.0,1.0,1.0,1.0,1.0,1.0,1.0
211.35000000000002,1.0,1.0,1.0,1.0,1.0,1.0,1.0
211.4,1.0,1.0,1.0,1.0,1.0,1.0,1.0
211.45000000000002,1.0,1.0,1.0,1.0,1.0,1.0,1.0
211.5,1.0,1.0,1.0,1.0,1.0,1.0,1.0
211.55,1.0,1.0,1.0,1.0,1.0,1.0,1.0
211.60000000000002,1.0,1.0,1.0,1.0,1.0,1.0,1.0
211.65,1.0,1.0,1.0,1.0,1.0,1.0,1.0
211.70000000000002,1.0,1.0,1.0,1.0,1.0,1.0,1.0
211.75,1.0,1.0,1.0,1.0,1.0,1.0,1.0
211.8,1.0,1.0,1.0,1.0,1.0,1.0,1.0
211.85000000000002,1.0,1.0,1.0,1.0,1.0,1.0,1.0
211.9,1.0,1.0,1.0,1.0,1.0,1.0,1.0
211.95000000000002,1.0,1.0,1.0,1.0,1.0,1.0,1.0
212.0,1.0,1.0,1.0,1.0,1.0,1.0,1.0
212.05,1.0,1.0,1.0,1.0,1.0,1.0,1.0
212.10000000000002,1.0,1.0,1.0,1.0,1.0,1.0,1.0
212.15,1.0,1.0,1.0,1.0,1.0,1.0,1.0
212.20000000000002,1.0,1.0,1.0,1.0,1.0,1.0,1.0
212.25,1.0,1.0,1.0,1.0,1.0,1.0,1.0
212.3,1.0,1.0,1.0,1.0,1.0,1.0,1.0
212.35000000000002,1.0,1.0,1.0,1.0,1.0,1.0,1.0
212.4,1.0,1.0,1.0,1.0,1.0,1.0,1.0
212.45000000000002,1.0,1.0,1.0,1.0,1.0,1.0,1.0
212.5,1.0,1.0,1.0,1.0,1.0,1.0,1.0
212.55,1.0,1.0,1.0,1.0,1.0,1.0,1.0
212.60000000000002,1.0,1.0,1.0,1.0,1.0,1.0,1.0
212.65,1.0,1.0,1.0,1.0,1.0,1.0,1.0
212.70000000000002,1.0,1.0,1.0,1.0,1.0,1.0,1.0
212.75,1.0,1.0,1.0,1.0,1.0,1.0,1.0
212.8,1.0,1.0,1.0,1.0,1.0,1.0,1.0
212.85000000000002,1.0,1.0,1.0,1.0,1.0,1.0,1.0
212.9,1.0,1.0,1.0,1.0,1.0,1.0,1.0
212.95000000000002,1.0,1.0,1.0,1.0,1.0,1.0,1.0
213.0,1.0,1.0,1.0,1.0,1.0,1.0,1.0
213.05,1.0,1.0,1.0,1.0,1.0,1.0,1.0
213.10000000000002,1.0,1.0,1.0,1.0,1.0,1.0,1.0
213.15,1.0,1.0,1.0,1.0,1.0,1.0,1.0
213.20000000000002,1.0,1.0,1.0,1.0,1.0,1.0,1.0
213.25,1.0,1.0,1.0,1.0,1.0,1.0,1.0
213.3,1.0,1.0,1.0,1.0,1.0,1.0,1.0
213.35000000000002,1.0,1.0,1.0,1.0,1.0,1.0,1.0
213.4,1.0,1.0,1.0,1.0,1.0,1.0,1.0
213.45000000000002,1.0,1.0,1.0,1.0,1.0,1.0,1.0
213.5,1.0,1.0,1.0,1.0,1.0,1.0,1.0
213.55,1.0,1.0,1.0,1.0,1.0,1.0,1.0
213.60000000000002,1.0,1.0,1.0,1.0,1.0,1.0,1.0
213.65,1.0,1.0,1.0,1.0,1.0,1.0,1.0
213.70000000000002,1.0,1.0,1.0,1.0,1.0,1.0,1.0
213.75,1.0,1.0,1.0,1.0,1.0,1.0,1.0
213.8,1.0,1.0,1.0,1.0,1.0,1.0,1.0
213.85000000000002,1.0,1.0,1.0,1.0,1.0,1.0,1.0
213.9,1.0,1.0,1.0,1.0,1.0,1.0,1.0
213.95000000000002,1.0,1.0,1.0,1.0,1.0,1.0,1.0
214.0,1.0,1.0,1.0,1.0,1.0,1.0,1.0
214.05,1.0,1.0,1.0,1.0,1.0,1.0,1.0
214.10000000000002,1.0,1.0,1.0,1.0,1.0,1.0,1.0
214.15,1.0,1.0,1.0,1.0,1.0,1.0,1.0
214.20000000000002,1.0,1.0,1.0,1.0,1.0,1.0,1.0
214.25,1.0,1.0,1.0,1.0,1.0,1.0,1.0
214.3,1.0,1.0,1.0,1.0,1.0,1.0,1.0
214.35000000000002,1.0,1.0,1.0,1.0,1.0,1.0,1.0
214.4,1.0,1.0,1.0,1.0,1.0,1.0,1.0
214.45000000000002,1.0,1.0,1.0,1.0,1.0,1.0,1.0
214.5,1.0,1.0,1.0,1.0,1.0,1.0,1.0
214.55,1.0,1.0,1.0,1.0,1.0,1.0,1.0
214.60000000000002,1.0,1.0,1.0,1.0,1.0,1.0,1.0
214.65,1.0,1.0,1.0,1.0,1.0,1.0,1.0
214.70000000000002,1.0,1.0,1.0,1.0,1.0,1.0,1.0
214.75,1.0,1.0,1.0,1.0,1.0,1.0,1.0
214.8,1.0,1.0,1.0,1.0,1.0,1.0,1.0
214.85000000000002,1.0,1.0,1.0,1.0,1.0,1.0,1.0
214.9,1.0,1.0,1.0,1.0,1.0,1.0,1.0
214.95000000000002,1.0,1.0,1.0,1.0,1.0,1.0,1.0
215.0,1.0,1.0,1.0,1.0,1.0,1.0,1.0
215.05,1.0,1.0,1.0,1.0,1.0,1.0,1.0
215.10000000000002,1.0,1.0,1.0,1.0,1.0,1.0,1.0
215.15,1.0,1.0,1.0,1.0,1.0,1.0,1.0
215.20000000000002,1.0,1.0,1.0,1.0,1.0,1.0,1.0
215.25,1.0,1.0,1.0,1.0,1.0,1.0,1.0
215.3,1.0,1.0,1.0,1.0,1.0,1.0,1.0
215.35000000000002,1.0,1.0,1.0,1.0,1.0,1.0,1.0
215.4,1.0,1.0,1.0,1.0,1.0,1.0,1.0
215.45000000000002,1.0,1.0,1.0,1.0,1.0,1.0,1.0
215.5,1.0,1.0,1.0,1.0,1.0,1.0,1.0
215.55,1.0,1.0,1.0,1.0,1.0,1.0,1.0
215.60000000000002,1.0,1.0,1.0,1.0,1.0,1.0,1.0
215.65,1.0,1.0,1.0,1.0,1.0,1.0,1.0
215.70000000000002,1.0,1.0,1.0,1.0,1.0,1.0,1.0
215.75,1.0,1.0,1.0,1.0,1.0,1.0,1.0
215.8,1.0,1.0,1.0,1.0,1.0,1.0,1.0
215.85000000000002,1.0,1.0,1.0,1.0,1.0,1.0,1.0
215.9,1.0,1.0,1.0,1.0,1.0,1.0,1.0
215.95000000000002,1.0,1.0,1.0,1.0,1.0,1.0,1.0
216.0,1.0,1.0,1.0,1.0,1.0,1.0,1.0
216.05,1.0,1.0,1.0,1.0,1.0,1.0,1.0
216.10000000000002,1.0,1.0,1.0,1.0,1.0,1.0,1.0
216.15,1.0,1.0,1.0,1.0,1.0,1.0,1.0
216.20000000000002,1.0,1.0,1.0,1.0,1.0,1.0,1.0
216.25,1.0,1.0,1.0,1.0,1.0,1.0,1.0
216.3,1.0,1.0,1.0,1.0,1.0,1.0,1.0
216.35000000000002,1.0,1.0,1.0,1.0,1.0,1.0,1.0
216.4,1.0,1.0,1.0,1.0,1.0,1.0,1.0
216.45000000000002,1.0,1.0,1.0,1.0,1.0,1.0,1.0
216.5,1.0,1.0,1.0,1.0,1.0,1.0,1.0
216.55,1.0,1.0,1.0,1.0,1.0,1.0,1.0
216.60000000000002,1.0,1.0,1.0,1.0,1.0,1.0,1.0
216.65,1.0,1.0,1.0,1.0,1.0,1.0,1.0
216.70000000000002,1.0,1.0,1.0,1.0,1.0,1.0,1.0
216.75,1.0,1.0,1.0,1.0,1.0,1.0,1.0
216.8,1.0,1.0,1.0,1.0,1.0,1.0,1.0
216.85000000000002,1.0,1.0,1.0,1.0,1.0,1.0,1.0
216.9,1.0,1.0,1.0,1.0,1.0,1.0,1.0
216.95000000000002,1.0,1.0,1.0,1.0,1.0,1.0,1.0
217.0,1.0,1.0,1.0,1.0,1.0,1.0,1.0
217.05,1.0,1.0,1.0,1.0,1.0,1.0,1.0
217.10000000000002,1.0,1.0,1.0,1.0,1.0,1.0,1.0
217.15,1.0,1.0,1.0,1.0,1.0,1.0,1.0
217.20000000000002,1.0,1.0,1.0,1.0,1.0,1.0,1.0
217.25,1.0,1.0,1.0,1.0,1.0,1.0,1.0
217.3,1.0,1.0,1.0,1.0,1.0,1.0,1.0
217.35000000000002,1.0,1.0,1.0,1.0,1.0,1.0,1.0
217.4,1.0,1.0,1.0,1.0,1.0,1.0,1.0
217.45000000000002,1.0,1.0,1.0,1.0,1.0,1.0,1.0
217.5,1.0,1.0,1.0,1.0,1.0,1.0,1.0
217.55,1.0,1.0,1.0,1.0,1.0,1.0,1.0
217.60000000000002,1.0,1.0,1.0,1.0,1.0,1.0,1.0
217.65,1.0,1.0,1.0,1.0,1.0,1.0,1.0
217.70000000000002,1.0,1.0,1.0,1.0,1.0,1.0,1.0
217.75,1.0,1.0,1.0,1.0,1.0,1.0,1.0
217.8,1.0,1.0,1.0,1.0,1.0,1.0,1.0
217.85000000000002,1.0,1.0,1.0,1.0,1.0,1.0,1.0
217.9,1.0,1.0,1.0,1.0,1.0,1.0,1.0
217.95000000000002,1.0,1.0,1.0,1.0,1.0,1.0,1.0
218.0,1.0,1.0,1.0,1.0,1.0,1.0,1.0
218.05,1.0,1.0,1.0,1.0,1.0,1.0,1.0
218.10000000000002,1.0,1.0,1.0,1.0,1.0,1.0,1.0
218.15,1.0,1.0,1.0,1.0,1.0,1.0,1.0
218.20000000000002,1.0,1.0,1.0,1.0,1.0,1.0,1.0
218.25,1.0,1.0,1.0,1.0,1.0,1.0,1.0
218.3,1.0,1.0,1.0,1.0,1.0,1.0,1.0
218.35000000000002,1.0,1.0,1.0,1.0,1.0,1.0,1.0
218.4,1.0,1.0,1.0,1.0,1.0,1.0,1.0
218.45000000000002,1.0,1.0,1.0,1.0,1.0,1.0,1.0
218.5,1.0,1.0,1.0,1.0,1.0,1.0,1.0
218.55,1.0,1.0,1.0,1.0,1.0,1.0,1.0
218.60000000000002,1.0,1.0,1.0,1.0,1.0,1.0,1.0
218.65,1.0,1.0,1.0,1.0,1.0,1.0,1.0
218.70000000000002,1.0,1.0,1.0,1.0,1.0,1.0,1.0
218.75,1.0,1.0,1.0,1.0,1.0,1.0,1.0
218.8,1.0,1.0,1.0,1.0,1.0,1.0,1.0
218.85000000000002,1.0,1.0,1.0,1.0,1.0,1.0,1.0
218.9,1.0,1.0,1.0,1.0,1.0,1.0,1.0
218.95000000000002,1.0,1.0,1.0,1.0,1.0,1.0,1.0
219.0,1.0,1.0,1.0,1.0,1.0,1.0,1.0
219.05,1.0,1.0,1.0,1.0,1.0,1.0,1.0
219.10000000000002,1.0,1.0,1.0,1.0,1.0,1.0,1.0
219.15,1.0,1.0,1.0,1.0,1.0,1.0,1.0
219.20000000000002,1.0,1.0,1.0,1.0,1.0,1.0,1.0
219.25,1.0,1.0,1.0,1.0,1.0,1.0,1.0
219.3,1.0,1.0,1.0,1.0,1.0,1.0,1.0
219.35000000000002,1.0,1.0,1.0,1.0,1.0,1.0,1.0
219.4,1.0,1.0,1.0,1.0,1.0,1.0,1.0
219.45000000000002,1.0,1.0,1.0,1.0,1.0,1.0,1.0
219.5,1.0,1.0,1.0,1.0,1.0,1.0,1.0
219.55,1.0,1.0,1.0,1.0,1.0,1.0,1.0
219.60000000000002,1.0,1.0,1.0,1.0,1.0,1.0,1.0
219.65,1.0,1.0,1.0,1.0,1.0,1.0,1.0
219.70000000000002,1.0,1.0,1.0,1.0,1.0,1.0,1.0
219.75,1.0,1.0,1.0,1.0,1.0,1.0,1.0
219.8,1.0,1.0,1.0,1.0,1.0,1.0,1.0
219.85000000000002,1.0,1.0,1.0,1.0,1.0,1.0,1.0
219.9,1.0,1.0,1.0,1.0,1.0,1.0,1.0
219.95000000000002,1.0,1.0,1.0,1.0,1.0,1.0,1.0
220.0,1.0,1.0,1.0,1.0,1.0,1.0,1.0
220.05,1.0,1.0,1.0,1.0,1.0,1.0,1.0
220.10000000000002,1.0,1.0,1.0,1.0,1.0,1.0,1.0
220.15,1.0,1.0,1.0,1.0,1.0,1.0,1.0
220.20000000000002,1.0,1.0,1.0,1.0,1.0,1.0,1.0
220.25,1.0,1.0,1.0,1.0,1.0,1.0,1.0
220.3,1.0,1.0,1.0,1.0,1.0,1.0,1.0
220.35000000000002,1.0,1.0,1.0,1.0,1.0,1.0,1.0
220.4,1.0,1.0,1.0,1.0,1.0,1.0,1.0
220.45000000000002,1.0,1.0,1.0,1.0,1.0,1.0,1.0
220.5,1.0,1.0,1.0,1.0,1.0,1.0,1.0
220.55,1.0,1.0,1.0,1.0,1.0,1.0,1.0
220.60000000000002,1.0,1.0,1.0,1.0,1.0,1.0,1.0
220.65,1.0,1.0,1.0,1.0,1.0,1.0,1.0
220.70000000000002,1.0,1.0,1.0,1.0,1.0,1.0,1.0
220.75,1.0,1.0,1.0,1.0,1.0,1.0,1.0
220.8,1.0,1.0,1.0,1.0,1.0,1.0,1.0
220.85000000000002,1.0,1.0,1.0,1.0,1.0,1.0,1.0
220.9,1.0,1.0,1.0,1.0,1.0,1.0,1.0
220.95000000000002,1.0,1.0,1.0,1.0,1.0,1.0,1.0
221.0,1.0,1.0,1.0,1.0,1.0,1.0,1.0
221.05,1.0,1.0,1.0,1.0,1.0,1.0,1.0
221.10000000000002,1.0,1.0,1.0,1.0,1.0,1.0,1.0
221.15,1.0,1.0,1.0,1.0,1.0,1.0,1.0
221.20000000000002,1.0,1.0,1.0,1.0,1.0,1.0,1.0
221.25,1.0,1.0,1.0,1.0,1.0,1.0,1.0
221.3,1.0,1.0,1.0,1.0,1.0,1.0,1.0
221.35000000000002,1.0,1.0,1.0,1.0,1.0,1.0,1.0
221.4,1.0,1.0,1.0,1.0,1.0,1.0,1.0
221.45000000000002,1.0,1.0,1.0,1.0,1.0,1.0,1.0
221.5,1.0,1.0,1.0,1.0,1.0,1.0,1.0
221.55,1.0,1.0,1.0,1.0,1.0,1.0,1.0
221.60000000000002,1.0,1.0,1.0,1.0,1.0,1.0,1.0
221.65,1.0,1.0,1.0,1.0,1.0,1.0,1.0
221.70000000000002,1.0,1.0,1.0,1.0,1.0,1.0,1.0
221.75,1.0,1.0,1.0,1.0,1.0,1.0,1.0
221.8,1.0,1.0,1.0,1.0,1.0,1.0,1.0
221.85000000000002,1.0,1.0,1.0,1.0,1.0,1.0,1.0
221.9,1.0,1.0,1.0,1.0,1.0,1.0,1.0
221.95000000000002,1.0,1.0,1.0,1.0,1.0,1.0,1.0
222.0,1.0,1.0,1.0,1.0,1.0,1.0,1.0
222.05,1.0,1.0,1.0,1.0,1.0,1.0,1.0
222.10000000000002,1.0,1.0,1.0,1.0,1.0,1.0,1.0
222.15,1.0,1.0,1.0,1.0,1.0,1.0,1.0
222.20000000000002,1.0,1.0,1.0,1.0,1.0,1.0,1.0
222.25,1.0,1.0,1.0,1.0,1.0,1.0,1.0
222.3,1.0,1.0,1.0,1.0,1.0,1.0,1.0
222.35000000000002,1.0,1.0,1.0,1.0,1.0,1.0,1.0
222.4,1.0,1.0,1.0,1.0,1.0,1.0,1.0
222.45000000000002,1.0,1.0,1.0,1.0,1.0,1.0,1.0
222.5,1.0,1.0,1.0,1.0,1.0,1.0,1.0
222.55,1.0,1.0,1.0,1.0,1.0,1.0,1.0
222.60000000000002,1.0,1.0,1.0,1.0,1.0,1.0,1.0
222.65,1.0,1.0,1.0,1.0,1.0,1.0,1.0
222.70000000000002,1.0,1.0,1.0,1.0,1.0,1.0,1.0
222.75,1.0,1.0,1.0,1.0,1.0,1.0,1.0
222.8,1.0,1.0,1.0,1.0,1.0,1.0,1.0
222.85000000000002,1.0,1.0,1.0,1.0,1.0,1.0,1.0
222.9,1.0,1.0,1.0,1.0,1.0,1.0,1.0
222.95000000000002,1.0,1.0,1.0,1.0,1.0,1.0,1.0
223.0,1.0,1.0,1.0,1.0,1.0,1.0,1.0
223.05,1.0,1.0,1.0,1.0,1.0,1.0,1.0
223.10000000000002,1.0,1.0,1.0,1.0,1.0,1.0,1.0
223.15,1.0,1.0,1.0,1.0,1.0,1.0,1.0
223.20000000000002,1.0,1.0,1.0,1.0,1.0,1.0,1.0
223.25,1.0,1.0,1.0,1.0,1.0,1.0,1.0
223.3,1.0,1.0,1.0,1.0,1.0,1.0,1.0
223.35000000000002,1.0,1.0,1.0,1.0,1.0,1.0,1.0
223.4,1.0,1.0,1.0,1.0,1.0,1.0,1.0
223.45000000000002,1.0,1.0,1.0,1.0,1.0,1.0,1.0
223.5,1.0,1.0,1.0,1.0,1.0,1.0,1.0
223.55,1.0,1.0,1.0,1.0,1.0,1.0,1.0
223.60000000000002,1.0,1.0,1.0,1.0,1.0,1.0,1.0
223.65,1.0,1.0,1.0,1.0,1.0,1.0,1.0
223.70000000000002,1.0,1.0,1.0,1.0,1.0,1.0,1.0
223.75,1.0,1.0,1.0,1.0,1.0,1.0,1.0
223.8,1.0,1.0,1.0,1.0,1.0,1.0,1.0
223.85000000000002,1.0,1.0,1.0,1.0,1.0,1.0,1.0
223.9,1.0,1.0,1.0,1.0,1.0,1.0,1.0
223.95000000000002,1.0,1.0,1.0,1.0,1.0,1.0,1.0
224.0,1.0,1.0,1.0,1.0,1.0,1.0,1.0
224.05,1.0,1.0,1.0,1.0,1.0,1.0,1.0
224.10000000000002,1.0,1.0,1.0,1.0,1.0,1.0,1.0
224.15,1.0,1.0,1.0,1.0,1.0,1.0,1.0
224.20000000000002,1.0,1.0,1.0,1.0,1.0,1.0,1.0
224.25,1.0,1.0,1.0,1.0,1.0,1.0,1.0
224.3,1.0,1.0,1.0,1.0,1.0,1.0,1.0
224.35000000000002,1.0,1.0,1.0,1.0,1.0,1.0,1.0
224.4,1.0,1.0,1.0,1.0,1.0,1.0,1.0
224.45000000000002,1.0,1.0,1.0,1.0,1.0,1.0,1.0
224.5,1.0,1.0,1.0,1.0,1.0,1.0,1.0
224.55,1.0,1.0,1.0,1.0,1.0,1.0,1.0
224.60000000000002,1.0,1.0,1.0,1.0,1.0,1.0,1.0
224.65,1.0,1.0,1.0,1.0,1.0,1.0,1.0
224.70000000000002,1.0,1.0,1.0,1.0,1.0,1.0,1.0
224.75,1.0,1.0,1.0,1.0,1.0,1.0,1.0
224.8,1.0,1.0,1.0,1.0,1.0,1.0,1.0
224.85000000000002,1.0,1.0,1.0,1.0,1.0,1.0,1.0
224.9,1.0,1.0,1.0,1.0,1.0,1.0,1.0
224.95000000000002,1.0,1.0,1.0,1.0,1.0,1.0,1.0
225.0,1.0,1.0,1.0,1.0,1.0,1.0,1.0
225.05,1.0,1.0,1.0,1.0,1.0,1.0,1.0
225.10000000000002,1.0,1.0,1.0,1.0,1.0,1.0,1.0
225.15,1.0,1.0,1.0,1.0,1.0,1.0,1.0
225.20000000000002,1.0,1.0,1.0,1.0,1.0,1.0,1.0
225.25,1.0,1.0,1.0,1.0,1.0,1.0,1.0
225.3,1.0,1.0,1.0,1.0,1.0,1.0,1.0
225.35000000000002,1.0,1.0,1.0,1.0,1.0,1.0,1.0
225.4,1.0,1.0,1.0,1.0,1.0,1.0,1.0
225.45000000000002,1.0,1.0,1.0,1.0,1.0,1.0,1.0
225.5,1.0,1.0,1.0,1.0,1.0,1.0,1.0
225.55,1.0,1.0,1.0,1.0,1.0,1.0,1.0
225.60000000000002,1.0,1.0,1.0,1.0,1.0,1.0,1.0
225.65,1.0,1.0,1.0,1.0,1.0,1.0,1.0
225.70000000000002,1.0,1.0,1.0,1.0,1.0,1.0,1.0
225.75,1.0,1.0,1.0,1.0,1.0,1.0,1.0
225.8,1.0,1.0,1.0,1.0,1.0,1.0,1.0
225.85000000000002,1.0,1.0,1.0,1.0,1.0,1.0,1.0
225.9,1.0,1.0,1.0,1.0,1.0,1.0,1.0
225.95000000000002,1.0,1.0,1.0,1.0,1.0,1.0,1.0
226.0,1.0,1.0,1.0,1.0,1.0,1.0,1.0
226.05,1.0,1.0,1.0,1.0,1.0,1.0,1.0
226.10000000000002,1.0,1.0,1.0,1.0,1.0,1.0,1.0
226.15,1.0,1.0,1.0,1.0,1.0,1.0,1.0
226.20000000000002,1.0,1.0,1.0,1.0,1.0,1.0,1.0
226.25,1.0,1.0,1.0,1.0,1.0,1.0,1.0
226.3,1.0,1.0,1.0,1.0,1.0,1.0,1.0
226.35000000000002,1.0,1.0,1.0,1.0,1.0,1.0,1.0
226.4,1.0,1.0,1.0,1.0,1.0,1.0,1.0
226.45000000000002,1.0,1.0,1.0,1.0,1.0,1.0,1.0
226.5,1.0,1.0,1.0,1.0,1.0,1.0,1.0
226.55,1.0,1.0,1.0,1.0,1.0,1.0,1.0
226.60000000000002,1.0,1.0,1.0,1.0,1.0,1.0,1.0
226.65,1.0,1.0,1.0,1.0,1.0,1.0,1.0
226.70000000000002,1.0,1.0,1.0,1.0,1.0,1.0,1.0
226.75,1.0,1.0,1.0,1.0,1.0,1.0,1.0
226.8,1.0,1.0,1.0,1.0,1.0,1.0,1.0
226.85000000000002,1.0,1.0,1.0,1.0,1.0,1.0,1.0
226.9,1.0,1.0,1.0,1.0,1.0,1.0,1.0
226.95000000000002,1.0,1.0,1.0,1.0,1.0,1.0,1.0
227.0,1.0,1.0,1.0,1.0,1.0,1.0,1.0
227.05,1.0,1.0,1.0,1.0,1.0,1.0,1.0
227.10000000000002,1.0,1.0,1.0,1.0,1.0,1.0,1.0
227.15,1.0,1.0,1.0,1.0,1.0,1.0,1.0
227.20000000000002,1.0,1.0,1.0,1.0,1.0,1.0,1.0
227.25,1.0,1.0,1.0,1.0,1.0,1.0,1.0
227.3,1.0,1.0,1.0,1.0,1.0,1.0,1.0
227.35000000000002,1.0,1.0,1.0,1.0,1.0,1.0,1.0
227.4,1.0,1.0,1.0,1.0,1.0,1.0,1.0
227.45000000000002,1.0,1.0,1.0,1.0,1.0,1.0,1.0
227.5,1.0,1.0,1.0,1.0,1.0,1.0,1.0
227.55,1.0,1.0,1.0,1.0,1.0,1.0,1.0
227.60000000000002,1.0,1.0,1.0,1.0,1.0,1.0,1.0
227.65,1.0,1.0,1.0,1.0,1.0,1.0,1.0
227.70000000000002,1.0,1.0,1.0,1.0,1.0,1.0,1.0
227.75,1.0,1.0,1.0,1.0,1.0,1.0,1.0
227.8,1.0,1.0,1.0,1.0,1.0,1.0,1.0
227.85000000000002,1.0,1.0,1.0,1.0,1.0,1.0,1.0
227.9,1.0,1.0,1.0,1.0,1.0,1.0,1.0
227.95000000000002,1.0,1.0,1.0,1.0,1.0,1.0,1.0
228.0,1.0,1.0,1.0,1.0,1.0,1.0,1.0
228.05,1.0,1.0,1.0,1.0,1.0,1.0,1.0
228.10000000000002,1.0,1.0,1.0,1.0,1.0,1.0,1.0
228.15,1.0,1.0,1.0,1.0,1.0,1.0,1.0
228.20000000000002,1.0,1.0,1.0,1.0,1.0,1.0,1.0
228.25,1.0,1.0,1.0,1.0,1.0,1.0,1.0
228.3,1.0,1.0,1.0,1.0,1.0,1.0,1.0
228.35000000000002,1.0,1.0,1.0,1.0,1.0,1.0,1.0
228.4,1.0,1.0,1.0,1.0,1.0,1.0,1.0
228.45000000000002,1.0,1.0,1.0,1.0,1.0,1.0,1.0
228.5,1.0,1.0,1.0,1.0,1.0,1.0,1.0
228.55,1.0,1.0,1.0,1.0,1.0,1.0,1.0
228.60000000000002,1.0,1.0,1.0,1.0,1.0,1.0,1.0
228.65,1.0,1.0,1.0,1.0,1.0,1.0,1.0
228.70000000000002,1.0,1.0,1.0,1.0,1.0,1.0,1.0
228.75,1.0,1.0,1.0,1.0,1.0,1.0,1.0
228.8,1.0,1.0,1.0,1.0,1.0,1.0,1.0
228.85000000000002,1.0,1.0,1.0,1.0,1.0,1.0,1.0
228.9,1.0,1.0,1.0,1.0,1.0,1.0,1.0
228.95000000000002,1.0,1.0,1.0,1.0,1.0,1.0,1.0
229.0,1.0,1.0,1.0,1.0,1.0,1.0,1.0
229.05,1.0,1.0,1.0,1.0,1.0,1.0,1.0
229.10000000000002,1.0,1.0,1.0,1.0,1.0,1.0,1.0
229.15,1.0,1.0,1.0,1.0,1.0,1.0,1.0
229.20000000000002,1.0,1.0,1.0,1.0,1.0,1.0,1.0
229.25,1.0,1.0,1.0,1.0,1.0,1.0,1.0
229.3,1.0,1.0,1.0,1.0,1.0,1.0,1.0
229.35000000000002,1.0,1.0,1.0,1.0,1.0,1.0,1.0
229.4,1.0,1.0,1.0,1.0,1.0,1.0,1.0
229.45000000000002,1.0,1.0,1.0,1.0,1.0,1.0,1.0
229.5,1.0,1.0,1.0,1.0,1.0,1.0,1.0
229.55,1.0,1.0,1.0,1.0,1.0,1.0,1.0
229.60000000000002,1.0,1.0,1.0,1.0,1.0,1.0,1.0
229.65,1.0,1.0,1.0,1.0,1.0,1.0,1.0
229.70000000000002,1.0,1.0,1.0,1.0,1.0,1.0,1.0
229.75,1.0,1.0,1.0,1.0,1.0,1.0,1.0
229.8,1.0,1.0,1.0,1.0,1.0,1.0,1.0
229.85000000000002,1.0,1.0,1.0,1.0,1.0,1.0,1.0
229.9,1.0,1.0,1.0,1.0,1.0,1.0,1.0
229.95000000000002,1.0,1.0,1.0,1.0,1.0,1.0,1.0
230.0,1.0,1.0,1.0,1.0,1.0,1.0,1.0
230.05,1.0,1.0,1.0,1.0,1.0,1.0,1.0
230.10000000000002,1.0,1.0,1.0,1.0,1.0,1.0,1.0
230.15,1.0,1.0,1.0,1.0,1.0,1.0,1.0
230.20000000000002,1.0,1.0,1.0,1.0,1.0,1.0,1.0
230.25,1.0,1.0,1.0,1.0,1.0,1.0,1.0
230.3,1.0,1.0,1.0,1.0,1.0,1.0,1.0
230.35000000000002,1.0,1.0,1.0,1.0,1.0,1.0,1.0
230.4,1.0,1.0,1.0,1.0,1.0,1.0,1.0
230.45000000000002,1.0,1.0,1.0,1.0,1.0,1.0,1.0
230.5,1.0,1.0,1.0,1.0,1.0,1.0,1.0
230.55,1.0,1.0,1.0,1.0,1.0,1.0,1.0
230.60000000000002,1.0,1.0,1.0,1.0,1.0,1.0,1.0
230.65,1.0,1.0,1.0,1.0,1.0,1.0,1.0
230.70000000000002,1.0,1.0,1.0,1.0,1.0,1.0,1.0
230.75,1.0,1.0,1.0,1.0,1.0,1.0,1.0
230.8,1.0,1.0,1.0,1.0,1.0,1.0,1.0
230.85000000000002,1.0,1.0,1.0,1.0,1.0,1.0,1.0
230.9,1.0,1.0,1.0,1.0,1.0,1.0,1.0
230.95000000000002,1.0,1.0,1.0,1.0,1.0,1.0,1.0
231.0,1.0,1.0,1.0,1.0,1.0,1.0,1.0
231.05,1.0,1.0,1.0,1.0,1.0,1.0,1.0
231.10000000000002,1.0,1.0,1.0,1.0,1.0,1.0,1.0
231.15,1.0,1.0,1.0,1.0,1.0,1.0,1.0
231.20000000000002,1.0,1.0,1.0,1.0,1.0,1.0,1.0
231.25,1.0,1.0,1.0,1.0,1.0,1.0,1.0
231.3,1.0,1.0,1.0,1.0,1.0,1.0,1.0
231.35000000000002,1.0,1.0,1.0,1.0,1.0,1.0,1.0
231.4,1.0,1.0,1.0,1.0,1.0,1.0,1.0
231.45000000000002,1.0,1.0,1.0,1.0,1.0,1.0,1.0
231.5,1.0,1.0,1.0,1.0,1.0,1.0,1.0
231.55,1.0,1.0,1.0,1.0,1.0,1.0,1.0
231.60000000000002,1.0,1.0,1.0,1.0,1.0,1.0,1.0
231.65,1.0,1.0,1.0,1.0,1.0,1.0,1.0
231.70000000000002,1.0,1.0,1.0,1.0,1.0,1.0,1.0
231.75,1.0,1.0,1.0,1.0,1.0,1.0,1.0
231.8,1.0,1.0,1.0,1.0,1.0,1.0,1.0
231.85000000000002,1.0,1.0,1.0,1.0,1.0,1.0,1.0
231.9,1.0,1.0,1.0,1.0,1.0,1.0,1.0
231.95000000000002,1.0,1.0,1.0,1.0,1.0,1.0,1.0
232.0,1.0,1.0,1.0,1.0,1.0,1.0,1.0
232.05,1.0,1.0,1.0,1.0,1.0,1.0,1.0
232.10000000000002,1.0,1.0,1.0,1.0,1.0,1.0,1.0
232.15,1.0,1.0,1.0,1.0,1.0,1.0,1.0
232.20000000000002,1.0,1.0,1.0,1.0,1.0,1.0,1.0
232.25,1.0,1.0,1.0,1.0,1.0,1.0,1.0
232.3,1.0,1.0,1.0,1.0,1.0,1.0,1.0
232.35000000000002,1.0,1.0,1.0,1.0,1.0,1.0,1.0
232.4,1.0,1.0,1.0,1.0,1.0,1.0,1.0
232.45000000000002,1.0,1.0,1.0,1.0,1.0,1.0,1.0
232.5,1.0,1.0,1.0,1.0,1.0,1.0,1.0
232.55,1.0,1.0,1.0,1.0,1.0,1.0,1.0
232.60000000000002,1.0,1.0,1.0,1.0,1.0,1.0,1.0
232.65,1.0,1.0,1.0,1.0,1.0,1.0,1.0
232.70000000000002,1.0,1.0,1.0,1.0,1.0,1.0,1.0
232.75,1.0,1.0,1.0,1.0,1.0,1.0,1.0
232.8,1.0,1.0,1.0,1.0,1.0,1.0,1.0
232.85000000000002,1.0,1.0,1.0,1.0,1.0,1.0,1.0
232.9,1.0,1.0,1.0,1.0,1.0,1.0,1.0
232.95000000000002,1.0,1.0,1.0,1.0,1.0,1.0,1.0
233.0,1.0,1.0,1.0,1.0,1.0,1.0,1.0
233.05,1.0,1.0,1.0,1.0,1.0,1.0,1.0
233.10000000000002,1.0,1.0,1.0,1.0,1.0,1.0,1.0
233.15,1.0,1.0,1.0,1.0,1.0,1.0,1.0
233.20000000000002,1.0,1.0,1.0,1.0,1.0,1.0,1.0
233.25,1.0,1.0,1.0,1.0,1.0,1.0,1.0
233.3,1.0,1.0,1.0,1.0,1.0,1.0,1.0
233.35000000000002,1.0,1.0,1.0,1.0,1.0,1.0,1.0
233.4,1.0,1.0,1.0,1.0,1.0,1.0,1.0
233.45000000000002,1.0,1.0,1.0,1.0,1.0,1.0,1.0
233.5,1.0,1.0,1.0,1.0,1.0,1.0,1.0
233.55,1.0,1.0,1.0,1.0,1.0,1.0,1.0
233.60000000000002,1.0,1.0,1.0,1.0,1.0,1.0,1.0
233.65,1.0,1.0,1.0,1.0,1.0,1.0,1.0
233.70000000000002,1.0,1.0,1.0,1.0,1.0,1.0,1.0
233.75,1.0,1.0,1.0,1.0,1.0,1.0,1.0
233.8,1.0,1.0,1.0,1.0,1.0,1.0,1.0
233.85000000000002,1.0,1.0,1.0,1.0,1.0,1.0,1.0
233.9,1.0,1.0,1.0,1.0,1.0,1.0,1.0
233.95000000000002,1.0,1.0,1.0,1.0,1.0,1.0,1.0
234.0,1.0,1.0,1.0,1.0,1.0,1.0,1.0
234.05,1.0,1.0,1.0,1.0,1.0,1.0,1.0
234.10000000000002,1.0,1.0,1.0,1.0,1.0,1.0,1.0
234.15,1.0,1.0,1.0,1.0,1.0,1.0,1.0
234.20000000000002,1.0,1.0,1.0,1.0,1.0,1.0,1.0
234.25,1.0,1.0,1.0,1.0,1.0,1.0,1.0
234.3,1.0,1.0,1.0,1.0,1.0,1.0,1.0
234.35000000000002,1.0,1.0,1.0,1.0,1.0,1.0,1.0
234.4,1.0,1.0,1.0,1.0,1.0,1.0,1.0
234.45000000000002,1.0,1.0,1.0,1.0,1.0,1.0,1.0
234.5,1.0,1.0,1.0,1.0,1.0,1.0,1.0
234.55,1.0,1.0,1.0,1.0,1.0,1.0,1.0
234.60000000000002,1.0,1.0,1.0,1.0,1.0,1.0,1.0
234.65,1.0,1.0,1.0,1.0,1.0,1.0,1.0
234.70000000000002,1.0,1.0,1.0,1.0,1.0,1.0,1.0
234.75,1.0,1.0,1.0,1.0,1.0,1.0,1.0
234.8,1.0,1.0,1.0,1.0,1.0,1.0,1.0
234.85000000000002,1.0,1.0,1.0,1.0,1.0,1.0,1.0
234.9,1.0,1.0,1.0,1.0,1.0,1.0,1.0
234.95000000000002,1.0,1.0,1.0,1.0,1.0,1.0,1.0
235.0,1.0,1.0,1.0,1.0,1.0,1.0,1.0
235.05,1.0,1.0,1.0,1.0,1.0,1.0,1.0
235.10000000000002,1.0,1.0,1.0,1.0,1.0,1.0,1.0
235.15,1.0,1.0,1.0,1.0,1.0,1.0,1.0
235.20000000000002,1.0,1.0,1.0,1.0,1.0,1.0,1.0
235.25,1.0,1.0,1.0,1.0,1.0,1.0,1.0
235.3,1.0,1.0,1.0,1.0,1.0,1.0,1.0
235.35000000000002,1.0,1.0,1.0,1.0,1.0,1.0,1.0
235.4,1.0,1.0,1.0,1.0,1.0,1.0,1.0
235.45000000000002,1.0,1.0,1.0,1.0,1.0,1.0,1.0
235.5,1.0,1.0,1.0,1.0,1.0,1.0,1.0
235.55,1.0,1.0,1.0,1.0,1.0,1.0,1.0
235.60000000000002,1.0,1.0,1.0,1.0,1.0,1.0,1.0
235.65,1.0,1.0,1.0,1.0,1.0,1.0,1.0
235.70000000000002,1.0,1.0,1.0,1.0,1.0,1.0,1.0
235.75,1.0,1.0,1.0,1.0,1.0,1.0,1.0
235.8,1.0,1.0,1.0,1.0,1.0,1.0,1.0
235.85000000000002,1.0,1.0,1.0,1.0,1.0,1.0,1.0
235.9,1.0,1.0,1.0,1.0,1.0,1.0,1.0
235.95000000000002,1.0,1.0,1.0,1.0,1.0,1.0,1.0
236.0,1.0,1.0,1.0,1.0,1.0,1.0,1.0
236.05,1.0,1.0,1.0,1.0,1.0,1.0,1.0
236.10000000000002,1.0,1.0,1.0,1.0,1.0,1.0,1.0
236.15,1.0,1.0,1.0,1.0,1.0,1.0,1.0
236.20000000000002,1.0,1.0,1.0,1.0,1.0,1.0,1.0
236.25,1.0,1.0,1.0,1.0,1.0,1.0,1.0
236.3,1.0,1.0,1.0,1.0,1.0,1.0,1.0
236.35000000000002,1.0,1.0,1.0,1.0,1.0,1.0,1.0
236.4,1.0,1.0,1.0,1.0,1.0,1.0,1.0
236.45000000000002,1.0,1.0,1.0,1.0,1.0,1.0,1.0
236.5,1.0,1.0,1.0,1.0,1.0,1.0,1.0
236.55,1.0,1.0,1.0,1.0,1.0,1.0,1.0
236.60000000000002,1.0,1.0,1.0,1.0,1.0,1.0,1.0
236.65,1.0,1.0,1.0,1.0,1.0,1.0,1.0
236.70000000000002,1.0,1.0,1.0,1.0,1.0,1.0,1.0
236.75,1.0,1.0,1.0,1.0,1.0,1.0,1.0
236.8,1.0,1.0,1.0,1.0,1.0,1.0,1.0
236.85000000000002,1.0,1.0,1.0,1.0,1.0,1.0,1.0
236.9,1.0,1.0,1.0,1.0,1.0,1.0,1.0
236.95000000000002,1.0,1.0,1.0,1.0,1.0,1.0,1.0
237.0,1.0,1.0,1.0,1.0,1.0,1.0,1.0
237.05,1.0,1.0,1.0,1.0,1.0,1.0,1.0
237.10000000000002,1.0,1.0,1.0,1.0,1.0,1.0,1.0
237.15,1.0,1.0,1.0,1.0,1.0,1.0,1.0
237.20000000000002,1.0,1.0,1.0,1.0,1.0,1.0,1.0
237.25,1.0,1.0,1.0,1.0,1.0,1.0,1.0
237.3,1.0,1.0,1.0,1.0,1.0,1.0,1.0
237.35000000000002,1.0,1.0,1.0,1.0,1.0,1.0,1.0
237.4,1.0,1.0,1.0,1.0,1.0,1.0,1.0
237.45000000000002,1.0,1.0,1.0,1.0,1.0,1.0,1.0
237.5,1.0,1.0,1.0,1.0,1.0,1.0,1.0
237.55,1.0,1.0,1.0,1.0,1.0,1.0,1.0
237.60000000000002,1.0,1.0,1.0,1.0,1.0,1.0,1.0
237.65,1.0,1.0,1.0,1.0,1.0,1.0,1.0
237.70000000000002,1.0,1.0,1.0,1.0,1.0,1.0,1.0
237.75,1.0,1.0,1.0,1.0,1.0,1.0,1.0
237.8,1.0,1.0,1.0,1.0,1.0,1.0,1.0
237.85000000000002,1.0,1.0,1.0,1.0,1.0,1.0,1.0
237.9,1.0,1.0,1.0,1.0,1.0,1.0,1.0
237.95000000000002,1.0,1.0,1.0,1.0,1.0,1.0,1.0
238.0,1.0,1.0,1.0,1.0,1.0,1.0,1.0
238.05,1.0,1.0,1.0,1.0,1.0,1.0,1.0
238.10000000000002,1.0,1.0,1.0,1.0,1.0,1.0,1.0
238.15,1.0,1.0,1.0,1.0,1.0,1.0,1.0
238.20000000000002,1.0,1.0,1.0,1.0,1.0,1.0,1.0
238.25,1.0,1.0,1.0,1.0,1.0,1.0,1.0
238.3,1.0,1.0,1.0,1.0,1.0,1.0,1.0
238.35000000000002,1.0,1.0,1.0,1.0,1.0,1.0,1.0
238.4,1.0,1.0,1.0,1.0,1.0,1.0,1.0
238.45000000000002,1.0,1.0,1.0,1.0,1.0,1.0,1.0
238.5,1.0,1.0,1.0,1.0,1.0,1.0,1.0
238.55,1.0,1.0,1.0,1.0,1.0,1.0,1.0
238.60000000000002,1.0,1.0,1.0,1.0,1.0,1.0,1.0
238.65,1.0,1.0,1.0,1.0,1.0,1.0,1.0
238.70000000000002,1.0,1.0,1.0,1.0,1.0,1.0,1.0
238.75,1.0,1.0,1.0,1.0,1.0,1.0,1.0
238.8,1.0,1.0,1.0,1.0,1.0,1.0,1.0
238.85000000000002,1.0,1.0,1.0,1.0,1.0,1.0,1.0
238.9,1.0,1.0,1.0,1.0,1.0,1.0,1.0
238.95000000000002,1.0,1.0,1.0,1.0,1.0,1.0,1.0
239.0,1.0,1.0,1.0,1.0,1.0,1.0,1.0
239.05,1.0,1.0,1.0,1.0,1.0,1.0,1.0
239.10000000000002,1.0,1.0,1.0,1.0,1.0,1.0,1.0
239.15,1.0,1.0,1.0,1.0,1.0,1.0,1.0
239.20000000000002,1.0,1.0,1.0,1.0,1.0,1.0,1.0
239.25,1.0,1.0,1.0,1.0,1.0,1.0,1.0
239.3,1.0,1.0,1.0,1.0,1.0,1.0,1.0
239.35000000000002,1.0,1.0,1.0,1.0,1.0,1.0,1.0
239.4,1.0,1.0,1.0,1.0,1.0,1.0,1.0
239.45000000000002,1.0,1.0,1.0,1.0,1.0,1.0,1.0
239.5,1.0,1.0,1.0,1.0,1.0,1.0,1.0
239.55,1.0,1.0,1.0,1.0,1.0,1.0,1.0
239.60000000000002,1.0,1.0,1.0,1.0,1.0,1.0,1.0
239.65,1.0,1.0,1.0,1.0,1.0,1.0,1.0
239.70000000000002,1.0,1.0,1.0,1.0,1.0,1.0,1.0
239.75,1.0,1.0,1.0,1.0,1.0,1.0,1.0
239.8,1.0,1.0,1.0,1.0,1.0,1.0,1.0
239.85000000000002,1.0,1.0,1.0,1.0,1.0,1.0,1.0
239.9,1.0,1.0,1.0,1.0,1.0,1.0,1.0
239.95000000000002,1.0,1.0,1.0,1.0,1.0,1.0,1.0
240.0,1.0,1.0,1.0,1.0,1.0,1.0,1.0
240.05,1.0,1.0,1.0,1.0,1.0,1.0,1.0
240.10000000000002,1.0,1.0,1.0,1.0,1.0,1.0,1.0
240.15,1.0,1.0,1.0,1.0,1.0,1.0,1.0
240.20000000000002,1.0,1.0,1.0,1.0,1.0,1.0,1.0
240.25,1.0,1.0,1.0,1.0,1.0,1.0,1.0
240.3,1.0,1.0,1.0,1.0,1.0,1.0,1.0
240.35000000000002,1.0,1.0,1.0,1.0,1.0,1.0,1.0
240.4,1.0,1.0,1.0,1.0,1.0,1.0,1.0
240.45000000000002,1.0,1.0,1.0,1.0,1.0,1.0,1.0
240.5,1.0,1.0,1.0,1.0,1.0,1.0,1.0
240.55,1.0,1.0,1.0,1.0,1.0,1.0,1.0
240.60000000000002,1.0,1.0,1.0,1.0,1.0,1.0,1.0
240.65,1.0,1.0,1.0,1.0,1.0,1.0,1.0
240.70000000000002,1.0,1.0,1.0,1.0,1.0,1.0,1.0
240.75,1.0,1.0,1.0,1.0,1.0,1.0,1.0
240.8,1.0,1.0,1.0,1.0,1.0,1.0,1.0
240.85000000000002,1.0,1.0,1.0,1.0,1.0,1.0,1.0
240.9,1.0,1.0,1.0,1.0,1.0,1.0,1.0
240.95000000000002,1.0,1.0,1.0,1.0,1.0,1.0,1.0
241.0,1.0,1.0,1.0,1.0,1.0,1.0,1.0
241.05,1.0,1.0,1.0,1.0,1.0,1.0,1.0
241.10000000000002,1.0,1.0,1.0,1.0,1.0,1.0,1.0
241.15,1.0,1.0,1.0,1.0,1.0,1.0,1.0
241.20000000000002,1.0,1.0,1.0,1.0,1.0,1.0,1.0
241.25,1.0,1.0,1.0,1.0,1.0,1.0,1.0
241.3,1.0,1.0,1.0,1.0,1.0,1.0,1.0
241.35000000000002,1.0,1.0,1.0,1.0,1.0,1.0,1.0
241.4,1.0,1.0,1.0,1.0,1.0,1.0,1.0
241.45000000000002,1.0,1.0,1.0,1.0,1.0,1.0,1.0
241.5,1.0,1.0,1.0,1.0,1.0,1.0,1.0
241.55,1.0,1.0,1.0,1.0,1.0,1.0,1.0
241.60000000000002,1.0,1.0,1.0,1.0,1.0,1.0,1.0
241.65,1.0,1.0,1.0,1.0,1.0,1.0,1.0
241.70000000000002,1.0,1.0,1.0,1.0,1.0,1.0,1.0
241.75,1.0,1.0,1.0,1.0,1.0,1.0,1.0
241.8,1.0,1.0,1.0,1.0,1.0,1.0,1.0
241.85000000000002,1.0,1.0,1.0,1.0,1.0,1.0,1.0
241.9,1.0,1.0,1.0,1.0,1.0,1.0,1.0
241.95000000000002,1.0,1.0,1.0,1.0,1.0,1.0,1.0
242.0,1.0,1.0,1.0,1.0,1.0,1.0,1.0
242.05,1.0,1.0,1.0,1.0,1.0,1.0,1.0
242.10000000000002,1.0,1.0,1.0,1.0,1.0,1.0,1.0
242.15,1.0,1.0,1.0,1.0,1.0,1.0,1.0
242.20000000000002,1.0,1.0,1.0,1.0,1.0,1.0,1.0
242.25,1.0,1.0,1.0,1.0,1.0,1.0,1.0
242.3,1.0,1.0,1.0,1.0,1.0,1.0,1.0
242.35000000000002,1.0,1.0,1.0,1.0,1.0,1.0,1.0
242.4,1.0,1.0,1.0,1.0,1.0,1.0,1.0
242.45000000000002,1.0,1.0,1.0,1.0,1.0,1.0,1.0
242.5,1.0,1.0,1.0,1.0,1.0,1.0,1.0
242.55,1.0,1.0,1.0,1.0,1.0,1.0,1.0
242.60000000000002,1.0,1.0,1.0,1.0,1.0,1.0,1.0
242.65,1.0,1.0,1.0,1.0,1.0,1.0,1.0
242.70000000000002,1.0,1.0,1.0,1.0,1.0,1.0,1.0
242.75,1.0,1.0,1.0,1.0,1.0,1.0,1.0
242.8,1.0,1.0,1.0,1.0,1.0,1.0,1.0
242.85000000000002,1.0,1.0,1.0,1.0,1.0,1.0,1.0
242.9,1.0,1.0,1.0,1.0,1.0,1.0,1.0
242.95000000000002,1.0,1.0,1.0,1.0,1.0,1.0,1.0
243.0,1.0,1.0,1.0,1.0,1.0,1.0,1.0
243.05,1.0,1.0,1.0,1.0,1.0,1.0,1.0
243.10000000000002,1.0,1.0,1.0,1.0,1.0,1.0,1.0
243.15,1.0,1.0,1.0,1.0,1.0,1.0,1.0
243.20000000000002,1.0,1.0,1.0,1.0,1.0,1.0,1.0
243.25,1.0,1.0,1.0,1.0,1.0,1.0,1.0
243.3,1.0,1.0,1.0,1.0,1.0,1.0,1.0
243.35000000000002,1.0,1.0,1.0,1.0,1.0,1.0,1.0
243.4,1.0,1.0,1.0,1.0,1.0,1.0,1.0
243.45000000000002,1.0,1.0,1.0,1.0,1.0,1.0,1.0
243.5,1.0,1.0,1.0,1.0,1.0,1.0,1.0
243.55,1.0,1.0,1.0,1.0,1.0,1.0,1.0
243.60000000000002,1.0,1.0,1.0,1.0,1.0,1.0,1.0
243.65,1.0,1.0,1.0,1.0,1.0,1.0,1.0
243.70000000000002,1.0,1.0,1.0,1.0,1.0,1.0,1.0
243.75,1.0,1.0,1.0,1.0,1.0,1.0,1.0
243.8,1.0,1.0,1.0,1.0,1.0,1.0,1.0
243.85000000000002,1.0,1.0,1.0,1.0,1.0,1.0,1.0
243.9,1.0,1.0,1.0,1.0,1.0,1.0,1.0
243.95000000000002,1.0,1.0,1.0,1.0,1.0,1.0,1.0
244.0,1.0,1.0,1.0,1.0,1.0,1.0,1.0
244.05,1.0,1.0,1.0,1.0,1.0,1.0,1.0
244.10000000000002,1.0,1.0,1.0,1.0,1.0,1.0,1.0
244.15,1.0,1.0,1.0,1.0,1.0,1.0,1.0
244.20000000000002,1.0,1.0,1.0,1.0,1.0,1.0,1.0
244.25,1.0,1.0,1.0,1.0,1.0,1.0,1.0
244.3,1.0,1.0,1.0,1.0,1.0,1.0,1.0
244.35000000000002,1.0,1.0,1.0,1.0,1.0,1.0,1.0
244.4,1.0,1.0,1.0,1.0,1.0,1.0,1.0
244.45000000000002,1.0,1.0,1.0,1.0,1.0,1.0,1.0
244.5,1.0,1.0,1.0,1.0,1.0,1.0,1.0
244.55,1.0,1.0,1.0,1.0,1.0,1.0,1.0
244.60000000000002,1.0,1.0,1.0,1.0,1.0,1.0,1.0
244.65,1.0,1.0,1.0,1.0,1.0,1.0,1.0
244.70000000000002,1.0,1.0,1.0,1.0,1.0,1.0,1.0
244.75,1.0,1.0,1.0,1.0,1.0,1.0,1.0
244.8,1.0,1.0,1.0,1.0,1.0,1.0,1.0
244.85000000000002,1.0,1.0,1.0,1.0,1.0,1.0,1.0
244.9,1.0,1.0,1.0,1.0,1.0,1.0,1.0
244.95000000000002,1.0,1.0,1.0,1.0,1.0,1.0,1.0
245.0,1.0,1.0,1.0,1.0,1.0,1.0,1.0
245.05,1.0,1.0,1.0,1.0,1.0,1.0,1.0
245.10000000000002,1.0,1.0,1.0,1.0,1.0,1.0,1.0
245.15,1.0,1.0,1.0,1.0,1.0,1.0,1.0
245.20000000000002,1.0,1.0,1.0,1.0,1.0,1.0,1.0
245.25,1.0,1.0,1.0,1.0,1.0,1.0,1.0
245.3,1.0,1.0,1.0,1.0,1.0,1.0,1.0
245.35000000000002,1.0,1.0,1.0,1.0,1.0,1.0,1.0
245.4,1.0,1.0,1.0,1.0,1.0,1.0,1.0
245.45000000000002,1.0,1.0,1.0,1.0,1.0,1.0,1.0
245.5,1.0,1.0,1.0,1.0,1.0,1.0,1.0
245.55,1.0,1.0,1.0,1.0,1.0,1.0,1.0
245.60000000000002,1.0,1.0,1.0,1.0,1.0,1.0,1.0
245.65,1.0,1.0,1.0,1.0,1.0,1.0,1.0
245.70000000000002,1.0,1.0,1.0,1.0,1.0,1.0,1.0
245.75,1.0,1.0,1.0,1.0,1.0,1.0,1.0
245.8,1.0,1.0,1.0,1.0,1.0,1.0,1.0
245.85000000000002,1.0,1.0,1.0,1.0,1.0,1.0,1.0
245.9,1.0,1.0,1.0,1.0,1.0,1.0,1.0
245.95000000000002,1.0,1.0,1.0,1.0,1.0,1.0,1.0
246.0,1.0,1.0,1.0,1.0,1.0,1.0,1.0
246.05,1.0,1.0,1.0,1.0,1.0,1.0,1.0
246.10000000000002,1.0,1.0,1.0,1.0,1.0,1.0,1.0
246.15,1.0,1.0,1.0,1.0,1.0,1.0,1.0
246.20000000000002,1.0,1.0,1.0,1.0,1.0,1.0,1.0
246.25,1.0,1.0,1.0,1.0,1.0,1.0,1.0
246.3,1.0,1.0,1.0,1.0,1.0,1.0,1.0
246.35000000000002,1.0,1.0,1.0,1.0,1.0,1.0,1.0
246.4,1.0,1.0,1.0,1.0,1.0,1.0,1.0
246.45000000000002,1.0,1.0,1.0,1.0,1.0,1.0,1.0
246.5,1.0,1.0,1.0,1.0,1.0,1.0,1.0
246.55,1.0,1.0,1.0,1.0,1.0,1.0,1.0
246.60000000000002,1.0,1.0,1.0,1.0,1.0,1.0,1.0
246.65,1.0,1.0,1.0,1.0,1.0,1.0,1.0
246.70000000000002,1.0,1.0,1.0,1.0,1.0,1.0,1.0
246.75,1.0,1.0,1.0,1.0,1.0,1.0,1.0
246.8,1.0,1.0,1.0,1.0,1.0,1.0,1.0
246.85000000000002,1.0,1.0,1.0,1.0,1.0,1.0,1.0
246.9,1.0,1.0,1.0,1.0,1.0,1.0,1.0
246.95000000000002,1.0,1.0,1.0,1.0,1.0,1.0,1.0
247.0,1.0,1.0,1.0,1.0,1.0,1.0,1.0
247.05,1.0,1.0,1.0,1.0,1.0,1.0,1.0
247.10000000000002,1.0,1.0,1.0,1.0,1.0,1.0,1.0
247.15,1.0,1.0,1.0,1.0,1.0,1.0,1.0
247.20000000000002,1.0,1.0,1.0,1.0,1.0,1.0,1.0
247.25,1.0,1.0,1.0,1.0,1.0,1.0,1.0
247.3,1.0,1.0,1.0,1.0,1.0,1.0,1.0
247.35000000000002,1.0,1.0,1.0,1.0,1.0,1.0,1.0
247.4,1.0,1.0,1.0,1.0,1.0,1.0,1.0
247.45000000000002,1.0,1.0,1.0,1.0,1.0,1.0,1.0
247.5,1.0,1.0,1.0,1.0,1.0,1.0,1.0
247.55,1.0,1.0,1.0,1.0,1.0,1.0,1.0
247.60000000000002,1.0,1.0,1.0,1.0,1.0,1.0,1.0
247.65,1.0,1.0,1.0,1.0,1.0,1.0,1.0
247.70000000000002,1.0,1.0,1.0,1.0,1.0,1.0,1.0
247.75,1.0,1.0,1.0,1.0,1.0,1.0,1.0
247.8,1.0,1.0,1.0,1.0,1.0,1.0,1.0
247.85000000000002,1.0,1.0,1.0,1.0,1.0,1.0,1.0
247.9,1.0,1.0,1.0,1.0,1.0,1.0,1.0
247.95000000000002,1.0,1.0,1.0,1.0,1.0,1.0,1.0
248.0,1.0,1.0,1.0,1.0,1.0,1.0,1.0
248.05,1.0,1.0,1.0,1.0,1.0,1.0,1.0
248.10000000000002,1.0,1.0,1.0,1.0,1.0,1.0,1.0
248.15,1.0,1.0,1.0,1.0,1.0,1.0,1.0
248.20000000000002,1.0,1.0,1.0,1.0,1.0,1.0,1.0
248.25,1.0,1.0,1.0,1.0,1.0,1.0,1.0
248.3,1.0,1.0,1.0,1.0,1.0,1.0,1.0
248.35000000000002,1.0,1.0,1.0,1.0,1.0,1.0,1.0
248.4,1.0,1.0,1.0,1.0,1.0,1.0,1.0
248.45000000000002,1.0,1.0,1.0,1.0,1.0,1.0,1.0
248.5,1.0,1.0,1.0,1.0,1.0,1.0,1.0
248.55,1.0,1.0,1.0,1.0,1.0,1.0,1.0
248.60000000000002,1.0,1.0,1.0,1.0,1.0,1.0,1.0
248.65,1.0,1.0,1.0,1.0,1.0,1.0,1.0
248.70000000000002,1.0,1.0,1.0,1.0,1.0,1.0,1.0
248.75,1.0,1.0,1.0,1.0,1.0,1.0,1.0
248.8,1.0,1.0,1.0,1.0,1.0,1.0,1.0
248.85000000000002,1.0,1.0,1.0,1.0,1.0,1.0,1.0
248.9,1.0,1.0,1.0,1.0,1.0,1.0,1.0
248.95000000000002,1.0,1.0,1.0,1.0,1.0,1.0,1.0
249.0,1.0,1.0,1.0,1.0,1.0,1.0,1.0
249.05,1.0,1.0,1.0,1.0,1.0,1.0,1.0
249.10000000000002,1.0,1.0,1.0,1.0,1.0,1.0,1.0
249.15,1.0,1.0,1.0,1.0,1.0,1.0,1.0
249.20000000000002,1.0,1.0,1.0,1.0,1.0,1.0,1.0
249.25,1.0,1.0,1.0,1.0,1.0,1.0,1.0
249.3,1.0,1.0,1.0,1.0,1.0,1.0,1.0
249.35000000000002,1.0,1.0,1.0,1.0,1.0,1.0,1.0
249.4,1.0,1.0,1.0,1.0,1.0,1.0,1.0
249.45000000000002,1.0,1.0,1.0,1.0,1.0,1.0,1.0
249.5,1.0,1.0,1.0,1.0,1.0,1.0,1.0
249.55,1.0,1.0,1.0,1.0,1.0,1.0,1.0
249.60000000000002,1.0,1.0,1.0,1.0,1.0,1.0,1.0
249.65,1.0,1.0,1.0,1.0,1.0,1.0,1.0
249.70000000000002,1.0,1.0,1.0,1.0,1.0,1.0,1.0
249.75,1.0,1.0,1.0,1.0,1.0,1.0,1.0
249.8,1.0,1.0,1.0,1.0,1.0,1.0,1.0
249.85000000000002,1.0,1.0,1.0,1.0,1.0,1.0,1.0
249.9,1.0,1.0,1.0,1.0,1.0,1.0,1.0
249.95000000000002,1.0,1.0,1.0,1.0,1.0,1.0,1.0
250.0,1.0,1.0,1.0,1.0,1.0,1.0,1.0
250.05,1.0,1.0,1.0,1.0,1.0,1.0,1.0
250.10000000000002,1.0,1.0,1.0,1.0,1.0,1.0,1.0
250.15,1.0,1.0,1.0,1.0,1.0,1.0,1.0
250.20000000000002,1.0,1.0,1.0,1.0,1.0,1.0,1.0
250.25,1.0,1.0,1.0,1.0,1.0,1.0,1.0
250.3,1.0,1.0,1.0,1.0,1.0,1.0,1.0
250.35000000000002,1.0,1.0,1.0,1.0,1.0,1.0,1.0
250.4,1.0,1.0,1.0,1.0,1.0,1.0,1.0
250.45000000000002,1.0,1.0,1.0,1.0,1.0,1.0,1.0
250.5,1.0,1.0,1.0,1.0,1.0,1.0,1.0
250.55,1.0,1.0,1.0,1.0,1.0,1.0,1.0
250.60000000000002,1.0,1.0,1.0,1.0,1.0,1.0,1.0
250.65,1.0,1.0,1.0,1.0,1.0,1.0,1.0
250.70000000000002,1.0,1.0,1.0,1.0,1.0,1.0,1.0
250.75,1.0,1.0,1.0,1.0,1.0,1.0,1.0
250.8,1.0,1.0,1.0,1.0,1.0,1.0,1.0
250.85000000000002,1.0,1.0,1.0,1.0,1.0,1.0,1.0
250.9,1.0,1.0,1.0,1.0,1.0,1.0,1.0
250.95000000000002,1.0,1.0,1.0,1.0,1.0,1.0,1.0
251.0,1.0,1.0,1.0,1.0,1.0,1.0,1.0
251.05,1.0,1.0,1.0,1.0,1.0,1.0,1.0
251.10000000000002,1.0,1.0,1.0,1.0,1.0,1.0,1.0
251.15,1.0,1.0,1.0,1.0,1.0,1.0,1.0
251.20000000000002,1.0,1.0,1.0,1.0,1.0,1.0,1.0
251.25,1.0,1.0,1.0,1.0,1.0,1.0,1.0
251.3,1.0,1.0,1.0,1.0,1.0,1.0,1.0
251.35000000000002,1.0,1.0,1.0,1.0,1.0,1.0,1.0
251.4,1.0,1.0,1.0,1.0,1.0,1.0,1.0
251.45000000000002,1.0,1.0,1.0,1.0,1.0,1.0,1.0
251.5,1.0,1.0,1.0,1.0,1.0,1.0,1.0
251.55,1.0,1.0,1.0,1.0,1.0,1.0,1.0
251.60000000000002,1.0,1.0,1.0,1.0,1.0,1.0,1.0
251.65,1.0,1.0,1.0,1.0,1.0,1.0,1.0
251.70000000000002,1.0,1.0,1.0,1.0,1.0,1.0,1.0
251.75,1.0,1.0,1.0,1.0,1.0,1.0,1.0
251.8,1.0,1.0,1.0,1.0,1.0,1.0,1.0
251.85000000000002,1.0,1.0,1.0,1.0,1.0,1.0,1.0
251.9,1.0,1.0,1.0,1.0,1.0,1.0,1.0
251.95000000000002,1.0,1.0,1.0,1.0,1.0,1.0,1.0
252.0,1.0,1.0,1.0,1.0,1.0,1.0,1.0
252.05,1.0,1.0,1.0,1.0,1.0,1.0,1.0
252.10000000000002,1.0,1.0,1.0,1.0,1.0,1.0,1.0
252.15,1.0,1.0,1.0,1.0,1.0,1.0,1.0
252.20000000000002,1.0,1.0,1.0,1.0,1.0,1.0,1.0
252.25,1.0,1.0,1.0,1.0,1.0,1.0,1.0
252.3,1.0,1.0,1.0,1.0,1.0,1.0,1.0
252.35000000000002,1.0,1.0,1.0,1.0,1.0,1.0,1.0
252.4,1.0,1.0,1.0,1.0,1.0,1.0,1.0
252.45000000000002,1.0,1.0,1.0,1.0,1.0,1.0,1.0
252.5,1.0,1.0,1.0,1.0,1.0,1.0,1.0
252.55,1.0,1.0,1.0,1.0,1.0,1.0,1.0
252.60000000000002,1.0,1.0,1.0,1.0,1.0,1.0,1.0
252.65,1.0,1.0,1.0,1.0,1.0,1.0,1.0
252.70000000000002,1.0,1.0,1.0,1.0,1.0,1.0,1.0
252.75,1.0,1.0,1.0,1.0,1.0,1.0,1.0
252.8,1.0,1.0,1.0,1.0,1.0,1.0,1.0
252.85000000000002,1.0,1.0,1.0,1.0,1.0,1.0,1.0
252.9,1.0,1.0,1.0,1.0,1.0,1.0,1.0
252.95000000000002,1.0,1.0,1.0,1.0,1.0,1.0,1.0
253.0,1.0,1.0,1.0,1.0,1.0,1.0,1.0
253.05,1.0,1.0,1.0,1.0,1.0,1.0,1.0
253.10000000000002,1.0,1.0,1.0,1.0,1.0,1.0,1.0
253.15,1.0,1.0,1.0,1.0,1.0,1.0,1.0
253.20000000000002,1.0,1.0,1.0,1.0,1.0,1.0,1.0
253.25,1.0,1.0,1.0,1.0,1.0,1.0,1.0
253.3,1.0,1.0,1.0,1.0,1.0,1.0,1.0
253.35000000000002,1.0,1.0,1.0,1.0,1.0,1.0,1.0
253.4,1.0,1.0,1.0,1.0,1.0,1.0,1.0
253.45000000000002,1.0,1.0,1.0,1.0,1.0,1.0,1.0
253.5,1.0,1.0,1.0,1.0,1.0,1.0,1.0
253.55,1.0,1.0,1.0,1.0,1.0,1.0,1.0
253.60000000000002,1.0,1.0,1.0,1.0,1.0,1.0,1.0
253.65,1.0,1.0,1.0,1.0,1.0,1.0,1.0
253.70000000000002,1.0,1.0,1.0,1.0,1.0,1.0,1.0
253.75,1.0,1.0,1.0,1.0,1.0,1.0,1.0
253.8,1.0,1.0,1.0,1.0,1.0,1.0,1.0
253.85000000000002,1.0,1.0,1.0,1.0,1.0,1.0,1.0
253.9,1.0,1.0,1.0,1.0,1.0,1.0,1.0
253.95000000000002,1.0,1.0,1.0,1.0,1.0,1.0,1.0
254.0,1.0,1.0,1.0,1.0,1.0,1.0,1.0
254.05,1.0,1.0,1.0,1.0,1.0,1.0,1.0
254.10000000000002,1.0,1.0,1.0,1.0,1.0,1.0,1.0
254.15,1.0,1.0,1.0,1.0,1.0,1.0,1.0
254.20000000000002,1.0,1.0,1.0,1.0,1.0,1.0,1.0
254.25,1.0,1.0,1.0,1.0,1.0,1.0,1.0
254.3,1.0,1.0,1.0,1.0,1.0,1.0,1.0
254.35000000000002,1.0,1.0,1.0,1.0,1.0,1.0,1.0
254.4,1.0,1.0,1.0,1.0,1.0,1.0,1.0
254.45000000000002,1.0,1.0,1.0,1.0,1.0,1.0,1.0
254.5,1.0,1.0,1.0,1.0,1.0,1.0,1.0
254.55,1.0,1.0,1.0,1.0,1.0,1.0,1.0
254.60000000000002,1.0,1.0,1.0,1.0,1.0,1.0,1.0
254.65,1.0,1.0,1.0,1.0,1.0,1.0,1.0
254.70000000000002,1.0,1.0,1.0,1.0,1.0,1.0,1.0
254.75,1.0,1.0,1.0,1.0,1.0,1.0,1.0
254.8,1.0,1.0,1.0,1.0,1.0,1.0,1.0
254.85000000000002,1.0,1.0,1.0,1.0,1.0,1.0,1.0
254.9,1.0,1.0,1.0,1.0,1.0,1.0,1.0
254.95000000000002,1.0,1.0,1.0,1.0,1.0,1.0,1.0
255.0,1.0,1.0,1.0,1.0,1.0,1.0,1.0
255.05,1.0,1.0,1.0,1.0,1.0,1.0,1.0
255.10000000000002,1.0,1.0,1.0,1.0,1.0,1.0,1.0
255.15,1.0,1.0,1.0,1.0,1.0,1.0,1.0
255.20000000000002,1.0,1.0,1.0,1.0,1.0,1.0,1.0
255.25,1.0,1.0,1.0,1.0,1.0,1.0,1.0
255.3,1.0,1.0,1.0,1.0,1.0,1.0,1.0
255.35000000000002,1.0,1.0,1.0,1.0,1.0,1.0,1.0
255.4,1.0,1.0,1.0,1.0,1.0,1.0,1.0
255.45000000000002,1.0,1.0,1.0,1.0,1.0,1.0,1.0
255.5,1.0,1.0,1.0,1.0,1.0,1.0,1.0
255.55,1.0,1.0,1.0,1.0,1.0,1.0,1.0
255.60000000000002,1.0,1.0,1.0,1.0,1.0,1.0,1.0
255.65,1.0,1.0,1.0,1.0,1.0,1.0,1.0
255.70000000000002,1.0,1.0,1.0,1.0,1.0,1.0,1.0
255.75,1.0,1.0,1.0,1.0,1.0,1.0,1.0
255.8,1.0,1.0,1.0,1.0,1.0,1.0,1.0
255.85000000000002,1.0,1.0,1.0,1.0,1.0,1.0,1.0
255.9,1.0,1.0,1.0,1.0,1.0,1.0,1.0
255.95000000000002,1.0,1.0,1.0,1.0,1.0,1.0,1.0
256.0,1.0,1.0,1.0,1.0,1.0,1.0,1.0
256.05,1.0,1.0,1.0,1.0,1.0,1.0,1.0
256.1,1.0,1.0,1.0,1.0,1.0,1.0,1.0
256.15000000000003,1.0,1.0,1.0,1.0,1.0,1.0,1.0
256.2,1.0,1.0,1.0,1.0,1.0,1.0,1.0
256.25,1.0,1.0,1.0,1.0,1.0,1.0,1.0
256.3,1.0,1.0,1.0,1.0,1.0,1.0,1.0
256.35,1.0,1.0,1.0,1.0,1.0,1.0,1.0
256.40000000000003,1.0,1.0,1.0,1.0,1.0,1.0,1.0
256.45,1.0,1.0,1.0,1.0,1.0,1.0,1.0
256.5,1.0,1.0,1.0,1.0,1.0,1.0,1.0
256.55,1.0,1.0,1.0,1.0,1.0,1.0,1.0
256.6,1.0,1.0,1.0,1.0,1.0,1.0,1.0
256.65000000000003,1.0,1.0,1.0,1.0,1.0,1.0,1.0
256.7,1.0,1.0,1.0,1.0,1.0,1.0,1.0
256.75,1.0,1.0,1.0,1.0,1.0,1.0,1.0
256.8,1.0,1.0,1.0,1.0,1.0,1.0,1.0
256.85,1.0,1.0,1.0,1.0,1.0,1.0,1.0
256.90000000000003,1.0,1.0,1.0,1.0,1.0,1.0,1.0
256.95,1.0,1.0,1.0,1.0,1.0,1.0,1.0
257.0,1.0,1.0,1.0,1.0,1.0,1.0,1.0
257.05,1.0,1.0,1.0,1.0,1.0,1.0,1.0
257.1,1.0,1.0,1.0,1.0,1.0,1.0,1.0
257.15000000000003,1.0,1.0,1.0,1.0,1.0,1.0,1.0
257.2,1.0,1.0,1.0,1.0,1.0,1.0,1.0
257.25,1.0,1.0,1.0,1.0,1.0,1.0,1.0
257.3,1.0,1.0,1.0,1.0,1.0,1.0,1.0
257.35,1.0,1.0,1.0,1.0,1.0,1.0,1.0
257.40000000000003,1.0,1.0,1.0,1.0,1.0,1.0,1.0
257.45,1.0,1.0,1.0,1.0,1.0,1.0,1.0
257.5,1.0,1.0,1.0,1.0,1.0,1.0,1.0
257.55,1.0,1.0,1.0,1.0,1.0,1.0,1.0
257.6,1.0,1.0,1.0,1.0,1.0,1.0,1.0
257.65000000000003,1.0,1.0,1.0,1.0,1.0,1.0,1.0
257.7,1.0,1.0,1.0,1.0,1.0,1.0,1.0
257.75,1.0,1.0,1.0,1.0,1.0,1.0,1.0
257.8,1.0,1.0,1.0,1.0,1.0,1.0,1.0
257.85,1.0,1.0,1.0,1.0,1.0,1.0,1.0
257.90000000000003,1.0,1.0,1.0,1.0,1.0,1.0,1.0
257.95,1.0,1.0,1.0,1.0,1.0,1.0,1.0
258.0,1.0,1.0,1.0,1.0,1.0,1.0,1.0
258.05,1.0,1.0,1.0,1.0,1.0,1.0,1.0
258.1,1.0,1.0,1.0,1.0,1.0,1.0,1.0
258.15000000000003,1.0,1.0,1.0,1.0,1.0,1.0,1.0
258.2,1.0,1.0,1.0,1.0,1.0,1.0,1.0
258.25,1.0,1.0,1.0,1.0,1.0,1.0,1.0
258.3,1.0,1.0,1.0,1.0,1.0,1.0,1.0
258.35,1.0,1.0,1.0,1.0,1.0,1.0,1.0
258.40000000000003,1.0,1.0,1.0,1.0,1.0,1.0,1.0
258.45,1.0,1.0,1.0,1.0,1.0,1.0,1.0
258.5,1.0,1.0,1.0,1.0,1.0,1.0,1.0
258.55,1.0,1.0,1.0,1.0,1.0,1.0,1.0
258.6,1.0,1.0,1.0,1.0,1.0,1.0,1.0
258.65000000000003,1.0,1.0,1.0,1.0,1.0,1.0,1.0
258.7,1.0,1.0,1.0,1.0,1.0,1.0,1.0
258.75,1.0,1.0,1.0,1.0,1.0,1.0,1.0
258.8,1.0,1.0,1.0,1.0,1.0,1.0,1.0
258.85,1.0,1.0,1.0,1.0,1.0,1.0,1.0
258.90000000000003,1.0,1.0,1.0,1.0,1.0,1.0,1.0
258.95,1.0,1.0,1.0,1.0,1.0,1.0,1.0
259.0,1.0,1.0,1.0,1.0,1.0,1.0,1.0
259.05,1.0,1.0,1.0,1.0,1.0,1.0,1.0
259.1,1.0,1.0,1.0,1.0,1.0,1.0,1.0
259.15000000000003,1.0,1.0,1.0,1.0,1.0,1.0,1.0
259.2,1.0,1.0,1.0,1.0,1.0,1.0,1.0
259.25,1.0,1.0,1.0,1.0,1.0,1.0,1.0
259.3,1.0,1.0,1.0,1.0,1.0,1.0,1.0
259.35,1.0,1.0,1.0,1.0,1.0,1.0,1.0
259.40000000000003,1.0,1.0,1.0,1.0,1.0,1.0,1.0
259.45,1.0,1.0,1.0,1.0,1.0,1.0,1.0
259.5,1.0,1.0,1.0,1.0,1.0,1.0,1.0
259.55,1.0,1.0,1.0,1.0,1.0,1.0,1.0
259.6,1.0,1.0,1.0,1.0,1.0,1.0,1.0
259.65000000000003,1.0,1.0,1.0,1.0,1.0,1.0,1.0
259.7,1.0,1.0,1.0,1.0,1.0,1.0,1.0
259.75,1.0,1.0,1.0,1.0,1.0,1.0,1.0
259.8,1.0,1.0,1.0,1.0,1.0,1.0,1.0
259.85,1.0,1.0,1.0,1.0,1.0,1.0,1.0
259.90000000000003,1.0,1.0,1.0,1.0,1.0,1.0,1.0
259.95,1.0,1.0,1.0,1.0,1.0,1.0,1.0
260.0,1.0,1.0,1.0,1.0,1.0,1.0,1.0
260.05,1.0,1.0,1.0,1.0,1.0,1.0,1.0
260.1,1.0,1.0,1.0,1.0,1.0,1.0,1.0
260.15000000000003,1.0,1.0,1.0,1.0,1.0,1.0,1.0
260.2,1.0,1.0,1.0,1.0,1.0,1.0,1.0
260.25,1.0,1.0,1.0,1.0,1.0,1.0,1.0
260.3,1.0,1.0,1.0,1.0,1.0,1.0,1.0
260.35,1.0,1.0,1.0,1.0,1.0,1.0,1.0
260.40000000000003,1.0,1.0,1.0,1.0,1.0,1.0,1.0
260.45,1.0,1.0,1.0,1.0,1.0,1.0,1.0
260.5,1.0,1.0,1.0,1.0,1.0,1.0,1.0
260.55,1.0,1.0,1.0,1.0,1.0,1.0,1.0
260.6,1.0,1.0,1.0,1.0,1.0,1.0,1.0
260.65000000000003,1.0,1.0,1.0,1.0,1.0,1.0,1.0
260.7,1.0,1.0,1.0,1.0,1.0,1.0,1.0
260.75,1.0,1.0,1.0,1.0,1.0,1.0,1.0
260.8,1.0,1.0,1.0,1.0,1.0,1.0,1.0
260.85,1.0,1.0,1.0,1.0,1.0,1.0,1.0
260.90000000000003,1.0,1.0,1.0,1.0,1.0,1.0,1.0
260.95,1.0,1.0,1.0,1.0,1.0,1.0,1.0
261.0,1.0,1.0,1.0,1.0,1.0,1.0,1.0
261.05,1.0,1.0,1.0,1.0,1.0,1.0,1.0
261.1,1.0,1.0,1.0,1.0,1.0,1.0,1.0
261.15000000000003,1.0,1.0,1.0,1.0,1.0,1.0,1.0
261.2,1.0,1.0,1.0,1.0,1.0,1.0,1.0
261.25,1.0,1.0,1.0,1.0,1.0,1.0,1.0
261.3,1.0,1.0,1.0,1.0,1.0,1.0,1.0
261.35,1.0,1.0,1.0,1.0,1.0,1.0,1.0
261.40000000000003,1.0,1.0,1.0,1.0,1.0,1.0,1.0
261.45,1.0,1.0,1.0,1.0,1.0,1.0,1.0
261.5,1.0,1.0,1.0,1.0,1.0,1.0,1.0
261.55,1.0,1.0,1.0,1.0,1.0,1.0,1.0
261.6,1.0,1.0,1.0,1.0,1.0,1.0,1.0
261.65000000000003,1.0,1.0,1.0,1.0,1.0,1.0,1.0
261.7,1.0,1.0,1.0,1.0,1.0,1.0,1.0
261.75,1.0,1.0,1.0,1.0,1.0,1.0,1.0
261.8,1.0,1.0,1.0,1.0,1.0,1.0,1.0
261.85,1.0,1.0,1.0,1.0,1.0,1.0,1.0
261.90000000000003,1.0,1.0,1.0,1.0,1.0,1.0,1.0
261.95,1.0,1.0,1.0,1.0,1.0,1.0,1.0
262.0,1.0,1.0,1.0,1.0,1.0,1.0,1.0
262.05,1.0,1.0,1.0,1.0,1.0,1.0,1.0
262.1,1.0,1.0,1.0,1.0,1.0,1.0,1.0
262.15000000000003,1.0,1.0,1.0,1.0,1.0,1.0,1.0
262.2,1.0,1.0,1.0,1.0,1.0,1.0,1.0
262.25,1.0,1.0,1.0,1.0,1.0,1.0,1.0
262.3,1.0,1.0,1.0,1.0,1.0,1.0,1.0
262.35,1.0,1.0,1.0,1.0,1.0,1.0,1.0
262.40000000000003,1.0,1.0,1.0,1.0,1.0,1.0,1.0
262.45,1.0,1.0,1.0,1.0,1.0,1.0,1.0
262.5,1.0,1.0,1.0,1.0,1.0,1.0,1.0
262.55,1.0,1.0,1.0,1.0,1.0,1.0,1.0
262.6,1.0,1.0,1.0,1.0,1.0,1.0,1.0
262.65000000000003,1.0,1.0,1.0,1.0,1.0,1.0,1.0
262.7,1.0,1.0,1.0,1.0,1.0,1.0,1.0
262.75,1.0,1.0,1.0,1.0,1.0,1.0,1.0
262.8,1.0,1.0,1.0,1.0,1.0,1.0,1.0
262.85,1.0,1.0,1.0,1.0,1.0,1.0,1.0
262.90000000000003,1.0,1.0,1.0,1.0,1.0,1.0,1.0
262.95,1.0,1.0,1.0,1.0,1.0,1.0,1.0
263.0,1.0,1.0,1.0,1.0,1.0,1.0,1.0
263.05,1.0,1.0,1.0,1.0,1.0,1.0,1.0
263.1,1.0,1.0,1.0,1.0,1.0,1.0,1.0
263.15000000000003,1.0,1.0,1.0,1.0,1.0,1.0,1.0
263.2,1.0,1.0,1.0,1.0,1.0,1.0,1.0
263.25,1.0,1.0,1.0,1.0,1.0,1.0,1.0
263.3,1.0,1.0,1.0,1.0,1.0,1.0,1.0
263.35,1.0,1.0,1.0,1.0,1.0,1.0,1.0
263.40000000000003,1.0,1.0,1.0,1.0,1.0,1.0,1.0
263.45,1.0,1.0,1.0,1.0,1.0,1.0,1.0
263.5,1.0,1.0,1.0,1.0,1.0,1.0,1.0
263.55,1.0,1.0,1.0,1.0,1.0,1.0,1.0
263.6,1.0,1.0,1.0,1.0,1.0,1.0,1.0
263.65000000000003,1.0,1.0,1.0,1.0,1.0,1.0,1.0
263.7,1.0,1.0,1.0,1.0,1.0,1.0,1.0
263.75,1.0,1.0,1.0,1.0,1.0,1.0,1.0
263.8,1.0,1.0,1.0,1.0,1.0,1.0,1.0
263.85,1.0,1.0,1.0,1.0,1.0,1.0,1.0
263.90000000000003,1.0,1.0,1.0,1.0,1.0,1.0,1.0
263.95,1.0,1.0,1.0,1.0,1.0,1.0,1.0
264.0,1.0,1.0,1.0,1.0,1.0,1.0,1.0
264.05,1.0,1.0,1.0,1.0,1.0,1.0,1.0
264.1,1.0,1.0,1.0,1.0,1.0,1.0,1.0
264.15000000000003,1.0,1.0,1.0,1.0,1.0,1.0,1.0
264.2,1.0,1.0,1.0,1.0,1.0,1.0,1.0
264.25,1.0,1.0,1.0,1.0,1.0,1.0,1.0
264.3,1.0,1.0,1.0,1.0,1.0,1.0,1.0
264.35,1.0,1.0,1.0,1.0,1.0,1.0,1.0
264.40000000000003,1.0,1.0,1.0,1.0,1.0,1.0,1.0
264.45,1.0,1.0,1.0,1.0,1.0,1.0,1.0
264.5,1.0,1.0,1.0,1.0,1.0,1.0,1.0
264.55,1.0,1.0,1.0,1.0,1.0,1.0,1.0
264.6,1.0,1.0,1.0,1.0,1.0,1.0,1.0
264.65000000000003,1.0,1.0,1.0,1.0,1.0,1.0,1.0
264.7,1.0,1.0,1.0,1.0,1.0,1.0,1.0
264.75,1.0,1.0,1.0,1.0,1.0,1.0,1.0
264.8,1.0,1.0,1.0,1.0,1.0,1.0,1.0
264.85,1.0,1.0,1.0,1.0,1.0,1.0,1.0
264.90000000000003,1.0,1.0,1.0,1.0,1.0,1.0,1.0
264.95,1.0,1.0,1.0,1.0,1.0,1.0,1.0
265.0,1.0,1.0,1.0,1.0,1.0,1.0,1.0
265.05,1.0,1.0,1.0,1.0,1.0,1.0,1.0
265.1,1.0,1.0,1.0,1.0,1.0,1.0,1.0
265.15000000000003,1.0,1.0,1.0,1.0,1.0,1.0,1.0
265.2,1.0,1.0,1.0,1.0,1.0,1.0,1.0
265.25,1.0,1.0,1.0,1.0,1.0,1.0,1.0
265.3,1.0,1.0,1.0,1.0,1.0,1.0,1.0
265.35,1.0,1.0,1.0,1.0,1.0,1.0,1.0
265.40000000000003,1.0,1.0,1.0,1.0,1.0,1.0,1.0
265.45,1.0,1.0,1.0,1.0,1.0,1.0,1.0
265.5,1.0,1.0,1.0,1.0,1.0,1.0,1.0
265.55,1.0,1.0,1.0,1.0,1.0,1.0,1.0
265.6,1.0,1.0,1.0,1.0,1.0,1.0,1.0
265.65000000000003,1.0,1.0,1.0,1.0,1.0,1.0,1.0
265.7,1.0,1.0,1.0,1.0,1.0,1.0,1.0
265.75,1.0,1.0,1.0,1.0,1.0,1.0,1.0
265.8,1.0,1.0,1.0,1.0,1.0,1.0,1.0
265.85,1.0,1.0,1.0,1.0,1.0,1.0,1.0
265.90000000000003,1.0,1.0,1.0,1.0,1.0,1.0,1.0
265.95,1.0,1.0,1.0,1.0,1.0,1.0,1.0
266.0,1.0,1.0,1.0,1.0,1.0,1.0,1.0
266.05,1.0,1.0,1.0,1.0,1.0,1.0,1.0
266.1,1.0,1.0,1.0,1.0,1.0,1.0,1.0
266.15000000000003,1.0,1.0,1.0,1.0,1.0,1.0,1.0
266.2,1.0,1.0,1.0,1.0,1.0,1.0,1.0
266.25,1.0,1.0,1.0,1.0,1.0,1.0,1.0
266.3,1.0,1.0,1.0,1.0,1.0,1.0,1.0
266.35,1.0,1.0,1.0,1.0,1.0,1.0,1.0
266.40000000000003,1.0,1.0,1.0,1.0,1.0,1.0,1.0
266.45,1.0,1.0,1.0,1.0,1.0,1.0,1.0
266.5,1.0,1.0,1.0,1.0,1.0,1.0,1.0
266.55,1.0,1.0,1.0,1.0,1.0,1.0,1.0
266.6,1.0,1.0,1.0,1.0,1.0,1.0,1.0
266.65000000000003,1.0,1.0,1.0,1.0,1.0,1.0,1.0
266.7,1.0,1.0,1.0,1.0,1.0,1.0,1.0
266.75,1.0,1.0,1.0,1.0,1.0,1.0,1.0
266.8,1.0,1.0,1.0,1.0,1.0,1.0,1.0
266.85,1.0,1.0,1.0,1.0,1.0,1.0,1.0
266.90000000000003,1.0,1.0,1.0,1.0,1.0,1.0,1.0
266.95,1.0,1.0,1.0,1.0,1.0,1.0,1.0
267.0,1.0,1.0,1.0,1.0,1.0,1.0,1.0
267.05,1.0,1.0,1.0,1.0,1.0,1.0,1.0
267.1,1.0,1.0,1.0,1.0,1.0,1.0,1.0
267.15000000000003,1.0,1.0,1.0,1.0,1.0,1.0,1.0
267.2,1.0,1.0,1.0,1.0,1.0,1.0,1.0
267.25,1.0,1.0,1.0,1.0,1.0,1.0,1.0
267.3,1.0,1.0,1.0,1.0,1.0,1.0,1.0
267.35,1.0,1.0,1.0,1.0,1.0,1.0,1.0
267.40000000000003,1.0,1.0,1.0,1.0,1.0,1.0,1.0
267.45,1.0,1.0,1.0,1.0,1.0,1.0,1.0
267.5,1.0,1.0,1.0,1.0,1.0,1.0,1.0
267.55,1.0,1.0,1.0,1.0,1.0,1.0,1.0
267.6,1.0,1.0,1.0,1.0,1.0,1.0,1.0
267.65000000000003,1.0,1.0,1.0,1.0,1.0,1.0,1.0
267.7,1.0,1.0,1.0,1.0,1.0,1.0,1.0
267.75,1.0,1.0,1.0,1.0,1.0,1.0,1.0
267.8,1.0,1.0,1.0,1.0,1.0,1.0,1.0
267.85,1.0,1.0,1.0,1.0,1.0,1.0,1.0
267.90000000000003,1.0,1.0,1.0,1.0,1.0,1.0,1.0
267.95,1.0,1.0,1.0,1.0,1.0,1.0,1.0
268.0,1.0,1.0,1.0,1.0,1.0,1.0,1.0
268.05,1.0,1.0,1.0,1.0,1.0,1.0,1.0
268.1,1.0,1.0,1.0,1.0,1.0,1.0,1.0
268.15000000000003,1.0,1.0,1.0,1.0,1.0,1.0,1.0
268.2,1.0,1.0,1.0,1.0,1.0,1.0,1.0
268.25,1.0,1.0,1.0,1.0,1.0,1.0,1.0
268.3,1.0,1.0,1.0,1.0,1.0,1.0,1.0
268.35,1.0,1.0,1.0,1.0,1.0,1.0,1.0
268.40000000000003,1.0,1.0,1.0,1.0,1.0,1.0,1.0
268.45,1.0,1.0,1.0,1.0,1.0,1.0,1.0
268.5,1.0,1.0,1.0,1.0,1.0,1.0,1.0
268.55,1.0,1.0,1.0,1.0,1.0,1.0,1.0
268.6,1.0,1.0,1.0,1.0,1.0,1.0,1.0
268.65000000000003,1.0,1.0,1.0,1.0,1.0,1.0,1.0
268.7,1.0,1.0,1.0,1.0,1.0,1.0,1.0
268.75,1.0,1.0,1.0,1.0,1.0,1.0,1.0
268.8,1.0,1.0,1.0,1.0,1.0,1.0,1.0
268.85,1.0,1.0,1.0,1.0,1.0,1.0,1.0
268.90000000000003,1.0,1.0,1.0,1.0,1.0,1.0,1.0
268.95,1.0,1.0,1.0,1.0,1.0,1.0,1.0
269.0,1.0,1.0,1.0,1.0,1.0,1.0,1.0
269.05,1.0,1.0,1.0,1.0,1.0,1.0,1.0
269.1,1.0,1.0,1.0,1.0,1.0,1.0,1.0
269.15000000000003,1.0,1.0,1.0,1.0,1.0,1.0,1.0
269.2,1.0,1.0,1.0,1.0,1.0,1.0,1.0
269.25,1.0,1.0,1.0,1.0,1.0,1.0,1.0
269.3,1.0,1.0,1.0,1.0,1.0,1.0,1.0
269.35,1.0,1.0,1.0,1.0,1.0,1.0,1.0
269.40000000000003,1.0,1.0,1.0,1.0,1.0,1.0,1.0
269.45,1.0,1.0,1.0,1.0,1.0,1.0,1.0
269.5,1.0,1.0,1.0,1.0,1.0,1.0,1.0
269.55,1.0,1.0,1.0,1.0,1.0,1.0,1.0
269.6,1.0,1.0,1.0,1.0,1.0,1.0,1.0
269.65000000000003,1.0,1.0,1.0,1.0,1.0,1.0,1.0
269.7,1.0,1.0,1.0,1.0,1.0,1.0,1.0
269.75,1.0,1.0,1.0,1.0,1.0,1.0,1.0
269.8,1.0,1.0,1.0,1.0,1.0,1.0,1.0
269.85,1.0,1.0,1.0,1.0,1.0,1.0,1.0
269.90000000000003,1.0,1.0,1.0,1.0,1.0,1.0,1.0
269.95,1.0,1.0,1.0,1.0,1.0,1.0,1.0
270.0,1.0,1.0,1.0,1.0,1.0,1.0,1.0
270.05,1.0,1.0,1.0,1.0,1.0,1.0,1.0
270.1,1.0,1.0,1.0,1.0,1.0,1.0,1.0
270.15000000000003,1.0,1.0,1.0,1.0,1.0,1.0,1.0
270.2,1.0,1.0,1.0,1.0,1.0,1.0,1.0
270.25,1.0,1.0,1.0,1.0,1.0,1.0,1.0
270.3,1.0,1.0,1.0,1.0,1.0,1.0,1.0
270.35,1.0,1.0,1.0,1.0,1.0,1.0,1.0
270.40000000000003,1.0,1.0,1.0,1.0,1.0,1.0,1.0
270.45,1.0,1.0,1.0,1.0,1.0,1.0,1.0
270.5,1.0,1.0,1.0,1.0,1.0,1.0,1.0
270.55,1.0,1.0,1.0,1.0,1.0,1.0,1.0
270.6,1.0,1.0,1.0,1.0,1.0,1.0,1.0
270.65000000000003,1.0,1.0,1.0,1.0,1.0,1.0,1.0
270.7,1.0,1.0,1.0,1.0,1.0,1.0,1.0
270.75,1.0,1.0,1.0,1.0,1.0,1.0,1.0
270.8,1.0,1.0,1.0,1.0,1.0,1.0,1.0
270.85,1.0,1.0,1.0,1.0,1.0,1.0,1.0
270.90000000000003,1.0,1.0,1.0,1.0,1.0,1.0,1.0
270.95,1.0,1.0,1.0,1.0,1.0,1.0,1.0
271.0,1.0,1.0,1.0,1.0,1.0,1.0,1.0
271.05,1.0,1.0,1.0,1.0,1.0,1.0,1.0
271.1,1.0,1.0,1.0,1.0,1.0,1.0,1.0
271.15000000000003,1.0,1.0,1.0,1.0,1.0,1.0,1.0
271.2,1.0,1.0,1.0,1.0,1.0,1.0,1.0
271.25,1.0,1.0,1.0,1.0,1.0,1.0,1.0
271.3,1.0,1.0,1.0,1.0,1.0,1.0,1.0
271.35,1.0,1.0,1.0,1.0,1.0,1.0,1.0
271.40000000000003,1.0,1.0,1.0,1.0,1.0,1.0,1.0
271.45,1.0,1.0,1.0,1.0,1.0,1.0,1.0
271.5,1.0,1.0,1.0,1.0,1.0,1.0,1.0
271.55,1.0,1.0,1.0,1.0,1.0,1.0,1.0
271.6,1.0,1.0,1.0,1.0,1.0,1.0,1.0
271.65000000000003,1.0,1.0,1.0,1.0,1.0,1.0,1.0
271.7,1.0,1.0,1.0,1.0,1.0,1.0,1.0
271.75,1.0,1.0,1.0,1.0,1.0,1.0,1.0
271.8,1.0,1.0,1.0,1.0,1.0,1.0,1.0
271.85,1.0,1.0,1.0,1.0,1.0,1.0,1.0
271.90000000000003,1.0,1.0,1.0,1.0,1.0,1.0,1.0
271.95,1.0,1.0,1.0,1.0,1.0,1.0,1.0
272.0,1.0,1.0,1.0,1.0,1.0,1.0,1.0
272.05,1.0,1.0,1.0,1.0,1.0,1.0,1.0
272.1,1.0,1.0,1.0,1.0,1.0,1.0,1.0
272.15000000000003,1.0,1.0,1.0,1.0,1.0,1.0,1.0
272.2,1.0,1.0,1.0,1.0,1.0,1.0,1.0
272.25,1.0,1.0,1.0,1.0,1.0,1.0,1.0
272.3,1.0,1.0,1.0,1.0,1.0,1.0,1.0
272.35,1.0,1.0,1.0,1.0,1.0,1.0,1.0
272.40000000000003,1.0,1.0,1.0,1.0,1.0,1.0,1.0
272.45,1.0,1.0,1.0,1.0,1.0,1.0,1.0
272.5,1.0,1.0,1.0,1.0,1.0,1.0,1.0
272.55,1.0,1.0,1.0,1.0,1.0,1.0,1.0
272.6,1.0,1.0,1.0,1.0,1.0,1.0,1.0
272.65000000000003,1.0,1.0,1.0,1.0,1.0,1.0,1.0
272.7,1.0,1.0,1.0,1.0,1.0,1.0,1.0
272.75,1.0,1.0,1.0,1.0,1.0,1.0,1.0
272.8,1.0,1.0,1.0,1.0,1.0,1.0,1.0
272.85,1.0,1.0,1.0,1.0,1.0,1.0,1.0
272.90000000000003,1.0,1.0,1.0,1.0,1.0,1.0,1.0
272.95,1.0,1.0,1.0,1.0,1.0,1.0,1.0
273.0,1.0,1.0,1.0,1.0,1.0,1.0,1.0
273.05,1.0,1.0,1.0,1.0,1.0,1.0,1.0
273.1,1.0,1.0,1.0,1.0,1.0,1.0,1.0
273.15000000000003,1.0,1.0,1.0,1.0,1.0,1.0,1.0
273.2,1.0,1.0,1.0,1.0,1.0,1.0,1.0
273.25,1.0,1.0,1.0,1.0,1.0,1.0,1.0
273.3,1.0,1.0,1.0,1.0,1.0,1.0,1.0
273.35,1.0,1.0,1.0,1.0,1.0,1.0,1.0
273.40000000000003,1.0,1.0,1.0,1.0,1.0,1.0,1.0
273.45,1.0,1.0,1.0,1.0,1.0,1.0,1.0
273.5,1.0,1.0,1.0,1.0,1.0,1.0,1.0
273.55,1.0,1.0,1.0,1.0,1.0,1.0,1.0
273.6,1.0,1.0,1.0,1.0,1.0,1.0,1.0
273.65000000000003,1.0,1.0,1.0,1.0,1.0,1.0,1.0
273.7,1.0,1.0,1.0,1.0,1.0,1.0,1.0
273.75,1.0,1.0,1.0,1.0,1.0,1.0,1.0
273.8,1.0,1.0,1.0,1.0,1.0,1.0,1.0
273.85,1.0,1.0,1.0,1.0,1.0,1.0,1.0
273.90000000000003,1.0,1.0,1.0,1.0,1.0,1.0,1.0
273.95,1.0,1.0,1.0,1.0,1.0,1.0,1.0
274.0,1.0,1.0,1.0,1.0,1.0,1.0,1.0
274.05,1.0,1.0,1.0,1.0,1.0,1.0,1.0
274.1,1.0,1.0,1.0,1.0,1.0,1.0,1.0
274.15000000000003,1.0,1.0,1.0,1.0,1.0,1.0,1.0
274.2,1.0,1.0,1.0,1.0,1.0,1.0,1.0
274.25,1.0,1.0,1.0,1.0,1.0,1.0,1.0
274.3,1.0,1.0,1.0,1.0,1.0,1.0,1.0
274.35,1.0,1.0,1.0,1.0,1.0,1.0,1.0
274.40000000000003,1.0,1.0,1.0,1.0,1.0,1.0,1.0
274.45,1.0,1.0,1.0,1.0,1.0,1.0,1.0
274.5,1.0,1.0,1.0,1.0,1.0,1.0,1.0
274.55,1.0,1.0,1.0,1.0,1.0,1.0,1.0
274.6,1.0,1.0,1.0,1.0,1.0,1.0,1.0
274.65000000000003,1.0,1.0,1.0,1.0,1.0,1.0,1.0
274.7,1.0,1.0,1.0,1.0,1.0,1.0,1.0
274.75,1.0,1.0,1.0,1.0,1.0,1.0,1.0
274.8,1.0,1.0,1.0,1.0,1.0,1.0,1.0
274.85,1.0,1.0,1.0,1.0,1.0,1.0,1.0
274.90000000000003,1.0,1.0,1.0,1.0,1.0,1.0,1.0
274.95,1.0,1.0,1.0,1.0,1.0,1.0,1.0
275.0,1.0,1.0,1.0,1.0,1.0,1.0,1.0
275.05,1.0,1.0,1.0,1.0,1.0,1.0,1.0
275.1,1.0,1.0,1.0,1.0,1.0,1.0,1.0
275.15000000000003,1.0,1.0,1.0,1.0,1.0,1.0,1.0
275.2,1.0,1.0,1.0,1.0,1.0,1.0,1.0
275.25,1.0,1.0,1.0,1.0,1.0,1.0,1.0
275.3,1.0,1.0,1.0,1.0,1.0,1.0,1.0
275.35,1.0,1.0,1.0,1.0,1.0,1.0,1.0
275.40000000000003,1.0,1.0,1.0,1.0,1.0,1.0,1.0
275.45,1.0,1.0,1.0,1.0,1.0,1.0,1.0
275.5,1.0,1.0,1.0,1.0,1.0,1.0,1.0
275.55,1.0,1.0,1.0,1.0,1.0,1.0,1.0
275.6,1.0,1.0,1.0,1.0,1.0,1.0,1.0
275.65000000000003,1.0,1.0,1.0,1.0,1.0,1.0,1.0
275.7,1.0,1.0,1.0,1.0,1.0,1.0,1.0
275.75,1.0,1.0,1.0,1.0,1.0,1.0,1.0
275.8,1.0,1.0,1.0,1.0,1.0,1.0,1.0
275.85,1.0,1.0,1.0,1.0,1.0,1.0,1.0
275.90000000000003,1.0,1.0,1.0,1.0,1.0,1.0,1.0
275.95,1.0,1.0,1.0,1.0,1.0,1.0,1.0
276.0,1.0,1.0,1.0,1.0,1.0,1.0,1.0
276.05,1.0,1.0,1.0,1.0,1.0,1.0,1.0
276.1,1.0,1.0,1.0,1.0,1.0,1.0,1.0
276.15000000000003,1.0,1.0,1.0,1.0,1.0,1.0,1.0
276.2,1.0,1.0,1.0,1.0,1.0,1.0,1.0
276.25,1.0,1.0,1.0,1.0,1.0,1.0,1.0
276.3,1.0,1.0,1.0,1.0,1.0,1.0,1.0
276.35,1.0,1.0,1.0,1.0,1.0,1.0,1.0
276.40000000000003,1.0,1.0,1.0,1.0,1.0,1.0,1.0
276.45,1.0,1.0,1.0,1.0,1.0,1.0,1.0
276.5,1.0,1.0,1.0,1.0,1.0,1.0,1.0
276.55,1.0,1.0,1.0,1.0,1.0,1.0,1.0
276.6,1.0,1.0,1.0,1.0,1.0,1.0,1.0
276.65000000000003,1.0,1.0,1.0,1.0,1.0,1.0,1.0
276.7,1.0,1.0,1.0,1.0,1.0,1.0,1.0
276.75,1.0,1.0,1.0,1.0,1.0,1.0,1.0
276.8,1.0,1.0,1.0,1.0,1.0,1.0,1.0
276.85,1.0,1.0,1.0,1.0,1.0,1.0,1.0
276.90000000000003,1.0,1.0,1.0,1.0,1.0,1.0,1.0
276.95,1.0,1.0,1.0,1.0,1.0,1.0,1.0
277.0,1.0,1.0,1.0,1.0,1.0,1.0,1.0
277.05,1.0,1.0,1.0,1.0,1.0,1.0,1.0
277.1,1.0,1.0,1.0,1.0,1.0,1.0,1.0
277.15000000000003,1.0,1.0,1.0,1.0,1.0,1.0,1.0
277.2,1.0,1.0,1.0,1.0,1.0,1.0,1.0
277.25,1.0,1.0,1.0,1.0,1.0,1.0,1.0
277.3,1.0,1.0,1.0,1.0,1.0,1.0,1.0
277.35,1.0,1.0,1.0,1.0,1.0,1.0,1.0
277.40000000000003,1.0,1.0,1.0,1.0,1.0,1.0,1.0
277.45,1.0,1.0,1.0,1.0,1.0,1.0,1.0
277.5,1.0,1.0,1.0,1.0,1.0,1.0,1.0
277.55,1.0,1.0,1.0,1.0,1.0,1.0,1.0
277.6,1.0,1.0,1.0,1.0,1.0,1.0,1.0
277.65000000000003,1.0,1.0,1.0,1.0,1.0,1.0,1.0
277.7,1.0,1.0,1.0,1.0,1.0,1.0,1.0
277.75,1.0,1.0,1.0,1.0,1.0,1.0,1.0
277.8,1.0,1.0,1.0,1.0,1.0,1.0,1.0
277.85,1.0,1.0,1.0,1.0,1.0,1.0,1.0
277.90000000000003,1.0,1.0,1.0,1.0,1.0,1.0,1.0
277.95,1.0,1.0,1.0,1.0,1.0,1.0,1.0
278.0,1.0,1.0,1.0,1.0,1.0,1.0,1.0
278.05,1.0,1.0,1.0,1.0,1.0,1.0,1.0
278.1,1.0,1.0,1.0,1.0,1.0,1.0,1.0
278.15000000000003,1.0,1.0,1.0,1.0,1.0,1.0,1.0
278.2,1.0,1.0,1.0,1.0,1.0,1.0,1.0
278.25,1.0,1.0,1.0,1.0,1.0,1.0,1.0
278.3,1.0,1.0,1.0,1.0,1.0,1.0,1.0
278.35,1.0,1.0,1.0,1.0,1.0,1.0,1.0
278.40000000000003,1.0,1.0,1.0,1.0,1.0,1.0,1.0
278.45,1.0,1.0,1.0,1.0,1.0,1.0,1.0
278.5,1.0,1.0,1.0,1.0,1.0,1.0,1.0
278.55,1.0,1.0,1.0,1.0,1.0,1.0,1.0
278.6,1.0,1.0,1.0,1.0,1.0,1.0,1.0
278.65000000000003,1.0,1.0,1.0,1.0,1.0,1.0,1.0
278.7,1.0,1.0,1.0,1.0,1.0,1.0,1.0
278.75,1.0,1.0,1.0,1.0,1.0,1.0,1.0
278.8,1.0,1.0,1.0,1.0,1.0,1.0,1.0
278.85,1.0,1.0,1.0,1.0,1.0,1.0,1.0
278.90000000000003,1.0,1.0,1.0,1.0,1.0,1.0,1.0
278.95,1.0,1.0,1.0,1.0,1.0,1.0,1.0
279.0,1.0,1.0,1.0,1.0,1.0,1.0,1.0
279.05,1.0,1.0,1.0,1.0,1.0,1.0,1.0
279.1,1.0,1.0,1.0,1.0,1.0,1.0,1.0
279.15000000000003,1.0,1.0,1.0,1.0,1.0,1.0,1.0
279.2,1.0,1.0,1.0,1.0,1.0,1.0,1.0
279.25,1.0,1.0,1.0,1.0,1.0,1.0,1.0
279.3,1.0,1.0,1.0,1.0,1.0,1.0,1.0
279.35,1.0,1.0,1.0,1.0,1.0,1.0,1.0
279.40000000000003,1.0,1.0,1.0,1.0,1.0,1.0,1.0
279.45,1.0,1.0,1.0,1.0,1.0,1.0,1.0
279.5,1.0,1.0,1.0,1.0,1.0,1.0,1.0
279.55,1.0,1.0,1.0,1.0,1.0,1.0,1.0
279.6,1.0,1.0,1.0,1.0,1.0,1.0,1.0
279.65000000000003,1.0,1.0,1.0,1.0,1.0,1.0,1.0
279.7,1.0,1.0,1.0,1.0,1.0,1.0,1.0
279.75,1.0,1.0,1.0,1.0,1.0,1.0,1.0
279.8,1.0,1.0,1.0,1.0,1.0,1.0,1.0
279.85,1.0,1.0,1.0,1.0,1.0,1.0,1.0
279.90000000000003,1.0,1.0,1.0,1.0,1.0,1.0,1.0
279.95,1.0,1.0,1.0,1.0,1.0,1.0,1.0
280.0,1.0,1.0,1.0,1.0,1.0,1.0,1.0
280.05,1.0,1.0,1.0,1.0,1.0,1.0,1.0
280.1,1.0,1.0,1.0,1.0,1.0,1.0,1.0
280.15000000000003,1.0,1.0,1.0,1.0,1.0,1.0,1.0
280.2,1.0,1.0,1.0,1.0,1.0,1.0,1.0
280.25,1.0,1.0,1.0,1.0,1.0,1.0,1.0
280.3,1.0,1.0,1.0,1.0,1.0,1.0,1.0
280.35,1.0,1.0,1.0,1.0,1.0,1.0,1.0
280.40000000000003,1.0,1.0,1.0,1.0,1.0,1.0,1.0
280.45,1.0,1.0,1.0,1.0,1.0,1.0,1.0
280.5,1.0,1.0,1.0,1.0,1.0,1.0,1.0
280.55,1.0,1.0,1.0,1.0,1.0,1.0,1.0
280.6,1.0,1.0,1.0,1.0,1.0,1.0,1.0
280.65000000000003,1.0,1.0,1.0,1.0,1.0,1.0,1.0
280.7,1.0,1.0,1.0,1.0,1.0,1.0,1.0
280.75,1.0,1.0,1.0,1.0,1.0,1.0,1.0
280.8,1.0,1.0,1.0,1.0,1.0,1.0,1.0
280.85,1.0,1.0,1.0,1.0,1.0,1.0,1.0
280.90000000000003,1.0,1.0,1.0,1.0,1.0,1.0,1.0
280.95,1.0,1.0,1.0,1.0,1.0,1.0,1.0
281.0,1.0,1.0,1.0,1.0,1.0,1.0,1.0
281.05,1.0,1.0,1.0,1.0,1.0,1.0,1.0
281.1,1.0,1.0,1.0,1.0,1.0,1.0,1.0
281.15000000000003,1.0,1.0,1.0,1.0,1.0,1.0,1.0
281.2,1.0,1.0,1.0,1.0,1.0,1.0,1.0
281.25,1.0,1.0,1.0,1.0,1.0,1.0,1.0
281.3,1.0,1.0,1.0,1.0,1.0,1.0,1.0
281.35,1.0,1.0,1.0,1.0,1.0,1.0,1.0
281.40000000000003,1.0,1.0,1.0,1.0,1.0,1.0,1.0
281.45,1.0,1.0,1.0,1.0,1.0,1.0,1.0
281.5,1.0,1.0,1.0,1.0,1.0,1.0,1.0
281.55,1.0,1.0,1.0,1.0,1.0,1.0,1.0
281.6,1.0,1.0,1.0,1.0,1.0,1.0,1.0
281.65000000000003,1.0,1.0,1.0,1.0,1.0,1.0,1.0
281.7,1.0,1.0,1.0,1.0,1.0,1.0,1.0
281.75,1.0,1.0,1.0,1.0,1.0,1.0,1.0
281.8,1.0,1.0,1.0,1.0,1.0,1.0,1.0
281.85,1.0,1.0,1.0,1.0,1.0,1.0,1.0
281.90000000000003,1.0,1.0,1.0,1.0,1.0,1.0,1.0
281.95,1.0,1.0,1.0,1.0,1.0,1.0,1.0
282.0,1.0,1.0,1.0,1.0,1.0,1.0,1.0
282.05,1.0,1.0,1.0,1.0,1.0,1.0,1.0
282.1,1.0,1.0,1.0,1.0,1.0,1.0,1.0
282.15000000000003,1.0,1.0,1.0,1.0,1.0,1.0,1.0
282.2,1.0,1.0,1.0,1.0,1.0,1.0,1.0
282.25,1.0,1.0,1.0,1.0,1.0,1.0,1.0
282.3,1.0,1.0,1.0,1.0,1.0,1.0,1.0
282.35,1.0,1.0,1.0,1.0,1.0,1.0,1.0
282.40000000000003,1.0,1.0,1.0,1.0,1.0,1.0,1.0
282.45,1.0,1.0,1.0,1.0,1.0,1.0,1.0
282.5,1.0,1.0,1.0,1.0,1.0,1.0,1.0
282.55,1.0,1.0,1.0,1.0,1.0,1.0,1.0
282.6,1.0,1.0,1.0,1.0,1.0,1.0,1.0
282.65000000000003,1.0,1.0,1.0,1.0,1.0,1.0,1.0
282.7,1.0,1.0,1.0,1.0,1.0,1.0,1.0
282.75,1.0,1.0,1.0,1.0,1.0,1.0,1.0
282.8,1.0,1.0,1.0,1.0,1.0,1.0,1.0
282.85,1.0,1.0,1.0,1.0,1.0,1.0,1.0
282.90000000000003,1.0,1.0,1.0,1.0,1.0,1.0,1.0
282.95,1.0,1.0,1.0,1.0,1.0,1.0,1.0
283.0,1.0,1.0,1.0,1.0,1.0,1.0,1.0
283.05,1.0,1.0,1.0,1.0,1.0,1.0,1.0
283.1,1.0,1.0,1.0,1.0,1.0,1.0,1.0
283.15000000000003,1.0,1.0,1.0,1.0,1.0,1.0,1.0
283.2,1.0,1.0,1.0,1.0,1.0,1.0,1.0
283.25,1.0,1.0,1.0,1.0,1.0,1.0,1.0
283.3,1.0,1.0,1.0,1.0,1.0,1.0,1.0
283.35,1.0,1.0,1.0,1.0,1.0,1.0,1.0
283.40000000000003,1.0,1.0,1.0,1.0,1.0,1.0,1.0
283.45,1.0,1.0,1.0,1.0,1.0,1.0,1.0
283.5,1.0,1.0,1.0,1.0,1.0,1.0,1.0
283.55,1.0,1.0,1.0,1.0,1.0,1.0,1.0
283.6,1.0,1.0,1.0,1.0,1.0,1.0,1.0
283.65000000000003,1.0,1.0,1.0,1.0,1.0,1.0,1.0
283.7,1.0,1.0,1.0,1.0,1.0,1.0,1.0
283.75,1.0,1.0,1.0,1.0,1.0,1.0,1.0
283.8,1.0,1.0,1.0,1.0,1.0,1.0,1.0
283.85,1.0,1.0,1.0,1.0,1.0,1.0,1.0
283.90000000000003,1.0,1.0,1.0,1.0,1.0,1.0,1.0
283.95,1.0,1.0,1.0,1.0,1.0,1.0,1.0
284.0,1.0,1.0,1.0,1.0,1.0,1.0,1.0
284.05,1.0,1.0,1.0,1.0,1.0,1.0,1.0
284.1,1.0,1.0,1.0,1.0,1.0,1.0,1.0
284.15000000000003,1.0,1.0,1.0,1.0,1.0,1.0,1.0
284.2,1.0,1.0,1.0,1.0,1.0,1.0,1.0
284.25,1.0,1.0,1.0,1.0,1.0,1.0,1.0
284.3,1.0,1.0,1.0,1.0,1.0,1.0,1.0
284.35,1.0,1.0,1.0,1.0,1.0,1.0,1.0
284.40000000000003,1.0,1.0,1.0,1.0,1.0,1.0,1.0
284.45,1.0,1.0,1.0,1.0,1.0,1.0,1.0
284.5,1.0,1.0,1.0,1.0,1.0,1.0,1.0
284.55,1.0,1.0,1.0,1.0,1.0,1.0,1.0
284.6,1.0,1.0,1.0,1.0,1.0,1.0,1.0
284.65000000000003,1.0,1.0,1.0,1.0,1.0,1.0,1.0
284.7,1.0,1.0,1.0,1.0,1.0,1.0,1.0
284.75,1.0,1.0,1.0,1.0,1.0,1.0,1.0
284.8,1.0,1.0,1.0,1.0,1.0,1.0,1.0
284.85,1.0,1.0,1.0,1.0,1.0,1.0,1.0
284.90000000000003,1.0,1.0,1.0,1.0,1.0,1.0,1.0
284.95,1.0,1.0,1.0,1.0,1.0,1.0,1.0
285.0,1.0,1.0,1.0,1.0,1.0,1.0,1.0
285.05,1.0,1.0,1.0,1.0,1.0,1.0,1.0
285.1,1.0,1.0,1.0,1.0,1.0,1.0,1.0
285.15000000000003,1.0,1.0,1.0,1.0,1.0,1.0,1.0
285.2,1.0,1.0,1.0,1.0,1.0,1.0,1.0
285.25,1.0,1.0,1.0,1.0,1.0,1.0,1.0
285.3,1.0,1.0,1.0,1.0,1.0,1.0,1.0
285.35,1.0,1.0,1.0,1.0,1.0,1.0,1.0
285.40000000000003,1.0,1.0,1.0,1.0,1.0,1.0,1.0
285.45,1.0,1.0,1.0,1.0,1.0,1.0,1.0
285.5,1.0,1.0,1.0,1.0,1.0,1.0,1.0
285.55,1.0,1.0,1.0,1.0,1.0,1.0,1.0
285.6,1.0,1.0,1.0,1.0,1.0,1.0,1.0
285.65000000000003,1.0,1.0,1.0,1.0,1.0,1.0,1.0
285.7,1.0,1.0,1.0,1.0,1.0,1.0,1.0
285.75,1.0,1.0,1.0,1.0,1.0,1.0,1.0
285.8,1.0,1.0,1.0,1.0,1.0,1.0,1.0
285.85,1.0,1.0,1.0,1.0,1.0,1.0,1.0
285.90000000000003,1.0,1.0,1.0,1.0,1.0,1.0,1.0
285.95,1.0,1.0,1.0,1.0,1.0,1.0,1.0
286.0,1.0,1.0,1.0,1.0,1.0,1.0,1.0
286.05,1.0,1.0,1.0,1.0,1.0,1.0,1.0
286.1,1.0,1.0,1.0,1.0,1.0,1.0,1.0
286.15000000000003,1.0,1.0,1.0,1.0,1.0,1.0,1.0
286.2,1.0,1.0,1.0,1.0,1.0,1.0,1.0
286.25,1.0,1.0,1.0,1.0,1.0,1.0,1.0
286.3,1.0,1.0,1.0,1.0,1.0,1.0,1.0
286.35,1.0,1.0,1.0,1.0,1.0,1.0,1.0
286.40000000000003,1.0,1.0,1.0,1.0,1.0,1.0,1.0
286.45,1.0,1.0,1.0,1.0,1.0,1.0,1.0
286.5,1.0,1.0,1.0,1.0,1.0,1.0,1.0
286.55,1.0,1.0,1.0,1.0,1.0,1.0,1.0
286.6,1.0,1.0,1.0,1.0,1.0,1.0,1.0
286.65000000000003,1.0,1.0,1.0,1.0,1.0,1.0,1.0
286.7,1.0,1.0,1.0,1.0,1.0,1.0,1.0
286.75,1.0,1.0,1.0,1.0,1.0,1.0,1.0
286.8,1.0,1.0,1.0,1.0,1.0,1.0,1.0
286.85,1.0,1.0,1.0,1.0,1.0,1.0,1.0
286.90000000000003,1.0,1.0,1.0,1.0,1.0,1.0,1.0
286.95,1.0,1.0,1.0,1.0,1.0,1.0,1.0
287.0,1.0,1.0,1.0,1.0,1.0,1.0,1.0
287.05,1.0,1.0,1.0,1.0,1.0,1.0,1.0
287.1,1.0,1.0,1.0,1.0,1.0,1.0,1.0
287.15000000000003,1.0,1.0,1.0,1.0,1.0,1.0,1.0
287.2,1.0,1.0,1.0,1.0,1.0,1.0,1.0
287.25,1.0,1.0,1.0,1.0,1.0,1.0,1.0
287.3,1.0,1.0,1.0,1.0,1.0,1.0,1.0
287.35,1.0,1.0,1.0,1.0,1.0,1.0,1.0
287.40000000000003,1.0,1.0,1.0,1.0,1.0,1.0,1.0
287.45,1.0,1.0,1.0,1.0,1.0,1.0,1.0
287.5,1.0,1.0,1.0,1.0,1.0,1.0,1.0
287.55,1.0,1.0,1.0,1.0,1.0,1.0,1.0
287.6,1.0,1.0,1.0,1.0,1.0,1.0,1.0
287.65000000000003,1.0,1.0,1.0,1.0,1.0,1.0,1.0
287.7,1.0,1.0,1.0,1.0,1.0,1.0,1.0
287.75,1.0,1.0,1.0,1.0,1.0,1.0,1.0
287.8,1.0,1.0,1.0,1.0,1.0,1.0,1.0
287.85,1.0,1.0,1.0,1.0,1.0,1.0,1.0
287.90000000000003,1.0,1.0,1.0,1.0,1.0,1.0,1.0
287.95,1.0,1.0,1.0,1.0,1.0,1.0,1.0
288.0,1.0,1.0,1.0,1.0,1.0,1.0,1.0
288.05,1.0,1.0,1.0,1.0,1.0,1.0,1.0
288.1,1.0,1.0,1.0,1.0,1.0,1.0,1.0
288.15000000000003,1.0,1.0,1.0,1.0,1.0,1.0,1.0
288.2,1.0,1.0,1.0,1.0,1.0,1.0,1.0
288.25,1.0,1.0,1.0,1.0,1.0,1.0,1.0
288.3,1.0,1.0,1.0,1.0,1.0,1.0,1.0
288.35,1.0,1.0,1.0,1.0,1.0,1.0,1.0
288.40000000000003,1.0,1.0,1.0,1.0,1.0,1.0,1.0
288.45,1.0,1.0,1.0,1.0,1.0,1.0,1.0
288.5,1.0,1.0,1.0,1.0,1.0,1.0,1.0
288.55,1.0,1.0,1.0,1.0,1.0,1.0,1.0
288.6,1.0,1.0,1.0,1.0,1.0,1.0,1.0
288.65000000000003,1.0,1.0,1.0,1.0,1.0,1.0,1.0
288.7,1.0,1.0,1.0,1.0,1.0,1.0,1.0
288.75,1.0,1.0,1.0,1.0,1.0,1.0,1.0
288.8,1.0,1.0,1.0,1.0,1.0,1.0,1.0
288.85,1.0,1.0,1.0,1.0,1.0,1.0,1.0
288.90000000000003,1.0,1.0,1.0,1.0,1.0,1.0,1.0
288.95,1.0,1.0,1.0,1.0,1.0,1.0,1.0
289.0,1.0,1.0,1.0,1.0,1.0,1.0,1.0
289.05,1.0,1.0,1.0,1.0,1.0,1.0,1.0
289.1,1.0,1.0,1.0,1.0,1.0,1.0,1.0
289.15000000000003,1.0,1.0,1.0,1.0,1.0,1.0,1.0
289.2,1.0,1.0,1.0,1.0,1.0,1.0,1.0
289.25,1.0,1.0,1.0,1.0,1.0,1.0,1.0
289.3,1.0,1.0,1.0,1.0,1.0,1.0,1.0
289.35,1.0,1.0,1.0,1.0,1.0,1.0,1.0
289.40000000000003,1.0,1.0,1.0,1.0,1.0,1.0,1.0
289.45,1.0,1.0,1.0,1.0,1.0,1.0,1.0
289.5,1.0,1.0,1.0,1.0,1.0,1.0,1.0
289.55,1.0,1.0,1.0,1.0,1.0,1.0,1.0
289.6,1.0,1.0,1.0,1.0,1.0,1.0,1.0
289.65000000000003,1.0,1.0,1.0,1.0,1.0,1.0,1.0
289.7,1.0,1.0,1.0,1.0,1.0,1.0,1.0
289.75,1.0,1.0,1.0,1.0,1.0,1.0,1.0
289.8,1.0,1.0,1.0,1.0,1.0,1.0,1.0
289.85,1.0,1.0,1.0,1.0,1.0,1.0,1.0
289.90000000000003,1.0,1.0,1.0,1.0,1.0,1.0,1.0
289.95,1.0,1.0,1.0,1.0,1.0,1.0,1.0
290.0,1.0,1.0,1.0,1.0,1.0,1.0,1.0
290.05,1.0,1.0,1.0,1.0,1.0,1.0,1.0
290.1,1.0,1.0,1.0,1.0,1.0,1.0,1.0
290.15000000000003,1.0,1.0,1.0,1.0,1.0,1.0,1.0
290.2,1.0,1.0,1.0,1.0,1.0,1.0,1.0
290.25,1.0,1.0,1.0,1.0,1.0,1.0,1.0
290.3,1.0,1.0,1.0,1.0,1.0,1.0,1.0
290.35,1.0,1.0,1.0,1.0,1.0,1.0,1.0
290.40000000000003,1.0,1.0,1.0,1.0,1.0,1.0,1.0
290.45,1.0,1.0,1.0,1.0,1.0,1.0,1.0
290.5,1.0,1.0,1.0,1.0,1.0,1.0,1.0
290.55,1.0,1.0,1.0,1.0,1.0,1.0,1.0
290.6,1.0,1.0,1.0,1.0,1.0,1.0,1.0
290.65000000000003,1.0,1.0,1.0,1.0,1.0,1.0,1.0
290.7,1.0,1.0,1.0,1.0,1.0,1.0,1.0
290.75,1.0,1.0,1.0,1.0,1.0,1.0,1.0
290.8,1.0,1.0,1.0,1.0,1.0,1.0,1.0
290.85,1.0,1.0,1.0,1.0,1.0,1.0,1.0
290.90000000000003,1.0,1.0,1.0,1.0,1.0,1.0,1.0
290.95,1.0,1.0,1.0,1.0,1.0,1.0,1.0
291.0,1.0,1.0,1.0,1.0,1.0,1.0,1.0
291.05,1.0,1.0,1.0,1.0,1.0,1.0,1.0
291.1,1.0,1.0,1.0,1.0,1.0,1.0,1.0
291.15000000000003,1.0,1.0,1.0,1.0,1.0,1.0,1.0
291.2,1.0,1.0,1.0,1.0,1.0,1.0,1.0
291.25,1.0,1.0,1.0,1.0,1.0,1.0,1.0
291.3,1.0,1.0,1.0,1.0,1.0,1.0,1.0
291.35,1.0,1.0,1.0,1.0,1.0,1.0,1.0
291.40000000000003,1.0,1.0,1.0,1.0,1.0,1.0,1.0
291.45,1.0,1.0,1.0,1.0,1.0,1.0,1.0
291.5,1.0,1.0,1.0,1.0,1.0,1.0,1.0
291.55,1.0,1.0,1.0,1.0,1.0,1.0,1.0
291.6,1.0,1.0,1.0,1.0,1.0,1.0,1.0
291.65000000000003,1.0,1.0,1.0,1.0,1.0,1.0,1.0
291.7,1.0,1.0,1.0,1.0,1.0,1.0,1.0
291.75,1.0,1.0,1.0,1.0,1.0,1.0,1.0
291.8,1.0,1.0,1.0,1.0,1.0,1.0,1.0
291.85,1.0,1.0,1.0,1.0,1.0,1.0,1.0
291.90000000000003,1.0,1.0,1.0,1.0,1.0,1.0,1.0
291.95,1.0,1.0,1.0,1.0,1.0,1.0,1.0
292.0,1.0,1.0,1.0,1.0,1.0,1.0,1.0
292.05,1.0,1.0,1.0,1.0,1.0,1.0,1.0
292.1,1.0,1.0,1.0,1.0,1.0,1.0,1.0
292.15000000000003,1.0,1.0,1.0,1.0,1.0,1.0,1.0
292.2,1.0,1.0,1.0,1.0,1.0,1.0,1.0
292.25,1.0,1.0,1.0,1.0,1.0,1.0,1.0
292.3,1.0,1.0,1.0,1.0,1.0,1.0,1.0
292.35,1.0,1.0,1.0,1.0,1.0,1.0,1.0
292.40000000000003,1.0,1.0,1.0,1.0,1.0,1.0,1.0
292.45,1.0,1.0,1.0,1.0,1.0,1.0,1.0
292.5,1.0,1.0,1.0,1.0,1.0,1.0,1.0
292.55,1.0,1.0,1.0,1.0,1.0,1.0,1.0
292.6,1.0,1.0,1.0,1.0,1.0,1.0,1.0
292.65000000000003,1.0,1.0,1.0,1.0,1.0,1.0,1.0
292.7,1.0,1.0,1.0,1.0,1.0,1.0,1.0
292.75,1.0,1.0,1.0,1.0,1.0,1.0,1.0
292.8,1.0,1.0,1.0,1.0,1.0,1.0,1.0
292.85,1.0,1.0,1.0,1.0,1.0,1.0,1.0
292.90000000000003,1.0,1.0,1.0,1.0,1.0,1.0,1.0
292.95,1.0,1.0,1.0,1.0,1.0,1.0,1.0
293.0,1.0,1.0,1.0,1.0,1.0,1.0,1.0
293.05,1.0,1.0,1.0,1.0,1.0,1.0,1.0
293.1,1.0,1.0,1.0,1.0,1.0,1.0,1.0
293.15000000000003,1.0,1.0,1.0,1.0,1.0,1.0,1.0
293.2,1.0,1.0,1.0,1.0,1.0,1.0,1.0
293.25,1.0,1.0,1.0,1.0,1.0,1.0,1.0
293.3,1.0,1.0,1.0,1.0,1.0,1.0,1.0
293.35,1.0,1.0,1.0,1.0,1.0,1.0,1.0
293.40000000000003,1.0,1.0,1.0,1.0,1.0,1.0,1.0
293.45,1.0,1.0,1.0,1.0,1.0,1.0,1.0
293.5,1.0,1.0,1.0,1.0,1.0,1.0,1.0
293.55,1.0,1.0,1.0,1.0,1.0,1.0,1.0
293.6,1.0,1.0,1.0,1.0,1.0,1.0,1.0
293.65000000000003,1.0,1.0,1.0,1.0,1.0,1.0,1.0
293.7,1.0,1.0,1.0,1.0,1.0,1.0,1.0
293.75,1.0,1.0,1.0,1.0,1.0,1.0,1.0
293.8,1.0,1.0,1.0,1.0,1.0,1.0,1.0
293.85,1.0,1.0,1.0,1.0,1.0,1.0,1.0
293.90000000000003,1.0,1.0,1.0,1.0,1.0,1.0,1.0
293.95,1.0,1.0,1.0,1.0,1.0,1.0,1.0
294.0,1.0,1.0,1.0,1.0,1.0,1.0,1.0
294.05,1.0,1.0,1.0,1.0,1.0,1.0,1.0
294.1,1.0,1.0,1.0,1.0,1.0,1.0,1.0
294.15000000000003,1.0,1.0,1.0,1.0,1.0,1.0,1.0
294.2,1.0,1.0,1.0,1.0,1.0,1.0,1.0
294.25,1.0,1.0,1.0,1.0,1.0,1.0,1.0
294.3,1.0,1.0,1.0,1.0,1.0,1.0,1.0
294.35,1.0,1.0,1.0,1.0,1.0,1.0,1.0
294.40000000000003,1.0,1.0,1.0,1.0,1.0,1.0,1.0
294.45,1.0,1.0,1.0,1.0,1.0,1.0,1.0
294.5,1.0,1.0,1.0,1.0,1.0,1.0,1.0
294.55,1.0,1.0,1.0,1.0,1.0,1.0,1.0
294.6,1.0,1.0,1.0,1.0,1.0,1.0,1.0
294.65000000000003,1.0,1.0,1.0,1.0,1.0,1.0,1.0
294.7,1.0,1.0,1.0,1.0,1.0,1.0,1.0
294.75,1.0,1.0,1.0,1.0,1.0,1.0,1.0
294.8,1.0,1.0,1.0,1.0,1.0,1.0,1.0
294.85,1.0,1.0,1.0,1.0,1.0,1.0,1.0
294.90000000000003,1.0,1.0,1.0,1.0,1.0,1.0,1.0
294.95,1.0,1.0,1.0,1.0,1.0,1.0,1.0
295.0,1.0,1.0,1.0,1.0,1.0,1.0,1.0
295.05,1.0,1.0,1.0,1.0,1.0,1.0,1.0
295.1,1.0,1.0,1.0,1.0,1.0,1.0,1.0
295.15000000000003,1.0,1.0,1.0,1.0,1.0,1.0,1.0
295.2,1.0,1.0,1.0,1.0,1.0,1.0,1.0
295.25,1.0,1.0,1.0,1.0,1.0,1.0,1.0
295.3,1.0,1.0,1.0,1.0,1.0,1.0,1.0
295.35,1.0,1.0,1.0,1.0,1.0,1.0,1.0
295.40000000000003,1.0,1.0,1.0,1.0,1.0,1.0,1.0
295.45,1.0,1.0,1.0,1.0,1.0,1.0,1.0
295.5,1.0,1.0,1.0,1.0,1.0,1.0,1.0
295.55,1.0,1.0,1.0,1.0,1.0,1.0,1.0
295.6,1.0,1.0,1.0,1.0,1.0,1.0,1.0
295.65000000000003,1.0,1.0,1.0,1.0,1.0,1.0,1.0
295.7,1.0,1.0,1.0,1.0,1.0,1.0,1.0
295.75,1.0,1.0,1.0,1.0,1.0,1.0,1.0
295.8,1.0,1.0,1.0,1.0,1.0,1.0,1.0
295.85,1.0,1.0,1.0,1.0,1.0,1.0,1.0
295.90000000000003,1.0,1.0,1.0,1.0,1.0,1.0,1.0
295.95,1.0,1.0,1.0,1.0,1.0,1.0,1.0
296.0,1.0,1.0,1.0,1.0,1.0,1.0,1.0
296.05,1.0,1.0,1.0,1.0,1.0,1.0,1.0
296.1,1.0,1.0,1.0,1.0,1.0,1.0,1.0
296.15000000000003,1.0,1.0,1.0,1.0,1.0,1.0,1.0
296.2,1.0,1.0,1.0,1.0,1.0,1.0,1.0
296.25,1.0,1.0,1.0,1.0,1.0,1.0,1.0
296.3,1.0,1.0,1.0,1.0,1.0,1.0,1.0
296.35,1.0,1.0,1.0,1.0,1.0,1.0,1.0
296.40000000000003,1.0,1.0,1.0,1.0,1.0,1.0,1.0
296.45,1.0,1.0,1.0,1.0,1.0,1.0,1.0
296.5,1.0,1.0,1.0,1.0,1.0,1.0,1.0
296.55,1.0,1.0,1.0,1.0,1.0,1.0,1.0
296.6,1.0,1.0,1.0,1.0,1.0,1.0,1.0
296.65000000000003,1.0,1.0,1.0,1.0,1.0,1.0,1.0
296.7,1.0,1.0,1.0,1.0,1.0,1.0,1.0
296.75,1.0,1.0,1.0,1.0,1.0,1.0,1.0
296.8,1.0,1.0,1.0,1.0,1.0,1.0,1.0
296.85,1.0,1.0,1.0,1.0,1.0,1.0,1.0
296.90000000000003,1.0,1.0,1.0,1.0,1.0,1.0,1.0
296.95,1.0,1.0,1.0,1.0,1.0,1.0,1.0
297.0,1.0,1.0,1.0,1.0,1.0,1.0,1.0
297.05,1.0,1.0,1.0,1.0,1.0,1.0,1.0
297.1,1.0,1.0,1.0,1.0,1.0,1.0,1.0
297.15000000000003,1.0,1.0,1.0,1.0,1.0,1.0,1.0
297.2,1.0,1.0,1.0,1.0,1.0,1.0,1.0
297.25,1.0,1.0,1.0,1.0,1.0,1.0,1.0
297.3,1.0,1.0,1.0,1.0,1.0,1.0,1.0
297.35,1.0,1.0,1.0,1.0,1.0,1.0,1.0
297.40000000000003,1.0,1.0,1.0,1.0,1.0,1.0,1.0
297.45,1.0,1.0,1.0,1.0,1.0,1.0,1.0
297.5,1.0,1.0,1.0,1.0,1.0,1.0,1.0
297.55,1.0,1.0,1.0,1.0,1.0,1.0,1.0
297.6,1.0,1.0,1.0,1.0,1.0,1.0,1.0
297.65000000000003,1.0,1.0,1.0,1.0,1.0,1.0,1.0
297.7,1.0,1.0,1.0,1.0,1.0,1.0,1.0
297.75,1.0,1.0,1.0,1.0,1.0,1.0,1.0
297.8,1.0,1.0,1.0,1.0,1.0,1.0,1.0
297.85,1.0,1.0,1.0,1.0,1.0,1.0,1.0
297.90000000000003,1.0,1.0,1.0,1.0,1.0,1.0,1.0
297.95,1.0,1.0,1.0,1.0,1.0,1.0,1.0
298.0,1.0,1.0,1.0,1.0,1.0,1.0,1.0
298.05,1.0,1.0,1.0,1.0,1.0,1.0,1.0
298.1,1.0,1.0,1.0,1.0,1.0,1.0,1.0
298.15000000000003,1.0,1.0,1.0,1.0,1.0,1.0,1.0
298.2,1.0,1.0,1.0,1.0,1.0,1.0,1.0
298.25,1.0,1.0,1.0,1.0,1.0,1.0,1.0
298.3,1.0,1.0,1.0,1.0,1.0,1.0,1.0
298.35,1.0,1.0,1.0,1.0,1.0,1.0,1.0
298.40000000000003,1.0,1.0,1.0,1.0,1.0,1.0,1.0
298.45,1.0,1.0,1.0,1.0,1.0,1.0,1.0
298.5,1.0,1.0,1.0,1.0,1.0,1.0,1.0
298.55,1.0,1.0,1.0,1.0,1.0,1.0,1.0
298.6,1.0,1.0,1.0,1.0,1.0,1.0,1.0
298.65000000000003,1.0,1.0,1.0,1.0,1.0,1.0,1.0
298.7,1.0,1.0,1.0,1.0,1.0,1.0,1.0
298.75,1.0,1.0,1.0,1.0,1.0,1.0,1.0
298.8,1.0,1.0,1.0,1.0,1.0,1.0,1.0
298.85,1.0,1.0,1.0,1.0,1.0,1.0,1.0
298.90000000000003,1.0,1.0,1.0,1.0,1.0,1.0,1.0
298.95,1.0,1.0,1.0,1.0,1.0,1.0,1.0
299.0,1.0,1.0,1.0,1.0,1.0,1.0,1.0
299.05,1.0,1.0,1.0,1.0,1.0,1.0,1.0
299.1,1.0,1.0,1.0,1.0,1.0,1.0,1.0
299.15000000000003,1.0,1.0,1.0,1.0,1.0,1.0,1.0
299.2,1.0,1.0,1.0,1.0,1.0,1.0,1.0
299.25,1.0,1.0,1.0,1.0,1.0,1.0,1.0
299.3,1.0,1.0,1.0,1.0,1.0,1.0,1.0
299.35,1.0,1.0,1.0,1.0,1.0,1.0,1.0
299.40000000000003,1.0,1.0,1.0,1.0,1.0,1.0,1.0
299.45,1.0,1.0,1.0,1.0,1.0,1.0,1.0
299.5,1.0,1.0,1.0,1.0,1.0,1.0,1.0
299.55,1.0,1.0,1.0,1.0,1.0,1.0,1.0
299.6,1.0,1.0,1.0,1.0,1.0,1.0,1.0
299.65000000000003,1.0,1.0,1.0,1.0,1.0,1.0,1.0
299.7,1.0,1.0,1.0,1.0,1.0,1.0,1.0
299.75,1.0,1.0,1.0,1.0,1.0,1.0,1.0
299.8,1.0,1.0,1.0,1.0,1.0,1.0,1.0
299.85,1.0,1.0,1.0,1.0,1.0,1.0,1.0
299.90000000000003,1.0,1.0,1.0,1.0,1.0,1.0,1.0
299.95,1.0,1.0,1.0,1.0,1.0,1.0,1.0
300.0,1.0,1.0,1.0,1.0,1.0,1.0,1.0
300.05,1.0,1.0,1.0,1.0,1.0,1.0,1.0
300.1,1.0,1.0,1.0,1.0,1.0,1.0,1.0
300.15000000000003,1.0,1.0,1.0,1.0,1.0,1.0,1.0
300.2,1.0,1.0,1.0,1.0,1.0,1.0,1.0
300.25,1.0,1.0,1.0,1.0,1.0,1.0,1.0
300.3,1.0,1.0,1.0,1.0,1.0,1.0,1.0
300.35,1.0,1.0,1.0,1.0,1.0,1.0,1.0
300.40000000000003,1.0,1.0,1.0,1.0,1.0,1.0,1.0
300.45,1.0,1.0,1.0,1.0,1.0,1.0,1.0
300.5,1.0,1.0,1.0,1.0,1.0,1.0,1.0
300.55,1.0,1.0,1.0,1.0,1.0,1.0,1.0
300.6,1.0,1.0,1.0,1.0,1.0,1.0,1.0
300.65000000000003,1.0,1.0,1.0,1.0,1.0,1.0,1.0
300.7,1.0,1.0,1.0,1.0,1.0,1.0,1.0
300.75,1.0,1.0,1.0,1.0,1.0,1.0,1.0
300.8,1.0,1.0,1.0,1.0,1.0,1.0,1.0
300.85,1.0,1.0,1.0,1.0,1.0,1.0,1.0
300.90000000000003,1.0,1.0,1.0,1.0,1.0,1.0,1.0
300.95,1.0,1.0,1.0,1.0,1.0,1.0,1.0
301.0,1.0,1.0,1.0,1.0,1.0,1.0,1.0
301.05,1.0,1.0,1.0,1.0,1.0,1.0,1.0
301.1,1.0,1.0,1.0,1.0,1.0,1.0,1.0
301.15000000000003,1.0,1.0,1.0,1.0,1.0,1.0,1.0
301.2,1.0,1.0,1.0,1.0,1.0,1.0,1.0
301.25,1.0,1.0,1.0,1.0,1.0,1.0,1.0
301.3,1.0,1.0,1.0,1.0,1.0,1.0,1.0
301.35,1.0,1.0,1.0,1.0,1.0,1.0,1.0
301.40000000000003,1.0,1.0,1.0,1.0,1.0,1.0,1.0
301.45,1.0,1.0,1.0,1.0,1.0,1.0,1.0
301.5,1.0,1.0,1.0,1.0,1.0,1.0,1.0
301.55,1.0,1.0,1.0,1.0,1.0,1.0,1.0
301.6,1.0,1.0,1.0,1.0,1.0,1.0,1.0
301.65000000000003,1.0,1.0,1.0,1.0,1.0,1.0,1.0
301.7,1.0,1.0,1.0,1.0,1.0,1.0,1.0
301.75,1.0,1.0,1.0,1.0,1.0,1.0,1.0
301.8,1.0,1.0,1.0,1.0,1.0,1.0,1.0
301.85,1.0,1.0,1.0,1.0,1.0,1.0,1.0
301.90000000000003,1.0,1.0,1.0,1.0,1.0,1.0,1.0
301.95,1.0,1.0,1.0,1.0,1.0,1.0,1.0
302.0,1.0,1.0,1.0,1.0,1.0,1.0,1.0
302.05,1.0,1.0,1.0,1.0,1.0,1.0,1.0
302.1,1.0,1.0,1.0,1.0,1.0,1.0,1.0
302.15000000000003,1.0,1.0,1.0,1.0,1.0,1.0,1.0
302.2,1.0,1.0,1.0,1.0,1.0,1.0,1.0
302.25,1.0,1.0,1.0,1.0,1.0,1.0,1.0
302.3,1.0,1.0,1.0,1.0,1.0,1.0,1.0
302.35,1.0,1.0,1.0,1.0,1.0,1.0,1.0
302.40000000000003,1.0,1.0,1.0,1.0,1.0,1.0,1.0
302.45,1.0,1.0,1.0,1.0,1.0,1.0,1.0
302.5,1.0,1.0,1.0,1.0,1.0,1.0,1.0
302.55,1.0,1.0,1.0,1.0,1.0,1.0,1.0
302.6,1.0,1.0,1.0,1.0,1.0,1.0,1.0
302.65000000000003,1.0,1.0,1.0,1.0,1.0,1.0,1.0
302.7,1.0,1.0,1.0,1.0,1.0,1.0,1.0
302.75,1.0,1.0,1.0,1.0,1.0,1.0,1.0
302.8,1.0,1.0,1.0,1.0,1.0,1.0,1.0
302.85,1.0,1.0,1.0,1.0,1.0,1.0,1.0
302.90000000000003,1.0,1.0,1.0,1.0,1.0,1.0,1.0
302.95,1.0,1.0,1.0,1.0,1.0,1.0,1.0
303.0,1.0,1.0,1.0,1.0,1.0,1.0,1.0
303.05,1.0,1.0,1.0,1.0,1.0,1.0,1.0
303.1,1.0,1.0,1.0,1.0,1.0,1.0,1.0
303.15000000000003,1.0,1.0,1.0,1.0,1.0,1.0,1.0
303.2,1.0,1.0,1.0,1.0,1.0,1.0,1.0
303.25,1.0,1.0,1.0,1.0,1.0,1.0,1.0
303.3,1.0,1.0,1.0,1.0,1.0,1.0,1.0
303.35,1.0,1.0,1.0,1.0,1.0,1.0,1.0
303.40000000000003,1.0,1.0,1.0,1.0,1.0,1.0,1.0
303.45,1.0,1.0,1.0,1.0,1.0,1.0,1.0
303.5,1.0,1.0,1.0,1.0,1.0,1.0,1.0
303.55,1.0,1.0,1.0,1.0,1.0,1.0,1.0
303.6,1.0,1.0,1.0,1.0,1.0,1.0,1.0
303.65000000000003,1.0,1.0,1.0,1.0,1.0,1.0,1.0
303.7,1.0,1.0,1.0,1.0,1.0,1.0,1.0
303.75,1.0,1.0,1.0,1.0,1.0,1.0,1.0
303.8,1.0,1.0,1.0,1.0,1.0,1.0,1.0
303.85,1.0,1.0,1.0,1.0,1.0,1.0,1.0
303.90000000000003,1.0,1.0,1.0,1.0,1.0,1.0,1.0
303.95,1.0,1.0,1.0,1.0,1.0,1.0,1.0
304.0,1.0,1.0,1.0,1.0,1.0,1.0,1.0
304.05,1.0,1.0,1.0,1.0,1.0,1.0,1.0
304.1,1.0,1.0,1.0,1.0,1.0,1.0,1.0
304.15000000000003,1.0,1.0,1.0,1.0,1.0,1.0,1.0
304.2,1.0,1.0,1.0,1.0,1.0,1.0,1.0
304.25,1.0,1.0,1.0,1.0,1.0,1.0,1.0
304.3,1.0,1.0,1.0,1.0,1.0,1.0,1.0
304.35,1.0,1.0,1.0,1.0,1.0,1.0,1.0
304.40000000000003,1.0,1.0,1.0,1.0,1.0,1.0,1.0
304.45,1.0,1.0,1.0,1.0,1.0,1.0,1.0
304.5,1.0,1.0,1.0,1.0,1.0,1.0,1.0
304.55,1.0,1.0,1.0,1.0,1.0,1.0,1.0
304.6,1.0,1.0,1.0,1.0,1.0,1.0,1.0
304.65000000000003,1.0,1.0,1.0,1.0,1.0,1.0,1.0
304.7,1.0,1.0,1.0,1.0,1.0,1.0,1.0
304.75,1.0,1.0,1.0,1.0,1.0,1.0,1.0
304.8,1.0,1.0,1.0,1.0,1.0,1.0,1.0
304.85,1.0,1.0,1.0,1.0,1.0,1.0,1.0
304.90000000000003,1.0,1.0,1.0,1.0,1.0,1.0,1.0
304.95,1.0,1.0,1.0,1.0,1.0,1.0,1.0
305.0,1.0,1.0,1.0,1.0,1.0,1.0,1.0
305.05,1.0,1.0,1.0,1.0,1.0,1.0,1.0
305.1,1.0,1.0,1.0,1.0,1.0,1.0,1.0
305.15000000000003,1.0,1.0,1.0,1.0,1.0,1.0,1.0
305.2,1.0,1.0,1.0,1.0,1.0,1.0,1.0
305.25,1.0,1.0,1.0,1.0,1.0,1.0,1.0
305.3,1.0,1.0,1.0,1.0,1.0,1.0,1.0
305.35,1.0,1.0,1.0,1.0,1.0,1.0,1.0
305.40000000000003,1.0,1.0,1.0,1.0,1.0,1.0,1.0
305.45,1.0,1.0,1.0,1.0,1.0,1.0,1.0
305.5,1.0,1.0,1.0,1.0,1.0,1.0,1.0
305.55,1.0,1.0,1.0,1.0,1.0,1.0,1.0
305.6,1.0,1.0,1.0,1.0,1.0,1.0,1.0
305.65000000000003,1.0,1.0,1.0,1.0,1.0,1.0,1.0
305.7,1.0,1.0,1.0,1.0,1.0,1.0,1.0
305.75,1.0,1.0,1.0,1.0,1.0,1.0,1.0
305.8,1.0,1.0,1.0,1.0,1.0,1.0,1.0
305.85,1.0,1.0,1.0,1.0,1.0,1.0,1.0
305.90000000000003,1.0,1.0,1.0,1.0,1.0,1.0,1.0
305.95,1.0,1.0,1.0,1.0,1.0,1.0,1.0
306.0,1.0,1.0,1.0,1.0,1.0,1.0,1.0
306.05,1.0,1.0,1.0,1.0,1.0,1.0,1.0
306.1,1.0,1.0,1.0,1.0,1.0,1.0,1.0
306.15000000000003,1.0,1.0,1.0,1.0,1.0,1.0,1.0
306.2,1.0,1.0,1.0,1.0,1.0,1.0,1.0
306.25,1.0,1.0,1.0,1.0,1.0,1.0,1.0
306.3,1.0,1.0,1.0,1.0,1.0,1.0,1.0
306.35,1.0,1.0,1.0,1.0,1.0,1.0,1.0
306.40000000000003,1.0,1.0,1.0,1.0,1.0,1.0,1.0
306.45,1.0,1.0,1.0,1.0,1.0,1.0,1.0
306.5,1.0,1.0,1.0,1.0,1.0,1.0,1.0
306.55,1.0,1.0,1.0,1.0,1.0,1.0,1.0
306.6,1.0,1.0,1.0,1.0,1.0,1.0,1.0
306.65000000000003,1.0,1.0,1.0,1.0,1.0,1.0,1.0
306.7,1.0,1.0,1.0,1.0,1.0,1.0,1.0
306.75,1.0,1.0,1.0,1.0,1.0,1.0,1.0
306.8,1.0,1.0,1.0,1.0,1.0,1.0,1.0
306.85,1.0,1.0,1.0,1.0,1.0,1.0,1.0
306.90000000000003,1.0,1.0,1.0,1.0,1.0,1.0,1.0
306.95,1.0,1.0,1.0,1.0,1.0,1.0,1.0
307.0,1.0,1.0,1.0,1.0,1.0,1.0,1.0
307.05,1.0,1.0,1.0,1.0,1.0,1.0,1.0
307.1,1.0,1.0,1.0,1.0,1.0,1.0,1.0
307.15000000000003,1.0,1.0,1.0,1.0,1.0,1.0,1.0
307.20000000000005,1.0,1.0,1.0,1.0,1.0,1.0,1.0
307.25,1.0,1.0,1.0,1.0,1.0,1.0,1.0
307.3,1.0,1.0,1.0,1.0,1.0,1.0,1.0
307.35,1.0,1.0,1.0,1.0,1.0,1.0,1.0
307.40000000000003,1.0,1.0,1.0,1.0,1.0,1.0,1.0
307.45000000000005,1.0,1.0,1.0,1.0,1.0,1.0,1.0
307.5,1.0,1.0,1.0,1.0,1.0,1.0,1.0
307.55,1.0,1.0,1.0,1.0,1.0,1.0,1.0
307.6,1.0,1.0,1.0,1.0,1.0,1.0,1.0
307.65000000000003,1.0,1.0,1.0,1.0,1.0,1.0,1.0
307.70000000000005,1.0,1.0,1.0,1.0,1.0,1.0,1.0
307.75,1.0,1.0,1.0,1.0,1.0,1.0,1.0
307.8,1.0,1.0,1.0,1.0,1.0,1.0,1.0
307.85,1.0,1.0,1.0,1.0,1.0,1.0,1.0
307.90000000000003,1.0,1.0,1.0,1.0,1.0,1.0,1.0
307.95000000000005,1.0,1.0,1.0,1.0,1.0,1.0,1.0
308.0,1.0,1.0,1.0,1.0,1.0,1.0,1.0
308.05,1.0,1.0,1.0,1.0,1.0,1.0,1.0
308.1,1.0,1.0,1.0,1.0,1.0,1.0,1.0
308.15000000000003,1.0,1.0,1.0,1.0,1.0,1.0,1.0
308.20000000000005,1.0,1.0,1.0,1.0,1.0,1.0,1.0
308.25,1.0,1.0,1.0,1.0,1.0,1.0,1.0
308.3,1.0,1.0,1.0,1.0,1.0,1.0,1.0
308.35,1.0,1.0,1.0,1.0,1.0,1.0,1.0
308.40000000000003,1.0,1.0,1.0,1.0,1.0,1.0,1.0
308.45000000000005,1.0,1.0,1.0,1.0,1.0,1.0,1.0
308.5,1.0,1.0,1.0,1.0,1.0,1.0,1.0
308.55,1.0,1.0,1.0,1.0,1.0,1.0,1.0
308.6,1.0,1.0,1.0,1.0,1.0,1.0,1.0
308.65000000000003,1.0,1.0,1.0,1.0,1.0,1.0,1.0
308.70000000000005,1.0,1.0,1.0,1.0,1.0,1.0,1.0
308.75,1.0,1.0,1.0,1.0,1.0,1.0,1.0
308.8,1.0,1.0,1.0,1.0,1.0,1.0,1.0
308.85,1.0,1.0,1.0,1.0,1.0,1.0,1.0
308.90000000000003,1.0,1.0,1.0,1.0,1.0,1.0,1.0
308.95000000000005,1.0,1.0,1.0,1.0,1.0,1.0,1.0
309.0,1.0,1.0,1.0,1.0,1.0,1.0,1.0
309.05,1.0,1.0,1.0,1.0,1.0,1.0,1.0
309.1,1.0,1.0,1.0,1.0,1.0,1.0,1.0
309.15000000000003,1.0,1.0,1.0,1.0,1.0,1.0,1.0
309.20000000000005,1.0,1.0,1.0,1.0,1.0,1.0,1.0
309.25,1.0,1.0,1.0,1.0,1.0,1.0,1.0
309.3,1.0,1.0,1.0,1.0,1.0,1.0,1.0
309.35,1.0,1.0,1.0,1.0,1.0,1.0,1.0
309.40000000000003,1.0,1.0,1.0,1.0,1.0,1.0,1.0
309.45000000000005,1.0,1.0,1.0,1.0,1.0,1.0,1.0
309.5,1.0,1.0,1.0,1.0,1.0,1.0,1.0
309.55,1.0,1.0,1.0,1.0,1.0,1.0,1.0
309.6,1.0,1.0,1.0,1.0,1.0,1.0,1.0
309.65000000000003,1.0,1.0,1.0,1.0,1.0,1.0,1.0
309.70000000000005,1.0,1.0,1.0,1.0,1.0,1.0,1.0
309.75,1.0,1.0,1.0,1.0,1.0,1.0,1.0
309.8,1.0,1.0,1.0,1.0,1.0,1.0,1.0
309.85,1.0,1.0,1.0,1.0,1.0,1.0,1.0
309.90000000000003,1.0,1.0,1.0,1.0,1.0,1.0,1.0
309.95000000000005,1.0,1.0,1.0,1.0,1.0,1.0,1.0
310.0,1.0,1.0,1.0,1.0,1.0,1.0,1.0
310.05,1.0,1.0,1.0,1.0,1.0,1.0,1.0
310.1,1.0,1.0,1.0,1.0,1.0,1.0,1.0
310.15000000000003,1.0,1.0,1.0,1.0,1.0,1.0,1.0
310.20000000000005,1.0,1.0,1.0,1.0,1.0,1.0,1.0
310.25,1.0,1.0,1.0,1.0,1.0,1.0,1.0
310.3,1.0,1.0,1.0,1.0,1.0,1.0,1.0
310.35,1.0,1.0,1.0,1.0,1.0,1.0,1.0
310.40000000000003,1.0,1.0,1.0,1.0,1.0,1.0,1.0
310.45000000000005,1.0,1.0,1.0,1.0,1.0,1.0,1.0
310.5,1.0,1.0,1.0,1.0,1.0,1.0,1.0
310.55,1.0,1.0,1.0,1.0,1.0,1.0,1.0
310.6,1.0,1.0,1.0,1.0,1.0,1.0,1.0
310.65000000000003,1.0,1.0,1.0,1.0,1.0,1.0,1.0
310.70000000000005,1.0,1.0,1.0,1.0,1.0,1.0,1.0
310.75,1.0,1.0,1.0,1.0,1.0,1.0,1.0
310.8,1.0,1.0,1.0,1.0,1.0,1.0,1.0
310.85,1.0,1.0,1.0,1.0,1.0,1.0,1.0
310.90000000000003,1.0,1.0,1.0,1.0,1.0,1.0,1.0
310.95000000000005,1.0,1.0,1.0,1.0,1.0,1.0,1.0
311.0,1.0,1.0,1.0,1.0,1.0,1.0,1.0
311.05,1.0,1.0,1.0,1.0,1.0,1.0,1.0
311.1,1.0,1.0,1.0,1.0,1.0,1.0,1.0
311.15000000000003,1.0,1.0,1.0,1.0,1.0,1.0,1.0
311.20000000000005,1.0,1.0,1.0,1.0,1.0,1.0,1.0
311.25,1.0,1.0,1.0,1.0,1.0,1.0,1.0
311.3,1.0,1.0,1.0,1.0,1.0,1.0,1.0
311.35,1.0,1.0,1.0,1.0,1.0,1.0,1.0
311.40000000000003,1.0,1.0,1.0,1.0,1.0,1.0,1.0
311.45000000000005,1.0,1.0,1.0,1.0,1.0,1.0,1.0
311.5,1.0,1.0,1.0,1.0,1.0,1.0,1.0
311.55,1.0,1.0,1.0,1.0,1.0,1.0,1.0
311.6,1.0,1.0,1.0,1.0,1.0,1.0,1.0
311.65000000000003,1.0,1.0,1.0,1.0,1.0,1.0,1.0
311.70000000000005,1.0,1.0,1.0,1.0,1.0,1.0,1.0
311.75,1.0,1.0,1.0,1.0,1.0,1.0,1.0
311.8,1.0,1.0,1.0,1.0,1.0,1.0,1.0
311.85,1.0,1.0,1.0,1.0,1.0,1.0,1.0
311.90000000000003,1.0,1.0,1.0,1.0,1.0,1.0,1.0
311.95000000000005,1.0,1.0,1.0,1.0,1.0,1.0,1.0
312.0,1.0,1.0,1.0,1.0,1.0,1.0,1.0
312.05,1.0,1.0,1.0,1.0,1.0,1.0,1.0
312.1,1.0,1.0,1.0,1.0,1.0,1.0,1.0
312.15000000000003,1.0,1.0,1.0,1.0,1.0,1.0,1.0
312.20000000000005,1.0,1.0,1.0,1.0,1.0,1.0,1.0
312.25,1.0,1.0,1.0,1.0,1.0,1.0,1.0
312.3,1.0,1.0,1.0,1.0,1.0,1.0,1.0
312.35,1.0,1.0,1.0,1.0,1.0,1.0,1.0
312.40000000000003,1.0,1.0,1.0,1.0,1.0,1.0,1.0
312.45000000000005,1.0,1.0,1.0,1.0,1.0,1.0,1.0
312.5,1.0,1.0,1.0,1.0,1.0,1.0,1.0
312.55,1.0,1.0,1.0,1.0,1.0,1.0,1.0
312.6,1.0,1.0,1.0,1.0,1.0,1.0,1.0
312.65000000000003,1.0,1.0,1.0,1.0,1.0,1.0,1.0
312.70000000000005,1.0,1.0,1.0,1.0,1.0,1.0,1.0
312.75,1.0,1.0,1.0,1.0,1.0,1.0,1.0
312.8,1.0,1.0,1.0,1.0,1.0,1.0,1.0
312.85,1.0,1.0,1.0,1.0,1.0,1.0,1.0
312.90000000000003,1.0,1.0,1.0,1.0,1.0,1.0,1.0
312.95000000000005,1.0,1.0,1.0,1.0,1.0,1.0,1.0
313.0,1.0,1.0,1.0,1.0,1.0,1.0,1.0
313.05,1.0,1.0,1.0,1.0,1.0,1.0,1.0
313.1,1.0,1.0,1.0,1.0,1.0,1.0,1.0
313.15000000000003,1.0,1.0,1.0,1.0,1.0,1.0,1.0
313.20000000000005,1.0,1.0,1.0,1.0,1.0,1.0,1.0
313.25,1.0,1.0,1.0,1.0,1.0,1.0,1.0
313.3,1.0,1.0,1.0,1.0,1.0,1.0,1.0
313.35,1.0,1.0,1.0,1.0,1.0,1.0,1.0
313.40000000000003,1.0,1.0,1.0,1.0,1.0,1.0,1.0
313.45000000000005,1.0,1.0,1.0,1.0,1.0,1.0,1.0
313.5,1.0,1.0,1.0,1.0,1.0,1.0,1.0
313.55,1.0,1.0,1.0,1.0,1.0,1.0,1.0
313.6,1.0,1.0,1.0,1.0,1.0,1.0,1.0
313.65000000000003,1.0,1.0,1.0,1.0,1.0,1.0,1.0
313.70000000000005,1.0,1.0,1.0,1.0,1.0,1.0,1.0
313.75,1.0,1.0,1.0,1.0,1.0,1.0,1.0
313.8,1.0,1.0,1.0,1.0,1.0,1.0,1.0
313.85,1.0,1.0,1.0,1.0,1.0,1.0,1.0
313.90000000000003,1.0,1.0,1.0,1.0,1.0,1.0,1.0
313.95000000000005,1.0,1.0,1.0,1.0,1.0,1.0,1.0
314.0,1.0,1.0,1.0,1.0,1.0,1.0,1.0
314.05,1.0,1.0,1.0,1.0,1.0,1.0,1.0
314.1,1.0,1.0,1.0,1.0,1.0,1.0,1.0
314.15000000000003,1.0,1.0,1.0,1.0,1.0,1.0,1.0
314.20000000000005,1.0,1.0,1.0,1.0,1.0,1.0,1.0
314.25,1.0,1.0,1.0,1.0,1.0,1.0,1.0
314.3,1.0,1.0,1.0,1.0,1.0,1.0,1.0
314.35,1.0,1.0,1.0,1.0,1.0,1.0,1.0
314.40000000000003,1.0,1.0,1.0,1.0,1.0,1.0,1.0
314.45000000000005,1.0,1.0,1.0,1.0,1.0,1.0,1.0
314.5,1.0,1.0,1.0,1.0,1.0,1.0,1.0
314.55,1.0,1.0,1.0,1.0,1.0,1.0,1.0
314.6,1.0,1.0,1.0,1.0,1.0,1.0,1.0
314.65000000000003,1.0,1.0,1.0,1.0,1.0,1.0,1.0
314.70000000000005,1.0,1.0,1.0,1.0,1.0,1.0,1.0
314.75,1.0,1.0,1.0,1.0,1.0,1.0,1.0
314.8,1.0,1.0,1.0,1.0,1.0,1.0,1.0
314.85,1.0,1.0,1.0,1.0,1.0,1.0,1.0
314.90000000000003,1.0,1.0,1.0,1.0,1.0,1.0,1.0
314.95000000000005,1.0,1.0,1.0,1.0,1.0,1.0,1.0
315.0,1.0,1.0,1.0,1.0,1.0,1.0,1.0
315.05,1.0,1.0,1.0,1.0,1.0,1.0,1.0
315.1,1.0,1.0,1.0,1.0,1.0,1.0,1.0
315.15000000000003,1.0,1.0,1.0,1.0,1.0,1.0,1.0
315.20000000000005,1.0,1.0,1.0,1.0,1.0,1.0,1.0
315.25,1.0,1.0,1.0,1.0,1.0,1.0,1.0
315.3,1.0,1.0,1.0,1.0,1.0,1.0,1.0
315.35,1.0,1.0,1.0,1.0,1.0,1.0,1.0
315.40000000000003,1.0,1.0,1.0,1.0,1.0,1.0,1.0
315.45000000000005,1.0,1.0,1.0,1.0,1.0,1.0,1.0
315.5,1.0,1.0,1.0,1.0,1.0,1.0,1.0
315.55,1.0,1.0,1.0,1.0,1.0,1.0,1.0
315.6,1.0,1.0,1.0,1.0,1.0,1.0,1.0
315.65000000000003,1.0,1.0,1.0,1.0,1.0,1.0,1.0
315.70000000000005,1.0,1.0,1.0,1.0,1.0,1.0,1.0
315.75,1.0,1.0,1.0,1.0,1.0,1.0,1.0
315.8,1.0,1.0,1.0,1.0,1.0,1.0,1.0
315.85,1.0,1.0,1.0,1.0,1.0,1.0,1.0
315.90000000000003,1.0,1.0,1.0,1.0,1.0,1.0,1.0
315.95000000000005,1.0,1.0,1.0,1.0,1.0,1.0,1.0
316.0,1.0,1.0,1.0,1.0,1.0,1.0,1.0
316.05,1.0,1.0,1.0,1.0,1.0,1.0,1.0
316.1,1.0,1.0,1.0,1.0,1.0,1.0,1.0
316.15000000000003,1.0,1.0,1.0,1.0,1.0,1.0,1.0
316.20000000000005,1.0,1.0,1.0,1.0,1.0,1.0,1.0
316.25,1.0,1.0,1.0,1.0,1.0,1.0,1.0
316.3,1.0,1.0,1.0,1.0,1.0,1.0,1.0
316.35,1.0,1.0,1.0,1.0,1.0,1.0,1.0
316.40000000000003,1.0,1.0,1.0,1.0,1.0,1.0,1.0
316.45000000000005,1.0,1.0,1.0,1.0,1.0,1.0,1.0
316.5,1.0,1.0,1.0,1.0,1.0,1.0,1.0
316.55,1.0,1.0,1.0,1.0,1.0,1.0,1.0
316.6,1.0,1.0,1.0,1.0,1.0,1.0,1.0
316.65000000000003,1.0,1.0,1.0,1.0,1.0,1.0,1.0
316.70000000000005,1.0,1.0,1.0,1.0,1.0,1.0,1.0
316.75,1.0,1.0,1.0,1.0,1.0,1.0,1.0
316.8,1.0,1.0,1.0,1.0,1.0,1.0,1.0
316.85,1.0,1.0,1.0,1.0,1.0,1.0,1.0
316.90000000000003,1.0,1.0,1.0,1.0,1.0,1.0,1.0
316.95000000000005,1.0,1.0,1.0,1.0,1.0,1.0,1.0
317.0,1.0,1.0,1.0,1.0,1.0,1.0,1.0
317.05,1.0,1.0,1.0,1.0,1.0,1.0,1.0
317.1,1.0,1.0,1.0,1.0,1.0,1.0,1.0
317.15000000000003,1.0,1.0,1.0,1.0,1.0,1.0,1.0
317.20000000000005,1.0,1.0,1.0,1.0,1.0,1.0,1.0
317.25,1.0,1.0,1.0,1.0,1.0,1.0,1.0
317.3,1.0,1.0,1.0,1.0,1.0,1.0,1.0
317.35,1.0,1.0,1.0,1.0,1.0,1.0,1.0
317.40000000000003,1.0,1.0,1.0,1.0,1.0,1.0,1.0
317.45000000000005,1.0,1.0,1.0,1.0,1.0,1.0,1.0
317.5,1.0,1.0,1.0,1.0,1.0,1.0,1.0
317.55,1.0,1.0,1.0,1.0,1.0,1.0,1.0
317.6,1.0,1.0,1.0,1.0,1.0,1.0,1.0
317.65000000000003,1.0,1.0,1.0,1.0,1.0,1.0,1.0
317.70000000000005,1.0,1.0,1.0,1.0,1.0,1.0,1.0
317.75,1.0,1.0,1.0,1.0,1.0,1.0,1.0
317.8,1.0,1.0,1.0,1.0,1.0,1.0,1.0
317.85,1.0,1.0,1.0,1.0,1.0,1.0,1.0
317.90000000000003,1.0,1.0,1.0,1.0,1.0,1.0,1.0
317.95000000000005,1.0,1.0,1.0,1.0,1.0,1.0,1.0
318.0,1.0,1.0,1.0,1.0,1.0,1.0,1.0
318.05,1.0,1.0,1.0,1.0,1.0,1.0,1.0
318.1,1.0,1.0,1.0,1.0,1.0,1.0,1.0
318.15000000000003,1.0,1.0,1.0,1.0,1.0,1.0,1.0
318.20000000000005,1.0,1.0,1.0,1.0,1.0,1.0,1.0
318.25,1.0,1.0,1.0,1.0,1.0,1.0,1.0
318.3,1.0,1.0,1.0,1.0,1.0,1.0,1.0
318.35,1.0,1.0,1.0,1.0,1.0,1.0,1.0
318.40000000000003,1.0,1.0,1.0,1.0,1.0,1.0,1.0
318.45000000000005,1.0,1.0,1.0,1.0,1.0,1.0,1.0
318.5,1.0,1.0,1.0,1.0,1.0,1.0,1.0
318.55,1.0,1.0,1.0,1.0,1.0,1.0,1.0
318.6,1.0,1.0,1.0,1.0,1.0,1.0,1.0
318.65000000000003,1.0,1.0,1.0,1.0,1.0,1.0,1.0
318.70000000000005,1.0,1.0,1.0,1.0,1.0,1.0,1.0
318.75,1.0,1.0,1.0,1.0,1.0,1.0,1.0
318.8,1.0,1.0,1.0,1.0,1.0,1.0,1.0
318.85,1.0,1.0,1.0,1.0,1.0,1.0,1.0
318.90000000000003,1.0,1.0,1.0,1.0,1.0,1.0,1.0
318.95000000000005,1.0,1.0,1.0,1.0,1.0,1.0,1.0
319.0,1.0,1.0,1.0,1.0,1.0,1.0,1.0
319.05,1.0,1.0,1.0,1.0,1.0,1.0,1.0
319.1,1.0,1.0,1.0,1.0,1.0,1.0,1.0
319.15000000000003,1.0,1.0,1.0,1.0,1.0,1.0,1.0
319.20000000000005,1.0,1.0,1.0,1.0,1.0,1.0,1.0
319.25,1.0,1.0,1.0,1.0,1.0,1.0,1.0
319.3,1.0,1.0,1.0,1.0,1.0,1.0,1.0
319.35,1.0,1.0,1.0,1.0,1.0,1.0,1.0
319.40000000000003,1.0,1.0,1.0,1.0,1.0,1.0,1.0
319.45000000000005,1.0,1.0,1.0,1.0,1.0,1.0,1.0
319.5,1.0,1.0,1.0,1.0,1.0,1.0,1.0
319.55,1.0,1.0,1.0,1.0,1.0,1.0,1.0
319.6,1.0,1.0,1.0,1.0,1.0,1.0,1.0
319.65000000000003,1.0,1.0,1.0,1.0,1.0,1.0,1.0
319.70000000000005,1.0,1.0,1.0,1.0,1.0,1.0,1.0
319.75,1.0,1.0,1.0,1.0,1.0,1.0,1.0
319.8,1.0,1.0,1.0,1.0,1.0,1.0,1.0
319.85,1.0,1.0,1.0,1.0,1.0,1.0,1.0
319.90000000000003,1.0,1.0,1.0,1.0,1.0,1.0,1.0
319.95000000000005,1.0,1.0,1.0,1.0,1.0,1.0,1.0
320.0,1.0,1.0,1.0,1.0,1.0,1.0,1.0
320.05,1.0,1.0,1.0,1.0,1.0,1.0,1.0
320.1,1.0,1.0,1.0,1.0,1.0,1.0,1.0
320.15000000000003,1.0,1.0,1.0,1.0,1.0,1.0,1.0
320.20000000000005,1.0,1.0,1.0,1.0,1.0,1.0,1.0
320.25,1.0,1.0,1.0,1.0,1.0,1.0,1.0
320.3,1.0,1.0,1.0,1.0,1.0,1.0,1.0
320.35,1.0,1.0,1.0,1.0,1.0,1.0,1.0
320.40000000000003,1.0,1.0,1.0,1.0,1.0,1.0,1.0
320.45000000000005,1.0,1.0,1.0,1.0,1.0,1.0,1.0
320.5,1.0,1.0,1.0,1.0,1.0,1.0,1.0
320.55,1.0,1.0,1.0,1.0,1.0,1.0,1.0
320.6,1.0,1.0,1.0,1.0,1.0,1.0,1.0
320.65000000000003,1.0,1.0,1.0,1.0,1.0,1.0,1.0
320.70000000000005,1.0,1.0,1.0,1.0,1.0,1.0,1.0
320.75,1.0,1.0,1.0,1.0,1.0,1.0,1.0
320.8,1.0,1.0,1.0,1.0,1.0,1.0,1.0
320.85,1.0,1.0,1.0,1.0,1.0,1.0,1.0
320.90000000000003,1.0,1.0,1.0,1.0,1.0,1.0,1.0
320.95000000000005,1.0,1.0,1.0,1.0,1.0,1.0,1.0
321.0,1.0,1.0,1.0,1.0,1.0,1.0,1.0
321.05,1.0,1.0,1.0,1.0,1.0,1.0,1.0
321.1,1.0,1.0,1.0,1.0,1.0,1.0,1.0
321.15000000000003,1.0,1.0,1.0,1.0,1.0,1.0,1.0
321.20000000000005,1.0,1.0,1.0,1.0,1.0,1.0,1.0
321.25,1.0,1.0,1.0,1.0,1.0,1.0,1.0
321.3,1.0,1.0,1.0,1.0,1.0,1.0,1.0
321.35,1.0,1.0,1.0,1.0,1.0,1.0,1.0
321.40000000000003,1.0,1.0,1.0,1.0,1.0,1.0,1.0
321.45000000000005,1.0,1.0,1.0,1.0,1.0,1.0,1.0
321.5,1.0,1.0,1.0,1.0,1.0,1.0,1.0
321.55,1.0,1.0,1.0,1.0,1.0,1.0,1.0
321.6,1.0,1.0,1.0,1.0,1.0,1.0,1.0
321.65000000000003,1.0,1.0,1.0,1.0,1.0,1.0,1.0
321.70000000000005,1.0,1.0,1.0,1.0,1.0,1.0,1.0
321.75,1.0,1.0,1.0,1.0,1.0,1.0,1.0
321.8,1.0,1.0,1.0,1.0,1.0,1.0,1.0
321.85,1.0,1.0,1.0,1.0,1.0,1.0,1.0
321.90000000000003,1.0,1.0,1.0,1.0,1.0,1.0,1.0
321.95000000000005,1.0,1.0,1.0,1.0,1.0,1.0,1.0
322.0,1.0,1.0,1.0,1.0,1.0,1.0,1.0
322.05,1.0,1.0,1.0,1.0,1.0,1.0,1.0
322.1,1.0,1.0,1.0,1.0,1.0,1.0,1.0
322.15000000000003,1.0,1.0,1.0,1.0,1.0,1.0,1.0
322.20000000000005,1.0,1.0,1.0,1.0,1.0,1.0,1.0
322.25,1.0,1.0,1.0,1.0,1.0,1.0,1.0
322.3,1.0,1.0,1.0,1.0,1.0,1.0,1.0
322.35,1.0,1.0,1.0,1.0,1.0,1.0,1.0
322.40000000000003,1.0,1.0,1.0,1.0,1.0,1.0,1.0
322.45000000000005,1.0,1.0,1.0,1.0,1.0,1.0,1.0
322.5,1.0,1.0,1.0,1.0,1.0,1.0,1.0
322.55,1.0,1.0,1.0,1.0,1.0,1.0,1.0
322.6,1.0,1.0,1.0,1.0,1.0,1.0,1.0
322.65000000000003,1.0,1.0,1.0,1.0,1.0,1.0,1.0
322.70000000000005,1.0,1.0,1.0,1.0,1.0,1.0,1.0
322.75,1.0,1.0,1.0,1.0,1.0,1.0,1.0
322.8,1.0,1.0,1.0,1.0,1.0,1.0,1.0
322.85,1.0,1.0,1.0,1.0,1.0,1.0,1.0
322.90000000000003,1.0,1.0,1.0,1.0,1.0,1.0,1.0
322.95000000000005,1.0,1.0,1.0,1.0,1.0,1.0,1.0
323.0,1.0,1.0,1.0,1.0,1.0,1.0,1.0
323.05,1.0,1.0,1.0,1.0,1.0,1.0,1.0
323.1,1.0,1.0,1.0,1.0,1.0,1.0,1.0
323.15000000000003,1.0,1.0,1.0,1.0,1.0,1.0,1.0
323.20000000000005,1.0,1.0,1.0,1.0,1.0,1.0,1.0
323.25,1.0,1.0,1.0,1.0,1.0,1.0,1.0
323.3,1.0,1.0,1.0,1.0,1.0,1.0,1.0
323.35,1.0,1.0,1.0,1.0,1.0,1.0,1.0
323.40000000000003,1.0,1.0,1.0,1.0,1.0,1.0,1.0
323.45000000000005,1.0,1.0,1.0,1.0,1.0,1.0,1.0
323.5,1.0,1.0,1.0,1.0,1.0,1.0,1.0
323.55,1.0,1.0,1.0,1.0,1.0,1.0,1.0
323.6,1.0,1.0,1.0,1.0,1.0,1.0,1.0
323.65000000000003,1.0,1.0,1.0,1.0,1.0,1.0,1.0
323.70000000000005,1.0,1.0,1.0,1.0,1.0,1.0,1.0
323.75,1.0,1.0,1.0,1.0,1.0,1.0,1.0
323.8,1.0,1.0,1.0,1.0,1.0,1.0,1.0
323.85,1.0,1.0,1.0,1.0,1.0,1.0,1.0
323.90000000000003,1.0,1.0,1.0,1.0,1.0,1.0,1.0
323.95000000000005,1.0,1.0,1.0,1.0,1.0,1.0,1.0
324.0,1.0,1.0,1.0,1.0,1.0,1.0,1.0
324.05,1.0,1.0,1.0,1.0,1.0,1.0,1.0
324.1,1.0,1.0,1.0,1.0,1.0,1.0,1.0
324.15000000000003,1.0,1.0,1.0,1.0,1.0,1.0,1.0
324.20000000000005,1.0,1.0,1.0,1.0,1.0,1.0,1.0
324.25,1.0,1.0,1.0,1.0,1.0,1.0,1.0
324.3,1.0,1.0,1.0,1.0,1.0,1.0,1.0
324.35,1.0,1.0,1.0,1.0,1.0,1.0,1.0
324.40000000000003,1.0,1.0,1.0,1.0,1.0,1.0,1.0
324.45000000000005,1.0,1.0,1.0,1.0,1.0,1.0,1.0
324.5,1.0,1.0,1.0,1.0,1.0,1.0,1.0
324.55,1.0,1.0,1.0,1.0,1.0,1.0,1.0
324.6,1.0,1.0,1.0,1.0,1.0,1.0,1.0
324.65000000000003,1.0,1.0,1.0,1.0,1.0,1.0,1.0
324.70000000000005,1.0,1.0,1.0,1.0,1.0,1.0,1.0
324.75,1.0,1.0,1.0,1.0,1.0,1.0,1.0
324.8,1.0,1.0,1.0,1.0,1.0,1.0,1.0
324.85,1.0,1.0,1.0,1.0,1.0,1.0,1.0
324.90000000000003,1.0,1.0,1.0,1.0,1.0,1.0,1.0
324.95000000000005,1.0,1.0,1.0,1.0,1.0,1.0,1.0
325.0,1.0,1.0,1.0,1.0,1.0,1.0,1.0
325.05,1.0,1.0,1.0,1.0,1.0,1.0,1.0
325.1,1.0,1.0,1.0,1.0,1.0,1.0,1.0
325.15000000000003,1.0,1.0,1.0,1.0,1.0,1.0,1.0
325.20000000000005,1.0,1.0,1.0,1.0,1.0,1.0,1.0
325.25,1.0,1.0,1.0,1.0,1.0,1.0,1.0
325.3,1.0,1.0,1.0,1.0,1.0,1.0,1.0
325.35,1.0,1.0,1.0,1.0,1.0,1.0,1.0
325.40000000000003,1.0,1.0,1.0,1.0,1.0,1.0,1.0
325.45000000000005,1.0,1.0,1.0,1.0,1.0,1.0,1.0
325.5,1.0,1.0,1.0,1.0,1.0,1.0,1.0
325.55,1.0,1.0,1.0,1.0,1.0,1.0,1.0
325.6,1.0,1.0,1.0,1.0,1.0,1.0,1.0
325.65000000000003,1.0,1.0,1.0,1.0,1.0,1.0,1.0
325.70000000000005,1.0,1.0,1.0,1.0,1.0,1.0,1.0
325.75,1.0,1.0,1.0,1.0,1.0,1.0,1.0
325.8,1.0,1.0,1.0,1.0,1.0,1.0,1.0
325.85,1.0,1.0,1.0,1.0,1.0,1.0,1.0
325.90000000000003,1.0,1.0,1.0,1.0,1.0,1.0,1.0
325.95000000000005,1.0,1.0,1.0,1.0,1.0,1.0,1.0
326.0,1.0,1.0,1.0,1.0,1.0,1.0,1.0
326.05,1.0,1.0,1.0,1.0,1.0,1.0,1.0
326.1,1.0,1.0,1.0,1.0,1.0,1.0,1.0
326.15000000000003,1.0,1.0,1.0,1.0,1.0,1.0,1.0
326.20000000000005,1.0,1.0,1.0,1.0,1.0,1.0,1.0
326.25,1.0,1.0,1.0,1.0,1.0,1.0,1.0
326.3,1.0,1.0,1.0,1.0,1.0,1.0,1.0
326.35,1.0,1.0,1.0,1.0,1.0,1.0,1.0
326.40000000000003,1.0,1.0,1.0,1.0,1.0,1.0,1.0
326.45000000000005,1.0,1.0,1.0,1.0,1.0,1.0,1.0
326.5,1.0,1.0,1.0,1.0,1.0,1.0,1.0
326.55,1.0,1.0,1.0,1.0,1.0,1.0,1.0
326.6,1.0,1.0,1.0,1.0,1.0,1.0,1.0
326.65000000000003,1.0,1.0,1.0,1.0,1.0,1.0,1.0
326.70000000000005,1.0,1.0,1.0,1.0,1.0,1.0,1.0
326.75,1.0,1.0,1.0,1.0,1.0,1.0,1.0
326.8,1.0,1.0,1.0,1.0,1.0,1.0,1.0
326.85,1.0,1.0,1.0,1.0,1.0,1.0,1.0
326.90000000000003,1.0,1.0,1.0,1.0,1.0,1.0,1.0
326.95000000000005,1.0,1.0,1.0,1.0,1.0,1.0,1.0
327.0,1.0,1.0,1.0,1.0,1.0,1.0,1.0
327.05,1.0,1.0,1.0,1.0,1.0,1.0,1.0
327.1,1.0,1.0,1.0,1.0,1.0,1.0,1.0
327.15000000000003,1.0,1.0,1.0,1.0,1.0,1.0,1.0
327.20000000000005,1.0,1.0,1.0,1.0,1.0,1.0,1.0
327.25,1.0,1.0,1.0,1.0,1.0,1.0,1.0
327.3,1.0,1.0,1.0,1.0,1.0,1.0,1.0
327.35,1.0,1.0,1.0,1.0,1.0,1.0,1.0
327.40000000000003,1.0,1.0,1.0,1.0,1.0,1.0,1.0
327.45000000000005,1.0,1.0,1.0,1.0,1.0,1.0,1.0
327.5,1.0,1.0,1.0,1.0,1.0,1.0,1.0
327.55,1.0,1.0,1.0,1.0,1.0,1.0,1.0
327.6,1.0,1.0,1.0,1.0,1.0,1.0,1.0
327.65000000000003,1.0,1.0,1.0,1.0,1.0,1.0,1.0
327.70000000000005,1.0,1.0,1.0,1.0,1.0,1.0,1.0
327.75,1.0,1.0,1.0,1.0,1.0,1.0,1.0
327.8,1.0,1.0,1.0,1.0,1.0,1.0,1.0
327.85,1.0,1.0,1.0,1.0,1.0,1.0,1.0
327.90000000000003,1.0,1.0,1.0,1.0,1.0,1.0,1.0
327.95000000000005,1.0,1.0,1.0,1.0,1.0,1.0,1.0
328.0,1.0,1.0,1.0,1.0,1.0,1.0,1.0
328.05,1.0,1.0,1.0,1.0,1.0,1.0,1.0
328.1,1.0,1.0,1.0,1.0,1.0,1.0,1.0
328.15000000000003,1.0,1.0,1.0,1.0,1.0,1.0,1.0
328.20000000000005,1.0,1.0,1.0,1.0,1.0,1.0,1.0
328.25,1.0,1.0,1.0,1.0,1.0,1.0,1.0
328.3,1.0,1.0,1.0,1.0,1.0,1.0,1.0
328.35,1.0,1.0,1.0,1.0,1.0,1.0,1.0
328.40000000000003,1.0,1.0,1.0,1.0,1.0,1.0,1.0
328.45000000000005,1.0,1.0,1.0,1.0,1.0,1.0,1.0
328.5,1.0,1.0,1.0,1.0,1.0,1.0,1.0
328.55,1.0,1.0,1.0,1.0,1.0,1.0,1.0
328.6,1.0,1.0,1.0,1.0,1.0,1.0,1.0
328.65000000000003,1.0,1.0,1.0,1.0,1.0,1.0,1.0
328.70000000000005,1.0,1.0,1.0,1.0,1.0,1.0,1.0
328.75,1.0,1.0,1.0,1.0,1.0,1.0,1.0
328.8,1.0,1.0,1.0,1.0,1.0,1.0,1.0
328.85,1.0,1.0,1.0,1.0,1.0,1.0,1.0
328.90000000000003,1.0,1.0,1.0,1.0,1.0,1.0,1.0
328.95000000000005,1.0,1.0,1.0,1.0,1.0,1.0,1.0
329.0,1.0,1.0,1.0,1.0,1.0,1.0,1.0
329.05,1.0,1.0,1.0,1.0,1.0,1.0,1.0
329.1,1.0,1.0,1.0,1.0,1.0,1.0,1.0
329.15000000000003,1.0,1.0,1.0,1.0,1.0,1.0,1.0
329.20000000000005,1.0,1.0,1.0,1.0,1.0,1.0,1.0
329.25,1.0,1.0,1.0,1.0,1.0,1.0,1.0
329.3,1.0,1.0,1.0,1.0,1.0,1.0,1.0
329.35,1.0,1.0,1.0,1.0,1.0,1.0,1.0
329.40000000000003,1.0,1.0,1.0,1.0,1.0,1.0,1.0
329.45000000000005,1.0,1.0,1.0,1.0,1.0,1.0,1.0
329.5,1.0,1.0,1.0,1.0,1.0,1.0,1.0
329.55,1.0,1.0,1.0,1.0,1.0,1.0,1.0
329.6,1.0,1.0,1.0,1.0,1.0,1.0,1.0
329.65000000000003,1.0,1.0,1.0,1.0,1.0,1.0,1.0
329.70000000000005,1.0,1.0,1.0,1.0,1.0,1.0,1.0
329.75,1.0,1.0,1.0,1.0,1.0,1.0,1.0
329.8,1.0,1.0,1.0,1.0,1.0,1.0,1.0
329.85,1.0,1.0,1.0,1.0,1.0,1.0,1.0
329.90000000000003,1.0,1.0,1.0,1.0,1.0,1.0,1.0
329.95000000000005,1.0,1.0,1.0,1.0,1.0,1.0,1.0
330.0,1.0,1.0,1.0,1.0,1.0,1.0,1.0
330.05,1.0,1.0,1.0,1.0,1.0,1.0,1.0
330.1,1.0,1.0,1.0,1.0,1.0,1.0,1.0
330.15000000000003,1.0,1.0,1.0,1.0,1.0,1.0,1.0
330.20000000000005,1.0,1.0,1.0,1.0,1.0,1.0,1.0
330.25,1.0,1.0,1.0,1.0,1.0,1.0,1.0
330.3,1.0,1.0,1.0,1.0,1.0,1.0,1.0
330.35,1.0,1.0,1.0,1.0,1.0,1.0,1.0
330.40000000000003,1.0,1.0,1.0,1.0,1.0,1.0,1.0
330.45000000000005,1.0,1.0,1.0,1.0,1.0,1.0,1.0
330.5,1.0,1.0,1.0,1.0,1.0,1.0,1.0
330.55,1.0,1.0,1.0,1.0,1.0,1.0,1.0
330.6,1.0,1.0,1.0,1.0,1.0,1.0,1.0
330.65000000000003,1.0,1.0,1.0,1.0,1.0,1.0,1.0
330.70000000000005,1.0,1.0,1.0,1.0,1.0,1.0,1.0
330.75,1.0,1.0,1.0,1.0,1.0,1.0,1.0
330.8,1.0,1.0,1.0,1.0,1.0,1.0,1.0
330.85,1.0,1.0,1.0,1.0,1.0,1.0,1.0
330.90000000000003,1.0,1.0,1.0,1.0,1.0,1.0,1.0
330.95000000000005,1.0,1.0,1.0,1.0,1.0,1.0,1.0
331.0,1.0,1.0,1.0,1.0,1.0,1.0,1.0
331.05,1.0,1.0,1.0,1.0,1.0,1.0,1.0
331.1,1.0,1.0,1.0,1.0,1.0,1.0,1.0
331.15000000000003,1.0,1.0,1.0,1.0,1.0,1.0,1.0
331.20000000000005,1.0,1.0,1.0,1.0,1.0,1.0,1.0
331.25,1.0,1.0,1.0,1.0,1.0,1.0,1.0
331.3,1.0,1.0,1.0,1.0,1.0,1.0,1.0
331.35,1.0,1.0,1.0,1.0,1.0,1.0,1.0
331.40000000000003,1.0,1.0,1.0,1.0,1.0,1.0,1.0
331.45000000000005,1.0,1.0,1.0,1.0,1.0,1.0,1.0
331.5,1.0,1.0,1.0,1.0,1.0,1.0,1.0
331.55,1.0,1.0,1.0,1.0,1.0,1.0,1.0
331.6,1.0,1.0,1.0,1.0,1.0,1.0,1.0
331.65000000000003,1.0,1.0,1.0,1.0,1.0,1.0,1.0
331.70000000000005,1.0,1.0,1.0,1.0,1.0,1.0,1.0
331.75,1.0,1.0,1.0,1.0,1.0,1.0,1.0
331.8,1.0,1.0,1.0,1.0,1.0,1.0,1.0
331.85,1.0,1.0,1.0,1.0,1.0,1.0,1.0
331.90000000000003,1.0,1.0,1.0,1.0,1.0,1.0,1.0
331.95000000000005,1.0,1.0,1.0,1.0,1.0,1.0,1.0
332.0,1.0,1.0,1.0,1.0,1.0,1.0,1.0
332.05,1.0,1.0,1.0,1.0,1.0,1.0,1.0
332.1,1.0,1.0,1.0,1.0,1.0,1.0,1.0
332.15000000000003,1.0,1.0,1.0,1.0,1.0,1.0,1.0
332.20000000000005,1.0,1.0,1.0,1.0,1.0,1.0,1.0
332.25,1.0,1.0,1.0,1.0,1.0,1.0,1.0
332.3,1.0,1.0,1.0,1.0,1.0,1.0,1.0
332.35,1.0,1.0,1.0,1.0,1.0,1.0,1.0
332.40000000000003,1.0,1.0,1.0,1.0,1.0,1.0,1.0
332.45000000000005,1.0,1.0,1.0,1.0,1.0,1.0,1.0
332.5,1.0,1.0,1.0,1.0,1.0,1.0,1.0
332.55,1.0,1.0,1.0,1.0,1.0,1.0,1.0
332.6,1.0,1.0,1.0,1.0,1.0,1.0,1.0
332.65000000000003,1.0,1.0,1.0,1.0,1.0,1.0,1.0
332.70000000000005,1.0,1.0,1.0,1.0,1.0,1.0,1.0
332.75,1.0,1.0,1.0,1.0,1.0,1.0,1.0
332.8,1.0,1.0,1.0,1.0,1.0,1.0,1.0
332.85,1.0,1.0,1.0,1.0,1.0,1.0,1.0
332.90000000000003,1.0,1.0,1.0,1.0,1.0,1.0,1.0
332.95000000000005,1.0,1.0,1.0,1.0,1.0,1.0,1.0
333.0,1.0,1.0,1.0,1.0,1.0,1.0,1.0
333.05,1.0,1.0,1.0,1.0,1.0,1.0,1.0
333.1,1.0,1.0,1.0,1.0,1.0,1.0,1.0
333.15000000000003,1.0,1.0,1.0,1.0,1.0,1.0,1.0
333.20000000000005,1.0,1.0,1.0,1.0,1.0,1.0,1.0
333.25,1.0,1.0,1.0,1.0,1.0,1.0,1.0
333.3,1.0,1.0,1.0,1.0,1.0,1.0,1.0
333.35,1.0,1.0,1.0,1.0,1.0,1.0,1.0
333.40000000000003,1.0,1.0,1.0,1.0,1.0,1.0,1.0
333.45000000000005,1.0,1.0,1.0,1.0,1.0,1.0,1.0
333.5,1.0,1.0,1.0,1.0,1.0,1.0,1.0
333.55,1.0,1.0,1.0,1.0,1.0,1.0,1.0
333.6,1.0,1.0,1.0,1.0,1.0,1.0,1.0
333.65000000000003,1.0,1.0,1.0,1.0,1.0,1.0,1.0
333.70000000000005,1.0,1.0,1.0,1.0,1.0,1.0,1.0
333.75,1.0,1.0,1.0,1.0,1.0,1.0,1.0
333.8,1.0,1.0,1.0,1.0,1.0,1.0,1.0
333.85,1.0,1.0,1.0,1.0,1.0,1.0,1.0
333.90000000000003,1.0,1.0,1.0,1.0,1.0,1.0,1.0
333.95000000000005,1.0,1.0,1.0,1.0,1.0,1.0,1.0
334.0,1.0,1.0,1.0,1.0,1.0,1.0,1.0
334.05,1.0,1.0,1.0,1.0,1.0,1.0,1.0
334.1,1.0,1.0,1.0,1.0,1.0,1.0,1.0
334.15000000000003,1.0,1.0,1.0,1.0,1.0,1.0,1.0
334.20000000000005,1.0,1.0,1.0,1.0,1.0,1.0,1.0
334.25,1.0,1.0,1.0,1.0,1.0,1.0,1.0
334.3,1.0,1.0,1.0,1.0,1.0,1.0,1.0
334.35,1.0,1.0,1.0,1.0,1.0,1.0,1.0
334.40000000000003,1.0,1.0,1.0,1.0,1.0,1.0,1.0
334.45000000000005,1.0,1.0,1.0,1.0,1.0,1.0,1.0
334.5,1.0,1.0,1.0,1.0,1.0,1.0,1.0
334.55,1.0,1.0,1.0,1.0,1.0,1.0,1.0
334.6,1.0,1.0,1.0,1.0,1.0,1.0,1.0
334.65000000000003,1.0,1.0,1.0,1.0,1.0,1.0,1.0
334.70000000000005,1.0,1.0,1.0,1.0,1.0,1.0,1.0
334.75,1.0,1.0,1.0,1.0,1.0,1.0,1.0
334.8,1.0,1.0,1.0,1.0,1.0,1.0,1.0
334.85,1.0,1.0,1.0,1.0,1.0,1.0,1.0
334.90000000000003,1.0,1.0,1.0,1.0,1.0,1.0,1.0
334.95000000000005,1.0,1.0,1.0,1.0,1.0,1.0,1.0
335.0,1.0,1.0,1.0,1.0,1.0,1.0,1.0
335.05,1.0,1.0,1.0,1.0,1.0,1.0,1.0
335.1,1.0,1.0,1.0,1.0,1.0,1.0,1.0
335.15000000000003,1.0,1.0,1.0,1.0,1.0,1.0,1.0
335.20000000000005,1.0,1.0,1.0,1.0,1.0,1.0,1.0
335.25,1.0,1.0,1.0,1.0,1.0,1.0,1.0
335.3,1.0,1.0,1.0,1.0,1.0,1.0,1.0
335.35,1.0,1.0,1.0,1.0,1.0,1.0,1.0
335.40000000000003,1.0,1.0,1.0,1.0,1.0,1.0,1.0
335.45000000000005,1.0,1.0,1.0,1.0,1.0,1.0,1.0
335.5,1.0,1.0,1.0,1.0,1.0,1.0,1.0
335.55,1.0,1.0,1.0,1.0,1.0,1.0,1.0
335.6,1.0,1.0,1.0,1.0,1.0,1.0,1.0
335.65000000000003,1.0,1.0,1.0,1.0,1.0,1.0,1.0
335.70000000000005,1.0,1.0,1.0,1.0,1.0,1.0,1.0
335.75,1.0,1.0,1.0,1.0,1.0,1.0,1.0
335.8,1.0,1.0,1.0,1.0,1.0,1.0,1.0
335.85,1.0,1.0,1.0,1.0,1.0,1.0,1.0
335.90000000000003,1.0,1.0,1.0,1.0,1.0,1.0,1.0
335.95000000000005,1.0,1.0,1.0,1.0,1.0,1.0,1.0
336.0,1.0,1.0,1.0,1.0,1.0,1.0,1.0
336.05,1.0,1.0,1.0,1.0,1.0,1.0,1.0
336.1,1.0,1.0,1.0,1.0,1.0,1.0,1.0
336.15000000000003,1.0,1.0,1.0,1.0,1.0,1.0,1.0
336.20000000000005,1.0,1.0,1.0,1.0,1.0,1.0,1.0
336.25,1.0,1.0,1.0,1.0,1.0,1.0,1.0
336.3,1.0,1.0,1.0,1.0,1.0,1.0,1.0
336.35,1.0,1.0,1.0,1.0,1.0,1.0,1.0
336.40000000000003,1.0,1.0,1.0,1.0,1.0,1.0,1.0
336.45000000000005,1.0,1.0,1.0,1.0,1.0,1.0,1.0
336.5,1.0,1.0,1.0,1.0,1.0,1.0,1.0
336.55,1.0,1.0,1.0,1.0,1.0,1.0,1.0
336.6,1.0,1.0,1.0,1.0,1.0,1.0,1.0
336.65000000000003,1.0,1.0,1.0,1.0,1.0,1.0,1.0
336.70000000000005,1.0,1.0,1.0,1.0,1.0,1.0,1.0
336.75,1.0,1.0,1.0,1.0,1.0,1.0,1.0
336.8,1.0,1.0,1.0,1.0,1.0,1.0,1.0
336.85,1.0,1.0,1.0,1.0,1.0,1.0,1.0
336.90000000000003,1.0,1.0,1.0,1.0,1.0,1.0,1.0
336.95000000000005,1.0,1.0,1.0,1.0,1.0,1.0,1.0
337.0,1.0,1.0,1.0,1.0,1.0,1.0,1.0
337.05,1.0,1.0,1.0,1.0,1.0,1.0,1.0
337.1,1.0,1.0,1.0,1.0,1.0,1.0,1.0
337.15000000000003,1.0,1.0,1.0,1.0,1.0,1.0,1.0
337.20000000000005,1.0,1.0,1.0,1.0,1.0,1.0,1.0
337.25,1.0,1.0,1.0,1.0,1.0,1.0,1.0
337.3,1.0,1.0,1.0,1.0,1.0,1.0,1.0
337.35,1.0,1.0,1.0,1.0,1.0,1.0,1.0
337.40000000000003,1.0,1.0,1.0,1.0,1.0,1.0,1.0
337.45000000000005,1.0,1.0,1.0,1.0,1.0,1.0,1.0
337.5,1.0,1.0,1.0,1.0,1.0,1.0,1.0
337.55,1.0,1.0,1.0,1.0,1.0,1.0,1.0
337.6,1.0,1.0,1.0,1.0,1.0,1.0,1.0
337.65000000000003,1.0,1.0,1.0,1.0,1.0,1.0,1.0
337.70000000000005,1.0,1.0,1.0,1.0,1.0,1.0,1.0
337.75,1.0,1.0,1.0,1.0,1.0,1.0,1.0
337.8,1.0,1.0,1.0,1.0,1.0,1.0,1.0
337.85,1.0,1.0,1.0,1.0,1.0,1.0,1.0
337.90000000000003,1.0,1.0,1.0,1.0,1.0,1.0,1.0
337.95000000000005,1.0,1.0,1.0,1.0,1.0,1.0,1.0
338.0,1.0,1.0,1.0,1.0,1.0,1.0,1.0
338.05,1.0,1.0,1.0,1.0,1.0,1.0,1.0
338.1,1.0,1.0,1.0,1.0,1.0,1.0,1.0
338.15000000000003,1.0,1.0,1.0,1.0,1.0,1.0,1.0
338.20000000000005,1.0,1.0,1.0,1.0,1.0,1.0,1.0
338.25,1.0,1.0,1.0,1.0,1.0,1.0,1.0
338.3,1.0,1.0,1.0,1.0,1.0,1.0,1.0
338.35,1.0,1.0,1.0,1.0,1.0,1.0,1.0
338.40000000000003,1.0,1.0,1.0,1.0,1.0,1.0,1.0
338.45000000000005,1.0,1.0,1.0,1.0,1.0,1.0,1.0
338.5,1.0,1.0,1.0,1.0,1.0,1.0,1.0
338.55,1.0,1.0,1.0,1.0,1.0,1.0,1.0
338.6,1.0,1.0,1.0,1.0,1.0,1.0,1.0
338.65000000000003,1.0,1.0,1.0,1.0,1.0,1.0,1.0
338.70000000000005,1.0,1.0,1.0,1.0,1.0,1.0,1.0
338.75,1.0,1.0,1.0,1.0,1.0,1.0,1.0
338.8,1.0,1.0,1.0,1.0,1.0,1.0,1.0
338.85,1.0,1.0,1.0,1.0,1.0,1.0,1.0
338.90000000000003,1.0,1.0,1.0,1.0,1.0,1.0,1.0
338.95000000000005,1.0,1.0,1.0,1.0,1.0,1.0,1.0
339.0,1.0,1.0,1.0,1.0,1.0,1.0,1.0
339.05,1.0,1.0,1.0,1.0,1.0,1.0,1.0
339.1,1.0,1.0,1.0,1.0,1.0,1.0,1.0
339.15000000000003,1.0,1.0,1.0,1.0,1.0,1.0,1.0
339.20000000000005,1.0,1.0,1.0,1.0,1.0,1.0,1.0
339.25,1.0,1.0,1.0,1.0,1.0,1.0,1.0
339.3,1.0,1.0,1.0,1.0,1.0,1.0,1.0
339.35,1.0,1.0,1.0,1.0,1.0,1.0,1.0
339.40000000000003,1.0,1.0,1.0,1.0,1.0,1.0,1.0
339.45000000000005,1.0,1.0,1.0,1.0,1.0,1.0,1.0
339.5,1.0,1.0,1.0,1.0,1.0,1.0,1.0
339.55,1.0,1.0,1.0,1.0,1.0,1.0,1.0
339.6,1.0,1.0,1.0,1.0,1.0,1.0,1.0
339.65000000000003,1.0,1.0,1.0,1.0,1.0,1.0,1.0
339.70000000000005,1.0,1.0,1.0,1.0,1.0,1.0,1.0
339.75,1.0,1.0,1.0,1.0,1.0,1.0,1.0
339.8,1.0,1.0,1.0,1.0,1.0,1.0,1.0
339.85,1.0,1.0,1.0,1.0,1.0,1.0,1.0
339.90000000000003,1.0,1.0,1.0,1.0,1.0,1.0,1.0
339.95000000000005,1.0,1.0,1.0,1.0,1.0,1.0,1.0
340.0,1.0,1.0,1.0,1.0,1.0,1.0,1.0
340.05,1.0,1.0,1.0,1.0,1.0,1.0,1.0
340.1,1.0,1.0,1.0,1.0,1.0,1.0,1.0
340.15000000000003,1.0,1.0,1.0,1.0,1.0,1.0,1.0
340.20000000000005,1.0,1.0,1.0,1.0,1.0,1.0,1.0
340.25,1.0,1.0,1.0,1.0,1.0,1.0,1.0
340.3,1.0,1.0,1.0,1.0,1.0,1.0,1.0
340.35,1.0,1.0,1.0,1.0,1.0,1.0,1.0
340.40000000000003,1.0,1.0,1.0,1.0,1.0,1.0,1.0
340.45000000000005,1.0,1.0,1.0,1.0,1.0,1.0,1.0
340.5,1.0,1.0,1.0,1.0,1.0,1.0,1.0
340.55,1.0,1.0,1.0,1.0,1.0,1.0,1.0
340.6,1.0,1.0,1.0,1.0,1.0,1.0,1.0
340.65000000000003,1.0,1.0,1.0,1.0,1.0,1.0,1.0
340.70000000000005,1.0,1.0,1.0,1.0,1.0,1.0,1.0
340.75,1.0,1.0,1.0,1.0,1.0,1.0,1.0
340.8,1.0,1.0,1.0,1.0,1.0,1.0,1.0
340.85,1.0,1.0,1.0,1.0,1.0,1.0,1.0
340.90000000000003,1.0,1.0,1.0,1.0,1.0,1.0,1.0
340.95000000000005,1.0,1.0,1.0,1.0,1.0,1.0,1.0
341.0,1.0,1.0,1.0,1.0,1.0,1.0,1.0
341.05,1.0,1.0,1.0,1.0,1.0,1.0,1.0
341.1,1.0,1.0,1.0,1.0,1.0,1.0,1.0
341.15000000000003,1.0,1.0,1.0,1.0,1.0,1.0,1.0
341.20000000000005,1.0,1.0,1.0,1.0,1.0,1.0,1.0
341.25,1.0,1.0,1.0,1.0,1.0,1.0,1.0
341.3,1.0,1.0,1.0,1.0,1.0,1.0,1.0
341.35,1.0,1.0,1.0,1.0,1.0,1.0,1.0
341.40000000000003,1.0,1.0,1.0,1.0,1.0,1.0,1.0
341.45000000000005,1.0,1.0,1.0,1.0,1.0,1.0,1.0
341.5,1.0,1.0,1.0,1.0,1.0,1.0,1.0
341.55,1.0,1.0,1.0,1.0,1.0,1.0,1.0
341.6,1.0,1.0,1.0,1.0,1.0,1.0,1.0
341.65000000000003,1.0,1.0,1.0,1.0,1.0,1.0,1.0
341.70000000000005,1.0,1.0,1.0,1.0,1.0,1.0,1.0
341.75,1.0,1.0,1.0,1.0,1.0,1.0,1.0
341.8,1.0,1.0,1.0,1.0,1.0,1.0,1.0
341.85,1.0,1.0,1.0,1.0,1.0,1.0,1.0
341.90000000000003,1.0,1.0,1.0,1.0,1.0,1.0,1.0
341.95000000000005,1.0,1.0,1.0,1.0,1.0,1.0,1.0
342.0,1.0,1.0,1.0,1.0,1.0,1.0,1.0
342.05,1.0,1.0,1.0,1.0,1.0,1.0,1.0
342.1,1.0,1.0,1.0,1.0,1.0,1.0,1.0
342.15000000000003,1.0,1.0,1.0,1.0,1.0,1.0,1.0
342.20000000000005,1.0,1.0,1.0,1.0,1.0,1.0,1.0
342.25,1.0,1.0,1.0,1.0,1.0,1.0,1.0
342.3,1.0,1.0,1.0,1.0,1.0,1.0,1.0
342.35,1.0,1.0,1.0,1.0,1.0,1.0,1.0
342.40000000000003,1.0,1.0,1.0,1.0,1.0,1.0,1.0
342.45000000000005,1.0,1.0,1.0,1.0,1.0,1.0,1.0
342.5,1.0,1.0,1.0,1.0,1.0,1.0,1.0
342.55,1.0,1.0,1.0,1.0,1.0,1.0,1.0
342.6,1.0,1.0,1.0,1.0,1.0,1.0,1.0
342.65000000000003,1.0,1.0,1.0,1.0,1.0,1.0,1.0
342.70000000000005,1.0,1.0,1.0,1.0,1.0,1.0,1.0
342.75,1.0,1.0,1.0,1.0,1.0,1.0,1.0
342.8,1.0,1.0,1.0,1.0,1.0,1.0,1.0
342.85,1.0,1.0,1.0,1.0,1.0,1.0,1.0
342.90000000000003,1.0,1.0,1.0,1.0,1.0,1.0,1.0
342.95000000000005,1.0,1.0,1.0,1.0,1.0,1.0,1.0
343.0,1.0,1.0,1.0,1.0,1.0,1.0,1.0
343.05,1.0,1.0,1.0,1.0,1.0,1.0,1.0
343.1,1.0,1.0,1.0,1.0,1.0,1.0,1.0
343.15000000000003,1.0,1.0,1.0,1.0,1.0,1.0,1.0
343.20000000000005,1.0,1.0,1.0,1.0,1.0,1.0,1.0
343.25,1.0,1.0,1.0,1.0,1.0,1.0,1.0
343.3,1.0,1.0,1.0,1.0,1.0,1.0,1.0
343.35,1.0,1.0,1.0,1.0,1.0,1.0,1.0
343.40000000000003,1.0,1.0,1.0,1.0,1.0,1.0,1.0
343.45000000000005,1.0,1.0,1.0,1.0,1.0,1.0,1.0
343.5,1.0,1.0,1.0,1.0,1.0,1.0,1.0
343.55,1.0,1.0,1.0,1.0,1.0,1.0,1.0
343.6,1.0,1.0,1.0,1.0,1.0,1.0,1.0
343.65000000000003,1.0,1.0,1.0,1.0,1.0,1.0,1.0
343.70000000000005,1.0,1.0,1.0,1.0,1.0,1.0,1.0
343.75,1.0,1.0,1.0,1.0,1.0,1.0,1.0
343.8,1.0,1.0,1.0,1.0,1.0,1.0,1.0
343.85,1.0,1.0,1.0,1.0,1.0,1.0,1.0
343.90000000000003,1.0,1.0,1.0,1.0,1.0,1.0,1.0
343.95000000000005,1.0,1.0,1.0,1.0,1.0,1.0,1.0
344.0,1.0,1.0,1.0,1.0,1.0,1.0,1.0
344.05,1.0,1.0,1.0,1.0,1.0,1.0,1.0
344.1,1.0,1.0,1.0,1.0,1.0,1.0,1.0
344.15000000000003,1.0,1.0,1.0,1.0,1.0,1.0,1.0
344.20000000000005,1.0,1.0,1.0,1.0,1.0,1.0,1.0
344.25,1.0,1.0,1.0,1.0,1.0,1.0,1.0
344.3,1.0,1.0,1.0,1.0,1.0,1.0,1.0
344.35,1.0,1.0,1.0,1.0,1.0,1.0,1.0
344.40000000000003,1.0,1.0,1.0,1.0,1.0,1.0,1.0
344.45000000000005,1.0,1.0,1.0,1.0,1.0,1.0,1.0
344.5,1.0,1.0,1.0,1.0,1.0,1.0,1.0
344.55,1.0,1.0,1.0,1.0,1.0,1.0,1.0
344.6,1.0,1.0,1.0,1.0,1.0,1.0,1.0
344.65000000000003,1.0,1.0,1.0,1.0,1.0,1.0,1.0
344.70000000000005,1.0,1.0,1.0,1.0,1.0,1.0,1.0
344.75,1.0,1.0,1.0,1.0,1.0,1.0,1.0
344.8,1.0,1.0,1.0,1.0,1.0,1.0,1.0
344.85,1.0,1.0,1.0,1.0,1.0,1.0,1.0
344.90000000000003,1.0,1.0,1.0,1.0,1.0,1.0,1.0
344.95000000000005,1.0,1.0,1.0,1.0,1.0,1.0,1.0
345.0,1.0,1.0,1.0,1.0,1.0,1.0,1.0
345.05,1.0,1.0,1.0,1.0,1.0,1.0,1.0
345.1,1.0,1.0,1.0,1.0,1.0,1.0,1.0
345.15000000000003,1.0,1.0,1.0,1.0,1.0,1.0,1.0
345.20000000000005,1.0,1.0,1.0,1.0,1.0,1.0,1.0
345.25,1.0,1.0,1.0,1.0,1.0,1.0,1.0
345.3,1.0,1.0,1.0,1.0,1.0,1.0,1.0
345.35,1.0,1.0,1.0,1.0,1.0,1.0,1.0
345.40000000000003,1.0,1.0,1.0,1.0,1.0,1.0,1.0
345.45000000000005,1.0,1.0,1.0,1.0,1.0,1.0,1.0
345.5,1.0,1.0,1.0,1.0,1.0,1.0,1.0
345.55,1.0,1.0,1.0,1.0,1.0,1.0,1.0
345.6,1.0,1.0,1.0,1.0,1.0,1.0,1.0
345.65000000000003,1.0,1.0,1.0,1.0,1.0,1.0,1.0
345.70000000000005,1.0,1.0,1.0,1.0,1.0,1.0,1.0
345.75,1.0,1.0,1.0,1.0,1.0,1.0,1.0
345.8,1.0,1.0,1.0,1.0,1.0,1.0,1.0
345.85,1.0,1.0,1.0,1.0,1.0,1.0,1.0
345.90000000000003,1.0,1.0,1.0,1.0,1.0,1.0,1.0
345.95000000000005,1.0,1.0,1.0,1.0,1.0,1.0,1.0
346.0,1.0,1.0,1.0,1.0,1.0,1.0,1.0
346.05,1.0,1.0,1.0,1.0,1.0,1.0,1.0
346.1,1.0,1.0,1.0,1.0,1.0,1.0,1.0
346.15000000000003,1.0,1.0,1.0,1.0,1.0,1.0,1.0
346.20000000000005,1.0,1.0,1.0,1.0,1.0,1.0,1.0
346.25,1.0,1.0,1.0,1.0,1.0,1.0,1.0
346.3,1.0,1.0,1.0,1.0,1.0,1.0,1.0
346.35,1.0,1.0,1.0,1.0,1.0,1.0,1.0
346.40000000000003,1.0,1.0,1.0,1.0,1.0,1.0,1.0
346.45000000000005,1.0,1.0,1.0,1.0,1.0,1.0,1.0
346.5,1.0,1.0,1.0,1.0,1.0,1.0,1.0
346.55,1.0,1.0,1.0,1.0,1.0,1.0,1.0
346.6,1.0,1.0,1.0,1.0,1.0,1.0,1.0
346.65000000000003,1.0,1.0,1.0,1.0,1.0,1.0,1.0
346.70000000000005,1.0,1.0,1.0,1.0,1.0,1.0,1.0
346.75,1.0,1.0,1.0,1.0,1.0,1.0,1.0
346.8,1.0,1.0,1.0,1.0,1.0,1.0,1.0
346.85,1.0,1.0,1.0,1.0,1.0,1.0,1.0
346.90000000000003,1.0,1.0,1.0,1.0,1.0,1.0,1.0
346.95000000000005,1.0,1.0,1.0,1.0,1.0,1.0,1.0
347.0,1.0,1.0,1.0,1.0,1.0,1.0,1.0
347.05,1.0,1.0,1.0,1.0,1.0,1.0,1.0
347.1,1.0,1.0,1.0,1.0,1.0,1.0,1.0
347.15000000000003,1.0,1.0,1.0,1.0,1.0,1.0,1.0
347.20000000000005,1.0,1.0,1.0,1.0,1.0,1.0,1.0
347.25,1.0,1.0,1.0,1.0,1.0,1.0,1.0
347.3,1.0,1.0,1.0,1.0,1.0,1.0,1.0
347.35,1.0,1.0,1.0,1.0,1.0,1.0,1.0
347.40000000000003,1.0,1.0,1.0,1.0,1.0,1.0,1.0
347.45000000000005,1.0,1.0,1.0,1.0,1.0,1.0,1.0
347.5,1.0,1.0,1.0,1.0,1.0,1.0,1.0
347.55,1.0,1.0,1.0,1.0,1.0,1.0,1.0
347.6,1.0,1.0,1.0,1.0,1.0,1.0,1.0
347.65000000000003,1.0,1.0,1.0,1.0,1.0,1.0,1.0
347.70000000000005,1.0,1.0,1.0,1.0,1.0,1.0,1.0
347.75,1.0,1.0,1.0,1.0,1.0,1.0,1.0
347.8,1.0,1.0,1.0,1.0,1.0,1.0,1.0
347.85,1.0,1.0,1.0,1.0,1.0,1.0,1.0
347.90000000000003,1.0,1.0,1.0,1.0,1.0,1.0,1.0
347.95000000000005,1.0,1.0,1.0,1.0,1.0,1.0,1.0
348.0,1.0,1.0,1.0,1.0,1.0,1.0,1.0
348.05,1.0,1.0,1.0,1.0,1.0,1.0,1.0
348.1,1.0,1.0,1.0,1.0,1.0,1.0,1.0
348.15000000000003,1.0,1.0,1.0,1.0,1.0,1.0,1.0
348.20000000000005,1.0,1.0,1.0,1.0,1.0,1.0,1.0
348.25,1.0,1.0,1.0,1.0,1.0,1.0,1.0
348.3,1.0,1.0,1.0,1.0,1.0,1.0,1.0
348.35,1.0,1.0,1.0,1.0,1.0,1.0,1.0
348.40000000000003,1.0,1.0,1.0,1.0,1.0,1.0,1.0
348.45000000000005,1.0,1.0,1.0,1.0,1.0,1.0,1.0
348.5,1.0,1.0,1.0,1.0,1.0,1.0,1.0
348.55,1.0,1.0,1.0,1.0,1.0,1.0,1.0
348.6,1.0,1.0,1.0,1.0,1.0,1.0,1.0
348.65000000000003,1.0,1.0,1.0,1.0,1.0,1.0,1.0
348.70000000000005,1.0,1.0,1.0,1.0,1.0,1.0,1.0
348.75,1.0,1.0,1.0,1.0,1.0,1.0,1.0
348.8,1.0,1.0,1.0,1.0,1.0,1.0,1.0
348.85,1.0,1.0,1.0,1.0,1.0,1.0,1.0
348.90000000000003,1.0,1.0,1.0,1.0,1.0,1.0,1.0
348.95000000000005,1.0,1.0,1.0,1.0,1.0,1.0,1.0
349.0,1.0,1.0,1.0,1.0,1.0,1.0,1.0
349.05,1.0,1.0,1.0,1.0,1.0,1.0,1.0
349.1,1.0,1.0,1.0,1.0,1.0,1.0,1.0
349.15000000000003,1.0,1.0,1.0,1.0,1.0,1.0,1.0
349.20000000000005,1.0,1.0,1.0,1.0,1.0,1.0,1.0
349.25,1.0,1.0,1.0,1.0,1.0,1.0,1.0
349.3,1.0,1.0,1.0,1.0,1.0,1.0,1.0
349.35,1.0,1.0,1.0,1.0,1.0,1.0,1.0
349.40000000000003,1.0,1.0,1.0,1.0,1.0,1.0,1.0
349.45000000000005,1.0,1.0,1.0,1.0,1.0,1.0,1.0
349.5,1.0,1.0,1.0,1.0,1.0,1.0,1.0
349.55,1.0,1.0,1.0,1.0,1.0,1.0,1.0
349.6,1.0,1.0,1.0,1.0,1.0,1.0,1.0
349.65000000000003,1.0,1.0,1.0,1.0,1.0,1.0,1.0
349.70000000000005,1.0,1.0,1.0,1.0,1.0,1.0,1.0
349.75,1.0,1.0,1.0,1.0,1.0,1.0,1.0
349.8,1.0,1.0,1.0,1.0,1.0,1.0,1.0
349.85,1.0,1.0,1.0,1.0,1.0,1.0,1.0
349.90000000000003,1.0,1.0,1.0,1.0,1.0,1.0,1.0
349.95000000000005,1.0,1.0,1.0,1.0,1.0,1.0,1.0
350.0,1.0,1.0,1.0,1.0,1.0,1.0,1.0
350.05,1.0,1.0,1.0,1.0,1.0,1.0,1.0
350.1,1.0,1.0,1.0,1.0,1.0,1.0,1.0
350.15000000000003,1.0,1.0,1.0,1.0,1.0,1.0,1.0
350.20000000000005,1.0,1.0,1.0,1.0,1.0,1.0,1.0
350.25,1.0,1.0,1.0,1.0,1.0,1.0,1.0
350.3,1.0,1.0,1.0,1.0,1.0,1.0,1.0
350.35,1.0,1.0,1.0,1.0,1.0,1.0,1.0
350.40000000000003,1.0,1.0,1.0,1.0,1.0,1.0,1.0
350.45000000000005,1.0,1.0,1.0,1.0,1.0,1.0,1.0
350.5,1.0,1.0,1.0,1.0,1.0,1.0,1.0
350.55,1.0,1.0,1.0,1.0,1.0,1.0,1.0
350.6,1.0,1.0,1.0,1.0,1.0,1.0,1.0
350.65000000000003,1.0,1.0,1.0,1.0,1.0,1.0,1.0
350.70000000000005,1.0,1.0,1.0,1.0,1.0,1.0,1.0
350.75,1.0,1.0,1.0,1.0,1.0,1.0,1.0
350.8,1.0,1.0,1.0,1.0,1.0,1.0,1.0
350.85,1.0,1.0,1.0,1.0,1.0,1.0,1.0
350.90000000000003,1.0,1.0,1.0,1.0,1.0,1.0,1.0
350.95000000000005,1.0,1.0,1.0,1.0,1.0,1.0,1.0
351.0,1.0,1.0,1.0,1.0,1.0,1.0,1.0
351.05,1.0,1.0,1.0,1.0,1.0,1.0,1.0
351.1,1.0,1.0,1.0,1.0,1.0,1.0,1.0
351.15000000000003,1.0,1.0,1.0,1.0,1.0,1.0,1.0
351.20000000000005,1.0,1.0,1.0,1.0,1.0,1.0,1.0
351.25,1.0,1.0,1.0,1.0,1.0,1.0,1.0
351.3,1.0,1.0,1.0,1.0,1.0,1.0,1.0
351.35,1.0,1.0,1.0,1.0,1.0,1.0,1.0
351.40000000000003,1.0,1.0,1.0,1.0,1.0,1.0,1.0
351.45000000000005,1.0,1.0,1.0,1.0,1.0,1.0,1.0
351.5,1.0,1.0,1.0,1.0,1.0,1.0,1.0
351.55,1.0,1.0,1.0,1.0,1.0,1.0,1.0
351.6,1.0,1.0,1.0,1.0,1.0,1.0,1.0
351.65000000000003,1.0,1.0,1.0,1.0,1.0,1.0,1.0
351.70000000000005,1.0,1.0,1.0,1.0,1.0,1.0,1.0
351.75,1.0,1.0,1.0,1.0,1.0,1.0,1.0
351.8,1.0,1.0,1.0,1.0,1.0,1.0,1.0
351.85,1.0,1.0,1.0,1.0,1.0,1.0,1.0
351.90000000000003,1.0,1.0,1.0,1.0,1.0,1.0,1.0
351.95000000000005,1.0,1.0,1.0,1.0,1.0,1.0,1.0
352.0,1.0,1.0,1.0,1.0,1.0,1.0,1.0
352.05,1.0,1.0,1.0,1.0,1.0,1.0,1.0
352.1,1.0,1.0,1.0,1.0,1.0,1.0,1.0
352.15000000000003,1.0,1.0,1.0,1.0,1.0,1.0,1.0
352.20000000000005,1.0,1.0,1.0,1.0,1.0,1.0,1.0
352.25,1.0,1.0,1.0,1.0,1.0,1.0,1.0
352.3,1.0,1.0,1.0,1.0,1.0,1.0,1.0
352.35,1.0,1.0,1.0,1.0,1.0,1.0,1.0
352.40000000000003,1.0,1.0,1.0,1.0,1.0,1.0,1.0
352.45000000000005,1.0,1.0,1.0,1.0,1.0,1.0,1.0
352.5,1.0,1.0,1.0,1.0,1.0,1.0,1.0
352.55,1.0,1.0,1.0,1.0,1.0,1.0,1.0
352.6,1.0,1.0,1.0,1.0,1.0,1.0,1.0
352.65000000000003,1.0,1.0,1.0,1.0,1.0,1.0,1.0
352.70000000000005,1.0,1.0,1.0,1.0,1.0,1.0,1.0
352.75,1.0,1.0,1.0,1.0,1.0,1.0,1.0
352.8,1.0,1.0,1.0,1.0,1.0,1.0,1.0
352.85,1.0,1.0,1.0,1.0,1.0,1.0,1.0
352.90000000000003,1.0,1.0,1.0,1.0,1.0,1.0,1.0
352.95000000000005,1.0,1.0,1.0,1.0,1.0,1.0,1.0
353.0,1.0,1.0,1.0,1.0,1.0,1.0,1.0
353.05,1.0,1.0,1.0,1.0,1.0,1.0,1.0
353.1,1.0,1.0,1.0,1.0,1.0,1.0,1.0
353.15000000000003,1.0,1.0,1.0,1.0,1.0,1.0,1.0
353.20000000000005,1.0,1.0,1.0,1.0,1.0,1.0,1.0
353.25,1.0,1.0,1.0,1.0,1.0,1.0,1.0
353.3,1.0,1.0,1.0,1.0,1.0,1.0,1.0
353.35,1.0,1.0,1.0,1.0,1.0,1.0,1.0
353.40000000000003,1.0,1.0,1.0,1.0,1.0,1.0,1.0
353.45000000000005,1.0,1.0,1.0,1.0,1.0,1.0,1.0
353.5,1.0,1.0,1.0,1.0,1.0,1.0,1.0
353.55,1.0,1.0,1.0,1.0,1.0,1.0,1.0
353.6,1.0,1.0,1.0,1.0,1.0,1.0,1.0
353.65000000000003,1.0,1.0,1.0,1.0,1.0,1.0,1.0
353.70000000000005,1.0,1.0,1.0,1.0,1.0,1.0,1.0
353.75,1.0,1.0,1.0,1.0,1.0,1.0,1.0
353.8,1.0,1.0,1.0,1.0,1.0,1.0,1.0
353.85,1.0,1.0,1.0,1.0,1.0,1.0,1.0
353.90000000000003,1.0,1.0,1.0,1.0,1.0,1.0,1.0
353.95000000000005,1.0,1.0,1.0,1.0,1.0,1.0,1.0
354.0,1.0,1.0,1.0,1.0,1.0,1.0,1.0
354.05,1.0,1.0,1.0,1.0,1.0,1.0,1.0
354.1,1.0,1.0,1.0,1.0,1.0,1.0,1.0
354.15000000000003,1.0,1.0,1.0,1.0,1.0,1.0,1.0
354.20000000000005,1.0,1.0,1.0,1.0,1.0,1.0,1.0
354.25,1.0,1.0,1.0,1.0,1.0,1.0,1.0
354.3,1.0,1.0,1.0,1.0,1.0,1.0,1.0
354.35,1.0,1.0,1.0,1.0,1.0,1.0,1.0
354.40000000000003,1.0,1.0,1.0,1.0,1.0,1.0,1.0
354.45000000000005,1.0,1.0,1.0,1.0,1.0,1.0,1.0
354.5,1.0,1.0,1.0,1.0,1.0,1.0,1.0
354.55,1.0,1.0,1.0,1.0,1.0,1.0,1.0
354.6,1.0,1.0,1.0,1.0,1.0,1.0,1.0
354.65000000000003,1.0,1.0,1.0,1.0,1.0,1.0,1.0
354.70000000000005,1.0,1.0,1.0,1.0,1.0,1.0,1.0
354.75,1.0,1.0,1.0,1.0,1.0,1.0,1.0
354.8,1.0,1.0,1.0,1.0,1.0,1.0,1.0
354.85,1.0,1.0,1.0,1.0,1.0,1.0,1.0
354.90000000000003,1.0,1.0,1.0,1.0,1.0,1.0,1.0
354.95000000000005,1.0,1.0,1.0,1.0,1.0,1.0,1.0
355.0,1.0,1.0,1.0,1.0,1.0,1.0,1.0
355.05,1.0,1.0,1.0,1.0,1.0,1.0,1.0
355.1,1.0,1.0,1.0,1.0,1.0,1.0,1.0
355.15000000000003,1.0,1.0,1.0,1.0,1.0,1.0,1.0
355.20000000000005,1.0,1.0,1.0,1.0,1.0,1.0,1.0
355.25,1.0,1.0,1.0,1.0,1.0,1.0,1.0
355.3,1.0,1.0,1.0,1.0,1.0,1.0,1.0
355.35,1.0,1.0,1.0,1.0,1.0,1.0,1.0
355.40000000000003,1.0,1.0,1.0,1.0,1.0,1.0,1.0
355.45000000000005,1.0,1.0,1.0,1.0,1.0,1.0,1.0
355.5,1.0,1.0,1.0,1.0,1.0,1.0,1.0
355.55,1.0,1.0,1.0,1.0,1.0,1.0,1.0
355.6,1.0,1.0,1.0,1.0,1.0,1.0,1.0
355.65000000000003,1.0,1.0,1.0,1.0,1.0,1.0,1.0
355.70000000000005,1.0,1.0,1.0,1.0,1.0,1.0,1.0
355.75,1.0,1.0,1.0,1.0,1.0,1.0,1.0
355.8,1.0,1.0,1.0,1.0,1.0,1.0,1.0
355.85,1.0,1.0,1.0,1.0,1.0,1.0,1.0
355.90000000000003,1.0,1.0,1.0,1.0,1.0,1.0,1.0
355.95000000000005,1.0,1.0,1.0,1.0,1.0,1.0,1.0
356.0,1.0,1.0,1.0,1.0,1.0,1.0,1.0
356.05,1.0,1.0,1.0,1.0,1.0,1.0,1.0
356.1,1.0,1.0,1.0,1.0,1.0,1.0,1.0
356.15000000000003,1.0,1.0,1.0,1.0,1.0,1.0,1.0
356.20000000000005,1.0,1.0,1.0,1.0,1.0,1.0,1.0
356.25,1.0,1.0,1.0,1.0,1.0,1.0,1.0
356.3,1.0,1.0,1.0,1.0,1.0,1.0,1.0
356.35,1.0,1.0,1.0,1.0,1.0,1.0,1.0
356.40000000000003,1.0,1.0,1.0,1.0,1.0,1.0,1.0
356.45000000000005,1.0,1.0,1.0,1.0,1.0,1.0,1.0
356.5,1.0,1.0,1.0,1.0,1.0,1.0,1.0
356.55,1.0,1.0,1.0,1.0,1.0,1.0,1.0
356.6,1.0,1.0,1.0,1.0,1.0,1.0,1.0
356.65000000000003,1.0,1.0,1.0,1.0,1.0,1.0,1.0
356.70000000000005,1.0,1.0,1.0,1.0,1.0,1.0,1.0
356.75,1.0,1.0,1.0,1.0,1.0,1.0,1.0
356.8,1.0,1.0,1.0,1.0,1.0,1.0,1.0
356.85,1.0,1.0,1.0,1.0,1.0,1.0,1.0
356.90000000000003,1.0,1.0,1.0,1.0,1.0,1.0,1.0
356.95000000000005,1.0,1.0,1.0,1.0,1.0,1.0,1.0
357.0,1.0,1.0,1.0,1.0,1.0,1.0,1.0
357.05,1.0,1.0,1.0,1.0,1.0,1.0,1.0
357.1,1.0,1.0,1.0,1.0,1.0,1.0,1.0
357.15000000000003,1.0,1.0,1.0,1.0,1.0,1.0,1.0
357.20000000000005,1.0,1.0,1.0,1.0,1.0,1.0,1.0
357.25,1.0,1.0,1.0,1.0,1.0,1.0,1.0
357.3,1.0,1.0,1.0,1.0,1.0,1.0,1.0
357.35,1.0,1.0,1.0,1.0,1.0,1.0,1.0
357.40000000000003,1.0,1.0,1.0,1.0,1.0,1.0,1.0
357.45000000000005,1.0,1.0,1.0,1.0,1.0,1.0,1.0
357.5,1.0,1.0,1.0,1.0,1.0,1.0,1.0
357.55,1.0,1.0,1.0,1.0,1.0,1.0,1.0
357.6,1.0,1.0,1.0,1.0,1.0,1.0,1.0
357.65000000000003,1.0,1.0,1.0,1.0,1.0,1.0,1.0
357.70000000000005,1.0,1.0,1.0,1.0,1.0,1.0,1.0
357.75,1.0,1.0,1.0,1.0,1.0,1.0,1.0
357.8,1.0,1.0,1.0,1.0,1.0,1.0,1.0
357.85,1.0,1.0,1.0,1.0,1.0,1.0,1.0
357.90000000000003,1.0,1.0,1.0,1.0,1.0,1.0,1.0
357.95000000000005,1.0,1.0,1.0,1.0,1.0,1.0,1.0
358.0,1.0,1.0,1.0,1.0,1.0,1.0,1.0
358.05,1.0,1.0,1.0,1.0,1.0,1.0,1.0
358.1,1.0,1.0,1.0,1.0,1.0,1.0,1.0
358.15000000000003,1.0,1.0,1.0,1.0,1.0,1.0,1.0
358.20000000000005,1.0,1.0,1.0,1.0,1.0,1.0,1.0
358.25,1.0,1.0,1.0,1.0,1.0,1.0,1.0
358.3,1.0,1.0,1.0,1.0,1.0,1.0,1.0
358.35,1.0,1.0,1.0,1.0,1.0,1.0,1.0
358.40000000000003,1.0,1.0,1.0,1.0,1.0,1.0,1.0
358.45000000000005,1.0,1.0,1.0,1.0,1.0,1.0,1.0
358.5,1.0,1.0,1.0,1.0,1.0,1.0,1.0
358.55,1.0,1.0,1.0,1.0,1.0,1.0,1.0
358.6,1.0,1.0,1.0,1.0,1.0,1.0,1.0
358.65000000000003,1.0,1.0,1.0,1.0,1.0,1.0,1.0
358.70000000000005,1.0,1.0,1.0,1.0,1.0,1.0,1.0
358.75,1.0,1.0,1.0,1.0,1.0,1.0,1.0
358.8,1.0,1.0,1.0,1.0,1.0,1.0,1.0
358.85,1.0,1.0,1.0,1.0,1.0,1.0,1.0
358.90000000000003,1.0,1.0,1.0,1.0,1.0,1.0,1.0
358.95000000000005,1.0,1.0,1.0,1.0,1.0,1.0,1.0
359.0,1.0,1.0,1.0,1.0,1.0,1.0,1.0
359.05,1.0,1.0,1.0,1.0,1.0,1.0,1.0
359.1,1.0,1.0,1.0,1.0,1.0,1.0,1.0
359.15000000000003,1.0,1.0,1.0,1.0,1.0,1.0,1.0
359.20000000000005,1.0,1.0,1.0,1.0,1.0,1.0,1.0
359.25,1.0,1.0,1.0,1.0,1.0,1.0,1.0
359.3,1.0,1.0,1.0,1.0,1.0,1.0,1.0
359.35,1.0,1.0,1.0,1.0,1.0,1.0,1.0
359.40000000000003,1.0,1.0,1.0,1.0,1.0,1.0,1.0
359.45000000000005,1.0,1.0,1.0,1.0,1.0,1.0,1.0
359.5,1.0,1.0,1.0,1.0,1.0,1.0,1.0
359.55,1.0,1.0,1.0,1.0,1.0,1.0,1.0
359.6,1.0,1.0,1.0,1.0,1.0,1.0,1.0
359.65000000000003,1.0,1.0,1.0,1.0,1.0,1.0,1.0
359.70000000000005,1.0,1.0,1.0,1.0,1.0,1.0,1.0
359.75,1.0,1.0,1.0,1.0,1.0,1.0,1.0
359.8,1.0,1.0,1.0,1.0,1.0,1.0,1.0
359.85,1.0,1.0,1.0,1.0,1.0,1.0,1.0
359.90000000000003,1.0,1.0,1.0,1.0,1.0,1.0,1.0
359.95000000000005,1.0,1.0,1.0,1.0,1.0,1.0,1.0
360.0,1.0,1.0,1.0,1.0,1.0,1.0,1.0
360.05,1.0,1.0,1.0,1.0,1.0,1.0,1.0
360.1,1.0,1.0,1.0,1.0,1.0,1.0,1.0
360.15000000000003,1.0,1.0,1.0,1.0,1.0,1.0,1.0
360.20000000000005,1.0,1.0,1.0,1.0,1.0,1.0,1.0
360.25,1.0,1.0,1.0,1.0,1.0,1.0,1.0
360.3,1.0,1.0,1.0,1.0,1.0,1.0,1.0
360.35,1.0,1.0,1.0,1.0,1.0,1.0,1.0
360.40000000000003,1.0,1.0,1.0,1.0,1.0,1.0,1.0
360.45000000000005,1.0,1.0,1.0,1.0,1.0,1.0,1.0
360.5,1.0,1.0,1.0,1.0,1.0,1.0,1.0
360.55,1.0,1.0,1.0,1.0,1.0,1.0,1.0
360.6,1.0,1.0,1.0,1.0,1.0,1.0,1.0
360.65000000000003,1.0,1.0,1.0,1.0,1.0,1.0,1.0
360.70000000000005,1.0,1.0,1.0,1.0,1.0,1.0,1.0
360.75,1.0,1.0,1.0,1.0,1.0,1.0,1.0
360.8,1.0,1.0,1.0,1.0,1.0,1.0,1.0
360.85,1.0,1.0,1.0,1.0,1.0,1.0,1.0
360.90000000000003,1.0,1.0,1.0,1.0,1.0,1.0,1.0
360.95000000000005,1.0,1.0,1.0,1.0,1.0,1.0,1.0
361.0,1.0,1.0,1.0,1.0,1.0,1.0,1.0
361.05,1.0,1.0,1.0,1.0,1.0,1.0,1.0
361.1,1.0,1.0,1.0,1.0,1.0,1.0,1.0
361.15000000000003,1.0,1.0,1.0,1.0,1.0,1.0,1.0
361.20000000000005,1.0,1.0,1.0,1.0,1.0,1.0,1.0
361.25,1.0,1.0,1.0,1.0,1.0,1.0,1.0
361.3,1.0,1.0,1.0,1.0,1.0,1.0,1.0
361.35,1.0,1.0,1.0,1.0,1.0,1.0,1.0
361.40000000000003,1.0,1.0,1.0,1.0,1.0,1.0,1.0
361.45000000000005,1.0,1.0,1.0,1.0,1.0,1.0,1.0
361.5,1.0,1.0,1.0,1.0,1.0,1.0,1.0
361.55,1.0,1.0,1.0,1.0,1.0,1.0,1.0
361.6,1.0,1.0,1.0,1.0,1.0,1.0,1.0
361.65000000000003,1.0,1.0,1.0,1.0,1.0,1.0,1.0
361.70000000000005,1.0,1.0,1.0,1.0,1.0,1.0,1.0
361.75,1.0,1.0,1.0,1.0,1.0,1.0,1.0
361.8,1.0,1.0,1.0,1.0,1.0,1.0,1.0
361.85,1.0,1.0,1.0,1.0,1.0,1.0,1.0
361.90000000000003,1.0,1.0,1.0,1.0,1.0,1.0,1.0
361.95000000000005,1.0,1.0,1.0,1.0,1.0,1.0,1.0
362.0,1.0,1.0,1.0,1.0,1.0,1.0,1.0
362.05,1.0,1.0,1.0,1.0,1.0,1.0,1.0
362.1,1.0,1.0,1.0,1.0,1.0,1.0,1.0
362.15000000000003,1.0,1.0,1.0,1.0,1.0,1.0,1.0
362.20000000000005,1.0,1.0,1.0,1.0,1.0,1.0,1.0
362.25,1.0,1.0,1.0,1.0,1.0,1.0,1.0
362.3,1.0,1.0,1.0,1.0,1.0,1.0,1.0
362.35,1.0,1.0,1.0,1.0,1.0,1.0,1.0
362.40000000000003,1.0,1.0,1.0,1.0,1.0,1.0,1.0
362.45000000000005,1.0,1.0,1.0,1.0,1.0,1.0,1.0
362.5,1.0,1.0,1.0,1.0,1.0,1.0,1.0
362.55,1.0,1.0,1.0,1.0,1.0,1.0,1.0
362.6,1.0,1.0,1.0,1.0,1.0,1.0,1.0
362.65000000000003,1.0,1.0,1.0,1.0,1.0,1.0,1.0
362.70000000000005,1.0,1.0,1.0,1.0,1.0,1.0,1.0
362.75,1.0,1.0,1.0,1.0,1.0,1.0,1.0
362.8,1.0,1.0,1.0,1.0,1.0,1.0,1.0
362.85,1.0,1.0,1.0,1.0,1.0,1.0,1.0
362.90000000000003,1.0,1.0,1.0,1.0,1.0,1.0,1.0
362.95000000000005,1.0,1.0,1.0,1.0,1.0,1.0,1.0
363.0,1.0,1.0,1.0,1.0,1.0,1.0,1.0
363.05,1.0,1.0,1.0,1.0,1.0,1.0,1.0
363.1,1.0,1.0,1.0,1.0,1.0,1.0,1.0
363.15000000000003,1.0,1.0,1.0,1.0,1.0,1.0,1.0
363.20000000000005,1.0,1.0,1.0,1.0,1.0,1.0,1.0
363.25,1.0,1.0,1.0,1.0,1.0,1.0,1.0
363.3,1.0,1.0,1.0,1.0,1.0,1.0,1.0
363.35,1.0,1.0,1.0,1.0,1.0,1.0,1.0
363.40000000000003,1.0,1.0,1.0,1.0,1.0,1.0,1.0
363.45000000000005,1.0,1.0,1.0,1.0,1.0,1.0,1.0
363.5,1.0,1.0,1.0,1.0,1.0,1.0,1.0
363.55,1.0,1.0,1.0,1.0,1.0,1.0,1.0
363.6,1.0,1.0,1.0,1.0,1.0,1.0,1.0
363.65000000000003,1.0,1.0,1.0,1.0,1.0,1.0,1.0
363.70000000000005,1.0,1.0,1.0,1.0,1.0,1.0,1.0
363.75,1.0,1.0,1.0,1.0,1.0,1.0,1.0
363.8,1.0,1.0,1.0,1.0,1.0,1.0,1.0
363.85,1.0,1.0,1.0,1.0,1.0,1.0,1.0
363.90000000000003,1.0,1.0,1.0,1.0,1.0,1.0,1.0
363.95000000000005,1.0,1.0,1.0,1.0,1.0,1.0,1.0
364.0,1.0,1.0,1.0,1.0,1.0,1.0,1.0
364.05,1.0,1.0,1.0,1.0,1.0,1.0,1.0
364.1,1.0,1.0,1.0,1.0,1.0,1.0,1.0
364.15000000000003,1.0,1.0,1.0,1.0,1.0,1.0,1.0
364.20000000000005,1.0,1.0,1.0,1.0,1.0,1.0,1.0
364.25,1.0,1.0,1.0,1.0,1.0,1.0,1.0
364.3,1.0,1.0,1.0,1.0,1.0,1.0,1.0
364.35,1.0,1.0,1.0,1.0,1.0,1.0,1.0
364.40000000000003,1.0,1.0,1.0,1.0,1.0,1.0,1.0
364.45000000000005,1.0,1.0,1.0,1.0,1.0,1.0,1.0
364.5,1.0,1.0,1.0,1.0,1.0,1.0,1.0
364.55,1.0,1.0,1.0,1.0,1.0,1.0,1.0
364.6,1.0,1.0,1.0,1.0,1.0,1.0,1.0
364.65000000000003,1.0,1.0,1.0,1.0,1.0,1.0,1.0
364.70000000000005,1.0,1.0,1.0,1.0,1.0,1.0,1.0
364.75,1.0,1.0,1.0,1.0,1.0,1.0,1.0
364.8,1.0,1.0,1.0,1.0,1.0,1.0,1.0
364.85,1.0,1.0,1.0,1.0,1.0,1.0,1.0
364.90000000000003,1.0,1.0,1.0,1.0,1.0,1.0,1.0
364.95000000000005,1.0,1.0,1.0,1.0,1.0,1.0,1.0
365.0,1.0,1.0,1.0,1.0,1.0,1.0,1.0
365.05,1.0,1.0,1.0,1.0,1.0,1.0,1.0
365.1,1.0,1.0,1.0,1.0,1.0,1.0,1.0
365.15000000000003,1.0,1.0,1.0,1.0,1.0,1.0,1.0
365.20000000000005,1.0,1.0,1.0,1.0,1.0,1.0,1.0
365.25,1.0,1.0,1.0,1.0,1.0,1.0,1.0
365.3,1.0,1.0,1.0,1.0,1.0,1.0,1.0
365.35,1.0,1.0,1.0,1.0,1.0,1.0,1.0
365.40000000000003,1.0,1.0,1.0,1.0,1.0,1.0,1.0
365.45000000000005,1.0,1.0,1.0,1.0,1.0,1.0,1.0
365.5,1.0,1.0,1.0,1.0,1.0,1.0,1.0
365.55,1.0,1.0,1.0,1.0,1.0,1.0,1.0
365.6,1.0,1.0,1.0,1.0,1.0,1.0,1.0
365.65000000000003,1.0,1.0,1.0,1.0,1.0,1.0,1.0
365.70000000000005,1.0,1.0,1.0,1.0,1.0,1.0,1.0
365.75,1.0,1.0,1.0,1.0,1.0,1.0,1.0
365.8,1.0,1.0,1.0,1.0,1.0,1.0,1.0
365.85,1.0,1.0,1.0,1.0,1.0,1.0,1.0
365.90000000000003,1.0,1.0,1.0,1.0,1.0,1.0,1.0
365.95000000000005,1.0,1.0,1.0,1.0,1.0,1.0,1.0
366.0,1.0,1.0,1.0,1.0,1.0,1.0,1.0
366.05,1.0,1.0,1.0,1.0,1.0,1.0,1.0
366.1,1.0,1.0,1.0,1.0,1.0,1.0,1.0
366.15000000000003,1.0,1.0,1.0,1.0,1.0,1.0,1.0
366.20000000000005,1.0,1.0,1.0,1.0,1.0,1.0,1.0
366.25,1.0,1.0,1.0,1.0,1.0,1.0,1.0
366.3,1.0,1.0,1.0,1.0,1.0,1.0,1.0
366.35,1.0,1.0,1.0,1.0,1.0,1.0,1.0
366.40000000000003,1.0,1.0,1.0,1.0,1.0,1.0,1.0
366.45000000000005,1.0,1.0,1.0,1.0,1.0,1.0,1.0
366.5,1.0,1.0,1.0,1.0,1.0,1.0,1.0
366.55,1.0,1.0,1.0,1.0,1.0,1.0,1.0
366.6,1.0,1.0,1.0,1.0,1.0,1.0,1.0
366.65000000000003,1.0,1.0,1.0,1.0,1.0,1.0,1.0
366.70000000000005,1.0,1.0,1.0,1.0,1.0,1.0,1.0
366.75,1.0,1.0,1.0,1.0,1.0,1.0,1.0
366.8,1.0,1.0,1.0,1.0,1.0,1.0,1.0
366.85,1.0,1.0,1.0,1.0,1.0,1.0,1.0
366.90000000000003,1.0,1.0,1.0,1.0,1.0,1.0,1.0
366.95000000000005,1.0,1.0,1.0,1.0,1.0,1.0,1.0
367.0,1.0,1.0,1.0,1.0,1.0,1.0,1.0
367.05,1.0,1.0,1.0,1.0,1.0,1.0,1.0
367.1,1.0,1.0,1.0,1.0,1.0,1.0,1.0
367.15000000000003,1.0,1.0,1.0,1.0,1.0,1.0,1.0
367.20000000000005,1.0,1.0,1.0,1.0,1.0,1.0,1.0
367.25,1.0,1.0,1.0,1.0,1.0,1.0,1.0
367.3,1.0,1.0,1.0,1.0,1.0,1.0,1.0
367.35,1.0,1.0,1.0,1.0,1.0,1.0,1.0
367.40000000000003,1.0,1.0,1.0,1.0,1.0,1.0,1.0
367.45000000000005,1.0,1.0,1.0,1.0,1.0,1.0,1.0
367.5,1.0,1.0,1.0,1.0,1.0,1.0,1.0
367.55,1.0,1.0,1.0,1.0,1.0,1.0,1.0
367.6,1.0,1.0,1.0,1.0,1.0,1.0,1.0
367.65000000000003,1.0,1.0,1.0,1.0,1.0,1.0,1.0
367.70000000000005,1.0,1.0,1.0,1.0,1.0,1.0,1.0
367.75,1.0,1.0,1.0,1.0,1.0,1.0,1.0
367.8,1.0,1.0,1.0,1.0,1.0,1.0,1.0
367.85,1.0,1.0,1.0,1.0,1.0,1.0,1.0
367.90000000000003,1.0,1.0,1.0,1.0,1.0,1.0,1.0
367.95000000000005,1.0,1.0,1.0,1.0,1.0,1.0,1.0
368.0,1.0,1.0,1.0,1.0,1.0,1.0,1.0
368.05,1.0,1.0,1.0,1.0,1.0,1.0,1.0
368.1,1.0,1.0,1.0,1.0,1.0,1.0,1.0
368.15000000000003,1.0,1.0,1.0,1.0,1.0,1.0,1.0
368.20000000000005,1.0,1.0,1.0,1.0,1.0,1.0,1.0
368.25,1.0,1.0,1.0,1.0,1.0,1.0,1.0
368.3,1.0,1.0,1.0,1.0,1.0,1.0,1.0
368.35,1.0,1.0,1.0,1.0,1.0,1.0,1.0
368.40000000000003,1.0,1.0,1.0,1.0,1.0,1.0,1.0
368.45000000000005,1.0,1.0,1.0,1.0,1.0,1.0,1.0
368.5,1.0,1.0,1.0,1.0,1.0,1.0,1.0
368.55,1.0,1.0,1.0,1.0,1.0,1.0,1.0
368.6,1.0,1.0,1.0,1.0,1.0,1.0,1.0
368.65000000000003,1.0,1.0,1.0,1.0,1.0,1.0,1.0
368.70000000000005,1.0,1.0,1.0,1.0,1.0,1.0,1.0
368.75,1.0,1.0,1.0,1.0,1.0,1.0,1.0
368.8,1.0,1.0,1.0,1.0,1.0,1.0,1.0
368.85,1.0,1.0,1.0,1.0,1.0,1.0,1.0
368.90000000000003,1.0,1.0,1.0,1.0,1.0,1.0,1.0
368.95000000000005,1.0,1.0,1.0,1.0,1.0,1.0,1.0
369.0,1.0,1.0,1.0,1.0,1.0,1.0,1.0
369.05,1.0,1.0,1.0,1.0,1.0,1.0,1.0
369.1,1.0,1.0,1.0,1.0,1.0,1.0,1.0
369.15000000000003,1.0,1.0,1.0,1.0,1.0,1.0,1.0
369.20000000000005,1.0,1.0,1.0,1.0,1.0,1.0,1.0
369.25,1.0,1.0,1.0,1.0,1.0,1.0,1.0
369.3,1.0,1.0,1.0,1.0,1.0,1.0,1.0
369.35,1.0,1.0,1.0,1.0,1.0,1.0,1.0
369.40000000000003,1.0,1.0,1.0,1.0,1.0,1.0,1.0
369.45000000000005,1.0,1.0,1.0,1.0,1.0,1.0,1.0
369.5,1.0,1.0,1.0,1.0,1.0,1.0,1.0
369.55,1.0,1.0,1.0,1.0,1.0,1.0,1.0
369.6,1.0,1.0,1.0,1.0,1.0,1.0,1.0
369.65000000000003,1.0,1.0,1.0,1.0,1.0,1.0,1.0
369.70000000000005,1.0,1.0,1.0,1.0,1.0,1.0,1.0
369.75,1.0,1.0,1.0,1.0,1.0,1.0,1.0
369.8,1.0,1.0,1.0,1.0,1.0,1.0,1.0
369.85,1.0,1.0,1.0,1.0,1.0,1.0,1.0
369.90000000000003,1.0,1.0,1.0,1.0,1.0,1.0,1.0
369.95000000000005,1.0,1.0,1.0,1.0,1.0,1.0,1.0
370.0,1.0,1.0,1.0,1.0,1.0,1.0,1.0
370.05,1.0,1.0,1.0,1.0,1.0,1.0,1.0
370.1,1.0,1.0,1.0,1.0,1.0,1.0,1.0
370.15000000000003,1.0,1.0,1.0,1.0,1.0,1.0,1.0
370.20000000000005,1.0,1.0,1.0,1.0,1.0,1.0,1.0
370.25,1.0,1.0,1.0,1.0,1.0,1.0,1.0
370.3,1.0,1.0,1.0,1.0,1.0,1.0,1.0
370.35,1.0,1.0,1.0,1.0,1.0,1.0,1.0
370.40000000000003,1.0,1.0,1.0,1.0,1.0,1.0,1.0
370.45000000000005,1.0,1.0,1.0,1.0,1.0,1.0,1.0
370.5,1.0,1.0,1.0,1.0,1.0,1.0,1.0
370.55,1.0,1.0,1.0,1.0,1.0,1.0,1.0
370.6,1.0,1.0,1.0,1.0,1.0,1.0,1.0
370.65000000000003,1.0,1.0,1.0,1.0,1.0,1.0,1.0
370.70000000000005,1.0,1.0,1.0,1.0,1.0,1.0,1.0
370.75,1.0,1.0,1.0,1.0,1.0,1.0,1.0
370.8,1.0,1.0,1.0,1.0,1.0,1.0,1.0
370.85,1.0,1.0,1.0,1.0,1.0,1.0,1.0
370.90000000000003,1.0,1.0,1.0,1.0,1.0,1.0,1.0
370.95000000000005,1.0,1.0,1.0,1.0,1.0,1.0,1.0
371.0,1.0,1.0,1.0,1.0,1.0,1.0,1.0
371.05,1.0,1.0,1.0,1.0,1.0,1.0,1.0
371.1,1.0,1.0,1.0,1.0,1.0,1.0,1.0
371.15000000000003,1.0,1.0,1.0,1.0,1.0,1.0,1.0
371.20000000000005,1.0,1.0,1.0,1.0,1.0,1.0,1.0
371.25,1.0,1.0,1.0,1.0,1.0,1.0,1.0
371.3,1.0,1.0,1.0,1.0,1.0,1.0,1.0
371.35,1.0,1.0,1.0,1.0,1.0,1.0,1.0
371.40000000000003,1.0,1.0,1.0,1.0,1.0,1.0,1.0
371.45000000000005,1.0,1.0,1.0,1.0,1.0,1.0,1.0
371.5,1.0,1.0,1.0,1.0,1.0,1.0,1.0
371.55,1.0,1.0,1.0,1.0,1.0,1.0,1.0
371.6,1.0,1.0,1.0,1.0,1.0,1.0,1.0
371.65000000000003,1.0,1.0,1.0,1.0,1.0,1.0,1.0
371.70000000000005,1.0,1.0,1.0,1.0,1.0,1.0,1.0
371.75,1.0,1.0,1.0,1.0,1.0,1.0,1.0
371.8,1.0,1.0,1.0,1.0,1.0,1.0,1.0
371.85,1.0,1.0,1.0,1.0,1.0,1.0,1.0
371.90000000000003,1.0,1.0,1.0,1.0,1.0,1.0,1.0
371.95000000000005,1.0,1.0,1.0,1.0,1.0,1.0,1.0
372.0,1.0,1.0,1.0,1.0,1.0,1.0,1.0
372.05,1.0,1.0,1.0,1.0,1.0,1.0,1.0
372.1,1.0,1.0,1.0,1.0,1.0,1.0,1.0
372.15000000000003,1.0,1.0,1.0,1.0,1.0,1.0,1.0
372.20000000000005,1.0,1.0,1.0,1.0,1.0,1.0,1.0
372.25,1.0,1.0,1.0,1.0,1.0,1.0,1.0
372.3,1.0,1.0,1.0,1.0,1.0,1.0,1.0
372.35,1.0,1.0,1.0,1.0,1.0,1.0,1.0
372.40000000000003,1.0,1.0,1.0,1.0,1.0,1.0,1.0
372.45000000000005,1.0,1.0,1.0,1.0,1.0,1.0,1.0
372.5,1.0,1.0,1.0,1.0,1.0,1.0,1.0
372.55,1.0,1.0,1.0,1.0,1.0,1.0,1.0
372.6,1.0,1.0,1.0,1.0,1.0,1.0,1.0
372.65000000000003,1.0,1.0,1.0,1.0,1.0,1.0,1.0
372.70000000000005,1.0,1.0,1.0,1.0,1.0,1.0,1.0
372.75,1.0,1.0,1.0,1.0,1.0,1.0,1.0
372.8,1.0,1.0,1.0,1.0,1.0,1.0,1.0
372.85,1.0,1.0,1.0,1.0,1.0,1.0,1.0
372.90000000000003,1.0,1.0,1.0,1.0,1.0,1.0,1.0
372.95000000000005,1.0,1.0,1.0,1.0,1.0,1.0,1.0
373.0,1.0,1.0,1.0,1.0,1.0,1.0,1.0
373.05,1.0,1.0,1.0,1.0,1.0,1.0,1.0
373.1,1.0,1.0,1.0,1.0,1.0,1.0,1.0
373.15000000000003,1.0,1.0,1.0,1.0,1.0,1.0,1.0
373.20000000000005,1.0,1.0,1.0,1.0,1.0,1.0,1.0
373.25,1.0,1.0,1.0,1.0,1.0,1.0,1.0
373.3,1.0,1.0,1.0,1.0,1.0,1.0,1.0
373.35,1.0,1.0,1.0,1.0,1.0,1.0,1.0
373.40000000000003,1.0,1.0,1.0,1.0,1.0,1.0,1.0
373.45000000000005,1.0,1.0,1.0,1.0,1.0,1.0,1.0
373.5,1.0,1.0,1.0,1.0,1.0,1.0,1.0
373.55,1.0,1.0,1.0,1.0,1.0,1.0,1.0
373.6,1.0,1.0,1.0,1.0,1.0,1.0,1.0
373.65000000000003,1.0,1.0,1.0,1.0,1.0,1.0,1.0
373.70000000000005,1.0,1.0,1.0,1.0,1.0,1.0,1.0
373.75,1.0,1.0,1.0,1.0,1.0,1.0,1.0
373.8,1.0,1.0,1.0,1.0,1.0,1.0,1.0
373.85,1.0,1.0,1.0,1.0,1.0,1.0,1.0
373.90000000000003,1.0,1.0,1.0,1.0,1.0,1.0,1.0
373.95000000000005,1.0,1.0,1.0,1.0,1.0,1.0,1.0
374.0,1.0,1.0,1.0,1.0,1.0,1.0,1.0
374.05,1.0,1.0,1.0,1.0,1.0,1.0,1.0
374.1,1.0,1.0,1.0,1.0,1.0,1.0,1.0
374.15000000000003,1.0,1.0,1.0,1.0,1.0,1.0,1.0
374.20000000000005,1.0,1.0,1.0,1.0,1.0,1.0,1.0
374.25,1.0,1.0,1.0,1.0,1.0,1.0,1.0
374.3,1.0,1.0,1.0,1.0,1.0,1.0,1.0
374.35,1.0,1.0,1.0,1.0,1.0,1.0,1.0
374.40000000000003,1.0,1.0,1.0,1.0,1.0,1.0,1.0
374.45000000000005,1.0,1.0,1.0,1.0,1.0,1.0,1.0
374.5,1.0,1.0,1.0,1.0,1.0,1.0,1.0
374.55,1.0,1.0,1.0,1.0,1.0,1.0,1.0
374.6,1.0,1.0,1.0,1.0,1.0,1.0,1.0
374.65000000000003,1.0,1.0,1.0,1.0,1.0,1.0,1.0
374.70000000000005,1.0,1.0,1.0,1.0,1.0,1.0,1.0
374.75,1.0,1.0,1.0,1.0,1.0,1.0,1.0
374.8,1.0,1.0,1.0,1.0,1.0,1.0,1.0
374.85,1.0,1.0,1.0,1.0,1.0,1.0,1.0
374.90000000000003,1.0,1.0,1.0,1.0,1.0,1.0,1.0
374.95000000000005,1.0,1.0,1.0,1.0,1.0,1.0,1.0
375.0,1.0,1.0,1.0,1.0,1.0,1.0,1.0
375.05,1.0,1.0,1.0,1.0,1.0,1.0,1.0
375.1,1.0,1.0,1.0,1.0,1.0,1.0,1.0
375.15000000000003,1.0,1.0,1.0,1.0,1.0,1.0,1.0
375.20000000000005,1.0,1.0,1.0,1.0,1.0,1.0,1.0
375.25,1.0,1.0,1.0,1.0,1.0,1.0,1.0
375.3,1.0,1.0,1.0,1.0,1.0,1.0,1.0
375.35,1.0,1.0,1.0,1.0,1.0,1.0,1.0
375.40000000000003,1.0,1.0,1.0,1.0,1.0,1.0,1.0
375.45000000000005,1.0,1.0,1.0,1.0,1.0,1.0,1.0
375.5,1.0,1.0,1.0,1.0,1.0,1.0,1.0
375.55,1.0,1.0,1.0,1.0,1.0,1.0,1.0
375.6,1.0,1.0,1.0,1.0,1.0,1.0,1.0
375.65000000000003,1.0,1.0,1.0,1.0,1.0,1.0,1.0
375.70000000000005,1.0,1.0,1.0,1.0,1.0,1.0,1.0
375.75,1.0,1.0,1.0,1.0,1.0,1.0,1.0
375.8,1.0,1.0,1.0,1.0,1.0,1.0,1.0
375.85,1.0,1.0,1.0,1.0,1.0,1.0,1.0
375.90000000000003,1.0,1.0,1.0,1.0,1.0,1.0,1.0
375.95000000000005,1.0,1.0,1.0,1.0,1.0,1.0,1.0
376.0,1.0,1.0,1.0,1.0,1.0,1.0,1.0
376.05,1.0,1.0,1.0,1.0,1.0,1.0,1.0
376.1,1.0,1.0,1.0,1.0,1.0,1.0,1.0
376.15000000000003,1.0,1.0,1.0,1.0,1.0,1.0,1.0
376.20000000000005,1.0,1.0,1.0,1.0,1.0,1.0,1.0
376.25,1.0,1.0,1.0,1.0,1.0,1.0,1.0
376.3,1.0,1.0,1.0,1.0,1.0,1.0,1.0
376.35,1.0,1.0,1.0,1.0,1.0,1.0,1.0
376.40000000000003,1.0,1.0,1.0,1.0,1.0,1.0,1.0
376.45000000000005,1.0,1.0,1.0,1.0,1.0,1.0,1.0
376.5,1.0,1.0,1.0,1.0,1.0,1.0,1.0
376.55,1.0,1.0,1.0,1.0,1.0,1.0,1.0
376.6,1.0,1.0,1.0,1.0,1.0,1.0,1.0
376.65000000000003,1.0,1.0,1.0,1.0,1.0,1.0,1.0
376.70000000000005,1.0,1.0,1.0,1.0,1.0,1.0,1.0
376.75,1.0,1.0,1.0,1.0,1.0,1.0,1.0
376.8,1.0,1.0,1.0,1.0,1.0,1.0,1.0
376.85,1.0,1.0,1.0,1.0,1.0,1.0,1.0
376.90000000000003,1.0,1.0,1.0,1.0,1.0,1.0,1.0
376.95000000000005,1.0,1.0,1.0,1.0,1.0,1.0,1.0
377.0,1.0,1.0,1.0,1.0,1.0,1.0,1.0
377.05,1.0,1.0,1.0,1.0,1.0,1.0,1.0
377.1,1.0,1.0,1.0,1.0,1.0,1.0,1.0
377.15000000000003,1.0,1.0,1.0,1.0,1.0,1.0,1.0
377.20000000000005,1.0,1.0,1.0,1.0,1.0,1.0,1.0
377.25,1.0,1.0,1.0,1.0,1.0,1.0,1.0
377.3,1.0,1.0,1.0,1.0,1.0,1.0,1.0
377.35,1.0,1.0,1.0,1.0,1.0,1.0,1.0
377.40000000000003,1.0,1.0,1.0,1.0,1.0,1.0,1.0
377.45000000000005,1.0,1.0,1.0,1.0,1.0,1.0,1.0
377.5,1.0,1.0,1.0,1.0,1.0,1.0,1.0
377.55,1.0,1.0,1.0,1.0,1.0,1.0,1.0
377.6,1.0,1.0,1.0,1.0,1.0,1.0,1.0
377.65000000000003,1.0,1.0,1.0,1.0,1.0,1.0,1.0
377.70000000000005,1.0,1.0,1.0,1.0,1.0,1.0,1.0
377.75,1.0,1.0,1.0,1.0,1.0,1.0,1.0
377.8,1.0,1.0,1.0,1.0,1.0,1.0,1.0
377.85,1.0,1.0,1.0,1.0,1.0,1.0,1.0
377.90000000000003,1.0,1.0,1.0,1.0,1.0,1.0,1.0
377.95000000000005,1.0,1.0,1.0,1.0,1.0,1.0,1.0
378.0,1.0,1.0,1.0,1.0,1.0,1.0,1.0
378.05,1.0,1.0,1.0,1.0,1.0,1.0,1.0
378.1,1.0,1.0,1.0,1.0,1.0,1.0,1.0
378.15000000000003,1.0,1.0,1.0,1.0,1.0,1.0,1.0
378.20000000000005,1.0,1.0,1.0,1.0,1.0,1.0,1.0
378.25,1.0,1.0,1.0,1.0,1.0,1.0,1.0
378.3,1.0,1.0,1.0,1.0,1.0,1.0,1.0
378.35,1.0,1.0,1.0,1.0,1.0,1.0,1.0
378.40000000000003,1.0,1.0,1.0,1.0,1.0,1.0,1.0
378.45000000000005,1.0,1.0,1.0,1.0,1.0,1.0,1.0
378.5,1.0,1.0,1.0,1.0,1.0,1.0,1.0
378.55,1.0,1.0,1.0,1.0,1.0,1.0,1.0
378.6,1.0,1.0,1.0,1.0,1.0,1.0,1.0
378.65000000000003,1.0,1.0,1.0,1.0,1.0,1.0,1.0
378.70000000000005,1.0,1.0,1.0,1.0,1.0,1.0,1.0
378.75,1.0,1.0,1.0,1.0,1.0,1.0,1.0
378.8,1.0,1.0,1.0,1.0,1.0,1.0,1.0
378.85,1.0,1.0,1.0,1.0,1.0,1.0,1.0
378.90000000000003,1.0,1.0,1.0,1.0,1.0,1.0,1.0
378.95000000000005,1.0,1.0,1.0,1.0,1.0,1.0,1.0
379.0,1.0,1.0,1.0,1.0,1.0,1.0,1.0
379.05,1.0,1.0,1.0,1.0,1.0,1.0,1.0
379.1,1.0,1.0,1.0,1.0,1.0,1.0,1.0
379.15000000000003,1.0,1.0,1.0,1.0,1.0,1.0,1.0
379.20000000000005,1.0,1.0,1.0,1.0,1.0,1.0,1.0
379.25,1.0,1.0,1.0,1.0,1.0,1.0,1.0
379.3,1.0,1.0,1.0,1.0,1.0,1.0,1.0
379.35,1.0,1.0,1.0,1.0,1.0,1.0,1.0
379.40000000000003,1.0,1.0,1.0,1.0,1.0,1.0,1.0
379.45000000000005,1.0,1.0,1.0,1.0,1.0,1.0,1.0
379.5,1.0,1.0,1.0,1.0,1.0,1.0,1.0
379.55,1.0,1.0,1.0,1.0,1.0,1.0,1.0
379.6,1.0,1.0,1.0,1.0,1.0,1.0,1.0
379.65000000000003,1.0,1.0,1.0,1.0,1.0,1.0,1.0
379.70000000000005,1.0,1.0,1.0,1.0,1.0,1.0,1.0
379.75,1.0,1.0,1.0,1.0,1.0,1.0,1.0
379.8,1.0,1.0,1.0,1.0,1.0,1.0,1.0
379.85,1.0,1.0,1.0,1.0,1.0,1.0,1.0
379.90000000000003,1.0,1.0,1.0,1.0,1.0,1.0,1.0
379.95000000000005,1.0,1.0,1.0,1.0,1.0,1.0,1.0
380.0,1.0,1.0,1.0,1.0,1.0,1.0,1.0
380.05,1.0,1.0,1.0,1.0,1.0,1.0,1.0
380.1,1.0,1.0,1.0,1.0,1.0,1.0,1.0
380.15000000000003,1.0,1.0,1.0,1.0,1.0,1.0,1.0
380.20000000000005,1.0,1.0,1.0,1.0,1.0,1.0,1.0
380.25,1.0,1.0,1.0,1.0,1.0,1.0,1.0
380.3,1.0,1.0,1.0,1.0,1.0,1.0,1.0
380.35,1.0,1.0,1.0,1.0,1.0,1.0,1.0
380.40000000000003,1.0,1.0,1.0,1.0,1.0,1.0,1.0
380.45000000000005,1.0,1.0,1.0,1.0,1.0,1.0,1.0
380.5,1.0,1.0,1.0,1.0,1.0,1.0,1.0
380.55,1.0,1.0,1.0,1.0,1.0,1.0,1.0
380.6,1.0,1.0,1.0,1.0,1.0,1.0,1.0
380.65000000000003,1.0,1.0,1.0,1.0,1.0,1.0,1.0
380.70000000000005,1.0,1.0,1.0,1.0,1.0,1.0,1.0
380.75,1.0,1.0,1.0,1.0,1.0,1.0,1.0
380.8,1.0,1.0,1.0,1.0,1.0,1.0,1.0
380.85,1.0,1.0,1.0,1.0,1.0,1.0,1.0
380.90000000000003,1.0,1.0,1.0,1.0,1.0,1.0,1.0
380.95000000000005,1.0,1.0,1.0,1.0,1.0,1.0,1.0
381.0,1.0,1.0,1.0,1.0,1.0,1.0,1.0
381.05,1.0,1.0,1.0,1.0,1.0,1.0,1.0
381.1,1.0,1.0,1.0,1.0,1.0,1.0,1.0
381.15000000000003,1.0,1.0,1.0,1.0,1.0,1.0,1.0
381.20000000000005,1.0,1.0,1.0,1.0,1.0,1.0,1.0
381.25,1.0,1.0,1.0,1.0,1.0,1.0,1.0
381.3,1.0,1.0,1.0,1.0,1.0,1.0,1.0
381.35,1.0,1.0,1.0,1.0,1.0,1.0,1.0
381.40000000000003,1.0,1.0,1.0,1.0,1.0,1.0,1.0
381.45000000000005,1.0,1.0,1.0,1.0,1.0,1.0,1.0
381.5,1.0,1.0,1.0,1.0,1.0,1.0,1.0
381.55,1.0,1.0,1.0,1.0,1.0,1.0,1.0
381.6,1.0,1.0,1.0,1.0,1.0,1.0,1.0
381.65000000000003,1.0,1.0,1.0,1.0,1.0,1.0,1.0
381.70000000000005,1.0,1.0,1.0,1.0,1.0,1.0,1.0
381.75,1.0,1.0,1.0,1.0,1.0,1.0,1.0
381.8,1.0,1.0,1.0,1.0,1.0,1.0,1.0
381.85,1.0,1.0,1.0,1.0,1.0,1.0,1.0
381.90000000000003,1.0,1.0,1.0,1.0,1.0,1.0,1.0
381.95000000000005,1.0,1.0,1.0,1.0,1.0,1.0,1.0
382.0,1.0,1.0,1.0,1.0,1.0,1.0,1.0
382.05,1.0,1.0,1.0,1.0,1.0,1.0,1.0
382.1,1.0,1.0,1.0,1.0,1.0,1.0,1.0
382.15000000000003,1.0,1.0,1.0,1.0,1.0,1.0,1.0
382.20000000000005,1.0,1.0,1.0,1.0,1.0,1.0,1.0
382.25,1.0,1.0,1.0,1.0,1.0,1.0,1.0
382.3,1.0,1.0,1.0,1.0,1.0,1.0,1.0
382.35,1.0,1.0,1.0,1.0,1.0,1.0,1.0
382.40000000000003,1.0,1.0,1.0,1.0,1.0,1.0,1.0
382.45000000000005,1.0,1.0,1.0,1.0,1.0,1.0,1.0
382.5,1.0,1.0,1.0,1.0,1.0,1.0,1.0
382.55,1.0,1.0,1.0,1.0,1.0,1.0,1.0
382.6,1.0,1.0,1.0,1.0,1.0,1.0,1.0
382.65000000000003,1.0,1.0,1.0,1.0,1.0,1.0,1.0
382.70000000000005,1.0,1.0,1.0,1.0,1.0,1.0,1.0
382.75,1.0,1.0,1.0,1.0,1.0,1.0,1.0
382.8,1.0,1.0,1.0,1.0,1.0,1.0,1.0
382.85,1.0,1.0,1.0,1.0,1.0,1.0,1.0
382.90000000000003,1.0,1.0,1.0,1.0,1.0,1.0,1.0
382.95000000000005,1.0,1.0,1.0,1.0,1.0,1.0,1.0
383.0,1.0,1.0,1.0,1.0,1.0,1.0,1.0
383.05,1.0,1.0,1.0,1.0,1.0,1.0,1.0
383.1,1.0,1.0,1.0,1.0,1.0,1.0,1.0
383.15000000000003,1.0,1.0,1.0,1.0,1.0,1.0,1.0
383.20000000000005,1.0,1.0,1.0,1.0,1.0,1.0,1.0
383.25,1.0,1.0,1.0,1.0,1.0,1.0,1.0
383.3,1.0,1.0,1.0,1.0,1.0,1.0,1.0
383.35,1.0,1.0,1.0,1.0,1.0,1.0,1.0
383.40000000000003,1.0,1.0,1.0,1.0,1.0,1.0,1.0
383.45000000000005,1.0,1.0,1.0,1.0,1.0,1.0,1.0
383.5,1.0,1.0,1.0,1.0,1.0,1.0,1.0
383.55,1.0,1.0,1.0,1.0,1.0,1.0,1.0
383.6,1.0,1.0,1.0,1.0,1.0,1.0,1.0
383.65000000000003,1.0,1.0,1.0,1.0,1.0,1.0,1.0
383.70000000000005,1.0,1.0,1.0,1.0,1.0,1.0,1.0
383.75,1.0,1.0,1.0,1.0,1.0,1.0,1.0
383.8,1.0,1.0,1.0,1.0,1.0,1.0,1.0
383.85,1.0,1.0,1.0,1.0,1.0,1.0,1.0
383.90000000000003,1.0,1.0,1.0,1.0,1.0,1.0,1.0
383.95000000000005,1.0,1.0,1.0,1.0,1.0,1.0,1.0
384.0,1.0,1.0,1.0,1.0,1.0,1.0,1.0
384.05,1.0,1.0,1.0,1.0,1.0,1.0,1.0
384.1,1.0,1.0,1.0,1.0,1.0,1.0,1.0
384.15000000000003,1.0,1.0,1.0,1.0,1.0,1.0,1.0
384.20000000000005,1.0,1.0,1.0,1.0,1.0,1.0,1.0
384.25,1.0,1.0,1.0,1.0,1.0,1.0,1.0
384.3,1.0,1.0,1.0,1.0,1.0,1.0,1.0
384.35,1.0,1.0,1.0,1.0,1.0,1.0,1.0
384.40000000000003,1.0,1.0,1.0,1.0,1.0,1.0,1.0
384.45000000000005,1.0,1.0,1.0,1.0,1.0,1.0,1.0
384.5,1.0,1.0,1.0,1.0,1.0,1.0,1.0
384.55,1.0,1.0,1.0,1.0,1.0,1.0,1.0
384.6,1.0,1.0,1.0,1.0,1.0,1.0,1.0
384.65000000000003,1.0,1.0,1.0,1.0,1.0,1.0,1.0
384.70000000000005,1.0,1.0,1.0,1.0,1.0,1.0,1.0
384.75,1.0,1.0,1.0,1.0,1.0,1.0,1.0
384.8,1.0,1.0,1.0,1.0,1.0,1.0,1.0
384.85,1.0,1.0,1.0,1.0,1.0,1.0,1.0
384.90000000000003,1.0,1.0,1.0,1.0,1.0,1.0,1.0
384.95000000000005,1.0,1.0,1.0,1.0,1.0,1.0,1.0
385.0,1.0,1.0,1.0,1.0,1.0,1.0,1.0
385.05,1.0,1.0,1.0,1.0,1.0,1.0,1.0
385.1,1.0,1.0,1.0,1.0,1.0,1.0,1.0
385.15000000000003,1.0,1.0,1.0,1.0,1.0,1.0,1.0
385.20000000000005,1.0,1.0,1.0,1.0,1.0,1.0,1.0
385.25,1.0,1.0,1.0,1.0,1.0,1.0,1.0
385.3,1.0,1.0,1.0,1.0,1.0,1.0,1.0
385.35,1.0,1.0,1.0,1.0,1.0,1.0,1.0
385.40000000000003,1.0,1.0,1.0,1.0,1.0,1.0,1.0
385.45000000000005,1.0,1.0,1.0,1.0,1.0,1.0,1.0
385.5,1.0,1.0,1.0,1.0,1.0,1.0,1.0
385.55,1.0,1.0,1.0,1.0,1.0,1.0,1.0
385.6,1.0,1.0,1.0,1.0,1.0,1.0,1.0
385.65000000000003,1.0,1.0,1.0,1.0,1.0,1.0,1.0
385.70000000000005,1.0,1.0,1.0,1.0,1.0,1.0,1.0
385.75,1.0,1.0,1.0,1.0,1.0,1.0,1.0
385.8,1.0,1.0,1.0,1.0,1.0,1.0,1.0
385.85,1.0,1.0,1.0,1.0,1.0,1.0,1.0
385.90000000000003,1.0,1.0,1.0,1.0,1.0,1.0,1.0
385.95000000000005,1.0,1.0,1.0,1.0,1.0,1.0,1.0
386.0,1.0,1.0,1.0,1.0,1.0,1.0,1.0
386.05,1.0,1.0,1.0,1.0,1.0,1.0,1.0
386.1,1.0,1.0,1.0,1.0,1.0,1.0,1.0
386.15000000000003,1.0,1.0,1.0,1.0,1.0,1.0,1.0
386.20000000000005,1.0,1.0,1.0,1.0,1.0,1.0,1.0
386.25,1.0,1.0,1.0,1.0,1.0,1.0,1.0
386.3,1.0,1.0,1.0,1.0,1.0,1.0,1.0
386.35,1.0,1.0,1.0,1.0,1.0,1.0,1.0
386.40000000000003,1.0,1.0,1.0,1.0,1.0,1.0,1.0
386.45000000000005,1.0,1.0,1.0,1.0,1.0,1.0,1.0
386.5,1.0,1.0,1.0,1.0,1.0,1.0,1.0
386.55,1.0,1.0,1.0,1.0,1.0,1.0,1.0
386.6,1.0,1.0,1.0,1.0,1.0,1.0,1.0
386.65000000000003,1.0,1.0,1.0,1.0,1.0,1.0,1.0
386.70000000000005,1.0,1.0,1.0,1.0,1.0,1.0,1.0
386.75,1.0,1.0,1.0,1.0,1.0,1.0,1.0
386.8,1.0,1.0,1.0,1.0,1.0,1.0,1.0
386.85,1.0,1.0,1.0,1.0,1.0,1.0,1.0
386.90000000000003,1.0,1.0,1.0,1.0,1.0,1.0,1.0
386.95000000000005,1.0,1.0,1.0,1.0,1.0,1.0,1.0
387.0,1.0,1.0,1.0,1.0,1.0,1.0,1.0
387.05,1.0,1.0,1.0,1.0,1.0,1.0,1.0
387.1,1.0,1.0,1.0,1.0,1.0,1.0,1.0
387.15000000000003,1.0,1.0,1.0,1.0,1.0,1.0,1.0
387.20000000000005,1.0,1.0,1.0,1.0,1.0,1.0,1.0
387.25,1.0,1.0,1.0,1.0,1.0,1.0,1.0
387.3,1.0,1.0,1.0,1.0,1.0,1.0,1.0
387.35,1.0,1.0,1.0,1.0,1.0,1.0,1.0
387.40000000000003,1.0,1.0,1.0,1.0,1.0,1.0,1.0
387.45000000000005,1.0,1.0,1.0,1.0,1.0,1.0,1.0
387.5,1.0,1.0,1.0,1.0,1.0,1.0,1.0
387.55,1.0,1.0,1.0,1.0,1.0,1.0,1.0
387.6,1.0,1.0,1.0,1.0,1.0,1.0,1.0
387.65000000000003,1.0,1.0,1.0,1.0,1.0,1.0,1.0
387.70000000000005,1.0,1.0,1.0,1.0,1.0,1.0,1.0
387.75,1.0,1.0,1.0,1.0,1.0,1.0,1.0
387.8,1.0,1.0,1.0,1.0,1.0,1.0,1.0
387.85,1.0,1.0,1.0,1.0,1.0,1.0,1.0
387.90000000000003,1.0,1.0,1.0,1.0,1.0,1.0,1.0
387.95000000000005,1.0,1.0,1.0,1.0,1.0,1.0,1.0
388.0,1.0,1.0,1.0,1.0,1.0,1.0,1.0
388.05,1.0,1.0,1.0,1.0,1.0,1.0,1.0
388.1,1.0,1.0,1.0,1.0,1.0,1.0,1.0
388.15000000000003,1.0,1.0,1.0,1.0,1.0,1.0,1.0
388.20000000000005,1.0,1.0,1.0,1.0,1.0,1.0,1.0
388.25,1.0,1.0,1.0,1.0,1.0,1.0,1.0
388.3,1.0,1.0,1.0,1.0,1.0,1.0,1.0
388.35,1.0,1.0,1.0,1.0,1.0,1.0,1.0
388.40000000000003,1.0,1.0,1.0,1.0,1.0,1.0,1.0
388.45000000000005,1.0,1.0,1.0,1.0,1.0,1.0,1.0
388.5,1.0,1.0,1.0,1.0,1.0,1.0,1.0
388.55,1.0,1.0,1.0,1.0,1.0,1.0,1.0
388.6,1.0,1.0,1.0,1.0,1.0,1.0,1.0
388.65000000000003,1.0,1.0,1.0,1.0,1.0,1.0,1.0
388.70000000000005,1.0,1.0,1.0,1.0,1.0,1.0,1.0
388.75,1.0,1.0,1.0,1.0,1.0,1.0,1.0
388.8,1.0,1.0,1.0,1.0,1.0,1.0,1.0
388.85,1.0,1.0,1.0,1.0,1.0,1.0,1.0
388.90000000000003,1.0,1.0,1.0,1.0,1.0,1.0,1.0
388.95000000000005,1.0,1.0,1.0,1.0,1.0,1.0,1.0
389.0,1.0,1.0,1.0,1.0,1.0,1.0,1.0
389.05,1.0,1.0,1.0,1.0,1.0,1.0,1.0
389.1,1.0,1.0,1.0,1.0,1.0,1.0,1.0
389.15000000000003,1.0,1.0,1.0,1.0,1.0,1.0,1.0
389.20000000000005,1.0,1.0,1.0,1.0,1.0,1.0,1.0
389.25,1.0,1.0,1.0,1.0,1.0,1.0,1.0
389.3,1.0,1.0,1.0,1.0,1.0,1.0,1.0
389.35,1.0,1.0,1.0,1.0,1.0,1.0,1.0
389.40000000000003,1.0,1.0,1.0,1.0,1.0,1.0,1.0
389.45000000000005,1.0,1.0,1.0,1.0,1.0,1.0,1.0
389.5,1.0,1.0,1.0,1.0,1.0,1.0,1.0
389.55,1.0,1.0,1.0,1.0,1.0,1.0,1.0
389.6,1.0,1.0,1.0,1.0,1.0,1.0,1.0
389.65000000000003,1.0,1.0,1.0,1.0,1.0,1.0,1.0
389.70000000000005,1.0,1.0,1.0,1.0,1.0,1.0,1.0
389.75,1.0,1.0,1.0,1.0,1.0,1.0,1.0
389.8,1.0,1.0,1.0,1.0,1.0,1.0,1.0
389.85,1.0,1.0,1.0,1.0,1.0,1.0,1.0
389.90000000000003,1.0,1.0,1.0,1.0,1.0,1.0,1.0
389.95000000000005,1.0,1.0,1.0,1.0,1.0,1.0,1.0
390.0,1.0,1.0,1.0,1.0,1.0,1.0,1.0
390.05,1.0,1.0,1.0,1.0,1.0,1.0,1.0
390.1,1.0,1.0,1.0,1.0,1.0,1.0,1.0
390.15000000000003,1.0,1.0,1.0,1.0,1.0,1.0,1.0
390.20000000000005,1.0,1.0,1.0,1.0,1.0,1.0,1.0
390.25,1.0,1.0,1.0,1.0,1.0,1.0,1.0
390.3,1.0,1.0,1.0,1.0,1.0,1.0,1.0
390.35,1.0,1.0,1.0,1.0,1.0,1.0,1.0
390.40000000000003,1.0,1.0,1.0,1.0,1.0,1.0,1.0
390.45000000000005,1.0,1.0,1.0,1.0,1.0,1.0,1.0
390.5,1.0,1.0,1.0,1.0,1.0,1.0,1.0
390.55,1.0,1.0,1.0,1.0,1.0,1.0,1.0
390.6,1.0,1.0,1.0,1.0,1.0,1.0,1.0
390.65000000000003,1.0,1.0,1.0,1.0,1.0,1.0,1.0
390.70000000000005,1.0,1.0,1.0,1.0,1.0,1.0,1.0
390.75,1.0,1.0,1.0,1.0,1.0,1.0,1.0
390.8,1.0,1.0,1.0,1.0,1.0,1.0,1.0
390.85,1.0,1.0,1.0,1.0,1.0,1.0,1.0
390.90000000000003,1.0,1.0,1.0,1.0,1.0,1.0,1.0
390.95000000000005,1.0,1.0,1.0,1.0,1.0,1.0,1.0
391.0,1.0,1.0,1.0,1.0,1.0,1.0,1.0
391.05,1.0,1.0,1.0,1.0,1.0,1.0,1.0
391.1,1.0,1.0,1.0,1.0,1.0,1.0,1.0
391.15000000000003,1.0,1.0,1.0,1.0,1.0,1.0,1.0
391.20000000000005,1.0,1.0,1.0,1.0,1.0,1.0,1.0
391.25,1.0,1.0,1.0,1.0,1.0,1.0,1.0
391.3,1.0,1.0,1.0,1.0,1.0,1.0,1.0
391.35,1.0,1.0,1.0,1.0,1.0,1.0,1.0
391.40000000000003,1.0,1.0,1.0,1.0,1.0,1.0,1.0
391.45000000000005,1.0,1.0,1.0,1.0,1.0,1.0,1.0
391.5,1.0,1.0,1.0,1.0,1.0,1.0,1.0
391.55,1.0,1.0,1.0,1.0,1.0,1.0,1.0
391.6,1.0,1.0,1.0,1.0,1.0,1.0,1.0
391.65000000000003,1.0,1.0,1.0,1.0,1.0,1.0,1.0
391.70000000000005,1.0,1.0,1.0,1.0,1.0,1.0,1.0
391.75,1.0,1.0,1.0,1.0,1.0,1.0,1.0
391.8,1.0,1.0,1.0,1.0,1.0,1.0,1.0
391.85,1.0,1.0,1.0,1.0,1.0,1.0,1.0
391.90000000000003,1.0,1.0,1.0,1.0,1.0,1.0,1.0
391.95000000000005,1.0,1.0,1.0,1.0,1.0,1.0,1.0
392.0,1.0,1.0,1.0,1.0,1.0,1.0,1.0
392.05,1.0,1.0,1.0,1.0,1.0,1.0,1.0
392.1,1.0,1.0,1.0,1.0,1.0,1.0,1.0
392.15000000000003,1.0,1.0,1.0,1.0,1.0,1.0,1.0
392.20000000000005,1.0,1.0,1.0,1.0,1.0,1.0,1.0
392.25,1.0,1.0,1.0,1.0,1.0,1.0,1.0
392.3,1.0,1.0,1.0,1.0,1.0,1.0,1.0
392.35,1.0,1.0,1.0,1.0,1.0,1.0,1.0
392.40000000000003,1.0,1.0,1.0,1.0,1.0,1.0,1.0
392.45000000000005,1.0,1.0,1.0,1.0,1.0,1.0,1.0
392.5,1.0,1.0,1.0,1.0,1.0,1.0,1.0
392.55,1.0,1.0,1.0,1.0,1.0,1.0,1.0
392.6,1.0,1.0,1.0,1.0,1.0,1.0,1.0
392.65000000000003,1.0,1.0,1.0,1.0,1.0,1.0,1.0
392.70000000000005,1.0,1.0,1.0,1.0,1.0,1.0,1.0
392.75,1.0,1.0,1.0,1.0,1.0,1.0,1.0
392.8,1.0,1.0,1.0,1.0,1.0,1.0,1.0
392.85,1.0,1.0,1.0,1.0,1.0,1.0,1.0
392.90000000000003,1.0,1.0,1.0,1.0,1.0,1.0,1.0
392.95000000000005,1.0,1.0,1.0,1.0,1.0,1.0,1.0
393.0,1.0,1.0,1.0,1.0,1.0,1.0,1.0
393.05,1.0,1.0,1.0,1.0,1.0,1.0,1.0
393.1,1.0,1.0,1.0,1.0,1.0,1.0,1.0
393.15000000000003,1.0,1.0,1.0,1.0,1.0,1.0,1.0
393.20000000000005,1.0,1.0,1.0,1.0,1.0,1.0,1.0
393.25,1.0,1.0,1.0,1.0,1.0,1.0,1.0
393.3,1.0,1.0,1.0,1.0,1.0,1.0,1.0
393.35,1.0,1.0,1.0,1.0,1.0,1.0,1.0
393.40000000000003,1.0,1.0,1.0,1.0,1.0,1.0,1.0
393.45000000000005,1.0,1.0,1.0,1.0,1.0,1.0,1.0
393.5,1.0,1.0,1.0,1.0,1.0,1.0,1.0
393.55,1.0,1.0,1.0,1.0,1.0,1.0,1.0
393.6,1.0,1.0,1.0,1.0,1.0,1.0,1.0
393.65000000000003,1.0,1.0,1.0,1.0,1.0,1.0,1.0
393.70000000000005,1.0,1.0,1.0,1.0,1.0,1.0,1.0
393.75,1.0,1.0,1.0,1.0,1.0,1.0,1.0
393.8,1.0,1.0,1.0,1.0,1.0,1.0,1.0
393.85,1.0,1.0,1.0,1.0,1.0,1.0,1.0
393.90000000000003,1.0,1.0,1.0,1.0,1.0,1.0,1.0
393.95000000000005,1.0,1.0,1.0,1.0,1.0,1.0,1.0
394.0,1.0,1.0,1.0,1.0,1.0,1.0,1.0
394.05,1.0,1.0,1.0,1.0,1.0,1.0,1.0
394.1,1.0,1.0,1.0,1.0,1.0,1.0,1.0
394.15000000000003,1.0,1.0,1.0,1.0,1.0,1.0,1.0
394.20000000000005,1.0,1.0,1.0,1.0,1.0,1.0,1.0
394.25,1.0,1.0,1.0,1.0,1.0,1.0,1.0
394.3,1.0,1.0,1.0,1.0,1.0,1.0,1.0
394.35,1.0,1.0,1.0,1.0,1.0,1.0,1.0
394.40000000000003,1.0,1.0,1.0,1.0,1.0,1.0,1.0
394.45000000000005,1.0,1.0,1.0,1.0,1.0,1.0,1.0
394.5,1.0,1.0,1.0,1.0,1.0,1.0,1.0
394.55,1.0,1.0,1.0,1.0,1.0,1.0,1.0
394.6,1.0,1.0,1.0,1.0,1.0,1.0,1.0
394.65000000000003,1.0,1.0,1.0,1.0,1.0,1.0,1.0
394.70000000000005,1.0,1.0,1.0,1.0,1.0,1.0,1.0
394.75,1.0,1.0,1.0,1.0,1.0,1.0,1.0
394.8,1.0,1.0,1.0,1.0,1.0,1.0,1.0
394.85,1.0,1.0,1.0,1.0,1.0,1.0,1.0
394.90000000000003,1.0,1.0,1.0,1.0,1.0,1.0,1.0
394.95000000000005,1.0,1.0,1.0,1.0,1.0,1.0,1.0
395.0,1.0,1.0,1.0,1.0,1.0,1.0,1.0
395.05,1.0,1.0,1.0,1.0,1.0,1.0,1.0
395.1,1.0,1.0,1.0,1.0,1.0,1.0,1.0
395.15000000000003,1.0,1.0,1.0,1.0,1.0,1.0,1.0
395.20000000000005,1.0,1.0,1.0,1.0,1.0,1.0,1.0
395.25,1.0,1.0,1.0,1.0,1.0,1.0,1.0
395.3,1.0,1.0,1.0,1.0,1.0,1.0,1.0
395.35,1.0,1.0,1.0,1.0,1.0,1.0,1.0
395.40000000000003,1.0,1.0,1.0,1.0,1.0,1.0,1.0
395.45000000000005,1.0,1.0,1.0,1.0,1.0,1.0,1.0
395.5,1.0,1.0,1.0,1.0,1.0,1.0,1.0
395.55,1.0,1.0,1.0,1.0,1.0,1.0,1.0
395.6,1.0,1.0,1.0,1.0,1.0,1.0,1.0
395.65000000000003,1.0,1.0,1.0,1.0,1.0,1.0,1.0
395.70000000000005,1.0,1.0,1.0,1.0,1.0,1.0,1.0
395.75,1.0,1.0,1.0,1.0,1.0,1.0,1.0
395.8,1.0,1.0,1.0,1.0,1.0,1.0,1.0
395.85,1.0,1.0,1.0,1.0,1.0,1.0,1.0
395.90000000000003,1.0,1.0,1.0,1.0,1.0,1.0,1.0
395.95000000000005,1.0,1.0,1.0,1.0,1.0,1.0,1.0
396.0,1.0,1.0,1.0,1.0,1.0,1.0,1.0
396.05,1.0,1.0,1.0,1.0,1.0,1.0,1.0
396.1,1.0,1.0,1.0,1.0,1.0,1.0,1.0
396.15000000000003,1.0,1.0,1.0,1.0,1.0,1.0,1.0
396.20000000000005,1.0,1.0,1.0,1.0,1.0,1.0,1.0
396.25,1.0,1.0,1.0,1.0,1.0,1.0,1.0
396.3,1.0,1.0,1.0,1.0,1.0,1.0,1.0
396.35,1.0,1.0,1.0,1.0,1.0,1.0,1.0
396.40000000000003,1.0,1.0,1.0,1.0,1.0,1.0,1.0
396.45000000000005,1.0,1.0,1.0,1.0,1.0,1.0,1.0
396.5,1.0,1.0,1.0,1.0,1.0,1.0,1.0
396.55,1.0,1.0,1.0,1.0,1.0,1.0,1.0
396.6,1.0,1.0,1.0,1.0,1.0,1.0,1.0
396.65000000000003,1.0,1.0,1.0,1.0,1.0,1.0,1.0
396.70000000000005,1.0,1.0,1.0,1.0,1.0,1.0,1.0
396.75,1.0,1.0,1.0,1.0,1.0,1.0,1.0
396.8,1.0,1.0,1.0,1.0,1.0,1.0,1.0
396.85,1.0,1.0,1.0,1.0,1.0,1.0,1.0
396.90000000000003,1.0,1.0,1.0,1.0,1.0,1.0,1.0
396.95000000000005,1.0,1.0,1.0,1.0,1.0,1.0,1.0
397.0,1.0,1.0,1.0,1.0,1.0,1.0,1.0
397.05,1.0,1.0,1.0,1.0,1.0,1.0,1.0
397.1,1.0,1.0,1.0,1.0,1.0,1.0,1.0
397.15000000000003,1.0,1.0,1.0,1.0,1.0,1.0,1.0
397.20000000000005,1.0,1.0,1.0,1.0,1.0,1.0,1.0
397.25,1.0,1.0,1.0,1.0,1.0,1.0,1.0
397.3,1.0,1.0,1.0,1.0,1.0,1.0,1.0
397.35,1.0,1.0,1.0,1.0,1.0,1.0,1.0
397.40000000000003,1.0,1.0,1.0,1.0,1.0,1.0,1.0
397.45000000000005,1.0,1.0,1.0,1.0,1.0,1.0,1.0
397.5,1.0,1.0,1.0,1.0,1.0,1.0,1.0
397.55,1.0,1.0,1.0,1.0,1.0,1.0,1.0
397.6,1.0,1.0,1.0,1.0,1.0,1.0,1.0
397.65000000000003,1.0,1.0,1.0,1.0,1.0,1.0,1.0
397.70000000000005,1.0,1.0,1.0,1.0,1.0,1.0,1.0
397.75,1.0,1.0,1.0,1.0,1.0,1.0,1.0
397.8,1.0,1.0,1.0,1.0,1.0,1.0,1.0
397.85,1.0,1.0,1.0,1.0,1.0,1.0,1.0
397.90000000000003,1.0,1.0,1.0,1.0,1.0,1.0,1.0
397.95000000000005,1.0,1.0,1.0,1.0,1.0,1.0,1.0
398.0,1.0,1.0,1.0,1.0,1.0,1.0,1.0
398.05,1.0,1.0,1.0,1.0,1.0,1.0,1.0
398.1,1.0,1.0,1.0,1.0,1.0,1.0,1.0
398.15000000000003,1.0,1.0,1.0,1.0,1.0,1.0,1.0
398.20000000000005,1.0,1.0,1.0,1.0,1.0,1.0,1.0
398.25,1.0,1.0,1.0,1.0,1.0,1.0,1.0
398.3,1.0,1.0,1.0,1.0,1.0,1.0,1.0
398.35,1.0,1.0,1.0,1.0,1.0,1.0,1.0
398.40000000000003,1.0,1.0,1.0,1.0,1.0,1.0,1.0
398.45000000000005,1.0,1.0,1.0,1.0,1.0,1.0,1.0
398.5,1.0,1.0,1.0,1.0,1.0,1.0,1.0
398.55,1.0,1.0,1.0,1.0,1.0,1.0,1.0
398.6,1.0,1.0,1.0,1.0,1.0,1.0,1.0
398.65000000000003,1.0,1.0,1.0,1.0,1.0,1.0,1.0
398.70000000000005,1.0,1.0,1.0,1.0,1.0,1.0,1.0
398.75,1.0,1.0,1.0,1.0,1.0,1.0,1.0
398.8,1.0,1.0,1.0,1.0,1.0,1.0,1.0
398.85,1.0,1.0,1.0,1.0,1.0,1.0,1.0
398.90000000000003,1.0,1.0,1.0,1.0,1.0,1.0,1.0
398.95000000000005,1.0,1.0,1.0,1.0,1.0,1.0,1.0
399.0,1.0,1.0,1.0,1.0,1.0,1.0,1.0
399.05,1.0,1.0,1.0,1.0,1.0,1.0,1.0
399.1,1.0,1.0,1.0,1.0,1.0,1.0,1.0
399.15000000000003,1.0,1.0,1.0,1.0,1.0,1.0,1.0
399.20000000000005,1.0,1.0,1.0,1.0,1.0,1.0,1.0
399.25,1.0,1.0,1.0,1.0,1.0,1.0,1.0
399.3,1.0,1.0,1.0,1.0,1.0,1.0,1.0
399.35,1.0,1.0,1.0,1.0,1.0,1.0,1.0
399.40000000000003,1.0,1.0,1.0,1.0,1.0,1.0,1.0
399.45000000000005,1.0,1.0,1.0,1.0,1.0,1.0,1.0
399.5,1.0,1.0,1.0,1.0,1.0,1.0,1.0
399.55,1.0,1.0,1.0,1.0,1.0,1.0,1.0
399.6,1.0,1.0,1.0,1.0,1.0,1.0,1.0
399.65000000000003,1.0,1.0,1.0,1.0,1.0,1.0,1.0
399.70000000000005,1.0,1.0,1.0,1.0,1.0,1.0,1.0
399.75,1.0,1.0,1.0,1.0,1.0,1.0,1.0
399.8,1.0,1.0,1.0,1.0,1.0,1.0,1.0
399.85,1.0,1.0,1.0,1.0,1.0,1.0,1.0
399.90000000000003,1.0,1.0,1.0,1.0,1.0,1.0,1.0
399.95000000000005,1.0,1.0,1.0,1.0,1.0,1.0,1.0
400.0,1.0,1.0,1.0,1.0,1.0,1.0,1.0
400.05,1.0,1.0,1.0,1.0,1.0,1.0,1.0
400.1,1.0,1.0,1.0,1.0,1.0,1.0,1.0
400.15000000000003,1.0,1.0,1.0,1.0,1.0,1.0,1.0
400.20000000000005,1.0,1.0,1.0,1.0,1.0,1.0,1.0
400.25,1.0,1.0,1.0,1.0,1.0,1.0,1.0
400.3,1.0,1.0,1.0,1.0,1.0,1.0,1.0
400.35,1.0,1.0,1.0,1.0,1.0,1.0,1.0
400.40000000000003,1.0,1.0,1.0,1.0,1.0,1.0,1.0
400.45000000000005,1.0,1.0,1.0,1.0,1.0,1.0,1.0
400.5,1.0,1.0,1.0,1.0,1.0,1.0,1.0
400.55,1.0,1.0,1.0,1.0,1.0,1.0,1.0
400.6,1.0,1.0,1.0,1.0,1.0,1.0,1.0
400.65000000000003,1.0,1.0,1.0,1.0,1.0,1.0,1.0
400.70000000000005,1.0,1.0,1.0,1.0,1.0,1.0,1.0
400.75,1.0,1.0,1.0,1.0,1.0,1.0,1.0
400.8,1.0,1.0,1.0,1.0,1.0,1.0,1.0
400.85,1.0,1.0,1.0,1.0,1.0,1.0,1.0
400.90000000000003,1.0,1.0,1.0,1.0,1.0,1.0,1.0
400.95000000000005,1.0,1.0,1.0,1.0,1.0,1.0,1.0
401.0,1.0,1.0,1.0,1.0,1.0,1.0,1.0
401.05,1.0,1.0,1.0,1.0,1.0,1.0,1.0
401.1,1.0,1.0,1.0,1.0,1.0,1.0,1.0
401.15000000000003,1.0,1.0,1.0,1.0,1.0,1.0,1.0
401.20000000000005,1.0,1.0,1.0,1.0,1.0,1.0,1.0
401.25,1.0,1.0,1.0,1.0,1.0,1.0,1.0
401.3,1.0,1.0,1.0,1.0,1.0,1.0,1.0
401.35,1.0,1.0,1.0,1.0,1.0,1.0,1.0
401.40000000000003,1.0,1.0,1.0,1.0,1.0,1.0,1.0
401.45000000000005,1.0,1.0,1.0,1.0,1.0,1.0,1.0
401.5,1.0,1.0,1.0,1.0,1.0,1.0,1.0
401.55,1.0,1.0,1.0,1.0,1.0,1.0,1.0
401.6,1.0,1.0,1.0,1.0,1.0,1.0,1.0
401.65000000000003,1.0,1.0,1.0,1.0,1.0,1.0,1.0
401.70000000000005,1.0,1.0,1.0,1.0,1.0,1.0,1.0
401.75,1.0,1.0,1.0,1.0,1.0,1.0,1.0
401.8,1.0,1.0,1.0,1.0,1.0,1.0,1.0
401.85,1.0,1.0,1.0,1.0,1.0,1.0,1.0
401.90000000000003,1.0,1.0,1.0,1.0,1.0,1.0,1.0
401.95000000000005,1.0,1.0,1.0,1.0,1.0,1.0,1.0
402.0,1.0,1.0,1.0,1.0,1.0,1.0,1.0
402.05,1.0,1.0,1.0,1.0,1.0,1.0,1.0
402.1,1.0,1.0,1.0,1.0,1.0,1.0,1.0
402.15000000000003,1.0,1.0,1.0,1.0,1.0,1.0,1.0
402.20000000000005,1.0,1.0,1.0,1.0,1.0,1.0,1.0
402.25,1.0,1.0,1.0,1.0,1.0,1.0,1.0
402.3,1.0,1.0,1.0,1.0,1.0,1.0,1.0
402.35,1.0,1.0,1.0,1.0,1.0,1.0,1.0
402.40000000000003,1.0,1.0,1.0,1.0,1.0,1.0,1.0
402.45000000000005,1.0,1.0,1.0,1.0,1.0,1.0,1.0
402.5,1.0,1.0,1.0,1.0,1.0,1.0,1.0
402.55,1.0,1.0,1.0,1.0,1.0,1.0,1.0
402.6,1.0,1.0,1.0,1.0,1.0,1.0,1.0
402.65000000000003,1.0,1.0,1.0,1.0,1.0,1.0,1.0
402.70000000000005,1.0,1.0,1.0,1.0,1.0,1.0,1.0
402.75,1.0,1.0,1.0,1.0,1.0,1.0,1.0
402.8,1.0,1.0,1.0,1.0,1.0,1.0,1.0
402.85,1.0,1.0,1.0,1.0,1.0,1.0,1.0
402.90000000000003,1.0,1.0,1.0,1.0,1.0,1.0,1.0
402.95000000000005,1.0,1.0,1.0,1.0,1.0,1.0,1.0
403.0,1.0,1.0,1.0,1.0,1.0,1.0,1.0
403.05,1.0,1.0,1.0,1.0,1.0,1.0,1.0
403.1,1.0,1.0,1.0,1.0,1.0,1.0,1.0
403.15000000000003,1.0,1.0,1.0,1.0,1.0,1.0,1.0
403.20000000000005,1.0,1.0,1.0,1.0,1.0,1.0,1.0
403.25,1.0,1.0,1.0,1.0,1.0,1.0,1.0
403.3,1.0,1.0,1.0,1.0,1.0,1.0,1.0
403.35,1.0,1.0,1.0,1.0,1.0,1.0,1.0
403.40000000000003,1.0,1.0,1.0,1.0,1.0,1.0,1.0
403.45000000000005,1.0,1.0,1.0,1.0,1.0,1.0,1.0
403.5,1.0,1.0,1.0,1.0,1.0,1.0,1.0
403.55,1.0,1.0,1.0,1.0,1.0,1.0,1.0
403.6,1.0,1.0,1.0,1.0,1.0,1.0,1.0
403.65000000000003,1.0,1.0,1.0,1.0,1.0,1.0,1.0
403.70000000000005,1.0,1.0,1.0,1.0,1.0,1.0,1.0
403.75,1.0,1.0,1.0,1.0,1.0,1.0,1.0
403.8,1.0,1.0,1.0,1.0,1.0,1.0,1.0
403.85,1.0,1.0,1.0,1.0,1.0,1.0,1.0
403.90000000000003,1.0,1.0,1.0,1.0,1.0,1.0,1.0
403.95000000000005,1.0,1.0,1.0,1.0,1.0,1.0,1.0
404.0,1.0,1.0,1.0,1.0,1.0,1.0,1.0
404.05,1.0,1.0,1.0,1.0,1.0,1.0,1.0
404.1,1.0,1.0,1.0,1.0,1.0,1.0,1.0
404.15000000000003,1.0,1.0,1.0,1.0,1.0,1.0,1.0
404.20000000000005,1.0,1.0,1.0,1.0,1.0,1.0,1.0
404.25,1.0,1.0,1.0,1.0,1.0,1.0,1.0
404.3,1.0,1.0,1.0,1.0,1.0,1.0,1.0
404.35,1.0,1.0,1.0,1.0,1.0,1.0,1.0
404.40000000000003,1.0,1.0,1.0,1.0,1.0,1.0,1.0
404.45000000000005,1.0,1.0,1.0,1.0,1.0,1.0,1.0
404.5,1.0,1.0,1.0,1.0,1.0,1.0,1.0
404.55,1.0,1.0,1.0,1.0,1.0,1.0,1.0
404.6,1.0,1.0,1.0,1.0,1.0,1.0,1.0
404.65000000000003,1.0,1.0,1.0,1.0,1.0,1.0,1.0
404.70000000000005,1.0,1.0,1.0,1.0,1.0,1.0,1.0
404.75,1.0,1.0,1.0,1.0,1.0,1.0,1.0
404.8,1.0,1.0,1.0,1.0,1.0,1.0,1.0
404.85,1.0,1.0,1.0,1.0,1.0,1.0,1.0
404.90000000000003,1.0,1.0,1.0,1.0,1.0,1.0,1.0
404.95000000000005,1.0,1.0,1.0,1.0,1.0,1.0,1.0
405.0,1.0,1.0,1.0,1.0,1.0,1.0,1.0
405.05,1.0,1.0,1.0,1.0,1.0,1.0,1.0
405.1,1.0,1.0,1.0,1.0,1.0,1.0,1.0
405.15000000000003,1.0,1.0,1.0,1.0,1.0,1.0,1.0
405.20000000000005,1.0,1.0,1.0,1.0,1.0,1.0,1.0
405.25,1.0,1.0,1.0,1.0,1.0,1.0,1.0
405.3,1.0,1.0,1.0,1.0,1.0,1.0,1.0
405.35,1.0,1.0,1.0,1.0,1.0,1.0,1.0
405.40000000000003,1.0,1.0,1.0,1.0,1.0,1.0,1.0
405.45000000000005,1.0,1.0,1.0,1.0,1.0,1.0,1.0
405.5,1.0,1.0,1.0,1.0,1.0,1.0,1.0
405.55,1.0,1.0,1.0,1.0,1.0,1.0,1.0
405.6,1.0,1.0,1.0,1.0,1.0,1.0,1.0
405.65000000000003,1.0,1.0,1.0,1.0,1.0,1.0,1.0
405.70000000000005,1.0,1.0,1.0,1.0,1.0,1.0,1.0
405.75,1.0,1.0,1.0,1.0,1.0,1.0,1.0
405.8,1.0,1.0,1.0,1.0,1.0,1.0,1.0
405.85,1.0,1.0,1.0,1.0,1.0,1.0,1.0
405.90000000000003,1.0,1.0,1.0,1.0,1.0,1.0,1.0
405.95000000000005,1.0,1.0,1.0,1.0,1.0,1.0,1.0
406.0,1.0,1.0,1.0,1.0,1.0,1.0,1.0
406.05,1.0,1.0,1.0,1.0,1.0,1.0,1.0
406.1,1.0,1.0,1.0,1.0,1.0,1.0,1.0
406.15000000000003,1.0,1.0,1.0,1.0,1.0,1.0,1.0
406.20000000000005,1.0,1.0,1.0,1.0,1.0,1.0,1.0
406.25,1.0,1.0,1.0,1.0,1.0,1.0,1.0
406.3,1.0,1.0,1.0,1.0,1.0,1.0,1.0
406.35,1.0,1.0,1.0,1.0,1.0,1.0,1.0
406.40000000000003,1.0,1.0,1.0,1.0,1.0,1.0,1.0
406.45000000000005,1.0,1.0,1.0,1.0,1.0,1.0,1.0
406.5,1.0,1.0,1.0,1.0,1.0,1.0,1.0
406.55,1.0,1.0,1.0,1.0,1.0,1.0,1.0
406.6,1.0,1.0,1.0,1.0,1.0,1.0,1.0
406.65000000000003,1.0,1.0,1.0,1.0,1.0,1.0,1.0
406.70000000000005,1.0,1.0,1.0,1.0,1.0,1.0,1.0
406.75,1.0,1.0,1.0,1.0,1.0,1.0,1.0
406.8,1.0,1.0,1.0,1.0,1.0,1.0,1.0
406.85,1.0,1.0,1.0,1.0,1.0,1.0,1.0
406.90000000000003,1.0,1.0,1.0,1.0,1.0,1.0,1.0
406.95000000000005,1.0,1.0,1.0,1.0,1.0,1.0,1.0
407.0,1.0,1.0,1.0,1.0,1.0,1.0,1.0
407.05,1.0,1.0,1.0,1.0,1.0,1.0,1.0
407.1,1.0,1.0,1.0,1.0,1.0,1.0,1.0
407.15000000000003,1.0,1.0,1.0,1.0,1.0,1.0,1.0
407.20000000000005,1.0,1.0,1.0,1.0,1.0,1.0,1.0
407.25,1.0,1.0,1.0,1.0,1.0,1.0,1.0
407.3,1.0,1.0,1.0,1.0,1.0,1.0,1.0
407.35,1.0,1.0,1.0,1.0,1.0,1.0,1.0
407.40000000000003,1.0,1.0,1.0,1.0,1.0,1.0,1.0
407.45000000000005,1.0,1.0,1.0,1.0,1.0,1.0,1.0
407.5,1.0,1.0,1.0,1.0,1.0,1.0,1.0
407.55,1.0,1.0,1.0,1.0,1.0,1.0,1.0
407.6,1.0,1.0,1.0,1.0,1.0,1.0,1.0
407.65000000000003,1.0,1.0,1.0,1.0,1.0,1.0,1.0
407.70000000000005,1.0,1.0,1.0,1.0,1.0,1.0,1.0
407.75,1.0,1.0,1.0,1.0,1.0,1.0,1.0
407.8,1.0,1.0,1.0,1.0,1.0,1.0,1.0
407.85,1.0,1.0,1.0,1.0,1.0,1.0,1.0
407.90000000000003,1.0,1.0,1.0,1.0,1.0,1.0,1.0
407.95000000000005,1.0,1.0,1.0,1.0,1.0,1.0,1.0
408.0,1.0,1.0,1.0,1.0,1.0,1.0,1.0
408.05,1.0,1.0,1.0,1.0,1.0,1.0,1.0
408.1,1.0,1.0,1.0,1.0,1.0,1.0,1.0
408.15000000000003,1.0,1.0,1.0,1.0,1.0,1.0,1.0
408.20000000000005,1.0,1.0,1.0,1.0,1.0,1.0,1.0
408.25,1.0,1.0,1.0,1.0,1.0,1.0,1.0
408.3,1.0,1.0,1.0,1.0,1.0,1.0,1.0
408.35,1.0,1.0,1.0,1.0,1.0,1.0,1.0
408.40000000000003,1.0,1.0,1.0,1.0,1.0,1.0,1.0
408.45000000000005,1.0,1.0,1.0,1.0,1.0,1.0,1.0
408.5,1.0,1.0,1.0,1.0,1.0,1.0,1.0
408.55,1.0,1.0,1.0,1.0,1.0,1.0,1.0
408.6,1.0,1.0,1.0,1.0,1.0,1.0,1.0
408.65000000000003,1.0,1.0,1.0,1.0,1.0,1.0,1.0
408.70000000000005,1.0,1.0,1.0,1.0,1.0,1.0,1.0
408.75,1.0,1.0,1.0,1.0,1.0,1.0,1.0
408.8,1.0,1.0,1.0,1.0,1.0,1.0,1.0
408.85,1.0,1.0,1.0,1.0,1.0,1.0,1.0
408.90000000000003,1.0,1.0,1.0,1.0,1.0,1.0,1.0
408.95000000000005,1.0,1.0,1.0,1.0,1.0,1.0,1.0
409.0,1.0,1.0,1.0,1.0,1.0,1.0,1.0
409.05,1.0,1.0,1.0,1.0,1.0,1.0,1.0
409.1,1.0,1.0,1.0,1.0,1.0,1.0,1.0
409.15000000000003,1.0,1.0,1.0,1.0,1.0,1.0,1.0
409.20000000000005,1.0,1.0,1.0,1.0,1.0,1.0,1.0
409.25,1.0,1.0,1.0,1.0,1.0,1.0,1.0
409.3,1.0,1.0,1.0,1.0,1.0,1.0,1.0
409.35,1.0,1.0,1.0,1.0,1.0,1.0,1.0
409.40000000000003,1.0,1.0,1.0,1.0,1.0,1.0,1.0
409.45000000000005,1.0,1.0,1.0,1.0,1.0,1.0,1.0
409.5,1.0,1.0,1.0,1.0,1.0,1.0,1.0
409.55,1.0,1.0,1.0,1.0,1.0,1.0,1.0
409.6,1.0,1.0,1.0,1.0,1.0,1.0,1.0
409.65000000000003,1.0,1.0,1.0,1.0,1.0,1.0,1.0
409.70000000000005,1.0,1.0,1.0,1.0,1.0,1.0,1.0
409.75,1.0,1.0,1.0,1.0,1.0,1.0,1.0
409.8,1.0,1.0,1.0,1.0,1.0,1.0,1.0
409.85,1.0,1.0,1.0,1.0,1.0,1.0,1.0
409.90000000000003,1.0,1.0,1.0,1.0,1.0,1.0,1.0
409.95000000000005,1.0,1.0,1.0,1.0,1.0,1.0,1.0
410.0,1.0,1.0,1.0,1.0,1.0,1.0,1.0
410.05,1.0,1.0,1.0,1.0,1.0,1.0,1.0
410.1,1.0,1.0,1.0,1.0,1.0,1.0,1.0
410.15000000000003,1.0,1.0,1.0,1.0,1.0,1.0,1.0
410.20000000000005,1.0,1.0,1.0,1.0,1.0,1.0,1.0
410.25,1.0,1.0,1.0,1.0,1.0,1.0,1.0
410.3,1.0,1.0,1.0,1.0,1.0,1.0,1.0
410.35,1.0,1.0,1.0,1.0,1.0,1.0,1.0
410.40000000000003,1.0,1.0,1.0,1.0,1.0,1.0,1.0
410.45000000000005,1.0,1.0,1.0,1.0,1.0,1.0,1.0
410.5,1.0,1.0,1.0,1.0,1.0,1.0,1.0
410.55,1.0,1.0,1.0,1.0,1.0,1.0,1.0
410.6,1.0,1.0,1.0,1.0,1.0,1.0,1.0
410.65000000000003,1.0,1.0,1.0,1.0,1.0,1.0,1.0
410.70000000000005,1.0,1.0,1.0,1.0,1.0,1.0,1.0
410.75,1.0,1.0,1.0,1.0,1.0,1.0,1.0
410.8,1.0,1.0,1.0,1.0,1.0,1.0,1.0
410.85,1.0,1.0,1.0,1.0,1.0,1.0,1.0
410.90000000000003,1.0,1.0,1.0,1.0,1.0,1.0,1.0
410.95000000000005,1.0,1.0,1.0,1.0,1.0,1.0,1.0
411.0,1.0,1.0,1.0,1.0,1.0,1.0,1.0
411.05,1.0,1.0,1.0,1.0,1.0,1.0,1.0
411.1,1.0,1.0,1.0,1.0,1.0,1.0,1.0
411.15000000000003,1.0,1.0,1.0,1.0,1.0,1.0,1.0
411.20000000000005,1.0,1.0,1.0,1.0,1.0,1.0,1.0
411.25,1.0,1.0,1.0,1.0,1.0,1.0,1.0
411.3,1.0,1.0,1.0,1.0,1.0,1.0,1.0
411.35,1.0,1.0,1.0,1.0,1.0,1.0,1.0
411.40000000000003,1.0,1.0,1.0,1.0,1.0,1.0,1.0
411.45000000000005,1.0,1.0,1.0,1.0,1.0,1.0,1.0
411.5,1.0,1.0,1.0,1.0,1.0,1.0,1.0
411.55,1.0,1.0,1.0,1.0,1.0,1.0,1.0
411.6,1.0,1.0,1.0,1.0,1.0,1.0,1.0
411.65000000000003,1.0,1.0,1.0,1.0,1.0,1.0,1.0
411.70000000000005,1.0,1.0,1.0,1.0,1.0,1.0,1.0
411.75,1.0,1.0,1.0,1.0,1.0,1.0,1.0
411.8,1.0,1.0,1.0,1.0,1.0,1.0,1.0
411.85,1.0,1.0,1.0,1.0,1.0,1.0,1.0
411.90000000000003,1.0,1.0,1.0,1.0,1.0,1.0,1.0
411.95000000000005,1.0,1.0,1.0,1.0,1.0,1.0,1.0
412.0,1.0,1.0,1.0,1.0,1.0,1.0,1.0
412.05,1.0,1.0,1.0,1.0,1.0,1.0,1.0
412.1,1.0,1.0,1.0,1.0,1.0,1.0,1.0
412.15000000000003,1.0,1.0,1.0,1.0,1.0,1.0,1.0
412.20000000000005,1.0,1.0,1.0,1.0,1.0,1.0,1.0
412.25,1.0,1.0,1.0,1.0,1.0,1.0,1.0
412.3,1.0,1.0,1.0,1.0,1.0,1.0,1.0
412.35,1.0,1.0,1.0,1.0,1.0,1.0,1.0
412.40000000000003,1.0,1.0,1.0,1.0,1.0,1.0,1.0
412.45000000000005,1.0,1.0,1.0,1.0,1.0,1.0,1.0
412.5,1.0,1.0,1.0,1.0,1.0,1.0,1.0
412.55,1.0,1.0,1.0,1.0,1.0,1.0,1.0
412.6,1.0,1.0,1.0,1.0,1.0,1.0,1.0
412.65000000000003,1.0,1.0,1.0,1.0,1.0,1.0,1.0
412.70000000000005,1.0,1.0,1.0,1.0,1.0,1.0,1.0
412.75,1.0,1.0,1.0,1.0,1.0,1.0,1.0
412.8,1.0,1.0,1.0,1.0,1.0,1.0,1.0
412.85,1.0,1.0,1.0,1.0,1.0,1.0,1.0
412.90000000000003,1.0,1.0,1.0,1.0,1.0,1.0,1.0
412.95000000000005,1.0,1.0,1.0,1.0,1.0,1.0,1.0
413.0,1.0,1.0,1.0,1.0,1.0,1.0,1.0
413.05,1.0,1.0,1.0,1.0,1.0,1.0,1.0
413.1,1.0,1.0,1.0,1.0,1.0,1.0,1.0
413.15000000000003,1.0,1.0,1.0,1.0,1.0,1.0,1.0
413.20000000000005,1.0,1.0,1.0,1.0,1.0,1.0,1.0
413.25,1.0,1.0,1.0,1.0,1.0,1.0,1.0
413.3,1.0,1.0,1.0,1.0,1.0,1.0,1.0
413.35,1.0,1.0,1.0,1.0,1.0,1.0,1.0
413.40000000000003,1.0,1.0,1.0,1.0,1.0,1.0,1.0
413.45000000000005,1.0,1.0,1.0,1.0,1.0,1.0,1.0
413.5,1.0,1.0,1.0,1.0,1.0,1.0,1.0
413.55,1.0,1.0,1.0,1.0,1.0,1.0,1.0
413.6,1.0,1.0,1.0,1.0,1.0,1.0,1.0
413.65000000000003,1.0,1.0,1.0,1.0,1.0,1.0,1.0
413.70000000000005,1.0,1.0,1.0,1.0,1.0,1.0,1.0
413.75,1.0,1.0,1.0,1.0,1.0,1.0,1.0
413.8,1.0,1.0,1.0,1.0,1.0,1.0,1.0
413.85,1.0,1.0,1.0,1.0,1.0,1.0,1.0
413.90000000000003,1.0,1.0,1.0,1.0,1.0,1.0,1.0
413.95000000000005,1.0,1.0,1.0,1.0,1.0,1.0,1.0
414.0,1.0,1.0,1.0,1.0,1.0,1.0,1.0
414.05,1.0,1.0,1.0,1.0,1.0,1.0,1.0
414.1,1.0,1.0,1.0,1.0,1.0,1.0,1.0
414.15000000000003,1.0,1.0,1.0,1.0,1.0,1.0,1.0
414.20000000000005,1.0,1.0,1.0,1.0,1.0,1.0,1.0
414.25,1.0,1.0,1.0,1.0,1.0,1.0,1.0
414.3,1.0,1.0,1.0,1.0,1.0,1.0,1.0
414.35,1.0,1.0,1.0,1.0,1.0,1.0,1.0
414.40000000000003,1.0,1.0,1.0,1.0,1.0,1.0,1.0
414.45000000000005,1.0,1.0,1.0,1.0,1.0,1.0,1.0
414.5,1.0,1.0,1.0,1.0,1.0,1.0,1.0
414.55,1.0,1.0,1.0,1.0,1.0,1.0,1.0
414.6,1.0,1.0,1.0,1.0,1.0,1.0,1.0
414.65000000000003,1.0,1.0,1.0,1.0,1.0,1.0,1.0
414.70000000000005,1.0,1.0,1.0,1.0,1.0,1.0,1.0
414.75,1.0,1.0,1.0,1.0,1.0,1.0,1.0
414.8,1.0,1.0,1.0,1.0,1.0,1.0,1.0
414.85,1.0,1.0,1.0,1.0,1.0,1.0,1.0
414.90000000000003,1.0,1.0,1.0,1.0,1.0,1.0,1.0
414.95000000000005,1.0,1.0,1.0,1.0,1.0,1.0,1.0
415.0,1.0,1.0,1.0,1.0,1.0,1.0,1.0
415.05,1.0,1.0,1.0,1.0,1.0,1.0,1.0
415.1,1.0,1.0,1.0,1.0,1.0,1.0,1.0
415.15000000000003,1.0,1.0,1.0,1.0,1.0,1.0,1.0
415.20000000000005,1.0,1.0,1.0,1.0,1.0,1.0,1.0
415.25,1.0,1.0,1.0,1.0,1.0,1.0,1.0
415.3,1.0,1.0,1.0,1.0,1.0,1.0,1.0
415.35,1.0,1.0,1.0,1.0,1.0,1.0,1.0
415.40000000000003,1.0,1.0,1.0,1.0,1.0,1.0,1.0
415.45000000000005,1.0,1.0,1.0,1.0,1.0,1.0,1.0
415.5,1.0,1.0,1.0,1.0,1.0,1.0,1.0
415.55,1.0,1.0,1.0,1.0,1.0,1.0,1.0
415.6,1.0,1.0,1.0,1.0,1.0,1.0,1.0
415.65000000000003,1.0,1.0,1.0,1.0,1.0,1.0,1.0
415.70000000000005,1.0,1.0,1.0,1.0,1.0,1.0,1.0
415.75,1.0,1.0,1.0,1.0,1.0,1.0,1.0
415.8,1.0,1.0,1.0,1.0,1.0,1.0,1.0
415.85,1.0,1.0,1.0,1.0,1.0,1.0,1.0
415.90000000000003,1.0,1.0,1.0,1.0,1.0,1.0,1.0
415.95000000000005,1.0,1.0,1.0,1.0,1.0,1.0,1.0
416.0,1.0,1.0,1.0,1.0,1.0,1.0,1.0
416.05,1.0,1.0,1.0,1.0,1.0,1.0,1.0
416.1,1.0,1.0,1.0,1.0,1.0,1.0,1.0
416.15000000000003,1.0,1.0,1.0,1.0,1.0,1.0,1.0
416.20000000000005,1.0,1.0,1.0,1.0,1.0,1.0,1.0
416.25,1.0,1.0,1.0,1.0,1.0,1.0,1.0
416.3,1.0,1.0,1.0,1.0,1.0,1.0,1.0
416.35,1.0,1.0,1.0,1.0,1.0,1.0,1.0
416.40000000000003,1.0,1.0,1.0,1.0,1.0,1.0,1.0
416.45000000000005,1.0,1.0,1.0,1.0,1.0,1.0,1.0
416.5,1.0,1.0,1.0,1.0,1.0,1.0,1.0
416.55,1.0,1.0,1.0,1.0,1.0,1.0,1.0
416.6,1.0,1.0,1.0,1.0,1.0,1.0,1.0
416.65000000000003,1.0,1.0,1.0,1.0,1.0,1.0,1.0
416.70000000000005,1.0,1.0,1.0,1.0,1.0,1.0,1.0
416.75,1.0,1.0,1.0,1.0,1.0,1.0,1.0
416.8,1.0,1.0,1.0,1.0,1.0,1.0,1.0
416.85,1.0,1.0,1.0,1.0,1.0,1.0,1.0
416.90000000000003,1.0,1.0,1.0,1.0,1.0,1.0,1.0
416.95000000000005,1.0,1.0,1.0,1.0,1.0,1.0,1.0
417.0,1.0,1.0,1.0,1.0,1.0,1.0,1.0
417.05,1.0,1.0,1.0,1.0,1.0,1.0,1.0
417.1,1.0,1.0,1.0,1.0,1.0,1.0,1.0
417.15000000000003,1.0,1.0,1.0,1.0,1.0,1.0,1.0
417.20000000000005,1.0,1.0,1.0,1.0,1.0,1.0,1.0
417.25,1.0,1.0,1.0,1.0,1.0,1.0,1.0
417.3,1.0,1.0,1.0,1.0,1.0,1.0,1.0
417.35,1.0,1.0,1.0,1.0,1.0,1.0,1.0
417.40000000000003,1.0,1.0,1.0,1.0,1.0,1.0,1.0
417.45000000000005,1.0,1.0,1.0,1.0,1.0,1.0,1.0
417.5,1.0,1.0,1.0,1.0,1.0,1.0,1.0
417.55,1.0,1.0,1.0,1.0,1.0,1.0,1.0
417.6,1.0,1.0,1.0,1.0,1.0,1.0,1.0
417.65000000000003,1.0,1.0,1.0,1.0,1.0,1.0,1.0
417.70000000000005,1.0,1.0,1.0,1.0,1.0,1.0,1.0
417.75,1.0,1.0,1.0,1.0,1.0,1.0,1.0
417.8,1.0,1.0,1.0,1.0,1.0,1.0,1.0
417.85,1.0,1.0,1.0,1.0,1.0,1.0,1.0
417.90000000000003,1.0,1.0,1.0,1.0,1.0,1.0,1.0
417.95000000000005,1.0,1.0,1.0,1.0,1.0,1.0,1.0
418.0,1.0,1.0,1.0,1.0,1.0,1.0,1.0
418.05,1.0,1.0,1.0,1.0,1.0,1.0,1.0
418.1,1.0,1.0,1.0,1.0,1.0,1.0,1.0
418.15000000000003,1.0,1.0,1.0,1.0,1.0,1.0,1.0
418.20000000000005,1.0,1.0,1.0,1.0,1.0,1.0,1.0
418.25,1.0,1.0,1.0,1.0,1.0,1.0,1.0
418.3,1.0,1.0,1.0,1.0,1.0,1.0,1.0
418.35,1.0,1.0,1.0,1.0,1.0,1.0,1.0
418.40000000000003,1.0,1.0,1.0,1.0,1.0,1.0,1.0
418.45000000000005,1.0,1.0,1.0,1.0,1.0,1.0,1.0
418.5,1.0,1.0,1.0,1.0,1.0,1.0,1.0
418.55,1.0,1.0,1.0,1.0,1.0,1.0,1.0
418.6,1.0,1.0,1.0,1.0,1.0,1.0,1.0
418.65000000000003,1.0,1.0,1.0,1.0,1.0,1.0,1.0
418.70000000000005,1.0,1.0,1.0,1.0,1.0,1.0,1.0
418.75,1.0,1.0,1.0,1.0,1.0,1.0,1.0
418.8,1.0,1.0,1.0,1.0,1.0,1.0,1.0
418.85,1.0,1.0,1.0,1.0,1.0,1.0,1.0
418.90000000000003,1.0,1.0,1.0,1.0,1.0,1.0,1.0
418.95000000000005,1.0,1.0,1.0,1.0,1.0,1.0,1.0
419.0,1.0,1.0,1.0,1.0,1.0,1.0,1.0
419.05,1.0,1.0,1.0,1.0,1.0,1.0,1.0
419.1,1.0,1.0,1.0,1.0,1.0,1.0,1.0
419.15000000000003,1.0,1.0,1.0,1.0,1.0,1.0,1.0
419.20000000000005,1.0,1.0,1.0,1.0,1.0,1.0,1.0
419.25,1.0,1.0,1.0,1.0,1.0,1.0,1.0
419.3,1.0,1.0,1.0,1.0,1.0,1.0,1.0
419.35,1.0,1.0,1.0,1.0,1.0,1.0,1.0
419.40000000000003,1.0,1.0,1.0,1.0,1.0,1.0,1.0
419.45000000000005,1.0,1.0,1.0,1.0,1.0,1.0,1.0
419.5,1.0,1.0,1.0,1.0,1.0,1.0,1.0
419.55,1.0,1.0,1.0,1.0,1.0,1.0,1.0
419.6,1.0,1.0,1.0,1.0,1.0,1.0,1.0
419.65000000000003,1.0,1.0,1.0,1.0,1.0,1.0,1.0
419.70000000000005,1.0,1.0,1.0,1.0,1.0,1.0,1.0
419.75,1.0,1.0,1.0,1.0,1.0,1.0,1.0
419.8,1.0,1.0,1.0,1.0,1.0,1.0,1.0
419.85,1.0,1.0,1.0,1.0,1.0,1.0,1.0
419.90000000000003,1.0,1.0,1.0,1.0,1.0,1.0,1.0
419.95000000000005,1.0,1.0,1.0,1.0,1.0,1.0,1.0
420.0,1.0,1.0,1.0,1.0,1.0,1.0,1.0
420.05,1.0,1.0,1.0,1.0,1.0,1.0,1.0
420.1,1.0,1.0,1.0,1.0,1.0,1.0,1.0
420.15000000000003,1.0,1.0,1.0,1.0,1.0,1.0,1.0
420.20000000000005,1.0,1.0,1.0,1.0,1.0,1.0,1.0
420.25,1.0,1.0,1.0,1.0,1.0,1.0,1.0
420.3,1.0,1.0,1.0,1.0,1.0,1.0,1.0
420.35,1.0,1.0,1.0,1.0,1.0,1.0,1.0
420.40000000000003,1.0,1.0,1.0,1.0,1.0,1.0,1.0
420.45000000000005,1.0,1.0,1.0,1.0,1.0,1.0,1.0
420.5,1.0,1.0,1.0,1.0,1.0,1.0,1.0
420.55,1.0,1.0,1.0,1.0,1.0,1.0,1.0
420.6,1.0,1.0,1.0,1.0,1.0,1.0,1.0
420.65000000000003,1.0,1.0,1.0,1.0,1.0,1.0,1.0
420.70000000000005,1.0,1.0,1.0,1.0,1.0,1.0,1.0
420.75,1.0,1.0,1.0,1.0,1.0,1.0,1.0
420.8,1.0,1.0,1.0,1.0,1.0,1.0,1.0
420.85,1.0,1.0,1.0,1.0,1.0,1.0,1.0
420.90000000000003,1.0,1.0,1.0,1.0,1.0,1.0,1.0
420.95000000000005,1.0,1.0,1.0,1.0,1.0,1.0,1.0
421.0,1.0,1.0,1.0,1.0,1.0,1.0,1.0
421.05,1.0,1.0,1.0,1.0,1.0,1.0,1.0
421.1,1.0,1.0,1.0,1.0,1.0,1.0,1.0
421.15000000000003,1.0,1.0,1.0,1.0,1.0,1.0,1.0
421.20000000000005,1.0,1.0,1.0,1.0,1.0,1.0,1.0
421.25,1.0,1.0,1.0,1.0,1.0,1.0,1.0
421.3,1.0,1.0,1.0,1.0,1.0,1.0,1.0
421.35,1.0,1.0,1.0,1.0,1.0,1.0,1.0
421.40000000000003,1.0,1.0,1.0,1.0,1.0,1.0,1.0
421.45000000000005,1.0,1.0,1.0,1.0,1.0,1.0,1.0
421.5,1.0,1.0,1.0,1.0,1.0,1.0,1.0
421.55,1.0,1.0,1.0,1.0,1.0,1.0,1.0
421.6,1.0,1.0,1.0,1.0,1.0,1.0,1.0
421.65000000000003,1.0,1.0,1.0,1.0,1.0,1.0,1.0
421.70000000000005,1.0,1.0,1.0,1.0,1.0,1.0,1.0
421.75,1.0,1.0,1.0,1.0,1.0,1.0,1.0
421.8,1.0,1.0,1.0,1.0,1.0,1.0,1.0
421.85,1.0,1.0,1.0,1.0,1.0,1.0,1.0
421.90000000000003,1.0,1.0,1.0,1.0,1.0,1.0,1.0
421.95000000000005,1.0,1.0,1.0,1.0,1.0,1.0,1.0
422.0,1.0,1.0,1.0,1.0,1.0,1.0,1.0
422.05,1.0,1.0,1.0,1.0,1.0,1.0,1.0
422.1,1.0,1.0,1.0,1.0,1.0,1.0,1.0
422.15000000000003,1.0,1.0,1.0,1.0,1.0,1.0,1.0
422.20000000000005,1.0,1.0,1.0,1.0,1.0,1.0,1.0
422.25,1.0,1.0,1.0,1.0,1.0,1.0,1.0
422.3,1.0,1.0,1.0,1.0,1.0,1.0,1.0
422.35,1.0,1.0,1.0,1.0,1.0,1.0,1.0
422.40000000000003,1.0,1.0,1.0,1.0,1.0,1.0,1.0
422.45000000000005,1.0,1.0,1.0,1.0,1.0,1.0,1.0
422.5,1.0,1.0,1.0,1.0,1.0,1.0,1.0
422.55,1.0,1.0,1.0,1.0,1.0,1.0,1.0
422.6,1.0,1.0,1.0,1.0,1.0,1.0,1.0
422.65000000000003,1.0,1.0,1.0,1.0,1.0,1.0,1.0
422.70000000000005,1.0,1.0,1.0,1.0,1.0,1.0,1.0
422.75,1.0,1.0,1.0,1.0,1.0,1.0,1.0
422.8,1.0,1.0,1.0,1.0,1.0,1.0,1.0
422.85,1.0,1.0,1.0,1.0,1.0,1.0,1.0
422.90000000000003,1.0,1.0,1.0,1.0,1.0,1.0,1.0
422.95000000000005,1.0,1.0,1.0,1.0,1.0,1.0,1.0
423.0,1.0,1.0,1.0,1.0,1.0,1.0,1.0
423.05,1.0,1.0,1.0,1.0,1.0,1.0,1.0
423.1,1.0,1.0,1.0,1.0,1.0,1.0,1.0
423.15000000000003,1.0,1.0,1.0,1.0,1.0,1.0,1.0
423.20000000000005,1.0,1.0,1.0,1.0,1.0,1.0,1.0
423.25,1.0,1.0,1.0,1.0,1.0,1.0,1.0
423.3,1.0,1.0,1.0,1.0,1.0,1.0,1.0
423.35,1.0,1.0,1.0,1.0,1.0,1.0,1.0
423.40000000000003,1.0,1.0,1.0,1.0,1.0,1.0,1.0
423.45000000000005,1.0,1.0,1.0,1.0,1.0,1.0,1.0
423.5,1.0,1.0,1.0,1.0,1.0,1.0,1.0
423.55,1.0,1.0,1.0,1.0,1.0,1.0,1.0
423.6,1.0,1.0,1.0,1.0,1.0,1.0,1.0
423.65000000000003,1.0,1.0,1.0,1.0,1.0,1.0,1.0
423.70000000000005,1.0,1.0,1.0,1.0,1.0,1.0,1.0
423.75,1.0,1.0,1.0,1.0,1.0,1.0,1.0
423.8,1.0,1.0,1.0,1.0,1.0,1.0,1.0
423.85,1.0,1.0,1.0,1.0,1.0,1.0,1.0
423.90000000000003,1.0,1.0,1.0,1.0,1.0,1.0,1.0
423.95000000000005,1.0,1.0,1.0,1.0,1.0,1.0,1.0
424.0,1.0,1.0,1.0,1.0,1.0,1.0,1.0
424.05,1.0,1.0,1.0,1.0,1.0,1.0,1.0
424.1,1.0,1.0,1.0,1.0,1.0,1.0,1.0
424.15000000000003,1.0,1.0,1.0,1.0,1.0,1.0,1.0
424.20000000000005,1.0,1.0,1.0,1.0,1.0,1.0,1.0
424.25,1.0,1.0,1.0,1.0,1.0,1.0,1.0
424.3,1.0,1.0,1.0,1.0,1.0,1.0,1.0
424.35,1.0,1.0,1.0,1.0,1.0,1.0,1.0
424.40000000000003,1.0,1.0,1.0,1.0,1.0,1.0,1.0
424.45000000000005,1.0,1.0,1.0,1.0,1.0,1.0,1.0
424.5,1.0,1.0,1.0,1.0,1.0,1.0,1.0
424.55,1.0,1.0,1.0,1.0,1.0,1.0,1.0
424.6,1.0,1.0,1.0,1.0,1.0,1.0,1.0
424.65000000000003,1.0,1.0,1.0,1.0,1.0,1.0,1.0
424.70000000000005,1.0,1.0,1.0,1.0,1.0,1.0,1.0
424.75,1.0,1.0,1.0,1.0,1.0,1.0,1.0
424.8,1.0,1.0,1.0,1.0,1.0,1.0,1.0
424.85,1.0,1.0,1.0,1.0,1.0,1.0,1.0
424.90000000000003,1.0,1.0,1.0,1.0,1.0,1.0,1.0
424.95000000000005,1.0,1.0,1.0,1.0,1.0,1.0,1.0
425.0,1.0,1.0,1.0,1.0,1.0,1.0,1.0
425.05,1.0,1.0,1.0,1.0,1.0,1.0,1.0
425.1,1.0,1.0,1.0,1.0,1.0,1.0,1.0
425.15000000000003,1.0,1.0,1.0,1.0,1.0,1.0,1.0
425.20000000000005,1.0,1.0,1.0,1.0,1.0,1.0,1.0
425.25,1.0,1.0,1.0,1.0,1.0,1.0,1.0
425.3,1.0,1.0,1.0,1.0,1.0,1.0,1.0
425.35,1.0,1.0,1.0,1.0,1.0,1.0,1.0
425.40000000000003,1.0,1.0,1.0,1.0,1.0,1.0,1.0
425.45000000000005,1.0,1.0,1.0,1.0,1.0,1.0,1.0
425.5,1.0,1.0,1.0,1.0,1.0,1.0,1.0
425.55,1.0,1.0,1.0,1.0,1.0,1.0,1.0
425.6,1.0,1.0,1.0,1.0,1.0,1.0,1.0
425.65000000000003,1.0,1.0,1.0,1.0,1.0,1.0,1.0
425.70000000000005,1.0,1.0,1.0,1.0,1.0,1.0,1.0
425.75,1.0,1.0,1.0,1.0,1.0,1.0,1.0
425.8,1.0,1.0,1.0,1.0,1.0,1.0,1.0
425.85,1.0,1.0,1.0,1.0,1.0,1.0,1.0
425.90000000000003,1.0,1.0,1.0,1.0,1.0,1.0,1.0
425.95000000000005,1.0,1.0,1.0,1.0,1.0,1.0,1.0
426.0,1.0,1.0,1.0,1.0,1.0,1.0,1.0
426.05,1.0,1.0,1.0,1.0,1.0,1.0,1.0
426.1,1.0,1.0,1.0,1.0,1.0,1.0,1.0
426.15000000000003,1.0,1.0,1.0,1.0,1.0,1.0,1.0
426.20000000000005,1.0,1.0,1.0,1.0,1.0,1.0,1.0
426.25,1.0,1.0,1.0,1.0,1.0,1.0,1.0
426.3,1.0,1.0,1.0,1.0,1.0,1.0,1.0
426.35,1.0,1.0,1.0,1.0,1.0,1.0,1.0
426.40000000000003,1.0,1.0,1.0,1.0,1.0,1.0,1.0
426.45000000000005,1.0,1.0,1.0,1.0,1.0,1.0,1.0
426.5,1.0,1.0,1.0,1.0,1.0,1.0,1.0
426.55,1.0,1.0,1.0,1.0,1.0,1.0,1.0
426.6,1.0,1.0,1.0,1.0,1.0,1.0,1.0
426.65000000000003,1.0,1.0,1.0,1.0,1.0,1.0,1.0
426.70000000000005,1.0,1.0,1.0,1.0,1.0,1.0,1.0
426.75,1.0,1.0,1.0,1.0,1.0,1.0,1.0
426.8,1.0,1.0,1.0,1.0,1.0,1.0,1.0
426.85,1.0,1.0,1.0,1.0,1.0,1.0,1.0
426.90000000000003,1.0,1.0,1.0,1.0,1.0,1.0,1.0
426.95000000000005,1.0,1.0,1.0,1.0,1.0,1.0,1.0
427.0,1.0,1.0,1.0,1.0,1.0,1.0,1.0
427.05,1.0,1.0,1.0,1.0,1.0,1.0,1.0
427.1,1.0,1.0,1.0,1.0,1.0,1.0,1.0
427.15000000000003,1.0,1.0,1.0,1.0,1.0,1.0,1.0
427.20000000000005,1.0,1.0,1.0,1.0,1.0,1.0,1.0
427.25,1.0,1.0,1.0,1.0,1.0,1.0,1.0
427.3,1.0,1.0,1.0,1.0,1.0,1.0,1.0
427.35,1.0,1.0,1.0,1.0,1.0,1.0,1.0
427.40000000000003,1.0,1.0,1.0,1.0,1.0,1.0,1.0
427.45000000000005,1.0,1.0,1.0,1.0,1.0,1.0,1.0
427.5,1.0,1.0,1.0,1.0,1.0,1.0,1.0
427.55,1.0,1.0,1.0,1.0,1.0,1.0,1.0
427.6,1.0,1.0,1.0,1.0,1.0,1.0,1.0
427.65000000000003,1.0,1.0,1.0,1.0,1.0,1.0,1.0
427.70000000000005,1.0,1.0,1.0,1.0,1.0,1.0,1.0
427.75,1.0,1.0,1.0,1.0,1.0,1.0,1.0
427.8,1.0,1.0,1.0,1.0,1.0,1.0,1.0
427.85,1.0,1.0,1.0,1.0,1.0,1.0,1.0
427.90000000000003,1.0,1.0,1.0,1.0,1.0,1.0,1.0
427.95000000000005,1.0,1.0,1.0,1.0,1.0,1.0,1.0
428.0,1.0,1.0,1.0,1.0,1.0,1.0,1.0
428.05,1.0,1.0,1.0,1.0,1.0,1.0,1.0
428.1,1.0,1.0,1.0,1.0,1.0,1.0,1.0
428.15000000000003,1.0,1.0,1.0,1.0,1.0,1.0,1.0
428.20000000000005,1.0,1.0,1.0,1.0,1.0,1.0,1.0
428.25,1.0,1.0,1.0,1.0,1.0,1.0,1.0
428.3,1.0,1.0,1.0,1.0,1.0,1.0,1.0
428.35,1.0,1.0,1.0,1.0,1.0,1.0,1.0
428.40000000000003,1.0,1.0,1.0,1.0,1.0,1.0,1.0
428.45000000000005,1.0,1.0,1.0,1.0,1.0,1.0,1.0
428.5,1.0,1.0,1.0,1.0,1.0,1.0,1.0
428.55,1.0,1.0,1.0,1.0,1.0,1.0,1.0
428.6,1.0,1.0,1.0,1.0,1.0,1.0,1.0
428.65000000000003,1.0,1.0,1.0,1.0,1.0,1.0,1.0
428.70000000000005,1.0,1.0,1.0,1.0,1.0,1.0,1.0
428.75,1.0,1.0,1.0,1.0,1.0,1.0,1.0
428.8,1.0,1.0,1.0,1.0,1.0,1.0,1.0
428.85,1.0,1.0,1.0,1.0,1.0,1.0,1.0
428.90000000000003,1.0,1.0,1.0,1.0,1.0,1.0,1.0
428.95000000000005,1.0,1.0,1.0,1.0,1.0,1.0,1.0
429.0,1.0,1.0,1.0,1.0,1.0,1.0,1.0
429.05,1.0,1.0,1.0,1.0,1.0,1.0,1.0
429.1,1.0,1.0,1.0,1.0,1.0,1.0,1.0
429.15000000000003,1.0,1.0,1.0,1.0,1.0,1.0,1.0
429.20000000000005,1.0,1.0,1.0,1.0,1.0,1.0,1.0
429.25,1.0,1.0,1.0,1.0,1.0,1.0,1.0
429.3,1.0,1.0,1.0,1.0,1.0,1.0,1.0
429.35,1.0,1.0,1.0,1.0,1.0,1.0,1.0
429.40000000000003,1.0,1.0,1.0,1.0,1.0,1.0,1.0
429.45000000000005,1.0,1.0,1.0,1.0,1.0,1.0,1.0
429.5,1.0,1.0,1.0,1.0,1.0,1.0,1.0
429.55,1.0,1.0,1.0,1.0,1.0,1.0,1.0
429.6,1.0,1.0,1.0,1.0,1.0,1.0,1.0
429.65000000000003,1.0,1.0,1.0,1.0,1.0,1.0,1.0
429.70000000000005,1.0,1.0,1.0,1.0,1.0,1.0,1.0
429.75,1.0,1.0,1.0,1.0,1.0,1.0,1.0
429.8,1.0,1.0,1.0,1.0,1.0,1.0,1.0
429.85,1.0,1.0,1.0,1.0,1.0,1.0,1.0
429.90000000000003,1.0,1.0,1.0,1.0,1.0,1.0,1.0
429.95000000000005,1.0,1.0,1.0,1.0,1.0,1.0,1.0
430.0,1.0,1.0,1.0,1.0,1.0,1.0,1.0
430.05,1.0,1.0,1.0,1.0,1.0,1.0,1.0
430.1,1.0,1.0,1.0,1.0,1.0,1.0,1.0
430.15000000000003,1.0,1.0,1.0,1.0,1.0,1.0,1.0
430.20000000000005,1.0,1.0,1.0,1.0,1.0,1.0,1.0
430.25,1.0,1.0,1.0,1.0,1.0,1.0,1.0
430.3,1.0,1.0,1.0,1.0,1.0,1.0,1.0
430.35,1.0,1.0,1.0,1.0,1.0,1.0,1.0
430.40000000000003,1.0,1.0,1.0,1.0,1.0,1.0,1.0
430.45000000000005,1.0,1.0,1.0,1.0,1.0,1.0,1.0
430.5,1.0,1.0,1.0,1.0,1.0,1.0,1.0
430.55,1.0,1.0,1.0,1.0,1.0,1.0,1.0
430.6,1.0,1.0,1.0,1.0,1.0,1.0,1.0
430.65000000000003,1.0,1.0,1.0,1.0,1.0,1.0,1.0
430.70000000000005,1.0,1.0,1.0,1.0,1.0,1.0,1.0
430.75,1.0,1.0,1.0,1.0,1.0,1.0,1.0
430.8,1.0,1.0,1.0,1.0,1.0,1.0,1.0
430.85,1.0,1.0,1.0,1.0,1.0,1.0,1.0
430.90000000000003,1.0,1.0,1.0,1.0,1.0,1.0,1.0
430.95000000000005,1.0,1.0,1.0,1.0,1.0,1.0,1.0
431.0,1.0,1.0,1.0,1.0,1.0,1.0,1.0
431.05,1.0,1.0,1.0,1.0,1.0,1.0,1.0
431.1,1.0,1.0,1.0,1.0,1.0,1.0,1.0
431.15000000000003,1.0,1.0,1.0,1.0,1.0,1.0,1.0
431.20000000000005,1.0,1.0,1.0,1.0,1.0,1.0,1.0
431.25,1.0,1.0,1.0,1.0,1.0,1.0,1.0
431.3,1.0,1.0,1.0,1.0,1.0,1.0,1.0
431.35,1.0,1.0,1.0,1.0,1.0,1.0,1.0
431.40000000000003,1.0,1.0,1.0,1.0,1.0,1.0,1.0
431.45000000000005,1.0,1.0,1.0,1.0,1.0,1.0,1.0
431.5,1.0,1.0,1.0,1.0,1.0,1.0,1.0
431.55,1.0,1.0,1.0,1.0,1.0,1.0,1.0
431.6,1.0,1.0,1.0,1.0,1.0,1.0,1.0
431.65000000000003,1.0,1.0,1.0,1.0,1.0,1.0,1.0
431.70000000000005,1.0,1.0,1.0,1.0,1.0,1.0,1.0
431.75,1.0,1.0,1.0,1.0,1.0,1.0,1.0
431.8,1.0,1.0,1.0,1.0,1.0,1.0,1.0
431.85,1.0,1.0,1.0,1.0,1.0,1.0,1.0
431.90000000000003,1.0,1.0,1.0,1.0,1.0,1.0,1.0
431.95000000000005,1.0,1.0,1.0,1.0,1.0,1.0,1.0
432.0,1.0,1.0,1.0,1.0,1.0,1.0,1.0
432.05,1.0,1.0,1.0,1.0,1.0,1.0,1.0
432.1,1.0,1.0,1.0,1.0,1.0,1.0,1.0
432.15000000000003,1.0,1.0,1.0,1.0,1.0,1.0,1.0
432.20000000000005,1.0,1.0,1.0,1.0,1.0,1.0,1.0
432.25,1.0,1.0,1.0,1.0,1.0,1.0,1.0
432.3,1.0,1.0,1.0,1.0,1.0,1.0,1.0
432.35,1.0,1.0,1.0,1.0,1.0,1.0,1.0
432.40000000000003,1.0,1.0,1.0,1.0,1.0,1.0,1.0
432.45000000000005,1.0,1.0,1.0,1.0,1.0,1.0,1.0
432.5,1.0,1.0,1.0,1.0,1.0,1.0,1.0
432.55,1.0,1.0,1.0,1.0,1.0,1.0,1.0
432.6,1.0,1.0,1.0,1.0,1.0,1.0,1.0
432.65000000000003,1.0,1.0,1.0,1.0,1.0,1.0,1.0
432.70000000000005,1.0,1.0,1.0,1.0,1.0,1.0,1.0
432.75,1.0,1.0,1.0,1.0,1.0,1.0,1.0
432.8,1.0,1.0,1.0,1.0,1.0,1.0,1.0
432.85,1.0,1.0,1.0,1.0,1.0,1.0,1.0
432.90000000000003,1.0,1.0,1.0,1.0,1.0,1.0,1.0
432.95000000000005,1.0,1.0,1.0,1.0,1.0,1.0,1.0
433.0,1.0,1.0,1.0,1.0,1.0,1.0,1.0
433.05,1.0,1.0,1.0,1.0,1.0,1.0,1.0
433.1,1.0,1.0,1.0,1.0,1.0,1.0,1.0
433.15000000000003,1.0,1.0,1.0,1.0,1.0,1.0,1.0
433.20000000000005,1.0,1.0,1.0,1.0,1.0,1.0,1.0
433.25,1.0,1.0,1.0,1.0,1.0,1.0,1.0
433.3,1.0,1.0,1.0,1.0,1.0,1.0,1.0
433.35,1.0,1.0,1.0,1.0,1.0,1.0,1.0
433.40000000000003,1.0,1.0,1.0,1.0,1.0,1.0,1.0
433.45000000000005,1.0,1.0,1.0,1.0,1.0,1.0,1.0
433.5,1.0,1.0,1.0,1.0,1.0,1.0,1.0
433.55,1.0,1.0,1.0,1.0,1.0,1.0,1.0
433.6,1.0,1.0,1.0,1.0,1.0,1.0,1.0
433.65000000000003,1.0,1.0,1.0,1.0,1.0,1.0,1.0
433.70000000000005,1.0,1.0,1.0,1.0,1.0,1.0,1.0
433.75,1.0,1.0,1.0,1.0,1.0,1.0,1.0
433.8,1.0,1.0,1.0,1.0,1.0,1.0,1.0
433.85,1.0,1.0,1.0,1.0,1.0,1.0,1.0
433.90000000000003,1.0,1.0,1.0,1.0,1.0,1.0,1.0
433.95000000000005,1.0,1.0,1.0,1.0,1.0,1.0,1.0
434.0,1.0,1.0,1.0,1.0,1.0,1.0,1.0
434.05,1.0,1.0,1.0,1.0,1.0,1.0,1.0
434.1,1.0,1.0,1.0,1.0,1.0,1.0,1.0
434.15000000000003,1.0,1.0,1.0,1.0,1.0,1.0,1.0
434.20000000000005,1.0,1.0,1.0,1.0,1.0,1.0,1.0
434.25,1.0,1.0,1.0,1.0,1.0,1.0,1.0
434.3,1.0,1.0,1.0,1.0,1.0,1.0,1.0
434.35,1.0,1.0,1.0,1.0,1.0,1.0,1.0
434.40000000000003,1.0,1.0,1.0,1.0,1.0,1.0,1.0
434.45000000000005,1.0,1.0,1.0,1.0,1.0,1.0,1.0
434.5,1.0,1.0,1.0,1.0,1.0,1.0,1.0
434.55,1.0,1.0,1.0,1.0,1.0,1.0,1.0
434.6,1.0,1.0,1.0,1.0,1.0,1.0,1.0
434.65000000000003,1.0,1.0,1.0,1.0,1.0,1.0,1.0
434.70000000000005,1.0,1.0,1.0,1.0,1.0,1.0,1.0
434.75,1.0,1.0,1.0,1.0,1.0,1.0,1.0
434.8,1.0,1.0,1.0,1.0,1.0,1.0,1.0
434.85,1.0,1.0,1.0,1.0,1.0,1.0,1.0
434.90000000000003,1.0,1.0,1.0,1.0,1.0,1.0,1.0
434.95000000000005,1.0,1.0,1.0,1.0,1.0,1.0,1.0
435.0,1.0,1.0,1.0,1.0,1.0,1.0,1.0
435.05,1.0,1.0,1.0,1.0,1.0,1.0,1.0
435.1,1.0,1.0,1.0,1.0,1.0,1.0,1.0
435.15000000000003,1.0,1.0,1.0,1.0,1.0,1.0,1.0
435.20000000000005,1.0,1.0,1.0,1.0,1.0,1.0,1.0
435.25,1.0,1.0,1.0,1.0,1.0,1.0,1.0
435.3,1.0,1.0,1.0,1.0,1.0,1.0,1.0
435.35,1.0,1.0,1.0,1.0,1.0,1.0,1.0
435.40000000000003,1.0,1.0,1.0,1.0,1.0,1.0,1.0
435.45000000000005,1.0,1.0,1.0,1.0,1.0,1.0,1.0
435.5,1.0,1.0,1.0,1.0,1.0,1.0,1.0
435.55,1.0,1.0,1.0,1.0,1.0,1.0,1.0
435.6,1.0,1.0,1.0,1.0,1.0,1.0,1.0
435.65000000000003,1.0,1.0,1.0,1.0,1.0,1.0,1.0
435.70000000000005,1.0,1.0,1.0,1.0,1.0,1.0,1.0
435.75,1.0,1.0,1.0,1.0,1.0,1.0,1.0
435.8,1.0,1.0,1.0,1.0,1.0,1.0,1.0
435.85,1.0,1.0,1.0,1.0,1.0,1.0,1.0
435.90000000000003,1.0,1.0,1.0,1.0,1.0,1.0,1.0
435.95000000000005,1.0,1.0,1.0,1.0,1.0,1.0,1.0
436.0,1.0,1.0,1.0,1.0,1.0,1.0,1.0
436.05,1.0,1.0,1.0,1.0,1.0,1.0,1.0
436.1,1.0,1.0,1.0,1.0,1.0,1.0,1.0
436.15000000000003,1.0,1.0,1.0,1.0,1.0,1.0,1.0
436.20000000000005,1.0,1.0,1.0,1.0,1.0,1.0,1.0
436.25,1.0,1.0,1.0,1.0,1.0,1.0,1.0
436.3,1.0,1.0,1.0,1.0,1.0,1.0,1.0
436.35,1.0,1.0,1.0,1.0,1.0,1.0,1.0
436.40000000000003,1.0,1.0,1.0,1.0,1.0,1.0,1.0
436.45000000000005,1.0,1.0,1.0,1.0,1.0,1.0,1.0
436.5,1.0,1.0,1.0,1.0,1.0,1.0,1.0
436.55,1.0,1.0,1.0,1.0,1.0,1.0,1.0
436.6,1.0,1.0,1.0,1.0,1.0,1.0,1.0
436.65000000000003,1.0,1.0,1.0,1.0,1.0,1.0,1.0
436.70000000000005,1.0,1.0,1.0,1.0,1.0,1.0,1.0
436.75,1.0,1.0,1.0,1.0,1.0,1.0,1.0
436.8,1.0,1.0,1.0,1.0,1.0,1.0,1.0
436.85,1.0,1.0,1.0,1.0,1.0,1.0,1.0
436.90000000000003,1.0,1.0,1.0,1.0,1.0,1.0,1.0
436.95000000000005,1.0,1.0,1.0,1.0,1.0,1.0,1.0
437.0,1.0,1.0,1.0,1.0,1.0,1.0,1.0
437.05,1.0,1.0,1.0,1.0,1.0,1.0,1.0
437.1,1.0,1.0,1.0,1.0,1.0,1.0,1.0
437.15000000000003,1.0,1.0,1.0,1.0,1.0,1.0,1.0
437.20000000000005,1.0,1.0,1.0,1.0,1.0,1.0,1.0
437.25,1.0,1.0,1.0,1.0,1.0,1.0,1.0
437.3,1.0,1.0,1.0,1.0,1.0,1.0,1.0
437.35,1.0,1.0,1.0,1.0,1.0,1.0,1.0
437.40000000000003,1.0,1.0,1.0,1.0,1.0,1.0,1.0
437.45000000000005,1.0,1.0,1.0,1.0,1.0,1.0,1.0
437.5,1.0,1.0,1.0,1.0,1.0,1.0,1.0
437.55,1.0,1.0,1.0,1.0,1.0,1.0,1.0
437.6,1.0,1.0,1.0,1.0,1.0,1.0,1.0
437.65000000000003,1.0,1.0,1.0,1.0,1.0,1.0,1.0
437.70000000000005,1.0,1.0,1.0,1.0,1.0,1.0,1.0
437.75,1.0,1.0,1.0,1.0,1.0,1.0,1.0
437.8,1.0,1.0,1.0,1.0,1.0,1.0,1.0
437.85,1.0,1.0,1.0,1.0,1.0,1.0,1.0
437.90000000000003,1.0,1.0,1.0,1.0,1.0,1.0,1.0
437.95000000000005,1.0,1.0,1.0,1.0,1.0,1.0,1.0
438.0,1.0,1.0,1.0,1.0,1.0,1.0,1.0
438.05,1.0,1.0,1.0,1.0,1.0,1.0,1.0
438.1,1.0,1.0,1.0,1.0,1.0,1.0,1.0
438.15000000000003,1.0,1.0,1.0,1.0,1.0,1.0,1.0
438.20000000000005,1.0,1.0,1.0,1.0,1.0,1.0,1.0
438.25,1.0,1.0,1.0,1.0,1.0,1.0,1.0
438.3,1.0,1.0,1.0,1.0,1.0,1.0,1.0
438.35,1.0,1.0,1.0,1.0,1.0,1.0,1.0
438.40000000000003,1.0,1.0,1.0,1.0,1.0,1.0,1.0
438.45000000000005,1.0,1.0,1.0,1.0,1.0,1.0,1.0
438.5,1.0,1.0,1.0,1.0,1.0,1.0,1.0
438.55,1.0,1.0,1.0,1.0,1.0,1.0,1.0
438.6,1.0,1.0,1.0,1.0,1.0,1.0,1.0
438.65000000000003,1.0,1.0,1.0,1.0,1.0,1.0,1.0
438.70000000000005,1.0,1.0,1.0,1.0,1.0,1.0,1.0
438.75,1.0,1.0,1.0,1.0,1.0,1.0,1.0
438.8,1.0,1.0,1.0,1.0,1.0,1.0,1.0
438.85,1.0,1.0,1.0,1.0,1.0,1.0,1.0
438.90000000000003,1.0,1.0,1.0,1.0,1.0,1.0,1.0
438.95000000000005,1.0,1.0,1.0,1.0,1.0,1.0,1.0
439.0,1.0,1.0,1.0,1.0,1.0,1.0,1.0
439.05,1.0,1.0,1.0,1.0,1.0,1.0,1.0
439.1,1.0,1.0,1.0,1.0,1.0,1.0,1.0
439.15000000000003,1.0,1.0,1.0,1.0,1.0,1.0,1.0
439.20000000000005,1.0,1.0,1.0,1.0,1.0,1.0,1.0
439.25,1.0,1.0,1.0,1.0,1.0,1.0,1.0
439.3,1.0,1.0,1.0,1.0,1.0,1.0,1.0
439.35,1.0,1.0,1.0,1.0,1.0,1.0,1.0
439.40000000000003,1.0,1.0,1.0,1.0,1.0,1.0,1.0
439.45000000000005,1.0,1.0,1.0,1.0,1.0,1.0,1.0
439.5,1.0,1.0,1.0,1.0,1.0,1.0,1.0
439.55,1.0,1.0,1.0,1.0,1.0,1.0,1.0
439.6,1.0,1.0,1.0,1.0,1.0,1.0,1.0
439.65000000000003,1.0,1.0,1.0,1.0,1.0,1.0,1.0
439.70000000000005,1.0,1.0,1.0,1.0,1.0,1.0,1.0
439.75,1.0,1.0,1.0,1.0,1.0,1.0,1.0
439.8,1.0,1.0,1.0,1.0,1.0,1.0,1.0
439.85,1.0,1.0,1.0,1.0,1.0,1.0,1.0
439.90000000000003,1.0,1.0,1.0,1.0,1.0,1.0,1.0
439.95000000000005,1.0,1.0,1.0,1.0,1.0,1.0,1.0
440.0,1.0,1.0,1.0,1.0,1.0,1.0,1.0
440.05,1.0,1.0,1.0,1.0,1.0,1.0,1.0
440.1,1.0,1.0,1.0,1.0,1.0,1.0,1.0
440.15000000000003,1.0,1.0,1.0,1.0,1.0,1.0,1.0
440.20000000000005,1.0,1.0,1.0,1.0,1.0,1.0,1.0
440.25,1.0,1.0,1.0,1.0,1.0,1.0,1.0
440.3,1.0,1.0,1.0,1.0,1.0,1.0,1.0
440.35,1.0,1.0,1.0,1.0,1.0,1.0,1.0
440.40000000000003,1.0,1.0,1.0,1.0,1.0,1.0,1.0
440.45000000000005,1.0,1.0,1.0,1.0,1.0,1.0,1.0
440.5,1.0,1.0,1.0,1.0,1.0,1.0,1.0
440.55,1.0,1.0,1.0,1.0,1.0,1.0,1.0
440.6,1.0,1.0,1.0,1.0,1.0,1.0,1.0
440.65000000000003,1.0,1.0,1.0,1.0,1.0,1.0,1.0
440.70000000000005,1.0,1.0,1.0,1.0,1.0,1.0,1.0
440.75,1.0,1.0,1.0,1.0,1.0,1.0,1.0
440.8,1.0,1.0,1.0,1.0,1.0,1.0,1.0
440.85,1.0,1.0,1.0,1.0,1.0,1.0,1.0
440.90000000000003,1.0,1.0,1.0,1.0,1.0,1.0,1.0
440.95000000000005,1.0,1.0,1.0,1.0,1.0,1.0,1.0
441.0,1.0,1.0,1.0,1.0,1.0,1.0,1.0
441.05,1.0,1.0,1.0,1.0,1.0,1.0,1.0
441.1,1.0,1.0,1.0,1.0,1.0,1.0,1.0
441.15000000000003,1.0,1.0,1.0,1.0,1.0,1.0,1.0
441.20000000000005,1.0,1.0,1.0,1.0,1.0,1.0,1.0
441.25,1.0,1.0,1.0,1.0,1.0,1.0,1.0
441.3,1.0,1.0,1.0,1.0,1.0,1.0,1.0
441.35,1.0,1.0,1.0,1.0,1.0,1.0,1.0
441.40000000000003,1.0,1.0,1.0,1.0,1.0,1.0,1.0
441.45000000000005,1.0,1.0,1.0,1.0,1.0,1.0,1.0
441.5,1.0,1.0,1.0,1.0,1.0,1.0,1.0
441.55,1.0,1.0,1.0,1.0,1.0,1.0,1.0
441.6,1.0,1.0,1.0,1.0,1.0,1.0,1.0
441.65000000000003,1.0,1.0,1.0,1.0,1.0,1.0,1.0
441.70000000000005,1.0,1.0,1.0,1.0,1.0,1.0,1.0
441.75,1.0,1.0,1.0,1.0,1.0,1.0,1.0
441.8,1.0,1.0,1.0,1.0,1.0,1.0,1.0
441.85,1.0,1.0,1.0,1.0,1.0,1.0,1.0
441.90000000000003,1.0,1.0,1.0,1.0,1.0,1.0,1.0
441.95000000000005,1.0,1.0,1.0,1.0,1.0,1.0,1.0
442.0,1.0,1.0,1.0,1.0,1.0,1.0,1.0
442.05,1.0,1.0,1.0,1.0,1.0,1.0,1.0
442.1,1.0,1.0,1.0,1.0,1.0,1.0,1.0
442.15000000000003,1.0,1.0,1.0,1.0,1.0,1.0,1.0
442.20000000000005,1.0,1.0,1.0,1.0,1.0,1.0,1.0
442.25,1.0,1.0,1.0,1.0,1.0,1.0,1.0
442.3,1.0,1.0,1.0,1.0,1.0,1.0,1.0
442.35,1.0,1.0,1.0,1.0,1.0,1.0,1.0
442.40000000000003,1.0,1.0,1.0,1.0,1.0,1.0,1.0
442.45000000000005,1.0,1.0,1.0,1.0,1.0,1.0,1.0
442.5,1.0,1.0,1.0,1.0,1.0,1.0,1.0
442.55,1.0,1.0,1.0,1.0,1.0,1.0,1.0
442.6,1.0,1.0,1.0,1.0,1.0,1.0,1.0
442.65000000000003,1.0,1.0,1.0,1.0,1.0,1.0,1.0
442.70000000000005,1.0,1.0,1.0,1.0,1.0,1.0,1.0
442.75,1.0,1.0,1.0,1.0,1.0,1.0,1.0
442.8,1.0,1.0,1.0,1.0,1.0,1.0,1.0
442.85,1.0,1.0,1.0,1.0,1.0,1.0,1.0
442.90000000000003,1.0,1.0,1.0,1.0,1.0,1.0,1.0
442.95000000000005,1.0,1.0,1.0,1.0,1.0,1.0,1.0
443.0,1.0,1.0,1.0,1.0,1.0,1.0,1.0
443.05,1.0,1.0,1.0,1.0,1.0,1.0,1.0
443.1,1.0,1.0,1.0,1.0,1.0,1.0,1.0
443.15000000000003,1.0,1.0,1.0,1.0,1.0,1.0,1.0
443.20000000000005,1.0,1.0,1.0,1.0,1.0,1.0,1.0
443.25,1.0,1.0,1.0,1.0,1.0,1.0,1.0
443.3,1.0,1.0,1.0,1.0,1.0,1.0,1.0
443.35,1.0,1.0,1.0,1.0,1.0,1.0,1.0
443.40000000000003,1.0,1.0,1.0,1.0,1.0,1.0,1.0
443.45000000000005,1.0,1.0,1.0,1.0,1.0,1.0,1.0
443.5,1.0,1.0,1.0,1.0,1.0,1.0,1.0
443.55,1.0,1.0,1.0,1.0,1.0,1.0,1.0
443.6,1.0,1.0,1.0,1.0,1.0,1.0,1.0
443.65000000000003,1.0,1.0,1.0,1.0,1.0,1.0,1.0
443.70000000000005,1.0,1.0,1.0,1.0,1.0,1.0,1.0
443.75,1.0,1.0,1.0,1.0,1.0,1.0,1.0
443.8,1.0,1.0,1.0,1.0,1.0,1.0,1.0
443.85,1.0,1.0,1.0,1.0,1.0,1.0,1.0
443.90000000000003,1.0,1.0,1.0,1.0,1.0,1.0,1.0
443.95000000000005,1.0,1.0,1.0,1.0,1.0,1.0,1.0
444.0,1.0,1.0,1.0,1.0,1.0,1.0,1.0
444.05,1.0,1.0,1.0,1.0,1.0,1.0,1.0
444.1,1.0,1.0,1.0,1.0,1.0,1.0,1.0
444.15000000000003,1.0,1.0,1.0,1.0,1.0,1.0,1.0
444.20000000000005,1.0,1.0,1.0,1.0,1.0,1.0,1.0
444.25,1.0,1.0,1.0,1.0,1.0,1.0,1.0
444.3,1.0,1.0,1.0,1.0,1.0,1.0,1.0
444.35,1.0,1.0,1.0,1.0,1.0,1.0,1.0
444.40000000000003,1.0,1.0,1.0,1.0,1.0,1.0,1.0
444.45000000000005,1.0,1.0,1.0,1.0,1.0,1.0,1.0
444.5,1.0,1.0,1.0,1.0,1.0,1.0,1.0
444.55,1.0,1.0,1.0,1.0,1.0,1.0,1.0
444.6,1.0,1.0,1.0,1.0,1.0,1.0,1.0
444.65000000000003,1.0,1.0,1.0,1.0,1.0,1.0,1.0
444.70000000000005,1.0,1.0,1.0,1.0,1.0,1.0,1.0
444.75,1.0,1.0,1.0,1.0,1.0,1.0,1.0
444.8,1.0,1.0,1.0,1.0,1.0,1.0,1.0
444.85,1.0,1.0,1.0,1.0,1.0,1.0,1.0
444.90000000000003,1.0,1.0,1.0,1.0,1.0,1.0,1.0
444.95000000000005,1.0,1.0,1.0,1.0,1.0,1.0,1.0
445.0,1.0,1.0,1.0,1.0,1.0,1.0,1.0
445.05,1.0,1.0,1.0,1.0,1.0,1.0,1.0
445.1,1.0,1.0,1.0,1.0,1.0,1.0,1.0
445.15000000000003,1.0,1.0,1.0,1.0,1.0,1.0,1.0
445.20000000000005,1.0,1.0,1.0,1.0,1.0,1.0,1.0
445.25,1.0,1.0,1.0,1.0,1.0,1.0,1.0
445.3,1.0,1.0,1.0,1.0,1.0,1.0,1.0
445.35,1.0,1.0,1.0,1.0,1.0,1.0,1.0
445.40000000000003,1.0,1.0,1.0,1.0,1.0,1.0,1.0
445.45000000000005,1.0,1.0,1.0,1.0,1.0,1.0,1.0
445.5,1.0,1.0,1.0,1.0,1.0,1.0,1.0
445.55,1.0,1.0,1.0,1.0,1.0,1.0,1.0
445.6,1.0,1.0,1.0,1.0,1.0,1.0,1.0
445.65000000000003,1.0,1.0,1.0,1.0,1.0,1.0,1.0
445.70000000000005,1.0,1.0,1.0,1.0,1.0,1.0,1.0
445.75,1.0,1.0,1.0,1.0,1.0,1.0,1.0
445.8,1.0,1.0,1.0,1.0,1.0,1.0,1.0
445.85,1.0,1.0,1.0,1.0,1.0,1.0,1.0
445.90000000000003,1.0,1.0,1.0,1.0,1.0,1.0,1.0
445.95000000000005,1.0,1.0,1.0,1.0,1.0,1.0,1.0
446.0,1.0,1.0,1.0,1.0,1.0,1.0,1.0
446.05,1.0,1.0,1.0,1.0,1.0,1.0,1.0
446.1,1.0,1.0,1.0,1.0,1.0,1.0,1.0
446.15000000000003,1.0,1.0,1.0,1.0,1.0,1.0,1.0
446.20000000000005,1.0,1.0,1.0,1.0,1.0,1.0,1.0
446.25,1.0,1.0,1.0,1.0,1.0,1.0,1.0
446.3,1.0,1.0,1.0,1.0,1.0,1.0,1.0
446.35,1.0,1.0,1.0,1.0,1.0,1.0,1.0
446.40000000000003,1.0,1.0,1.0,1.0,1.0,1.0,1.0
446.45000000000005,1.0,1.0,1.0,1.0,1.0,1.0,1.0
446.5,1.0,1.0,1.0,1.0,1.0,1.0,1.0
446.55,1.0,1.0,1.0,1.0,1.0,1.0,1.0
446.6,1.0,1.0,1.0,1.0,1.0,1.0,1.0
446.65000000000003,1.0,1.0,1.0,1.0,1.0,1.0,1.0
446.70000000000005,1.0,1.0,1.0,1.0,1.0,1.0,1.0
446.75,1.0,1.0,1.0,1.0,1.0,1.0,1.0
446.8,1.0,1.0,1.0,1.0,1.0,1.0,1.0
446.85,1.0,1.0,1.0,1.0,1.0,1.0,1.0
446.90000000000003,1.0,1.0,1.0,1.0,1.0,1.0,1.0
446.95000000000005,1.0,1.0,1.0,1.0,1.0,1.0,1.0
447.0,1.0,1.0,1.0,1.0,1.0,1.0,1.0
447.05,1.0,1.0,1.0,1.0,1.0,1.0,1.0
447.1,1.0,1.0,1.0,1.0,1.0,1.0,1.0
447.15000000000003,1.0,1.0,1.0,1.0,1.0,1.0,1.0
447.20000000000005,1.0,1.0,1.0,1.0,1.0,1.0,1.0
447.25,1.0,1.0,1.0,1.0,1.0,1.0,1.0
447.3,1.0,1.0,1.0,1.0,1.0,1.0,1.0
447.35,1.0,1.0,1.0,1.0,1.0,1.0,1.0
447.40000000000003,1.0,1.0,1.0,1.0,1.0,1.0,1.0
447.45000000000005,1.0,1.0,1.0,1.0,1.0,1.0,1.0
447.5,1.0,1.0,1.0,1.0,1.0,1.0,1.0
447.55,1.0,1.0,1.0,1.0,1.0,1.0,1.0
447.6,1.0,1.0,1.0,1.0,1.0,1.0,1.0
447.65000000000003,1.0,1.0,1.0,1.0,1.0,1.0,1.0
447.70000000000005,1.0,1.0,1.0,1.0,1.0,1.0,1.0
447.75,1.0,1.0,1.0,1.0,1.0,1.0,1.0
447.8,1.0,1.0,1.0,1.0,1.0,1.0,1.0
447.85,1.0,1.0,1.0,1.0,1.0,1.0,1.0
447.90000000000003,1.0,1.0,1.0,1.0,1.0,1.0,1.0
447.95000000000005,1.0,1.0,1.0,1.0,1.0,1.0,1.0
448.0,1.0,1.0,1.0,1.0,1.0,1.0,1.0
448.05,1.0,1.0,1.0,1.0,1.0,1.0,1.0
448.1,1.0,1.0,1.0,1.0,1.0,1.0,1.0
448.15000000000003,1.0,1.0,1.0,1.0,1.0,1.0,1.0
448.20000000000005,1.0,1.0,1.0,1.0,1.0,1.0,1.0
448.25,1.0,1.0,1.0,1.0,1.0,1.0,1.0
448.3,1.0,1.0,1.0,1.0,1.0,1.0,1.0
448.35,1.0,1.0,1.0,1.0,1.0,1.0,1.0
448.40000000000003,1.0,1.0,1.0,1.0,1.0,1.0,1.0
448.45000000000005,1.0,1.0,1.0,1.0,1.0,1.0,1.0
448.5,1.0,1.0,1.0,1.0,1.0,1.0,1.0
448.55,1.0,1.0,1.0,1.0,1.0,1.0,1.0
448.6,1.0,1.0,1.0,1.0,1.0,1.0,1.0
448.65000000000003,1.0,1.0,1.0,1.0,1.0,1.0,1.0
448.70000000000005,1.0,1.0,1.0,1.0,1.0,1.0,1.0
448.75,1.0,1.0,1.0,1.0,1.0,1.0,1.0
448.8,1.0,1.0,1.0,1.0,1.0,1.0,1.0
448.85,1.0,1.0,1.0,1.0,1.0,1.0,1.0
448.90000000000003,1.0,1.0,1.0,1.0,1.0,1.0,1.0
448.95000000000005,1.0,1.0,1.0,1.0,1.0,1.0,1.0
449.0,1.0,1.0,1.0,1.0,1.0,1.0,1.0
449.05,1.0,1.0,1.0,1.0,1.0,1.0,1.0
449.1,1.0,1.0,1.0,1.0,1.0,1.0,1.0
449.15000000000003,1.0,1.0,1.0,1.0,1.0,1.0,1.0
449.20000000000005,1.0,1.0,1.0,1.0,1.0,1.0,1.0
449.25,1.0,1.0,1.0,1.0,1.0,1.0,1.0
449.3,1.0,1.0,1.0,1.0,1.0,1.0,1.0
449.35,1.0,1.0,1.0,1.0,1.0,1.0,1.0
449.40000000000003,1.0,1.0,1.0,1.0,1.0,1.0,1.0
449.45000000000005,1.0,1.0,1.0,1.0,1.0,1.0,1.0
449.5,1.0,1.0,1.0,1.0,1.0,1.0,1.0
449.55,1.0,1.0,1.0,1.0,1.0,1.0,1.0
449.6,1.0,1.0,1.0,1.0,1.0,1.0,1.0
449.65000000000003,1.0,1.0,1.0,1.0,1.0,1.0,1.0
449.70000000000005,1.0,1.0,1.0,1.0,1.0,1.0,1.0
449.75,1.0,1.0,1.0,1.0,1.0,1.0,1.0
449.8,1.0,1.0,1.0,1.0,1.0,1.0,1.0
449.85,1.0,1.0,1.0,1.0,1.0,1.0,1.0
449.90000000000003,1.0,1.0,1.0,1.0,1.0,1.0,1.0
449.95000000000005,1.0,1.0,1.0,1.0,1.0,1.0,1.0
450.0,1.0,1.0,1.0,1.0,1.0,1.0,1.0
450.05,1.0,1.0,1.0,1.0,1.0,1.0,1.0
450.1,1.0,1.0,1.0,1.0,1.0,1.0,1.0
450.15000000000003,1.0,1.0,1.0,1.0,1.0,1.0,1.0
450.20000000000005,1.0,1.0,1.0,1.0,1.0,1.0,1.0
450.25,1.0,1.0,1.0,1.0,1.0,1.0,1.0
450.3,1.0,1.0,1.0,1.0,1.0,1.0,1.0
450.35,1.0,1.0,1.0,1.0,1.0,1.0,1.0
450.40000000000003,1.0,1.0,1.0,1.0,1.0,1.0,1.0
450.45000000000005,1.0,1.0,1.0,1.0,1.0,1.0,1.0
450.5,1.0,1.0,1.0,1.0,1.0,1.0,1.0
450.55,1.0,1.0,1.0,1.0,1.0,1.0,1.0
450.6,1.0,1.0,1.0,1.0,1.0,1.0,1.0
450.65000000000003,1.0,1.0,1.0,1.0,1.0,1.0,1.0
450.70000000000005,1.0,1.0,1.0,1.0,1.0,1.0,1.0
450.75,1.0,1.0,1.0,1.0,1.0,1.0,1.0
450.8,1.0,1.0,1.0,1.0,1.0,1.0,1.0
450.85,1.0,1.0,1.0,1.0,1.0,1.0,1.0
450.90000000000003,1.0,1.0,1.0,1.0,1.0,1.0,1.0
450.95000000000005,1.0,1.0,1.0,1.0,1.0,1.0,1.0
451.0,1.0,1.0,1.0,1.0,1.0,1.0,1.0
451.05,1.0,1.0,1.0,1.0,1.0,1.0,1.0
451.1,1.0,1.0,1.0,1.0,1.0,1.0,1.0
451.15000000000003,1.0,1.0,1.0,1.0,1.0,1.0,1.0
451.20000000000005,1.0,1.0,1.0,1.0,1.0,1.0,1.0
451.25,1.0,1.0,1.0,1.0,1.0,1.0,1.0
451.3,1.0,1.0,1.0,1.0,1.0,1.0,1.0
451.35,1.0,1.0,1.0,1.0,1.0,1.0,1.0
451.40000000000003,1.0,1.0,1.0,1.0,1.0,1.0,1.0
451.45000000000005,1.0,1.0,1.0,1.0,1.0,1.0,1.0
451.5,1.0,1.0,1.0,1.0,1.0,1.0,1.0
451.55,1.0,1.0,1.0,1.0,1.0,1.0,1.0
451.6,1.0,1.0,1.0,1.0,1.0,1.0,1.0
451.65000000000003,1.0,1.0,1.0,1.0,1.0,1.0,1.0
451.70000000000005,1.0,1.0,1.0,1.0,1.0,1.0,1.0
451.75,1.0,1.0,1.0,1.0,1.0,1.0,1.0
451.8,1.0,1.0,1.0,1.0,1.0,1.0,1.0
451.85,1.0,1.0,1.0,1.0,1.0,1.0,1.0
451.90000000000003,1.0,1.0,1.0,1.0,1.0,1.0,1.0
451.95000000000005,1.0,1.0,1.0,1.0,1.0,1.0,1.0
452.0,1.0,1.0,1.0,1.0,1.0,1.0,1.0
452.05,1.0,1.0,1.0,1.0,1.0,1.0,1.0
452.1,1.0,1.0,1.0,1.0,1.0,1.0,1.0
452.15000000000003,1.0,1.0,1.0,1.0,1.0,1.0,1.0
452.20000000000005,1.0,1.0,1.0,1.0,1.0,1.0,1.0
452.25,1.0,1.0,1.0,1.0,1.0,1.0,1.0
452.3,1.0,1.0,1.0,1.0,1.0,1.0,1.0
452.35,1.0,1.0,1.0,1.0,1.0,1.0,1.0
452.40000000000003,1.0,1.0,1.0,1.0,1.0,1.0,1.0
452.45000000000005,1.0,1.0,1.0,1.0,1.0,1.0,1.0
452.5,1.0,1.0,1.0,1.0,1.0,1.0,1.0
452.55,1.0,1.0,1.0,1.0,1.0,1.0,1.0
452.6,1.0,1.0,1.0,1.0,1.0,1.0,1.0
452.65000000000003,1.0,1.0,1.0,1.0,1.0,1.0,1.0
452.70000000000005,1.0,1.0,1.0,1.0,1.0,1.0,1.0
452.75,1.0,1.0,1.0,1.0,1.0,1.0,1.0
452.8,1.0,1.0,1.0,1.0,1.0,1.0,1.0
452.85,1.0,1.0,1.0,1.0,1.0,1.0,1.0
452.90000000000003,1.0,1.0,1.0,1.0,1.0,1.0,1.0
452.95000000000005,1.0,1.0,1.0,1.0,1.0,1.0,1.0
453.0,1.0,1.0,1.0,1.0,1.0,1.0,1.0
453.05,1.0,1.0,1.0,1.0,1.0,1.0,1.0
453.1,1.0,1.0,1.0,1.0,1.0,1.0,1.0
453.15000000000003,1.0,1.0,1.0,1.0,1.0,1.0,1.0
453.20000000000005,1.0,1.0,1.0,1.0,1.0,1.0,1.0
453.25,1.0,1.0,1.0,1.0,1.0,1.0,1.0
453.3,1.0,1.0,1.0,1.0,1.0,1.0,1.0
453.35,1.0,1.0,1.0,1.0,1.0,1.0,1.0
453.40000000000003,1.0,1.0,1.0,1.0,1.0,1.0,1.0
453.45000000000005,1.0,1.0,1.0,1.0,1.0,1.0,1.0
453.5,1.0,1.0,1.0,1.0,1.0,1.0,1.0
453.55,1.0,1.0,1.0,1.0,1.0,1.0,1.0
453.6,1.0,1.0,1.0,1.0,1.0,1.0,1.0
453.65000000000003,1.0,1.0,1.0,1.0,1.0,1.0,1.0
453.70000000000005,1.0,1.0,1.0,1.0,1.0,1.0,1.0
453.75,1.0,1.0,1.0,1.0,1.0,1.0,1.0
453.8,1.0,1.0,1.0,1.0,1.0,1.0,1.0
453.85,1.0,1.0,1.0,1.0,1.0,1.0,1.0
453.90000000000003,1.0,1.0,1.0,1.0,1.0,1.0,1.0
453.95000000000005,1.0,1.0,1.0,1.0,1.0,1.0,1.0
454.0,1.0,1.0,1.0,1.0,1.0,1.0,1.0
454.05,1.0,1.0,1.0,1.0,1.0,1.0,1.0
454.1,1.0,1.0,1.0,1.0,1.0,1.0,1.0
454.15000000000003,1.0,1.0,1.0,1.0,1.0,1.0,1.0
454.20000000000005,1.0,1.0,1.0,1.0,1.0,1.0,1.0
454.25,1.0,1.0,1.0,1.0,1.0,1.0,1.0
454.3,1.0,1.0,1.0,1.0,1.0,1.0,1.0
454.35,1.0,1.0,1.0,1.0,1.0,1.0,1.0
454.40000000000003,1.0,1.0,1.0,1.0,1.0,1.0,1.0
454.45000000000005,1.0,1.0,1.0,1.0,1.0,1.0,1.0
454.5,1.0,1.0,1.0,1.0,1.0,1.0,1.0
454.55,1.0,1.0,1.0,1.0,1.0,1.0,1.0
454.6,1.0,1.0,1.0,1.0,1.0,1.0,1.0
454.65000000000003,1.0,1.0,1.0,1.0,1.0,1.0,1.0
454.70000000000005,1.0,1.0,1.0,1.0,1.0,1.0,1.0
454.75,1.0,1.0,1.0,1.0,1.0,1.0,1.0
454.8,1.0,1.0,1.0,1.0,1.0,1.0,1.0
454.85,1.0,1.0,1.0,1.0,1.0,1.0,1.0
454.90000000000003,1.0,1.0,1.0,1.0,1.0,1.0,1.0
454.95000000000005,1.0,1.0,1.0,1.0,1.0,1.0,1.0
455.0,1.0,1.0,1.0,1.0,1.0,1.0,1.0
455.05,1.0,1.0,1.0,1.0,1.0,1.0,1.0
455.1,1.0,1.0,1.0,1.0,1.0,1.0,1.0
455.15000000000003,1.0,1.0,1.0,1.0,1.0,1.0,1.0
455.20000000000005,1.0,1.0,1.0,1.0,1.0,1.0,1.0
455.25,1.0,1.0,1.0,1.0,1.0,1.0,1.0
455.3,1.0,1.0,1.0,1.0,1.0,1.0,1.0
455.35,1.0,1.0,1.0,1.0,1.0,1.0,1.0
455.40000000000003,1.0,1.0,1.0,1.0,1.0,1.0,1.0
455.45000000000005,1.0,1.0,1.0,1.0,1.0,1.0,1.0
455.5,1.0,1.0,1.0,1.0,1.0,1.0,1.0
455.55,1.0,1.0,1.0,1.0,1.0,1.0,1.0
455.6,1.0,1.0,1.0,1.0,1.0,1.0,1.0
455.65000000000003,1.0,1.0,1.0,1.0,1.0,1.0,1.0
455.70000000000005,1.0,1.0,1.0,1.0,1.0,1.0,1.0
455.75,1.0,1.0,1.0,1.0,1.0,1.0,1.0
455.8,1.0,1.0,1.0,1.0,1.0,1.0,1.0
455.85,1.0,1.0,1.0,1.0,1.0,1.0,1.0
455.90000000000003,1.0,1.0,1.0,1.0,1.0,1.0,1.0
455.95000000000005,1.0,1.0,1.0,1.0,1.0,1.0,1.0
456.0,1.0,1.0,1.0,1.0,1.0,1.0,1.0
456.05,1.0,1.0,1.0,1.0,1.0,1.0,1.0
456.1,1.0,1.0,1.0,1.0,1.0,1.0,1.0
456.15000000000003,1.0,1.0,1.0,1.0,1.0,1.0,1.0
456.20000000000005,1.0,1.0,1.0,1.0,1.0,1.0,1.0
456.25,1.0,1.0,1.0,1.0,1.0,1.0,1.0
456.3,1.0,1.0,1.0,1.0,1.0,1.0,1.0
456.35,1.0,1.0,1.0,1.0,1.0,1.0,1.0
456.40000000000003,1.0,1.0,1.0,1.0,1.0,1.0,1.0
456.45000000000005,1.0,1.0,1.0,1.0,1.0,1.0,1.0
456.5,1.0,1.0,1.0,1.0,1.0,1.0,1.0
456.55,1.0,1.0,1.0,1.0,1.0,1.0,1.0
456.6,1.0,1.0,1.0,1.0,1.0,1.0,1.0
456.65000000000003,1.0,1.0,1.0,1.0,1.0,1.0,1.0
456.70000000000005,1.0,1.0,1.0,1.0,1.0,1.0,1.0
456.75,1.0,1.0,1.0,1.0,1.0,1.0,1.0
456.8,1.0,1.0,1.0,1.0,1.0,1.0,1.0
456.85,1.0,1.0,1.0,1.0,1.0,1.0,1.0
456.90000000000003,1.0,1.0,1.0,1.0,1.0,1.0,1.0
456.95000000000005,1.0,1.0,1.0,1.0,1.0,1.0,1.0
457.0,1.0,1.0,1.0,1.0,1.0,1.0,1.0
457.05,1.0,1.0,1.0,1.0,1.0,1.0,1.0
457.1,1.0,1.0,1.0,1.0,1.0,1.0,1.0
457.15000000000003,1.0,1.0,1.0,1.0,1.0,1.0,1.0
457.20000000000005,1.0,1.0,1.0,1.0,1.0,1.0,1.0
457.25,1.0,1.0,1.0,1.0,1.0,1.0,1.0
457.3,1.0,1.0,1.0,1.0,1.0,1.0,1.0
457.35,1.0,1.0,1.0,1.0,1.0,1.0,1.0
457.40000000000003,1.0,1.0,1.0,1.0,1.0,1.0,1.0
457.45000000000005,1.0,1.0,1.0,1.0,1.0,1.0,1.0
457.5,1.0,1.0,1.0,1.0,1.0,1.0,1.0
457.55,1.0,1.0,1.0,1.0,1.0,1.0,1.0
457.6,1.0,1.0,1.0,1.0,1.0,1.0,1.0
457.65000000000003,1.0,1.0,1.0,1.0,1.0,1.0,1.0
457.70000000000005,1.0,1.0,1.0,1.0,1.0,1.0,1.0
457.75,1.0,1.0,1.0,1.0,1.0,1.0,1.0
457.8,1.0,1.0,1.0,1.0,1.0,1.0,1.0
457.85,1.0,1.0,1.0,1.0,1.0,1.0,1.0
457.90000000000003,1.0,1.0,1.0,1.0,1.0,1.0,1.0
457.95000000000005,1.0,1.0,1.0,1.0,1.0,1.0,1.0
458.0,1.0,1.0,1.0,1.0,1.0,1.0,1.0
458.05,1.0,1.0,1.0,1.0,1.0,1.0,1.0
458.1,1.0,1.0,1.0,1.0,1.0,1.0,1.0
458.15000000000003,1.0,1.0,1.0,1.0,1.0,1.0,1.0
458.20000000000005,1.0,1.0,1.0,1.0,1.0,1.0,1.0
458.25,1.0,1.0,1.0,1.0,1.0,1.0,1.0
458.3,1.0,1.0,1.0,1.0,1.0,1.0,1.0
458.35,1.0,1.0,1.0,1.0,1.0,1.0,1.0
458.40000000000003,1.0,1.0,1.0,1.0,1.0,1.0,1.0
458.45000000000005,1.0,1.0,1.0,1.0,1.0,1.0,1.0
458.5,1.0,1.0,1.0,1.0,1.0,1.0,1.0
458.55,1.0,1.0,1.0,1.0,1.0,1.0,1.0
458.6,1.0,1.0,1.0,1.0,1.0,1.0,1.0
458.65000000000003,1.0,1.0,1.0,1.0,1.0,1.0,1.0
458.70000000000005,1.0,1.0,1.0,1.0,1.0,1.0,1.0
458.75,1.0,1.0,1.0,1.0,1.0,1.0,1.0
458.8,1.0,1.0,1.0,1.0,1.0,1.0,1.0
458.85,1.0,1.0,1.0,1.0,1.0,1.0,1.0
458.90000000000003,1.0,1.0,1.0,1.0,1.0,1.0,1.0
458.95000000000005,1.0,1.0,1.0,1.0,1.0,1.0,1.0
459.0,1.0,1.0,1.0,1.0,1.0,1.0,1.0
459.05,1.0,1.0,1.0,1.0,1.0,1.0,1.0
459.1,1.0,1.0,1.0,1.0,1.0,1.0,1.0
459.15000000000003,1.0,1.0,1.0,1.0,1.0,1.0,1.0
459.20000000000005,1.0,1.0,1.0,1.0,1.0,1.0,1.0
459.25,1.0,1.0,1.0,1.0,1.0,1.0,1.0
459.3,1.0,1.0,1.0,1.0,1.0,1.0,1.0
459.35,1.0,1.0,1.0,1.0,1.0,1.0,1.0
459.40000000000003,1.0,1.0,1.0,1.0,1.0,1.0,1.0
459.45000000000005,1.0,1.0,1.0,1.0,1.0,1.0,1.0
459.5,1.0,1.0,1.0,1.0,1.0,1.0,1.0
459.55,1.0,1.0,1.0,1.0,1.0,1.0,1.0
459.6,1.0,1.0,1.0,1.0,1.0,1.0,1.0
459.65000000000003,1.0,1.0,1.0,1.0,1.0,1.0,1.0
459.70000000000005,1.0,1.0,1.0,1.0,1.0,1.0,1.0
459.75,1.0,1.0,1.0,1.0,1.0,1.0,1.0
459.8,1.0,1.0,1.0,1.0,1.0,1.0,1.0
459.85,1.0,1.0,1.0,1.0,1.0,1.0,1.0
459.90000000000003,1.0,1.0,1.0,1.0,1.0,1.0,1.0
459.95000000000005,1.0,1.0,1.0,1.0,1.0,1.0,1.0
460.0,1.0,1.0,1.0,1.0,1.0,1.0,1.0
460.05,1.0,1.0,1.0,1.0,1.0,1.0,1.0
460.1,1.0,1.0,1.0,1.0,1.0,1.0,1.0
460.15000000000003,1.0,1.0,1.0,1.0,1.0,1.0,1.0
460.20000000000005,1.0,1.0,1.0,1.0,1.0,1.0,1.0
460.25,1.0,1.0,1.0,1.0,1.0,1.0,1.0
460.3,1.0,1.0,1.0,1.0,1.0,1.0,1.0
460.35,1.0,1.0,1.0,1.0,1.0,1.0,1.0
460.40000000000003,1.0,1.0,1.0,1.0,1.0,1.0,1.0
460.45000000000005,1.0,1.0,1.0,1.0,1.0,1.0,1.0
460.5,1.0,1.0,1.0,1.0,1.0,1.0,1.0
460.55,1.0,1.0,1.0,1.0,1.0,1.0,1.0
460.6,1.0,1.0,1.0,1.0,1.0,1.0,1.0
460.65000000000003,1.0,1.0,1.0,1.0,1.0,1.0,1.0
460.70000000000005,1.0,1.0,1.0,1.0,1.0,1.0,1.0
460.75,1.0,1.0,1.0,1.0,1.0,1.0,1.0
460.8,1.0,1.0,1.0,1.0,1.0,1.0,1.0
460.85,1.0,1.0,1.0,1.0,1.0,1.0,1.0
460.90000000000003,1.0,1.0,1.0,1.0,1.0,1.0,1.0
460.95000000000005,1.0,1.0,1.0,1.0,1.0,1.0,1.0
461.0,1.0,1.0,1.0,1.0,1.0,1.0,1.0
461.05,1.0,1.0,1.0,1.0,1.0,1.0,1.0
461.1,1.0,1.0,1.0,1.0,1.0,1.0,1.0
461.15000000000003,1.0,1.0,1.0,1.0,1.0,1.0,1.0
461.20000000000005,1.0,1.0,1.0,1.0,1.0,1.0,1.0
461.25,1.0,1.0,1.0,1.0,1.0,1.0,1.0
461.3,1.0,1.0,1.0,1.0,1.0,1.0,1.0
461.35,1.0,1.0,1.0,1.0,1.0,1.0,1.0
461.40000000000003,1.0,1.0,1.0,1.0,1.0,1.0,1.0
461.45000000000005,1.0,1.0,1.0,1.0,1.0,1.0,1.0
461.5,1.0,1.0,1.0,1.0,1.0,1.0,1.0
461.55,1.0,1.0,1.0,1.0,1.0,1.0,1.0
461.6,1.0,1.0,1.0,1.0,1.0,1.0,1.0
461.65000000000003,1.0,1.0,1.0,1.0,1.0,1.0,1.0
461.70000000000005,1.0,1.0,1.0,1.0,1.0,1.0,1.0
461.75,1.0,1.0,1.0,1.0,1.0,1.0,1.0
461.8,1.0,1.0,1.0,1.0,1.0,1.0,1.0
461.85,1.0,1.0,1.0,1.0,1.0,1.0,1.0
461.90000000000003,1.0,1.0,1.0,1.0,1.0,1.0,1.0
461.95000000000005,1.0,1.0,1.0,1.0,1.0,1.0,1.0
462.0,1.0,1.0,1.0,1.0,1.0,1.0,1.0
462.05,1.0,1.0,1.0,1.0,1.0,1.0,1.0
462.1,1.0,1.0,1.0,1.0,1.0,1.0,1.0
462.15000000000003,1.0,1.0,1.0,1.0,1.0,1.0,1.0
462.20000000000005,1.0,1.0,1.0,1.0,1.0,1.0,1.0
462.25,1.0,1.0,1.0,1.0,1.0,1.0,1.0
462.3,1.0,1.0,1.0,1.0,1.0,1.0,1.0
462.35,1.0,1.0,1.0,1.0,1.0,1.0,1.0
462.40000000000003,1.0,1.0,1.0,1.0,1.0,1.0,1.0
462.45000000000005,1.0,1.0,1.0,1.0,1.0,1.0,1.0
462.5,1.0,1.0,1.0,1.0,1.0,1.0,1.0
462.55,1.0,1.0,1.0,1.0,1.0,1.0,1.0
462.6,1.0,1.0,1.0,1.0,1.0,1.0,1.0
462.65000000000003,1.0,1.0,1.0,1.0,1.0,1.0,1.0
462.70000000000005,1.0,1.0,1.0,1.0,1.0,1.0,1.0
462.75,1.0,1.0,1.0,1.0,1.0,1.0,1.0
462.8,1.0,1.0,1.0,1.0,1.0,1.0,1.0
462.85,1.0,1.0,1.0,1.0,1.0,1.0,1.0
462.90000000000003,1.0,1.0,1.0,1.0,1.0,1.0,1.0
462.95000000000005,1.0,1.0,1.0,1.0,1.0,1.0,1.0
463.0,1.0,1.0,1.0,1.0,1.0,1.0,1.0
463.05,1.0,1.0,1.0,1.0,1.0,1.0,1.0
463.1,1.0,1.0,1.0,1.0,1.0,1.0,1.0
463.15000000000003,1.0,1.0,1.0,1.0,1.0,1.0,1.0
463.20000000000005,1.0,1.0,1.0,1.0,1.0,1.0,1.0
463.25,1.0,1.0,1.0,1.0,1.0,1.0,1.0
463.3,1.0,1.0,1.0,1.0,1.0,1.0,1.0
463.35,1.0,1.0,1.0,1.0,1.0,1.0,1.0
463.40000000000003,1.0,1.0,1.0,1.0,1.0,1.0,1.0
463.45000000000005,1.0,1.0,1.0,1.0,1.0,1.0,1.0
463.5,1.0,1.0,1.0,1.0,1.0,1.0,1.0
463.55,1.0,1.0,1.0,1.0,1.0,1.0,1.0
463.6,1.0,1.0,1.0,1.0,1.0,1.0,1.0
463.65000000000003,1.0,1.0,1.0,1.0,1.0,1.0,1.0
463.70000000000005,1.0,1.0,1.0,1.0,1.0,1.0,1.0
463.75,1.0,1.0,1.0,1.0,1.0,1.0,1.0
463.8,1.0,1.0,1.0,1.0,1.0,1.0,1.0
463.85,1.0,1.0,1.0,1.0,1.0,1.0,1.0
463.90000000000003,1.0,1.0,1.0,1.0,1.0,1.0,1.0
463.95000000000005,1.0,1.0,1.0,1.0,1.0,1.0,1.0
464.0,1.0,1.0,1.0,1.0,1.0,1.0,1.0
464.05,1.0,1.0,1.0,1.0,1.0,1.0,1.0
464.1,1.0,1.0,1.0,1.0,1.0,1.0,1.0
464.15000000000003,1.0,1.0,1.0,1.0,1.0,1.0,1.0
464.20000000000005,1.0,1.0,1.0,1.0,1.0,1.0,1.0
464.25,1.0,1.0,1.0,1.0,1.0,1.0,1.0
464.3,1.0,1.0,1.0,1.0,1.0,1.0,1.0
464.35,1.0,1.0,1.0,1.0,1.0,1.0,1.0
464.40000000000003,1.0,1.0,1.0,1.0,1.0,1.0,1.0
464.45000000000005,1.0,1.0,1.0,1.0,1.0,1.0,1.0
464.5,1.0,1.0,1.0,1.0,1.0,1.0,1.0
464.55,1.0,1.0,1.0,1.0,1.0,1.0,1.0
464.6,1.0,1.0,1.0,1.0,1.0,1.0,1.0
464.65000000000003,1.0,1.0,1.0,1.0,1.0,1.0,1.0
464.70000000000005,1.0,1.0,1.0,1.0,1.0,1.0,1.0
464.75,1.0,1.0,1.0,1.0,1.0,1.0,1.0
464.8,1.0,1.0,1.0,1.0,1.0,1.0,1.0
464.85,1.0,1.0,1.0,1.0,1.0,1.0,1.0
464.90000000000003,1.0,1.0,1.0,1.0,1.0,1.0,1.0
464.95000000000005,1.0,1.0,1.0,1.0,1.0,1.0,1.0
465.0,1.0,1.0,1.0,1.0,1.0,1.0,1.0
465.05,1.0,1.0,1.0,1.0,1.0,1.0,1.0
465.1,1.0,1.0,1.0,1.0,1.0,1.0,1.0
465.15000000000003,1.0,1.0,1.0,1.0,1.0,1.0,1.0
465.20000000000005,1.0,1.0,1.0,1.0,1.0,1.0,1.0
465.25,1.0,1.0,1.0,1.0,1.0,1.0,1.0
465.3,1.0,1.0,1.0,1.0,1.0,1.0,1.0
465.35,1.0,1.0,1.0,1.0,1.0,1.0,1.0
465.40000000000003,1.0,1.0,1.0,1.0,1.0,1.0,1.0
465.45000000000005,1.0,1.0,1.0,1.0,1.0,1.0,1.0
465.5,1.0,1.0,1.0,1.0,1.0,1.0,1.0
465.55,1.0,1.0,1.0,1.0,1.0,1.0,1.0
465.6,1.0,1.0,1.0,1.0,1.0,1.0,1.0
465.65000000000003,1.0,1.0,1.0,1.0,1.0,1.0,1.0
465.70000000000005,1.0,1.0,1.0,1.0,1.0,1.0,1.0
465.75,1.0,1.0,1.0,1.0,1.0,1.0,1.0
465.8,1.0,1.0,1.0,1.0,1.0,1.0,1.0
465.85,1.0,1.0,1.0,1.0,1.0,1.0,1.0
465.90000000000003,1.0,1.0,1.0,1.0,1.0,1.0,1.0
465.95000000000005,1.0,1.0,1.0,1.0,1.0,1.0,1.0
466.0,1.0,1.0,1.0,1.0,1.0,1.0,1.0
466.05,1.0,1.0,1.0,1.0,1.0,1.0,1.0
466.1,1.0,1.0,1.0,1.0,1.0,1.0,1.0
466.15000000000003,1.0,1.0,1.0,1.0,1.0,1.0,1.0
466.20000000000005,1.0,1.0,1.0,1.0,1.0,1.0,1.0
466.25,1.0,1.0,1.0,1.0,1.0,1.0,1.0
466.3,1.0,1.0,1.0,1.0,1.0,1.0,1.0
466.35,1.0,1.0,1.0,1.0,1.0,1.0,1.0
466.40000000000003,1.0,1.0,1.0,1.0,1.0,1.0,1.0
466.45000000000005,1.0,1.0,1.0,1.0,1.0,1.0,1.0
466.5,1.0,1.0,1.0,1.0,1.0,1.0,1.0
466.55,1.0,1.0,1.0,1.0,1.0,1.0,1.0
466.6,1.0,1.0,1.0,1.0,1.0,1.0,1.0
466.65000000000003,1.0,1.0,1.0,1.0,1.0,1.0,1.0
466.70000000000005,1.0,1.0,1.0,1.0,1.0,1.0,1.0
466.75,1.0,1.0,1.0,1.0,1.0,1.0,1.0
466.8,1.0,1.0,1.0,1.0,1.0,1.0,1.0
466.85,1.0,1.0,1.0,1.0,1.0,1.0,1.0
466.90000000000003,1.0,1.0,1.0,1.0,1.0,1.0,1.0
466.95000000000005,1.0,1.0,1.0,1.0,1.0,1.0,1.0
467.0,1.0,1.0,1.0,1.0,1.0,1.0,1.0
467.05,1.0,1.0,1.0,1.0,1.0,1.0,1.0
467.1,1.0,1.0,1.0,1.0,1.0,1.0,1.0
467.15000000000003,1.0,1.0,1.0,1.0,1.0,1.0,1.0
467.20000000000005,1.0,1.0,1.0,1.0,1.0,1.0,1.0
467.25,1.0,1.0,1.0,1.0,1.0,1.0,1.0
467.3,1.0,1.0,1.0,1.0,1.0,1.0,1.0
467.35,1.0,1.0,1.0,1.0,1.0,1.0,1.0
467.40000000000003,1.0,1.0,1.0,1.0,1.0,1.0,1.0
467.45000000000005,1.0,1.0,1.0,1.0,1.0,1.0,1.0
467.5,1.0,1.0,1.0,1.0,1.0,1.0,1.0
467.55,1.0,1.0,1.0,1.0,1.0,1.0,1.0
467.6,1.0,1.0,1.0,1.0,1.0,1.0,1.0
467.65000000000003,1.0,1.0,1.0,1.0,1.0,1.0,1.0
467.70000000000005,1.0,1.0,1.0,1.0,1.0,1.0,1.0
467.75,1.0,1.0,1.0,1.0,1.0,1.0,1.0
467.8,1.0,1.0,1.0,1.0,1.0,1.0,1.0
467.85,1.0,1.0,1.0,1.0,1.0,1.0,1.0
467.90000000000003,1.0,1.0,1.0,1.0,1.0,1.0,1.0
467.95000000000005,1.0,1.0,1.0,1.0,1.0,1.0,1.0
468.0,1.0,1.0,1.0,1.0,1.0,1.0,1.0
468.05,1.0,1.0,1.0,1.0,1.0,1.0,1.0
468.1,1.0,1.0,1.0,1.0,1.0,1.0,1.0
468.15000000000003,1.0,1.0,1.0,1.0,1.0,1.0,1.0
468.20000000000005,1.0,1.0,1.0,1.0,1.0,1.0,1.0
468.25,1.0,1.0,1.0,1.0,1.0,1.0,1.0
468.3,1.0,1.0,1.0,1.0,1.0,1.0,1.0
468.35,1.0,1.0,1.0,1.0,1.0,1.0,1.0
468.40000000000003,1.0,1.0,1.0,1.0,1.0,1.0,1.0
468.45000000000005,1.0,1.0,1.0,1.0,1.0,1.0,1.0
468.5,1.0,1.0,1.0,1.0,1.0,1.0,1.0
468.55,1.0,1.0,1.0,1.0,1.0,1.0,1.0
468.6,1.0,1.0,1.0,1.0,1.0,1.0,1.0
468.65000000000003,1.0,1.0,1.0,1.0,1.0,1.0,1.0
468.70000000000005,1.0,1.0,1.0,1.0,1.0,1.0,1.0
468.75,1.0,1.0,1.0,1.0,1.0,1.0,1.0
468.8,1.0,1.0,1.0,1.0,1.0,1.0,1.0
468.85,1.0,1.0,1.0,1.0,1.0,1.0,1.0
468.90000000000003,1.0,1.0,1.0,1.0,1.0,1.0,1.0
468.95000000000005,1.0,1.0,1.0,1.0,1.0,1.0,1.0
469.0,1.0,1.0,1.0,1.0,1.0,1.0,1.0
469.05,1.0,1.0,1.0,1.0,1.0,1.0,1.0
469.1,1.0,1.0,1.0,1.0,1.0,1.0,1.0
469.15000000000003,1.0,1.0,1.0,1.0,1.0,1.0,1.0
469.20000000000005,1.0,1.0,1.0,1.0,1.0,1.0,1.0
469.25,1.0,1.0,1.0,1.0,1.0,1.0,1.0
469.3,1.0,1.0,1.0,1.0,1.0,1.0,1.0
469.35,1.0,1.0,1.0,1.0,1.0,1.0,1.0
469.40000000000003,1.0,1.0,1.0,1.0,1.0,1.0,1.0
469.45000000000005,1.0,1.0,1.0,1.0,1.0,1.0,1.0
469.5,1.0,1.0,1.0,1.0,1.0,1.0,1.0
469.55,1.0,1.0,1.0,1.0,1.0,1.0,1.0
469.6,1.0,1.0,1.0,1.0,1.0,1.0,1.0
469.65000000000003,1.0,1.0,1.0,1.0,1.0,1.0,1.0
469.70000000000005,1.0,1.0,1.0,1.0,1.0,1.0,1.0
469.75,1.0,1.0,1.0,1.0,1.0,1.0,1.0
469.8,1.0,1.0,1.0,1.0,1.0,1.0,1.0
469.85,1.0,1.0,1.0,1.0,1.0,1.0,1.0
469.90000000000003,1.0,1.0,1.0,1.0,1.0,1.0,1.0
469.95000000000005,1.0,1.0,1.0,1.0,1.0,1.0,1.0
470.0,1.0,1.0,1.0,1.0,1.0,1.0,1.0
470.05,1.0,1.0,1.0,1.0,1.0,1.0,1.0
470.1,1.0,1.0,1.0,1.0,1.0,1.0,1.0
470.15000000000003,1.0,1.0,1.0,1.0,1.0,1.0,1.0
470.20000000000005,1.0,1.0,1.0,1.0,1.0,1.0,1.0
470.25,1.0,1.0,1.0,1.0,1.0,1.0,1.0
470.3,1.0,1.0,1.0,1.0,1.0,1.0,1.0
470.35,1.0,1.0,1.0,1.0,1.0,1.0,1.0
470.40000000000003,1.0,1.0,1.0,1.0,1.0,1.0,1.0
470.45000000000005,1.0,1.0,1.0,1.0,1.0,1.0,1.0
470.5,1.0,1.0,1.0,1.0,1.0,1.0,1.0
470.55,1.0,1.0,1.0,1.0,1.0,1.0,1.0
470.6,1.0,1.0,1.0,1.0,1.0,1.0,1.0
470.65000000000003,1.0,1.0,1.0,1.0,1.0,1.0,1.0
470.70000000000005,1.0,1.0,1.0,1.0,1.0,1.0,1.0
470.75,1.0,1.0,1.0,1.0,1.0,1.0,1.0
470.8,1.0,1.0,1.0,1.0,1.0,1.0,1.0
470.85,1.0,1.0,1.0,1.0,1.0,1.0,1.0
470.90000000000003,1.0,1.0,1.0,1.0,1.0,1.0,1.0
470.95000000000005,1.0,1.0,1.0,1.0,1.0,1.0,1.0
471.0,1.0,1.0,1.0,1.0,1.0,1.0,1.0
471.05,1.0,1.0,1.0,1.0,1.0,1.0,1.0
471.1,1.0,1.0,1.0,1.0,1.0,1.0,1.0
471.15000000000003,1.0,1.0,1.0,1.0,1.0,1.0,1.0
471.20000000000005,1.0,1.0,1.0,1.0,1.0,1.0,1.0
471.25,1.0,1.0,1.0,1.0,1.0,1.0,1.0
471.3,1.0,1.0,1.0,1.0,1.0,1.0,1.0
471.35,1.0,1.0,1.0,1.0,1.0,1.0,1.0
471.40000000000003,1.0,1.0,1.0,1.0,1.0,1.0,1.0
471.45000000000005,1.0,1.0,1.0,1.0,1.0,1.0,1.0
471.5,1.0,1.0,1.0,1.0,1.0,1.0,1.0
471.55,1.0,1.0,1.0,1.0,1.0,1.0,1.0
471.6,1.0,1.0,1.0,1.0,1.0,1.0,1.0
471.65000000000003,1.0,1.0,1.0,1.0,1.0,1.0,1.0
471.70000000000005,1.0,1.0,1.0,1.0,1.0,1.0,1.0
471.75,1.0,1.0,1.0,1.0,1.0,1.0,1.0
471.8,1.0,1.0,1.0,1.0,1.0,1.0,1.0
471.85,1.0,1.0,1.0,1.0,1.0,1.0,1.0
471.90000000000003,1.0,1.0,1.0,1.0,1.0,1.0,1.0
471.95000000000005,1.0,1.0,1.0,1.0,1.0,1.0,1.0
472.0,1.0,1.0,1.0,1.0,1.0,1.0,1.0
472.05,1.0,1.0,1.0,1.0,1.0,1.0,1.0
472.1,1.0,1.0,1.0,1.0,1.0,1.0,1.0
472.15000000000003,1.0,1.0,1.0,1.0,1.0,1.0,1.0
472.20000000000005,1.0,1.0,1.0,1.0,1.0,1.0,1.0
472.25,1.0,1.0,1.0,1.0,1.0,1.0,1.0
472.3,1.0,1.0,1.0,1.0,1.0,1.0,1.0
472.35,1.0,1.0,1.0,1.0,1.0,1.0,1.0
472.40000000000003,1.0,1.0,1.0,1.0,1.0,1.0,1.0
472.45000000000005,1.0,1.0,1.0,1.0,1.0,1.0,1.0
472.5,1.0,1.0,1.0,1.0,1.0,1.0,1.0
472.55,1.0,1.0,1.0,1.0,1.0,1.0,1.0
472.6,1.0,1.0,1.0,1.0,1.0,1.0,1.0
472.65000000000003,1.0,1.0,1.0,1.0,1.0,1.0,1.0
472.70000000000005,1.0,1.0,1.0,1.0,1.0,1.0,1.0
472.75,1.0,1.0,1.0,1.0,1.0,1.0,1.0
472.8,1.0,1.0,1.0,1.0,1.0,1.0,1.0
472.85,1.0,1.0,1.0,1.0,1.0,1.0,1.0
472.90000000000003,1.0,1.0,1.0,1.0,1.0,1.0,1.0
472.95000000000005,1.0,1.0,1.0,1.0,1.0,1.0,1.0
473.0,1.0,1.0,1.0,1.0,1.0,1.0,1.0
473.05,1.0,1.0,1.0,1.0,1.0,1.0,1.0
473.1,1.0,1.0,1.0,1.0,1.0,1.0,1.0
473.15000000000003,1.0,1.0,1.0,1.0,1.0,1.0,1.0
473.20000000000005,1.0,1.0,1.0,1.0,1.0,1.0,1.0
473.25,1.0,1.0,1.0,1.0,1.0,1.0,1.0
473.3,1.0,1.0,1.0,1.0,1.0,1.0,1.0
473.35,1.0,1.0,1.0,1.0,1.0,1.0,1.0
473.40000000000003,1.0,1.0,1.0,1.0,1.0,1.0,1.0
473.45000000000005,1.0,1.0,1.0,1.0,1.0,1.0,1.0
473.5,1.0,1.0,1.0,1.0,1.0,1.0,1.0
473.55,1.0,1.0,1.0,1.0,1.0,1.0,1.0
473.6,1.0,1.0,1.0,1.0,1.0,1.0,1.0
473.65000000000003,1.0,1.0,1.0,1.0,1.0,1.0,1.0
473.70000000000005,1.0,1.0,1.0,1.0,1.0,1.0,1.0
473.75,1.0,1.0,1.0,1.0,1.0,1.0,1.0
473.8,1.0,1.0,1.0,1.0,1.0,1.0,1.0
473.85,1.0,1.0,1.0,1.0,1.0,1.0,1.0
473.90000000000003,1.0,1.0,1.0,1.0,1.0,1.0,1.0
473.95000000000005,1.0,1.0,1.0,1.0,1.0,1.0,1.0
474.0,1.0,1.0,1.0,1.0,1.0,1.0,1.0
474.05,1.0,1.0,1.0,1.0,1.0,1.0,1.0
474.1,1.0,1.0,1.0,1.0,1.0,1.0,1.0
474.15000000000003,1.0,1.0,1.0,1.0,1.0,1.0,1.0
474.20000000000005,1.0,1.0,1.0,1.0,1.0,1.0,1.0
474.25,1.0,1.0,1.0,1.0,1.0,1.0,1.0
474.3,1.0,1.0,1.0,1.0,1.0,1.0,1.0
474.35,1.0,1.0,1.0,1.0,1.0,1.0,1.0
474.40000000000003,1.0,1.0,1.0,1.0,1.0,1.0,1.0
474.45000000000005,1.0,1.0,1.0,1.0,1.0,1.0,1.0
474.5,1.0,1.0,1.0,1.0,1.0,1.0,1.0
474.55,1.0,1.0,1.0,1.0,1.0,1.0,1.0
474.6,1.0,1.0,1.0,1.0,1.0,1.0,1.0
474.65000000000003,1.0,1.0,1.0,1.0,1.0,1.0,1.0
474.70000000000005,1.0,1.0,1.0,1.0,1.0,1.0,1.0
474.75,1.0,1.0,1.0,1.0,1.0,1.0,1.0
474.8,1.0,1.0,1.0,1.0,1.0,1.0,1.0
474.85,1.0,1.0,1.0,1.0,1.0,1.0,1.0
474.90000000000003,1.0,1.0,1.0,1.0,1.0,1.0,1.0
474.95000000000005,1.0,1.0,1.0,1.0,1.0,1.0,1.0
475.0,1.0,1.0,1.0,1.0,1.0,1.0,1.0
475.05,1.0,1.0,1.0,1.0,1.0,1.0,1.0
475.1,1.0,1.0,1.0,1.0,1.0,1.0,1.0
475.15000000000003,1.0,1.0,1.0,1.0,1.0,1.0,1.0
475.20000000000005,1.0,1.0,1.0,1.0,1.0,1.0,1.0
475.25,1.0,1.0,1.0,1.0,1.0,1.0,1.0
475.3,1.0,1.0,1.0,1.0,1.0,1.0,1.0
475.35,1.0,1.0,1.0,1.0,1.0,1.0,1.0
475.40000000000003,1.0,1.0,1.0,1.0,1.0,1.0,1.0
475.45000000000005,1.0,1.0,1.0,1.0,1.0,1.0,1.0
475.5,1.0,1.0,1.0,1.0,1.0,1.0,1.0
475.55,1.0,1.0,1.0,1.0,1.0,1.0,1.0
475.6,1.0,1.0,1.0,1.0,1.0,1.0,1.0
475.65000000000003,1.0,1.0,1.0,1.0,1.0,1.0,1.0
475.70000000000005,1.0,1.0,1.0,1.0,1.0,1.0,1.0
475.75,1.0,1.0,1.0,1.0,1.0,1.0,1.0
475.8,1.0,1.0,1.0,1.0,1.0,1.0,1.0
475.85,1.0,1.0,1.0,1.0,1.0,1.0,1.0
475.90000000000003,1.0,1.0,1.0,1.0,1.0,1.0,1.0
475.95000000000005,1.0,1.0,1.0,1.0,1.0,1.0,1.0
476.0,1.0,1.0,1.0,1.0,1.0,1.0,1.0
476.05,1.0,1.0,1.0,1.0,1.0,1.0,1.0
476.1,1.0,1.0,1.0,1.0,1.0,1.0,1.0
476.15000000000003,1.0,1.0,1.0,1.0,1.0,1.0,1.0
476.20000000000005,1.0,1.0,1.0,1.0,1.0,1.0,1.0
476.25,1.0,1.0,1.0,1.0,1.0,1.0,1.0
476.3,1.0,1.0,1.0,1.0,1.0,1.0,1.0
476.35,1.0,1.0,1.0,1.0,1.0,1.0,1.0
476.40000000000003,1.0,1.0,1.0,1.0,1.0,1.0,1.0
476.45000000000005,1.0,1.0,1.0,1.0,1.0,1.0,1.0
476.5,1.0,1.0,1.0,1.0,1.0,1.0,1.0
476.55,1.0,1.0,1.0,1.0,1.0,1.0,1.0
476.6,1.0,1.0,1.0,1.0,1.0,1.0,1.0
476.65000000000003,1.0,1.0,1.0,1.0,1.0,1.0,1.0
476.70000000000005,1.0,1.0,1.0,1.0,1.0,1.0,1.0
476.75,1.0,1.0,1.0,1.0,1.0,1.0,1.0
476.8,1.0,1.0,1.0,1.0,1.0,1.0,1.0
476.85,1.0,1.0,1.0,1.0,1.0,1.0,1.0
476.90000000000003,1.0,1.0,1.0,1.0,1.0,1.0,1.0
476.95000000000005,1.0,1.0,1.0,1.0,1.0,1.0,1.0
477.0,1.0,1.0,1.0,1.0,1.0,1.0,1.0
477.05,1.0,1.0,1.0,1.0,1.0,1.0,1.0
477.1,1.0,1.0,1.0,1.0,1.0,1.0,1.0
477.15000000000003,1.0,1.0,1.0,1.0,1.0,1.0,1.0
477.20000000000005,1.0,1.0,1.0,1.0,1.0,1.0,1.0
477.25,1.0,1.0,1.0,1.0,1.0,1.0,1.0
477.3,1.0,1.0,1.0,1.0,1.0,1.0,1.0
477.35,1.0,1.0,1.0,1.0,1.0,1.0,1.0
477.40000000000003,1.0,1.0,1.0,1.0,1.0,1.0,1.0
477.45000000000005,1.0,1.0,1.0,1.0,1.0,1.0,1.0
477.5,1.0,1.0,1.0,1.0,1.0,1.0,1.0
477.55,1.0,1.0,1.0,1.0,1.0,1.0,1.0
477.6,1.0,1.0,1.0,1.0,1.0,1.0,1.0
477.65000000000003,1.0,1.0,1.0,1.0,1.0,1.0,1.0
477.70000000000005,1.0,1.0,1.0,1.0,1.0,1.0,1.0
477.75,1.0,1.0,1.0,1.0,1.0,1.0,1.0
477.8,1.0,1.0,1.0,1.0,1.0,1.0,1.0
477.85,1.0,1.0,1.0,1.0,1.0,1.0,1.0
477.90000000000003,1.0,1.0,1.0,1.0,1.0,1.0,1.0
477.95000000000005,1.0,1.0,1.0,1.0,1.0,1.0,1.0
478.0,1.0,1.0,1.0,1.0,1.0,1.0,1.0
478.05,1.0,1.0,1.0,1.0,1.0,1.0,1.0
478.1,1.0,1.0,1.0,1.0,1.0,1.0,1.0
478.15000000000003,1.0,1.0,1.0,1.0,1.0,1.0,1.0
478.20000000000005,1.0,1.0,1.0,1.0,1.0,1.0,1.0
478.25,1.0,1.0,1.0,1.0,1.0,1.0,1.0
478.3,1.0,1.0,1.0,1.0,1.0,1.0,1.0
478.35,1.0,1.0,1.0,1.0,1.0,1.0,1.0
478.40000000000003,1.0,1.0,1.0,1.0,1.0,1.0,1.0
478.45000000000005,1.0,1.0,1.0,1.0,1.0,1.0,1.0
478.5,1.0,1.0,1.0,1.0,1.0,1.0,1.0
478.55,1.0,1.0,1.0,1.0,1.0,1.0,1.0
478.6,1.0,1.0,1.0,1.0,1.0,1.0,1.0
478.65000000000003,1.0,1.0,1.0,1.0,1.0,1.0,1.0
478.70000000000005,1.0,1.0,1.0,1.0,1.0,1.0,1.0
478.75,1.0,1.0,1.0,1.0,1.0,1.0,1.0
478.8,1.0,1.0,1.0,1.0,1.0,1.0,1.0
478.85,1.0,1.0,1.0,1.0,1.0,1.0,1.0
478.90000000000003,1.0,1.0,1.0,1.0,1.0,1.0,1.0
478.95000000000005,1.0,1.0,1.0,1.0,1.0,1.0,1.0
479.0,1.0,1.0,1.0,1.0,1.0,1.0,1.0
479.05,1.0,1.0,1.0,1.0,1.0,1.0,1.0
479.1,1.0,1.0,1.0,1.0,1.0,1.0,1.0
479.15000000000003,1.0,1.0,1.0,1.0,1.0,1.0,1.0
479.20000000000005,1.0,1.0,1.0,1.0,1.0,1.0,1.0
479.25,1.0,1.0,1.0,1.0,1.0,1.0,1.0
479.3,1.0,1.0,1.0,1.0,1.0,1.0,1.0
479.35,1.0,1.0,1.0,1.0,1.0,1.0,1.0
479.40000000000003,1.0,1.0,1.0,1.0,1.0,1.0,1.0
479.45000000000005,1.0,1.0,1.0,1.0,1.0,1.0,1.0
479.5,1.0,1.0,1.0,1.0,1.0,1.0,1.0
479.55,1.0,1.0,1.0,1.0,1.0,1.0,1.0
479.6,1.0,1.0,1.0,1.0,1.0,1.0,1.0
479.65000000000003,1.0,1.0,1.0,1.0,1.0,1.0,1.0
479.70000000000005,1.0,1.0,1.0,1.0,1.0,1.0,1.0
479.75,1.0,1.0,1.0,1.0,1.0,1.0,1.0
479.8,1.0,1.0,1.0,1.0,1.0,1.0,1.0
479.85,1.0,1.0,1.0,1.0,1.0,1.0,1.0
479.90000000000003,1.0,1.0,1.0,1.0,1.0,1.0,1.0
479.95000000000005,1.0,1.0,1.0,1.0,1.0,1.0,1.0
480.0,1.0,1.0,1.0,1.0,1.0,1.0,1.0
