AUC,T50,T80,rule
0.9924335707923803,2.0,5.0,centrality-first
0.9927226966786797,2.0,5.0,impact-first
0.9920368394885214,3.0,6.0,betweenness-first
0.9920938989808635,3.0,7.0,degree-first
0.9922133183516635,3.0,4.0,closeness-first
0.9925062437571209,2.0,5.0,hospital-first
0.9917054639353832,3.0,6.0,random
