AUC,T50,T80,rule
0.9523292923928324,21.0,31.0,centrality-first
0.9537519098544356,18.0,31.0,impact-first
0.9518265505089191,21.0,35.0,betweenness-first
0.9518572744734184,21.0,33.0,degree-first
0.952818847923306,19.0,31.0,closeness-first
0.950933438005778,20.0,29.0,hospital-first
0.9525662461529047,22.0,36.0,random
