tract_id,AUC,T50,T80
6037101110,0.9562292346974205,13.450000000000001,35.6
6037101122,0.9562292346974205,13.450000000000001,35.6
6037101220,0.9825843660210382,6.0,11.8
6037101221,0.9562292346974205,13.450000000000001,35.6
6037101222,0.9562292346974205,13.450000000000001,35.6
6037101300,0.9825843660210382,6.0,11.8
6037101400,0.9562292346974205,13.450000000000001,35.6
6037102103,0.9562292346974205,13.450000000000001,35.6
6037102104,0.9649627319357549,12.25,18.400000000000002
6037102105,0.9649627319357549,12.25,18.400000000000002
6037102107,0.9562292346974205,13.450000000000001,35.6
6037103101,0.9562292346974205,13.450000000000001,35.6
6037103102,0.9562292346974205,13.450000000000001,35.6
6037103201,0.9562292346974205,13.450000000000001,35.6
6037103202,0.9562292346974205,13.450000000000001,35.6
6037103300,0.9562292346974205,13.450000000000001,35.6
6037103401,0.9562292346974205,13.450000000000001,35.6
6037103402,0.9562292346974205,13.450000000000001,35.6
6037104103,0.9562292346974205,13.450000000000001,35.6
6037104105,0.9562292346974205,13.450000000000001,35.6
6037104108,0.9562292346974205,13.450000000000001,35.6
6037104124,0.9562292346974205,13.450000000000001,35.6
6037104201,0.9625788060086656,12.200000000000001,22.400000000000002
6037104203,0.9562292346974205,13.450000000000001,35.6
6037104204,0.9562292346974205,13.450000000000001,35.6
6037104310,0.9625788060086656,12.200000000000001,22.400000000000002
6037104321,0.9625788060086656,12.200000000000001,22.400000000000002
6037104322,0.9625788060086656,12.200000000000001,22.400000000000002
6037104401,0.9625788060086656,12.200000000000001,22.400000000000002
6037104403,0.9625788060086656,12.200000000000001,22.400000000000002
6037104404,0.9625788060086656,12.200000000000001,22.400000000000002
6037104500,0.9562292346974205,13.450000000000001,35.6
6037104610,0.9562292346974205,13.450000000000001,35.6
6037104620,0.9562292346974205,13.450000000000001,35.6
6037104701,0.9562292346974205,13.450000000000001,35.6
6037104703,0.9562292346974205,13.450000000000001,35.6
6037104704,0.9562292346974205,13.450000000000001,35.6
6037104821,0.9562292346974205,13.450000000000001,35.6
6037104822,0.9562292346974205,13.450000000000001,35.6
6037104823,0.9562292346974205,13.450000000000001,35.6
6037104824,0.9562292346974205,13.450000000000001,35.6
6037106010,0.9262259574156011,35.6,43.1
6037106020,0.9267091549014331,35.6,43.050000000000004
6037106111,0.9271180289415296,35.6,43.050000000000004
6037106112,0.9625788060086656,12.200000000000001,22.400000000000002
6037106113,0.9625788060086656,12.200000000000001,22.400000000000002
6037106114,0.9625788060086656,12.200000000000001,22.400000000000002
6037106403,0.9262226301447049,35.6,43.1
6037106405,0.9257933086145107,35.6,43.1
6037106406,0.9250994925092527,35.6,43.150000000000006
6037106407,0.9263947414921929,35.6,43.1
6037106408,0.9262396644420138,35.6,43.1
6037106510,0.9318710904092118,35.6,42.85
6037106520,0.9238295853827517,35.6,43.2
6037106603,0.9297982231721542,35.6,42.900000000000006
6037106604,0.9229678493571678,35.6,43.25
6037106641,0.9300687600347987,35.6,42.85
6037106642,0.9258924300452075,35.6,44.1
6037106643,0.9295223258866178,35.6,42.900000000000006
6037106645,0.9258924300452075,35.6,44.1
6037106646,0.9258924300452075,35.6,44.1
6037106648,0.9625788060086656,12.200000000000001,22.400000000000002
6037106649,0.9625788060086656,12.200000000000001,22.400000000000002
6037107010,0.9260250315093653,35.6,43.1
6037107020,0.9625788060086656,12.200000000000001,22.400000000000002
6037108101,0.969435598397621,11.8,16.6
6037108102,0.969435598397621,11.8,16.6
6037108103,0.9292628438178985,35.6,42.900000000000006
6037108104,0.9292467354366276,35.6,42.900000000000006
6037108202,0.969435598397621,11.8,16.6
6037108203,0.9291100435840907,35.6,42.95
6037108204,0.969435598397621,11.8,16.6
6037109100,0.9625788060086656,12.200000000000001,22.400000000000002
6037109200,0.9258924300452075,35.6,44.1
6037109300,0.9258924300452075,35.6,44.1
6037109400,0.9625788060086656,12.200000000000001,22.400000000000002
6037109500,0.9625788060086656,12.200000000000001,22.400000000000002
6037109601,0.9625788060086656,12.200000000000001,22.400000000000002
6037109603,0.9625788060086656,12.200000000000001,22.400000000000002
6037109604,0.9625788060086656,12.200000000000001,22.400000000000002
6037109700,0.9258924300452075,35.6,44.1
6037109800,0.9258924300452075,35.6,44.1
6037111100,0.9258924300452075,35.6,44.1
6037111201,0.9258924300452075,35.6,44.1
6037111202,0.9258924300452075,35.6,44.1
6037111204,0.969435598397621,11.8,16.6
6037111205,0.969435598397621,11.8,16.6
6037111206,0.969435598397621,11.8,16.6
6037111302,0.969435598397621,11.8,16.6
6037111303,0.9258924300452075,35.6,44.1
6037111304,0.969435598397621,11.8,16.6
6037111401,0.9258924300452075,35.6,44.1
6037111402,0.9258924300452075,35.6,44.1
6037113101,0.969435598397621,11.8,16.6
6037113102,0.969435598397621,11.8,16.6
6037113211,0.969435598397621,11.8,16.6
6037113212,0.969435598397621,11.8,16.6
6037113213,0.969435598397621,11.8,16.6
6037113231,0.9792100279917216,8.6,11.8
6037113232,0.9787958933331691,9.3,11.8
6037113234,0.9787092270202834,9.5,11.8
6037113235,0.9793296011484355,8.450000000000001,11.8
6037113237,0.9791446600729167,8.700000000000001,11.8
6037113238,0.9786730431731367,9.55,11.8
6037113239,0.9788640424042537,9.200000000000001,11.8
6037113301,0.969435598397621,11.8,16.6
6037113303,0.969435598397621,11.8,16.6
6037113322,0.969435598397621,11.8,16.6
6037113323,0.969435598397621,11.8,16.6
6037113324,0.969435598397621,11.8,16.6
6037113423,0.969435598397621,11.8,16.6
6037113424,0.969435598397621,11.8,16.6
6037113425,0.969435598397621,11.8,16.6
6037113426,0.969435598397621,11.8,16.6
6037113427,0.9786984197082468,9.5,11.8
6037113428,0.969435598397621,11.8,16.6
6037115101,0.969435598397621,11.8,16.6
6037115103,0.969435598397621,11.8,16.6
6037115104,0.969435598397621,11.8,16.6
6037115202,0.969435598397621,11.8,16.6
6037115203,0.969435598397621,11.8,16.6
6037115204,0.969435598397621,11.8,16.6
6037115301,0.969435598397621,11.8,16.6
6037115302,0.969435598397621,11.8,16.6
6037115401,0.969435598397621,11.8,16.6
6037115403,0.969435598397621,11.8,16.6
6037115404,0.969435598397621,11.8,16.6
6037117101,0.9625788060086656,12.200000000000001,22.400000000000002
6037117102,0.9625788060086656,12.200000000000001,22.400000000000002
6037117201,0.9625788060086656,12.200000000000001,22.400000000000002
6037117202,0.9625788060086656,12.200000000000001,22.400000000000002
6037117301,0.9258924300452075,35.6,44.1
6037117302,0.969435598397621,11.8,16.6
6037117303,0.969435598397621,11.8,16.6
6037117404,0.9625788060086656,12.200000000000001,22.400000000000002
6037117405,0.9625788060086656,12.200000000000001,22.400000000000002
6037117407,0.9625788060086656,12.200000000000001,22.400000000000002
6037117408,0.9625788060086656,12.200000000000001,22.400000000000002
6037117510,0.9625788060086656,12.200000000000001,22.400000000000002
6037117520,0.9625788060086656,12.200000000000001,22.400000000000002
6037117530,0.9625788060086656,12.200000000000001,22.400000000000002
6037119001,0.9562292346974205,13.450000000000001,35.6
6037119003,0.9625788060086656,12.200000000000001,22.400000000000002
6037119004,0.9562292346974205,13.450000000000001,35.6
6037119201,0.9625788060086656,12.200000000000001,22.400000000000002
6037119202,0.9625788060086656,12.200000000000001,22.400000000000002
6037119310,0.9625788060086656,12.200000000000001,22.400000000000002
6037119320,0.9625788060086656,12.200000000000001,22.400000000000002
6037119340,0.9625788060086656,12.200000000000001,22.400000000000002
6037119341,0.9625788060086656,12.200000000000001,22.400000000000002
6037119342,0.9625788060086656,12.200000000000001,22.400000000000002
6037119400,0.9562292346974205,13.450000000000001,35.6
6037119700,0.9562292346974205,13.450000000000001,35.6
6037119801,0.9562292346974205,13.450000000000001,35.6
6037119802,0.9562292346974205,13.450000000000001,35.6
6037119900,0.9562292346974205,13.450000000000001,35.6
6037120010,0.9625788060086656,12.200000000000001,22.400000000000002
6037120020,0.9625788060086656,12.200000000000001,22.400000000000002
6037120030,0.9562292346974205,13.450000000000001,35.6
6037120103,0.9625788060086656,12.200000000000001,22.400000000000002
6037120104,0.9625788060086656,12.200000000000001,22.400000000000002
6037120105,0.9625788060086656,12.200000000000001,22.400000000000002
6037120106,0.9625788060086656,12.200000000000001,22.400000000000002
6037120107,0.9625788060086656,12.200000000000001,22.400000000000002
6037120108,0.9625788060086656,12.200000000000001,22.400000000000002
6037120300,0.9562292346974205,13.450000000000001,35.6
6037120400,0.9562292346974205,13.450000000000001,35.6
6037121010,0.9562292346974205,13.450000000000001,35.6
6037121020,0.9562292346974205,13.450000000000001,35.6
6037121101,0.9562292346974205,13.450000000000001,35.6
6037121102,0.9562292346974205,13.450000000000001,35.6
6037121210,0.9562292346974205,13.450000000000001,35.6
6037121221,0.9562292346974205,13.450000000000001,35.6
6037121222,0.9562292346974205,13.450000000000001,35.6
6037121600,0.9562292346974205,13.450000000000001,35.6
6037121801,0.9562292346974205,13.450000000000001,35.6
6037121802,0.9562292346974205,13.450000000000001,35.6
6037121900,0.9562292346974205,13.450000000000001,35.6
6037122000,0.9562292346974205,13.450000000000001,35.6
6037122120,0.9649627319357549,12.25,18.400000000000002
6037122121,0.9562292346974205,13.450000000000001,35.6
6037122122,0.9562292346974205,13.450000000000001,35.6
6037122200,0.9649627319357549,12.25,18.400000000000002
6037122410,0.9562292346974205,13.450000000000001,35.6
6037122420,0.9649627319357549,12.25,18.400000000000002
6037123010,0.9649627319357549,12.25,18.400000000000002
6037123020,0.9649627319357549,12.25,18.400000000000002
6037123103,0.9649627319357549,12.25,18.400000000000002
6037123104,0.9649627319357549,12.25,18.400000000000002
6037123203,0.9649627319357549,12.25,18.400000000000002
6037123204,0.9649627319357549,12.25,18.400000000000002
6037123205,0.9649627319357549,12.25,18.400000000000002
6037123206,0.9649627319357549,12.25,18.400000000000002
6037123301,0.9649627319357549,12.25,18.400000000000002
6037123303,0.9649627319357549,12.25,18.400000000000002
6037123304,0.9649627319357549,12.25,18.400000000000002
6037123410,0.9562292346974205,13.450000000000001,35.6
6037123420,0.9649627319357549,12.25,18.400000000000002
6037123510,0.9562292346974205,13.450000000000001,35.6
6037123520,0.9649627319357549,12.25,18.400000000000002
6037123601,0.9649627319357549,12.25,18.400000000000002
6037123602,0.9649627319357549,12.25,18.400000000000002
6037123700,0.9649627319357549,12.25,18.400000000000002
6037123800,0.9649627319357549,12.25,18.400000000000002
6037123901,0.9649627319357549,12.25,18.400000000000002
6037123902,0.9649627319357549,12.25,18.400000000000002
6037124000,0.9649627319357549,12.25,18.400000000000002
6037124102,0.9649627319357549,12.25,18.400000000000002
6037124103,0.9649627319357549,12.25,18.400000000000002
6037124104,0.9649627319357549,12.25,18.400000000000002
6037124105,0.9649627319357549,12.25,18.400000000000002
6037124201,0.9649627319357549,12.25,18.400000000000002
6037124203,0.9649627319357549,12.25,18.400000000000002
6037124204,0.9649627319357549,12.25,18.400000000000002
6037124300,0.9649627319357549,12.25,18.400000000000002
6037124400,0.9649627319357549,12.25,18.400000000000002
6037124500,0.9649627319357549,12.25,18.400000000000002
6037124600,0.9649627319357549,12.25,18.400000000000002
6037124700,0.9649627319357549,12.25,18.400000000000002
6037124902,0.9649627319357549,12.25,18.400000000000002
6037124903,0.9649627319357549,12.25,18.400000000000002
6037125101,0.9649627319357549,12.25,18.400000000000002
6037125102,0.9649627319357549,12.25,18.400000000000002
6037125200,0.9649627319357549,12.25,18.400000000000002
6037125310,0.9649627319357549,12.25,18.400000000000002
6037125321,0.9649627319357549,12.25,18.400000000000002
6037125322,0.9649627319357549,12.25,18.400000000000002
6037125402,0.9649627319357549,12.25,18.400000000000002
6037125403,0.9649627319357549,12.25,18.400000000000002
6037125404,0.9649627319357549,12.25,18.400000000000002
6037125501,0.9649627319357549,12.25,18.400000000000002
6037125502,0.9649627319357549,12.25,18.400000000000002
6037125600,0.9649627319357549,12.25,18.400000000000002
6037127102,0.9562292346974205,13.450000000000001,35.6
6037127103,0.9562292346974205,13.450000000000001,35.6
6037127104,0.9562292346974205,13.450000000000001,35.6
6037127210,0.9625788060086656,12.200000000000001,22.400000000000002
6037127220,0.9562292346974205,13.450000000000001,35.6
6037127300,0.969435598397621,11.8,16.6
6037127400,0.969435598397621,11.8,16.6
6037127520,0.9625788060086656,12.200000000000001,22.400000000000002
6037127603,0.9823008589275085,5.800000000000001,11.8
6037127604,0.9822774981122027,5.800000000000001,11.8
6037127605,0.9824150103078773,5.75,11.8
6037127606,0.9822930226099087,5.800000000000001,11.8
6037127711,0.9821916333160693,5.8500000000000005,11.8
6037127712,0.9821642664545354,5.8500000000000005,11.8
6037127803,0.9562292346974205,13.450000000000001,35.6
6037127804,0.983764378125612,5.75,11.8
6037127805,0.983764378125612,5.75,11.8
6037127806,0.983764378125612,5.75,11.8
6037127910,0.9562292346974205,13.450000000000001,35.6
6037127920,0.9562292346974205,13.450000000000001,35.6
6037128101,0.9562292346974205,13.450000000000001,35.6
6037128102,0.9562292346974205,13.450000000000001,35.6
6037128210,0.9649627319357549,12.25,18.400000000000002
6037128220,0.9649627319357549,12.25,18.400000000000002
6037128302,0.983764378125612,5.75,11.8
6037128303,0.983764378125612,5.75,11.8
6037128400,0.983764378125612,5.75,11.8
6037128500,0.9649627319357549,12.25,18.400000000000002
6037128601,0.9649627319357549,12.25,18.400000000000002
6037128602,0.9649627319357549,12.25,18.400000000000002
6037128703,0.9649627319357549,12.25,18.400000000000002
6037128704,0.9649627319357549,12.25,18.400000000000002
6037128801,0.9821284632455978,5.9,11.8
6037128802,0.983764378125612,5.75,11.8
6037128910,0.983764378125612,5.75,11.8
6037131021,0.969435598397621,11.8,16.6
6037131022,0.969435598397621,11.8,16.6
6037131023,0.969435598397621,11.8,16.6
6037131024,0.983764378125612,5.75,11.8
6037131100,0.969435598397621,11.8,16.6
6037131200,0.969435598397621,11.8,16.6
6037131300,0.969435598397621,11.8,16.6
6037131400,0.969435598397621,11.8,16.6
6037131600,0.969435598397621,11.8,16.6
6037131701,0.969435598397621,11.8,16.6
6037131702,0.969435598397621,11.8,16.6
6037131801,0.969435598397621,11.8,16.6
6037131802,0.969435598397621,11.8,16.6
6037131900,0.969435598397621,11.8,16.6
6037132001,0.983764378125612,5.75,11.8
6037132002,0.983764378125612,5.75,11.8
6037132101,0.9825868861555337,5.75,11.8
6037132102,0.9825112234595799,5.75,11.8
6037132301,0.983764378125612,5.75,11.8
6037132302,0.983764378125612,5.75,11.8
6037132501,0.983764378125612,5.75,11.8
6037132502,0.983764378125612,5.75,11.8
6037132700,0.983764378125612,5.75,11.8
6037132900,0.983764378125612,5.75,11.8
6037133000,0.983764378125612,5.75,11.8
6037133101,0.983764378125612,5.75,11.8
6037133102,0.983764378125612,5.75,11.8
6037134001,0.9776467132467027,11.8,11.8
6037134002,0.9776467132467027,11.8,11.8
6037134101,0.969435598397621,11.8,16.6
6037134103,0.9784796063812685,10.05,11.8
6037134104,0.9776467132467027,11.8,11.8
6037134201,0.9776467132467027,11.8,11.8
6037134302,0.9786463893984632,9.65,11.8
6037134303,0.9776467132467027,11.8,11.8
6037134304,0.9784879250192323,10.0,11.8
6037134305,0.9785020577940389,10.0,11.8
6037134306,0.9776467132467027,11.8,11.8
6037134421,0.97896136209549,9.0,11.8
6037134422,0.978680092711136,9.55,11.8
6037134423,0.9788472676827322,9.200000000000001,11.8
6037134424,0.9791701606947532,8.700000000000001,11.8
6037134520,0.9776467132467027,11.8,11.8
6037134521,0.9776467132467027,11.8,11.8
6037134522,0.9776467132467027,11.8,11.8
6037134710,0.9776467132467027,11.8,11.8
6037134720,0.9776467132467027,11.8,11.8
6037134801,0.9776467132467027,11.8,11.8
6037134802,0.9776467132467027,11.8,11.8
6037134901,0.983764378125612,5.75,11.8
6037134904,0.9776467132467027,11.8,11.8
6037134905,0.9776467132467027,11.8,11.8
6037134906,0.9776467132467027,11.8,11.8
6037134907,0.9776467132467027,11.8,11.8
6037135102,0.9776467132467027,11.8,11.8
6037135111,0.9776467132467027,11.8,11.8
6037135113,0.9776467132467027,11.8,11.8
6037135115,0.9776467132467027,11.8,11.8
6037135116,0.9776467132467027,11.8,11.8
6037135201,0.9785102347628497,9.950000000000001,11.8
6037135202,0.9787272566417156,9.450000000000001,11.8
6037135204,0.9789680068334786,9.0,11.8
6037135205,0.9791677812987503,8.700000000000001,11.8
6037137000,0.97887625670753,9.15,11.8
6037137103,0.9776467132467027,11.8,11.8
6037137104,0.9776467132467027,11.8,11.8
6037137202,0.9776467132467027,11.8,11.8
6037137203,0.9784752764482946,10.05,11.8
6037137301,0.9787245831980845,9.450000000000001,11.8
6037137302,0.9790707812236641,8.85,11.8
6037137401,0.9786424094863742,9.65,11.8
6037137402,0.9788786598345296,9.15,11.8
6037137501,0.9776467132467027,11.8,11.8
6037137502,0.9776467132467027,11.8,11.8
6037137504,0.9826390899370916,5.75,11.8
6037138000,0.9788084814059973,9.3,11.8
6037139001,0.983764378125612,5.75,11.8
6037139200,0.983764378125612,5.75,11.8
6037139301,0.983764378125612,5.75,11.8
6037139302,0.983764378125612,5.75,11.8
6037139303,0.983764378125612,5.75,11.8
6037139401,0.983764378125612,5.75,11.8
6037139402,0.983764378125612,5.75,11.8
6037139502,0.983764378125612,5.75,11.8
6037139504,0.983764378125612,5.75,11.8
6037139505,0.983764378125612,5.75,11.8
6037139506,0.983764378125612,5.75,11.8
6037139600,0.983764378125612,5.75,11.8
6037139701,0.9824930399471982,5.75,11.8
6037139703,0.9827181660291581,5.75,11.8
6037139704,0.9824878458543361,5.75,11.8
6037139705,0.9822479093435998,5.800000000000001,11.8
6037139801,0.983764378125612,5.75,11.8
6037139802,0.9826695334276091,5.75,11.8
6037141101,0.9649627319357549,12.25,18.400000000000002
6037141102,0.9649627319357549,12.25,18.400000000000002
6037141201,0.9649627319357549,12.25,18.400000000000002
6037141202,0.9649627319357549,12.25,18.400000000000002
6037141303,0.983764378125612,5.75,11.8
6037141304,0.983764378125612,5.75,11.8
6037141305,0.983764378125612,5.75,11.8
6037141306,0.983764378125612,5.75,11.8
6037141400,0.9822188950660647,5.8500000000000005,11.8
6037141500,0.9821246442556072,5.9,11.8
6037141600,0.9956275735696527,0.0,5.75
6037141700,0.9980911104711517,0.0,1.0
6037143101,0.9906265127434907,5.75,7.050000000000001
6037143102,0.9649627319357549,12.25,18.400000000000002
6037143200,0.9649627319357549,12.25,18.400000000000002
6037143301,0.9649627319357549,12.25,18.400000000000002
6037143302,0.9649627319357549,12.25,18.400000000000002
6037143401,0.9649627319357549,12.25,18.400000000000002
6037143402,0.9649627319357549,12.25,18.400000000000002
6037143500,0.9649627319357549,12.25,18.400000000000002
6037143602,0.9649627319357549,12.25,18.400000000000002
6037143603,0.9649627319357549,12.25,18.400000000000002
6037143605,0.990657527964589,5.75,7.0
6037143606,0.9907284052965033,5.75,6.95
6037143700,0.9899684661354864,5.75,7.7
6037143801,0.9927934907033694,1.3,5.75
6037143802,0.9928484031408353,1.3,5.75
6037143901,0.9927728694401039,1.3,5.75
6037143902,0.9926987664849993,1.3,5.75
6037181000,0.9926421754623639,1.0,6.7
6037181300,0.9926421754623639,1.0,6.7
6037181400,0.9926421754623639,1.0,6.7
6037181500,0.9926421754623639,1.0,6.7
6037181600,0.9926421754623639,1.0,6.7
6037183101,0.9926421754623639,1.0,6.7
6037183103,0.9926421754623639,1.0,6.7
6037183104,0.9926421754623639,1.0,6.7
6037183220,0.9926421754623639,1.0,6.7
6037183221,0.9926421754623639,1.0,6.7
6037183222,0.9926421754623639,1.0,6.7
6037183300,0.9926421754623639,1.0,6.7
6037183401,0.9926421754623639,1.0,6.7
6037183402,0.9883253754582438,5.75,11.700000000000001
6037183510,0.9926421754623639,1.0,6.7
6037183520,0.9926421754623639,1.0,6.7
6037183610,0.9926421754623639,1.0,6.7
6037183620,0.9926421754623639,1.0,6.7
6037183701,0.9926421754623639,1.0,6.7
6037183702,0.9926421754623639,1.0,6.7
6037183810,0.9926421754623639,1.0,6.7
6037183820,0.9950398422697069,0.0,5.75
6037185101,0.9950115669923092,0.0,5.75
6037185102,0.9883253754582438,5.75,11.700000000000001
6037185202,0.9949389654114799,0.0,5.75
6037185203,0.9883253754582438,5.75,11.700000000000001
6037185204,0.9883253754582438,5.75,11.700000000000001
6037185310,0.9946477194277382,0.25,5.75
6037185320,0.9946477194277382,0.25,5.75
6037186100,0.9883253754582438,5.75,11.700000000000001
6037186201,0.9883253754582438,5.75,11.700000000000001
6037186202,0.9883253754582438,5.75,11.700000000000001
6037186203,0.9883253754582438,5.75,11.700000000000001
6037186301,0.9883253754582438,5.75,11.700000000000001
6037186302,0.9883253754582438,5.75,11.700000000000001
6037186401,0.9883253754582438,5.75,11.700000000000001
6037186403,0.9883253754582438,5.75,11.700000000000001
6037186404,0.9883253754582438,5.75,11.700000000000001
6037187101,0.9883253754582438,5.75,11.700000000000001
6037187102,0.9883253754582438,5.75,11.700000000000001
6037187200,0.9883253754582438,5.75,11.700000000000001
6037187300,0.9883253754582438,5.75,11.700000000000001
6037188100,0.9803538958101158,7.45,12.9
6037188201,0.9883253754582438,5.75,11.700000000000001
6037188202,0.9883253754582438,5.75,11.700000000000001
6037188300,0.9883253754582438,5.75,11.700000000000001
6037189101,0.9883253754582438,5.75,11.700000000000001
6037189102,0.9883253754582438,5.75,11.700000000000001
6037189201,0.9883253754582438,5.75,11.700000000000001
6037189202,0.9883253754582438,5.75,11.700000000000001
6037189300,0.9905998847760374,5.75,7.050000000000001
6037189400,0.9899684661354864,5.75,7.7
6037189501,0.9904843887901642,5.75,7.2
6037189502,0.9904452747138381,5.75,7.2
6037189600,0.9899684661354864,5.75,7.7
6037189702,0.9899684661354864,5.75,7.7
6037189703,0.9899684661354864,5.75,7.7
6037189704,0.9899684661354864,5.75,7.7
6037189801,0.9932720707479491,1.25,5.75
6037189802,0.9932720707479491,1.25,5.75
6037189903,0.9932720707479491,1.25,5.75
6037189904,0.994149250271078,0.75,5.75
6037189905,0.9932720707479491,1.25,5.75
6037189906,0.994149250271078,0.75,5.75
6037189907,0.994149250271078,0.75,5.75
6037190101,0.9932720707479491,1.25,5.75
6037190102,0.994149250271078,0.75,5.75
6037190201,0.9940067866030943,0.8,5.75
6037190202,0.9940264132335345,0.8,5.75
6037190302,0.9905845337907577,5.75,7.1000000000000005
6037190303,0.9906591720041964,5.75,7.0
6037190401,0.9907515956081031,5.75,6.9
6037190402,0.9907058763098866,5.75,6.95
6037190510,0.9939483186616341,0.8500000000000001,5.75
6037190520,0.9907748662579636,5.75,6.9
6037190701,0.994035907616007,0.8,5.75
6037190702,0.994149250271078,0.75,5.75
6037190801,0.9940145012388731,0.8,5.75
6037190802,0.994149250271078,0.75,5.75
6037190901,0.9939598622264577,0.8500000000000001,5.75
6037190902,0.9939876679894296,0.8,5.75
6037191000,0.9939845059235636,0.8,5.75
6037191110,0.9939314051221524,0.8500000000000001,5.75
6037191120,0.9939335872104297,0.8500000000000001,5.75
6037191201,0.9883253754582438,5.75,11.700000000000001
6037191203,0.9883253754582438,5.75,11.700000000000001
6037191204,0.9883253754582438,5.75,11.700000000000001
6037191301,0.9883253754582438,5.75,11.700000000000001
6037191302,0.9883253754582438,5.75,11.700000000000001
6037191410,0.9883253754582438,5.75,11.700000000000001
6037191420,0.9883253754582438,5.75,11.700000000000001
6037191500,0.9883253754582438,5.75,11.700000000000001
6037191610,0.9939386105077704,0.8500000000000001,5.75
6037191620,0.9939281915395013,0.8500000000000001,5.75
6037191710,0.9939824034411144,0.8,5.75
6037191720,0.9939626672520959,0.8500000000000001,5.75
6037191810,0.994149250271078,0.75,5.75
6037191820,0.994149250271078,0.75,5.75
6037191901,0.994149250271078,0.75,5.75
6037191902,0.994149250271078,0.75,5.75
6037192001,0.994149250271078,0.75,5.75
6037192002,0.994149250271078,0.75,5.75
6037192300,0.9940298681636599,0.8,5.75
6037192410,0.9939803113475988,0.8,5.75
6037192420,0.9939533200698704,0.8500000000000001,5.75
6037192510,0.9939377404189825,0.8500000000000001,5.75
6037192520,0.9939241865450686,0.8500000000000001,5.75
6037192610,0.9939075713557008,0.8500000000000001,5.75
6037192620,0.9939050411219025,0.8500000000000001,5.75
6037192700,0.9883253754582438,5.75,11.700000000000001
6037194101,0.9932720707479491,1.25,5.75
6037194102,0.9932720707479491,1.25,5.75
6037194200,0.9932720707479491,1.25,5.75
6037194300,0.9929115685615444,1.3,5.75
6037194401,0.994149250271078,0.75,5.75
6037194402,0.9940067344715267,0.8,5.75
6037194500,0.9940046890340218,0.8,5.75
6037195100,0.9883253754582438,5.75,11.700000000000001
6037195201,0.9883253754582438,5.75,11.700000000000001
6037195202,0.9883253754582438,5.75,11.700000000000001
6037195300,0.9883253754582438,5.75,11.700000000000001
6037195400,0.9883253754582438,5.75,11.700000000000001
6037195500,0.9883253754582438,5.75,11.700000000000001
6037195600,0.9883253754582438,5.75,11.700000000000001
6037195710,0.994992325872523,0.0,5.75
6037195720,0.9949604480086243,0.0,5.75
6037195802,0.9883253754582438,5.75,11.700000000000001
6037195803,0.9883253754582438,5.75,11.700000000000001
6037195804,0.9883253754582438,5.75,11.700000000000001
6037195901,0.9883253754582438,5.75,11.700000000000001
6037195902,0.9883253754582438,5.75,11.700000000000001
6037195903,0.9883253754582438,5.75,11.700000000000001
6037197200,0.9946477194277382,0.25,5.75
6037197300,0.9949108360849509,0.05,5.75
6037197410,0.9883253754582438,5.75,11.700000000000001
6037197420,0.9883253754582438,5.75,11.700000000000001
6037197500,0.9949211194772314,0.0,5.75
6037197600,0.9946477194277382,0.25,5.75
6037197700,0.9946477194277382,0.25,5.75
6037199001,0.9946477194277382,0.25,5.75
6037199002,0.9946477194277382,0.25,5.75
6037199110,0.9949205232005791,0.0,5.75
6037199120,0.9946477194277382,0.25,5.75
6037199201,0.9946477194277382,0.25,5.75
6037199202,0.9946477194277382,0.25,5.75
6037199300,0.9949771710717225,0.0,5.75
6037199400,0.9949146961251999,0.05,5.75
6037199700,0.9946477194277382,0.25,5.75
6037199801,0.9946477194277382,0.25,5.75
6037199802,0.9946477194277382,0.25,5.75
6037199900,0.9946477194277382,0.25,5.75
6037201110,0.9986144763112216,0.0,0.75
6037201120,0.9986139210843813,0.0,0.75
6037201200,0.9986111691160864,0.0,0.75
6037201301,0.9950057709683418,0.0,5.75
6037201302,0.9946477194277382,0.25,5.75
6037201401,0.9987075620870147,0.0,0.7000000000000001
6037201402,0.9987200997106557,0.0,0.65
6037201501,0.9986078911004745,0.0,0.75
6037201503,0.9986077242730994,0.0,0.75
6037201504,0.9986040260680524,0.0,0.75
6037201601,0.9985972744772479,0.0,0.75
6037201602,0.9985992747486884,0.0,0.75
6037201700,0.9985880306849774,0.0,0.75
6037203100,0.9987315293086917,0.0,0.65
6037203200,0.9987572413056779,0.0,0.65
6037203300,0.9946477194277382,0.25,5.75
6037203500,0.9946477194277382,0.25,5.75
6037203601,0.9987266838682601,0.0,0.65
6037203602,0.9961570007691966,0.0,5.75
6037203710,0.9987572413056779,0.0,0.65
6037203720,0.9987572413056779,0.0,0.65
6037203800,0.9987572413056779,0.0,0.65
6037203900,0.9987572413056779,0.0,0.65
6037204110,0.9987572413056779,0.0,0.65
6037204120,0.9987310501379231,0.0,0.65
6037204200,0.9987572413056779,0.0,0.65
6037204300,0.9961570007691966,0.0,5.75
6037204410,0.9961570007691966,0.0,5.75
6037204420,0.9961570007691966,0.0,5.75
6037204600,0.9961570007691966,0.0,5.75
6037204700,0.9961570007691966,0.0,5.75
6037204810,0.9971079416228769,0.0,1.4500000000000002
6037204820,0.9971079416228769,0.0,1.4500000000000002
6037204910,0.9971079416228769,0.0,1.4500000000000002
6037204920,0.9971079416228769,0.0,1.4500000000000002
6037205110,0.9971079416228769,0.0,1.4500000000000002
6037205120,0.9971079416228769,0.0,1.4500000000000002
6037206010,0.9946477194277382,0.25,5.75
6037206020,0.9946477194277382,0.25,5.75
6037206050,0.9961570007691966,0.0,5.75
6037206051,0.9961570007691966,0.0,5.75
6037206052,0.9961570007691966,0.0,5.75
6037206053,0.9961570007691966,0.0,5.75
6037206054,0.9961570007691966,0.0,5.75
6037206201,0.9961570007691966,0.0,5.75
6037206202,0.9961570007691966,0.0,5.75
6037206301,0.9961570007691966,0.0,5.75
6037206302,0.9961570007691966,0.0,5.75
6037206303,0.9961570007691966,0.0,5.75
6037207101,0.9946477194277382,0.25,5.75
6037207102,0.9946477194277382,0.25,5.75
6037207103,0.9946477194277382,0.25,5.75
6037207303,0.9961570007691966,0.0,5.75
6037207304,0.9961570007691966,0.0,5.75
6037207305,0.9961570007691966,0.0,5.75
6037207306,0.9961570007691966,0.0,5.75
6037207307,0.9961570007691966,0.0,5.75
6037207308,0.9961570007691966,0.0,5.75
6037207400,0.9946477194277382,0.25,5.75
6037207501,0.9946477194277382,0.25,5.75
6037207502,0.9961570007691966,0.0,5.75
6037207711,0.9961570007691966,0.0,5.75
6037207712,0.9961570007691966,0.0,5.75
6037207901,0.9961570007691966,0.0,5.75
6037207902,0.9961570007691966,0.0,5.75
6037208001,0.9946477194277382,0.25,5.75
6037208002,0.9949119225144696,0.05,5.75
6037208301,0.994973211498955,0.0,5.75
6037208302,0.994950618001541,0.0,5.75
6037208401,0.9949906806581802,0.0,5.75
6037208402,0.9949716258653092,0.0,5.75
6037208501,0.995005564584882,0.0,5.75
6037208502,0.9950165035177253,0.0,5.75
6037208610,0.9883253754582438,5.75,11.700000000000001
6037208620,0.9950351687161165,0.0,5.75
6037208710,0.9946477194277382,0.25,5.75
6037208720,0.9946477194277382,0.25,5.75
6037208801,0.9950315467378328,0.0,5.75
6037208802,0.9950392884903464,0.0,5.75
6037208902,0.9950160344100144,0.0,5.75
6037208903,0.9950163575805667,0.0,5.75
6037208904,0.9949999688803868,0.0,5.75
6037209103,0.9949704592495937,0.0,5.75
6037209104,0.9949800927039738,0.0,5.75
6037209105,0.9949903311249801,0.0,5.75
6037209106,0.9961570007691966,0.0,5.75
6037209201,0.9961570007691966,0.0,5.75
6037209202,0.9949505809502283,0.0,5.75
6037209300,0.9961570007691966,0.0,5.75
6037209401,0.9961570007691966,0.0,5.75
6037209402,0.9961570007691966,0.0,5.75
6037209403,0.9961570007691966,0.0,5.75
6037209510,0.9961570007691966,0.0,5.75
6037209520,0.9961570007691966,0.0,5.75
6037209810,0.9961570007691966,0.0,5.75
6037209820,0.9961570007691966,0.0,5.75
6037210010,0.9961570007691966,0.0,5.75
6037211000,0.9939884543913059,0.8,5.75
6037211121,0.9883253754582438,5.75,11.700000000000001
6037211122,0.9883253754582438,5.75,11.700000000000001
6037211123,0.9946477194277382,0.25,5.75
6037211124,0.9883253754582438,5.75,11.700000000000001
6037211201,0.9939083078227818,0.8500000000000001,5.75
6037211202,0.9938979477035503,0.8500000000000001,5.75
6037211310,0.9939043667358444,0.8500000000000001,5.75
6037211320,0.9938946172569928,0.8500000000000001,5.75
6037211410,0.9939295604679599,0.8500000000000001,5.75
6037211420,0.9939175644578186,0.8500000000000001,5.75
6037211500,0.9939537418829105,0.8500000000000001,5.75
6037211701,0.9939439530558359,0.8500000000000001,5.75
6037211703,0.993930731614407,0.8500000000000001,5.75
6037211704,0.9939224615963934,0.8500000000000001,5.75
6037211802,0.9939073280913698,0.8500000000000001,5.75
6037211803,0.993907915128103,0.8500000000000001,5.75
6037211804,0.993918196855489,0.8500000000000001,5.75
6037211910,0.9938996938813649,0.8500000000000001,5.75
6037211921,0.9938882669609469,0.8500000000000001,5.75
6037211922,0.9938932245455836,0.8500000000000001,5.75
6037212101,0.9938863886016375,0.8500000000000001,5.75
6037212102,0.9938946317656764,0.8500000000000001,5.75
6037212202,0.9961570007691966,0.0,5.75
6037212203,0.9946477194277382,0.25,5.75
6037212204,0.9946477194277382,0.25,5.75
6037212303,0.9938804783644086,0.8500000000000001,5.75
6037212304,0.9938881398206523,0.8500000000000001,5.75
6037212305,0.9938829659138175,0.8500000000000001,5.75
6037212306,0.9938766205798883,0.9,5.75
6037212410,0.9938954428995668,0.8500000000000001,5.75
6037212420,0.9938891218108861,0.8500000000000001,5.75
6037212501,0.9938947368534106,0.8500000000000001,5.75
6037212502,0.9939025357128307,0.8500000000000001,5.75
6037212610,0.9939186004435019,0.8500000000000001,5.75
6037212620,0.9939086237454349,0.8500000000000001,5.75
6037212701,0.9939137479537464,0.8500000000000001,5.75
6037212702,0.9939381463303021,0.8500000000000001,5.75
6037212800,0.997437455271824,0.0,1.4000000000000001
6037212900,0.997437455271824,0.0,1.4000000000000001
6037213100,0.9938949526405919,0.8500000000000001,5.75
6037213201,0.9938871214725948,0.8500000000000001,5.75
6037213202,0.9938806107090025,0.8500000000000001,5.75
6037213310,0.9938746958157745,0.9,5.75
6037213320,0.9961570007691966,0.0,5.75
6037213401,0.9961570007691966,0.0,5.75
6037213402,0.9961570007691966,0.0,5.75
6037214000,0.994149250271078,0.75,5.75
6037214100,0.994149250271078,0.75,5.75
6037214400,0.994149250271078,0.75,5.75
6037214501,0.9940184520922577,0.8,5.75
6037214503,0.9939996278452105,0.8,5.75
6037214504,0.9940053750321713,0.8,5.75
6037214505,0.9940168765228418,0.8,5.75
6037214600,0.9940013012817751,0.8,5.75
6037214700,0.9939725203761477,0.8500000000000001,5.75
6037214800,0.9980911104711517,0.0,1.0
6037214902,0.9980911104711517,0.0,1.0
6037214903,0.9980911104711517,0.0,1.0
6037214904,0.9980911104711517,0.0,1.0
6037215101,0.9939817235461202,0.8,5.75
6037215102,0.9939931745523654,0.8,5.75
6037216100,0.9939474994219569,0.8500000000000001,5.75
6037216201,0.997437455271824,0.0,1.4000000000000001
6037216202,0.997437455271824,0.0,1.4000000000000001
6037216301,0.997437455271824,0.0,1.4000000000000001
6037216302,0.997437455271824,0.0,1.4000000000000001
6037216401,0.997437455271824,0.0,1.4000000000000001
6037216402,0.9980911104711517,0.0,1.0
6037216700,0.997437455271824,0.0,1.4000000000000001
6037216800,0.997437455271824,0.0,1.4000000000000001
6037216901,0.997437455271824,0.0,1.4000000000000001
6037216902,0.997437455271824,0.0,1.4000000000000001
6037217001,0.997437455271824,0.0,1.4000000000000001
6037217002,0.997437455271824,0.0,1.4000000000000001
6037217101,0.997437455271824,0.0,1.4000000000000001
6037217102,0.997437455271824,0.0,1.4000000000000001
6037217200,0.997437455271824,0.0,1.4000000000000001
6037218110,0.997437455271824,0.0,1.4000000000000001
6037218120,0.997437455271824,0.0,1.4000000000000001
6037218210,0.997437455271824,0.0,1.4000000000000001
6037218220,0.997437455271824,0.0,1.4000000000000001
6037218300,0.997437455271824,0.0,1.4000000000000001
6037218400,0.997437455271824,0.0,1.4000000000000001
6037218500,0.997437455271824,0.0,1.4000000000000001
6037218600,0.997437455271824,0.0,1.4000000000000001
6037218701,0.997437455271824,0.0,1.4000000000000001
6037218702,0.997437455271824,0.0,1.4000000000000001
6037218800,0.997437455271824,0.0,1.4000000000000001
6037218900,0.997437455271824,0.0,1.4000000000000001
6037219010,0.997437455271824,0.0,1.4000000000000001
6037219020,0.9992180617904491,0.0,0.0
6037219300,0.997437455271824,0.0,1.4000000000000001
6037219500,0.9992372353216151,0.0,0.0
6037219700,0.997437455271824,0.0,1.4000000000000001
6037219800,0.997437455271824,0.0,1.4000000000000001
6037219901,0.997437455271824,0.0,1.4000000000000001
6037219902,0.997437455271824,0.0,1.4000000000000001
6037220000,0.997437455271824,0.0,1.4000000000000001
6037220100,0.997437455271824,0.0,1.4000000000000001
6037221110,0.9961570007691966,0.0,5.75
6037221120,0.9961570007691966,0.0,5.75
6037221210,0.997437455271824,0.0,1.4000000000000001
6037221220,0.9961570007691966,0.0,5.75
6037221302,0.997437455271824,0.0,1.4000000000000001
6037221303,0.997437455271824,0.0,1.4000000000000001
6037221304,0.997437455271824,0.0,1.4000000000000001
6037221401,0.997437455271824,0.0,1.4000000000000001
6037221402,0.997437455271824,0.0,1.4000000000000001
6037221500,0.997437455271824,0.0,1.4000000000000001
6037221601,0.9961570007691966,0.0,5.75
6037221602,0.9961570007691966,0.0,5.75
6037221710,0.9961570007691966,0.0,5.75
6037221810,0.9961570007691966,0.0,5.75
6037221820,0.9961570007691966,0.0,5.75
6037221900,0.9961570007691966,0.0,5.75
6037222001,0.997437455271824,0.0,1.4000000000000001
6037222002,0.9992106073831576,0.0,0.0
6037222100,0.9992008638133715,0.0,0.0
6037222200,0.997437455271824,0.0,1.4000000000000001
6037222500,0.9992045158647389,0.0,0.0
6037222600,0.9961570007691966,0.0,5.75
6037222700,0.9961570007691966,0.0,5.75
6037224010,0.9961570007691966,0.0,5.75
6037224020,0.9961570007691966,0.0,5.75
6037224200,0.9961570007691966,0.0,5.75
6037224310,0.9961570007691966,0.0,5.75
6037224320,0.9961570007691966,0.0,5.75
6037224410,0.9961570007691966,0.0,5.75
6037224420,0.9961570007691966,0.0,5.75
6037224600,0.9961570007691966,0.0,5.75
6037224701,0.9961570007691966,0.0,5.75
6037224702,0.9961570007691966,0.0,5.75
6037226001,0.9961570007691966,0.0,5.75
6037226002,0.9961570007691966,0.0,5.75
6037226410,0.9961570007691966,0.0,5.75
6037226420,0.9961570007691966,0.0,5.75
6037226701,0.9961570007691966,0.0,5.75
6037226702,0.9961570007691966,0.0,5.75
6037227010,0.9961570007691966,0.0,5.75
6037227020,0.9961570007691966,0.0,5.75
6037228100,0.9988377793704418,0.0,0.75
6037228210,0.9988335794342845,0.0,0.7000000000000001
6037228220,0.9988351649881861,0.0,0.75
6037228310,0.9988307569475519,0.0,0.7000000000000001
6037228320,0.9988307837432733,0.0,0.7000000000000001
6037228410,0.9961570007691966,0.0,5.75
6037228420,0.998828829905601,0.0,0.7000000000000001
6037228500,0.9988296702856679,0.0,0.7000000000000001
6037228600,0.9988318778877089,0.0,0.7000000000000001
6037228710,0.9988344360763153,0.0,0.7000000000000001
6037228720,0.9988364422947102,0.0,0.75
6037228800,0.998840462413015,0.0,0.75
6037228900,0.9988397792847012,0.0,0.75
6037229100,0.9988350113426212,0.0,0.75
6037229200,0.9988320441070286,0.0,0.7000000000000001
6037229300,0.998829615077368,0.0,0.7000000000000001
6037229410,0.9988295106707438,0.0,0.7000000000000001
6037229420,0.9988318523472538,0.0,0.7000000000000001
6037231100,0.9961570007691966,0.0,5.75
6037231210,0.9992029017614857,0.0,0.0
6037231220,0.9961570007691966,0.0,5.75
6037231301,0.9992054049720431,0.0,0.0
6037231302,0.9992087491133685,0.0,0.0
6037231400,0.9992146762522982,0.0,0.0
6037231500,0.9992157983426149,0.0,0.0
6037231601,0.9992079961363363,0.0,0.0
6037231602,0.9992046623947032,0.0,0.0
6037231603,0.9992016888095131,0.0,0.0
6037231710,0.9961570007691966,0.0,5.75
6037231720,0.998826752258067,0.0,0.7000000000000001
6037231800,0.9988278132335596,0.0,0.7000000000000001
6037231901,0.9988282450697291,0.0,0.7000000000000001
6037231902,0.9988278399452472,0.0,0.7000000000000001
6037232110,0.9994890944365203,0.0,0.0
6037232120,0.9988269076394796,0.0,0.7000000000000001
6037232200,0.9992053679131555,0.0,0.0
6037232300,0.9992058851684273,0.0,0.0
6037232401,0.9992147439404205,0.0,0.0
6037232402,0.9992210511097409,0.0,0.0
6037232500,0.9975512170339377,0.0,1.4000000000000001
6037232601,0.9994928966837132,0.0,0.0
6037232602,0.9994923436753108,0.0,0.0
6037232701,0.9994915320945403,0.0,0.0
6037232702,0.9978529025979712,0.0,1.1500000000000001
6037232800,0.998827962287249,0.0,0.7000000000000001
6037234001,0.9992277670511792,0.0,0.0
6037234002,0.9992229450257617,0.0,0.0
6037234200,0.9992336086761445,0.0,0.0
6037234301,0.9992454600697932,0.0,0.0
6037234302,0.9992361574633503,0.0,0.0
6037234501,0.9992380458539757,0.0,0.0
6037234502,0.9992367694761549,0.0,0.0
6037234600,0.9975512170339377,0.0,1.4000000000000001
6037234700,0.9975512170339377,0.0,1.4000000000000001
6037234800,0.9975512170339377,0.0,1.4000000000000001
6037234901,0.9975512170339377,0.0,1.4000000000000001
6037234902,0.9975512170339377,0.0,1.4000000000000001
6037235100,0.9975512170339377,0.0,1.4000000000000001
6037235201,0.9995030636270599,0.0,0.0
6037235202,0.9975512170339377,0.0,1.4000000000000001
6037236001,0.9991367077343799,0.0,0.0
6037236101,0.999248771941184,0.0,0.0
6037236102,0.9992625446406328,0.0,0.0
6037236203,0.9992491359856458,0.0,0.0
6037236204,0.9992631143968463,0.0,0.0
6037236205,0.9992639340978198,0.0,0.0
6037236206,0.9992558745453888,0.0,0.0
6037236400,0.9993019198082818,0.0,0.0
6037237101,0.9994944742347261,0.0,0.0
6037237102,0.9978529025979712,0.0,1.1500000000000001
6037237201,0.9994955545296733,0.0,0.0
6037237202,0.9994964691027258,0.0,0.0
6037237300,0.9995010428117822,0.0,0.0
6037237401,0.9994987170551977,0.0,0.0
6037237402,0.9994999790422736,0.0,0.0
6037237500,0.999497487738671,0.0,0.0
6037237600,0.9978529025979712,0.0,1.1500000000000001
6037237710,0.9994993308941694,0.0,0.0
6037237720,0.9995010480363857,0.0,0.0
6037237800,0.9995044868617888,0.0,0.0
6037237900,0.9995070325762303,0.0,0.0
6037238000,0.9995366700343787,0.0,0.0
6037238100,0.9995148821675071,0.0,0.0
6037238200,0.9995104899877207,0.0,0.0
6037238310,0.9995026800926622,0.0,0.0
6037238320,0.9995046492547256,0.0,0.0
6037238400,0.9995366700343787,0.0,0.0
6037239201,0.9978529025979712,0.0,1.1500000000000001
6037239202,0.9978529025979712,0.0,1.1500000000000001
6037239310,0.9978529025979712,0.0,1.1500000000000001
6037239320,0.9978529025979712,0.0,1.1500000000000001
6037239330,0.9978529025979712,0.0,1.1500000000000001
6037239501,0.9978529025979712,0.0,1.1500000000000001
6037239502,0.9978529025979712,0.0,1.1500000000000001
6037239601,0.9978529025979712,0.0,1.1500000000000001
6037239602,0.9978529025979712,0.0,1.1500000000000001
6037239701,0.9978529025979712,0.0,1.1500000000000001
6037239702,0.9978529025979712,0.0,1.1500000000000001
6037239801,0.9978529025979712,0.0,1.1500000000000001
6037239802,0.9978529025979712,0.0,1.1500000000000001
6037240010,0.9978529025979712,0.0,1.1500000000000001
6037240020,0.9978529025979712,0.0,1.1500000000000001
6037240200,0.9978529025979712,0.0,1.1500000000000001
6037240301,0.9978529025979712,0.0,1.1500000000000001
6037240302,0.9995095043394191,0.0,0.0
6037240401,0.9995086441153607,0.0,0.0
6037240402,0.9995086426022091,0.0,0.0
6037240500,0.9978529025979712,0.0,1.1500000000000001
6037240600,0.9978529025979712,0.0,1.1500000000000001
6037240700,0.9978529025979712,0.0,1.1500000000000001
6037240800,0.9978529025979712,0.0,1.1500000000000001
6037240901,0.9978529025979712,0.0,1.1500000000000001
6037240902,0.9978529025979712,0.0,1.1500000000000001
6037241001,0.9978529025979712,0.0,1.1500000000000001
6037241002,0.9978529025979712,0.0,1.1500000000000001
6037241110,0.9978529025979712,0.0,1.1500000000000001
6037241120,0.9978529025979712,0.0,1.1500000000000001
6037241201,0.9995081711828253,0.0,0.0
6037241202,0.9994203917102088,0.0,0.0
6037241300,0.999418632399148,0.0,0.0
6037241400,0.9978529025979712,0.0,1.1500000000000001
6037242000,0.9978529025979712,0.0,1.1500000000000001
6037242100,0.9978529025979712,0.0,1.1500000000000001
6037242201,0.9978529025979712,0.0,1.1500000000000001
6037242202,0.9978529025979712,0.0,1.1500000000000001
6037242300,0.9978529025979712,0.0,1.1500000000000001
6037242600,0.9978529025979712,0.0,1.1500000000000001
6037242700,0.9978529025979712,0.0,1.1500000000000001
6037243001,0.9978529025979712,0.0,1.1500000000000001
6037243002,0.9978529025979712,0.0,1.1500000000000001
6037243100,0.9978529025979712,0.0,1.1500000000000001
6037261102,0.9980911104711517,0.0,1.0
6037261103,0.992895785868894,1.3,5.75
6037261104,0.9980911104711517,0.0,1.0
6037261200,0.9980911104711517,0.0,1.0
6037262100,0.9956275735696527,0.0,5.75
6037262200,0.9956275735696527,0.0,5.75
6037262301,0.9956275735696527,0.0,5.75
6037262302,0.9956275735696527,0.0,5.75
6037262303,0.9956275735696527,0.0,5.75
6037262400,0.9956275735696527,0.0,5.75
6037262501,0.9956275735696527,0.0,5.75
6037262601,0.9956275735696527,0.0,5.75
6037262604,0.9956275735696527,0.0,5.75
6037262704,0.9956275735696527,0.0,5.75
6037262706,0.9956275735696527,0.0,5.75
6037262802,0.9956275735696527,0.0,5.75
6037264000,0.9956275735696527,0.0,5.75
6037264102,0.9956275735696527,0.0,5.75
6037264103,0.9986253582106186,0.0,0.8
6037264303,0.9986500177848063,0.0,0.75
6037264304,0.9988179205616066,0.0,0.65
6037264305,0.997750962678492,0.0,1.2000000000000002
6037264306,0.9986214026773624,0.0,0.8
6037265100,0.9980911104711517,0.0,1.0
6037265201,0.9985197781483971,0.0,0.8500000000000001
6037265203,0.9985659509576887,0.0,0.8
6037265204,0.9986031709161204,0.0,0.8
6037265301,0.9985123865229897,0.0,0.8500000000000001
6037265303,0.998553967241113,0.0,0.8
6037265304,0.9985490761136365,0.0,0.8
6037265306,0.998568472149166,0.0,0.8
6037265307,0.9986209900965884,0.0,0.8
6037265410,0.998549097140213,0.0,0.8
6037265420,0.9985169442610958,0.0,0.8500000000000001
6037265521,0.9988179205616066,0.0,0.65
6037265522,0.9986427307562935,0.0,0.75
6037265523,0.9986496709225293,0.0,0.75
6037265524,0.9988179205616066,0.0,0.65
6037265601,0.998570849211493,0.0,0.8
6037265602,0.9985550350809184,0.0,0.8
6037265701,0.9980911104711517,0.0,1.0
6037265702,0.9980911104711517,0.0,1.0
6037267101,0.99854803222667,0.0,0.8
6037267102,0.9984977472660447,0.0,0.8500000000000001
6037267201,0.9988179205616066,0.0,0.65
6037267202,0.9986080764415882,0.0,0.8
6037267300,0.9988179205616066,0.0,0.65
6037267403,0.9988179205616066,0.0,0.65
6037267404,0.9988179205616066,0.0,0.65
6037267405,0.9975318619713056,0.0,1.25
6037267406,0.9988179205616066,0.0,0.65
6037267502,0.9975343773038251,0.0,1.25
6037267503,0.9988179205616066,0.0,0.65
6037267504,0.9975343773038251,0.0,1.25
6037267600,0.9975343773038251,0.0,1.25
6037267700,0.9988179205616066,0.0,0.65
6037267800,0.9985571033168307,0.0,0.8
6037267901,0.9980911104711517,0.0,1.0
6037267902,0.9984935633217387,0.0,0.8500000000000001
6037269000,0.997437455271824,0.0,1.4000000000000001
6037269100,0.9980911104711517,0.0,1.0
6037269300,0.9984534788928147,0.0,0.8500000000000001
6037269500,0.997437455271824,0.0,1.4000000000000001
6037269601,0.997437455271824,0.0,1.4000000000000001
6037269602,0.997437455271824,0.0,1.4000000000000001
6037269700,0.997437455271824,0.0,1.4000000000000001
6037269800,0.997437455271824,0.0,1.4000000000000001
6037269903,0.9990677816067014,0.0,0.05
6037269905,0.9990631487574294,0.0,0.1
6037269906,0.997437455271824,0.0,1.4000000000000001
6037269907,0.997437455271824,0.0,1.4000000000000001
6037269908,0.997437455271824,0.0,1.4000000000000001
6037269909,0.997437455271824,0.0,1.4000000000000001
6037270101,0.997437455271824,0.0,1.4000000000000001
6037270102,0.997437455271824,0.0,1.4000000000000001
6037270200,0.997437455271824,0.0,1.4000000000000001
6037270300,0.997437455271824,0.0,1.4000000000000001
6037271100,0.9985059175905175,0.0,0.8500000000000001
6037271200,0.9977037678150988,0.0,1.2000000000000002
6037271300,0.9977205666528185,0.0,1.2000000000000002
6037271400,0.9977727488654158,0.0,1.2000000000000002
6037271500,0.9977683607697005,0.0,1.2000000000000002
6037271600,0.9977801956971518,0.0,1.1500000000000001
6037271702,0.9977904762320892,0.0,1.1500000000000001
6037271703,0.9978119207528662,0.0,1.1500000000000001
6037271704,0.9984519111274248,0.0,0.8500000000000001
6037271801,0.9990786032395265,0.0,0.0
6037271803,0.999071127023234,0.0,0.05
6037271804,0.9990761944710063,0.0,0.0
6037271901,0.9978127952180251,0.0,1.1500000000000001
6037271902,0.9989662145679755,0.0,0.45
6037272100,0.9989662145679755,0.0,0.45
6037272201,0.9989662145679755,0.0,0.45
6037272202,0.9989662145679755,0.0,0.45
6037272301,0.9989662145679755,0.0,0.45
6037272302,0.9989662145679755,0.0,0.45
6037273100,0.9975209859670243,0.0,1.35
6037273200,0.9975213998443805,0.0,1.35
6037273300,0.9975215545570233,0.0,1.35
6037273403,0.9975219443697331,0.0,1.35
6037273404,0.9975216328717692,0.0,1.35
6037273502,0.9989662145679755,0.0,0.45
6037273600,0.9989662145679755,0.0,0.45
6037273700,0.9989662145679755,0.0,0.45
6037273800,0.9989662145679755,0.0,0.45
6037273902,0.9989662145679755,0.0,0.45
6037274100,0.9989662145679755,0.0,0.45
6037274202,0.9989662145679755,0.0,0.45
6037275101,0.9990414389067535,0.0,0.2
6037275102,0.9990590784958131,0.0,0.1
6037275200,0.9989662145679755,0.0,0.45
6037275311,0.9989662145679755,0.0,0.45
6037275312,0.9989662145679755,0.0,0.45
6037275313,0.9989662145679755,0.0,0.45
6037275400,0.9989662145679755,0.0,0.45
6037275500,0.9989662145679755,0.0,0.45
6037275603,0.9989662145679755,0.0,0.45
6037275604,0.9989662145679755,0.0,0.45
6037275605,0.9989662145679755,0.0,0.45
6037276000,0.9997438624513645,0.0,0.0
6037276101,0.9997438624513645,0.0,0.0
6037276102,0.9997438624513645,0.0,0.0
6037276400,0.9989662145679755,0.0,0.45
6037276500,0.9989662145679755,0.0,0.45
6037276601,0.9989662145679755,0.0,0.45
6037276605,0.9989662145679755,0.0,0.45
6037276606,0.9989662145679755,0.0,0.45
6037276607,0.9989662145679755,0.0,0.45
6037276608,0.9989662145679755,0.0,0.45
6037277000,0.9997438624513645,0.0,0.0
6037277100,0.9997438624513645,0.0,0.0
6037277200,0.9997438624513645,0.0,0.0
6037277400,0.9997438624513645,0.0,0.0
6037278001,0.9997438624513645,0.0,0.0
6037278102,0.9989662145679755,0.0,0.45
6037291110,0.9994192347227506,0.0,0.0
6037291120,0.9994094495130454,0.0,0.0
6037291130,0.9994094495130454,0.0,0.0
6037291210,0.9994094495130454,0.0,0.0
6037291220,0.9994785914171923,0.0,0.0
6037291300,0.9994785914171923,0.0,0.0
6037292001,0.9994785914171923,0.0,0.0
6037292002,0.9994785914171923,0.0,0.0
6037293203,0.9994785914171923,0.0,0.0
6037293204,0.9994785914171923,0.0,0.0
6037293205,0.9994785914171923,0.0,0.0
6037293206,0.9994785914171923,0.0,0.0
6037293301,0.9995433372081792,0.0,0.0
6037293302,0.9995432741898348,0.0,0.0
6037293304,0.9995430551030153,0.0,0.0
6037293306,0.9998211069179513,0.0,0.0
6037293307,0.9998211069179513,0.0,0.0
6037294110,0.999755637572358,0.0,0.0
6037294120,0.999755637572358,0.0,0.0
6037294200,0.999755637572358,0.0,0.0
6037294301,0.999755637572358,0.0,0.0
6037294302,0.9998211069179513,0.0,0.0
6037294410,0.999755637572358,0.0,0.0
6037294421,0.9998211069179513,0.0,0.0
6037294510,0.999755637572358,0.0,0.0
6037294520,0.999755637572358,0.0,0.0
6037294610,0.999755637572358,0.0,0.0
6037294620,0.999755637572358,0.0,0.0
6037294701,0.9998211069179513,0.0,0.0
6037294810,0.9998211069179513,0.0,0.0
6037294820,0.9998211069179513,0.0,0.0
6037294830,0.9998211069179513,0.0,0.0
6037294900,0.9998211069179513,0.0,0.0
6037295103,0.9998211069179513,0.0,0.0
6037296210,0.9998211069179513,0.0,0.0
6037296220,0.9998211069179513,0.0,0.0
6037296300,0.9998211069179513,0.0,0.0
6037296401,0.9998211069179513,0.0,0.0
6037296402,0.9998211069179513,0.0,0.0
6037296500,0.9998211069179513,0.0,0.0
6037296600,0.9998211069179513,0.0,0.0
6037296901,0.9998211069179513,0.0,0.0
6037296902,0.9998211069179513,0.0,0.0
6037297001,0.9998211069179513,0.0,0.0
6037297002,0.9998211069179513,0.0,0.0
6037297110,0.9998211069179513,0.0,0.0
6037297120,0.9998211069179513,0.0,0.0
6037297201,0.9998211069179513,0.0,0.0
6037297202,0.9998211069179513,0.0,0.0
6037297300,0.9998211069179513,0.0,0.0
6037297400,0.9998211069179513,0.0,0.0
6037297501,0.9998211069179513,0.0,0.0
6037297502,0.9998211069179513,0.0,0.0
6037297601,0.9997868862686818,0.0,0.0
6037297602,0.9998211069179513,0.0,0.0
6037300100,0.9825843660210382,6.0,11.8
6037300200,0.9825843660210382,6.0,11.8
6037300301,0.9825843660210382,6.0,11.8
6037300400,0.9825843660210382,6.0,11.8
6037300501,0.9825843660210382,6.0,11.8
6037300503,0.9825843660210382,6.0,11.8
6037300601,0.9825843660210382,6.0,11.8
6037300602,0.9825843660210382,6.0,11.8
6037300701,0.9802542070534973,7.45,12.950000000000001
6037300702,0.9802384041803917,7.45,12.950000000000001
6037300800,0.98700489019854,5.75,11.8
6037300901,0.9926421754623639,1.0,6.7
6037300902,0.9926421754623639,1.0,6.7
6037301000,0.9803217709757188,7.45,12.9
6037301100,0.980337643909158,7.45,12.9
6037301203,0.9803630932426814,7.45,12.9
6037301204,0.9803697560351365,7.45,12.9
6037301205,0.9801752793158137,7.45,12.950000000000001
6037301206,0.9801369736378596,7.45,12.950000000000001
6037301300,0.9802091516137089,7.45,12.950000000000001
6037301400,0.9802238799558322,7.45,12.950000000000001
6037301501,0.9802078153563742,7.45,12.950000000000001
6037301502,0.9801991594536453,7.45,12.950000000000001
6037301601,0.9801559205604318,7.45,12.950000000000001
6037301602,0.9801989933297215,7.45,12.950000000000001
6037301701,0.9805178660733681,7.4,12.850000000000001
6037301702,0.9804330784129989,7.45,12.9
6037301801,0.980375554894094,7.45,12.9
6037301802,0.9803685672538693,7.45,12.9
6037301901,0.9803489456192216,7.45,12.9
6037301902,0.9803338637015696,7.45,12.9
6037302002,0.9803444754219846,7.45,12.9
6037302003,0.9803338430165943,7.45,12.9
6037302004,0.9803277850084793,7.45,12.9
6037302102,0.9883253754582438,5.75,11.700000000000001
6037302103,0.9803249115876596,7.45,12.9
6037302104,0.9803211008084862,7.45,12.9
6037302201,0.980337517672265,7.45,12.9
6037302202,0.9803345124146853,7.45,12.9
6037302301,0.9803685195860964,7.45,12.9
6037302302,0.9803532742491134,7.45,12.9
6037302401,0.9883253754582438,5.75,11.700000000000001
6037302503,0.9883253754582438,5.75,11.700000000000001
6037302504,0.9883253754582438,5.75,11.700000000000001
6037302505,0.9883253754582438,5.75,11.700000000000001
6037302506,0.9883253754582438,5.75,11.700000000000001
6037310100,0.9802561954536946,7.45,12.950000000000001
6037310201,0.9802467747075546,7.45,12.950000000000001
6037310202,0.9802376950046356,7.45,12.950000000000001
6037310300,0.9649627319357549,12.25,18.400000000000002
6037310400,0.9649627319357549,12.25,18.400000000000002
6037310501,0.9649627319357549,12.25,18.400000000000002
6037310601,0.9649627319357549,12.25,18.400000000000002
6037310602,0.9649627319357549,12.25,18.400000000000002
6037310701,0.9802456589749535,7.45,12.950000000000001
6037310703,0.9802254026333822,7.45,12.950000000000001
6037310704,0.9802387934249174,7.45,12.950000000000001
6037310705,0.9802381866275744,7.45,12.950000000000001
6037310800,0.9649627319357549,12.25,18.400000000000002
6037310900,0.9649627319357549,12.25,18.400000000000002
6037311000,0.9649627319357549,12.25,18.400000000000002
6037311100,0.9649627319357549,12.25,18.400000000000002
6037311200,0.9649627319357549,12.25,18.400000000000002
6037311300,0.9649627319357549,12.25,18.400000000000002
6037311400,0.9649627319357549,12.25,18.400000000000002
6037311500,0.9649627319357549,12.25,18.400000000000002
6037311601,0.9906698017606298,5.75,7.0
6037311602,0.9649627319357549,12.25,18.400000000000002
6037311700,0.9802399927887859,7.45,12.950000000000001
6037311801,0.9802232461784794,7.45,12.950000000000001
6037311802,0.9802342538799993,7.45,12.950000000000001
6037320101,0.9625788060086656,12.200000000000001,22.400000000000002
6037320102,0.9625788060086656,12.200000000000001,22.400000000000002
6037320201,0.9625788060086656,12.200000000000001,22.400000000000002
6037320202,0.9625788060086656,12.200000000000001,22.400000000000002
6037320300,0.9625788060086656,12.200000000000001,22.400000000000002
6037400205,0.9994730643214782,0.0,0.0
6037400206,0.9994730643214782,0.0,0.0
6037400207,0.9994730643214782,0.0,0.0
6037400208,0.9994730643214782,0.0,0.0
6037400209,0.9994730643214782,0.0,0.0
6037400304,0.9994730643214782,0.0,0.0
6037400402,0.9994730643214782,0.0,0.0
6037400403,0.9994730643214782,0.0,0.0
6037400404,0.9994730643214782,0.0,0.0
6037400501,0.9957827581682428,0.0,5.75
6037400602,0.9957827581682428,0.0,5.75
6037400603,0.9957827581682428,0.0,5.75
6037400605,0.9957827581682428,0.0,5.75
6037400801,0.9957827581682428,0.0,5.75
6037401001,0.9994730643214782,0.0,0.0
6037401002,0.9957827581682428,0.0,5.75
6037401101,0.9994730643214782,0.0,0.0
6037401102,0.9957827581682428,0.0,5.75
6037401201,0.9994730643214782,0.0,0.0
6037401202,0.9994730643214782,0.0,0.0
6037401203,0.9994730643214782,0.0,0.0
6037401303,0.9994730643214782,0.0,0.0
6037401304,0.9994730643214782,0.0,0.0
6037401311,0.9994730643214782,0.0,0.0
6037401312,0.9994730643214782,0.0,0.0
6037401500,0.9994730643214782,0.0,0.0
6037401601,0.9994730643214782,0.0,0.0
6037401602,0.9994730643214782,0.0,0.0
6037401705,0.9994730643214782,0.0,0.0
6037401706,0.9994730643214782,0.0,0.0
6037401707,0.9994730643214782,0.0,0.0
6037401801,0.9994730643214782,0.0,0.0
6037401802,0.9994730643214782,0.0,0.0
6037401901,0.9994730643214782,0.0,0.0
6037401902,0.9994730643214782,0.0,0.0
6037402001,0.9994730643214782,0.0,0.0
6037402002,0.9994730643214782,0.0,0.0
6037402101,0.9994730643214782,0.0,0.0
6037402102,0.9994730643214782,0.0,0.0
6037402200,0.9994730643214782,0.0,0.0
6037402301,0.9994730643214782,0.0,0.0
6037402303,0.9994730643214782,0.0,0.0
6037402304,0.9994730643214782,0.0,0.0
6037402403,0.9994730643214782,0.0,0.0
6037402404,0.9994730643214782,0.0,0.0
6037402405,0.9994730643214782,0.0,0.0
6037402406,0.9994730643214782,0.0,0.0
6037402501,0.9994730643214782,0.0,0.0
6037402503,0.9994730643214782,0.0,0.0
6037402504,0.9994730643214782,0.0,0.0
6037402601,0.9994730643214782,0.0,0.0
6037402602,0.9994730643214782,0.0,0.0
6037402702,0.9994730643214782,0.0,0.0
6037402703,0.9994730643214782,0.0,0.0
6037402705,0.9994730643214782,0.0,0.0
6037402706,0.9994730643214782,0.0,0.0
6037402801,0.9994730643214782,0.0,0.0
6037402803,0.9994730643214782,0.0,0.0
6037402804,0.9994730643214782,0.0,0.0
6037402902,0.9994730643214782,0.0,0.0
6037402903,0.9994730643214782,0.0,0.0
6037402904,0.9994730643214782,0.0,0.0
6037403000,0.9994730643214782,0.0,0.0
6037403305,0.9994037932606414,0.0,0.0
6037403316,0.9994730643214782,0.0,0.0
6037403317,0.9994730643214782,0.0,0.0
6037403318,0.9994730643214782,0.0,0.0
6037403319,0.9994037932606414,0.0,0.0
6037403320,0.9994037932606414,0.0,0.0
6037403321,0.9994730643214782,0.0,0.0
6037403323,0.9994037932606414,0.0,0.0
6037403324,0.9994037932606414,0.0,0.0
6037403325,0.9994037932606414,0.0,0.0
6037403326,0.9994037932606414,0.0,0.0
6037403327,0.9994037932606414,0.0,0.0
6037403328,0.9994037932606414,0.0,0.0
6037403401,0.9994037932606414,0.0,0.0
6037403402,0.9994037932606414,0.0,0.0
6037403403,0.9994037932606414,0.0,0.0
6037403404,0.9994037932606414,0.0,0.0
6037403407,0.9994037932606414,0.0,0.0
6037403408,0.9994037932606414,0.0,0.0
6037403409,0.9994037932606414,0.0,0.0
6037403500,0.9994037932606414,0.0,0.0
6037403601,0.9994037932606414,0.0,0.0
6037403702,0.9994730643214782,0.0,0.0
6037403703,0.9994730643214782,0.0,0.0
6037403721,0.9957827581682428,0.0,5.75
6037403722,0.9994037932606414,0.0,0.0
6037403801,0.9994730643214782,0.0,0.0
6037403802,0.9994730643214782,0.0,0.0
6037403901,0.9957827581682428,0.0,5.75
6037403902,0.9957827581682428,0.0,5.75
6037404000,0.9957827581682428,0.0,5.75
6037404100,0.9957827581682428,0.0,5.75
6037404201,0.9957827581682428,0.0,5.75
6037404203,0.9957827581682428,0.0,5.75
6037404301,0.9957827581682428,0.0,5.75
6037404302,0.9957827581682428,0.0,5.75
6037404401,0.9957827581682428,0.0,5.75
6037404402,0.9957827581682428,0.0,5.75
6037404501,0.9957827581682428,0.0,5.75
6037404503,0.9957827581682428,0.0,5.75
6037404504,0.9957827581682428,0.0,5.75
6037404600,0.9957827581682428,0.0,5.75
6037404701,0.9957827581682428,0.0,5.75
6037404702,0.9957827581682428,0.0,5.75
6037404703,0.9986310138914981,0.0,0.8
6037404804,0.9957827581682428,0.0,5.75
6037404805,0.9957827581682428,0.0,5.75
6037404806,0.9957827581682428,0.0,5.75
6037404901,0.9957827581682428,0.0,5.75
6037404902,0.9957827581682428,0.0,5.75
6037404903,0.9957827581682428,0.0,5.75
6037405001,0.9957827581682428,0.0,5.75
6037405002,0.9957827581682428,0.0,5.75
6037405101,0.9957827581682428,0.0,5.75
6037405102,0.9957827581682428,0.0,5.75
6037405201,0.9957827581682428,0.0,5.75
6037405202,0.9957827581682428,0.0,5.75
6037405203,0.9957827581682428,0.0,5.75
6037405301,0.9957827581682428,0.0,5.75
6037405302,0.9957827581682428,0.0,5.75
6037405400,0.9957827581682428,0.0,5.75
6037405500,0.9957827581682428,0.0,5.75
6037405600,0.9957827581682428,0.0,5.75
6037405701,0.9957827581682428,0.0,5.75
6037405702,0.9957827581682428,0.0,5.75
6037405800,0.9957827581682428,0.0,5.75
6037405900,0.9957827581682428,0.0,5.75
6037406000,0.9957827581682428,0.0,5.75
6037406101,0.9957827581682428,0.0,5.75
6037406103,0.9957827581682428,0.0,5.75
6037406201,0.9957827581682428,0.0,5.75
6037406300,0.9994037932606414,0.0,0.0
6037406413,0.9984593149942245,0.0,0.8500000000000001
6037406500,0.998468780324492,0.0,0.8500000000000001
6037406601,0.9985054792889658,0.0,0.8500000000000001
6037406602,0.998518171715673,0.0,0.8500000000000001
6037406701,0.9979908429058696,0.0,1.1
6037406702,0.9957827581682428,0.0,5.75
6037406801,0.9957827581682428,0.0,5.75
6037406903,0.9957827581682428,0.0,5.75
6037407001,0.9957827581682428,0.0,5.75
6037407002,0.9986310138914981,0.0,0.8
6037407101,0.9979755749033375,0.0,1.1
6037407102,0.9986310138914981,0.0,0.8
6037407201,0.9978865961140336,0.0,1.1500000000000001
6037407202,0.9978329095885239,0.0,1.1500000000000001
6037407301,0.9979437077722579,0.0,1.1
6037407302,0.9979073357966034,0.0,1.1
6037407400,0.9979793957650124,0.0,1.1
6037407501,0.9979464400156902,0.0,1.1
6037407502,0.998572945022094,0.0,0.8
6037407601,0.9978894755486549,0.0,1.1500000000000001
6037407602,0.9978193667407822,0.0,1.1500000000000001
6037407701,0.9990852094390307,0.0,0.45
6037407702,0.9976608835405982,0.0,1.25
6037407801,0.9986896726161619,0.0,0.75
6037407802,0.9987669542120529,0.0,0.7000000000000001
6037407901,0.9985896568037879,0.0,0.8
6037407902,0.9986089141985679,0.0,0.8
6037408003,0.9985518159057514,0.0,0.8
6037408004,0.9986022951799637,0.0,0.8
6037408005,0.9985015867108735,0.0,0.8500000000000001
6037408006,0.9985751075570951,0.0,0.8
6037408133,0.9986809460611138,0.0,0.75
6037408134,0.9986129938614351,0.0,0.8
6037408135,0.9986305774057815,0.0,0.8
6037408136,0.9994037932606414,0.0,0.0
6037408137,0.9994037932606414,0.0,0.0
6037408138,0.9987841382667865,0.0,0.7000000000000001
6037408139,0.9988041052031901,0.0,0.7000000000000001
6037408140,0.9986863718757195,0.0,0.75
6037408141,0.9994037932606414,0.0,0.0
6037408212,0.9994037932606414,0.0,0.0
6037408213,0.9986004279442925,0.0,0.8
6037408301,0.9986310138914981,0.0,0.8
6037408302,0.9986310138914981,0.0,0.8
6037408303,0.9986310138914981,0.0,0.8
6037408401,0.9978737531558051,0.0,1.1500000000000001
6037408402,0.9986310138914981,0.0,0.8
6037408503,0.9979297317334676,0.0,1.1
6037408504,0.997779387783604,0.0,1.1500000000000001
6037408505,0.9978475793092103,0.0,1.1500000000000001
6037408623,0.9987982851863407,0.0,0.7000000000000001
6037408624,0.9976974721188273,0.0,1.2000000000000002
6037408625,0.9978109280034863,0.0,1.1500000000000001
6037408626,0.9986556187437383,0.0,0.75
6037408627,0.9989400660536129,0.0,0.55
6037408628,0.9978356952843074,0.0,1.1500000000000001
6037408629,0.9978972427352949,0.0,1.1
6037408631,0.9976180425231949,0.0,1.25
6037408703,0.9989400660536129,0.0,0.55
6037408705,0.9994037932606414,0.0,0.0
6037408707,0.9994037932606414,0.0,0.0
6037408722,0.9989400660536129,0.0,0.55
6037408724,0.9985857557882294,0.0,0.8
6037408725,0.9985443729396681,0.0,0.8500000000000001
6037408800,0.9994730643214782,0.0,0.0
6037408900,0.9994730643214782,0.0,0.0
6037409000,0.9994730643214782,0.0,0.0
6037409100,0.9976220026092288,0.0,1.25
6037430003,0.9957827581682428,0.0,5.75
6037430004,0.9957827581682428,0.0,5.75
6037430005,0.9957827581682428,0.0,5.75
6037430101,0.9957827581682428,0.0,5.75
6037430102,0.9957827581682428,0.0,5.75
6037430200,0.9957827581682428,0.0,5.75
6037430301,0.9957827581682428,0.0,5.75
6037430302,0.9957827581682428,0.0,5.75
6037430400,0.9920823867024794,1.1,7.050000000000001
6037430501,0.9920823867024794,1.1,7.050000000000001
6037430502,0.9920823867024794,1.1,7.050000000000001
6037430600,0.9920823867024794,1.1,7.050000000000001
6037430701,0.9920823867024794,1.1,7.050000000000001
6037430721,0.9920823867024794,1.1,7.050000000000001
6037430723,0.9920823867024794,1.1,7.050000000000001
6037430724,0.9920823867024794,1.1,7.050000000000001
6037430801,0.9957827581682428,0.0,5.75
6037430802,0.9957827581682428,0.0,5.75
6037430803,0.9957827581682428,0.0,5.75
6037430901,0.9957827581682428,0.0,5.75
6037430902,0.9957827581682428,0.0,5.75
6037431002,0.9957827581682428,0.0,5.75
6037431003,0.9957827581682428,0.0,5.75
6037431004,0.9957827581682428,0.0,5.75
6037431100,0.9957827581682428,0.0,5.75
6037431200,0.9957827581682428,0.0,5.75
6037431300,0.9957827581682428,0.0,5.75
6037431400,0.9957827581682428,0.0,5.75
6037431501,0.9975015553240788,0.0,1.25
6037431502,0.9957827581682428,0.0,5.75
6037431600,0.9975015553240788,0.0,1.25
6037431701,0.9975015553240788,0.0,1.25
6037431800,0.9975015553240788,0.0,1.25
6037431900,0.9975015553240788,0.0,1.25
6037432001,0.9975015553240788,0.0,1.25
6037432002,0.9975015553240788,0.0,1.25
6037432101,0.9975015553240788,0.0,1.25
6037432102,0.9975015553240788,0.0,1.25
6037432201,0.9975015553240788,0.0,1.25
6037432202,0.9975015553240788,0.0,1.25
6037432300,0.9975015553240788,0.0,1.25
6037432401,0.9957827581682428,0.0,5.75
6037432402,0.9957827581682428,0.0,5.75
6037432501,0.9957827581682428,0.0,5.75
6037432502,0.9957827581682428,0.0,5.75
6037432601,0.9957827581682428,0.0,5.75
6037432602,0.9957827581682428,0.0,5.75
6037432700,0.9986310138914981,0.0,0.8
6037432801,0.9975015553240788,0.0,1.25
6037432802,0.9975015553240788,0.0,1.25
6037432901,0.9975015553240788,0.0,1.25
6037432902,0.9975015553240788,0.0,1.25
6037433103,0.9975015553240788,0.0,1.25
6037433200,0.9986310138914981,0.0,0.8
6037433302,0.9986310138914981,0.0,0.8
6037433304,0.9986310138914981,0.0,0.8
6037433305,0.9986310138914981,0.0,0.8
6037433306,0.9986310138914981,0.0,0.8
6037433307,0.9986310138914981,0.0,0.8
6037433402,0.9986310138914981,0.0,0.8
6037433403,0.9986310138914981,0.0,0.8
6037433505,0.9986310138914981,0.0,0.8
6037433506,0.9986310138914981,0.0,0.8
6037433601,0.9975015553240788,0.0,1.25
6037433602,0.9975015553240788,0.0,1.25
6037433803,0.9986310138914981,0.0,0.8
6037433804,0.9986310138914981,0.0,0.8
6037433901,0.9986310138914981,0.0,0.8
6037433903,0.9986310138914981,0.0,0.8
6037434001,0.9986310138914981,0.0,0.8
6037434003,0.9986310138914981,0.0,0.8
6037434004,0.9986310138914981,0.0,0.8
6037434100,0.9986310138914981,0.0,0.8
6037460001,0.9920823867024794,1.1,7.050000000000001
6037460002,0.9920823867024794,1.1,7.050000000000001
6037460101,0.98700489019854,5.75,11.8
6037460200,0.98700489019854,5.75,11.8
6037460301,0.98700489019854,5.75,11.8
6037460302,0.98700489019854,5.75,11.8
6037460401,0.9825843660210382,6.0,11.8
6037460501,0.9825843660210382,6.0,11.8
6037460502,0.9825843660210382,6.0,11.8
6037460601,0.9825843660210382,6.0,11.8
6037460700,0.98700489019854,5.75,11.8
6037460800,0.9926421754623639,1.0,6.7
6037460900,0.98700489019854,5.75,11.8
6037461000,0.98700489019854,5.75,11.8
6037461100,0.98700489019854,5.75,11.8
6037461200,0.9920823867024794,1.1,7.050000000000001
6037461300,0.9920823867024794,1.1,7.050000000000001
6037461400,0.9920823867024794,1.1,7.050000000000001
6037461501,0.98700489019854,5.75,11.8
6037461502,0.98700489019854,5.75,11.8
6037461600,0.9926421754623639,1.0,6.7
6037461700,0.9926421754623639,1.0,6.7
6037461901,0.9926421754623639,1.0,6.7
6037461902,0.9926421754623639,1.0,6.7
6037462001,0.9926421754623639,1.0,6.7
6037462002,0.9926421754623639,1.0,6.7
6037462100,0.9926421754623639,1.0,6.7
6037462201,0.9926421754623639,1.0,6.7
6037462202,0.9926421754623639,1.0,6.7
6037462301,0.9920823867024794,1.1,7.050000000000001
6037462302,0.9920823867024794,1.1,7.050000000000001
6037462400,0.9920823867024794,1.1,7.050000000000001
6037462500,0.9920823867024794,1.1,7.050000000000001
6037462600,0.9920823867024794,1.1,7.050000000000001
6037462700,0.9920823867024794,1.1,7.050000000000001
6037462800,0.9920823867024794,1.1,7.050000000000001
6037462900,0.9920823867024794,1.1,7.050000000000001
6037463000,0.9920823867024794,1.1,7.050000000000001
6037463103,0.9920823867024794,1.1,7.050000000000001
6037463200,0.9920823867024794,1.1,7.050000000000001
6037463300,0.9920823867024794,1.1,7.050000000000001
6037463400,0.9920823867024794,1.1,7.050000000000001
6037463500,0.9920823867024794,1.1,7.050000000000001
6037463601,0.9926421754623639,1.0,6.7
6037463602,0.9926421754623639,1.0,6.7
6037463700,0.9926421754623639,1.0,6.7
6037463800,0.9926421754623639,1.0,6.7
6037463900,0.9926421754623639,1.0,6.7
6037464000,0.9926421754623639,1.0,6.7
6037464101,0.9920823867024794,1.1,7.050000000000001
6037464102,0.9975015553240788,0.0,1.25
6037464200,0.9920823867024794,1.1,7.050000000000001
6037480002,0.9975015553240788,0.0,1.25
6037480011,0.9920823867024794,1.1,7.050000000000001
6037480012,0.9975015553240788,0.0,1.25
6037480101,0.9975015553240788,0.0,1.25
6037480102,0.9975015553240788,0.0,1.25
6037480201,0.9975015553240788,0.0,1.25
6037480202,0.9975015553240788,0.0,1.25
6037480302,0.9975015553240788,0.0,1.25
6037480303,0.9975015553240788,0.0,1.25
6037480304,0.9975015553240788,0.0,1.25
6037480400,0.9975015553240788,0.0,1.25
6037480500,0.9926421754623639,1.0,6.7
6037480601,0.9926421754623639,1.0,6.7
6037480602,0.9926421754623639,1.0,6.7
6037480702,0.9926421754623639,1.0,6.7
6037480703,0.9926421754623639,1.0,6.7
6037480704,0.9926421754623639,1.0,6.7
6037480802,0.9986047260798345,0.0,0.75
6037480803,0.998611587985429,0.0,0.75
6037480804,0.9986153638697842,0.0,0.75
6037480901,0.9981679273529402,0.0,1.0
6037480902,0.9981955921479654,0.0,1.0
6037480903,0.9982284254124882,0.0,0.9500000000000001
6037481001,0.9975015553240788,0.0,1.25
6037481002,0.9975015553240788,0.0,1.25
6037481101,0.9975015553240788,0.0,1.25
6037481102,0.9975015553240788,0.0,1.25
6037481103,0.9975015553240788,0.0,1.25
6037481201,0.9975015553240788,0.0,1.25
6037481203,0.9975015553240788,0.0,1.25
6037481300,0.9975015553240788,0.0,1.25
6037481401,0.9975015553240788,0.0,1.25
6037481403,0.9975015553240788,0.0,1.25
6037481404,0.9975015553240788,0.0,1.25
6037481500,0.9975015553240788,0.0,1.25
6037481603,0.9975015553240788,0.0,1.25
6037481604,0.9975015553240788,0.0,1.25
6037481605,0.9982461179761603,0.0,0.9500000000000001
6037481606,0.998219028567871,0.0,0.9500000000000001
6037481711,0.9982787327218787,0.0,0.9500000000000001
6037481712,0.9982542960005671,0.0,0.9500000000000001
6037481713,0.9982757019863484,0.0,0.9500000000000001
6037481714,0.9983068371771054,0.0,0.9500000000000001
6037481800,0.9982790348328717,0.0,0.9500000000000001
6037481901,0.9985922978825261,0.0,0.75
6037481902,0.998586807495688,0.0,0.75
6037482001,0.9985550959915606,0.0,0.75
6037482002,0.9985550959915606,0.0,0.75
6037482101,0.9983533589865295,0.0,0.9
6037482102,0.9985084110582061,0.0,0.8500000000000001
6037482201,0.9983473813273499,0.0,0.9
6037482202,0.9983016050147467,0.0,0.9500000000000001
6037482301,0.9975015553240788,0.0,1.25
6037482303,0.9975015553240788,0.0,1.25
6037482304,0.9976910885922413,0.0,1.2000000000000002
6037482401,0.9975015553240788,0.0,1.25
6037482403,0.9976877734056661,0.0,1.2000000000000002
6037482404,0.9976503174258096,0.0,1.2000000000000002
6037482502,0.9976474828413698,0.0,1.2000000000000002
6037482503,0.9976661724167434,0.0,1.2000000000000002
6037482521,0.9975923160564852,0.0,1.25
6037482522,0.9975685233016154,0.0,1.25
6037482600,0.9985084110582061,0.0,0.8500000000000001
6037482701,0.9985084110582061,0.0,0.8500000000000001
6037482702,0.9985084110582061,0.0,0.8500000000000001
6037482801,0.9974132643073301,0.0,1.3
6037500100,0.9989400660536129,0.0,0.55
6037500202,0.9980406256702571,0.0,1.05
6037500203,0.9989400660536129,0.0,0.55
6037500204,0.9989400660536129,0.0,0.55
6037500300,0.9986310138914981,0.0,0.8
6037500402,0.9977586188052994,0.0,1.1500000000000001
6037500403,0.9986310138914981,0.0,0.8
6037500404,0.9977371535132468,0.0,1.1500000000000001
6037500500,0.9977021366072403,0.0,1.2000000000000002
6037500600,0.9977199555108174,0.0,1.2000000000000002
6037500700,0.9977581928454146,0.0,1.1500000000000001
6037500800,0.9978119058182029,0.0,1.2000000000000002
6037500900,0.9977803599566784,0.0,1.1500000000000001
6037501001,0.9978003393598568,0.0,1.1500000000000001
6037501002,0.9986310138914981,0.0,0.8
6037501200,0.9986310138914981,0.0,0.8
6037501301,0.9986310138914981,0.0,0.8
6037501302,0.9986310138914981,0.0,0.8
6037501400,0.9986310138914981,0.0,0.8
6037501501,0.9986310138914981,0.0,0.8
6037501503,0.9986310138914981,0.0,0.8
6037501504,0.9986310138914981,0.0,0.8
6037501600,0.9980310576197652,0.0,1.05
6037501700,0.9994569086285308,0.0,0.0
6037501802,0.9986310138914981,0.0,0.8
6037501803,0.9986310138914981,0.0,0.8
6037501804,0.9986310138914981,0.0,0.8
6037501900,0.9994569086285308,0.0,0.0
6037502003,0.9979350495381716,0.0,1.1500000000000001
6037502004,0.9979350495381716,0.0,1.1500000000000001
6037502005,0.9979350495381716,0.0,1.1500000000000001
6037502100,0.9979350495381716,0.0,1.1500000000000001
6037502200,0.9979350495381716,0.0,1.1500000000000001
6037502303,0.9979350495381716,0.0,1.1500000000000001
6037502401,0.9978119058182029,0.0,1.2000000000000002
6037502402,0.9979350495381716,0.0,1.1500000000000001
6037502500,0.9978119058182029,0.0,1.2000000000000002
6037502602,0.9979350495381716,0.0,1.1500000000000001
6037502603,0.9979350495381716,0.0,1.1500000000000001
6037502604,0.9979350495381716,0.0,1.1500000000000001
6037502700,0.9979350495381716,0.0,1.1500000000000001
6037502801,0.9979350495381716,0.0,1.1500000000000001
6037502901,0.9979350495381716,0.0,1.1500000000000001
6037503000,0.9979350495381716,0.0,1.1500000000000001
6037503103,0.9994569086285308,0.0,0.0
6037503104,0.9994569086285308,0.0,0.0
6037503105,0.9994569086285308,0.0,0.0
6037503106,0.9994569086285308,0.0,0.0
6037503201,0.9994569086285308,0.0,0.0
6037503202,0.9994569086285308,0.0,0.0
6037503301,0.9994569086285308,0.0,0.0
6037503302,0.9994569086285308,0.0,0.0
6037503401,0.9989400660536129,0.0,0.55
6037503402,0.9994569086285308,0.0,0.0
6037503501,0.9994569086285308,0.0,0.0
6037503502,0.9994569086285308,0.0,0.0
6037503601,0.9994569086285308,0.0,0.0
6037503602,0.9994569086285308,0.0,0.0
6037503701,0.9994569086285308,0.0,0.0
6037503702,0.9994569086285308,0.0,0.0
6037503704,0.9994569086285308,0.0,0.0
6037503705,0.9994569086285308,0.0,0.0
6037503801,0.9994569086285308,0.0,0.0
6037503802,0.9994569086285308,0.0,0.0
6037503901,0.9994569086285308,0.0,0.0
6037503902,0.9994569086285308,0.0,0.0
6037504001,0.9994569086285308,0.0,0.0
6037504002,0.9994569086285308,0.0,0.0
6037504101,0.9994569086285308,0.0,0.0
6037504200,0.9979350495381716,0.0,1.1500000000000001
6037530005,0.9974132643073301,0.0,1.3
6037530006,0.9975939251607377,0.0,1.25
6037530007,0.9976299326431356,0.0,1.2000000000000002
6037530101,0.9976729463013289,0.0,1.2000000000000002
6037530102,0.9976434890315312,0.0,1.2000000000000002
6037530202,0.9983017717976544,0.0,0.9500000000000001
6037530203,0.9975975786252004,0.0,1.25
6037530204,0.9976533759343985,0.0,1.2000000000000002
6037530301,0.9985856305928743,0.0,0.75
6037530302,0.9985914462142736,0.0,0.75
6037530400,0.9985550959915606,0.0,0.75
6037530500,0.9985550959915606,0.0,0.75
6037530603,0.9985550959915606,0.0,0.75
6037530700,0.9987572413056779,0.0,0.65
6037530801,0.9987572413056779,0.0,0.65
6037530802,0.9987572413056779,0.0,0.65
6037530901,0.9987572413056779,0.0,0.65
6037530902,0.9987572413056779,0.0,0.65
6037531000,0.9987572413056779,0.0,0.65
6037531101,0.9987572413056779,0.0,0.65
6037531102,0.9987572413056779,0.0,0.65
6037531201,0.9987572413056779,0.0,0.65
6037531202,0.997403371438801,0.0,1.35
6037531301,0.9974161847398645,0.0,1.3
6037531302,0.9973955856819248,0.0,1.35
6037531502,0.9987792850922171,0.0,0.65
6037531503,0.998728073535441,0.0,0.65
6037531504,0.9985868847631528,0.0,0.75
6037531602,0.9987792850922171,0.0,0.65
6037531603,0.9985836826623049,0.0,0.75
6037531604,0.998592431845665,0.0,0.75
6037531701,0.9987792850922171,0.0,0.65
6037531702,0.9987792850922171,0.0,0.65
6037531800,0.9982360504279206,0.0,0.9500000000000001
6037531901,0.9987792850922171,0.0,0.65
6037531902,0.997703924838739,0.0,1.2000000000000002
6037532001,0.9977127292879747,0.0,1.2000000000000002
6037532002,0.9977182494282305,0.0,1.2000000000000002
6037532101,0.9977099749637437,0.0,1.2000000000000002
6037532102,0.9978119058182029,0.0,1.2000000000000002
6037532200,0.9978119058182029,0.0,1.2000000000000002
6037532302,0.9987792850922171,0.0,0.65
6037532303,0.9987792850922171,0.0,0.65
6037532304,0.9978119058182029,0.0,1.2000000000000002
6037532500,0.9988539301861951,0.0,0.75
6037532605,0.9988448789439727,0.0,0.75
6037532606,0.9988443756260323,0.0,0.75
6037532607,0.9988418640280508,0.0,0.75
6037532700,0.9988379029506308,0.0,0.75
6037532800,0.998834066374246,0.0,0.7000000000000001
6037532900,0.9978529025979712,0.0,1.1500000000000001
6037533001,0.9988347070086863,0.0,0.7000000000000001
6037533002,0.9988350915568404,0.0,0.75
6037533103,0.9988370955509097,0.0,0.75
6037533104,0.9988382914365057,0.0,0.75
6037533105,0.998843697397705,0.0,0.75
6037533108,0.9988382557792586,0.0,0.75
6037533201,0.9987879958741854,0.0,0.7000000000000001
6037533204,0.9985273568493833,0.0,0.8500000000000001
6037533300,0.9987629887447381,0.0,0.65
6037533401,0.9987819234320305,0.0,0.65
6037533402,0.9987831978299747,0.0,0.65
6037533403,0.9987792850922171,0.0,0.65
6037533501,0.9987847388122274,0.0,0.65
6037533504,0.9987887972867869,0.0,0.7000000000000001
6037533601,0.9985412566162821,0.0,0.8500000000000001
6037533602,0.9985249969435055,0.0,0.8500000000000001
6037533603,0.9984960460950938,0.0,0.8500000000000001
6037533701,0.9987792850922171,0.0,0.65
6037533702,0.9987792850922171,0.0,0.65
6037533703,0.9987792850922171,0.0,0.65
6037533803,0.9987792850922171,0.0,0.65
6037533804,0.9987792850922171,0.0,0.65
6037533805,0.9978119058182029,0.0,1.2000000000000002
6037533806,0.9978119058182029,0.0,1.2000000000000002
6037533901,0.9978119058182029,0.0,1.2000000000000002
6037533902,0.9978119058182029,0.0,1.2000000000000002
6037534001,0.9978119058182029,0.0,1.2000000000000002
6037534002,0.9978119058182029,0.0,1.2000000000000002
6037534101,0.9978119058182029,0.0,1.2000000000000002
6037534102,0.9978119058182029,0.0,1.2000000000000002
6037534201,0.9978119058182029,0.0,1.2000000000000002
6037534202,0.9978119058182029,0.0,1.2000000000000002
6037534203,0.9978119058182029,0.0,1.2000000000000002
6037534301,0.9978119058182029,0.0,1.2000000000000002
6037534302,0.9978119058182029,0.0,1.2000000000000002
6037534403,0.9984751869782137,0.0,0.8500000000000001
6037534404,0.9984591961470171,0.0,0.9
6037534405,0.9978119058182029,0.0,1.2000000000000002
6037534406,0.9978119058182029,0.0,1.2000000000000002
6037534501,0.9984772996004893,0.0,0.8500000000000001
6037534502,0.998466355744689,0.0,0.8500000000000001
6037534700,0.9988334657333399,0.0,0.7000000000000001
6037534802,0.9988350399738088,0.0,0.75
6037534803,0.9988339254939873,0.0,0.7000000000000001
6037534804,0.9978529025979712,0.0,1.1500000000000001
6037534900,0.9978529025979712,0.0,1.1500000000000001
6037535001,0.9978529025979712,0.0,1.1500000000000001
6037535002,0.9978529025979712,0.0,1.1500000000000001
6037535101,0.9978529025979712,0.0,1.1500000000000001
6037535102,0.9978529025979712,0.0,1.1500000000000001
6037535200,0.9978529025979712,0.0,1.1500000000000001
6037535300,0.9978529025979712,0.0,1.1500000000000001
6037535400,0.9978529025979712,0.0,1.1500000000000001
6037535501,0.9978529025979712,0.0,1.1500000000000001
6037535502,0.9978529025979712,0.0,1.1500000000000001
6037535503,0.9978529025979712,0.0,1.1500000000000001
6037535603,0.9978529025979712,0.0,1.1500000000000001
6037535604,0.9978529025979712,0.0,1.1500000000000001
6037535605,0.9978529025979712,0.0,1.1500000000000001
6037535606,0.9978529025979712,0.0,1.1500000000000001
6037535607,0.9978529025979712,0.0,1.1500000000000001
6037535701,0.9984450082167593,0.0,0.9
6037535702,0.9978529025979712,0.0,1.1500000000000001
6037535802,0.9978529025979712,0.0,1.1500000000000001
6037535803,0.9978529025979712,0.0,1.1500000000000001
6037535804,0.9978529025979712,0.0,1.1500000000000001
6037535901,0.9978119058182029,0.0,1.2000000000000002
6037535902,0.9978529025979712,0.0,1.1500000000000001
6037536000,0.9978119058182029,0.0,1.2000000000000002
6037536102,0.9978119058182029,0.0,1.2000000000000002
6037536103,0.9978119058182029,0.0,1.2000000000000002
6037536104,0.9978119058182029,0.0,1.2000000000000002
6037536201,0.9985351498911776,0.0,0.8
6037536202,0.9985351498911776,0.0,0.8
6037540000,0.9985351498911776,0.0,0.8
6037540101,0.9985351498911776,0.0,0.8
6037540102,0.9985351498911776,0.0,0.8
6037540201,0.9978529025979712,0.0,1.1500000000000001
6037540202,0.9978529025979712,0.0,1.1500000000000001
6037540203,0.9978529025979712,0.0,1.1500000000000001
6037540300,0.9978529025979712,0.0,1.1500000000000001
6037540400,0.9978529025979712,0.0,1.1500000000000001
6037540501,0.9978529025979712,0.0,1.1500000000000001
6037540502,0.9978529025979712,0.0,1.1500000000000001
6037540600,0.9978529025979712,0.0,1.1500000000000001
6037540700,0.9978529025979712,0.0,1.1500000000000001
6037540800,0.9978529025979712,0.0,1.1500000000000001
6037540901,0.9994289434527257,0.0,0.0
6037540902,0.9994094495130454,0.0,0.0
6037541003,0.9994094495130454,0.0,0.0
6037541100,0.9994094495130454,0.0,0.0
6037541200,0.9978529025979712,0.0,1.1500000000000001
6037541300,0.9978529025979712,0.0,1.1500000000000001
6037541401,0.9978529025979712,0.0,1.1500000000000001
6037541402,0.9978529025979712,0.0,1.1500000000000001
6037541500,0.9978529025979712,0.0,1.1500000000000001
6037541603,0.9978529025979712,0.0,1.1500000000000001
6037541604,0.9985351498911776,0.0,0.8
6037541605,0.9985351498911776,0.0,0.8
6037541606,0.999451658831214,0.0,0.0
6037541700,0.9985351498911776,0.0,0.8
6037541801,0.9985351498911776,0.0,0.8
6037541802,0.9985351498911776,0.0,0.8
6037542000,0.9985351498911776,0.0,0.8
6037542103,0.9985351498911776,0.0,0.8
6037542104,0.9985351498911776,0.0,0.8
6037542105,0.9985351498911776,0.0,0.8
6037542106,0.9985351498911776,0.0,0.8
6037542200,0.9985351498911776,0.0,0.8
6037542401,0.999451658831214,0.0,0.0
6037542402,0.999451658831214,0.0,0.0
6037542501,0.999451658831214,0.0,0.0
6037542502,0.999451658831214,0.0,0.0
6037542601,0.999451658831214,0.0,0.0
6037542602,0.999451658831214,0.0,0.0
6037542700,0.999451658831214,0.0,0.0
6037542800,0.999451658831214,0.0,0.0
6037542900,0.999451658831214,0.0,0.0
6037543000,0.999451658831214,0.0,0.0
6037543100,0.999451658831214,0.0,0.0
6037543201,0.999451658831214,0.0,0.0
6037543203,0.999451658831214,0.0,0.0
6037543304,0.999451658831214,0.0,0.0
6037543305,0.999451658831214,0.0,0.0
6037543306,0.9991697426741202,0.0,0.0
6037543321,0.999451658831214,0.0,0.0
6037543322,0.999451658831214,0.0,0.0
6037543400,0.9994785914171923,0.0,0.0
6037543501,0.9994785914171923,0.0,0.0
6037543502,0.9994785914171923,0.0,0.0
6037543503,0.9994785914171923,0.0,0.0
6037543601,0.999755637572358,0.0,0.0
6037543603,0.999755637572358,0.0,0.0
6037543605,0.999755637572358,0.0,0.0
6037543606,0.9994785914171923,0.0,0.0
6037543607,0.999755637572358,0.0,0.0
6037543701,0.9991792511265621,0.0,0.0
6037543703,0.999755637572358,0.0,0.0
6037543704,0.999755637572358,0.0,0.0
6037543705,0.999755637572358,0.0,0.0
6037543801,0.9994785914171923,0.0,0.0
6037543803,0.9991808901419515,0.0,0.0
6037543804,0.9991840262268087,0.0,0.0
6037543903,0.9991709541231756,0.0,0.0
6037543905,0.9991444568616027,0.0,0.0
6037544001,0.9995194048058237,0.0,0.0
6037544002,0.9995487518999943,0.0,0.0
6037550101,0.9979350495381716,0.0,1.1500000000000001
6037550201,0.9979350495381716,0.0,1.1500000000000001
6037550202,0.9979350495381716,0.0,1.1500000000000001
6037550301,0.9979350495381716,0.0,1.1500000000000001
6037550501,0.9979350495381716,0.0,1.1500000000000001
6037550502,0.9979350495381716,0.0,1.1500000000000001
6037550601,0.9978119058182029,0.0,1.2000000000000002
6037550602,0.9979350495381716,0.0,1.1500000000000001
6037550700,0.9978119058182029,0.0,1.2000000000000002
6037550801,0.9978119058182029,0.0,1.2000000000000002
6037550802,0.9978119058182029,0.0,1.2000000000000002
6037550901,0.9979350495381716,0.0,1.1500000000000001
6037550902,0.9979350495381716,0.0,1.1500000000000001
6037551001,0.9979350495381716,0.0,1.1500000000000001
6037551002,0.9979350495381716,0.0,1.1500000000000001
6037551101,0.9979350495381716,0.0,1.1500000000000001
6037551102,0.9979350495381716,0.0,1.1500000000000001
6037551201,0.9979350495381716,0.0,1.1500000000000001
6037551203,0.9979350495381716,0.0,1.1500000000000001
6037551204,0.9979350495381716,0.0,1.1500000000000001
6037551300,0.9979350495381716,0.0,1.1500000000000001
6037551401,0.9978119058182029,0.0,1.2000000000000002
6037551402,0.9978119058182029,0.0,1.2000000000000002
6037551501,0.9978119058182029,0.0,1.2000000000000002
6037551502,0.9979350495381716,0.0,1.1500000000000001
6037551700,0.9979350495381716,0.0,1.1500000000000001
6037551801,0.9979350495381716,0.0,1.1500000000000001
6037551802,0.9979350495381716,0.0,1.1500000000000001
6037551900,0.9979350495381716,0.0,1.1500000000000001
6037552001,0.9979350495381716,0.0,1.1500000000000001
6037552002,0.9979350495381716,0.0,1.1500000000000001
6037552100,0.9979350495381716,0.0,1.1500000000000001
6037552200,0.9979350495381716,0.0,1.1500000000000001
6037552301,0.9979350495381716,0.0,1.1500000000000001
6037552302,0.9994569086285308,0.0,0.0
6037552400,0.9994569086285308,0.0,0.0
6037552601,0.9979350495381716,0.0,1.1500000000000001
6037552602,0.9994569086285308,0.0,0.0
6037552700,0.9979350495381716,0.0,1.1500000000000001
6037552800,0.9979350495381716,0.0,1.1500000000000001
6037552900,0.9979350495381716,0.0,1.1500000000000001
6037553000,0.9979350495381716,0.0,1.1500000000000001
6037553100,0.9979350495381716,0.0,1.1500000000000001
6037553201,0.9979350495381716,0.0,1.1500000000000001
6037553202,0.9979350495381716,0.0,1.1500000000000001
6037553300,0.9979350495381716,0.0,1.1500000000000001
6037553400,0.9985351498911776,0.0,0.8
6037553502,0.9985351498911776,0.0,0.8
6037553503,0.9985351498911776,0.0,0.8
6037553504,0.9985351498911776,0.0,0.8
6037553601,0.9985351498911776,0.0,0.8
6037553602,0.9985351498911776,0.0,0.8
6037553701,0.9985351498911776,0.0,0.8
6037553702,0.9985351498911776,0.0,0.8
6037553801,0.9985351498911776,0.0,0.8
6037553802,0.9985351498911776,0.0,0.8
6037553901,0.9985351498911776,0.0,0.8
6037553902,0.9985351498911776,0.0,0.8
6037554001,0.9979350495381716,0.0,1.1500000000000001
6037554002,0.9985351498911776,0.0,0.8
6037554101,0.9979350495381716,0.0,1.1500000000000001
6037554105,0.9990007695694578,0.0,0.45
6037554106,0.9979350495381716,0.0,1.1500000000000001
6037554201,0.9985351498911776,0.0,0.8
6037554203,0.9990007695694578,0.0,0.45
6037554204,0.9985351498911776,0.0,0.8
6037554301,0.9985351498911776,0.0,0.8
6037554302,0.9985351498911776,0.0,0.8
6037554403,0.9985351498911776,0.0,0.8
6037554404,0.9990007695694578,0.0,0.45
6037554405,0.9990007695694578,0.0,0.45
6037554406,0.9990007695694578,0.0,0.45
6037554511,0.9994569086285308,0.0,0.0
6037554512,0.9994569086285308,0.0,0.0
6037554513,0.9990007695694578,0.0,0.45
6037554514,0.9990007695694578,0.0,0.45
6037554515,0.9990007695694578,0.0,0.45
6037554516,0.9990007695694578,0.0,0.45
6037554517,0.9990007695694578,0.0,0.45
6037554518,0.9994569086285308,0.0,0.0
6037554519,0.9990007695694578,0.0,0.45
6037554521,0.9990007695694578,0.0,0.45
6037554522,0.9990007695694578,0.0,0.45
6037554600,0.9990007695694578,0.0,0.45
6037554700,0.9990007695694578,0.0,0.45
6037554801,0.9990007695694578,0.0,0.45
6037554802,0.9990007695694578,0.0,0.45
6037554900,0.9990007695694578,0.0,0.45
6037555001,0.9990007695694578,0.0,0.45
6037555002,0.9990007695694578,0.0,0.45
6037555105,0.9990007695694578,0.0,0.45
6037555106,0.9990007695694578,0.0,0.45
6037555107,0.9990007695694578,0.0,0.45
6037555202,0.9990007695694578,0.0,0.45
6037555211,0.9990007695694578,0.0,0.45
6037555212,0.9990007695694578,0.0,0.45
6037555300,0.9979350495381716,0.0,1.1500000000000001
6037570001,0.9990007695694578,0.0,0.45
6037570002,0.9990007695694578,0.0,0.45
6037570003,0.9985351498911776,0.0,0.8
6037570100,0.9985351498911776,0.0,0.8
6037570202,0.9985351498911776,0.0,0.8
6037570203,0.9985351498911776,0.0,0.8
6037570204,0.9985351498911776,0.0,0.8
6037570303,0.999451658831214,0.0,0.0
6037570304,0.999451658831214,0.0,0.0
6037570305,0.9985351498911776,0.0,0.8
6037570306,0.9985351498911776,0.0,0.8
6037570402,0.999451658831214,0.0,0.0
6037570403,0.999451658831214,0.0,0.0
6037570404,0.9985351498911776,0.0,0.8
6037570502,0.9985351498911776,0.0,0.8
6037570503,0.9985351498911776,0.0,0.8
6037570504,0.9985351498911776,0.0,0.8
6037570601,0.9985351498911776,0.0,0.8
6037570602,0.9985351498911776,0.0,0.8
6037570603,0.9985351498911776,0.0,0.8
6037570701,0.9997235236060121,0.0,0.0
6037570703,0.9985351498911776,0.0,0.8
6037570800,0.9997235236060121,0.0,0.0
6037570901,0.9990007695694578,0.0,0.45
6037570902,0.9990007695694578,0.0,0.45
6037571000,0.9990007695694578,0.0,0.45
6037571101,0.9997235236060121,0.0,0.0
6037571102,0.9997235236060121,0.0,0.0
6037571201,0.9997235236060121,0.0,0.0
6037571202,0.9997235236060121,0.0,0.0
6037571300,0.9997235236060121,0.0,0.0
6037571400,0.9997235236060121,0.0,0.0
6037571502,0.999451658831214,0.0,0.0
6037571504,0.9997235236060121,0.0,0.0
6037571505,0.9985351498911776,0.0,0.8
6037571600,0.9985351498911776,0.0,0.8
6037571701,0.999451658831214,0.0,0.0
6037571703,0.999451658831214,0.0,0.0
6037571704,0.999451658831214,0.0,0.0
6037571800,0.9995172400918266,0.0,0.0
6037571900,0.9994994084899228,0.0,0.0
6037572001,0.9994992395119056,0.0,0.0
6037572201,0.9995233498048129,0.0,0.0
6037572202,0.9995175858037558,0.0,0.0
6037572301,0.9996146582361807,0.0,0.0
6037572500,0.9996146582361807,0.0,0.0
6037572600,0.9995465352730613,0.0,0.0
6037572700,0.999523391319232,0.0,0.0
6037573002,0.9996834661670312,0.0,0.0
6037573003,0.9996823702309374,0.0,0.0
6037573004,0.9996830066469301,0.0,0.0
6037573101,0.9995092738872535,0.0,0.0
6037573102,0.9995139903749136,0.0,0.0
6037573201,0.999502240243577,0.0,0.0
6037573202,0.9994978613350176,0.0,0.0
6037573300,0.9994934837142804,0.0,0.0
6037573401,0.9995032643052763,0.0,0.0
6037573402,0.9994931615189749,0.0,0.0
6037573403,0.9997235236060121,0.0,0.0
6037573601,0.9997235236060121,0.0,0.0
6037573700,0.9997235236060121,0.0,0.0
6037573800,0.9997235236060121,0.0,0.0
6037573902,0.9990007695694578,0.0,0.45
6037574000,0.9997235236060121,0.0,0.0
6037574100,0.9997235236060121,0.0,0.0
6037574201,0.9997235236060121,0.0,0.0
6037574202,0.9997235236060121,0.0,0.0
6037574300,0.9997235236060121,0.0,0.0
6037574400,0.9996932132199284,0.0,0.0
6037574500,0.999694346450645,0.0,0.0
6037574602,0.9996954241167487,0.0,0.0
6037574800,0.9996935154049544,0.0,0.0
6037574901,0.999693330510248,0.0,0.0
6037574902,0.9996930380072838,0.0,0.0
6037575001,0.9997235236060121,0.0,0.0
6037575002,0.9996929881346289,0.0,0.0
6037575101,0.9997235236060121,0.0,0.0
6037575102,0.999692675458201,0.0,0.0
6037575103,0.9996927942385246,0.0,0.0
6037575201,0.9996843491764625,0.0,0.0
6037575202,0.9996846890485541,0.0,0.0
6037575300,0.9996837674532877,0.0,0.0
6037575401,0.999682128476876,0.0,0.0
6037575402,0.999683161841166,0.0,0.0
6037575801,0.9996814054796179,0.0,0.0
6037575802,0.9996822965635013,0.0,0.0
6037575803,0.9996827807440287,0.0,0.0
6037575901,0.9996990021087437,0.0,0.0
6037575902,0.9996976848054209,0.0,0.0
6037576001,0.9996974887618462,0.0,0.0
6037576200,0.9996964305837834,0.0,0.0
6037576301,0.9996833484896049,0.0,0.0
6037576302,0.9996838706079008,0.0,0.0
6037576401,0.99968418708814,0.0,0.0
6037576402,0.9996844573432295,0.0,0.0
6037576403,0.9996846907266114,0.0,0.0
6037576501,0.9996955501664019,0.0,0.0
6037576502,0.9996951411173857,0.0,0.0
6037576503,0.999694802886419,0.0,0.0
6037576601,0.9996956858646394,0.0,0.0
6037576602,0.9996952207723487,0.0,0.0
6037576700,0.9996942993878781,0.0,0.0
6037576801,0.9996944349626617,0.0,0.0
6037576802,0.9996927705261293,0.0,0.0
6037576901,0.999694348038386,0.0,0.0
6037576903,0.9996927685690947,0.0,0.0
6037576904,0.9996927707209516,0.0,0.0
6037577000,0.9996931475134649,0.0,0.0
6037577100,0.9996929570340725,0.0,0.0
6037577200,0.9996927746064407,0.0,0.0
6037577300,0.9996904934394721,0.0,0.0
6037577400,0.9996932856811912,0.0,0.0
6037577501,0.9996897903651635,0.0,0.0
6037577504,0.999690314416617,0.0,0.0
6037577602,0.9996952562008542,0.0,0.0
6037577604,0.9996888988758175,0.0,0.0
6037577605,0.9996938960202036,0.0,0.0
6037577606,0.9996933337373926,0.0,0.0
6037577700,0.9995759659217841,0.0,0.0
6037577800,0.9979350495381716,0.0,1.1500000000000001
6037577900,0.9995252004147428,0.0,0.0
6037578000,0.9996806263476732,0.0,0.0
6037578100,0.9996941877835998,0.0,0.0
6037600100,0.9995154734566657,0.0,0.0
6037600201,0.9995366700343787,0.0,0.0
6037600202,0.9995366700343787,0.0,0.0
6037600302,0.9993941667120034,0.0,0.0
6037600303,0.9993941667120034,0.0,0.0
6037600304,0.9994141313007167,0.0,0.0
6037600400,0.9995366700343787,0.0,0.0
6037600501,0.9993941667120034,0.0,0.0
6037600601,0.9995366700343787,0.0,0.0
6037600602,0.9995167891712938,0.0,0.0
6037600702,0.9995156694963746,0.0,0.0
6037600703,0.9995083143436223,0.0,0.0
6037600704,0.9995366700343787,0.0,0.0
6037600801,0.999511035574192,0.0,0.0
6037600802,0.9995043681273117,0.0,0.0
6037600902,0.9975512170339377,0.0,1.4000000000000001
6037600911,0.9975512170339377,0.0,1.4000000000000001
6037600912,0.9975512170339377,0.0,1.4000000000000001
6037601001,0.9997438624513645,0.0,0.0
6037601002,0.9997438624513645,0.0,0.0
6037601100,0.9997438624513645,0.0,0.0
6037601202,0.9997438624513645,0.0,0.0
6037601211,0.9997438624513645,0.0,0.0
6037601212,0.9997438624513645,0.0,0.0
6037601301,0.9975512170339377,0.0,1.4000000000000001
6037601302,0.9997438624513645,0.0,0.0
6037601303,0.9975512170339377,0.0,1.4000000000000001
6037601401,0.9997438624513645,0.0,0.0
6037601402,0.9997438624513645,0.0,0.0
6037601501,0.9997438624513645,0.0,0.0
6037601502,0.9996705210632175,0.0,0.0
6037601600,0.9996293393748626,0.0,0.0
6037601700,0.999351661110421,0.0,0.0
6037601801,0.999351661110421,0.0,0.0
6037601802,0.999351661110421,0.0,0.0
6037601900,0.9995087112119936,0.0,0.0
6037602002,0.999351661110421,0.0,0.0
6037602003,0.999351661110421,0.0,0.0
6037602103,0.9996293393748626,0.0,0.0
6037602104,0.999351661110421,0.0,0.0
6037602105,0.999351661110421,0.0,0.0
6037602106,0.9996293393748626,0.0,0.0
6037602201,0.9996649998755806,0.0,0.0
6037602202,0.9996293393748626,0.0,0.0
6037602301,0.9996293393748626,0.0,0.0
6037602302,0.9991578465754125,0.0,0.4
6037602402,0.9996293393748626,0.0,0.0
6037602403,0.9996293393748626,0.0,0.0
6037602404,0.9996293393748626,0.0,0.0
6037602504,0.999351661110421,0.0,0.0
6037602505,0.999351661110421,0.0,0.0
6037602506,0.999351661110421,0.0,0.0
6037602507,0.999351661110421,0.0,0.0
6037602510,0.999351661110421,0.0,0.0
6037602511,0.999351661110421,0.0,0.0
6037602512,0.999351661110421,0.0,0.0
6037602513,0.999351661110421,0.0,0.0
6037602601,0.9994094495130454,0.0,0.0
6037602602,0.9994094495130454,0.0,0.0
6037602700,0.9993941667120034,0.0,0.0
6037602801,0.9993941667120034,0.0,0.0
6037602802,0.9993941667120034,0.0,0.0
6037602900,0.9994094495130454,0.0,0.0
6037603004,0.9994094495130454,0.0,0.0
6037603005,0.9994094495130454,0.0,0.0
6037603006,0.9994094495130454,0.0,0.0
6037603007,0.9994094495130454,0.0,0.0
6037603008,0.9994094495130454,0.0,0.0
6037603101,0.9994094495130454,0.0,0.0
6037603102,0.9994094495130454,0.0,0.0
6037603200,0.9994785914171923,0.0,0.0
6037603301,0.9994094495130454,0.0,0.0
6037603302,0.9988431958467651,0.0,0.5
6037603400,0.9994094495130454,0.0,0.0
6037603500,0.9994094495130454,0.0,0.0
6037603600,0.9994094495130454,0.0,0.0
6037603702,0.9988121260997667,0.0,0.5
6037603703,0.999351661110421,0.0,0.0
6037603705,0.9994094495130454,0.0,0.0
6037603706,0.9994094495130454,0.0,0.0
6037603801,0.9996293393748626,0.0,0.0
6037603802,0.9991813882916939,0.0,0.25
6037603901,0.99916587716437,0.0,0.35000000000000003
6037603902,0.9991705584821303,0.0,0.30000000000000004
6037604001,0.9991771297014707,0.0,0.30000000000000004
6037604002,0.9988324007257252,0.0,0.5
6037604101,0.9988216042249973,0.0,0.5
6037604102,0.9987994856941477,0.0,0.55
6037604200,0.999351661110421,0.0,0.0
6037609900,0.9998211069179513,0.0,0.0
6037620001,0.9996836200974385,0.0,0.0
6037620002,0.9996457868334515,0.0,0.0
6037620101,0.9994388132446758,0.0,0.0
6037620102,0.9993849936840186,0.0,0.0
6037620201,0.9994570339645882,0.0,0.0
6037620301,0.9992062753258074,0.0,0.0
6037620303,0.999256591861242,0.0,0.0
6037620305,0.9992744874454961,0.0,0.0
6037620400,0.9993070107571159,0.0,0.0
6037620501,0.9991572538239125,0.0,0.4
6037620521,0.9991802732687893,0.0,0.30000000000000004
6037620522,0.9991791289709214,0.0,0.30000000000000004
6037620601,0.9988476177820566,0.0,0.45
6037620602,0.9991388403851624,0.0,0.0
6037620701,0.9991872238033145,0.0,0.25
6037620703,0.9991931679049516,0.0,0.2
6037620704,0.9991924111621809,0.0,0.2
6037620801,0.999176515783722,0.0,0.30000000000000004
6037620802,0.9992567835871082,0.0,0.0
6037620901,0.9992836705758772,0.0,0.0
6037620904,0.99928909319922,0.0,0.0
6037621001,0.9992464528756061,0.0,0.0
6037621005,0.9992998990289922,0.0,0.0
6037621102,0.9991948220597827,0.0,0.2
6037621104,0.9992393273119086,0.0,0.0
6037621201,0.9995367001819384,0.0,0.0
6037621204,0.9995370720449027,0.0,0.0
6037621301,0.9995362264486283,0.0,0.0
6037621324,0.999536788746065,0.0,0.0
6037621326,0.9995368254743012,0.0,0.0
6037621400,0.9995362446211428,0.0,0.0
6037650001,0.9987881131824866,0.0,0.55
6037650003,0.9987162812581958,0.0,0.65
6037650004,0.9987142789566323,0.0,0.65
6037650101,0.9987791214340835,0.0,0.55
6037650102,0.9986166875277522,0.0,0.75
6037650200,0.9993833139148479,0.0,0.0
6037650300,0.9987827313446677,0.0,0.55
6037650401,0.9995333104960372,0.0,0.0
6037650501,0.9991636312936854,0.0,0.0
6037650502,0.9991242683931756,0.0,0.0
6037650603,0.9995358939825657,0.0,0.0
6037650604,0.9995333104960372,0.0,0.0
6037650605,0.9995333104960372,0.0,0.0
6037650606,0.9995333104960372,0.0,0.0
6037650607,0.9995353779622242,0.0,0.0
6037650701,0.9995333104960372,0.0,0.0
6037650702,0.9995353449378583,0.0,0.0
6037650801,0.9995333104960372,0.0,0.0
6037650802,0.9995333104960372,0.0,0.0
6037650901,0.9994785914171923,0.0,0.0
6037650903,0.9995357758511517,0.0,0.0
6037650904,0.9995333104960372,0.0,0.0
6037651001,0.9995440143564707,0.0,0.0
6037651002,0.999546300945816,0.0,0.0
6037651101,0.999546300945816,0.0,0.0
6037651102,0.9995333104960372,0.0,0.0
6037651201,0.9995355084194872,0.0,0.0
6037651221,0.9995333104960372,0.0,0.0
6037651222,0.999546300945816,0.0,0.0
6037651302,0.9995436905015678,0.0,0.0
6037651304,0.9995428029763453,0.0,0.0
6037651401,0.9995437872052411,0.0,0.0
6037651402,0.999546300945816,0.0,0.0
6037670001,0.9995441158231932,0.0,0.0
6037670002,0.9995435394921555,0.0,0.0
6037670003,0.999544177307486,0.0,0.0
6037670101,0.9995429572984957,0.0,0.0
6037670102,0.9995435075424086,0.0,0.0
6037670201,0.9995432468082738,0.0,0.0
6037670202,0.999543659288537,0.0,0.0
6037670324,0.9995429125988383,0.0,0.0
6037670326,0.999542113863703,0.0,0.0
6037670328,0.999546300945816,0.0,0.0
6037670405,0.999542283672325,0.0,0.0
6037670406,0.9995420179280363,0.0,0.0
6037670407,0.999542232541099,0.0,0.0
6037670413,0.9995420061117353,0.0,0.0
6037670416,0.999546300945816,0.0,0.0
6037670417,0.9995427066012428,0.0,0.0
6037670418,0.9995427848174375,0.0,0.0
6037670500,0.9995423289283524,0.0,0.0
6037670603,0.999546300945816,0.0,0.0
6037670604,0.999546300945816,0.0,0.0
6037670701,0.9998211069179513,0.0,0.0
6037670702,0.9998211069179513,0.0,0.0
6037700101,0.994149250271078,0.75,5.75
6037700102,0.994149250271078,0.75,5.75
6037700200,0.9932720707479491,1.25,5.75
6037700300,0.9932720707479491,1.25,5.75
6037700400,0.9980911104711517,0.0,1.0
6037700501,0.9980911104711517,0.0,1.0
6037700502,0.9980911104711517,0.0,1.0
6037700600,0.9980911104711517,0.0,1.0
6037700700,0.9980911104711517,0.0,1.0
6037700801,0.9980911104711517,0.0,1.0
6037700802,0.9980911104711517,0.0,1.0
6037700901,0.9980911104711517,0.0,1.0
6037700902,0.9980911104711517,0.0,1.0
6037701000,0.9980911104711517,0.0,1.0
6037701201,0.997520950535168,0.0,1.35
6037701202,0.9975198975466839,0.0,1.35
6037701302,0.9975206072617104,0.0,1.35
6037701304,0.9975214839695489,0.0,1.35
6037701402,0.9975212585408837,0.0,1.35
6037701501,0.9975196274970272,0.0,1.35
6037701502,0.9975190289313378,0.0,1.35
6037701601,0.9975195461294682,0.0,1.35
6037701602,0.997518349689001,0.0,1.35
6037701701,0.9975159178153737,0.0,1.35
6037701702,0.9975184946412252,0.0,1.35
6037701801,0.9975159178153737,0.0,1.35
6037701802,0.997518088628466,0.0,1.35
6037701902,0.9975208006688846,0.0,1.35
6037702002,0.9975208528332725,0.0,1.35
6037702102,0.9975211699316445,0.0,1.35
6037702201,0.9975189792584067,0.0,1.35
6037702202,0.9975200870628665,0.0,1.35
6037702300,0.9977050087630686,0.0,1.2000000000000002
6037702400,0.997437455271824,0.0,1.4000000000000001
6037702501,0.9990395996329584,0.0,0.2
6037702502,0.9989555160761422,0.0,0.4
6037702600,0.9990136802112826,0.0,0.30000000000000004
6037702700,0.9990380052039247,0.0,0.2
6037702801,0.9990626845845465,0.0,0.1
6037702802,0.9990703049292192,0.0,0.05
6037702803,0.9989662145679755,0.0,0.45
6037702900,0.9989662145679755,0.0,0.45
6037703002,0.9975512170339377,0.0,1.4000000000000001
6037703003,0.9990242090488292,0.0,0.25
6037703100,0.9993984485741829,0.0,0.0
6037703200,0.9992821859708132,0.0,0.0
6037980001,0.9649627319357549,12.25,18.400000000000002
6037980002,0.9991444568616027,0.0,0.0
6037980005,0.9993833139148479,0.0,0.0
6037980006,0.9990007695694578,0.0,0.45
6037980007,0.9996870966776216,0.0,0.0
6037980008,0.969435598397621,11.8,16.6
6037980009,0.9803368761805635,7.45,12.9
6037980010,0.9946477194277382,0.25,5.75
6037980011,0.9996787454837577,0.0,0.0
6037980012,0.9985351498911776,0.0,0.8
6037980013,0.9996805568425109,0.0,0.0
6037980014,0.9996772621020944,0.0,0.0
6037980015,0.9998211069179513,0.0,0.0
6037980016,0.9987629887447381,0.0,0.65
6037980017,0.9988179205616066,0.0,0.65
6037980018,0.9997235236060121,0.0,0.0
6037980019,0.9956275735696527,0.0,5.75
6037980020,0.9649627319357549,12.25,18.400000000000002
6037980021,0.9562292346974205,13.450000000000001,35.6
6037980022,0.9306422158298108,35.6,42.800000000000004
6037980023,0.9790710715908987,8.85,11.8
6037980024,0.9824866074419787,5.75,11.8
6037980025,0.9991818760230495,0.0,0.0
6037980026,0.9825843660210382,6.0,11.8
6037980028,0.9994282190519688,0.0,0.0
6037980030,0.9996823524572315,0.0,0.0
6037980031,0.9997994727061577,0.0,0.0
6037980033,0.9997214368032549,0.0,0.0
6037980034,0.9994569086285308,0.0,0.0
6037980035,0.9974148528539017,0.0,1.35
6037980036,0.9986310138914981,0.0,0.8
6037980037,0.999755637572358,0.0,0.0
6037980038,0.9991939060216622,0.0,0.0
6037980039,0.9904492108824698,5.75,7.2
