,GA_Efficiency
0.0,0.0006033614976597349
0.05,0.0006033614976597349
0.1,0.0006033614976597349
0.15000000000000002,0.0006033614976597349
0.2,0.0006033635492784023
0.25,0.0006033697355665135
0.30000000000000004,0.0006035664906507449
0.35000000000000003,0.0006042711575823597
0.4,0.0006057153509590068
0.45,0.0006074479778542275
0.5,0.0006097363750727727
0.55,0.0006125116108801989
0.6000000000000001,0.000615772915943191
0.65,0.0006195802349444515
0.7000000000000001,0.0006239651644799559
0.75,0.0006290033294335724
0.8,0.0006348515231209531
0.8500000000000001,0.0006413887676449195
0.9,0.0006486269338618394
0.9500000000000001,0.0006565653286745611
1.0,0.0006651894882908843
1.05,0.0006744704403448265
1.1,0.0006843643740901574
1.1500000000000001,0.0006948130211750308
1.2000000000000002,0.000705744403862226
1.25,0.0007170743723356775
1.3,0.0007287084629550911
1.35,0.0007405442913524037
1.4000000000000001,0.0007524743583846954
1.4500000000000002,0.0007643888999715719
1.5,0.0007761789753286097
1.55,0.0007877394591256707
1.6,0.00079897176984481
1.6500000000000001,0.0008097864003080006
1.7000000000000002,0.0008201049477601687
1.75,0.0008298617027938594
1.8,0.0008390046446710939
1.85,0.0008474959912652842
1.9000000000000001,0.0008553121247019221
1.9500000000000002,0.0008624430650817999
2.0,0.0008688914987787579
2.0500000000000003,0.0008746715066555972
2.1,0.0008798070272639329
2.15,0.0008843300854676774
2.2,0.0008882790688213272
2.25,0.0008916969409450918
2.3000000000000003,0.000894629518158106
2.35,0.0008971239846408852
2.4000000000000004,0.0008992275210071611
2.45,0.0009009861375434613
2.5,0.000902443758318525
2.5500000000000003,0.0009036415506524438
2.6,0.0009046173890112772
2.6500000000000004,0.0009054055683731782
2.7,0.0009060367464447635
2.75,0.0009065378526217372
2.8000000000000003,0.0009069322867916521
2.85,0.0009072400663508117
2.9000000000000004,0.0009074781798289864
2.95,0.0009076608150472775
3.0,0.0009077996619981858
3.0500000000000003,0.0009079043493718423
3.1,0.0009079825445676846
3.1500000000000004,0.0009080404738500339
3.2,0.0009080830096051013
3.25,0.0009081139666843251
3.3000000000000003,0.0009081362964958645
3.35,0.0009081522626204566
3.4000000000000004,0.0009081635852529415
3.45,0.0009081715238251386
3.5,0.0009081770620556009
3.5500000000000003,0.0009081808800960191
3.6,0.0009081834823908805
3.6500000000000004,0.0009081852502670941
3.7,0.0009081864384765092
3.75,0.0009081872292428219
3.8000000000000003,0.0009081877405263815
3.85,0.0009081880933805252
3.9000000000000004,0.0009081883122008868
3.95,0.0009081884464744831
4.0,0.0009081885454044426
4.05,0.0009081885989069758
4.1000000000000005,0.0009081886303179488
4.15,0.0009081886539830382
4.2,0.0009081886681541111
4.25,0.0009081886753522654
4.3,0.000908188680857924
4.3500000000000005,0.000908188680857924
4.4,0.0009081886853940104
4.45,0.0009081886853940104
4.5,0.0009081886853940104
4.55,0.0009081886853940104
4.6000000000000005,0.0009081886853940104
4.65,0.0009081886853940104
4.7,0.0009081886853940104
4.75,0.0009081886853940104
4.800000000000001,0.0009081886853940104
4.8500000000000005,0.0009081886853940104
4.9,0.0009081886853940104
4.95,0.0009081886853940104
5.0,0.0009081886853940104
5.050000000000001,0.0009081886853940104
5.1000000000000005,0.0009081886853940104
5.15,0.0009081886853940104
5.2,0.0009081886853940104
5.25,0.0009081886853940104
5.300000000000001,0.0009081886853940104
5.3500000000000005,0.0009081886853940104
5.4,0.0009081886853940104
5.45,0.0009081886853940104
5.5,0.0009081886853940104
5.550000000000001,0.0009081886853940104
5.6000000000000005,0.0009081886853940104
5.65,0.0009081886853940104
5.7,0.0009081886853940104
5.75,0.0009081886853940104
5.800000000000001,0.0009081886853940104
5.8500000000000005,0.0009299905160059559
5.9,0.0009371452004952836
5.95,0.0009492268734260032
6.0,0.001155253006331639
6.050000000000001,0.0011941331121073989
6.1000000000000005,0.001682657954460699
6.15,0.0016907593347624148
6.2,0.0017632442746881038
6.25,0.0017841761985122814
6.300000000000001,0.0017964492445911489
6.3500000000000005,0.0018417321195652095
6.4,0.0018580587566687104
6.45,0.001890460703908914
6.5,0.0020041091866994484
6.550000000000001,0.0020142173156795064
6.6000000000000005,0.0020243144237468416
6.65,0.002034397639091284
6.7,0.002044464237551188
6.75,0.002054511463864878
6.800000000000001,0.0020645366019144172
6.8500000000000005,0.002074536897577627
6.9,0.0020845096397632277
6.95,0.0020944521826944916
7.0,0.0021043618234544694
7.050000000000001,0.0021142359385592636
7.1000000000000005,0.002124071995953343
7.15,0.0021338673714598674
7.2,0.0021436194896335354
7.25,0.0021533259597945895
7.300000000000001,0.0021629841979065876
7.3500000000000005,0.0021725918959650528
7.4,0.0021821465849143607
7.45,0.0021916459547547257
7.5,0.002201087704743752
7.550000000000001,0.002210469620789071
7.6000000000000005,0.0022197894660157835
7.65,0.0022290450399857793
7.7,0.0022382343123726898
7.75,0.002247355178062836
7.800000000000001,0.0022564057009125966
7.8500000000000005,0.002265383836396255
7.9,0.0022742877928393027
7.95,0.002283115674877425
8.0,0.0022918657698006916
8.05,0.002300536313259158
8.1,0.002309125607129138
8.15,0.002317632143544219
8.200000000000001,0.0023260543414272165
8.25,0.002334390694570749
8.3,0.002342639872149049
8.35,0.002350800408971008
8.4,0.0023588711681259283
8.450000000000001,0.002366850773969898
8.5,0.0023747381828984775
8.55,0.002382532267472673
8.6,0.0023902319436713048
8.65,0.0023978363217275573
8.700000000000001,0.002405344500777876
8.75,0.0024127555523537313
8.8,0.0024200688073015503
8.85,0.0024272835067300994
8.9,0.0024343990067807507
8.950000000000001,0.0024414147258475507
9.0,0.0024483301509410057
9.05,0.002455144856372526
9.1,0.0024618584315806587
9.15,0.002468470551434148
9.200000000000001,0.0024749808789872527
9.25,0.002481389276501699
9.3,0.0024876955994095245
9.35,0.0024938997188085356
9.4,0.0025000015939610045
9.450000000000001,0.0025060012450520987
9.5,0.002511898798763441
9.55,0.0025176943434941936
9.600000000000001,0.0025233880726055462
9.65,0.002528980228929851
9.700000000000001,0.0025344710620527275
9.75,0.002539861024177397
9.8,0.0025451503659300713
9.850000000000001,0.002550339619080233
9.9,0.0025554292586048503
9.950000000000001,0.002560419773248137
10.0,0.0025653117860912475
10.05,0.0025701058375964436
10.100000000000001,0.0025748026975152593
10.15,0.002579402925807984
10.200000000000001,0.002583907402514167
10.25,0.0025883168275076408
10.3,0.0025926319830825804
10.350000000000001,0.002596853782527495
10.4,0.0026009830439570982
10.450000000000001,0.00260502069616362
10.5,0.0026089676906225255
10.55,0.002612824950082304
10.600000000000001,0.0026165935403060616
10.65,0.002620274408833406
10.700000000000001,0.002623868663345048
10.75,0.0026273773466470207
10.8,0.002630801506712418
10.850000000000001,0.00263414231370701
10.9,0.002637400869763099
10.950000000000001,0.0026405783227115573
11.0,0.0026436758283920492
11.05,0.002646694524662631
11.100000000000001,0.002649635660864434
11.15,0.002652500435362799
11.200000000000001,0.0026552900149422274
11.25,0.0026580056200238393
11.3,0.002660648528180027
11.350000000000001,0.002663219924569937
11.4,0.002665721130673793
11.450000000000001,0.0026681532510226605
11.5,0.0026705176813432686
11.55,0.002672815534190527
11.600000000000001,0.0026750482266269227
11.65,0.0026772168446468616
11.700000000000001,0.002679322710039662
11.75,0.002681367085022677
11.8,0.0026833512252032584
11.850000000000001,0.0029740306657222598
11.9,0.0029777357023693923
11.950000000000001,0.005977384497832833
12.0,0.007132333174150804
12.05,0.008837302311254689
12.100000000000001,0.03231317438261062
12.15,0.044905662763571566
12.200000000000001,0.048230682064969714
12.25,0.051989902389093026
12.3,0.06665978204594589
12.350000000000001,0.07455076932021362
12.4,0.07890729678526041
12.450000000000001,0.08293596465080347
12.5,0.08552711612252213
12.55,0.09649480331065513
12.600000000000001,0.0972208349930137
12.65,0.09794602117632968
12.700000000000001,0.09867025956353354
12.75,0.09939344141781056
12.8,0.10011546553422121
12.850000000000001,0.10083622404208008
12.9,0.10155561379570693
12.950000000000001,0.10227353309883472
13.0,0.10298987553040787
13.05,0.10370454312946194
13.100000000000001,0.10441742991702867
13.15,0.10512843430824606
13.200000000000001,0.10583745876752669
13.25,0.1065444014208983
13.3,0.10724916395072726
13.350000000000001,0.10795164562887526
13.4,0.10865175377438833
13.450000000000001,0.10934938693405037
13.5,0.11004445270314393
13.55,0.11073685541970284
13.600000000000001,0.11142650186578992
13.65,0.11211329896387404
13.700000000000001,0.11279715640756632
13.75,0.11347798272937679
13.8,0.11415569068890272
13.850000000000001,0.11483019280927978
13.9,0.11550140078183688
13.950000000000001,0.1161692314397818
14.0,0.11683359914228222
14.05,0.11749442527473763
14.100000000000001,0.11815162437461194
14.15,0.11880512080843114
14.200000000000001,0.11945483507035776
14.25,0.12010069040100643
14.3,0.1207426132965348
14.350000000000001,0.12138052826709209
14.4,0.12201436650850364
14.450000000000001,0.1226440570469915
14.5,0.12326952966262322
14.55,0.1238907210698285
14.600000000000001,0.12450756273566134
14.65,0.12511999496839404
14.700000000000001,0.12572795216019733
14.75,0.12633137891253143
14.8,0.1269302132212813
14.850000000000001,0.12752440182391173
14.9,0.12811388903929638
14.950000000000001,0.12869862355056094
15.0,0.12927855248563902
15.05,0.12985362969841213
15.100000000000001,0.13042380585508379
15.15,0.1309890365043063
15.200000000000001,0.1315492793562918
15.25,0.1321044900784652
15.3,0.1326546322861578
15.350000000000001,0.1331996666832526
15.4,0.1337395583078222
15.450000000000001,0.13427427295644465
15.5,0.13480377812412947
15.55,0.135328043233159
15.600000000000001,0.13584704073127943
15.65,0.1363607463523873
15.700000000000001,0.13686913157429736
15.75,0.13737217634238763
15.8,0.13786985823334802
15.850000000000001,0.13836216057984393
15.9,0.13884906346516934
15.950000000000001,0.13933055332782932
16.0,0.1398066173266106
16.05,0.14027724162833272
16.1,0.14074241826815065
16.150000000000002,0.1412021376159839
16.2,0.1416563935404373
16.25,0.1421051831323393
16.3,0.1425485023217661
16.35,0.14298634862093718
16.400000000000002,0.1434187245978631
16.45,0.14384563220476315
16.5,0.14426707316939436
16.55,0.1446830548510644
16.6,0.14509358495242025
16.650000000000002,0.14549866776022924
16.7,0.14589832008383707
16.75,0.14629254877052333
16.8,0.14668136687148572
16.85,0.147064790702298
16.900000000000002,0.14744283753551649
16.95,0.1478155237910758
17.0,0.14818286710238215
17.05,0.1485448884238636
17.1,0.14890161078371256
17.150000000000002,0.14925305518570492
17.2,0.14959924839457678
17.25,0.14994021197436064
17.3,0.15027597784738417
17.35,0.15060657010392098
17.400000000000002,0.15093201757203886
17.45,0.15125235320480904
17.5,0.15156760508828362
17.55,0.1518778082393176
17.6,0.15218299506775945
17.650000000000002,0.15248319961677345
17.7,0.15277845770822768
17.75,0.15306880546162055
17.8,0.15335428059670037
17.85,0.15363492010213878
17.900000000000002,0.15391076434207307
17.95,0.15418185303979853
18.0,0.1544482245059468
18.05,0.15470992145233772
18.1,0.15496698675986478
18.150000000000002,0.15521946190680855
18.2,0.15546739090073586
18.25,0.15571081733527478
18.3,0.15594978591456202
18.35,0.15618434032105785
18.400000000000002,0.1564145294461276
18.45,0.15664039734678764
18.5,0.15686199018709876
18.55,0.15707935626745512
18.6,0.15729254167687437
18.650000000000002,0.15750159519785745
18.7,0.15770656456342402
18.75,0.1579074975157551
18.8,0.158104443990351
18.85,0.15829745316817964
18.900000000000002,0.15848657300401275
18.95,0.15867185538560552
19.0,0.1588533465100761
19.05,0.15903109934740137
19.1,0.1592051626054563
19.150000000000002,0.1593755844065841
19.200000000000003,0.1595424181816909
19.25,0.15970571164819009
19.3,0.15986551669505503
19.35,0.16002188209652218
19.400000000000002,0.16017485940776843
19.450000000000003,0.1603244968984151
19.5,0.1604708457247065
19.55,0.1606139563721886
19.6,0.16075387814383268
19.650000000000002,0.16089065985596024
19.700000000000003,0.16102435334602083
19.75,0.16115500524337645
19.8,0.1612826669818707
19.85,0.16140738668627044
19.900000000000002,0.1615292132881509
19.950000000000003,0.16164819481864526
20.0,0.1617643819072992
20.05,0.16187781858801
20.1,0.16198855590814043
20.150000000000002,0.16209663833207538
20.200000000000003,0.1622021176584626
20.25,0.1623050363584292
20.3,0.16240544204105534
20.35,0.1625033828554126
20.400000000000002,0.1625989014417473
20.450000000000003,0.16269204269759563
20.5,0.16278285607319617
20.55,0.16287138164855108
20.6,0.16295766628932093
20.650000000000002,0.16304175117033232
20.700000000000003,0.16312368143528808
20.75,0.16320349891505354
20.8,0.16328124670857336
20.85,0.16335696608514083
20.900000000000002,0.1634307001941221
20.950000000000003,0.16350248653652819
21.0,0.163572368333385
21.05,0.16364038545942755
21.1,0.16370657531803004
21.150000000000002,0.16377098328647705
21.200000000000003,0.16383364216077062
21.25,0.16389459415830143
21.3,0.1639538735302376
21.35,0.16401151830268945
21.400000000000002,0.1640675642529131
21.450000000000003,0.1641220492557705
21.5,0.16417500620714276
21.55,0.16422647187447248
21.6,0.1642764806605974
21.650000000000002,0.16432506473959846
21.700000000000003,0.16437226037888011
21.75,0.16441809686168138
21.8,0.16446260900161122
21.85,0.1645059318036613
21.900000000000002,0.16454824013771288
21.950000000000003,0.16458938889649355
22.0,0.16462941699064443
22.05,0.16466836492443349
22.1,0.1647062681259714
22.150000000000002,0.16474316757069002
22.200000000000003,0.16477909683032352
22.25,0.16481409032144473
22.3,0.16484818040922639
22.35,0.16488139625084397
22.400000000000002,0.16491376297495317
22.450000000000003,0.16494530518924566
22.5,0.16497604116239628
22.55,0.16500598762361424
22.6,0.16503515672854424
22.650000000000002,0.1650635574501862
22.700000000000003,0.16509119835429514
22.75,0.1651180810814359
22.8,0.16514420697055976
22.85,0.16516957790188133
22.900000000000002,0.16519419204268201
22.950000000000003,0.16521804863547318
23.0,0.1652411494635897
23.05,0.16526348918738662
23.1,0.1652850758056824
23.150000000000002,0.1653059458449676
23.200000000000003,0.1653262069582532
23.25,0.1653458873971357
23.3,0.1653649099964617
23.35,0.16538345985045694
23.400000000000002,0.1654014602785564
23.450000000000003,0.16541892255136562
23.5,0.16543587968240114
23.55,0.16545236361481755
23.6,0.16546841080762795
23.650000000000002,0.16548405200292177
23.700000000000003,0.16549931951704638
23.75,0.16551424505338797
23.8,0.16552885709056256
23.85,0.16554317547730124
23.900000000000002,0.16555723697508773
23.950000000000003,0.16557103503343357
24.0,0.16558456749337647
24.05,0.16559783494960834
24.1,0.16561083294457377
24.150000000000002,0.16562355393023837
24.200000000000003,0.1656359833896448
24.25,0.16564823730948403
24.3,0.16566026158176886
24.35,0.1656719898665791
24.400000000000002,0.16568366559557945
24.450000000000003,0.16569512419683233
24.5,0.16570632833952934
24.55,0.1657172795458961
24.6,0.16572798095594893
24.650000000000002,0.16573846974831533
24.700000000000003,0.16574881106053646
24.75,0.1657589513192564
24.8,0.16576889960949978
24.85,0.16577867275263797
24.900000000000002,0.16578830368687328
24.950000000000003,0.16579778229348935
25.0,0.16580711461130476
25.05,0.16581630533045466
25.1,0.16582535323295455
25.150000000000002,0.16583425860558348
25.200000000000003,0.16584300875469415
25.25,0.16585159486680257
25.3,0.16586000395905104
25.35,0.16586821695667003
25.400000000000002,0.16587621544291944
25.450000000000003,0.1658839800917199
25.5,0.16589149876700138
25.55,0.16589875973705556
25.6,0.1659057331158787
25.650000000000002,0.16591240399511015
25.700000000000003,0.16591875928108873
25.75,0.1659247918455687
25.8,0.1659304927078285
25.85,0.16593586054434206
25.900000000000002,0.1659408990828108
25.950000000000003,0.1659456109574045
26.0,0.16595000515468283
26.05,0.16595409340663583
26.1,0.16595788751777416
26.150000000000002,0.1659614050957527
26.200000000000003,0.16596465929921295
26.25,0.16596769614510845
26.3,0.1659705320454134
26.35,0.16597317035784218
26.400000000000002,0.16597563189372755
26.450000000000003,0.16597792829912872
26.5,0.1659800808275549
26.55,0.1659821036976559
26.6,0.16598405271981864
26.650000000000002,0.1659859372106754
26.700000000000003,0.16598774623945922
26.75,0.16598949304779026
26.8,0.16599140537697737
26.85,0.16599334020860396
26.900000000000002,0.16599529583521533
26.950000000000003,0.1659972834155934
27.0,0.16599984206130958
27.05,0.16600273028050194
27.1,0.16600584224455564
27.150000000000002,0.16600920461427635
27.200000000000003,0.16601284106103772
27.25,0.16601677631530448
27.3,0.16602103564882442
27.35,0.16602562318558584
27.400000000000002,0.16603054299730455
27.450000000000003,0.16603579609666008
27.5,0.16604137620844778
27.55,0.1660472663538669
27.6,0.16632350983104766
27.650000000000002,0.16633195570611692
27.700000000000003,0.1663406230255013
27.75,0.1663496650048375
27.8,0.1663586351355191
27.85,0.16636768871068233
27.900000000000002,0.16637675540185154
27.950000000000003,0.16638577979323477
28.0,0.16639470062315656
28.05,0.16640346282527646
28.1,0.16641201451501783
28.150000000000002,0.16642030138179906
28.200000000000003,0.16642828877475296
28.25,0.16643593725989111
28.3,0.16644322172541143
28.35,0.16645012306696663
28.400000000000002,0.16645662831683228
28.450000000000003,0.16646273831359895
28.5,0.16646845266582289
28.55,0.16647378110160743
28.6,0.16647873862418006
28.650000000000002,0.16648334317849395
28.700000000000003,0.16648761758481903
28.75,0.16649158946485357
28.8,0.16649528350654635
28.85,0.1665718518849297
28.900000000000002,0.1667145905813096
28.950000000000003,0.16671931516797733
29.0,0.1667238672297052
29.05,0.16701343807820185
29.1,0.16701856700764606
29.150000000000002,0.16702358485054436
29.200000000000003,0.16702850176358686
29.25,0.16703333576336754
29.3,0.16703809450815063
29.35,0.16704278895849162
29.400000000000002,0.16704742307782477
29.450000000000003,0.16705974977201007
29.5,0.16706431760784696
29.55,0.1670688384091613
29.6,0.16707951446946287
29.650000000000002,0.1670858176772313
29.700000000000003,0.16709031386801265
29.75,0.16709477099633768
29.8,0.16709919138568252
29.85,0.16710357376300258
29.900000000000002,0.16710791673684922
29.950000000000003,0.1671949222569838
30.0,0.16720020923535484
30.05,0.16720545854084962
30.1,0.16749828341367992
30.150000000000002,0.1675054349100749
30.200000000000003,0.16751255046664978
30.25,0.16751962986896304
30.3,0.167526672614702
30.35,0.16753367591268162
30.400000000000002,0.1676015792717249
30.450000000000003,0.16760888956248474
30.5,0.1676161601432571
30.55,0.1676233853141224
30.6,0.16765518230514528
30.650000000000002,0.16766242824165756
30.700000000000003,0.16766962788470274
30.75,0.1676767783315604
30.8,0.16768388086675173
30.85,0.1676909308304842
30.900000000000002,0.1676979302426054
30.950000000000003,0.1677048764741078
31.0,0.1677117672096585
31.05,0.16771860260877963
31.1,0.167725380881791
31.150000000000002,0.16773210118550919
31.200000000000003,0.16773876226336948
31.25,0.167749373403547
31.3,0.16775596183426805
31.35,0.1677624880298298
31.400000000000002,0.16776895145211215
31.450000000000003,0.1677753507811035
31.5,0.16778168357941464
31.55,0.16778795081332606
31.6,0.16779415156887134
31.650000000000002,0.1678002843836098
31.700000000000003,0.16780635024606097
31.75,0.16781234564055514
31.8,0.16781827069989316
31.85,0.16782412622682324
31.900000000000002,0.16782991028589328
31.950000000000003,0.16785105513296122
32.0,0.16785688613345864
32.050000000000004,0.1678626434350619
32.1,0.16786842650396408
32.15,0.16787403858436967
32.2,0.16787957785902957
32.25,0.16788504204848187
32.300000000000004,0.16805911975045773
32.35,0.16806497693779632
32.4,0.16807075956540396
32.45,0.16807646583059702
32.5,0.1685113646090376
32.550000000000004,0.16851797062737678
32.6,0.16852450182260695
32.65,0.1685309580885389
32.7,0.1688041579729917
32.75,0.16881343840570429
32.800000000000004,0.1688226432175828
32.85,0.16883177232692015
32.9,0.16884082439173687
32.95,0.1697686721313934
33.0,0.16978372682407383
33.050000000000004,0.16979304419872898
33.1,0.16980228050274787
33.15,0.16981143591512926
33.2,0.16982050596549725
33.25,0.16982949105145745
33.300000000000004,0.16983839111002214
33.35,0.16984720515210439
33.4,0.16985962806115573
33.45,0.16986830204680742
33.5,0.16987688765386927
33.550000000000004,0.16989211090438855
33.6,0.16990059959426285
33.65,0.17340100077718643
33.7,0.17342292072930743
33.75,0.1734447536810896
33.800000000000004,0.1734664980712612
33.85,0.17349444316905105
33.9,0.17351600350162805
33.95,0.1735374685261067
34.0,0.17356078504894662
34.050000000000004,0.1735820699647019
34.1,0.17360325073134375
34.15,0.17369041153915565
34.2,0.17371141651060715
34.25,0.1737323099832806
34.300000000000004,0.17375308983003085
34.35,0.17377375326260602
34.4,0.1737942986969254
34.45,0.17381472345026344
34.5,0.1738350255745235
34.550000000000004,0.173855203066557
34.6,0.1738752539963518
34.65,0.17389517663736717
34.7,0.17391496866494288
34.75,0.17393462840890722
34.800000000000004,0.17395415402031278
34.85,0.17397354392899406
34.9,0.1739927963544432
34.95,0.17605152754755435
35.0,0.17722338057649212
35.050000000000004,0.17725795207816486
35.1,0.1772933875658278
35.15,0.17884614489813805
35.2,0.1788870867350687
35.25,0.17892787831230778
35.300000000000004,0.17896851522339846
35.35,0.17900899233461645
35.4,0.17904930539050629
35.45,0.1790894493649679
35.5,0.1791294200763363
35.550000000000004,0.1798779606637635
35.6,0.1799187283373073
35.65,0.22168557135121605
35.7,0.24241739437144566
35.75,0.3554693455453579
35.800000000000004,0.4036175017285092
35.85,0.5049925228479886
35.9,0.5320912528723701
35.95,0.5377469951648275
36.0,0.5426782044601197
36.050000000000004,0.567363910661204
36.1,0.577199783221409
36.15,0.5859090164450627
36.2,0.5924866572136495
36.25,0.5977543645424301
36.300000000000004,0.6019379052932565
36.35,0.6055526173197694
36.4,0.6066356310613227
36.45,0.6094351256301076
36.5,0.610533465768448
36.550000000000004,0.611631225020316
36.6,0.6127283670490216
36.65,0.6143432895725474
36.7,0.6154440278255864
36.75,0.616544036941374
36.800000000000004,0.6176432714901456
36.85,0.6187417012943459
36.9,0.6199661579188054
36.95,0.6210640582907472
37.0,0.6221610331789007
37.050000000000004,0.623257046387022
37.1,0.6243520634820678
37.15,0.6254460401888471
37.2,0.6265389403038519
37.25,0.6276307326582371
37.300000000000004,0.6292322263926988
37.35,0.6303265616522182
37.4,0.6314196812073374
37.45,0.6325115448445292
37.5,0.6336021207860212
37.550000000000004,0.6346913742100353
37.6,0.6357792654087995
37.65,0.6368657584116192
37.7,0.6379508291901688
37.75,0.639034437569572
37.800000000000004,0.6401165455970934
37.85,0.6411971246179244
37.9,0.6422761432189343
37.95,0.6433535654865309
38.0,0.6444293627879907
38.050000000000004,0.6465908587133117
38.1,0.6476736612467283
38.15,0.6487916851650495
38.2,0.649871273024878
38.25,0.6509854270949857
38.300000000000004,0.652061774494676
38.35,0.6531362806562937
38.400000000000006,0.6546961153449277
38.45,0.6557714879732592
38.5,0.6568652308770409
38.550000000000004,0.6579369037964229
38.6,0.6605912293966423
38.650000000000006,0.6616739460239868
38.7,0.6627546191857727
38.75,0.6641358336382972
38.800000000000004,0.6673555026464029
38.85,0.6684531281740114
38.900000000000006,0.6695486069630898
38.95,0.6706419036907328
39.0,0.671732993826204
39.050000000000004,0.6729428654319676
39.1,0.6740305979623056
39.150000000000006,0.6751160306152516
39.2,0.6761991324755581
39.25,0.677279873815445
39.300000000000004,0.6783582301561828
39.35,0.6794341748964758
39.400000000000006,0.6805076741774855
39.45,0.6815787036450274
39.5,0.6826472446288163
39.550000000000004,0.6837132643017649
39.6,0.6848366145244928
39.650000000000006,0.6858980975563941
39.7,0.6869569804481983
39.75,0.6880132525909034
39.800000000000004,0.6890668786077006
39.85,0.6901178456592045
39.900000000000006,0.6911661322884157
39.95,0.6922117115184803
40.0,0.6932545653481665
40.050000000000004,0.694294672894648
40.1,0.695368526163189
40.150000000000006,0.6964034332397666
40.2,0.6974355327448574
40.25,0.698525044275915
40.300000000000004,0.6995520621611973
40.35,0.7005762181427864
40.400000000000006,0.7015975031443273
40.45,0.7026159022638995
40.5,0.7036313949175685
40.550000000000004,0.7046439643613134
40.6,0.7056536114979212
40.650000000000006,0.7066603049514932
40.7,0.7076640354310504
40.75,0.7086647870362617
40.800000000000004,0.7096625557322356
40.85,0.7106573254248523
40.900000000000006,0.7116490879189883
40.95,0.7128108919954511
41.0,0.7137982467619145
41.050000000000004,0.714782564541403
41.1,0.7157638294072584
41.150000000000006,0.716752335232411
41.2,0.7177275617992424
41.25,0.718699716059304
41.300000000000004,0.7196687791732621
41.35,0.7206347503952217
41.400000000000006,0.7215976178738952
41.45,0.7225573770737361
41.5,0.7235140247013669
41.550000000000004,0.724467549083805
41.6,0.7254179510380846
41.650000000000006,0.7263652142580792
41.7,0.7273093468109499
41.75,0.7282503410227413
41.800000000000004,0.7291881869374319
41.85,0.7301228857163977
41.900000000000006,0.7310544367233991
41.95,0.7319828332554394
42.0,0.7329080678921506
42.050000000000004,0.7338301462854178
42.1,0.7347490681291877
42.150000000000006,0.7356648257917142
42.2,0.7365774246632011
42.25,0.7374868598617541
42.300000000000004,0.7383931255874173
42.35,0.7392962367503364
42.400000000000006,0.7401961767235739
42.45,0.7410929546902862
42.5,0.7419865739635693
42.550000000000004,0.7428770298718391
42.6,0.7437643244122379
42.650000000000006,0.7446484588894476
42.7,0.7455294406383817
42.75,0.7464072649122182
42.800000000000004,0.7472819420970258
42.85,0.7481534682665716
42.900000000000006,0.7490218422459967
42.95,0.7498870768090624
43.0,0.7507491680338483
43.050000000000004,0.751608126847684
43.1,0.752463945763695
43.150000000000006,0.753316644216625
43.2,0.7541662082255491
43.25,0.755012656012237
43.300000000000004,0.7558559851259432
43.35,0.7566962006982183
43.400000000000006,0.7575333138817565
43.45,0.7583673163853946
43.5,0.7591982277800333
43.550000000000004,0.7600260438001737
43.6,0.7608507769038526
43.650000000000006,0.7616724242027331
43.7,0.7624909978873531
43.75,0.7633065001117694
43.800000000000004,0.7641189385527671
43.85,0.7649283120003034
43.900000000000006,0.7657346440500137
43.95,0.76653792261684
44.0,0.7673381598196094
44.050000000000004,0.7681353668923547
44.1,0.768929549905407
44.150000000000006,0.7697207040877366
44.2,0.7705088460838883
44.25,0.7712939823501862
44.300000000000004,0.7720761156943168
44.35,0.772855256647596
44.400000000000006,0.7736314080796418
44.45,0.7744045813810568
44.5,0.7751747749549722
44.550000000000004,0.7759420056891728
44.6,0.7767062749677068
44.650000000000006,0.7774675903818983
44.7,0.7782259647917154
44.75,0.7789813898714135
44.800000000000004,0.7797338890927453
44.85,0.7804834591271247
44.900000000000006,0.7812301146019276
44.95,0.78197385729618
45.0,0.7827146962687843
45.050000000000004,0.7834526366045755
45.1,0.7841876925156992
45.150000000000006,0.7849198632376423
45.2,0.7856491542417025
45.25,0.7863755811256794
45.300000000000004,0.7870991420216693
45.35,0.7878198506680033
45.400000000000006,0.7885377097477654
45.45,0.7892527316153893
45.5,0.7899649174671998
45.550000000000004,0.7906742776210836
45.6,0.7913808189147549
45.650000000000006,0.792084545557424
45.7,0.7927854645256758
45.75,0.7934835898030699
45.800000000000004,0.7941789208999899
45.85,0.794871462011142
45.900000000000006,0.7955612256597795
45.95,0.796248221283694
46.0,0.7969324401847362
46.050000000000004,0.7976139116130729
46.1,0.7982926312447116
46.150000000000006,0.7989685982124244
46.2,0.7996418301435814
46.25,0.8003123262958511
46.300000000000004,0.8009800960611814
46.35,0.801645145565686
46.400000000000006,0.8023074859352035
46.45,0.8029671168743413
46.5,0.8036240435573443
46.550000000000004,0.8042782731823273
46.6,0.8049298187050243
46.650000000000006,0.8055786829201468
46.7,0.8062248712725049
46.75,0.8068683845428899
46.800000000000004,0.8075092361470849
46.85,0.80814742302539
46.900000000000006,0.8087829635882817
46.95,0.8094158551156148
47.0,0.8100461040401006
47.050000000000004,0.8106737183547226
47.1,0.8112987055518801
47.150000000000006,0.8119210634277304
47.2,0.812540808191394
47.25,0.8131579385585788
47.300000000000004,0.813772461219754
47.35,0.8143843794536327
47.400000000000006,0.8149937014221931
47.45,0.8156004354982309
47.5,0.8162045866388845
47.550000000000004,0.8168061498196899
47.6,0.8174051412747048
47.650000000000006,0.8180015636810181
47.7,0.8185954191809853
47.75,0.8191867175508623
47.800000000000004,0.8197754646019715
47.85,0.8203616557141429
47.900000000000006,0.820945305671442
47.95,0.8215264214917355
48.0,0.8221049969070735
48.050000000000004,0.8226810446111255
48.1,0.823254566820699
48.150000000000006,0.8238255719354517
48.2,0.8243940645503494
48.25,0.8249600421312919
48.300000000000004,0.825523523849373
48.35,0.8260844987255568
48.400000000000006,0.826642980720784
48.45,0.8271989749190298
48.5,0.8277524818561242
48.550000000000004,0.8283035047162516
48.6,0.8288520577205579
48.650000000000006,0.8293981353168044
48.7,0.829941745355496
48.75,0.8304828950501022
48.800000000000004,0.8310215907105079
48.85,0.8315578332877543
48.900000000000006,0.8320916284017579
48.95,0.8326229779460176
49.0,0.8331518872397294
49.050000000000004,0.8336783639924962
49.1,0.8342024095313861
49.150000000000006,0.8347240314457405
49.2,0.8352432312358787
49.25,0.8357600190929001
49.300000000000004,0.8362743902264811
49.35,0.8367863630938228
49.400000000000006,0.8372959246765828
49.45,0.8378030938276277
49.5,0.8383078664960946
49.550000000000004,0.8388102530791638
49.6,0.8393102532237662
49.650000000000006,0.8398078742519133
49.7,0.8403031261235827
49.75,0.8407959985521207
49.800000000000004,0.8412865107467452
49.85,0.8417746575589821
49.900000000000006,0.8422604524153784
49.95,0.8427438967333234
50.0,0.8432249872880057
50.050000000000004,0.8437037404452835
50.1,0.844180150945151
50.150000000000006,0.8446542314547957
50.2,0.8451259797110453
50.25,0.8455954076767357
50.300000000000004,0.8460625114074715
50.35,0.8465273043140399
50.400000000000006,0.8469897855486479
50.45,0.8474499614341509
50.5,0.8479078340206596
50.550000000000004,0.8483634109671471
50.6,0.8488166971375533
50.650000000000006,0.8492676968877736
50.7,0.8497164154994012
50.75,0.8501628540952622
50.800000000000004,0.8506070255401462
50.85,0.8510489313663449
50.900000000000006,0.8514885668248925
50.95,0.8519259496530573
51.0,0.8523610776650887
51.050000000000004,0.8527939612302096
51.1,0.8532245970881279
51.150000000000006,0.853652997139206
51.2,0.8540791670846799
51.25,0.8545031048628404
51.300000000000004,0.8549248210455763
51.35,0.8553443215270118
51.400000000000006,0.8557616077342216
51.45,0.8561766861868572
51.5,0.8565895631362798
51.550000000000004,0.8570002439565046
51.6,0.8574087336108397
51.650000000000006,0.8578150352757448
51.7,0.8582191539165482
51.75,0.8586210951259645
51.800000000000004,0.8590208717231615
51.85,0.8594184768264288
51.900000000000006,0.8598139227593584
51.95,0.860207216315299
52.0,0.8605983565567167
52.050000000000004,0.8609873529531824
52.1,0.8613742148576548
52.150000000000006,0.8617589441076501
52.2,0.862141543650309
52.25,0.8625220206314478
52.300000000000004,0.8629003815380123
52.35,0.8632766319756664
52.400000000000006,0.8636507744801661
52.45,0.8640228206565193
52.5,0.86439276739701
52.550000000000004,0.864760636107129
52.6,0.8651264139397663
52.650000000000006,0.8654901192320851
52.7,0.8658517553373286
52.75,0.866211321566428
52.800000000000004,0.8665688286375615
52.85,0.8669242860563415
52.900000000000006,0.8672776927668225
52.95,0.8676290608202134
53.0,0.8679783914791332
53.050000000000004,0.8683256929909399
53.1,0.8686709724475222
53.150000000000006,0.8690142334101403
53.2,0.8693554818215443
53.25,0.8696947199949752
53.300000000000004,0.8700319657919339
53.35,0.8703672172993837
53.400000000000006,0.8707004792729216
53.45,0.8710317653833314
53.5,0.8713610706628239
53.550000000000004,0.871688410641172
53.6,0.8720137885773734
53.650000000000006,0.8723372112871665
53.7,0.8726586843526887
53.75,0.8729782104769828
53.800000000000004,0.8732958032645426
53.85,0.8736114626997118
53.900000000000006,0.8739252029863138
53.95,0.8742370219464615
54.0,0.8745469334085285
54.050000000000004,0.874854936442787
54.1,0.8751610438791965
54.150000000000006,0.8754652565643661
54.2,0.8757675838389861
54.25,0.8760680329718591
54.300000000000004,0.8763666107670085
54.35,0.8766633258102341
54.400000000000006,0.8769581803166633
54.45,0.8772511768417848
54.5,0.8775423341010107
54.550000000000004,0.8778316502189722
54.6,0.8781191344488396
54.650000000000006,0.8784047926888188
54.7,0.8786886334675679
54.75,0.8789706604805241
54.800000000000004,0.8792508819214788
54.85,0.8795293035517784
54.900000000000006,0.8798059394310982
54.95,0.880080782208414
55.0,0.8803538514025475
55.050000000000004,0.8806251492725619
55.1,0.8808946850888886
55.150000000000006,0.8811624583603606
55.2,0.881428482852012
55.25,0.8816927590624031
55.300000000000004,0.8819553088519193
55.35,0.8822161213948048
55.400000000000006,0.8824752128914455
55.45,0.8827325855991458
55.5,0.8829882537970006
55.550000000000004,0.8832422131484982
55.6,0.8834944851638671
55.650000000000006,0.8837450658834846
55.7,0.8839939617420243
55.75,0.884241181850416
55.800000000000004,0.8844867438197045
55.85,0.8847306387182186
55.900000000000006,0.8849728809562663
55.95,0.8852134801667624
56.0,0.8854524401149328
56.050000000000004,0.8856897613005054
56.1,0.885925465485675
56.150000000000006,0.8861595493974395
56.2,0.8863920257484681
56.25,0.8866228939589522
56.300000000000004,0.886852165863421
56.35,0.8870798485902498
56.400000000000006,0.8873059488164201
56.45,0.8875304767957428
56.5,0.8877534319287821
56.550000000000004,0.8879748277291547
56.6,0.888194675314432
56.650000000000006,0.88841296988119
56.7,0.889365554968405
56.75,0.8895831472033683
56.800000000000004,0.8897992149945244
56.85,0.8900137684473555
56.900000000000006,0.8902268050199362
56.95,0.8904383376456975
57.0,0.8906483765105425
57.050000000000004,0.8908569259557912
57.1,0.8910639928455584
57.150000000000006,0.8912695811987152
57.2,0.8932496573201305
57.25,0.8934580318728742
57.300000000000004,0.8936649541256978
57.35,0.8938704279845522
57.400000000000006,0.8959510367152645
57.45,0.8961596923046221
57.5,0.8963669239250582
57.550000000000004,0.8965727361423423
57.6,0.8969384688508986
57.650000000000006,0.8971414728748226
57.7,0.8973430774962112
57.75,0.8975432901770668
57.800000000000004,0.8977421219113022
57.85,0.8979395797314296
57.900000000000006,0.8981356595825636
57.95,0.8983303798705258
58.0,0.898523747527207
58.050000000000004,0.8987157637748932
58.1,0.8989064369662676
58.150000000000006,0.8990957773530817
58.2,0.8992837892968553
58.25,0.8994704760267537
58.300000000000004,0.8996558455533352
58.35,0.8998399112190202
58.400000000000006,0.9000226704029479
58.45,0.9002041362386403
58.5,0.9003843191942014
58.550000000000004,0.9005632166223128
58.6,0.9007408391311875
58.650000000000006,0.9009171965801357
58.7,0.9026558333223687
58.75,0.90423655163446
58.800000000000004,0.9044172094269287
58.85,0.904596629517068
58.900000000000006,0.908289421015156
58.95,0.9084776934102736
59.0,0.9086647475381344
59.050000000000004,0.908850590505346
59.1,0.9090352254626972
59.150000000000006,0.9092186593242712
59.2,0.9094009040706188
59.25,0.9095819563394724
59.300000000000004,0.9116400765388779
59.35,0.9118248280867465
59.400000000000006,0.9137041748811593
59.45,0.9146129452463942
59.5,0.9148020035623254
59.550000000000004,0.9149899104284163
59.6,0.9151766773553318
59.650000000000006,0.9169900346483518
59.7,0.9171797718992729
59.75,0.9173683849081239
59.800000000000004,0.919530097702908
59.85,0.9197228384876602
59.900000000000006,0.9199144706664238
59.95,0.9248166746633439
60.0,0.9250654317840215
60.050000000000004,0.9252690885476889
60.1,0.928838393315971
60.150000000000006,0.9290507492798372
60.2,0.9343619262859564
60.25,0.934588600881011
60.300000000000004,0.9348142150617921
60.35,0.9350387732030988
60.400000000000006,0.9369677193842614
60.45,0.9371956923278726
60.5,0.9374226279663412
60.550000000000004,0.9376485245762419
60.6,0.9378733928651528
60.650000000000006,0.9389862820797887
60.7,0.9392119740671863
60.75,0.9394366495907716
60.800000000000004,0.9396603133849338
60.85,0.939882972238269
60.900000000000006,0.9401046295648722
60.95,0.9403252871072812
61.0,0.940544947389518
61.050000000000004,0.9415612996492564
61.1,0.9417815626495867
61.150000000000006,0.9420008444667656
61.2,0.9422191499172723
61.25,0.9424364795073689
61.300000000000004,0.9426528460591885
61.35,0.9428682478990927
61.400000000000006,0.9430826904167571
61.45,0.943296175563595
61.5,0.943508715620718
61.550000000000004,0.9437203077728125
61.6,0.9439309493578872
61.650000000000006,0.9441406607890279
61.7,0.9443494342730976
61.75,0.9445572784165064
61.800000000000004,0.9460808284369109
61.85,0.9462910650521257
61.900000000000006,0.9465462415748763
61.95,0.946754796308906
62.0,0.9470587940881425
62.050000000000004,0.9472658398430538
62.1,0.9474719880502114
62.150000000000006,0.9481717218498905
62.2,0.9483776722750548
62.25,0.9487027158109196
62.300000000000004,0.9489072704935492
62.35,0.9512086624506583
62.400000000000006,0.9514182066182698
62.45,0.9516268750501785
62.5,0.9530134689018251
62.550000000000004,0.9553242544499847
62.6,0.9555408872514115
62.650000000000006,0.9557566603094904
62.7,0.9559715731756181
62.75,0.9561856341220895
62.800000000000004,0.9565315303911213
62.85,0.9567443152476842
62.900000000000006,0.956956266653443
62.95,0.9571673777490327
63.0,0.9573776437309973
63.050000000000004,0.9575870814876233
63.1,0.9577956908356294
63.150000000000006,0.9580034660512722
63.2,0.9582104186216807
63.25,0.9584165479006042
63.300000000000004,0.9586218647319615
63.35,0.9588733853732573
63.400000000000006,0.9590772266837122
63.45,0.959280250949288
63.5,0.9594824704122744
63.550000000000004,0.9596838853874308
63.6,0.9598845018996707
63.650000000000006,0.9600843161262702
63.7,0.9602833366082477
63.75,0.9604815688459194
63.800000000000004,0.9606790112577772
63.85,0.9609190123158932
63.900000000000006,0.9611150222031409
63.95,0.9613102542894927
64.0,0.9615734147517524
64.05,0.9617673070941778
64.10000000000001,0.9619604319898255
64.15,0.9621527916142107
64.2,0.9623443803623039
64.25,0.9625352034744107
64.3,0.962725270559392
64.35000000000001,0.9629145746746608
64.4,0.9631031221899544
64.45,0.9632909165714192
64.5,0.9634779601267485
64.55,0.9636642578385451
64.60000000000001,0.9638498112295427
64.65,0.9640346143071512
64.7,0.9646831310045557
64.75,0.9648679599009402
64.8,0.9650520513150538
64.85000000000001,0.9652354109123409
64.9,0.965461775605088
64.95,0.9656438161031602
65.0,0.9658251374157159
65.05,0.9660057256914831
65.10000000000001,0.9661855988571318
65.15,0.9663647555964836
65.2,0.9665431937326996
65.25,0.9667209201731608
65.3,0.9668979298768365
65.35000000000001,0.9670742417664514
65.4,0.9672498387246626
65.45,0.9674247325879479
65.5,0.9675989279212032
65.55,0.967772419672026
65.60000000000001,0.9679452168149574
65.65,0.9681173201910641
65.7,0.9682887303723422
65.75,0.9684594501252253
65.8,0.9686294784427095
65.85000000000001,0.9687988212869476
65.9,0.96896748639238
65.95,0.9691354628374458
66.0,0.9693027640050536
66.05,0.9694693857981367
66.10000000000001,0.9696353288455125
66.15,0.9698006057958958
66.2,0.9699652082686712
66.25,0.9701291414102609
66.3,0.9702924103153817
66.35000000000001,0.9704550108084768
66.4,0.970616948798699
66.45,0.9707782286114364
66.5,0.9709388482225944
66.55,0.9710988101043998
66.60000000000001,0.971258120535021
66.65,0.9714167769151099
66.7,0.9715747808048256
66.75,0.9717321407385114
66.8,0.9718888497690858
66.85000000000001,0.9720449176463756
66.9,0.9722003365820897
66.95,0.972355124113327
67.0,0.9725092669541393
67.05,0.9726627702798805
67.10000000000001,0.9728156433167058
67.15,0.972967880508139
67.2,0.97311949061144
67.25,0.9732704658194427
67.3,0.9734208148595553
67.35000000000001,0.9735705399145309
67.4,0.9737196381900342
67.45,0.9738681191275418
67.5,0.9740159764536088
67.55,0.9741632158592344
67.60000000000001,0.9743098377008942
67.65,0.974455847346447
67.7,0.9746012444739444
67.75,0.9747460257802296
67.8,0.9748901982345298
67.85000000000001,0.9750337679413228
67.9,0.9751767297308646
67.95,0.9753190865559752
68.0,0.9754608395201381
68.05,0.9756019888818578
68.10000000000001,0.975742547440478
68.15,0.9758825060736378
68.2,0.9760218674950658
68.25,0.9761606321800245
68.3,0.9762988055482416
68.35000000000001,0.9764363940411485
68.4,0.9765733896308674
68.45,0.9767097973284955
68.5,0.9768456226488759
68.55,0.9769808565038368
68.60000000000001,0.9771155142942827
68.65,0.977249593728946
68.7,0.9773830889757986
68.75,0.9775160094981434
68.8,0.9776483546351016
68.85000000000001,0.97778012050316
68.9,0.9779113222364129
68.95,0.978041944968139
69.0,0.9781720038895139
69.05,0.97830149400843
69.10000000000001,0.978430416428624
69.15,0.9785587729526032
69.2,0.9786865677517155
69.25,0.9788138015002379
69.3,0.9789404774132986
69.35000000000001,0.9790665876007016
69.4,0.9791921457974687
69.45,0.9793171544968136
69.5,0.9794415979312756
69.55,0.9795654915573646
69.60000000000001,0.979688837428718
69.65,0.9798116339541094
69.7,0.9799338833854264
69.75,0.9800555860819626
69.8,0.980176743981506
69.85000000000001,0.9802973567809333
69.9,0.9804174279623694
69.95,0.9805369597834944
70.0,0.980655954560786
70.05,0.980774410166424
70.10000000000001,0.9808923297167131
70.15,0.9810097127593951
70.2,0.9811265682247658
70.25,0.9812428880649147
70.3,0.9813586765360442
70.35000000000001,0.9814739384699669
70.4,0.9815886757648076
70.45,0.9817028816528517
70.5,0.9818165677999702
70.55,0.9819297311759166
70.60000000000001,0.9820423726781426
70.65,0.9821544907485488
70.7,0.9822660964714378
70.75,0.9823771832102233
70.8,0.9824877523706537
70.85000000000001,0.9825978065688564
70.9,0.9827073510298108
70.95,0.9828163787473845
71.0,0.9829249011649541
71.05,0.9830329161181166
71.10000000000001,0.9831404223079128
71.15,0.9832474174062957
71.2,0.9833539136699379
71.25,0.9834599058826525
71.3,0.9835653949969145
71.35000000000001,0.9836703852893951
71.4,0.9837748784131899
71.45,0.9838788711271781
71.5,0.9839823649849645
71.55,0.9840853736899589
71.60000000000001,0.9841878816797724
71.65,0.9842898994083735
71.7,0.9843914305363393
71.75,0.9844924669712439
71.8,0.9845930126724838
71.85000000000001,0.9846930793047706
71.9,0.9847926618262537
71.95,0.9848917565524137
72.0,0.9849903674993992
72.05,0.9850885001626474
72.10000000000001,0.9851861507972195
72.15,0.9852833272809184
72.2,0.9853800208166827
72.25,0.9854762459347006
72.3,0.9855719921052364
72.35000000000001,0.9856672699169509
72.4,0.985762071931008
72.45,0.9858564022296556
72.5,0.9859502678690336
72.55,0.9860436639366723
72.60000000000001,0.9861365974248333
72.65,0.9862290628661179
72.7,0.9863210664481928
72.75,0.9864126064408344
72.8,0.9865036880550442
72.85000000000001,0.9865943111617489
72.9,0.9866844737162481
72.95,0.9867741783033942
73.0,0.9868634301333568
73.05,0.9869522267791722
73.10000000000001,0.9870405678406224
73.15,0.9871284659988327
73.2,0.987215910995458
73.25,0.9873029040181365
73.3,0.9873894492197676
73.35000000000001,0.9874755566982434
73.4,0.9875612128673943
73.45,0.9876464279539326
73.5,0.9877311978518633
73.55,0.9878155354728781
73.60000000000001,0.9878994240485187
73.65,0.987982878365151
73.7,0.9880659007328914
73.75,0.988148481809553
73.8,0.9882306271188646
73.85000000000001,0.9883123480239127
73.9,0.988393634288457
73.95,0.9884744910291976
74.0,0.9885549153656285
74.05,0.9886349161494952
74.10000000000001,0.9887144885095515
74.15,0.9887936399021284
74.2,0.9888723685768253
74.25,0.9889506745775208
74.3,0.9890285594673334
74.35000000000001,0.9891060240318503
74.4,0.9891830745524139
74.45,0.9892596994966885
74.5,0.9893359205047316
74.55,0.989411723285636
74.60000000000001,0.9894871128377523
74.65,0.9895620894969065
74.7,0.989636662710826
74.75,0.989710820707872
74.8,0.9897845675888488
74.85000000000001,0.9898579216255431
74.9,0.9899308631604542
74.95,0.9900034020927914
75.0,0.9900755408898201
75.05,0.9901472777410415
75.10000000000001,0.9902186170422311
75.15,0.9902895609900126
75.2,0.9903601035213357
75.25,0.9904302530556317
75.3,0.9905000082549291
75.35000000000001,0.990569370449178
75.4,0.9906383457899886
75.45,0.9907069254177974
75.5,0.9907751200701411
75.55,0.990842927019012
75.60000000000001,0.9909103489166025
75.65,0.990977387097999
75.7,0.9910440388953798
75.75,0.9911103121256
75.8,0.9911762024475201
75.85000000000001,0.991241715698764
75.9,0.9913068477596955
75.95,0.9913716075887783
76.0,0.9914359909891161
76.05,0.9915000007429899
76.10000000000001,0.9915636385793735
76.15,0.9916269073244467
76.2,0.9916898051206966
76.25,0.9917523273801273
76.3,0.9918144910308954
76.35000000000001,0.9918762863998074
76.4,0.9919377175760442
76.45,0.9919987889218355
76.5,0.9920594927255744
76.55,0.9921198381697927
76.60000000000001,0.9921798265485395
76.65,0.9922394580248954
76.7,0.9922987264416788
76.75,0.9923576450777907
76.80000000000001,0.9924162130264147
76.85000000000001,0.9924744224270876
76.9,0.9925322825535174
76.95,0.9925897985925599
77.0,0.9926469603400288
77.05000000000001,0.9927037780028913
77.10000000000001,0.9927602491296468
77.15,0.9928163725913312
77.2,0.9928721583881439
77.25,0.9929275990351301
77.30000000000001,0.9929827023148126
77.35000000000001,0.9930374674384761
77.4,0.9930918897639487
77.45,0.9931459784853176
77.5,0.993199736298523
77.55000000000001,0.9932531521988828
77.60000000000001,0.9933062425768378
77.65,0.9933590018633602
77.7,0.993411427292594
77.75,0.9934635273163133
77.80000000000001,0.9935153030846622
77.85000000000001,0.9935667489042368
77.9,0.9936178685616028
77.95,0.9936686719751366
78.0,0.9937191489029445
78.05000000000001,0.9937693042596181
78.10000000000001,0.9938191440869365
78.15,0.9938686687488639
78.2,0.9939178708387268
78.25,0.9939667609009476
78.30000000000001,0.994015338346584
78.35000000000001,0.9940635996442659
78.4,0.9941115557369014
78.45,0.9941591985550087
78.5,0.994206532538813
78.55000000000001,0.9942535642935675
78.60000000000001,0.994300288412999
78.65,0.9943467047925474
78.7,0.9943928178682707
78.75,0.9944386280015175
78.80000000000001,0.9944841439547971
78.85000000000001,0.9945293557703473
78.9,0.9945742742038369
78.95,0.9946188939666153
79.0,0.9946632210442349
79.05000000000001,0.994707250628772
79.10000000000001,0.9947509889954684
79.15,0.9947944345629967
79.2,0.99483759226587
79.25,0.9948804611931156
79.30000000000001,0.994923040104347
79.35000000000001,0.9949653396845566
79.4,0.995007345413071
79.45,0.995049073005934
79.5,0.9950905225830442
79.55000000000001,0.9951316820464071
79.60000000000001,0.9951725679082921
79.65,0.9952131760326481
79.7,0.9952535071422168
79.75,0.9952935567741482
79.80000000000001,0.9953333390397382
79.85000000000001,0.995372850072697
79.9,0.995412078149245
79.95,0.9954510452120118
80.0,0.9954897431647112
80.05000000000001,0.9955281683797165
80.10000000000001,0.9955663283111664
80.15,0.9956042278616646
80.2,0.9956418620240479
80.25,0.995679225713557
80.30000000000001,0.99571633886264
80.35000000000001,0.9957531869169276
80.4,0.9957897717946405
80.45,0.9958261071322903
80.5,0.995862183586467
80.55000000000001,0.9958980047787319
80.60000000000001,0.9959335697884026
80.65,0.9959688811677131
80.7,0.9960039454468289
80.75,0.9960387528045743
80.80000000000001,0.9960733169773347
80.85000000000001,0.9961076363871063
80.9,0.996141707504218
80.95,0.9961755323554308
81.0,0.9962091158909567
81.05000000000001,0.9962424516067963
81.10000000000001,0.9962755519118949
81.15,0.9963084064977841
81.2,0.9963410276994022
81.25,0.9963734098875422
81.30000000000001,0.9964055524239681
81.35000000000001,0.9964374649120995
81.4,0.9964691393013687
81.45,0.9965005847651945
81.5,0.9965317980689599
81.55000000000001,0.9965627783507568
81.60000000000001,0.9965935333159779
81.65,0.9966240604370864
81.7,0.9966543598613389
81.75,0.996684433579594
81.80000000000001,0.996714282450522
81.85000000000001,0.9967439129447307
81.9,0.9967733168680102
81.95,0.9968025054422704
82.0,0.9968314724294421
82.05000000000001,0.996860220732607
82.10000000000001,0.9968887496054715
82.15,0.9969170660701717
82.2,0.9969451702005954
82.25,0.9969730607125553
82.30000000000001,0.9970007334818907
82.35000000000001,0.9970281975995008
82.4,0.9970554575329751
82.45,0.9970825045386266
82.5,0.9971093454026276
82.55000000000001,0.9971359768406163
82.60000000000001,0.9971624097287523
82.65,0.9971886329716819
82.7,0.9972146594336824
82.75,0.99724047903552
82.80000000000001,0.9972661020085695
82.85000000000001,0.9972915188011878
82.9,0.9973167459927926
82.95,0.9973417752423815
83.0,0.997366605090841
83.05000000000001,0.9973912421709943
83.10000000000001,0.997415688950517
83.15,0.9974399409628396
83.2,0.9974639984624769
83.25,0.997487870173162
83.30000000000001,0.9975115479918351
83.35000000000001,0.9975350432756211
83.4,0.9975583550847636
83.45,0.9975814711354627
83.5,0.9976044101313205
83.55000000000001,0.9976271654126208
83.60000000000001,0.9976497316572593
83.65,0.99767212521781
83.7,0.997694335052403
83.75,0.9977163676830478
83.80000000000001,0.9977382210418222
83.85000000000001,0.9977598998775613
83.9,0.9977814024025544
83.95,0.9978027282389073
84.0,0.9978238787614379
84.05000000000001,0.9978448621311357
84.10000000000001,0.9978656736239011
84.15,0.9978863095094618
84.2,0.9979067826014641
84.25,0.9979270841666986
84.30000000000001,0.9979472227414341
84.35000000000001,0.997967189880447
84.4,0.9979869934612351
84.45,0.9980066331876788
84.5,0.9980261165483246
84.55000000000001,0.9980454311264815
84.60000000000001,0.9980645872134568
84.65,0.9980835811771703
84.7,0.9981024202921431
84.75,0.9981210969801764
84.80000000000001,0.9981396165446863
84.85000000000001,0.9981579876502024
84.9,0.9981761975617147
84.95,0.998194259913608
85.0,0.9982121662905903
85.05000000000001,0.9982299209730557
85.10000000000001,0.9982475236863533
85.15,0.9982649751102028
85.2,0.9982822831565912
85.25,0.9982994424135027
85.30000000000001,0.998316451446024
85.35000000000001,0.9983333231028324
85.4,0.9983500399228116
85.45,0.9983666192586269
85.5,0.9983830493055124
85.55000000000001,0.998399345176326
85.60000000000001,0.9984154986043325
85.65,0.9984315074802244
85.7,0.9984473814406248
85.75,0.9984631168892304
85.80000000000001,0.9984787177886243
85.85000000000001,0.9984941783294872
85.9,0.9985095065862932
85.95,0.9985246990647131
86.0,0.998539760604085
86.05000000000001,0.9985546854696612
86.10000000000001,0.9985694863021679
86.15,0.9985841498288972
86.2,0.9985986868278822
86.25,0.9986130929300387
86.30000000000001,0.9986273729864841
86.35000000000001,0.9986415279205325
86.4,0.9986555547256671
86.45,0.9986694596397854
86.5,0.9986832355850387
86.55000000000001,0.9986968876143375
86.60000000000001,0.9987104197467156
86.65,0.998723832190092
86.7,0.9987371221754435
86.75,0.9987502912796673
86.80000000000001,0.9987633423335256
86.85000000000001,0.9987762750694416
86.9,0.9987890959013435
86.95,0.9988017898232515
87.0,0.998814377899333
87.05000000000001,0.9988268463399614
87.10000000000001,0.9988392009608789
87.15,0.9988514416276844
87.2,0.9988635773657115
87.25,0.9988755937756435
87.30000000000001,0.9988875021833787
87.35000000000001,0.9988993004043336
87.4,0.9989109948710605
87.45,0.9989225765297655
87.5,0.998934053035728
87.55000000000001,0.998945420893929
87.60000000000001,0.9989566838215499
87.65,0.9989678443128936
87.7,0.9989788986163293
87.75,0.9989898497654323
87.80000000000001,0.999000699166013
87.85000000000001,0.9990114430064388
87.9,0.9990220920363655
87.95,0.9990326370767861
88.0,0.9990430835830113
88.05000000000001,0.9990534319392517
88.10000000000001,0.9990636858326629
88.15,0.9990738352817929
88.2,0.999083894049177
88.25,0.9990938560162778
88.30000000000001,0.9991037251513718
88.35000000000001,0.9991134963570784
88.4,0.9991231729185279
88.45,0.9991327614575103
88.5,0.9991422552554166
88.55000000000001,0.9991516587203573
88.60000000000001,0.9991609733803151
88.65,0.9991701996360389
88.7,0.9991793363810906
88.75,0.9991883832994897
88.80000000000001,0.9991973397518528
88.85000000000001,0.9992062118654443
88.9,0.9992149983743145
88.95,0.9992236974418321
89.0,0.9992323168183672
89.05000000000001,0.9992408448640724
89.10000000000001,0.9992492936960684
89.15,0.9992576583818773
89.2,0.9992659455415748
89.25,0.9992741396058104
89.30000000000001,0.9992822695241717
89.35000000000001,0.9992903055859739
89.4,0.9992982728915695
89.45,0.9993061512152377
89.5,0.9993139607774716
89.55000000000001,0.9993216855875079
89.60000000000001,0.9993293372823405
89.65,0.9993369113287728
89.7,0.9993444097631371
89.75,0.9993518320321806
89.80000000000001,0.999359185052327
89.85000000000001,0.9993664582635664
89.9,0.9993736597965053
89.95,0.9993807884108113
90.0,0.9993878528978893
90.05000000000001,0.9993948376025604
90.10000000000001,0.9994017553493674
90.15,0.9994086029297504
90.2,0.999415381213733
90.25,0.999422087625102
90.30000000000001,0.9994287267845859
90.35000000000001,0.9994353012484856
90.4,0.9994418060314745
90.45,0.9994482446737255
90.5,0.9994546175111425
90.55000000000001,0.9994609269898773
90.60000000000001,0.9994671690397186
90.65,0.9994733464026417
90.7,0.9994794623161256
90.75,0.999485515733017
90.80000000000001,0.9994915068853572
90.85000000000001,0.999497433241206
90.9,0.9995032972295599
90.95,0.999509101713421
91.0,0.9995148452618643
91.05000000000001,0.9995205329925636
91.10000000000001,0.9995261562802253
91.15,0.9995317241351188
91.2,0.9995372313096165
91.25,0.9995426853671786
91.30000000000001,0.9995480736869213
91.35000000000001,0.9995534152097706
91.4,0.9995586960260029
91.45,0.9995639209895333
91.5,0.9995690889134381
91.55000000000001,0.9995742027023011
91.60000000000001,0.9995792629250305
91.65,0.9995842707018968
91.7,0.9995892229157735
91.75,0.9995941217110894
91.80000000000001,0.9995989716178556
91.85000000000001,0.9996037703218462
91.9,0.9996085134283744
91.95,0.9996132109139027
92.0,0.9996178517698575
92.05000000000001,0.9996224518104077
92.10000000000001,0.9996269917258688
92.15,0.9996314898557433
92.2,0.9996359341912175
92.25,0.9996403350241876
92.30000000000001,0.9996446823802647
92.35000000000001,0.9996489910262069
92.4,0.9996532412503099
92.45,0.9996574607882521
92.5,0.9996616182922868
92.55000000000001,0.9996657471487047
92.60000000000001,0.9996698149946087
92.65,0.9996738446899379
92.7,0.9996778309553904
92.75,0.9996817715721527
92.80000000000001,0.9996856757391042
92.85000000000001,0.9996895259255982
92.9,0.9996933416169342
92.95,0.9996971143609742
93.0,0.999700840581112
93.05000000000001,0.999704533358823
93.10000000000001,0.9997081792712784
93.15,0.9997117818604538
93.2,0.9997153530618816
93.25,0.9997188773262001
93.30000000000001,0.9997223629885525
93.35000000000001,0.9997258151501165
93.4,0.9997292234142094
93.45,0.9997325920934206
93.5,0.9997359270103747
93.55000000000001,0.9997392250497167
93.60000000000001,0.9997424803221405
93.65,0.9997457048408535
93.7,0.9997488913355613
93.75,0.9997520387368668
93.80000000000001,0.9997551543259051
93.85000000000001,0.9997582321084435
93.9,0.9997612737481664
93.95,0.9997642855046439
94.0,0.9997672595846844
94.05000000000001,0.9997701994678114
94.10000000000001,0.9997731049859806
94.15,0.9997759831223921
94.2,0.9997788233213916
94.25,0.9997816283982226
94.30000000000001,0.9997844060806884
94.35000000000001,0.9997871494802206
94.4,0.9997898671418757
94.45,0.9997925431669575
94.5,0.9997951913567472
94.55000000000001,0.999797811821804
94.60000000000001,0.9998004033350104
94.65,0.9998029651199484
94.7,0.9998054895450343
94.75,0.9998079858722788
94.80000000000001,0.9998104614389228
94.85000000000001,0.9998129020860917
94.9,0.9998153188628061
94.95,0.9998177016727186
95.0,0.9998200546828904
95.05000000000001,0.9998223832503371
95.10000000000001,0.9998246884273383
95.15,0.9998269637157223
95.2,0.9998292142068015
95.25,0.999831431886423
95.30000000000001,0.9998336251458637
95.35000000000001,0.999835791036398
95.4,0.9998379361594938
95.45,0.9998400561767016
95.5,0.999842152114105
95.55000000000001,0.999844220014483
95.60000000000001,0.9998462609692791
95.65,0.9998482760113013
95.7,0.9998502705867105
95.75,0.9998522390673523
95.80000000000001,0.9998541889218417
95.85000000000001,0.9998561142076012
95.9,0.9998580184939141
95.95,0.9998598951704842
96.0,0.9998617481238805
96.05000000000001,0.9998635771971313
96.10000000000001,0.9998653855593199
96.15,0.999867175343623
96.2,0.999868937887374
96.25,0.9998706842406924
96.30000000000001,0.9998724118172204
96.35000000000001,0.9998741189534421
96.4,0.9998758031055757
96.45,0.9998774634186047
96.5,0.9998791025532354
96.55000000000001,0.9998807225917593
96.60000000000001,0.9998823217955609
96.65,0.9998839012860048
96.7,0.9998854608338541
96.75,0.9998870043499796
96.80000000000001,0.9998885258780329
96.85000000000001,0.9998900383721536
96.9,0.999891525314912
96.95,0.9998929988352898
97.0,0.9998944481590758
97.05000000000001,0.9998958793075103
97.10000000000001,0.9998972908070535
97.15,0.9998986872607496
97.2,0.9999000655638624
97.25,0.9999014247112499
97.30000000000001,0.9999027686040921
97.35000000000001,0.9999040951467661
97.4,0.9999054045058724
97.45,0.9999066975458525
97.5,0.9999079764435008
97.55000000000001,0.999909236633293
97.60000000000001,0.9999104866214734
97.65,0.9999117214162265
97.7,0.9999129417406935
97.75,0.9999141452047624
97.80000000000001,0.9999153294770996
97.85000000000001,0.999916498523353
97.9,0.9999176539949908
97.95,0.9999187935634996
98.0,0.9999199185212041
98.05000000000001,0.9999210286545712
98.10000000000001,0.9999221242493368
98.15,0.999923205680429
98.2,0.9999242737622643
98.25,0.9999253279944978
98.30000000000001,0.9999263686542683
98.35000000000001,0.9999273955545787
98.4,0.9999284096428855
98.45,0.9999294108212851
98.5,0.9999303980852287
98.55000000000001,0.999931374008633
98.60000000000001,0.9999323361215136
98.65,0.9999332890714165
98.7,0.9999342273121585
98.75,0.9999351590758149
98.80000000000001,0.9999360791773038
98.85000000000001,0.9999369867544624
98.9,0.9999378822493854
98.95,0.9999387619862126
99.0,0.9999396292961894
99.05000000000001,0.9999404880136544
99.10000000000001,0.9999413330254441
99.15,0.9999421668964188
99.2,0.9999429898596377
99.25,0.9999438021260578
99.30000000000001,0.9999446033805007
99.35000000000001,0.9999453937149714
99.4,0.9999461737252542
99.45,0.999946943582132
99.5,0.999947703041924
99.55000000000001,0.9999484525069872
99.60000000000001,0.9999491918649323
99.65,0.9999499216250226
99.7,0.9999506417009232
99.75,0.9999513517523134
99.80000000000001,0.9999520531963821
99.85000000000001,0.999952744826026
99.9,0.9999534260329965
99.95,0.9999540996372014
100.0,0.9999547645123937
100.05000000000001,0.9999554194371966
100.10000000000001,0.9999560653597381
100.15,0.9999567036813292
100.2,0.9999573327242908
100.25,0.999957954084848
100.30000000000001,0.9999585661043574
100.35000000000001,0.9999591703353987
100.4,0.9999597656739446
100.45,0.9999603536019341
100.5,0.9999609343639939
100.55000000000001,0.9999615062326545
100.60000000000001,0.999962069712059
100.65,0.9999626263289062
100.7,0.9999631758126458
100.75,0.999963717114074
100.80000000000001,0.9999642508980736
100.85000000000001,0.9999647782793877
100.9,0.99996529794322
100.95,0.9999658098589592
101.0,0.9999663152846524
101.05000000000001,0.9999668161292802
101.10000000000001,0.9999673084916486
101.15,0.9999677974727155
101.2,0.9999682831530163
101.25,0.999968761034842
101.30000000000001,0.9999692312139857
101.35000000000001,0.9999696907726631
101.4,0.9999701433610964
101.45,0.9999705920402409
101.5,0.9999710327213639
101.55000000000001,0.9999714675185909
101.60000000000001,0.999971894793789
101.65,0.9999723172016307
101.7,0.9999727332272095
101.75,0.9999731432622627
101.80000000000001,0.9999735475099705
101.85000000000001,0.9999739463816093
101.9,0.9999743391175412
101.95,0.9999747261632143
102.0,0.9999751081325803
102.05000000000001,0.999975485166459
102.10000000000001,0.9999758559612297
102.15,0.9999762220745253
102.2,0.9999765828525526
102.25,0.9999769386825113
102.30000000000001,0.9999772891440742
102.35000000000001,0.9999776343848672
102.4,0.9999779753601058
102.45,0.9999783117080128
102.5,0.999978642650915
102.55000000000001,0.9999789689111133
102.60000000000001,0.999979290802208
102.65,0.999979607908214
102.7,0.9999799215309999
102.75,0.9999802291303788
102.80000000000001,0.9999805324478952
102.85000000000001,0.9999808326633502
102.9,0.999981127482567
102.95,0.9999814186415961
103.0,0.999981705209045
103.05000000000001,0.9999819878853011
103.10000000000001,0.9999822660051526
103.15,0.9999825406230316
103.2,0.9999828113059055
103.25,0.9999830775309791
103.30000000000001,0.999983340366217
103.35000000000001,0.9999835995136725
103.4,0.9999838540934722
103.45,0.9999841058470964
103.5,0.9999843532573298
103.55000000000001,0.9999845978292891
103.60000000000001,0.9999848370557471
103.65,0.9999850752623733
103.7,0.9999853089627287
103.75,0.9999855388096774
103.80000000000001,0.9999857648971634
103.85000000000001,0.9999859895470691
103.9,0.9999862094482171
103.95,0.9999864259347204
104.0,0.9999866401019656
104.05000000000001,0.9999868502541632
104.10000000000001,0.9999870572461151
104.15,0.9999872619308708
104.2,0.999987464302498
104.25,0.9999876619901757
104.30000000000001,0.9999878570748147
104.35000000000001,0.9999880497807776
104.4,0.9999882396851706
104.45,0.9999884266633605
104.5,0.999988611019023
104.55000000000001,0.9999887915751104
104.60000000000001,0.9999889703899489
104.65,0.9999891465385619
104.7,0.9999893195577196
104.75,0.9999894907869744
104.80000000000001,0.9999896585066524
104.85000000000001,0.9999898243058594
104.9,0.9999899872731346
104.95,0.9999901475825569
105.0,0.9999903058963905
105.05000000000001,0.9999904615286433
105.10000000000001,0.9999906157191398
105.15,0.9999907671230326
105.2,0.9999909160243275
105.25,0.9999910622749519
105.30000000000001,0.9999912061710878
105.35000000000001,0.9999913491577566
105.4,0.9999914886918069
105.45,0.999991627534144
105.5,0.9999917624791117
105.55000000000001,0.9999918958644699
105.60000000000001,0.9999920280320362
105.65,0.9999921575690398
105.7,0.9999922852396035
105.75,0.9999924109660547
105.80000000000001,0.9999925349898955
105.85000000000001,0.9999926573601811
105.9,0.9999927768718019
105.95,0.9999928949311442
106.0,0.9999930112032935
106.05000000000001,0.9999931267066716
106.10000000000001,0.9999932386211793
106.15,0.9999933504367688
106.2,0.9999934592723412
106.25,0.9999935670410715
106.30000000000001,0.9999936731050739
106.35000000000001,0.9999937766968305
106.4,0.9999938805145343
106.45,0.9999939813298032
106.5,0.999994081181655
106.55000000000001,0.999994178549215
106.60000000000001,0.9999942749057138
106.65,0.9999943695751954
106.7,0.9999944641770193
106.75,0.999994555939882
106.80000000000001,0.9999946460756345
106.85000000000001,0.9999947355898442
106.9,0.9999948235771413
106.95,0.9999949096767026
107.0,0.9999949941112817
107.05000000000001,0.9999950780898094
107.10000000000001,0.9999951604616837
107.15,0.9999952416323927
107.2,0.9999953210995709
107.25,0.9999953992861124
107.30000000000001,0.9999954767332864
107.35000000000001,0.9999955537921488
107.4,0.9999956276390676
107.45,0.9999957016863569
107.5,0.9999957743320118
107.55000000000001,0.9999958455261371
107.60000000000001,0.9999959156433555
107.65,0.9999959847275993
107.7,0.9999960525055749
107.75,0.9999961192607923
107.80000000000001,0.9999961848940189
107.85000000000001,0.9999962500516643
107.9,0.9999963137601459
107.95,0.9999963766461448
108.0,0.9999964375310822
108.05000000000001,0.9999964982132423
108.10000000000001,0.9999965579057287
108.15,0.9999966168001864
108.2,0.9999966745446724
108.25,0.9999967316125089
108.30000000000001,0.9999967872888471
108.35000000000001,0.9999968430042433
108.4,0.9999968969125461
108.45,0.9999969496759493
108.5,0.9999970019466411
108.55000000000001,0.9999970540012367
108.60000000000001,0.9999971045228642
108.65,0.9999971544719392
108.7,0.9999972037153322
108.75,0.9999972515972699
108.80000000000001,0.9999972992223809
108.85000000000001,0.9999973460484528
108.9,0.9999973916718958
108.95,0.9999974364344582
109.0,0.9999974808442627
109.05000000000001,0.9999975245576387
109.10000000000001,0.99999756729959
109.15,0.9999976100125549
109.2,0.9999976513441542
109.25,0.9999976932435478
109.30000000000001,0.9999977323951393
109.35000000000001,0.9999977721550413
109.4,0.9999978118735251
109.45,0.9999978504377488
109.5,0.9999978872403059
109.55000000000001,0.9999979240227598
109.60000000000001,0.9999979609171665
109.65,0.9999979969109627
109.7,0.9999980318918682
109.75,0.9999980664574577
109.80000000000001,0.999998100088835
109.85000000000001,0.9999981338243216
109.9,0.9999981659468319
109.95,0.9999981992268019
110.0,0.9999982312140536
110.05000000000001,0.9999982622400972
110.10000000000001,0.9999982927805866
110.15,0.9999983231553415
110.2,0.999998353080781
110.25,0.9999983817259993
110.30000000000001,0.9999984103571756
110.35000000000001,0.9999984392110869
110.4,0.9999984672261081
110.45,0.9999984940430109
110.5,0.9999985206878449
110.55000000000001,0.9999985471608501
110.60000000000001,0.999998573220655
110.65,0.999998598200393
110.7,0.9999986238551515
110.75,0.9999986483911816
110.80000000000001,0.9999986724221758
110.85000000000001,0.9999986961078734
110.9,0.9999987186376625
110.95,0.999998742614375
111.0,0.9999987653080831
111.05000000000001,0.9999987869246201
111.10000000000001,0.9999988097245083
111.15,0.9999988311375823
111.2,0.9999988517045717
111.25,0.9999988724401196
111.30000000000001,0.9999988933824084
111.35000000000001,0.999998912409723
111.4,0.9999989326960002
111.45,0.999998951751401
111.5,0.9999989712166064
111.55000000000001,0.9999989897145393
111.60000000000001,0.9999990079371527
111.65,0.9999990264683798
111.7,0.9999990436676983
111.75,0.99999906122907
111.80000000000001,0.9999990784409161
111.85000000000001,0.9999990953170989
111.9,0.9999991116733419
111.95,0.9999991279909787
112.0,0.999999143762303
112.05000000000001,0.9999991598708331
112.10000000000001,0.9999991753051297
112.15,0.9999991892990201
112.2,0.9999992048478016
112.25,0.9999992203830704
112.30000000000001,0.9999992339870775
112.35000000000001,0.9999992487409234
112.4,0.9999992621894238
112.45,0.9999992759115578
112.5,0.9999992888639875
112.55000000000001,0.999999302130922
112.60000000000001,0.9999993154042427
112.65,0.9999993272896534
112.7,0.9999993396321022
112.75,0.9999993520486762
112.80000000000001,0.999999364710908
112.85000000000001,0.9999993766188937
112.9,0.9999993879048595
112.95,0.9999993993162588
113.0,0.9999994105331496
113.05000000000001,0.9999994214096578
113.10000000000001,0.9999994320892898
113.15,0.9999994422793378
113.2,0.9999994522575746
113.25,0.9999994622495139
113.30000000000001,0.9999994732589718
113.35000000000001,0.9999994830726238
113.4,0.9999994930509959
113.45,0.9999995024248802
113.5,0.9999995119931931
113.55000000000001,0.9999995209984617
113.60000000000001,0.9999995301559715
113.65,0.9999995393220363
113.7,0.9999995470538887
113.75,0.9999995564226485
113.80000000000001,0.9999995640002217
113.85000000000001,0.999999572803113
113.9,0.9999995802892485
113.95,0.9999995882368815
114.0,0.9999995961309414
114.05000000000001,0.9999996038226825
114.10000000000001,0.9999996121333925
114.15,0.9999996188294017
114.2,0.9999996260149522
114.25,0.9999996334727494
114.30000000000001,0.9999996406297844
114.35000000000001,0.9999996468005512
114.4,0.999999653955824
114.45,0.9999996607508054
114.5,0.9999996669589757
114.55000000000001,0.9999996731276554
114.60000000000001,0.99999967968502
114.65,0.9999996854712491
114.7,0.9999996914311952
114.75,0.9999996971815981
114.80000000000001,0.9999997033499414
114.85000000000001,0.9999997093045785
114.9,0.9999997147816708
114.95,0.9999997200377059
115.0,0.9999997257864436
115.05000000000001,0.9999997307655558
115.10000000000001,0.9999997361745552
115.15,0.9999997413357167
115.2,0.9999997459449035
115.25,0.9999997507402326
115.30000000000001,0.999999755649565
115.35000000000001,0.9999997608994498
115.4,0.9999997650849219
115.45,0.9999997692093254
115.5,0.999999774794144
115.55000000000001,0.9999997782075474
115.60000000000001,0.9999997829638155
115.65,0.9999997871371429
115.7,0.9999997917180712
115.75,0.9999997948716043
115.80000000000001,0.9999997997393557
115.85000000000001,0.9999998029439713
115.9,0.9999998066472142
115.95,0.9999998109428161
116.0,0.9999998149813059
116.05000000000001,0.9999998185281452
116.10000000000001,0.9999998217028307
116.15,0.9999998253293996
116.2,0.9999998285045867
116.25,0.999999832083911
116.30000000000001,0.9999998349277837
116.35000000000001,0.9999998388262016
116.4,0.9999998418627759
116.45,0.9999998446452075
116.5,0.9999998487907573
116.55000000000001,0.9999998507699237
116.60000000000001,0.9999998538127564
116.65,0.999999856367405
116.7,0.9999998597631231
116.75,0.9999998625262722
116.80000000000001,0.999999865340677
116.85000000000001,0.9999998683344538
116.9,0.9999998707944247
116.95,0.9999998727739674
117.0,0.9999998754304178
117.05000000000001,0.9999998782177447
117.10000000000001,0.9999998809725511
117.15,0.9999998831482743
117.2,0.9999998848382454
117.25,0.9999998883439313
117.30000000000001,0.9999998899142718
117.35000000000001,0.9999998913264303
117.4,0.999999893882848
117.45,0.9999998962759069
117.5,0.9999998977786251
117.55000000000001,0.9999999007411164
117.60000000000001,0.9999999021162685
117.65,0.9999999045110091
117.7,0.9999999062704192
117.75,0.9999999083979463
117.80000000000001,0.9999999099903896
117.85000000000001,0.9999999116110283
117.9,0.9999999136662447
117.95,0.9999999155337
118.0,0.9999999169400846
118.05000000000001,0.999999918921957
118.10000000000001,0.9999999206427287
118.15,0.9999999216370781
118.2,0.9999999230824763
118.25,0.9999999252620861
118.30000000000001,0.9999999262432278
118.35000000000001,0.9999999284508638
118.4,0.999999929303318
118.45,0.9999999311205688
118.5,0.9999999322742663
118.55000000000001,0.9999999344040402
118.60000000000001,0.9999999350691707
118.65,0.9999999365865027
118.7,0.9999999376909662
118.75,0.9999999396214643
118.80000000000001,0.9999999404612745
118.85000000000001,0.9999999413634335
118.9,0.99999994199567
118.95,0.9999999433453806
119.0,0.999999945518772
119.05000000000001,0.9999999463339116
119.10000000000001,0.9999999469927677
119.15,0.9999999483243835
119.2,0.9999999490177143
119.25,0.9999999508029062
119.30000000000001,0.9999999517492525
119.35000000000001,0.9999999525011429
119.4,0.9999999535301348
119.45,0.9999999550018621
119.5,0.9999999555485716
119.55000000000001,0.9999999566385209
119.60000000000001,0.9999999576744768
119.65,0.9999999580244306
119.7,0.9999999588953946
119.75,0.9999999594076927
119.80000000000001,0.9999999602076887
119.85000000000001,0.9999999614284711
119.9,0.9999999621606274
119.95,0.9999999628597119
120.0,0.9999999645137292
120.05000000000001,0.9999999645404248
120.10000000000001,0.9999999652271825
120.15,0.9999999660493241
120.2,0.999999966750139
120.25,0.9999999670153921
120.30000000000001,0.9999999681685585
120.35000000000001,0.9999999687461177
120.4,0.9999999690837037
120.45,0.9999999703392258
120.5,0.9999999711271587
120.55000000000001,0.999999971299741
120.60000000000001,0.9999999716269119
120.65,0.9999999728954032
120.7,0.9999999729787099
120.75,0.9999999744699858
120.80000000000001,0.9999999745142701
120.85000000000001,0.9999999751274585
120.9,0.9999999756804345
120.95,0.9999999759690803
121.0,0.9999999760442876
121.05000000000001,0.9999999767750914
121.10000000000001,0.9999999773401033
121.15,0.9999999776265885
121.2,0.9999999780755292
121.25,0.9999999784821715
121.30000000000001,0.9999999795972276
121.35000000000001,0.9999999798890283
121.4,0.9999999801989788
121.45,0.9999999802123114
121.5,0.9999999806876116
121.55000000000001,0.9999999810314316
121.60000000000001,0.999999981425189
121.65,0.9999999819814607
121.7,0.9999999821231386
121.75,0.9999999821866351
121.80000000000001,0.9999999830251226
121.85000000000001,0.9999999834074929
121.9,0.9999999841504836
121.95,0.9999999841638632
122.0,0.9999999848250829
122.05000000000001,0.9999999848918752
122.10000000000001,0.9999999856003401
122.15,0.9999999857720969
122.2,0.9999999862316499
122.25,0.9999999862316499
122.30000000000001,0.9999999867363129
122.35000000000001,0.9999999868982437
122.4,0.9999999871584258
122.45,0.9999999873659011
122.5,0.999999987528139
122.55000000000001,0.999999987653738
122.60000000000001,0.9999999882551173
122.65,0.9999999885091884
122.7,0.9999999885788575
122.75,0.9999999885870282
122.80000000000001,0.9999999888362067
122.85000000000001,0.9999999893697002
122.9,0.999999989547397
122.95,0.9999999902026877
123.0,0.9999999902079812
123.05000000000001,0.9999999906780852
123.10000000000001,0.9999999906895517
123.15,0.999999991090727
123.2,0.999999991095889
123.25,0.9999999918228832
123.30000000000001,0.9999999918228832
123.35000000000001,0.9999999918611431
123.4,0.9999999918611431
123.45,0.9999999923246741
123.5,0.9999999923800003
123.55000000000001,0.9999999923851621
123.60000000000001,0.9999999923851621
123.65,0.9999999927836595
123.7,0.9999999930515524
123.75,0.9999999931068784
123.80000000000001,0.9999999931123452
123.85000000000001,0.9999999931238116
123.9,0.9999999931345784
123.95,0.9999999931556003
124.0,0.9999999931556003
124.05000000000001,0.9999999932779523
124.10000000000001,0.9999999935181054
124.15,0.9999999935181054
124.2,0.9999999939346066
124.25,0.9999999939398156
124.30000000000001,0.9999999943577906
124.35000000000001,0.9999999943577906
124.4,0.9999999948086055
124.45,0.9999999948086055
124.5,0.999999994822381
124.55000000000001,0.999999994822381
124.60000000000001,0.9999999948275899
124.65,0.9999999948275899
124.7,0.9999999950669911
124.75,0.9999999950669911
124.80000000000001,0.999999995279039
124.85000000000001,0.9999999954810475
124.9,0.9999999955669375
124.95,0.9999999955775662
125.0,0.9999999955942416
125.05000000000001,0.9999999957878247
125.10000000000001,0.9999999957959954
125.15,0.9999999958548507
125.2,0.9999999960897528
125.25,0.99999999616496
125.30000000000001,0.99999999616496
125.35000000000001,0.9999999969746529
125.4,0.9999999969799059
125.45,0.999999996985115
125.5,0.999999996985115
125.55000000000001,0.9999999977766172
125.60000000000001,0.9999999977766172
125.65,0.9999999983842208
125.7,0.9999999983842208
125.75,0.9999999983893828
125.80000000000001,0.9999999984447088
125.85000000000001,0.9999999986719942
125.9,0.9999999986719942
125.95,0.9999999986719942
126.0,0.9999999986772031
126.05000000000001,0.9999999986772031
126.10000000000001,0.9999999987831651
126.15,0.9999999987831651
126.2,0.9999999987831651
126.25,0.9999999987831651
126.30000000000001,0.9999999987831651
126.35000000000001,0.9999999987831651
126.4,0.9999999987887701
126.45,0.9999999987887701
126.5,0.9999999988837831
126.55000000000001,0.9999999988837831
126.60000000000001,0.9999999989391093
126.65,0.9999999989391093
126.7,0.9999999989391093
126.75,0.9999999989391093
126.80000000000001,0.9999999989443182
126.85000000000001,0.9999999989443182
126.9,0.9999999989494801
126.95,0.9999999989494801
127.0,0.9999999989576508
127.05000000000001,0.9999999989576508
127.10000000000001,0.9999999989576508
127.15,0.9999999989576508
127.2,0.9999999991143727
127.25,0.9999999991143727
127.30000000000001,0.9999999991143727
127.35000000000001,0.9999999991198394
127.4,0.9999999991313058
127.45,0.9999999991313058
127.5,0.9999999991313058
127.55000000000001,0.999999999190161
127.60000000000001,0.999999999190161
127.65,0.9999999992044374
127.7,0.9999999992044374
127.75,0.9999999995091788
127.80000000000001,0.9999999995091788
127.85000000000001,0.9999999995091788
127.9,0.9999999995091788
127.95,0.9999999999047144
128.0,0.9999999999047144
128.05,0.9999999999047144
128.1,0.9999999999047144
128.15,0.9999999999047144
128.20000000000002,0.9999999999047144
128.25,0.9999999999205273
128.3,0.9999999999205273
128.35,0.9999999999205273
128.4,0.9999999999205273
128.45000000000002,0.9999999999205273
128.5,0.9999999999205273
128.55,0.9999999999205273
128.6,0.9999999999205273
128.65,0.9999999999205273
128.70000000000002,0.9999999999205273
128.75,0.9999999999205273
128.8,0.9999999999261322
128.85,0.9999999999261322
128.9,0.9999999999261322
128.95000000000002,0.9999999999261322
129.0,0.9999999999261322
129.05,0.9999999999261322
129.1,0.9999999999261322
129.15,0.9999999999261322
129.20000000000002,0.9999999999261322
129.25,0.9999999999261322
129.3,0.9999999999312942
129.35,0.9999999999312942
129.4,0.9999999999394649
129.45000000000002,0.9999999999394649
129.5,0.9999999999394649
129.55,0.9999999999394649
129.6,0.9999999999394649
129.65,0.9999999999394649
129.70000000000002,0.9999999999394649
129.75,0.9999999999394649
129.8,0.9999999999394649
129.85,0.9999999999394649
129.9,0.9999999999394649
129.95000000000002,0.9999999999394649
130.0,0.9999999999394649
130.05,0.9999999999394649
130.1,0.9999999999394649
130.15,0.9999999999947908
130.20000000000002,0.9999999999947908
130.25,0.9999999999947908
130.3,0.9999999999947908
130.35,0.9999999999999998
130.4,0.9999999999999998
130.45000000000002,0.9999999999999998
130.5,0.9999999999999998
130.55,0.9999999999999998
130.6,0.9999999999999998
130.65,0.9999999999999998
130.70000000000002,0.9999999999999998
130.75,0.9999999999999998
130.8,0.9999999999999998
130.85,0.9999999999999998
130.9,0.9999999999999998
130.95000000000002,0.9999999999999998
131.0,0.9999999999999998
131.05,0.9999999999999998
131.1,0.9999999999999998
131.15,0.9999999999999998
131.20000000000002,0.9999999999999998
131.25,0.9999999999999998
131.3,0.9999999999999998
131.35,0.9999999999999998
131.4,0.9999999999999998
131.45000000000002,0.9999999999999998
131.5,0.9999999999999998
131.55,0.9999999999999998
131.6,0.9999999999999998
131.65,0.9999999999999998
131.70000000000002,0.9999999999999998
131.75,0.9999999999999998
131.8,0.9999999999999998
131.85,0.9999999999999998
131.9,0.9999999999999998
131.95000000000002,0.9999999999999998
132.0,0.9999999999999998
132.05,0.9999999999999998
132.1,0.9999999999999998
132.15,0.9999999999999998
132.20000000000002,0.9999999999999998
132.25,0.9999999999999998
132.3,0.9999999999999998
132.35,0.9999999999999998
132.4,0.9999999999999998
132.45000000000002,0.9999999999999998
132.5,0.9999999999999998
132.55,0.9999999999999998
132.6,0.9999999999999998
132.65,0.9999999999999998
132.70000000000002,0.9999999999999998
132.75,0.9999999999999998
132.8,0.9999999999999998
132.85,0.9999999999999998
132.9,0.9999999999999998
132.95000000000002,0.9999999999999998
133.0,0.9999999999999998
133.05,0.9999999999999998
133.1,0.9999999999999998
133.15,0.9999999999999998
133.20000000000002,0.9999999999999998
133.25,0.9999999999999998
133.3,0.9999999999999998
133.35,0.9999999999999998
133.4,0.9999999999999998
133.45000000000002,0.9999999999999998
133.5,0.9999999999999998
133.55,0.9999999999999998
133.6,0.9999999999999998
133.65,0.9999999999999998
133.70000000000002,0.9999999999999998
133.75,0.9999999999999998
133.8,0.9999999999999998
133.85,0.9999999999999998
133.9,0.9999999999999998
133.95000000000002,0.9999999999999998
134.0,0.9999999999999998
134.05,0.9999999999999998
134.1,0.9999999999999998
134.15,0.9999999999999998
134.20000000000002,0.9999999999999998
134.25,0.9999999999999998
134.3,0.9999999999999998
134.35,0.9999999999999998
134.4,0.9999999999999998
134.45000000000002,0.9999999999999998
134.5,0.9999999999999998
134.55,0.9999999999999998
134.6,0.9999999999999998
134.65,0.9999999999999998
134.70000000000002,0.9999999999999998
134.75,0.9999999999999998
134.8,0.9999999999999998
134.85,0.9999999999999998
134.9,0.9999999999999998
134.95000000000002,0.9999999999999998
135.0,0.9999999999999998
135.05,0.9999999999999998
135.1,0.9999999999999998
135.15,0.9999999999999998
135.20000000000002,0.9999999999999998
135.25,0.9999999999999998
135.3,0.9999999999999998
135.35,0.9999999999999998
135.4,0.9999999999999998
135.45000000000002,0.9999999999999998
135.5,0.9999999999999998
135.55,0.9999999999999998
135.6,0.9999999999999998
135.65,0.9999999999999998
135.70000000000002,0.9999999999999998
135.75,0.9999999999999998
135.8,0.9999999999999998
135.85,0.9999999999999998
135.9,0.9999999999999998
135.95000000000002,0.9999999999999998
136.0,0.9999999999999998
136.05,0.9999999999999998
136.1,0.9999999999999998
136.15,0.9999999999999998
136.20000000000002,0.9999999999999998
136.25,0.9999999999999998
136.3,0.9999999999999998
136.35,0.9999999999999998
136.4,0.9999999999999998
136.45000000000002,0.9999999999999998
136.5,0.9999999999999998
136.55,0.9999999999999998
136.6,0.9999999999999998
136.65,0.9999999999999998
136.70000000000002,0.9999999999999998
136.75,0.9999999999999998
136.8,0.9999999999999998
136.85,0.9999999999999998
136.9,0.9999999999999998
136.95000000000002,0.9999999999999998
137.0,0.9999999999999998
137.05,0.9999999999999998
137.1,0.9999999999999998
137.15,0.9999999999999998
137.20000000000002,0.9999999999999998
137.25,0.9999999999999998
137.3,0.9999999999999998
137.35,0.9999999999999998
137.4,0.9999999999999998
137.45000000000002,0.9999999999999998
137.5,0.9999999999999998
137.55,0.9999999999999998
137.6,0.9999999999999998
137.65,0.9999999999999998
137.70000000000002,0.9999999999999998
137.75,0.9999999999999998
137.8,0.9999999999999998
137.85,0.9999999999999998
137.9,0.9999999999999998
137.95000000000002,0.9999999999999998
138.0,0.9999999999999998
138.05,0.9999999999999998
138.1,0.9999999999999998
138.15,0.9999999999999998
138.20000000000002,0.9999999999999998
138.25,0.9999999999999998
138.3,0.9999999999999998
138.35,0.9999999999999998
138.4,0.9999999999999998
138.45000000000002,0.9999999999999998
138.5,0.9999999999999998
138.55,0.9999999999999998
138.6,0.9999999999999998
138.65,0.9999999999999998
138.70000000000002,0.9999999999999998
138.75,0.9999999999999998
138.8,0.9999999999999998
138.85,0.9999999999999998
138.9,0.9999999999999998
138.95000000000002,0.9999999999999998
139.0,0.9999999999999998
139.05,0.9999999999999998
139.1,0.9999999999999998
139.15,0.9999999999999998
139.20000000000002,0.9999999999999998
139.25,0.9999999999999998
139.3,0.9999999999999998
139.35,0.9999999999999998
139.4,0.9999999999999998
139.45000000000002,0.9999999999999998
139.5,0.9999999999999998
139.55,0.9999999999999998
139.6,0.9999999999999998
139.65,0.9999999999999998
139.70000000000002,0.9999999999999998
139.75,0.9999999999999998
139.8,0.9999999999999998
139.85,0.9999999999999998
139.9,0.9999999999999998
139.95000000000002,0.9999999999999998
140.0,0.9999999999999998
140.05,0.9999999999999998
140.1,0.9999999999999998
140.15,0.9999999999999998
140.20000000000002,0.9999999999999998
140.25,0.9999999999999998
140.3,0.9999999999999998
140.35,0.9999999999999998
140.4,0.9999999999999998
140.45000000000002,0.9999999999999998
140.5,0.9999999999999998
140.55,0.9999999999999998
140.6,0.9999999999999998
140.65,0.9999999999999998
140.70000000000002,0.9999999999999998
140.75,0.9999999999999998
140.8,0.9999999999999998
140.85,0.9999999999999998
140.9,0.9999999999999998
140.95000000000002,0.9999999999999998
141.0,0.9999999999999998
141.05,0.9999999999999998
141.1,0.9999999999999998
141.15,0.9999999999999998
141.20000000000002,0.9999999999999998
141.25,0.9999999999999998
141.3,0.9999999999999998
141.35,0.9999999999999998
141.4,0.9999999999999998
141.45000000000002,0.9999999999999998
141.5,0.9999999999999998
141.55,0.9999999999999998
141.6,0.9999999999999998
141.65,0.9999999999999998
141.70000000000002,0.9999999999999998
141.75,0.9999999999999998
141.8,0.9999999999999998
141.85,0.9999999999999998
141.9,0.9999999999999998
141.95000000000002,0.9999999999999998
142.0,0.9999999999999998
142.05,0.9999999999999998
142.1,0.9999999999999998
142.15,0.9999999999999998
142.20000000000002,0.9999999999999998
142.25,0.9999999999999998
142.3,0.9999999999999998
142.35,0.9999999999999998
142.4,0.9999999999999998
142.45000000000002,0.9999999999999998
142.5,0.9999999999999998
142.55,0.9999999999999998
142.6,0.9999999999999998
142.65,0.9999999999999998
142.70000000000002,0.9999999999999998
142.75,0.9999999999999998
142.8,0.9999999999999998
142.85,0.9999999999999998
142.9,0.9999999999999998
142.95000000000002,0.9999999999999998
143.0,0.9999999999999998
143.05,0.9999999999999998
143.1,0.9999999999999998
143.15,0.9999999999999998
143.20000000000002,0.9999999999999998
143.25,0.9999999999999998
143.3,0.9999999999999998
143.35,0.9999999999999998
143.4,0.9999999999999998
143.45000000000002,0.9999999999999998
143.5,0.9999999999999998
143.55,0.9999999999999998
143.6,0.9999999999999998
143.65,0.9999999999999998
143.70000000000002,0.9999999999999998
143.75,0.9999999999999998
143.8,0.9999999999999998
143.85,0.9999999999999998
143.9,0.9999999999999998
143.95000000000002,0.9999999999999998
144.0,0.9999999999999998
144.05,0.9999999999999998
144.1,0.9999999999999998
144.15,0.9999999999999998
144.20000000000002,0.9999999999999998
144.25,0.9999999999999998
144.3,0.9999999999999998
144.35,0.9999999999999998
144.4,0.9999999999999998
144.45000000000002,0.9999999999999998
144.5,0.9999999999999998
144.55,0.9999999999999998
144.6,0.9999999999999998
144.65,0.9999999999999998
144.70000000000002,0.9999999999999998
144.75,0.9999999999999998
144.8,0.9999999999999998
144.85,0.9999999999999998
144.9,0.9999999999999998
144.95000000000002,0.9999999999999998
145.0,0.9999999999999998
145.05,0.9999999999999998
145.1,0.9999999999999998
145.15,0.9999999999999998
145.20000000000002,0.9999999999999998
145.25,0.9999999999999998
145.3,0.9999999999999998
145.35,0.9999999999999998
145.4,0.9999999999999998
145.45000000000002,0.9999999999999998
145.5,0.9999999999999998
145.55,0.9999999999999998
145.6,0.9999999999999998
145.65,0.9999999999999998
145.70000000000002,0.9999999999999998
145.75,0.9999999999999998
145.8,0.9999999999999998
145.85,0.9999999999999998
145.9,0.9999999999999998
145.95000000000002,0.9999999999999998
146.0,0.9999999999999998
146.05,0.9999999999999998
146.1,0.9999999999999998
146.15,0.9999999999999998
146.20000000000002,0.9999999999999998
146.25,0.9999999999999998
146.3,0.9999999999999998
146.35,0.9999999999999998
146.4,0.9999999999999998
146.45000000000002,0.9999999999999998
146.5,0.9999999999999998
146.55,0.9999999999999998
146.6,0.9999999999999998
146.65,0.9999999999999998
146.70000000000002,0.9999999999999998
146.75,0.9999999999999998
146.8,0.9999999999999998
146.85,0.9999999999999998
146.9,0.9999999999999998
146.95000000000002,0.9999999999999998
147.0,0.9999999999999998
147.05,0.9999999999999998
147.1,0.9999999999999998
147.15,0.9999999999999998
147.20000000000002,0.9999999999999998
147.25,0.9999999999999998
147.3,0.9999999999999998
147.35,0.9999999999999998
147.4,0.9999999999999998
147.45000000000002,0.9999999999999998
147.5,0.9999999999999998
147.55,0.9999999999999998
147.6,0.9999999999999998
147.65,0.9999999999999998
147.70000000000002,0.9999999999999998
147.75,0.9999999999999998
147.8,0.9999999999999998
147.85,0.9999999999999998
147.9,0.9999999999999998
147.95000000000002,0.9999999999999998
148.0,0.9999999999999998
148.05,0.9999999999999998
148.1,0.9999999999999998
148.15,0.9999999999999998
148.20000000000002,0.9999999999999998
148.25,0.9999999999999998
148.3,0.9999999999999998
148.35,0.9999999999999998
148.4,0.9999999999999998
148.45000000000002,0.9999999999999998
148.5,0.9999999999999998
148.55,0.9999999999999998
148.6,0.9999999999999998
148.65,0.9999999999999998
148.70000000000002,0.9999999999999998
148.75,0.9999999999999998
148.8,0.9999999999999998
148.85,0.9999999999999998
148.9,0.9999999999999998
148.95000000000002,0.9999999999999998
149.0,0.9999999999999998
149.05,0.9999999999999998
149.1,0.9999999999999998
149.15,0.9999999999999998
149.20000000000002,0.9999999999999998
149.25,0.9999999999999998
149.3,0.9999999999999998
149.35,0.9999999999999998
149.4,0.9999999999999998
149.45000000000002,0.9999999999999998
149.5,0.9999999999999998
149.55,0.9999999999999998
149.6,0.9999999999999998
149.65,0.9999999999999998
149.70000000000002,0.9999999999999998
149.75,0.9999999999999998
149.8,0.9999999999999998
149.85,0.9999999999999998
149.9,0.9999999999999998
149.95000000000002,0.9999999999999998
150.0,0.9999999999999998
150.05,0.9999999999999998
150.1,0.9999999999999998
150.15,0.9999999999999998
150.20000000000002,0.9999999999999998
150.25,0.9999999999999998
150.3,0.9999999999999998
150.35,0.9999999999999998
150.4,0.9999999999999998
150.45000000000002,0.9999999999999998
150.5,0.9999999999999998
150.55,0.9999999999999998
150.6,0.9999999999999998
150.65,0.9999999999999998
150.70000000000002,0.9999999999999998
150.75,0.9999999999999998
150.8,0.9999999999999998
150.85,0.9999999999999998
150.9,0.9999999999999998
150.95000000000002,0.9999999999999998
151.0,0.9999999999999998
151.05,0.9999999999999998
151.1,0.9999999999999998
151.15,0.9999999999999998
151.20000000000002,0.9999999999999998
151.25,0.9999999999999998
151.3,0.9999999999999998
151.35,0.9999999999999998
151.4,0.9999999999999998
151.45000000000002,0.9999999999999998
151.5,0.9999999999999998
151.55,0.9999999999999998
151.6,0.9999999999999998
151.65,0.9999999999999998
151.70000000000002,0.9999999999999998
151.75,0.9999999999999998
151.8,0.9999999999999998
151.85,0.9999999999999998
151.9,0.9999999999999998
151.95000000000002,0.9999999999999998
152.0,0.9999999999999998
152.05,0.9999999999999998
152.1,0.9999999999999998
152.15,0.9999999999999998
152.20000000000002,0.9999999999999998
152.25,0.9999999999999998
152.3,0.9999999999999998
152.35,0.9999999999999998
152.4,0.9999999999999998
152.45000000000002,0.9999999999999998
152.5,0.9999999999999998
152.55,0.9999999999999998
152.6,0.9999999999999998
152.65,0.9999999999999998
152.70000000000002,0.9999999999999998
152.75,0.9999999999999998
152.8,0.9999999999999998
152.85,0.9999999999999998
152.9,0.9999999999999998
152.95000000000002,0.9999999999999998
153.0,0.9999999999999998
153.05,0.9999999999999998
153.1,0.9999999999999998
153.15,0.9999999999999998
153.20000000000002,0.9999999999999998
153.25,0.9999999999999998
153.3,0.9999999999999998
153.35,0.9999999999999998
153.4,0.9999999999999998
153.45000000000002,0.9999999999999998
153.5,0.9999999999999998
153.55,0.9999999999999998
153.60000000000002,0.9999999999999998
153.65,0.9999999999999998
153.70000000000002,0.9999999999999998
153.75,0.9999999999999998
153.8,0.9999999999999998
153.85000000000002,0.9999999999999998
153.9,0.9999999999999998
153.95000000000002,0.9999999999999998
154.0,0.9999999999999998
154.05,0.9999999999999998
154.10000000000002,0.9999999999999998
154.15,0.9999999999999998
154.20000000000002,0.9999999999999998
154.25,0.9999999999999998
154.3,0.9999999999999998
154.35000000000002,0.9999999999999998
154.4,0.9999999999999998
154.45000000000002,0.9999999999999998
154.5,0.9999999999999998
154.55,0.9999999999999998
154.60000000000002,0.9999999999999998
154.65,0.9999999999999998
154.70000000000002,0.9999999999999998
154.75,0.9999999999999998
154.8,0.9999999999999998
154.85000000000002,0.9999999999999998
154.9,0.9999999999999998
154.95000000000002,0.9999999999999998
155.0,0.9999999999999998
155.05,0.9999999999999998
155.10000000000002,0.9999999999999998
155.15,0.9999999999999998
155.20000000000002,0.9999999999999998
155.25,0.9999999999999998
155.3,0.9999999999999998
155.35000000000002,0.9999999999999998
155.4,0.9999999999999998
155.45000000000002,0.9999999999999998
155.5,0.9999999999999998
155.55,0.9999999999999998
155.60000000000002,0.9999999999999998
155.65,0.9999999999999998
155.70000000000002,0.9999999999999998
155.75,0.9999999999999998
155.8,0.9999999999999998
155.85000000000002,0.9999999999999998
155.9,0.9999999999999998
155.95000000000002,0.9999999999999998
156.0,0.9999999999999998
156.05,0.9999999999999998
156.10000000000002,0.9999999999999998
156.15,0.9999999999999998
156.20000000000002,0.9999999999999998
156.25,0.9999999999999998
156.3,0.9999999999999998
156.35000000000002,0.9999999999999998
156.4,0.9999999999999998
156.45000000000002,0.9999999999999998
156.5,0.9999999999999998
156.55,0.9999999999999998
156.60000000000002,0.9999999999999998
156.65,0.9999999999999998
156.70000000000002,0.9999999999999998
156.75,0.9999999999999998
156.8,0.9999999999999998
156.85000000000002,0.9999999999999998
156.9,0.9999999999999998
156.95000000000002,0.9999999999999998
157.0,0.9999999999999998
157.05,0.9999999999999998
157.10000000000002,0.9999999999999998
157.15,0.9999999999999998
157.20000000000002,0.9999999999999998
157.25,0.9999999999999998
157.3,0.9999999999999998
157.35000000000002,0.9999999999999998
157.4,0.9999999999999998
157.45000000000002,0.9999999999999998
157.5,0.9999999999999998
157.55,0.9999999999999998
157.60000000000002,0.9999999999999998
157.65,0.9999999999999998
157.70000000000002,0.9999999999999998
157.75,0.9999999999999998
157.8,0.9999999999999998
157.85000000000002,0.9999999999999998
157.9,0.9999999999999998
157.95000000000002,0.9999999999999998
158.0,0.9999999999999998
158.05,0.9999999999999998
158.10000000000002,0.9999999999999998
158.15,0.9999999999999998
158.20000000000002,0.9999999999999998
158.25,0.9999999999999998
158.3,0.9999999999999998
158.35000000000002,0.9999999999999998
158.4,0.9999999999999998
158.45000000000002,0.9999999999999998
158.5,0.9999999999999998
158.55,0.9999999999999998
158.60000000000002,0.9999999999999998
158.65,0.9999999999999998
158.70000000000002,0.9999999999999998
158.75,0.9999999999999998
158.8,0.9999999999999998
158.85000000000002,0.9999999999999998
158.9,0.9999999999999998
158.95000000000002,0.9999999999999998
159.0,0.9999999999999998
159.05,0.9999999999999998
159.10000000000002,0.9999999999999998
159.15,0.9999999999999998
159.20000000000002,0.9999999999999998
159.25,0.9999999999999998
159.3,0.9999999999999998
159.35000000000002,0.9999999999999998
159.4,0.9999999999999998
159.45000000000002,0.9999999999999998
159.5,0.9999999999999998
159.55,0.9999999999999998
159.60000000000002,0.9999999999999998
159.65,0.9999999999999998
159.70000000000002,0.9999999999999998
159.75,0.9999999999999998
159.8,0.9999999999999998
159.85000000000002,0.9999999999999998
159.9,0.9999999999999998
159.95000000000002,0.9999999999999998
160.0,0.9999999999999998
160.05,0.9999999999999998
160.10000000000002,0.9999999999999998
160.15,0.9999999999999998
160.20000000000002,0.9999999999999998
160.25,0.9999999999999998
160.3,0.9999999999999998
160.35000000000002,0.9999999999999998
160.4,0.9999999999999998
160.45000000000002,0.9999999999999998
160.5,0.9999999999999998
160.55,0.9999999999999998
160.60000000000002,0.9999999999999998
160.65,0.9999999999999998
160.70000000000002,0.9999999999999998
160.75,0.9999999999999998
160.8,0.9999999999999998
160.85000000000002,0.9999999999999998
160.9,0.9999999999999998
160.95000000000002,0.9999999999999998
161.0,0.9999999999999998
161.05,0.9999999999999998
161.10000000000002,0.9999999999999998
161.15,0.9999999999999998
161.20000000000002,0.9999999999999998
161.25,0.9999999999999998
161.3,0.9999999999999998
161.35000000000002,0.9999999999999998
161.4,0.9999999999999998
161.45000000000002,0.9999999999999998
161.5,0.9999999999999998
161.55,0.9999999999999998
161.60000000000002,0.9999999999999998
161.65,0.9999999999999998
161.70000000000002,0.9999999999999998
161.75,0.9999999999999998
161.8,0.9999999999999998
161.85000000000002,0.9999999999999998
161.9,0.9999999999999998
161.95000000000002,0.9999999999999998
162.0,0.9999999999999998
162.05,0.9999999999999998
162.10000000000002,0.9999999999999998
162.15,0.9999999999999998
162.20000000000002,0.9999999999999998
162.25,0.9999999999999998
162.3,0.9999999999999998
162.35000000000002,0.9999999999999998
162.4,0.9999999999999998
162.45000000000002,0.9999999999999998
162.5,0.9999999999999998
162.55,0.9999999999999998
162.60000000000002,0.9999999999999998
162.65,0.9999999999999998
162.70000000000002,0.9999999999999998
162.75,0.9999999999999998
162.8,0.9999999999999998
162.85000000000002,0.9999999999999998
162.9,0.9999999999999998
162.95000000000002,0.9999999999999998
163.0,0.9999999999999998
163.05,0.9999999999999998
163.10000000000002,0.9999999999999998
163.15,0.9999999999999998
163.20000000000002,0.9999999999999998
163.25,0.9999999999999998
163.3,0.9999999999999998
163.35000000000002,0.9999999999999998
163.4,0.9999999999999998
163.45000000000002,0.9999999999999998
163.5,0.9999999999999998
163.55,0.9999999999999998
163.60000000000002,0.9999999999999998
163.65,0.9999999999999998
163.70000000000002,0.9999999999999998
163.75,0.9999999999999998
163.8,0.9999999999999998
163.85000000000002,0.9999999999999998
163.9,0.9999999999999998
163.95000000000002,0.9999999999999998
164.0,0.9999999999999998
164.05,0.9999999999999998
164.10000000000002,0.9999999999999998
164.15,0.9999999999999998
164.20000000000002,0.9999999999999998
164.25,0.9999999999999998
164.3,0.9999999999999998
164.35000000000002,0.9999999999999998
164.4,0.9999999999999998
164.45000000000002,0.9999999999999998
164.5,0.9999999999999998
164.55,0.9999999999999998
164.60000000000002,0.9999999999999998
164.65,0.9999999999999998
164.70000000000002,0.9999999999999998
164.75,0.9999999999999998
164.8,0.9999999999999998
164.85000000000002,0.9999999999999998
164.9,0.9999999999999998
164.95000000000002,0.9999999999999998
165.0,0.9999999999999998
165.05,0.9999999999999998
165.10000000000002,0.9999999999999998
165.15,0.9999999999999998
165.20000000000002,0.9999999999999998
165.25,0.9999999999999998
165.3,0.9999999999999998
165.35000000000002,0.9999999999999998
165.4,0.9999999999999998
165.45000000000002,0.9999999999999998
165.5,0.9999999999999998
165.55,0.9999999999999998
165.60000000000002,0.9999999999999998
165.65,0.9999999999999998
165.70000000000002,0.9999999999999998
165.75,0.9999999999999998
165.8,0.9999999999999998
165.85000000000002,0.9999999999999998
165.9,0.9999999999999998
165.95000000000002,0.9999999999999998
166.0,0.9999999999999998
166.05,0.9999999999999998
166.10000000000002,0.9999999999999998
166.15,0.9999999999999998
166.20000000000002,0.9999999999999998
166.25,0.9999999999999998
166.3,0.9999999999999998
166.35000000000002,0.9999999999999998
166.4,0.9999999999999998
166.45000000000002,0.9999999999999998
166.5,0.9999999999999998
166.55,0.9999999999999998
166.60000000000002,0.9999999999999998
166.65,0.9999999999999998
166.70000000000002,0.9999999999999998
166.75,0.9999999999999998
166.8,0.9999999999999998
166.85000000000002,0.9999999999999998
166.9,0.9999999999999998
166.95000000000002,0.9999999999999998
167.0,0.9999999999999998
167.05,0.9999999999999998
167.10000000000002,0.9999999999999998
167.15,0.9999999999999998
167.20000000000002,0.9999999999999998
167.25,0.9999999999999998
167.3,0.9999999999999998
167.35000000000002,0.9999999999999998
167.4,0.9999999999999998
167.45000000000002,0.9999999999999998
167.5,0.9999999999999998
167.55,0.9999999999999998
167.60000000000002,0.9999999999999998
167.65,0.9999999999999998
167.70000000000002,0.9999999999999998
167.75,0.9999999999999998
167.8,0.9999999999999998
167.85000000000002,0.9999999999999998
167.9,0.9999999999999998
167.95000000000002,0.9999999999999998
168.0,0.9999999999999998
168.05,0.9999999999999998
168.10000000000002,0.9999999999999998
168.15,0.9999999999999998
168.20000000000002,0.9999999999999998
168.25,0.9999999999999998
168.3,0.9999999999999998
168.35000000000002,0.9999999999999998
168.4,0.9999999999999998
168.45000000000002,0.9999999999999998
168.5,0.9999999999999998
168.55,0.9999999999999998
168.60000000000002,0.9999999999999998
168.65,0.9999999999999998
168.70000000000002,0.9999999999999998
168.75,0.9999999999999998
168.8,0.9999999999999998
168.85000000000002,0.9999999999999998
168.9,0.9999999999999998
168.95000000000002,0.9999999999999998
169.0,0.9999999999999998
169.05,0.9999999999999998
169.10000000000002,0.9999999999999998
169.15,0.9999999999999998
169.20000000000002,0.9999999999999998
169.25,0.9999999999999998
169.3,0.9999999999999998
169.35000000000002,0.9999999999999998
169.4,0.9999999999999998
169.45000000000002,0.9999999999999998
169.5,0.9999999999999998
169.55,0.9999999999999998
169.60000000000002,0.9999999999999998
169.65,0.9999999999999998
169.70000000000002,0.9999999999999998
169.75,0.9999999999999998
169.8,0.9999999999999998
169.85000000000002,0.9999999999999998
169.9,0.9999999999999998
169.95000000000002,0.9999999999999998
170.0,0.9999999999999998
170.05,0.9999999999999998
170.10000000000002,0.9999999999999998
170.15,0.9999999999999998
170.20000000000002,0.9999999999999998
170.25,0.9999999999999998
170.3,0.9999999999999998
170.35000000000002,0.9999999999999998
170.4,0.9999999999999998
170.45000000000002,0.9999999999999998
170.5,0.9999999999999998
170.55,0.9999999999999998
170.60000000000002,0.9999999999999998
170.65,0.9999999999999998
170.70000000000002,0.9999999999999998
170.75,0.9999999999999998
170.8,0.9999999999999998
170.85000000000002,0.9999999999999998
170.9,0.9999999999999998
170.95000000000002,0.9999999999999998
171.0,0.9999999999999998
171.05,0.9999999999999998
171.10000000000002,0.9999999999999998
171.15,0.9999999999999998
171.20000000000002,0.9999999999999998
171.25,0.9999999999999998
171.3,0.9999999999999998
171.35000000000002,0.9999999999999998
171.4,0.9999999999999998
171.45000000000002,0.9999999999999998
171.5,0.9999999999999998
171.55,0.9999999999999998
171.60000000000002,0.9999999999999998
171.65,0.9999999999999998
171.70000000000002,0.9999999999999998
171.75,0.9999999999999998
171.8,0.9999999999999998
171.85000000000002,0.9999999999999998
171.9,0.9999999999999998
171.95000000000002,0.9999999999999998
172.0,0.9999999999999998
172.05,0.9999999999999998
172.10000000000002,0.9999999999999998
172.15,0.9999999999999998
172.20000000000002,0.9999999999999998
172.25,0.9999999999999998
172.3,0.9999999999999998
172.35000000000002,0.9999999999999998
172.4,0.9999999999999998
172.45000000000002,0.9999999999999998
172.5,0.9999999999999998
172.55,0.9999999999999998
172.60000000000002,0.9999999999999998
172.65,0.9999999999999998
172.70000000000002,0.9999999999999998
172.75,0.9999999999999998
172.8,0.9999999999999998
172.85000000000002,0.9999999999999998
172.9,0.9999999999999998
172.95000000000002,0.9999999999999998
173.0,0.9999999999999998
173.05,0.9999999999999998
173.10000000000002,0.9999999999999998
173.15,0.9999999999999998
173.20000000000002,0.9999999999999998
173.25,0.9999999999999998
173.3,0.9999999999999998
173.35000000000002,0.9999999999999998
173.4,0.9999999999999998
173.45000000000002,0.9999999999999998
173.5,0.9999999999999998
173.55,0.9999999999999998
173.60000000000002,0.9999999999999998
173.65,0.9999999999999998
173.70000000000002,0.9999999999999998
173.75,0.9999999999999998
173.8,0.9999999999999998
173.85000000000002,0.9999999999999998
173.9,0.9999999999999998
173.95000000000002,0.9999999999999998
174.0,0.9999999999999998
174.05,0.9999999999999998
174.10000000000002,0.9999999999999998
174.15,0.9999999999999998
174.20000000000002,0.9999999999999998
174.25,0.9999999999999998
174.3,0.9999999999999998
174.35000000000002,0.9999999999999998
174.4,0.9999999999999998
174.45000000000002,0.9999999999999998
174.5,0.9999999999999998
174.55,0.9999999999999998
174.60000000000002,0.9999999999999998
174.65,0.9999999999999998
174.70000000000002,0.9999999999999998
174.75,0.9999999999999998
174.8,0.9999999999999998
174.85000000000002,0.9999999999999998
174.9,0.9999999999999998
174.95000000000002,0.9999999999999998
175.0,0.9999999999999998
175.05,0.9999999999999998
175.10000000000002,0.9999999999999998
175.15,0.9999999999999998
175.20000000000002,0.9999999999999998
175.25,0.9999999999999998
175.3,0.9999999999999998
175.35000000000002,0.9999999999999998
175.4,0.9999999999999998
175.45000000000002,0.9999999999999998
175.5,0.9999999999999998
175.55,0.9999999999999998
175.60000000000002,0.9999999999999998
175.65,0.9999999999999998
175.70000000000002,0.9999999999999998
175.75,0.9999999999999998
175.8,0.9999999999999998
175.85000000000002,0.9999999999999998
175.9,0.9999999999999998
175.95000000000002,0.9999999999999998
176.0,0.9999999999999998
176.05,0.9999999999999998
176.10000000000002,0.9999999999999998
176.15,0.9999999999999998
176.20000000000002,0.9999999999999998
176.25,0.9999999999999998
176.3,0.9999999999999998
176.35000000000002,0.9999999999999998
176.4,0.9999999999999998
176.45000000000002,0.9999999999999998
176.5,0.9999999999999998
176.55,0.9999999999999998
176.60000000000002,0.9999999999999998
176.65,0.9999999999999998
176.70000000000002,0.9999999999999998
176.75,0.9999999999999998
176.8,0.9999999999999998
176.85000000000002,0.9999999999999998
176.9,0.9999999999999998
176.95000000000002,0.9999999999999998
177.0,0.9999999999999998
177.05,0.9999999999999998
177.10000000000002,0.9999999999999998
177.15,0.9999999999999998
177.20000000000002,0.9999999999999998
177.25,0.9999999999999998
177.3,0.9999999999999998
177.35000000000002,0.9999999999999998
177.4,0.9999999999999998
177.45000000000002,0.9999999999999998
177.5,0.9999999999999998
177.55,0.9999999999999998
177.60000000000002,0.9999999999999998
177.65,0.9999999999999998
177.70000000000002,0.9999999999999998
177.75,0.9999999999999998
177.8,0.9999999999999998
177.85000000000002,0.9999999999999998
177.9,0.9999999999999998
177.95000000000002,0.9999999999999998
178.0,0.9999999999999998
178.05,0.9999999999999998
178.10000000000002,0.9999999999999998
178.15,0.9999999999999998
178.20000000000002,0.9999999999999998
178.25,0.9999999999999998
178.3,0.9999999999999998
178.35000000000002,0.9999999999999998
178.4,0.9999999999999998
178.45000000000002,0.9999999999999998
178.5,0.9999999999999998
178.55,0.9999999999999998
178.60000000000002,0.9999999999999998
178.65,0.9999999999999998
178.70000000000002,0.9999999999999998
178.75,0.9999999999999998
178.8,0.9999999999999998
178.85000000000002,0.9999999999999998
178.9,0.9999999999999998
178.95000000000002,0.9999999999999998
179.0,0.9999999999999998
179.05,0.9999999999999998
179.10000000000002,0.9999999999999998
179.15,0.9999999999999998
179.20000000000002,0.9999999999999998
179.25,0.9999999999999998
179.3,0.9999999999999998
179.35000000000002,0.9999999999999998
179.4,0.9999999999999998
179.45000000000002,0.9999999999999998
179.5,0.9999999999999998
179.55,0.9999999999999998
179.60000000000002,0.9999999999999998
179.65,0.9999999999999998
179.70000000000002,0.9999999999999998
179.75,0.9999999999999998
179.8,0.9999999999999998
179.85000000000002,0.9999999999999998
179.9,0.9999999999999998
179.95000000000002,0.9999999999999998
180.0,0.9999999999999998
180.05,0.9999999999999998
180.10000000000002,0.9999999999999998
180.15,0.9999999999999998
180.20000000000002,0.9999999999999998
180.25,0.9999999999999998
180.3,0.9999999999999998
180.35000000000002,0.9999999999999998
180.4,0.9999999999999998
180.45000000000002,0.9999999999999998
180.5,0.9999999999999998
180.55,0.9999999999999998
180.60000000000002,0.9999999999999998
180.65,0.9999999999999998
180.70000000000002,0.9999999999999998
180.75,0.9999999999999998
180.8,0.9999999999999998
180.85000000000002,0.9999999999999998
180.9,0.9999999999999998
180.95000000000002,0.9999999999999998
181.0,0.9999999999999998
181.05,0.9999999999999998
181.10000000000002,0.9999999999999998
181.15,0.9999999999999998
181.20000000000002,0.9999999999999998
181.25,0.9999999999999998
181.3,0.9999999999999998
181.35000000000002,0.9999999999999998
181.4,0.9999999999999998
181.45000000000002,0.9999999999999998
181.5,0.9999999999999998
181.55,0.9999999999999998
181.60000000000002,0.9999999999999998
181.65,0.9999999999999998
181.70000000000002,0.9999999999999998
181.75,0.9999999999999998
181.8,0.9999999999999998
181.85000000000002,0.9999999999999998
181.9,0.9999999999999998
181.95000000000002,0.9999999999999998
182.0,0.9999999999999998
182.05,0.9999999999999998
182.10000000000002,0.9999999999999998
182.15,0.9999999999999998
182.20000000000002,0.9999999999999998
182.25,0.9999999999999998
182.3,0.9999999999999998
182.35000000000002,0.9999999999999998
182.4,0.9999999999999998
182.45000000000002,0.9999999999999998
182.5,0.9999999999999998
182.55,0.9999999999999998
182.60000000000002,0.9999999999999998
182.65,0.9999999999999998
182.70000000000002,0.9999999999999998
182.75,0.9999999999999998
182.8,0.9999999999999998
182.85000000000002,0.9999999999999998
182.9,0.9999999999999998
182.95000000000002,0.9999999999999998
183.0,0.9999999999999998
183.05,0.9999999999999998
183.10000000000002,0.9999999999999998
183.15,0.9999999999999998
183.20000000000002,0.9999999999999998
183.25,0.9999999999999998
183.3,0.9999999999999998
183.35000000000002,0.9999999999999998
183.4,0.9999999999999998
183.45000000000002,0.9999999999999998
183.5,0.9999999999999998
183.55,0.9999999999999998
183.60000000000002,0.9999999999999998
183.65,0.9999999999999998
183.70000000000002,0.9999999999999998
183.75,0.9999999999999998
183.8,0.9999999999999998
183.85000000000002,0.9999999999999998
183.9,0.9999999999999998
183.95000000000002,0.9999999999999998
184.0,0.9999999999999998
184.05,0.9999999999999998
184.10000000000002,0.9999999999999998
184.15,0.9999999999999998
184.20000000000002,0.9999999999999998
184.25,0.9999999999999998
184.3,0.9999999999999998
184.35000000000002,0.9999999999999998
184.4,0.9999999999999998
184.45000000000002,0.9999999999999998
184.5,0.9999999999999998
184.55,0.9999999999999998
184.60000000000002,0.9999999999999998
184.65,0.9999999999999998
184.70000000000002,0.9999999999999998
184.75,0.9999999999999998
184.8,0.9999999999999998
184.85000000000002,0.9999999999999998
184.9,0.9999999999999998
184.95000000000002,0.9999999999999998
185.0,0.9999999999999998
185.05,0.9999999999999998
185.10000000000002,0.9999999999999998
185.15,0.9999999999999998
185.20000000000002,0.9999999999999998
185.25,0.9999999999999998
185.3,0.9999999999999998
185.35000000000002,0.9999999999999998
185.4,0.9999999999999998
185.45000000000002,0.9999999999999998
185.5,0.9999999999999998
185.55,0.9999999999999998
185.60000000000002,0.9999999999999998
185.65,0.9999999999999998
185.70000000000002,0.9999999999999998
185.75,0.9999999999999998
185.8,0.9999999999999998
185.85000000000002,0.9999999999999998
185.9,0.9999999999999998
185.95000000000002,0.9999999999999998
186.0,0.9999999999999998
186.05,0.9999999999999998
186.10000000000002,0.9999999999999998
186.15,0.9999999999999998
186.20000000000002,0.9999999999999998
186.25,0.9999999999999998
186.3,0.9999999999999998
186.35000000000002,0.9999999999999998
186.4,0.9999999999999998
186.45000000000002,0.9999999999999998
186.5,0.9999999999999998
186.55,0.9999999999999998
186.60000000000002,0.9999999999999998
186.65,0.9999999999999998
186.70000000000002,0.9999999999999998
186.75,0.9999999999999998
186.8,0.9999999999999998
186.85000000000002,0.9999999999999998
186.9,0.9999999999999998
186.95000000000002,0.9999999999999998
187.0,0.9999999999999998
187.05,0.9999999999999998
187.10000000000002,0.9999999999999998
187.15,0.9999999999999998
187.20000000000002,0.9999999999999998
187.25,0.9999999999999998
187.3,0.9999999999999998
187.35000000000002,0.9999999999999998
187.4,0.9999999999999998
187.45000000000002,0.9999999999999998
187.5,0.9999999999999998
187.55,0.9999999999999998
187.60000000000002,0.9999999999999998
187.65,0.9999999999999998
187.70000000000002,0.9999999999999998
187.75,0.9999999999999998
187.8,0.9999999999999998
187.85000000000002,0.9999999999999998
187.9,0.9999999999999998
187.95000000000002,0.9999999999999998
188.0,0.9999999999999998
188.05,0.9999999999999998
188.10000000000002,0.9999999999999998
188.15,0.9999999999999998
188.20000000000002,0.9999999999999998
188.25,0.9999999999999998
188.3,0.9999999999999998
188.35000000000002,0.9999999999999998
188.4,0.9999999999999998
188.45000000000002,0.9999999999999998
188.5,0.9999999999999998
188.55,0.9999999999999998
188.60000000000002,0.9999999999999998
188.65,0.9999999999999998
188.70000000000002,0.9999999999999998
188.75,0.9999999999999998
188.8,0.9999999999999998
188.85000000000002,0.9999999999999998
188.9,0.9999999999999998
188.95000000000002,0.9999999999999998
189.0,0.9999999999999998
189.05,0.9999999999999998
189.10000000000002,0.9999999999999998
189.15,0.9999999999999998
189.20000000000002,0.9999999999999998
189.25,0.9999999999999998
189.3,0.9999999999999998
189.35000000000002,0.9999999999999998
189.4,0.9999999999999998
189.45000000000002,0.9999999999999998
189.5,0.9999999999999998
189.55,0.9999999999999998
189.60000000000002,0.9999999999999998
189.65,0.9999999999999998
189.70000000000002,0.9999999999999998
189.75,0.9999999999999998
189.8,0.9999999999999998
189.85000000000002,0.9999999999999998
189.9,0.9999999999999998
189.95000000000002,0.9999999999999998
190.0,0.9999999999999998
190.05,0.9999999999999998
190.10000000000002,0.9999999999999998
190.15,0.9999999999999998
190.20000000000002,0.9999999999999998
190.25,0.9999999999999998
190.3,0.9999999999999998
190.35000000000002,0.9999999999999998
190.4,0.9999999999999998
190.45000000000002,0.9999999999999998
190.5,0.9999999999999998
190.55,0.9999999999999998
190.60000000000002,0.9999999999999998
190.65,0.9999999999999998
190.70000000000002,0.9999999999999998
190.75,0.9999999999999998
190.8,0.9999999999999998
190.85000000000002,0.9999999999999998
190.9,0.9999999999999998
190.95000000000002,0.9999999999999998
191.0,0.9999999999999998
191.05,0.9999999999999998
191.10000000000002,0.9999999999999998
191.15,0.9999999999999998
191.20000000000002,0.9999999999999998
191.25,0.9999999999999998
191.3,0.9999999999999998
191.35000000000002,0.9999999999999998
191.4,0.9999999999999998
191.45000000000002,0.9999999999999998
191.5,0.9999999999999998
191.55,0.9999999999999998
191.60000000000002,0.9999999999999998
191.65,0.9999999999999998
191.70000000000002,0.9999999999999998
191.75,0.9999999999999998
191.8,0.9999999999999998
191.85000000000002,0.9999999999999998
191.9,0.9999999999999998
191.95000000000002,0.9999999999999998
192.0,0.9999999999999998
192.05,0.9999999999999998
192.10000000000002,0.9999999999999998
192.15,0.9999999999999998
192.20000000000002,0.9999999999999998
192.25,0.9999999999999998
192.3,0.9999999999999998
192.35000000000002,0.9999999999999998
192.4,0.9999999999999998
192.45000000000002,0.9999999999999998
192.5,0.9999999999999998
192.55,0.9999999999999998
192.60000000000002,0.9999999999999998
192.65,0.9999999999999998
192.70000000000002,0.9999999999999998
192.75,0.9999999999999998
192.8,0.9999999999999998
192.85000000000002,0.9999999999999998
192.9,0.9999999999999998
192.95000000000002,0.9999999999999998
193.0,0.9999999999999998
193.05,0.9999999999999998
193.10000000000002,0.9999999999999998
193.15,0.9999999999999998
193.20000000000002,0.9999999999999998
193.25,0.9999999999999998
193.3,0.9999999999999998
193.35000000000002,0.9999999999999998
193.4,0.9999999999999998
193.45000000000002,0.9999999999999998
193.5,0.9999999999999998
193.55,0.9999999999999998
193.60000000000002,0.9999999999999998
193.65,0.9999999999999998
193.70000000000002,0.9999999999999998
193.75,0.9999999999999998
193.8,0.9999999999999998
193.85000000000002,0.9999999999999998
193.9,0.9999999999999998
193.95000000000002,0.9999999999999998
194.0,0.9999999999999998
194.05,0.9999999999999998
194.10000000000002,0.9999999999999998
194.15,0.9999999999999998
194.20000000000002,0.9999999999999998
194.25,0.9999999999999998
194.3,0.9999999999999998
194.35000000000002,0.9999999999999998
194.4,0.9999999999999998
194.45000000000002,0.9999999999999998
194.5,0.9999999999999998
194.55,0.9999999999999998
194.60000000000002,0.9999999999999998
194.65,0.9999999999999998
194.70000000000002,0.9999999999999998
194.75,0.9999999999999998
194.8,0.9999999999999998
194.85000000000002,0.9999999999999998
194.9,0.9999999999999998
194.95000000000002,0.9999999999999998
195.0,0.9999999999999998
195.05,0.9999999999999998
195.10000000000002,0.9999999999999998
195.15,0.9999999999999998
195.20000000000002,0.9999999999999998
195.25,0.9999999999999998
195.3,0.9999999999999998
195.35000000000002,0.9999999999999998
195.4,0.9999999999999998
195.45000000000002,0.9999999999999998
195.5,0.9999999999999998
195.55,0.9999999999999998
195.60000000000002,0.9999999999999998
195.65,0.9999999999999998
195.70000000000002,0.9999999999999998
195.75,0.9999999999999998
195.8,0.9999999999999998
195.85000000000002,0.9999999999999998
195.9,0.9999999999999998
195.95000000000002,0.9999999999999998
196.0,0.9999999999999998
196.05,0.9999999999999998
196.10000000000002,0.9999999999999998
196.15,0.9999999999999998
196.20000000000002,0.9999999999999998
196.25,0.9999999999999998
196.3,0.9999999999999998
196.35000000000002,0.9999999999999998
196.4,0.9999999999999998
196.45000000000002,0.9999999999999998
196.5,0.9999999999999998
196.55,0.9999999999999998
196.60000000000002,0.9999999999999998
196.65,0.9999999999999998
196.70000000000002,0.9999999999999998
196.75,0.9999999999999998
196.8,0.9999999999999998
196.85000000000002,0.9999999999999998
196.9,0.9999999999999998
196.95000000000002,0.9999999999999998
197.0,0.9999999999999998
197.05,0.9999999999999998
197.10000000000002,0.9999999999999998
197.15,0.9999999999999998
197.20000000000002,0.9999999999999998
197.25,0.9999999999999998
197.3,0.9999999999999998
197.35000000000002,0.9999999999999998
197.4,0.9999999999999998
197.45000000000002,0.9999999999999998
197.5,0.9999999999999998
197.55,0.9999999999999998
197.60000000000002,0.9999999999999998
197.65,0.9999999999999998
197.70000000000002,0.9999999999999998
197.75,0.9999999999999998
197.8,0.9999999999999998
197.85000000000002,0.9999999999999998
197.9,0.9999999999999998
197.95000000000002,0.9999999999999998
198.0,0.9999999999999998
198.05,0.9999999999999998
198.10000000000002,0.9999999999999998
198.15,0.9999999999999998
198.20000000000002,0.9999999999999998
198.25,0.9999999999999998
198.3,0.9999999999999998
198.35000000000002,0.9999999999999998
198.4,0.9999999999999998
198.45000000000002,0.9999999999999998
198.5,0.9999999999999998
198.55,0.9999999999999998
198.60000000000002,0.9999999999999998
198.65,0.9999999999999998
198.70000000000002,0.9999999999999998
198.75,0.9999999999999998
198.8,0.9999999999999998
198.85000000000002,0.9999999999999998
198.9,0.9999999999999998
198.95000000000002,0.9999999999999998
199.0,0.9999999999999998
199.05,0.9999999999999998
199.10000000000002,0.9999999999999998
199.15,0.9999999999999998
199.20000000000002,0.9999999999999998
199.25,0.9999999999999998
199.3,0.9999999999999998
199.35000000000002,0.9999999999999998
199.4,0.9999999999999998
199.45000000000002,0.9999999999999998
199.5,0.9999999999999998
199.55,0.9999999999999998
199.60000000000002,0.9999999999999998
199.65,0.9999999999999998
199.70000000000002,0.9999999999999998
199.75,0.9999999999999998
199.8,0.9999999999999998
199.85000000000002,0.9999999999999998
199.9,0.9999999999999998
199.95000000000002,0.9999999999999998
200.0,0.9999999999999998
200.05,0.9999999999999998
200.10000000000002,0.9999999999999998
200.15,0.9999999999999998
200.20000000000002,0.9999999999999998
200.25,0.9999999999999998
200.3,0.9999999999999998
200.35000000000002,0.9999999999999998
200.4,0.9999999999999998
200.45000000000002,0.9999999999999998
200.5,0.9999999999999998
200.55,0.9999999999999998
200.60000000000002,0.9999999999999998
200.65,0.9999999999999998
200.70000000000002,0.9999999999999998
200.75,0.9999999999999998
200.8,0.9999999999999998
200.85000000000002,0.9999999999999998
200.9,0.9999999999999998
200.95000000000002,0.9999999999999998
201.0,0.9999999999999998
201.05,0.9999999999999998
201.10000000000002,0.9999999999999998
201.15,0.9999999999999998
201.20000000000002,0.9999999999999998
201.25,0.9999999999999998
201.3,0.9999999999999998
201.35000000000002,0.9999999999999998
201.4,0.9999999999999998
201.45000000000002,0.9999999999999998
201.5,0.9999999999999998
201.55,0.9999999999999998
201.60000000000002,0.9999999999999998
201.65,0.9999999999999998
201.70000000000002,0.9999999999999998
201.75,0.9999999999999998
201.8,0.9999999999999998
201.85000000000002,0.9999999999999998
201.9,0.9999999999999998
201.95000000000002,0.9999999999999998
202.0,0.9999999999999998
202.05,0.9999999999999998
202.10000000000002,0.9999999999999998
202.15,0.9999999999999998
202.20000000000002,0.9999999999999998
202.25,0.9999999999999998
202.3,0.9999999999999998
202.35000000000002,0.9999999999999998
202.4,0.9999999999999998
202.45000000000002,0.9999999999999998
202.5,0.9999999999999998
202.55,0.9999999999999998
202.60000000000002,0.9999999999999998
202.65,0.9999999999999998
202.70000000000002,0.9999999999999998
202.75,0.9999999999999998
202.8,0.9999999999999998
202.85000000000002,0.9999999999999998
202.9,0.9999999999999998
202.95000000000002,0.9999999999999998
203.0,0.9999999999999998
203.05,0.9999999999999998
203.10000000000002,0.9999999999999998
203.15,0.9999999999999998
203.20000000000002,0.9999999999999998
203.25,0.9999999999999998
203.3,0.9999999999999998
203.35000000000002,0.9999999999999998
203.4,0.9999999999999998
203.45000000000002,0.9999999999999998
203.5,0.9999999999999998
203.55,0.9999999999999998
203.60000000000002,0.9999999999999998
203.65,0.9999999999999998
203.70000000000002,0.9999999999999998
203.75,0.9999999999999998
203.8,0.9999999999999998
203.85000000000002,0.9999999999999998
203.9,0.9999999999999998
203.95000000000002,0.9999999999999998
204.0,0.9999999999999998
204.05,0.9999999999999998
204.10000000000002,0.9999999999999998
204.15,0.9999999999999998
204.20000000000002,0.9999999999999998
204.25,0.9999999999999998
204.3,0.9999999999999998
204.35000000000002,0.9999999999999998
204.4,0.9999999999999998
204.45000000000002,0.9999999999999998
204.5,0.9999999999999998
204.55,0.9999999999999998
204.60000000000002,0.9999999999999998
204.65,0.9999999999999998
204.70000000000002,0.9999999999999998
204.75,0.9999999999999998
204.8,0.9999999999999998
204.85000000000002,0.9999999999999998
204.9,0.9999999999999998
204.95000000000002,0.9999999999999998
205.0,0.9999999999999998
205.05,0.9999999999999998
205.10000000000002,0.9999999999999998
205.15,0.9999999999999998
205.20000000000002,0.9999999999999998
205.25,0.9999999999999998
205.3,0.9999999999999998
205.35000000000002,0.9999999999999998
205.4,0.9999999999999998
205.45000000000002,0.9999999999999998
205.5,0.9999999999999998
205.55,0.9999999999999998
205.60000000000002,0.9999999999999998
205.65,0.9999999999999998
205.70000000000002,0.9999999999999998
205.75,0.9999999999999998
205.8,0.9999999999999998
205.85000000000002,0.9999999999999998
205.9,0.9999999999999998
205.95000000000002,0.9999999999999998
206.0,0.9999999999999998
206.05,0.9999999999999998
206.10000000000002,0.9999999999999998
206.15,0.9999999999999998
206.20000000000002,0.9999999999999998
206.25,0.9999999999999998
206.3,0.9999999999999998
206.35000000000002,0.9999999999999998
206.4,0.9999999999999998
206.45000000000002,0.9999999999999998
206.5,0.9999999999999998
206.55,0.9999999999999998
206.60000000000002,0.9999999999999998
206.65,0.9999999999999998
206.70000000000002,0.9999999999999998
206.75,0.9999999999999998
206.8,0.9999999999999998
206.85000000000002,0.9999999999999998
206.9,0.9999999999999998
206.95000000000002,0.9999999999999998
207.0,0.9999999999999998
207.05,0.9999999999999998
207.10000000000002,0.9999999999999998
207.15,0.9999999999999998
207.20000000000002,0.9999999999999998
207.25,0.9999999999999998
207.3,0.9999999999999998
207.35000000000002,0.9999999999999998
207.4,0.9999999999999998
207.45000000000002,0.9999999999999998
207.5,0.9999999999999998
207.55,0.9999999999999998
207.60000000000002,0.9999999999999998
207.65,0.9999999999999998
207.70000000000002,0.9999999999999998
207.75,0.9999999999999998
207.8,0.9999999999999998
207.85000000000002,0.9999999999999998
207.9,0.9999999999999998
207.95000000000002,0.9999999999999998
208.0,0.9999999999999998
208.05,0.9999999999999998
208.10000000000002,0.9999999999999998
208.15,0.9999999999999998
208.20000000000002,0.9999999999999998
208.25,0.9999999999999998
208.3,0.9999999999999998
208.35000000000002,0.9999999999999998
208.4,0.9999999999999998
208.45000000000002,0.9999999999999998
208.5,0.9999999999999998
208.55,0.9999999999999998
208.60000000000002,0.9999999999999998
208.65,0.9999999999999998
208.70000000000002,0.9999999999999998
208.75,0.9999999999999998
208.8,0.9999999999999998
208.85000000000002,0.9999999999999998
208.9,0.9999999999999998
208.95000000000002,0.9999999999999998
209.0,0.9999999999999998
209.05,0.9999999999999998
209.10000000000002,0.9999999999999998
209.15,0.9999999999999998
209.20000000000002,0.9999999999999998
209.25,0.9999999999999998
209.3,0.9999999999999998
209.35000000000002,0.9999999999999998
209.4,0.9999999999999998
209.45000000000002,0.9999999999999998
209.5,0.9999999999999998
209.55,0.9999999999999998
209.60000000000002,0.9999999999999998
209.65,0.9999999999999998
209.70000000000002,0.9999999999999998
209.75,0.9999999999999998
209.8,0.9999999999999998
209.85000000000002,0.9999999999999998
209.9,0.9999999999999998
209.95000000000002,0.9999999999999998
210.0,0.9999999999999998
210.05,0.9999999999999998
210.10000000000002,0.9999999999999998
210.15,0.9999999999999998
210.20000000000002,0.9999999999999998
210.25,0.9999999999999998
210.3,0.9999999999999998
210.35000000000002,0.9999999999999998
210.4,0.9999999999999998
210.45000000000002,0.9999999999999998
210.5,0.9999999999999998
210.55,0.9999999999999998
210.60000000000002,0.9999999999999998
210.65,0.9999999999999998
210.70000000000002,0.9999999999999998
210.75,0.9999999999999998
210.8,0.9999999999999998
210.85000000000002,0.9999999999999998
210.9,0.9999999999999998
210.95000000000002,0.9999999999999998
211.0,0.9999999999999998
211.05,0.9999999999999998
211.10000000000002,0.9999999999999998
211.15,0.9999999999999998
211.20000000000002,0.9999999999999998
211.25,0.9999999999999998
211.3,0.9999999999999998
211.35000000000002,0.9999999999999998
211.4,0.9999999999999998
211.45000000000002,0.9999999999999998
211.5,0.9999999999999998
211.55,0.9999999999999998
211.60000000000002,0.9999999999999998
211.65,0.9999999999999998
211.70000000000002,0.9999999999999998
211.75,0.9999999999999998
211.8,0.9999999999999998
211.85000000000002,0.9999999999999998
211.9,0.9999999999999998
211.95000000000002,0.9999999999999998
212.0,0.9999999999999998
212.05,0.9999999999999998
212.10000000000002,0.9999999999999998
212.15,0.9999999999999998
212.20000000000002,0.9999999999999998
212.25,0.9999999999999998
212.3,0.9999999999999998
212.35000000000002,0.9999999999999998
212.4,0.9999999999999998
212.45000000000002,0.9999999999999998
212.5,0.9999999999999998
212.55,0.9999999999999998
212.60000000000002,0.9999999999999998
212.65,0.9999999999999998
212.70000000000002,0.9999999999999998
212.75,0.9999999999999998
212.8,0.9999999999999998
212.85000000000002,0.9999999999999998
212.9,0.9999999999999998
212.95000000000002,0.9999999999999998
213.0,0.9999999999999998
213.05,0.9999999999999998
213.10000000000002,0.9999999999999998
213.15,0.9999999999999998
213.20000000000002,0.9999999999999998
213.25,0.9999999999999998
213.3,0.9999999999999998
213.35000000000002,0.9999999999999998
213.4,0.9999999999999998
213.45000000000002,0.9999999999999998
213.5,0.9999999999999998
213.55,0.9999999999999998
213.60000000000002,0.9999999999999998
213.65,0.9999999999999998
213.70000000000002,0.9999999999999998
213.75,0.9999999999999998
213.8,0.9999999999999998
213.85000000000002,0.9999999999999998
213.9,0.9999999999999998
213.95000000000002,0.9999999999999998
214.0,0.9999999999999998
214.05,0.9999999999999998
214.10000000000002,0.9999999999999998
214.15,0.9999999999999998
214.20000000000002,0.9999999999999998
214.25,0.9999999999999998
214.3,0.9999999999999998
214.35000000000002,0.9999999999999998
214.4,0.9999999999999998
214.45000000000002,0.9999999999999998
214.5,0.9999999999999998
214.55,0.9999999999999998
214.60000000000002,0.9999999999999998
214.65,0.9999999999999998
214.70000000000002,0.9999999999999998
214.75,0.9999999999999998
214.8,0.9999999999999998
214.85000000000002,0.9999999999999998
214.9,0.9999999999999998
214.95000000000002,0.9999999999999998
215.0,0.9999999999999998
215.05,0.9999999999999998
215.10000000000002,0.9999999999999998
215.15,0.9999999999999998
215.20000000000002,0.9999999999999998
215.25,0.9999999999999998
215.3,0.9999999999999998
215.35000000000002,0.9999999999999998
215.4,0.9999999999999998
215.45000000000002,0.9999999999999998
215.5,0.9999999999999998
215.55,0.9999999999999998
215.60000000000002,0.9999999999999998
215.65,0.9999999999999998
215.70000000000002,0.9999999999999998
215.75,0.9999999999999998
215.8,0.9999999999999998
215.85000000000002,0.9999999999999998
215.9,0.9999999999999998
215.95000000000002,0.9999999999999998
216.0,0.9999999999999998
216.05,0.9999999999999998
216.10000000000002,0.9999999999999998
216.15,0.9999999999999998
216.20000000000002,0.9999999999999998
216.25,0.9999999999999998
216.3,0.9999999999999998
216.35000000000002,0.9999999999999998
216.4,0.9999999999999998
216.45000000000002,0.9999999999999998
216.5,0.9999999999999998
216.55,0.9999999999999998
216.60000000000002,0.9999999999999998
216.65,0.9999999999999998
216.70000000000002,0.9999999999999998
216.75,0.9999999999999998
216.8,0.9999999999999998
216.85000000000002,0.9999999999999998
216.9,0.9999999999999998
216.95000000000002,0.9999999999999998
217.0,0.9999999999999998
217.05,0.9999999999999998
217.10000000000002,0.9999999999999998
217.15,0.9999999999999998
217.20000000000002,0.9999999999999998
217.25,0.9999999999999998
217.3,0.9999999999999998
217.35000000000002,0.9999999999999998
217.4,0.9999999999999998
217.45000000000002,0.9999999999999998
217.5,0.9999999999999998
217.55,0.9999999999999998
217.60000000000002,0.9999999999999998
217.65,0.9999999999999998
217.70000000000002,0.9999999999999998
217.75,0.9999999999999998
217.8,0.9999999999999998
217.85000000000002,0.9999999999999998
217.9,0.9999999999999998
217.95000000000002,0.9999999999999998
218.0,0.9999999999999998
218.05,0.9999999999999998
218.10000000000002,0.9999999999999998
218.15,0.9999999999999998
218.20000000000002,0.9999999999999998
218.25,0.9999999999999998
218.3,0.9999999999999998
218.35000000000002,0.9999999999999998
218.4,0.9999999999999998
218.45000000000002,0.9999999999999998
218.5,0.9999999999999998
218.55,0.9999999999999998
218.60000000000002,0.9999999999999998
218.65,0.9999999999999998
218.70000000000002,0.9999999999999998
218.75,0.9999999999999998
218.8,0.9999999999999998
218.85000000000002,0.9999999999999998
218.9,0.9999999999999998
218.95000000000002,0.9999999999999998
219.0,0.9999999999999998
219.05,0.9999999999999998
219.10000000000002,0.9999999999999998
219.15,0.9999999999999998
219.20000000000002,0.9999999999999998
219.25,0.9999999999999998
219.3,0.9999999999999998
219.35000000000002,0.9999999999999998
219.4,0.9999999999999998
219.45000000000002,0.9999999999999998
219.5,0.9999999999999998
219.55,0.9999999999999998
219.60000000000002,0.9999999999999998
219.65,0.9999999999999998
219.70000000000002,0.9999999999999998
219.75,0.9999999999999998
219.8,0.9999999999999998
219.85000000000002,0.9999999999999998
219.9,0.9999999999999998
219.95000000000002,0.9999999999999998
220.0,0.9999999999999998
220.05,0.9999999999999998
220.10000000000002,0.9999999999999998
220.15,0.9999999999999998
220.20000000000002,0.9999999999999998
220.25,0.9999999999999998
220.3,0.9999999999999998
220.35000000000002,0.9999999999999998
220.4,0.9999999999999998
220.45000000000002,0.9999999999999998
220.5,0.9999999999999998
220.55,0.9999999999999998
220.60000000000002,0.9999999999999998
220.65,0.9999999999999998
220.70000000000002,0.9999999999999998
220.75,0.9999999999999998
220.8,0.9999999999999998
220.85000000000002,0.9999999999999998
220.9,0.9999999999999998
220.95000000000002,0.9999999999999998
221.0,0.9999999999999998
221.05,0.9999999999999998
221.10000000000002,0.9999999999999998
221.15,0.9999999999999998
221.20000000000002,0.9999999999999998
221.25,0.9999999999999998
221.3,0.9999999999999998
221.35000000000002,0.9999999999999998
221.4,0.9999999999999998
221.45000000000002,0.9999999999999998
221.5,0.9999999999999998
221.55,0.9999999999999998
221.60000000000002,0.9999999999999998
221.65,0.9999999999999998
221.70000000000002,0.9999999999999998
221.75,0.9999999999999998
221.8,0.9999999999999998
221.85000000000002,0.9999999999999998
221.9,0.9999999999999998
221.95000000000002,0.9999999999999998
222.0,0.9999999999999998
222.05,0.9999999999999998
222.10000000000002,0.9999999999999998
222.15,0.9999999999999998
222.20000000000002,0.9999999999999998
222.25,0.9999999999999998
222.3,0.9999999999999998
222.35000000000002,0.9999999999999998
222.4,0.9999999999999998
222.45000000000002,0.9999999999999998
222.5,0.9999999999999998
222.55,0.9999999999999998
222.60000000000002,0.9999999999999998
222.65,0.9999999999999998
222.70000000000002,0.9999999999999998
222.75,0.9999999999999998
222.8,0.9999999999999998
222.85000000000002,0.9999999999999998
222.9,0.9999999999999998
222.95000000000002,0.9999999999999998
223.0,0.9999999999999998
223.05,0.9999999999999998
223.10000000000002,0.9999999999999998
223.15,0.9999999999999998
223.20000000000002,0.9999999999999998
223.25,0.9999999999999998
223.3,0.9999999999999998
223.35000000000002,0.9999999999999998
223.4,0.9999999999999998
223.45000000000002,0.9999999999999998
223.5,0.9999999999999998
223.55,0.9999999999999998
223.60000000000002,0.9999999999999998
223.65,0.9999999999999998
223.70000000000002,0.9999999999999998
223.75,0.9999999999999998
223.8,0.9999999999999998
223.85000000000002,0.9999999999999998
223.9,0.9999999999999998
223.95000000000002,0.9999999999999998
224.0,0.9999999999999998
224.05,0.9999999999999998
224.10000000000002,0.9999999999999998
224.15,0.9999999999999998
224.20000000000002,0.9999999999999998
224.25,0.9999999999999998
224.3,0.9999999999999998
224.35000000000002,0.9999999999999998
224.4,0.9999999999999998
224.45000000000002,0.9999999999999998
224.5,0.9999999999999998
224.55,0.9999999999999998
224.60000000000002,0.9999999999999998
224.65,0.9999999999999998
224.70000000000002,0.9999999999999998
224.75,0.9999999999999998
224.8,0.9999999999999998
224.85000000000002,0.9999999999999998
224.9,0.9999999999999998
224.95000000000002,0.9999999999999998
225.0,0.9999999999999998
225.05,0.9999999999999998
225.10000000000002,0.9999999999999998
225.15,0.9999999999999998
225.20000000000002,0.9999999999999998
225.25,0.9999999999999998
225.3,0.9999999999999998
225.35000000000002,0.9999999999999998
225.4,0.9999999999999998
225.45000000000002,0.9999999999999998
225.5,0.9999999999999998
225.55,0.9999999999999998
225.60000000000002,0.9999999999999998
225.65,0.9999999999999998
225.70000000000002,0.9999999999999998
225.75,0.9999999999999998
225.8,0.9999999999999998
225.85000000000002,0.9999999999999998
225.9,0.9999999999999998
225.95000000000002,0.9999999999999998
226.0,0.9999999999999998
226.05,0.9999999999999998
226.10000000000002,0.9999999999999998
226.15,0.9999999999999998
226.20000000000002,0.9999999999999998
226.25,0.9999999999999998
226.3,0.9999999999999998
226.35000000000002,0.9999999999999998
226.4,0.9999999999999998
226.45000000000002,0.9999999999999998
226.5,0.9999999999999998
226.55,0.9999999999999998
226.60000000000002,0.9999999999999998
226.65,0.9999999999999998
226.70000000000002,0.9999999999999998
226.75,0.9999999999999998
226.8,0.9999999999999998
226.85000000000002,0.9999999999999998
226.9,0.9999999999999998
226.95000000000002,0.9999999999999998
227.0,0.9999999999999998
227.05,0.9999999999999998
227.10000000000002,0.9999999999999998
227.15,0.9999999999999998
227.20000000000002,0.9999999999999998
227.25,0.9999999999999998
227.3,0.9999999999999998
227.35000000000002,0.9999999999999998
227.4,0.9999999999999998
227.45000000000002,0.9999999999999998
227.5,0.9999999999999998
227.55,0.9999999999999998
227.60000000000002,0.9999999999999998
227.65,0.9999999999999998
227.70000000000002,0.9999999999999998
227.75,0.9999999999999998
227.8,0.9999999999999998
227.85000000000002,0.9999999999999998
227.9,0.9999999999999998
227.95000000000002,0.9999999999999998
228.0,0.9999999999999998
228.05,0.9999999999999998
228.10000000000002,0.9999999999999998
228.15,0.9999999999999998
228.20000000000002,0.9999999999999998
228.25,0.9999999999999998
228.3,0.9999999999999998
228.35000000000002,0.9999999999999998
228.4,0.9999999999999998
228.45000000000002,0.9999999999999998
228.5,0.9999999999999998
228.55,0.9999999999999998
228.60000000000002,0.9999999999999998
228.65,0.9999999999999998
228.70000000000002,0.9999999999999998
228.75,0.9999999999999998
228.8,0.9999999999999998
228.85000000000002,0.9999999999999998
228.9,0.9999999999999998
228.95000000000002,0.9999999999999998
229.0,0.9999999999999998
229.05,0.9999999999999998
229.10000000000002,0.9999999999999998
229.15,0.9999999999999998
229.20000000000002,0.9999999999999998
229.25,0.9999999999999998
229.3,0.9999999999999998
229.35000000000002,0.9999999999999998
229.4,0.9999999999999998
229.45000000000002,0.9999999999999998
229.5,0.9999999999999998
229.55,0.9999999999999998
229.60000000000002,0.9999999999999998
229.65,0.9999999999999998
229.70000000000002,0.9999999999999998
229.75,0.9999999999999998
229.8,0.9999999999999998
229.85000000000002,0.9999999999999998
229.9,0.9999999999999998
229.95000000000002,0.9999999999999998
230.0,0.9999999999999998
230.05,0.9999999999999998
230.10000000000002,0.9999999999999998
230.15,0.9999999999999998
230.20000000000002,0.9999999999999998
230.25,0.9999999999999998
230.3,0.9999999999999998
230.35000000000002,0.9999999999999998
230.4,0.9999999999999998
230.45000000000002,0.9999999999999998
230.5,0.9999999999999998
230.55,0.9999999999999998
230.60000000000002,0.9999999999999998
230.65,0.9999999999999998
230.70000000000002,0.9999999999999998
230.75,0.9999999999999998
230.8,0.9999999999999998
230.85000000000002,0.9999999999999998
230.9,0.9999999999999998
230.95000000000002,0.9999999999999998
231.0,0.9999999999999998
231.05,0.9999999999999998
231.10000000000002,0.9999999999999998
231.15,0.9999999999999998
231.20000000000002,0.9999999999999998
231.25,0.9999999999999998
231.3,0.9999999999999998
231.35000000000002,0.9999999999999998
231.4,0.9999999999999998
231.45000000000002,0.9999999999999998
231.5,0.9999999999999998
231.55,0.9999999999999998
231.60000000000002,0.9999999999999998
231.65,0.9999999999999998
231.70000000000002,0.9999999999999998
231.75,0.9999999999999998
231.8,0.9999999999999998
231.85000000000002,0.9999999999999998
231.9,0.9999999999999998
231.95000000000002,0.9999999999999998
232.0,0.9999999999999998
232.05,0.9999999999999998
232.10000000000002,0.9999999999999998
232.15,0.9999999999999998
232.20000000000002,0.9999999999999998
232.25,0.9999999999999998
232.3,0.9999999999999998
232.35000000000002,0.9999999999999998
232.4,0.9999999999999998
232.45000000000002,0.9999999999999998
232.5,0.9999999999999998
232.55,0.9999999999999998
232.60000000000002,0.9999999999999998
232.65,0.9999999999999998
232.70000000000002,0.9999999999999998
232.75,0.9999999999999998
232.8,0.9999999999999998
232.85000000000002,0.9999999999999998
232.9,0.9999999999999998
232.95000000000002,0.9999999999999998
233.0,0.9999999999999998
233.05,0.9999999999999998
233.10000000000002,0.9999999999999998
233.15,0.9999999999999998
233.20000000000002,0.9999999999999998
233.25,0.9999999999999998
233.3,0.9999999999999998
233.35000000000002,0.9999999999999998
233.4,0.9999999999999998
233.45000000000002,0.9999999999999998
233.5,0.9999999999999998
233.55,0.9999999999999998
233.60000000000002,0.9999999999999998
233.65,0.9999999999999998
233.70000000000002,0.9999999999999998
233.75,0.9999999999999998
233.8,0.9999999999999998
233.85000000000002,0.9999999999999998
233.9,0.9999999999999998
233.95000000000002,0.9999999999999998
234.0,0.9999999999999998
234.05,0.9999999999999998
234.10000000000002,0.9999999999999998
234.15,0.9999999999999998
234.20000000000002,0.9999999999999998
234.25,0.9999999999999998
234.3,0.9999999999999998
234.35000000000002,0.9999999999999998
234.4,0.9999999999999998
234.45000000000002,0.9999999999999998
234.5,0.9999999999999998
234.55,0.9999999999999998
234.60000000000002,0.9999999999999998
234.65,0.9999999999999998
234.70000000000002,0.9999999999999998
234.75,0.9999999999999998
234.8,0.9999999999999998
234.85000000000002,0.9999999999999998
234.9,0.9999999999999998
234.95000000000002,0.9999999999999998
235.0,0.9999999999999998
235.05,0.9999999999999998
235.10000000000002,0.9999999999999998
235.15,0.9999999999999998
235.20000000000002,0.9999999999999998
235.25,0.9999999999999998
235.3,0.9999999999999998
235.35000000000002,0.9999999999999998
235.4,0.9999999999999998
235.45000000000002,0.9999999999999998
235.5,0.9999999999999998
235.55,0.9999999999999998
235.60000000000002,0.9999999999999998
235.65,0.9999999999999998
235.70000000000002,0.9999999999999998
235.75,0.9999999999999998
235.8,0.9999999999999998
235.85000000000002,0.9999999999999998
235.9,0.9999999999999998
235.95000000000002,0.9999999999999998
236.0,0.9999999999999998
236.05,0.9999999999999998
236.10000000000002,0.9999999999999998
236.15,0.9999999999999998
236.20000000000002,0.9999999999999998
236.25,0.9999999999999998
236.3,0.9999999999999998
236.35000000000002,0.9999999999999998
236.4,0.9999999999999998
236.45000000000002,0.9999999999999998
236.5,0.9999999999999998
236.55,0.9999999999999998
236.60000000000002,0.9999999999999998
236.65,0.9999999999999998
236.70000000000002,0.9999999999999998
236.75,0.9999999999999998
236.8,0.9999999999999998
236.85000000000002,0.9999999999999998
236.9,0.9999999999999998
236.95000000000002,0.9999999999999998
237.0,0.9999999999999998
237.05,0.9999999999999998
237.10000000000002,0.9999999999999998
237.15,0.9999999999999998
237.20000000000002,0.9999999999999998
237.25,0.9999999999999998
237.3,0.9999999999999998
237.35000000000002,0.9999999999999998
237.4,0.9999999999999998
237.45000000000002,0.9999999999999998
237.5,0.9999999999999998
237.55,0.9999999999999998
237.60000000000002,0.9999999999999998
237.65,0.9999999999999998
237.70000000000002,0.9999999999999998
237.75,0.9999999999999998
237.8,0.9999999999999998
237.85000000000002,0.9999999999999998
237.9,0.9999999999999998
237.95000000000002,0.9999999999999998
238.0,0.9999999999999998
238.05,0.9999999999999998
238.10000000000002,0.9999999999999998
238.15,0.9999999999999998
238.20000000000002,0.9999999999999998
238.25,0.9999999999999998
238.3,0.9999999999999998
238.35000000000002,0.9999999999999998
238.4,0.9999999999999998
238.45000000000002,0.9999999999999998
238.5,0.9999999999999998
238.55,0.9999999999999998
238.60000000000002,0.9999999999999998
238.65,0.9999999999999998
238.70000000000002,0.9999999999999998
238.75,0.9999999999999998
238.8,0.9999999999999998
238.85000000000002,0.9999999999999998
238.9,0.9999999999999998
238.95000000000002,0.9999999999999998
239.0,0.9999999999999998
239.05,0.9999999999999998
239.10000000000002,0.9999999999999998
239.15,0.9999999999999998
239.20000000000002,0.9999999999999998
239.25,0.9999999999999998
239.3,0.9999999999999998
239.35000000000002,0.9999999999999998
239.4,0.9999999999999998
239.45000000000002,0.9999999999999998
239.5,0.9999999999999998
239.55,0.9999999999999998
239.60000000000002,0.9999999999999998
239.65,0.9999999999999998
239.70000000000002,0.9999999999999998
239.75,0.9999999999999998
239.8,0.9999999999999998
239.85000000000002,0.9999999999999998
239.9,0.9999999999999998
239.95000000000002,0.9999999999999998
240.0,0.9999999999999998
240.05,0.9999999999999998
240.10000000000002,0.9999999999999998
240.15,0.9999999999999998
240.20000000000002,0.9999999999999998
240.25,0.9999999999999998
240.3,0.9999999999999998
240.35000000000002,0.9999999999999998
240.4,0.9999999999999998
240.45000000000002,0.9999999999999998
240.5,0.9999999999999998
240.55,0.9999999999999998
240.60000000000002,0.9999999999999998
240.65,0.9999999999999998
240.70000000000002,0.9999999999999998
240.75,0.9999999999999998
240.8,0.9999999999999998
240.85000000000002,0.9999999999999998
240.9,0.9999999999999998
240.95000000000002,0.9999999999999998
241.0,0.9999999999999998
241.05,0.9999999999999998
241.10000000000002,0.9999999999999998
241.15,0.9999999999999998
241.20000000000002,0.9999999999999998
241.25,0.9999999999999998
241.3,0.9999999999999998
241.35000000000002,0.9999999999999998
241.4,0.9999999999999998
241.45000000000002,0.9999999999999998
241.5,0.9999999999999998
241.55,0.9999999999999998
241.60000000000002,0.9999999999999998
241.65,0.9999999999999998
241.70000000000002,0.9999999999999998
241.75,0.9999999999999998
241.8,0.9999999999999998
241.85000000000002,0.9999999999999998
241.9,0.9999999999999998
241.95000000000002,0.9999999999999998
242.0,0.9999999999999998
242.05,0.9999999999999998
242.10000000000002,0.9999999999999998
242.15,0.9999999999999998
242.20000000000002,0.9999999999999998
242.25,0.9999999999999998
242.3,0.9999999999999998
242.35000000000002,0.9999999999999998
242.4,0.9999999999999998
242.45000000000002,0.9999999999999998
242.5,0.9999999999999998
242.55,0.9999999999999998
242.60000000000002,0.9999999999999998
242.65,0.9999999999999998
242.70000000000002,0.9999999999999998
242.75,0.9999999999999998
242.8,0.9999999999999998
242.85000000000002,0.9999999999999998
242.9,0.9999999999999998
242.95000000000002,0.9999999999999998
243.0,0.9999999999999998
243.05,0.9999999999999998
243.10000000000002,0.9999999999999998
243.15,0.9999999999999998
243.20000000000002,0.9999999999999998
243.25,0.9999999999999998
243.3,0.9999999999999998
243.35000000000002,0.9999999999999998
243.4,0.9999999999999998
243.45000000000002,0.9999999999999998
243.5,0.9999999999999998
243.55,0.9999999999999998
243.60000000000002,0.9999999999999998
243.65,0.9999999999999998
243.70000000000002,0.9999999999999998
243.75,0.9999999999999998
243.8,0.9999999999999998
243.85000000000002,0.9999999999999998
243.9,0.9999999999999998
243.95000000000002,0.9999999999999998
244.0,0.9999999999999998
244.05,0.9999999999999998
244.10000000000002,0.9999999999999998
244.15,0.9999999999999998
244.20000000000002,0.9999999999999998
244.25,0.9999999999999998
244.3,0.9999999999999998
244.35000000000002,0.9999999999999998
244.4,0.9999999999999998
244.45000000000002,0.9999999999999998
244.5,0.9999999999999998
244.55,0.9999999999999998
244.60000000000002,0.9999999999999998
244.65,0.9999999999999998
244.70000000000002,0.9999999999999998
244.75,0.9999999999999998
244.8,0.9999999999999998
244.85000000000002,0.9999999999999998
244.9,0.9999999999999998
244.95000000000002,0.9999999999999998
245.0,0.9999999999999998
245.05,0.9999999999999998
245.10000000000002,0.9999999999999998
245.15,0.9999999999999998
245.20000000000002,0.9999999999999998
245.25,0.9999999999999998
245.3,0.9999999999999998
245.35000000000002,0.9999999999999998
245.4,0.9999999999999998
245.45000000000002,0.9999999999999998
245.5,0.9999999999999998
245.55,0.9999999999999998
245.60000000000002,0.9999999999999998
245.65,0.9999999999999998
245.70000000000002,0.9999999999999998
245.75,0.9999999999999998
245.8,0.9999999999999998
245.85000000000002,0.9999999999999998
245.9,0.9999999999999998
245.95000000000002,0.9999999999999998
246.0,0.9999999999999998
246.05,0.9999999999999998
246.10000000000002,0.9999999999999998
246.15,0.9999999999999998
246.20000000000002,0.9999999999999998
246.25,0.9999999999999998
246.3,0.9999999999999998
246.35000000000002,0.9999999999999998
246.4,0.9999999999999998
246.45000000000002,0.9999999999999998
246.5,0.9999999999999998
246.55,0.9999999999999998
246.60000000000002,0.9999999999999998
246.65,0.9999999999999998
246.70000000000002,0.9999999999999998
246.75,0.9999999999999998
246.8,0.9999999999999998
246.85000000000002,0.9999999999999998
246.9,0.9999999999999998
246.95000000000002,0.9999999999999998
247.0,0.9999999999999998
247.05,0.9999999999999998
247.10000000000002,0.9999999999999998
247.15,0.9999999999999998
247.20000000000002,0.9999999999999998
247.25,0.9999999999999998
247.3,0.9999999999999998
247.35000000000002,0.9999999999999998
247.4,0.9999999999999998
247.45000000000002,0.9999999999999998
247.5,0.9999999999999998
247.55,0.9999999999999998
247.60000000000002,0.9999999999999998
247.65,0.9999999999999998
247.70000000000002,0.9999999999999998
247.75,0.9999999999999998
247.8,0.9999999999999998
247.85000000000002,0.9999999999999998
247.9,0.9999999999999998
247.95000000000002,0.9999999999999998
248.0,0.9999999999999998
248.05,0.9999999999999998
248.10000000000002,0.9999999999999998
248.15,0.9999999999999998
248.20000000000002,0.9999999999999998
248.25,0.9999999999999998
248.3,0.9999999999999998
248.35000000000002,0.9999999999999998
248.4,0.9999999999999998
248.45000000000002,0.9999999999999998
248.5,0.9999999999999998
248.55,0.9999999999999998
248.60000000000002,0.9999999999999998
248.65,0.9999999999999998
248.70000000000002,0.9999999999999998
248.75,0.9999999999999998
248.8,0.9999999999999998
248.85000000000002,0.9999999999999998
248.9,0.9999999999999998
248.95000000000002,0.9999999999999998
249.0,0.9999999999999998
249.05,0.9999999999999998
249.10000000000002,0.9999999999999998
249.15,0.9999999999999998
249.20000000000002,0.9999999999999998
249.25,0.9999999999999998
249.3,0.9999999999999998
249.35000000000002,0.9999999999999998
249.4,0.9999999999999998
249.45000000000002,0.9999999999999998
249.5,0.9999999999999998
249.55,0.9999999999999998
249.60000000000002,0.9999999999999998
249.65,0.9999999999999998
249.70000000000002,0.9999999999999998
249.75,0.9999999999999998
249.8,0.9999999999999998
249.85000000000002,0.9999999999999998
249.9,0.9999999999999998
249.95000000000002,0.9999999999999998
250.0,0.9999999999999998
250.05,0.9999999999999998
250.10000000000002,0.9999999999999998
250.15,0.9999999999999998
250.20000000000002,0.9999999999999998
250.25,0.9999999999999998
250.3,0.9999999999999998
250.35000000000002,0.9999999999999998
250.4,0.9999999999999998
250.45000000000002,0.9999999999999998
250.5,0.9999999999999998
250.55,0.9999999999999998
250.60000000000002,0.9999999999999998
250.65,0.9999999999999998
250.70000000000002,0.9999999999999998
250.75,0.9999999999999998
250.8,0.9999999999999998
250.85000000000002,0.9999999999999998
250.9,0.9999999999999998
250.95000000000002,0.9999999999999998
251.0,0.9999999999999998
251.05,0.9999999999999998
251.10000000000002,0.9999999999999998
251.15,0.9999999999999998
251.20000000000002,0.9999999999999998
251.25,0.9999999999999998
251.3,0.9999999999999998
251.35000000000002,0.9999999999999998
251.4,0.9999999999999998
251.45000000000002,0.9999999999999998
251.5,0.9999999999999998
251.55,0.9999999999999998
251.60000000000002,0.9999999999999998
251.65,0.9999999999999998
251.70000000000002,0.9999999999999998
251.75,0.9999999999999998
251.8,0.9999999999999998
251.85000000000002,0.9999999999999998
251.9,0.9999999999999998
251.95000000000002,0.9999999999999998
252.0,0.9999999999999998
252.05,0.9999999999999998
252.10000000000002,0.9999999999999998
252.15,0.9999999999999998
252.20000000000002,0.9999999999999998
252.25,0.9999999999999998
252.3,0.9999999999999998
252.35000000000002,0.9999999999999998
252.4,0.9999999999999998
252.45000000000002,0.9999999999999998
252.5,0.9999999999999998
252.55,0.9999999999999998
252.60000000000002,0.9999999999999998
252.65,0.9999999999999998
252.70000000000002,0.9999999999999998
252.75,0.9999999999999998
252.8,0.9999999999999998
252.85000000000002,0.9999999999999998
252.9,0.9999999999999998
252.95000000000002,0.9999999999999998
253.0,0.9999999999999998
253.05,0.9999999999999998
253.10000000000002,0.9999999999999998
253.15,0.9999999999999998
253.20000000000002,0.9999999999999998
253.25,0.9999999999999998
253.3,0.9999999999999998
253.35000000000002,0.9999999999999998
253.4,0.9999999999999998
253.45000000000002,0.9999999999999998
253.5,0.9999999999999998
253.55,0.9999999999999998
253.60000000000002,0.9999999999999998
253.65,0.9999999999999998
253.70000000000002,0.9999999999999998
253.75,0.9999999999999998
253.8,0.9999999999999998
253.85000000000002,0.9999999999999998
253.9,0.9999999999999998
253.95000000000002,0.9999999999999998
254.0,0.9999999999999998
254.05,0.9999999999999998
254.10000000000002,0.9999999999999998
254.15,0.9999999999999998
254.20000000000002,0.9999999999999998
254.25,0.9999999999999998
254.3,0.9999999999999998
254.35000000000002,0.9999999999999998
254.4,0.9999999999999998
254.45000000000002,0.9999999999999998
254.5,0.9999999999999998
254.55,0.9999999999999998
254.60000000000002,0.9999999999999998
254.65,0.9999999999999998
254.70000000000002,0.9999999999999998
254.75,0.9999999999999998
254.8,0.9999999999999998
254.85000000000002,0.9999999999999998
254.9,0.9999999999999998
254.95000000000002,0.9999999999999998
255.0,0.9999999999999998
255.05,0.9999999999999998
255.10000000000002,0.9999999999999998
255.15,0.9999999999999998
255.20000000000002,0.9999999999999998
255.25,0.9999999999999998
255.3,0.9999999999999998
255.35000000000002,0.9999999999999998
255.4,0.9999999999999998
255.45000000000002,0.9999999999999998
255.5,0.9999999999999998
255.55,0.9999999999999998
255.60000000000002,0.9999999999999998
255.65,0.9999999999999998
255.70000000000002,0.9999999999999998
255.75,0.9999999999999998
255.8,0.9999999999999998
255.85000000000002,0.9999999999999998
255.9,0.9999999999999998
255.95000000000002,0.9999999999999998
256.0,0.9999999999999998
256.05,0.9999999999999998
256.1,0.9999999999999998
256.15000000000003,0.9999999999999998
256.2,0.9999999999999998
256.25,0.9999999999999998
256.3,0.9999999999999998
256.35,0.9999999999999998
256.40000000000003,0.9999999999999998
256.45,0.9999999999999998
256.5,0.9999999999999998
256.55,0.9999999999999998
256.6,0.9999999999999998
256.65000000000003,0.9999999999999998
256.7,0.9999999999999998
256.75,0.9999999999999998
256.8,0.9999999999999998
256.85,0.9999999999999998
256.90000000000003,0.9999999999999998
256.95,0.9999999999999998
257.0,0.9999999999999998
257.05,0.9999999999999998
257.1,0.9999999999999998
257.15000000000003,0.9999999999999998
257.2,0.9999999999999998
257.25,0.9999999999999998
257.3,0.9999999999999998
257.35,0.9999999999999998
257.40000000000003,0.9999999999999998
257.45,0.9999999999999998
257.5,0.9999999999999998
257.55,0.9999999999999998
257.6,0.9999999999999998
257.65000000000003,0.9999999999999998
257.7,0.9999999999999998
257.75,0.9999999999999998
257.8,0.9999999999999998
257.85,0.9999999999999998
257.90000000000003,0.9999999999999998
257.95,0.9999999999999998
258.0,0.9999999999999998
258.05,0.9999999999999998
258.1,0.9999999999999998
258.15000000000003,0.9999999999999998
258.2,0.9999999999999998
258.25,0.9999999999999998
258.3,0.9999999999999998
258.35,0.9999999999999998
258.40000000000003,0.9999999999999998
258.45,0.9999999999999998
258.5,0.9999999999999998
258.55,0.9999999999999998
258.6,0.9999999999999998
258.65000000000003,0.9999999999999998
258.7,0.9999999999999998
258.75,0.9999999999999998
258.8,0.9999999999999998
258.85,0.9999999999999998
258.90000000000003,0.9999999999999998
258.95,0.9999999999999998
259.0,0.9999999999999998
259.05,0.9999999999999998
259.1,0.9999999999999998
259.15000000000003,0.9999999999999998
259.2,0.9999999999999998
259.25,0.9999999999999998
259.3,0.9999999999999998
259.35,0.9999999999999998
259.40000000000003,0.9999999999999998
259.45,0.9999999999999998
259.5,0.9999999999999998
259.55,0.9999999999999998
259.6,0.9999999999999998
259.65000000000003,0.9999999999999998
259.7,0.9999999999999998
259.75,0.9999999999999998
259.8,0.9999999999999998
259.85,0.9999999999999998
259.90000000000003,0.9999999999999998
259.95,0.9999999999999998
260.0,0.9999999999999998
260.05,0.9999999999999998
260.1,0.9999999999999998
260.15000000000003,0.9999999999999998
260.2,0.9999999999999998
260.25,0.9999999999999998
260.3,0.9999999999999998
260.35,0.9999999999999998
260.40000000000003,0.9999999999999998
260.45,0.9999999999999998
260.5,0.9999999999999998
260.55,0.9999999999999998
260.6,0.9999999999999998
260.65000000000003,0.9999999999999998
260.7,0.9999999999999998
260.75,0.9999999999999998
260.8,0.9999999999999998
260.85,0.9999999999999998
260.90000000000003,0.9999999999999998
260.95,0.9999999999999998
261.0,0.9999999999999998
261.05,0.9999999999999998
261.1,0.9999999999999998
261.15000000000003,0.9999999999999998
261.2,0.9999999999999998
261.25,0.9999999999999998
261.3,0.9999999999999998
261.35,0.9999999999999998
261.40000000000003,0.9999999999999998
261.45,0.9999999999999998
261.5,0.9999999999999998
261.55,0.9999999999999998
261.6,0.9999999999999998
261.65000000000003,0.9999999999999998
261.7,0.9999999999999998
261.75,0.9999999999999998
261.8,0.9999999999999998
261.85,0.9999999999999998
261.90000000000003,0.9999999999999998
261.95,0.9999999999999998
262.0,0.9999999999999998
262.05,0.9999999999999998
262.1,0.9999999999999998
262.15000000000003,0.9999999999999998
262.2,0.9999999999999998
262.25,0.9999999999999998
262.3,0.9999999999999998
262.35,0.9999999999999998
262.40000000000003,0.9999999999999998
262.45,0.9999999999999998
262.5,0.9999999999999998
262.55,0.9999999999999998
262.6,0.9999999999999998
262.65000000000003,0.9999999999999998
262.7,0.9999999999999998
262.75,0.9999999999999998
262.8,0.9999999999999998
262.85,0.9999999999999998
262.90000000000003,0.9999999999999998
262.95,0.9999999999999998
263.0,0.9999999999999998
263.05,0.9999999999999998
263.1,0.9999999999999998
263.15000000000003,0.9999999999999998
263.2,0.9999999999999998
263.25,0.9999999999999998
263.3,0.9999999999999998
263.35,0.9999999999999998
263.40000000000003,0.9999999999999998
263.45,0.9999999999999998
263.5,0.9999999999999998
263.55,0.9999999999999998
263.6,0.9999999999999998
263.65000000000003,0.9999999999999998
263.7,0.9999999999999998
263.75,0.9999999999999998
263.8,0.9999999999999998
263.85,0.9999999999999998
263.90000000000003,0.9999999999999998
263.95,0.9999999999999998
264.0,0.9999999999999998
264.05,0.9999999999999998
264.1,0.9999999999999998
264.15000000000003,0.9999999999999998
264.2,0.9999999999999998
264.25,0.9999999999999998
264.3,0.9999999999999998
264.35,0.9999999999999998
264.40000000000003,0.9999999999999998
264.45,0.9999999999999998
264.5,0.9999999999999998
264.55,0.9999999999999998
264.6,0.9999999999999998
264.65000000000003,0.9999999999999998
264.7,0.9999999999999998
264.75,0.9999999999999998
264.8,0.9999999999999998
264.85,0.9999999999999998
264.90000000000003,0.9999999999999998
264.95,0.9999999999999998
265.0,0.9999999999999998
265.05,0.9999999999999998
265.1,0.9999999999999998
265.15000000000003,0.9999999999999998
265.2,0.9999999999999998
265.25,0.9999999999999998
265.3,0.9999999999999998
265.35,0.9999999999999998
265.40000000000003,0.9999999999999998
265.45,0.9999999999999998
265.5,0.9999999999999998
265.55,0.9999999999999998
265.6,0.9999999999999998
265.65000000000003,0.9999999999999998
265.7,0.9999999999999998
265.75,0.9999999999999998
265.8,0.9999999999999998
265.85,0.9999999999999998
265.90000000000003,0.9999999999999998
265.95,0.9999999999999998
266.0,0.9999999999999998
266.05,0.9999999999999998
266.1,0.9999999999999998
266.15000000000003,0.9999999999999998
266.2,0.9999999999999998
266.25,0.9999999999999998
266.3,0.9999999999999998
266.35,0.9999999999999998
266.40000000000003,0.9999999999999998
266.45,0.9999999999999998
266.5,0.9999999999999998
266.55,0.9999999999999998
266.6,0.9999999999999998
266.65000000000003,0.9999999999999998
266.7,0.9999999999999998
266.75,0.9999999999999998
266.8,0.9999999999999998
266.85,0.9999999999999998
266.90000000000003,0.9999999999999998
266.95,0.9999999999999998
267.0,0.9999999999999998
267.05,0.9999999999999998
267.1,0.9999999999999998
267.15000000000003,0.9999999999999998
267.2,0.9999999999999998
267.25,0.9999999999999998
267.3,0.9999999999999998
267.35,0.9999999999999998
267.40000000000003,0.9999999999999998
267.45,0.9999999999999998
267.5,0.9999999999999998
267.55,0.9999999999999998
267.6,0.9999999999999998
267.65000000000003,0.9999999999999998
267.7,0.9999999999999998
267.75,0.9999999999999998
267.8,0.9999999999999998
267.85,0.9999999999999998
267.90000000000003,0.9999999999999998
267.95,0.9999999999999998
268.0,0.9999999999999998
268.05,0.9999999999999998
268.1,0.9999999999999998
268.15000000000003,0.9999999999999998
268.2,0.9999999999999998
268.25,0.9999999999999998
268.3,0.9999999999999998
268.35,0.9999999999999998
268.40000000000003,0.9999999999999998
268.45,0.9999999999999998
268.5,0.9999999999999998
268.55,0.9999999999999998
268.6,0.9999999999999998
268.65000000000003,0.9999999999999998
268.7,0.9999999999999998
268.75,0.9999999999999998
268.8,0.9999999999999998
268.85,0.9999999999999998
268.90000000000003,0.9999999999999998
268.95,0.9999999999999998
269.0,0.9999999999999998
269.05,0.9999999999999998
269.1,0.9999999999999998
269.15000000000003,0.9999999999999998
269.2,0.9999999999999998
269.25,0.9999999999999998
269.3,0.9999999999999998
269.35,0.9999999999999998
269.40000000000003,0.9999999999999998
269.45,0.9999999999999998
269.5,0.9999999999999998
269.55,0.9999999999999998
269.6,0.9999999999999998
269.65000000000003,0.9999999999999998
269.7,0.9999999999999998
269.75,0.9999999999999998
269.8,0.9999999999999998
269.85,0.9999999999999998
269.90000000000003,0.9999999999999998
269.95,0.9999999999999998
270.0,0.9999999999999998
270.05,0.9999999999999998
270.1,0.9999999999999998
270.15000000000003,0.9999999999999998
270.2,0.9999999999999998
270.25,0.9999999999999998
270.3,0.9999999999999998
270.35,0.9999999999999998
270.40000000000003,0.9999999999999998
270.45,0.9999999999999998
270.5,0.9999999999999998
270.55,0.9999999999999998
270.6,0.9999999999999998
270.65000000000003,0.9999999999999998
270.7,0.9999999999999998
270.75,0.9999999999999998
270.8,0.9999999999999998
270.85,0.9999999999999998
270.90000000000003,0.9999999999999998
270.95,0.9999999999999998
271.0,0.9999999999999998
271.05,0.9999999999999998
271.1,0.9999999999999998
271.15000000000003,0.9999999999999998
271.2,0.9999999999999998
271.25,0.9999999999999998
271.3,0.9999999999999998
271.35,0.9999999999999998
271.40000000000003,0.9999999999999998
271.45,0.9999999999999998
271.5,0.9999999999999998
271.55,0.9999999999999998
271.6,0.9999999999999998
271.65000000000003,0.9999999999999998
271.7,0.9999999999999998
271.75,0.9999999999999998
271.8,0.9999999999999998
271.85,0.9999999999999998
271.90000000000003,0.9999999999999998
271.95,0.9999999999999998
272.0,0.9999999999999998
272.05,0.9999999999999998
272.1,0.9999999999999998
272.15000000000003,0.9999999999999998
272.2,0.9999999999999998
272.25,0.9999999999999998
272.3,0.9999999999999998
272.35,0.9999999999999998
272.40000000000003,0.9999999999999998
272.45,0.9999999999999998
272.5,0.9999999999999998
272.55,0.9999999999999998
272.6,0.9999999999999998
272.65000000000003,0.9999999999999998
272.7,0.9999999999999998
272.75,0.9999999999999998
272.8,0.9999999999999998
272.85,0.9999999999999998
272.90000000000003,0.9999999999999998
272.95,0.9999999999999998
273.0,0.9999999999999998
273.05,0.9999999999999998
273.1,0.9999999999999998
273.15000000000003,0.9999999999999998
273.2,0.9999999999999998
273.25,0.9999999999999998
273.3,0.9999999999999998
273.35,0.9999999999999998
273.40000000000003,0.9999999999999998
273.45,0.9999999999999998
273.5,0.9999999999999998
273.55,0.9999999999999998
273.6,0.9999999999999998
273.65000000000003,0.9999999999999998
273.7,0.9999999999999998
273.75,0.9999999999999998
273.8,0.9999999999999998
273.85,0.9999999999999998
273.90000000000003,0.9999999999999998
273.95,0.9999999999999998
274.0,0.9999999999999998
274.05,0.9999999999999998
274.1,0.9999999999999998
274.15000000000003,0.9999999999999998
274.2,0.9999999999999998
274.25,0.9999999999999998
274.3,0.9999999999999998
274.35,0.9999999999999998
274.40000000000003,0.9999999999999998
274.45,0.9999999999999998
274.5,0.9999999999999998
274.55,0.9999999999999998
274.6,0.9999999999999998
274.65000000000003,0.9999999999999998
274.7,0.9999999999999998
274.75,0.9999999999999998
274.8,0.9999999999999998
274.85,0.9999999999999998
274.90000000000003,0.9999999999999998
274.95,0.9999999999999998
275.0,0.9999999999999998
275.05,0.9999999999999998
275.1,0.9999999999999998
275.15000000000003,0.9999999999999998
275.2,0.9999999999999998
275.25,0.9999999999999998
275.3,0.9999999999999998
275.35,0.9999999999999998
275.40000000000003,0.9999999999999998
275.45,0.9999999999999998
275.5,0.9999999999999998
275.55,0.9999999999999998
275.6,0.9999999999999998
275.65000000000003,0.9999999999999998
275.7,0.9999999999999998
275.75,0.9999999999999998
275.8,0.9999999999999998
275.85,0.9999999999999998
275.90000000000003,0.9999999999999998
275.95,0.9999999999999998
276.0,0.9999999999999998
276.05,0.9999999999999998
276.1,0.9999999999999998
276.15000000000003,0.9999999999999998
276.2,0.9999999999999998
276.25,0.9999999999999998
276.3,0.9999999999999998
276.35,0.9999999999999998
276.40000000000003,0.9999999999999998
276.45,0.9999999999999998
276.5,0.9999999999999998
276.55,0.9999999999999998
276.6,0.9999999999999998
276.65000000000003,0.9999999999999998
276.7,0.9999999999999998
276.75,0.9999999999999998
276.8,0.9999999999999998
276.85,0.9999999999999998
276.90000000000003,0.9999999999999998
276.95,0.9999999999999998
277.0,0.9999999999999998
277.05,0.9999999999999998
277.1,0.9999999999999998
277.15000000000003,0.9999999999999998
277.2,0.9999999999999998
277.25,0.9999999999999998
277.3,0.9999999999999998
277.35,0.9999999999999998
277.40000000000003,0.9999999999999998
277.45,0.9999999999999998
277.5,0.9999999999999998
277.55,0.9999999999999998
277.6,0.9999999999999998
277.65000000000003,0.9999999999999998
277.7,0.9999999999999998
277.75,0.9999999999999998
277.8,0.9999999999999998
277.85,0.9999999999999998
277.90000000000003,0.9999999999999998
277.95,0.9999999999999998
278.0,0.9999999999999998
278.05,0.9999999999999998
278.1,0.9999999999999998
278.15000000000003,0.9999999999999998
278.2,0.9999999999999998
278.25,0.9999999999999998
278.3,0.9999999999999998
278.35,0.9999999999999998
278.40000000000003,0.9999999999999998
278.45,0.9999999999999998
278.5,0.9999999999999998
278.55,0.9999999999999998
278.6,0.9999999999999998
278.65000000000003,0.9999999999999998
278.7,0.9999999999999998
278.75,0.9999999999999998
278.8,0.9999999999999998
278.85,0.9999999999999998
278.90000000000003,0.9999999999999998
278.95,0.9999999999999998
279.0,0.9999999999999998
279.05,0.9999999999999998
279.1,0.9999999999999998
279.15000000000003,0.9999999999999998
279.2,0.9999999999999998
279.25,0.9999999999999998
279.3,0.9999999999999998
279.35,0.9999999999999998
279.40000000000003,0.9999999999999998
279.45,0.9999999999999998
279.5,0.9999999999999998
279.55,0.9999999999999998
279.6,0.9999999999999998
279.65000000000003,0.9999999999999998
279.7,0.9999999999999998
279.75,0.9999999999999998
279.8,0.9999999999999998
279.85,0.9999999999999998
279.90000000000003,0.9999999999999998
279.95,0.9999999999999998
280.0,0.9999999999999998
280.05,0.9999999999999998
280.1,0.9999999999999998
280.15000000000003,0.9999999999999998
280.2,0.9999999999999998
280.25,0.9999999999999998
280.3,0.9999999999999998
280.35,0.9999999999999998
280.40000000000003,0.9999999999999998
280.45,0.9999999999999998
280.5,0.9999999999999998
280.55,0.9999999999999998
280.6,0.9999999999999998
280.65000000000003,0.9999999999999998
280.7,0.9999999999999998
280.75,0.9999999999999998
280.8,0.9999999999999998
280.85,0.9999999999999998
280.90000000000003,0.9999999999999998
280.95,0.9999999999999998
281.0,0.9999999999999998
281.05,0.9999999999999998
281.1,0.9999999999999998
281.15000000000003,0.9999999999999998
281.2,0.9999999999999998
281.25,0.9999999999999998
281.3,0.9999999999999998
281.35,0.9999999999999998
281.40000000000003,0.9999999999999998
281.45,0.9999999999999998
281.5,0.9999999999999998
281.55,0.9999999999999998
281.6,0.9999999999999998
281.65000000000003,0.9999999999999998
281.7,0.9999999999999998
281.75,0.9999999999999998
281.8,0.9999999999999998
281.85,0.9999999999999998
281.90000000000003,0.9999999999999998
281.95,0.9999999999999998
282.0,0.9999999999999998
282.05,0.9999999999999998
282.1,0.9999999999999998
282.15000000000003,0.9999999999999998
282.2,0.9999999999999998
282.25,0.9999999999999998
282.3,0.9999999999999998
282.35,0.9999999999999998
282.40000000000003,0.9999999999999998
282.45,0.9999999999999998
282.5,0.9999999999999998
282.55,0.9999999999999998
282.6,0.9999999999999998
282.65000000000003,0.9999999999999998
282.7,0.9999999999999998
282.75,0.9999999999999998
282.8,0.9999999999999998
282.85,0.9999999999999998
282.90000000000003,0.9999999999999998
282.95,0.9999999999999998
283.0,0.9999999999999998
283.05,0.9999999999999998
283.1,0.9999999999999998
283.15000000000003,0.9999999999999998
283.2,0.9999999999999998
283.25,0.9999999999999998
283.3,0.9999999999999998
283.35,0.9999999999999998
283.40000000000003,0.9999999999999998
283.45,0.9999999999999998
283.5,0.9999999999999998
283.55,0.9999999999999998
283.6,0.9999999999999998
283.65000000000003,0.9999999999999998
283.7,0.9999999999999998
283.75,0.9999999999999998
283.8,0.9999999999999998
283.85,0.9999999999999998
283.90000000000003,0.9999999999999998
283.95,0.9999999999999998
284.0,0.9999999999999998
284.05,0.9999999999999998
284.1,0.9999999999999998
284.15000000000003,0.9999999999999998
284.2,0.9999999999999998
284.25,0.9999999999999998
284.3,0.9999999999999998
284.35,0.9999999999999998
284.40000000000003,0.9999999999999998
284.45,0.9999999999999998
284.5,0.9999999999999998
284.55,0.9999999999999998
284.6,0.9999999999999998
284.65000000000003,0.9999999999999998
284.7,0.9999999999999998
284.75,0.9999999999999998
284.8,0.9999999999999998
284.85,0.9999999999999998
284.90000000000003,0.9999999999999998
284.95,0.9999999999999998
285.0,0.9999999999999998
285.05,0.9999999999999998
285.1,0.9999999999999998
285.15000000000003,0.9999999999999998
285.2,0.9999999999999998
285.25,0.9999999999999998
285.3,0.9999999999999998
285.35,0.9999999999999998
285.40000000000003,0.9999999999999998
285.45,0.9999999999999998
285.5,0.9999999999999998
285.55,0.9999999999999998
285.6,0.9999999999999998
285.65000000000003,0.9999999999999998
285.7,0.9999999999999998
285.75,0.9999999999999998
285.8,0.9999999999999998
285.85,0.9999999999999998
285.90000000000003,0.9999999999999998
285.95,0.9999999999999998
286.0,0.9999999999999998
286.05,0.9999999999999998
286.1,0.9999999999999998
286.15000000000003,0.9999999999999998
286.2,0.9999999999999998
286.25,0.9999999999999998
286.3,0.9999999999999998
286.35,0.9999999999999998
286.40000000000003,0.9999999999999998
286.45,0.9999999999999998
286.5,0.9999999999999998
286.55,0.9999999999999998
286.6,0.9999999999999998
286.65000000000003,0.9999999999999998
286.7,0.9999999999999998
286.75,0.9999999999999998
286.8,0.9999999999999998
286.85,0.9999999999999998
286.90000000000003,0.9999999999999998
286.95,0.9999999999999998
287.0,0.9999999999999998
287.05,0.9999999999999998
287.1,0.9999999999999998
287.15000000000003,0.9999999999999998
287.2,0.9999999999999998
287.25,0.9999999999999998
287.3,0.9999999999999998
287.35,0.9999999999999998
287.40000000000003,0.9999999999999998
287.45,0.9999999999999998
287.5,0.9999999999999998
287.55,0.9999999999999998
287.6,0.9999999999999998
287.65000000000003,0.9999999999999998
287.7,0.9999999999999998
287.75,0.9999999999999998
287.8,0.9999999999999998
287.85,0.9999999999999998
287.90000000000003,0.9999999999999998
287.95,0.9999999999999998
288.0,0.9999999999999998
288.05,0.9999999999999998
288.1,0.9999999999999998
288.15000000000003,0.9999999999999998
288.2,0.9999999999999998
288.25,0.9999999999999998
288.3,0.9999999999999998
288.35,0.9999999999999998
288.40000000000003,0.9999999999999998
288.45,0.9999999999999998
288.5,0.9999999999999998
288.55,0.9999999999999998
288.6,0.9999999999999998
288.65000000000003,0.9999999999999998
288.7,0.9999999999999998
288.75,0.9999999999999998
288.8,0.9999999999999998
288.85,0.9999999999999998
288.90000000000003,0.9999999999999998
288.95,0.9999999999999998
289.0,0.9999999999999998
289.05,0.9999999999999998
289.1,0.9999999999999998
289.15000000000003,0.9999999999999998
289.2,0.9999999999999998
289.25,0.9999999999999998
289.3,0.9999999999999998
289.35,0.9999999999999998
289.40000000000003,0.9999999999999998
289.45,0.9999999999999998
289.5,0.9999999999999998
289.55,0.9999999999999998
289.6,0.9999999999999998
289.65000000000003,0.9999999999999998
289.7,0.9999999999999998
289.75,0.9999999999999998
289.8,0.9999999999999998
289.85,0.9999999999999998
289.90000000000003,0.9999999999999998
289.95,0.9999999999999998
290.0,0.9999999999999998
290.05,0.9999999999999998
290.1,0.9999999999999998
290.15000000000003,0.9999999999999998
290.2,0.9999999999999998
290.25,0.9999999999999998
290.3,0.9999999999999998
290.35,0.9999999999999998
290.40000000000003,0.9999999999999998
290.45,0.9999999999999998
290.5,0.9999999999999998
290.55,0.9999999999999998
290.6,0.9999999999999998
290.65000000000003,0.9999999999999998
290.7,0.9999999999999998
290.75,0.9999999999999998
290.8,0.9999999999999998
290.85,0.9999999999999998
290.90000000000003,0.9999999999999998
290.95,0.9999999999999998
291.0,0.9999999999999998
291.05,0.9999999999999998
291.1,0.9999999999999998
291.15000000000003,0.9999999999999998
291.2,0.9999999999999998
291.25,0.9999999999999998
291.3,0.9999999999999998
291.35,0.9999999999999998
291.40000000000003,0.9999999999999998
291.45,0.9999999999999998
291.5,0.9999999999999998
291.55,0.9999999999999998
291.6,0.9999999999999998
291.65000000000003,0.9999999999999998
291.7,0.9999999999999998
291.75,0.9999999999999998
291.8,0.9999999999999998
291.85,0.9999999999999998
291.90000000000003,0.9999999999999998
291.95,0.9999999999999998
292.0,0.9999999999999998
292.05,0.9999999999999998
292.1,0.9999999999999998
292.15000000000003,0.9999999999999998
292.2,0.9999999999999998
292.25,0.9999999999999998
292.3,0.9999999999999998
292.35,0.9999999999999998
292.40000000000003,0.9999999999999998
292.45,0.9999999999999998
292.5,0.9999999999999998
292.55,0.9999999999999998
292.6,0.9999999999999998
292.65000000000003,0.9999999999999998
292.7,0.9999999999999998
292.75,0.9999999999999998
292.8,0.9999999999999998
292.85,0.9999999999999998
292.90000000000003,0.9999999999999998
292.95,0.9999999999999998
293.0,0.9999999999999998
293.05,0.9999999999999998
293.1,0.9999999999999998
293.15000000000003,0.9999999999999998
293.2,0.9999999999999998
293.25,0.9999999999999998
293.3,0.9999999999999998
293.35,0.9999999999999998
293.40000000000003,0.9999999999999998
293.45,0.9999999999999998
293.5,0.9999999999999998
293.55,0.9999999999999998
293.6,0.9999999999999998
293.65000000000003,0.9999999999999998
293.7,0.9999999999999998
293.75,0.9999999999999998
293.8,0.9999999999999998
293.85,0.9999999999999998
293.90000000000003,0.9999999999999998
293.95,0.9999999999999998
294.0,0.9999999999999998
294.05,0.9999999999999998
294.1,0.9999999999999998
294.15000000000003,0.9999999999999998
294.2,0.9999999999999998
294.25,0.9999999999999998
294.3,0.9999999999999998
294.35,0.9999999999999998
294.40000000000003,0.9999999999999998
294.45,0.9999999999999998
294.5,0.9999999999999998
294.55,0.9999999999999998
294.6,0.9999999999999998
294.65000000000003,0.9999999999999998
294.7,0.9999999999999998
294.75,0.9999999999999998
294.8,0.9999999999999998
294.85,0.9999999999999998
294.90000000000003,0.9999999999999998
294.95,0.9999999999999998
295.0,0.9999999999999998
295.05,0.9999999999999998
295.1,0.9999999999999998
295.15000000000003,0.9999999999999998
295.2,0.9999999999999998
295.25,0.9999999999999998
295.3,0.9999999999999998
295.35,0.9999999999999998
295.40000000000003,0.9999999999999998
295.45,0.9999999999999998
295.5,0.9999999999999998
295.55,0.9999999999999998
295.6,0.9999999999999998
295.65000000000003,0.9999999999999998
295.7,0.9999999999999998
295.75,0.9999999999999998
295.8,0.9999999999999998
295.85,0.9999999999999998
295.90000000000003,0.9999999999999998
295.95,0.9999999999999998
296.0,0.9999999999999998
296.05,0.9999999999999998
296.1,0.9999999999999998
296.15000000000003,0.9999999999999998
296.2,0.9999999999999998
296.25,0.9999999999999998
296.3,0.9999999999999998
296.35,0.9999999999999998
296.40000000000003,0.9999999999999998
296.45,0.9999999999999998
296.5,0.9999999999999998
296.55,0.9999999999999998
296.6,0.9999999999999998
296.65000000000003,0.9999999999999998
296.7,0.9999999999999998
296.75,0.9999999999999998
296.8,0.9999999999999998
296.85,0.9999999999999998
296.90000000000003,0.9999999999999998
296.95,0.9999999999999998
297.0,0.9999999999999998
297.05,0.9999999999999998
297.1,0.9999999999999998
297.15000000000003,0.9999999999999998
297.2,0.9999999999999998
297.25,0.9999999999999998
297.3,0.9999999999999998
297.35,0.9999999999999998
297.40000000000003,0.9999999999999998
297.45,0.9999999999999998
297.5,0.9999999999999998
297.55,0.9999999999999998
297.6,0.9999999999999998
297.65000000000003,0.9999999999999998
297.7,0.9999999999999998
297.75,0.9999999999999998
297.8,0.9999999999999998
297.85,0.9999999999999998
297.90000000000003,0.9999999999999998
297.95,0.9999999999999998
298.0,0.9999999999999998
298.05,0.9999999999999998
298.1,0.9999999999999998
298.15000000000003,0.9999999999999998
298.2,0.9999999999999998
298.25,0.9999999999999998
298.3,0.9999999999999998
298.35,0.9999999999999998
298.40000000000003,0.9999999999999998
298.45,0.9999999999999998
298.5,0.9999999999999998
298.55,0.9999999999999998
298.6,0.9999999999999998
298.65000000000003,0.9999999999999998
298.7,0.9999999999999998
298.75,0.9999999999999998
298.8,0.9999999999999998
298.85,0.9999999999999998
298.90000000000003,0.9999999999999998
298.95,0.9999999999999998
299.0,0.9999999999999998
299.05,0.9999999999999998
299.1,0.9999999999999998
299.15000000000003,0.9999999999999998
299.2,0.9999999999999998
299.25,0.9999999999999998
299.3,0.9999999999999998
299.35,0.9999999999999998
299.40000000000003,0.9999999999999998
299.45,0.9999999999999998
299.5,0.9999999999999998
299.55,0.9999999999999998
299.6,0.9999999999999998
299.65000000000003,0.9999999999999998
299.7,0.9999999999999998
299.75,0.9999999999999998
299.8,0.9999999999999998
299.85,0.9999999999999998
299.90000000000003,0.9999999999999998
299.95,0.9999999999999998
300.0,0.9999999999999998
300.05,0.9999999999999998
300.1,0.9999999999999998
300.15000000000003,0.9999999999999998
300.2,0.9999999999999998
300.25,0.9999999999999998
300.3,0.9999999999999998
300.35,0.9999999999999998
300.40000000000003,0.9999999999999998
300.45,0.9999999999999998
300.5,0.9999999999999998
300.55,0.9999999999999998
300.6,0.9999999999999998
300.65000000000003,0.9999999999999998
300.7,0.9999999999999998
300.75,0.9999999999999998
300.8,0.9999999999999998
300.85,0.9999999999999998
300.90000000000003,0.9999999999999998
300.95,0.9999999999999998
301.0,0.9999999999999998
301.05,0.9999999999999998
301.1,0.9999999999999998
301.15000000000003,0.9999999999999998
301.2,0.9999999999999998
301.25,0.9999999999999998
301.3,0.9999999999999998
301.35,0.9999999999999998
301.40000000000003,0.9999999999999998
301.45,0.9999999999999998
301.5,0.9999999999999998
301.55,0.9999999999999998
301.6,0.9999999999999998
301.65000000000003,0.9999999999999998
301.7,0.9999999999999998
301.75,0.9999999999999998
301.8,0.9999999999999998
301.85,0.9999999999999998
301.90000000000003,0.9999999999999998
301.95,0.9999999999999998
302.0,0.9999999999999998
302.05,0.9999999999999998
302.1,0.9999999999999998
302.15000000000003,0.9999999999999998
302.2,0.9999999999999998
302.25,0.9999999999999998
302.3,0.9999999999999998
302.35,0.9999999999999998
302.40000000000003,0.9999999999999998
302.45,0.9999999999999998
302.5,0.9999999999999998
302.55,0.9999999999999998
302.6,0.9999999999999998
302.65000000000003,0.9999999999999998
302.7,0.9999999999999998
302.75,0.9999999999999998
302.8,0.9999999999999998
302.85,0.9999999999999998
302.90000000000003,0.9999999999999998
302.95,0.9999999999999998
303.0,0.9999999999999998
303.05,0.9999999999999998
303.1,0.9999999999999998
303.15000000000003,0.9999999999999998
303.2,0.9999999999999998
303.25,0.9999999999999998
303.3,0.9999999999999998
303.35,0.9999999999999998
303.40000000000003,0.9999999999999998
303.45,0.9999999999999998
303.5,0.9999999999999998
303.55,0.9999999999999998
303.6,0.9999999999999998
303.65000000000003,0.9999999999999998
303.7,0.9999999999999998
303.75,0.9999999999999998
303.8,0.9999999999999998
303.85,0.9999999999999998
303.90000000000003,0.9999999999999998
303.95,0.9999999999999998
304.0,0.9999999999999998
304.05,0.9999999999999998
304.1,0.9999999999999998
304.15000000000003,0.9999999999999998
304.2,0.9999999999999998
304.25,0.9999999999999998
304.3,0.9999999999999998
304.35,0.9999999999999998
304.40000000000003,0.9999999999999998
304.45,0.9999999999999998
304.5,0.9999999999999998
304.55,0.9999999999999998
304.6,0.9999999999999998
304.65000000000003,0.9999999999999998
304.7,0.9999999999999998
304.75,0.9999999999999998
304.8,0.9999999999999998
304.85,0.9999999999999998
304.90000000000003,0.9999999999999998
304.95,0.9999999999999998
305.0,0.9999999999999998
305.05,0.9999999999999998
305.1,0.9999999999999998
305.15000000000003,0.9999999999999998
305.2,0.9999999999999998
305.25,0.9999999999999998
305.3,0.9999999999999998
305.35,0.9999999999999998
305.40000000000003,0.9999999999999998
305.45,0.9999999999999998
305.5,0.9999999999999998
305.55,0.9999999999999998
305.6,0.9999999999999998
305.65000000000003,0.9999999999999998
305.7,0.9999999999999998
305.75,0.9999999999999998
305.8,0.9999999999999998
305.85,0.9999999999999998
305.90000000000003,0.9999999999999998
305.95,0.9999999999999998
306.0,0.9999999999999998
306.05,0.9999999999999998
306.1,0.9999999999999998
306.15000000000003,0.9999999999999998
306.2,0.9999999999999998
306.25,0.9999999999999998
306.3,0.9999999999999998
306.35,0.9999999999999998
306.40000000000003,0.9999999999999998
306.45,0.9999999999999998
306.5,0.9999999999999998
306.55,0.9999999999999998
306.6,0.9999999999999998
306.65000000000003,0.9999999999999998
306.7,0.9999999999999998
306.75,0.9999999999999998
306.8,0.9999999999999998
306.85,0.9999999999999998
306.90000000000003,0.9999999999999998
306.95,0.9999999999999998
307.0,0.9999999999999998
307.05,0.9999999999999998
307.1,0.9999999999999998
307.15000000000003,0.9999999999999998
307.20000000000005,0.9999999999999998
307.25,0.9999999999999998
307.3,0.9999999999999998
307.35,0.9999999999999998
307.40000000000003,0.9999999999999998
307.45000000000005,0.9999999999999998
307.5,0.9999999999999998
307.55,0.9999999999999998
307.6,0.9999999999999998
307.65000000000003,0.9999999999999998
307.70000000000005,0.9999999999999998
307.75,0.9999999999999998
307.8,0.9999999999999998
307.85,0.9999999999999998
307.90000000000003,0.9999999999999998
307.95000000000005,0.9999999999999998
308.0,0.9999999999999998
308.05,0.9999999999999998
308.1,0.9999999999999998
308.15000000000003,0.9999999999999998
308.20000000000005,0.9999999999999998
308.25,0.9999999999999998
308.3,0.9999999999999998
308.35,0.9999999999999998
308.40000000000003,0.9999999999999998
308.45000000000005,0.9999999999999998
308.5,0.9999999999999998
308.55,0.9999999999999998
308.6,0.9999999999999998
308.65000000000003,0.9999999999999998
308.70000000000005,0.9999999999999998
308.75,0.9999999999999998
308.8,0.9999999999999998
308.85,0.9999999999999998
308.90000000000003,0.9999999999999998
308.95000000000005,0.9999999999999998
309.0,0.9999999999999998
309.05,0.9999999999999998
309.1,0.9999999999999998
309.15000000000003,0.9999999999999998
309.20000000000005,0.9999999999999998
309.25,0.9999999999999998
309.3,0.9999999999999998
309.35,0.9999999999999998
309.40000000000003,0.9999999999999998
309.45000000000005,0.9999999999999998
309.5,0.9999999999999998
309.55,0.9999999999999998
309.6,0.9999999999999998
309.65000000000003,0.9999999999999998
309.70000000000005,0.9999999999999998
309.75,0.9999999999999998
309.8,0.9999999999999998
309.85,0.9999999999999998
309.90000000000003,0.9999999999999998
309.95000000000005,0.9999999999999998
310.0,0.9999999999999998
310.05,0.9999999999999998
310.1,0.9999999999999998
310.15000000000003,0.9999999999999998
310.20000000000005,0.9999999999999998
310.25,0.9999999999999998
310.3,0.9999999999999998
310.35,0.9999999999999998
310.40000000000003,0.9999999999999998
310.45000000000005,0.9999999999999998
310.5,0.9999999999999998
310.55,0.9999999999999998
310.6,0.9999999999999998
310.65000000000003,0.9999999999999998
310.70000000000005,0.9999999999999998
310.75,0.9999999999999998
310.8,0.9999999999999998
310.85,0.9999999999999998
310.90000000000003,0.9999999999999998
310.95000000000005,0.9999999999999998
311.0,0.9999999999999998
311.05,0.9999999999999998
311.1,0.9999999999999998
311.15000000000003,0.9999999999999998
311.20000000000005,0.9999999999999998
311.25,0.9999999999999998
311.3,0.9999999999999998
311.35,0.9999999999999998
311.40000000000003,0.9999999999999998
311.45000000000005,0.9999999999999998
311.5,0.9999999999999998
311.55,0.9999999999999998
311.6,0.9999999999999998
311.65000000000003,0.9999999999999998
311.70000000000005,0.9999999999999998
311.75,0.9999999999999998
311.8,0.9999999999999998
311.85,0.9999999999999998
311.90000000000003,0.9999999999999998
311.95000000000005,0.9999999999999998
312.0,0.9999999999999998
312.05,0.9999999999999998
312.1,0.9999999999999998
312.15000000000003,0.9999999999999998
312.20000000000005,0.9999999999999998
312.25,0.9999999999999998
312.3,0.9999999999999998
312.35,0.9999999999999998
312.40000000000003,0.9999999999999998
312.45000000000005,0.9999999999999998
312.5,0.9999999999999998
312.55,0.9999999999999998
312.6,0.9999999999999998
312.65000000000003,0.9999999999999998
312.70000000000005,0.9999999999999998
312.75,0.9999999999999998
312.8,0.9999999999999998
312.85,0.9999999999999998
312.90000000000003,0.9999999999999998
312.95000000000005,0.9999999999999998
313.0,0.9999999999999998
313.05,0.9999999999999998
313.1,0.9999999999999998
313.15000000000003,0.9999999999999998
313.20000000000005,0.9999999999999998
313.25,0.9999999999999998
313.3,0.9999999999999998
313.35,0.9999999999999998
313.40000000000003,0.9999999999999998
313.45000000000005,0.9999999999999998
313.5,0.9999999999999998
313.55,0.9999999999999998
313.6,0.9999999999999998
313.65000000000003,0.9999999999999998
313.70000000000005,0.9999999999999998
313.75,0.9999999999999998
313.8,0.9999999999999998
313.85,0.9999999999999998
313.90000000000003,0.9999999999999998
313.95000000000005,0.9999999999999998
314.0,0.9999999999999998
314.05,0.9999999999999998
314.1,0.9999999999999998
314.15000000000003,0.9999999999999998
314.20000000000005,0.9999999999999998
314.25,0.9999999999999998
314.3,0.9999999999999998
314.35,0.9999999999999998
314.40000000000003,0.9999999999999998
314.45000000000005,0.9999999999999998
314.5,0.9999999999999998
314.55,0.9999999999999998
314.6,0.9999999999999998
314.65000000000003,0.9999999999999998
314.70000000000005,0.9999999999999998
314.75,0.9999999999999998
314.8,0.9999999999999998
314.85,0.9999999999999998
314.90000000000003,0.9999999999999998
314.95000000000005,0.9999999999999998
315.0,0.9999999999999998
315.05,0.9999999999999998
315.1,0.9999999999999998
315.15000000000003,0.9999999999999998
315.20000000000005,0.9999999999999998
315.25,0.9999999999999998
315.3,0.9999999999999998
315.35,0.9999999999999998
315.40000000000003,0.9999999999999998
315.45000000000005,0.9999999999999998
315.5,0.9999999999999998
315.55,0.9999999999999998
315.6,0.9999999999999998
315.65000000000003,0.9999999999999998
315.70000000000005,0.9999999999999998
315.75,0.9999999999999998
315.8,0.9999999999999998
315.85,0.9999999999999998
315.90000000000003,0.9999999999999998
315.95000000000005,0.9999999999999998
316.0,0.9999999999999998
316.05,0.9999999999999998
316.1,0.9999999999999998
316.15000000000003,0.9999999999999998
316.20000000000005,0.9999999999999998
316.25,0.9999999999999998
316.3,0.9999999999999998
316.35,0.9999999999999998
316.40000000000003,0.9999999999999998
316.45000000000005,0.9999999999999998
316.5,0.9999999999999998
316.55,0.9999999999999998
316.6,0.9999999999999998
316.65000000000003,0.9999999999999998
316.70000000000005,0.9999999999999998
316.75,0.9999999999999998
316.8,0.9999999999999998
316.85,0.9999999999999998
316.90000000000003,0.9999999999999998
316.95000000000005,0.9999999999999998
317.0,0.9999999999999998
317.05,0.9999999999999998
317.1,0.9999999999999998
317.15000000000003,0.9999999999999998
317.20000000000005,0.9999999999999998
317.25,0.9999999999999998
317.3,0.9999999999999998
317.35,0.9999999999999998
317.40000000000003,0.9999999999999998
317.45000000000005,0.9999999999999998
317.5,0.9999999999999998
317.55,0.9999999999999998
317.6,0.9999999999999998
317.65000000000003,0.9999999999999998
317.70000000000005,0.9999999999999998
317.75,0.9999999999999998
317.8,0.9999999999999998
317.85,0.9999999999999998
317.90000000000003,0.9999999999999998
317.95000000000005,0.9999999999999998
318.0,0.9999999999999998
318.05,0.9999999999999998
318.1,0.9999999999999998
318.15000000000003,0.9999999999999998
318.20000000000005,0.9999999999999998
318.25,0.9999999999999998
318.3,0.9999999999999998
318.35,0.9999999999999998
318.40000000000003,0.9999999999999998
318.45000000000005,0.9999999999999998
318.5,0.9999999999999998
318.55,0.9999999999999998
318.6,0.9999999999999998
318.65000000000003,0.9999999999999998
318.70000000000005,0.9999999999999998
318.75,0.9999999999999998
318.8,0.9999999999999998
318.85,0.9999999999999998
318.90000000000003,0.9999999999999998
318.95000000000005,0.9999999999999998
319.0,0.9999999999999998
319.05,0.9999999999999998
319.1,0.9999999999999998
319.15000000000003,0.9999999999999998
319.20000000000005,0.9999999999999998
319.25,0.9999999999999998
319.3,0.9999999999999998
319.35,0.9999999999999998
319.40000000000003,0.9999999999999998
319.45000000000005,0.9999999999999998
319.5,0.9999999999999998
319.55,0.9999999999999998
319.6,0.9999999999999998
319.65000000000003,0.9999999999999998
319.70000000000005,0.9999999999999998
319.75,0.9999999999999998
319.8,0.9999999999999998
319.85,0.9999999999999998
319.90000000000003,0.9999999999999998
319.95000000000005,0.9999999999999998
320.0,0.9999999999999998
320.05,0.9999999999999998
320.1,0.9999999999999998
320.15000000000003,0.9999999999999998
320.20000000000005,0.9999999999999998
320.25,0.9999999999999998
320.3,0.9999999999999998
320.35,0.9999999999999998
320.40000000000003,0.9999999999999998
320.45000000000005,0.9999999999999998
320.5,0.9999999999999998
320.55,0.9999999999999998
320.6,0.9999999999999998
320.65000000000003,0.9999999999999998
320.70000000000005,0.9999999999999998
320.75,0.9999999999999998
320.8,0.9999999999999998
320.85,0.9999999999999998
320.90000000000003,0.9999999999999998
320.95000000000005,0.9999999999999998
321.0,0.9999999999999998
321.05,0.9999999999999998
321.1,0.9999999999999998
321.15000000000003,0.9999999999999998
321.20000000000005,0.9999999999999998
321.25,0.9999999999999998
321.3,0.9999999999999998
321.35,0.9999999999999998
321.40000000000003,0.9999999999999998
321.45000000000005,0.9999999999999998
321.5,0.9999999999999998
321.55,0.9999999999999998
321.6,0.9999999999999998
321.65000000000003,0.9999999999999998
321.70000000000005,0.9999999999999998
321.75,0.9999999999999998
321.8,0.9999999999999998
321.85,0.9999999999999998
321.90000000000003,0.9999999999999998
321.95000000000005,0.9999999999999998
322.0,0.9999999999999998
322.05,0.9999999999999998
322.1,0.9999999999999998
322.15000000000003,0.9999999999999998
322.20000000000005,0.9999999999999998
322.25,0.9999999999999998
322.3,0.9999999999999998
322.35,0.9999999999999998
322.40000000000003,0.9999999999999998
322.45000000000005,0.9999999999999998
322.5,0.9999999999999998
322.55,0.9999999999999998
322.6,0.9999999999999998
322.65000000000003,0.9999999999999998
322.70000000000005,0.9999999999999998
322.75,0.9999999999999998
322.8,0.9999999999999998
322.85,0.9999999999999998
322.90000000000003,0.9999999999999998
322.95000000000005,0.9999999999999998
323.0,0.9999999999999998
323.05,0.9999999999999998
323.1,0.9999999999999998
323.15000000000003,0.9999999999999998
323.20000000000005,0.9999999999999998
323.25,0.9999999999999998
323.3,0.9999999999999998
323.35,0.9999999999999998
323.40000000000003,0.9999999999999998
323.45000000000005,0.9999999999999998
323.5,0.9999999999999998
323.55,0.9999999999999998
323.6,0.9999999999999998
323.65000000000003,0.9999999999999998
323.70000000000005,0.9999999999999998
323.75,0.9999999999999998
323.8,0.9999999999999998
323.85,0.9999999999999998
323.90000000000003,0.9999999999999998
323.95000000000005,0.9999999999999998
324.0,0.9999999999999998
324.05,0.9999999999999998
324.1,0.9999999999999998
324.15000000000003,0.9999999999999998
324.20000000000005,0.9999999999999998
324.25,0.9999999999999998
324.3,0.9999999999999998
324.35,0.9999999999999998
324.40000000000003,0.9999999999999998
324.45000000000005,0.9999999999999998
324.5,0.9999999999999998
324.55,0.9999999999999998
324.6,0.9999999999999998
324.65000000000003,0.9999999999999998
324.70000000000005,0.9999999999999998
324.75,0.9999999999999998
324.8,0.9999999999999998
324.85,0.9999999999999998
324.90000000000003,0.9999999999999998
324.95000000000005,0.9999999999999998
325.0,0.9999999999999998
325.05,0.9999999999999998
325.1,0.9999999999999998
325.15000000000003,0.9999999999999998
325.20000000000005,0.9999999999999998
325.25,0.9999999999999998
325.3,0.9999999999999998
325.35,0.9999999999999998
325.40000000000003,0.9999999999999998
325.45000000000005,0.9999999999999998
325.5,0.9999999999999998
325.55,0.9999999999999998
325.6,0.9999999999999998
325.65000000000003,0.9999999999999998
325.70000000000005,0.9999999999999998
325.75,0.9999999999999998
325.8,0.9999999999999998
325.85,0.9999999999999998
325.90000000000003,0.9999999999999998
325.95000000000005,0.9999999999999998
326.0,0.9999999999999998
326.05,0.9999999999999998
326.1,0.9999999999999998
326.15000000000003,0.9999999999999998
326.20000000000005,0.9999999999999998
326.25,0.9999999999999998
326.3,0.9999999999999998
326.35,0.9999999999999998
326.40000000000003,0.9999999999999998
326.45000000000005,0.9999999999999998
326.5,0.9999999999999998
326.55,0.9999999999999998
326.6,0.9999999999999998
326.65000000000003,0.9999999999999998
326.70000000000005,0.9999999999999998
326.75,0.9999999999999998
326.8,0.9999999999999998
326.85,0.9999999999999998
326.90000000000003,0.9999999999999998
326.95000000000005,0.9999999999999998
327.0,0.9999999999999998
327.05,0.9999999999999998
327.1,0.9999999999999998
327.15000000000003,0.9999999999999998
327.20000000000005,0.9999999999999998
327.25,0.9999999999999998
327.3,0.9999999999999998
327.35,0.9999999999999998
327.40000000000003,0.9999999999999998
327.45000000000005,0.9999999999999998
327.5,0.9999999999999998
327.55,0.9999999999999998
327.6,0.9999999999999998
327.65000000000003,0.9999999999999998
327.70000000000005,0.9999999999999998
327.75,0.9999999999999998
327.8,0.9999999999999998
327.85,0.9999999999999998
327.90000000000003,0.9999999999999998
327.95000000000005,0.9999999999999998
328.0,0.9999999999999998
328.05,0.9999999999999998
328.1,0.9999999999999998
328.15000000000003,0.9999999999999998
328.20000000000005,0.9999999999999998
328.25,0.9999999999999998
328.3,0.9999999999999998
328.35,0.9999999999999998
328.40000000000003,0.9999999999999998
328.45000000000005,0.9999999999999998
328.5,0.9999999999999998
328.55,0.9999999999999998
328.6,0.9999999999999998
328.65000000000003,0.9999999999999998
328.70000000000005,0.9999999999999998
328.75,0.9999999999999998
328.8,0.9999999999999998
328.85,0.9999999999999998
328.90000000000003,0.9999999999999998
328.95000000000005,0.9999999999999998
329.0,0.9999999999999998
329.05,0.9999999999999998
329.1,0.9999999999999998
329.15000000000003,0.9999999999999998
329.20000000000005,0.9999999999999998
329.25,0.9999999999999998
329.3,0.9999999999999998
329.35,0.9999999999999998
329.40000000000003,0.9999999999999998
329.45000000000005,0.9999999999999998
329.5,0.9999999999999998
329.55,0.9999999999999998
329.6,0.9999999999999998
329.65000000000003,0.9999999999999998
329.70000000000005,0.9999999999999998
329.75,0.9999999999999998
329.8,0.9999999999999998
329.85,0.9999999999999998
329.90000000000003,0.9999999999999998
329.95000000000005,0.9999999999999998
330.0,0.9999999999999998
330.05,0.9999999999999998
330.1,0.9999999999999998
330.15000000000003,0.9999999999999998
330.20000000000005,0.9999999999999998
330.25,0.9999999999999998
330.3,0.9999999999999998
330.35,0.9999999999999998
330.40000000000003,0.9999999999999998
330.45000000000005,0.9999999999999998
330.5,0.9999999999999998
330.55,0.9999999999999998
330.6,0.9999999999999998
330.65000000000003,0.9999999999999998
330.70000000000005,0.9999999999999998
330.75,0.9999999999999998
330.8,0.9999999999999998
330.85,0.9999999999999998
330.90000000000003,0.9999999999999998
330.95000000000005,0.9999999999999998
331.0,0.9999999999999998
331.05,0.9999999999999998
331.1,0.9999999999999998
331.15000000000003,0.9999999999999998
331.20000000000005,0.9999999999999998
331.25,0.9999999999999998
331.3,0.9999999999999998
331.35,0.9999999999999998
331.40000000000003,0.9999999999999998
331.45000000000005,0.9999999999999998
331.5,0.9999999999999998
331.55,0.9999999999999998
331.6,0.9999999999999998
331.65000000000003,0.9999999999999998
331.70000000000005,0.9999999999999998
331.75,0.9999999999999998
331.8,0.9999999999999998
331.85,0.9999999999999998
331.90000000000003,0.9999999999999998
331.95000000000005,0.9999999999999998
332.0,0.9999999999999998
332.05,0.9999999999999998
332.1,0.9999999999999998
332.15000000000003,0.9999999999999998
332.20000000000005,0.9999999999999998
332.25,0.9999999999999998
332.3,0.9999999999999998
332.35,0.9999999999999998
332.40000000000003,0.9999999999999998
332.45000000000005,0.9999999999999998
332.5,0.9999999999999998
332.55,0.9999999999999998
332.6,0.9999999999999998
332.65000000000003,0.9999999999999998
332.70000000000005,0.9999999999999998
332.75,0.9999999999999998
332.8,0.9999999999999998
332.85,0.9999999999999998
332.90000000000003,0.9999999999999998
332.95000000000005,0.9999999999999998
333.0,0.9999999999999998
333.05,0.9999999999999998
333.1,0.9999999999999998
333.15000000000003,0.9999999999999998
333.20000000000005,0.9999999999999998
333.25,0.9999999999999998
333.3,0.9999999999999998
333.35,0.9999999999999998
333.40000000000003,0.9999999999999998
333.45000000000005,0.9999999999999998
333.5,0.9999999999999998
333.55,0.9999999999999998
333.6,0.9999999999999998
333.65000000000003,0.9999999999999998
333.70000000000005,0.9999999999999998
333.75,0.9999999999999998
333.8,0.9999999999999998
333.85,0.9999999999999998
333.90000000000003,0.9999999999999998
333.95000000000005,0.9999999999999998
334.0,0.9999999999999998
334.05,0.9999999999999998
334.1,0.9999999999999998
334.15000000000003,0.9999999999999998
334.20000000000005,0.9999999999999998
334.25,0.9999999999999998
334.3,0.9999999999999998
334.35,0.9999999999999998
334.40000000000003,0.9999999999999998
334.45000000000005,0.9999999999999998
334.5,0.9999999999999998
334.55,0.9999999999999998
334.6,0.9999999999999998
334.65000000000003,0.9999999999999998
334.70000000000005,0.9999999999999998
334.75,0.9999999999999998
334.8,0.9999999999999998
334.85,0.9999999999999998
334.90000000000003,0.9999999999999998
334.95000000000005,0.9999999999999998
335.0,0.9999999999999998
335.05,0.9999999999999998
335.1,0.9999999999999998
335.15000000000003,0.9999999999999998
335.20000000000005,0.9999999999999998
335.25,0.9999999999999998
335.3,0.9999999999999998
335.35,0.9999999999999998
335.40000000000003,0.9999999999999998
335.45000000000005,0.9999999999999998
335.5,0.9999999999999998
335.55,0.9999999999999998
335.6,0.9999999999999998
335.65000000000003,0.9999999999999998
335.70000000000005,0.9999999999999998
335.75,0.9999999999999998
335.8,0.9999999999999998
335.85,0.9999999999999998
335.90000000000003,0.9999999999999998
335.95000000000005,0.9999999999999998
336.0,0.9999999999999998
336.05,0.9999999999999998
336.1,0.9999999999999998
336.15000000000003,0.9999999999999998
336.20000000000005,0.9999999999999998
336.25,0.9999999999999998
336.3,0.9999999999999998
336.35,0.9999999999999998
336.40000000000003,0.9999999999999998
336.45000000000005,0.9999999999999998
336.5,0.9999999999999998
336.55,0.9999999999999998
336.6,0.9999999999999998
336.65000000000003,0.9999999999999998
336.70000000000005,0.9999999999999998
336.75,0.9999999999999998
336.8,0.9999999999999998
336.85,0.9999999999999998
336.90000000000003,0.9999999999999998
336.95000000000005,0.9999999999999998
337.0,0.9999999999999998
337.05,0.9999999999999998
337.1,0.9999999999999998
337.15000000000003,0.9999999999999998
337.20000000000005,0.9999999999999998
337.25,0.9999999999999998
337.3,0.9999999999999998
337.35,0.9999999999999998
337.40000000000003,0.9999999999999998
337.45000000000005,0.9999999999999998
337.5,0.9999999999999998
337.55,0.9999999999999998
337.6,0.9999999999999998
337.65000000000003,0.9999999999999998
337.70000000000005,0.9999999999999998
337.75,0.9999999999999998
337.8,0.9999999999999998
337.85,0.9999999999999998
337.90000000000003,0.9999999999999998
337.95000000000005,0.9999999999999998
338.0,0.9999999999999998
338.05,0.9999999999999998
338.1,0.9999999999999998
338.15000000000003,0.9999999999999998
338.20000000000005,0.9999999999999998
338.25,0.9999999999999998
338.3,0.9999999999999998
338.35,0.9999999999999998
338.40000000000003,0.9999999999999998
338.45000000000005,0.9999999999999998
338.5,0.9999999999999998
338.55,0.9999999999999998
338.6,0.9999999999999998
338.65000000000003,0.9999999999999998
338.70000000000005,0.9999999999999998
338.75,0.9999999999999998
338.8,0.9999999999999998
338.85,0.9999999999999998
338.90000000000003,0.9999999999999998
338.95000000000005,0.9999999999999998
339.0,0.9999999999999998
339.05,0.9999999999999998
339.1,0.9999999999999998
339.15000000000003,0.9999999999999998
339.20000000000005,0.9999999999999998
339.25,0.9999999999999998
339.3,0.9999999999999998
339.35,0.9999999999999998
339.40000000000003,0.9999999999999998
339.45000000000005,0.9999999999999998
339.5,0.9999999999999998
339.55,0.9999999999999998
339.6,0.9999999999999998
339.65000000000003,0.9999999999999998
339.70000000000005,0.9999999999999998
339.75,0.9999999999999998
339.8,0.9999999999999998
339.85,0.9999999999999998
339.90000000000003,0.9999999999999998
339.95000000000005,0.9999999999999998
340.0,0.9999999999999998
340.05,0.9999999999999998
340.1,0.9999999999999998
340.15000000000003,0.9999999999999998
340.20000000000005,0.9999999999999998
340.25,0.9999999999999998
340.3,0.9999999999999998
340.35,0.9999999999999998
340.40000000000003,0.9999999999999998
340.45000000000005,0.9999999999999998
340.5,0.9999999999999998
340.55,0.9999999999999998
340.6,0.9999999999999998
340.65000000000003,0.9999999999999998
340.70000000000005,0.9999999999999998
340.75,0.9999999999999998
340.8,0.9999999999999998
340.85,0.9999999999999998
340.90000000000003,0.9999999999999998
340.95000000000005,0.9999999999999998
341.0,0.9999999999999998
341.05,0.9999999999999998
341.1,0.9999999999999998
341.15000000000003,0.9999999999999998
341.20000000000005,0.9999999999999998
341.25,0.9999999999999998
341.3,0.9999999999999998
341.35,0.9999999999999998
341.40000000000003,0.9999999999999998
341.45000000000005,0.9999999999999998
341.5,0.9999999999999998
341.55,0.9999999999999998
341.6,0.9999999999999998
341.65000000000003,0.9999999999999998
341.70000000000005,0.9999999999999998
341.75,0.9999999999999998
341.8,0.9999999999999998
341.85,0.9999999999999998
341.90000000000003,0.9999999999999998
341.95000000000005,0.9999999999999998
342.0,0.9999999999999998
342.05,0.9999999999999998
342.1,0.9999999999999998
342.15000000000003,0.9999999999999998
342.20000000000005,0.9999999999999998
342.25,0.9999999999999998
342.3,0.9999999999999998
342.35,0.9999999999999998
342.40000000000003,0.9999999999999998
342.45000000000005,0.9999999999999998
342.5,0.9999999999999998
342.55,0.9999999999999998
342.6,0.9999999999999998
342.65000000000003,0.9999999999999998
342.70000000000005,0.9999999999999998
342.75,0.9999999999999998
342.8,0.9999999999999998
342.85,0.9999999999999998
342.90000000000003,0.9999999999999998
342.95000000000005,0.9999999999999998
343.0,0.9999999999999998
343.05,0.9999999999999998
343.1,0.9999999999999998
343.15000000000003,0.9999999999999998
343.20000000000005,0.9999999999999998
343.25,0.9999999999999998
343.3,0.9999999999999998
343.35,0.9999999999999998
343.40000000000003,0.9999999999999998
343.45000000000005,0.9999999999999998
343.5,0.9999999999999998
343.55,0.9999999999999998
343.6,0.9999999999999998
343.65000000000003,0.9999999999999998
343.70000000000005,0.9999999999999998
343.75,0.9999999999999998
343.8,0.9999999999999998
343.85,0.9999999999999998
343.90000000000003,0.9999999999999998
343.95000000000005,0.9999999999999998
344.0,0.9999999999999998
344.05,0.9999999999999998
344.1,0.9999999999999998
344.15000000000003,0.9999999999999998
344.20000000000005,0.9999999999999998
344.25,0.9999999999999998
344.3,0.9999999999999998
344.35,0.9999999999999998
344.40000000000003,0.9999999999999998
344.45000000000005,0.9999999999999998
344.5,0.9999999999999998
344.55,0.9999999999999998
344.6,0.9999999999999998
344.65000000000003,0.9999999999999998
344.70000000000005,0.9999999999999998
344.75,0.9999999999999998
344.8,0.9999999999999998
344.85,0.9999999999999998
344.90000000000003,0.9999999999999998
344.95000000000005,0.9999999999999998
345.0,0.9999999999999998
345.05,0.9999999999999998
345.1,0.9999999999999998
345.15000000000003,0.9999999999999998
345.20000000000005,0.9999999999999998
345.25,0.9999999999999998
345.3,0.9999999999999998
345.35,0.9999999999999998
345.40000000000003,0.9999999999999998
345.45000000000005,0.9999999999999998
345.5,0.9999999999999998
345.55,0.9999999999999998
345.6,0.9999999999999998
345.65000000000003,0.9999999999999998
345.70000000000005,0.9999999999999998
345.75,0.9999999999999998
345.8,0.9999999999999998
345.85,0.9999999999999998
345.90000000000003,0.9999999999999998
345.95000000000005,0.9999999999999998
346.0,0.9999999999999998
346.05,0.9999999999999998
346.1,0.9999999999999998
346.15000000000003,0.9999999999999998
346.20000000000005,0.9999999999999998
346.25,0.9999999999999998
346.3,0.9999999999999998
346.35,0.9999999999999998
346.40000000000003,0.9999999999999998
346.45000000000005,0.9999999999999998
346.5,0.9999999999999998
346.55,0.9999999999999998
346.6,0.9999999999999998
346.65000000000003,0.9999999999999998
346.70000000000005,0.9999999999999998
346.75,0.9999999999999998
346.8,0.9999999999999998
346.85,0.9999999999999998
346.90000000000003,0.9999999999999998
346.95000000000005,0.9999999999999998
347.0,0.9999999999999998
347.05,0.9999999999999998
347.1,0.9999999999999998
347.15000000000003,0.9999999999999998
347.20000000000005,0.9999999999999998
347.25,0.9999999999999998
347.3,0.9999999999999998
347.35,0.9999999999999998
347.40000000000003,0.9999999999999998
347.45000000000005,0.9999999999999998
347.5,0.9999999999999998
347.55,0.9999999999999998
347.6,0.9999999999999998
347.65000000000003,0.9999999999999998
347.70000000000005,0.9999999999999998
347.75,0.9999999999999998
347.8,0.9999999999999998
347.85,0.9999999999999998
347.90000000000003,0.9999999999999998
347.95000000000005,0.9999999999999998
348.0,0.9999999999999998
348.05,0.9999999999999998
348.1,0.9999999999999998
348.15000000000003,0.9999999999999998
348.20000000000005,0.9999999999999998
348.25,0.9999999999999998
348.3,0.9999999999999998
348.35,0.9999999999999998
348.40000000000003,0.9999999999999998
348.45000000000005,0.9999999999999998
348.5,0.9999999999999998
348.55,0.9999999999999998
348.6,0.9999999999999998
348.65000000000003,0.9999999999999998
348.70000000000005,0.9999999999999998
348.75,0.9999999999999998
348.8,0.9999999999999998
348.85,0.9999999999999998
348.90000000000003,0.9999999999999998
348.95000000000005,0.9999999999999998
349.0,0.9999999999999998
349.05,0.9999999999999998
349.1,0.9999999999999998
349.15000000000003,0.9999999999999998
349.20000000000005,0.9999999999999998
349.25,0.9999999999999998
349.3,0.9999999999999998
349.35,0.9999999999999998
349.40000000000003,0.9999999999999998
349.45000000000005,0.9999999999999998
349.5,0.9999999999999998
349.55,0.9999999999999998
349.6,0.9999999999999998
349.65000000000003,0.9999999999999998
349.70000000000005,0.9999999999999998
349.75,0.9999999999999998
349.8,0.9999999999999998
349.85,0.9999999999999998
349.90000000000003,0.9999999999999998
349.95000000000005,0.9999999999999998
350.0,0.9999999999999998
350.05,0.9999999999999998
350.1,0.9999999999999998
350.15000000000003,0.9999999999999998
350.20000000000005,0.9999999999999998
350.25,0.9999999999999998
350.3,0.9999999999999998
350.35,0.9999999999999998
350.40000000000003,0.9999999999999998
350.45000000000005,0.9999999999999998
350.5,0.9999999999999998
350.55,0.9999999999999998
350.6,0.9999999999999998
350.65000000000003,0.9999999999999998
350.70000000000005,0.9999999999999998
350.75,0.9999999999999998
350.8,0.9999999999999998
350.85,0.9999999999999998
350.90000000000003,0.9999999999999998
350.95000000000005,0.9999999999999998
351.0,0.9999999999999998
351.05,0.9999999999999998
351.1,0.9999999999999998
351.15000000000003,0.9999999999999998
351.20000000000005,0.9999999999999998
351.25,0.9999999999999998
351.3,0.9999999999999998
351.35,0.9999999999999998
351.40000000000003,0.9999999999999998
351.45000000000005,0.9999999999999998
351.5,0.9999999999999998
351.55,0.9999999999999998
351.6,0.9999999999999998
351.65000000000003,0.9999999999999998
351.70000000000005,0.9999999999999998
351.75,0.9999999999999998
351.8,0.9999999999999998
351.85,0.9999999999999998
351.90000000000003,0.9999999999999998
351.95000000000005,0.9999999999999998
352.0,0.9999999999999998
352.05,0.9999999999999998
352.1,0.9999999999999998
352.15000000000003,0.9999999999999998
352.20000000000005,0.9999999999999998
352.25,0.9999999999999998
352.3,0.9999999999999998
352.35,0.9999999999999998
352.40000000000003,0.9999999999999998
352.45000000000005,0.9999999999999998
352.5,0.9999999999999998
352.55,0.9999999999999998
352.6,0.9999999999999998
352.65000000000003,0.9999999999999998
352.70000000000005,0.9999999999999998
352.75,0.9999999999999998
352.8,0.9999999999999998
352.85,0.9999999999999998
352.90000000000003,0.9999999999999998
352.95000000000005,0.9999999999999998
353.0,0.9999999999999998
353.05,0.9999999999999998
353.1,0.9999999999999998
353.15000000000003,0.9999999999999998
353.20000000000005,0.9999999999999998
353.25,0.9999999999999998
353.3,0.9999999999999998
353.35,0.9999999999999998
353.40000000000003,0.9999999999999998
353.45000000000005,0.9999999999999998
353.5,0.9999999999999998
353.55,0.9999999999999998
353.6,0.9999999999999998
353.65000000000003,0.9999999999999998
353.70000000000005,0.9999999999999998
353.75,0.9999999999999998
353.8,0.9999999999999998
353.85,0.9999999999999998
353.90000000000003,0.9999999999999998
353.95000000000005,0.9999999999999998
354.0,0.9999999999999998
354.05,0.9999999999999998
354.1,0.9999999999999998
354.15000000000003,0.9999999999999998
354.20000000000005,0.9999999999999998
354.25,0.9999999999999998
354.3,0.9999999999999998
354.35,0.9999999999999998
354.40000000000003,0.9999999999999998
354.45000000000005,0.9999999999999998
354.5,0.9999999999999998
354.55,0.9999999999999998
354.6,0.9999999999999998
354.65000000000003,0.9999999999999998
354.70000000000005,0.9999999999999998
354.75,0.9999999999999998
354.8,0.9999999999999998
354.85,0.9999999999999998
354.90000000000003,0.9999999999999998
354.95000000000005,0.9999999999999998
355.0,0.9999999999999998
355.05,0.9999999999999998
355.1,0.9999999999999998
355.15000000000003,0.9999999999999998
355.20000000000005,0.9999999999999998
355.25,0.9999999999999998
355.3,0.9999999999999998
355.35,0.9999999999999998
355.40000000000003,0.9999999999999998
355.45000000000005,0.9999999999999998
355.5,0.9999999999999998
355.55,0.9999999999999998
355.6,0.9999999999999998
355.65000000000003,0.9999999999999998
355.70000000000005,0.9999999999999998
355.75,0.9999999999999998
355.8,0.9999999999999998
355.85,0.9999999999999998
355.90000000000003,0.9999999999999998
355.95000000000005,0.9999999999999998
356.0,0.9999999999999998
356.05,0.9999999999999998
356.1,0.9999999999999998
356.15000000000003,0.9999999999999998
356.20000000000005,0.9999999999999998
356.25,0.9999999999999998
356.3,0.9999999999999998
356.35,0.9999999999999998
356.40000000000003,0.9999999999999998
356.45000000000005,0.9999999999999998
356.5,0.9999999999999998
356.55,0.9999999999999998
356.6,0.9999999999999998
356.65000000000003,0.9999999999999998
356.70000000000005,0.9999999999999998
356.75,0.9999999999999998
356.8,0.9999999999999998
356.85,0.9999999999999998
356.90000000000003,0.9999999999999998
356.95000000000005,0.9999999999999998
357.0,0.9999999999999998
357.05,0.9999999999999998
357.1,0.9999999999999998
357.15000000000003,0.9999999999999998
357.20000000000005,0.9999999999999998
357.25,0.9999999999999998
357.3,0.9999999999999998
357.35,0.9999999999999998
357.40000000000003,0.9999999999999998
357.45000000000005,0.9999999999999998
357.5,0.9999999999999998
357.55,0.9999999999999998
357.6,0.9999999999999998
357.65000000000003,0.9999999999999998
357.70000000000005,0.9999999999999998
357.75,0.9999999999999998
357.8,0.9999999999999998
357.85,0.9999999999999998
357.90000000000003,0.9999999999999998
357.95000000000005,0.9999999999999998
358.0,0.9999999999999998
358.05,0.9999999999999998
358.1,0.9999999999999998
358.15000000000003,0.9999999999999998
358.20000000000005,0.9999999999999998
358.25,0.9999999999999998
358.3,0.9999999999999998
358.35,0.9999999999999998
358.40000000000003,0.9999999999999998
358.45000000000005,0.9999999999999998
358.5,0.9999999999999998
358.55,0.9999999999999998
358.6,0.9999999999999998
358.65000000000003,0.9999999999999998
358.70000000000005,0.9999999999999998
358.75,0.9999999999999998
358.8,0.9999999999999998
358.85,0.9999999999999998
358.90000000000003,0.9999999999999998
358.95000000000005,0.9999999999999998
359.0,0.9999999999999998
359.05,0.9999999999999998
359.1,0.9999999999999998
359.15000000000003,0.9999999999999998
359.20000000000005,0.9999999999999998
359.25,0.9999999999999998
359.3,0.9999999999999998
359.35,0.9999999999999998
359.40000000000003,0.9999999999999998
359.45000000000005,0.9999999999999998
359.5,0.9999999999999998
359.55,0.9999999999999998
359.6,0.9999999999999998
359.65000000000003,0.9999999999999998
359.70000000000005,0.9999999999999998
359.75,0.9999999999999998
359.8,0.9999999999999998
359.85,0.9999999999999998
359.90000000000003,0.9999999999999998
359.95000000000005,0.9999999999999998
360.0,0.9999999999999998
360.05,0.9999999999999998
360.1,0.9999999999999998
360.15000000000003,0.9999999999999998
360.20000000000005,0.9999999999999998
360.25,0.9999999999999998
360.3,0.9999999999999998
360.35,0.9999999999999998
360.40000000000003,0.9999999999999998
360.45000000000005,0.9999999999999998
360.5,0.9999999999999998
360.55,0.9999999999999998
360.6,0.9999999999999998
360.65000000000003,0.9999999999999998
360.70000000000005,0.9999999999999998
360.75,0.9999999999999998
360.8,0.9999999999999998
360.85,0.9999999999999998
360.90000000000003,0.9999999999999998
360.95000000000005,0.9999999999999998
361.0,0.9999999999999998
361.05,0.9999999999999998
361.1,0.9999999999999998
361.15000000000003,0.9999999999999998
361.20000000000005,0.9999999999999998
361.25,0.9999999999999998
361.3,0.9999999999999998
361.35,0.9999999999999998
361.40000000000003,0.9999999999999998
361.45000000000005,0.9999999999999998
361.5,0.9999999999999998
361.55,0.9999999999999998
361.6,0.9999999999999998
361.65000000000003,0.9999999999999998
361.70000000000005,0.9999999999999998
361.75,0.9999999999999998
361.8,0.9999999999999998
361.85,0.9999999999999998
361.90000000000003,0.9999999999999998
361.95000000000005,0.9999999999999998
362.0,0.9999999999999998
362.05,0.9999999999999998
362.1,0.9999999999999998
362.15000000000003,0.9999999999999998
362.20000000000005,0.9999999999999998
362.25,0.9999999999999998
362.3,0.9999999999999998
362.35,0.9999999999999998
362.40000000000003,0.9999999999999998
362.45000000000005,0.9999999999999998
362.5,0.9999999999999998
362.55,0.9999999999999998
362.6,0.9999999999999998
362.65000000000003,0.9999999999999998
362.70000000000005,0.9999999999999998
362.75,0.9999999999999998
362.8,0.9999999999999998
362.85,0.9999999999999998
362.90000000000003,0.9999999999999998
362.95000000000005,0.9999999999999998
363.0,0.9999999999999998
363.05,0.9999999999999998
363.1,0.9999999999999998
363.15000000000003,0.9999999999999998
363.20000000000005,0.9999999999999998
363.25,0.9999999999999998
363.3,0.9999999999999998
363.35,0.9999999999999998
363.40000000000003,0.9999999999999998
363.45000000000005,0.9999999999999998
363.5,0.9999999999999998
363.55,0.9999999999999998
363.6,0.9999999999999998
363.65000000000003,0.9999999999999998
363.70000000000005,0.9999999999999998
363.75,0.9999999999999998
363.8,0.9999999999999998
363.85,0.9999999999999998
363.90000000000003,0.9999999999999998
363.95000000000005,0.9999999999999998
364.0,0.9999999999999998
364.05,0.9999999999999998
364.1,0.9999999999999998
364.15000000000003,0.9999999999999998
364.20000000000005,0.9999999999999998
364.25,0.9999999999999998
364.3,0.9999999999999998
364.35,0.9999999999999998
364.40000000000003,0.9999999999999998
364.45000000000005,0.9999999999999998
364.5,0.9999999999999998
364.55,0.9999999999999998
364.6,0.9999999999999998
364.65000000000003,0.9999999999999998
364.70000000000005,0.9999999999999998
364.75,0.9999999999999998
364.8,0.9999999999999998
364.85,0.9999999999999998
364.90000000000003,0.9999999999999998
364.95000000000005,0.9999999999999998
365.0,0.9999999999999998
365.05,0.9999999999999998
365.1,0.9999999999999998
365.15000000000003,0.9999999999999998
365.20000000000005,0.9999999999999998
365.25,0.9999999999999998
365.3,0.9999999999999998
365.35,0.9999999999999998
365.40000000000003,0.9999999999999998
365.45000000000005,0.9999999999999998
365.5,0.9999999999999998
365.55,0.9999999999999998
365.6,0.9999999999999998
365.65000000000003,0.9999999999999998
365.70000000000005,0.9999999999999998
365.75,0.9999999999999998
365.8,0.9999999999999998
365.85,0.9999999999999998
365.90000000000003,0.9999999999999998
365.95000000000005,0.9999999999999998
366.0,0.9999999999999998
366.05,0.9999999999999998
366.1,0.9999999999999998
366.15000000000003,0.9999999999999998
366.20000000000005,0.9999999999999998
366.25,0.9999999999999998
366.3,0.9999999999999998
366.35,0.9999999999999998
366.40000000000003,0.9999999999999998
366.45000000000005,0.9999999999999998
366.5,0.9999999999999998
366.55,0.9999999999999998
366.6,0.9999999999999998
366.65000000000003,0.9999999999999998
366.70000000000005,0.9999999999999998
366.75,0.9999999999999998
366.8,0.9999999999999998
366.85,0.9999999999999998
366.90000000000003,0.9999999999999998
366.95000000000005,0.9999999999999998
367.0,0.9999999999999998
367.05,0.9999999999999998
367.1,0.9999999999999998
367.15000000000003,0.9999999999999998
367.20000000000005,0.9999999999999998
367.25,0.9999999999999998
367.3,0.9999999999999998
367.35,0.9999999999999998
367.40000000000003,0.9999999999999998
367.45000000000005,0.9999999999999998
367.5,0.9999999999999998
367.55,0.9999999999999998
367.6,0.9999999999999998
367.65000000000003,0.9999999999999998
367.70000000000005,0.9999999999999998
367.75,0.9999999999999998
367.8,0.9999999999999998
367.85,0.9999999999999998
367.90000000000003,0.9999999999999998
367.95000000000005,0.9999999999999998
368.0,0.9999999999999998
368.05,0.9999999999999998
368.1,0.9999999999999998
368.15000000000003,0.9999999999999998
368.20000000000005,0.9999999999999998
368.25,0.9999999999999998
368.3,0.9999999999999998
368.35,0.9999999999999998
368.40000000000003,0.9999999999999998
368.45000000000005,0.9999999999999998
368.5,0.9999999999999998
368.55,0.9999999999999998
368.6,0.9999999999999998
368.65000000000003,0.9999999999999998
368.70000000000005,0.9999999999999998
368.75,0.9999999999999998
368.8,0.9999999999999998
368.85,0.9999999999999998
368.90000000000003,0.9999999999999998
368.95000000000005,0.9999999999999998
369.0,0.9999999999999998
369.05,0.9999999999999998
369.1,0.9999999999999998
369.15000000000003,0.9999999999999998
369.20000000000005,0.9999999999999998
369.25,0.9999999999999998
369.3,0.9999999999999998
369.35,0.9999999999999998
369.40000000000003,0.9999999999999998
369.45000000000005,0.9999999999999998
369.5,0.9999999999999998
369.55,0.9999999999999998
369.6,0.9999999999999998
369.65000000000003,0.9999999999999998
369.70000000000005,0.9999999999999998
369.75,0.9999999999999998
369.8,0.9999999999999998
369.85,0.9999999999999998
369.90000000000003,0.9999999999999998
369.95000000000005,0.9999999999999998
370.0,0.9999999999999998
370.05,0.9999999999999998
370.1,0.9999999999999998
370.15000000000003,0.9999999999999998
370.20000000000005,0.9999999999999998
370.25,0.9999999999999998
370.3,0.9999999999999998
370.35,0.9999999999999998
370.40000000000003,0.9999999999999998
370.45000000000005,0.9999999999999998
370.5,0.9999999999999998
370.55,0.9999999999999998
370.6,0.9999999999999998
370.65000000000003,0.9999999999999998
370.70000000000005,0.9999999999999998
370.75,0.9999999999999998
370.8,0.9999999999999998
370.85,0.9999999999999998
370.90000000000003,0.9999999999999998
370.95000000000005,0.9999999999999998
371.0,0.9999999999999998
371.05,0.9999999999999998
371.1,0.9999999999999998
371.15000000000003,0.9999999999999998
371.20000000000005,0.9999999999999998
371.25,0.9999999999999998
371.3,0.9999999999999998
371.35,0.9999999999999998
371.40000000000003,0.9999999999999998
371.45000000000005,0.9999999999999998
371.5,0.9999999999999998
371.55,0.9999999999999998
371.6,0.9999999999999998
371.65000000000003,0.9999999999999998
371.70000000000005,0.9999999999999998
371.75,0.9999999999999998
371.8,0.9999999999999998
371.85,0.9999999999999998
371.90000000000003,0.9999999999999998
371.95000000000005,0.9999999999999998
372.0,0.9999999999999998
372.05,0.9999999999999998
372.1,0.9999999999999998
372.15000000000003,0.9999999999999998
372.20000000000005,0.9999999999999998
372.25,0.9999999999999998
372.3,0.9999999999999998
372.35,0.9999999999999998
372.40000000000003,0.9999999999999998
372.45000000000005,0.9999999999999998
372.5,0.9999999999999998
372.55,0.9999999999999998
372.6,0.9999999999999998
372.65000000000003,0.9999999999999998
372.70000000000005,0.9999999999999998
372.75,0.9999999999999998
372.8,0.9999999999999998
372.85,0.9999999999999998
372.90000000000003,0.9999999999999998
372.95000000000005,0.9999999999999998
373.0,0.9999999999999998
373.05,0.9999999999999998
373.1,0.9999999999999998
373.15000000000003,0.9999999999999998
373.20000000000005,0.9999999999999998
373.25,0.9999999999999998
373.3,0.9999999999999998
373.35,0.9999999999999998
373.40000000000003,0.9999999999999998
373.45000000000005,0.9999999999999998
373.5,0.9999999999999998
373.55,0.9999999999999998
373.6,0.9999999999999998
373.65000000000003,0.9999999999999998
373.70000000000005,0.9999999999999998
373.75,0.9999999999999998
373.8,0.9999999999999998
373.85,0.9999999999999998
373.90000000000003,0.9999999999999998
373.95000000000005,0.9999999999999998
374.0,0.9999999999999998
374.05,0.9999999999999998
374.1,0.9999999999999998
374.15000000000003,0.9999999999999998
374.20000000000005,0.9999999999999998
374.25,0.9999999999999998
374.3,0.9999999999999998
374.35,0.9999999999999998
374.40000000000003,0.9999999999999998
374.45000000000005,0.9999999999999998
374.5,0.9999999999999998
374.55,0.9999999999999998
374.6,0.9999999999999998
374.65000000000003,0.9999999999999998
374.70000000000005,0.9999999999999998
374.75,0.9999999999999998
374.8,0.9999999999999998
374.85,0.9999999999999998
374.90000000000003,0.9999999999999998
374.95000000000005,0.9999999999999998
375.0,0.9999999999999998
375.05,0.9999999999999998
375.1,0.9999999999999998
375.15000000000003,0.9999999999999998
375.20000000000005,0.9999999999999998
375.25,0.9999999999999998
375.3,0.9999999999999998
375.35,0.9999999999999998
375.40000000000003,0.9999999999999998
375.45000000000005,0.9999999999999998
375.5,0.9999999999999998
375.55,0.9999999999999998
375.6,0.9999999999999998
375.65000000000003,0.9999999999999998
375.70000000000005,0.9999999999999998
375.75,0.9999999999999998
375.8,0.9999999999999998
375.85,0.9999999999999998
375.90000000000003,0.9999999999999998
375.95000000000005,0.9999999999999998
376.0,0.9999999999999998
376.05,0.9999999999999998
376.1,0.9999999999999998
376.15000000000003,0.9999999999999998
376.20000000000005,0.9999999999999998
376.25,0.9999999999999998
376.3,0.9999999999999998
376.35,0.9999999999999998
376.40000000000003,0.9999999999999998
376.45000000000005,0.9999999999999998
376.5,0.9999999999999998
376.55,0.9999999999999998
376.6,0.9999999999999998
376.65000000000003,0.9999999999999998
376.70000000000005,0.9999999999999998
376.75,0.9999999999999998
376.8,0.9999999999999998
376.85,0.9999999999999998
376.90000000000003,0.9999999999999998
376.95000000000005,0.9999999999999998
377.0,0.9999999999999998
377.05,0.9999999999999998
377.1,0.9999999999999998
377.15000000000003,0.9999999999999998
377.20000000000005,0.9999999999999998
377.25,0.9999999999999998
377.3,0.9999999999999998
377.35,0.9999999999999998
377.40000000000003,0.9999999999999998
377.45000000000005,0.9999999999999998
377.5,0.9999999999999998
377.55,0.9999999999999998
377.6,0.9999999999999998
377.65000000000003,0.9999999999999998
377.70000000000005,0.9999999999999998
377.75,0.9999999999999998
377.8,0.9999999999999998
377.85,0.9999999999999998
377.90000000000003,0.9999999999999998
377.95000000000005,0.9999999999999998
378.0,0.9999999999999998
378.05,0.9999999999999998
378.1,0.9999999999999998
378.15000000000003,0.9999999999999998
378.20000000000005,0.9999999999999998
378.25,0.9999999999999998
378.3,0.9999999999999998
378.35,0.9999999999999998
378.40000000000003,0.9999999999999998
378.45000000000005,0.9999999999999998
378.5,0.9999999999999998
378.55,0.9999999999999998
378.6,0.9999999999999998
378.65000000000003,0.9999999999999998
378.70000000000005,0.9999999999999998
378.75,0.9999999999999998
378.8,0.9999999999999998
378.85,0.9999999999999998
378.90000000000003,0.9999999999999998
378.95000000000005,0.9999999999999998
379.0,0.9999999999999998
379.05,0.9999999999999998
379.1,0.9999999999999998
379.15000000000003,0.9999999999999998
379.20000000000005,0.9999999999999998
379.25,0.9999999999999998
379.3,0.9999999999999998
379.35,0.9999999999999998
379.40000000000003,0.9999999999999998
379.45000000000005,0.9999999999999998
379.5,0.9999999999999998
379.55,0.9999999999999998
379.6,0.9999999999999998
379.65000000000003,0.9999999999999998
379.70000000000005,0.9999999999999998
379.75,0.9999999999999998
379.8,0.9999999999999998
379.85,0.9999999999999998
379.90000000000003,0.9999999999999998
379.95000000000005,0.9999999999999998
380.0,0.9999999999999998
380.05,0.9999999999999998
380.1,0.9999999999999998
380.15000000000003,0.9999999999999998
380.20000000000005,0.9999999999999998
380.25,0.9999999999999998
380.3,0.9999999999999998
380.35,0.9999999999999998
380.40000000000003,0.9999999999999998
380.45000000000005,0.9999999999999998
380.5,0.9999999999999998
380.55,0.9999999999999998
380.6,0.9999999999999998
380.65000000000003,0.9999999999999998
380.70000000000005,0.9999999999999998
380.75,0.9999999999999998
380.8,0.9999999999999998
380.85,0.9999999999999998
380.90000000000003,0.9999999999999998
380.95000000000005,0.9999999999999998
381.0,0.9999999999999998
381.05,0.9999999999999998
381.1,0.9999999999999998
381.15000000000003,0.9999999999999998
381.20000000000005,0.9999999999999998
381.25,0.9999999999999998
381.3,0.9999999999999998
381.35,0.9999999999999998
381.40000000000003,0.9999999999999998
381.45000000000005,0.9999999999999998
381.5,0.9999999999999998
381.55,0.9999999999999998
381.6,0.9999999999999998
381.65000000000003,0.9999999999999998
381.70000000000005,0.9999999999999998
381.75,0.9999999999999998
381.8,0.9999999999999998
381.85,0.9999999999999998
381.90000000000003,0.9999999999999998
381.95000000000005,0.9999999999999998
382.0,0.9999999999999998
382.05,0.9999999999999998
382.1,0.9999999999999998
382.15000000000003,0.9999999999999998
382.20000000000005,0.9999999999999998
382.25,0.9999999999999998
382.3,0.9999999999999998
382.35,0.9999999999999998
382.40000000000003,0.9999999999999998
382.45000000000005,0.9999999999999998
382.5,0.9999999999999998
382.55,0.9999999999999998
382.6,0.9999999999999998
382.65000000000003,0.9999999999999998
382.70000000000005,0.9999999999999998
382.75,0.9999999999999998
382.8,0.9999999999999998
382.85,0.9999999999999998
382.90000000000003,0.9999999999999998
382.95000000000005,0.9999999999999998
383.0,0.9999999999999998
383.05,0.9999999999999998
383.1,0.9999999999999998
383.15000000000003,0.9999999999999998
383.20000000000005,0.9999999999999998
383.25,0.9999999999999998
383.3,0.9999999999999998
383.35,0.9999999999999998
383.40000000000003,0.9999999999999998
383.45000000000005,0.9999999999999998
383.5,0.9999999999999998
383.55,0.9999999999999998
383.6,0.9999999999999998
383.65000000000003,0.9999999999999998
383.70000000000005,0.9999999999999998
383.75,0.9999999999999998
383.8,0.9999999999999998
383.85,0.9999999999999998
383.90000000000003,0.9999999999999998
383.95000000000005,0.9999999999999998
384.0,0.9999999999999998
384.05,0.9999999999999998
384.1,0.9999999999999998
384.15000000000003,0.9999999999999998
384.20000000000005,0.9999999999999998
384.25,0.9999999999999998
384.3,0.9999999999999998
384.35,0.9999999999999998
384.40000000000003,0.9999999999999998
384.45000000000005,0.9999999999999998
384.5,0.9999999999999998
384.55,0.9999999999999998
384.6,0.9999999999999998
384.65000000000003,0.9999999999999998
384.70000000000005,0.9999999999999998
384.75,0.9999999999999998
384.8,0.9999999999999998
384.85,0.9999999999999998
384.90000000000003,0.9999999999999998
384.95000000000005,0.9999999999999998
385.0,0.9999999999999998
385.05,0.9999999999999998
385.1,0.9999999999999998
385.15000000000003,0.9999999999999998
385.20000000000005,0.9999999999999998
385.25,0.9999999999999998
385.3,0.9999999999999998
385.35,0.9999999999999998
385.40000000000003,0.9999999999999998
385.45000000000005,0.9999999999999998
385.5,0.9999999999999998
385.55,0.9999999999999998
385.6,0.9999999999999998
385.65000000000003,0.9999999999999998
385.70000000000005,0.9999999999999998
385.75,0.9999999999999998
385.8,0.9999999999999998
385.85,0.9999999999999998
385.90000000000003,0.9999999999999998
385.95000000000005,0.9999999999999998
386.0,0.9999999999999998
386.05,0.9999999999999998
386.1,0.9999999999999998
386.15000000000003,0.9999999999999998
386.20000000000005,0.9999999999999998
386.25,0.9999999999999998
386.3,0.9999999999999998
386.35,0.9999999999999998
386.40000000000003,0.9999999999999998
386.45000000000005,0.9999999999999998
386.5,0.9999999999999998
386.55,0.9999999999999998
386.6,0.9999999999999998
386.65000000000003,0.9999999999999998
386.70000000000005,0.9999999999999998
386.75,0.9999999999999998
386.8,0.9999999999999998
386.85,0.9999999999999998
386.90000000000003,0.9999999999999998
386.95000000000005,0.9999999999999998
387.0,0.9999999999999998
387.05,0.9999999999999998
387.1,0.9999999999999998
387.15000000000003,0.9999999999999998
387.20000000000005,0.9999999999999998
387.25,0.9999999999999998
387.3,0.9999999999999998
387.35,0.9999999999999998
387.40000000000003,0.9999999999999998
387.45000000000005,0.9999999999999998
387.5,0.9999999999999998
387.55,0.9999999999999998
387.6,0.9999999999999998
387.65000000000003,0.9999999999999998
387.70000000000005,0.9999999999999998
387.75,0.9999999999999998
387.8,0.9999999999999998
387.85,0.9999999999999998
387.90000000000003,0.9999999999999998
387.95000000000005,0.9999999999999998
388.0,0.9999999999999998
388.05,0.9999999999999998
388.1,0.9999999999999998
388.15000000000003,0.9999999999999998
388.20000000000005,0.9999999999999998
388.25,0.9999999999999998
388.3,0.9999999999999998
388.35,0.9999999999999998
388.40000000000003,0.9999999999999998
388.45000000000005,0.9999999999999998
388.5,0.9999999999999998
388.55,0.9999999999999998
388.6,0.9999999999999998
388.65000000000003,0.9999999999999998
388.70000000000005,0.9999999999999998
388.75,0.9999999999999998
388.8,0.9999999999999998
388.85,0.9999999999999998
388.90000000000003,0.9999999999999998
388.95000000000005,0.9999999999999998
389.0,0.9999999999999998
389.05,0.9999999999999998
389.1,0.9999999999999998
389.15000000000003,0.9999999999999998
389.20000000000005,0.9999999999999998
389.25,0.9999999999999998
389.3,0.9999999999999998
389.35,0.9999999999999998
389.40000000000003,0.9999999999999998
389.45000000000005,0.9999999999999998
389.5,0.9999999999999998
389.55,0.9999999999999998
389.6,0.9999999999999998
389.65000000000003,0.9999999999999998
389.70000000000005,0.9999999999999998
389.75,0.9999999999999998
389.8,0.9999999999999998
389.85,0.9999999999999998
389.90000000000003,0.9999999999999998
389.95000000000005,0.9999999999999998
390.0,0.9999999999999998
390.05,0.9999999999999998
390.1,0.9999999999999998
390.15000000000003,0.9999999999999998
390.20000000000005,0.9999999999999998
390.25,0.9999999999999998
390.3,0.9999999999999998
390.35,0.9999999999999998
390.40000000000003,0.9999999999999998
390.45000000000005,0.9999999999999998
390.5,0.9999999999999998
390.55,0.9999999999999998
390.6,0.9999999999999998
390.65000000000003,0.9999999999999998
390.70000000000005,0.9999999999999998
390.75,0.9999999999999998
390.8,0.9999999999999998
390.85,0.9999999999999998
390.90000000000003,0.9999999999999998
390.95000000000005,0.9999999999999998
391.0,0.9999999999999998
391.05,0.9999999999999998
391.1,0.9999999999999998
391.15000000000003,0.9999999999999998
391.20000000000005,0.9999999999999998
391.25,0.9999999999999998
391.3,0.9999999999999998
391.35,0.9999999999999998
391.40000000000003,0.9999999999999998
391.45000000000005,0.9999999999999998
391.5,0.9999999999999998
391.55,0.9999999999999998
391.6,0.9999999999999998
391.65000000000003,0.9999999999999998
391.70000000000005,0.9999999999999998
391.75,0.9999999999999998
391.8,0.9999999999999998
391.85,0.9999999999999998
391.90000000000003,0.9999999999999998
391.95000000000005,0.9999999999999998
392.0,0.9999999999999998
392.05,0.9999999999999998
392.1,0.9999999999999998
392.15000000000003,0.9999999999999998
392.20000000000005,0.9999999999999998
392.25,0.9999999999999998
392.3,0.9999999999999998
392.35,0.9999999999999998
392.40000000000003,0.9999999999999998
392.45000000000005,0.9999999999999998
392.5,0.9999999999999998
392.55,0.9999999999999998
392.6,0.9999999999999998
392.65000000000003,0.9999999999999998
392.70000000000005,0.9999999999999998
392.75,0.9999999999999998
392.8,0.9999999999999998
392.85,0.9999999999999998
392.90000000000003,0.9999999999999998
392.95000000000005,0.9999999999999998
393.0,0.9999999999999998
393.05,0.9999999999999998
393.1,0.9999999999999998
393.15000000000003,0.9999999999999998
393.20000000000005,0.9999999999999998
393.25,0.9999999999999998
393.3,0.9999999999999998
393.35,0.9999999999999998
393.40000000000003,0.9999999999999998
393.45000000000005,0.9999999999999998
393.5,0.9999999999999998
393.55,0.9999999999999998
393.6,0.9999999999999998
393.65000000000003,0.9999999999999998
393.70000000000005,0.9999999999999998
393.75,0.9999999999999998
393.8,0.9999999999999998
393.85,0.9999999999999998
393.90000000000003,0.9999999999999998
393.95000000000005,0.9999999999999998
394.0,0.9999999999999998
394.05,0.9999999999999998
394.1,0.9999999999999998
394.15000000000003,0.9999999999999998
394.20000000000005,0.9999999999999998
394.25,0.9999999999999998
394.3,0.9999999999999998
394.35,0.9999999999999998
394.40000000000003,0.9999999999999998
394.45000000000005,0.9999999999999998
394.5,0.9999999999999998
394.55,0.9999999999999998
394.6,0.9999999999999998
394.65000000000003,0.9999999999999998
394.70000000000005,0.9999999999999998
394.75,0.9999999999999998
394.8,0.9999999999999998
394.85,0.9999999999999998
394.90000000000003,0.9999999999999998
394.95000000000005,0.9999999999999998
395.0,0.9999999999999998
395.05,0.9999999999999998
395.1,0.9999999999999998
395.15000000000003,0.9999999999999998
395.20000000000005,0.9999999999999998
395.25,0.9999999999999998
395.3,0.9999999999999998
395.35,0.9999999999999998
395.40000000000003,0.9999999999999998
395.45000000000005,0.9999999999999998
395.5,0.9999999999999998
395.55,0.9999999999999998
395.6,0.9999999999999998
395.65000000000003,0.9999999999999998
395.70000000000005,0.9999999999999998
395.75,0.9999999999999998
395.8,0.9999999999999998
395.85,0.9999999999999998
395.90000000000003,0.9999999999999998
395.95000000000005,0.9999999999999998
396.0,0.9999999999999998
396.05,0.9999999999999998
396.1,0.9999999999999998
396.15000000000003,0.9999999999999998
396.20000000000005,0.9999999999999998
396.25,0.9999999999999998
396.3,0.9999999999999998
396.35,0.9999999999999998
396.40000000000003,0.9999999999999998
396.45000000000005,0.9999999999999998
396.5,0.9999999999999998
396.55,0.9999999999999998
396.6,0.9999999999999998
396.65000000000003,0.9999999999999998
396.70000000000005,0.9999999999999998
396.75,0.9999999999999998
396.8,0.9999999999999998
396.85,0.9999999999999998
396.90000000000003,0.9999999999999998
396.95000000000005,0.9999999999999998
397.0,0.9999999999999998
397.05,0.9999999999999998
397.1,0.9999999999999998
397.15000000000003,0.9999999999999998
397.20000000000005,0.9999999999999998
397.25,0.9999999999999998
397.3,0.9999999999999998
397.35,0.9999999999999998
397.40000000000003,0.9999999999999998
397.45000000000005,0.9999999999999998
397.5,0.9999999999999998
397.55,0.9999999999999998
397.6,0.9999999999999998
397.65000000000003,0.9999999999999998
397.70000000000005,0.9999999999999998
397.75,0.9999999999999998
397.8,0.9999999999999998
397.85,0.9999999999999998
397.90000000000003,0.9999999999999998
397.95000000000005,0.9999999999999998
398.0,0.9999999999999998
398.05,0.9999999999999998
398.1,0.9999999999999998
398.15000000000003,0.9999999999999998
398.20000000000005,0.9999999999999998
398.25,0.9999999999999998
398.3,0.9999999999999998
398.35,0.9999999999999998
398.40000000000003,0.9999999999999998
398.45000000000005,0.9999999999999998
398.5,0.9999999999999998
398.55,0.9999999999999998
398.6,0.9999999999999998
398.65000000000003,0.9999999999999998
398.70000000000005,0.9999999999999998
398.75,0.9999999999999998
398.8,0.9999999999999998
398.85,0.9999999999999998
398.90000000000003,0.9999999999999998
398.95000000000005,0.9999999999999998
399.0,0.9999999999999998
399.05,0.9999999999999998
399.1,0.9999999999999998
399.15000000000003,0.9999999999999998
399.20000000000005,0.9999999999999998
399.25,0.9999999999999998
399.3,0.9999999999999998
399.35,0.9999999999999998
399.40000000000003,0.9999999999999998
399.45000000000005,0.9999999999999998
399.5,0.9999999999999998
399.55,0.9999999999999998
399.6,0.9999999999999998
399.65000000000003,0.9999999999999998
399.70000000000005,0.9999999999999998
399.75,0.9999999999999998
399.8,0.9999999999999998
399.85,0.9999999999999998
399.90000000000003,0.9999999999999998
399.95000000000005,0.9999999999999998
400.0,0.9999999999999998
400.05,0.9999999999999998
400.1,0.9999999999999998
400.15000000000003,0.9999999999999998
400.20000000000005,0.9999999999999998
400.25,0.9999999999999998
400.3,0.9999999999999998
400.35,0.9999999999999998
400.40000000000003,0.9999999999999998
400.45000000000005,0.9999999999999998
400.5,0.9999999999999998
400.55,0.9999999999999998
400.6,0.9999999999999998
400.65000000000003,0.9999999999999998
400.70000000000005,0.9999999999999998
400.75,0.9999999999999998
400.8,0.9999999999999998
400.85,0.9999999999999998
400.90000000000003,0.9999999999999998
400.95000000000005,0.9999999999999998
401.0,0.9999999999999998
401.05,0.9999999999999998
401.1,0.9999999999999998
401.15000000000003,0.9999999999999998
401.20000000000005,0.9999999999999998
401.25,0.9999999999999998
401.3,0.9999999999999998
401.35,0.9999999999999998
401.40000000000003,0.9999999999999998
401.45000000000005,0.9999999999999998
401.5,0.9999999999999998
401.55,0.9999999999999998
401.6,0.9999999999999998
401.65000000000003,0.9999999999999998
401.70000000000005,0.9999999999999998
401.75,0.9999999999999998
401.8,0.9999999999999998
401.85,0.9999999999999998
401.90000000000003,0.9999999999999998
401.95000000000005,0.9999999999999998
402.0,0.9999999999999998
402.05,0.9999999999999998
402.1,0.9999999999999998
402.15000000000003,0.9999999999999998
402.20000000000005,0.9999999999999998
402.25,0.9999999999999998
402.3,0.9999999999999998
402.35,0.9999999999999998
402.40000000000003,0.9999999999999998
402.45000000000005,0.9999999999999998
402.5,0.9999999999999998
402.55,0.9999999999999998
402.6,0.9999999999999998
402.65000000000003,0.9999999999999998
402.70000000000005,0.9999999999999998
402.75,0.9999999999999998
402.8,0.9999999999999998
402.85,0.9999999999999998
402.90000000000003,0.9999999999999998
402.95000000000005,0.9999999999999998
403.0,0.9999999999999998
403.05,0.9999999999999998
403.1,0.9999999999999998
403.15000000000003,0.9999999999999998
403.20000000000005,0.9999999999999998
403.25,0.9999999999999998
403.3,0.9999999999999998
403.35,0.9999999999999998
403.40000000000003,0.9999999999999998
403.45000000000005,0.9999999999999998
403.5,0.9999999999999998
403.55,0.9999999999999998
403.6,0.9999999999999998
403.65000000000003,0.9999999999999998
403.70000000000005,0.9999999999999998
403.75,0.9999999999999998
403.8,0.9999999999999998
403.85,0.9999999999999998
403.90000000000003,0.9999999999999998
403.95000000000005,0.9999999999999998
404.0,0.9999999999999998
404.05,0.9999999999999998
404.1,0.9999999999999998
404.15000000000003,0.9999999999999998
404.20000000000005,0.9999999999999998
404.25,0.9999999999999998
404.3,0.9999999999999998
404.35,0.9999999999999998
404.40000000000003,0.9999999999999998
404.45000000000005,0.9999999999999998
404.5,0.9999999999999998
404.55,0.9999999999999998
404.6,0.9999999999999998
404.65000000000003,0.9999999999999998
404.70000000000005,0.9999999999999998
404.75,0.9999999999999998
404.8,0.9999999999999998
404.85,0.9999999999999998
404.90000000000003,0.9999999999999998
404.95000000000005,0.9999999999999998
405.0,0.9999999999999998
405.05,0.9999999999999998
405.1,0.9999999999999998
405.15000000000003,0.9999999999999998
405.20000000000005,0.9999999999999998
405.25,0.9999999999999998
405.3,0.9999999999999998
405.35,0.9999999999999998
405.40000000000003,0.9999999999999998
405.45000000000005,0.9999999999999998
405.5,0.9999999999999998
405.55,0.9999999999999998
405.6,0.9999999999999998
405.65000000000003,0.9999999999999998
405.70000000000005,0.9999999999999998
405.75,0.9999999999999998
405.8,0.9999999999999998
405.85,0.9999999999999998
405.90000000000003,0.9999999999999998
405.95000000000005,0.9999999999999998
406.0,0.9999999999999998
406.05,0.9999999999999998
406.1,0.9999999999999998
406.15000000000003,0.9999999999999998
406.20000000000005,0.9999999999999998
406.25,0.9999999999999998
406.3,0.9999999999999998
406.35,0.9999999999999998
406.40000000000003,0.9999999999999998
406.45000000000005,0.9999999999999998
406.5,0.9999999999999998
406.55,0.9999999999999998
406.6,0.9999999999999998
406.65000000000003,0.9999999999999998
406.70000000000005,0.9999999999999998
406.75,0.9999999999999998
406.8,0.9999999999999998
406.85,0.9999999999999998
406.90000000000003,0.9999999999999998
406.95000000000005,0.9999999999999998
407.0,0.9999999999999998
407.05,0.9999999999999998
407.1,0.9999999999999998
407.15000000000003,0.9999999999999998
407.20000000000005,0.9999999999999998
407.25,0.9999999999999998
407.3,0.9999999999999998
407.35,0.9999999999999998
407.40000000000003,0.9999999999999998
407.45000000000005,0.9999999999999998
407.5,0.9999999999999998
407.55,0.9999999999999998
407.6,0.9999999999999998
407.65000000000003,0.9999999999999998
407.70000000000005,0.9999999999999998
407.75,0.9999999999999998
407.8,0.9999999999999998
407.85,0.9999999999999998
407.90000000000003,0.9999999999999998
407.95000000000005,0.9999999999999998
408.0,0.9999999999999998
408.05,0.9999999999999998
408.1,0.9999999999999998
408.15000000000003,0.9999999999999998
408.20000000000005,0.9999999999999998
408.25,0.9999999999999998
408.3,0.9999999999999998
408.35,0.9999999999999998
408.40000000000003,0.9999999999999998
408.45000000000005,0.9999999999999998
408.5,0.9999999999999998
408.55,0.9999999999999998
408.6,0.9999999999999998
408.65000000000003,0.9999999999999998
408.70000000000005,0.9999999999999998
408.75,0.9999999999999998
408.8,0.9999999999999998
408.85,0.9999999999999998
408.90000000000003,0.9999999999999998
408.95000000000005,0.9999999999999998
409.0,0.9999999999999998
409.05,0.9999999999999998
409.1,0.9999999999999998
409.15000000000003,0.9999999999999998
409.20000000000005,0.9999999999999998
409.25,0.9999999999999998
409.3,0.9999999999999998
409.35,0.9999999999999998
409.40000000000003,0.9999999999999998
409.45000000000005,0.9999999999999998
409.5,0.9999999999999998
409.55,0.9999999999999998
409.6,0.9999999999999998
409.65000000000003,0.9999999999999998
409.70000000000005,0.9999999999999998
409.75,0.9999999999999998
409.8,0.9999999999999998
409.85,0.9999999999999998
409.90000000000003,0.9999999999999998
409.95000000000005,0.9999999999999998
410.0,0.9999999999999998
410.05,0.9999999999999998
410.1,0.9999999999999998
410.15000000000003,0.9999999999999998
410.20000000000005,0.9999999999999998
410.25,0.9999999999999998
410.3,0.9999999999999998
410.35,0.9999999999999998
410.40000000000003,0.9999999999999998
410.45000000000005,0.9999999999999998
410.5,0.9999999999999998
410.55,0.9999999999999998
410.6,0.9999999999999998
410.65000000000003,0.9999999999999998
410.70000000000005,0.9999999999999998
410.75,0.9999999999999998
410.8,0.9999999999999998
410.85,0.9999999999999998
410.90000000000003,0.9999999999999998
410.95000000000005,0.9999999999999998
411.0,0.9999999999999998
411.05,0.9999999999999998
411.1,0.9999999999999998
411.15000000000003,0.9999999999999998
411.20000000000005,0.9999999999999998
411.25,0.9999999999999998
411.3,0.9999999999999998
411.35,0.9999999999999998
411.40000000000003,0.9999999999999998
411.45000000000005,0.9999999999999998
411.5,0.9999999999999998
411.55,0.9999999999999998
411.6,0.9999999999999998
411.65000000000003,0.9999999999999998
411.70000000000005,0.9999999999999998
411.75,0.9999999999999998
411.8,0.9999999999999998
411.85,0.9999999999999998
411.90000000000003,0.9999999999999998
411.95000000000005,0.9999999999999998
412.0,0.9999999999999998
412.05,0.9999999999999998
412.1,0.9999999999999998
412.15000000000003,0.9999999999999998
412.20000000000005,0.9999999999999998
412.25,0.9999999999999998
412.3,0.9999999999999998
412.35,0.9999999999999998
412.40000000000003,0.9999999999999998
412.45000000000005,0.9999999999999998
412.5,0.9999999999999998
412.55,0.9999999999999998
412.6,0.9999999999999998
412.65000000000003,0.9999999999999998
412.70000000000005,0.9999999999999998
412.75,0.9999999999999998
412.8,0.9999999999999998
412.85,0.9999999999999998
412.90000000000003,0.9999999999999998
412.95000000000005,0.9999999999999998
413.0,0.9999999999999998
413.05,0.9999999999999998
413.1,0.9999999999999998
413.15000000000003,0.9999999999999998
413.20000000000005,0.9999999999999998
413.25,0.9999999999999998
413.3,0.9999999999999998
413.35,0.9999999999999998
413.40000000000003,0.9999999999999998
413.45000000000005,0.9999999999999998
413.5,0.9999999999999998
413.55,0.9999999999999998
413.6,0.9999999999999998
413.65000000000003,0.9999999999999998
413.70000000000005,0.9999999999999998
413.75,0.9999999999999998
413.8,0.9999999999999998
413.85,0.9999999999999998
413.90000000000003,0.9999999999999998
413.95000000000005,0.9999999999999998
414.0,0.9999999999999998
414.05,0.9999999999999998
414.1,0.9999999999999998
414.15000000000003,0.9999999999999998
414.20000000000005,0.9999999999999998
414.25,0.9999999999999998
414.3,0.9999999999999998
414.35,0.9999999999999998
414.40000000000003,0.9999999999999998
414.45000000000005,0.9999999999999998
414.5,0.9999999999999998
414.55,0.9999999999999998
414.6,0.9999999999999998
414.65000000000003,0.9999999999999998
414.70000000000005,0.9999999999999998
414.75,0.9999999999999998
414.8,0.9999999999999998
414.85,0.9999999999999998
414.90000000000003,0.9999999999999998
414.95000000000005,0.9999999999999998
415.0,0.9999999999999998
415.05,0.9999999999999998
415.1,0.9999999999999998
415.15000000000003,0.9999999999999998
415.20000000000005,0.9999999999999998
415.25,0.9999999999999998
415.3,0.9999999999999998
415.35,0.9999999999999998
415.40000000000003,0.9999999999999998
415.45000000000005,0.9999999999999998
415.5,0.9999999999999998
415.55,0.9999999999999998
415.6,0.9999999999999998
415.65000000000003,0.9999999999999998
415.70000000000005,0.9999999999999998
415.75,0.9999999999999998
415.8,0.9999999999999998
415.85,0.9999999999999998
415.90000000000003,0.9999999999999998
415.95000000000005,0.9999999999999998
416.0,0.9999999999999998
416.05,0.9999999999999998
416.1,0.9999999999999998
416.15000000000003,0.9999999999999998
416.20000000000005,0.9999999999999998
416.25,0.9999999999999998
416.3,0.9999999999999998
416.35,0.9999999999999998
416.40000000000003,0.9999999999999998
416.45000000000005,0.9999999999999998
416.5,0.9999999999999998
416.55,0.9999999999999998
416.6,0.9999999999999998
416.65000000000003,0.9999999999999998
416.70000000000005,0.9999999999999998
416.75,0.9999999999999998
416.8,0.9999999999999998
416.85,0.9999999999999998
416.90000000000003,0.9999999999999998
416.95000000000005,0.9999999999999998
417.0,0.9999999999999998
417.05,0.9999999999999998
417.1,0.9999999999999998
417.15000000000003,0.9999999999999998
417.20000000000005,0.9999999999999998
417.25,0.9999999999999998
417.3,0.9999999999999998
417.35,0.9999999999999998
417.40000000000003,0.9999999999999998
417.45000000000005,0.9999999999999998
417.5,0.9999999999999998
417.55,0.9999999999999998
417.6,0.9999999999999998
417.65000000000003,0.9999999999999998
417.70000000000005,0.9999999999999998
417.75,0.9999999999999998
417.8,0.9999999999999998
417.85,0.9999999999999998
417.90000000000003,0.9999999999999998
417.95000000000005,0.9999999999999998
418.0,0.9999999999999998
418.05,0.9999999999999998
418.1,0.9999999999999998
418.15000000000003,0.9999999999999998
418.20000000000005,0.9999999999999998
418.25,0.9999999999999998
418.3,0.9999999999999998
418.35,0.9999999999999998
418.40000000000003,0.9999999999999998
418.45000000000005,0.9999999999999998
418.5,0.9999999999999998
418.55,0.9999999999999998
418.6,0.9999999999999998
418.65000000000003,0.9999999999999998
418.70000000000005,0.9999999999999998
418.75,0.9999999999999998
418.8,0.9999999999999998
418.85,0.9999999999999998
418.90000000000003,0.9999999999999998
418.95000000000005,0.9999999999999998
419.0,0.9999999999999998
419.05,0.9999999999999998
419.1,0.9999999999999998
419.15000000000003,0.9999999999999998
419.20000000000005,0.9999999999999998
419.25,0.9999999999999998
419.3,0.9999999999999998
419.35,0.9999999999999998
419.40000000000003,0.9999999999999998
419.45000000000005,0.9999999999999998
419.5,0.9999999999999998
419.55,0.9999999999999998
419.6,0.9999999999999998
419.65000000000003,0.9999999999999998
419.70000000000005,0.9999999999999998
419.75,0.9999999999999998
419.8,0.9999999999999998
419.85,0.9999999999999998
419.90000000000003,0.9999999999999998
419.95000000000005,0.9999999999999998
420.0,0.9999999999999998
420.05,0.9999999999999998
420.1,0.9999999999999998
420.15000000000003,0.9999999999999998
420.20000000000005,0.9999999999999998
420.25,0.9999999999999998
420.3,0.9999999999999998
420.35,0.9999999999999998
420.40000000000003,0.9999999999999998
420.45000000000005,0.9999999999999998
420.5,0.9999999999999998
420.55,0.9999999999999998
420.6,0.9999999999999998
420.65000000000003,0.9999999999999998
420.70000000000005,0.9999999999999998
420.75,0.9999999999999998
420.8,0.9999999999999998
420.85,0.9999999999999998
420.90000000000003,0.9999999999999998
420.95000000000005,0.9999999999999998
421.0,0.9999999999999998
421.05,0.9999999999999998
421.1,0.9999999999999998
421.15000000000003,0.9999999999999998
421.20000000000005,0.9999999999999998
421.25,0.9999999999999998
421.3,0.9999999999999998
421.35,0.9999999999999998
421.40000000000003,0.9999999999999998
421.45000000000005,0.9999999999999998
421.5,0.9999999999999998
421.55,0.9999999999999998
421.6,0.9999999999999998
421.65000000000003,0.9999999999999998
421.70000000000005,0.9999999999999998
421.75,0.9999999999999998
421.8,0.9999999999999998
421.85,0.9999999999999998
421.90000000000003,0.9999999999999998
421.95000000000005,0.9999999999999998
422.0,0.9999999999999998
422.05,0.9999999999999998
422.1,0.9999999999999998
422.15000000000003,0.9999999999999998
422.20000000000005,0.9999999999999998
422.25,0.9999999999999998
422.3,0.9999999999999998
422.35,0.9999999999999998
422.40000000000003,0.9999999999999998
422.45000000000005,0.9999999999999998
422.5,0.9999999999999998
422.55,0.9999999999999998
422.6,0.9999999999999998
422.65000000000003,0.9999999999999998
422.70000000000005,0.9999999999999998
422.75,0.9999999999999998
422.8,0.9999999999999998
422.85,0.9999999999999998
422.90000000000003,0.9999999999999998
422.95000000000005,0.9999999999999998
423.0,0.9999999999999998
423.05,0.9999999999999998
423.1,0.9999999999999998
423.15000000000003,0.9999999999999998
423.20000000000005,0.9999999999999998
423.25,0.9999999999999998
423.3,0.9999999999999998
423.35,0.9999999999999998
423.40000000000003,0.9999999999999998
423.45000000000005,0.9999999999999998
423.5,0.9999999999999998
423.55,0.9999999999999998
423.6,0.9999999999999998
423.65000000000003,0.9999999999999998
423.70000000000005,0.9999999999999998
423.75,0.9999999999999998
423.8,0.9999999999999998
423.85,0.9999999999999998
423.90000000000003,0.9999999999999998
423.95000000000005,0.9999999999999998
424.0,0.9999999999999998
424.05,0.9999999999999998
424.1,0.9999999999999998
424.15000000000003,0.9999999999999998
424.20000000000005,0.9999999999999998
424.25,0.9999999999999998
424.3,0.9999999999999998
424.35,0.9999999999999998
424.40000000000003,0.9999999999999998
424.45000000000005,0.9999999999999998
424.5,0.9999999999999998
424.55,0.9999999999999998
424.6,0.9999999999999998
424.65000000000003,0.9999999999999998
424.70000000000005,0.9999999999999998
424.75,0.9999999999999998
424.8,0.9999999999999998
424.85,0.9999999999999998
424.90000000000003,0.9999999999999998
424.95000000000005,0.9999999999999998
425.0,0.9999999999999998
425.05,0.9999999999999998
425.1,0.9999999999999998
425.15000000000003,0.9999999999999998
425.20000000000005,0.9999999999999998
425.25,0.9999999999999998
425.3,0.9999999999999998
425.35,0.9999999999999998
425.40000000000003,0.9999999999999998
425.45000000000005,0.9999999999999998
425.5,0.9999999999999998
425.55,0.9999999999999998
425.6,0.9999999999999998
425.65000000000003,0.9999999999999998
425.70000000000005,0.9999999999999998
425.75,0.9999999999999998
425.8,0.9999999999999998
425.85,0.9999999999999998
425.90000000000003,0.9999999999999998
425.95000000000005,0.9999999999999998
426.0,0.9999999999999998
426.05,0.9999999999999998
426.1,0.9999999999999998
426.15000000000003,0.9999999999999998
426.20000000000005,0.9999999999999998
426.25,0.9999999999999998
426.3,0.9999999999999998
426.35,0.9999999999999998
426.40000000000003,0.9999999999999998
426.45000000000005,0.9999999999999998
426.5,0.9999999999999998
426.55,0.9999999999999998
426.6,0.9999999999999998
426.65000000000003,0.9999999999999998
426.70000000000005,0.9999999999999998
426.75,0.9999999999999998
426.8,0.9999999999999998
426.85,0.9999999999999998
426.90000000000003,0.9999999999999998
426.95000000000005,0.9999999999999998
427.0,0.9999999999999998
427.05,0.9999999999999998
427.1,0.9999999999999998
427.15000000000003,0.9999999999999998
427.20000000000005,0.9999999999999998
427.25,0.9999999999999998
427.3,0.9999999999999998
427.35,0.9999999999999998
427.40000000000003,0.9999999999999998
427.45000000000005,0.9999999999999998
427.5,0.9999999999999998
427.55,0.9999999999999998
427.6,0.9999999999999998
427.65000000000003,0.9999999999999998
427.70000000000005,0.9999999999999998
427.75,0.9999999999999998
427.8,0.9999999999999998
427.85,0.9999999999999998
427.90000000000003,0.9999999999999998
427.95000000000005,0.9999999999999998
428.0,0.9999999999999998
428.05,0.9999999999999998
428.1,0.9999999999999998
428.15000000000003,0.9999999999999998
428.20000000000005,0.9999999999999998
428.25,0.9999999999999998
428.3,0.9999999999999998
428.35,0.9999999999999998
428.40000000000003,0.9999999999999998
428.45000000000005,0.9999999999999998
428.5,0.9999999999999998
428.55,0.9999999999999998
428.6,0.9999999999999998
428.65000000000003,0.9999999999999998
428.70000000000005,0.9999999999999998
428.75,0.9999999999999998
428.8,0.9999999999999998
428.85,0.9999999999999998
428.90000000000003,0.9999999999999998
428.95000000000005,0.9999999999999998
429.0,0.9999999999999998
429.05,0.9999999999999998
429.1,0.9999999999999998
429.15000000000003,0.9999999999999998
429.20000000000005,0.9999999999999998
429.25,0.9999999999999998
429.3,0.9999999999999998
429.35,0.9999999999999998
429.40000000000003,0.9999999999999998
429.45000000000005,0.9999999999999998
429.5,0.9999999999999998
429.55,0.9999999999999998
429.6,0.9999999999999998
429.65000000000003,0.9999999999999998
429.70000000000005,0.9999999999999998
429.75,0.9999999999999998
429.8,0.9999999999999998
429.85,0.9999999999999998
429.90000000000003,0.9999999999999998
429.95000000000005,0.9999999999999998
430.0,0.9999999999999998
430.05,0.9999999999999998
430.1,0.9999999999999998
430.15000000000003,0.9999999999999998
430.20000000000005,0.9999999999999998
430.25,0.9999999999999998
430.3,0.9999999999999998
430.35,0.9999999999999998
430.40000000000003,0.9999999999999998
430.45000000000005,0.9999999999999998
430.5,0.9999999999999998
430.55,0.9999999999999998
430.6,0.9999999999999998
430.65000000000003,0.9999999999999998
430.70000000000005,0.9999999999999998
430.75,0.9999999999999998
430.8,0.9999999999999998
430.85,0.9999999999999998
430.90000000000003,0.9999999999999998
430.95000000000005,0.9999999999999998
431.0,0.9999999999999998
431.05,0.9999999999999998
431.1,0.9999999999999998
431.15000000000003,0.9999999999999998
431.20000000000005,0.9999999999999998
431.25,0.9999999999999998
431.3,0.9999999999999998
431.35,0.9999999999999998
431.40000000000003,0.9999999999999998
431.45000000000005,0.9999999999999998
431.5,0.9999999999999998
431.55,0.9999999999999998
431.6,0.9999999999999998
431.65000000000003,0.9999999999999998
431.70000000000005,0.9999999999999998
431.75,0.9999999999999998
431.8,0.9999999999999998
431.85,0.9999999999999998
431.90000000000003,0.9999999999999998
431.95000000000005,0.9999999999999998
432.0,0.9999999999999998
432.05,0.9999999999999998
432.1,0.9999999999999998
432.15000000000003,0.9999999999999998
432.20000000000005,0.9999999999999998
432.25,0.9999999999999998
432.3,0.9999999999999998
432.35,0.9999999999999998
432.40000000000003,0.9999999999999998
432.45000000000005,0.9999999999999998
432.5,0.9999999999999998
432.55,0.9999999999999998
432.6,0.9999999999999998
432.65000000000003,0.9999999999999998
432.70000000000005,0.9999999999999998
432.75,0.9999999999999998
432.8,0.9999999999999998
432.85,0.9999999999999998
432.90000000000003,0.9999999999999998
432.95000000000005,0.9999999999999998
433.0,0.9999999999999998
433.05,0.9999999999999998
433.1,0.9999999999999998
433.15000000000003,0.9999999999999998
433.20000000000005,0.9999999999999998
433.25,0.9999999999999998
433.3,0.9999999999999998
433.35,0.9999999999999998
433.40000000000003,0.9999999999999998
433.45000000000005,0.9999999999999998
433.5,0.9999999999999998
433.55,0.9999999999999998
433.6,0.9999999999999998
433.65000000000003,0.9999999999999998
433.70000000000005,0.9999999999999998
433.75,0.9999999999999998
433.8,0.9999999999999998
433.85,0.9999999999999998
433.90000000000003,0.9999999999999998
433.95000000000005,0.9999999999999998
434.0,0.9999999999999998
434.05,0.9999999999999998
434.1,0.9999999999999998
434.15000000000003,0.9999999999999998
434.20000000000005,0.9999999999999998
434.25,0.9999999999999998
434.3,0.9999999999999998
434.35,0.9999999999999998
434.40000000000003,0.9999999999999998
434.45000000000005,0.9999999999999998
434.5,0.9999999999999998
434.55,0.9999999999999998
434.6,0.9999999999999998
434.65000000000003,0.9999999999999998
434.70000000000005,0.9999999999999998
434.75,0.9999999999999998
434.8,0.9999999999999998
434.85,0.9999999999999998
434.90000000000003,0.9999999999999998
434.95000000000005,0.9999999999999998
435.0,0.9999999999999998
435.05,0.9999999999999998
435.1,0.9999999999999998
435.15000000000003,0.9999999999999998
435.20000000000005,0.9999999999999998
435.25,0.9999999999999998
435.3,0.9999999999999998
435.35,0.9999999999999998
435.40000000000003,0.9999999999999998
435.45000000000005,0.9999999999999998
435.5,0.9999999999999998
435.55,0.9999999999999998
435.6,0.9999999999999998
435.65000000000003,0.9999999999999998
435.70000000000005,0.9999999999999998
435.75,0.9999999999999998
435.8,0.9999999999999998
435.85,0.9999999999999998
435.90000000000003,0.9999999999999998
435.95000000000005,0.9999999999999998
436.0,0.9999999999999998
436.05,0.9999999999999998
436.1,0.9999999999999998
436.15000000000003,0.9999999999999998
436.20000000000005,0.9999999999999998
436.25,0.9999999999999998
436.3,0.9999999999999998
436.35,0.9999999999999998
436.40000000000003,0.9999999999999998
436.45000000000005,0.9999999999999998
436.5,0.9999999999999998
436.55,0.9999999999999998
436.6,0.9999999999999998
436.65000000000003,0.9999999999999998
436.70000000000005,0.9999999999999998
436.75,0.9999999999999998
436.8,0.9999999999999998
436.85,0.9999999999999998
436.90000000000003,0.9999999999999998
436.95000000000005,0.9999999999999998
437.0,0.9999999999999998
437.05,0.9999999999999998
437.1,0.9999999999999998
437.15000000000003,0.9999999999999998
437.20000000000005,0.9999999999999998
437.25,0.9999999999999998
437.3,0.9999999999999998
437.35,0.9999999999999998
437.40000000000003,0.9999999999999998
437.45000000000005,0.9999999999999998
437.5,0.9999999999999998
437.55,0.9999999999999998
437.6,0.9999999999999998
437.65000000000003,0.9999999999999998
437.70000000000005,0.9999999999999998
437.75,0.9999999999999998
437.8,0.9999999999999998
437.85,0.9999999999999998
437.90000000000003,0.9999999999999998
437.95000000000005,0.9999999999999998
438.0,0.9999999999999998
438.05,0.9999999999999998
438.1,0.9999999999999998
438.15000000000003,0.9999999999999998
438.20000000000005,0.9999999999999998
438.25,0.9999999999999998
438.3,0.9999999999999998
438.35,0.9999999999999998
438.40000000000003,0.9999999999999998
438.45000000000005,0.9999999999999998
438.5,0.9999999999999998
438.55,0.9999999999999998
438.6,0.9999999999999998
438.65000000000003,0.9999999999999998
438.70000000000005,0.9999999999999998
438.75,0.9999999999999998
438.8,0.9999999999999998
438.85,0.9999999999999998
438.90000000000003,0.9999999999999998
438.95000000000005,0.9999999999999998
439.0,0.9999999999999998
439.05,0.9999999999999998
439.1,0.9999999999999998
439.15000000000003,0.9999999999999998
439.20000000000005,0.9999999999999998
439.25,0.9999999999999998
439.3,0.9999999999999998
439.35,0.9999999999999998
439.40000000000003,0.9999999999999998
439.45000000000005,0.9999999999999998
439.5,0.9999999999999998
439.55,0.9999999999999998
439.6,0.9999999999999998
439.65000000000003,0.9999999999999998
439.70000000000005,0.9999999999999998
439.75,0.9999999999999998
439.8,0.9999999999999998
439.85,0.9999999999999998
439.90000000000003,0.9999999999999998
439.95000000000005,0.9999999999999998
440.0,0.9999999999999998
440.05,0.9999999999999998
440.1,0.9999999999999998
440.15000000000003,0.9999999999999998
440.20000000000005,0.9999999999999998
440.25,0.9999999999999998
440.3,0.9999999999999998
440.35,0.9999999999999998
440.40000000000003,0.9999999999999998
440.45000000000005,0.9999999999999998
440.5,0.9999999999999998
440.55,0.9999999999999998
440.6,0.9999999999999998
440.65000000000003,0.9999999999999998
440.70000000000005,0.9999999999999998
440.75,0.9999999999999998
440.8,0.9999999999999998
440.85,0.9999999999999998
440.90000000000003,0.9999999999999998
440.95000000000005,0.9999999999999998
441.0,0.9999999999999998
441.05,0.9999999999999998
441.1,0.9999999999999998
441.15000000000003,0.9999999999999998
441.20000000000005,0.9999999999999998
441.25,0.9999999999999998
441.3,0.9999999999999998
441.35,0.9999999999999998
441.40000000000003,0.9999999999999998
441.45000000000005,0.9999999999999998
441.5,0.9999999999999998
441.55,0.9999999999999998
441.6,0.9999999999999998
441.65000000000003,0.9999999999999998
441.70000000000005,0.9999999999999998
441.75,0.9999999999999998
441.8,0.9999999999999998
441.85,0.9999999999999998
441.90000000000003,0.9999999999999998
441.95000000000005,0.9999999999999998
442.0,0.9999999999999998
442.05,0.9999999999999998
442.1,0.9999999999999998
442.15000000000003,0.9999999999999998
442.20000000000005,0.9999999999999998
442.25,0.9999999999999998
442.3,0.9999999999999998
442.35,0.9999999999999998
442.40000000000003,0.9999999999999998
442.45000000000005,0.9999999999999998
442.5,0.9999999999999998
442.55,0.9999999999999998
442.6,0.9999999999999998
442.65000000000003,0.9999999999999998
442.70000000000005,0.9999999999999998
442.75,0.9999999999999998
442.8,0.9999999999999998
442.85,0.9999999999999998
442.90000000000003,0.9999999999999998
442.95000000000005,0.9999999999999998
443.0,0.9999999999999998
443.05,0.9999999999999998
443.1,0.9999999999999998
443.15000000000003,0.9999999999999998
443.20000000000005,0.9999999999999998
443.25,0.9999999999999998
443.3,0.9999999999999998
443.35,0.9999999999999998
443.40000000000003,0.9999999999999998
443.45000000000005,0.9999999999999998
443.5,0.9999999999999998
443.55,0.9999999999999998
443.6,0.9999999999999998
443.65000000000003,0.9999999999999998
443.70000000000005,0.9999999999999998
443.75,0.9999999999999998
443.8,0.9999999999999998
443.85,0.9999999999999998
443.90000000000003,0.9999999999999998
443.95000000000005,0.9999999999999998
444.0,0.9999999999999998
444.05,0.9999999999999998
444.1,0.9999999999999998
444.15000000000003,0.9999999999999998
444.20000000000005,0.9999999999999998
444.25,0.9999999999999998
444.3,0.9999999999999998
444.35,0.9999999999999998
444.40000000000003,0.9999999999999998
444.45000000000005,0.9999999999999998
444.5,0.9999999999999998
444.55,0.9999999999999998
444.6,0.9999999999999998
444.65000000000003,0.9999999999999998
444.70000000000005,0.9999999999999998
444.75,0.9999999999999998
444.8,0.9999999999999998
444.85,0.9999999999999998
444.90000000000003,0.9999999999999998
444.95000000000005,0.9999999999999998
445.0,0.9999999999999998
445.05,0.9999999999999998
445.1,0.9999999999999998
445.15000000000003,0.9999999999999998
445.20000000000005,0.9999999999999998
445.25,0.9999999999999998
445.3,0.9999999999999998
445.35,0.9999999999999998
445.40000000000003,0.9999999999999998
445.45000000000005,0.9999999999999998
445.5,0.9999999999999998
445.55,0.9999999999999998
445.6,0.9999999999999998
445.65000000000003,0.9999999999999998
445.70000000000005,0.9999999999999998
445.75,0.9999999999999998
445.8,0.9999999999999998
445.85,0.9999999999999998
445.90000000000003,0.9999999999999998
445.95000000000005,0.9999999999999998
446.0,0.9999999999999998
446.05,0.9999999999999998
446.1,0.9999999999999998
446.15000000000003,0.9999999999999998
446.20000000000005,0.9999999999999998
446.25,0.9999999999999998
446.3,0.9999999999999998
446.35,0.9999999999999998
446.40000000000003,0.9999999999999998
446.45000000000005,0.9999999999999998
446.5,0.9999999999999998
446.55,0.9999999999999998
446.6,0.9999999999999998
446.65000000000003,0.9999999999999998
446.70000000000005,0.9999999999999998
446.75,0.9999999999999998
446.8,0.9999999999999998
446.85,0.9999999999999998
446.90000000000003,0.9999999999999998
446.95000000000005,0.9999999999999998
447.0,0.9999999999999998
447.05,0.9999999999999998
447.1,0.9999999999999998
447.15000000000003,0.9999999999999998
447.20000000000005,0.9999999999999998
447.25,0.9999999999999998
447.3,0.9999999999999998
447.35,0.9999999999999998
447.40000000000003,0.9999999999999998
447.45000000000005,0.9999999999999998
447.5,0.9999999999999998
447.55,0.9999999999999998
447.6,0.9999999999999998
447.65000000000003,0.9999999999999998
447.70000000000005,0.9999999999999998
447.75,0.9999999999999998
447.8,0.9999999999999998
447.85,0.9999999999999998
447.90000000000003,0.9999999999999998
447.95000000000005,0.9999999999999998
448.0,0.9999999999999998
448.05,0.9999999999999998
448.1,0.9999999999999998
448.15000000000003,0.9999999999999998
448.20000000000005,0.9999999999999998
448.25,0.9999999999999998
448.3,0.9999999999999998
448.35,0.9999999999999998
448.40000000000003,0.9999999999999998
448.45000000000005,0.9999999999999998
448.5,0.9999999999999998
448.55,0.9999999999999998
448.6,0.9999999999999998
448.65000000000003,0.9999999999999998
448.70000000000005,0.9999999999999998
448.75,0.9999999999999998
448.8,0.9999999999999998
448.85,0.9999999999999998
448.90000000000003,0.9999999999999998
448.95000000000005,0.9999999999999998
449.0,0.9999999999999998
449.05,0.9999999999999998
449.1,0.9999999999999998
449.15000000000003,0.9999999999999998
449.20000000000005,0.9999999999999998
449.25,0.9999999999999998
449.3,0.9999999999999998
449.35,0.9999999999999998
449.40000000000003,0.9999999999999998
449.45000000000005,0.9999999999999998
449.5,0.9999999999999998
449.55,0.9999999999999998
449.6,0.9999999999999998
449.65000000000003,0.9999999999999998
449.70000000000005,0.9999999999999998
449.75,0.9999999999999998
449.8,0.9999999999999998
449.85,0.9999999999999998
449.90000000000003,0.9999999999999998
449.95000000000005,0.9999999999999998
450.0,0.9999999999999998
450.05,0.9999999999999998
450.1,0.9999999999999998
450.15000000000003,0.9999999999999998
450.20000000000005,0.9999999999999998
450.25,0.9999999999999998
450.3,0.9999999999999998
450.35,0.9999999999999998
450.40000000000003,0.9999999999999998
450.45000000000005,0.9999999999999998
450.5,0.9999999999999998
450.55,0.9999999999999998
450.6,0.9999999999999998
450.65000000000003,0.9999999999999998
450.70000000000005,0.9999999999999998
450.75,0.9999999999999998
450.8,0.9999999999999998
450.85,0.9999999999999998
450.90000000000003,0.9999999999999998
450.95000000000005,0.9999999999999998
451.0,0.9999999999999998
451.05,0.9999999999999998
451.1,0.9999999999999998
451.15000000000003,0.9999999999999998
451.20000000000005,0.9999999999999998
451.25,0.9999999999999998
451.3,0.9999999999999998
451.35,0.9999999999999998
451.40000000000003,0.9999999999999998
451.45000000000005,0.9999999999999998
451.5,0.9999999999999998
451.55,0.9999999999999998
451.6,0.9999999999999998
451.65000000000003,0.9999999999999998
451.70000000000005,0.9999999999999998
451.75,0.9999999999999998
451.8,0.9999999999999998
451.85,0.9999999999999998
451.90000000000003,0.9999999999999998
451.95000000000005,0.9999999999999998
452.0,0.9999999999999998
452.05,0.9999999999999998
452.1,0.9999999999999998
452.15000000000003,0.9999999999999998
452.20000000000005,0.9999999999999998
452.25,0.9999999999999998
452.3,0.9999999999999998
452.35,0.9999999999999998
452.40000000000003,0.9999999999999998
452.45000000000005,0.9999999999999998
452.5,0.9999999999999998
452.55,0.9999999999999998
452.6,0.9999999999999998
452.65000000000003,0.9999999999999998
452.70000000000005,0.9999999999999998
452.75,0.9999999999999998
452.8,0.9999999999999998
452.85,0.9999999999999998
452.90000000000003,0.9999999999999998
452.95000000000005,0.9999999999999998
453.0,0.9999999999999998
453.05,0.9999999999999998
453.1,0.9999999999999998
453.15000000000003,0.9999999999999998
453.20000000000005,0.9999999999999998
453.25,0.9999999999999998
453.3,0.9999999999999998
453.35,0.9999999999999998
453.40000000000003,0.9999999999999998
453.45000000000005,0.9999999999999998
453.5,0.9999999999999998
453.55,0.9999999999999998
453.6,0.9999999999999998
453.65000000000003,0.9999999999999998
453.70000000000005,0.9999999999999998
453.75,0.9999999999999998
453.8,0.9999999999999998
453.85,0.9999999999999998
453.90000000000003,0.9999999999999998
453.95000000000005,0.9999999999999998
454.0,0.9999999999999998
454.05,0.9999999999999998
454.1,0.9999999999999998
454.15000000000003,0.9999999999999998
454.20000000000005,0.9999999999999998
454.25,0.9999999999999998
454.3,0.9999999999999998
454.35,0.9999999999999998
454.40000000000003,0.9999999999999998
454.45000000000005,0.9999999999999998
454.5,0.9999999999999998
454.55,0.9999999999999998
454.6,0.9999999999999998
454.65000000000003,0.9999999999999998
454.70000000000005,0.9999999999999998
454.75,0.9999999999999998
454.8,0.9999999999999998
454.85,0.9999999999999998
454.90000000000003,0.9999999999999998
454.95000000000005,0.9999999999999998
455.0,0.9999999999999998
455.05,0.9999999999999998
455.1,0.9999999999999998
455.15000000000003,0.9999999999999998
455.20000000000005,0.9999999999999998
455.25,0.9999999999999998
455.3,0.9999999999999998
455.35,0.9999999999999998
455.40000000000003,0.9999999999999998
455.45000000000005,0.9999999999999998
455.5,0.9999999999999998
455.55,0.9999999999999998
455.6,0.9999999999999998
455.65000000000003,0.9999999999999998
455.70000000000005,0.9999999999999998
455.75,0.9999999999999998
455.8,0.9999999999999998
455.85,0.9999999999999998
455.90000000000003,0.9999999999999998
455.95000000000005,0.9999999999999998
456.0,0.9999999999999998
456.05,0.9999999999999998
456.1,0.9999999999999998
456.15000000000003,0.9999999999999998
456.20000000000005,0.9999999999999998
456.25,0.9999999999999998
456.3,0.9999999999999998
456.35,0.9999999999999998
456.40000000000003,0.9999999999999998
456.45000000000005,0.9999999999999998
456.5,0.9999999999999998
456.55,0.9999999999999998
456.6,0.9999999999999998
456.65000000000003,0.9999999999999998
456.70000000000005,0.9999999999999998
456.75,0.9999999999999998
456.8,0.9999999999999998
456.85,0.9999999999999998
456.90000000000003,0.9999999999999998
456.95000000000005,0.9999999999999998
457.0,0.9999999999999998
457.05,0.9999999999999998
457.1,0.9999999999999998
457.15000000000003,0.9999999999999998
457.20000000000005,0.9999999999999998
457.25,0.9999999999999998
457.3,0.9999999999999998
457.35,0.9999999999999998
457.40000000000003,0.9999999999999998
457.45000000000005,0.9999999999999998
457.5,0.9999999999999998
457.55,0.9999999999999998
457.6,0.9999999999999998
457.65000000000003,0.9999999999999998
457.70000000000005,0.9999999999999998
457.75,0.9999999999999998
457.8,0.9999999999999998
457.85,0.9999999999999998
457.90000000000003,0.9999999999999998
457.95000000000005,0.9999999999999998
458.0,0.9999999999999998
458.05,0.9999999999999998
458.1,0.9999999999999998
458.15000000000003,0.9999999999999998
458.20000000000005,0.9999999999999998
458.25,0.9999999999999998
458.3,0.9999999999999998
458.35,0.9999999999999998
458.40000000000003,0.9999999999999998
458.45000000000005,0.9999999999999998
458.5,0.9999999999999998
458.55,0.9999999999999998
458.6,0.9999999999999998
458.65000000000003,0.9999999999999998
458.70000000000005,0.9999999999999998
458.75,0.9999999999999998
458.8,0.9999999999999998
458.85,0.9999999999999998
458.90000000000003,0.9999999999999998
458.95000000000005,0.9999999999999998
459.0,0.9999999999999998
459.05,0.9999999999999998
459.1,0.9999999999999998
459.15000000000003,0.9999999999999998
459.20000000000005,0.9999999999999998
459.25,0.9999999999999998
459.3,0.9999999999999998
459.35,0.9999999999999998
459.40000000000003,0.9999999999999998
459.45000000000005,0.9999999999999998
459.5,0.9999999999999998
459.55,0.9999999999999998
459.6,0.9999999999999998
459.65000000000003,0.9999999999999998
459.70000000000005,0.9999999999999998
459.75,0.9999999999999998
459.8,0.9999999999999998
459.85,0.9999999999999998
459.90000000000003,0.9999999999999998
459.95000000000005,0.9999999999999998
460.0,0.9999999999999998
460.05,0.9999999999999998
460.1,0.9999999999999998
460.15000000000003,0.9999999999999998
460.20000000000005,0.9999999999999998
460.25,0.9999999999999998
460.3,0.9999999999999998
460.35,0.9999999999999998
460.40000000000003,0.9999999999999998
460.45000000000005,0.9999999999999998
460.5,0.9999999999999998
460.55,0.9999999999999998
460.6,0.9999999999999998
460.65000000000003,0.9999999999999998
460.70000000000005,0.9999999999999998
460.75,0.9999999999999998
460.8,0.9999999999999998
460.85,0.9999999999999998
460.90000000000003,0.9999999999999998
460.95000000000005,0.9999999999999998
461.0,0.9999999999999998
461.05,0.9999999999999998
461.1,0.9999999999999998
461.15000000000003,0.9999999999999998
461.20000000000005,0.9999999999999998
461.25,0.9999999999999998
461.3,0.9999999999999998
461.35,0.9999999999999998
461.40000000000003,0.9999999999999998
461.45000000000005,0.9999999999999998
461.5,0.9999999999999998
461.55,0.9999999999999998
461.6,0.9999999999999998
461.65000000000003,0.9999999999999998
461.70000000000005,0.9999999999999998
461.75,0.9999999999999998
461.8,0.9999999999999998
461.85,0.9999999999999998
461.90000000000003,0.9999999999999998
461.95000000000005,0.9999999999999998
462.0,0.9999999999999998
462.05,0.9999999999999998
462.1,0.9999999999999998
462.15000000000003,0.9999999999999998
462.20000000000005,0.9999999999999998
462.25,0.9999999999999998
462.3,0.9999999999999998
462.35,0.9999999999999998
462.40000000000003,0.9999999999999998
462.45000000000005,0.9999999999999998
462.5,0.9999999999999998
462.55,0.9999999999999998
462.6,0.9999999999999998
462.65000000000003,0.9999999999999998
462.70000000000005,0.9999999999999998
462.75,0.9999999999999998
462.8,0.9999999999999998
462.85,0.9999999999999998
462.90000000000003,0.9999999999999998
462.95000000000005,0.9999999999999998
463.0,0.9999999999999998
463.05,0.9999999999999998
463.1,0.9999999999999998
463.15000000000003,0.9999999999999998
463.20000000000005,0.9999999999999998
463.25,0.9999999999999998
463.3,0.9999999999999998
463.35,0.9999999999999998
463.40000000000003,0.9999999999999998
463.45000000000005,0.9999999999999998
463.5,0.9999999999999998
463.55,0.9999999999999998
463.6,0.9999999999999998
463.65000000000003,0.9999999999999998
463.70000000000005,0.9999999999999998
463.75,0.9999999999999998
463.8,0.9999999999999998
463.85,0.9999999999999998
463.90000000000003,0.9999999999999998
463.95000000000005,0.9999999999999998
464.0,0.9999999999999998
464.05,0.9999999999999998
464.1,0.9999999999999998
464.15000000000003,0.9999999999999998
464.20000000000005,0.9999999999999998
464.25,0.9999999999999998
464.3,0.9999999999999998
464.35,0.9999999999999998
464.40000000000003,0.9999999999999998
464.45000000000005,0.9999999999999998
464.5,0.9999999999999998
464.55,0.9999999999999998
464.6,0.9999999999999998
464.65000000000003,0.9999999999999998
464.70000000000005,0.9999999999999998
464.75,0.9999999999999998
464.8,0.9999999999999998
464.85,0.9999999999999998
464.90000000000003,0.9999999999999998
464.95000000000005,0.9999999999999998
465.0,0.9999999999999998
465.05,0.9999999999999998
465.1,0.9999999999999998
465.15000000000003,0.9999999999999998
465.20000000000005,0.9999999999999998
465.25,0.9999999999999998
465.3,0.9999999999999998
465.35,0.9999999999999998
465.40000000000003,0.9999999999999998
465.45000000000005,0.9999999999999998
465.5,0.9999999999999998
465.55,0.9999999999999998
465.6,0.9999999999999998
465.65000000000003,0.9999999999999998
465.70000000000005,0.9999999999999998
465.75,0.9999999999999998
465.8,0.9999999999999998
465.85,0.9999999999999998
465.90000000000003,0.9999999999999998
465.95000000000005,0.9999999999999998
466.0,0.9999999999999998
466.05,0.9999999999999998
466.1,0.9999999999999998
466.15000000000003,0.9999999999999998
466.20000000000005,0.9999999999999998
466.25,0.9999999999999998
466.3,0.9999999999999998
466.35,0.9999999999999998
466.40000000000003,0.9999999999999998
466.45000000000005,0.9999999999999998
466.5,0.9999999999999998
466.55,0.9999999999999998
466.6,0.9999999999999998
466.65000000000003,0.9999999999999998
466.70000000000005,0.9999999999999998
466.75,0.9999999999999998
466.8,0.9999999999999998
466.85,0.9999999999999998
466.90000000000003,0.9999999999999998
466.95000000000005,0.9999999999999998
467.0,0.9999999999999998
467.05,0.9999999999999998
467.1,0.9999999999999998
467.15000000000003,0.9999999999999998
467.20000000000005,0.9999999999999998
467.25,0.9999999999999998
467.3,0.9999999999999998
467.35,0.9999999999999998
467.40000000000003,0.9999999999999998
467.45000000000005,0.9999999999999998
467.5,0.9999999999999998
467.55,0.9999999999999998
467.6,0.9999999999999998
467.65000000000003,0.9999999999999998
467.70000000000005,0.9999999999999998
467.75,0.9999999999999998
467.8,0.9999999999999998
467.85,0.9999999999999998
467.90000000000003,0.9999999999999998
467.95000000000005,0.9999999999999998
468.0,0.9999999999999998
468.05,0.9999999999999998
468.1,0.9999999999999998
468.15000000000003,0.9999999999999998
468.20000000000005,0.9999999999999998
468.25,0.9999999999999998
468.3,0.9999999999999998
468.35,0.9999999999999998
468.40000000000003,0.9999999999999998
468.45000000000005,0.9999999999999998
468.5,0.9999999999999998
468.55,0.9999999999999998
468.6,0.9999999999999998
468.65000000000003,0.9999999999999998
468.70000000000005,0.9999999999999998
468.75,0.9999999999999998
468.8,0.9999999999999998
468.85,0.9999999999999998
468.90000000000003,0.9999999999999998
468.95000000000005,0.9999999999999998
469.0,0.9999999999999998
469.05,0.9999999999999998
469.1,0.9999999999999998
469.15000000000003,0.9999999999999998
469.20000000000005,0.9999999999999998
469.25,0.9999999999999998
469.3,0.9999999999999998
469.35,0.9999999999999998
469.40000000000003,0.9999999999999998
469.45000000000005,0.9999999999999998
469.5,0.9999999999999998
469.55,0.9999999999999998
469.6,0.9999999999999998
469.65000000000003,0.9999999999999998
469.70000000000005,0.9999999999999998
469.75,0.9999999999999998
469.8,0.9999999999999998
469.85,0.9999999999999998
469.90000000000003,0.9999999999999998
469.95000000000005,0.9999999999999998
470.0,0.9999999999999998
470.05,0.9999999999999998
470.1,0.9999999999999998
470.15000000000003,0.9999999999999998
470.20000000000005,0.9999999999999998
470.25,0.9999999999999998
470.3,0.9999999999999998
470.35,0.9999999999999998
470.40000000000003,0.9999999999999998
470.45000000000005,0.9999999999999998
470.5,0.9999999999999998
470.55,0.9999999999999998
470.6,0.9999999999999998
470.65000000000003,0.9999999999999998
470.70000000000005,0.9999999999999998
470.75,0.9999999999999998
470.8,0.9999999999999998
470.85,0.9999999999999998
470.90000000000003,0.9999999999999998
470.95000000000005,0.9999999999999998
471.0,0.9999999999999998
471.05,0.9999999999999998
471.1,0.9999999999999998
471.15000000000003,0.9999999999999998
471.20000000000005,0.9999999999999998
471.25,0.9999999999999998
471.3,0.9999999999999998
471.35,0.9999999999999998
471.40000000000003,0.9999999999999998
471.45000000000005,0.9999999999999998
471.5,0.9999999999999998
471.55,0.9999999999999998
471.6,0.9999999999999998
471.65000000000003,0.9999999999999998
471.70000000000005,0.9999999999999998
471.75,0.9999999999999998
471.8,0.9999999999999998
471.85,0.9999999999999998
471.90000000000003,0.9999999999999998
471.95000000000005,0.9999999999999998
472.0,0.9999999999999998
472.05,0.9999999999999998
472.1,0.9999999999999998
472.15000000000003,0.9999999999999998
472.20000000000005,0.9999999999999998
472.25,0.9999999999999998
472.3,0.9999999999999998
472.35,0.9999999999999998
472.40000000000003,0.9999999999999998
472.45000000000005,0.9999999999999998
472.5,0.9999999999999998
472.55,0.9999999999999998
472.6,0.9999999999999998
472.65000000000003,0.9999999999999998
472.70000000000005,0.9999999999999998
472.75,0.9999999999999998
472.8,0.9999999999999998
472.85,0.9999999999999998
472.90000000000003,0.9999999999999998
472.95000000000005,0.9999999999999998
473.0,0.9999999999999998
473.05,0.9999999999999998
473.1,0.9999999999999998
473.15000000000003,0.9999999999999998
473.20000000000005,0.9999999999999998
473.25,0.9999999999999998
473.3,0.9999999999999998
473.35,0.9999999999999998
473.40000000000003,0.9999999999999998
473.45000000000005,0.9999999999999998
473.5,0.9999999999999998
473.55,0.9999999999999998
473.6,0.9999999999999998
473.65000000000003,0.9999999999999998
473.70000000000005,0.9999999999999998
473.75,0.9999999999999998
473.8,0.9999999999999998
473.85,0.9999999999999998
473.90000000000003,0.9999999999999998
473.95000000000005,0.9999999999999998
474.0,0.9999999999999998
474.05,0.9999999999999998
474.1,0.9999999999999998
474.15000000000003,0.9999999999999998
474.20000000000005,0.9999999999999998
474.25,0.9999999999999998
474.3,0.9999999999999998
474.35,0.9999999999999998
474.40000000000003,0.9999999999999998
474.45000000000005,0.9999999999999998
474.5,0.9999999999999998
474.55,0.9999999999999998
474.6,0.9999999999999998
474.65000000000003,0.9999999999999998
474.70000000000005,0.9999999999999998
474.75,0.9999999999999998
474.8,0.9999999999999998
474.85,0.9999999999999998
474.90000000000003,0.9999999999999998
474.95000000000005,0.9999999999999998
475.0,0.9999999999999998
475.05,0.9999999999999998
475.1,0.9999999999999998
475.15000000000003,0.9999999999999998
475.20000000000005,0.9999999999999998
475.25,0.9999999999999998
475.3,0.9999999999999998
475.35,0.9999999999999998
475.40000000000003,0.9999999999999998
475.45000000000005,0.9999999999999998
475.5,0.9999999999999998
475.55,0.9999999999999998
475.6,0.9999999999999998
475.65000000000003,0.9999999999999998
475.70000000000005,0.9999999999999998
475.75,0.9999999999999998
475.8,0.9999999999999998
475.85,0.9999999999999998
475.90000000000003,0.9999999999999998
475.95000000000005,0.9999999999999998
476.0,0.9999999999999998
476.05,0.9999999999999998
476.1,0.9999999999999998
476.15000000000003,0.9999999999999998
476.20000000000005,0.9999999999999998
476.25,0.9999999999999998
476.3,0.9999999999999998
476.35,0.9999999999999998
476.40000000000003,0.9999999999999998
476.45000000000005,0.9999999999999998
476.5,0.9999999999999998
476.55,0.9999999999999998
476.6,0.9999999999999998
476.65000000000003,0.9999999999999998
476.70000000000005,0.9999999999999998
476.75,0.9999999999999998
476.8,0.9999999999999998
476.85,0.9999999999999998
476.90000000000003,0.9999999999999998
476.95000000000005,0.9999999999999998
477.0,0.9999999999999998
477.05,0.9999999999999998
477.1,0.9999999999999998
477.15000000000003,0.9999999999999998
477.20000000000005,0.9999999999999998
477.25,0.9999999999999998
477.3,0.9999999999999998
477.35,0.9999999999999998
477.40000000000003,0.9999999999999998
477.45000000000005,0.9999999999999998
477.5,0.9999999999999998
477.55,0.9999999999999998
477.6,0.9999999999999998
477.65000000000003,0.9999999999999998
477.70000000000005,0.9999999999999998
477.75,0.9999999999999998
477.8,0.9999999999999998
477.85,0.9999999999999998
477.90000000000003,0.9999999999999998
477.95000000000005,0.9999999999999998
478.0,0.9999999999999998
478.05,0.9999999999999998
478.1,0.9999999999999998
478.15000000000003,0.9999999999999998
478.20000000000005,0.9999999999999998
478.25,0.9999999999999998
478.3,0.9999999999999998
478.35,0.9999999999999998
478.40000000000003,0.9999999999999998
478.45000000000005,0.9999999999999998
478.5,0.9999999999999998
478.55,0.9999999999999998
478.6,0.9999999999999998
478.65000000000003,0.9999999999999998
478.70000000000005,0.9999999999999998
478.75,0.9999999999999998
478.8,0.9999999999999998
478.85,0.9999999999999998
478.90000000000003,0.9999999999999998
478.95000000000005,0.9999999999999998
479.0,0.9999999999999998
479.05,0.9999999999999998
479.1,0.9999999999999998
479.15000000000003,0.9999999999999998
479.20000000000005,0.9999999999999998
479.25,0.9999999999999998
479.3,0.9999999999999998
479.35,0.9999999999999998
479.40000000000003,0.9999999999999998
479.45000000000005,0.9999999999999998
479.5,0.9999999999999998
479.55,0.9999999999999998
479.6,0.9999999999999998
479.65000000000003,0.9999999999999998
479.70000000000005,0.9999999999999998
479.75,0.9999999999999998
479.8,0.9999999999999998
479.85,0.9999999999999998
479.90000000000003,0.9999999999999998
479.95000000000005,0.9999999999999998
480.0,0.9999999999999998
