,GA_Balanced
0.0,0.30916271881593166
0.05,0.3091830731000153
0.1,0.3092761302463959
0.15000000000000002,0.30939388212850566
0.2,0.3095168214879415
0.25,0.30964512124273813
0.30000000000000004,0.30983311067813046
0.35000000000000003,0.3100578415564066
0.4,0.310333790176199
0.45,0.3106225218713067
0.5,0.31093954658079676
0.55,0.31127809143468715
0.6000000000000001,0.31164249539543276
0.65,0.31202222758633474
0.7000000000000001,0.31242356443575114
0.75,0.31284108896410584
0.8,0.313275251665606
0.8500000000000001,0.31372650342883784
0.9,0.314195294771331
0.9500000000000001,0.31468291067551235
1.0,0.31519039706793306
1.05,0.3157168780761004
1.1,0.316262798632558
1.1500000000000001,0.3168287239626397
1.2000000000000002,0.31741500851369425
1.25,0.31802204454735566
1.3,0.31865025322727214
1.35,0.31930004724883415
1.4000000000000001,0.31997182982171135
1.4500000000000002,0.32066599363876447
1.5,0.3213829198339794
1.55,0.3221229769322067
1.6,0.3228865197936177
1.6500000000000001,0.323673888555904
1.7000000000000002,0.3244854075773644
1.75,0.32532138438411395
1.8,0.32618211019993965
1.85,0.3270678543216932
1.9000000000000001,0.32797886750356653
1.9500000000000002,0.3289153796186821
2.0,0.3298775986249212
2.0500000000000003,0.33086570960906886
2.1,0.33189487845231275
2.15,0.33295411325386565
2.2,0.33404058101543077
2.25,0.33515439993368595
2.3000000000000003,0.33629566148450785
2.35,0.3374644296484356
2.4000000000000004,0.33866074018255304
2.45,0.3398845999420069
2.5,0.3411359862542678
2.5500000000000003,0.34241818780636935
2.6,0.3437311409026775
2.6500000000000004,0.34507166103576503
2.7,0.34643961194698975
2.75,0.3478348257326937
2.8000000000000003,0.34925835104380915
2.85,0.3507464196581415
2.9000000000000004,0.35226721643726244
2.95,0.35381635954706037
3.0,0.35539359145206695
3.0500000000000003,0.35699862334494514
3.1,0.35863204188852416
3.1500000000000004,0.36029309337460524
3.2,0.361980962602806
3.25,0.36369523981738805
3.3000000000000003,0.3654354851603761
3.35,0.36720122910477243
3.4000000000000004,0.36899197295604
3.45,0.37080718942080815
3.5,0.37264632324150504
3.5500000000000003,0.37450879189538466
3.6,0.37639398635617494
3.6500000000000004,0.378301271916346
3.7,0.3802299890677763
3.75,0.3821830454831156
3.8000000000000003,0.3841678229033826
3.85,0.3861726097581082
3.9000000000000004,0.38819668107726646
3.95,0.3902392925909488
4.0,0.39229968187484626
4.05,0.3943770695312315
4.1000000000000005,0.39647165569359216
4.15,0.39862094897226885
4.2,0.4008146768778572
4.25,0.40302696814715794
4.3,0.40525552233376083
4.3500000000000005,0.40750602131504005
4.4,0.4097734297760476
4.45,0.41205523172511205
4.5,0.41435718133802446
4.55,0.4166803219081787
4.6000000000000005,0.41901603147425937
4.65,0.42136356795054764
4.7,0.4237221896154594
4.75,0.4260911561655643
4.800000000000001,0.42846972973837827
4.8500000000000005,0.4308571759009199
4.9,0.43325276460121215
4.95,0.4356557710801215
5.0,0.43806547674113616
5.050000000000001,0.44048899320145407
5.1000000000000005,0.4429196423396943
5.15,0.4453550698975842
5.2,0.44779459271835054
5.25,0.45023753747966316
5.300000000000001,0.4526832412730671
5.3500000000000005,0.4551310521313088
5.4,0.4575803295031562
5.45,0.46003044467555476
5.5,0.4624807811432262
5.550000000000001,0.46493073492606135
5.6000000000000005,0.46737971483490354
5.65,0.46982714268655856
5.7,0.47227245346909213
5.75,0.4747150954586992
5.800000000000001,0.4771545302896344
5.8500000000000005,0.47959023297889264
5.9,0.4820385036755798
5.95,0.4844952872310928
6.0,0.48694798460394495
6.050000000000001,0.4893961578406467
6.1000000000000005,0.49183938228628443
6.15,0.49427724634835024
6.2,0.49672022890961354
6.25,0.4991577912479
6.300000000000001,0.5015893975524768
6.3500000000000005,0.5040147055472441
6.4,0.5064333846724143
6.45,0.5088451156760292
6.5,0.5112495901893455
6.550000000000001,0.5136465102889791
6.6000000000000005,0.5160355880486818
6.65,0.5184165450835798
6.7,0.5207891120896576
6.75,0.5231575148934262
6.800000000000001,0.5255295221014606
6.8500000000000005,0.5279021177569918
6.9,0.5302665067946053
6.95,0.5326230384448202
7.0,0.5349710833323231
7.050000000000001,0.537310398997187
7.1000000000000005,0.5396408143402663
7.15,0.5419621637542104
7.2,0.5442742866901277
7.25,0.5465770272399051
7.300000000000001,0.5488702337355328
7.3500000000000005,0.551153758366643
7.4,0.5534274568173176
7.45,0.5556911879230733
7.5,0.5579448133487841
7.550000000000001,0.560188197288155
7.6000000000000005,0.5624212061852136
7.65,0.564643708478151
7.7,0.5668558280351854
7.75,0.5690573039844781
7.800000000000001,0.5712478954441762
7.8500000000000005,0.5734274768206344
7.9,0.5755959235716501
7.95,0.5777531120839858
8.0,0.5798989195720274
8.05,0.5820332239969689
8.1,0.5841567876362402
8.15,0.5862719244501369
8.200000000000001,0.5884065071056432
8.25,0.5905435431817576
8.3,0.5926704906833526
8.35,0.5947947975357785
8.4,0.5969269073574284
8.450000000000001,0.5990516263814489
8.5,0.6011673708605088
8.55,0.6032738034487493
8.6,0.6053828900716354
8.65,0.6074844157980184
8.700000000000001,0.6095774748534126
8.75,0.6116666228645555
8.8,0.6137500128895326
8.85,0.6158275912637373
8.9,0.6179129829204258
8.950000000000001,0.6199917881822237
9.0,0.622062967788904
9.05,0.6241273771466007
9.1,0.6262003229530058
9.15,0.6282674242536906
9.200000000000001,0.630328057821979
9.25,0.6323828002382152
9.3,0.63443422412164
9.35,0.6364794007380987
9.4,0.6385184206565842
9.450000000000001,0.640551375647812
9.5,0.6425783584593183
9.55,0.6445994625785211
9.600000000000001,0.6466147819841601
9.65,0.6486244108866395
9.700000000000001,0.6506284434578635
9.75,0.6526269735518146
9.8,0.6546200944164455
9.850000000000001,0.6566078983908215
9.9,0.6585904766074077
9.950000000000001,0.6605679186791462
10.0,0.6625403123837462
10.05,0.6645077433439641
10.100000000000001,0.6664702947050589
10.15,0.668428046810647
10.200000000000001,0.6703810768782243
10.25,0.6723294586756472
10.3,0.6742732621998948
10.350000000000001,0.6762125533594444
10.4,0.6781473936616088
10.450000000000001,0.6800778399061758
10.5,0.6820039438866968
10.55,0.6839257521007481
10.600000000000001,0.6858441226990677
10.65,0.6877865260942169
10.700000000000001,0.6897315638357956
10.75,0.691673522359334
10.8,0.6936124446707825
10.850000000000001,0.6955483672734296
10.9,0.6974813199541825
10.950000000000001,0.6994113255868031
11.0,0.701339246819759
11.05,0.7032661213120575
11.100000000000001,0.7051911132918357
11.15,0.7071224748966847
11.200000000000001,0.7090600946958459
11.25,0.7109954916057942
11.3,0.712929510892581
11.350000000000001,0.7148619502777063
11.4,0.7167921660841019
11.450000000000001,0.7187201275442795
11.5,0.7206457963155217
11.55,0.7225691265131982
11.600000000000001,0.7244900647654853
11.65,0.7264085502893355
11.700000000000001,0.7283245149874511
11.75,0.7302378835659296
11.8,0.7321485736721793
11.850000000000001,0.7340564960526086
11.9,0.7359615547295343
11.950000000000001,0.7378636471966684
12.0,0.739762664632476
12.05,0.7416584921306353
12.100000000000001,0.7435510089467638
12.15,0.7454400887605199
12.200000000000001,0.7473255999521302
12.25,0.7492074058923577
12.3,0.7510853652448553
12.350000000000001,0.7529593322798451
12.4,0.754829157197998
12.450000000000001,0.7566946864633767
12.5,0.7585557631442796
12.55,0.7604122272607985
12.600000000000001,0.7622639161378931
12.65,0.7641106647627844
12.700000000000001,0.7659523061454536
12.75,0.7677886716810438
12.8,0.7696195915129744
12.850000000000001,0.7714448948955784
12.9,0.7732644105551031
12.950000000000001,0.7750779670479264
13.0,0.7768853931148823
13.05,0.7786865180306034
13.100000000000001,0.780481171946841
13.15,0.782269186228747
13.200000000000001,0.7840503937831627
13.25,0.7858246293779891
13.3,0.7875917299517753
13.350000000000001,0.7893515349127079
13.4,0.7911038864262459
13.450000000000001,0.7928486296906918
13.5,0.7945856132000616
13.55,0.7963146889936714
13.600000000000001,0.7980357128919149
13.65,0.7997485447177803
13.700000000000001,0.801453048503709
13.75,0.8031490926834721
13.8,0.8048365502687864
13.850000000000001,0.8065152990104796
13.9,0.8081852215440584
13.950000000000001,0.8098462055195988
14.0,0.8114981437159452
14.05,0.8131409341392557
14.100000000000001,0.8147744801059915
14.15,0.8163986903105074
14.200000000000001,0.8180134788774438
14.25,0.8196187653991817
14.3,0.8212144749586641
14.350000000000001,0.8228005381379333
14.4,0.8243768910127802
14.450000000000001,0.8259434751339312
14.5,0.8275002374952505
14.55,0.8290471304894511
14.600000000000001,0.8305841118518524
14.65,0.832111144592737
14.700000000000001,0.8336281969188988
14.75,0.8351352421449676
14.8,0.836632258595148
14.850000000000001,0.8381192294959865
14.9,0.8395961428608261
14.950000000000001,0.8410629913665812
15.0,0.8425197722235009
15.05,0.8439664870385651
15.100000000000001,0.8454031416731695
15.15,0.8468297460957515
15.200000000000001,0.8482463142299903
15.25,0.8496528637992196
15.3,0.8510494161676709
15.350000000000001,0.8524359961791481
15.4,0.8538126319937327
15.450000000000001,0.8551793549230816
15.5,0.8565361992648742
15.55,0.8578832021369441
15.600000000000001,0.8592204033115931
15.65,0.8605478450505856
15.700000000000001,0.8618655719412774
15.75,0.8631736307343157
15.8,0.8644720701833206
15.850000000000001,0.8657609408869358
15.9,0.867040295133598
15.950000000000001,0.8683101867493643
16.0,0.8695706709490951
16.05,0.8708218041912712
16.1,0.8720636440366991
16.150000000000002,0.8732962490113215
16.2,0.8745196784733427
16.25,0.8757339924848331
16.3,0.8769392516879673
16.35,0.8781355171860243
16.400000000000002,0.8793228504292447
16.45,0.880501313105637
16.5,0.8816709670367857
16.55,0.8828318740787056
16.6,0.8839840960277621
16.650000000000002,0.8851276945316637
16.7,0.8862627310055102
16.75,0.8873892665528733
16.8,0.8885073618918586
16.85,0.8896170772861022
16.900000000000002,0.8907184724806223
16.95,0.8918116066424548
17.0,0.8928965383059745
17.05,0.8939733253228059
17.1,0.8950420248162163
17.150000000000002,0.8961026931398701
17.2,0.8971553858408289
17.25,0.8982001576266644
17.3,0.8992370623365564
17.35,0.900266152916235
17.400000000000002,0.9012874813966338
17.45,0.9023010988761062
17.5,0.9033070555060659
17.55,0.9043054004799093
17.6,0.9052961820250645
17.650000000000002,0.9062794473980382
17.7,0.9072552428823002
17.75,0.9082236137888753
17.8,0.9091846044594893
17.85,0.9101382582721382
17.900000000000002,0.9110846176489364
17.95,0.9120237240661108
18.0,0.9129556180660034
18.05,0.9138803392709579
18.1,0.9147979263989559
18.150000000000002,0.915708417280882
18.2,0.9166118488792936
18.25,0.9175082573085794
18.3,0.9183976778563907
18.35,0.9192801450062287
18.400000000000002,0.9201556924610922
18.45,0.9210243531680652
18.5,0.9218861593437562
18.55,0.9227411425004836
18.6,0.9235893334731153
18.650000000000002,0.9244307624464729
18.7,0.925265458983213
18.75,0.9260934520520948
18.8,0.9269147700565644
18.85,0.9277294408635706
18.900000000000002,0.9285374918325392
18.95,0.9293389498444349
19.0,0.9301338413308468
19.05,0.9309221923030231
19.1,0.9317040283808049
19.150000000000002,0.9324793748213918
19.200000000000003,0.9332482565478862
19.25,0.9340106981775631
19.3,0.9347667240498163
19.35,0.935516358253732
19.400000000000002,0.9362596246552437
19.450000000000003,0.9369965469238309
19.5,0.937727148558718
19.55,0.9384514529145391
19.6,0.9391694832264333
19.650000000000002,0.9398812626345352
19.700000000000003,0.9405868142078422
19.75,0.941286160967419
19.8,0.9419793259089222
19.85,0.9426663320244202
19.900000000000002,0.9433472023234912
19.950000000000003,0.9440219598535764
20.0,0.9446906277195801
20.05,0.9453532291026954
20.1,0.9460097872784512
20.150000000000002,0.946660325633967
20.200000000000003,0.947304867684408
20.25,0.9479434370886399
20.3,0.948576057664074
20.35,0.9492027534007019
20.400000000000002,0.9498235484743252
20.450000000000003,0.9504384672589734
20.5,0.9510475343385216
20.55,0.9516507745175056
20.6,0.9522482128311445
20.650000000000002,0.9528398745545803
20.700000000000003,0.9534257852113371
20.75,0.9540059705810165
20.8,0.9545804567062361
20.85,0.9551492698988296
20.900000000000002,0.95571243674531
20.950000000000003,0.956269984111628
21.0,0.9568219391472241
21.05,0.9573683292883999
21.1,0.9579091822610245
21.150000000000002,0.9584445260825923
21.200000000000003,0.9589743890636486
21.25,0.9594987998086043
21.3,0.9600177872159622
21.35,0.960531380477964
21.400000000000002,0.9610396090796893
21.450000000000003,0.9615425027976195
21.5,0.9620400916976917
21.55,0.9625324061328562
21.6,0.9630194767401684
21.650000000000002,0.9635013344374248
21.700000000000003,0.9639780104193728
21.75,0.9644495361535068
21.8,0.9649159433754814
21.85,0.9653772640841456
21.900000000000002,0.9658335305362387
21.950000000000003,0.9662847752407496
22.0,0.9667310309529684
22.05,0.967172330668249
22.1,0.9676087076154971
22.150000000000002,0.9680401952504062
22.200000000000003,0.9684668272484602
22.25,0.9688886374977137
22.3,0.969305660091377
22.35,0.9697179293202149
22.400000000000002,0.9701254796647779
22.450000000000003,0.9705283457874838
22.5,0.9709265625245616
22.55,0.971320164877874
22.6,0.9717091880066374
22.650000000000002,0.9720936672190398
22.700000000000003,0.9724736379637904
22.75,0.9728491358215927
22.8,0.9732201964965708
22.85,0.9735868558076475
22.900000000000002,0.9739491496798935
22.950000000000003,0.9743071141358598
23.0,0.9746607852868923
23.05,0.9750101993244572
23.1,0.9753553925114642
23.150000000000002,0.9756964011736193
23.200000000000003,0.9760332616907977
23.25,0.9763660104884564
23.3,0.9766946840290855
23.35,0.9770193188037162
23.400000000000002,0.9773399513234815
23.450000000000003,0.9776566181112414
23.5,0.9779693556932811
23.55,0.9782782005910857
23.6,0.9785831893131904
23.650000000000002,0.9788843583471256
23.700000000000003,0.9791817441514492
23.75,0.9794753831478769
23.8,0.9797653117135117
23.85,0.9800515661731801
23.900000000000002,0.9803341827918748
23.950000000000003,0.9806131977673099
24.0,0.9808886472225937
24.05,0.9811605671990142
24.1,0.9814289936489512
24.150000000000002,0.9816939624289104
24.200000000000003,0.9819555092926786
24.25,0.9822136698846178
24.3,0.9824684797330756
24.35,0.9827199742439411
24.400000000000002,0.9829681886943246
24.450000000000003,0.9832131582263786
24.5,0.9834549178412519
24.55,0.9836935023931832
24.6,0.9839289465837342
24.650000000000002,0.9841612849561607
24.700000000000003,0.9843905518899264
24.75,0.9846167815953581
24.8,0.9848400081084416
24.85,0.9850602652857616
24.900000000000002,0.985277586799585
24.950000000000003,0.9854920061330853
25.0,0.9857035565757154
25.05,0.9859122712187176
25.1,0.9861181829507837
25.150000000000002,0.9863213244538547
25.200000000000003,0.986521728199066
25.25,0.9867194264428346
25.3,0.9869144512230923
25.35,0.9871068343556582
25.400000000000002,0.9872966074307548
25.450000000000003,0.9874838018096662
25.5,0.9876684486215394
25.55,0.9878505787603213
25.6,0.9880302228818396
25.650000000000002,0.9882074114010218
25.700000000000003,0.9883821744892514
25.75,0.9885545420718624
25.8,0.9887245438257692
25.85,0.9888922091772341
25.900000000000002,0.9890575672997637
25.950000000000003,0.989220647112145
26.0,0.9893814772766072
26.05,0.9895400861971203
26.1,0.9896965020178141
26.150000000000002,0.9898507526215351
26.200000000000003,0.9900028656285209
26.25,0.9901528683952051
26.3,0.9903007880131438
26.35,0.9904466513080624
26.400000000000002,0.9905904848390237
26.450000000000003,0.9907323148977151
26.5,0.9908721675078512
26.55,0.9910100684246896
26.6,0.9911460431346646
26.650000000000002,0.9912801168551264
26.700000000000003,0.9914123145341924
26.75,0.991542660850707
26.8,0.991671180214303
26.85,0.9917978967655691
26.900000000000002,0.9919228343763158
26.950000000000003,0.9920460166499451
27.0,0.9921674669219116
27.05,0.9922872082602815
27.1,0.9924052634663832
27.150000000000002,0.9925216550755499
27.200000000000003,0.9926364053579472
27.25,0.992749536319488
27.3,0.9928610697028335
27.35,0.99297102698847
27.400000000000002,0.993079429395871
27.450000000000003,0.993186297884731
27.5,0.9932916531562739
27.55,0.9933955156546387
27.6,0.9934979055683268
27.650000000000002,0.9935988428317237
27.700000000000003,0.9936983471266791
27.75,0.9937964378841556
27.8,0.993893134285934
27.85,0.9939884552663751
27.900000000000002,0.9940824195142408
27.950000000000003,0.9941750454745664
28.0,0.9942663513505801
28.05,0.9943563551056775
28.1,0.9944450744654371
28.150000000000002,0.994532526919681
28.200000000000003,0.9946187297245764
28.25,0.9947036999047776
28.3,0.9947874542556028
28.35,0.9948700093452477
28.400000000000002,0.9949513815170297
28.450000000000003,0.9950315868916627
28.5,0.995110641369561
28.55,0.9951885606331669
28.6,0.9952653601493042
28.650000000000002,0.9953410551715528
28.700000000000003,0.995415660742641
28.75,0.9954891916968581
28.8,0.9955616626624826
28.85,0.9956330880642201
28.900000000000002,0.9957034821256594
28.950000000000003,0.9957728588717311
29.0,0.9958412321311808
29.05,0.9959086155390462
29.1,0.9959750225391356
29.150000000000002,0.9960404663865146
29.200000000000003,0.9961049601499901
29.25,0.9961685167145956
29.3,0.9962311487840736
29.35,0.9962928688833537
29.400000000000002,0.9963536893610285
29.450000000000003,0.9964136223918199
29.5,0.996472679979038
29.55,0.9965308739570329
29.6,0.996588215993632
29.650000000000002,0.9966447175925701
29.700000000000003,0.9967003900959012
29.75,0.9967552446864025
29.8,0.996809292389955
29.85,0.9968625440779144
29.900000000000002,0.9969150104694628
29.950000000000003,0.9969667021339388
30.0,0.9970176294931514
30.05,0.9970678028236727
30.1,0.9971172322591102
30.150000000000002,0.9971659277923544
30.200000000000003,0.9972138992778061
30.25,0.9972611564335815
30.3,0.9973077088436881
30.35,0.9973535659601804
30.400000000000002,0.9973987371052901
30.450000000000003,0.9974432314735266
30.5,0.9974870581337557
30.55,0.9975302260312466
30.6,0.9975727439896974
30.650000000000002,0.9976146207132275
30.700000000000003,0.997655864788344
30.75,0.9976964846858818
30.8,0.9977364887629105
30.85,0.9977758852646175
30.900000000000002,0.9978146823261571
30.950000000000003,0.9978528879744744
31.0,0.9978905101300966
31.05,0.9979275566088983
31.1,0.9979640351238332
31.150000000000002,0.9979999532866389
31.200000000000003,0.9980353186095114
31.25,0.998070138506749
31.3,0.9981044202963678
31.35,0.9981381712016881
31.400000000000002,0.998171398352888
31.450000000000003,0.9982041087885327
31.5,0.9982363094570706
31.55,0.998268007218302
31.6,0.9982992088448185
31.650000000000002,0.9983299210234134
31.700000000000003,0.9983601503564651
31.75,0.9983899033632908
31.8,0.9984191864814731
31.85,0.9984480060681575
31.900000000000002,0.9984763684013256
31.950000000000003,0.9985042796810374
32.0,0.9985317460306495
32.050000000000004,0.9985587734980063
32.1,0.9985853680566039
32.15,0.9986115356067319
32.2,0.9986372819765834
32.25,0.9986626129233475
32.300000000000004,0.9986875341342716
32.35,0.9987120512277026
32.4,0.9987361697541026
32.45,0.9987598951970428
32.5,0.9987832329741732
32.550000000000004,0.99880618843817
32.6,0.9988287668776614
32.65,0.9988509735181326
32.7,0.9988728135228053
32.75,0.9988942919935051
32.800000000000004,0.9989154139714965
32.85,0.9989361844383096
32.9,0.9989566083165407
32.95,0.9989766904706345
33.0,0.9989964357076517
33.050000000000004,0.9990158487780119
33.1,0.9990349343762248
33.15,0.9990536971416012
33.2,0.999072141658949
33.25,0.9990902724592498
33.300000000000004,0.9991080940203225
33.35,0.9991256107674712
33.4,0.9991428270741153
33.45,0.9991597472624085
33.5,0.9991763756038415
33.550000000000004,0.9991927163198315
33.6,0.9992087735822971
33.65,0.9992245515142235
33.7,0.99924005419021
33.75,0.9992552856370115
33.800000000000004,0.9992702498340607
33.85,0.999284950713987
33.9,0.999299392163118
33.95,0.9993135780219737
34.0,0.999327512085748
34.050000000000004,0.9993411981047828
34.1,0.999354639785031
34.15,0.99936784078851
34.2,0.9993808047337471
34.25,0.9993935351962151
34.300000000000004,0.9994060357087609
34.35,0.9994183097620258
34.4,0.9994303608048567
34.45,0.9994421922447118
34.5,0.9994538074480591
34.550000000000004,0.9994652097407658
34.6,0.9994764024084833
34.65,0.9994873886970266
34.7,0.9994981718127435
34.75,0.9995087549228845
34.800000000000004,0.9995191411559612
34.85,0.9995293336021025
34.9,0.9995393353134041
34.95,0.9995491493042765
35.0,0.9995587785517831
35.050000000000004,0.9995682259959785
35.1,0.9995774945402406
35.15,0.9995865870515975
35.2,0.9995955063610542
35.25,0.9996042552639117
35.300000000000004,0.9996128365200848
35.35,0.9996212528544155
35.4,0.9996295069569845
35.45,0.9996376014834187
35.5,0.9996455390551964
35.550000000000004,0.9996533222599475
35.6,0.9996609536517569
35.65,0.9996684357514576
35.7,0.999675771046927
35.75,0.9996829619933807
35.800000000000004,0.9996900110136605
35.85,0.9996969204985243
35.9,0.9997036928069319
35.95,0.9997103302663302
36.0,0.9997168351729346
36.050000000000004,0.9997232097920127
36.1,0.9997294563581609
36.15,0.9997355770755851
36.2,0.9997415741183758
36.25,0.9997474496307839
36.300000000000004,0.9997532057274956
36.35,0.999758844493903
36.4,0.9997643679863775
36.45,0.9997697782325403
36.5,0.9997750772315304
36.550000000000004,0.9997802669542737
36.6,0.9997853493437502
36.65,0.999790326315259
36.7,0.9997951997566857
36.75,0.9997999715287655
36.800000000000004,0.9998046434653461
36.85,0.9998092173736512
36.9,0.9998136950345411
36.95,0.9998180782027744
37.0,0.999822368607268
37.050000000000004,0.9998265679513544
37.1,0.9998306779130424
37.15,0.9998347001452731
37.2,0.9998386362761771
37.25,0.9998424879093293
37.300000000000004,0.9998462566240048
37.35,0.9998499439754338
37.4,0.9998535514950522
37.45,0.9998570806907575
37.5,0.9998605330471584
37.550000000000004,0.9998639100258258
37.6,0.9998672130655425
37.65,0.9998704435825546
37.7,0.9998736029708166
37.75,0.9998766926022404
37.800000000000004,0.9998797138269423
37.85,0.9998826679734865
37.9,0.9998855563491316
37.95,0.999888380240074
38.0,0.999891140911689
38.050000000000004,0.9998938396087748
38.1,0.9998964775557913
38.15,0.9998990559570998
38.2,0.999901575997204
38.25,0.9999040388409838
38.300000000000004,0.9999064456339345
38.35,0.9999087975024015
38.400000000000006,0.9999110955538144
38.45,0.9999133408769193
38.5,0.9999155345420118
38.550000000000004,0.9999176776011665
38.6,0.9999197710884684
38.650000000000006,0.9999218160202397
38.7,0.9999238133952654
38.75,0.9999257641950223
38.800000000000004,0.9999276693839014
38.85,0.9999295299094305
38.900000000000006,0.9999313467024975
38.95,0.9999331206775693
39.0,0.9999348527329119
39.050000000000004,0.9999365437508072
39.1,0.9999381945977694
39.150000000000006,0.9999398061247604
39.2,0.9999413791674014
39.25,0.9999429145461866
39.300000000000004,0.999944413066692
39.35,0.9999458755197849
39.400000000000006,0.9999473026818312
39.45,0.9999486953149003
39.5,0.9999500541669696
39.550000000000004,0.9999513799721279
39.6,0.9999526734507747
39.650000000000006,0.9999539353098214
39.7,0.9999551662428875
39.75,0.9999563669304958
39.800000000000004,0.99995753804027
39.85,0.9999586802271246
39.900000000000006,0.9999597941334569
39.95,0.9999608803893361
40.0,0.999961939612692
40.050000000000004,0.9999629724094989
40.1,0.999963979373962
40.150000000000006,0.9999649610886986
40.2,0.9999659181249189
40.25,0.9999668510426055
40.300000000000004,0.9999677603906911
40.35,0.9999686467072325
40.400000000000006,0.9999695105195848
40.45,0.9999703523445753
40.5,0.9999711726886705
40.550000000000004,0.9999719720481477
40.6,0.9999727509092586
40.650000000000006,0.9999735097483964
40.7,0.9999742490322578
40.75,0.9999749692180048
40.800000000000004,0.9999756707534239
40.85,0.9999763540770833
40.900000000000006,0.9999770196184887
40.95,0.9999776677982396
41.0,0.9999782990281784
41.050000000000004,0.9999789137115425
41.1,0.9999795122431137
41.150000000000006,0.9999800950093631
41.2,0.9999806623885983
41.25,0.9999812147511056
41.300000000000004,0.9999817524592917
41.35,0.9999822758678232
41.400000000000006,0.9999827853237662
41.45,0.99998328116672
41.5,0.9999837637289534
41.550000000000004,0.9999842333355373
41.6,0.9999846903044757
41.650000000000006,0.9999851349468335
41.7,0.9999855675668663
41.75,0.9999859884621447
41.800000000000004,0.999986397923678
41.85,0.9999867962360389
41.900000000000006,0.9999871836774814
41.95,0.9999875605200612
42.0,0.9999879270297527
42.050000000000004,0.9999882834665649
42.1,0.9999886300846553
42.150000000000006,0.9999889671324418
42.2,0.9999892948527136
42.25,0.9999896134827405
42.300000000000004,0.9999899232543796
42.35,0.9999902243941821
42.400000000000006,0.9999905171234975
42.45,0.9999908016585742
42.5,0.9999910782106632
42.550000000000004,0.999991346986117
42.6,0.9999916081864858
42.650000000000006,0.9999918620086155
42.7,0.9999921086447434
42.75,0.999992348282589
42.800000000000004,0.9999925811054481
42.85,0.9999928072922823
42.900000000000006,0.9999930270178083
42.95,0.9999932404525854
43.0,0.9999934477631004
43.050000000000004,0.9999936491118538
43.1,0.9999938446574433
43.150000000000006,0.9999940345546431
43.2,0.9999942189544874
43.25,0.9999943980043464
43.300000000000004,0.9999945718480082
43.35,0.9999947406257493
43.400000000000006,0.9999949044744163
43.45,0.9999950635274939
43.5,0.9999952179151808
43.550000000000004,0.9999953677644597
43.6,0.9999955131991681
43.650000000000006,0.9999956543400645
43.7,0.9999957913048989
43.75,0.9999959242084774
43.800000000000004,0.9999960531627271
43.85,0.9999961782767601
43.900000000000006,0.9999962996569371
43.95,0.9999964174069276
44.0,0.99999653162777
44.050000000000004,0.9999966424179327
44.1,0.9999967498733702
44.150000000000006,0.9999968540875808
44.2,0.9999969551516628
44.25,0.999997053154369
44.300000000000004,0.9999971481821611
44.35,0.9999972403192607
44.400000000000006,0.9999973296477038
44.45,0.9999974162473884
44.5,0.9999975001961267
44.550000000000004,0.9999975815696922
44.6,0.999997660441869
44.650000000000006,0.9999977368844967
44.7,0.999997810967518
44.75,0.9999978827590228
44.800000000000004,0.999997952325292
44.85,0.9999980197308413
44.900000000000006,0.9999980850384633
44.95,0.9999981483092684
45.0,0.9999982096027258
45.050000000000004,0.9999982689767029
45.1,0.999998326487505
45.150000000000006,0.9999983821899114
45.2,0.9999984361372154
45.25,0.9999984883812578
45.300000000000004,0.9999985389724659
45.35,0.9999985879598847
45.400000000000006,0.9999986353912138
45.45,0.9999986813128403
45.5,0.9999987257698713
45.550000000000004,0.9999987688061648
45.6,0.9999988104643633
45.650000000000006,0.9999988507859224
45.7,0.9999988898111419
45.75,0.9999989275791945
45.800000000000004,0.9999989641281546
45.85,0.9999989994950269
45.900000000000006,0.9999990337157727
45.95,0.9999990668253366
46.0,0.999999098857675
46.050000000000004,0.9999991298457782
46.1,0.999999159821698
46.150000000000006,0.9999991888165707
46.2,0.9999992168606416
46.25,0.9999992439832883
46.300000000000004,0.9999992702130435
46.35,0.9999992955776158
46.400000000000006,0.9999993201039139
46.45,0.9999993438180661
46.5,0.9999993667454414
46.550000000000004,0.99999938891067
46.6,0.999999410337662
46.650000000000006,0.9999994310496291
46.7,0.9999994510690994
46.75,0.9999994704179401
46.800000000000004,0.9999994891173727
46.85,0.9999995071879909
46.900000000000006,0.9999995246497786
46.95,0.9999995415221252
47.0,0.9999995578238436
47.050000000000004,0.9999995735731839
47.1,0.9999995887878503
47.150000000000006,0.9999996034850164
47.2,0.9999996176813379
47.25,0.9999996313929702
47.300000000000004,0.9999996446355789
47.35,0.9999996574243553
47.400000000000006,0.9999996697740304
47.45,0.9999996816988858
47.5,0.9999996932127674
47.550000000000004,0.9999997043290983
47.6,0.9999997150608897
47.650000000000006,0.9999997254207527
47.7,0.9999997354209107
47.75,0.9999997450732094
47.800000000000004,0.9999997543891276
47.85,0.9999997633797887
47.900000000000006,0.9999997720559695
47.95,0.9999997804281119
48.0,0.9999997885063311
48.050000000000004,0.9999997963004257
48.1,0.999999803819887
48.150000000000006,0.9999998110739081
48.2,0.9999998180713914
48.25,0.9999998248209592
48.300000000000004,0.9999998313309597
48.35,0.9999998376094774
48.400000000000006,0.9999998436643385
48.45,0.99999984950312
48.5,0.9999998551331576
48.550000000000004,0.9999998605615508
48.6,0.9999998657951723
48.650000000000006,0.9999998708406732
48.7,0.9999998757044903
48.75,0.9999998803928524
48.800000000000004,0.9999998849117866
48.85,0.9999998892671248
48.900000000000006,0.9999998934645085
48.95,0.9999998975093958
49.0,0.9999999014070665
49.050000000000004,0.9999999051626273
49.1,0.9999999087810175
49.150000000000006,0.999999912267014
49.2,0.9999999156252359
49.25,0.9999999188601504
49.300000000000004,0.9999999219760765
49.35,0.99999992497719
49.400000000000006,0.9999999278675284
49.45,0.9999999306509929
49.5,0.999999933331357
49.550000000000004,0.999999935912266
49.6,0.9999999383972442
49.650000000000006,0.9999999407896969
49.7,0.9999999430929147
49.75,0.9999999453100775
49.800000000000004,0.9999999474442577
49.85,0.9999999494984232
49.900000000000006,0.9999999514754415
49.95,0.9999999533780823
50.0,0.9999999552090215
50.050000000000004,0.9999999569708424
50.1,0.9999999586660411
50.150000000000006,0.999999960297027
50.2,0.9999999618661277
50.25,0.9999999633755899
50.300000000000004,0.9999999648275828
50.35,0.9999999662242007
50.400000000000006,0.9999999675674657
50.45,0.9999999688593288
50.5,0.9999999701016739
50.550000000000004,0.9999999712963186
50.6,0.9999999724450177
50.650000000000006,0.9999999735494636
50.7,0.9999999746112903
50.75,0.9999999756320734
50.800000000000004,0.9999999766133341
50.85,0.9999999775565389
50.900000000000006,0.9999999784631026
50.95,0.9999999793343906
51.0,0.9999999801717188
51.050000000000004,0.9999999809763572
51.1,0.9999999817495299
51.150000000000006,0.9999999824924173
51.2,0.9999999832061579
51.25,0.999999983891849
51.300000000000004,0.999999984550549
51.35,0.9999999851832775
51.400000000000006,0.9999999857910178
51.45,0.9999999863747173
51.5,0.9999999869352894
51.550000000000004,0.9999999874736145
51.6,0.9999999879905405
51.650000000000006,0.9999999884868845
51.7,0.9999999889634343
51.75,0.9999999894209484
51.800000000000004,0.9999999898601575
51.85,0.9999999902817656
51.900000000000006,0.9999999906864508
51.95,0.9999999910748665
52.0,0.9999999914476414
52.050000000000004,0.9999999918053815
52.1,0.9999999921486699
52.150000000000006,0.9999999924780681
52.2,0.9999999927941172
52.25,0.9999999930973373
52.300000000000004,0.9999999933882299
52.35,0.9999999936672774
52.400000000000006,0.999999993934944
52.45,0.9999999941916765
52.5,0.9999999944379051
52.550000000000004,0.9999999946740437
52.6,0.9999999949004901
52.650000000000006,0.9999999951176279
52.7,0.9999999953258256
52.75,0.9999999955254378
52.800000000000004,0.9999999957168058
52.85,0.9999999959002576
52.900000000000006,0.9999999960761086
52.95,0.9999999962446627
53.0,0.9999999964062116
53.050000000000004,0.999999996561036
53.1,0.9999999967094059
53.150000000000006,0.9999999968515807
53.2,0.9999999969878102
53.25,0.9999999971183338
53.300000000000004,0.9999999972433821
53.35,0.9999999973631767
53.400000000000006,0.9999999974779309
53.45,0.9999999975878489
53.5,0.9999999976931278
53.550000000000004,0.9999999977939562
53.6,0.9999999978905163
53.650000000000006,0.999999997982982
53.7,0.9999999980715211
53.75,0.9999999981562948
53.800000000000004,0.9999999982374574
53.85,0.9999999983151577
53.900000000000006,0.9999999983895385
53.95,0.9999999984607366
54.0,0.9999999985288837
54.050000000000004,0.9999999985941059
54.1,0.9999999986565249
54.150000000000006,0.9999999987162569
54.2,0.9999999987734137
54.25,0.9999999988281028
54.300000000000004,0.9999999988804269
54.35,0.9999999989304851
54.400000000000006,0.9999999989783723
54.45,0.9999999990241797
54.5,0.9999999990679943
54.550000000000004,0.9999999991099001
54.6,0.9999999991499777
54.650000000000006,0.9999999991883042
54.7,0.9999999992249535
54.75,0.9999999992599967
54.800000000000004,0.999999999293502
54.85,0.9999999993255347
54.900000000000006,0.9999999993561575
54.95,0.9999999993854303
55.0,0.9999999994134109
55.050000000000004,0.9999999994401543
55.1,0.9999999994657137
55.150000000000006,0.9999999994901398
55.2,0.9999999995134812
55.25,0.9999999995357847
55.300000000000004,0.999999999557095
55.35,0.9999999995774547
55.400000000000006,0.9999999995969052
55.45,0.9999999996154856
55.5,0.9999999996332338
55.550000000000004,0.999999999650186
55.6,0.9999999996663764
55.650000000000006,0.9999999996818386
55.7,0.999999999696604
55.75,0.9999999997107035
55.800000000000004,0.999999999724166
55.85,0.9999999997370193
55.900000000000006,0.9999999997492901
55.95,0.9999999997610042
56.0,0.999999999772186
56.050000000000004,0.9999999997828588
56.1,0.9999999997930457
56.150000000000006,0.9999999998027673
56.2,0.9999999998120449
56.25,0.9999999998208979
56.300000000000004,0.9999999998293451
56.35,0.9999999998374046
56.400000000000006,0.9999999998450938
56.45,0.9999999998524292
56.5,0.9999999998594264
56.550000000000004,0.9999999998661007
56.6,0.9999999998724667
56.650000000000006,0.9999999998785379
56.7,0.9999999998843279
56.75,0.999999999889849
56.800000000000004,0.9999999998951136
56.85,0.9999999999001331
56.900000000000006,0.9999999999049188
56.95,0.9999999999094811
57.0,0.9999999999138303
57.050000000000004,0.9999999999179756
57.1,0.999999999921927
57.150000000000006,0.9999999999256929
57.2,0.9999999999292817
57.25,0.9999999999327019
57.300000000000004,0.9999999999359607
57.35,0.9999999999390659
57.400000000000006,0.9999999999420243
57.45,0.9999999999448426
57.5,0.9999999999475275
57.550000000000004,0.999999999950085
57.6,0.999999999952521
57.650000000000006,0.999999999954841
57.7,0.9999999999570506
57.75,0.9999999999591548
57.800000000000004,0.9999999999611584
57.85,0.9999999999630662
57.900000000000006,0.9999999999648828
57.95,0.999999999966612
58.0,0.9999999999682583
58.050000000000004,0.9999999999698255
58.1,0.9999999999713172
58.150000000000006,0.9999999999727368
58.2,0.9999999999740878
58.25,0.9999999999753737
58.300000000000004,0.9999999999765973
58.35,0.9999999999777616
58.400000000000006,0.9999999999788692
58.45,0.9999999999799232
58.5,0.9999999999809257
58.550000000000004,0.9999999999818796
58.6,0.9999999999827867
58.650000000000006,0.9999999999836495
58.7,0.9999999999844702
58.75,0.9999999999852508
58.800000000000004,0.9999999999859929
58.85,0.9999999999866985
58.900000000000006,0.9999999999873694
58.95,0.9999999999880073
59.0,0.9999999999886138
59.050000000000004,0.9999999999891903
59.1,0.9999999999897382
59.150000000000006,0.9999999999902591
59.2,0.9999999999907541
59.25,0.9999999999912247
59.300000000000004,0.9999999999916718
59.35,0.9999999999920965
59.400000000000006,0.9999999999925003
59.45,0.9999999999928837
59.5,0.9999999999932482
59.550000000000004,0.9999999999935942
59.6,0.999999999993923
59.650000000000006,0.9999999999942354
59.7,0.9999999999945319
59.75,0.9999999999948136
59.800000000000004,0.9999999999950812
59.85,0.9999999999953351
59.900000000000006,0.9999999999955763
59.95,0.9999999999958052
60.0,0.9999999999960227
60.050000000000004,0.9999999999962291
60.1,0.9999999999964252
60.150000000000006,0.9999999999966109
60.2,0.9999999999967876
60.25,0.9999999999969551
60.300000000000004,0.999999999997114
60.35,0.999999999997265
60.400000000000006,0.999999999997408
60.45,0.999999999997544
60.5,0.9999999999976728
60.550000000000004,0.999999999997795
60.6,0.999999999997911
60.650000000000006,0.9999999999980208
60.7,0.9999999999981253
60.75,0.9999999999982243
60.800000000000004,0.9999999999983181
60.85,0.999999999998407
60.900000000000006,0.9999999999984914
60.95,0.9999999999985714
61.0,0.9999999999986473
61.050000000000004,0.9999999999987191
61.1,0.9999999999987873
61.150000000000006,0.9999999999988519
61.2,0.9999999999989132
61.25,0.9999999999989713
61.300000000000004,0.9999999999990262
61.35,0.9999999999990784
61.400000000000006,0.9999999999991278
61.45,0.9999999999991747
61.5,0.999999999999219
61.550000000000004,0.9999999999992608
61.6,0.9999999999993006
61.650000000000006,0.9999999999993384
61.7,0.9999999999993742
61.75,0.9999999999994079
61.800000000000004,0.99999999999944
61.85,0.9999999999994703
61.900000000000006,0.999999999999499
61.95,0.9999999999995263
62.0,0.999999999999552
62.050000000000004,0.9999999999995763
62.1,0.9999999999995995
62.150000000000006,0.9999999999996212
62.2,0.999999999999642
62.25,0.9999999999996615
62.300000000000004,0.99999999999968
62.35,0.9999999999996976
62.400000000000006,0.9999999999997141
62.45,0.9999999999997298
62.5,0.9999999999997446
62.550000000000004,0.9999999999997587
62.6,0.9999999999997721
62.650000000000006,0.9999999999997847
62.7,0.9999999999997964
62.75,0.9999999999998078
62.800000000000004,0.9999999999998184
62.85,0.9999999999998286
62.900000000000006,0.999999999999838
62.95,0.9999999999998469
63.0,0.9999999999998556
63.050000000000004,0.9999999999998634
63.1,0.9999999999998711
63.150000000000006,0.9999999999998783
63.2,0.999999999999885
63.25,0.9999999999998916
63.300000000000004,0.9999999999998975
63.35,0.9999999999999033
63.400000000000006,0.9999999999999087
63.45,0.999999999999914
63.5,0.9999999999999186
63.550000000000004,0.9999999999999233
63.6,0.9999999999999275
63.650000000000006,0.9999999999999316
63.7,0.9999999999999356
63.75,0.9999999999999392
63.800000000000004,0.9999999999999427
63.85,0.9999999999999458
63.900000000000006,0.9999999999999489
63.95,0.9999999999999517
64.0,0.9999999999999546
64.05,0.999999999999957
64.10000000000001,0.9999999999999595
64.15,0.9999999999999619
64.2,0.999999999999964
64.25,0.999999999999966
64.3,0.999999999999968
64.35000000000001,0.9999999999999698
64.4,0.9999999999999716
64.45,0.9999999999999731
64.5,0.9999999999999747
64.55,0.9999999999999762
64.60000000000001,0.9999999999999775
64.65,0.9999999999999788
64.7,0.9999999999999801
64.75,0.9999999999999812
64.8,0.9999999999999822
64.85000000000001,0.9999999999999832
64.9,0.9999999999999842
64.95,0.9999999999999852
65.0,0.999999999999986
65.05,0.9999999999999868
65.10000000000001,0.9999999999999876
65.15,0.9999999999999883
65.2,0.999999999999989
65.25,0.9999999999999896
65.3,0.9999999999999901
65.35000000000001,0.9999999999999908
65.4,0.9999999999999913
65.45,0.9999999999999918
65.5,0.9999999999999922
65.55,0.9999999999999927
65.60000000000001,0.9999999999999931
65.65,0.9999999999999936
65.7,0.9999999999999939
65.75,0.9999999999999942
65.8,0.9999999999999947
65.85000000000001,0.9999999999999949
65.9,0.9999999999999952
65.95,0.9999999999999954
66.0,0.9999999999999957
66.05,0.999999999999996
66.10000000000001,0.9999999999999962
66.15,0.9999999999999964
66.2,0.9999999999999967
66.25,0.9999999999999969
66.3,0.999999999999997
66.35000000000001,0.9999999999999972
66.4,0.9999999999999974
66.45,0.9999999999999974
66.5,0.9999999999999977
66.55,0.9999999999999978
66.60000000000001,0.9999999999999979
66.65,0.999999999999998
66.7,0.9999999999999982
66.75,0.9999999999999982
66.8,0.9999999999999983
66.85000000000001,0.9999999999999983
66.9,0.9999999999999986
66.95,0.9999999999999986
67.0,0.9999999999999987
67.05,0.9999999999999988
67.10000000000001,0.9999999999999988
67.15,0.9999999999999988
67.2,0.999999999999999
67.25,0.999999999999999
67.3,0.999999999999999
67.35000000000001,0.9999999999999991
67.4,0.9999999999999992
67.45,0.9999999999999992
67.5,0.9999999999999992
67.55,0.9999999999999992
67.60000000000001,0.9999999999999992
67.65,0.9999999999999992
67.7,0.9999999999999992
67.75,0.9999999999999992
67.8,0.9999999999999994
67.85000000000001,0.9999999999999994
67.9,0.9999999999999996
67.95,0.9999999999999996
68.0,0.9999999999999996
68.05,0.9999999999999996
68.10000000000001,0.9999999999999996
68.15,0.9999999999999996
68.2,0.9999999999999996
68.25,0.9999999999999997
68.3,0.9999999999999997
68.35000000000001,0.9999999999999997
68.4,0.9999999999999997
68.45,0.9999999999999997
68.5,0.9999999999999997
68.55,0.9999999999999997
68.60000000000001,0.9999999999999997
68.65,0.9999999999999997
68.7,0.9999999999999997
68.75,0.9999999999999997
68.8,0.9999999999999997
68.85000000000001,0.9999999999999997
68.9,0.9999999999999997
68.95,0.9999999999999997
69.0,0.9999999999999997
69.05,0.9999999999999997
69.10000000000001,0.9999999999999997
69.15,0.9999999999999997
69.2,0.9999999999999997
69.25,0.9999999999999997
69.3,0.9999999999999999
69.35000000000001,0.9999999999999999
69.4,0.9999999999999999
69.45,0.9999999999999999
69.5,0.9999999999999999
69.55,0.9999999999999999
69.60000000000001,0.9999999999999999
69.65,0.9999999999999999
69.7,0.9999999999999999
69.75,0.9999999999999999
69.8,0.9999999999999999
69.85000000000001,0.9999999999999999
69.9,0.9999999999999999
69.95,0.9999999999999999
70.0,0.9999999999999999
70.05,0.9999999999999999
70.10000000000001,0.9999999999999999
70.15,0.9999999999999999
70.2,0.9999999999999999
70.25,0.9999999999999999
70.3,0.9999999999999999
70.35000000000001,0.9999999999999999
70.4,0.9999999999999999
70.45,0.9999999999999999
70.5,0.9999999999999999
70.55,0.9999999999999999
70.60000000000001,0.9999999999999999
70.65,0.9999999999999999
70.7,0.9999999999999999
70.75,0.9999999999999999
70.8,0.9999999999999999
70.85000000000001,0.9999999999999999
70.9,0.9999999999999999
70.95,0.9999999999999999
71.0,0.9999999999999999
71.05,0.9999999999999999
71.10000000000001,0.9999999999999999
71.15,0.9999999999999999
71.2,0.9999999999999999
71.25,0.9999999999999999
71.3,0.9999999999999999
71.35000000000001,0.9999999999999999
71.4,0.9999999999999999
71.45,0.9999999999999999
71.5,0.9999999999999999
71.55,0.9999999999999999
71.60000000000001,0.9999999999999999
71.65,0.9999999999999999
71.7,0.9999999999999999
71.75,0.9999999999999999
71.8,0.9999999999999999
71.85000000000001,0.9999999999999999
71.9,0.9999999999999999
71.95,0.9999999999999999
72.0,0.9999999999999999
72.05,0.9999999999999999
72.10000000000001,0.9999999999999999
72.15,0.9999999999999999
72.2,0.9999999999999999
72.25,0.9999999999999999
72.3,0.9999999999999999
72.35000000000001,0.9999999999999999
72.4,0.9999999999999999
72.45,0.9999999999999999
72.5,0.9999999999999999
72.55,0.9999999999999999
72.60000000000001,0.9999999999999999
72.65,0.9999999999999999
72.7,0.9999999999999999
72.75,0.9999999999999999
72.8,0.9999999999999999
72.85000000000001,0.9999999999999999
72.9,0.9999999999999999
72.95,0.9999999999999999
73.0,0.9999999999999999
73.05,0.9999999999999999
73.10000000000001,0.9999999999999999
73.15,0.9999999999999999
73.2,0.9999999999999999
73.25,0.9999999999999999
73.3,0.9999999999999999
73.35000000000001,0.9999999999999999
73.4,0.9999999999999999
73.45,0.9999999999999999
73.5,0.9999999999999999
73.55,0.9999999999999999
73.60000000000001,0.9999999999999999
73.65,0.9999999999999999
73.7,0.9999999999999999
73.75,0.9999999999999999
73.8,0.9999999999999999
73.85000000000001,0.9999999999999999
73.9,0.9999999999999999
73.95,0.9999999999999999
74.0,0.9999999999999999
74.05,0.9999999999999999
74.10000000000001,0.9999999999999999
74.15,0.9999999999999999
74.2,0.9999999999999999
74.25,0.9999999999999999
74.3,0.9999999999999999
74.35000000000001,0.9999999999999999
74.4,0.9999999999999999
74.45,0.9999999999999999
74.5,0.9999999999999999
74.55,0.9999999999999999
74.60000000000001,0.9999999999999999
74.65,0.9999999999999999
74.7,0.9999999999999999
74.75,0.9999999999999999
74.8,0.9999999999999999
74.85000000000001,0.9999999999999999
74.9,0.9999999999999999
74.95,0.9999999999999999
75.0,0.9999999999999999
75.05,0.9999999999999999
75.10000000000001,0.9999999999999999
75.15,0.9999999999999999
75.2,0.9999999999999999
75.25,0.9999999999999999
75.3,0.9999999999999999
75.35000000000001,0.9999999999999999
75.4,0.9999999999999999
75.45,0.9999999999999999
75.5,0.9999999999999999
75.55,0.9999999999999999
75.60000000000001,0.9999999999999999
75.65,0.9999999999999999
75.7,0.9999999999999999
75.75,0.9999999999999999
75.8,0.9999999999999999
75.85000000000001,0.9999999999999999
75.9,0.9999999999999999
75.95,0.9999999999999999
76.0,0.9999999999999999
76.05,0.9999999999999999
76.10000000000001,0.9999999999999999
76.15,0.9999999999999999
76.2,0.9999999999999999
76.25,0.9999999999999999
76.3,0.9999999999999999
76.35000000000001,0.9999999999999999
76.4,0.9999999999999999
76.45,0.9999999999999999
76.5,0.9999999999999999
76.55,0.9999999999999999
76.60000000000001,0.9999999999999999
76.65,0.9999999999999999
76.7,0.9999999999999999
76.75,0.9999999999999999
76.80000000000001,0.9999999999999999
76.85000000000001,0.9999999999999999
76.9,0.9999999999999999
76.95,0.9999999999999999
77.0,0.9999999999999999
77.05000000000001,0.9999999999999999
77.10000000000001,0.9999999999999999
77.15,0.9999999999999999
77.2,0.9999999999999999
77.25,0.9999999999999999
77.30000000000001,0.9999999999999999
77.35000000000001,0.9999999999999999
77.4,0.9999999999999999
77.45,0.9999999999999999
77.5,0.9999999999999999
77.55000000000001,0.9999999999999999
77.60000000000001,0.9999999999999999
77.65,0.9999999999999999
77.7,0.9999999999999999
77.75,0.9999999999999999
77.80000000000001,0.9999999999999999
77.85000000000001,0.9999999999999999
77.9,0.9999999999999999
77.95,0.9999999999999999
78.0,0.9999999999999999
78.05000000000001,0.9999999999999999
78.10000000000001,0.9999999999999999
78.15,0.9999999999999999
78.2,0.9999999999999999
78.25,0.9999999999999999
78.30000000000001,0.9999999999999999
78.35000000000001,0.9999999999999999
78.4,0.9999999999999999
78.45,0.9999999999999999
78.5,0.9999999999999999
78.55000000000001,0.9999999999999999
78.60000000000001,0.9999999999999999
78.65,0.9999999999999999
78.7,0.9999999999999999
78.75,0.9999999999999999
78.80000000000001,0.9999999999999999
78.85000000000001,0.9999999999999999
78.9,0.9999999999999999
78.95,0.9999999999999999
79.0,0.9999999999999999
79.05000000000001,0.9999999999999999
79.10000000000001,0.9999999999999999
79.15,0.9999999999999999
79.2,0.9999999999999999
79.25,0.9999999999999999
79.30000000000001,0.9999999999999999
79.35000000000001,0.9999999999999999
79.4,0.9999999999999999
79.45,0.9999999999999999
79.5,0.9999999999999999
79.55000000000001,0.9999999999999999
79.60000000000001,0.9999999999999999
79.65,0.9999999999999999
79.7,0.9999999999999999
79.75,0.9999999999999999
79.80000000000001,0.9999999999999999
79.85000000000001,0.9999999999999999
79.9,0.9999999999999999
79.95,0.9999999999999999
80.0,0.9999999999999999
80.05000000000001,0.9999999999999999
80.10000000000001,0.9999999999999999
80.15,0.9999999999999999
80.2,0.9999999999999999
80.25,0.9999999999999999
80.30000000000001,0.9999999999999999
80.35000000000001,0.9999999999999999
80.4,0.9999999999999999
80.45,0.9999999999999999
80.5,0.9999999999999999
80.55000000000001,0.9999999999999999
80.60000000000001,0.9999999999999999
80.65,0.9999999999999999
80.7,0.9999999999999999
80.75,0.9999999999999999
80.80000000000001,0.9999999999999999
80.85000000000001,0.9999999999999999
80.9,0.9999999999999999
80.95,0.9999999999999999
81.0,0.9999999999999999
81.05000000000001,0.9999999999999999
81.10000000000001,0.9999999999999999
81.15,0.9999999999999999
81.2,0.9999999999999999
81.25,0.9999999999999999
81.30000000000001,0.9999999999999999
81.35000000000001,0.9999999999999999
81.4,0.9999999999999999
81.45,0.9999999999999999
81.5,0.9999999999999999
81.55000000000001,0.9999999999999999
81.60000000000001,0.9999999999999999
81.65,0.9999999999999999
81.7,0.9999999999999999
81.75,0.9999999999999999
81.80000000000001,0.9999999999999999
81.85000000000001,0.9999999999999999
81.9,0.9999999999999999
81.95,0.9999999999999999
82.0,0.9999999999999999
82.05000000000001,0.9999999999999999
82.10000000000001,0.9999999999999999
82.15,0.9999999999999999
82.2,0.9999999999999999
82.25,0.9999999999999999
82.30000000000001,0.9999999999999999
82.35000000000001,0.9999999999999999
82.4,0.9999999999999999
82.45,0.9999999999999999
82.5,0.9999999999999999
82.55000000000001,0.9999999999999999
82.60000000000001,0.9999999999999999
82.65,0.9999999999999999
82.7,0.9999999999999999
82.75,0.9999999999999999
82.80000000000001,0.9999999999999999
82.85000000000001,0.9999999999999999
82.9,0.9999999999999999
82.95,0.9999999999999999
83.0,0.9999999999999999
83.05000000000001,0.9999999999999999
83.10000000000001,0.9999999999999999
83.15,0.9999999999999999
83.2,0.9999999999999999
83.25,0.9999999999999999
83.30000000000001,0.9999999999999999
83.35000000000001,0.9999999999999999
83.4,0.9999999999999999
83.45,0.9999999999999999
83.5,0.9999999999999999
83.55000000000001,0.9999999999999999
83.60000000000001,0.9999999999999999
83.65,0.9999999999999999
83.7,0.9999999999999999
83.75,0.9999999999999999
83.80000000000001,0.9999999999999999
83.85000000000001,0.9999999999999999
83.9,0.9999999999999999
83.95,0.9999999999999999
84.0,0.9999999999999999
84.05000000000001,0.9999999999999999
84.10000000000001,0.9999999999999999
84.15,0.9999999999999999
84.2,0.9999999999999999
84.25,0.9999999999999999
84.30000000000001,0.9999999999999999
84.35000000000001,0.9999999999999999
84.4,0.9999999999999999
84.45,0.9999999999999999
84.5,0.9999999999999999
84.55000000000001,0.9999999999999999
84.60000000000001,0.9999999999999999
84.65,0.9999999999999999
84.7,0.9999999999999999
84.75,0.9999999999999999
84.80000000000001,0.9999999999999999
84.85000000000001,0.9999999999999999
84.9,0.9999999999999999
84.95,0.9999999999999999
85.0,0.9999999999999999
85.05000000000001,0.9999999999999999
85.10000000000001,0.9999999999999999
85.15,0.9999999999999999
85.2,0.9999999999999999
85.25,0.9999999999999999
85.30000000000001,0.9999999999999999
85.35000000000001,0.9999999999999999
85.4,0.9999999999999999
85.45,0.9999999999999999
85.5,0.9999999999999999
85.55000000000001,0.9999999999999999
85.60000000000001,0.9999999999999999
85.65,0.9999999999999999
85.7,0.9999999999999999
85.75,0.9999999999999999
85.80000000000001,0.9999999999999999
85.85000000000001,0.9999999999999999
85.9,0.9999999999999999
85.95,0.9999999999999999
86.0,0.9999999999999999
86.05000000000001,0.9999999999999999
86.10000000000001,0.9999999999999999
86.15,0.9999999999999999
86.2,0.9999999999999999
86.25,0.9999999999999999
86.30000000000001,0.9999999999999999
86.35000000000001,0.9999999999999999
86.4,0.9999999999999999
86.45,0.9999999999999999
86.5,0.9999999999999999
86.55000000000001,0.9999999999999999
86.60000000000001,0.9999999999999999
86.65,0.9999999999999999
86.7,0.9999999999999999
86.75,0.9999999999999999
86.80000000000001,0.9999999999999999
86.85000000000001,0.9999999999999999
86.9,0.9999999999999999
86.95,0.9999999999999999
87.0,0.9999999999999999
87.05000000000001,0.9999999999999999
87.10000000000001,0.9999999999999999
87.15,0.9999999999999999
87.2,0.9999999999999999
87.25,0.9999999999999999
87.30000000000001,0.9999999999999999
87.35000000000001,0.9999999999999999
87.4,0.9999999999999999
87.45,0.9999999999999999
87.5,0.9999999999999999
87.55000000000001,0.9999999999999999
87.60000000000001,0.9999999999999999
87.65,0.9999999999999999
87.7,0.9999999999999999
87.75,0.9999999999999999
87.80000000000001,0.9999999999999999
87.85000000000001,0.9999999999999999
87.9,0.9999999999999999
87.95,0.9999999999999999
88.0,0.9999999999999999
88.05000000000001,0.9999999999999999
88.10000000000001,0.9999999999999999
88.15,0.9999999999999999
88.2,0.9999999999999999
88.25,0.9999999999999999
88.30000000000001,0.9999999999999999
88.35000000000001,0.9999999999999999
88.4,0.9999999999999999
88.45,0.9999999999999999
88.5,0.9999999999999999
88.55000000000001,0.9999999999999999
88.60000000000001,0.9999999999999999
88.65,0.9999999999999999
88.7,0.9999999999999999
88.75,0.9999999999999999
88.80000000000001,0.9999999999999999
88.85000000000001,0.9999999999999999
88.9,0.9999999999999999
88.95,0.9999999999999999
89.0,0.9999999999999999
89.05000000000001,0.9999999999999999
89.10000000000001,0.9999999999999999
89.15,0.9999999999999999
89.2,0.9999999999999999
89.25,0.9999999999999999
89.30000000000001,0.9999999999999999
89.35000000000001,0.9999999999999999
89.4,0.9999999999999999
89.45,0.9999999999999999
89.5,0.9999999999999999
89.55000000000001,0.9999999999999999
89.60000000000001,0.9999999999999999
89.65,0.9999999999999999
89.7,0.9999999999999999
89.75,0.9999999999999999
89.80000000000001,0.9999999999999999
89.85000000000001,0.9999999999999999
89.9,0.9999999999999999
89.95,0.9999999999999999
90.0,0.9999999999999999
90.05000000000001,0.9999999999999999
90.10000000000001,0.9999999999999999
90.15,0.9999999999999999
90.2,0.9999999999999999
90.25,0.9999999999999999
90.30000000000001,0.9999999999999999
90.35000000000001,0.9999999999999999
90.4,0.9999999999999999
90.45,0.9999999999999999
90.5,0.9999999999999999
90.55000000000001,0.9999999999999999
90.60000000000001,0.9999999999999999
90.65,0.9999999999999999
90.7,0.9999999999999999
90.75,0.9999999999999999
90.80000000000001,0.9999999999999999
90.85000000000001,0.9999999999999999
90.9,0.9999999999999999
90.95,0.9999999999999999
91.0,0.9999999999999999
91.05000000000001,0.9999999999999999
91.10000000000001,0.9999999999999999
91.15,0.9999999999999999
91.2,0.9999999999999999
91.25,0.9999999999999999
91.30000000000001,0.9999999999999999
91.35000000000001,0.9999999999999999
91.4,0.9999999999999999
91.45,0.9999999999999999
91.5,0.9999999999999999
91.55000000000001,0.9999999999999999
91.60000000000001,0.9999999999999999
91.65,0.9999999999999999
91.7,0.9999999999999999
91.75,0.9999999999999999
91.80000000000001,0.9999999999999999
91.85000000000001,0.9999999999999999
91.9,0.9999999999999999
91.95,0.9999999999999999
92.0,0.9999999999999999
92.05000000000001,0.9999999999999999
92.10000000000001,0.9999999999999999
92.15,0.9999999999999999
92.2,0.9999999999999999
92.25,0.9999999999999999
92.30000000000001,0.9999999999999999
92.35000000000001,0.9999999999999999
92.4,0.9999999999999999
92.45,0.9999999999999999
92.5,0.9999999999999999
92.55000000000001,0.9999999999999999
92.60000000000001,0.9999999999999999
92.65,0.9999999999999999
92.7,0.9999999999999999
92.75,0.9999999999999999
92.80000000000001,0.9999999999999999
92.85000000000001,0.9999999999999999
92.9,0.9999999999999999
92.95,0.9999999999999999
93.0,0.9999999999999999
93.05000000000001,0.9999999999999999
93.10000000000001,0.9999999999999999
93.15,0.9999999999999999
93.2,0.9999999999999999
93.25,0.9999999999999999
93.30000000000001,0.9999999999999999
93.35000000000001,0.9999999999999999
93.4,0.9999999999999999
93.45,0.9999999999999999
93.5,0.9999999999999999
93.55000000000001,0.9999999999999999
93.60000000000001,0.9999999999999999
93.65,0.9999999999999999
93.7,0.9999999999999999
93.75,0.9999999999999999
93.80000000000001,0.9999999999999999
93.85000000000001,0.9999999999999999
93.9,0.9999999999999999
93.95,0.9999999999999999
94.0,0.9999999999999999
94.05000000000001,0.9999999999999999
94.10000000000001,0.9999999999999999
94.15,0.9999999999999999
94.2,0.9999999999999999
94.25,0.9999999999999999
94.30000000000001,0.9999999999999999
94.35000000000001,0.9999999999999999
94.4,0.9999999999999999
94.45,0.9999999999999999
94.5,0.9999999999999999
94.55000000000001,0.9999999999999999
94.60000000000001,0.9999999999999999
94.65,0.9999999999999999
94.7,0.9999999999999999
94.75,0.9999999999999999
94.80000000000001,0.9999999999999999
94.85000000000001,0.9999999999999999
94.9,0.9999999999999999
94.95,0.9999999999999999
95.0,0.9999999999999999
95.05000000000001,0.9999999999999999
95.10000000000001,0.9999999999999999
95.15,0.9999999999999999
95.2,0.9999999999999999
95.25,0.9999999999999999
95.30000000000001,0.9999999999999999
95.35000000000001,0.9999999999999999
95.4,0.9999999999999999
95.45,0.9999999999999999
95.5,0.9999999999999999
95.55000000000001,0.9999999999999999
95.60000000000001,0.9999999999999999
95.65,0.9999999999999999
95.7,0.9999999999999999
95.75,0.9999999999999999
95.80000000000001,0.9999999999999999
95.85000000000001,0.9999999999999999
95.9,0.9999999999999999
95.95,0.9999999999999999
96.0,0.9999999999999999
96.05000000000001,0.9999999999999999
96.10000000000001,0.9999999999999999
96.15,0.9999999999999999
96.2,0.9999999999999999
96.25,0.9999999999999999
96.30000000000001,0.9999999999999999
96.35000000000001,0.9999999999999999
96.4,0.9999999999999999
96.45,0.9999999999999999
96.5,0.9999999999999999
96.55000000000001,0.9999999999999999
96.60000000000001,0.9999999999999999
96.65,0.9999999999999999
96.7,0.9999999999999999
96.75,0.9999999999999999
96.80000000000001,0.9999999999999999
96.85000000000001,0.9999999999999999
96.9,0.9999999999999999
96.95,0.9999999999999999
97.0,0.9999999999999999
97.05000000000001,0.9999999999999999
97.10000000000001,0.9999999999999999
97.15,0.9999999999999999
97.2,0.9999999999999999
97.25,0.9999999999999999
97.30000000000001,0.9999999999999999
97.35000000000001,0.9999999999999999
97.4,0.9999999999999999
97.45,0.9999999999999999
97.5,0.9999999999999999
97.55000000000001,0.9999999999999999
97.60000000000001,0.9999999999999999
97.65,0.9999999999999999
97.7,0.9999999999999999
97.75,0.9999999999999999
97.80000000000001,0.9999999999999999
97.85000000000001,0.9999999999999999
97.9,0.9999999999999999
97.95,0.9999999999999999
98.0,0.9999999999999999
98.05000000000001,0.9999999999999999
98.10000000000001,0.9999999999999999
98.15,0.9999999999999999
98.2,0.9999999999999999
98.25,0.9999999999999999
98.30000000000001,0.9999999999999999
98.35000000000001,0.9999999999999999
98.4,0.9999999999999999
98.45,0.9999999999999999
98.5,0.9999999999999999
98.55000000000001,0.9999999999999999
98.60000000000001,0.9999999999999999
98.65,0.9999999999999999
98.7,0.9999999999999999
98.75,0.9999999999999999
98.80000000000001,0.9999999999999999
98.85000000000001,0.9999999999999999
98.9,0.9999999999999999
98.95,0.9999999999999999
99.0,0.9999999999999999
99.05000000000001,0.9999999999999999
99.10000000000001,0.9999999999999999
99.15,0.9999999999999999
99.2,0.9999999999999999
99.25,0.9999999999999999
99.30000000000001,0.9999999999999999
99.35000000000001,0.9999999999999999
99.4,0.9999999999999999
99.45,0.9999999999999999
99.5,0.9999999999999999
99.55000000000001,0.9999999999999999
99.60000000000001,0.9999999999999999
99.65,0.9999999999999999
99.7,0.9999999999999999
99.75,0.9999999999999999
99.80000000000001,0.9999999999999999
99.85000000000001,0.9999999999999999
99.9,0.9999999999999999
99.95,0.9999999999999999
100.0,0.9999999999999999
100.05000000000001,0.9999999999999999
100.10000000000001,0.9999999999999999
100.15,0.9999999999999999
100.2,0.9999999999999999
100.25,0.9999999999999999
100.30000000000001,0.9999999999999999
100.35000000000001,0.9999999999999999
100.4,0.9999999999999999
100.45,0.9999999999999999
100.5,0.9999999999999999
100.55000000000001,0.9999999999999999
100.60000000000001,0.9999999999999999
100.65,0.9999999999999999
100.7,0.9999999999999999
100.75,0.9999999999999999
100.80000000000001,0.9999999999999999
100.85000000000001,0.9999999999999999
100.9,0.9999999999999999
100.95,0.9999999999999999
101.0,0.9999999999999999
101.05000000000001,0.9999999999999999
101.10000000000001,0.9999999999999999
101.15,0.9999999999999999
101.2,0.9999999999999999
101.25,0.9999999999999999
101.30000000000001,0.9999999999999999
101.35000000000001,0.9999999999999999
101.4,0.9999999999999999
101.45,0.9999999999999999
101.5,0.9999999999999999
101.55000000000001,0.9999999999999999
101.60000000000001,0.9999999999999999
101.65,0.9999999999999999
101.7,0.9999999999999999
101.75,0.9999999999999999
101.80000000000001,0.9999999999999999
101.85000000000001,0.9999999999999999
101.9,0.9999999999999999
101.95,0.9999999999999999
102.0,0.9999999999999999
102.05000000000001,0.9999999999999999
102.10000000000001,0.9999999999999999
102.15,0.9999999999999999
102.2,0.9999999999999999
102.25,0.9999999999999999
102.30000000000001,0.9999999999999999
102.35000000000001,0.9999999999999999
102.4,0.9999999999999999
102.45,0.9999999999999999
102.5,0.9999999999999999
102.55000000000001,0.9999999999999999
102.60000000000001,0.9999999999999999
102.65,0.9999999999999999
102.7,0.9999999999999999
102.75,0.9999999999999999
102.80000000000001,0.9999999999999999
102.85000000000001,0.9999999999999999
102.9,0.9999999999999999
102.95,0.9999999999999999
103.0,0.9999999999999999
103.05000000000001,0.9999999999999999
103.10000000000001,0.9999999999999999
103.15,0.9999999999999999
103.2,0.9999999999999999
103.25,0.9999999999999999
103.30000000000001,0.9999999999999999
103.35000000000001,0.9999999999999999
103.4,0.9999999999999999
103.45,0.9999999999999999
103.5,0.9999999999999999
103.55000000000001,0.9999999999999999
103.60000000000001,0.9999999999999999
103.65,0.9999999999999999
103.7,0.9999999999999999
103.75,0.9999999999999999
103.80000000000001,0.9999999999999999
103.85000000000001,0.9999999999999999
103.9,0.9999999999999999
103.95,0.9999999999999999
104.0,0.9999999999999999
104.05000000000001,0.9999999999999999
104.10000000000001,0.9999999999999999
104.15,0.9999999999999999
104.2,0.9999999999999999
104.25,0.9999999999999999
104.30000000000001,0.9999999999999999
104.35000000000001,0.9999999999999999
104.4,0.9999999999999999
104.45,0.9999999999999999
104.5,0.9999999999999999
104.55000000000001,0.9999999999999999
104.60000000000001,0.9999999999999999
104.65,0.9999999999999999
104.7,0.9999999999999999
104.75,0.9999999999999999
104.80000000000001,0.9999999999999999
104.85000000000001,0.9999999999999999
104.9,0.9999999999999999
104.95,0.9999999999999999
105.0,0.9999999999999999
105.05000000000001,0.9999999999999999
105.10000000000001,0.9999999999999999
105.15,0.9999999999999999
105.2,0.9999999999999999
105.25,0.9999999999999999
105.30000000000001,0.9999999999999999
105.35000000000001,0.9999999999999999
105.4,0.9999999999999999
105.45,0.9999999999999999
105.5,0.9999999999999999
105.55000000000001,0.9999999999999999
105.60000000000001,0.9999999999999999
105.65,0.9999999999999999
105.7,0.9999999999999999
105.75,0.9999999999999999
105.80000000000001,0.9999999999999999
105.85000000000001,0.9999999999999999
105.9,0.9999999999999999
105.95,0.9999999999999999
106.0,0.9999999999999999
106.05000000000001,0.9999999999999999
106.10000000000001,0.9999999999999999
106.15,0.9999999999999999
106.2,0.9999999999999999
106.25,0.9999999999999999
106.30000000000001,0.9999999999999999
106.35000000000001,0.9999999999999999
106.4,0.9999999999999999
106.45,0.9999999999999999
106.5,0.9999999999999999
106.55000000000001,0.9999999999999999
106.60000000000001,0.9999999999999999
106.65,0.9999999999999999
106.7,0.9999999999999999
106.75,0.9999999999999999
106.80000000000001,0.9999999999999999
106.85000000000001,0.9999999999999999
106.9,0.9999999999999999
106.95,0.9999999999999999
107.0,0.9999999999999999
107.05000000000001,0.9999999999999999
107.10000000000001,0.9999999999999999
107.15,0.9999999999999999
107.2,0.9999999999999999
107.25,0.9999999999999999
107.30000000000001,0.9999999999999999
107.35000000000001,0.9999999999999999
107.4,0.9999999999999999
107.45,0.9999999999999999
107.5,0.9999999999999999
107.55000000000001,0.9999999999999999
107.60000000000001,0.9999999999999999
107.65,0.9999999999999999
107.7,0.9999999999999999
107.75,0.9999999999999999
107.80000000000001,0.9999999999999999
107.85000000000001,0.9999999999999999
107.9,0.9999999999999999
107.95,0.9999999999999999
108.0,0.9999999999999999
108.05000000000001,0.9999999999999999
108.10000000000001,0.9999999999999999
108.15,0.9999999999999999
108.2,0.9999999999999999
108.25,0.9999999999999999
108.30000000000001,0.9999999999999999
108.35000000000001,0.9999999999999999
108.4,0.9999999999999999
108.45,0.9999999999999999
108.5,0.9999999999999999
108.55000000000001,0.9999999999999999
108.60000000000001,0.9999999999999999
108.65,0.9999999999999999
108.7,0.9999999999999999
108.75,0.9999999999999999
108.80000000000001,0.9999999999999999
108.85000000000001,0.9999999999999999
108.9,0.9999999999999999
108.95,0.9999999999999999
109.0,0.9999999999999999
109.05000000000001,0.9999999999999999
109.10000000000001,0.9999999999999999
109.15,0.9999999999999999
109.2,0.9999999999999999
109.25,0.9999999999999999
109.30000000000001,0.9999999999999999
109.35000000000001,0.9999999999999999
109.4,0.9999999999999999
109.45,0.9999999999999999
109.5,0.9999999999999999
109.55000000000001,0.9999999999999999
109.60000000000001,0.9999999999999999
109.65,0.9999999999999999
109.7,0.9999999999999999
109.75,0.9999999999999999
109.80000000000001,0.9999999999999999
109.85000000000001,0.9999999999999999
109.9,0.9999999999999999
109.95,0.9999999999999999
110.0,0.9999999999999999
110.05000000000001,0.9999999999999999
110.10000000000001,0.9999999999999999
110.15,0.9999999999999999
110.2,0.9999999999999999
110.25,0.9999999999999999
110.30000000000001,0.9999999999999999
110.35000000000001,0.9999999999999999
110.4,0.9999999999999999
110.45,0.9999999999999999
110.5,0.9999999999999999
110.55000000000001,0.9999999999999999
110.60000000000001,0.9999999999999999
110.65,0.9999999999999999
110.7,0.9999999999999999
110.75,0.9999999999999999
110.80000000000001,0.9999999999999999
110.85000000000001,0.9999999999999999
110.9,0.9999999999999999
110.95,0.9999999999999999
111.0,0.9999999999999999
111.05000000000001,0.9999999999999999
111.10000000000001,0.9999999999999999
111.15,0.9999999999999999
111.2,0.9999999999999999
111.25,0.9999999999999999
111.30000000000001,0.9999999999999999
111.35000000000001,0.9999999999999999
111.4,0.9999999999999999
111.45,0.9999999999999999
111.5,0.9999999999999999
111.55000000000001,0.9999999999999999
111.60000000000001,0.9999999999999999
111.65,0.9999999999999999
111.7,0.9999999999999999
111.75,0.9999999999999999
111.80000000000001,0.9999999999999999
111.85000000000001,0.9999999999999999
111.9,0.9999999999999999
111.95,0.9999999999999999
112.0,0.9999999999999999
112.05000000000001,0.9999999999999999
112.10000000000001,0.9999999999999999
112.15,0.9999999999999999
112.2,0.9999999999999999
112.25,0.9999999999999999
112.30000000000001,0.9999999999999999
112.35000000000001,0.9999999999999999
112.4,0.9999999999999999
112.45,0.9999999999999999
112.5,0.9999999999999999
112.55000000000001,0.9999999999999999
112.60000000000001,0.9999999999999999
112.65,0.9999999999999999
112.7,0.9999999999999999
112.75,0.9999999999999999
112.80000000000001,0.9999999999999999
112.85000000000001,0.9999999999999999
112.9,0.9999999999999999
112.95,0.9999999999999999
113.0,0.9999999999999999
113.05000000000001,0.9999999999999999
113.10000000000001,0.9999999999999999
113.15,0.9999999999999999
113.2,0.9999999999999999
113.25,0.9999999999999999
113.30000000000001,0.9999999999999999
113.35000000000001,0.9999999999999999
113.4,0.9999999999999999
113.45,0.9999999999999999
113.5,0.9999999999999999
113.55000000000001,0.9999999999999999
113.60000000000001,0.9999999999999999
113.65,0.9999999999999999
113.7,0.9999999999999999
113.75,0.9999999999999999
113.80000000000001,0.9999999999999999
113.85000000000001,0.9999999999999999
113.9,0.9999999999999999
113.95,0.9999999999999999
114.0,0.9999999999999999
114.05000000000001,0.9999999999999999
114.10000000000001,0.9999999999999999
114.15,0.9999999999999999
114.2,0.9999999999999999
114.25,0.9999999999999999
114.30000000000001,0.9999999999999999
114.35000000000001,0.9999999999999999
114.4,0.9999999999999999
114.45,0.9999999999999999
114.5,0.9999999999999999
114.55000000000001,0.9999999999999999
114.60000000000001,0.9999999999999999
114.65,0.9999999999999999
114.7,0.9999999999999999
114.75,0.9999999999999999
114.80000000000001,0.9999999999999999
114.85000000000001,0.9999999999999999
114.9,0.9999999999999999
114.95,0.9999999999999999
115.0,0.9999999999999999
115.05000000000001,0.9999999999999999
115.10000000000001,0.9999999999999999
115.15,0.9999999999999999
115.2,0.9999999999999999
115.25,0.9999999999999999
115.30000000000001,0.9999999999999999
115.35000000000001,0.9999999999999999
115.4,0.9999999999999999
115.45,0.9999999999999999
115.5,0.9999999999999999
115.55000000000001,0.9999999999999999
115.60000000000001,0.9999999999999999
115.65,0.9999999999999999
115.7,0.9999999999999999
115.75,0.9999999999999999
115.80000000000001,0.9999999999999999
115.85000000000001,0.9999999999999999
115.9,0.9999999999999999
115.95,0.9999999999999999
116.0,0.9999999999999999
116.05000000000001,0.9999999999999999
116.10000000000001,0.9999999999999999
116.15,0.9999999999999999
116.2,0.9999999999999999
116.25,0.9999999999999999
116.30000000000001,0.9999999999999999
116.35000000000001,0.9999999999999999
116.4,0.9999999999999999
116.45,0.9999999999999999
116.5,0.9999999999999999
116.55000000000001,0.9999999999999999
116.60000000000001,0.9999999999999999
116.65,0.9999999999999999
116.7,0.9999999999999999
116.75,0.9999999999999999
116.80000000000001,0.9999999999999999
116.85000000000001,0.9999999999999999
116.9,0.9999999999999999
116.95,0.9999999999999999
117.0,0.9999999999999999
117.05000000000001,0.9999999999999999
117.10000000000001,0.9999999999999999
117.15,0.9999999999999999
117.2,0.9999999999999999
117.25,0.9999999999999999
117.30000000000001,0.9999999999999999
117.35000000000001,0.9999999999999999
117.4,0.9999999999999999
117.45,0.9999999999999999
117.5,0.9999999999999999
117.55000000000001,0.9999999999999999
117.60000000000001,0.9999999999999999
117.65,0.9999999999999999
117.7,0.9999999999999999
117.75,0.9999999999999999
117.80000000000001,0.9999999999999999
117.85000000000001,0.9999999999999999
117.9,0.9999999999999999
117.95,0.9999999999999999
118.0,0.9999999999999999
118.05000000000001,0.9999999999999999
118.10000000000001,0.9999999999999999
118.15,0.9999999999999999
118.2,0.9999999999999999
118.25,0.9999999999999999
118.30000000000001,0.9999999999999999
118.35000000000001,0.9999999999999999
118.4,0.9999999999999999
118.45,0.9999999999999999
118.5,0.9999999999999999
118.55000000000001,0.9999999999999999
118.60000000000001,0.9999999999999999
118.65,0.9999999999999999
118.7,0.9999999999999999
118.75,0.9999999999999999
118.80000000000001,0.9999999999999999
118.85000000000001,0.9999999999999999
118.9,0.9999999999999999
118.95,0.9999999999999999
119.0,0.9999999999999999
119.05000000000001,0.9999999999999999
119.10000000000001,0.9999999999999999
119.15,0.9999999999999999
119.2,0.9999999999999999
119.25,0.9999999999999999
119.30000000000001,0.9999999999999999
119.35000000000001,0.9999999999999999
119.4,0.9999999999999999
119.45,0.9999999999999999
119.5,0.9999999999999999
119.55000000000001,0.9999999999999999
119.60000000000001,0.9999999999999999
119.65,0.9999999999999999
119.7,0.9999999999999999
119.75,0.9999999999999999
119.80000000000001,0.9999999999999999
119.85000000000001,0.9999999999999999
119.9,0.9999999999999999
119.95,0.9999999999999999
120.0,0.9999999999999999
120.05000000000001,0.9999999999999999
120.10000000000001,0.9999999999999999
120.15,0.9999999999999999
120.2,0.9999999999999999
120.25,0.9999999999999999
120.30000000000001,0.9999999999999999
120.35000000000001,0.9999999999999999
120.4,0.9999999999999999
120.45,0.9999999999999999
120.5,0.9999999999999999
120.55000000000001,0.9999999999999999
120.60000000000001,0.9999999999999999
120.65,0.9999999999999999
120.7,0.9999999999999999
120.75,0.9999999999999999
120.80000000000001,0.9999999999999999
120.85000000000001,0.9999999999999999
120.9,0.9999999999999999
120.95,0.9999999999999999
121.0,0.9999999999999999
121.05000000000001,0.9999999999999999
121.10000000000001,0.9999999999999999
121.15,0.9999999999999999
121.2,0.9999999999999999
121.25,0.9999999999999999
121.30000000000001,0.9999999999999999
121.35000000000001,0.9999999999999999
121.4,0.9999999999999999
121.45,0.9999999999999999
121.5,0.9999999999999999
121.55000000000001,0.9999999999999999
121.60000000000001,0.9999999999999999
121.65,0.9999999999999999
121.7,0.9999999999999999
121.75,0.9999999999999999
121.80000000000001,0.9999999999999999
121.85000000000001,0.9999999999999999
121.9,0.9999999999999999
121.95,0.9999999999999999
122.0,0.9999999999999999
122.05000000000001,0.9999999999999999
122.10000000000001,0.9999999999999999
122.15,0.9999999999999999
122.2,0.9999999999999999
122.25,0.9999999999999999
122.30000000000001,0.9999999999999999
122.35000000000001,0.9999999999999999
122.4,0.9999999999999999
122.45,0.9999999999999999
122.5,0.9999999999999999
122.55000000000001,0.9999999999999999
122.60000000000001,0.9999999999999999
122.65,0.9999999999999999
122.7,0.9999999999999999
122.75,0.9999999999999999
122.80000000000001,0.9999999999999999
122.85000000000001,0.9999999999999999
122.9,0.9999999999999999
122.95,0.9999999999999999
123.0,0.9999999999999999
123.05000000000001,0.9999999999999999
123.10000000000001,0.9999999999999999
123.15,0.9999999999999999
123.2,0.9999999999999999
123.25,0.9999999999999999
123.30000000000001,0.9999999999999999
123.35000000000001,0.9999999999999999
123.4,0.9999999999999999
123.45,0.9999999999999999
123.5,0.9999999999999999
123.55000000000001,0.9999999999999999
123.60000000000001,0.9999999999999999
123.65,0.9999999999999999
123.7,0.9999999999999999
123.75,0.9999999999999999
123.80000000000001,0.9999999999999999
123.85000000000001,0.9999999999999999
123.9,0.9999999999999999
123.95,0.9999999999999999
124.0,0.9999999999999999
124.05000000000001,0.9999999999999999
124.10000000000001,0.9999999999999999
124.15,0.9999999999999999
124.2,0.9999999999999999
124.25,0.9999999999999999
124.30000000000001,0.9999999999999999
124.35000000000001,0.9999999999999999
124.4,0.9999999999999999
124.45,0.9999999999999999
124.5,0.9999999999999999
124.55000000000001,0.9999999999999999
124.60000000000001,0.9999999999999999
124.65,0.9999999999999999
124.7,0.9999999999999999
124.75,0.9999999999999999
124.80000000000001,0.9999999999999999
124.85000000000001,0.9999999999999999
124.9,0.9999999999999999
124.95,0.9999999999999999
125.0,0.9999999999999999
125.05000000000001,0.9999999999999999
125.10000000000001,0.9999999999999999
125.15,0.9999999999999999
125.2,0.9999999999999999
125.25,0.9999999999999999
125.30000000000001,0.9999999999999999
125.35000000000001,0.9999999999999999
125.4,0.9999999999999999
125.45,0.9999999999999999
125.5,0.9999999999999999
125.55000000000001,0.9999999999999999
125.60000000000001,0.9999999999999999
125.65,0.9999999999999999
125.7,0.9999999999999999
125.75,0.9999999999999999
125.80000000000001,0.9999999999999999
125.85000000000001,0.9999999999999999
125.9,0.9999999999999999
125.95,0.9999999999999999
126.0,0.9999999999999999
126.05000000000001,0.9999999999999999
126.10000000000001,0.9999999999999999
126.15,0.9999999999999999
126.2,0.9999999999999999
126.25,0.9999999999999999
126.30000000000001,0.9999999999999999
126.35000000000001,0.9999999999999999
126.4,0.9999999999999999
126.45,0.9999999999999999
126.5,0.9999999999999999
126.55000000000001,0.9999999999999999
126.60000000000001,0.9999999999999999
126.65,0.9999999999999999
126.7,0.9999999999999999
126.75,0.9999999999999999
126.80000000000001,0.9999999999999999
126.85000000000001,0.9999999999999999
126.9,0.9999999999999999
126.95,0.9999999999999999
127.0,0.9999999999999999
127.05000000000001,0.9999999999999999
127.10000000000001,0.9999999999999999
127.15,0.9999999999999999
127.2,0.9999999999999999
127.25,0.9999999999999999
127.30000000000001,0.9999999999999999
127.35000000000001,0.9999999999999999
127.4,0.9999999999999999
127.45,0.9999999999999999
127.5,0.9999999999999999
127.55000000000001,0.9999999999999999
127.60000000000001,0.9999999999999999
127.65,0.9999999999999999
127.7,0.9999999999999999
127.75,0.9999999999999999
127.80000000000001,0.9999999999999999
127.85000000000001,0.9999999999999999
127.9,0.9999999999999999
127.95,0.9999999999999999
128.0,0.9999999999999999
128.05,0.9999999999999999
128.1,0.9999999999999999
128.15,0.9999999999999999
128.20000000000002,0.9999999999999999
128.25,0.9999999999999999
128.3,0.9999999999999999
128.35,0.9999999999999999
128.4,0.9999999999999999
128.45000000000002,0.9999999999999999
128.5,0.9999999999999999
128.55,0.9999999999999999
128.6,0.9999999999999999
128.65,0.9999999999999999
128.70000000000002,0.9999999999999999
128.75,0.9999999999999999
128.8,0.9999999999999999
128.85,0.9999999999999999
128.9,0.9999999999999999
128.95000000000002,0.9999999999999999
129.0,0.9999999999999999
129.05,0.9999999999999999
129.1,0.9999999999999999
129.15,0.9999999999999999
129.20000000000002,0.9999999999999999
129.25,0.9999999999999999
129.3,0.9999999999999999
129.35,0.9999999999999999
129.4,0.9999999999999999
129.45000000000002,0.9999999999999999
129.5,0.9999999999999999
129.55,0.9999999999999999
129.6,0.9999999999999999
129.65,0.9999999999999999
129.70000000000002,0.9999999999999999
129.75,0.9999999999999999
129.8,0.9999999999999999
129.85,0.9999999999999999
129.9,0.9999999999999999
129.95000000000002,0.9999999999999999
130.0,0.9999999999999999
130.05,0.9999999999999999
130.1,0.9999999999999999
130.15,0.9999999999999999
130.20000000000002,0.9999999999999999
130.25,0.9999999999999999
130.3,0.9999999999999999
130.35,0.9999999999999999
130.4,0.9999999999999999
130.45000000000002,0.9999999999999999
130.5,0.9999999999999999
130.55,0.9999999999999999
130.6,0.9999999999999999
130.65,0.9999999999999999
130.70000000000002,0.9999999999999999
130.75,0.9999999999999999
130.8,0.9999999999999999
130.85,0.9999999999999999
130.9,0.9999999999999999
130.95000000000002,0.9999999999999999
131.0,0.9999999999999999
131.05,0.9999999999999999
131.1,0.9999999999999999
131.15,0.9999999999999999
131.20000000000002,0.9999999999999999
131.25,0.9999999999999999
131.3,0.9999999999999999
131.35,0.9999999999999999
131.4,0.9999999999999999
131.45000000000002,0.9999999999999999
131.5,0.9999999999999999
131.55,0.9999999999999999
131.6,0.9999999999999999
131.65,0.9999999999999999
131.70000000000002,0.9999999999999999
131.75,0.9999999999999999
131.8,0.9999999999999999
131.85,0.9999999999999999
131.9,0.9999999999999999
131.95000000000002,0.9999999999999999
132.0,0.9999999999999999
132.05,0.9999999999999999
132.1,0.9999999999999999
132.15,0.9999999999999999
132.20000000000002,0.9999999999999999
132.25,0.9999999999999999
132.3,0.9999999999999999
132.35,0.9999999999999999
132.4,0.9999999999999999
132.45000000000002,0.9999999999999999
132.5,0.9999999999999999
132.55,0.9999999999999999
132.6,0.9999999999999999
132.65,0.9999999999999999
132.70000000000002,0.9999999999999999
132.75,0.9999999999999999
132.8,0.9999999999999999
132.85,0.9999999999999999
132.9,0.9999999999999999
132.95000000000002,0.9999999999999999
133.0,0.9999999999999999
133.05,0.9999999999999999
133.1,0.9999999999999999
133.15,0.9999999999999999
133.20000000000002,0.9999999999999999
133.25,0.9999999999999999
133.3,0.9999999999999999
133.35,0.9999999999999999
133.4,0.9999999999999999
133.45000000000002,0.9999999999999999
133.5,0.9999999999999999
133.55,0.9999999999999999
133.6,0.9999999999999999
133.65,0.9999999999999999
133.70000000000002,0.9999999999999999
133.75,0.9999999999999999
133.8,0.9999999999999999
133.85,0.9999999999999999
133.9,0.9999999999999999
133.95000000000002,0.9999999999999999
134.0,0.9999999999999999
134.05,0.9999999999999999
134.1,0.9999999999999999
134.15,0.9999999999999999
134.20000000000002,0.9999999999999999
134.25,0.9999999999999999
134.3,0.9999999999999999
134.35,0.9999999999999999
134.4,0.9999999999999999
134.45000000000002,0.9999999999999999
134.5,0.9999999999999999
134.55,0.9999999999999999
134.6,0.9999999999999999
134.65,0.9999999999999999
134.70000000000002,0.9999999999999999
134.75,0.9999999999999999
134.8,0.9999999999999999
134.85,0.9999999999999999
134.9,0.9999999999999999
134.95000000000002,0.9999999999999999
135.0,0.9999999999999999
135.05,0.9999999999999999
135.1,0.9999999999999999
135.15,0.9999999999999999
135.20000000000002,0.9999999999999999
135.25,0.9999999999999999
135.3,0.9999999999999999
135.35,0.9999999999999999
135.4,0.9999999999999999
135.45000000000002,0.9999999999999999
135.5,0.9999999999999999
135.55,0.9999999999999999
135.6,0.9999999999999999
135.65,0.9999999999999999
135.70000000000002,0.9999999999999999
135.75,0.9999999999999999
135.8,0.9999999999999999
135.85,0.9999999999999999
135.9,0.9999999999999999
135.95000000000002,0.9999999999999999
136.0,0.9999999999999999
136.05,0.9999999999999999
136.1,0.9999999999999999
136.15,0.9999999999999999
136.20000000000002,0.9999999999999999
136.25,0.9999999999999999
136.3,0.9999999999999999
136.35,0.9999999999999999
136.4,0.9999999999999999
136.45000000000002,0.9999999999999999
136.5,0.9999999999999999
136.55,0.9999999999999999
136.6,0.9999999999999999
136.65,0.9999999999999999
136.70000000000002,0.9999999999999999
136.75,0.9999999999999999
136.8,0.9999999999999999
136.85,0.9999999999999999
136.9,0.9999999999999999
136.95000000000002,0.9999999999999999
137.0,0.9999999999999999
137.05,0.9999999999999999
137.1,0.9999999999999999
137.15,0.9999999999999999
137.20000000000002,0.9999999999999999
137.25,0.9999999999999999
137.3,0.9999999999999999
137.35,0.9999999999999999
137.4,0.9999999999999999
137.45000000000002,0.9999999999999999
137.5,0.9999999999999999
137.55,0.9999999999999999
137.6,0.9999999999999999
137.65,0.9999999999999999
137.70000000000002,0.9999999999999999
137.75,0.9999999999999999
137.8,0.9999999999999999
137.85,0.9999999999999999
137.9,0.9999999999999999
137.95000000000002,0.9999999999999999
138.0,0.9999999999999999
138.05,0.9999999999999999
138.1,0.9999999999999999
138.15,0.9999999999999999
138.20000000000002,0.9999999999999999
138.25,0.9999999999999999
138.3,0.9999999999999999
138.35,0.9999999999999999
138.4,0.9999999999999999
138.45000000000002,0.9999999999999999
138.5,0.9999999999999999
138.55,0.9999999999999999
138.6,0.9999999999999999
138.65,0.9999999999999999
138.70000000000002,0.9999999999999999
138.75,0.9999999999999999
138.8,0.9999999999999999
138.85,0.9999999999999999
138.9,0.9999999999999999
138.95000000000002,0.9999999999999999
139.0,0.9999999999999999
139.05,0.9999999999999999
139.1,0.9999999999999999
139.15,0.9999999999999999
139.20000000000002,0.9999999999999999
139.25,0.9999999999999999
139.3,0.9999999999999999
139.35,0.9999999999999999
139.4,0.9999999999999999
139.45000000000002,0.9999999999999999
139.5,0.9999999999999999
139.55,0.9999999999999999
139.6,0.9999999999999999
139.65,0.9999999999999999
139.70000000000002,0.9999999999999999
139.75,0.9999999999999999
139.8,0.9999999999999999
139.85,0.9999999999999999
139.9,0.9999999999999999
139.95000000000002,0.9999999999999999
140.0,0.9999999999999999
140.05,0.9999999999999999
140.1,0.9999999999999999
140.15,0.9999999999999999
140.20000000000002,0.9999999999999999
140.25,0.9999999999999999
140.3,0.9999999999999999
140.35,0.9999999999999999
140.4,0.9999999999999999
140.45000000000002,0.9999999999999999
140.5,0.9999999999999999
140.55,0.9999999999999999
140.6,0.9999999999999999
140.65,0.9999999999999999
140.70000000000002,0.9999999999999999
140.75,0.9999999999999999
140.8,0.9999999999999999
140.85,0.9999999999999999
140.9,0.9999999999999999
140.95000000000002,0.9999999999999999
141.0,0.9999999999999999
141.05,0.9999999999999999
141.1,0.9999999999999999
141.15,0.9999999999999999
141.20000000000002,0.9999999999999999
141.25,0.9999999999999999
141.3,0.9999999999999999
141.35,0.9999999999999999
141.4,0.9999999999999999
141.45000000000002,0.9999999999999999
141.5,0.9999999999999999
141.55,0.9999999999999999
141.6,0.9999999999999999
141.65,0.9999999999999999
141.70000000000002,0.9999999999999999
141.75,0.9999999999999999
141.8,0.9999999999999999
141.85,0.9999999999999999
141.9,0.9999999999999999
141.95000000000002,0.9999999999999999
142.0,0.9999999999999999
142.05,0.9999999999999999
142.1,0.9999999999999999
142.15,0.9999999999999999
142.20000000000002,0.9999999999999999
142.25,0.9999999999999999
142.3,0.9999999999999999
142.35,0.9999999999999999
142.4,0.9999999999999999
142.45000000000002,0.9999999999999999
142.5,0.9999999999999999
142.55,0.9999999999999999
142.6,0.9999999999999999
142.65,0.9999999999999999
142.70000000000002,0.9999999999999999
142.75,0.9999999999999999
142.8,0.9999999999999999
142.85,0.9999999999999999
142.9,0.9999999999999999
142.95000000000002,0.9999999999999999
143.0,0.9999999999999999
143.05,0.9999999999999999
143.1,0.9999999999999999
143.15,0.9999999999999999
143.20000000000002,0.9999999999999999
143.25,0.9999999999999999
143.3,0.9999999999999999
143.35,0.9999999999999999
143.4,0.9999999999999999
143.45000000000002,0.9999999999999999
143.5,0.9999999999999999
143.55,0.9999999999999999
143.6,0.9999999999999999
143.65,0.9999999999999999
143.70000000000002,0.9999999999999999
143.75,0.9999999999999999
143.8,0.9999999999999999
143.85,0.9999999999999999
143.9,0.9999999999999999
143.95000000000002,0.9999999999999999
144.0,0.9999999999999999
144.05,0.9999999999999999
144.1,0.9999999999999999
144.15,0.9999999999999999
144.20000000000002,0.9999999999999999
144.25,0.9999999999999999
144.3,0.9999999999999999
144.35,0.9999999999999999
144.4,0.9999999999999999
144.45000000000002,0.9999999999999999
144.5,0.9999999999999999
144.55,0.9999999999999999
144.6,0.9999999999999999
144.65,0.9999999999999999
144.70000000000002,0.9999999999999999
144.75,0.9999999999999999
144.8,0.9999999999999999
144.85,0.9999999999999999
144.9,0.9999999999999999
144.95000000000002,0.9999999999999999
145.0,0.9999999999999999
145.05,0.9999999999999999
145.1,0.9999999999999999
145.15,0.9999999999999999
145.20000000000002,0.9999999999999999
145.25,0.9999999999999999
145.3,0.9999999999999999
145.35,0.9999999999999999
145.4,0.9999999999999999
145.45000000000002,0.9999999999999999
145.5,0.9999999999999999
145.55,0.9999999999999999
145.6,0.9999999999999999
145.65,0.9999999999999999
145.70000000000002,0.9999999999999999
145.75,0.9999999999999999
145.8,0.9999999999999999
145.85,0.9999999999999999
145.9,0.9999999999999999
145.95000000000002,0.9999999999999999
146.0,0.9999999999999999
146.05,0.9999999999999999
146.1,0.9999999999999999
146.15,0.9999999999999999
146.20000000000002,0.9999999999999999
146.25,0.9999999999999999
146.3,0.9999999999999999
146.35,0.9999999999999999
146.4,0.9999999999999999
146.45000000000002,0.9999999999999999
146.5,0.9999999999999999
146.55,0.9999999999999999
146.6,0.9999999999999999
146.65,0.9999999999999999
146.70000000000002,0.9999999999999999
146.75,0.9999999999999999
146.8,0.9999999999999999
146.85,0.9999999999999999
146.9,0.9999999999999999
146.95000000000002,0.9999999999999999
147.0,0.9999999999999999
147.05,0.9999999999999999
147.1,0.9999999999999999
147.15,0.9999999999999999
147.20000000000002,0.9999999999999999
147.25,0.9999999999999999
147.3,0.9999999999999999
147.35,0.9999999999999999
147.4,0.9999999999999999
147.45000000000002,0.9999999999999999
147.5,0.9999999999999999
147.55,0.9999999999999999
147.6,0.9999999999999999
147.65,0.9999999999999999
147.70000000000002,0.9999999999999999
147.75,0.9999999999999999
147.8,0.9999999999999999
147.85,0.9999999999999999
147.9,0.9999999999999999
147.95000000000002,0.9999999999999999
148.0,0.9999999999999999
148.05,0.9999999999999999
148.1,0.9999999999999999
148.15,0.9999999999999999
148.20000000000002,0.9999999999999999
148.25,0.9999999999999999
148.3,0.9999999999999999
148.35,0.9999999999999999
148.4,0.9999999999999999
148.45000000000002,0.9999999999999999
148.5,0.9999999999999999
148.55,0.9999999999999999
148.6,0.9999999999999999
148.65,0.9999999999999999
148.70000000000002,0.9999999999999999
148.75,0.9999999999999999
148.8,0.9999999999999999
148.85,0.9999999999999999
148.9,0.9999999999999999
148.95000000000002,0.9999999999999999
149.0,0.9999999999999999
149.05,0.9999999999999999
149.1,0.9999999999999999
149.15,0.9999999999999999
149.20000000000002,0.9999999999999999
149.25,0.9999999999999999
149.3,0.9999999999999999
149.35,0.9999999999999999
149.4,0.9999999999999999
149.45000000000002,0.9999999999999999
149.5,0.9999999999999999
149.55,0.9999999999999999
149.6,0.9999999999999999
149.65,0.9999999999999999
149.70000000000002,0.9999999999999999
149.75,0.9999999999999999
149.8,0.9999999999999999
149.85,0.9999999999999999
149.9,0.9999999999999999
149.95000000000002,0.9999999999999999
150.0,0.9999999999999999
150.05,0.9999999999999999
150.1,0.9999999999999999
150.15,0.9999999999999999
150.20000000000002,0.9999999999999999
150.25,0.9999999999999999
150.3,0.9999999999999999
150.35,0.9999999999999999
150.4,0.9999999999999999
150.45000000000002,0.9999999999999999
150.5,0.9999999999999999
150.55,0.9999999999999999
150.6,0.9999999999999999
150.65,0.9999999999999999
150.70000000000002,0.9999999999999999
150.75,0.9999999999999999
150.8,0.9999999999999999
150.85,0.9999999999999999
150.9,0.9999999999999999
150.95000000000002,0.9999999999999999
151.0,0.9999999999999999
151.05,0.9999999999999999
151.1,0.9999999999999999
151.15,0.9999999999999999
151.20000000000002,0.9999999999999999
151.25,0.9999999999999999
151.3,0.9999999999999999
151.35,0.9999999999999999
151.4,0.9999999999999999
151.45000000000002,0.9999999999999999
151.5,0.9999999999999999
151.55,0.9999999999999999
151.6,0.9999999999999999
151.65,0.9999999999999999
151.70000000000002,0.9999999999999999
151.75,0.9999999999999999
151.8,0.9999999999999999
151.85,0.9999999999999999
151.9,0.9999999999999999
151.95000000000002,0.9999999999999999
152.0,0.9999999999999999
152.05,0.9999999999999999
152.1,0.9999999999999999
152.15,0.9999999999999999
152.20000000000002,0.9999999999999999
152.25,0.9999999999999999
152.3,0.9999999999999999
152.35,0.9999999999999999
152.4,0.9999999999999999
152.45000000000002,0.9999999999999999
152.5,0.9999999999999999
152.55,0.9999999999999999
152.6,0.9999999999999999
152.65,0.9999999999999999
152.70000000000002,0.9999999999999999
152.75,0.9999999999999999
152.8,0.9999999999999999
152.85,0.9999999999999999
152.9,0.9999999999999999
152.95000000000002,0.9999999999999999
153.0,0.9999999999999999
153.05,0.9999999999999999
153.1,0.9999999999999999
153.15,0.9999999999999999
153.20000000000002,0.9999999999999999
153.25,0.9999999999999999
153.3,0.9999999999999999
153.35,0.9999999999999999
153.4,0.9999999999999999
153.45000000000002,0.9999999999999999
153.5,0.9999999999999999
153.55,0.9999999999999999
153.60000000000002,0.9999999999999999
153.65,0.9999999999999999
153.70000000000002,0.9999999999999999
153.75,0.9999999999999999
153.8,0.9999999999999999
153.85000000000002,0.9999999999999999
153.9,0.9999999999999999
153.95000000000002,0.9999999999999999
154.0,0.9999999999999999
154.05,0.9999999999999999
154.10000000000002,0.9999999999999999
154.15,0.9999999999999999
154.20000000000002,0.9999999999999999
154.25,0.9999999999999999
154.3,0.9999999999999999
154.35000000000002,0.9999999999999999
154.4,0.9999999999999999
154.45000000000002,0.9999999999999999
154.5,0.9999999999999999
154.55,0.9999999999999999
154.60000000000002,0.9999999999999999
154.65,0.9999999999999999
154.70000000000002,0.9999999999999999
154.75,0.9999999999999999
154.8,0.9999999999999999
154.85000000000002,0.9999999999999999
154.9,0.9999999999999999
154.95000000000002,0.9999999999999999
155.0,0.9999999999999999
155.05,0.9999999999999999
155.10000000000002,0.9999999999999999
155.15,0.9999999999999999
155.20000000000002,0.9999999999999999
155.25,0.9999999999999999
155.3,0.9999999999999999
155.35000000000002,0.9999999999999999
155.4,0.9999999999999999
155.45000000000002,0.9999999999999999
155.5,0.9999999999999999
155.55,0.9999999999999999
155.60000000000002,0.9999999999999999
155.65,0.9999999999999999
155.70000000000002,0.9999999999999999
155.75,0.9999999999999999
155.8,0.9999999999999999
155.85000000000002,0.9999999999999999
155.9,0.9999999999999999
155.95000000000002,0.9999999999999999
156.0,0.9999999999999999
156.05,0.9999999999999999
156.10000000000002,0.9999999999999999
156.15,0.9999999999999999
156.20000000000002,0.9999999999999999
156.25,0.9999999999999999
156.3,0.9999999999999999
156.35000000000002,0.9999999999999999
156.4,0.9999999999999999
156.45000000000002,0.9999999999999999
156.5,0.9999999999999999
156.55,0.9999999999999999
156.60000000000002,0.9999999999999999
156.65,0.9999999999999999
156.70000000000002,0.9999999999999999
156.75,0.9999999999999999
156.8,0.9999999999999999
156.85000000000002,0.9999999999999999
156.9,0.9999999999999999
156.95000000000002,0.9999999999999999
157.0,0.9999999999999999
157.05,0.9999999999999999
157.10000000000002,0.9999999999999999
157.15,0.9999999999999999
157.20000000000002,0.9999999999999999
157.25,0.9999999999999999
157.3,0.9999999999999999
157.35000000000002,0.9999999999999999
157.4,0.9999999999999999
157.45000000000002,0.9999999999999999
157.5,0.9999999999999999
157.55,0.9999999999999999
157.60000000000002,0.9999999999999999
157.65,0.9999999999999999
157.70000000000002,0.9999999999999999
157.75,0.9999999999999999
157.8,0.9999999999999999
157.85000000000002,0.9999999999999999
157.9,0.9999999999999999
157.95000000000002,0.9999999999999999
158.0,0.9999999999999999
158.05,0.9999999999999999
158.10000000000002,0.9999999999999999
158.15,0.9999999999999999
158.20000000000002,0.9999999999999999
158.25,0.9999999999999999
158.3,0.9999999999999999
158.35000000000002,0.9999999999999999
158.4,0.9999999999999999
158.45000000000002,0.9999999999999999
158.5,0.9999999999999999
158.55,0.9999999999999999
158.60000000000002,0.9999999999999999
158.65,0.9999999999999999
158.70000000000002,0.9999999999999999
158.75,0.9999999999999999
158.8,0.9999999999999999
158.85000000000002,0.9999999999999999
158.9,0.9999999999999999
158.95000000000002,0.9999999999999999
159.0,0.9999999999999999
159.05,0.9999999999999999
159.10000000000002,0.9999999999999999
159.15,0.9999999999999999
159.20000000000002,0.9999999999999999
159.25,0.9999999999999999
159.3,0.9999999999999999
159.35000000000002,0.9999999999999999
159.4,0.9999999999999999
159.45000000000002,0.9999999999999999
159.5,0.9999999999999999
159.55,0.9999999999999999
159.60000000000002,0.9999999999999999
159.65,0.9999999999999999
159.70000000000002,0.9999999999999999
159.75,0.9999999999999999
159.8,0.9999999999999999
159.85000000000002,0.9999999999999999
159.9,0.9999999999999999
159.95000000000002,0.9999999999999999
160.0,0.9999999999999999
160.05,0.9999999999999999
160.10000000000002,0.9999999999999999
160.15,0.9999999999999999
160.20000000000002,0.9999999999999999
160.25,0.9999999999999999
160.3,0.9999999999999999
160.35000000000002,0.9999999999999999
160.4,0.9999999999999999
160.45000000000002,0.9999999999999999
160.5,0.9999999999999999
160.55,0.9999999999999999
160.60000000000002,0.9999999999999999
160.65,0.9999999999999999
160.70000000000002,0.9999999999999999
160.75,0.9999999999999999
160.8,0.9999999999999999
160.85000000000002,0.9999999999999999
160.9,0.9999999999999999
160.95000000000002,0.9999999999999999
161.0,0.9999999999999999
161.05,0.9999999999999999
161.10000000000002,0.9999999999999999
161.15,0.9999999999999999
161.20000000000002,0.9999999999999999
161.25,0.9999999999999999
161.3,0.9999999999999999
161.35000000000002,0.9999999999999999
161.4,0.9999999999999999
161.45000000000002,0.9999999999999999
161.5,0.9999999999999999
161.55,0.9999999999999999
161.60000000000002,0.9999999999999999
161.65,0.9999999999999999
161.70000000000002,0.9999999999999999
161.75,0.9999999999999999
161.8,0.9999999999999999
161.85000000000002,0.9999999999999999
161.9,0.9999999999999999
161.95000000000002,0.9999999999999999
162.0,0.9999999999999999
162.05,0.9999999999999999
162.10000000000002,0.9999999999999999
162.15,0.9999999999999999
162.20000000000002,0.9999999999999999
162.25,0.9999999999999999
162.3,0.9999999999999999
162.35000000000002,0.9999999999999999
162.4,0.9999999999999999
162.45000000000002,0.9999999999999999
162.5,0.9999999999999999
162.55,0.9999999999999999
162.60000000000002,0.9999999999999999
162.65,0.9999999999999999
162.70000000000002,0.9999999999999999
162.75,0.9999999999999999
162.8,0.9999999999999999
162.85000000000002,0.9999999999999999
162.9,0.9999999999999999
162.95000000000002,0.9999999999999999
163.0,0.9999999999999999
163.05,0.9999999999999999
163.10000000000002,0.9999999999999999
163.15,0.9999999999999999
163.20000000000002,0.9999999999999999
163.25,0.9999999999999999
163.3,0.9999999999999999
163.35000000000002,0.9999999999999999
163.4,0.9999999999999999
163.45000000000002,0.9999999999999999
163.5,0.9999999999999999
163.55,0.9999999999999999
163.60000000000002,0.9999999999999999
163.65,0.9999999999999999
163.70000000000002,0.9999999999999999
163.75,0.9999999999999999
163.8,0.9999999999999999
163.85000000000002,0.9999999999999999
163.9,0.9999999999999999
163.95000000000002,0.9999999999999999
164.0,0.9999999999999999
164.05,0.9999999999999999
164.10000000000002,0.9999999999999999
164.15,0.9999999999999999
164.20000000000002,0.9999999999999999
164.25,0.9999999999999999
164.3,0.9999999999999999
164.35000000000002,0.9999999999999999
164.4,0.9999999999999999
164.45000000000002,0.9999999999999999
164.5,0.9999999999999999
164.55,0.9999999999999999
164.60000000000002,0.9999999999999999
164.65,0.9999999999999999
164.70000000000002,0.9999999999999999
164.75,0.9999999999999999
164.8,0.9999999999999999
164.85000000000002,0.9999999999999999
164.9,0.9999999999999999
164.95000000000002,0.9999999999999999
165.0,0.9999999999999999
165.05,0.9999999999999999
165.10000000000002,0.9999999999999999
165.15,0.9999999999999999
165.20000000000002,0.9999999999999999
165.25,0.9999999999999999
165.3,0.9999999999999999
165.35000000000002,0.9999999999999999
165.4,0.9999999999999999
165.45000000000002,0.9999999999999999
165.5,0.9999999999999999
165.55,0.9999999999999999
165.60000000000002,0.9999999999999999
165.65,0.9999999999999999
165.70000000000002,0.9999999999999999
165.75,0.9999999999999999
165.8,0.9999999999999999
165.85000000000002,0.9999999999999999
165.9,0.9999999999999999
165.95000000000002,0.9999999999999999
166.0,0.9999999999999999
166.05,0.9999999999999999
166.10000000000002,0.9999999999999999
166.15,0.9999999999999999
166.20000000000002,0.9999999999999999
166.25,0.9999999999999999
166.3,0.9999999999999999
166.35000000000002,0.9999999999999999
166.4,0.9999999999999999
166.45000000000002,0.9999999999999999
166.5,0.9999999999999999
166.55,0.9999999999999999
166.60000000000002,0.9999999999999999
166.65,0.9999999999999999
166.70000000000002,0.9999999999999999
166.75,0.9999999999999999
166.8,0.9999999999999999
166.85000000000002,0.9999999999999999
166.9,0.9999999999999999
166.95000000000002,0.9999999999999999
167.0,0.9999999999999999
167.05,0.9999999999999999
167.10000000000002,0.9999999999999999
167.15,0.9999999999999999
167.20000000000002,0.9999999999999999
167.25,0.9999999999999999
167.3,0.9999999999999999
167.35000000000002,0.9999999999999999
167.4,0.9999999999999999
167.45000000000002,0.9999999999999999
167.5,0.9999999999999999
167.55,0.9999999999999999
167.60000000000002,0.9999999999999999
167.65,0.9999999999999999
167.70000000000002,0.9999999999999999
167.75,0.9999999999999999
167.8,0.9999999999999999
167.85000000000002,0.9999999999999999
167.9,0.9999999999999999
167.95000000000002,0.9999999999999999
168.0,0.9999999999999999
168.05,0.9999999999999999
168.10000000000002,0.9999999999999999
168.15,0.9999999999999999
168.20000000000002,0.9999999999999999
168.25,0.9999999999999999
168.3,0.9999999999999999
168.35000000000002,0.9999999999999999
168.4,0.9999999999999999
168.45000000000002,0.9999999999999999
168.5,0.9999999999999999
168.55,0.9999999999999999
168.60000000000002,0.9999999999999999
168.65,0.9999999999999999
168.70000000000002,0.9999999999999999
168.75,0.9999999999999999
168.8,0.9999999999999999
168.85000000000002,0.9999999999999999
168.9,0.9999999999999999
168.95000000000002,0.9999999999999999
169.0,0.9999999999999999
169.05,0.9999999999999999
169.10000000000002,0.9999999999999999
169.15,0.9999999999999999
169.20000000000002,0.9999999999999999
169.25,0.9999999999999999
169.3,0.9999999999999999
169.35000000000002,0.9999999999999999
169.4,0.9999999999999999
169.45000000000002,0.9999999999999999
169.5,0.9999999999999999
169.55,0.9999999999999999
169.60000000000002,0.9999999999999999
169.65,0.9999999999999999
169.70000000000002,0.9999999999999999
169.75,0.9999999999999999
169.8,0.9999999999999999
169.85000000000002,0.9999999999999999
169.9,0.9999999999999999
169.95000000000002,0.9999999999999999
170.0,0.9999999999999999
170.05,0.9999999999999999
170.10000000000002,0.9999999999999999
170.15,0.9999999999999999
170.20000000000002,0.9999999999999999
170.25,0.9999999999999999
170.3,0.9999999999999999
170.35000000000002,0.9999999999999999
170.4,0.9999999999999999
170.45000000000002,0.9999999999999999
170.5,0.9999999999999999
170.55,0.9999999999999999
170.60000000000002,0.9999999999999999
170.65,0.9999999999999999
170.70000000000002,0.9999999999999999
170.75,0.9999999999999999
170.8,0.9999999999999999
170.85000000000002,0.9999999999999999
170.9,0.9999999999999999
170.95000000000002,0.9999999999999999
171.0,0.9999999999999999
171.05,0.9999999999999999
171.10000000000002,0.9999999999999999
171.15,0.9999999999999999
171.20000000000002,0.9999999999999999
171.25,0.9999999999999999
171.3,0.9999999999999999
171.35000000000002,0.9999999999999999
171.4,0.9999999999999999
171.45000000000002,0.9999999999999999
171.5,0.9999999999999999
171.55,0.9999999999999999
171.60000000000002,0.9999999999999999
171.65,0.9999999999999999
171.70000000000002,0.9999999999999999
171.75,0.9999999999999999
171.8,0.9999999999999999
171.85000000000002,0.9999999999999999
171.9,0.9999999999999999
171.95000000000002,0.9999999999999999
172.0,0.9999999999999999
172.05,0.9999999999999999
172.10000000000002,0.9999999999999999
172.15,0.9999999999999999
172.20000000000002,0.9999999999999999
172.25,0.9999999999999999
172.3,0.9999999999999999
172.35000000000002,0.9999999999999999
172.4,0.9999999999999999
172.45000000000002,0.9999999999999999
172.5,0.9999999999999999
172.55,0.9999999999999999
172.60000000000002,0.9999999999999999
172.65,0.9999999999999999
172.70000000000002,0.9999999999999999
172.75,0.9999999999999999
172.8,0.9999999999999999
172.85000000000002,0.9999999999999999
172.9,0.9999999999999999
172.95000000000002,0.9999999999999999
173.0,0.9999999999999999
173.05,0.9999999999999999
173.10000000000002,0.9999999999999999
173.15,0.9999999999999999
173.20000000000002,0.9999999999999999
173.25,0.9999999999999999
173.3,0.9999999999999999
173.35000000000002,0.9999999999999999
173.4,0.9999999999999999
173.45000000000002,0.9999999999999999
173.5,0.9999999999999999
173.55,0.9999999999999999
173.60000000000002,0.9999999999999999
173.65,0.9999999999999999
173.70000000000002,0.9999999999999999
173.75,0.9999999999999999
173.8,0.9999999999999999
173.85000000000002,0.9999999999999999
173.9,0.9999999999999999
173.95000000000002,0.9999999999999999
174.0,0.9999999999999999
174.05,0.9999999999999999
174.10000000000002,0.9999999999999999
174.15,0.9999999999999999
174.20000000000002,0.9999999999999999
174.25,0.9999999999999999
174.3,0.9999999999999999
174.35000000000002,0.9999999999999999
174.4,0.9999999999999999
174.45000000000002,0.9999999999999999
174.5,0.9999999999999999
174.55,0.9999999999999999
174.60000000000002,0.9999999999999999
174.65,0.9999999999999999
174.70000000000002,0.9999999999999999
174.75,0.9999999999999999
174.8,0.9999999999999999
174.85000000000002,0.9999999999999999
174.9,0.9999999999999999
174.95000000000002,0.9999999999999999
175.0,0.9999999999999999
175.05,0.9999999999999999
175.10000000000002,0.9999999999999999
175.15,0.9999999999999999
175.20000000000002,0.9999999999999999
175.25,0.9999999999999999
175.3,0.9999999999999999
175.35000000000002,0.9999999999999999
175.4,0.9999999999999999
175.45000000000002,0.9999999999999999
175.5,0.9999999999999999
175.55,0.9999999999999999
175.60000000000002,0.9999999999999999
175.65,0.9999999999999999
175.70000000000002,0.9999999999999999
175.75,0.9999999999999999
175.8,0.9999999999999999
175.85000000000002,0.9999999999999999
175.9,0.9999999999999999
175.95000000000002,0.9999999999999999
176.0,0.9999999999999999
176.05,0.9999999999999999
176.10000000000002,0.9999999999999999
176.15,0.9999999999999999
176.20000000000002,0.9999999999999999
176.25,0.9999999999999999
176.3,0.9999999999999999
176.35000000000002,0.9999999999999999
176.4,0.9999999999999999
176.45000000000002,0.9999999999999999
176.5,0.9999999999999999
176.55,0.9999999999999999
176.60000000000002,0.9999999999999999
176.65,0.9999999999999999
176.70000000000002,0.9999999999999999
176.75,0.9999999999999999
176.8,0.9999999999999999
176.85000000000002,0.9999999999999999
176.9,0.9999999999999999
176.95000000000002,0.9999999999999999
177.0,0.9999999999999999
177.05,0.9999999999999999
177.10000000000002,0.9999999999999999
177.15,0.9999999999999999
177.20000000000002,0.9999999999999999
177.25,0.9999999999999999
177.3,0.9999999999999999
177.35000000000002,0.9999999999999999
177.4,0.9999999999999999
177.45000000000002,0.9999999999999999
177.5,0.9999999999999999
177.55,0.9999999999999999
177.60000000000002,0.9999999999999999
177.65,0.9999999999999999
177.70000000000002,0.9999999999999999
177.75,0.9999999999999999
177.8,0.9999999999999999
177.85000000000002,0.9999999999999999
177.9,0.9999999999999999
177.95000000000002,0.9999999999999999
178.0,0.9999999999999999
178.05,0.9999999999999999
178.10000000000002,0.9999999999999999
178.15,0.9999999999999999
178.20000000000002,0.9999999999999999
178.25,0.9999999999999999
178.3,0.9999999999999999
178.35000000000002,0.9999999999999999
178.4,0.9999999999999999
178.45000000000002,0.9999999999999999
178.5,0.9999999999999999
178.55,0.9999999999999999
178.60000000000002,0.9999999999999999
178.65,0.9999999999999999
178.70000000000002,0.9999999999999999
178.75,0.9999999999999999
178.8,0.9999999999999999
178.85000000000002,0.9999999999999999
178.9,0.9999999999999999
178.95000000000002,0.9999999999999999
179.0,0.9999999999999999
179.05,0.9999999999999999
179.10000000000002,0.9999999999999999
179.15,0.9999999999999999
179.20000000000002,0.9999999999999999
179.25,0.9999999999999999
179.3,0.9999999999999999
179.35000000000002,0.9999999999999999
179.4,0.9999999999999999
179.45000000000002,0.9999999999999999
179.5,0.9999999999999999
179.55,0.9999999999999999
179.60000000000002,0.9999999999999999
179.65,0.9999999999999999
179.70000000000002,0.9999999999999999
179.75,0.9999999999999999
179.8,0.9999999999999999
179.85000000000002,0.9999999999999999
179.9,0.9999999999999999
179.95000000000002,0.9999999999999999
180.0,0.9999999999999999
180.05,0.9999999999999999
180.10000000000002,0.9999999999999999
180.15,0.9999999999999999
180.20000000000002,0.9999999999999999
180.25,0.9999999999999999
180.3,0.9999999999999999
180.35000000000002,0.9999999999999999
180.4,0.9999999999999999
180.45000000000002,0.9999999999999999
180.5,0.9999999999999999
180.55,0.9999999999999999
180.60000000000002,0.9999999999999999
180.65,0.9999999999999999
180.70000000000002,0.9999999999999999
180.75,0.9999999999999999
180.8,0.9999999999999999
180.85000000000002,0.9999999999999999
180.9,0.9999999999999999
180.95000000000002,0.9999999999999999
181.0,0.9999999999999999
181.05,0.9999999999999999
181.10000000000002,0.9999999999999999
181.15,0.9999999999999999
181.20000000000002,0.9999999999999999
181.25,0.9999999999999999
181.3,0.9999999999999999
181.35000000000002,0.9999999999999999
181.4,0.9999999999999999
181.45000000000002,0.9999999999999999
181.5,0.9999999999999999
181.55,0.9999999999999999
181.60000000000002,0.9999999999999999
181.65,0.9999999999999999
181.70000000000002,0.9999999999999999
181.75,0.9999999999999999
181.8,0.9999999999999999
181.85000000000002,0.9999999999999999
181.9,0.9999999999999999
181.95000000000002,0.9999999999999999
182.0,0.9999999999999999
182.05,0.9999999999999999
182.10000000000002,0.9999999999999999
182.15,0.9999999999999999
182.20000000000002,0.9999999999999999
182.25,0.9999999999999999
182.3,0.9999999999999999
182.35000000000002,0.9999999999999999
182.4,0.9999999999999999
182.45000000000002,0.9999999999999999
182.5,0.9999999999999999
182.55,0.9999999999999999
182.60000000000002,0.9999999999999999
182.65,0.9999999999999999
182.70000000000002,0.9999999999999999
182.75,0.9999999999999999
182.8,0.9999999999999999
182.85000000000002,0.9999999999999999
182.9,0.9999999999999999
182.95000000000002,0.9999999999999999
183.0,0.9999999999999999
183.05,0.9999999999999999
183.10000000000002,0.9999999999999999
183.15,0.9999999999999999
183.20000000000002,0.9999999999999999
183.25,0.9999999999999999
183.3,0.9999999999999999
183.35000000000002,0.9999999999999999
183.4,0.9999999999999999
183.45000000000002,0.9999999999999999
183.5,0.9999999999999999
183.55,0.9999999999999999
183.60000000000002,0.9999999999999999
183.65,0.9999999999999999
183.70000000000002,0.9999999999999999
183.75,0.9999999999999999
183.8,0.9999999999999999
183.85000000000002,0.9999999999999999
183.9,0.9999999999999999
183.95000000000002,0.9999999999999999
184.0,0.9999999999999999
184.05,0.9999999999999999
184.10000000000002,0.9999999999999999
184.15,0.9999999999999999
184.20000000000002,0.9999999999999999
184.25,0.9999999999999999
184.3,0.9999999999999999
184.35000000000002,0.9999999999999999
184.4,0.9999999999999999
184.45000000000002,0.9999999999999999
184.5,0.9999999999999999
184.55,0.9999999999999999
184.60000000000002,0.9999999999999999
184.65,0.9999999999999999
184.70000000000002,0.9999999999999999
184.75,0.9999999999999999
184.8,0.9999999999999999
184.85000000000002,0.9999999999999999
184.9,0.9999999999999999
184.95000000000002,0.9999999999999999
185.0,0.9999999999999999
185.05,0.9999999999999999
185.10000000000002,0.9999999999999999
185.15,0.9999999999999999
185.20000000000002,0.9999999999999999
185.25,0.9999999999999999
185.3,0.9999999999999999
185.35000000000002,0.9999999999999999
185.4,0.9999999999999999
185.45000000000002,0.9999999999999999
185.5,0.9999999999999999
185.55,0.9999999999999999
185.60000000000002,0.9999999999999999
185.65,0.9999999999999999
185.70000000000002,0.9999999999999999
185.75,0.9999999999999999
185.8,0.9999999999999999
185.85000000000002,0.9999999999999999
185.9,0.9999999999999999
185.95000000000002,0.9999999999999999
186.0,0.9999999999999999
186.05,0.9999999999999999
186.10000000000002,0.9999999999999999
186.15,0.9999999999999999
186.20000000000002,0.9999999999999999
186.25,0.9999999999999999
186.3,0.9999999999999999
186.35000000000002,0.9999999999999999
186.4,0.9999999999999999
186.45000000000002,0.9999999999999999
186.5,0.9999999999999999
186.55,0.9999999999999999
186.60000000000002,0.9999999999999999
186.65,0.9999999999999999
186.70000000000002,0.9999999999999999
186.75,0.9999999999999999
186.8,0.9999999999999999
186.85000000000002,0.9999999999999999
186.9,0.9999999999999999
186.95000000000002,0.9999999999999999
187.0,0.9999999999999999
187.05,0.9999999999999999
187.10000000000002,0.9999999999999999
187.15,0.9999999999999999
187.20000000000002,0.9999999999999999
187.25,0.9999999999999999
187.3,0.9999999999999999
187.35000000000002,0.9999999999999999
187.4,0.9999999999999999
187.45000000000002,0.9999999999999999
187.5,0.9999999999999999
187.55,0.9999999999999999
187.60000000000002,0.9999999999999999
187.65,0.9999999999999999
187.70000000000002,0.9999999999999999
187.75,0.9999999999999999
187.8,0.9999999999999999
187.85000000000002,0.9999999999999999
187.9,0.9999999999999999
187.95000000000002,0.9999999999999999
188.0,0.9999999999999999
188.05,0.9999999999999999
188.10000000000002,0.9999999999999999
188.15,0.9999999999999999
188.20000000000002,0.9999999999999999
188.25,0.9999999999999999
188.3,0.9999999999999999
188.35000000000002,0.9999999999999999
188.4,0.9999999999999999
188.45000000000002,0.9999999999999999
188.5,0.9999999999999999
188.55,0.9999999999999999
188.60000000000002,0.9999999999999999
188.65,0.9999999999999999
188.70000000000002,0.9999999999999999
188.75,0.9999999999999999
188.8,0.9999999999999999
188.85000000000002,0.9999999999999999
188.9,0.9999999999999999
188.95000000000002,0.9999999999999999
189.0,0.9999999999999999
189.05,0.9999999999999999
189.10000000000002,0.9999999999999999
189.15,0.9999999999999999
189.20000000000002,0.9999999999999999
189.25,0.9999999999999999
189.3,0.9999999999999999
189.35000000000002,0.9999999999999999
189.4,0.9999999999999999
189.45000000000002,0.9999999999999999
189.5,0.9999999999999999
189.55,0.9999999999999999
189.60000000000002,0.9999999999999999
189.65,0.9999999999999999
189.70000000000002,0.9999999999999999
189.75,0.9999999999999999
189.8,0.9999999999999999
189.85000000000002,0.9999999999999999
189.9,0.9999999999999999
189.95000000000002,0.9999999999999999
190.0,0.9999999999999999
190.05,0.9999999999999999
190.10000000000002,0.9999999999999999
190.15,0.9999999999999999
190.20000000000002,0.9999999999999999
190.25,0.9999999999999999
190.3,0.9999999999999999
190.35000000000002,0.9999999999999999
190.4,0.9999999999999999
190.45000000000002,0.9999999999999999
190.5,0.9999999999999999
190.55,0.9999999999999999
190.60000000000002,0.9999999999999999
190.65,0.9999999999999999
190.70000000000002,0.9999999999999999
190.75,0.9999999999999999
190.8,0.9999999999999999
190.85000000000002,0.9999999999999999
190.9,0.9999999999999999
190.95000000000002,0.9999999999999999
191.0,0.9999999999999999
191.05,0.9999999999999999
191.10000000000002,0.9999999999999999
191.15,0.9999999999999999
191.20000000000002,0.9999999999999999
191.25,0.9999999999999999
191.3,0.9999999999999999
191.35000000000002,0.9999999999999999
191.4,0.9999999999999999
191.45000000000002,0.9999999999999999
191.5,0.9999999999999999
191.55,0.9999999999999999
191.60000000000002,0.9999999999999999
191.65,0.9999999999999999
191.70000000000002,0.9999999999999999
191.75,0.9999999999999999
191.8,0.9999999999999999
191.85000000000002,0.9999999999999999
191.9,0.9999999999999999
191.95000000000002,0.9999999999999999
192.0,0.9999999999999999
192.05,0.9999999999999999
192.10000000000002,0.9999999999999999
192.15,0.9999999999999999
192.20000000000002,0.9999999999999999
192.25,0.9999999999999999
192.3,0.9999999999999999
192.35000000000002,0.9999999999999999
192.4,0.9999999999999999
192.45000000000002,0.9999999999999999
192.5,0.9999999999999999
192.55,0.9999999999999999
192.60000000000002,0.9999999999999999
192.65,0.9999999999999999
192.70000000000002,0.9999999999999999
192.75,0.9999999999999999
192.8,0.9999999999999999
192.85000000000002,0.9999999999999999
192.9,0.9999999999999999
192.95000000000002,0.9999999999999999
193.0,0.9999999999999999
193.05,0.9999999999999999
193.10000000000002,0.9999999999999999
193.15,0.9999999999999999
193.20000000000002,0.9999999999999999
193.25,0.9999999999999999
193.3,0.9999999999999999
193.35000000000002,0.9999999999999999
193.4,0.9999999999999999
193.45000000000002,0.9999999999999999
193.5,0.9999999999999999
193.55,0.9999999999999999
193.60000000000002,0.9999999999999999
193.65,0.9999999999999999
193.70000000000002,0.9999999999999999
193.75,0.9999999999999999
193.8,0.9999999999999999
193.85000000000002,0.9999999999999999
193.9,0.9999999999999999
193.95000000000002,0.9999999999999999
194.0,0.9999999999999999
194.05,0.9999999999999999
194.10000000000002,0.9999999999999999
194.15,0.9999999999999999
194.20000000000002,0.9999999999999999
194.25,0.9999999999999999
194.3,0.9999999999999999
194.35000000000002,0.9999999999999999
194.4,0.9999999999999999
194.45000000000002,0.9999999999999999
194.5,0.9999999999999999
194.55,0.9999999999999999
194.60000000000002,0.9999999999999999
194.65,0.9999999999999999
194.70000000000002,0.9999999999999999
194.75,0.9999999999999999
194.8,0.9999999999999999
194.85000000000002,0.9999999999999999
194.9,0.9999999999999999
194.95000000000002,0.9999999999999999
195.0,0.9999999999999999
195.05,0.9999999999999999
195.10000000000002,0.9999999999999999
195.15,0.9999999999999999
195.20000000000002,0.9999999999999999
195.25,0.9999999999999999
195.3,0.9999999999999999
195.35000000000002,0.9999999999999999
195.4,0.9999999999999999
195.45000000000002,0.9999999999999999
195.5,0.9999999999999999
195.55,0.9999999999999999
195.60000000000002,0.9999999999999999
195.65,0.9999999999999999
195.70000000000002,0.9999999999999999
195.75,0.9999999999999999
195.8,0.9999999999999999
195.85000000000002,0.9999999999999999
195.9,0.9999999999999999
195.95000000000002,0.9999999999999999
196.0,0.9999999999999999
196.05,0.9999999999999999
196.10000000000002,0.9999999999999999
196.15,0.9999999999999999
196.20000000000002,0.9999999999999999
196.25,0.9999999999999999
196.3,0.9999999999999999
196.35000000000002,0.9999999999999999
196.4,0.9999999999999999
196.45000000000002,0.9999999999999999
196.5,0.9999999999999999
196.55,0.9999999999999999
196.60000000000002,0.9999999999999999
196.65,0.9999999999999999
196.70000000000002,0.9999999999999999
196.75,0.9999999999999999
196.8,0.9999999999999999
196.85000000000002,0.9999999999999999
196.9,0.9999999999999999
196.95000000000002,0.9999999999999999
197.0,0.9999999999999999
197.05,0.9999999999999999
197.10000000000002,0.9999999999999999
197.15,0.9999999999999999
197.20000000000002,0.9999999999999999
197.25,0.9999999999999999
197.3,0.9999999999999999
197.35000000000002,0.9999999999999999
197.4,0.9999999999999999
197.45000000000002,0.9999999999999999
197.5,0.9999999999999999
197.55,0.9999999999999999
197.60000000000002,0.9999999999999999
197.65,0.9999999999999999
197.70000000000002,0.9999999999999999
197.75,0.9999999999999999
197.8,0.9999999999999999
197.85000000000002,0.9999999999999999
197.9,0.9999999999999999
197.95000000000002,0.9999999999999999
198.0,0.9999999999999999
198.05,0.9999999999999999
198.10000000000002,0.9999999999999999
198.15,0.9999999999999999
198.20000000000002,0.9999999999999999
198.25,0.9999999999999999
198.3,0.9999999999999999
198.35000000000002,0.9999999999999999
198.4,0.9999999999999999
198.45000000000002,0.9999999999999999
198.5,0.9999999999999999
198.55,0.9999999999999999
198.60000000000002,0.9999999999999999
198.65,0.9999999999999999
198.70000000000002,0.9999999999999999
198.75,0.9999999999999999
198.8,0.9999999999999999
198.85000000000002,0.9999999999999999
198.9,0.9999999999999999
198.95000000000002,0.9999999999999999
199.0,0.9999999999999999
199.05,0.9999999999999999
199.10000000000002,0.9999999999999999
199.15,0.9999999999999999
199.20000000000002,0.9999999999999999
199.25,0.9999999999999999
199.3,0.9999999999999999
199.35000000000002,0.9999999999999999
199.4,0.9999999999999999
199.45000000000002,0.9999999999999999
199.5,0.9999999999999999
199.55,0.9999999999999999
199.60000000000002,0.9999999999999999
199.65,0.9999999999999999
199.70000000000002,0.9999999999999999
199.75,0.9999999999999999
199.8,0.9999999999999999
199.85000000000002,0.9999999999999999
199.9,0.9999999999999999
199.95000000000002,0.9999999999999999
200.0,0.9999999999999999
200.05,0.9999999999999999
200.10000000000002,0.9999999999999999
200.15,0.9999999999999999
200.20000000000002,0.9999999999999999
200.25,0.9999999999999999
200.3,0.9999999999999999
200.35000000000002,0.9999999999999999
200.4,0.9999999999999999
200.45000000000002,0.9999999999999999
200.5,0.9999999999999999
200.55,0.9999999999999999
200.60000000000002,0.9999999999999999
200.65,0.9999999999999999
200.70000000000002,0.9999999999999999
200.75,0.9999999999999999
200.8,0.9999999999999999
200.85000000000002,0.9999999999999999
200.9,0.9999999999999999
200.95000000000002,0.9999999999999999
201.0,0.9999999999999999
201.05,0.9999999999999999
201.10000000000002,0.9999999999999999
201.15,0.9999999999999999
201.20000000000002,0.9999999999999999
201.25,0.9999999999999999
201.3,0.9999999999999999
201.35000000000002,0.9999999999999999
201.4,0.9999999999999999
201.45000000000002,0.9999999999999999
201.5,0.9999999999999999
201.55,0.9999999999999999
201.60000000000002,0.9999999999999999
201.65,0.9999999999999999
201.70000000000002,0.9999999999999999
201.75,0.9999999999999999
201.8,0.9999999999999999
201.85000000000002,0.9999999999999999
201.9,0.9999999999999999
201.95000000000002,0.9999999999999999
202.0,0.9999999999999999
202.05,0.9999999999999999
202.10000000000002,0.9999999999999999
202.15,0.9999999999999999
202.20000000000002,0.9999999999999999
202.25,0.9999999999999999
202.3,0.9999999999999999
202.35000000000002,0.9999999999999999
202.4,0.9999999999999999
202.45000000000002,0.9999999999999999
202.5,0.9999999999999999
202.55,0.9999999999999999
202.60000000000002,0.9999999999999999
202.65,0.9999999999999999
202.70000000000002,0.9999999999999999
202.75,0.9999999999999999
202.8,0.9999999999999999
202.85000000000002,0.9999999999999999
202.9,0.9999999999999999
202.95000000000002,0.9999999999999999
203.0,0.9999999999999999
203.05,0.9999999999999999
203.10000000000002,0.9999999999999999
203.15,0.9999999999999999
203.20000000000002,0.9999999999999999
203.25,0.9999999999999999
203.3,0.9999999999999999
203.35000000000002,0.9999999999999999
203.4,0.9999999999999999
203.45000000000002,0.9999999999999999
203.5,0.9999999999999999
203.55,0.9999999999999999
203.60000000000002,0.9999999999999999
203.65,0.9999999999999999
203.70000000000002,0.9999999999999999
203.75,0.9999999999999999
203.8,0.9999999999999999
203.85000000000002,0.9999999999999999
203.9,0.9999999999999999
203.95000000000002,0.9999999999999999
204.0,0.9999999999999999
204.05,0.9999999999999999
204.10000000000002,0.9999999999999999
204.15,0.9999999999999999
204.20000000000002,0.9999999999999999
204.25,0.9999999999999999
204.3,0.9999999999999999
204.35000000000002,0.9999999999999999
204.4,0.9999999999999999
204.45000000000002,0.9999999999999999
204.5,0.9999999999999999
204.55,0.9999999999999999
204.60000000000002,0.9999999999999999
204.65,0.9999999999999999
204.70000000000002,0.9999999999999999
204.75,0.9999999999999999
204.8,0.9999999999999999
204.85000000000002,0.9999999999999999
204.9,0.9999999999999999
204.95000000000002,0.9999999999999999
205.0,0.9999999999999999
205.05,0.9999999999999999
205.10000000000002,0.9999999999999999
205.15,0.9999999999999999
205.20000000000002,0.9999999999999999
205.25,0.9999999999999999
205.3,0.9999999999999999
205.35000000000002,0.9999999999999999
205.4,0.9999999999999999
205.45000000000002,0.9999999999999999
205.5,0.9999999999999999
205.55,0.9999999999999999
205.60000000000002,0.9999999999999999
205.65,0.9999999999999999
205.70000000000002,0.9999999999999999
205.75,0.9999999999999999
205.8,0.9999999999999999
205.85000000000002,0.9999999999999999
205.9,0.9999999999999999
205.95000000000002,0.9999999999999999
206.0,0.9999999999999999
206.05,0.9999999999999999
206.10000000000002,0.9999999999999999
206.15,0.9999999999999999
206.20000000000002,0.9999999999999999
206.25,0.9999999999999999
206.3,0.9999999999999999
206.35000000000002,0.9999999999999999
206.4,0.9999999999999999
206.45000000000002,0.9999999999999999
206.5,0.9999999999999999
206.55,0.9999999999999999
206.60000000000002,0.9999999999999999
206.65,0.9999999999999999
206.70000000000002,0.9999999999999999
206.75,0.9999999999999999
206.8,0.9999999999999999
206.85000000000002,0.9999999999999999
206.9,0.9999999999999999
206.95000000000002,0.9999999999999999
207.0,0.9999999999999999
207.05,0.9999999999999999
207.10000000000002,0.9999999999999999
207.15,0.9999999999999999
207.20000000000002,0.9999999999999999
207.25,0.9999999999999999
207.3,0.9999999999999999
207.35000000000002,0.9999999999999999
207.4,0.9999999999999999
207.45000000000002,0.9999999999999999
207.5,0.9999999999999999
207.55,0.9999999999999999
207.60000000000002,0.9999999999999999
207.65,0.9999999999999999
207.70000000000002,0.9999999999999999
207.75,0.9999999999999999
207.8,0.9999999999999999
207.85000000000002,0.9999999999999999
207.9,0.9999999999999999
207.95000000000002,0.9999999999999999
208.0,0.9999999999999999
208.05,0.9999999999999999
208.10000000000002,0.9999999999999999
208.15,0.9999999999999999
208.20000000000002,0.9999999999999999
208.25,0.9999999999999999
208.3,0.9999999999999999
208.35000000000002,0.9999999999999999
208.4,0.9999999999999999
208.45000000000002,0.9999999999999999
208.5,0.9999999999999999
208.55,0.9999999999999999
208.60000000000002,0.9999999999999999
208.65,0.9999999999999999
208.70000000000002,0.9999999999999999
208.75,0.9999999999999999
208.8,0.9999999999999999
208.85000000000002,0.9999999999999999
208.9,0.9999999999999999
208.95000000000002,0.9999999999999999
209.0,0.9999999999999999
209.05,0.9999999999999999
209.10000000000002,0.9999999999999999
209.15,0.9999999999999999
209.20000000000002,0.9999999999999999
209.25,0.9999999999999999
209.3,0.9999999999999999
209.35000000000002,0.9999999999999999
209.4,0.9999999999999999
209.45000000000002,0.9999999999999999
209.5,0.9999999999999999
209.55,0.9999999999999999
209.60000000000002,0.9999999999999999
209.65,0.9999999999999999
209.70000000000002,0.9999999999999999
209.75,0.9999999999999999
209.8,0.9999999999999999
209.85000000000002,0.9999999999999999
209.9,0.9999999999999999
209.95000000000002,0.9999999999999999
210.0,0.9999999999999999
210.05,0.9999999999999999
210.10000000000002,0.9999999999999999
210.15,0.9999999999999999
210.20000000000002,0.9999999999999999
210.25,0.9999999999999999
210.3,0.9999999999999999
210.35000000000002,0.9999999999999999
210.4,0.9999999999999999
210.45000000000002,0.9999999999999999
210.5,0.9999999999999999
210.55,0.9999999999999999
210.60000000000002,0.9999999999999999
210.65,0.9999999999999999
210.70000000000002,0.9999999999999999
210.75,0.9999999999999999
210.8,0.9999999999999999
210.85000000000002,0.9999999999999999
210.9,0.9999999999999999
210.95000000000002,0.9999999999999999
211.0,0.9999999999999999
211.05,0.9999999999999999
211.10000000000002,0.9999999999999999
211.15,0.9999999999999999
211.20000000000002,0.9999999999999999
211.25,0.9999999999999999
211.3,0.9999999999999999
211.35000000000002,0.9999999999999999
211.4,0.9999999999999999
211.45000000000002,0.9999999999999999
211.5,0.9999999999999999
211.55,0.9999999999999999
211.60000000000002,0.9999999999999999
211.65,0.9999999999999999
211.70000000000002,0.9999999999999999
211.75,0.9999999999999999
211.8,0.9999999999999999
211.85000000000002,0.9999999999999999
211.9,0.9999999999999999
211.95000000000002,0.9999999999999999
212.0,0.9999999999999999
212.05,0.9999999999999999
212.10000000000002,0.9999999999999999
212.15,0.9999999999999999
212.20000000000002,0.9999999999999999
212.25,0.9999999999999999
212.3,0.9999999999999999
212.35000000000002,0.9999999999999999
212.4,0.9999999999999999
212.45000000000002,0.9999999999999999
212.5,0.9999999999999999
212.55,0.9999999999999999
212.60000000000002,0.9999999999999999
212.65,0.9999999999999999
212.70000000000002,0.9999999999999999
212.75,0.9999999999999999
212.8,0.9999999999999999
212.85000000000002,0.9999999999999999
212.9,0.9999999999999999
212.95000000000002,0.9999999999999999
213.0,0.9999999999999999
213.05,0.9999999999999999
213.10000000000002,0.9999999999999999
213.15,0.9999999999999999
213.20000000000002,0.9999999999999999
213.25,0.9999999999999999
213.3,0.9999999999999999
213.35000000000002,0.9999999999999999
213.4,0.9999999999999999
213.45000000000002,0.9999999999999999
213.5,0.9999999999999999
213.55,0.9999999999999999
213.60000000000002,0.9999999999999999
213.65,0.9999999999999999
213.70000000000002,0.9999999999999999
213.75,0.9999999999999999
213.8,0.9999999999999999
213.85000000000002,0.9999999999999999
213.9,0.9999999999999999
213.95000000000002,0.9999999999999999
214.0,0.9999999999999999
214.05,0.9999999999999999
214.10000000000002,0.9999999999999999
214.15,0.9999999999999999
214.20000000000002,0.9999999999999999
214.25,0.9999999999999999
214.3,0.9999999999999999
214.35000000000002,0.9999999999999999
214.4,0.9999999999999999
214.45000000000002,0.9999999999999999
214.5,0.9999999999999999
214.55,0.9999999999999999
214.60000000000002,0.9999999999999999
214.65,0.9999999999999999
214.70000000000002,0.9999999999999999
214.75,0.9999999999999999
214.8,0.9999999999999999
214.85000000000002,0.9999999999999999
214.9,0.9999999999999999
214.95000000000002,0.9999999999999999
215.0,0.9999999999999999
215.05,0.9999999999999999
215.10000000000002,0.9999999999999999
215.15,0.9999999999999999
215.20000000000002,0.9999999999999999
215.25,0.9999999999999999
215.3,0.9999999999999999
215.35000000000002,0.9999999999999999
215.4,0.9999999999999999
215.45000000000002,0.9999999999999999
215.5,0.9999999999999999
215.55,0.9999999999999999
215.60000000000002,0.9999999999999999
215.65,0.9999999999999999
215.70000000000002,0.9999999999999999
215.75,0.9999999999999999
215.8,0.9999999999999999
215.85000000000002,0.9999999999999999
215.9,0.9999999999999999
215.95000000000002,0.9999999999999999
216.0,0.9999999999999999
216.05,0.9999999999999999
216.10000000000002,0.9999999999999999
216.15,0.9999999999999999
216.20000000000002,0.9999999999999999
216.25,0.9999999999999999
216.3,0.9999999999999999
216.35000000000002,0.9999999999999999
216.4,0.9999999999999999
216.45000000000002,0.9999999999999999
216.5,0.9999999999999999
216.55,0.9999999999999999
216.60000000000002,0.9999999999999999
216.65,0.9999999999999999
216.70000000000002,0.9999999999999999
216.75,0.9999999999999999
216.8,0.9999999999999999
216.85000000000002,0.9999999999999999
216.9,0.9999999999999999
216.95000000000002,0.9999999999999999
217.0,0.9999999999999999
217.05,0.9999999999999999
217.10000000000002,0.9999999999999999
217.15,0.9999999999999999
217.20000000000002,0.9999999999999999
217.25,0.9999999999999999
217.3,0.9999999999999999
217.35000000000002,0.9999999999999999
217.4,0.9999999999999999
217.45000000000002,0.9999999999999999
217.5,0.9999999999999999
217.55,0.9999999999999999
217.60000000000002,0.9999999999999999
217.65,0.9999999999999999
217.70000000000002,0.9999999999999999
217.75,0.9999999999999999
217.8,0.9999999999999999
217.85000000000002,0.9999999999999999
217.9,0.9999999999999999
217.95000000000002,0.9999999999999999
218.0,0.9999999999999999
218.05,0.9999999999999999
218.10000000000002,0.9999999999999999
218.15,0.9999999999999999
218.20000000000002,0.9999999999999999
218.25,0.9999999999999999
218.3,0.9999999999999999
218.35000000000002,0.9999999999999999
218.4,0.9999999999999999
218.45000000000002,0.9999999999999999
218.5,0.9999999999999999
218.55,0.9999999999999999
218.60000000000002,0.9999999999999999
218.65,0.9999999999999999
218.70000000000002,0.9999999999999999
218.75,0.9999999999999999
218.8,0.9999999999999999
218.85000000000002,0.9999999999999999
218.9,0.9999999999999999
218.95000000000002,0.9999999999999999
219.0,0.9999999999999999
219.05,0.9999999999999999
219.10000000000002,0.9999999999999999
219.15,0.9999999999999999
219.20000000000002,0.9999999999999999
219.25,0.9999999999999999
219.3,0.9999999999999999
219.35000000000002,0.9999999999999999
219.4,0.9999999999999999
219.45000000000002,0.9999999999999999
219.5,0.9999999999999999
219.55,0.9999999999999999
219.60000000000002,0.9999999999999999
219.65,0.9999999999999999
219.70000000000002,0.9999999999999999
219.75,0.9999999999999999
219.8,0.9999999999999999
219.85000000000002,0.9999999999999999
219.9,0.9999999999999999
219.95000000000002,0.9999999999999999
220.0,0.9999999999999999
220.05,0.9999999999999999
220.10000000000002,0.9999999999999999
220.15,0.9999999999999999
220.20000000000002,0.9999999999999999
220.25,0.9999999999999999
220.3,0.9999999999999999
220.35000000000002,0.9999999999999999
220.4,0.9999999999999999
220.45000000000002,0.9999999999999999
220.5,0.9999999999999999
220.55,0.9999999999999999
220.60000000000002,0.9999999999999999
220.65,0.9999999999999999
220.70000000000002,0.9999999999999999
220.75,0.9999999999999999
220.8,0.9999999999999999
220.85000000000002,0.9999999999999999
220.9,0.9999999999999999
220.95000000000002,0.9999999999999999
221.0,0.9999999999999999
221.05,0.9999999999999999
221.10000000000002,0.9999999999999999
221.15,0.9999999999999999
221.20000000000002,0.9999999999999999
221.25,0.9999999999999999
221.3,0.9999999999999999
221.35000000000002,0.9999999999999999
221.4,0.9999999999999999
221.45000000000002,0.9999999999999999
221.5,0.9999999999999999
221.55,0.9999999999999999
221.60000000000002,0.9999999999999999
221.65,0.9999999999999999
221.70000000000002,0.9999999999999999
221.75,0.9999999999999999
221.8,0.9999999999999999
221.85000000000002,0.9999999999999999
221.9,0.9999999999999999
221.95000000000002,0.9999999999999999
222.0,0.9999999999999999
222.05,0.9999999999999999
222.10000000000002,0.9999999999999999
222.15,0.9999999999999999
222.20000000000002,0.9999999999999999
222.25,0.9999999999999999
222.3,0.9999999999999999
222.35000000000002,0.9999999999999999
222.4,0.9999999999999999
222.45000000000002,0.9999999999999999
222.5,0.9999999999999999
222.55,0.9999999999999999
222.60000000000002,0.9999999999999999
222.65,0.9999999999999999
222.70000000000002,0.9999999999999999
222.75,0.9999999999999999
222.8,0.9999999999999999
222.85000000000002,0.9999999999999999
222.9,0.9999999999999999
222.95000000000002,0.9999999999999999
223.0,0.9999999999999999
223.05,0.9999999999999999
223.10000000000002,0.9999999999999999
223.15,0.9999999999999999
223.20000000000002,0.9999999999999999
223.25,0.9999999999999999
223.3,0.9999999999999999
223.35000000000002,0.9999999999999999
223.4,0.9999999999999999
223.45000000000002,0.9999999999999999
223.5,0.9999999999999999
223.55,0.9999999999999999
223.60000000000002,0.9999999999999999
223.65,0.9999999999999999
223.70000000000002,0.9999999999999999
223.75,0.9999999999999999
223.8,0.9999999999999999
223.85000000000002,0.9999999999999999
223.9,0.9999999999999999
223.95000000000002,0.9999999999999999
224.0,0.9999999999999999
224.05,0.9999999999999999
224.10000000000002,0.9999999999999999
224.15,0.9999999999999999
224.20000000000002,0.9999999999999999
224.25,0.9999999999999999
224.3,0.9999999999999999
224.35000000000002,0.9999999999999999
224.4,0.9999999999999999
224.45000000000002,0.9999999999999999
224.5,0.9999999999999999
224.55,0.9999999999999999
224.60000000000002,0.9999999999999999
224.65,0.9999999999999999
224.70000000000002,0.9999999999999999
224.75,0.9999999999999999
224.8,0.9999999999999999
224.85000000000002,0.9999999999999999
224.9,0.9999999999999999
224.95000000000002,0.9999999999999999
225.0,0.9999999999999999
225.05,0.9999999999999999
225.10000000000002,0.9999999999999999
225.15,0.9999999999999999
225.20000000000002,0.9999999999999999
225.25,0.9999999999999999
225.3,0.9999999999999999
225.35000000000002,0.9999999999999999
225.4,0.9999999999999999
225.45000000000002,0.9999999999999999
225.5,0.9999999999999999
225.55,0.9999999999999999
225.60000000000002,0.9999999999999999
225.65,0.9999999999999999
225.70000000000002,0.9999999999999999
225.75,0.9999999999999999
225.8,0.9999999999999999
225.85000000000002,0.9999999999999999
225.9,0.9999999999999999
225.95000000000002,0.9999999999999999
226.0,0.9999999999999999
226.05,0.9999999999999999
226.10000000000002,0.9999999999999999
226.15,0.9999999999999999
226.20000000000002,0.9999999999999999
226.25,0.9999999999999999
226.3,0.9999999999999999
226.35000000000002,0.9999999999999999
226.4,0.9999999999999999
226.45000000000002,0.9999999999999999
226.5,0.9999999999999999
226.55,0.9999999999999999
226.60000000000002,0.9999999999999999
226.65,0.9999999999999999
226.70000000000002,0.9999999999999999
226.75,0.9999999999999999
226.8,0.9999999999999999
226.85000000000002,0.9999999999999999
226.9,0.9999999999999999
226.95000000000002,0.9999999999999999
227.0,0.9999999999999999
227.05,0.9999999999999999
227.10000000000002,0.9999999999999999
227.15,0.9999999999999999
227.20000000000002,0.9999999999999999
227.25,0.9999999999999999
227.3,0.9999999999999999
227.35000000000002,0.9999999999999999
227.4,0.9999999999999999
227.45000000000002,0.9999999999999999
227.5,0.9999999999999999
227.55,0.9999999999999999
227.60000000000002,0.9999999999999999
227.65,0.9999999999999999
227.70000000000002,0.9999999999999999
227.75,0.9999999999999999
227.8,0.9999999999999999
227.85000000000002,0.9999999999999999
227.9,0.9999999999999999
227.95000000000002,0.9999999999999999
228.0,0.9999999999999999
228.05,0.9999999999999999
228.10000000000002,0.9999999999999999
228.15,0.9999999999999999
228.20000000000002,0.9999999999999999
228.25,0.9999999999999999
228.3,0.9999999999999999
228.35000000000002,0.9999999999999999
228.4,0.9999999999999999
228.45000000000002,0.9999999999999999
228.5,0.9999999999999999
228.55,0.9999999999999999
228.60000000000002,0.9999999999999999
228.65,0.9999999999999999
228.70000000000002,0.9999999999999999
228.75,0.9999999999999999
228.8,0.9999999999999999
228.85000000000002,0.9999999999999999
228.9,0.9999999999999999
228.95000000000002,0.9999999999999999
229.0,0.9999999999999999
229.05,0.9999999999999999
229.10000000000002,0.9999999999999999
229.15,0.9999999999999999
229.20000000000002,0.9999999999999999
229.25,0.9999999999999999
229.3,0.9999999999999999
229.35000000000002,0.9999999999999999
229.4,0.9999999999999999
229.45000000000002,0.9999999999999999
229.5,0.9999999999999999
229.55,0.9999999999999999
229.60000000000002,0.9999999999999999
229.65,0.9999999999999999
229.70000000000002,0.9999999999999999
229.75,0.9999999999999999
229.8,0.9999999999999999
229.85000000000002,0.9999999999999999
229.9,0.9999999999999999
229.95000000000002,0.9999999999999999
230.0,0.9999999999999999
230.05,0.9999999999999999
230.10000000000002,0.9999999999999999
230.15,0.9999999999999999
230.20000000000002,0.9999999999999999
230.25,0.9999999999999999
230.3,0.9999999999999999
230.35000000000002,0.9999999999999999
230.4,0.9999999999999999
230.45000000000002,0.9999999999999999
230.5,0.9999999999999999
230.55,0.9999999999999999
230.60000000000002,0.9999999999999999
230.65,0.9999999999999999
230.70000000000002,0.9999999999999999
230.75,0.9999999999999999
230.8,0.9999999999999999
230.85000000000002,0.9999999999999999
230.9,0.9999999999999999
230.95000000000002,0.9999999999999999
231.0,0.9999999999999999
231.05,0.9999999999999999
231.10000000000002,0.9999999999999999
231.15,0.9999999999999999
231.20000000000002,0.9999999999999999
231.25,0.9999999999999999
231.3,0.9999999999999999
231.35000000000002,0.9999999999999999
231.4,0.9999999999999999
231.45000000000002,0.9999999999999999
231.5,0.9999999999999999
231.55,0.9999999999999999
231.60000000000002,0.9999999999999999
231.65,0.9999999999999999
231.70000000000002,0.9999999999999999
231.75,0.9999999999999999
231.8,0.9999999999999999
231.85000000000002,0.9999999999999999
231.9,0.9999999999999999
231.95000000000002,0.9999999999999999
232.0,0.9999999999999999
232.05,0.9999999999999999
232.10000000000002,0.9999999999999999
232.15,0.9999999999999999
232.20000000000002,0.9999999999999999
232.25,0.9999999999999999
232.3,0.9999999999999999
232.35000000000002,0.9999999999999999
232.4,0.9999999999999999
232.45000000000002,0.9999999999999999
232.5,0.9999999999999999
232.55,0.9999999999999999
232.60000000000002,0.9999999999999999
232.65,0.9999999999999999
232.70000000000002,0.9999999999999999
232.75,0.9999999999999999
232.8,0.9999999999999999
232.85000000000002,0.9999999999999999
232.9,0.9999999999999999
232.95000000000002,0.9999999999999999
233.0,0.9999999999999999
233.05,0.9999999999999999
233.10000000000002,0.9999999999999999
233.15,0.9999999999999999
233.20000000000002,0.9999999999999999
233.25,0.9999999999999999
233.3,0.9999999999999999
233.35000000000002,0.9999999999999999
233.4,0.9999999999999999
233.45000000000002,0.9999999999999999
233.5,0.9999999999999999
233.55,0.9999999999999999
233.60000000000002,0.9999999999999999
233.65,0.9999999999999999
233.70000000000002,0.9999999999999999
233.75,0.9999999999999999
233.8,0.9999999999999999
233.85000000000002,0.9999999999999999
233.9,0.9999999999999999
233.95000000000002,0.9999999999999999
234.0,0.9999999999999999
234.05,0.9999999999999999
234.10000000000002,0.9999999999999999
234.15,0.9999999999999999
234.20000000000002,0.9999999999999999
234.25,0.9999999999999999
234.3,0.9999999999999999
234.35000000000002,0.9999999999999999
234.4,0.9999999999999999
234.45000000000002,0.9999999999999999
234.5,0.9999999999999999
234.55,0.9999999999999999
234.60000000000002,0.9999999999999999
234.65,0.9999999999999999
234.70000000000002,0.9999999999999999
234.75,0.9999999999999999
234.8,0.9999999999999999
234.85000000000002,0.9999999999999999
234.9,0.9999999999999999
234.95000000000002,0.9999999999999999
235.0,0.9999999999999999
235.05,0.9999999999999999
235.10000000000002,0.9999999999999999
235.15,0.9999999999999999
235.20000000000002,0.9999999999999999
235.25,0.9999999999999999
235.3,0.9999999999999999
235.35000000000002,0.9999999999999999
235.4,0.9999999999999999
235.45000000000002,0.9999999999999999
235.5,0.9999999999999999
235.55,0.9999999999999999
235.60000000000002,0.9999999999999999
235.65,0.9999999999999999
235.70000000000002,0.9999999999999999
235.75,0.9999999999999999
235.8,0.9999999999999999
235.85000000000002,0.9999999999999999
235.9,0.9999999999999999
235.95000000000002,0.9999999999999999
236.0,0.9999999999999999
236.05,0.9999999999999999
236.10000000000002,0.9999999999999999
236.15,0.9999999999999999
236.20000000000002,0.9999999999999999
236.25,0.9999999999999999
236.3,0.9999999999999999
236.35000000000002,0.9999999999999999
236.4,0.9999999999999999
236.45000000000002,0.9999999999999999
236.5,0.9999999999999999
236.55,0.9999999999999999
236.60000000000002,0.9999999999999999
236.65,0.9999999999999999
236.70000000000002,0.9999999999999999
236.75,0.9999999999999999
236.8,0.9999999999999999
236.85000000000002,0.9999999999999999
236.9,0.9999999999999999
236.95000000000002,0.9999999999999999
237.0,0.9999999999999999
237.05,0.9999999999999999
237.10000000000002,0.9999999999999999
237.15,0.9999999999999999
237.20000000000002,0.9999999999999999
237.25,0.9999999999999999
237.3,0.9999999999999999
237.35000000000002,0.9999999999999999
237.4,0.9999999999999999
237.45000000000002,0.9999999999999999
237.5,0.9999999999999999
237.55,0.9999999999999999
237.60000000000002,0.9999999999999999
237.65,0.9999999999999999
237.70000000000002,0.9999999999999999
237.75,0.9999999999999999
237.8,0.9999999999999999
237.85000000000002,0.9999999999999999
237.9,0.9999999999999999
237.95000000000002,0.9999999999999999
238.0,0.9999999999999999
238.05,0.9999999999999999
238.10000000000002,0.9999999999999999
238.15,0.9999999999999999
238.20000000000002,0.9999999999999999
238.25,0.9999999999999999
238.3,0.9999999999999999
238.35000000000002,0.9999999999999999
238.4,0.9999999999999999
238.45000000000002,0.9999999999999999
238.5,0.9999999999999999
238.55,0.9999999999999999
238.60000000000002,0.9999999999999999
238.65,0.9999999999999999
238.70000000000002,0.9999999999999999
238.75,0.9999999999999999
238.8,0.9999999999999999
238.85000000000002,0.9999999999999999
238.9,0.9999999999999999
238.95000000000002,0.9999999999999999
239.0,0.9999999999999999
239.05,0.9999999999999999
239.10000000000002,0.9999999999999999
239.15,0.9999999999999999
239.20000000000002,0.9999999999999999
239.25,0.9999999999999999
239.3,0.9999999999999999
239.35000000000002,0.9999999999999999
239.4,0.9999999999999999
239.45000000000002,0.9999999999999999
239.5,0.9999999999999999
239.55,0.9999999999999999
239.60000000000002,0.9999999999999999
239.65,0.9999999999999999
239.70000000000002,0.9999999999999999
239.75,0.9999999999999999
239.8,0.9999999999999999
239.85000000000002,0.9999999999999999
239.9,0.9999999999999999
239.95000000000002,0.9999999999999999
240.0,0.9999999999999999
240.05,0.9999999999999999
240.10000000000002,0.9999999999999999
240.15,0.9999999999999999
240.20000000000002,0.9999999999999999
240.25,0.9999999999999999
240.3,0.9999999999999999
240.35000000000002,0.9999999999999999
240.4,0.9999999999999999
240.45000000000002,0.9999999999999999
240.5,0.9999999999999999
240.55,0.9999999999999999
240.60000000000002,0.9999999999999999
240.65,0.9999999999999999
240.70000000000002,0.9999999999999999
240.75,0.9999999999999999
240.8,0.9999999999999999
240.85000000000002,0.9999999999999999
240.9,0.9999999999999999
240.95000000000002,0.9999999999999999
241.0,0.9999999999999999
241.05,0.9999999999999999
241.10000000000002,0.9999999999999999
241.15,0.9999999999999999
241.20000000000002,0.9999999999999999
241.25,0.9999999999999999
241.3,0.9999999999999999
241.35000000000002,0.9999999999999999
241.4,0.9999999999999999
241.45000000000002,0.9999999999999999
241.5,0.9999999999999999
241.55,0.9999999999999999
241.60000000000002,0.9999999999999999
241.65,0.9999999999999999
241.70000000000002,0.9999999999999999
241.75,0.9999999999999999
241.8,0.9999999999999999
241.85000000000002,0.9999999999999999
241.9,0.9999999999999999
241.95000000000002,0.9999999999999999
242.0,0.9999999999999999
242.05,0.9999999999999999
242.10000000000002,0.9999999999999999
242.15,0.9999999999999999
242.20000000000002,0.9999999999999999
242.25,0.9999999999999999
242.3,0.9999999999999999
242.35000000000002,0.9999999999999999
242.4,0.9999999999999999
242.45000000000002,0.9999999999999999
242.5,0.9999999999999999
242.55,0.9999999999999999
242.60000000000002,0.9999999999999999
242.65,0.9999999999999999
242.70000000000002,0.9999999999999999
242.75,0.9999999999999999
242.8,0.9999999999999999
242.85000000000002,0.9999999999999999
242.9,0.9999999999999999
242.95000000000002,0.9999999999999999
243.0,0.9999999999999999
243.05,0.9999999999999999
243.10000000000002,0.9999999999999999
243.15,0.9999999999999999
243.20000000000002,0.9999999999999999
243.25,0.9999999999999999
243.3,0.9999999999999999
243.35000000000002,0.9999999999999999
243.4,0.9999999999999999
243.45000000000002,0.9999999999999999
243.5,0.9999999999999999
243.55,0.9999999999999999
243.60000000000002,0.9999999999999999
243.65,0.9999999999999999
243.70000000000002,0.9999999999999999
243.75,0.9999999999999999
243.8,0.9999999999999999
243.85000000000002,0.9999999999999999
243.9,0.9999999999999999
243.95000000000002,0.9999999999999999
244.0,0.9999999999999999
244.05,0.9999999999999999
244.10000000000002,0.9999999999999999
244.15,0.9999999999999999
244.20000000000002,0.9999999999999999
244.25,0.9999999999999999
244.3,0.9999999999999999
244.35000000000002,0.9999999999999999
244.4,0.9999999999999999
244.45000000000002,0.9999999999999999
244.5,0.9999999999999999
244.55,0.9999999999999999
244.60000000000002,0.9999999999999999
244.65,0.9999999999999999
244.70000000000002,0.9999999999999999
244.75,0.9999999999999999
244.8,0.9999999999999999
244.85000000000002,0.9999999999999999
244.9,0.9999999999999999
244.95000000000002,0.9999999999999999
245.0,0.9999999999999999
245.05,0.9999999999999999
245.10000000000002,0.9999999999999999
245.15,0.9999999999999999
245.20000000000002,0.9999999999999999
245.25,0.9999999999999999
245.3,0.9999999999999999
245.35000000000002,0.9999999999999999
245.4,0.9999999999999999
245.45000000000002,0.9999999999999999
245.5,0.9999999999999999
245.55,0.9999999999999999
245.60000000000002,0.9999999999999999
245.65,0.9999999999999999
245.70000000000002,0.9999999999999999
245.75,0.9999999999999999
245.8,0.9999999999999999
245.85000000000002,0.9999999999999999
245.9,0.9999999999999999
245.95000000000002,0.9999999999999999
246.0,0.9999999999999999
246.05,0.9999999999999999
246.10000000000002,0.9999999999999999
246.15,0.9999999999999999
246.20000000000002,0.9999999999999999
246.25,0.9999999999999999
246.3,0.9999999999999999
246.35000000000002,0.9999999999999999
246.4,0.9999999999999999
246.45000000000002,0.9999999999999999
246.5,0.9999999999999999
246.55,0.9999999999999999
246.60000000000002,0.9999999999999999
246.65,0.9999999999999999
246.70000000000002,0.9999999999999999
246.75,0.9999999999999999
246.8,0.9999999999999999
246.85000000000002,0.9999999999999999
246.9,0.9999999999999999
246.95000000000002,0.9999999999999999
247.0,0.9999999999999999
247.05,0.9999999999999999
247.10000000000002,0.9999999999999999
247.15,0.9999999999999999
247.20000000000002,0.9999999999999999
247.25,0.9999999999999999
247.3,0.9999999999999999
247.35000000000002,0.9999999999999999
247.4,0.9999999999999999
247.45000000000002,0.9999999999999999
247.5,0.9999999999999999
247.55,0.9999999999999999
247.60000000000002,0.9999999999999999
247.65,0.9999999999999999
247.70000000000002,0.9999999999999999
247.75,0.9999999999999999
247.8,0.9999999999999999
247.85000000000002,0.9999999999999999
247.9,0.9999999999999999
247.95000000000002,0.9999999999999999
248.0,0.9999999999999999
248.05,0.9999999999999999
248.10000000000002,0.9999999999999999
248.15,0.9999999999999999
248.20000000000002,0.9999999999999999
248.25,0.9999999999999999
248.3,0.9999999999999999
248.35000000000002,0.9999999999999999
248.4,0.9999999999999999
248.45000000000002,0.9999999999999999
248.5,0.9999999999999999
248.55,0.9999999999999999
248.60000000000002,0.9999999999999999
248.65,0.9999999999999999
248.70000000000002,0.9999999999999999
248.75,0.9999999999999999
248.8,0.9999999999999999
248.85000000000002,0.9999999999999999
248.9,0.9999999999999999
248.95000000000002,0.9999999999999999
249.0,0.9999999999999999
249.05,0.9999999999999999
249.10000000000002,0.9999999999999999
249.15,0.9999999999999999
249.20000000000002,0.9999999999999999
249.25,0.9999999999999999
249.3,0.9999999999999999
249.35000000000002,0.9999999999999999
249.4,0.9999999999999999
249.45000000000002,0.9999999999999999
249.5,0.9999999999999999
249.55,0.9999999999999999
249.60000000000002,0.9999999999999999
249.65,0.9999999999999999
249.70000000000002,0.9999999999999999
249.75,0.9999999999999999
249.8,0.9999999999999999
249.85000000000002,0.9999999999999999
249.9,0.9999999999999999
249.95000000000002,0.9999999999999999
250.0,0.9999999999999999
250.05,0.9999999999999999
250.10000000000002,0.9999999999999999
250.15,0.9999999999999999
250.20000000000002,0.9999999999999999
250.25,0.9999999999999999
250.3,0.9999999999999999
250.35000000000002,0.9999999999999999
250.4,0.9999999999999999
250.45000000000002,0.9999999999999999
250.5,0.9999999999999999
250.55,0.9999999999999999
250.60000000000002,0.9999999999999999
250.65,0.9999999999999999
250.70000000000002,0.9999999999999999
250.75,0.9999999999999999
250.8,0.9999999999999999
250.85000000000002,0.9999999999999999
250.9,0.9999999999999999
250.95000000000002,0.9999999999999999
251.0,0.9999999999999999
251.05,0.9999999999999999
251.10000000000002,0.9999999999999999
251.15,0.9999999999999999
251.20000000000002,0.9999999999999999
251.25,0.9999999999999999
251.3,0.9999999999999999
251.35000000000002,0.9999999999999999
251.4,0.9999999999999999
251.45000000000002,0.9999999999999999
251.5,0.9999999999999999
251.55,0.9999999999999999
251.60000000000002,0.9999999999999999
251.65,0.9999999999999999
251.70000000000002,0.9999999999999999
251.75,0.9999999999999999
251.8,0.9999999999999999
251.85000000000002,0.9999999999999999
251.9,0.9999999999999999
251.95000000000002,0.9999999999999999
252.0,0.9999999999999999
252.05,0.9999999999999999
252.10000000000002,0.9999999999999999
252.15,0.9999999999999999
252.20000000000002,0.9999999999999999
252.25,0.9999999999999999
252.3,0.9999999999999999
252.35000000000002,0.9999999999999999
252.4,0.9999999999999999
252.45000000000002,0.9999999999999999
252.5,0.9999999999999999
252.55,0.9999999999999999
252.60000000000002,0.9999999999999999
252.65,0.9999999999999999
252.70000000000002,0.9999999999999999
252.75,0.9999999999999999
252.8,0.9999999999999999
252.85000000000002,0.9999999999999999
252.9,0.9999999999999999
252.95000000000002,0.9999999999999999
253.0,0.9999999999999999
253.05,0.9999999999999999
253.10000000000002,0.9999999999999999
253.15,0.9999999999999999
253.20000000000002,0.9999999999999999
253.25,0.9999999999999999
253.3,0.9999999999999999
253.35000000000002,0.9999999999999999
253.4,0.9999999999999999
253.45000000000002,0.9999999999999999
253.5,0.9999999999999999
253.55,0.9999999999999999
253.60000000000002,0.9999999999999999
253.65,0.9999999999999999
253.70000000000002,0.9999999999999999
253.75,0.9999999999999999
253.8,0.9999999999999999
253.85000000000002,0.9999999999999999
253.9,0.9999999999999999
253.95000000000002,0.9999999999999999
254.0,0.9999999999999999
254.05,0.9999999999999999
254.10000000000002,0.9999999999999999
254.15,0.9999999999999999
254.20000000000002,0.9999999999999999
254.25,0.9999999999999999
254.3,0.9999999999999999
254.35000000000002,0.9999999999999999
254.4,0.9999999999999999
254.45000000000002,0.9999999999999999
254.5,0.9999999999999999
254.55,0.9999999999999999
254.60000000000002,0.9999999999999999
254.65,0.9999999999999999
254.70000000000002,0.9999999999999999
254.75,0.9999999999999999
254.8,0.9999999999999999
254.85000000000002,0.9999999999999999
254.9,0.9999999999999999
254.95000000000002,0.9999999999999999
255.0,0.9999999999999999
255.05,0.9999999999999999
255.10000000000002,0.9999999999999999
255.15,0.9999999999999999
255.20000000000002,0.9999999999999999
255.25,0.9999999999999999
255.3,0.9999999999999999
255.35000000000002,0.9999999999999999
255.4,0.9999999999999999
255.45000000000002,0.9999999999999999
255.5,0.9999999999999999
255.55,0.9999999999999999
255.60000000000002,0.9999999999999999
255.65,0.9999999999999999
255.70000000000002,0.9999999999999999
255.75,0.9999999999999999
255.8,0.9999999999999999
255.85000000000002,0.9999999999999999
255.9,0.9999999999999999
255.95000000000002,0.9999999999999999
256.0,0.9999999999999999
256.05,0.9999999999999999
256.1,0.9999999999999999
256.15000000000003,0.9999999999999999
256.2,0.9999999999999999
256.25,0.9999999999999999
256.3,0.9999999999999999
256.35,0.9999999999999999
256.40000000000003,0.9999999999999999
256.45,0.9999999999999999
256.5,0.9999999999999999
256.55,0.9999999999999999
256.6,0.9999999999999999
256.65000000000003,0.9999999999999999
256.7,0.9999999999999999
256.75,0.9999999999999999
256.8,0.9999999999999999
256.85,0.9999999999999999
256.90000000000003,0.9999999999999999
256.95,0.9999999999999999
257.0,0.9999999999999999
257.05,0.9999999999999999
257.1,0.9999999999999999
257.15000000000003,0.9999999999999999
257.2,0.9999999999999999
257.25,0.9999999999999999
257.3,0.9999999999999999
257.35,0.9999999999999999
257.40000000000003,0.9999999999999999
257.45,0.9999999999999999
257.5,0.9999999999999999
257.55,0.9999999999999999
257.6,0.9999999999999999
257.65000000000003,0.9999999999999999
257.7,0.9999999999999999
257.75,0.9999999999999999
257.8,0.9999999999999999
257.85,0.9999999999999999
257.90000000000003,0.9999999999999999
257.95,0.9999999999999999
258.0,0.9999999999999999
258.05,0.9999999999999999
258.1,0.9999999999999999
258.15000000000003,0.9999999999999999
258.2,0.9999999999999999
258.25,0.9999999999999999
258.3,0.9999999999999999
258.35,0.9999999999999999
258.40000000000003,0.9999999999999999
258.45,0.9999999999999999
258.5,0.9999999999999999
258.55,0.9999999999999999
258.6,0.9999999999999999
258.65000000000003,0.9999999999999999
258.7,0.9999999999999999
258.75,0.9999999999999999
258.8,0.9999999999999999
258.85,0.9999999999999999
258.90000000000003,0.9999999999999999
258.95,0.9999999999999999
259.0,0.9999999999999999
259.05,0.9999999999999999
259.1,0.9999999999999999
259.15000000000003,0.9999999999999999
259.2,0.9999999999999999
259.25,0.9999999999999999
259.3,0.9999999999999999
259.35,0.9999999999999999
259.40000000000003,0.9999999999999999
259.45,0.9999999999999999
259.5,0.9999999999999999
259.55,0.9999999999999999
259.6,0.9999999999999999
259.65000000000003,0.9999999999999999
259.7,0.9999999999999999
259.75,0.9999999999999999
259.8,0.9999999999999999
259.85,0.9999999999999999
259.90000000000003,0.9999999999999999
259.95,0.9999999999999999
260.0,0.9999999999999999
260.05,0.9999999999999999
260.1,0.9999999999999999
260.15000000000003,0.9999999999999999
260.2,0.9999999999999999
260.25,0.9999999999999999
260.3,0.9999999999999999
260.35,0.9999999999999999
260.40000000000003,0.9999999999999999
260.45,0.9999999999999999
260.5,0.9999999999999999
260.55,0.9999999999999999
260.6,0.9999999999999999
260.65000000000003,0.9999999999999999
260.7,0.9999999999999999
260.75,0.9999999999999999
260.8,0.9999999999999999
260.85,0.9999999999999999
260.90000000000003,0.9999999999999999
260.95,0.9999999999999999
261.0,0.9999999999999999
261.05,0.9999999999999999
261.1,0.9999999999999999
261.15000000000003,0.9999999999999999
261.2,0.9999999999999999
261.25,0.9999999999999999
261.3,0.9999999999999999
261.35,0.9999999999999999
261.40000000000003,0.9999999999999999
261.45,0.9999999999999999
261.5,0.9999999999999999
261.55,0.9999999999999999
261.6,0.9999999999999999
261.65000000000003,0.9999999999999999
261.7,0.9999999999999999
261.75,0.9999999999999999
261.8,0.9999999999999999
261.85,0.9999999999999999
261.90000000000003,0.9999999999999999
261.95,0.9999999999999999
262.0,0.9999999999999999
262.05,0.9999999999999999
262.1,0.9999999999999999
262.15000000000003,0.9999999999999999
262.2,0.9999999999999999
262.25,0.9999999999999999
262.3,0.9999999999999999
262.35,0.9999999999999999
262.40000000000003,0.9999999999999999
262.45,0.9999999999999999
262.5,0.9999999999999999
262.55,0.9999999999999999
262.6,0.9999999999999999
262.65000000000003,0.9999999999999999
262.7,0.9999999999999999
262.75,0.9999999999999999
262.8,0.9999999999999999
262.85,0.9999999999999999
262.90000000000003,0.9999999999999999
262.95,0.9999999999999999
263.0,0.9999999999999999
263.05,0.9999999999999999
263.1,0.9999999999999999
263.15000000000003,0.9999999999999999
263.2,0.9999999999999999
263.25,0.9999999999999999
263.3,0.9999999999999999
263.35,0.9999999999999999
263.40000000000003,0.9999999999999999
263.45,0.9999999999999999
263.5,0.9999999999999999
263.55,0.9999999999999999
263.6,0.9999999999999999
263.65000000000003,0.9999999999999999
263.7,0.9999999999999999
263.75,0.9999999999999999
263.8,0.9999999999999999
263.85,0.9999999999999999
263.90000000000003,0.9999999999999999
263.95,0.9999999999999999
264.0,0.9999999999999999
264.05,0.9999999999999999
264.1,0.9999999999999999
264.15000000000003,0.9999999999999999
264.2,0.9999999999999999
264.25,0.9999999999999999
264.3,0.9999999999999999
264.35,0.9999999999999999
264.40000000000003,0.9999999999999999
264.45,0.9999999999999999
264.5,0.9999999999999999
264.55,0.9999999999999999
264.6,0.9999999999999999
264.65000000000003,0.9999999999999999
264.7,0.9999999999999999
264.75,0.9999999999999999
264.8,0.9999999999999999
264.85,0.9999999999999999
264.90000000000003,0.9999999999999999
264.95,0.9999999999999999
265.0,0.9999999999999999
265.05,0.9999999999999999
265.1,0.9999999999999999
265.15000000000003,0.9999999999999999
265.2,0.9999999999999999
265.25,0.9999999999999999
265.3,0.9999999999999999
265.35,0.9999999999999999
265.40000000000003,0.9999999999999999
265.45,0.9999999999999999
265.5,0.9999999999999999
265.55,0.9999999999999999
265.6,0.9999999999999999
265.65000000000003,0.9999999999999999
265.7,0.9999999999999999
265.75,0.9999999999999999
265.8,0.9999999999999999
265.85,0.9999999999999999
265.90000000000003,0.9999999999999999
265.95,0.9999999999999999
266.0,0.9999999999999999
266.05,0.9999999999999999
266.1,0.9999999999999999
266.15000000000003,0.9999999999999999
266.2,0.9999999999999999
266.25,0.9999999999999999
266.3,0.9999999999999999
266.35,0.9999999999999999
266.40000000000003,0.9999999999999999
266.45,0.9999999999999999
266.5,0.9999999999999999
266.55,0.9999999999999999
266.6,0.9999999999999999
266.65000000000003,0.9999999999999999
266.7,0.9999999999999999
266.75,0.9999999999999999
266.8,0.9999999999999999
266.85,0.9999999999999999
266.90000000000003,0.9999999999999999
266.95,0.9999999999999999
267.0,0.9999999999999999
267.05,0.9999999999999999
267.1,0.9999999999999999
267.15000000000003,0.9999999999999999
267.2,0.9999999999999999
267.25,0.9999999999999999
267.3,0.9999999999999999
267.35,0.9999999999999999
267.40000000000003,0.9999999999999999
267.45,0.9999999999999999
267.5,0.9999999999999999
267.55,0.9999999999999999
267.6,0.9999999999999999
267.65000000000003,0.9999999999999999
267.7,0.9999999999999999
267.75,0.9999999999999999
267.8,0.9999999999999999
267.85,0.9999999999999999
267.90000000000003,0.9999999999999999
267.95,0.9999999999999999
268.0,0.9999999999999999
268.05,0.9999999999999999
268.1,0.9999999999999999
268.15000000000003,0.9999999999999999
268.2,0.9999999999999999
268.25,0.9999999999999999
268.3,0.9999999999999999
268.35,0.9999999999999999
268.40000000000003,0.9999999999999999
268.45,0.9999999999999999
268.5,0.9999999999999999
268.55,0.9999999999999999
268.6,0.9999999999999999
268.65000000000003,0.9999999999999999
268.7,0.9999999999999999
268.75,0.9999999999999999
268.8,0.9999999999999999
268.85,0.9999999999999999
268.90000000000003,0.9999999999999999
268.95,0.9999999999999999
269.0,0.9999999999999999
269.05,0.9999999999999999
269.1,0.9999999999999999
269.15000000000003,0.9999999999999999
269.2,0.9999999999999999
269.25,0.9999999999999999
269.3,0.9999999999999999
269.35,0.9999999999999999
269.40000000000003,0.9999999999999999
269.45,0.9999999999999999
269.5,0.9999999999999999
269.55,0.9999999999999999
269.6,0.9999999999999999
269.65000000000003,0.9999999999999999
269.7,0.9999999999999999
269.75,0.9999999999999999
269.8,0.9999999999999999
269.85,0.9999999999999999
269.90000000000003,0.9999999999999999
269.95,0.9999999999999999
270.0,0.9999999999999999
270.05,0.9999999999999999
270.1,0.9999999999999999
270.15000000000003,0.9999999999999999
270.2,0.9999999999999999
270.25,0.9999999999999999
270.3,0.9999999999999999
270.35,0.9999999999999999
270.40000000000003,0.9999999999999999
270.45,0.9999999999999999
270.5,0.9999999999999999
270.55,0.9999999999999999
270.6,0.9999999999999999
270.65000000000003,0.9999999999999999
270.7,0.9999999999999999
270.75,0.9999999999999999
270.8,0.9999999999999999
270.85,0.9999999999999999
270.90000000000003,0.9999999999999999
270.95,0.9999999999999999
271.0,0.9999999999999999
271.05,0.9999999999999999
271.1,0.9999999999999999
271.15000000000003,0.9999999999999999
271.2,0.9999999999999999
271.25,0.9999999999999999
271.3,0.9999999999999999
271.35,0.9999999999999999
271.40000000000003,0.9999999999999999
271.45,0.9999999999999999
271.5,0.9999999999999999
271.55,0.9999999999999999
271.6,0.9999999999999999
271.65000000000003,0.9999999999999999
271.7,0.9999999999999999
271.75,0.9999999999999999
271.8,0.9999999999999999
271.85,0.9999999999999999
271.90000000000003,0.9999999999999999
271.95,0.9999999999999999
272.0,0.9999999999999999
272.05,0.9999999999999999
272.1,0.9999999999999999
272.15000000000003,0.9999999999999999
272.2,0.9999999999999999
272.25,0.9999999999999999
272.3,0.9999999999999999
272.35,0.9999999999999999
272.40000000000003,0.9999999999999999
272.45,0.9999999999999999
272.5,0.9999999999999999
272.55,0.9999999999999999
272.6,0.9999999999999999
272.65000000000003,0.9999999999999999
272.7,0.9999999999999999
272.75,0.9999999999999999
272.8,0.9999999999999999
272.85,0.9999999999999999
272.90000000000003,0.9999999999999999
272.95,0.9999999999999999
273.0,0.9999999999999999
273.05,0.9999999999999999
273.1,0.9999999999999999
273.15000000000003,0.9999999999999999
273.2,0.9999999999999999
273.25,0.9999999999999999
273.3,0.9999999999999999
273.35,0.9999999999999999
273.40000000000003,0.9999999999999999
273.45,0.9999999999999999
273.5,0.9999999999999999
273.55,0.9999999999999999
273.6,0.9999999999999999
273.65000000000003,0.9999999999999999
273.7,0.9999999999999999
273.75,0.9999999999999999
273.8,0.9999999999999999
273.85,0.9999999999999999
273.90000000000003,0.9999999999999999
273.95,0.9999999999999999
274.0,0.9999999999999999
274.05,0.9999999999999999
274.1,0.9999999999999999
274.15000000000003,0.9999999999999999
274.2,0.9999999999999999
274.25,0.9999999999999999
274.3,0.9999999999999999
274.35,0.9999999999999999
274.40000000000003,0.9999999999999999
274.45,0.9999999999999999
274.5,0.9999999999999999
274.55,0.9999999999999999
274.6,0.9999999999999999
274.65000000000003,0.9999999999999999
274.7,0.9999999999999999
274.75,0.9999999999999999
274.8,0.9999999999999999
274.85,0.9999999999999999
274.90000000000003,0.9999999999999999
274.95,0.9999999999999999
275.0,0.9999999999999999
275.05,0.9999999999999999
275.1,0.9999999999999999
275.15000000000003,0.9999999999999999
275.2,0.9999999999999999
275.25,0.9999999999999999
275.3,0.9999999999999999
275.35,0.9999999999999999
275.40000000000003,0.9999999999999999
275.45,0.9999999999999999
275.5,0.9999999999999999
275.55,0.9999999999999999
275.6,0.9999999999999999
275.65000000000003,0.9999999999999999
275.7,0.9999999999999999
275.75,0.9999999999999999
275.8,0.9999999999999999
275.85,0.9999999999999999
275.90000000000003,0.9999999999999999
275.95,0.9999999999999999
276.0,0.9999999999999999
276.05,0.9999999999999999
276.1,0.9999999999999999
276.15000000000003,0.9999999999999999
276.2,0.9999999999999999
276.25,0.9999999999999999
276.3,0.9999999999999999
276.35,0.9999999999999999
276.40000000000003,0.9999999999999999
276.45,0.9999999999999999
276.5,0.9999999999999999
276.55,0.9999999999999999
276.6,0.9999999999999999
276.65000000000003,0.9999999999999999
276.7,0.9999999999999999
276.75,0.9999999999999999
276.8,0.9999999999999999
276.85,0.9999999999999999
276.90000000000003,0.9999999999999999
276.95,0.9999999999999999
277.0,0.9999999999999999
277.05,0.9999999999999999
277.1,0.9999999999999999
277.15000000000003,0.9999999999999999
277.2,0.9999999999999999
277.25,0.9999999999999999
277.3,0.9999999999999999
277.35,0.9999999999999999
277.40000000000003,0.9999999999999999
277.45,0.9999999999999999
277.5,0.9999999999999999
277.55,0.9999999999999999
277.6,0.9999999999999999
277.65000000000003,0.9999999999999999
277.7,0.9999999999999999
277.75,0.9999999999999999
277.8,0.9999999999999999
277.85,0.9999999999999999
277.90000000000003,0.9999999999999999
277.95,0.9999999999999999
278.0,0.9999999999999999
278.05,0.9999999999999999
278.1,0.9999999999999999
278.15000000000003,0.9999999999999999
278.2,0.9999999999999999
278.25,0.9999999999999999
278.3,0.9999999999999999
278.35,0.9999999999999999
278.40000000000003,0.9999999999999999
278.45,0.9999999999999999
278.5,0.9999999999999999
278.55,0.9999999999999999
278.6,0.9999999999999999
278.65000000000003,0.9999999999999999
278.7,0.9999999999999999
278.75,0.9999999999999999
278.8,0.9999999999999999
278.85,0.9999999999999999
278.90000000000003,0.9999999999999999
278.95,0.9999999999999999
279.0,0.9999999999999999
279.05,0.9999999999999999
279.1,0.9999999999999999
279.15000000000003,0.9999999999999999
279.2,0.9999999999999999
279.25,0.9999999999999999
279.3,0.9999999999999999
279.35,0.9999999999999999
279.40000000000003,0.9999999999999999
279.45,0.9999999999999999
279.5,0.9999999999999999
279.55,0.9999999999999999
279.6,0.9999999999999999
279.65000000000003,0.9999999999999999
279.7,0.9999999999999999
279.75,0.9999999999999999
279.8,0.9999999999999999
279.85,0.9999999999999999
279.90000000000003,0.9999999999999999
279.95,0.9999999999999999
280.0,0.9999999999999999
280.05,0.9999999999999999
280.1,0.9999999999999999
280.15000000000003,0.9999999999999999
280.2,0.9999999999999999
280.25,0.9999999999999999
280.3,0.9999999999999999
280.35,0.9999999999999999
280.40000000000003,0.9999999999999999
280.45,0.9999999999999999
280.5,0.9999999999999999
280.55,0.9999999999999999
280.6,0.9999999999999999
280.65000000000003,0.9999999999999999
280.7,0.9999999999999999
280.75,0.9999999999999999
280.8,0.9999999999999999
280.85,0.9999999999999999
280.90000000000003,0.9999999999999999
280.95,0.9999999999999999
281.0,0.9999999999999999
281.05,0.9999999999999999
281.1,0.9999999999999999
281.15000000000003,0.9999999999999999
281.2,0.9999999999999999
281.25,0.9999999999999999
281.3,0.9999999999999999
281.35,0.9999999999999999
281.40000000000003,0.9999999999999999
281.45,0.9999999999999999
281.5,0.9999999999999999
281.55,0.9999999999999999
281.6,0.9999999999999999
281.65000000000003,0.9999999999999999
281.7,0.9999999999999999
281.75,0.9999999999999999
281.8,0.9999999999999999
281.85,0.9999999999999999
281.90000000000003,0.9999999999999999
281.95,0.9999999999999999
282.0,0.9999999999999999
282.05,0.9999999999999999
282.1,0.9999999999999999
282.15000000000003,0.9999999999999999
282.2,0.9999999999999999
282.25,0.9999999999999999
282.3,0.9999999999999999
282.35,0.9999999999999999
282.40000000000003,0.9999999999999999
282.45,0.9999999999999999
282.5,0.9999999999999999
282.55,0.9999999999999999
282.6,0.9999999999999999
282.65000000000003,0.9999999999999999
282.7,0.9999999999999999
282.75,0.9999999999999999
282.8,0.9999999999999999
282.85,0.9999999999999999
282.90000000000003,0.9999999999999999
282.95,0.9999999999999999
283.0,0.9999999999999999
283.05,0.9999999999999999
283.1,0.9999999999999999
283.15000000000003,0.9999999999999999
283.2,0.9999999999999999
283.25,0.9999999999999999
283.3,0.9999999999999999
283.35,0.9999999999999999
283.40000000000003,0.9999999999999999
283.45,0.9999999999999999
283.5,0.9999999999999999
283.55,0.9999999999999999
283.6,0.9999999999999999
283.65000000000003,0.9999999999999999
283.7,0.9999999999999999
283.75,0.9999999999999999
283.8,0.9999999999999999
283.85,0.9999999999999999
283.90000000000003,0.9999999999999999
283.95,0.9999999999999999
284.0,0.9999999999999999
284.05,0.9999999999999999
284.1,0.9999999999999999
284.15000000000003,0.9999999999999999
284.2,0.9999999999999999
284.25,0.9999999999999999
284.3,0.9999999999999999
284.35,0.9999999999999999
284.40000000000003,0.9999999999999999
284.45,0.9999999999999999
284.5,0.9999999999999999
284.55,0.9999999999999999
284.6,0.9999999999999999
284.65000000000003,0.9999999999999999
284.7,0.9999999999999999
284.75,0.9999999999999999
284.8,0.9999999999999999
284.85,0.9999999999999999
284.90000000000003,0.9999999999999999
284.95,0.9999999999999999
285.0,0.9999999999999999
285.05,0.9999999999999999
285.1,0.9999999999999999
285.15000000000003,0.9999999999999999
285.2,0.9999999999999999
285.25,0.9999999999999999
285.3,0.9999999999999999
285.35,0.9999999999999999
285.40000000000003,0.9999999999999999
285.45,0.9999999999999999
285.5,0.9999999999999999
285.55,0.9999999999999999
285.6,0.9999999999999999
285.65000000000003,0.9999999999999999
285.7,0.9999999999999999
285.75,0.9999999999999999
285.8,0.9999999999999999
285.85,0.9999999999999999
285.90000000000003,0.9999999999999999
285.95,0.9999999999999999
286.0,0.9999999999999999
286.05,0.9999999999999999
286.1,0.9999999999999999
286.15000000000003,0.9999999999999999
286.2,0.9999999999999999
286.25,0.9999999999999999
286.3,0.9999999999999999
286.35,0.9999999999999999
286.40000000000003,0.9999999999999999
286.45,0.9999999999999999
286.5,0.9999999999999999
286.55,0.9999999999999999
286.6,0.9999999999999999
286.65000000000003,0.9999999999999999
286.7,0.9999999999999999
286.75,0.9999999999999999
286.8,0.9999999999999999
286.85,0.9999999999999999
286.90000000000003,0.9999999999999999
286.95,0.9999999999999999
287.0,0.9999999999999999
287.05,0.9999999999999999
287.1,0.9999999999999999
287.15000000000003,0.9999999999999999
287.2,0.9999999999999999
287.25,0.9999999999999999
287.3,0.9999999999999999
287.35,0.9999999999999999
287.40000000000003,0.9999999999999999
287.45,0.9999999999999999
287.5,0.9999999999999999
287.55,0.9999999999999999
287.6,0.9999999999999999
287.65000000000003,0.9999999999999999
287.7,0.9999999999999999
287.75,0.9999999999999999
287.8,0.9999999999999999
287.85,0.9999999999999999
287.90000000000003,0.9999999999999999
287.95,0.9999999999999999
288.0,0.9999999999999999
288.05,0.9999999999999999
288.1,0.9999999999999999
288.15000000000003,0.9999999999999999
288.2,0.9999999999999999
288.25,0.9999999999999999
288.3,0.9999999999999999
288.35,0.9999999999999999
288.40000000000003,0.9999999999999999
288.45,0.9999999999999999
288.5,0.9999999999999999
288.55,0.9999999999999999
288.6,0.9999999999999999
288.65000000000003,0.9999999999999999
288.7,0.9999999999999999
288.75,0.9999999999999999
288.8,0.9999999999999999
288.85,0.9999999999999999
288.90000000000003,0.9999999999999999
288.95,0.9999999999999999
289.0,0.9999999999999999
289.05,0.9999999999999999
289.1,0.9999999999999999
289.15000000000003,0.9999999999999999
289.2,0.9999999999999999
289.25,0.9999999999999999
289.3,0.9999999999999999
289.35,0.9999999999999999
289.40000000000003,0.9999999999999999
289.45,0.9999999999999999
289.5,0.9999999999999999
289.55,0.9999999999999999
289.6,0.9999999999999999
289.65000000000003,0.9999999999999999
289.7,0.9999999999999999
289.75,0.9999999999999999
289.8,0.9999999999999999
289.85,0.9999999999999999
289.90000000000003,0.9999999999999999
289.95,0.9999999999999999
290.0,0.9999999999999999
290.05,0.9999999999999999
290.1,0.9999999999999999
290.15000000000003,0.9999999999999999
290.2,0.9999999999999999
290.25,0.9999999999999999
290.3,0.9999999999999999
290.35,0.9999999999999999
290.40000000000003,0.9999999999999999
290.45,0.9999999999999999
290.5,0.9999999999999999
290.55,0.9999999999999999
290.6,0.9999999999999999
290.65000000000003,0.9999999999999999
290.7,0.9999999999999999
290.75,0.9999999999999999
290.8,0.9999999999999999
290.85,0.9999999999999999
290.90000000000003,0.9999999999999999
290.95,0.9999999999999999
291.0,0.9999999999999999
291.05,0.9999999999999999
291.1,0.9999999999999999
291.15000000000003,0.9999999999999999
291.2,0.9999999999999999
291.25,0.9999999999999999
291.3,0.9999999999999999
291.35,0.9999999999999999
291.40000000000003,0.9999999999999999
291.45,0.9999999999999999
291.5,0.9999999999999999
291.55,0.9999999999999999
291.6,0.9999999999999999
291.65000000000003,0.9999999999999999
291.7,0.9999999999999999
291.75,0.9999999999999999
291.8,0.9999999999999999
291.85,0.9999999999999999
291.90000000000003,0.9999999999999999
291.95,0.9999999999999999
292.0,0.9999999999999999
292.05,0.9999999999999999
292.1,0.9999999999999999
292.15000000000003,0.9999999999999999
292.2,0.9999999999999999
292.25,0.9999999999999999
292.3,0.9999999999999999
292.35,0.9999999999999999
292.40000000000003,0.9999999999999999
292.45,0.9999999999999999
292.5,0.9999999999999999
292.55,0.9999999999999999
292.6,0.9999999999999999
292.65000000000003,0.9999999999999999
292.7,0.9999999999999999
292.75,0.9999999999999999
292.8,0.9999999999999999
292.85,0.9999999999999999
292.90000000000003,0.9999999999999999
292.95,0.9999999999999999
293.0,0.9999999999999999
293.05,0.9999999999999999
293.1,0.9999999999999999
293.15000000000003,0.9999999999999999
293.2,0.9999999999999999
293.25,0.9999999999999999
293.3,0.9999999999999999
293.35,0.9999999999999999
293.40000000000003,0.9999999999999999
293.45,0.9999999999999999
293.5,0.9999999999999999
293.55,0.9999999999999999
293.6,0.9999999999999999
293.65000000000003,0.9999999999999999
293.7,0.9999999999999999
293.75,0.9999999999999999
293.8,0.9999999999999999
293.85,0.9999999999999999
293.90000000000003,0.9999999999999999
293.95,0.9999999999999999
294.0,0.9999999999999999
294.05,0.9999999999999999
294.1,0.9999999999999999
294.15000000000003,0.9999999999999999
294.2,0.9999999999999999
294.25,0.9999999999999999
294.3,0.9999999999999999
294.35,0.9999999999999999
294.40000000000003,0.9999999999999999
294.45,0.9999999999999999
294.5,0.9999999999999999
294.55,0.9999999999999999
294.6,0.9999999999999999
294.65000000000003,0.9999999999999999
294.7,0.9999999999999999
294.75,0.9999999999999999
294.8,0.9999999999999999
294.85,0.9999999999999999
294.90000000000003,0.9999999999999999
294.95,0.9999999999999999
295.0,0.9999999999999999
295.05,0.9999999999999999
295.1,0.9999999999999999
295.15000000000003,0.9999999999999999
295.2,0.9999999999999999
295.25,0.9999999999999999
295.3,0.9999999999999999
295.35,0.9999999999999999
295.40000000000003,0.9999999999999999
295.45,0.9999999999999999
295.5,0.9999999999999999
295.55,0.9999999999999999
295.6,0.9999999999999999
295.65000000000003,0.9999999999999999
295.7,0.9999999999999999
295.75,0.9999999999999999
295.8,0.9999999999999999
295.85,0.9999999999999999
295.90000000000003,0.9999999999999999
295.95,0.9999999999999999
296.0,0.9999999999999999
296.05,0.9999999999999999
296.1,0.9999999999999999
296.15000000000003,0.9999999999999999
296.2,0.9999999999999999
296.25,0.9999999999999999
296.3,0.9999999999999999
296.35,0.9999999999999999
296.40000000000003,0.9999999999999999
296.45,0.9999999999999999
296.5,0.9999999999999999
296.55,0.9999999999999999
296.6,0.9999999999999999
296.65000000000003,0.9999999999999999
296.7,0.9999999999999999
296.75,0.9999999999999999
296.8,0.9999999999999999
296.85,0.9999999999999999
296.90000000000003,0.9999999999999999
296.95,0.9999999999999999
297.0,0.9999999999999999
297.05,0.9999999999999999
297.1,0.9999999999999999
297.15000000000003,0.9999999999999999
297.2,0.9999999999999999
297.25,0.9999999999999999
297.3,0.9999999999999999
297.35,0.9999999999999999
297.40000000000003,0.9999999999999999
297.45,0.9999999999999999
297.5,0.9999999999999999
297.55,0.9999999999999999
297.6,0.9999999999999999
297.65000000000003,0.9999999999999999
297.7,0.9999999999999999
297.75,0.9999999999999999
297.8,0.9999999999999999
297.85,0.9999999999999999
297.90000000000003,0.9999999999999999
297.95,0.9999999999999999
298.0,0.9999999999999999
298.05,0.9999999999999999
298.1,0.9999999999999999
298.15000000000003,0.9999999999999999
298.2,0.9999999999999999
298.25,0.9999999999999999
298.3,0.9999999999999999
298.35,0.9999999999999999
298.40000000000003,0.9999999999999999
298.45,0.9999999999999999
298.5,0.9999999999999999
298.55,0.9999999999999999
298.6,0.9999999999999999
298.65000000000003,0.9999999999999999
298.7,0.9999999999999999
298.75,0.9999999999999999
298.8,0.9999999999999999
298.85,0.9999999999999999
298.90000000000003,0.9999999999999999
298.95,0.9999999999999999
299.0,0.9999999999999999
299.05,0.9999999999999999
299.1,0.9999999999999999
299.15000000000003,0.9999999999999999
299.2,0.9999999999999999
299.25,0.9999999999999999
299.3,0.9999999999999999
299.35,0.9999999999999999
299.40000000000003,0.9999999999999999
299.45,0.9999999999999999
299.5,0.9999999999999999
299.55,0.9999999999999999
299.6,0.9999999999999999
299.65000000000003,0.9999999999999999
299.7,0.9999999999999999
299.75,0.9999999999999999
299.8,0.9999999999999999
299.85,0.9999999999999999
299.90000000000003,0.9999999999999999
299.95,0.9999999999999999
300.0,0.9999999999999999
300.05,0.9999999999999999
300.1,0.9999999999999999
300.15000000000003,0.9999999999999999
300.2,0.9999999999999999
300.25,0.9999999999999999
300.3,0.9999999999999999
300.35,0.9999999999999999
300.40000000000003,0.9999999999999999
300.45,0.9999999999999999
300.5,0.9999999999999999
300.55,0.9999999999999999
300.6,0.9999999999999999
300.65000000000003,0.9999999999999999
300.7,0.9999999999999999
300.75,0.9999999999999999
300.8,0.9999999999999999
300.85,0.9999999999999999
300.90000000000003,0.9999999999999999
300.95,0.9999999999999999
301.0,0.9999999999999999
301.05,0.9999999999999999
301.1,0.9999999999999999
301.15000000000003,0.9999999999999999
301.2,0.9999999999999999
301.25,0.9999999999999999
301.3,0.9999999999999999
301.35,0.9999999999999999
301.40000000000003,0.9999999999999999
301.45,0.9999999999999999
301.5,0.9999999999999999
301.55,0.9999999999999999
301.6,0.9999999999999999
301.65000000000003,0.9999999999999999
301.7,0.9999999999999999
301.75,0.9999999999999999
301.8,0.9999999999999999
301.85,0.9999999999999999
301.90000000000003,0.9999999999999999
301.95,0.9999999999999999
302.0,0.9999999999999999
302.05,0.9999999999999999
302.1,0.9999999999999999
302.15000000000003,0.9999999999999999
302.2,0.9999999999999999
302.25,0.9999999999999999
302.3,0.9999999999999999
302.35,0.9999999999999999
302.40000000000003,0.9999999999999999
302.45,0.9999999999999999
302.5,0.9999999999999999
302.55,0.9999999999999999
302.6,0.9999999999999999
302.65000000000003,0.9999999999999999
302.7,0.9999999999999999
302.75,0.9999999999999999
302.8,0.9999999999999999
302.85,0.9999999999999999
302.90000000000003,0.9999999999999999
302.95,0.9999999999999999
303.0,0.9999999999999999
303.05,0.9999999999999999
303.1,0.9999999999999999
303.15000000000003,0.9999999999999999
303.2,0.9999999999999999
303.25,0.9999999999999999
303.3,0.9999999999999999
303.35,0.9999999999999999
303.40000000000003,0.9999999999999999
303.45,0.9999999999999999
303.5,0.9999999999999999
303.55,0.9999999999999999
303.6,0.9999999999999999
303.65000000000003,0.9999999999999999
303.7,0.9999999999999999
303.75,0.9999999999999999
303.8,0.9999999999999999
303.85,0.9999999999999999
303.90000000000003,0.9999999999999999
303.95,0.9999999999999999
304.0,0.9999999999999999
304.05,0.9999999999999999
304.1,0.9999999999999999
304.15000000000003,0.9999999999999999
304.2,0.9999999999999999
304.25,0.9999999999999999
304.3,0.9999999999999999
304.35,0.9999999999999999
304.40000000000003,0.9999999999999999
304.45,0.9999999999999999
304.5,0.9999999999999999
304.55,0.9999999999999999
304.6,0.9999999999999999
304.65000000000003,0.9999999999999999
304.7,0.9999999999999999
304.75,0.9999999999999999
304.8,0.9999999999999999
304.85,0.9999999999999999
304.90000000000003,0.9999999999999999
304.95,0.9999999999999999
305.0,0.9999999999999999
305.05,0.9999999999999999
305.1,0.9999999999999999
305.15000000000003,0.9999999999999999
305.2,0.9999999999999999
305.25,0.9999999999999999
305.3,0.9999999999999999
305.35,0.9999999999999999
305.40000000000003,0.9999999999999999
305.45,0.9999999999999999
305.5,0.9999999999999999
305.55,0.9999999999999999
305.6,0.9999999999999999
305.65000000000003,0.9999999999999999
305.7,0.9999999999999999
305.75,0.9999999999999999
305.8,0.9999999999999999
305.85,0.9999999999999999
305.90000000000003,0.9999999999999999
305.95,0.9999999999999999
306.0,0.9999999999999999
306.05,0.9999999999999999
306.1,0.9999999999999999
306.15000000000003,0.9999999999999999
306.2,0.9999999999999999
306.25,0.9999999999999999
306.3,0.9999999999999999
306.35,0.9999999999999999
306.40000000000003,0.9999999999999999
306.45,0.9999999999999999
306.5,0.9999999999999999
306.55,0.9999999999999999
306.6,0.9999999999999999
306.65000000000003,0.9999999999999999
306.7,0.9999999999999999
306.75,0.9999999999999999
306.8,0.9999999999999999
306.85,0.9999999999999999
306.90000000000003,0.9999999999999999
306.95,0.9999999999999999
307.0,0.9999999999999999
307.05,0.9999999999999999
307.1,0.9999999999999999
307.15000000000003,0.9999999999999999
307.20000000000005,0.9999999999999999
307.25,0.9999999999999999
307.3,0.9999999999999999
307.35,0.9999999999999999
307.40000000000003,0.9999999999999999
307.45000000000005,0.9999999999999999
307.5,0.9999999999999999
307.55,0.9999999999999999
307.6,0.9999999999999999
307.65000000000003,0.9999999999999999
307.70000000000005,0.9999999999999999
307.75,0.9999999999999999
307.8,0.9999999999999999
307.85,0.9999999999999999
307.90000000000003,0.9999999999999999
307.95000000000005,0.9999999999999999
308.0,0.9999999999999999
308.05,0.9999999999999999
308.1,0.9999999999999999
308.15000000000003,0.9999999999999999
308.20000000000005,0.9999999999999999
308.25,0.9999999999999999
308.3,0.9999999999999999
308.35,0.9999999999999999
308.40000000000003,0.9999999999999999
308.45000000000005,0.9999999999999999
308.5,0.9999999999999999
308.55,0.9999999999999999
308.6,0.9999999999999999
308.65000000000003,0.9999999999999999
308.70000000000005,0.9999999999999999
308.75,0.9999999999999999
308.8,0.9999999999999999
308.85,0.9999999999999999
308.90000000000003,0.9999999999999999
308.95000000000005,0.9999999999999999
309.0,0.9999999999999999
309.05,0.9999999999999999
309.1,0.9999999999999999
309.15000000000003,0.9999999999999999
309.20000000000005,0.9999999999999999
309.25,0.9999999999999999
309.3,0.9999999999999999
309.35,0.9999999999999999
309.40000000000003,0.9999999999999999
309.45000000000005,0.9999999999999999
309.5,0.9999999999999999
309.55,0.9999999999999999
309.6,0.9999999999999999
309.65000000000003,0.9999999999999999
309.70000000000005,0.9999999999999999
309.75,0.9999999999999999
309.8,0.9999999999999999
309.85,0.9999999999999999
309.90000000000003,0.9999999999999999
309.95000000000005,0.9999999999999999
310.0,0.9999999999999999
310.05,0.9999999999999999
310.1,0.9999999999999999
310.15000000000003,0.9999999999999999
310.20000000000005,0.9999999999999999
310.25,0.9999999999999999
310.3,0.9999999999999999
310.35,0.9999999999999999
310.40000000000003,0.9999999999999999
310.45000000000005,0.9999999999999999
310.5,0.9999999999999999
310.55,0.9999999999999999
310.6,0.9999999999999999
310.65000000000003,0.9999999999999999
310.70000000000005,0.9999999999999999
310.75,0.9999999999999999
310.8,0.9999999999999999
310.85,0.9999999999999999
310.90000000000003,0.9999999999999999
310.95000000000005,0.9999999999999999
311.0,0.9999999999999999
311.05,0.9999999999999999
311.1,0.9999999999999999
311.15000000000003,0.9999999999999999
311.20000000000005,0.9999999999999999
311.25,0.9999999999999999
311.3,0.9999999999999999
311.35,0.9999999999999999
311.40000000000003,0.9999999999999999
311.45000000000005,0.9999999999999999
311.5,0.9999999999999999
311.55,0.9999999999999999
311.6,0.9999999999999999
311.65000000000003,0.9999999999999999
311.70000000000005,0.9999999999999999
311.75,0.9999999999999999
311.8,0.9999999999999999
311.85,0.9999999999999999
311.90000000000003,0.9999999999999999
311.95000000000005,0.9999999999999999
312.0,0.9999999999999999
312.05,0.9999999999999999
312.1,0.9999999999999999
312.15000000000003,0.9999999999999999
312.20000000000005,0.9999999999999999
312.25,0.9999999999999999
312.3,0.9999999999999999
312.35,0.9999999999999999
312.40000000000003,0.9999999999999999
312.45000000000005,0.9999999999999999
312.5,0.9999999999999999
312.55,0.9999999999999999
312.6,0.9999999999999999
312.65000000000003,0.9999999999999999
312.70000000000005,0.9999999999999999
312.75,0.9999999999999999
312.8,0.9999999999999999
312.85,0.9999999999999999
312.90000000000003,0.9999999999999999
312.95000000000005,0.9999999999999999
313.0,0.9999999999999999
313.05,0.9999999999999999
313.1,0.9999999999999999
313.15000000000003,0.9999999999999999
313.20000000000005,0.9999999999999999
313.25,0.9999999999999999
313.3,0.9999999999999999
313.35,0.9999999999999999
313.40000000000003,0.9999999999999999
313.45000000000005,0.9999999999999999
313.5,0.9999999999999999
313.55,0.9999999999999999
313.6,0.9999999999999999
313.65000000000003,0.9999999999999999
313.70000000000005,0.9999999999999999
313.75,0.9999999999999999
313.8,0.9999999999999999
313.85,0.9999999999999999
313.90000000000003,0.9999999999999999
313.95000000000005,0.9999999999999999
314.0,0.9999999999999999
314.05,0.9999999999999999
314.1,0.9999999999999999
314.15000000000003,0.9999999999999999
314.20000000000005,0.9999999999999999
314.25,0.9999999999999999
314.3,0.9999999999999999
314.35,0.9999999999999999
314.40000000000003,0.9999999999999999
314.45000000000005,0.9999999999999999
314.5,0.9999999999999999
314.55,0.9999999999999999
314.6,0.9999999999999999
314.65000000000003,0.9999999999999999
314.70000000000005,0.9999999999999999
314.75,0.9999999999999999
314.8,0.9999999999999999
314.85,0.9999999999999999
314.90000000000003,0.9999999999999999
314.95000000000005,0.9999999999999999
315.0,0.9999999999999999
315.05,0.9999999999999999
315.1,0.9999999999999999
315.15000000000003,0.9999999999999999
315.20000000000005,0.9999999999999999
315.25,0.9999999999999999
315.3,0.9999999999999999
315.35,0.9999999999999999
315.40000000000003,0.9999999999999999
315.45000000000005,0.9999999999999999
315.5,0.9999999999999999
315.55,0.9999999999999999
315.6,0.9999999999999999
315.65000000000003,0.9999999999999999
315.70000000000005,0.9999999999999999
315.75,0.9999999999999999
315.8,0.9999999999999999
315.85,0.9999999999999999
315.90000000000003,0.9999999999999999
315.95000000000005,0.9999999999999999
316.0,0.9999999999999999
316.05,0.9999999999999999
316.1,0.9999999999999999
316.15000000000003,0.9999999999999999
316.20000000000005,0.9999999999999999
316.25,0.9999999999999999
316.3,0.9999999999999999
316.35,0.9999999999999999
316.40000000000003,0.9999999999999999
316.45000000000005,0.9999999999999999
316.5,0.9999999999999999
316.55,0.9999999999999999
316.6,0.9999999999999999
316.65000000000003,0.9999999999999999
316.70000000000005,0.9999999999999999
316.75,0.9999999999999999
316.8,0.9999999999999999
316.85,0.9999999999999999
316.90000000000003,0.9999999999999999
316.95000000000005,0.9999999999999999
317.0,0.9999999999999999
317.05,0.9999999999999999
317.1,0.9999999999999999
317.15000000000003,0.9999999999999999
317.20000000000005,0.9999999999999999
317.25,0.9999999999999999
317.3,0.9999999999999999
317.35,0.9999999999999999
317.40000000000003,0.9999999999999999
317.45000000000005,0.9999999999999999
317.5,0.9999999999999999
317.55,0.9999999999999999
317.6,0.9999999999999999
317.65000000000003,0.9999999999999999
317.70000000000005,0.9999999999999999
317.75,0.9999999999999999
317.8,0.9999999999999999
317.85,0.9999999999999999
317.90000000000003,0.9999999999999999
317.95000000000005,0.9999999999999999
318.0,0.9999999999999999
318.05,0.9999999999999999
318.1,0.9999999999999999
318.15000000000003,0.9999999999999999
318.20000000000005,0.9999999999999999
318.25,0.9999999999999999
318.3,0.9999999999999999
318.35,0.9999999999999999
318.40000000000003,0.9999999999999999
318.45000000000005,0.9999999999999999
318.5,0.9999999999999999
318.55,0.9999999999999999
318.6,0.9999999999999999
318.65000000000003,0.9999999999999999
318.70000000000005,0.9999999999999999
318.75,0.9999999999999999
318.8,0.9999999999999999
318.85,0.9999999999999999
318.90000000000003,0.9999999999999999
318.95000000000005,0.9999999999999999
319.0,0.9999999999999999
319.05,0.9999999999999999
319.1,0.9999999999999999
319.15000000000003,0.9999999999999999
319.20000000000005,0.9999999999999999
319.25,0.9999999999999999
319.3,0.9999999999999999
319.35,0.9999999999999999
319.40000000000003,0.9999999999999999
319.45000000000005,0.9999999999999999
319.5,0.9999999999999999
319.55,0.9999999999999999
319.6,0.9999999999999999
319.65000000000003,0.9999999999999999
319.70000000000005,0.9999999999999999
319.75,0.9999999999999999
319.8,0.9999999999999999
319.85,0.9999999999999999
319.90000000000003,0.9999999999999999
319.95000000000005,0.9999999999999999
320.0,0.9999999999999999
320.05,0.9999999999999999
320.1,0.9999999999999999
320.15000000000003,0.9999999999999999
320.20000000000005,0.9999999999999999
320.25,0.9999999999999999
320.3,0.9999999999999999
320.35,0.9999999999999999
320.40000000000003,0.9999999999999999
320.45000000000005,0.9999999999999999
320.5,0.9999999999999999
320.55,0.9999999999999999
320.6,0.9999999999999999
320.65000000000003,0.9999999999999999
320.70000000000005,0.9999999999999999
320.75,0.9999999999999999
320.8,0.9999999999999999
320.85,0.9999999999999999
320.90000000000003,0.9999999999999999
320.95000000000005,0.9999999999999999
321.0,0.9999999999999999
321.05,0.9999999999999999
321.1,0.9999999999999999
321.15000000000003,0.9999999999999999
321.20000000000005,0.9999999999999999
321.25,0.9999999999999999
321.3,0.9999999999999999
321.35,0.9999999999999999
321.40000000000003,0.9999999999999999
321.45000000000005,0.9999999999999999
321.5,0.9999999999999999
321.55,0.9999999999999999
321.6,0.9999999999999999
321.65000000000003,0.9999999999999999
321.70000000000005,0.9999999999999999
321.75,0.9999999999999999
321.8,0.9999999999999999
321.85,0.9999999999999999
321.90000000000003,0.9999999999999999
321.95000000000005,0.9999999999999999
322.0,0.9999999999999999
322.05,0.9999999999999999
322.1,0.9999999999999999
322.15000000000003,0.9999999999999999
322.20000000000005,0.9999999999999999
322.25,0.9999999999999999
322.3,0.9999999999999999
322.35,0.9999999999999999
322.40000000000003,0.9999999999999999
322.45000000000005,0.9999999999999999
322.5,0.9999999999999999
322.55,0.9999999999999999
322.6,0.9999999999999999
322.65000000000003,0.9999999999999999
322.70000000000005,0.9999999999999999
322.75,0.9999999999999999
322.8,0.9999999999999999
322.85,0.9999999999999999
322.90000000000003,0.9999999999999999
322.95000000000005,0.9999999999999999
323.0,0.9999999999999999
323.05,0.9999999999999999
323.1,0.9999999999999999
323.15000000000003,0.9999999999999999
323.20000000000005,0.9999999999999999
323.25,0.9999999999999999
323.3,0.9999999999999999
323.35,0.9999999999999999
323.40000000000003,0.9999999999999999
323.45000000000005,0.9999999999999999
323.5,0.9999999999999999
323.55,0.9999999999999999
323.6,0.9999999999999999
323.65000000000003,0.9999999999999999
323.70000000000005,0.9999999999999999
323.75,0.9999999999999999
323.8,0.9999999999999999
323.85,0.9999999999999999
323.90000000000003,0.9999999999999999
323.95000000000005,0.9999999999999999
324.0,0.9999999999999999
324.05,0.9999999999999999
324.1,0.9999999999999999
324.15000000000003,0.9999999999999999
324.20000000000005,0.9999999999999999
324.25,0.9999999999999999
324.3,0.9999999999999999
324.35,0.9999999999999999
324.40000000000003,0.9999999999999999
324.45000000000005,0.9999999999999999
324.5,0.9999999999999999
324.55,0.9999999999999999
324.6,0.9999999999999999
324.65000000000003,0.9999999999999999
324.70000000000005,0.9999999999999999
324.75,0.9999999999999999
324.8,0.9999999999999999
324.85,0.9999999999999999
324.90000000000003,0.9999999999999999
324.95000000000005,0.9999999999999999
325.0,0.9999999999999999
325.05,0.9999999999999999
325.1,0.9999999999999999
325.15000000000003,0.9999999999999999
325.20000000000005,0.9999999999999999
325.25,0.9999999999999999
325.3,0.9999999999999999
325.35,0.9999999999999999
325.40000000000003,0.9999999999999999
325.45000000000005,0.9999999999999999
325.5,0.9999999999999999
325.55,0.9999999999999999
325.6,0.9999999999999999
325.65000000000003,0.9999999999999999
325.70000000000005,0.9999999999999999
325.75,0.9999999999999999
325.8,0.9999999999999999
325.85,0.9999999999999999
325.90000000000003,0.9999999999999999
325.95000000000005,0.9999999999999999
326.0,0.9999999999999999
326.05,0.9999999999999999
326.1,0.9999999999999999
326.15000000000003,0.9999999999999999
326.20000000000005,0.9999999999999999
326.25,0.9999999999999999
326.3,0.9999999999999999
326.35,0.9999999999999999
326.40000000000003,0.9999999999999999
326.45000000000005,0.9999999999999999
326.5,0.9999999999999999
326.55,0.9999999999999999
326.6,0.9999999999999999
326.65000000000003,0.9999999999999999
326.70000000000005,0.9999999999999999
326.75,0.9999999999999999
326.8,0.9999999999999999
326.85,0.9999999999999999
326.90000000000003,0.9999999999999999
326.95000000000005,0.9999999999999999
327.0,0.9999999999999999
327.05,0.9999999999999999
327.1,0.9999999999999999
327.15000000000003,0.9999999999999999
327.20000000000005,0.9999999999999999
327.25,0.9999999999999999
327.3,0.9999999999999999
327.35,0.9999999999999999
327.40000000000003,0.9999999999999999
327.45000000000005,0.9999999999999999
327.5,0.9999999999999999
327.55,0.9999999999999999
327.6,0.9999999999999999
327.65000000000003,0.9999999999999999
327.70000000000005,0.9999999999999999
327.75,0.9999999999999999
327.8,0.9999999999999999
327.85,0.9999999999999999
327.90000000000003,0.9999999999999999
327.95000000000005,0.9999999999999999
328.0,0.9999999999999999
328.05,0.9999999999999999
328.1,0.9999999999999999
328.15000000000003,0.9999999999999999
328.20000000000005,0.9999999999999999
328.25,0.9999999999999999
328.3,0.9999999999999999
328.35,0.9999999999999999
328.40000000000003,0.9999999999999999
328.45000000000005,0.9999999999999999
328.5,0.9999999999999999
328.55,0.9999999999999999
328.6,0.9999999999999999
328.65000000000003,0.9999999999999999
328.70000000000005,0.9999999999999999
328.75,0.9999999999999999
328.8,0.9999999999999999
328.85,0.9999999999999999
328.90000000000003,0.9999999999999999
328.95000000000005,0.9999999999999999
329.0,0.9999999999999999
329.05,0.9999999999999999
329.1,0.9999999999999999
329.15000000000003,0.9999999999999999
329.20000000000005,0.9999999999999999
329.25,0.9999999999999999
329.3,0.9999999999999999
329.35,0.9999999999999999
329.40000000000003,0.9999999999999999
329.45000000000005,0.9999999999999999
329.5,0.9999999999999999
329.55,0.9999999999999999
329.6,0.9999999999999999
329.65000000000003,0.9999999999999999
329.70000000000005,0.9999999999999999
329.75,0.9999999999999999
329.8,0.9999999999999999
329.85,0.9999999999999999
329.90000000000003,0.9999999999999999
329.95000000000005,0.9999999999999999
330.0,0.9999999999999999
330.05,0.9999999999999999
330.1,0.9999999999999999
330.15000000000003,0.9999999999999999
330.20000000000005,0.9999999999999999
330.25,0.9999999999999999
330.3,0.9999999999999999
330.35,0.9999999999999999
330.40000000000003,0.9999999999999999
330.45000000000005,0.9999999999999999
330.5,0.9999999999999999
330.55,0.9999999999999999
330.6,0.9999999999999999
330.65000000000003,0.9999999999999999
330.70000000000005,0.9999999999999999
330.75,0.9999999999999999
330.8,0.9999999999999999
330.85,0.9999999999999999
330.90000000000003,0.9999999999999999
330.95000000000005,0.9999999999999999
331.0,0.9999999999999999
331.05,0.9999999999999999
331.1,0.9999999999999999
331.15000000000003,0.9999999999999999
331.20000000000005,0.9999999999999999
331.25,0.9999999999999999
331.3,0.9999999999999999
331.35,0.9999999999999999
331.40000000000003,0.9999999999999999
331.45000000000005,0.9999999999999999
331.5,0.9999999999999999
331.55,0.9999999999999999
331.6,0.9999999999999999
331.65000000000003,0.9999999999999999
331.70000000000005,0.9999999999999999
331.75,0.9999999999999999
331.8,0.9999999999999999
331.85,0.9999999999999999
331.90000000000003,0.9999999999999999
331.95000000000005,0.9999999999999999
332.0,0.9999999999999999
332.05,0.9999999999999999
332.1,0.9999999999999999
332.15000000000003,0.9999999999999999
332.20000000000005,0.9999999999999999
332.25,0.9999999999999999
332.3,0.9999999999999999
332.35,0.9999999999999999
332.40000000000003,0.9999999999999999
332.45000000000005,0.9999999999999999
332.5,0.9999999999999999
332.55,0.9999999999999999
332.6,0.9999999999999999
332.65000000000003,0.9999999999999999
332.70000000000005,0.9999999999999999
332.75,0.9999999999999999
332.8,0.9999999999999999
332.85,0.9999999999999999
332.90000000000003,0.9999999999999999
332.95000000000005,0.9999999999999999
333.0,0.9999999999999999
333.05,0.9999999999999999
333.1,0.9999999999999999
333.15000000000003,0.9999999999999999
333.20000000000005,0.9999999999999999
333.25,0.9999999999999999
333.3,0.9999999999999999
333.35,0.9999999999999999
333.40000000000003,0.9999999999999999
333.45000000000005,0.9999999999999999
333.5,0.9999999999999999
333.55,0.9999999999999999
333.6,0.9999999999999999
333.65000000000003,0.9999999999999999
333.70000000000005,0.9999999999999999
333.75,0.9999999999999999
333.8,0.9999999999999999
333.85,0.9999999999999999
333.90000000000003,0.9999999999999999
333.95000000000005,0.9999999999999999
334.0,0.9999999999999999
334.05,0.9999999999999999
334.1,0.9999999999999999
334.15000000000003,0.9999999999999999
334.20000000000005,0.9999999999999999
334.25,0.9999999999999999
334.3,0.9999999999999999
334.35,0.9999999999999999
334.40000000000003,0.9999999999999999
334.45000000000005,0.9999999999999999
334.5,0.9999999999999999
334.55,0.9999999999999999
334.6,0.9999999999999999
334.65000000000003,0.9999999999999999
334.70000000000005,0.9999999999999999
334.75,0.9999999999999999
334.8,0.9999999999999999
334.85,0.9999999999999999
334.90000000000003,0.9999999999999999
334.95000000000005,0.9999999999999999
335.0,0.9999999999999999
335.05,0.9999999999999999
335.1,0.9999999999999999
335.15000000000003,0.9999999999999999
335.20000000000005,0.9999999999999999
335.25,0.9999999999999999
335.3,0.9999999999999999
335.35,0.9999999999999999
335.40000000000003,0.9999999999999999
335.45000000000005,0.9999999999999999
335.5,0.9999999999999999
335.55,0.9999999999999999
335.6,0.9999999999999999
335.65000000000003,0.9999999999999999
335.70000000000005,0.9999999999999999
335.75,0.9999999999999999
335.8,0.9999999999999999
335.85,0.9999999999999999
335.90000000000003,0.9999999999999999
335.95000000000005,0.9999999999999999
336.0,0.9999999999999999
336.05,0.9999999999999999
336.1,0.9999999999999999
336.15000000000003,0.9999999999999999
336.20000000000005,0.9999999999999999
336.25,0.9999999999999999
336.3,0.9999999999999999
336.35,0.9999999999999999
336.40000000000003,0.9999999999999999
336.45000000000005,0.9999999999999999
336.5,0.9999999999999999
336.55,0.9999999999999999
336.6,0.9999999999999999
336.65000000000003,0.9999999999999999
336.70000000000005,0.9999999999999999
336.75,0.9999999999999999
336.8,0.9999999999999999
336.85,0.9999999999999999
336.90000000000003,0.9999999999999999
336.95000000000005,0.9999999999999999
337.0,0.9999999999999999
337.05,0.9999999999999999
337.1,0.9999999999999999
337.15000000000003,0.9999999999999999
337.20000000000005,0.9999999999999999
337.25,0.9999999999999999
337.3,0.9999999999999999
337.35,0.9999999999999999
337.40000000000003,0.9999999999999999
337.45000000000005,0.9999999999999999
337.5,0.9999999999999999
337.55,0.9999999999999999
337.6,0.9999999999999999
337.65000000000003,0.9999999999999999
337.70000000000005,0.9999999999999999
337.75,0.9999999999999999
337.8,0.9999999999999999
337.85,0.9999999999999999
337.90000000000003,0.9999999999999999
337.95000000000005,0.9999999999999999
338.0,0.9999999999999999
338.05,0.9999999999999999
338.1,0.9999999999999999
338.15000000000003,0.9999999999999999
338.20000000000005,0.9999999999999999
338.25,0.9999999999999999
338.3,0.9999999999999999
338.35,0.9999999999999999
338.40000000000003,0.9999999999999999
338.45000000000005,0.9999999999999999
338.5,0.9999999999999999
338.55,0.9999999999999999
338.6,0.9999999999999999
338.65000000000003,0.9999999999999999
338.70000000000005,0.9999999999999999
338.75,0.9999999999999999
338.8,0.9999999999999999
338.85,0.9999999999999999
338.90000000000003,0.9999999999999999
338.95000000000005,0.9999999999999999
339.0,0.9999999999999999
339.05,0.9999999999999999
339.1,0.9999999999999999
339.15000000000003,0.9999999999999999
339.20000000000005,0.9999999999999999
339.25,0.9999999999999999
339.3,0.9999999999999999
339.35,0.9999999999999999
339.40000000000003,0.9999999999999999
339.45000000000005,0.9999999999999999
339.5,0.9999999999999999
339.55,0.9999999999999999
339.6,0.9999999999999999
339.65000000000003,0.9999999999999999
339.70000000000005,0.9999999999999999
339.75,0.9999999999999999
339.8,0.9999999999999999
339.85,0.9999999999999999
339.90000000000003,0.9999999999999999
339.95000000000005,0.9999999999999999
340.0,0.9999999999999999
340.05,0.9999999999999999
340.1,0.9999999999999999
340.15000000000003,0.9999999999999999
340.20000000000005,0.9999999999999999
340.25,0.9999999999999999
340.3,0.9999999999999999
340.35,0.9999999999999999
340.40000000000003,0.9999999999999999
340.45000000000005,0.9999999999999999
340.5,0.9999999999999999
340.55,0.9999999999999999
340.6,0.9999999999999999
340.65000000000003,0.9999999999999999
340.70000000000005,0.9999999999999999
340.75,0.9999999999999999
340.8,0.9999999999999999
340.85,0.9999999999999999
340.90000000000003,0.9999999999999999
340.95000000000005,0.9999999999999999
341.0,0.9999999999999999
341.05,0.9999999999999999
341.1,0.9999999999999999
341.15000000000003,0.9999999999999999
341.20000000000005,0.9999999999999999
341.25,0.9999999999999999
341.3,0.9999999999999999
341.35,0.9999999999999999
341.40000000000003,0.9999999999999999
341.45000000000005,0.9999999999999999
341.5,0.9999999999999999
341.55,0.9999999999999999
341.6,0.9999999999999999
341.65000000000003,0.9999999999999999
341.70000000000005,0.9999999999999999
341.75,0.9999999999999999
341.8,0.9999999999999999
341.85,0.9999999999999999
341.90000000000003,0.9999999999999999
341.95000000000005,0.9999999999999999
342.0,0.9999999999999999
342.05,0.9999999999999999
342.1,0.9999999999999999
342.15000000000003,0.9999999999999999
342.20000000000005,0.9999999999999999
342.25,0.9999999999999999
342.3,0.9999999999999999
342.35,0.9999999999999999
342.40000000000003,0.9999999999999999
342.45000000000005,0.9999999999999999
342.5,0.9999999999999999
342.55,0.9999999999999999
342.6,0.9999999999999999
342.65000000000003,0.9999999999999999
342.70000000000005,0.9999999999999999
342.75,0.9999999999999999
342.8,0.9999999999999999
342.85,0.9999999999999999
342.90000000000003,0.9999999999999999
342.95000000000005,0.9999999999999999
343.0,0.9999999999999999
343.05,0.9999999999999999
343.1,0.9999999999999999
343.15000000000003,0.9999999999999999
343.20000000000005,0.9999999999999999
343.25,0.9999999999999999
343.3,0.9999999999999999
343.35,0.9999999999999999
343.40000000000003,0.9999999999999999
343.45000000000005,0.9999999999999999
343.5,0.9999999999999999
343.55,0.9999999999999999
343.6,0.9999999999999999
343.65000000000003,0.9999999999999999
343.70000000000005,0.9999999999999999
343.75,0.9999999999999999
343.8,0.9999999999999999
343.85,0.9999999999999999
343.90000000000003,0.9999999999999999
343.95000000000005,0.9999999999999999
344.0,0.9999999999999999
344.05,0.9999999999999999
344.1,0.9999999999999999
344.15000000000003,0.9999999999999999
344.20000000000005,0.9999999999999999
344.25,0.9999999999999999
344.3,0.9999999999999999
344.35,0.9999999999999999
344.40000000000003,0.9999999999999999
344.45000000000005,0.9999999999999999
344.5,0.9999999999999999
344.55,0.9999999999999999
344.6,0.9999999999999999
344.65000000000003,0.9999999999999999
344.70000000000005,0.9999999999999999
344.75,0.9999999999999999
344.8,0.9999999999999999
344.85,0.9999999999999999
344.90000000000003,0.9999999999999999
344.95000000000005,0.9999999999999999
345.0,0.9999999999999999
345.05,0.9999999999999999
345.1,0.9999999999999999
345.15000000000003,0.9999999999999999
345.20000000000005,0.9999999999999999
345.25,0.9999999999999999
345.3,0.9999999999999999
345.35,0.9999999999999999
345.40000000000003,0.9999999999999999
345.45000000000005,0.9999999999999999
345.5,0.9999999999999999
345.55,0.9999999999999999
345.6,0.9999999999999999
345.65000000000003,0.9999999999999999
345.70000000000005,0.9999999999999999
345.75,0.9999999999999999
345.8,0.9999999999999999
345.85,0.9999999999999999
345.90000000000003,0.9999999999999999
345.95000000000005,0.9999999999999999
346.0,0.9999999999999999
346.05,0.9999999999999999
346.1,0.9999999999999999
346.15000000000003,0.9999999999999999
346.20000000000005,0.9999999999999999
346.25,0.9999999999999999
346.3,0.9999999999999999
346.35,0.9999999999999999
346.40000000000003,0.9999999999999999
346.45000000000005,0.9999999999999999
346.5,0.9999999999999999
346.55,0.9999999999999999
346.6,0.9999999999999999
346.65000000000003,0.9999999999999999
346.70000000000005,0.9999999999999999
346.75,0.9999999999999999
346.8,0.9999999999999999
346.85,0.9999999999999999
346.90000000000003,0.9999999999999999
346.95000000000005,0.9999999999999999
347.0,0.9999999999999999
347.05,0.9999999999999999
347.1,0.9999999999999999
347.15000000000003,0.9999999999999999
347.20000000000005,0.9999999999999999
347.25,0.9999999999999999
347.3,0.9999999999999999
347.35,0.9999999999999999
347.40000000000003,0.9999999999999999
347.45000000000005,0.9999999999999999
347.5,0.9999999999999999
347.55,0.9999999999999999
347.6,0.9999999999999999
347.65000000000003,0.9999999999999999
347.70000000000005,0.9999999999999999
347.75,0.9999999999999999
347.8,0.9999999999999999
347.85,0.9999999999999999
347.90000000000003,0.9999999999999999
347.95000000000005,0.9999999999999999
348.0,0.9999999999999999
348.05,0.9999999999999999
348.1,0.9999999999999999
348.15000000000003,0.9999999999999999
348.20000000000005,0.9999999999999999
348.25,0.9999999999999999
348.3,0.9999999999999999
348.35,0.9999999999999999
348.40000000000003,0.9999999999999999
348.45000000000005,0.9999999999999999
348.5,0.9999999999999999
348.55,0.9999999999999999
348.6,0.9999999999999999
348.65000000000003,0.9999999999999999
348.70000000000005,0.9999999999999999
348.75,0.9999999999999999
348.8,0.9999999999999999
348.85,0.9999999999999999
348.90000000000003,0.9999999999999999
348.95000000000005,0.9999999999999999
349.0,0.9999999999999999
349.05,0.9999999999999999
349.1,0.9999999999999999
349.15000000000003,0.9999999999999999
349.20000000000005,0.9999999999999999
349.25,0.9999999999999999
349.3,0.9999999999999999
349.35,0.9999999999999999
349.40000000000003,0.9999999999999999
349.45000000000005,0.9999999999999999
349.5,0.9999999999999999
349.55,0.9999999999999999
349.6,0.9999999999999999
349.65000000000003,0.9999999999999999
349.70000000000005,0.9999999999999999
349.75,0.9999999999999999
349.8,0.9999999999999999
349.85,0.9999999999999999
349.90000000000003,0.9999999999999999
349.95000000000005,0.9999999999999999
350.0,0.9999999999999999
350.05,0.9999999999999999
350.1,0.9999999999999999
350.15000000000003,0.9999999999999999
350.20000000000005,0.9999999999999999
350.25,0.9999999999999999
350.3,0.9999999999999999
350.35,0.9999999999999999
350.40000000000003,0.9999999999999999
350.45000000000005,0.9999999999999999
350.5,0.9999999999999999
350.55,0.9999999999999999
350.6,0.9999999999999999
350.65000000000003,0.9999999999999999
350.70000000000005,0.9999999999999999
350.75,0.9999999999999999
350.8,0.9999999999999999
350.85,0.9999999999999999
350.90000000000003,0.9999999999999999
350.95000000000005,0.9999999999999999
351.0,0.9999999999999999
351.05,0.9999999999999999
351.1,0.9999999999999999
351.15000000000003,0.9999999999999999
351.20000000000005,0.9999999999999999
351.25,0.9999999999999999
351.3,0.9999999999999999
351.35,0.9999999999999999
351.40000000000003,0.9999999999999999
351.45000000000005,0.9999999999999999
351.5,0.9999999999999999
351.55,0.9999999999999999
351.6,0.9999999999999999
351.65000000000003,0.9999999999999999
351.70000000000005,0.9999999999999999
351.75,0.9999999999999999
351.8,0.9999999999999999
351.85,0.9999999999999999
351.90000000000003,0.9999999999999999
351.95000000000005,0.9999999999999999
352.0,0.9999999999999999
352.05,0.9999999999999999
352.1,0.9999999999999999
352.15000000000003,0.9999999999999999
352.20000000000005,0.9999999999999999
352.25,0.9999999999999999
352.3,0.9999999999999999
352.35,0.9999999999999999
352.40000000000003,0.9999999999999999
352.45000000000005,0.9999999999999999
352.5,0.9999999999999999
352.55,0.9999999999999999
352.6,0.9999999999999999
352.65000000000003,0.9999999999999999
352.70000000000005,0.9999999999999999
352.75,0.9999999999999999
352.8,0.9999999999999999
352.85,0.9999999999999999
352.90000000000003,0.9999999999999999
352.95000000000005,0.9999999999999999
353.0,0.9999999999999999
353.05,0.9999999999999999
353.1,0.9999999999999999
353.15000000000003,0.9999999999999999
353.20000000000005,0.9999999999999999
353.25,0.9999999999999999
353.3,0.9999999999999999
353.35,0.9999999999999999
353.40000000000003,0.9999999999999999
353.45000000000005,0.9999999999999999
353.5,0.9999999999999999
353.55,0.9999999999999999
353.6,0.9999999999999999
353.65000000000003,0.9999999999999999
353.70000000000005,0.9999999999999999
353.75,0.9999999999999999
353.8,0.9999999999999999
353.85,0.9999999999999999
353.90000000000003,0.9999999999999999
353.95000000000005,0.9999999999999999
354.0,0.9999999999999999
354.05,0.9999999999999999
354.1,0.9999999999999999
354.15000000000003,0.9999999999999999
354.20000000000005,0.9999999999999999
354.25,0.9999999999999999
354.3,0.9999999999999999
354.35,0.9999999999999999
354.40000000000003,0.9999999999999999
354.45000000000005,0.9999999999999999
354.5,0.9999999999999999
354.55,0.9999999999999999
354.6,0.9999999999999999
354.65000000000003,0.9999999999999999
354.70000000000005,0.9999999999999999
354.75,0.9999999999999999
354.8,0.9999999999999999
354.85,0.9999999999999999
354.90000000000003,0.9999999999999999
354.95000000000005,0.9999999999999999
355.0,0.9999999999999999
355.05,0.9999999999999999
355.1,0.9999999999999999
355.15000000000003,0.9999999999999999
355.20000000000005,0.9999999999999999
355.25,0.9999999999999999
355.3,0.9999999999999999
355.35,0.9999999999999999
355.40000000000003,0.9999999999999999
355.45000000000005,0.9999999999999999
355.5,0.9999999999999999
355.55,0.9999999999999999
355.6,0.9999999999999999
355.65000000000003,0.9999999999999999
355.70000000000005,0.9999999999999999
355.75,0.9999999999999999
355.8,0.9999999999999999
355.85,0.9999999999999999
355.90000000000003,0.9999999999999999
355.95000000000005,0.9999999999999999
356.0,0.9999999999999999
356.05,0.9999999999999999
356.1,0.9999999999999999
356.15000000000003,0.9999999999999999
356.20000000000005,0.9999999999999999
356.25,0.9999999999999999
356.3,0.9999999999999999
356.35,0.9999999999999999
356.40000000000003,0.9999999999999999
356.45000000000005,0.9999999999999999
356.5,0.9999999999999999
356.55,0.9999999999999999
356.6,0.9999999999999999
356.65000000000003,0.9999999999999999
356.70000000000005,0.9999999999999999
356.75,0.9999999999999999
356.8,0.9999999999999999
356.85,0.9999999999999999
356.90000000000003,0.9999999999999999
356.95000000000005,0.9999999999999999
357.0,0.9999999999999999
357.05,0.9999999999999999
357.1,0.9999999999999999
357.15000000000003,0.9999999999999999
357.20000000000005,0.9999999999999999
357.25,0.9999999999999999
357.3,0.9999999999999999
357.35,0.9999999999999999
357.40000000000003,0.9999999999999999
357.45000000000005,0.9999999999999999
357.5,0.9999999999999999
357.55,0.9999999999999999
357.6,0.9999999999999999
357.65000000000003,0.9999999999999999
357.70000000000005,0.9999999999999999
357.75,0.9999999999999999
357.8,0.9999999999999999
357.85,0.9999999999999999
357.90000000000003,0.9999999999999999
357.95000000000005,0.9999999999999999
358.0,0.9999999999999999
358.05,0.9999999999999999
358.1,0.9999999999999999
358.15000000000003,0.9999999999999999
358.20000000000005,0.9999999999999999
358.25,0.9999999999999999
358.3,0.9999999999999999
358.35,0.9999999999999999
358.40000000000003,0.9999999999999999
358.45000000000005,0.9999999999999999
358.5,0.9999999999999999
358.55,0.9999999999999999
358.6,0.9999999999999999
358.65000000000003,0.9999999999999999
358.70000000000005,0.9999999999999999
358.75,0.9999999999999999
358.8,0.9999999999999999
358.85,0.9999999999999999
358.90000000000003,0.9999999999999999
358.95000000000005,0.9999999999999999
359.0,0.9999999999999999
359.05,0.9999999999999999
359.1,0.9999999999999999
359.15000000000003,0.9999999999999999
359.20000000000005,0.9999999999999999
359.25,0.9999999999999999
359.3,0.9999999999999999
359.35,0.9999999999999999
359.40000000000003,0.9999999999999999
359.45000000000005,0.9999999999999999
359.5,0.9999999999999999
359.55,0.9999999999999999
359.6,0.9999999999999999
359.65000000000003,0.9999999999999999
359.70000000000005,0.9999999999999999
359.75,0.9999999999999999
359.8,0.9999999999999999
359.85,0.9999999999999999
359.90000000000003,0.9999999999999999
359.95000000000005,0.9999999999999999
360.0,0.9999999999999999
360.05,0.9999999999999999
360.1,0.9999999999999999
360.15000000000003,0.9999999999999999
360.20000000000005,0.9999999999999999
360.25,0.9999999999999999
360.3,0.9999999999999999
360.35,0.9999999999999999
360.40000000000003,0.9999999999999999
360.45000000000005,0.9999999999999999
360.5,0.9999999999999999
360.55,0.9999999999999999
360.6,0.9999999999999999
360.65000000000003,0.9999999999999999
360.70000000000005,0.9999999999999999
360.75,0.9999999999999999
360.8,0.9999999999999999
360.85,0.9999999999999999
360.90000000000003,0.9999999999999999
360.95000000000005,0.9999999999999999
361.0,0.9999999999999999
361.05,0.9999999999999999
361.1,0.9999999999999999
361.15000000000003,0.9999999999999999
361.20000000000005,0.9999999999999999
361.25,0.9999999999999999
361.3,0.9999999999999999
361.35,0.9999999999999999
361.40000000000003,0.9999999999999999
361.45000000000005,0.9999999999999999
361.5,0.9999999999999999
361.55,0.9999999999999999
361.6,0.9999999999999999
361.65000000000003,0.9999999999999999
361.70000000000005,0.9999999999999999
361.75,0.9999999999999999
361.8,0.9999999999999999
361.85,0.9999999999999999
361.90000000000003,0.9999999999999999
361.95000000000005,0.9999999999999999
362.0,0.9999999999999999
362.05,0.9999999999999999
362.1,0.9999999999999999
362.15000000000003,0.9999999999999999
362.20000000000005,0.9999999999999999
362.25,0.9999999999999999
362.3,0.9999999999999999
362.35,0.9999999999999999
362.40000000000003,0.9999999999999999
362.45000000000005,0.9999999999999999
362.5,0.9999999999999999
362.55,0.9999999999999999
362.6,0.9999999999999999
362.65000000000003,0.9999999999999999
362.70000000000005,0.9999999999999999
362.75,0.9999999999999999
362.8,0.9999999999999999
362.85,0.9999999999999999
362.90000000000003,0.9999999999999999
362.95000000000005,0.9999999999999999
363.0,0.9999999999999999
363.05,0.9999999999999999
363.1,0.9999999999999999
363.15000000000003,0.9999999999999999
363.20000000000005,0.9999999999999999
363.25,0.9999999999999999
363.3,0.9999999999999999
363.35,0.9999999999999999
363.40000000000003,0.9999999999999999
363.45000000000005,0.9999999999999999
363.5,0.9999999999999999
363.55,0.9999999999999999
363.6,0.9999999999999999
363.65000000000003,0.9999999999999999
363.70000000000005,0.9999999999999999
363.75,0.9999999999999999
363.8,0.9999999999999999
363.85,0.9999999999999999
363.90000000000003,0.9999999999999999
363.95000000000005,0.9999999999999999
364.0,0.9999999999999999
364.05,0.9999999999999999
364.1,0.9999999999999999
364.15000000000003,0.9999999999999999
364.20000000000005,0.9999999999999999
364.25,0.9999999999999999
364.3,0.9999999999999999
364.35,0.9999999999999999
364.40000000000003,0.9999999999999999
364.45000000000005,0.9999999999999999
364.5,0.9999999999999999
364.55,0.9999999999999999
364.6,0.9999999999999999
364.65000000000003,0.9999999999999999
364.70000000000005,0.9999999999999999
364.75,0.9999999999999999
364.8,0.9999999999999999
364.85,0.9999999999999999
364.90000000000003,0.9999999999999999
364.95000000000005,0.9999999999999999
365.0,0.9999999999999999
365.05,0.9999999999999999
365.1,0.9999999999999999
365.15000000000003,0.9999999999999999
365.20000000000005,0.9999999999999999
365.25,0.9999999999999999
365.3,0.9999999999999999
365.35,0.9999999999999999
365.40000000000003,0.9999999999999999
365.45000000000005,0.9999999999999999
365.5,0.9999999999999999
365.55,0.9999999999999999
365.6,0.9999999999999999
365.65000000000003,0.9999999999999999
365.70000000000005,0.9999999999999999
365.75,0.9999999999999999
365.8,0.9999999999999999
365.85,0.9999999999999999
365.90000000000003,0.9999999999999999
365.95000000000005,0.9999999999999999
366.0,0.9999999999999999
366.05,0.9999999999999999
366.1,0.9999999999999999
366.15000000000003,0.9999999999999999
366.20000000000005,0.9999999999999999
366.25,0.9999999999999999
366.3,0.9999999999999999
366.35,0.9999999999999999
366.40000000000003,0.9999999999999999
366.45000000000005,0.9999999999999999
366.5,0.9999999999999999
366.55,0.9999999999999999
366.6,0.9999999999999999
366.65000000000003,0.9999999999999999
366.70000000000005,0.9999999999999999
366.75,0.9999999999999999
366.8,0.9999999999999999
366.85,0.9999999999999999
366.90000000000003,0.9999999999999999
366.95000000000005,0.9999999999999999
367.0,0.9999999999999999
367.05,0.9999999999999999
367.1,0.9999999999999999
367.15000000000003,0.9999999999999999
367.20000000000005,0.9999999999999999
367.25,0.9999999999999999
367.3,0.9999999999999999
367.35,0.9999999999999999
367.40000000000003,0.9999999999999999
367.45000000000005,0.9999999999999999
367.5,0.9999999999999999
367.55,0.9999999999999999
367.6,0.9999999999999999
367.65000000000003,0.9999999999999999
367.70000000000005,0.9999999999999999
367.75,0.9999999999999999
367.8,0.9999999999999999
367.85,0.9999999999999999
367.90000000000003,0.9999999999999999
367.95000000000005,0.9999999999999999
368.0,0.9999999999999999
368.05,0.9999999999999999
368.1,0.9999999999999999
368.15000000000003,0.9999999999999999
368.20000000000005,0.9999999999999999
368.25,0.9999999999999999
368.3,0.9999999999999999
368.35,0.9999999999999999
368.40000000000003,0.9999999999999999
368.45000000000005,0.9999999999999999
368.5,0.9999999999999999
368.55,0.9999999999999999
368.6,0.9999999999999999
368.65000000000003,0.9999999999999999
368.70000000000005,0.9999999999999999
368.75,0.9999999999999999
368.8,0.9999999999999999
368.85,0.9999999999999999
368.90000000000003,0.9999999999999999
368.95000000000005,0.9999999999999999
369.0,0.9999999999999999
369.05,0.9999999999999999
369.1,0.9999999999999999
369.15000000000003,0.9999999999999999
369.20000000000005,0.9999999999999999
369.25,0.9999999999999999
369.3,0.9999999999999999
369.35,0.9999999999999999
369.40000000000003,0.9999999999999999
369.45000000000005,0.9999999999999999
369.5,0.9999999999999999
369.55,0.9999999999999999
369.6,0.9999999999999999
369.65000000000003,0.9999999999999999
369.70000000000005,0.9999999999999999
369.75,0.9999999999999999
369.8,0.9999999999999999
369.85,0.9999999999999999
369.90000000000003,0.9999999999999999
369.95000000000005,0.9999999999999999
370.0,0.9999999999999999
370.05,0.9999999999999999
370.1,0.9999999999999999
370.15000000000003,0.9999999999999999
370.20000000000005,0.9999999999999999
370.25,0.9999999999999999
370.3,0.9999999999999999
370.35,0.9999999999999999
370.40000000000003,0.9999999999999999
370.45000000000005,0.9999999999999999
370.5,0.9999999999999999
370.55,0.9999999999999999
370.6,0.9999999999999999
370.65000000000003,0.9999999999999999
370.70000000000005,0.9999999999999999
370.75,0.9999999999999999
370.8,0.9999999999999999
370.85,0.9999999999999999
370.90000000000003,0.9999999999999999
370.95000000000005,0.9999999999999999
371.0,0.9999999999999999
371.05,0.9999999999999999
371.1,0.9999999999999999
371.15000000000003,0.9999999999999999
371.20000000000005,0.9999999999999999
371.25,0.9999999999999999
371.3,0.9999999999999999
371.35,0.9999999999999999
371.40000000000003,0.9999999999999999
371.45000000000005,0.9999999999999999
371.5,0.9999999999999999
371.55,0.9999999999999999
371.6,0.9999999999999999
371.65000000000003,0.9999999999999999
371.70000000000005,0.9999999999999999
371.75,0.9999999999999999
371.8,0.9999999999999999
371.85,0.9999999999999999
371.90000000000003,0.9999999999999999
371.95000000000005,0.9999999999999999
372.0,0.9999999999999999
372.05,0.9999999999999999
372.1,0.9999999999999999
372.15000000000003,0.9999999999999999
372.20000000000005,0.9999999999999999
372.25,0.9999999999999999
372.3,0.9999999999999999
372.35,0.9999999999999999
372.40000000000003,0.9999999999999999
372.45000000000005,0.9999999999999999
372.5,0.9999999999999999
372.55,0.9999999999999999
372.6,0.9999999999999999
372.65000000000003,0.9999999999999999
372.70000000000005,0.9999999999999999
372.75,0.9999999999999999
372.8,0.9999999999999999
372.85,0.9999999999999999
372.90000000000003,0.9999999999999999
372.95000000000005,0.9999999999999999
373.0,0.9999999999999999
373.05,0.9999999999999999
373.1,0.9999999999999999
373.15000000000003,0.9999999999999999
373.20000000000005,0.9999999999999999
373.25,0.9999999999999999
373.3,0.9999999999999999
373.35,0.9999999999999999
373.40000000000003,0.9999999999999999
373.45000000000005,0.9999999999999999
373.5,0.9999999999999999
373.55,0.9999999999999999
373.6,0.9999999999999999
373.65000000000003,0.9999999999999999
373.70000000000005,0.9999999999999999
373.75,0.9999999999999999
373.8,0.9999999999999999
373.85,0.9999999999999999
373.90000000000003,0.9999999999999999
373.95000000000005,0.9999999999999999
374.0,0.9999999999999999
374.05,0.9999999999999999
374.1,0.9999999999999999
374.15000000000003,0.9999999999999999
374.20000000000005,0.9999999999999999
374.25,0.9999999999999999
374.3,0.9999999999999999
374.35,0.9999999999999999
374.40000000000003,0.9999999999999999
374.45000000000005,0.9999999999999999
374.5,0.9999999999999999
374.55,0.9999999999999999
374.6,0.9999999999999999
374.65000000000003,0.9999999999999999
374.70000000000005,0.9999999999999999
374.75,0.9999999999999999
374.8,0.9999999999999999
374.85,0.9999999999999999
374.90000000000003,0.9999999999999999
374.95000000000005,0.9999999999999999
375.0,0.9999999999999999
375.05,0.9999999999999999
375.1,0.9999999999999999
375.15000000000003,0.9999999999999999
375.20000000000005,0.9999999999999999
375.25,0.9999999999999999
375.3,0.9999999999999999
375.35,0.9999999999999999
375.40000000000003,0.9999999999999999
375.45000000000005,0.9999999999999999
375.5,0.9999999999999999
375.55,0.9999999999999999
375.6,0.9999999999999999
375.65000000000003,0.9999999999999999
375.70000000000005,0.9999999999999999
375.75,0.9999999999999999
375.8,0.9999999999999999
375.85,0.9999999999999999
375.90000000000003,0.9999999999999999
375.95000000000005,0.9999999999999999
376.0,0.9999999999999999
376.05,0.9999999999999999
376.1,0.9999999999999999
376.15000000000003,0.9999999999999999
376.20000000000005,0.9999999999999999
376.25,0.9999999999999999
376.3,0.9999999999999999
376.35,0.9999999999999999
376.40000000000003,0.9999999999999999
376.45000000000005,0.9999999999999999
376.5,0.9999999999999999
376.55,0.9999999999999999
376.6,0.9999999999999999
376.65000000000003,0.9999999999999999
376.70000000000005,0.9999999999999999
376.75,0.9999999999999999
376.8,0.9999999999999999
376.85,0.9999999999999999
376.90000000000003,0.9999999999999999
376.95000000000005,0.9999999999999999
377.0,0.9999999999999999
377.05,0.9999999999999999
377.1,0.9999999999999999
377.15000000000003,0.9999999999999999
377.20000000000005,0.9999999999999999
377.25,0.9999999999999999
377.3,0.9999999999999999
377.35,0.9999999999999999
377.40000000000003,0.9999999999999999
377.45000000000005,0.9999999999999999
377.5,0.9999999999999999
377.55,0.9999999999999999
377.6,0.9999999999999999
377.65000000000003,0.9999999999999999
377.70000000000005,0.9999999999999999
377.75,0.9999999999999999
377.8,0.9999999999999999
377.85,0.9999999999999999
377.90000000000003,0.9999999999999999
377.95000000000005,0.9999999999999999
378.0,0.9999999999999999
378.05,0.9999999999999999
378.1,0.9999999999999999
378.15000000000003,0.9999999999999999
378.20000000000005,0.9999999999999999
378.25,0.9999999999999999
378.3,0.9999999999999999
378.35,0.9999999999999999
378.40000000000003,0.9999999999999999
378.45000000000005,0.9999999999999999
378.5,0.9999999999999999
378.55,0.9999999999999999
378.6,0.9999999999999999
378.65000000000003,0.9999999999999999
378.70000000000005,0.9999999999999999
378.75,0.9999999999999999
378.8,0.9999999999999999
378.85,0.9999999999999999
378.90000000000003,0.9999999999999999
378.95000000000005,0.9999999999999999
379.0,0.9999999999999999
379.05,0.9999999999999999
379.1,0.9999999999999999
379.15000000000003,0.9999999999999999
379.20000000000005,0.9999999999999999
379.25,0.9999999999999999
379.3,0.9999999999999999
379.35,0.9999999999999999
379.40000000000003,0.9999999999999999
379.45000000000005,0.9999999999999999
379.5,0.9999999999999999
379.55,0.9999999999999999
379.6,0.9999999999999999
379.65000000000003,0.9999999999999999
379.70000000000005,0.9999999999999999
379.75,0.9999999999999999
379.8,0.9999999999999999
379.85,0.9999999999999999
379.90000000000003,0.9999999999999999
379.95000000000005,0.9999999999999999
380.0,0.9999999999999999
380.05,0.9999999999999999
380.1,0.9999999999999999
380.15000000000003,0.9999999999999999
380.20000000000005,0.9999999999999999
380.25,0.9999999999999999
380.3,0.9999999999999999
380.35,0.9999999999999999
380.40000000000003,0.9999999999999999
380.45000000000005,0.9999999999999999
380.5,0.9999999999999999
380.55,0.9999999999999999
380.6,0.9999999999999999
380.65000000000003,0.9999999999999999
380.70000000000005,0.9999999999999999
380.75,0.9999999999999999
380.8,0.9999999999999999
380.85,0.9999999999999999
380.90000000000003,0.9999999999999999
380.95000000000005,0.9999999999999999
381.0,0.9999999999999999
381.05,0.9999999999999999
381.1,0.9999999999999999
381.15000000000003,0.9999999999999999
381.20000000000005,0.9999999999999999
381.25,0.9999999999999999
381.3,0.9999999999999999
381.35,0.9999999999999999
381.40000000000003,0.9999999999999999
381.45000000000005,0.9999999999999999
381.5,0.9999999999999999
381.55,0.9999999999999999
381.6,0.9999999999999999
381.65000000000003,0.9999999999999999
381.70000000000005,0.9999999999999999
381.75,0.9999999999999999
381.8,0.9999999999999999
381.85,0.9999999999999999
381.90000000000003,0.9999999999999999
381.95000000000005,0.9999999999999999
382.0,0.9999999999999999
382.05,0.9999999999999999
382.1,0.9999999999999999
382.15000000000003,0.9999999999999999
382.20000000000005,0.9999999999999999
382.25,0.9999999999999999
382.3,0.9999999999999999
382.35,0.9999999999999999
382.40000000000003,0.9999999999999999
382.45000000000005,0.9999999999999999
382.5,0.9999999999999999
382.55,0.9999999999999999
382.6,0.9999999999999999
382.65000000000003,0.9999999999999999
382.70000000000005,0.9999999999999999
382.75,0.9999999999999999
382.8,0.9999999999999999
382.85,0.9999999999999999
382.90000000000003,0.9999999999999999
382.95000000000005,0.9999999999999999
383.0,0.9999999999999999
383.05,0.9999999999999999
383.1,0.9999999999999999
383.15000000000003,0.9999999999999999
383.20000000000005,0.9999999999999999
383.25,0.9999999999999999
383.3,0.9999999999999999
383.35,0.9999999999999999
383.40000000000003,0.9999999999999999
383.45000000000005,0.9999999999999999
383.5,0.9999999999999999
383.55,0.9999999999999999
383.6,0.9999999999999999
383.65000000000003,0.9999999999999999
383.70000000000005,0.9999999999999999
383.75,0.9999999999999999
383.8,0.9999999999999999
383.85,0.9999999999999999
383.90000000000003,0.9999999999999999
383.95000000000005,0.9999999999999999
384.0,0.9999999999999999
384.05,0.9999999999999999
384.1,0.9999999999999999
384.15000000000003,0.9999999999999999
384.20000000000005,0.9999999999999999
384.25,0.9999999999999999
384.3,0.9999999999999999
384.35,0.9999999999999999
384.40000000000003,0.9999999999999999
384.45000000000005,0.9999999999999999
384.5,0.9999999999999999
384.55,0.9999999999999999
384.6,0.9999999999999999
384.65000000000003,0.9999999999999999
384.70000000000005,0.9999999999999999
384.75,0.9999999999999999
384.8,0.9999999999999999
384.85,0.9999999999999999
384.90000000000003,0.9999999999999999
384.95000000000005,0.9999999999999999
385.0,0.9999999999999999
385.05,0.9999999999999999
385.1,0.9999999999999999
385.15000000000003,0.9999999999999999
385.20000000000005,0.9999999999999999
385.25,0.9999999999999999
385.3,0.9999999999999999
385.35,0.9999999999999999
385.40000000000003,0.9999999999999999
385.45000000000005,0.9999999999999999
385.5,0.9999999999999999
385.55,0.9999999999999999
385.6,0.9999999999999999
385.65000000000003,0.9999999999999999
385.70000000000005,0.9999999999999999
385.75,0.9999999999999999
385.8,0.9999999999999999
385.85,0.9999999999999999
385.90000000000003,0.9999999999999999
385.95000000000005,0.9999999999999999
386.0,0.9999999999999999
386.05,0.9999999999999999
386.1,0.9999999999999999
386.15000000000003,0.9999999999999999
386.20000000000005,0.9999999999999999
386.25,0.9999999999999999
386.3,0.9999999999999999
386.35,0.9999999999999999
386.40000000000003,0.9999999999999999
386.45000000000005,0.9999999999999999
386.5,0.9999999999999999
386.55,0.9999999999999999
386.6,0.9999999999999999
386.65000000000003,0.9999999999999999
386.70000000000005,0.9999999999999999
386.75,0.9999999999999999
386.8,0.9999999999999999
386.85,0.9999999999999999
386.90000000000003,0.9999999999999999
386.95000000000005,0.9999999999999999
387.0,0.9999999999999999
387.05,0.9999999999999999
387.1,0.9999999999999999
387.15000000000003,0.9999999999999999
387.20000000000005,0.9999999999999999
387.25,0.9999999999999999
387.3,0.9999999999999999
387.35,0.9999999999999999
387.40000000000003,0.9999999999999999
387.45000000000005,0.9999999999999999
387.5,0.9999999999999999
387.55,0.9999999999999999
387.6,0.9999999999999999
387.65000000000003,0.9999999999999999
387.70000000000005,0.9999999999999999
387.75,0.9999999999999999
387.8,0.9999999999999999
387.85,0.9999999999999999
387.90000000000003,0.9999999999999999
387.95000000000005,0.9999999999999999
388.0,0.9999999999999999
388.05,0.9999999999999999
388.1,0.9999999999999999
388.15000000000003,0.9999999999999999
388.20000000000005,0.9999999999999999
388.25,0.9999999999999999
388.3,0.9999999999999999
388.35,0.9999999999999999
388.40000000000003,0.9999999999999999
388.45000000000005,0.9999999999999999
388.5,0.9999999999999999
388.55,0.9999999999999999
388.6,0.9999999999999999
388.65000000000003,0.9999999999999999
388.70000000000005,0.9999999999999999
388.75,0.9999999999999999
388.8,0.9999999999999999
388.85,0.9999999999999999
388.90000000000003,0.9999999999999999
388.95000000000005,0.9999999999999999
389.0,0.9999999999999999
389.05,0.9999999999999999
389.1,0.9999999999999999
389.15000000000003,0.9999999999999999
389.20000000000005,0.9999999999999999
389.25,0.9999999999999999
389.3,0.9999999999999999
389.35,0.9999999999999999
389.40000000000003,0.9999999999999999
389.45000000000005,0.9999999999999999
389.5,0.9999999999999999
389.55,0.9999999999999999
389.6,0.9999999999999999
389.65000000000003,0.9999999999999999
389.70000000000005,0.9999999999999999
389.75,0.9999999999999999
389.8,0.9999999999999999
389.85,0.9999999999999999
389.90000000000003,0.9999999999999999
389.95000000000005,0.9999999999999999
390.0,0.9999999999999999
390.05,0.9999999999999999
390.1,0.9999999999999999
390.15000000000003,0.9999999999999999
390.20000000000005,0.9999999999999999
390.25,0.9999999999999999
390.3,0.9999999999999999
390.35,0.9999999999999999
390.40000000000003,0.9999999999999999
390.45000000000005,0.9999999999999999
390.5,0.9999999999999999
390.55,0.9999999999999999
390.6,0.9999999999999999
390.65000000000003,0.9999999999999999
390.70000000000005,0.9999999999999999
390.75,0.9999999999999999
390.8,0.9999999999999999
390.85,0.9999999999999999
390.90000000000003,0.9999999999999999
390.95000000000005,0.9999999999999999
391.0,0.9999999999999999
391.05,0.9999999999999999
391.1,0.9999999999999999
391.15000000000003,0.9999999999999999
391.20000000000005,0.9999999999999999
391.25,0.9999999999999999
391.3,0.9999999999999999
391.35,0.9999999999999999
391.40000000000003,0.9999999999999999
391.45000000000005,0.9999999999999999
391.5,0.9999999999999999
391.55,0.9999999999999999
391.6,0.9999999999999999
391.65000000000003,0.9999999999999999
391.70000000000005,0.9999999999999999
391.75,0.9999999999999999
391.8,0.9999999999999999
391.85,0.9999999999999999
391.90000000000003,0.9999999999999999
391.95000000000005,0.9999999999999999
392.0,0.9999999999999999
392.05,0.9999999999999999
392.1,0.9999999999999999
392.15000000000003,0.9999999999999999
392.20000000000005,0.9999999999999999
392.25,0.9999999999999999
392.3,0.9999999999999999
392.35,0.9999999999999999
392.40000000000003,0.9999999999999999
392.45000000000005,0.9999999999999999
392.5,0.9999999999999999
392.55,0.9999999999999999
392.6,0.9999999999999999
392.65000000000003,0.9999999999999999
392.70000000000005,0.9999999999999999
392.75,0.9999999999999999
392.8,0.9999999999999999
392.85,0.9999999999999999
392.90000000000003,0.9999999999999999
392.95000000000005,0.9999999999999999
393.0,0.9999999999999999
393.05,0.9999999999999999
393.1,0.9999999999999999
393.15000000000003,0.9999999999999999
393.20000000000005,0.9999999999999999
393.25,0.9999999999999999
393.3,0.9999999999999999
393.35,0.9999999999999999
393.40000000000003,0.9999999999999999
393.45000000000005,0.9999999999999999
393.5,0.9999999999999999
393.55,0.9999999999999999
393.6,0.9999999999999999
393.65000000000003,0.9999999999999999
393.70000000000005,0.9999999999999999
393.75,0.9999999999999999
393.8,0.9999999999999999
393.85,0.9999999999999999
393.90000000000003,0.9999999999999999
393.95000000000005,0.9999999999999999
394.0,0.9999999999999999
394.05,0.9999999999999999
394.1,0.9999999999999999
394.15000000000003,0.9999999999999999
394.20000000000005,0.9999999999999999
394.25,0.9999999999999999
394.3,0.9999999999999999
394.35,0.9999999999999999
394.40000000000003,0.9999999999999999
394.45000000000005,0.9999999999999999
394.5,0.9999999999999999
394.55,0.9999999999999999
394.6,0.9999999999999999
394.65000000000003,0.9999999999999999
394.70000000000005,0.9999999999999999
394.75,0.9999999999999999
394.8,0.9999999999999999
394.85,0.9999999999999999
394.90000000000003,0.9999999999999999
394.95000000000005,0.9999999999999999
395.0,0.9999999999999999
395.05,0.9999999999999999
395.1,0.9999999999999999
395.15000000000003,0.9999999999999999
395.20000000000005,0.9999999999999999
395.25,0.9999999999999999
395.3,0.9999999999999999
395.35,0.9999999999999999
395.40000000000003,0.9999999999999999
395.45000000000005,0.9999999999999999
395.5,0.9999999999999999
395.55,0.9999999999999999
395.6,0.9999999999999999
395.65000000000003,0.9999999999999999
395.70000000000005,0.9999999999999999
395.75,0.9999999999999999
395.8,0.9999999999999999
395.85,0.9999999999999999
395.90000000000003,0.9999999999999999
395.95000000000005,0.9999999999999999
396.0,0.9999999999999999
396.05,0.9999999999999999
396.1,0.9999999999999999
396.15000000000003,0.9999999999999999
396.20000000000005,0.9999999999999999
396.25,0.9999999999999999
396.3,0.9999999999999999
396.35,0.9999999999999999
396.40000000000003,0.9999999999999999
396.45000000000005,0.9999999999999999
396.5,0.9999999999999999
396.55,0.9999999999999999
396.6,0.9999999999999999
396.65000000000003,0.9999999999999999
396.70000000000005,0.9999999999999999
396.75,0.9999999999999999
396.8,0.9999999999999999
396.85,0.9999999999999999
396.90000000000003,0.9999999999999999
396.95000000000005,0.9999999999999999
397.0,0.9999999999999999
397.05,0.9999999999999999
397.1,0.9999999999999999
397.15000000000003,0.9999999999999999
397.20000000000005,0.9999999999999999
397.25,0.9999999999999999
397.3,0.9999999999999999
397.35,0.9999999999999999
397.40000000000003,0.9999999999999999
397.45000000000005,0.9999999999999999
397.5,0.9999999999999999
397.55,0.9999999999999999
397.6,0.9999999999999999
397.65000000000003,0.9999999999999999
397.70000000000005,0.9999999999999999
397.75,0.9999999999999999
397.8,0.9999999999999999
397.85,0.9999999999999999
397.90000000000003,0.9999999999999999
397.95000000000005,0.9999999999999999
398.0,0.9999999999999999
398.05,0.9999999999999999
398.1,0.9999999999999999
398.15000000000003,0.9999999999999999
398.20000000000005,0.9999999999999999
398.25,0.9999999999999999
398.3,0.9999999999999999
398.35,0.9999999999999999
398.40000000000003,0.9999999999999999
398.45000000000005,0.9999999999999999
398.5,0.9999999999999999
398.55,0.9999999999999999
398.6,0.9999999999999999
398.65000000000003,0.9999999999999999
398.70000000000005,0.9999999999999999
398.75,0.9999999999999999
398.8,0.9999999999999999
398.85,0.9999999999999999
398.90000000000003,0.9999999999999999
398.95000000000005,0.9999999999999999
399.0,0.9999999999999999
399.05,0.9999999999999999
399.1,0.9999999999999999
399.15000000000003,0.9999999999999999
399.20000000000005,0.9999999999999999
399.25,0.9999999999999999
399.3,0.9999999999999999
399.35,0.9999999999999999
399.40000000000003,0.9999999999999999
399.45000000000005,0.9999999999999999
399.5,0.9999999999999999
399.55,0.9999999999999999
399.6,0.9999999999999999
399.65000000000003,0.9999999999999999
399.70000000000005,0.9999999999999999
399.75,0.9999999999999999
399.8,0.9999999999999999
399.85,0.9999999999999999
399.90000000000003,0.9999999999999999
399.95000000000005,0.9999999999999999
400.0,0.9999999999999999
400.05,0.9999999999999999
400.1,0.9999999999999999
400.15000000000003,0.9999999999999999
400.20000000000005,0.9999999999999999
400.25,0.9999999999999999
400.3,0.9999999999999999
400.35,0.9999999999999999
400.40000000000003,0.9999999999999999
400.45000000000005,0.9999999999999999
400.5,0.9999999999999999
400.55,0.9999999999999999
400.6,0.9999999999999999
400.65000000000003,0.9999999999999999
400.70000000000005,0.9999999999999999
400.75,0.9999999999999999
400.8,0.9999999999999999
400.85,0.9999999999999999
400.90000000000003,0.9999999999999999
400.95000000000005,0.9999999999999999
401.0,0.9999999999999999
401.05,0.9999999999999999
401.1,0.9999999999999999
401.15000000000003,0.9999999999999999
401.20000000000005,0.9999999999999999
401.25,0.9999999999999999
401.3,0.9999999999999999
401.35,0.9999999999999999
401.40000000000003,0.9999999999999999
401.45000000000005,0.9999999999999999
401.5,0.9999999999999999
401.55,0.9999999999999999
401.6,0.9999999999999999
401.65000000000003,0.9999999999999999
401.70000000000005,0.9999999999999999
401.75,0.9999999999999999
401.8,0.9999999999999999
401.85,0.9999999999999999
401.90000000000003,0.9999999999999999
401.95000000000005,0.9999999999999999
402.0,0.9999999999999999
402.05,0.9999999999999999
402.1,0.9999999999999999
402.15000000000003,0.9999999999999999
402.20000000000005,0.9999999999999999
402.25,0.9999999999999999
402.3,0.9999999999999999
402.35,0.9999999999999999
402.40000000000003,0.9999999999999999
402.45000000000005,0.9999999999999999
402.5,0.9999999999999999
402.55,0.9999999999999999
402.6,0.9999999999999999
402.65000000000003,0.9999999999999999
402.70000000000005,0.9999999999999999
402.75,0.9999999999999999
402.8,0.9999999999999999
402.85,0.9999999999999999
402.90000000000003,0.9999999999999999
402.95000000000005,0.9999999999999999
403.0,0.9999999999999999
403.05,0.9999999999999999
403.1,0.9999999999999999
403.15000000000003,0.9999999999999999
403.20000000000005,0.9999999999999999
403.25,0.9999999999999999
403.3,0.9999999999999999
403.35,0.9999999999999999
403.40000000000003,0.9999999999999999
403.45000000000005,0.9999999999999999
403.5,0.9999999999999999
403.55,0.9999999999999999
403.6,0.9999999999999999
403.65000000000003,0.9999999999999999
403.70000000000005,0.9999999999999999
403.75,0.9999999999999999
403.8,0.9999999999999999
403.85,0.9999999999999999
403.90000000000003,0.9999999999999999
403.95000000000005,0.9999999999999999
404.0,0.9999999999999999
404.05,0.9999999999999999
404.1,0.9999999999999999
404.15000000000003,0.9999999999999999
404.20000000000005,0.9999999999999999
404.25,0.9999999999999999
404.3,0.9999999999999999
404.35,0.9999999999999999
404.40000000000003,0.9999999999999999
404.45000000000005,0.9999999999999999
404.5,0.9999999999999999
404.55,0.9999999999999999
404.6,0.9999999999999999
404.65000000000003,0.9999999999999999
404.70000000000005,0.9999999999999999
404.75,0.9999999999999999
404.8,0.9999999999999999
404.85,0.9999999999999999
404.90000000000003,0.9999999999999999
404.95000000000005,0.9999999999999999
405.0,0.9999999999999999
405.05,0.9999999999999999
405.1,0.9999999999999999
405.15000000000003,0.9999999999999999
405.20000000000005,0.9999999999999999
405.25,0.9999999999999999
405.3,0.9999999999999999
405.35,0.9999999999999999
405.40000000000003,0.9999999999999999
405.45000000000005,0.9999999999999999
405.5,0.9999999999999999
405.55,0.9999999999999999
405.6,0.9999999999999999
405.65000000000003,0.9999999999999999
405.70000000000005,0.9999999999999999
405.75,0.9999999999999999
405.8,0.9999999999999999
405.85,0.9999999999999999
405.90000000000003,0.9999999999999999
405.95000000000005,0.9999999999999999
406.0,0.9999999999999999
406.05,0.9999999999999999
406.1,0.9999999999999999
406.15000000000003,0.9999999999999999
406.20000000000005,0.9999999999999999
406.25,0.9999999999999999
406.3,0.9999999999999999
406.35,0.9999999999999999
406.40000000000003,0.9999999999999999
406.45000000000005,0.9999999999999999
406.5,0.9999999999999999
406.55,0.9999999999999999
406.6,0.9999999999999999
406.65000000000003,0.9999999999999999
406.70000000000005,0.9999999999999999
406.75,0.9999999999999999
406.8,0.9999999999999999
406.85,0.9999999999999999
406.90000000000003,0.9999999999999999
406.95000000000005,0.9999999999999999
407.0,0.9999999999999999
407.05,0.9999999999999999
407.1,0.9999999999999999
407.15000000000003,0.9999999999999999
407.20000000000005,0.9999999999999999
407.25,0.9999999999999999
407.3,0.9999999999999999
407.35,0.9999999999999999
407.40000000000003,0.9999999999999999
407.45000000000005,0.9999999999999999
407.5,0.9999999999999999
407.55,0.9999999999999999
407.6,0.9999999999999999
407.65000000000003,0.9999999999999999
407.70000000000005,0.9999999999999999
407.75,0.9999999999999999
407.8,0.9999999999999999
407.85,0.9999999999999999
407.90000000000003,0.9999999999999999
407.95000000000005,0.9999999999999999
408.0,0.9999999999999999
408.05,0.9999999999999999
408.1,0.9999999999999999
408.15000000000003,0.9999999999999999
408.20000000000005,0.9999999999999999
408.25,0.9999999999999999
408.3,0.9999999999999999
408.35,0.9999999999999999
408.40000000000003,0.9999999999999999
408.45000000000005,0.9999999999999999
408.5,0.9999999999999999
408.55,0.9999999999999999
408.6,0.9999999999999999
408.65000000000003,0.9999999999999999
408.70000000000005,0.9999999999999999
408.75,0.9999999999999999
408.8,0.9999999999999999
408.85,0.9999999999999999
408.90000000000003,0.9999999999999999
408.95000000000005,0.9999999999999999
409.0,0.9999999999999999
409.05,0.9999999999999999
409.1,0.9999999999999999
409.15000000000003,0.9999999999999999
409.20000000000005,0.9999999999999999
409.25,0.9999999999999999
409.3,0.9999999999999999
409.35,0.9999999999999999
409.40000000000003,0.9999999999999999
409.45000000000005,0.9999999999999999
409.5,0.9999999999999999
409.55,0.9999999999999999
409.6,0.9999999999999999
409.65000000000003,0.9999999999999999
409.70000000000005,0.9999999999999999
409.75,0.9999999999999999
409.8,0.9999999999999999
409.85,0.9999999999999999
409.90000000000003,0.9999999999999999
409.95000000000005,0.9999999999999999
410.0,0.9999999999999999
410.05,0.9999999999999999
410.1,0.9999999999999999
410.15000000000003,0.9999999999999999
410.20000000000005,0.9999999999999999
410.25,0.9999999999999999
410.3,0.9999999999999999
410.35,0.9999999999999999
410.40000000000003,0.9999999999999999
410.45000000000005,0.9999999999999999
410.5,0.9999999999999999
410.55,0.9999999999999999
410.6,0.9999999999999999
410.65000000000003,0.9999999999999999
410.70000000000005,0.9999999999999999
410.75,0.9999999999999999
410.8,0.9999999999999999
410.85,0.9999999999999999
410.90000000000003,0.9999999999999999
410.95000000000005,0.9999999999999999
411.0,0.9999999999999999
411.05,0.9999999999999999
411.1,0.9999999999999999
411.15000000000003,0.9999999999999999
411.20000000000005,0.9999999999999999
411.25,0.9999999999999999
411.3,0.9999999999999999
411.35,0.9999999999999999
411.40000000000003,0.9999999999999999
411.45000000000005,0.9999999999999999
411.5,0.9999999999999999
411.55,0.9999999999999999
411.6,0.9999999999999999
411.65000000000003,0.9999999999999999
411.70000000000005,0.9999999999999999
411.75,0.9999999999999999
411.8,0.9999999999999999
411.85,0.9999999999999999
411.90000000000003,0.9999999999999999
411.95000000000005,0.9999999999999999
412.0,0.9999999999999999
412.05,0.9999999999999999
412.1,0.9999999999999999
412.15000000000003,0.9999999999999999
412.20000000000005,0.9999999999999999
412.25,0.9999999999999999
412.3,0.9999999999999999
412.35,0.9999999999999999
412.40000000000003,0.9999999999999999
412.45000000000005,0.9999999999999999
412.5,0.9999999999999999
412.55,0.9999999999999999
412.6,0.9999999999999999
412.65000000000003,0.9999999999999999
412.70000000000005,0.9999999999999999
412.75,0.9999999999999999
412.8,0.9999999999999999
412.85,0.9999999999999999
412.90000000000003,0.9999999999999999
412.95000000000005,0.9999999999999999
413.0,0.9999999999999999
413.05,0.9999999999999999
413.1,0.9999999999999999
413.15000000000003,0.9999999999999999
413.20000000000005,0.9999999999999999
413.25,0.9999999999999999
413.3,0.9999999999999999
413.35,0.9999999999999999
413.40000000000003,0.9999999999999999
413.45000000000005,0.9999999999999999
413.5,0.9999999999999999
413.55,0.9999999999999999
413.6,0.9999999999999999
413.65000000000003,0.9999999999999999
413.70000000000005,0.9999999999999999
413.75,0.9999999999999999
413.8,0.9999999999999999
413.85,0.9999999999999999
413.90000000000003,0.9999999999999999
413.95000000000005,0.9999999999999999
414.0,0.9999999999999999
414.05,0.9999999999999999
414.1,0.9999999999999999
414.15000000000003,0.9999999999999999
414.20000000000005,0.9999999999999999
414.25,0.9999999999999999
414.3,0.9999999999999999
414.35,0.9999999999999999
414.40000000000003,0.9999999999999999
414.45000000000005,0.9999999999999999
414.5,0.9999999999999999
414.55,0.9999999999999999
414.6,0.9999999999999999
414.65000000000003,0.9999999999999999
414.70000000000005,0.9999999999999999
414.75,0.9999999999999999
414.8,0.9999999999999999
414.85,0.9999999999999999
414.90000000000003,0.9999999999999999
414.95000000000005,0.9999999999999999
415.0,0.9999999999999999
415.05,0.9999999999999999
415.1,0.9999999999999999
415.15000000000003,0.9999999999999999
415.20000000000005,0.9999999999999999
415.25,0.9999999999999999
415.3,0.9999999999999999
415.35,0.9999999999999999
415.40000000000003,0.9999999999999999
415.45000000000005,0.9999999999999999
415.5,0.9999999999999999
415.55,0.9999999999999999
415.6,0.9999999999999999
415.65000000000003,0.9999999999999999
415.70000000000005,0.9999999999999999
415.75,0.9999999999999999
415.8,0.9999999999999999
415.85,0.9999999999999999
415.90000000000003,0.9999999999999999
415.95000000000005,0.9999999999999999
416.0,0.9999999999999999
416.05,0.9999999999999999
416.1,0.9999999999999999
416.15000000000003,0.9999999999999999
416.20000000000005,0.9999999999999999
416.25,0.9999999999999999
416.3,0.9999999999999999
416.35,0.9999999999999999
416.40000000000003,0.9999999999999999
416.45000000000005,0.9999999999999999
416.5,0.9999999999999999
416.55,0.9999999999999999
416.6,0.9999999999999999
416.65000000000003,0.9999999999999999
416.70000000000005,0.9999999999999999
416.75,0.9999999999999999
416.8,0.9999999999999999
416.85,0.9999999999999999
416.90000000000003,0.9999999999999999
416.95000000000005,0.9999999999999999
417.0,0.9999999999999999
417.05,0.9999999999999999
417.1,0.9999999999999999
417.15000000000003,0.9999999999999999
417.20000000000005,0.9999999999999999
417.25,0.9999999999999999
417.3,0.9999999999999999
417.35,0.9999999999999999
417.40000000000003,0.9999999999999999
417.45000000000005,0.9999999999999999
417.5,0.9999999999999999
417.55,0.9999999999999999
417.6,0.9999999999999999
417.65000000000003,0.9999999999999999
417.70000000000005,0.9999999999999999
417.75,0.9999999999999999
417.8,0.9999999999999999
417.85,0.9999999999999999
417.90000000000003,0.9999999999999999
417.95000000000005,0.9999999999999999
418.0,0.9999999999999999
418.05,0.9999999999999999
418.1,0.9999999999999999
418.15000000000003,0.9999999999999999
418.20000000000005,0.9999999999999999
418.25,0.9999999999999999
418.3,0.9999999999999999
418.35,0.9999999999999999
418.40000000000003,0.9999999999999999
418.45000000000005,0.9999999999999999
418.5,0.9999999999999999
418.55,0.9999999999999999
418.6,0.9999999999999999
418.65000000000003,0.9999999999999999
418.70000000000005,0.9999999999999999
418.75,0.9999999999999999
418.8,0.9999999999999999
418.85,0.9999999999999999
418.90000000000003,0.9999999999999999
418.95000000000005,0.9999999999999999
419.0,0.9999999999999999
419.05,0.9999999999999999
419.1,0.9999999999999999
419.15000000000003,0.9999999999999999
419.20000000000005,0.9999999999999999
419.25,0.9999999999999999
419.3,0.9999999999999999
419.35,0.9999999999999999
419.40000000000003,0.9999999999999999
419.45000000000005,0.9999999999999999
419.5,0.9999999999999999
419.55,0.9999999999999999
419.6,0.9999999999999999
419.65000000000003,0.9999999999999999
419.70000000000005,0.9999999999999999
419.75,0.9999999999999999
419.8,0.9999999999999999
419.85,0.9999999999999999
419.90000000000003,0.9999999999999999
419.95000000000005,0.9999999999999999
420.0,0.9999999999999999
420.05,0.9999999999999999
420.1,0.9999999999999999
420.15000000000003,0.9999999999999999
420.20000000000005,0.9999999999999999
420.25,0.9999999999999999
420.3,0.9999999999999999
420.35,0.9999999999999999
420.40000000000003,0.9999999999999999
420.45000000000005,0.9999999999999999
420.5,0.9999999999999999
420.55,0.9999999999999999
420.6,0.9999999999999999
420.65000000000003,0.9999999999999999
420.70000000000005,0.9999999999999999
420.75,0.9999999999999999
420.8,0.9999999999999999
420.85,0.9999999999999999
420.90000000000003,0.9999999999999999
420.95000000000005,0.9999999999999999
421.0,0.9999999999999999
421.05,0.9999999999999999
421.1,0.9999999999999999
421.15000000000003,0.9999999999999999
421.20000000000005,0.9999999999999999
421.25,0.9999999999999999
421.3,0.9999999999999999
421.35,0.9999999999999999
421.40000000000003,0.9999999999999999
421.45000000000005,0.9999999999999999
421.5,0.9999999999999999
421.55,0.9999999999999999
421.6,0.9999999999999999
421.65000000000003,0.9999999999999999
421.70000000000005,0.9999999999999999
421.75,0.9999999999999999
421.8,0.9999999999999999
421.85,0.9999999999999999
421.90000000000003,0.9999999999999999
421.95000000000005,0.9999999999999999
422.0,0.9999999999999999
422.05,0.9999999999999999
422.1,0.9999999999999999
422.15000000000003,0.9999999999999999
422.20000000000005,0.9999999999999999
422.25,0.9999999999999999
422.3,0.9999999999999999
422.35,0.9999999999999999
422.40000000000003,0.9999999999999999
422.45000000000005,0.9999999999999999
422.5,0.9999999999999999
422.55,0.9999999999999999
422.6,0.9999999999999999
422.65000000000003,0.9999999999999999
422.70000000000005,0.9999999999999999
422.75,0.9999999999999999
422.8,0.9999999999999999
422.85,0.9999999999999999
422.90000000000003,0.9999999999999999
422.95000000000005,0.9999999999999999
423.0,0.9999999999999999
423.05,0.9999999999999999
423.1,0.9999999999999999
423.15000000000003,0.9999999999999999
423.20000000000005,0.9999999999999999
423.25,0.9999999999999999
423.3,0.9999999999999999
423.35,0.9999999999999999
423.40000000000003,0.9999999999999999
423.45000000000005,0.9999999999999999
423.5,0.9999999999999999
423.55,0.9999999999999999
423.6,0.9999999999999999
423.65000000000003,0.9999999999999999
423.70000000000005,0.9999999999999999
423.75,0.9999999999999999
423.8,0.9999999999999999
423.85,0.9999999999999999
423.90000000000003,0.9999999999999999
423.95000000000005,0.9999999999999999
424.0,0.9999999999999999
424.05,0.9999999999999999
424.1,0.9999999999999999
424.15000000000003,0.9999999999999999
424.20000000000005,0.9999999999999999
424.25,0.9999999999999999
424.3,0.9999999999999999
424.35,0.9999999999999999
424.40000000000003,0.9999999999999999
424.45000000000005,0.9999999999999999
424.5,0.9999999999999999
424.55,0.9999999999999999
424.6,0.9999999999999999
424.65000000000003,0.9999999999999999
424.70000000000005,0.9999999999999999
424.75,0.9999999999999999
424.8,0.9999999999999999
424.85,0.9999999999999999
424.90000000000003,0.9999999999999999
424.95000000000005,0.9999999999999999
425.0,0.9999999999999999
425.05,0.9999999999999999
425.1,0.9999999999999999
425.15000000000003,0.9999999999999999
425.20000000000005,0.9999999999999999
425.25,0.9999999999999999
425.3,0.9999999999999999
425.35,0.9999999999999999
425.40000000000003,0.9999999999999999
425.45000000000005,0.9999999999999999
425.5,0.9999999999999999
425.55,0.9999999999999999
425.6,0.9999999999999999
425.65000000000003,0.9999999999999999
425.70000000000005,0.9999999999999999
425.75,0.9999999999999999
425.8,0.9999999999999999
425.85,0.9999999999999999
425.90000000000003,0.9999999999999999
425.95000000000005,0.9999999999999999
426.0,0.9999999999999999
426.05,0.9999999999999999
426.1,0.9999999999999999
426.15000000000003,0.9999999999999999
426.20000000000005,0.9999999999999999
426.25,0.9999999999999999
426.3,0.9999999999999999
426.35,0.9999999999999999
426.40000000000003,0.9999999999999999
426.45000000000005,0.9999999999999999
426.5,0.9999999999999999
426.55,0.9999999999999999
426.6,0.9999999999999999
426.65000000000003,0.9999999999999999
426.70000000000005,0.9999999999999999
426.75,0.9999999999999999
426.8,0.9999999999999999
426.85,0.9999999999999999
426.90000000000003,0.9999999999999999
426.95000000000005,0.9999999999999999
427.0,0.9999999999999999
427.05,0.9999999999999999
427.1,0.9999999999999999
427.15000000000003,0.9999999999999999
427.20000000000005,0.9999999999999999
427.25,0.9999999999999999
427.3,0.9999999999999999
427.35,0.9999999999999999
427.40000000000003,0.9999999999999999
427.45000000000005,0.9999999999999999
427.5,0.9999999999999999
427.55,0.9999999999999999
427.6,0.9999999999999999
427.65000000000003,0.9999999999999999
427.70000000000005,0.9999999999999999
427.75,0.9999999999999999
427.8,0.9999999999999999
427.85,0.9999999999999999
427.90000000000003,0.9999999999999999
427.95000000000005,0.9999999999999999
428.0,0.9999999999999999
428.05,0.9999999999999999
428.1,0.9999999999999999
428.15000000000003,0.9999999999999999
428.20000000000005,0.9999999999999999
428.25,0.9999999999999999
428.3,0.9999999999999999
428.35,0.9999999999999999
428.40000000000003,0.9999999999999999
428.45000000000005,0.9999999999999999
428.5,0.9999999999999999
428.55,0.9999999999999999
428.6,0.9999999999999999
428.65000000000003,0.9999999999999999
428.70000000000005,0.9999999999999999
428.75,0.9999999999999999
428.8,0.9999999999999999
428.85,0.9999999999999999
428.90000000000003,0.9999999999999999
428.95000000000005,0.9999999999999999
429.0,0.9999999999999999
429.05,0.9999999999999999
429.1,0.9999999999999999
429.15000000000003,0.9999999999999999
429.20000000000005,0.9999999999999999
429.25,0.9999999999999999
429.3,0.9999999999999999
429.35,0.9999999999999999
429.40000000000003,0.9999999999999999
429.45000000000005,0.9999999999999999
429.5,0.9999999999999999
429.55,0.9999999999999999
429.6,0.9999999999999999
429.65000000000003,0.9999999999999999
429.70000000000005,0.9999999999999999
429.75,0.9999999999999999
429.8,0.9999999999999999
429.85,0.9999999999999999
429.90000000000003,0.9999999999999999
429.95000000000005,0.9999999999999999
430.0,0.9999999999999999
430.05,0.9999999999999999
430.1,0.9999999999999999
430.15000000000003,0.9999999999999999
430.20000000000005,0.9999999999999999
430.25,0.9999999999999999
430.3,0.9999999999999999
430.35,0.9999999999999999
430.40000000000003,0.9999999999999999
430.45000000000005,0.9999999999999999
430.5,0.9999999999999999
430.55,0.9999999999999999
430.6,0.9999999999999999
430.65000000000003,0.9999999999999999
430.70000000000005,0.9999999999999999
430.75,0.9999999999999999
430.8,0.9999999999999999
430.85,0.9999999999999999
430.90000000000003,0.9999999999999999
430.95000000000005,0.9999999999999999
431.0,0.9999999999999999
431.05,0.9999999999999999
431.1,0.9999999999999999
431.15000000000003,0.9999999999999999
431.20000000000005,0.9999999999999999
431.25,0.9999999999999999
431.3,0.9999999999999999
431.35,0.9999999999999999
431.40000000000003,0.9999999999999999
431.45000000000005,0.9999999999999999
431.5,0.9999999999999999
431.55,0.9999999999999999
431.6,0.9999999999999999
431.65000000000003,0.9999999999999999
431.70000000000005,0.9999999999999999
431.75,0.9999999999999999
431.8,0.9999999999999999
431.85,0.9999999999999999
431.90000000000003,0.9999999999999999
431.95000000000005,0.9999999999999999
432.0,0.9999999999999999
432.05,0.9999999999999999
432.1,0.9999999999999999
432.15000000000003,0.9999999999999999
432.20000000000005,0.9999999999999999
432.25,0.9999999999999999
432.3,0.9999999999999999
432.35,0.9999999999999999
432.40000000000003,0.9999999999999999
432.45000000000005,0.9999999999999999
432.5,0.9999999999999999
432.55,0.9999999999999999
432.6,0.9999999999999999
432.65000000000003,0.9999999999999999
432.70000000000005,0.9999999999999999
432.75,0.9999999999999999
432.8,0.9999999999999999
432.85,0.9999999999999999
432.90000000000003,0.9999999999999999
432.95000000000005,0.9999999999999999
433.0,0.9999999999999999
433.05,0.9999999999999999
433.1,0.9999999999999999
433.15000000000003,0.9999999999999999
433.20000000000005,0.9999999999999999
433.25,0.9999999999999999
433.3,0.9999999999999999
433.35,0.9999999999999999
433.40000000000003,0.9999999999999999
433.45000000000005,0.9999999999999999
433.5,0.9999999999999999
433.55,0.9999999999999999
433.6,0.9999999999999999
433.65000000000003,0.9999999999999999
433.70000000000005,0.9999999999999999
433.75,0.9999999999999999
433.8,0.9999999999999999
433.85,0.9999999999999999
433.90000000000003,0.9999999999999999
433.95000000000005,0.9999999999999999
434.0,0.9999999999999999
434.05,0.9999999999999999
434.1,0.9999999999999999
434.15000000000003,0.9999999999999999
434.20000000000005,0.9999999999999999
434.25,0.9999999999999999
434.3,0.9999999999999999
434.35,0.9999999999999999
434.40000000000003,0.9999999999999999
434.45000000000005,0.9999999999999999
434.5,0.9999999999999999
434.55,0.9999999999999999
434.6,0.9999999999999999
434.65000000000003,0.9999999999999999
434.70000000000005,0.9999999999999999
434.75,0.9999999999999999
434.8,0.9999999999999999
434.85,0.9999999999999999
434.90000000000003,0.9999999999999999
434.95000000000005,0.9999999999999999
435.0,0.9999999999999999
435.05,0.9999999999999999
435.1,0.9999999999999999
435.15000000000003,0.9999999999999999
435.20000000000005,0.9999999999999999
435.25,0.9999999999999999
435.3,0.9999999999999999
435.35,0.9999999999999999
435.40000000000003,0.9999999999999999
435.45000000000005,0.9999999999999999
435.5,0.9999999999999999
435.55,0.9999999999999999
435.6,0.9999999999999999
435.65000000000003,0.9999999999999999
435.70000000000005,0.9999999999999999
435.75,0.9999999999999999
435.8,0.9999999999999999
435.85,0.9999999999999999
435.90000000000003,0.9999999999999999
435.95000000000005,0.9999999999999999
436.0,0.9999999999999999
436.05,0.9999999999999999
436.1,0.9999999999999999
436.15000000000003,0.9999999999999999
436.20000000000005,0.9999999999999999
436.25,0.9999999999999999
436.3,0.9999999999999999
436.35,0.9999999999999999
436.40000000000003,0.9999999999999999
436.45000000000005,0.9999999999999999
436.5,0.9999999999999999
436.55,0.9999999999999999
436.6,0.9999999999999999
436.65000000000003,0.9999999999999999
436.70000000000005,0.9999999999999999
436.75,0.9999999999999999
436.8,0.9999999999999999
436.85,0.9999999999999999
436.90000000000003,0.9999999999999999
436.95000000000005,0.9999999999999999
437.0,0.9999999999999999
437.05,0.9999999999999999
437.1,0.9999999999999999
437.15000000000003,0.9999999999999999
437.20000000000005,0.9999999999999999
437.25,0.9999999999999999
437.3,0.9999999999999999
437.35,0.9999999999999999
437.40000000000003,0.9999999999999999
437.45000000000005,0.9999999999999999
437.5,0.9999999999999999
437.55,0.9999999999999999
437.6,0.9999999999999999
437.65000000000003,0.9999999999999999
437.70000000000005,0.9999999999999999
437.75,0.9999999999999999
437.8,0.9999999999999999
437.85,0.9999999999999999
437.90000000000003,0.9999999999999999
437.95000000000005,0.9999999999999999
438.0,0.9999999999999999
438.05,0.9999999999999999
438.1,0.9999999999999999
438.15000000000003,0.9999999999999999
438.20000000000005,0.9999999999999999
438.25,0.9999999999999999
438.3,0.9999999999999999
438.35,0.9999999999999999
438.40000000000003,0.9999999999999999
438.45000000000005,0.9999999999999999
438.5,0.9999999999999999
438.55,0.9999999999999999
438.6,0.9999999999999999
438.65000000000003,0.9999999999999999
438.70000000000005,0.9999999999999999
438.75,0.9999999999999999
438.8,0.9999999999999999
438.85,0.9999999999999999
438.90000000000003,0.9999999999999999
438.95000000000005,0.9999999999999999
439.0,0.9999999999999999
439.05,0.9999999999999999
439.1,0.9999999999999999
439.15000000000003,0.9999999999999999
439.20000000000005,0.9999999999999999
439.25,0.9999999999999999
439.3,0.9999999999999999
439.35,0.9999999999999999
439.40000000000003,0.9999999999999999
439.45000000000005,0.9999999999999999
439.5,0.9999999999999999
439.55,0.9999999999999999
439.6,0.9999999999999999
439.65000000000003,0.9999999999999999
439.70000000000005,0.9999999999999999
439.75,0.9999999999999999
439.8,0.9999999999999999
439.85,0.9999999999999999
439.90000000000003,0.9999999999999999
439.95000000000005,0.9999999999999999
440.0,0.9999999999999999
440.05,0.9999999999999999
440.1,0.9999999999999999
440.15000000000003,0.9999999999999999
440.20000000000005,0.9999999999999999
440.25,0.9999999999999999
440.3,0.9999999999999999
440.35,0.9999999999999999
440.40000000000003,0.9999999999999999
440.45000000000005,0.9999999999999999
440.5,0.9999999999999999
440.55,0.9999999999999999
440.6,0.9999999999999999
440.65000000000003,0.9999999999999999
440.70000000000005,0.9999999999999999
440.75,0.9999999999999999
440.8,0.9999999999999999
440.85,0.9999999999999999
440.90000000000003,0.9999999999999999
440.95000000000005,0.9999999999999999
441.0,0.9999999999999999
441.05,0.9999999999999999
441.1,0.9999999999999999
441.15000000000003,0.9999999999999999
441.20000000000005,0.9999999999999999
441.25,0.9999999999999999
441.3,0.9999999999999999
441.35,0.9999999999999999
441.40000000000003,0.9999999999999999
441.45000000000005,0.9999999999999999
441.5,0.9999999999999999
441.55,0.9999999999999999
441.6,0.9999999999999999
441.65000000000003,0.9999999999999999
441.70000000000005,0.9999999999999999
441.75,0.9999999999999999
441.8,0.9999999999999999
441.85,0.9999999999999999
441.90000000000003,0.9999999999999999
441.95000000000005,0.9999999999999999
442.0,0.9999999999999999
442.05,0.9999999999999999
442.1,0.9999999999999999
442.15000000000003,0.9999999999999999
442.20000000000005,0.9999999999999999
442.25,0.9999999999999999
442.3,0.9999999999999999
442.35,0.9999999999999999
442.40000000000003,0.9999999999999999
442.45000000000005,0.9999999999999999
442.5,0.9999999999999999
442.55,0.9999999999999999
442.6,0.9999999999999999
442.65000000000003,0.9999999999999999
442.70000000000005,0.9999999999999999
442.75,0.9999999999999999
442.8,0.9999999999999999
442.85,0.9999999999999999
442.90000000000003,0.9999999999999999
442.95000000000005,0.9999999999999999
443.0,0.9999999999999999
443.05,0.9999999999999999
443.1,0.9999999999999999
443.15000000000003,0.9999999999999999
443.20000000000005,0.9999999999999999
443.25,0.9999999999999999
443.3,0.9999999999999999
443.35,0.9999999999999999
443.40000000000003,0.9999999999999999
443.45000000000005,0.9999999999999999
443.5,0.9999999999999999
443.55,0.9999999999999999
443.6,0.9999999999999999
443.65000000000003,0.9999999999999999
443.70000000000005,0.9999999999999999
443.75,0.9999999999999999
443.8,0.9999999999999999
443.85,0.9999999999999999
443.90000000000003,0.9999999999999999
443.95000000000005,0.9999999999999999
444.0,0.9999999999999999
444.05,0.9999999999999999
444.1,0.9999999999999999
444.15000000000003,0.9999999999999999
444.20000000000005,0.9999999999999999
444.25,0.9999999999999999
444.3,0.9999999999999999
444.35,0.9999999999999999
444.40000000000003,0.9999999999999999
444.45000000000005,0.9999999999999999
444.5,0.9999999999999999
444.55,0.9999999999999999
444.6,0.9999999999999999
444.65000000000003,0.9999999999999999
444.70000000000005,0.9999999999999999
444.75,0.9999999999999999
444.8,0.9999999999999999
444.85,0.9999999999999999
444.90000000000003,0.9999999999999999
444.95000000000005,0.9999999999999999
445.0,0.9999999999999999
445.05,0.9999999999999999
445.1,0.9999999999999999
445.15000000000003,0.9999999999999999
445.20000000000005,0.9999999999999999
445.25,0.9999999999999999
445.3,0.9999999999999999
445.35,0.9999999999999999
445.40000000000003,0.9999999999999999
445.45000000000005,0.9999999999999999
445.5,0.9999999999999999
445.55,0.9999999999999999
445.6,0.9999999999999999
445.65000000000003,0.9999999999999999
445.70000000000005,0.9999999999999999
445.75,0.9999999999999999
445.8,0.9999999999999999
445.85,0.9999999999999999
445.90000000000003,0.9999999999999999
445.95000000000005,0.9999999999999999
446.0,0.9999999999999999
446.05,0.9999999999999999
446.1,0.9999999999999999
446.15000000000003,0.9999999999999999
446.20000000000005,0.9999999999999999
446.25,0.9999999999999999
446.3,0.9999999999999999
446.35,0.9999999999999999
446.40000000000003,0.9999999999999999
446.45000000000005,0.9999999999999999
446.5,0.9999999999999999
446.55,0.9999999999999999
446.6,0.9999999999999999
446.65000000000003,0.9999999999999999
446.70000000000005,0.9999999999999999
446.75,0.9999999999999999
446.8,0.9999999999999999
446.85,0.9999999999999999
446.90000000000003,0.9999999999999999
446.95000000000005,0.9999999999999999
447.0,0.9999999999999999
447.05,0.9999999999999999
447.1,0.9999999999999999
447.15000000000003,0.9999999999999999
447.20000000000005,0.9999999999999999
447.25,0.9999999999999999
447.3,0.9999999999999999
447.35,0.9999999999999999
447.40000000000003,0.9999999999999999
447.45000000000005,0.9999999999999999
447.5,0.9999999999999999
447.55,0.9999999999999999
447.6,0.9999999999999999
447.65000000000003,0.9999999999999999
447.70000000000005,0.9999999999999999
447.75,0.9999999999999999
447.8,0.9999999999999999
447.85,0.9999999999999999
447.90000000000003,0.9999999999999999
447.95000000000005,0.9999999999999999
448.0,0.9999999999999999
448.05,0.9999999999999999
448.1,0.9999999999999999
448.15000000000003,0.9999999999999999
448.20000000000005,0.9999999999999999
448.25,0.9999999999999999
448.3,0.9999999999999999
448.35,0.9999999999999999
448.40000000000003,0.9999999999999999
448.45000000000005,0.9999999999999999
448.5,0.9999999999999999
448.55,0.9999999999999999
448.6,0.9999999999999999
448.65000000000003,0.9999999999999999
448.70000000000005,0.9999999999999999
448.75,0.9999999999999999
448.8,0.9999999999999999
448.85,0.9999999999999999
448.90000000000003,0.9999999999999999
448.95000000000005,0.9999999999999999
449.0,0.9999999999999999
449.05,0.9999999999999999
449.1,0.9999999999999999
449.15000000000003,0.9999999999999999
449.20000000000005,0.9999999999999999
449.25,0.9999999999999999
449.3,0.9999999999999999
449.35,0.9999999999999999
449.40000000000003,0.9999999999999999
449.45000000000005,0.9999999999999999
449.5,0.9999999999999999
449.55,0.9999999999999999
449.6,0.9999999999999999
449.65000000000003,0.9999999999999999
449.70000000000005,0.9999999999999999
449.75,0.9999999999999999
449.8,0.9999999999999999
449.85,0.9999999999999999
449.90000000000003,0.9999999999999999
449.95000000000005,0.9999999999999999
450.0,0.9999999999999999
450.05,0.9999999999999999
450.1,0.9999999999999999
450.15000000000003,0.9999999999999999
450.20000000000005,0.9999999999999999
450.25,0.9999999999999999
450.3,0.9999999999999999
450.35,0.9999999999999999
450.40000000000003,0.9999999999999999
450.45000000000005,0.9999999999999999
450.5,0.9999999999999999
450.55,0.9999999999999999
450.6,0.9999999999999999
450.65000000000003,0.9999999999999999
450.70000000000005,0.9999999999999999
450.75,0.9999999999999999
450.8,0.9999999999999999
450.85,0.9999999999999999
450.90000000000003,0.9999999999999999
450.95000000000005,0.9999999999999999
451.0,0.9999999999999999
451.05,0.9999999999999999
451.1,0.9999999999999999
451.15000000000003,0.9999999999999999
451.20000000000005,0.9999999999999999
451.25,0.9999999999999999
451.3,0.9999999999999999
451.35,0.9999999999999999
451.40000000000003,0.9999999999999999
451.45000000000005,0.9999999999999999
451.5,0.9999999999999999
451.55,0.9999999999999999
451.6,0.9999999999999999
451.65000000000003,0.9999999999999999
451.70000000000005,0.9999999999999999
451.75,0.9999999999999999
451.8,0.9999999999999999
451.85,0.9999999999999999
451.90000000000003,0.9999999999999999
451.95000000000005,0.9999999999999999
452.0,0.9999999999999999
452.05,0.9999999999999999
452.1,0.9999999999999999
452.15000000000003,0.9999999999999999
452.20000000000005,0.9999999999999999
452.25,0.9999999999999999
452.3,0.9999999999999999
452.35,0.9999999999999999
452.40000000000003,0.9999999999999999
452.45000000000005,0.9999999999999999
452.5,0.9999999999999999
452.55,0.9999999999999999
452.6,0.9999999999999999
452.65000000000003,0.9999999999999999
452.70000000000005,0.9999999999999999
452.75,0.9999999999999999
452.8,0.9999999999999999
452.85,0.9999999999999999
452.90000000000003,0.9999999999999999
452.95000000000005,0.9999999999999999
453.0,0.9999999999999999
453.05,0.9999999999999999
453.1,0.9999999999999999
453.15000000000003,0.9999999999999999
453.20000000000005,0.9999999999999999
453.25,0.9999999999999999
453.3,0.9999999999999999
453.35,0.9999999999999999
453.40000000000003,0.9999999999999999
453.45000000000005,0.9999999999999999
453.5,0.9999999999999999
453.55,0.9999999999999999
453.6,0.9999999999999999
453.65000000000003,0.9999999999999999
453.70000000000005,0.9999999999999999
453.75,0.9999999999999999
453.8,0.9999999999999999
453.85,0.9999999999999999
453.90000000000003,0.9999999999999999
453.95000000000005,0.9999999999999999
454.0,0.9999999999999999
454.05,0.9999999999999999
454.1,0.9999999999999999
454.15000000000003,0.9999999999999999
454.20000000000005,0.9999999999999999
454.25,0.9999999999999999
454.3,0.9999999999999999
454.35,0.9999999999999999
454.40000000000003,0.9999999999999999
454.45000000000005,0.9999999999999999
454.5,0.9999999999999999
454.55,0.9999999999999999
454.6,0.9999999999999999
454.65000000000003,0.9999999999999999
454.70000000000005,0.9999999999999999
454.75,0.9999999999999999
454.8,0.9999999999999999
454.85,0.9999999999999999
454.90000000000003,0.9999999999999999
454.95000000000005,0.9999999999999999
455.0,0.9999999999999999
455.05,0.9999999999999999
455.1,0.9999999999999999
455.15000000000003,0.9999999999999999
455.20000000000005,0.9999999999999999
455.25,0.9999999999999999
455.3,0.9999999999999999
455.35,0.9999999999999999
455.40000000000003,0.9999999999999999
455.45000000000005,0.9999999999999999
455.5,0.9999999999999999
455.55,0.9999999999999999
455.6,0.9999999999999999
455.65000000000003,0.9999999999999999
455.70000000000005,0.9999999999999999
455.75,0.9999999999999999
455.8,0.9999999999999999
455.85,0.9999999999999999
455.90000000000003,0.9999999999999999
455.95000000000005,0.9999999999999999
456.0,0.9999999999999999
456.05,0.9999999999999999
456.1,0.9999999999999999
456.15000000000003,0.9999999999999999
456.20000000000005,0.9999999999999999
456.25,0.9999999999999999
456.3,0.9999999999999999
456.35,0.9999999999999999
456.40000000000003,0.9999999999999999
456.45000000000005,0.9999999999999999
456.5,0.9999999999999999
456.55,0.9999999999999999
456.6,0.9999999999999999
456.65000000000003,0.9999999999999999
456.70000000000005,0.9999999999999999
456.75,0.9999999999999999
456.8,0.9999999999999999
456.85,0.9999999999999999
456.90000000000003,0.9999999999999999
456.95000000000005,0.9999999999999999
457.0,0.9999999999999999
457.05,0.9999999999999999
457.1,0.9999999999999999
457.15000000000003,0.9999999999999999
457.20000000000005,0.9999999999999999
457.25,0.9999999999999999
457.3,0.9999999999999999
457.35,0.9999999999999999
457.40000000000003,0.9999999999999999
457.45000000000005,0.9999999999999999
457.5,0.9999999999999999
457.55,0.9999999999999999
457.6,0.9999999999999999
457.65000000000003,0.9999999999999999
457.70000000000005,0.9999999999999999
457.75,0.9999999999999999
457.8,0.9999999999999999
457.85,0.9999999999999999
457.90000000000003,0.9999999999999999
457.95000000000005,0.9999999999999999
458.0,0.9999999999999999
458.05,0.9999999999999999
458.1,0.9999999999999999
458.15000000000003,0.9999999999999999
458.20000000000005,0.9999999999999999
458.25,0.9999999999999999
458.3,0.9999999999999999
458.35,0.9999999999999999
458.40000000000003,0.9999999999999999
458.45000000000005,0.9999999999999999
458.5,0.9999999999999999
458.55,0.9999999999999999
458.6,0.9999999999999999
458.65000000000003,0.9999999999999999
458.70000000000005,0.9999999999999999
458.75,0.9999999999999999
458.8,0.9999999999999999
458.85,0.9999999999999999
458.90000000000003,0.9999999999999999
458.95000000000005,0.9999999999999999
459.0,0.9999999999999999
459.05,0.9999999999999999
459.1,0.9999999999999999
459.15000000000003,0.9999999999999999
459.20000000000005,0.9999999999999999
459.25,0.9999999999999999
459.3,0.9999999999999999
459.35,0.9999999999999999
459.40000000000003,0.9999999999999999
459.45000000000005,0.9999999999999999
459.5,0.9999999999999999
459.55,0.9999999999999999
459.6,0.9999999999999999
459.65000000000003,0.9999999999999999
459.70000000000005,0.9999999999999999
459.75,0.9999999999999999
459.8,0.9999999999999999
459.85,0.9999999999999999
459.90000000000003,0.9999999999999999
459.95000000000005,0.9999999999999999
460.0,0.9999999999999999
460.05,0.9999999999999999
460.1,0.9999999999999999
460.15000000000003,0.9999999999999999
460.20000000000005,0.9999999999999999
460.25,0.9999999999999999
460.3,0.9999999999999999
460.35,0.9999999999999999
460.40000000000003,0.9999999999999999
460.45000000000005,0.9999999999999999
460.5,0.9999999999999999
460.55,0.9999999999999999
460.6,0.9999999999999999
460.65000000000003,0.9999999999999999
460.70000000000005,0.9999999999999999
460.75,0.9999999999999999
460.8,0.9999999999999999
460.85,0.9999999999999999
460.90000000000003,0.9999999999999999
460.95000000000005,0.9999999999999999
461.0,0.9999999999999999
461.05,0.9999999999999999
461.1,0.9999999999999999
461.15000000000003,0.9999999999999999
461.20000000000005,0.9999999999999999
461.25,0.9999999999999999
461.3,0.9999999999999999
461.35,0.9999999999999999
461.40000000000003,0.9999999999999999
461.45000000000005,0.9999999999999999
461.5,0.9999999999999999
461.55,0.9999999999999999
461.6,0.9999999999999999
461.65000000000003,0.9999999999999999
461.70000000000005,0.9999999999999999
461.75,0.9999999999999999
461.8,0.9999999999999999
461.85,0.9999999999999999
461.90000000000003,0.9999999999999999
461.95000000000005,0.9999999999999999
462.0,0.9999999999999999
462.05,0.9999999999999999
462.1,0.9999999999999999
462.15000000000003,0.9999999999999999
462.20000000000005,0.9999999999999999
462.25,0.9999999999999999
462.3,0.9999999999999999
462.35,0.9999999999999999
462.40000000000003,0.9999999999999999
462.45000000000005,0.9999999999999999
462.5,0.9999999999999999
462.55,0.9999999999999999
462.6,0.9999999999999999
462.65000000000003,0.9999999999999999
462.70000000000005,0.9999999999999999
462.75,0.9999999999999999
462.8,0.9999999999999999
462.85,0.9999999999999999
462.90000000000003,0.9999999999999999
462.95000000000005,0.9999999999999999
463.0,0.9999999999999999
463.05,0.9999999999999999
463.1,0.9999999999999999
463.15000000000003,0.9999999999999999
463.20000000000005,0.9999999999999999
463.25,0.9999999999999999
463.3,0.9999999999999999
463.35,0.9999999999999999
463.40000000000003,0.9999999999999999
463.45000000000005,0.9999999999999999
463.5,0.9999999999999999
463.55,0.9999999999999999
463.6,0.9999999999999999
463.65000000000003,0.9999999999999999
463.70000000000005,0.9999999999999999
463.75,0.9999999999999999
463.8,0.9999999999999999
463.85,0.9999999999999999
463.90000000000003,0.9999999999999999
463.95000000000005,0.9999999999999999
464.0,0.9999999999999999
464.05,0.9999999999999999
464.1,0.9999999999999999
464.15000000000003,0.9999999999999999
464.20000000000005,0.9999999999999999
464.25,0.9999999999999999
464.3,0.9999999999999999
464.35,0.9999999999999999
464.40000000000003,0.9999999999999999
464.45000000000005,0.9999999999999999
464.5,0.9999999999999999
464.55,0.9999999999999999
464.6,0.9999999999999999
464.65000000000003,0.9999999999999999
464.70000000000005,0.9999999999999999
464.75,0.9999999999999999
464.8,0.9999999999999999
464.85,0.9999999999999999
464.90000000000003,0.9999999999999999
464.95000000000005,0.9999999999999999
465.0,0.9999999999999999
465.05,0.9999999999999999
465.1,0.9999999999999999
465.15000000000003,0.9999999999999999
465.20000000000005,0.9999999999999999
465.25,0.9999999999999999
465.3,0.9999999999999999
465.35,0.9999999999999999
465.40000000000003,0.9999999999999999
465.45000000000005,0.9999999999999999
465.5,0.9999999999999999
465.55,0.9999999999999999
465.6,0.9999999999999999
465.65000000000003,0.9999999999999999
465.70000000000005,0.9999999999999999
465.75,0.9999999999999999
465.8,0.9999999999999999
465.85,0.9999999999999999
465.90000000000003,0.9999999999999999
465.95000000000005,0.9999999999999999
466.0,0.9999999999999999
466.05,0.9999999999999999
466.1,0.9999999999999999
466.15000000000003,0.9999999999999999
466.20000000000005,0.9999999999999999
466.25,0.9999999999999999
466.3,0.9999999999999999
466.35,0.9999999999999999
466.40000000000003,0.9999999999999999
466.45000000000005,0.9999999999999999
466.5,0.9999999999999999
466.55,0.9999999999999999
466.6,0.9999999999999999
466.65000000000003,0.9999999999999999
466.70000000000005,0.9999999999999999
466.75,0.9999999999999999
466.8,0.9999999999999999
466.85,0.9999999999999999
466.90000000000003,0.9999999999999999
466.95000000000005,0.9999999999999999
467.0,0.9999999999999999
467.05,0.9999999999999999
467.1,0.9999999999999999
467.15000000000003,0.9999999999999999
467.20000000000005,0.9999999999999999
467.25,0.9999999999999999
467.3,0.9999999999999999
467.35,0.9999999999999999
467.40000000000003,0.9999999999999999
467.45000000000005,0.9999999999999999
467.5,0.9999999999999999
467.55,0.9999999999999999
467.6,0.9999999999999999
467.65000000000003,0.9999999999999999
467.70000000000005,0.9999999999999999
467.75,0.9999999999999999
467.8,0.9999999999999999
467.85,0.9999999999999999
467.90000000000003,0.9999999999999999
467.95000000000005,0.9999999999999999
468.0,0.9999999999999999
468.05,0.9999999999999999
468.1,0.9999999999999999
468.15000000000003,0.9999999999999999
468.20000000000005,0.9999999999999999
468.25,0.9999999999999999
468.3,0.9999999999999999
468.35,0.9999999999999999
468.40000000000003,0.9999999999999999
468.45000000000005,0.9999999999999999
468.5,0.9999999999999999
468.55,0.9999999999999999
468.6,0.9999999999999999
468.65000000000003,0.9999999999999999
468.70000000000005,0.9999999999999999
468.75,0.9999999999999999
468.8,0.9999999999999999
468.85,0.9999999999999999
468.90000000000003,0.9999999999999999
468.95000000000005,0.9999999999999999
469.0,0.9999999999999999
469.05,0.9999999999999999
469.1,0.9999999999999999
469.15000000000003,0.9999999999999999
469.20000000000005,0.9999999999999999
469.25,0.9999999999999999
469.3,0.9999999999999999
469.35,0.9999999999999999
469.40000000000003,0.9999999999999999
469.45000000000005,0.9999999999999999
469.5,0.9999999999999999
469.55,0.9999999999999999
469.6,0.9999999999999999
469.65000000000003,0.9999999999999999
469.70000000000005,0.9999999999999999
469.75,0.9999999999999999
469.8,0.9999999999999999
469.85,0.9999999999999999
469.90000000000003,0.9999999999999999
469.95000000000005,0.9999999999999999
470.0,0.9999999999999999
470.05,0.9999999999999999
470.1,0.9999999999999999
470.15000000000003,0.9999999999999999
470.20000000000005,0.9999999999999999
470.25,0.9999999999999999
470.3,0.9999999999999999
470.35,0.9999999999999999
470.40000000000003,0.9999999999999999
470.45000000000005,0.9999999999999999
470.5,0.9999999999999999
470.55,0.9999999999999999
470.6,0.9999999999999999
470.65000000000003,0.9999999999999999
470.70000000000005,0.9999999999999999
470.75,0.9999999999999999
470.8,0.9999999999999999
470.85,0.9999999999999999
470.90000000000003,0.9999999999999999
470.95000000000005,0.9999999999999999
471.0,0.9999999999999999
471.05,0.9999999999999999
471.1,0.9999999999999999
471.15000000000003,0.9999999999999999
471.20000000000005,0.9999999999999999
471.25,0.9999999999999999
471.3,0.9999999999999999
471.35,0.9999999999999999
471.40000000000003,0.9999999999999999
471.45000000000005,0.9999999999999999
471.5,0.9999999999999999
471.55,0.9999999999999999
471.6,0.9999999999999999
471.65000000000003,0.9999999999999999
471.70000000000005,0.9999999999999999
471.75,0.9999999999999999
471.8,0.9999999999999999
471.85,0.9999999999999999
471.90000000000003,0.9999999999999999
471.95000000000005,0.9999999999999999
472.0,0.9999999999999999
472.05,0.9999999999999999
472.1,0.9999999999999999
472.15000000000003,0.9999999999999999
472.20000000000005,0.9999999999999999
472.25,0.9999999999999999
472.3,0.9999999999999999
472.35,0.9999999999999999
472.40000000000003,0.9999999999999999
472.45000000000005,0.9999999999999999
472.5,0.9999999999999999
472.55,0.9999999999999999
472.6,0.9999999999999999
472.65000000000003,0.9999999999999999
472.70000000000005,0.9999999999999999
472.75,0.9999999999999999
472.8,0.9999999999999999
472.85,0.9999999999999999
472.90000000000003,0.9999999999999999
472.95000000000005,0.9999999999999999
473.0,0.9999999999999999
473.05,0.9999999999999999
473.1,0.9999999999999999
473.15000000000003,0.9999999999999999
473.20000000000005,0.9999999999999999
473.25,0.9999999999999999
473.3,0.9999999999999999
473.35,0.9999999999999999
473.40000000000003,0.9999999999999999
473.45000000000005,0.9999999999999999
473.5,0.9999999999999999
473.55,0.9999999999999999
473.6,0.9999999999999999
473.65000000000003,0.9999999999999999
473.70000000000005,0.9999999999999999
473.75,0.9999999999999999
473.8,0.9999999999999999
473.85,0.9999999999999999
473.90000000000003,0.9999999999999999
473.95000000000005,0.9999999999999999
474.0,0.9999999999999999
474.05,0.9999999999999999
474.1,0.9999999999999999
474.15000000000003,0.9999999999999999
474.20000000000005,0.9999999999999999
474.25,0.9999999999999999
474.3,0.9999999999999999
474.35,0.9999999999999999
474.40000000000003,0.9999999999999999
474.45000000000005,0.9999999999999999
474.5,0.9999999999999999
474.55,0.9999999999999999
474.6,0.9999999999999999
474.65000000000003,0.9999999999999999
474.70000000000005,0.9999999999999999
474.75,0.9999999999999999
474.8,0.9999999999999999
474.85,0.9999999999999999
474.90000000000003,0.9999999999999999
474.95000000000005,0.9999999999999999
475.0,0.9999999999999999
475.05,0.9999999999999999
475.1,0.9999999999999999
475.15000000000003,0.9999999999999999
475.20000000000005,0.9999999999999999
475.25,0.9999999999999999
475.3,0.9999999999999999
475.35,0.9999999999999999
475.40000000000003,0.9999999999999999
475.45000000000005,0.9999999999999999
475.5,0.9999999999999999
475.55,0.9999999999999999
475.6,0.9999999999999999
475.65000000000003,0.9999999999999999
475.70000000000005,0.9999999999999999
475.75,0.9999999999999999
475.8,0.9999999999999999
475.85,0.9999999999999999
475.90000000000003,0.9999999999999999
475.95000000000005,0.9999999999999999
476.0,0.9999999999999999
476.05,0.9999999999999999
476.1,0.9999999999999999
476.15000000000003,0.9999999999999999
476.20000000000005,0.9999999999999999
476.25,0.9999999999999999
476.3,0.9999999999999999
476.35,0.9999999999999999
476.40000000000003,0.9999999999999999
476.45000000000005,0.9999999999999999
476.5,0.9999999999999999
476.55,0.9999999999999999
476.6,0.9999999999999999
476.65000000000003,0.9999999999999999
476.70000000000005,0.9999999999999999
476.75,0.9999999999999999
476.8,0.9999999999999999
476.85,0.9999999999999999
476.90000000000003,0.9999999999999999
476.95000000000005,0.9999999999999999
477.0,0.9999999999999999
477.05,0.9999999999999999
477.1,0.9999999999999999
477.15000000000003,0.9999999999999999
477.20000000000005,0.9999999999999999
477.25,0.9999999999999999
477.3,0.9999999999999999
477.35,0.9999999999999999
477.40000000000003,0.9999999999999999
477.45000000000005,0.9999999999999999
477.5,0.9999999999999999
477.55,0.9999999999999999
477.6,0.9999999999999999
477.65000000000003,0.9999999999999999
477.70000000000005,0.9999999999999999
477.75,0.9999999999999999
477.8,0.9999999999999999
477.85,0.9999999999999999
477.90000000000003,0.9999999999999999
477.95000000000005,0.9999999999999999
478.0,0.9999999999999999
478.05,0.9999999999999999
478.1,0.9999999999999999
478.15000000000003,0.9999999999999999
478.20000000000005,0.9999999999999999
478.25,0.9999999999999999
478.3,0.9999999999999999
478.35,0.9999999999999999
478.40000000000003,0.9999999999999999
478.45000000000005,0.9999999999999999
478.5,0.9999999999999999
478.55,0.9999999999999999
478.6,0.9999999999999999
478.65000000000003,0.9999999999999999
478.70000000000005,0.9999999999999999
478.75,0.9999999999999999
478.8,0.9999999999999999
478.85,0.9999999999999999
478.90000000000003,0.9999999999999999
478.95000000000005,0.9999999999999999
479.0,0.9999999999999999
479.05,0.9999999999999999
479.1,0.9999999999999999
479.15000000000003,0.9999999999999999
479.20000000000005,0.9999999999999999
479.25,0.9999999999999999
479.3,0.9999999999999999
479.35,0.9999999999999999
479.40000000000003,0.9999999999999999
479.45000000000005,0.9999999999999999
479.5,0.9999999999999999
479.55,0.9999999999999999
479.6,0.9999999999999999
479.65000000000003,0.9999999999999999
479.70000000000005,0.9999999999999999
479.75,0.9999999999999999
479.8,0.9999999999999999
479.85,0.9999999999999999
479.90000000000003,0.9999999999999999
479.95000000000005,0.9999999999999999
480.0,0.9999999999999999
