,GA_Efficiency
0.0,0.5732571702627214
0.05,0.5736844766897465
0.1,0.5742841540044193
0.15000000000000002,0.5750312348722465
0.2,0.575962938190017
0.25,0.5772049884013841
0.30000000000000004,0.5787859422860716
0.35000000000000003,0.5806951624462868
0.4,0.5829119696908157
0.45,0.5854592516428542
0.5,0.5883539566814899
0.55,0.591603634659614
0.6000000000000001,0.5952172256396878
0.65,0.5991974503315309
0.7000000000000001,0.6035400338082758
0.75,0.6082331745310041
0.8,0.6132573118850397
0.8500000000000001,0.6185850623843785
0.9,0.6241815307460932
0.9500000000000001,0.6300049424545464
1.0,0.6360075153319757
1.05,0.6421366217024671
1.1,0.6483361727312358
1.1500000000000001,0.6545481810610384
1.2000000000000002,0.6607143058163673
1.25,0.6667775816187981
1.3,0.672683920166407
1.35,0.678383569960292
1.4000000000000001,0.6838323638584048
1.4500000000000002,0.688992689910949
1.5,0.6938341808314537
1.55,0.6983341687710121
1.6,0.7024777210511539
1.6500000000000001,0.7062575067846747
1.7000000000000002,0.7096733237077463
1.75,0.7127314476501545
1.8,0.7154438493988645
1.85,0.7178271999093259
1.9000000000000001,0.7199019178779736
1.9500000000000002,0.7216911553318777
2.0,0.7232198276913412
2.0500000000000003,0.7245137259972598
2.1,0.7255986989194869
2.15,0.7265000216610775
2.2,0.7272418007605377
2.25,0.7278465955640594
2.3000000000000003,0.7283351037402734
2.35,0.7287260093729526
2.4000000000000004,0.729035893609286
2.45,0.7292792633610254
2.5,0.7294686144626152
2.5500000000000003,0.7296145514838692
2.6,0.7297259896160637
2.6500000000000004,0.7298102796684942
2.7,0.7298734503549305
2.75,0.7299203376792208
2.8000000000000003,0.7299548230675585
2.85,0.7299799503528044
2.9000000000000004,0.7299980786001057
2.95,0.7300110409711469
3.0,0.7300202213273324
3.0500000000000003,0.7300266664203
3.1,0.730031136414655
3.1500000000000004,0.7300342246516924
3.2,0.7300363280647529
3.25,0.7300377446676934
3.3000000000000003,0.7300386946533861
3.35,0.7300393247046166
3.4000000000000004,0.7300397356685211
3.45,0.7300400060349427
3.5,0.730040185305769
3.5500000000000003,0.7300402952294254
3.6,0.7300403603390714
3.6500000000000004,0.7300404080991683
3.7,0.7300404354932104
3.75,0.7300404513497656
3.8000000000000003,0.7300404588614119
3.85,0.7300404649159906
3.9000000000000004,0.7300404689717825
3.95,0.7300404718628725
4.0,0.7300404726604686
4.05,0.7300404726604686
4.1000000000000005,0.7300404730541863
4.15,0.7300404730541863
4.2,0.7300404730541863
4.25,0.7300404730541863
4.3,0.7300404730541863
4.3500000000000005,0.7300404730541863
4.4,0.7300404730541863
4.45,0.7300404730541863
4.5,0.7300404730541863
4.55,0.7300404730541863
4.6000000000000005,0.7300404730541863
4.65,0.7300404730541863
4.7,0.7300404730541863
4.75,0.7300404730541863
4.800000000000001,0.7300404730541863
4.8500000000000005,0.7300404730541863
4.9,0.7300404730541863
4.95,0.7300404730541863
5.0,0.7300404730541863
5.050000000000001,0.7300404730541863
5.1000000000000005,0.7300404730541863
5.15,0.7300404730541863
5.2,0.7300404730541863
5.25,0.7300404730541863
5.300000000000001,0.7300404730541863
5.3500000000000005,0.7300404730541863
5.4,0.7300404730541863
5.45,0.7300404730541863
5.5,0.7300404730541863
5.550000000000001,0.7300404730541863
5.6000000000000005,0.7300404730541863
5.65,0.7300404730541863
5.7,0.7300404730541863
5.75,0.7390728877661821
5.800000000000001,0.745276227214565
5.8500000000000005,0.750969844505824
5.9,0.7572170088526475
5.95,0.7709795652588975
6.0,0.794790169473578
6.050000000000001,0.8009477928181231
6.1000000000000005,0.8017764184004951
6.15,0.805321682224823
6.2,0.8059921593774131
6.25,0.8066625569471646
6.300000000000001,0.8073326866663908
6.3500000000000005,0.8080023650429
6.4,0.8086714066820622
6.45,0.8093396255820022
6.5,0.8100068381014232
6.550000000000001,0.8106728599768882
6.6000000000000005,0.811337511600874
6.65,0.8120006093288162
6.7,0.8126619743900346
6.75,0.8133214269597853
6.800000000000001,0.8139787931340683
6.8500000000000005,0.8146338966396052
6.9,0.8152865615270175
6.95,0.8159366190908228
7.0,0.8165839002324642
7.050000000000001,0.8172282369820587
7.1000000000000005,0.8178694645930218
7.15,0.8185074239826757
7.2,0.8191419520766562
7.25,0.8197728947058646
7.300000000000001,0.8204000965975935
7.3500000000000005,0.8210234071748315
7.4,0.8216426790804452
7.45,0.822257768490646
7.5,0.8228685345989598
7.550000000000001,0.8234748373843264
7.6000000000000005,0.8240765452253886
7.65,0.8246735251497309
7.7,0.8252656504151699
7.75,0.825852797883887
7.800000000000001,0.8264348486801314
7.8500000000000005,0.8270116861437758
7.9,0.8275831989738085
7.95,0.8281492792565146
8.0,0.8287098224306544
8.05,0.829264728053908
8.1,0.8298139030698808
8.15,0.8303572528281391
8.200000000000001,0.830894692997302
8.25,0.8314261374555744
8.3,0.8319515098204877
8.35,0.8324707346813596
8.4,0.8329837409680996
8.450000000000001,0.8334904630619482
8.5,0.8339908389809605
8.55,0.8344848108502252
8.6,0.8349723261163071
8.65,0.835453335453304
8.700000000000001,0.8359277948124516
8.75,0.8363956608135038
8.8,0.8368569004307456
8.85,0.8373114800476452
8.9,0.8377593711396674
8.950000000000001,0.8382005505061977
9.0,0.8386349973811483
9.05,0.8390626963114203
9.1,0.8394836363594067
9.15,0.8398978067374627
9.200000000000001,0.8403052062671513
9.25,0.8407058319428595
9.3,0.8410996889867637
9.35,0.8414867839120719
9.4,0.8418671269541683
9.450000000000001,0.8422407332245765
9.5,0.8426076183362785
9.55,0.842967803788399
9.600000000000001,0.8433213150381661
9.65,0.8436681788772615
9.700000000000001,0.8440084253574902
9.75,0.8443420908388899
9.8,0.8446692079934477
9.850000000000001,0.8449898178963102
9.9,0.8453039640763959
9.950000000000001,0.8456116901654422
10.0,0.8459130435044269
10.05,0.8462080757107132
10.100000000000001,0.8464968373811931
10.15,0.8467793845648646
10.200000000000001,0.8470557747490282
10.25,0.847326066348786
10.3,0.8475903202486494
10.350000000000001,0.8478486006144117
10.4,0.8481009712449318
10.450000000000001,0.8483475002275939
10.5,0.8485882553955634
10.55,0.8488233072472452
10.600000000000001,0.8490527268957888
10.65,0.8492765868629653
10.700000000000001,0.8494949622232955
10.75,0.8497079262152958
10.8,0.8499155583882162
10.850000000000001,0.850117933211864
10.9,0.850315130632455
10.950000000000001,0.85050723011129
11.0,0.850694309442973
11.05,0.8508764518077849
11.100000000000001,0.8510537376942362
11.15,0.851226247522661
11.200000000000001,0.8513940651606797
11.25,0.8515572710183654
11.3,0.851715949200079
11.350000000000001,0.8518701823223964
11.4,0.8520200524191227
11.450000000000001,0.8521656435234466
11.5,0.852307037968181
11.55,0.852444318771864
11.600000000000001,0.8525775698900808
11.65,0.8527068716932686
11.700000000000001,0.8528323081866045
11.75,0.8529539594785802
11.8,0.8535441015808833
11.850000000000001,0.8544436680358489
11.9,0.8545985524566757
11.950000000000001,0.8650722241925994
12.0,0.9000816239515987
12.05,0.9040652085604871
12.100000000000001,0.9108000556183213
12.15,0.9113983891979507
12.200000000000001,0.9119320029302946
12.25,0.9141596508771335
12.3,0.914703085162653
12.350000000000001,0.9152433723199748
12.4,0.9157805171219056
12.450000000000001,0.9163145261608945
12.5,0.9168454020037835
12.55,0.9173731459145051
12.600000000000001,0.9178977644633453
12.65,0.9184192543783755
12.700000000000001,0.9189376203683586
12.75,0.9194528578126699
12.8,0.9199649687849736
12.850000000000001,0.9204739486644098
12.9,0.9209797987128259
12.950000000000001,0.9214825124231776
13.0,0.9219820843458757
13.05,0.9224785102049509
13.100000000000001,0.9229717880525206
13.15,0.923461909387177
13.200000000000001,0.9239488642980461
13.25,0.9244326501702502
13.3,0.9249132571184122
13.350000000000001,0.9253906760458117
13.4,0.9258648970318626
13.450000000000001,0.9263359117847184
13.5,0.9268037102376926
13.55,0.9272682807782178
13.600000000000001,0.9277296147438072
13.65,0.9281876988154538
13.700000000000001,0.9286425217709816
13.75,0.9290940714919569
13.8,0.9295423372153465
13.850000000000001,0.9299873053825541
13.9,0.9304289641567192
13.950000000000001,0.9308673008195922
14.0,0.931302300940638
14.05,0.9317339556943283
14.100000000000001,0.9321622460820471
14.15,0.9325871644367548
14.200000000000001,0.9330086947336084
14.25,0.9334268260231148
14.3,0.9338415431772566
14.350000000000001,0.9342528342880762
14.4,0.934660688249319
14.450000000000001,0.9350650904708152
14.5,0.9354660293081091
14.55,0.9358634926640806
14.600000000000001,0.9362574694145485
14.65,0.9366479476208873
14.700000000000001,0.9370349161347051
14.75,0.937418361896012
14.8,0.9377982779836036
14.850000000000001,0.9381746536105985
14.9,0.9385474760905105
14.950000000000001,0.9389167386106991
15.0,0.939282433156787
15.05,0.9396445471554644
15.100000000000001,0.94000307749565
15.15,0.9403580158781256
15.200000000000001,0.9407093538098907
15.25,0.9410570845526541
15.3,0.9414012052547742
15.350000000000001,0.9417417091140488
15.4,0.9420785911830297
15.450000000000001,0.942411850026274
15.5,0.9427414803219218
15.55,0.9430674808219892
15.600000000000001,0.943389849522865
15.65,0.9437085824996594
15.700000000000001,0.9440236831810866
15.75,0.9443351497670094
15.8,0.9446429831427154
15.850000000000001,0.9449471873156272
15.9,0.9452477606696834
15.950000000000001,0.9455447094353908
16.0,0.945838036873405
16.05,0.946127747074994
16.1,0.9464138436997468
16.150000000000002,0.9466963353632556
16.2,0.9469752252185402
16.25,0.947250527621604
16.3,0.947522246308955
16.35,0.9477903866038209
16.400000000000002,0.9480549648000521
16.45,0.9483159876897167
16.5,0.9485734672788144
16.55,0.948827416903639
16.6,0.949077846276467
16.650000000000002,0.9493247705071653
16.7,0.9495682016298652
16.75,0.9498081563210516
16.8,0.95004464988383
16.85,0.9502776979715934
16.900000000000002,0.9505073174651315
16.95,0.95073352615371
17.0,0.950956339365149
17.05,0.9511757784952286
17.1,0.9513918631510767
17.150000000000002,0.9516046120172632
17.2,0.9518140453153916
17.25,0.9520201860044464
17.3,0.9522230522365414
17.35,0.9524226686169674
17.400000000000002,0.9526190598453405
17.45,0.9528122437674911
17.5,0.9530022503894564
17.55,0.9531890988606471
17.6,0.9533728169211274
17.650000000000002,0.9535534295022109
17.7,0.9537309631548869
17.75,0.9539054398556215
17.8,0.9540768906973082
17.85,0.9542453418856882
17.900000000000002,0.9544108209245483
17.95,0.9545733541657049
18.0,0.9547329698042699
18.05,0.9548896987320051
18.1,0.9550435668627215
18.150000000000002,0.9551946079337695
18.2,0.9553428433113587
18.25,0.9554883095895984
18.3,0.9556310355582855
18.35,0.9557710491466684
18.400000000000002,0.9559083843007328
18.45,0.9560430669402367
18.5,0.9561751338986348
18.55,0.9563046111616744
18.6,0.9564315302099863
18.650000000000002,0.9565559249671696
18.7,0.9566778274806262
18.75,0.9567972659718009
18.8,0.9569142745173915
18.85,0.9570288843585739
18.900000000000002,0.9571411276025534
18.95,0.9572510364131331
19.0,0.9573586413865568
19.05,0.9574639756707211
19.1,0.9575670701457718
19.150000000000002,0.9576679597400433
19.200000000000003,0.9577666709438759
19.25,0.95786324244652
19.3,0.957957700798787
19.35,0.9580500804563175
19.400000000000002,0.9581404140922289
19.450000000000003,0.9582287289265499
19.5,0.9583150608951017
19.55,0.9583994410038321
19.6,0.9584818989747055
19.650000000000002,0.9585624659694804
19.700000000000003,0.9586411737467866
19.75,0.9587180541380779
19.8,0.9587931391816307
19.85,0.9588664553757956
19.900000000000002,0.9589380364600476
19.950000000000003,0.9590079091650215
20.0,0.9590761092260556
20.05,0.9591426606467183
20.1,0.9592075966261292
20.150000000000002,0.9592709456133368
20.200000000000003,0.9593327377363058
20.25,0.959392998094853
20.3,0.959451759487317
20.35,0.9595090510329194
20.400000000000002,0.9595648986617734
20.450000000000003,0.9596193285982975
20.5,0.9596723711715829
20.55,0.9597240535119904
20.6,0.9597744018286875
20.650000000000002,0.9598234434389546
20.700000000000003,0.9598712019466038
20.75,0.9599177088656319
20.8,0.9599629863059275
20.85,0.9600070626691778
20.900000000000002,0.9600499612200368
20.950000000000003,0.9600917044932846
21.0,0.9601323231064028
21.05,0.9601718359614346
21.1,0.9602102709891186
21.150000000000002,0.9602476489176699
21.200000000000003,0.9602839945678641
21.25,0.96031932935255
21.3,0.9603536774229163
21.35,0.9603870619953614
21.400000000000002,0.9604195034685729
21.450000000000003,0.9604510242343383
21.5,0.9604816451272614
21.55,0.9605113877121205
21.6,0.9605402723038623
21.650000000000002,0.9605683209812306
21.700000000000003,0.9605955508734689
21.75,0.9606219829122009
21.8,0.9606476365789767
21.85,0.9606725326893613
21.900000000000002,0.960696687853986
21.950000000000003,0.9607201188515782
22.0,0.9607428464227878
22.05,0.9607648872086264
22.1,0.9607862587582356
22.150000000000002,0.9608069793984262
22.200000000000003,0.9608270647995276
22.25,0.9608465310367544
22.3,0.9608653949037627
22.35,0.9608836716009013
22.400000000000002,0.960901376647235
22.450000000000003,0.9609185263186866
22.5,0.960935136900021
22.55,0.9609512184037275
22.6,0.9609667871693972
22.650000000000002,0.9609818580776681
22.700000000000003,0.9609964418657335
22.75,0.9610105558590019
22.8,0.9610242121396328
22.85,0.9610374212550442
22.900000000000002,0.9610501985543504
22.950000000000003,0.9610625561236297
23.0,0.9610745030874634
23.05,0.9610860540704733
23.1,0.9610972185521288
23.150000000000002,0.9611080102052598
23.200000000000003,0.9611184369297496
23.25,0.9611285117276273
23.3,0.9611382446638375
23.35,0.9611476444771794
23.400000000000002,0.9611567220991115
23.450000000000003,0.9611654880104978
23.5,0.961173948854694
23.55,0.9611821174500328
23.6,0.9611899994620429
23.650000000000002,0.9611976076088327
23.700000000000003,0.9612049464632005
23.75,0.9612120261318391
23.8,0.9612188567514265
23.85,0.9612254413441803
23.900000000000002,0.9612317907245517
23.950000000000003,0.9612379127175635
24.0,0.9612438121552962
24.05,0.9612494996687859
24.1,0.9612549792682092
24.150000000000002,0.9612602580314424
24.200000000000003,0.9612653451698705
24.25,0.9612702413115197
24.3,0.9612749597830539
24.35,0.9612795011474713
24.400000000000002,0.9612838745077015
24.450000000000003,0.9612880824108677
24.5,0.9612921339978396
24.55,0.9612960301383594
24.6,0.9612997811872332
24.650000000000002,0.9613033885801909
24.700000000000003,0.9613068585572814
24.75,0.9613101953690832
24.8,0.9613134024270751
24.85,0.9613164861534089
24.900000000000002,0.9613194516894181
24.950000000000003,0.9613223004838578
25.0,0.9613250369437286
25.05,0.9613276672712884
25.1,0.9613301937733704
25.150000000000002,0.9613326206330883
25.200000000000003,0.9613349506142961
25.25,0.9613371879280883
25.3,0.9613393348900524
25.35,0.961341396811165
25.400000000000002,0.9613433759589258
25.450000000000003,0.9613452735855105
25.5,0.9613470962721731
25.55,0.9613488430224597
25.6,0.9613505179725161
25.650000000000002,0.9613521258139461
25.700000000000003,0.9613536664158302
25.75,0.9613551432374151
25.8,0.9613565588012918
25.85,0.9613579162986784
25.900000000000002,0.9613592164260467
25.950000000000003,0.9613604608118795
26.0,0.9613616557374308
26.05,0.961362797827295
26.1,0.9613638919855738
26.150000000000002,0.961364939706643
26.200000000000003,0.9613659420240657
26.25,0.9613669032872909
26.3,0.9613678211778474
26.35,0.9613687004154813
26.400000000000002,0.9613695421364731
26.450000000000003,0.9613703461284545
26.5,0.9613711151242099
26.55,0.9613718527236038
26.6,0.9613725541922542
26.650000000000002,0.9613732271569169
26.700000000000003,0.9613738693925995
26.75,0.9613744844688203
26.8,0.9613750710300992
26.85,0.9613756328592139
26.900000000000002,0.9613761684227379
26.950000000000003,0.9613766799472258
27.0,0.9613771682071307
27.05,0.9613776347000169
27.1,0.9613780805363795
27.150000000000002,0.9613785038631548
27.200000000000003,0.9613789107720003
27.25,0.9613792970209616
27.3,0.9613796660272311
27.35,0.9613800187938601
27.400000000000002,0.9613803541929652
27.450000000000003,0.9613806744737824
27.5,0.9613809800837562
27.55,0.9613812713171561
27.6,0.9613815490441906
27.650000000000002,0.9613818122554262
27.700000000000003,0.9613820642571133
27.75,0.9613823047109862
27.8,0.9613825341879474
27.85,0.9613827514054641
27.900000000000002,0.9613829592940183
27.950000000000003,0.9613831557619905
28.0,0.9613833446936004
28.05,0.9613835225403777
28.1,0.9613836929394521
28.150000000000002,0.9613838536678296
28.200000000000003,0.9613840078456444
28.25,0.9613841549335025
28.3,0.9613842950194537
28.35,0.9613844278237467
28.400000000000002,0.9613845534035863
28.450000000000003,0.9613846731114527
28.5,0.9613847869180218
28.55,0.9613848955266016
28.6,0.9613849984907978
28.650000000000002,0.9613850955324009
28.700000000000003,0.961385188114912
28.75,0.961385277002031
28.8,0.9613853613563649
28.85,0.9613854384834442
28.900000000000002,0.9613855156022144
28.950000000000003,0.9613855854634069
29.0,0.9613856545817856
29.05,0.9613857186633841
29.1,0.9613857794018486
29.150000000000002,0.9613858376168277
29.200000000000003,0.9613858929135641
29.25,0.9613859440448989
29.3,0.9613859951478081
29.35,0.9613860413714308
29.400000000000002,0.9613860861834718
29.450000000000003,0.9613861280252276
29.5,0.9613861683599434
29.55,0.9613862063038378
29.6,0.961386242093322
29.650000000000002,0.9613862752275938
29.700000000000003,0.9613863074234124
29.75,0.9613863373895457
29.8,0.9613863665597988
29.85,0.9613863930808375
29.900000000000002,0.9613864186181749
29.950000000000003,0.9613864446915941
30.0,0.9613864677217809
30.05,0.9613864880309464
30.1,0.9613865094146103
30.150000000000002,0.9613865276552171
30.200000000000003,0.9613865466144393
30.25,0.9613865642408885
30.3,0.9613865813552123
30.35,0.9613865966312417
30.400000000000002,0.961386611162213
30.450000000000003,0.9613866244633908
30.5,0.9613866389684551
30.55,0.9613866513323039
30.6,0.9613866631636241
30.650000000000002,0.961386674418544
30.700000000000003,0.9613866838868792
30.75,0.9613866929100034
30.8,0.9613867033974013
30.85,0.9613867113808157
30.900000000000002,0.9613867208577083
30.950000000000003,0.9613867270051151
31.0,0.9613867354072538
31.05,0.9613867415824342
31.1,0.9613867496602878
31.150000000000002,0.9613867553526747
31.200000000000003,0.9613867609803208
31.25,0.9613867660117914
31.3,0.9613867708255711
31.35,0.9613867761051551
31.400000000000002,0.9613867810899113
31.450000000000003,0.9613867846391081
31.5,0.9613867882642986
31.55,0.9613867936517381
31.6,0.9613867960857512
31.650000000000002,0.9613867996735143
31.700000000000003,0.9613868025936708
31.75,0.9613868053571719
31.8,0.9613868084315664
31.85,0.9613868110491959
31.900000000000002,0.9613868139736679
31.950000000000003,0.9613868165598887
32.0,0.9613868176019803
32.050000000000004,0.9613868220748916
32.1,0.9613868222638465
32.15,0.9613868234549046
32.2,0.9613868268714627
32.25,0.961386827819165
32.300000000000004,0.9613868290038861
32.35,0.9613868292357298
32.4,0.9613868333299278
32.45,0.9613868336194246
32.5,0.9613868345728556
32.550000000000004,0.9613868346696912
32.6,0.9613868348877482
32.65,0.9613868383728765
32.7,0.9613868392678202
32.75,0.9613868401712367
32.800000000000004,0.9613868401758733
32.85,0.9613868401794957
32.9,0.9613868404612133
32.95,0.9613868405265955
33.0,0.9613868415493404
33.050000000000004,0.9613868448457437
33.1,0.9613868451985953
33.15,0.961386845820511
33.2,0.9613868458278916
33.25,0.9613868458278916
33.300000000000004,0.961386846028891
33.35,0.961386846028891
33.4,0.961386846028891
33.45,0.961386846028891
33.5,0.961386846028891
33.550000000000004,0.961386846028891
33.6,0.961386846028891
33.65,0.961386846028891
33.7,0.9613868461096092
33.75,0.9613868461749915
33.800000000000004,0.9613868471977365
33.85,0.9613868504941395
33.9,0.9613868508469914
33.95,0.961386851468907
34.0,0.9613868514762874
34.050000000000004,0.9613868514762874
34.1,0.961386851677287
34.15,0.961386851677287
34.2,0.961386851677287
34.25,0.961386851677287
34.300000000000004,0.961386851677287
34.35,0.961386851677287
34.4,0.961386851677287
34.45,0.961386851677287
34.5,0.961386851677287
34.550000000000004,0.961386851677287
34.6,0.961386851677287
34.65,0.961386851677287
34.7,0.961386851677287
34.75,0.961386851677287
34.800000000000004,0.961386851677287
34.85,0.961386851677287
34.9,0.961386851677287
34.95,0.961386851677287
35.0,0.961386851677287
35.050000000000004,0.961386851677287
35.1,0.961386851677287
35.15,0.961386851677287
35.2,0.961386851677287
35.25,0.961386851677287
35.300000000000004,0.961386851677287
35.35,0.961386851677287
35.4,0.961386851677287
35.45,0.961386851677287
35.5,0.961386851677287
35.550000000000004,0.961386851677287
35.6,0.961386851677287
35.65,0.9614205920263528
35.7,0.9616049386313725
35.75,0.97891264312021
35.800000000000004,0.9812479275677259
35.85,0.981954738832474
35.9,0.9820125288436858
35.95,0.9820703237933558
36.0,0.9822714785349718
36.050000000000004,0.9823297430541089
36.1,0.9823880108558832
36.15,0.9824462801425489
36.2,0.9825045486769838
36.25,0.9825628170998841
36.300000000000004,0.9826210843213135
36.35,0.9826793491195956
36.4,0.9827376106443367
36.45,0.9827958663727138
36.5,0.9828541174462437
36.550000000000004,0.9829123616590191
36.6,0.9829705986579265
36.65,0.9830288258748188
36.7,0.9830870444859847
36.75,0.9831452523224782
36.800000000000004,0.9832034480239762
36.85,0.9832616317661103
36.9,0.9833198013382067
36.95,0.9833779560339853
37.0,0.9834360951140969
37.050000000000004,0.9834942171702328
37.1,0.9835523225643046
37.15,0.9836104087263844
37.2,0.9836684747916811
37.25,0.9837265204940564
37.300000000000004,0.9837845449741005
37.35,0.9838425461148995
37.4,0.9839005235185696
37.45,0.9839584763855628
37.5,0.9840164036149744
37.550000000000004,0.9840743040901868
37.6,0.9841321767351054
37.65,0.9841900212002196
37.7,0.9842478354132066
37.75,0.9843056192872399
37.800000000000004,0.9843633713015361
37.85,0.9844210909544281
37.9,0.9844787772503957
37.95,0.9845364285102901
38.0,0.9845940442084747
38.050000000000004,0.9846516237887444
38.1,0.9847091648628452
38.15,0.9847666686264843
38.2,0.9848241323118894
38.25,0.9848815556523891
38.300000000000004,0.9849389377128738
38.35,0.9849962776222372
38.400000000000006,0.9850535735578374
38.45,0.9851108254551613
38.5,0.9851680319972248
38.550000000000004,0.9852251928911359
38.6,0.985282305778928
38.650000000000006,0.9853393713542764
38.7,0.9853963873592092
38.75,0.9854533532683628
38.800000000000004,0.9855102689820298
38.85,0.985567132353857
38.900000000000006,0.9856239423232634
38.95,0.9856806991742086
39.0,0.9857374016757193
39.050000000000004,0.9857940474513149
39.1,0.9858506373867326
39.150000000000006,0.9859071698740884
39.2,0.9859636437885319
39.25,0.9860200577598275
39.300000000000004,0.9860764125527637
39.35,0.9861327059090202
39.400000000000006,0.9861889364921763
39.45,0.9862451045388463
39.5,0.9863012087531866
39.550000000000004,0.9863572486399996
39.6,0.9864132221030324
39.650000000000006,0.9864691293132826
39.7,0.9865249690397799
39.75,0.9865807408081992
39.800000000000004,0.9866364426291929
39.85,0.9866920745984491
39.900000000000006,0.9867476364469692
39.95,0.98680312459206
40.0,0.9868585417410841
40.050000000000004,0.9869138842656996
40.1,0.9869691529207965
40.150000000000006,0.9870243461225059
40.2,0.98707946316253
40.25,0.9871345023257686
40.300000000000004,0.987189465208661
40.35,0.9872443483439669
40.400000000000006,0.9872991519183727
40.45,0.9873538753752358
40.5,0.9874085182371467
40.550000000000004,0.9874630775928801
40.6,0.9875175555704222
40.650000000000006,0.9875719490550801
40.7,0.9876262585126632
40.75,0.9876804817953695
40.800000000000004,0.9877346194500974
40.85,0.9877886702781957
40.900000000000006,0.9878426334461168
40.95,0.9878965085114504
41.0,0.9879502935339324
41.050000000000004,0.9880039889991572
41.1,0.9880575935033467
41.150000000000006,0.9881111058787555
41.2,0.9881645261786045
41.25,0.9882178536527105
41.300000000000004,0.9882710868729657
41.35,0.9883242252545761
41.400000000000006,0.9883772679404003
41.45,0.9884302150852529
41.5,0.9884830650701879
41.550000000000004,0.9885358175975619
41.6,0.9885884715232058
41.650000000000006,0.9886410266686676
41.7,0.9886934812038344
41.75,0.9887458357232992
41.800000000000004,0.9887980888653288
41.85,0.9888502397260033
41.900000000000006,0.988902288542446
41.95,0.9889542334470658
42.0,0.9890060740539031
42.050000000000004,0.9890578099099199
42.1,0.9891094411622927
42.150000000000006,0.989160965136767
42.2,0.9892123828768867
42.25,0.9892636933116679
42.300000000000004,0.9893148953519325
42.35,0.9893659889746079
42.400000000000006,0.9894169726045055
42.45,0.9894678456685687
42.5,0.9895186090509991
42.550000000000004,0.9895692601861725
42.6,0.9896197993225939
42.650000000000006,0.9896702260685536
42.7,0.9897205397370463
42.75,0.9897707394534105
42.800000000000004,0.989820824703667
42.85,0.9898707951998265
42.900000000000006,0.9899206490654192
42.95,0.9899703865502947
43.0,0.990020007352414
43.050000000000004,0.9900695113633177
43.1,0.9901188962807234
43.150000000000006,0.990168163746422
43.2,0.9902173108742738
43.25,0.9902663391623643
43.300000000000004,0.9903152466060836
43.35,0.9903640329508646
43.400000000000006,0.9904126979820724
43.45,0.9904612412589509
43.5,0.9905096620607088
43.550000000000004,0.990557959993156
43.6,0.990606133946764
43.650000000000006,0.9906541839202336
43.7,0.9907021090640666
43.75,0.9907499096236381
43.800000000000004,0.9907975843943008
43.85,0.990845132902689
43.900000000000006,0.9908925552122473
43.95,0.9909398501399554
44.0,0.9909870177520019
44.050000000000004,0.9910340571285519
44.1,0.991080967885139
44.150000000000006,0.9911277501809301
44.2,0.9911744021921787
44.25,0.991220925528771
44.300000000000004,0.9912673182134824
44.35,0.9913135796281832
44.400000000000006,0.9913597100090763
44.45,0.9914057092160269
44.5,0.9914515765842753
44.550000000000004,0.9914973110593336
44.6,0.9915429124411996
44.650000000000006,0.9915883809793509
44.7,0.991633715965377
44.75,0.9916789166571737
44.800000000000004,0.9917239830409401
44.85,0.9917689144400395
44.900000000000006,0.9918137107726829
44.95,0.9918583721690319
45.0,0.9919028966671977
45.050000000000004,0.991947285770732
45.1,0.9919915381654383
45.150000000000006,0.9920356533799042
45.2,0.9920796309287749
45.25,0.9921234712060801
45.300000000000004,0.9921671733420225
45.35,0.9922107372690088
45.400000000000006,0.9922541625605273
45.45,0.9922974493805075
45.5,0.9923405964146054
45.550000000000004,0.992383603959805
45.6,0.9924264724431129
45.650000000000006,0.9924692001895966
45.7,0.9925117874981856
45.75,0.9925542345042404
45.800000000000004,0.9925965406689761
45.85,0.9926387052774183
45.900000000000006,0.9926807287818794
45.95,0.9927226099748345
46.0,0.9927643494104815
46.050000000000004,0.9928059472941986
46.1,0.9928474025825786
46.150000000000006,0.9928887151757773
46.2,0.9929298844359722
46.25,0.9929709113348009
46.300000000000004,0.9930117941335996
46.35,0.9930525333406369
46.400000000000006,0.9930931299218114
46.45,0.9931335814438201
46.5,0.9931738897361082
46.550000000000004,0.9932140527974176
46.6,0.9932540720599867
46.650000000000006,0.9932939468423808
46.7,0.9933336769502392
46.75,0.9933732616647415
46.800000000000004,0.9934127017092876
46.85,0.9934519958307964
46.900000000000006,0.9934911446720864
46.95,0.9935301483644162
47.0,0.9935690061961497
47.050000000000004,0.9936077176678126
47.1,0.9936462844280076
47.150000000000006,0.9936847041613711
47.2,0.9937229783834222
47.25,0.9937611056835319
47.300000000000004,0.993799087477713
47.35,0.9938369218210584
47.400000000000006,0.9938746102897081
47.45,0.993912151913694
47.5,0.9939495469941748
47.550000000000004,0.9939867945174747
47.6,0.9940238957451877
47.650000000000006,0.9940608499522328
47.7,0.9940976577362385
47.75,0.9941343177531348
47.800000000000004,0.994170831168427
47.85,0.9942071973233646
47.900000000000006,0.994243416391787
47.95,0.9942794885767663
48.0,0.994315413114383
48.050000000000004,0.9943511901206457
48.1,0.9943868203437605
48.150000000000006,0.9944223028681995
48.2,0.9944576388006261
48.25,0.9944928266122807
48.300000000000004,0.9945278683307542
48.35,0.9945627619832632
48.400000000000006,0.9945975083273455
48.45,0.9946321079077358
48.5,0.9946665601512289
48.550000000000004,0.994700865393485
48.6,0.9947350233440762
48.650000000000006,0.9947690344664505
48.7,0.9948028982551167
48.75,0.9948366150036274
48.800000000000004,0.9948701849102112
48.85,0.9949036081686422
48.900000000000006,0.9949368847821076
48.95,0.9949700144654151
49.0,0.9950029975225866
49.050000000000004,0.9950358334826599
49.1,0.9950685236498646
49.150000000000006,0.9951010667366074
49.2,0.9951334641218581
49.25,0.9951657148564106
49.300000000000004,0.9951978197342264
49.35,0.9952297787873439
49.400000000000006,0.9952615919219869
49.45,0.9952932587069692
49.5,0.9953247805196197
49.550000000000004,0.9953561566824475
49.6,0.9953873869223557
49.650000000000006,0.9954184723760106
49.7,0.9954494131838704
49.75,0.9954802079590506
49.800000000000004,0.9955108586804534
49.85,0.9955413636837296
49.900000000000006,0.9955717253256189
49.95,0.9956019418375803
50.0,0.9956320146124515
50.050000000000004,0.9956619430948759
50.1,0.9956917275161984
50.150000000000006,0.995721368539336
50.2,0.9957508666250026
50.25,0.995780220227166
50.300000000000004,0.9958094311922133
50.35,0.9958384999120662
50.400000000000006,0.9958674249719542
50.45,0.9958962083173548
50.5,0.9959248489213649
50.550000000000004,0.9959533470183337
50.6,0.995981703403664
50.650000000000006,0.9960099181809713
50.7,0.9960379915137904
50.75,0.9960659236538129
50.800000000000004,0.9960937145215576
50.85,0.9961213652907777
50.900000000000006,0.9961488742006979
50.95,0.9961762440300728
51.0,0.9962034738201375
51.050000000000004,0.996230563240768
51.1,0.9962575126531527
51.150000000000006,0.9962843230936649
51.2,0.9963109957194903
51.25,0.996337528060688
51.300000000000004,0.9963639217380351
51.35,0.9963901779935554
51.400000000000006,0.996416295587807
51.45,0.9964422759727183
51.5,0.9964681184700372
51.550000000000004,0.9964938242461272
51.6,0.9965193930913503
51.650000000000006,0.9965448255757712
51.7,0.9965701209354183
51.75,0.9965952810015588
51.800000000000004,0.9966203050579507
51.85,0.996645193771482
51.900000000000006,0.9966699469087521
51.95,0.9966945659949642
52.0,0.996719049572281
52.050000000000004,0.9967434002364901
52.1,0.9967676163086644
52.150000000000006,0.9967916992154061
52.2,0.9968156487349992
52.25,0.9968394652580215
52.300000000000004,0.9968631488111717
52.35,0.9968867008762978
52.400000000000006,0.9969101202016168
52.45,0.9969334087359414
52.5,0.9969565648694327
52.550000000000004,0.9969795915894828
52.6,0.997002486744654
52.650000000000006,0.997025251751319
52.7,0.9970478876167039
52.75,0.9970703933359014
52.800000000000004,0.997092769565574
52.85,0.99711501779465
52.900000000000006,0.9971371374277197
52.95,0.997159128344374
53.0,0.997180992009206
53.050000000000004,0.997202728379495
53.1,0.9972243371314777
53.150000000000006,0.9972458199837838
53.2,0.9972671764288126
53.25,0.9972884065421397
53.300000000000004,0.997309511667466
53.35,0.9973304908788045
53.400000000000006,0.9973513459433944
53.45,0.997372077003037
53.5,0.9973926830116837
53.550000000000004,0.9974131661181723
53.6,0.9974335259861551
53.650000000000006,0.9974537635347254
53.7,0.9974738779364288
53.75,0.9974938698947393
53.800000000000004,0.9975137408507584
53.85,0.9975334902663052
53.900000000000006,0.9975531196067635
53.95,0.9975726280279016
54.0,0.9975920159328956
54.050000000000004,0.9976112850372095
54.1,0.9976304340458808
54.150000000000006,0.9976494645917137
54.2,0.9976683764505117
54.25,0.9976871708539987
54.300000000000004,0.9977058474630857
54.35,0.9977244070111828
54.400000000000006,0.9977428491701124
54.45,0.9977611758324709
54.5,0.9977793859895894
54.550000000000004,0.9977974804148899
54.6,0.9978154605120135
54.650000000000006,0.9978333254024347
54.7,0.9978510760816739
54.75,0.9978687132123099
54.800000000000004,0.9978862365081379
54.85,0.9979036472080967
54.900000000000006,0.9979209452272424
54.95,0.9979381307844859
55.0,0.997955205694854
55.050000000000004,0.9979721680823722
55.1,0.9979890204077848
55.150000000000006,0.9980057623711128
55.2,0.9980223937612234
55.25,0.9980389161863323
55.300000000000004,0.9980553299099997
55.35,0.998071633934797
55.400000000000006,0.9980878302237328
55.45,0.9981039190028107
55.5,0.9981199003329446
55.550000000000004,0.9981357744522216
55.6,0.9981515429360817
55.650000000000006,0.9981672047683948
55.7,0.9981827608253829
55.75,0.9981982120469811
55.800000000000004,0.9982135585115238
55.85,0.9982288013506135
55.900000000000006,0.9982439394905356
55.95,0.9982589751488988
56.0,0.9982739069897847
56.050000000000004,0.9982887369256558
56.1,0.9983034645592264
56.150000000000006,0.998318091323013
56.2,0.9983326164109636
56.25,0.9983470406773645
56.300000000000004,0.9983613652494161
56.35,0.9983755899597269
56.400000000000006,0.9983897154020736
56.45,0.9984037417974585
56.5,0.9984176696013375
56.550000000000004,0.9984314995049148
56.6,0.9984452327695283
56.650000000000006,0.9984588678405202
56.7,0.9984724063224828
56.75,0.9984858493992106
56.800000000000004,0.998499196104647
56.85,0.998512448811449
56.900000000000006,0.9985256055063699
56.95,0.9985386676677842
57.0,0.9985516361094897
57.050000000000004,0.9985645120482961
57.1,0.9985772945527732
57.150000000000006,0.9985899837885313
57.2,0.9986025818189013
57.25,0.998615087322609
57.300000000000004,0.9986275028650954
57.35,0.9986398265885924
57.400000000000006,0.9986520604981777
57.45,0.9986642040221749
57.5,0.9986762584605173
57.550000000000004,0.9986882242237787
57.6,0.9987001018523674
57.650000000000006,0.9987118910359329
57.7,0.9987235924325288
57.75,0.9987352066408469
57.800000000000004,0.9987467344139633
57.85,0.9987581761766369
57.900000000000006,0.9987695316801644
57.95,0.9987808016844695
58.0,0.9987919871401079
58.050000000000004,0.9988030880185133
58.1,0.9988141054180335
58.150000000000006,0.9988250383520734
58.2,0.9988358890236773
58.25,0.9988466565161367
58.300000000000004,0.9988573415597488
58.35,0.9988679459255311
58.400000000000006,0.998878467524752
58.45,0.998888908841156
58.5,0.9988992699101484
58.550000000000004,0.9989095509378563
58.6,0.9989197523837342
58.650000000000006,0.9989298747381393
58.7,0.9989399183386893
58.75,0.9989498830267829
58.800000000000004,0.9989597706844191
58.85,0.9989695812136873
58.900000000000006,0.9989793136510899
58.95,0.998988970792934
59.0,0.9989985513142845
59.050000000000004,0.9990080559790144
59.1,0.9990174860911946
59.150000000000006,0.9990268401116131
59.2,0.9990361209431269
59.25,0.9990453279249976
59.300000000000004,0.9990544611941032
59.35,0.9990635217829538
59.400000000000006,0.9990725090623493
59.45,0.9990814246846258
59.5,0.9990902679661682
59.550000000000004,0.9990990405815527
59.6,0.9991077415306906
59.650000000000006,0.9991163724231781
59.7,0.9991249332273465
59.75,0.9991334239634433
59.800000000000004,0.9991418462806623
59.85,0.9991501993378402
59.900000000000006,0.9991584839564203
59.95,0.999166701110275
60.0,0.999174850444505
60.050000000000004,0.9991829318084456
60.1,0.9991909474915746
60.150000000000006,0.9991988957397498
60.2,0.999206779627252
60.25,0.9992145972264389
60.300000000000004,0.9992223491070483
60.35,0.9992300371094545
60.400000000000006,0.9992376605923571
60.45,0.9992452204704658
60.5,0.999252716727821
60.550000000000004,0.9992601499371689
60.6,0.9992675201249771
60.650000000000006,0.9992748287020484
60.7,0.9992820754861358
60.75,0.9992892602240603
60.800000000000004,0.9992963839582112
60.85,0.9993034471074542
60.900000000000006,0.999310450472203
60.95,0.9993173935792077
61.0,0.9993242770642289
61.050000000000004,0.9993311020728186
61.1,0.9993378674377141
61.150000000000006,0.9993445755257269
61.2,0.9993512252450029
61.25,0.9993578170521753
61.300000000000004,0.9993643524533788
61.35,0.9993708303108413
61.400000000000006,0.9993772518637392
61.45,0.9993836175018274
61.5,0.9993899282763454
61.550000000000004,0.9993961832730197
61.6,0.9994023829080221
61.650000000000006,0.9994085287616753
61.7,0.9994146206418633
61.75,0.9994206579208428
61.800000000000004,0.9994266425804128
61.85,0.9994325728631859
61.900000000000006,0.999438452109638
61.95,0.9994442783016895
62.0,0.9994500530867865
62.050000000000004,0.999455775738458
62.1,0.9994614474026084
62.150000000000006,0.9994670683675283
62.2,0.9994726392529071
62.25,0.9994781590168116
62.300000000000004,0.9994836298904177
62.35,0.9994890510065543
62.400000000000006,0.9994944230287471
62.45,0.9994997464805304
62.5,0.9995050217514672
62.550000000000004,0.9995102486218062
62.6,0.9995154276524625
62.650000000000006,0.9995205598486989
62.7,0.9995256448931928
62.75,0.9995306834777427
62.800000000000004,0.999535676162686
62.85,0.9995406217719808
62.900000000000006,0.9995455227707932
62.95,0.9995503780586852
63.0,0.9995551883054086
63.050000000000004,0.9995599538992235
63.1,0.9995646761454449
63.150000000000006,0.9995693531847006
63.2,0.999573987148538
63.25,0.9995785780465506
63.300000000000004,0.9995831268161064
63.35,0.9995876310684076
63.400000000000006,0.9995920941483795
63.45,0.9995965149502781
63.5,0.9996008939422882
63.550000000000004,0.9996052316400464
63.6,0.9996095288768798
63.650000000000006,0.9996137845959057
63.7,0.9996180005361159
63.75,0.9996221758911255
63.800000000000004,0.9996263119398134
63.85,0.9996304078716705
63.900000000000006,0.999634465255242
63.95,0.9996384837066764
64.0,0.9996424633265713
64.05,0.9996464042627107
64.10000000000001,0.9996503076766423
64.15,0.9996541734845228
64.2,0.9996580019027914
64.25,0.9996617930132732
64.3,0.999665547976306
64.35000000000001,0.9996692659236693
64.4,0.9996729475446632
64.45,0.9996765934093768
64.5,0.9996802034124546
64.55,0.9996837787030518
64.60000000000001,0.9996873188487118
64.65,0.9996908236757294
64.7,0.9996942941154267
64.75,0.9996977308179792
64.8,0.9997011337792235
64.85000000000001,0.9997045022625135
64.9,0.9997078377774278
64.95,0.9997111402314062
65.0,0.9997144101985045
65.05,0.9997176466974738
65.10000000000001,0.9997208512240808
65.15,0.9997240244292629
65.2,0.999727165072624
65.25,0.9997302746428682
65.3,0.9997333522697294
65.35000000000001,0.9997364001371033
65.4,0.9997394166998299
65.45,0.9997424025265731
65.5,0.9997453585472623
65.55,0.9997482838355964
65.60000000000001,0.9997511801675762
65.65,0.9997540468196622
65.7,0.9997568845453756
65.75,0.9997596937689782
65.8,0.999762472700627
65.85000000000001,0.9997652247263005
65.9,0.9997679480364404
65.95,0.9997706433540304
66.0,0.999773310663485
66.05,0.9997759503943373
66.10000000000001,0.9997785632434583
66.15,0.9997811492593441
66.2,0.999783708691187
66.25,0.9997862409815139
66.3,0.9997887474199845
66.35000000000001,0.9997912275168745
66.4,0.9997936813307857
66.45,0.9997961106411087
66.5,0.9997985135312217
66.55,0.9998008910702896
66.60000000000001,0.9998032447386898
66.65,0.9998055727933303
66.7,0.9998078767924747
66.75,0.9998101565224471
66.8,0.9998124121355378
66.85000000000001,0.9998146433069051
66.9,0.9998168511986733
66.95,0.999819036656898
67.0,0.9998211977624636
67.05,0.9998233360708203
67.10000000000001,0.9998254517670282
67.15,0.9998275440394112
67.2,0.9998296153240859
67.25,0.9998316635429548
67.3,0.9998336901056184
67.35000000000001,0.999835694672869
67.4,0.9998376769422782
67.45,0.9998396387644733
67.5,0.9998415792925239
67.55,0.9998434991293443
67.60000000000001,0.999845397596844
67.65,0.9998472753800993
67.7,0.9998491332631572
67.75,0.9998509702722063
67.8,0.9998527875786252
67.85000000000001,0.9998545851222431
67.9,0.9998563633467548
67.95,0.9998581215523166
68.0,0.9998598604611701
68.05,0.999861580324848
68.10000000000001,0.9998632822460343
68.15,0.9998649640099644
68.2,0.9998666284838179
68.25,0.9998682730609438
68.3,0.9998698999991755
68.35000000000001,0.9998715092173232
68.4,0.9998731005858792
68.45,0.9998746740617774
68.5,0.9998762299303061
68.55,0.9998777680541113
68.60000000000001,0.9998792901845002
68.65,0.999880794287556
68.7,0.9998822818058408
68.75,0.9998837524183375
68.8,0.9998852069356408
68.85000000000001,0.999886644057311
68.9,0.9998880658783552
68.95,0.9998894716687013
69.0,0.9998908612573527
69.05,0.9998922353857329
69.10000000000001,0.9998935935329084
69.15,0.9998949365430126
69.2,0.9998962636217087
69.25,0.9998975765574089
69.3,0.9998988740264789
69.35000000000001,0.9999001559550177
69.4,0.9999014241780476
69.45,0.9999026779250232
69.5,0.9999039161133185
69.55,0.9999051411945303
69.60000000000001,0.999906352119861
69.65,0.999907548664523
69.7,0.9999087318827483
69.75,0.999909900794722
69.8,0.9999110563481528
69.85000000000001,0.9999121986927471
69.9,0.9999133268013489
69.95,0.9999144425348927
70.0,0.9999155457746687
70.05,0.9999166351700209
70.10000000000001,0.9999177126016972
70.15,0.9999187768559452
70.2,0.9999198292597299
70.25,0.9999208690519119
70.3,0.999921895908269
70.35000000000001,0.9999229111346877
70.4,0.9999239145695151
70.45,0.9999249055551455
70.5,0.9999258858701476
70.55,0.9999268537563056
70.60000000000001,0.9999278104837029
70.65,0.9999287558521537
70.7,0.9999296899969328
70.75,0.9999306129227433
70.8,0.9999315249732275
70.85000000000001,0.9999324260519654
70.9,0.9999333160383342
70.95,0.9999341956811176
71.0,0.9999350644905884
71.05,0.9999359230517718
71.10000000000001,0.9999367716542147
71.15,0.999937609218239
71.2,0.9999384370447726
71.25,0.9999392549465104
71.3,0.9999400630803992
71.35000000000001,0.9999408608749001
71.4,0.9999416498796989
71.45,0.9999424289327713
71.5,0.999943197667708
71.55,0.9999439580318837
71.60000000000001,0.9999447087427367
71.65,0.9999454504938451
71.7,0.9999461827663424
71.75,0.9999469061699646
71.8,0.9999476205204229
71.85000000000001,0.9999483270541516
71.9,0.999949024038555
71.95,0.9999497126620434
72.0,0.9999503925159406
72.05,0.9999510640074981
72.10000000000001,0.9999517275305145
72.15,0.9999523824832104
72.2,0.9999530294138239
72.25,0.9999536685478458
72.3,0.9999542998377666
72.35000000000001,0.9999549229446282
72.4,0.9999555382420372
72.45,0.9999561450634238
72.5,0.999956746015625
72.55,0.9999573380260169
72.60000000000001,0.999957923745936
72.65,0.9999585007967102
72.7,0.9999590714963484
72.75,0.9999596346130977
72.8,0.9999601909929734
72.85000000000001,0.9999607401502785
72.9,0.9999612821186168
72.95,0.9999618172509555
73.0,0.9999623459403639
73.05,0.9999628676854335
73.10000000000001,0.9999633826071802
73.15,0.999963891405674
73.2,0.9999643937348965
73.25,0.999964889256085
73.3,0.9999653786300056
73.35000000000001,0.9999658616138284
73.4,0.9999663390685891
73.45,0.9999668096016139
73.5,0.9999672746798991
73.55,0.9999677337521314
73.60000000000001,0.9999681858954736
73.65,0.9999686328020593
73.7,0.9999690744212482
73.75,0.9999695094651176
73.8,0.9999699388398751
73.85000000000001,0.9999703636051032
73.9,0.9999707828531419
73.95,0.9999711959400444
74.0,0.9999716034239242
74.05,0.9999720059924035
74.10000000000001,0.9999724030977882
74.15,0.9999727952899572
74.2,0.9999731822918477
74.25,0.9999735646584316
74.3,0.9999739417447002
74.35000000000001,0.9999743133040109
74.4,0.9999746803539505
74.45,0.9999750423520548
74.5,0.9999753998416901
74.55,0.9999757525093621
74.60000000000001,0.9999761008615731
74.65,0.9999764441264168
74.7,0.9999767829926324
74.75,0.9999771172460716
74.8,0.9999774469274235
74.85000000000001,0.9999777727944038
74.9,0.9999780936197751
74.95,0.9999784106612646
75.0,0.9999787236241109
75.05,0.9999790315210985
75.10000000000001,0.9999793361130043
75.15,0.9999796362733568
75.2,0.9999799325510058
75.25,0.9999802250209655
75.3,0.9999805129680498
75.35000000000001,0.9999807974782061
75.4,0.9999810783008549
75.45,0.9999813550150263
75.5,0.9999816278254622
75.55,0.9999818969858306
75.60000000000001,0.9999821630617882
75.65,0.9999824251634649
75.7,0.9999826830022285
75.75,0.9999829383402701
75.8,0.9999831895928759
75.85000000000001,0.9999834374899493
75.9,0.9999836820891149
75.95,0.9999839238722767
76.0,0.9999841613121201
76.05,0.9999843963298756
76.10000000000001,0.9999846277649722
76.15,0.9999848561915483
76.2,0.9999850813799759
76.25,0.9999853026350917
76.3,0.9999855213701514
76.35000000000001,0.9999857378887479
76.4,0.9999859505076549
76.45,0.9999861608849013
76.5,0.9999863679183418
76.55,0.9999865718870085
76.60000000000001,0.9999867733902144
76.65,0.9999869723970871
76.7,0.9999871677193282
76.75,0.9999873606426363
76.80000000000001,0.9999875511144838
76.85000000000001,0.9999877390460483
76.9,0.9999879236317297
76.95,0.9999881060369409
77.0,0.9999882861765558
77.05000000000001,0.9999884635045785
77.10000000000001,0.9999886387776997
77.15,0.9999888103169196
77.2,0.9999889809504583
77.25,0.9999891482097519
77.30000000000001,0.9999893133936316
77.35000000000001,0.9999894765658109
77.4,0.999989636853773
77.45,0.9999897952305964
77.5,0.9999899512225559
77.55000000000001,0.9999901045144812
77.60000000000001,0.9999902563993753
77.65,0.999990405905655
77.7,0.9999905532759686
77.75,0.9999906977842471
77.80000000000001,0.9999908417869157
77.85000000000001,0.9999909824695924
77.9,0.9999911211466359
77.95,0.9999912580592213
78.0,0.9999913932893975
78.05000000000001,0.9999915263415282
78.10000000000001,0.9999916573580466
78.15,0.9999917869335783
78.2,0.9999919140558908
78.25,0.9999920397992798
78.30000000000001,0.9999921637060017
78.35000000000001,0.999992285281332
78.4,0.999992404928137
78.45,0.9999925239253435
78.5,0.9999926405337853
78.55000000000001,0.9999927556263459
78.60000000000001,0.9999928688393833
78.65,0.9999929805508256
78.7,0.9999930903080596
78.75,0.9999931983358541
78.80000000000001,0.9999933057101542
78.85000000000001,0.9999934106319069
78.9,0.9999935143193364
78.95,0.9999936166586738
79.0,0.9999937176679484
79.05000000000001,0.9999938160953603
79.10000000000001,0.9999939145714475
79.15,0.9999940102444721
79.2,0.9999941055631498
79.25,0.9999941988514424
79.30000000000001,0.9999942904367217
79.35000000000001,0.9999943812496507
79.4,0.9999944704171788
79.45,0.9999945587204486
79.5,0.999994645538609
79.55000000000001,0.9999947304453068
79.60000000000001,0.9999948147119191
79.65,0.9999948976972026
79.7,0.9999949793498467
79.75,0.999995059636776
79.80000000000001,0.9999951388257595
79.85000000000001,0.9999952171774059
79.9,0.9999952934617606
79.95,0.9999953693892185
80.0,0.9999954433146958
80.05000000000001,0.9999955170886383
80.10000000000001,0.999995589042288
80.15,0.9999956604001137
80.2,0.9999957312430434
80.25,0.9999957995164338
80.30000000000001,0.9999958678768042
80.35000000000001,0.999995934944128
80.4,0.9999960004573349
80.45,0.9999960656494662
80.5,0.9999961299669761
80.55000000000001,0.9999961927702514
80.60000000000001,0.9999962545673576
80.65,0.9999963153978576
80.7,0.9999963760060099
80.75,0.9999964345272123
80.80000000000001,0.9999964930220463
80.85000000000001,0.9999965503103393
80.9,0.9999966076636431
80.95,0.9999966629284373
81.0,0.9999967178889088
81.05000000000001,0.9999967714985354
81.10000000000001,0.9999968246508169
81.15,0.9999968764213839
81.2,0.9999969280621197
81.25,0.9999969787678199
81.30000000000001,0.9999970285838482
81.35000000000001,0.9999970779110443
81.4,0.9999971259313226
81.45,0.9999971735225883
81.5,0.9999972207272252
81.55000000000001,0.9999972667833283
81.60000000000001,0.9999973122951642
81.65,0.9999973575026413
81.7,0.9999974006733464
81.75,0.9999974442402404
81.80000000000001,0.9999974873290625
81.85000000000001,0.9999975289206315
81.9,0.9999975698610479
81.95,0.9999976108376307
82.0,0.9999976504968369
82.05000000000001,0.9999976900897003
82.10000000000001,0.9999977288796562
82.15,0.9999977668075788
82.2,0.9999978048056761
82.25,0.9999978414873756
82.30000000000001,0.9999978776119625
82.35000000000001,0.9999979132184513
82.4,0.9999979489350662
82.45,0.9999979834071446
82.5,0.9999980172066019
82.55000000000001,0.9999980510539066
82.60000000000001,0.9999980842203139
82.65,0.999998116585943
82.7,0.999998148565852
82.75,0.9999981797174421
82.80000000000001,0.9999982106676678
82.85000000000001,0.9999982407804016
82.9,0.9999982707933787
82.95,0.9999983009003093
83.0,0.999998329446134
83.05000000000001,0.9999983580209091
83.10000000000001,0.9999983860962226
83.15,0.9999984140348555
83.2,0.9999984409395716
83.25,0.9999984679767835
83.30000000000001,0.9999984940734292
83.35000000000001,0.9999985201394511
83.4,0.9999985458110474
83.45,0.9999985700927765
83.5,0.9999985953326622
83.55000000000001,0.999998619087997
83.60000000000001,0.9999986432698942
83.65,0.9999986667518429
83.7,0.9999986894590651
83.75,0.999998712789134
83.80000000000001,0.9999987346993757
83.85000000000001,0.9999987562934594
83.9,0.9999987778426581
83.95,0.9999987995881539
84.0,0.9999988199796126
84.05000000000001,0.9999988408482225
84.10000000000001,0.9999988608004544
84.15,0.9999988802886689
84.2,0.99999889994398
84.25,0.9999989190405651
84.30000000000001,0.9999989384161597
84.35000000000001,0.999998956784329
84.4,0.9999989753254523
84.45,0.9999989928730306
84.5,0.9999990109805903
84.55000000000001,0.9999990284780136
84.60000000000001,0.9999990454049758
84.65,0.9999990620817842
84.7,0.9999990787686369
84.75,0.9999990949767169
84.80000000000001,0.9999991106639186
84.85000000000001,0.9999991267667456
84.9,0.9999991421664393
84.95,0.9999991574743142
85.0,0.9999991725239181
85.05000000000001,0.9999991866135877
85.10000000000001,0.9999992011604841
85.15,0.999999215676551
85.2,0.9999992294368578
85.25,0.9999992429830871
85.30000000000001,0.999999256887029
85.35000000000001,0.9999992701323261
85.4,0.9999992830527139
85.45,0.9999992959643661
85.5,0.9999993079707359
85.55000000000001,0.9999993208137361
85.60000000000001,0.9999993331184948
85.65,0.9999993448086848
85.7,0.9999993568368777
85.75,0.999999367980569
85.80000000000001,0.9999993795943503
85.85000000000001,0.9999993903659306
85.9,0.9999994012137624
85.95,0.9999994119703304
86.0,0.999999422704037
86.05000000000001,0.9999994334727027
86.10000000000001,0.9999994439493525
86.15,0.9999994534193
86.2,0.9999994636428805
86.25,0.9999994731009676
86.30000000000001,0.9999994827395333
86.35000000000001,0.9999994922761641
86.4,0.9999995014066195
86.45,0.9999995107701488
86.5,0.9999995196488041
86.55000000000001,0.9999995282664146
86.60000000000001,0.9999995368724107
86.65,0.9999995454769014
86.7,0.9999995534262479
86.75,0.9999995617750665
86.80000000000001,0.9999995698599335
86.85000000000001,0.9999995771421577
86.9,0.9999995854544785
86.95,0.9999995932576682
87.0,0.9999996005517495
87.05000000000001,0.9999996073271267
87.10000000000001,0.9999996150604475
87.15,0.9999996221501241
87.2,0.9999996290853874
87.25,0.9999996355772804
87.30000000000001,0.9999996423828837
87.35000000000001,0.9999996488725402
87.4,0.9999996553259083
87.45,0.9999996617952432
87.5,0.9999996682486112
87.55000000000001,0.9999996744065969
87.60000000000001,0.999999680603197
87.65,0.9999996867424087
87.7,0.9999996922492758
87.75,0.9999996978293088
87.80000000000001,0.9999997039994261
87.85000000000001,0.9999997091681807
87.9,0.999999714756203
87.95,0.9999997199622875
88.0,0.999999724856672
88.05000000000001,0.9999997301865613
88.10000000000001,0.9999997355903789
88.15,0.9999997399336826
88.2,0.9999997449823782
88.25,0.9999997501294482
88.30000000000001,0.9999997549650405
88.35000000000001,0.999999759306839
88.4,0.9999997636465497
88.45,0.9999997679647619
88.5,0.9999997722670072
88.55000000000001,0.9999997765692527
88.60000000000001,0.9999997808725939
88.65,0.999999785174839
88.7,0.9999997894770847
88.75,0.9999997935225619
88.80000000000001,0.9999997972625941
88.85000000000001,0.9999998005598525
88.9,0.9999998048186753
88.95,0.999999808865032
89.0,0.9999998123364199
89.05000000000001,0.9999998156670653
89.10000000000001,0.9999998194057615
89.15,0.999999822121529
89.2,0.9999998263633744
89.25,0.9999998289240405
89.30000000000001,0.9999998328552357
89.35000000000001,0.9999998353774084
89.4,0.9999998393245708
89.45,0.9999998418318722
89.5,0.9999998455430774
89.55000000000001,0.9999998479316627
89.60000000000001,0.9999998507749916
89.65,0.999999854148664
89.7,0.9999998565873129
89.75,0.9999998590734389
89.80000000000001,0.9999998624750781
89.85000000000001,0.9999998651526003
89.9,0.9999998673389833
89.95,0.9999998695670569
90.0,0.9999998725536406
90.05000000000001,0.9999998747062688
90.10000000000001,0.9999998775504769
90.15,0.9999998800159644
90.2,0.9999998824139049
90.25,0.9999998846034849
90.30000000000001,0.9999998867920051
90.35000000000001,0.9999998889431279
90.4,0.9999998910942505
90.45,0.9999998932453733
90.5,0.9999998953975917
90.55000000000001,0.9999998975487144
90.60000000000001,0.9999998994430691
90.65,0.9999999013161154
90.7,0.9999999027587294
90.75,0.9999999048713945
90.80000000000001,0.9999999070214212
90.85000000000001,0.9999999088532148
90.9,0.9999999107038487
90.95,0.9999999123672775
91.0,0.9999999135677071
91.05000000000001,0.9999999157188298
91.10000000000001,0.9999999175059502
91.15,0.9999999192875284
91.2,0.9999999200225806
91.25,0.999999922172198
91.30000000000001,0.9999999236628403
91.35000000000001,0.9999999255260126
91.4,0.9999999264770445
91.45,0.9999999285841575
91.5,0.9999999298282579
91.55000000000001,0.9999999307912459
91.60000000000001,0.9999999325803597
91.65,0.999999933852427
91.7,0.9999999350934915
91.75,0.9999999365476693
91.80000000000001,0.999999937244682
91.85000000000001,0.9999999390881882
91.9,0.9999999396306734
91.95,0.999999941524953
92.0,0.9999999424580136
92.05000000000001,0.9999999436761431
92.10000000000001,0.9999999449383722
92.15,0.9999999458491724
92.2,0.9999999471279523
92.25,0.9999999479783883
92.30000000000001,0.9999999492750642
92.35000000000001,0.9999999501295109
92.4,0.999999950438542
92.45,0.9999999522806338
92.5,0.9999999525896647
92.55000000000001,0.9999999544317562
92.60000000000001,0.9999999547055946
92.65,0.9999999559982536
92.7,0.999999956599942
92.75,0.999999956967765
92.80000000000001,0.9999999587510646
92.85000000000001,0.9999999590430328
92.9,0.9999999603015949
92.95,0.9999999609021871
93.0,0.9999999612700103
93.05000000000001,0.9999999630492993
93.10000000000001,0.9999999632881788
93.15,0.9999999634237345
93.2,0.9999999652004221
93.25,0.9999999654393015
93.30000000000001,0.9999999655908918
93.35000000000001,0.9999999673515447
93.4,0.9999999675904242
93.45,0.9999999677420144
93.5,0.9999999689220526
93.55000000000001,0.9999999697415468
93.60000000000001,0.9999999698711628
93.65,0.9999999708423246
93.7,0.99999997165379
93.75,0.9999999719833823
93.80000000000001,0.9999999720442597
93.85000000000001,0.999999973224298
93.9,0.9999999738049128
93.95,0.9999999741719028
94.0,0.9999999741953823
94.05000000000001,0.9999999753754206
94.10000000000001,0.9999999759571312
94.15,0.9999999763230253
94.2,0.9999999763245984
94.25,0.9999999770176162
94.30000000000001,0.999999978108254
94.35000000000001,0.9999999783942821
94.4,0.9999999784757209
94.45,0.9999999784976275
94.5,0.999999979677666
94.55000000000001,0.9999999802753436
94.60000000000001,0.99999998062126
94.65,0.9999999806268436
94.7,0.9999999806268436
94.75,0.9999999813209574
94.80000000000001,0.9999999824264661
94.85000000000001,0.9999999826965277
94.9,0.9999999827739557
94.95,0.9999999827779663
95.0,0.9999999827998731
95.05000000000001,0.9999999837661234
95.10000000000001,0.9999999845775889
95.15,0.9999999848861078
95.2,0.9999999849250784
95.25,0.9999999849250784
95.30000000000001,0.9999999849290889
95.35000000000001,0.9999999849680585
95.4,0.9999999861480967
95.45,0.9999999867287115
95.5,0.9999999870746281
95.55000000000001,0.9999999870762011
95.60000000000001,0.9999999870762011
95.65,0.999999987077297
95.7,0.9999999870972747
95.75,0.9999999871191813
95.80000000000001,0.9999999885956977
95.85000000000001,0.9999999891147031
95.9,0.9999999892272561
95.95,0.9999999892273238
96.0,0.9999999892273238
96.05000000000001,0.9999999892443865
96.10000000000001,0.9999999892443865
96.15,0.9999999892483971
96.2,0.9999999892703038
96.25,0.999999990450342
96.30000000000001,0.9999999910309568
96.35000000000001,0.9999999913768732
96.4,0.9999999913784464
96.45,0.9999999913784464
96.5,0.9999999913795423
96.55000000000001,0.9999999913955093
96.60000000000001,0.9999999913955093
96.65,0.9999999913955093
96.7,0.9999999913955093
96.75,0.9999999913995199
96.80000000000001,0.9999999914214266
96.85000000000001,0.9999999931820797
96.9,0.9999999934169483
96.95,0.999999993529569
97.0,0.999999993529569
97.05000000000001,0.999999993529569
97.10000000000001,0.9999999935466319
97.15,0.9999999935466319
97.2,0.9999999935466319
97.25,0.9999999935466319
97.30000000000001,0.9999999935466319
97.35000000000001,0.9999999935466319
97.4,0.9999999935466319
97.45,0.9999999935466319
97.5,0.9999999935506424
97.55000000000001,0.9999999935725492
97.60000000000001,0.9999999947525875
97.65,0.9999999953332022
97.7,0.9999999956791187
97.75,0.9999999956806915
97.80000000000001,0.9999999956806915
97.85000000000001,0.9999999956817875
97.9,0.9999999956977546
97.95,0.9999999956977546
98.0,0.9999999956977546
98.05000000000001,0.9999999956977546
98.10000000000001,0.9999999956977546
98.15,0.9999999956977546
98.2,0.9999999956977546
98.25,0.9999999956977546
98.30000000000001,0.9999999956977546
98.35000000000001,0.9999999956977546
98.4,0.9999999956977546
98.45,0.9999999956977546
98.5,0.9999999956977546
98.55000000000001,0.9999999956977546
98.60000000000001,0.9999999956977546
98.65,0.9999999957017651
98.7,0.9999999957236718
98.75,0.9999999969037101
98.80000000000001,0.9999999977183065
98.85000000000001,0.9999999978317469
98.9,0.9999999978318145
98.95,0.9999999978318145
99.0,0.9999999978488773
99.05000000000001,0.9999999978488773
99.10000000000001,0.9999999978488773
99.15,0.9999999978488773
99.2,0.9999999978488773
99.25,0.9999999978488773
99.30000000000001,0.9999999978488773
99.35000000000001,0.9999999978488773
99.4,0.9999999978488773
99.45,0.9999999978488773
99.5,0.9999999978488773
99.55000000000001,0.9999999978488773
99.60000000000001,0.9999999978488773
99.65,0.9999999978488773
99.7,0.9999999978488773
99.75,0.9999999978488773
99.80000000000001,0.9999999978488773
99.85000000000001,0.9999999978488773
99.9,0.9999999978488773
99.95,0.9999999978488773
100.0,0.9999999978488773
100.05000000000001,0.9999999978488773
100.10000000000001,0.9999999978488773
100.15,0.9999999978488773
100.2,0.9999999978488773
100.25,0.9999999978488773
100.30000000000001,0.9999999978488773
100.35000000000001,0.9999999978488773
100.4,0.9999999978488773
100.45,0.9999999978488773
100.5,0.9999999978488773
100.55000000000001,0.9999999978488773
100.60000000000001,0.9999999978488773
100.65,0.9999999978488773
100.7,0.9999999978488773
100.75,0.9999999978488773
100.80000000000001,0.9999999978488773
100.85000000000001,0.9999999978488773
100.9,0.9999999978488773
100.95,0.9999999978488773
101.0,0.9999999978488773
101.05000000000001,0.9999999978528877
101.10000000000001,0.9999999978747945
101.15,0.9999999990548327
101.2,0.9999999998694291
101.25,0.9999999999813639
101.30000000000001,0.999999999982937
101.35000000000001,0.999999999982937
101.4,0.9999999999999998
101.45,0.9999999999999998
101.5,0.9999999999999998
101.55000000000001,0.9999999999999998
101.60000000000001,0.9999999999999998
101.65,0.9999999999999998
101.7,0.9999999999999998
101.75,0.9999999999999998
101.80000000000001,0.9999999999999998
101.85000000000001,0.9999999999999998
101.9,0.9999999999999998
101.95,0.9999999999999998
102.0,0.9999999999999998
102.05000000000001,0.9999999999999998
102.10000000000001,0.9999999999999998
102.15,0.9999999999999998
102.2,0.9999999999999998
102.25,0.9999999999999998
102.30000000000001,0.9999999999999998
102.35000000000001,0.9999999999999998
102.4,0.9999999999999998
102.45,0.9999999999999998
102.5,0.9999999999999998
102.55000000000001,0.9999999999999998
102.60000000000001,0.9999999999999998
102.65,0.9999999999999998
102.7,0.9999999999999998
102.75,0.9999999999999998
102.80000000000001,0.9999999999999998
102.85000000000001,0.9999999999999998
102.9,0.9999999999999998
102.95,0.9999999999999998
103.0,0.9999999999999998
103.05000000000001,0.9999999999999998
103.10000000000001,0.9999999999999998
103.15,0.9999999999999998
103.2,0.9999999999999998
103.25,0.9999999999999998
103.30000000000001,0.9999999999999998
103.35000000000001,0.9999999999999998
103.4,0.9999999999999998
103.45,0.9999999999999998
103.5,0.9999999999999998
103.55000000000001,0.9999999999999998
103.60000000000001,0.9999999999999998
103.65,0.9999999999999998
103.7,0.9999999999999998
103.75,0.9999999999999998
103.80000000000001,0.9999999999999998
103.85000000000001,0.9999999999999998
103.9,0.9999999999999998
103.95,0.9999999999999998
104.0,0.9999999999999998
104.05000000000001,0.9999999999999998
104.10000000000001,0.9999999999999998
104.15,0.9999999999999998
104.2,0.9999999999999998
104.25,0.9999999999999998
104.30000000000001,0.9999999999999998
104.35000000000001,0.9999999999999998
104.4,0.9999999999999998
104.45,0.9999999999999998
104.5,0.9999999999999998
104.55000000000001,0.9999999999999998
104.60000000000001,0.9999999999999998
104.65,0.9999999999999998
104.7,0.9999999999999998
104.75,0.9999999999999998
104.80000000000001,0.9999999999999998
104.85000000000001,0.9999999999999998
104.9,0.9999999999999998
104.95,0.9999999999999998
105.0,0.9999999999999998
105.05000000000001,0.9999999999999998
105.10000000000001,0.9999999999999998
105.15,0.9999999999999998
105.2,0.9999999999999998
105.25,0.9999999999999998
105.30000000000001,0.9999999999999998
105.35000000000001,0.9999999999999998
105.4,0.9999999999999998
105.45,0.9999999999999998
105.5,0.9999999999999998
105.55000000000001,0.9999999999999998
105.60000000000001,0.9999999999999998
105.65,0.9999999999999998
105.7,0.9999999999999998
105.75,0.9999999999999998
105.80000000000001,0.9999999999999998
105.85000000000001,0.9999999999999998
105.9,0.9999999999999998
105.95,0.9999999999999998
106.0,0.9999999999999998
106.05000000000001,0.9999999999999998
106.10000000000001,0.9999999999999998
106.15,0.9999999999999998
106.2,0.9999999999999998
106.25,0.9999999999999998
106.30000000000001,0.9999999999999998
106.35000000000001,0.9999999999999998
106.4,0.9999999999999998
106.45,0.9999999999999998
106.5,0.9999999999999998
106.55000000000001,0.9999999999999998
106.60000000000001,0.9999999999999998
106.65,0.9999999999999998
106.7,0.9999999999999998
106.75,0.9999999999999998
106.80000000000001,0.9999999999999998
106.85000000000001,0.9999999999999998
106.9,0.9999999999999998
106.95,0.9999999999999998
107.0,0.9999999999999998
107.05000000000001,0.9999999999999998
107.10000000000001,0.9999999999999998
107.15,0.9999999999999998
107.2,0.9999999999999998
107.25,0.9999999999999998
107.30000000000001,0.9999999999999998
107.35000000000001,0.9999999999999998
107.4,0.9999999999999998
107.45,0.9999999999999998
107.5,0.9999999999999998
107.55000000000001,0.9999999999999998
107.60000000000001,0.9999999999999998
107.65,0.9999999999999998
107.7,0.9999999999999998
107.75,0.9999999999999998
107.80000000000001,0.9999999999999998
107.85000000000001,0.9999999999999998
107.9,0.9999999999999998
107.95,0.9999999999999998
108.0,0.9999999999999998
108.05000000000001,0.9999999999999998
108.10000000000001,0.9999999999999998
108.15,0.9999999999999998
108.2,0.9999999999999998
108.25,0.9999999999999998
108.30000000000001,0.9999999999999998
108.35000000000001,0.9999999999999998
108.4,0.9999999999999998
108.45,0.9999999999999998
108.5,0.9999999999999998
108.55000000000001,0.9999999999999998
108.60000000000001,0.9999999999999998
108.65,0.9999999999999998
108.7,0.9999999999999998
108.75,0.9999999999999998
108.80000000000001,0.9999999999999998
108.85000000000001,0.9999999999999998
108.9,0.9999999999999998
108.95,0.9999999999999998
109.0,0.9999999999999998
109.05000000000001,0.9999999999999998
109.10000000000001,0.9999999999999998
109.15,0.9999999999999998
109.2,0.9999999999999998
109.25,0.9999999999999998
109.30000000000001,0.9999999999999998
109.35000000000001,0.9999999999999998
109.4,0.9999999999999998
109.45,0.9999999999999998
109.5,0.9999999999999998
109.55000000000001,0.9999999999999998
109.60000000000001,0.9999999999999998
109.65,0.9999999999999998
109.7,0.9999999999999998
109.75,0.9999999999999998
109.80000000000001,0.9999999999999998
109.85000000000001,0.9999999999999998
109.9,0.9999999999999998
109.95,0.9999999999999998
110.0,0.9999999999999998
110.05000000000001,0.9999999999999998
110.10000000000001,0.9999999999999998
110.15,0.9999999999999998
110.2,0.9999999999999998
110.25,0.9999999999999998
110.30000000000001,0.9999999999999998
110.35000000000001,0.9999999999999998
110.4,0.9999999999999998
110.45,0.9999999999999998
110.5,0.9999999999999998
110.55000000000001,0.9999999999999998
110.60000000000001,0.9999999999999998
110.65,0.9999999999999998
110.7,0.9999999999999998
110.75,0.9999999999999998
110.80000000000001,0.9999999999999998
110.85000000000001,0.9999999999999998
110.9,0.9999999999999998
110.95,0.9999999999999998
111.0,0.9999999999999998
111.05000000000001,0.9999999999999998
111.10000000000001,0.9999999999999998
111.15,0.9999999999999998
111.2,0.9999999999999998
111.25,0.9999999999999998
111.30000000000001,0.9999999999999998
111.35000000000001,0.9999999999999998
111.4,0.9999999999999998
111.45,0.9999999999999998
111.5,0.9999999999999998
111.55000000000001,0.9999999999999998
111.60000000000001,0.9999999999999998
111.65,0.9999999999999998
111.7,0.9999999999999998
111.75,0.9999999999999998
111.80000000000001,0.9999999999999998
111.85000000000001,0.9999999999999998
111.9,0.9999999999999998
111.95,0.9999999999999998
112.0,0.9999999999999998
112.05000000000001,0.9999999999999998
112.10000000000001,0.9999999999999998
112.15,0.9999999999999998
112.2,0.9999999999999998
112.25,0.9999999999999998
112.30000000000001,0.9999999999999998
112.35000000000001,0.9999999999999998
112.4,0.9999999999999998
112.45,0.9999999999999998
112.5,0.9999999999999998
112.55000000000001,0.9999999999999998
112.60000000000001,0.9999999999999998
112.65,0.9999999999999998
112.7,0.9999999999999998
112.75,0.9999999999999998
112.80000000000001,0.9999999999999998
112.85000000000001,0.9999999999999998
112.9,0.9999999999999998
112.95,0.9999999999999998
113.0,0.9999999999999998
113.05000000000001,0.9999999999999998
113.10000000000001,0.9999999999999998
113.15,0.9999999999999998
113.2,0.9999999999999998
113.25,0.9999999999999998
113.30000000000001,0.9999999999999998
113.35000000000001,0.9999999999999998
113.4,0.9999999999999998
113.45,0.9999999999999998
113.5,0.9999999999999998
113.55000000000001,0.9999999999999998
113.60000000000001,0.9999999999999998
113.65,0.9999999999999998
113.7,0.9999999999999998
113.75,0.9999999999999998
113.80000000000001,0.9999999999999998
113.85000000000001,0.9999999999999998
113.9,0.9999999999999998
113.95,0.9999999999999998
114.0,0.9999999999999998
114.05000000000001,0.9999999999999998
114.10000000000001,0.9999999999999998
114.15,0.9999999999999998
114.2,0.9999999999999998
114.25,0.9999999999999998
114.30000000000001,0.9999999999999998
114.35000000000001,0.9999999999999998
114.4,0.9999999999999998
114.45,0.9999999999999998
114.5,0.9999999999999998
114.55000000000001,0.9999999999999998
114.60000000000001,0.9999999999999998
114.65,0.9999999999999998
114.7,0.9999999999999998
114.75,0.9999999999999998
114.80000000000001,0.9999999999999998
114.85000000000001,0.9999999999999998
114.9,0.9999999999999998
114.95,0.9999999999999998
115.0,0.9999999999999998
115.05000000000001,0.9999999999999998
115.10000000000001,0.9999999999999998
115.15,0.9999999999999998
115.2,0.9999999999999998
115.25,0.9999999999999998
115.30000000000001,0.9999999999999998
115.35000000000001,0.9999999999999998
115.4,0.9999999999999998
115.45,0.9999999999999998
115.5,0.9999999999999998
115.55000000000001,0.9999999999999998
115.60000000000001,0.9999999999999998
115.65,0.9999999999999998
115.7,0.9999999999999998
115.75,0.9999999999999998
115.80000000000001,0.9999999999999998
115.85000000000001,0.9999999999999998
115.9,0.9999999999999998
115.95,0.9999999999999998
116.0,0.9999999999999998
116.05000000000001,0.9999999999999998
116.10000000000001,0.9999999999999998
116.15,0.9999999999999998
116.2,0.9999999999999998
116.25,0.9999999999999998
116.30000000000001,0.9999999999999998
116.35000000000001,0.9999999999999998
116.4,0.9999999999999998
116.45,0.9999999999999998
116.5,0.9999999999999998
116.55000000000001,0.9999999999999998
116.60000000000001,0.9999999999999998
116.65,0.9999999999999998
116.7,0.9999999999999998
116.75,0.9999999999999998
116.80000000000001,0.9999999999999998
116.85000000000001,0.9999999999999998
116.9,0.9999999999999998
116.95,0.9999999999999998
117.0,0.9999999999999998
117.05000000000001,0.9999999999999998
117.10000000000001,0.9999999999999998
117.15,0.9999999999999998
117.2,0.9999999999999998
117.25,0.9999999999999998
117.30000000000001,0.9999999999999998
117.35000000000001,0.9999999999999998
117.4,0.9999999999999998
117.45,0.9999999999999998
117.5,0.9999999999999998
117.55000000000001,0.9999999999999998
117.60000000000001,0.9999999999999998
117.65,0.9999999999999998
117.7,0.9999999999999998
117.75,0.9999999999999998
117.80000000000001,0.9999999999999998
117.85000000000001,0.9999999999999998
117.9,0.9999999999999998
117.95,0.9999999999999998
118.0,0.9999999999999998
118.05000000000001,0.9999999999999998
118.10000000000001,0.9999999999999998
118.15,0.9999999999999998
118.2,0.9999999999999998
118.25,0.9999999999999998
118.30000000000001,0.9999999999999998
118.35000000000001,0.9999999999999998
118.4,0.9999999999999998
118.45,0.9999999999999998
118.5,0.9999999999999998
118.55000000000001,0.9999999999999998
118.60000000000001,0.9999999999999998
118.65,0.9999999999999998
118.7,0.9999999999999998
118.75,0.9999999999999998
118.80000000000001,0.9999999999999998
118.85000000000001,0.9999999999999998
118.9,0.9999999999999998
118.95,0.9999999999999998
119.0,0.9999999999999998
119.05000000000001,0.9999999999999998
119.10000000000001,0.9999999999999998
119.15,0.9999999999999998
119.2,0.9999999999999998
119.25,0.9999999999999998
119.30000000000001,0.9999999999999998
119.35000000000001,0.9999999999999998
119.4,0.9999999999999998
119.45,0.9999999999999998
119.5,0.9999999999999998
119.55000000000001,0.9999999999999998
119.60000000000001,0.9999999999999998
119.65,0.9999999999999998
119.7,0.9999999999999998
119.75,0.9999999999999998
119.80000000000001,0.9999999999999998
119.85000000000001,0.9999999999999998
119.9,0.9999999999999998
119.95,0.9999999999999998
120.0,0.9999999999999998
120.05000000000001,0.9999999999999998
120.10000000000001,0.9999999999999998
120.15,0.9999999999999998
120.2,0.9999999999999998
120.25,0.9999999999999998
120.30000000000001,0.9999999999999998
120.35000000000001,0.9999999999999998
120.4,0.9999999999999998
120.45,0.9999999999999998
120.5,0.9999999999999998
120.55000000000001,0.9999999999999998
120.60000000000001,0.9999999999999998
120.65,0.9999999999999998
120.7,0.9999999999999998
120.75,0.9999999999999998
120.80000000000001,0.9999999999999998
120.85000000000001,0.9999999999999998
120.9,0.9999999999999998
120.95,0.9999999999999998
121.0,0.9999999999999998
121.05000000000001,0.9999999999999998
121.10000000000001,0.9999999999999998
121.15,0.9999999999999998
121.2,0.9999999999999998
121.25,0.9999999999999998
121.30000000000001,0.9999999999999998
121.35000000000001,0.9999999999999998
121.4,0.9999999999999998
121.45,0.9999999999999998
121.5,0.9999999999999998
121.55000000000001,0.9999999999999998
121.60000000000001,0.9999999999999998
121.65,0.9999999999999998
121.7,0.9999999999999998
121.75,0.9999999999999998
121.80000000000001,0.9999999999999998
121.85000000000001,0.9999999999999998
121.9,0.9999999999999998
121.95,0.9999999999999998
122.0,0.9999999999999998
122.05000000000001,0.9999999999999998
122.10000000000001,0.9999999999999998
122.15,0.9999999999999998
122.2,0.9999999999999998
122.25,0.9999999999999998
122.30000000000001,0.9999999999999998
122.35000000000001,0.9999999999999998
122.4,0.9999999999999998
122.45,0.9999999999999998
122.5,0.9999999999999998
122.55000000000001,0.9999999999999998
122.60000000000001,0.9999999999999998
122.65,0.9999999999999998
122.7,0.9999999999999998
122.75,0.9999999999999998
122.80000000000001,0.9999999999999998
122.85000000000001,0.9999999999999998
122.9,0.9999999999999998
122.95,0.9999999999999998
123.0,0.9999999999999998
123.05000000000001,0.9999999999999998
123.10000000000001,0.9999999999999998
123.15,0.9999999999999998
123.2,0.9999999999999998
123.25,0.9999999999999998
123.30000000000001,0.9999999999999998
123.35000000000001,0.9999999999999998
123.4,0.9999999999999998
123.45,0.9999999999999998
123.5,0.9999999999999998
123.55000000000001,0.9999999999999998
123.60000000000001,0.9999999999999998
123.65,0.9999999999999998
123.7,0.9999999999999998
123.75,0.9999999999999998
123.80000000000001,0.9999999999999998
123.85000000000001,0.9999999999999998
123.9,0.9999999999999998
123.95,0.9999999999999998
124.0,0.9999999999999998
124.05000000000001,0.9999999999999998
124.10000000000001,0.9999999999999998
124.15,0.9999999999999998
124.2,0.9999999999999998
124.25,0.9999999999999998
124.30000000000001,0.9999999999999998
124.35000000000001,0.9999999999999998
124.4,0.9999999999999998
124.45,0.9999999999999998
124.5,0.9999999999999998
124.55000000000001,0.9999999999999998
124.60000000000001,0.9999999999999998
124.65,0.9999999999999998
124.7,0.9999999999999998
124.75,0.9999999999999998
124.80000000000001,0.9999999999999998
124.85000000000001,0.9999999999999998
124.9,0.9999999999999998
124.95,0.9999999999999998
125.0,0.9999999999999998
125.05000000000001,0.9999999999999998
125.10000000000001,0.9999999999999998
125.15,0.9999999999999998
125.2,0.9999999999999998
125.25,0.9999999999999998
125.30000000000001,0.9999999999999998
125.35000000000001,0.9999999999999998
125.4,0.9999999999999998
125.45,0.9999999999999998
125.5,0.9999999999999998
125.55000000000001,0.9999999999999998
125.60000000000001,0.9999999999999998
125.65,0.9999999999999998
125.7,0.9999999999999998
125.75,0.9999999999999998
125.80000000000001,0.9999999999999998
125.85000000000001,0.9999999999999998
125.9,0.9999999999999998
125.95,0.9999999999999998
126.0,0.9999999999999998
126.05000000000001,0.9999999999999998
126.10000000000001,0.9999999999999998
126.15,0.9999999999999998
126.2,0.9999999999999998
126.25,0.9999999999999998
126.30000000000001,0.9999999999999998
126.35000000000001,0.9999999999999998
126.4,0.9999999999999998
126.45,0.9999999999999998
126.5,0.9999999999999998
126.55000000000001,0.9999999999999998
126.60000000000001,0.9999999999999998
126.65,0.9999999999999998
126.7,0.9999999999999998
126.75,0.9999999999999998
126.80000000000001,0.9999999999999998
126.85000000000001,0.9999999999999998
126.9,0.9999999999999998
126.95,0.9999999999999998
127.0,0.9999999999999998
127.05000000000001,0.9999999999999998
127.10000000000001,0.9999999999999998
127.15,0.9999999999999998
127.2,0.9999999999999998
127.25,0.9999999999999998
127.30000000000001,0.9999999999999998
127.35000000000001,0.9999999999999998
127.4,0.9999999999999998
127.45,0.9999999999999998
127.5,0.9999999999999998
127.55000000000001,0.9999999999999998
127.60000000000001,0.9999999999999998
127.65,0.9999999999999998
127.7,0.9999999999999998
127.75,0.9999999999999998
127.80000000000001,0.9999999999999998
127.85000000000001,0.9999999999999998
127.9,0.9999999999999998
127.95,0.9999999999999998
128.0,0.9999999999999998
128.05,0.9999999999999998
128.1,0.9999999999999998
128.15,0.9999999999999998
128.20000000000002,0.9999999999999998
128.25,0.9999999999999998
128.3,0.9999999999999998
128.35,0.9999999999999998
128.4,0.9999999999999998
128.45000000000002,0.9999999999999998
128.5,0.9999999999999998
128.55,0.9999999999999998
128.6,0.9999999999999998
128.65,0.9999999999999998
128.70000000000002,0.9999999999999998
128.75,0.9999999999999998
128.8,0.9999999999999998
128.85,0.9999999999999998
128.9,0.9999999999999998
128.95000000000002,0.9999999999999998
129.0,0.9999999999999998
129.05,0.9999999999999998
129.1,0.9999999999999998
129.15,0.9999999999999998
129.20000000000002,0.9999999999999998
129.25,0.9999999999999998
129.3,0.9999999999999998
129.35,0.9999999999999998
129.4,0.9999999999999998
129.45000000000002,0.9999999999999998
129.5,0.9999999999999998
129.55,0.9999999999999998
129.6,0.9999999999999998
129.65,0.9999999999999998
129.70000000000002,0.9999999999999998
129.75,0.9999999999999998
129.8,0.9999999999999998
129.85,0.9999999999999998
129.9,0.9999999999999998
129.95000000000002,0.9999999999999998
130.0,0.9999999999999998
130.05,0.9999999999999998
130.1,0.9999999999999998
130.15,0.9999999999999998
130.20000000000002,0.9999999999999998
130.25,0.9999999999999998
130.3,0.9999999999999998
130.35,0.9999999999999998
130.4,0.9999999999999998
130.45000000000002,0.9999999999999998
130.5,0.9999999999999998
130.55,0.9999999999999998
130.6,0.9999999999999998
130.65,0.9999999999999998
130.70000000000002,0.9999999999999998
130.75,0.9999999999999998
130.8,0.9999999999999998
130.85,0.9999999999999998
130.9,0.9999999999999998
130.95000000000002,0.9999999999999998
131.0,0.9999999999999998
131.05,0.9999999999999998
131.1,0.9999999999999998
131.15,0.9999999999999998
131.20000000000002,0.9999999999999998
131.25,0.9999999999999998
131.3,0.9999999999999998
131.35,0.9999999999999998
131.4,0.9999999999999998
131.45000000000002,0.9999999999999998
131.5,0.9999999999999998
131.55,0.9999999999999998
131.6,0.9999999999999998
131.65,0.9999999999999998
131.70000000000002,0.9999999999999998
131.75,0.9999999999999998
131.8,0.9999999999999998
131.85,0.9999999999999998
131.9,0.9999999999999998
131.95000000000002,0.9999999999999998
132.0,0.9999999999999998
132.05,0.9999999999999998
132.1,0.9999999999999998
132.15,0.9999999999999998
132.20000000000002,0.9999999999999998
132.25,0.9999999999999998
132.3,0.9999999999999998
132.35,0.9999999999999998
132.4,0.9999999999999998
132.45000000000002,0.9999999999999998
132.5,0.9999999999999998
132.55,0.9999999999999998
132.6,0.9999999999999998
132.65,0.9999999999999998
132.70000000000002,0.9999999999999998
132.75,0.9999999999999998
132.8,0.9999999999999998
132.85,0.9999999999999998
132.9,0.9999999999999998
132.95000000000002,0.9999999999999998
133.0,0.9999999999999998
133.05,0.9999999999999998
133.1,0.9999999999999998
133.15,0.9999999999999998
133.20000000000002,0.9999999999999998
133.25,0.9999999999999998
133.3,0.9999999999999998
133.35,0.9999999999999998
133.4,0.9999999999999998
133.45000000000002,0.9999999999999998
133.5,0.9999999999999998
133.55,0.9999999999999998
133.6,0.9999999999999998
133.65,0.9999999999999998
133.70000000000002,0.9999999999999998
133.75,0.9999999999999998
133.8,0.9999999999999998
133.85,0.9999999999999998
133.9,0.9999999999999998
133.95000000000002,0.9999999999999998
134.0,0.9999999999999998
134.05,0.9999999999999998
134.1,0.9999999999999998
134.15,0.9999999999999998
134.20000000000002,0.9999999999999998
134.25,0.9999999999999998
134.3,0.9999999999999998
134.35,0.9999999999999998
134.4,0.9999999999999998
134.45000000000002,0.9999999999999998
134.5,0.9999999999999998
134.55,0.9999999999999998
134.6,0.9999999999999998
134.65,0.9999999999999998
134.70000000000002,0.9999999999999998
134.75,0.9999999999999998
134.8,0.9999999999999998
134.85,0.9999999999999998
134.9,0.9999999999999998
134.95000000000002,0.9999999999999998
135.0,0.9999999999999998
135.05,0.9999999999999998
135.1,0.9999999999999998
135.15,0.9999999999999998
135.20000000000002,0.9999999999999998
135.25,0.9999999999999998
135.3,0.9999999999999998
135.35,0.9999999999999998
135.4,0.9999999999999998
135.45000000000002,0.9999999999999998
135.5,0.9999999999999998
135.55,0.9999999999999998
135.6,0.9999999999999998
135.65,0.9999999999999998
135.70000000000002,0.9999999999999998
135.75,0.9999999999999998
135.8,0.9999999999999998
135.85,0.9999999999999998
135.9,0.9999999999999998
135.95000000000002,0.9999999999999998
136.0,0.9999999999999998
136.05,0.9999999999999998
136.1,0.9999999999999998
136.15,0.9999999999999998
136.20000000000002,0.9999999999999998
136.25,0.9999999999999998
136.3,0.9999999999999998
136.35,0.9999999999999998
136.4,0.9999999999999998
136.45000000000002,0.9999999999999998
136.5,0.9999999999999998
136.55,0.9999999999999998
136.6,0.9999999999999998
136.65,0.9999999999999998
136.70000000000002,0.9999999999999998
136.75,0.9999999999999998
136.8,0.9999999999999998
136.85,0.9999999999999998
136.9,0.9999999999999998
136.95000000000002,0.9999999999999998
137.0,0.9999999999999998
137.05,0.9999999999999998
137.1,0.9999999999999998
137.15,0.9999999999999998
137.20000000000002,0.9999999999999998
137.25,0.9999999999999998
137.3,0.9999999999999998
137.35,0.9999999999999998
137.4,0.9999999999999998
137.45000000000002,0.9999999999999998
137.5,0.9999999999999998
137.55,0.9999999999999998
137.6,0.9999999999999998
137.65,0.9999999999999998
137.70000000000002,0.9999999999999998
137.75,0.9999999999999998
137.8,0.9999999999999998
137.85,0.9999999999999998
137.9,0.9999999999999998
137.95000000000002,0.9999999999999998
138.0,0.9999999999999998
138.05,0.9999999999999998
138.1,0.9999999999999998
138.15,0.9999999999999998
138.20000000000002,0.9999999999999998
138.25,0.9999999999999998
138.3,0.9999999999999998
138.35,0.9999999999999998
138.4,0.9999999999999998
138.45000000000002,0.9999999999999998
138.5,0.9999999999999998
138.55,0.9999999999999998
138.6,0.9999999999999998
138.65,0.9999999999999998
138.70000000000002,0.9999999999999998
138.75,0.9999999999999998
138.8,0.9999999999999998
138.85,0.9999999999999998
138.9,0.9999999999999998
138.95000000000002,0.9999999999999998
139.0,0.9999999999999998
139.05,0.9999999999999998
139.1,0.9999999999999998
139.15,0.9999999999999998
139.20000000000002,0.9999999999999998
139.25,0.9999999999999998
139.3,0.9999999999999998
139.35,0.9999999999999998
139.4,0.9999999999999998
139.45000000000002,0.9999999999999998
139.5,0.9999999999999998
139.55,0.9999999999999998
139.6,0.9999999999999998
139.65,0.9999999999999998
139.70000000000002,0.9999999999999998
139.75,0.9999999999999998
139.8,0.9999999999999998
139.85,0.9999999999999998
139.9,0.9999999999999998
139.95000000000002,0.9999999999999998
140.0,0.9999999999999998
140.05,0.9999999999999998
140.1,0.9999999999999998
140.15,0.9999999999999998
140.20000000000002,0.9999999999999998
140.25,0.9999999999999998
140.3,0.9999999999999998
140.35,0.9999999999999998
140.4,0.9999999999999998
140.45000000000002,0.9999999999999998
140.5,0.9999999999999998
140.55,0.9999999999999998
140.6,0.9999999999999998
140.65,0.9999999999999998
140.70000000000002,0.9999999999999998
140.75,0.9999999999999998
140.8,0.9999999999999998
140.85,0.9999999999999998
140.9,0.9999999999999998
140.95000000000002,0.9999999999999998
141.0,0.9999999999999998
141.05,0.9999999999999998
141.1,0.9999999999999998
141.15,0.9999999999999998
141.20000000000002,0.9999999999999998
141.25,0.9999999999999998
141.3,0.9999999999999998
141.35,0.9999999999999998
141.4,0.9999999999999998
141.45000000000002,0.9999999999999998
141.5,0.9999999999999998
141.55,0.9999999999999998
141.6,0.9999999999999998
141.65,0.9999999999999998
141.70000000000002,0.9999999999999998
141.75,0.9999999999999998
141.8,0.9999999999999998
141.85,0.9999999999999998
141.9,0.9999999999999998
141.95000000000002,0.9999999999999998
142.0,0.9999999999999998
142.05,0.9999999999999998
142.1,0.9999999999999998
142.15,0.9999999999999998
142.20000000000002,0.9999999999999998
142.25,0.9999999999999998
142.3,0.9999999999999998
142.35,0.9999999999999998
142.4,0.9999999999999998
142.45000000000002,0.9999999999999998
142.5,0.9999999999999998
142.55,0.9999999999999998
142.6,0.9999999999999998
142.65,0.9999999999999998
142.70000000000002,0.9999999999999998
142.75,0.9999999999999998
142.8,0.9999999999999998
142.85,0.9999999999999998
142.9,0.9999999999999998
142.95000000000002,0.9999999999999998
143.0,0.9999999999999998
143.05,0.9999999999999998
143.1,0.9999999999999998
143.15,0.9999999999999998
143.20000000000002,0.9999999999999998
143.25,0.9999999999999998
143.3,0.9999999999999998
143.35,0.9999999999999998
143.4,0.9999999999999998
143.45000000000002,0.9999999999999998
143.5,0.9999999999999998
143.55,0.9999999999999998
143.6,0.9999999999999998
143.65,0.9999999999999998
143.70000000000002,0.9999999999999998
143.75,0.9999999999999998
143.8,0.9999999999999998
143.85,0.9999999999999998
143.9,0.9999999999999998
143.95000000000002,0.9999999999999998
144.0,0.9999999999999998
144.05,0.9999999999999998
144.1,0.9999999999999998
144.15,0.9999999999999998
144.20000000000002,0.9999999999999998
144.25,0.9999999999999998
144.3,0.9999999999999998
144.35,0.9999999999999998
144.4,0.9999999999999998
144.45000000000002,0.9999999999999998
144.5,0.9999999999999998
144.55,0.9999999999999998
144.6,0.9999999999999998
144.65,0.9999999999999998
144.70000000000002,0.9999999999999998
144.75,0.9999999999999998
144.8,0.9999999999999998
144.85,0.9999999999999998
144.9,0.9999999999999998
144.95000000000002,0.9999999999999998
145.0,0.9999999999999998
145.05,0.9999999999999998
145.1,0.9999999999999998
145.15,0.9999999999999998
145.20000000000002,0.9999999999999998
145.25,0.9999999999999998
145.3,0.9999999999999998
145.35,0.9999999999999998
145.4,0.9999999999999998
145.45000000000002,0.9999999999999998
145.5,0.9999999999999998
145.55,0.9999999999999998
145.6,0.9999999999999998
145.65,0.9999999999999998
145.70000000000002,0.9999999999999998
145.75,0.9999999999999998
145.8,0.9999999999999998
145.85,0.9999999999999998
145.9,0.9999999999999998
145.95000000000002,0.9999999999999998
146.0,0.9999999999999998
146.05,0.9999999999999998
146.1,0.9999999999999998
146.15,0.9999999999999998
146.20000000000002,0.9999999999999998
146.25,0.9999999999999998
146.3,0.9999999999999998
146.35,0.9999999999999998
146.4,0.9999999999999998
146.45000000000002,0.9999999999999998
146.5,0.9999999999999998
146.55,0.9999999999999998
146.6,0.9999999999999998
146.65,0.9999999999999998
146.70000000000002,0.9999999999999998
146.75,0.9999999999999998
146.8,0.9999999999999998
146.85,0.9999999999999998
146.9,0.9999999999999998
146.95000000000002,0.9999999999999998
147.0,0.9999999999999998
147.05,0.9999999999999998
147.1,0.9999999999999998
147.15,0.9999999999999998
147.20000000000002,0.9999999999999998
147.25,0.9999999999999998
147.3,0.9999999999999998
147.35,0.9999999999999998
147.4,0.9999999999999998
147.45000000000002,0.9999999999999998
147.5,0.9999999999999998
147.55,0.9999999999999998
147.6,0.9999999999999998
147.65,0.9999999999999998
147.70000000000002,0.9999999999999998
147.75,0.9999999999999998
147.8,0.9999999999999998
147.85,0.9999999999999998
147.9,0.9999999999999998
147.95000000000002,0.9999999999999998
148.0,0.9999999999999998
148.05,0.9999999999999998
148.1,0.9999999999999998
148.15,0.9999999999999998
148.20000000000002,0.9999999999999998
148.25,0.9999999999999998
148.3,0.9999999999999998
148.35,0.9999999999999998
148.4,0.9999999999999998
148.45000000000002,0.9999999999999998
148.5,0.9999999999999998
148.55,0.9999999999999998
148.6,0.9999999999999998
148.65,0.9999999999999998
148.70000000000002,0.9999999999999998
148.75,0.9999999999999998
148.8,0.9999999999999998
148.85,0.9999999999999998
148.9,0.9999999999999998
148.95000000000002,0.9999999999999998
149.0,0.9999999999999998
149.05,0.9999999999999998
149.1,0.9999999999999998
149.15,0.9999999999999998
149.20000000000002,0.9999999999999998
149.25,0.9999999999999998
149.3,0.9999999999999998
149.35,0.9999999999999998
149.4,0.9999999999999998
149.45000000000002,0.9999999999999998
149.5,0.9999999999999998
149.55,0.9999999999999998
149.6,0.9999999999999998
149.65,0.9999999999999998
149.70000000000002,0.9999999999999998
149.75,0.9999999999999998
149.8,0.9999999999999998
149.85,0.9999999999999998
149.9,0.9999999999999998
149.95000000000002,0.9999999999999998
150.0,0.9999999999999998
150.05,0.9999999999999998
150.1,0.9999999999999998
150.15,0.9999999999999998
150.20000000000002,0.9999999999999998
150.25,0.9999999999999998
150.3,0.9999999999999998
150.35,0.9999999999999998
150.4,0.9999999999999998
150.45000000000002,0.9999999999999998
150.5,0.9999999999999998
150.55,0.9999999999999998
150.6,0.9999999999999998
150.65,0.9999999999999998
150.70000000000002,0.9999999999999998
150.75,0.9999999999999998
150.8,0.9999999999999998
150.85,0.9999999999999998
150.9,0.9999999999999998
150.95000000000002,0.9999999999999998
151.0,0.9999999999999998
151.05,0.9999999999999998
151.1,0.9999999999999998
151.15,0.9999999999999998
151.20000000000002,0.9999999999999998
151.25,0.9999999999999998
151.3,0.9999999999999998
151.35,0.9999999999999998
151.4,0.9999999999999998
151.45000000000002,0.9999999999999998
151.5,0.9999999999999998
151.55,0.9999999999999998
151.6,0.9999999999999998
151.65,0.9999999999999998
151.70000000000002,0.9999999999999998
151.75,0.9999999999999998
151.8,0.9999999999999998
151.85,0.9999999999999998
151.9,0.9999999999999998
151.95000000000002,0.9999999999999998
152.0,0.9999999999999998
152.05,0.9999999999999998
152.1,0.9999999999999998
152.15,0.9999999999999998
152.20000000000002,0.9999999999999998
152.25,0.9999999999999998
152.3,0.9999999999999998
152.35,0.9999999999999998
152.4,0.9999999999999998
152.45000000000002,0.9999999999999998
152.5,0.9999999999999998
152.55,0.9999999999999998
152.6,0.9999999999999998
152.65,0.9999999999999998
152.70000000000002,0.9999999999999998
152.75,0.9999999999999998
152.8,0.9999999999999998
152.85,0.9999999999999998
152.9,0.9999999999999998
152.95000000000002,0.9999999999999998
153.0,0.9999999999999998
153.05,0.9999999999999998
153.1,0.9999999999999998
153.15,0.9999999999999998
153.20000000000002,0.9999999999999998
153.25,0.9999999999999998
153.3,0.9999999999999998
153.35,0.9999999999999998
153.4,0.9999999999999998
153.45000000000002,0.9999999999999998
153.5,0.9999999999999998
153.55,0.9999999999999998
153.60000000000002,0.9999999999999998
153.65,0.9999999999999998
153.70000000000002,0.9999999999999998
153.75,0.9999999999999998
153.8,0.9999999999999998
153.85000000000002,0.9999999999999998
153.9,0.9999999999999998
153.95000000000002,0.9999999999999998
154.0,0.9999999999999998
154.05,0.9999999999999998
154.10000000000002,0.9999999999999998
154.15,0.9999999999999998
154.20000000000002,0.9999999999999998
154.25,0.9999999999999998
154.3,0.9999999999999998
154.35000000000002,0.9999999999999998
154.4,0.9999999999999998
154.45000000000002,0.9999999999999998
154.5,0.9999999999999998
154.55,0.9999999999999998
154.60000000000002,0.9999999999999998
154.65,0.9999999999999998
154.70000000000002,0.9999999999999998
154.75,0.9999999999999998
154.8,0.9999999999999998
154.85000000000002,0.9999999999999998
154.9,0.9999999999999998
154.95000000000002,0.9999999999999998
155.0,0.9999999999999998
155.05,0.9999999999999998
155.10000000000002,0.9999999999999998
155.15,0.9999999999999998
155.20000000000002,0.9999999999999998
155.25,0.9999999999999998
155.3,0.9999999999999998
155.35000000000002,0.9999999999999998
155.4,0.9999999999999998
155.45000000000002,0.9999999999999998
155.5,0.9999999999999998
155.55,0.9999999999999998
155.60000000000002,0.9999999999999998
155.65,0.9999999999999998
155.70000000000002,0.9999999999999998
155.75,0.9999999999999998
155.8,0.9999999999999998
155.85000000000002,0.9999999999999998
155.9,0.9999999999999998
155.95000000000002,0.9999999999999998
156.0,0.9999999999999998
156.05,0.9999999999999998
156.10000000000002,0.9999999999999998
156.15,0.9999999999999998
156.20000000000002,0.9999999999999998
156.25,0.9999999999999998
156.3,0.9999999999999998
156.35000000000002,0.9999999999999998
156.4,0.9999999999999998
156.45000000000002,0.9999999999999998
156.5,0.9999999999999998
156.55,0.9999999999999998
156.60000000000002,0.9999999999999998
156.65,0.9999999999999998
156.70000000000002,0.9999999999999998
156.75,0.9999999999999998
156.8,0.9999999999999998
156.85000000000002,0.9999999999999998
156.9,0.9999999999999998
156.95000000000002,0.9999999999999998
157.0,0.9999999999999998
157.05,0.9999999999999998
157.10000000000002,0.9999999999999998
157.15,0.9999999999999998
157.20000000000002,0.9999999999999998
157.25,0.9999999999999998
157.3,0.9999999999999998
157.35000000000002,0.9999999999999998
157.4,0.9999999999999998
157.45000000000002,0.9999999999999998
157.5,0.9999999999999998
157.55,0.9999999999999998
157.60000000000002,0.9999999999999998
157.65,0.9999999999999998
157.70000000000002,0.9999999999999998
157.75,0.9999999999999998
157.8,0.9999999999999998
157.85000000000002,0.9999999999999998
157.9,0.9999999999999998
157.95000000000002,0.9999999999999998
158.0,0.9999999999999998
158.05,0.9999999999999998
158.10000000000002,0.9999999999999998
158.15,0.9999999999999998
158.20000000000002,0.9999999999999998
158.25,0.9999999999999998
158.3,0.9999999999999998
158.35000000000002,0.9999999999999998
158.4,0.9999999999999998
158.45000000000002,0.9999999999999998
158.5,0.9999999999999998
158.55,0.9999999999999998
158.60000000000002,0.9999999999999998
158.65,0.9999999999999998
158.70000000000002,0.9999999999999998
158.75,0.9999999999999998
158.8,0.9999999999999998
158.85000000000002,0.9999999999999998
158.9,0.9999999999999998
158.95000000000002,0.9999999999999998
159.0,0.9999999999999998
159.05,0.9999999999999998
159.10000000000002,0.9999999999999998
159.15,0.9999999999999998
159.20000000000002,0.9999999999999998
159.25,0.9999999999999998
159.3,0.9999999999999998
159.35000000000002,0.9999999999999998
159.4,0.9999999999999998
159.45000000000002,0.9999999999999998
159.5,0.9999999999999998
159.55,0.9999999999999998
159.60000000000002,0.9999999999999998
159.65,0.9999999999999998
159.70000000000002,0.9999999999999998
159.75,0.9999999999999998
159.8,0.9999999999999998
159.85000000000002,0.9999999999999998
159.9,0.9999999999999998
159.95000000000002,0.9999999999999998
160.0,0.9999999999999998
160.05,0.9999999999999998
160.10000000000002,0.9999999999999998
160.15,0.9999999999999998
160.20000000000002,0.9999999999999998
160.25,0.9999999999999998
160.3,0.9999999999999998
160.35000000000002,0.9999999999999998
160.4,0.9999999999999998
160.45000000000002,0.9999999999999998
160.5,0.9999999999999998
160.55,0.9999999999999998
160.60000000000002,0.9999999999999998
160.65,0.9999999999999998
160.70000000000002,0.9999999999999998
160.75,0.9999999999999998
160.8,0.9999999999999998
160.85000000000002,0.9999999999999998
160.9,0.9999999999999998
160.95000000000002,0.9999999999999998
161.0,0.9999999999999998
161.05,0.9999999999999998
161.10000000000002,0.9999999999999998
161.15,0.9999999999999998
161.20000000000002,0.9999999999999998
161.25,0.9999999999999998
161.3,0.9999999999999998
161.35000000000002,0.9999999999999998
161.4,0.9999999999999998
161.45000000000002,0.9999999999999998
161.5,0.9999999999999998
161.55,0.9999999999999998
161.60000000000002,0.9999999999999998
161.65,0.9999999999999998
161.70000000000002,0.9999999999999998
161.75,0.9999999999999998
161.8,0.9999999999999998
161.85000000000002,0.9999999999999998
161.9,0.9999999999999998
161.95000000000002,0.9999999999999998
162.0,0.9999999999999998
162.05,0.9999999999999998
162.10000000000002,0.9999999999999998
162.15,0.9999999999999998
162.20000000000002,0.9999999999999998
162.25,0.9999999999999998
162.3,0.9999999999999998
162.35000000000002,0.9999999999999998
162.4,0.9999999999999998
162.45000000000002,0.9999999999999998
162.5,0.9999999999999998
162.55,0.9999999999999998
162.60000000000002,0.9999999999999998
162.65,0.9999999999999998
162.70000000000002,0.9999999999999998
162.75,0.9999999999999998
162.8,0.9999999999999998
162.85000000000002,0.9999999999999998
162.9,0.9999999999999998
162.95000000000002,0.9999999999999998
163.0,0.9999999999999998
163.05,0.9999999999999998
163.10000000000002,0.9999999999999998
163.15,0.9999999999999998
163.20000000000002,0.9999999999999998
163.25,0.9999999999999998
163.3,0.9999999999999998
163.35000000000002,0.9999999999999998
163.4,0.9999999999999998
163.45000000000002,0.9999999999999998
163.5,0.9999999999999998
163.55,0.9999999999999998
163.60000000000002,0.9999999999999998
163.65,0.9999999999999998
163.70000000000002,0.9999999999999998
163.75,0.9999999999999998
163.8,0.9999999999999998
163.85000000000002,0.9999999999999998
163.9,0.9999999999999998
163.95000000000002,0.9999999999999998
164.0,0.9999999999999998
164.05,0.9999999999999998
164.10000000000002,0.9999999999999998
164.15,0.9999999999999998
164.20000000000002,0.9999999999999998
164.25,0.9999999999999998
164.3,0.9999999999999998
164.35000000000002,0.9999999999999998
164.4,0.9999999999999998
164.45000000000002,0.9999999999999998
164.5,0.9999999999999998
164.55,0.9999999999999998
164.60000000000002,0.9999999999999998
164.65,0.9999999999999998
164.70000000000002,0.9999999999999998
164.75,0.9999999999999998
164.8,0.9999999999999998
164.85000000000002,0.9999999999999998
164.9,0.9999999999999998
164.95000000000002,0.9999999999999998
165.0,0.9999999999999998
165.05,0.9999999999999998
165.10000000000002,0.9999999999999998
165.15,0.9999999999999998
165.20000000000002,0.9999999999999998
165.25,0.9999999999999998
165.3,0.9999999999999998
165.35000000000002,0.9999999999999998
165.4,0.9999999999999998
165.45000000000002,0.9999999999999998
165.5,0.9999999999999998
165.55,0.9999999999999998
165.60000000000002,0.9999999999999998
165.65,0.9999999999999998
165.70000000000002,0.9999999999999998
165.75,0.9999999999999998
165.8,0.9999999999999998
165.85000000000002,0.9999999999999998
165.9,0.9999999999999998
165.95000000000002,0.9999999999999998
166.0,0.9999999999999998
166.05,0.9999999999999998
166.10000000000002,0.9999999999999998
166.15,0.9999999999999998
166.20000000000002,0.9999999999999998
166.25,0.9999999999999998
166.3,0.9999999999999998
166.35000000000002,0.9999999999999998
166.4,0.9999999999999998
166.45000000000002,0.9999999999999998
166.5,0.9999999999999998
166.55,0.9999999999999998
166.60000000000002,0.9999999999999998
166.65,0.9999999999999998
166.70000000000002,0.9999999999999998
166.75,0.9999999999999998
166.8,0.9999999999999998
166.85000000000002,0.9999999999999998
166.9,0.9999999999999998
166.95000000000002,0.9999999999999998
167.0,0.9999999999999998
167.05,0.9999999999999998
167.10000000000002,0.9999999999999998
167.15,0.9999999999999998
167.20000000000002,0.9999999999999998
167.25,0.9999999999999998
167.3,0.9999999999999998
167.35000000000002,0.9999999999999998
167.4,0.9999999999999998
167.45000000000002,0.9999999999999998
167.5,0.9999999999999998
167.55,0.9999999999999998
167.60000000000002,0.9999999999999998
167.65,0.9999999999999998
167.70000000000002,0.9999999999999998
167.75,0.9999999999999998
167.8,0.9999999999999998
167.85000000000002,0.9999999999999998
167.9,0.9999999999999998
167.95000000000002,0.9999999999999998
168.0,0.9999999999999998
168.05,0.9999999999999998
168.10000000000002,0.9999999999999998
168.15,0.9999999999999998
168.20000000000002,0.9999999999999998
168.25,0.9999999999999998
168.3,0.9999999999999998
168.35000000000002,0.9999999999999998
168.4,0.9999999999999998
168.45000000000002,0.9999999999999998
168.5,0.9999999999999998
168.55,0.9999999999999998
168.60000000000002,0.9999999999999998
168.65,0.9999999999999998
168.70000000000002,0.9999999999999998
168.75,0.9999999999999998
168.8,0.9999999999999998
168.85000000000002,0.9999999999999998
168.9,0.9999999999999998
168.95000000000002,0.9999999999999998
169.0,0.9999999999999998
169.05,0.9999999999999998
169.10000000000002,0.9999999999999998
169.15,0.9999999999999998
169.20000000000002,0.9999999999999998
169.25,0.9999999999999998
169.3,0.9999999999999998
169.35000000000002,0.9999999999999998
169.4,0.9999999999999998
169.45000000000002,0.9999999999999998
169.5,0.9999999999999998
169.55,0.9999999999999998
169.60000000000002,0.9999999999999998
169.65,0.9999999999999998
169.70000000000002,0.9999999999999998
169.75,0.9999999999999998
169.8,0.9999999999999998
169.85000000000002,0.9999999999999998
169.9,0.9999999999999998
169.95000000000002,0.9999999999999998
170.0,0.9999999999999998
170.05,0.9999999999999998
170.10000000000002,0.9999999999999998
170.15,0.9999999999999998
170.20000000000002,0.9999999999999998
170.25,0.9999999999999998
170.3,0.9999999999999998
170.35000000000002,0.9999999999999998
170.4,0.9999999999999998
170.45000000000002,0.9999999999999998
170.5,0.9999999999999998
170.55,0.9999999999999998
170.60000000000002,0.9999999999999998
170.65,0.9999999999999998
170.70000000000002,0.9999999999999998
170.75,0.9999999999999998
170.8,0.9999999999999998
170.85000000000002,0.9999999999999998
170.9,0.9999999999999998
170.95000000000002,0.9999999999999998
171.0,0.9999999999999998
171.05,0.9999999999999998
171.10000000000002,0.9999999999999998
171.15,0.9999999999999998
171.20000000000002,0.9999999999999998
171.25,0.9999999999999998
171.3,0.9999999999999998
171.35000000000002,0.9999999999999998
171.4,0.9999999999999998
171.45000000000002,0.9999999999999998
171.5,0.9999999999999998
171.55,0.9999999999999998
171.60000000000002,0.9999999999999998
171.65,0.9999999999999998
171.70000000000002,0.9999999999999998
171.75,0.9999999999999998
171.8,0.9999999999999998
171.85000000000002,0.9999999999999998
171.9,0.9999999999999998
171.95000000000002,0.9999999999999998
172.0,0.9999999999999998
172.05,0.9999999999999998
172.10000000000002,0.9999999999999998
172.15,0.9999999999999998
172.20000000000002,0.9999999999999998
172.25,0.9999999999999998
172.3,0.9999999999999998
172.35000000000002,0.9999999999999998
172.4,0.9999999999999998
172.45000000000002,0.9999999999999998
172.5,0.9999999999999998
172.55,0.9999999999999998
172.60000000000002,0.9999999999999998
172.65,0.9999999999999998
172.70000000000002,0.9999999999999998
172.75,0.9999999999999998
172.8,0.9999999999999998
172.85000000000002,0.9999999999999998
172.9,0.9999999999999998
172.95000000000002,0.9999999999999998
173.0,0.9999999999999998
173.05,0.9999999999999998
173.10000000000002,0.9999999999999998
173.15,0.9999999999999998
173.20000000000002,0.9999999999999998
173.25,0.9999999999999998
173.3,0.9999999999999998
173.35000000000002,0.9999999999999998
173.4,0.9999999999999998
173.45000000000002,0.9999999999999998
173.5,0.9999999999999998
173.55,0.9999999999999998
173.60000000000002,0.9999999999999998
173.65,0.9999999999999998
173.70000000000002,0.9999999999999998
173.75,0.9999999999999998
173.8,0.9999999999999998
173.85000000000002,0.9999999999999998
173.9,0.9999999999999998
173.95000000000002,0.9999999999999998
174.0,0.9999999999999998
174.05,0.9999999999999998
174.10000000000002,0.9999999999999998
174.15,0.9999999999999998
174.20000000000002,0.9999999999999998
174.25,0.9999999999999998
174.3,0.9999999999999998
174.35000000000002,0.9999999999999998
174.4,0.9999999999999998
174.45000000000002,0.9999999999999998
174.5,0.9999999999999998
174.55,0.9999999999999998
174.60000000000002,0.9999999999999998
174.65,0.9999999999999998
174.70000000000002,0.9999999999999998
174.75,0.9999999999999998
174.8,0.9999999999999998
174.85000000000002,0.9999999999999998
174.9,0.9999999999999998
174.95000000000002,0.9999999999999998
175.0,0.9999999999999998
175.05,0.9999999999999998
175.10000000000002,0.9999999999999998
175.15,0.9999999999999998
175.20000000000002,0.9999999999999998
175.25,0.9999999999999998
175.3,0.9999999999999998
175.35000000000002,0.9999999999999998
175.4,0.9999999999999998
175.45000000000002,0.9999999999999998
175.5,0.9999999999999998
175.55,0.9999999999999998
175.60000000000002,0.9999999999999998
175.65,0.9999999999999998
175.70000000000002,0.9999999999999998
175.75,0.9999999999999998
175.8,0.9999999999999998
175.85000000000002,0.9999999999999998
175.9,0.9999999999999998
175.95000000000002,0.9999999999999998
176.0,0.9999999999999998
176.05,0.9999999999999998
176.10000000000002,0.9999999999999998
176.15,0.9999999999999998
176.20000000000002,0.9999999999999998
176.25,0.9999999999999998
176.3,0.9999999999999998
176.35000000000002,0.9999999999999998
176.4,0.9999999999999998
176.45000000000002,0.9999999999999998
176.5,0.9999999999999998
176.55,0.9999999999999998
176.60000000000002,0.9999999999999998
176.65,0.9999999999999998
176.70000000000002,0.9999999999999998
176.75,0.9999999999999998
176.8,0.9999999999999998
176.85000000000002,0.9999999999999998
176.9,0.9999999999999998
176.95000000000002,0.9999999999999998
177.0,0.9999999999999998
177.05,0.9999999999999998
177.10000000000002,0.9999999999999998
177.15,0.9999999999999998
177.20000000000002,0.9999999999999998
177.25,0.9999999999999998
177.3,0.9999999999999998
177.35000000000002,0.9999999999999998
177.4,0.9999999999999998
177.45000000000002,0.9999999999999998
177.5,0.9999999999999998
177.55,0.9999999999999998
177.60000000000002,0.9999999999999998
177.65,0.9999999999999998
177.70000000000002,0.9999999999999998
177.75,0.9999999999999998
177.8,0.9999999999999998
177.85000000000002,0.9999999999999998
177.9,0.9999999999999998
177.95000000000002,0.9999999999999998
178.0,0.9999999999999998
178.05,0.9999999999999998
178.10000000000002,0.9999999999999998
178.15,0.9999999999999998
178.20000000000002,0.9999999999999998
178.25,0.9999999999999998
178.3,0.9999999999999998
178.35000000000002,0.9999999999999998
178.4,0.9999999999999998
178.45000000000002,0.9999999999999998
178.5,0.9999999999999998
178.55,0.9999999999999998
178.60000000000002,0.9999999999999998
178.65,0.9999999999999998
178.70000000000002,0.9999999999999998
178.75,0.9999999999999998
178.8,0.9999999999999998
178.85000000000002,0.9999999999999998
178.9,0.9999999999999998
178.95000000000002,0.9999999999999998
179.0,0.9999999999999998
179.05,0.9999999999999998
179.10000000000002,0.9999999999999998
179.15,0.9999999999999998
179.20000000000002,0.9999999999999998
179.25,0.9999999999999998
179.3,0.9999999999999998
179.35000000000002,0.9999999999999998
179.4,0.9999999999999998
179.45000000000002,0.9999999999999998
179.5,0.9999999999999998
179.55,0.9999999999999998
179.60000000000002,0.9999999999999998
179.65,0.9999999999999998
179.70000000000002,0.9999999999999998
179.75,0.9999999999999998
179.8,0.9999999999999998
179.85000000000002,0.9999999999999998
179.9,0.9999999999999998
179.95000000000002,0.9999999999999998
180.0,0.9999999999999998
180.05,0.9999999999999998
180.10000000000002,0.9999999999999998
180.15,0.9999999999999998
180.20000000000002,0.9999999999999998
180.25,0.9999999999999998
180.3,0.9999999999999998
180.35000000000002,0.9999999999999998
180.4,0.9999999999999998
180.45000000000002,0.9999999999999998
180.5,0.9999999999999998
180.55,0.9999999999999998
180.60000000000002,0.9999999999999998
180.65,0.9999999999999998
180.70000000000002,0.9999999999999998
180.75,0.9999999999999998
180.8,0.9999999999999998
180.85000000000002,0.9999999999999998
180.9,0.9999999999999998
180.95000000000002,0.9999999999999998
181.0,0.9999999999999998
181.05,0.9999999999999998
181.10000000000002,0.9999999999999998
181.15,0.9999999999999998
181.20000000000002,0.9999999999999998
181.25,0.9999999999999998
181.3,0.9999999999999998
181.35000000000002,0.9999999999999998
181.4,0.9999999999999998
181.45000000000002,0.9999999999999998
181.5,0.9999999999999998
181.55,0.9999999999999998
181.60000000000002,0.9999999999999998
181.65,0.9999999999999998
181.70000000000002,0.9999999999999998
181.75,0.9999999999999998
181.8,0.9999999999999998
181.85000000000002,0.9999999999999998
181.9,0.9999999999999998
181.95000000000002,0.9999999999999998
182.0,0.9999999999999998
182.05,0.9999999999999998
182.10000000000002,0.9999999999999998
182.15,0.9999999999999998
182.20000000000002,0.9999999999999998
182.25,0.9999999999999998
182.3,0.9999999999999998
182.35000000000002,0.9999999999999998
182.4,0.9999999999999998
182.45000000000002,0.9999999999999998
182.5,0.9999999999999998
182.55,0.9999999999999998
182.60000000000002,0.9999999999999998
182.65,0.9999999999999998
182.70000000000002,0.9999999999999998
182.75,0.9999999999999998
182.8,0.9999999999999998
182.85000000000002,0.9999999999999998
182.9,0.9999999999999998
182.95000000000002,0.9999999999999998
183.0,0.9999999999999998
183.05,0.9999999999999998
183.10000000000002,0.9999999999999998
183.15,0.9999999999999998
183.20000000000002,0.9999999999999998
183.25,0.9999999999999998
183.3,0.9999999999999998
183.35000000000002,0.9999999999999998
183.4,0.9999999999999998
183.45000000000002,0.9999999999999998
183.5,0.9999999999999998
183.55,0.9999999999999998
183.60000000000002,0.9999999999999998
183.65,0.9999999999999998
183.70000000000002,0.9999999999999998
183.75,0.9999999999999998
183.8,0.9999999999999998
183.85000000000002,0.9999999999999998
183.9,0.9999999999999998
183.95000000000002,0.9999999999999998
184.0,0.9999999999999998
184.05,0.9999999999999998
184.10000000000002,0.9999999999999998
184.15,0.9999999999999998
184.20000000000002,0.9999999999999998
184.25,0.9999999999999998
184.3,0.9999999999999998
184.35000000000002,0.9999999999999998
184.4,0.9999999999999998
184.45000000000002,0.9999999999999998
184.5,0.9999999999999998
184.55,0.9999999999999998
184.60000000000002,0.9999999999999998
184.65,0.9999999999999998
184.70000000000002,0.9999999999999998
184.75,0.9999999999999998
184.8,0.9999999999999998
184.85000000000002,0.9999999999999998
184.9,0.9999999999999998
184.95000000000002,0.9999999999999998
185.0,0.9999999999999998
185.05,0.9999999999999998
185.10000000000002,0.9999999999999998
185.15,0.9999999999999998
185.20000000000002,0.9999999999999998
185.25,0.9999999999999998
185.3,0.9999999999999998
185.35000000000002,0.9999999999999998
185.4,0.9999999999999998
185.45000000000002,0.9999999999999998
185.5,0.9999999999999998
185.55,0.9999999999999998
185.60000000000002,0.9999999999999998
185.65,0.9999999999999998
185.70000000000002,0.9999999999999998
185.75,0.9999999999999998
185.8,0.9999999999999998
185.85000000000002,0.9999999999999998
185.9,0.9999999999999998
185.95000000000002,0.9999999999999998
186.0,0.9999999999999998
186.05,0.9999999999999998
186.10000000000002,0.9999999999999998
186.15,0.9999999999999998
186.20000000000002,0.9999999999999998
186.25,0.9999999999999998
186.3,0.9999999999999998
186.35000000000002,0.9999999999999998
186.4,0.9999999999999998
186.45000000000002,0.9999999999999998
186.5,0.9999999999999998
186.55,0.9999999999999998
186.60000000000002,0.9999999999999998
186.65,0.9999999999999998
186.70000000000002,0.9999999999999998
186.75,0.9999999999999998
186.8,0.9999999999999998
186.85000000000002,0.9999999999999998
186.9,0.9999999999999998
186.95000000000002,0.9999999999999998
187.0,0.9999999999999998
187.05,0.9999999999999998
187.10000000000002,0.9999999999999998
187.15,0.9999999999999998
187.20000000000002,0.9999999999999998
187.25,0.9999999999999998
187.3,0.9999999999999998
187.35000000000002,0.9999999999999998
187.4,0.9999999999999998
187.45000000000002,0.9999999999999998
187.5,0.9999999999999998
187.55,0.9999999999999998
187.60000000000002,0.9999999999999998
187.65,0.9999999999999998
187.70000000000002,0.9999999999999998
187.75,0.9999999999999998
187.8,0.9999999999999998
187.85000000000002,0.9999999999999998
187.9,0.9999999999999998
187.95000000000002,0.9999999999999998
188.0,0.9999999999999998
188.05,0.9999999999999998
188.10000000000002,0.9999999999999998
188.15,0.9999999999999998
188.20000000000002,0.9999999999999998
188.25,0.9999999999999998
188.3,0.9999999999999998
188.35000000000002,0.9999999999999998
188.4,0.9999999999999998
188.45000000000002,0.9999999999999998
188.5,0.9999999999999998
188.55,0.9999999999999998
188.60000000000002,0.9999999999999998
188.65,0.9999999999999998
188.70000000000002,0.9999999999999998
188.75,0.9999999999999998
188.8,0.9999999999999998
188.85000000000002,0.9999999999999998
188.9,0.9999999999999998
188.95000000000002,0.9999999999999998
189.0,0.9999999999999998
189.05,0.9999999999999998
189.10000000000002,0.9999999999999998
189.15,0.9999999999999998
189.20000000000002,0.9999999999999998
189.25,0.9999999999999998
189.3,0.9999999999999998
189.35000000000002,0.9999999999999998
189.4,0.9999999999999998
189.45000000000002,0.9999999999999998
189.5,0.9999999999999998
189.55,0.9999999999999998
189.60000000000002,0.9999999999999998
189.65,0.9999999999999998
189.70000000000002,0.9999999999999998
189.75,0.9999999999999998
189.8,0.9999999999999998
189.85000000000002,0.9999999999999998
189.9,0.9999999999999998
189.95000000000002,0.9999999999999998
190.0,0.9999999999999998
190.05,0.9999999999999998
190.10000000000002,0.9999999999999998
190.15,0.9999999999999998
190.20000000000002,0.9999999999999998
190.25,0.9999999999999998
190.3,0.9999999999999998
190.35000000000002,0.9999999999999998
190.4,0.9999999999999998
190.45000000000002,0.9999999999999998
190.5,0.9999999999999998
190.55,0.9999999999999998
190.60000000000002,0.9999999999999998
190.65,0.9999999999999998
190.70000000000002,0.9999999999999998
190.75,0.9999999999999998
190.8,0.9999999999999998
190.85000000000002,0.9999999999999998
190.9,0.9999999999999998
190.95000000000002,0.9999999999999998
191.0,0.9999999999999998
191.05,0.9999999999999998
191.10000000000002,0.9999999999999998
191.15,0.9999999999999998
191.20000000000002,0.9999999999999998
191.25,0.9999999999999998
191.3,0.9999999999999998
191.35000000000002,0.9999999999999998
191.4,0.9999999999999998
191.45000000000002,0.9999999999999998
191.5,0.9999999999999998
191.55,0.9999999999999998
191.60000000000002,0.9999999999999998
191.65,0.9999999999999998
191.70000000000002,0.9999999999999998
191.75,0.9999999999999998
191.8,0.9999999999999998
191.85000000000002,0.9999999999999998
191.9,0.9999999999999998
191.95000000000002,0.9999999999999998
192.0,0.9999999999999998
192.05,0.9999999999999998
192.10000000000002,0.9999999999999998
192.15,0.9999999999999998
192.20000000000002,0.9999999999999998
192.25,0.9999999999999998
192.3,0.9999999999999998
192.35000000000002,0.9999999999999998
192.4,0.9999999999999998
192.45000000000002,0.9999999999999998
192.5,0.9999999999999998
192.55,0.9999999999999998
192.60000000000002,0.9999999999999998
192.65,0.9999999999999998
192.70000000000002,0.9999999999999998
192.75,0.9999999999999998
192.8,0.9999999999999998
192.85000000000002,0.9999999999999998
192.9,0.9999999999999998
192.95000000000002,0.9999999999999998
193.0,0.9999999999999998
193.05,0.9999999999999998
193.10000000000002,0.9999999999999998
193.15,0.9999999999999998
193.20000000000002,0.9999999999999998
193.25,0.9999999999999998
193.3,0.9999999999999998
193.35000000000002,0.9999999999999998
193.4,0.9999999999999998
193.45000000000002,0.9999999999999998
193.5,0.9999999999999998
193.55,0.9999999999999998
193.60000000000002,0.9999999999999998
193.65,0.9999999999999998
193.70000000000002,0.9999999999999998
193.75,0.9999999999999998
193.8,0.9999999999999998
193.85000000000002,0.9999999999999998
193.9,0.9999999999999998
193.95000000000002,0.9999999999999998
194.0,0.9999999999999998
194.05,0.9999999999999998
194.10000000000002,0.9999999999999998
194.15,0.9999999999999998
194.20000000000002,0.9999999999999998
194.25,0.9999999999999998
194.3,0.9999999999999998
194.35000000000002,0.9999999999999998
194.4,0.9999999999999998
194.45000000000002,0.9999999999999998
194.5,0.9999999999999998
194.55,0.9999999999999998
194.60000000000002,0.9999999999999998
194.65,0.9999999999999998
194.70000000000002,0.9999999999999998
194.75,0.9999999999999998
194.8,0.9999999999999998
194.85000000000002,0.9999999999999998
194.9,0.9999999999999998
194.95000000000002,0.9999999999999998
195.0,0.9999999999999998
195.05,0.9999999999999998
195.10000000000002,0.9999999999999998
195.15,0.9999999999999998
195.20000000000002,0.9999999999999998
195.25,0.9999999999999998
195.3,0.9999999999999998
195.35000000000002,0.9999999999999998
195.4,0.9999999999999998
195.45000000000002,0.9999999999999998
195.5,0.9999999999999998
195.55,0.9999999999999998
195.60000000000002,0.9999999999999998
195.65,0.9999999999999998
195.70000000000002,0.9999999999999998
195.75,0.9999999999999998
195.8,0.9999999999999998
195.85000000000002,0.9999999999999998
195.9,0.9999999999999998
195.95000000000002,0.9999999999999998
196.0,0.9999999999999998
196.05,0.9999999999999998
196.10000000000002,0.9999999999999998
196.15,0.9999999999999998
196.20000000000002,0.9999999999999998
196.25,0.9999999999999998
196.3,0.9999999999999998
196.35000000000002,0.9999999999999998
196.4,0.9999999999999998
196.45000000000002,0.9999999999999998
196.5,0.9999999999999998
196.55,0.9999999999999998
196.60000000000002,0.9999999999999998
196.65,0.9999999999999998
196.70000000000002,0.9999999999999998
196.75,0.9999999999999998
196.8,0.9999999999999998
196.85000000000002,0.9999999999999998
196.9,0.9999999999999998
196.95000000000002,0.9999999999999998
197.0,0.9999999999999998
197.05,0.9999999999999998
197.10000000000002,0.9999999999999998
197.15,0.9999999999999998
197.20000000000002,0.9999999999999998
197.25,0.9999999999999998
197.3,0.9999999999999998
197.35000000000002,0.9999999999999998
197.4,0.9999999999999998
197.45000000000002,0.9999999999999998
197.5,0.9999999999999998
197.55,0.9999999999999998
197.60000000000002,0.9999999999999998
197.65,0.9999999999999998
197.70000000000002,0.9999999999999998
197.75,0.9999999999999998
197.8,0.9999999999999998
197.85000000000002,0.9999999999999998
197.9,0.9999999999999998
197.95000000000002,0.9999999999999998
198.0,0.9999999999999998
198.05,0.9999999999999998
198.10000000000002,0.9999999999999998
198.15,0.9999999999999998
198.20000000000002,0.9999999999999998
198.25,0.9999999999999998
198.3,0.9999999999999998
198.35000000000002,0.9999999999999998
198.4,0.9999999999999998
198.45000000000002,0.9999999999999998
198.5,0.9999999999999998
198.55,0.9999999999999998
198.60000000000002,0.9999999999999998
198.65,0.9999999999999998
198.70000000000002,0.9999999999999998
198.75,0.9999999999999998
198.8,0.9999999999999998
198.85000000000002,0.9999999999999998
198.9,0.9999999999999998
198.95000000000002,0.9999999999999998
199.0,0.9999999999999998
199.05,0.9999999999999998
199.10000000000002,0.9999999999999998
199.15,0.9999999999999998
199.20000000000002,0.9999999999999998
199.25,0.9999999999999998
199.3,0.9999999999999998
199.35000000000002,0.9999999999999998
199.4,0.9999999999999998
199.45000000000002,0.9999999999999998
199.5,0.9999999999999998
199.55,0.9999999999999998
199.60000000000002,0.9999999999999998
199.65,0.9999999999999998
199.70000000000002,0.9999999999999998
199.75,0.9999999999999998
199.8,0.9999999999999998
199.85000000000002,0.9999999999999998
199.9,0.9999999999999998
199.95000000000002,0.9999999999999998
200.0,0.9999999999999998
200.05,0.9999999999999998
200.10000000000002,0.9999999999999998
200.15,0.9999999999999998
200.20000000000002,0.9999999999999998
200.25,0.9999999999999998
200.3,0.9999999999999998
200.35000000000002,0.9999999999999998
200.4,0.9999999999999998
200.45000000000002,0.9999999999999998
200.5,0.9999999999999998
200.55,0.9999999999999998
200.60000000000002,0.9999999999999998
200.65,0.9999999999999998
200.70000000000002,0.9999999999999998
200.75,0.9999999999999998
200.8,0.9999999999999998
200.85000000000002,0.9999999999999998
200.9,0.9999999999999998
200.95000000000002,0.9999999999999998
201.0,0.9999999999999998
201.05,0.9999999999999998
201.10000000000002,0.9999999999999998
201.15,0.9999999999999998
201.20000000000002,0.9999999999999998
201.25,0.9999999999999998
201.3,0.9999999999999998
201.35000000000002,0.9999999999999998
201.4,0.9999999999999998
201.45000000000002,0.9999999999999998
201.5,0.9999999999999998
201.55,0.9999999999999998
201.60000000000002,0.9999999999999998
201.65,0.9999999999999998
201.70000000000002,0.9999999999999998
201.75,0.9999999999999998
201.8,0.9999999999999998
201.85000000000002,0.9999999999999998
201.9,0.9999999999999998
201.95000000000002,0.9999999999999998
202.0,0.9999999999999998
202.05,0.9999999999999998
202.10000000000002,0.9999999999999998
202.15,0.9999999999999998
202.20000000000002,0.9999999999999998
202.25,0.9999999999999998
202.3,0.9999999999999998
202.35000000000002,0.9999999999999998
202.4,0.9999999999999998
202.45000000000002,0.9999999999999998
202.5,0.9999999999999998
202.55,0.9999999999999998
202.60000000000002,0.9999999999999998
202.65,0.9999999999999998
202.70000000000002,0.9999999999999998
202.75,0.9999999999999998
202.8,0.9999999999999998
202.85000000000002,0.9999999999999998
202.9,0.9999999999999998
202.95000000000002,0.9999999999999998
203.0,0.9999999999999998
203.05,0.9999999999999998
203.10000000000002,0.9999999999999998
203.15,0.9999999999999998
203.20000000000002,0.9999999999999998
203.25,0.9999999999999998
203.3,0.9999999999999998
203.35000000000002,0.9999999999999998
203.4,0.9999999999999998
203.45000000000002,0.9999999999999998
203.5,0.9999999999999998
203.55,0.9999999999999998
203.60000000000002,0.9999999999999998
203.65,0.9999999999999998
203.70000000000002,0.9999999999999998
203.75,0.9999999999999998
203.8,0.9999999999999998
203.85000000000002,0.9999999999999998
203.9,0.9999999999999998
203.95000000000002,0.9999999999999998
204.0,0.9999999999999998
204.05,0.9999999999999998
204.10000000000002,0.9999999999999998
204.15,0.9999999999999998
204.20000000000002,0.9999999999999998
204.25,0.9999999999999998
204.3,0.9999999999999998
204.35000000000002,0.9999999999999998
204.4,0.9999999999999998
204.45000000000002,0.9999999999999998
204.5,0.9999999999999998
204.55,0.9999999999999998
204.60000000000002,0.9999999999999998
204.65,0.9999999999999998
204.70000000000002,0.9999999999999998
204.75,0.9999999999999998
204.8,0.9999999999999998
204.85000000000002,0.9999999999999998
204.9,0.9999999999999998
204.95000000000002,0.9999999999999998
205.0,0.9999999999999998
205.05,0.9999999999999998
205.10000000000002,0.9999999999999998
205.15,0.9999999999999998
205.20000000000002,0.9999999999999998
205.25,0.9999999999999998
205.3,0.9999999999999998
205.35000000000002,0.9999999999999998
205.4,0.9999999999999998
205.45000000000002,0.9999999999999998
205.5,0.9999999999999998
205.55,0.9999999999999998
205.60000000000002,0.9999999999999998
205.65,0.9999999999999998
205.70000000000002,0.9999999999999998
205.75,0.9999999999999998
205.8,0.9999999999999998
205.85000000000002,0.9999999999999998
205.9,0.9999999999999998
205.95000000000002,0.9999999999999998
206.0,0.9999999999999998
206.05,0.9999999999999998
206.10000000000002,0.9999999999999998
206.15,0.9999999999999998
206.20000000000002,0.9999999999999998
206.25,0.9999999999999998
206.3,0.9999999999999998
206.35000000000002,0.9999999999999998
206.4,0.9999999999999998
206.45000000000002,0.9999999999999998
206.5,0.9999999999999998
206.55,0.9999999999999998
206.60000000000002,0.9999999999999998
206.65,0.9999999999999998
206.70000000000002,0.9999999999999998
206.75,0.9999999999999998
206.8,0.9999999999999998
206.85000000000002,0.9999999999999998
206.9,0.9999999999999998
206.95000000000002,0.9999999999999998
207.0,0.9999999999999998
207.05,0.9999999999999998
207.10000000000002,0.9999999999999998
207.15,0.9999999999999998
207.20000000000002,0.9999999999999998
207.25,0.9999999999999998
207.3,0.9999999999999998
207.35000000000002,0.9999999999999998
207.4,0.9999999999999998
207.45000000000002,0.9999999999999998
207.5,0.9999999999999998
207.55,0.9999999999999998
207.60000000000002,0.9999999999999998
207.65,0.9999999999999998
207.70000000000002,0.9999999999999998
207.75,0.9999999999999998
207.8,0.9999999999999998
207.85000000000002,0.9999999999999998
207.9,0.9999999999999998
207.95000000000002,0.9999999999999998
208.0,0.9999999999999998
208.05,0.9999999999999998
208.10000000000002,0.9999999999999998
208.15,0.9999999999999998
208.20000000000002,0.9999999999999998
208.25,0.9999999999999998
208.3,0.9999999999999998
208.35000000000002,0.9999999999999998
208.4,0.9999999999999998
208.45000000000002,0.9999999999999998
208.5,0.9999999999999998
208.55,0.9999999999999998
208.60000000000002,0.9999999999999998
208.65,0.9999999999999998
208.70000000000002,0.9999999999999998
208.75,0.9999999999999998
208.8,0.9999999999999998
208.85000000000002,0.9999999999999998
208.9,0.9999999999999998
208.95000000000002,0.9999999999999998
209.0,0.9999999999999998
209.05,0.9999999999999998
209.10000000000002,0.9999999999999998
209.15,0.9999999999999998
209.20000000000002,0.9999999999999998
209.25,0.9999999999999998
209.3,0.9999999999999998
209.35000000000002,0.9999999999999998
209.4,0.9999999999999998
209.45000000000002,0.9999999999999998
209.5,0.9999999999999998
209.55,0.9999999999999998
209.60000000000002,0.9999999999999998
209.65,0.9999999999999998
209.70000000000002,0.9999999999999998
209.75,0.9999999999999998
209.8,0.9999999999999998
209.85000000000002,0.9999999999999998
209.9,0.9999999999999998
209.95000000000002,0.9999999999999998
210.0,0.9999999999999998
210.05,0.9999999999999998
210.10000000000002,0.9999999999999998
210.15,0.9999999999999998
210.20000000000002,0.9999999999999998
210.25,0.9999999999999998
210.3,0.9999999999999998
210.35000000000002,0.9999999999999998
210.4,0.9999999999999998
210.45000000000002,0.9999999999999998
210.5,0.9999999999999998
210.55,0.9999999999999998
210.60000000000002,0.9999999999999998
210.65,0.9999999999999998
210.70000000000002,0.9999999999999998
210.75,0.9999999999999998
210.8,0.9999999999999998
210.85000000000002,0.9999999999999998
210.9,0.9999999999999998
210.95000000000002,0.9999999999999998
211.0,0.9999999999999998
211.05,0.9999999999999998
211.10000000000002,0.9999999999999998
211.15,0.9999999999999998
211.20000000000002,0.9999999999999998
211.25,0.9999999999999998
211.3,0.9999999999999998
211.35000000000002,0.9999999999999998
211.4,0.9999999999999998
211.45000000000002,0.9999999999999998
211.5,0.9999999999999998
211.55,0.9999999999999998
211.60000000000002,0.9999999999999998
211.65,0.9999999999999998
211.70000000000002,0.9999999999999998
211.75,0.9999999999999998
211.8,0.9999999999999998
211.85000000000002,0.9999999999999998
211.9,0.9999999999999998
211.95000000000002,0.9999999999999998
212.0,0.9999999999999998
212.05,0.9999999999999998
212.10000000000002,0.9999999999999998
212.15,0.9999999999999998
212.20000000000002,0.9999999999999998
212.25,0.9999999999999998
212.3,0.9999999999999998
212.35000000000002,0.9999999999999998
212.4,0.9999999999999998
212.45000000000002,0.9999999999999998
212.5,0.9999999999999998
212.55,0.9999999999999998
212.60000000000002,0.9999999999999998
212.65,0.9999999999999998
212.70000000000002,0.9999999999999998
212.75,0.9999999999999998
212.8,0.9999999999999998
212.85000000000002,0.9999999999999998
212.9,0.9999999999999998
212.95000000000002,0.9999999999999998
213.0,0.9999999999999998
213.05,0.9999999999999998
213.10000000000002,0.9999999999999998
213.15,0.9999999999999998
213.20000000000002,0.9999999999999998
213.25,0.9999999999999998
213.3,0.9999999999999998
213.35000000000002,0.9999999999999998
213.4,0.9999999999999998
213.45000000000002,0.9999999999999998
213.5,0.9999999999999998
213.55,0.9999999999999998
213.60000000000002,0.9999999999999998
213.65,0.9999999999999998
213.70000000000002,0.9999999999999998
213.75,0.9999999999999998
213.8,0.9999999999999998
213.85000000000002,0.9999999999999998
213.9,0.9999999999999998
213.95000000000002,0.9999999999999998
214.0,0.9999999999999998
214.05,0.9999999999999998
214.10000000000002,0.9999999999999998
214.15,0.9999999999999998
214.20000000000002,0.9999999999999998
214.25,0.9999999999999998
214.3,0.9999999999999998
214.35000000000002,0.9999999999999998
214.4,0.9999999999999998
214.45000000000002,0.9999999999999998
214.5,0.9999999999999998
214.55,0.9999999999999998
214.60000000000002,0.9999999999999998
214.65,0.9999999999999998
214.70000000000002,0.9999999999999998
214.75,0.9999999999999998
214.8,0.9999999999999998
214.85000000000002,0.9999999999999998
214.9,0.9999999999999998
214.95000000000002,0.9999999999999998
215.0,0.9999999999999998
215.05,0.9999999999999998
215.10000000000002,0.9999999999999998
215.15,0.9999999999999998
215.20000000000002,0.9999999999999998
215.25,0.9999999999999998
215.3,0.9999999999999998
215.35000000000002,0.9999999999999998
215.4,0.9999999999999998
215.45000000000002,0.9999999999999998
215.5,0.9999999999999998
215.55,0.9999999999999998
215.60000000000002,0.9999999999999998
215.65,0.9999999999999998
215.70000000000002,0.9999999999999998
215.75,0.9999999999999998
215.8,0.9999999999999998
215.85000000000002,0.9999999999999998
215.9,0.9999999999999998
215.95000000000002,0.9999999999999998
216.0,0.9999999999999998
216.05,0.9999999999999998
216.10000000000002,0.9999999999999998
216.15,0.9999999999999998
216.20000000000002,0.9999999999999998
216.25,0.9999999999999998
216.3,0.9999999999999998
216.35000000000002,0.9999999999999998
216.4,0.9999999999999998
216.45000000000002,0.9999999999999998
216.5,0.9999999999999998
216.55,0.9999999999999998
216.60000000000002,0.9999999999999998
216.65,0.9999999999999998
216.70000000000002,0.9999999999999998
216.75,0.9999999999999998
216.8,0.9999999999999998
216.85000000000002,0.9999999999999998
216.9,0.9999999999999998
216.95000000000002,0.9999999999999998
217.0,0.9999999999999998
217.05,0.9999999999999998
217.10000000000002,0.9999999999999998
217.15,0.9999999999999998
217.20000000000002,0.9999999999999998
217.25,0.9999999999999998
217.3,0.9999999999999998
217.35000000000002,0.9999999999999998
217.4,0.9999999999999998
217.45000000000002,0.9999999999999998
217.5,0.9999999999999998
217.55,0.9999999999999998
217.60000000000002,0.9999999999999998
217.65,0.9999999999999998
217.70000000000002,0.9999999999999998
217.75,0.9999999999999998
217.8,0.9999999999999998
217.85000000000002,0.9999999999999998
217.9,0.9999999999999998
217.95000000000002,0.9999999999999998
218.0,0.9999999999999998
218.05,0.9999999999999998
218.10000000000002,0.9999999999999998
218.15,0.9999999999999998
218.20000000000002,0.9999999999999998
218.25,0.9999999999999998
218.3,0.9999999999999998
218.35000000000002,0.9999999999999998
218.4,0.9999999999999998
218.45000000000002,0.9999999999999998
218.5,0.9999999999999998
218.55,0.9999999999999998
218.60000000000002,0.9999999999999998
218.65,0.9999999999999998
218.70000000000002,0.9999999999999998
218.75,0.9999999999999998
218.8,0.9999999999999998
218.85000000000002,0.9999999999999998
218.9,0.9999999999999998
218.95000000000002,0.9999999999999998
219.0,0.9999999999999998
219.05,0.9999999999999998
219.10000000000002,0.9999999999999998
219.15,0.9999999999999998
219.20000000000002,0.9999999999999998
219.25,0.9999999999999998
219.3,0.9999999999999998
219.35000000000002,0.9999999999999998
219.4,0.9999999999999998
219.45000000000002,0.9999999999999998
219.5,0.9999999999999998
219.55,0.9999999999999998
219.60000000000002,0.9999999999999998
219.65,0.9999999999999998
219.70000000000002,0.9999999999999998
219.75,0.9999999999999998
219.8,0.9999999999999998
219.85000000000002,0.9999999999999998
219.9,0.9999999999999998
219.95000000000002,0.9999999999999998
220.0,0.9999999999999998
220.05,0.9999999999999998
220.10000000000002,0.9999999999999998
220.15,0.9999999999999998
220.20000000000002,0.9999999999999998
220.25,0.9999999999999998
220.3,0.9999999999999998
220.35000000000002,0.9999999999999998
220.4,0.9999999999999998
220.45000000000002,0.9999999999999998
220.5,0.9999999999999998
220.55,0.9999999999999998
220.60000000000002,0.9999999999999998
220.65,0.9999999999999998
220.70000000000002,0.9999999999999998
220.75,0.9999999999999998
220.8,0.9999999999999998
220.85000000000002,0.9999999999999998
220.9,0.9999999999999998
220.95000000000002,0.9999999999999998
221.0,0.9999999999999998
221.05,0.9999999999999998
221.10000000000002,0.9999999999999998
221.15,0.9999999999999998
221.20000000000002,0.9999999999999998
221.25,0.9999999999999998
221.3,0.9999999999999998
221.35000000000002,0.9999999999999998
221.4,0.9999999999999998
221.45000000000002,0.9999999999999998
221.5,0.9999999999999998
221.55,0.9999999999999998
221.60000000000002,0.9999999999999998
221.65,0.9999999999999998
221.70000000000002,0.9999999999999998
221.75,0.9999999999999998
221.8,0.9999999999999998
221.85000000000002,0.9999999999999998
221.9,0.9999999999999998
221.95000000000002,0.9999999999999998
222.0,0.9999999999999998
222.05,0.9999999999999998
222.10000000000002,0.9999999999999998
222.15,0.9999999999999998
222.20000000000002,0.9999999999999998
222.25,0.9999999999999998
222.3,0.9999999999999998
222.35000000000002,0.9999999999999998
222.4,0.9999999999999998
222.45000000000002,0.9999999999999998
222.5,0.9999999999999998
222.55,0.9999999999999998
222.60000000000002,0.9999999999999998
222.65,0.9999999999999998
222.70000000000002,0.9999999999999998
222.75,0.9999999999999998
222.8,0.9999999999999998
222.85000000000002,0.9999999999999998
222.9,0.9999999999999998
222.95000000000002,0.9999999999999998
223.0,0.9999999999999998
223.05,0.9999999999999998
223.10000000000002,0.9999999999999998
223.15,0.9999999999999998
223.20000000000002,0.9999999999999998
223.25,0.9999999999999998
223.3,0.9999999999999998
223.35000000000002,0.9999999999999998
223.4,0.9999999999999998
223.45000000000002,0.9999999999999998
223.5,0.9999999999999998
223.55,0.9999999999999998
223.60000000000002,0.9999999999999998
223.65,0.9999999999999998
223.70000000000002,0.9999999999999998
223.75,0.9999999999999998
223.8,0.9999999999999998
223.85000000000002,0.9999999999999998
223.9,0.9999999999999998
223.95000000000002,0.9999999999999998
224.0,0.9999999999999998
224.05,0.9999999999999998
224.10000000000002,0.9999999999999998
224.15,0.9999999999999998
224.20000000000002,0.9999999999999998
224.25,0.9999999999999998
224.3,0.9999999999999998
224.35000000000002,0.9999999999999998
224.4,0.9999999999999998
224.45000000000002,0.9999999999999998
224.5,0.9999999999999998
224.55,0.9999999999999998
224.60000000000002,0.9999999999999998
224.65,0.9999999999999998
224.70000000000002,0.9999999999999998
224.75,0.9999999999999998
224.8,0.9999999999999998
224.85000000000002,0.9999999999999998
224.9,0.9999999999999998
224.95000000000002,0.9999999999999998
225.0,0.9999999999999998
225.05,0.9999999999999998
225.10000000000002,0.9999999999999998
225.15,0.9999999999999998
225.20000000000002,0.9999999999999998
225.25,0.9999999999999998
225.3,0.9999999999999998
225.35000000000002,0.9999999999999998
225.4,0.9999999999999998
225.45000000000002,0.9999999999999998
225.5,0.9999999999999998
225.55,0.9999999999999998
225.60000000000002,0.9999999999999998
225.65,0.9999999999999998
225.70000000000002,0.9999999999999998
225.75,0.9999999999999998
225.8,0.9999999999999998
225.85000000000002,0.9999999999999998
225.9,0.9999999999999998
225.95000000000002,0.9999999999999998
226.0,0.9999999999999998
226.05,0.9999999999999998
226.10000000000002,0.9999999999999998
226.15,0.9999999999999998
226.20000000000002,0.9999999999999998
226.25,0.9999999999999998
226.3,0.9999999999999998
226.35000000000002,0.9999999999999998
226.4,0.9999999999999998
226.45000000000002,0.9999999999999998
226.5,0.9999999999999998
226.55,0.9999999999999998
226.60000000000002,0.9999999999999998
226.65,0.9999999999999998
226.70000000000002,0.9999999999999998
226.75,0.9999999999999998
226.8,0.9999999999999998
226.85000000000002,0.9999999999999998
226.9,0.9999999999999998
226.95000000000002,0.9999999999999998
227.0,0.9999999999999998
227.05,0.9999999999999998
227.10000000000002,0.9999999999999998
227.15,0.9999999999999998
227.20000000000002,0.9999999999999998
227.25,0.9999999999999998
227.3,0.9999999999999998
227.35000000000002,0.9999999999999998
227.4,0.9999999999999998
227.45000000000002,0.9999999999999998
227.5,0.9999999999999998
227.55,0.9999999999999998
227.60000000000002,0.9999999999999998
227.65,0.9999999999999998
227.70000000000002,0.9999999999999998
227.75,0.9999999999999998
227.8,0.9999999999999998
227.85000000000002,0.9999999999999998
227.9,0.9999999999999998
227.95000000000002,0.9999999999999998
228.0,0.9999999999999998
228.05,0.9999999999999998
228.10000000000002,0.9999999999999998
228.15,0.9999999999999998
228.20000000000002,0.9999999999999998
228.25,0.9999999999999998
228.3,0.9999999999999998
228.35000000000002,0.9999999999999998
228.4,0.9999999999999998
228.45000000000002,0.9999999999999998
228.5,0.9999999999999998
228.55,0.9999999999999998
228.60000000000002,0.9999999999999998
228.65,0.9999999999999998
228.70000000000002,0.9999999999999998
228.75,0.9999999999999998
228.8,0.9999999999999998
228.85000000000002,0.9999999999999998
228.9,0.9999999999999998
228.95000000000002,0.9999999999999998
229.0,0.9999999999999998
229.05,0.9999999999999998
229.10000000000002,0.9999999999999998
229.15,0.9999999999999998
229.20000000000002,0.9999999999999998
229.25,0.9999999999999998
229.3,0.9999999999999998
229.35000000000002,0.9999999999999998
229.4,0.9999999999999998
229.45000000000002,0.9999999999999998
229.5,0.9999999999999998
229.55,0.9999999999999998
229.60000000000002,0.9999999999999998
229.65,0.9999999999999998
229.70000000000002,0.9999999999999998
229.75,0.9999999999999998
229.8,0.9999999999999998
229.85000000000002,0.9999999999999998
229.9,0.9999999999999998
229.95000000000002,0.9999999999999998
230.0,0.9999999999999998
230.05,0.9999999999999998
230.10000000000002,0.9999999999999998
230.15,0.9999999999999998
230.20000000000002,0.9999999999999998
230.25,0.9999999999999998
230.3,0.9999999999999998
230.35000000000002,0.9999999999999998
230.4,0.9999999999999998
230.45000000000002,0.9999999999999998
230.5,0.9999999999999998
230.55,0.9999999999999998
230.60000000000002,0.9999999999999998
230.65,0.9999999999999998
230.70000000000002,0.9999999999999998
230.75,0.9999999999999998
230.8,0.9999999999999998
230.85000000000002,0.9999999999999998
230.9,0.9999999999999998
230.95000000000002,0.9999999999999998
231.0,0.9999999999999998
231.05,0.9999999999999998
231.10000000000002,0.9999999999999998
231.15,0.9999999999999998
231.20000000000002,0.9999999999999998
231.25,0.9999999999999998
231.3,0.9999999999999998
231.35000000000002,0.9999999999999998
231.4,0.9999999999999998
231.45000000000002,0.9999999999999998
231.5,0.9999999999999998
231.55,0.9999999999999998
231.60000000000002,0.9999999999999998
231.65,0.9999999999999998
231.70000000000002,0.9999999999999998
231.75,0.9999999999999998
231.8,0.9999999999999998
231.85000000000002,0.9999999999999998
231.9,0.9999999999999998
231.95000000000002,0.9999999999999998
232.0,0.9999999999999998
232.05,0.9999999999999998
232.10000000000002,0.9999999999999998
232.15,0.9999999999999998
232.20000000000002,0.9999999999999998
232.25,0.9999999999999998
232.3,0.9999999999999998
232.35000000000002,0.9999999999999998
232.4,0.9999999999999998
232.45000000000002,0.9999999999999998
232.5,0.9999999999999998
232.55,0.9999999999999998
232.60000000000002,0.9999999999999998
232.65,0.9999999999999998
232.70000000000002,0.9999999999999998
232.75,0.9999999999999998
232.8,0.9999999999999998
232.85000000000002,0.9999999999999998
232.9,0.9999999999999998
232.95000000000002,0.9999999999999998
233.0,0.9999999999999998
233.05,0.9999999999999998
233.10000000000002,0.9999999999999998
233.15,0.9999999999999998
233.20000000000002,0.9999999999999998
233.25,0.9999999999999998
233.3,0.9999999999999998
233.35000000000002,0.9999999999999998
233.4,0.9999999999999998
233.45000000000002,0.9999999999999998
233.5,0.9999999999999998
233.55,0.9999999999999998
233.60000000000002,0.9999999999999998
233.65,0.9999999999999998
233.70000000000002,0.9999999999999998
233.75,0.9999999999999998
233.8,0.9999999999999998
233.85000000000002,0.9999999999999998
233.9,0.9999999999999998
233.95000000000002,0.9999999999999998
234.0,0.9999999999999998
234.05,0.9999999999999998
234.10000000000002,0.9999999999999998
234.15,0.9999999999999998
234.20000000000002,0.9999999999999998
234.25,0.9999999999999998
234.3,0.9999999999999998
234.35000000000002,0.9999999999999998
234.4,0.9999999999999998
234.45000000000002,0.9999999999999998
234.5,0.9999999999999998
234.55,0.9999999999999998
234.60000000000002,0.9999999999999998
234.65,0.9999999999999998
234.70000000000002,0.9999999999999998
234.75,0.9999999999999998
234.8,0.9999999999999998
234.85000000000002,0.9999999999999998
234.9,0.9999999999999998
234.95000000000002,0.9999999999999998
235.0,0.9999999999999998
235.05,0.9999999999999998
235.10000000000002,0.9999999999999998
235.15,0.9999999999999998
235.20000000000002,0.9999999999999998
235.25,0.9999999999999998
235.3,0.9999999999999998
235.35000000000002,0.9999999999999998
235.4,0.9999999999999998
235.45000000000002,0.9999999999999998
235.5,0.9999999999999998
235.55,0.9999999999999998
235.60000000000002,0.9999999999999998
235.65,0.9999999999999998
235.70000000000002,0.9999999999999998
235.75,0.9999999999999998
235.8,0.9999999999999998
235.85000000000002,0.9999999999999998
235.9,0.9999999999999998
235.95000000000002,0.9999999999999998
236.0,0.9999999999999998
236.05,0.9999999999999998
236.10000000000002,0.9999999999999998
236.15,0.9999999999999998
236.20000000000002,0.9999999999999998
236.25,0.9999999999999998
236.3,0.9999999999999998
236.35000000000002,0.9999999999999998
236.4,0.9999999999999998
236.45000000000002,0.9999999999999998
236.5,0.9999999999999998
236.55,0.9999999999999998
236.60000000000002,0.9999999999999998
236.65,0.9999999999999998
236.70000000000002,0.9999999999999998
236.75,0.9999999999999998
236.8,0.9999999999999998
236.85000000000002,0.9999999999999998
236.9,0.9999999999999998
236.95000000000002,0.9999999999999998
237.0,0.9999999999999998
237.05,0.9999999999999998
237.10000000000002,0.9999999999999998
237.15,0.9999999999999998
237.20000000000002,0.9999999999999998
237.25,0.9999999999999998
237.3,0.9999999999999998
237.35000000000002,0.9999999999999998
237.4,0.9999999999999998
237.45000000000002,0.9999999999999998
237.5,0.9999999999999998
237.55,0.9999999999999998
237.60000000000002,0.9999999999999998
237.65,0.9999999999999998
237.70000000000002,0.9999999999999998
237.75,0.9999999999999998
237.8,0.9999999999999998
237.85000000000002,0.9999999999999998
237.9,0.9999999999999998
237.95000000000002,0.9999999999999998
238.0,0.9999999999999998
238.05,0.9999999999999998
238.10000000000002,0.9999999999999998
238.15,0.9999999999999998
238.20000000000002,0.9999999999999998
238.25,0.9999999999999998
238.3,0.9999999999999998
238.35000000000002,0.9999999999999998
238.4,0.9999999999999998
238.45000000000002,0.9999999999999998
238.5,0.9999999999999998
238.55,0.9999999999999998
238.60000000000002,0.9999999999999998
238.65,0.9999999999999998
238.70000000000002,0.9999999999999998
238.75,0.9999999999999998
238.8,0.9999999999999998
238.85000000000002,0.9999999999999998
238.9,0.9999999999999998
238.95000000000002,0.9999999999999998
239.0,0.9999999999999998
239.05,0.9999999999999998
239.10000000000002,0.9999999999999998
239.15,0.9999999999999998
239.20000000000002,0.9999999999999998
239.25,0.9999999999999998
239.3,0.9999999999999998
239.35000000000002,0.9999999999999998
239.4,0.9999999999999998
239.45000000000002,0.9999999999999998
239.5,0.9999999999999998
239.55,0.9999999999999998
239.60000000000002,0.9999999999999998
239.65,0.9999999999999998
239.70000000000002,0.9999999999999998
239.75,0.9999999999999998
239.8,0.9999999999999998
239.85000000000002,0.9999999999999998
239.9,0.9999999999999998
239.95000000000002,0.9999999999999998
240.0,0.9999999999999998
240.05,0.9999999999999998
240.10000000000002,0.9999999999999998
240.15,0.9999999999999998
240.20000000000002,0.9999999999999998
240.25,0.9999999999999998
240.3,0.9999999999999998
240.35000000000002,0.9999999999999998
240.4,0.9999999999999998
240.45000000000002,0.9999999999999998
240.5,0.9999999999999998
240.55,0.9999999999999998
240.60000000000002,0.9999999999999998
240.65,0.9999999999999998
240.70000000000002,0.9999999999999998
240.75,0.9999999999999998
240.8,0.9999999999999998
240.85000000000002,0.9999999999999998
240.9,0.9999999999999998
240.95000000000002,0.9999999999999998
241.0,0.9999999999999998
241.05,0.9999999999999998
241.10000000000002,0.9999999999999998
241.15,0.9999999999999998
241.20000000000002,0.9999999999999998
241.25,0.9999999999999998
241.3,0.9999999999999998
241.35000000000002,0.9999999999999998
241.4,0.9999999999999998
241.45000000000002,0.9999999999999998
241.5,0.9999999999999998
241.55,0.9999999999999998
241.60000000000002,0.9999999999999998
241.65,0.9999999999999998
241.70000000000002,0.9999999999999998
241.75,0.9999999999999998
241.8,0.9999999999999998
241.85000000000002,0.9999999999999998
241.9,0.9999999999999998
241.95000000000002,0.9999999999999998
242.0,0.9999999999999998
242.05,0.9999999999999998
242.10000000000002,0.9999999999999998
242.15,0.9999999999999998
242.20000000000002,0.9999999999999998
242.25,0.9999999999999998
242.3,0.9999999999999998
242.35000000000002,0.9999999999999998
242.4,0.9999999999999998
242.45000000000002,0.9999999999999998
242.5,0.9999999999999998
242.55,0.9999999999999998
242.60000000000002,0.9999999999999998
242.65,0.9999999999999998
242.70000000000002,0.9999999999999998
242.75,0.9999999999999998
242.8,0.9999999999999998
242.85000000000002,0.9999999999999998
242.9,0.9999999999999998
242.95000000000002,0.9999999999999998
243.0,0.9999999999999998
243.05,0.9999999999999998
243.10000000000002,0.9999999999999998
243.15,0.9999999999999998
243.20000000000002,0.9999999999999998
243.25,0.9999999999999998
243.3,0.9999999999999998
243.35000000000002,0.9999999999999998
243.4,0.9999999999999998
243.45000000000002,0.9999999999999998
243.5,0.9999999999999998
243.55,0.9999999999999998
243.60000000000002,0.9999999999999998
243.65,0.9999999999999998
243.70000000000002,0.9999999999999998
243.75,0.9999999999999998
243.8,0.9999999999999998
243.85000000000002,0.9999999999999998
243.9,0.9999999999999998
243.95000000000002,0.9999999999999998
244.0,0.9999999999999998
244.05,0.9999999999999998
244.10000000000002,0.9999999999999998
244.15,0.9999999999999998
244.20000000000002,0.9999999999999998
244.25,0.9999999999999998
244.3,0.9999999999999998
244.35000000000002,0.9999999999999998
244.4,0.9999999999999998
244.45000000000002,0.9999999999999998
244.5,0.9999999999999998
244.55,0.9999999999999998
244.60000000000002,0.9999999999999998
244.65,0.9999999999999998
244.70000000000002,0.9999999999999998
244.75,0.9999999999999998
244.8,0.9999999999999998
244.85000000000002,0.9999999999999998
244.9,0.9999999999999998
244.95000000000002,0.9999999999999998
245.0,0.9999999999999998
245.05,0.9999999999999998
245.10000000000002,0.9999999999999998
245.15,0.9999999999999998
245.20000000000002,0.9999999999999998
245.25,0.9999999999999998
245.3,0.9999999999999998
245.35000000000002,0.9999999999999998
245.4,0.9999999999999998
245.45000000000002,0.9999999999999998
245.5,0.9999999999999998
245.55,0.9999999999999998
245.60000000000002,0.9999999999999998
245.65,0.9999999999999998
245.70000000000002,0.9999999999999998
245.75,0.9999999999999998
245.8,0.9999999999999998
245.85000000000002,0.9999999999999998
245.9,0.9999999999999998
245.95000000000002,0.9999999999999998
246.0,0.9999999999999998
246.05,0.9999999999999998
246.10000000000002,0.9999999999999998
246.15,0.9999999999999998
246.20000000000002,0.9999999999999998
246.25,0.9999999999999998
246.3,0.9999999999999998
246.35000000000002,0.9999999999999998
246.4,0.9999999999999998
246.45000000000002,0.9999999999999998
246.5,0.9999999999999998
246.55,0.9999999999999998
246.60000000000002,0.9999999999999998
246.65,0.9999999999999998
246.70000000000002,0.9999999999999998
246.75,0.9999999999999998
246.8,0.9999999999999998
246.85000000000002,0.9999999999999998
246.9,0.9999999999999998
246.95000000000002,0.9999999999999998
247.0,0.9999999999999998
247.05,0.9999999999999998
247.10000000000002,0.9999999999999998
247.15,0.9999999999999998
247.20000000000002,0.9999999999999998
247.25,0.9999999999999998
247.3,0.9999999999999998
247.35000000000002,0.9999999999999998
247.4,0.9999999999999998
247.45000000000002,0.9999999999999998
247.5,0.9999999999999998
247.55,0.9999999999999998
247.60000000000002,0.9999999999999998
247.65,0.9999999999999998
247.70000000000002,0.9999999999999998
247.75,0.9999999999999998
247.8,0.9999999999999998
247.85000000000002,0.9999999999999998
247.9,0.9999999999999998
247.95000000000002,0.9999999999999998
248.0,0.9999999999999998
248.05,0.9999999999999998
248.10000000000002,0.9999999999999998
248.15,0.9999999999999998
248.20000000000002,0.9999999999999998
248.25,0.9999999999999998
248.3,0.9999999999999998
248.35000000000002,0.9999999999999998
248.4,0.9999999999999998
248.45000000000002,0.9999999999999998
248.5,0.9999999999999998
248.55,0.9999999999999998
248.60000000000002,0.9999999999999998
248.65,0.9999999999999998
248.70000000000002,0.9999999999999998
248.75,0.9999999999999998
248.8,0.9999999999999998
248.85000000000002,0.9999999999999998
248.9,0.9999999999999998
248.95000000000002,0.9999999999999998
249.0,0.9999999999999998
249.05,0.9999999999999998
249.10000000000002,0.9999999999999998
249.15,0.9999999999999998
249.20000000000002,0.9999999999999998
249.25,0.9999999999999998
249.3,0.9999999999999998
249.35000000000002,0.9999999999999998
249.4,0.9999999999999998
249.45000000000002,0.9999999999999998
249.5,0.9999999999999998
249.55,0.9999999999999998
249.60000000000002,0.9999999999999998
249.65,0.9999999999999998
249.70000000000002,0.9999999999999998
249.75,0.9999999999999998
249.8,0.9999999999999998
249.85000000000002,0.9999999999999998
249.9,0.9999999999999998
249.95000000000002,0.9999999999999998
250.0,0.9999999999999998
250.05,0.9999999999999998
250.10000000000002,0.9999999999999998
250.15,0.9999999999999998
250.20000000000002,0.9999999999999998
250.25,0.9999999999999998
250.3,0.9999999999999998
250.35000000000002,0.9999999999999998
250.4,0.9999999999999998
250.45000000000002,0.9999999999999998
250.5,0.9999999999999998
250.55,0.9999999999999998
250.60000000000002,0.9999999999999998
250.65,0.9999999999999998
250.70000000000002,0.9999999999999998
250.75,0.9999999999999998
250.8,0.9999999999999998
250.85000000000002,0.9999999999999998
250.9,0.9999999999999998
250.95000000000002,0.9999999999999998
251.0,0.9999999999999998
251.05,0.9999999999999998
251.10000000000002,0.9999999999999998
251.15,0.9999999999999998
251.20000000000002,0.9999999999999998
251.25,0.9999999999999998
251.3,0.9999999999999998
251.35000000000002,0.9999999999999998
251.4,0.9999999999999998
251.45000000000002,0.9999999999999998
251.5,0.9999999999999998
251.55,0.9999999999999998
251.60000000000002,0.9999999999999998
251.65,0.9999999999999998
251.70000000000002,0.9999999999999998
251.75,0.9999999999999998
251.8,0.9999999999999998
251.85000000000002,0.9999999999999998
251.9,0.9999999999999998
251.95000000000002,0.9999999999999998
252.0,0.9999999999999998
252.05,0.9999999999999998
252.10000000000002,0.9999999999999998
252.15,0.9999999999999998
252.20000000000002,0.9999999999999998
252.25,0.9999999999999998
252.3,0.9999999999999998
252.35000000000002,0.9999999999999998
252.4,0.9999999999999998
252.45000000000002,0.9999999999999998
252.5,0.9999999999999998
252.55,0.9999999999999998
252.60000000000002,0.9999999999999998
252.65,0.9999999999999998
252.70000000000002,0.9999999999999998
252.75,0.9999999999999998
252.8,0.9999999999999998
252.85000000000002,0.9999999999999998
252.9,0.9999999999999998
252.95000000000002,0.9999999999999998
253.0,0.9999999999999998
253.05,0.9999999999999998
253.10000000000002,0.9999999999999998
253.15,0.9999999999999998
253.20000000000002,0.9999999999999998
253.25,0.9999999999999998
253.3,0.9999999999999998
253.35000000000002,0.9999999999999998
253.4,0.9999999999999998
253.45000000000002,0.9999999999999998
253.5,0.9999999999999998
253.55,0.9999999999999998
253.60000000000002,0.9999999999999998
253.65,0.9999999999999998
253.70000000000002,0.9999999999999998
253.75,0.9999999999999998
253.8,0.9999999999999998
253.85000000000002,0.9999999999999998
253.9,0.9999999999999998
253.95000000000002,0.9999999999999998
254.0,0.9999999999999998
254.05,0.9999999999999998
254.10000000000002,0.9999999999999998
254.15,0.9999999999999998
254.20000000000002,0.9999999999999998
254.25,0.9999999999999998
254.3,0.9999999999999998
254.35000000000002,0.9999999999999998
254.4,0.9999999999999998
254.45000000000002,0.9999999999999998
254.5,0.9999999999999998
254.55,0.9999999999999998
254.60000000000002,0.9999999999999998
254.65,0.9999999999999998
254.70000000000002,0.9999999999999998
254.75,0.9999999999999998
254.8,0.9999999999999998
254.85000000000002,0.9999999999999998
254.9,0.9999999999999998
254.95000000000002,0.9999999999999998
255.0,0.9999999999999998
255.05,0.9999999999999998
255.10000000000002,0.9999999999999998
255.15,0.9999999999999998
255.20000000000002,0.9999999999999998
255.25,0.9999999999999998
255.3,0.9999999999999998
255.35000000000002,0.9999999999999998
255.4,0.9999999999999998
255.45000000000002,0.9999999999999998
255.5,0.9999999999999998
255.55,0.9999999999999998
255.60000000000002,0.9999999999999998
255.65,0.9999999999999998
255.70000000000002,0.9999999999999998
255.75,0.9999999999999998
255.8,0.9999999999999998
255.85000000000002,0.9999999999999998
255.9,0.9999999999999998
255.95000000000002,0.9999999999999998
256.0,0.9999999999999998
256.05,0.9999999999999998
256.1,0.9999999999999998
256.15000000000003,0.9999999999999998
256.2,0.9999999999999998
256.25,0.9999999999999998
256.3,0.9999999999999998
256.35,0.9999999999999998
256.40000000000003,0.9999999999999998
256.45,0.9999999999999998
256.5,0.9999999999999998
256.55,0.9999999999999998
256.6,0.9999999999999998
256.65000000000003,0.9999999999999998
256.7,0.9999999999999998
256.75,0.9999999999999998
256.8,0.9999999999999998
256.85,0.9999999999999998
256.90000000000003,0.9999999999999998
256.95,0.9999999999999998
257.0,0.9999999999999998
257.05,0.9999999999999998
257.1,0.9999999999999998
257.15000000000003,0.9999999999999998
257.2,0.9999999999999998
257.25,0.9999999999999998
257.3,0.9999999999999998
257.35,0.9999999999999998
257.40000000000003,0.9999999999999998
257.45,0.9999999999999998
257.5,0.9999999999999998
257.55,0.9999999999999998
257.6,0.9999999999999998
257.65000000000003,0.9999999999999998
257.7,0.9999999999999998
257.75,0.9999999999999998
257.8,0.9999999999999998
257.85,0.9999999999999998
257.90000000000003,0.9999999999999998
257.95,0.9999999999999998
258.0,0.9999999999999998
258.05,0.9999999999999998
258.1,0.9999999999999998
258.15000000000003,0.9999999999999998
258.2,0.9999999999999998
258.25,0.9999999999999998
258.3,0.9999999999999998
258.35,0.9999999999999998
258.40000000000003,0.9999999999999998
258.45,0.9999999999999998
258.5,0.9999999999999998
258.55,0.9999999999999998
258.6,0.9999999999999998
258.65000000000003,0.9999999999999998
258.7,0.9999999999999998
258.75,0.9999999999999998
258.8,0.9999999999999998
258.85,0.9999999999999998
258.90000000000003,0.9999999999999998
258.95,0.9999999999999998
259.0,0.9999999999999998
259.05,0.9999999999999998
259.1,0.9999999999999998
259.15000000000003,0.9999999999999998
259.2,0.9999999999999998
259.25,0.9999999999999998
259.3,0.9999999999999998
259.35,0.9999999999999998
259.40000000000003,0.9999999999999998
259.45,0.9999999999999998
259.5,0.9999999999999998
259.55,0.9999999999999998
259.6,0.9999999999999998
259.65000000000003,0.9999999999999998
259.7,0.9999999999999998
259.75,0.9999999999999998
259.8,0.9999999999999998
259.85,0.9999999999999998
259.90000000000003,0.9999999999999998
259.95,0.9999999999999998
260.0,0.9999999999999998
260.05,0.9999999999999998
260.1,0.9999999999999998
260.15000000000003,0.9999999999999998
260.2,0.9999999999999998
260.25,0.9999999999999998
260.3,0.9999999999999998
260.35,0.9999999999999998
260.40000000000003,0.9999999999999998
260.45,0.9999999999999998
260.5,0.9999999999999998
260.55,0.9999999999999998
260.6,0.9999999999999998
260.65000000000003,0.9999999999999998
260.7,0.9999999999999998
260.75,0.9999999999999998
260.8,0.9999999999999998
260.85,0.9999999999999998
260.90000000000003,0.9999999999999998
260.95,0.9999999999999998
261.0,0.9999999999999998
261.05,0.9999999999999998
261.1,0.9999999999999998
261.15000000000003,0.9999999999999998
261.2,0.9999999999999998
261.25,0.9999999999999998
261.3,0.9999999999999998
261.35,0.9999999999999998
261.40000000000003,0.9999999999999998
261.45,0.9999999999999998
261.5,0.9999999999999998
261.55,0.9999999999999998
261.6,0.9999999999999998
261.65000000000003,0.9999999999999998
261.7,0.9999999999999998
261.75,0.9999999999999998
261.8,0.9999999999999998
261.85,0.9999999999999998
261.90000000000003,0.9999999999999998
261.95,0.9999999999999998
262.0,0.9999999999999998
262.05,0.9999999999999998
262.1,0.9999999999999998
262.15000000000003,0.9999999999999998
262.2,0.9999999999999998
262.25,0.9999999999999998
262.3,0.9999999999999998
262.35,0.9999999999999998
262.40000000000003,0.9999999999999998
262.45,0.9999999999999998
262.5,0.9999999999999998
262.55,0.9999999999999998
262.6,0.9999999999999998
262.65000000000003,0.9999999999999998
262.7,0.9999999999999998
262.75,0.9999999999999998
262.8,0.9999999999999998
262.85,0.9999999999999998
262.90000000000003,0.9999999999999998
262.95,0.9999999999999998
263.0,0.9999999999999998
263.05,0.9999999999999998
263.1,0.9999999999999998
263.15000000000003,0.9999999999999998
263.2,0.9999999999999998
263.25,0.9999999999999998
263.3,0.9999999999999998
263.35,0.9999999999999998
263.40000000000003,0.9999999999999998
263.45,0.9999999999999998
263.5,0.9999999999999998
263.55,0.9999999999999998
263.6,0.9999999999999998
263.65000000000003,0.9999999999999998
263.7,0.9999999999999998
263.75,0.9999999999999998
263.8,0.9999999999999998
263.85,0.9999999999999998
263.90000000000003,0.9999999999999998
263.95,0.9999999999999998
264.0,0.9999999999999998
264.05,0.9999999999999998
264.1,0.9999999999999998
264.15000000000003,0.9999999999999998
264.2,0.9999999999999998
264.25,0.9999999999999998
264.3,0.9999999999999998
264.35,0.9999999999999998
264.40000000000003,0.9999999999999998
264.45,0.9999999999999998
264.5,0.9999999999999998
264.55,0.9999999999999998
264.6,0.9999999999999998
264.65000000000003,0.9999999999999998
264.7,0.9999999999999998
264.75,0.9999999999999998
264.8,0.9999999999999998
264.85,0.9999999999999998
264.90000000000003,0.9999999999999998
264.95,0.9999999999999998
265.0,0.9999999999999998
265.05,0.9999999999999998
265.1,0.9999999999999998
265.15000000000003,0.9999999999999998
265.2,0.9999999999999998
265.25,0.9999999999999998
265.3,0.9999999999999998
265.35,0.9999999999999998
265.40000000000003,0.9999999999999998
265.45,0.9999999999999998
265.5,0.9999999999999998
265.55,0.9999999999999998
265.6,0.9999999999999998
265.65000000000003,0.9999999999999998
265.7,0.9999999999999998
265.75,0.9999999999999998
265.8,0.9999999999999998
265.85,0.9999999999999998
265.90000000000003,0.9999999999999998
265.95,0.9999999999999998
266.0,0.9999999999999998
266.05,0.9999999999999998
266.1,0.9999999999999998
266.15000000000003,0.9999999999999998
266.2,0.9999999999999998
266.25,0.9999999999999998
266.3,0.9999999999999998
266.35,0.9999999999999998
266.40000000000003,0.9999999999999998
266.45,0.9999999999999998
266.5,0.9999999999999998
266.55,0.9999999999999998
266.6,0.9999999999999998
266.65000000000003,0.9999999999999998
266.7,0.9999999999999998
266.75,0.9999999999999998
266.8,0.9999999999999998
266.85,0.9999999999999998
266.90000000000003,0.9999999999999998
266.95,0.9999999999999998
267.0,0.9999999999999998
267.05,0.9999999999999998
267.1,0.9999999999999998
267.15000000000003,0.9999999999999998
267.2,0.9999999999999998
267.25,0.9999999999999998
267.3,0.9999999999999998
267.35,0.9999999999999998
267.40000000000003,0.9999999999999998
267.45,0.9999999999999998
267.5,0.9999999999999998
267.55,0.9999999999999998
267.6,0.9999999999999998
267.65000000000003,0.9999999999999998
267.7,0.9999999999999998
267.75,0.9999999999999998
267.8,0.9999999999999998
267.85,0.9999999999999998
267.90000000000003,0.9999999999999998
267.95,0.9999999999999998
268.0,0.9999999999999998
268.05,0.9999999999999998
268.1,0.9999999999999998
268.15000000000003,0.9999999999999998
268.2,0.9999999999999998
268.25,0.9999999999999998
268.3,0.9999999999999998
268.35,0.9999999999999998
268.40000000000003,0.9999999999999998
268.45,0.9999999999999998
268.5,0.9999999999999998
268.55,0.9999999999999998
268.6,0.9999999999999998
268.65000000000003,0.9999999999999998
268.7,0.9999999999999998
268.75,0.9999999999999998
268.8,0.9999999999999998
268.85,0.9999999999999998
268.90000000000003,0.9999999999999998
268.95,0.9999999999999998
269.0,0.9999999999999998
269.05,0.9999999999999998
269.1,0.9999999999999998
269.15000000000003,0.9999999999999998
269.2,0.9999999999999998
269.25,0.9999999999999998
269.3,0.9999999999999998
269.35,0.9999999999999998
269.40000000000003,0.9999999999999998
269.45,0.9999999999999998
269.5,0.9999999999999998
269.55,0.9999999999999998
269.6,0.9999999999999998
269.65000000000003,0.9999999999999998
269.7,0.9999999999999998
269.75,0.9999999999999998
269.8,0.9999999999999998
269.85,0.9999999999999998
269.90000000000003,0.9999999999999998
269.95,0.9999999999999998
270.0,0.9999999999999998
270.05,0.9999999999999998
270.1,0.9999999999999998
270.15000000000003,0.9999999999999998
270.2,0.9999999999999998
270.25,0.9999999999999998
270.3,0.9999999999999998
270.35,0.9999999999999998
270.40000000000003,0.9999999999999998
270.45,0.9999999999999998
270.5,0.9999999999999998
270.55,0.9999999999999998
270.6,0.9999999999999998
270.65000000000003,0.9999999999999998
270.7,0.9999999999999998
270.75,0.9999999999999998
270.8,0.9999999999999998
270.85,0.9999999999999998
270.90000000000003,0.9999999999999998
270.95,0.9999999999999998
271.0,0.9999999999999998
271.05,0.9999999999999998
271.1,0.9999999999999998
271.15000000000003,0.9999999999999998
271.2,0.9999999999999998
271.25,0.9999999999999998
271.3,0.9999999999999998
271.35,0.9999999999999998
271.40000000000003,0.9999999999999998
271.45,0.9999999999999998
271.5,0.9999999999999998
271.55,0.9999999999999998
271.6,0.9999999999999998
271.65000000000003,0.9999999999999998
271.7,0.9999999999999998
271.75,0.9999999999999998
271.8,0.9999999999999998
271.85,0.9999999999999998
271.90000000000003,0.9999999999999998
271.95,0.9999999999999998
272.0,0.9999999999999998
272.05,0.9999999999999998
272.1,0.9999999999999998
272.15000000000003,0.9999999999999998
272.2,0.9999999999999998
272.25,0.9999999999999998
272.3,0.9999999999999998
272.35,0.9999999999999998
272.40000000000003,0.9999999999999998
272.45,0.9999999999999998
272.5,0.9999999999999998
272.55,0.9999999999999998
272.6,0.9999999999999998
272.65000000000003,0.9999999999999998
272.7,0.9999999999999998
272.75,0.9999999999999998
272.8,0.9999999999999998
272.85,0.9999999999999998
272.90000000000003,0.9999999999999998
272.95,0.9999999999999998
273.0,0.9999999999999998
273.05,0.9999999999999998
273.1,0.9999999999999998
273.15000000000003,0.9999999999999998
273.2,0.9999999999999998
273.25,0.9999999999999998
273.3,0.9999999999999998
273.35,0.9999999999999998
273.40000000000003,0.9999999999999998
273.45,0.9999999999999998
273.5,0.9999999999999998
273.55,0.9999999999999998
273.6,0.9999999999999998
273.65000000000003,0.9999999999999998
273.7,0.9999999999999998
273.75,0.9999999999999998
273.8,0.9999999999999998
273.85,0.9999999999999998
273.90000000000003,0.9999999999999998
273.95,0.9999999999999998
274.0,0.9999999999999998
274.05,0.9999999999999998
274.1,0.9999999999999998
274.15000000000003,0.9999999999999998
274.2,0.9999999999999998
274.25,0.9999999999999998
274.3,0.9999999999999998
274.35,0.9999999999999998
274.40000000000003,0.9999999999999998
274.45,0.9999999999999998
274.5,0.9999999999999998
274.55,0.9999999999999998
274.6,0.9999999999999998
274.65000000000003,0.9999999999999998
274.7,0.9999999999999998
274.75,0.9999999999999998
274.8,0.9999999999999998
274.85,0.9999999999999998
274.90000000000003,0.9999999999999998
274.95,0.9999999999999998
275.0,0.9999999999999998
275.05,0.9999999999999998
275.1,0.9999999999999998
275.15000000000003,0.9999999999999998
275.2,0.9999999999999998
275.25,0.9999999999999998
275.3,0.9999999999999998
275.35,0.9999999999999998
275.40000000000003,0.9999999999999998
275.45,0.9999999999999998
275.5,0.9999999999999998
275.55,0.9999999999999998
275.6,0.9999999999999998
275.65000000000003,0.9999999999999998
275.7,0.9999999999999998
275.75,0.9999999999999998
275.8,0.9999999999999998
275.85,0.9999999999999998
275.90000000000003,0.9999999999999998
275.95,0.9999999999999998
276.0,0.9999999999999998
276.05,0.9999999999999998
276.1,0.9999999999999998
276.15000000000003,0.9999999999999998
276.2,0.9999999999999998
276.25,0.9999999999999998
276.3,0.9999999999999998
276.35,0.9999999999999998
276.40000000000003,0.9999999999999998
276.45,0.9999999999999998
276.5,0.9999999999999998
276.55,0.9999999999999998
276.6,0.9999999999999998
276.65000000000003,0.9999999999999998
276.7,0.9999999999999998
276.75,0.9999999999999998
276.8,0.9999999999999998
276.85,0.9999999999999998
276.90000000000003,0.9999999999999998
276.95,0.9999999999999998
277.0,0.9999999999999998
277.05,0.9999999999999998
277.1,0.9999999999999998
277.15000000000003,0.9999999999999998
277.2,0.9999999999999998
277.25,0.9999999999999998
277.3,0.9999999999999998
277.35,0.9999999999999998
277.40000000000003,0.9999999999999998
277.45,0.9999999999999998
277.5,0.9999999999999998
277.55,0.9999999999999998
277.6,0.9999999999999998
277.65000000000003,0.9999999999999998
277.7,0.9999999999999998
277.75,0.9999999999999998
277.8,0.9999999999999998
277.85,0.9999999999999998
277.90000000000003,0.9999999999999998
277.95,0.9999999999999998
278.0,0.9999999999999998
278.05,0.9999999999999998
278.1,0.9999999999999998
278.15000000000003,0.9999999999999998
278.2,0.9999999999999998
278.25,0.9999999999999998
278.3,0.9999999999999998
278.35,0.9999999999999998
278.40000000000003,0.9999999999999998
278.45,0.9999999999999998
278.5,0.9999999999999998
278.55,0.9999999999999998
278.6,0.9999999999999998
278.65000000000003,0.9999999999999998
278.7,0.9999999999999998
278.75,0.9999999999999998
278.8,0.9999999999999998
278.85,0.9999999999999998
278.90000000000003,0.9999999999999998
278.95,0.9999999999999998
279.0,0.9999999999999998
279.05,0.9999999999999998
279.1,0.9999999999999998
279.15000000000003,0.9999999999999998
279.2,0.9999999999999998
279.25,0.9999999999999998
279.3,0.9999999999999998
279.35,0.9999999999999998
279.40000000000003,0.9999999999999998
279.45,0.9999999999999998
279.5,0.9999999999999998
279.55,0.9999999999999998
279.6,0.9999999999999998
279.65000000000003,0.9999999999999998
279.7,0.9999999999999998
279.75,0.9999999999999998
279.8,0.9999999999999998
279.85,0.9999999999999998
279.90000000000003,0.9999999999999998
279.95,0.9999999999999998
280.0,0.9999999999999998
280.05,0.9999999999999998
280.1,0.9999999999999998
280.15000000000003,0.9999999999999998
280.2,0.9999999999999998
280.25,0.9999999999999998
280.3,0.9999999999999998
280.35,0.9999999999999998
280.40000000000003,0.9999999999999998
280.45,0.9999999999999998
280.5,0.9999999999999998
280.55,0.9999999999999998
280.6,0.9999999999999998
280.65000000000003,0.9999999999999998
280.7,0.9999999999999998
280.75,0.9999999999999998
280.8,0.9999999999999998
280.85,0.9999999999999998
280.90000000000003,0.9999999999999998
280.95,0.9999999999999998
281.0,0.9999999999999998
281.05,0.9999999999999998
281.1,0.9999999999999998
281.15000000000003,0.9999999999999998
281.2,0.9999999999999998
281.25,0.9999999999999998
281.3,0.9999999999999998
281.35,0.9999999999999998
281.40000000000003,0.9999999999999998
281.45,0.9999999999999998
281.5,0.9999999999999998
281.55,0.9999999999999998
281.6,0.9999999999999998
281.65000000000003,0.9999999999999998
281.7,0.9999999999999998
281.75,0.9999999999999998
281.8,0.9999999999999998
281.85,0.9999999999999998
281.90000000000003,0.9999999999999998
281.95,0.9999999999999998
282.0,0.9999999999999998
282.05,0.9999999999999998
282.1,0.9999999999999998
282.15000000000003,0.9999999999999998
282.2,0.9999999999999998
282.25,0.9999999999999998
282.3,0.9999999999999998
282.35,0.9999999999999998
282.40000000000003,0.9999999999999998
282.45,0.9999999999999998
282.5,0.9999999999999998
282.55,0.9999999999999998
282.6,0.9999999999999998
282.65000000000003,0.9999999999999998
282.7,0.9999999999999998
282.75,0.9999999999999998
282.8,0.9999999999999998
282.85,0.9999999999999998
282.90000000000003,0.9999999999999998
282.95,0.9999999999999998
283.0,0.9999999999999998
283.05,0.9999999999999998
283.1,0.9999999999999998
283.15000000000003,0.9999999999999998
283.2,0.9999999999999998
283.25,0.9999999999999998
283.3,0.9999999999999998
283.35,0.9999999999999998
283.40000000000003,0.9999999999999998
283.45,0.9999999999999998
283.5,0.9999999999999998
283.55,0.9999999999999998
283.6,0.9999999999999998
283.65000000000003,0.9999999999999998
283.7,0.9999999999999998
283.75,0.9999999999999998
283.8,0.9999999999999998
283.85,0.9999999999999998
283.90000000000003,0.9999999999999998
283.95,0.9999999999999998
284.0,0.9999999999999998
284.05,0.9999999999999998
284.1,0.9999999999999998
284.15000000000003,0.9999999999999998
284.2,0.9999999999999998
284.25,0.9999999999999998
284.3,0.9999999999999998
284.35,0.9999999999999998
284.40000000000003,0.9999999999999998
284.45,0.9999999999999998
284.5,0.9999999999999998
284.55,0.9999999999999998
284.6,0.9999999999999998
284.65000000000003,0.9999999999999998
284.7,0.9999999999999998
284.75,0.9999999999999998
284.8,0.9999999999999998
284.85,0.9999999999999998
284.90000000000003,0.9999999999999998
284.95,0.9999999999999998
285.0,0.9999999999999998
285.05,0.9999999999999998
285.1,0.9999999999999998
285.15000000000003,0.9999999999999998
285.2,0.9999999999999998
285.25,0.9999999999999998
285.3,0.9999999999999998
285.35,0.9999999999999998
285.40000000000003,0.9999999999999998
285.45,0.9999999999999998
285.5,0.9999999999999998
285.55,0.9999999999999998
285.6,0.9999999999999998
285.65000000000003,0.9999999999999998
285.7,0.9999999999999998
285.75,0.9999999999999998
285.8,0.9999999999999998
285.85,0.9999999999999998
285.90000000000003,0.9999999999999998
285.95,0.9999999999999998
286.0,0.9999999999999998
286.05,0.9999999999999998
286.1,0.9999999999999998
286.15000000000003,0.9999999999999998
286.2,0.9999999999999998
286.25,0.9999999999999998
286.3,0.9999999999999998
286.35,0.9999999999999998
286.40000000000003,0.9999999999999998
286.45,0.9999999999999998
286.5,0.9999999999999998
286.55,0.9999999999999998
286.6,0.9999999999999998
286.65000000000003,0.9999999999999998
286.7,0.9999999999999998
286.75,0.9999999999999998
286.8,0.9999999999999998
286.85,0.9999999999999998
286.90000000000003,0.9999999999999998
286.95,0.9999999999999998
287.0,0.9999999999999998
287.05,0.9999999999999998
287.1,0.9999999999999998
287.15000000000003,0.9999999999999998
287.2,0.9999999999999998
287.25,0.9999999999999998
287.3,0.9999999999999998
287.35,0.9999999999999998
287.40000000000003,0.9999999999999998
287.45,0.9999999999999998
287.5,0.9999999999999998
287.55,0.9999999999999998
287.6,0.9999999999999998
287.65000000000003,0.9999999999999998
287.7,0.9999999999999998
287.75,0.9999999999999998
287.8,0.9999999999999998
287.85,0.9999999999999998
287.90000000000003,0.9999999999999998
287.95,0.9999999999999998
288.0,0.9999999999999998
288.05,0.9999999999999998
288.1,0.9999999999999998
288.15000000000003,0.9999999999999998
288.2,0.9999999999999998
288.25,0.9999999999999998
288.3,0.9999999999999998
288.35,0.9999999999999998
288.40000000000003,0.9999999999999998
288.45,0.9999999999999998
288.5,0.9999999999999998
288.55,0.9999999999999998
288.6,0.9999999999999998
288.65000000000003,0.9999999999999998
288.7,0.9999999999999998
288.75,0.9999999999999998
288.8,0.9999999999999998
288.85,0.9999999999999998
288.90000000000003,0.9999999999999998
288.95,0.9999999999999998
289.0,0.9999999999999998
289.05,0.9999999999999998
289.1,0.9999999999999998
289.15000000000003,0.9999999999999998
289.2,0.9999999999999998
289.25,0.9999999999999998
289.3,0.9999999999999998
289.35,0.9999999999999998
289.40000000000003,0.9999999999999998
289.45,0.9999999999999998
289.5,0.9999999999999998
289.55,0.9999999999999998
289.6,0.9999999999999998
289.65000000000003,0.9999999999999998
289.7,0.9999999999999998
289.75,0.9999999999999998
289.8,0.9999999999999998
289.85,0.9999999999999998
289.90000000000003,0.9999999999999998
289.95,0.9999999999999998
290.0,0.9999999999999998
290.05,0.9999999999999998
290.1,0.9999999999999998
290.15000000000003,0.9999999999999998
290.2,0.9999999999999998
290.25,0.9999999999999998
290.3,0.9999999999999998
290.35,0.9999999999999998
290.40000000000003,0.9999999999999998
290.45,0.9999999999999998
290.5,0.9999999999999998
290.55,0.9999999999999998
290.6,0.9999999999999998
290.65000000000003,0.9999999999999998
290.7,0.9999999999999998
290.75,0.9999999999999998
290.8,0.9999999999999998
290.85,0.9999999999999998
290.90000000000003,0.9999999999999998
290.95,0.9999999999999998
291.0,0.9999999999999998
291.05,0.9999999999999998
291.1,0.9999999999999998
291.15000000000003,0.9999999999999998
291.2,0.9999999999999998
291.25,0.9999999999999998
291.3,0.9999999999999998
291.35,0.9999999999999998
291.40000000000003,0.9999999999999998
291.45,0.9999999999999998
291.5,0.9999999999999998
291.55,0.9999999999999998
291.6,0.9999999999999998
291.65000000000003,0.9999999999999998
291.7,0.9999999999999998
291.75,0.9999999999999998
291.8,0.9999999999999998
291.85,0.9999999999999998
291.90000000000003,0.9999999999999998
291.95,0.9999999999999998
292.0,0.9999999999999998
292.05,0.9999999999999998
292.1,0.9999999999999998
292.15000000000003,0.9999999999999998
292.2,0.9999999999999998
292.25,0.9999999999999998
292.3,0.9999999999999998
292.35,0.9999999999999998
292.40000000000003,0.9999999999999998
292.45,0.9999999999999998
292.5,0.9999999999999998
292.55,0.9999999999999998
292.6,0.9999999999999998
292.65000000000003,0.9999999999999998
292.7,0.9999999999999998
292.75,0.9999999999999998
292.8,0.9999999999999998
292.85,0.9999999999999998
292.90000000000003,0.9999999999999998
292.95,0.9999999999999998
293.0,0.9999999999999998
293.05,0.9999999999999998
293.1,0.9999999999999998
293.15000000000003,0.9999999999999998
293.2,0.9999999999999998
293.25,0.9999999999999998
293.3,0.9999999999999998
293.35,0.9999999999999998
293.40000000000003,0.9999999999999998
293.45,0.9999999999999998
293.5,0.9999999999999998
293.55,0.9999999999999998
293.6,0.9999999999999998
293.65000000000003,0.9999999999999998
293.7,0.9999999999999998
293.75,0.9999999999999998
293.8,0.9999999999999998
293.85,0.9999999999999998
293.90000000000003,0.9999999999999998
293.95,0.9999999999999998
294.0,0.9999999999999998
294.05,0.9999999999999998
294.1,0.9999999999999998
294.15000000000003,0.9999999999999998
294.2,0.9999999999999998
294.25,0.9999999999999998
294.3,0.9999999999999998
294.35,0.9999999999999998
294.40000000000003,0.9999999999999998
294.45,0.9999999999999998
294.5,0.9999999999999998
294.55,0.9999999999999998
294.6,0.9999999999999998
294.65000000000003,0.9999999999999998
294.7,0.9999999999999998
294.75,0.9999999999999998
294.8,0.9999999999999998
294.85,0.9999999999999998
294.90000000000003,0.9999999999999998
294.95,0.9999999999999998
295.0,0.9999999999999998
295.05,0.9999999999999998
295.1,0.9999999999999998
295.15000000000003,0.9999999999999998
295.2,0.9999999999999998
295.25,0.9999999999999998
295.3,0.9999999999999998
295.35,0.9999999999999998
295.40000000000003,0.9999999999999998
295.45,0.9999999999999998
295.5,0.9999999999999998
295.55,0.9999999999999998
295.6,0.9999999999999998
295.65000000000003,0.9999999999999998
295.7,0.9999999999999998
295.75,0.9999999999999998
295.8,0.9999999999999998
295.85,0.9999999999999998
295.90000000000003,0.9999999999999998
295.95,0.9999999999999998
296.0,0.9999999999999998
296.05,0.9999999999999998
296.1,0.9999999999999998
296.15000000000003,0.9999999999999998
296.2,0.9999999999999998
296.25,0.9999999999999998
296.3,0.9999999999999998
296.35,0.9999999999999998
296.40000000000003,0.9999999999999998
296.45,0.9999999999999998
296.5,0.9999999999999998
296.55,0.9999999999999998
296.6,0.9999999999999998
296.65000000000003,0.9999999999999998
296.7,0.9999999999999998
296.75,0.9999999999999998
296.8,0.9999999999999998
296.85,0.9999999999999998
296.90000000000003,0.9999999999999998
296.95,0.9999999999999998
297.0,0.9999999999999998
297.05,0.9999999999999998
297.1,0.9999999999999998
297.15000000000003,0.9999999999999998
297.2,0.9999999999999998
297.25,0.9999999999999998
297.3,0.9999999999999998
297.35,0.9999999999999998
297.40000000000003,0.9999999999999998
297.45,0.9999999999999998
297.5,0.9999999999999998
297.55,0.9999999999999998
297.6,0.9999999999999998
297.65000000000003,0.9999999999999998
297.7,0.9999999999999998
297.75,0.9999999999999998
297.8,0.9999999999999998
297.85,0.9999999999999998
297.90000000000003,0.9999999999999998
297.95,0.9999999999999998
298.0,0.9999999999999998
298.05,0.9999999999999998
298.1,0.9999999999999998
298.15000000000003,0.9999999999999998
298.2,0.9999999999999998
298.25,0.9999999999999998
298.3,0.9999999999999998
298.35,0.9999999999999998
298.40000000000003,0.9999999999999998
298.45,0.9999999999999998
298.5,0.9999999999999998
298.55,0.9999999999999998
298.6,0.9999999999999998
298.65000000000003,0.9999999999999998
298.7,0.9999999999999998
298.75,0.9999999999999998
298.8,0.9999999999999998
298.85,0.9999999999999998
298.90000000000003,0.9999999999999998
298.95,0.9999999999999998
299.0,0.9999999999999998
299.05,0.9999999999999998
299.1,0.9999999999999998
299.15000000000003,0.9999999999999998
299.2,0.9999999999999998
299.25,0.9999999999999998
299.3,0.9999999999999998
299.35,0.9999999999999998
299.40000000000003,0.9999999999999998
299.45,0.9999999999999998
299.5,0.9999999999999998
299.55,0.9999999999999998
299.6,0.9999999999999998
299.65000000000003,0.9999999999999998
299.7,0.9999999999999998
299.75,0.9999999999999998
299.8,0.9999999999999998
299.85,0.9999999999999998
299.90000000000003,0.9999999999999998
299.95,0.9999999999999998
300.0,0.9999999999999998
300.05,0.9999999999999998
300.1,0.9999999999999998
300.15000000000003,0.9999999999999998
300.2,0.9999999999999998
300.25,0.9999999999999998
300.3,0.9999999999999998
300.35,0.9999999999999998
300.40000000000003,0.9999999999999998
300.45,0.9999999999999998
300.5,0.9999999999999998
300.55,0.9999999999999998
300.6,0.9999999999999998
300.65000000000003,0.9999999999999998
300.7,0.9999999999999998
300.75,0.9999999999999998
300.8,0.9999999999999998
300.85,0.9999999999999998
300.90000000000003,0.9999999999999998
300.95,0.9999999999999998
301.0,0.9999999999999998
301.05,0.9999999999999998
301.1,0.9999999999999998
301.15000000000003,0.9999999999999998
301.2,0.9999999999999998
301.25,0.9999999999999998
301.3,0.9999999999999998
301.35,0.9999999999999998
301.40000000000003,0.9999999999999998
301.45,0.9999999999999998
301.5,0.9999999999999998
301.55,0.9999999999999998
301.6,0.9999999999999998
301.65000000000003,0.9999999999999998
301.7,0.9999999999999998
301.75,0.9999999999999998
301.8,0.9999999999999998
301.85,0.9999999999999998
301.90000000000003,0.9999999999999998
301.95,0.9999999999999998
302.0,0.9999999999999998
302.05,0.9999999999999998
302.1,0.9999999999999998
302.15000000000003,0.9999999999999998
302.2,0.9999999999999998
302.25,0.9999999999999998
302.3,0.9999999999999998
302.35,0.9999999999999998
302.40000000000003,0.9999999999999998
302.45,0.9999999999999998
302.5,0.9999999999999998
302.55,0.9999999999999998
302.6,0.9999999999999998
302.65000000000003,0.9999999999999998
302.7,0.9999999999999998
302.75,0.9999999999999998
302.8,0.9999999999999998
302.85,0.9999999999999998
302.90000000000003,0.9999999999999998
302.95,0.9999999999999998
303.0,0.9999999999999998
303.05,0.9999999999999998
303.1,0.9999999999999998
303.15000000000003,0.9999999999999998
303.2,0.9999999999999998
303.25,0.9999999999999998
303.3,0.9999999999999998
303.35,0.9999999999999998
303.40000000000003,0.9999999999999998
303.45,0.9999999999999998
303.5,0.9999999999999998
303.55,0.9999999999999998
303.6,0.9999999999999998
303.65000000000003,0.9999999999999998
303.7,0.9999999999999998
303.75,0.9999999999999998
303.8,0.9999999999999998
303.85,0.9999999999999998
303.90000000000003,0.9999999999999998
303.95,0.9999999999999998
304.0,0.9999999999999998
304.05,0.9999999999999998
304.1,0.9999999999999998
304.15000000000003,0.9999999999999998
304.2,0.9999999999999998
304.25,0.9999999999999998
304.3,0.9999999999999998
304.35,0.9999999999999998
304.40000000000003,0.9999999999999998
304.45,0.9999999999999998
304.5,0.9999999999999998
304.55,0.9999999999999998
304.6,0.9999999999999998
304.65000000000003,0.9999999999999998
304.7,0.9999999999999998
304.75,0.9999999999999998
304.8,0.9999999999999998
304.85,0.9999999999999998
304.90000000000003,0.9999999999999998
304.95,0.9999999999999998
305.0,0.9999999999999998
305.05,0.9999999999999998
305.1,0.9999999999999998
305.15000000000003,0.9999999999999998
305.2,0.9999999999999998
305.25,0.9999999999999998
305.3,0.9999999999999998
305.35,0.9999999999999998
305.40000000000003,0.9999999999999998
305.45,0.9999999999999998
305.5,0.9999999999999998
305.55,0.9999999999999998
305.6,0.9999999999999998
305.65000000000003,0.9999999999999998
305.7,0.9999999999999998
305.75,0.9999999999999998
305.8,0.9999999999999998
305.85,0.9999999999999998
305.90000000000003,0.9999999999999998
305.95,0.9999999999999998
306.0,0.9999999999999998
306.05,0.9999999999999998
306.1,0.9999999999999998
306.15000000000003,0.9999999999999998
306.2,0.9999999999999998
306.25,0.9999999999999998
306.3,0.9999999999999998
306.35,0.9999999999999998
306.40000000000003,0.9999999999999998
306.45,0.9999999999999998
306.5,0.9999999999999998
306.55,0.9999999999999998
306.6,0.9999999999999998
306.65000000000003,0.9999999999999998
306.7,0.9999999999999998
306.75,0.9999999999999998
306.8,0.9999999999999998
306.85,0.9999999999999998
306.90000000000003,0.9999999999999998
306.95,0.9999999999999998
307.0,0.9999999999999998
307.05,0.9999999999999998
307.1,0.9999999999999998
307.15000000000003,0.9999999999999998
307.20000000000005,0.9999999999999998
307.25,0.9999999999999998
307.3,0.9999999999999998
307.35,0.9999999999999998
307.40000000000003,0.9999999999999998
307.45000000000005,0.9999999999999998
307.5,0.9999999999999998
307.55,0.9999999999999998
307.6,0.9999999999999998
307.65000000000003,0.9999999999999998
307.70000000000005,0.9999999999999998
307.75,0.9999999999999998
307.8,0.9999999999999998
307.85,0.9999999999999998
307.90000000000003,0.9999999999999998
307.95000000000005,0.9999999999999998
308.0,0.9999999999999998
308.05,0.9999999999999998
308.1,0.9999999999999998
308.15000000000003,0.9999999999999998
308.20000000000005,0.9999999999999998
308.25,0.9999999999999998
308.3,0.9999999999999998
308.35,0.9999999999999998
308.40000000000003,0.9999999999999998
308.45000000000005,0.9999999999999998
308.5,0.9999999999999998
308.55,0.9999999999999998
308.6,0.9999999999999998
308.65000000000003,0.9999999999999998
308.70000000000005,0.9999999999999998
308.75,0.9999999999999998
308.8,0.9999999999999998
308.85,0.9999999999999998
308.90000000000003,0.9999999999999998
308.95000000000005,0.9999999999999998
309.0,0.9999999999999998
309.05,0.9999999999999998
309.1,0.9999999999999998
309.15000000000003,0.9999999999999998
309.20000000000005,0.9999999999999998
309.25,0.9999999999999998
309.3,0.9999999999999998
309.35,0.9999999999999998
309.40000000000003,0.9999999999999998
309.45000000000005,0.9999999999999998
309.5,0.9999999999999998
309.55,0.9999999999999998
309.6,0.9999999999999998
309.65000000000003,0.9999999999999998
309.70000000000005,0.9999999999999998
309.75,0.9999999999999998
309.8,0.9999999999999998
309.85,0.9999999999999998
309.90000000000003,0.9999999999999998
309.95000000000005,0.9999999999999998
310.0,0.9999999999999998
310.05,0.9999999999999998
310.1,0.9999999999999998
310.15000000000003,0.9999999999999998
310.20000000000005,0.9999999999999998
310.25,0.9999999999999998
310.3,0.9999999999999998
310.35,0.9999999999999998
310.40000000000003,0.9999999999999998
310.45000000000005,0.9999999999999998
310.5,0.9999999999999998
310.55,0.9999999999999998
310.6,0.9999999999999998
310.65000000000003,0.9999999999999998
310.70000000000005,0.9999999999999998
310.75,0.9999999999999998
310.8,0.9999999999999998
310.85,0.9999999999999998
310.90000000000003,0.9999999999999998
310.95000000000005,0.9999999999999998
311.0,0.9999999999999998
311.05,0.9999999999999998
311.1,0.9999999999999998
311.15000000000003,0.9999999999999998
311.20000000000005,0.9999999999999998
311.25,0.9999999999999998
311.3,0.9999999999999998
311.35,0.9999999999999998
311.40000000000003,0.9999999999999998
311.45000000000005,0.9999999999999998
311.5,0.9999999999999998
311.55,0.9999999999999998
311.6,0.9999999999999998
311.65000000000003,0.9999999999999998
311.70000000000005,0.9999999999999998
311.75,0.9999999999999998
311.8,0.9999999999999998
311.85,0.9999999999999998
311.90000000000003,0.9999999999999998
311.95000000000005,0.9999999999999998
312.0,0.9999999999999998
312.05,0.9999999999999998
312.1,0.9999999999999998
312.15000000000003,0.9999999999999998
312.20000000000005,0.9999999999999998
312.25,0.9999999999999998
312.3,0.9999999999999998
312.35,0.9999999999999998
312.40000000000003,0.9999999999999998
312.45000000000005,0.9999999999999998
312.5,0.9999999999999998
312.55,0.9999999999999998
312.6,0.9999999999999998
312.65000000000003,0.9999999999999998
312.70000000000005,0.9999999999999998
312.75,0.9999999999999998
312.8,0.9999999999999998
312.85,0.9999999999999998
312.90000000000003,0.9999999999999998
312.95000000000005,0.9999999999999998
313.0,0.9999999999999998
313.05,0.9999999999999998
313.1,0.9999999999999998
313.15000000000003,0.9999999999999998
313.20000000000005,0.9999999999999998
313.25,0.9999999999999998
313.3,0.9999999999999998
313.35,0.9999999999999998
313.40000000000003,0.9999999999999998
313.45000000000005,0.9999999999999998
313.5,0.9999999999999998
313.55,0.9999999999999998
313.6,0.9999999999999998
313.65000000000003,0.9999999999999998
313.70000000000005,0.9999999999999998
313.75,0.9999999999999998
313.8,0.9999999999999998
313.85,0.9999999999999998
313.90000000000003,0.9999999999999998
313.95000000000005,0.9999999999999998
314.0,0.9999999999999998
314.05,0.9999999999999998
314.1,0.9999999999999998
314.15000000000003,0.9999999999999998
314.20000000000005,0.9999999999999998
314.25,0.9999999999999998
314.3,0.9999999999999998
314.35,0.9999999999999998
314.40000000000003,0.9999999999999998
314.45000000000005,0.9999999999999998
314.5,0.9999999999999998
314.55,0.9999999999999998
314.6,0.9999999999999998
314.65000000000003,0.9999999999999998
314.70000000000005,0.9999999999999998
314.75,0.9999999999999998
314.8,0.9999999999999998
314.85,0.9999999999999998
314.90000000000003,0.9999999999999998
314.95000000000005,0.9999999999999998
315.0,0.9999999999999998
315.05,0.9999999999999998
315.1,0.9999999999999998
315.15000000000003,0.9999999999999998
315.20000000000005,0.9999999999999998
315.25,0.9999999999999998
315.3,0.9999999999999998
315.35,0.9999999999999998
315.40000000000003,0.9999999999999998
315.45000000000005,0.9999999999999998
315.5,0.9999999999999998
315.55,0.9999999999999998
315.6,0.9999999999999998
315.65000000000003,0.9999999999999998
315.70000000000005,0.9999999999999998
315.75,0.9999999999999998
315.8,0.9999999999999998
315.85,0.9999999999999998
315.90000000000003,0.9999999999999998
315.95000000000005,0.9999999999999998
316.0,0.9999999999999998
316.05,0.9999999999999998
316.1,0.9999999999999998
316.15000000000003,0.9999999999999998
316.20000000000005,0.9999999999999998
316.25,0.9999999999999998
316.3,0.9999999999999998
316.35,0.9999999999999998
316.40000000000003,0.9999999999999998
316.45000000000005,0.9999999999999998
316.5,0.9999999999999998
316.55,0.9999999999999998
316.6,0.9999999999999998
316.65000000000003,0.9999999999999998
316.70000000000005,0.9999999999999998
316.75,0.9999999999999998
316.8,0.9999999999999998
316.85,0.9999999999999998
316.90000000000003,0.9999999999999998
316.95000000000005,0.9999999999999998
317.0,0.9999999999999998
317.05,0.9999999999999998
317.1,0.9999999999999998
317.15000000000003,0.9999999999999998
317.20000000000005,0.9999999999999998
317.25,0.9999999999999998
317.3,0.9999999999999998
317.35,0.9999999999999998
317.40000000000003,0.9999999999999998
317.45000000000005,0.9999999999999998
317.5,0.9999999999999998
317.55,0.9999999999999998
317.6,0.9999999999999998
317.65000000000003,0.9999999999999998
317.70000000000005,0.9999999999999998
317.75,0.9999999999999998
317.8,0.9999999999999998
317.85,0.9999999999999998
317.90000000000003,0.9999999999999998
317.95000000000005,0.9999999999999998
318.0,0.9999999999999998
318.05,0.9999999999999998
318.1,0.9999999999999998
318.15000000000003,0.9999999999999998
318.20000000000005,0.9999999999999998
318.25,0.9999999999999998
318.3,0.9999999999999998
318.35,0.9999999999999998
318.40000000000003,0.9999999999999998
318.45000000000005,0.9999999999999998
318.5,0.9999999999999998
318.55,0.9999999999999998
318.6,0.9999999999999998
318.65000000000003,0.9999999999999998
318.70000000000005,0.9999999999999998
318.75,0.9999999999999998
318.8,0.9999999999999998
318.85,0.9999999999999998
318.90000000000003,0.9999999999999998
318.95000000000005,0.9999999999999998
319.0,0.9999999999999998
319.05,0.9999999999999998
319.1,0.9999999999999998
319.15000000000003,0.9999999999999998
319.20000000000005,0.9999999999999998
319.25,0.9999999999999998
319.3,0.9999999999999998
319.35,0.9999999999999998
319.40000000000003,0.9999999999999998
319.45000000000005,0.9999999999999998
319.5,0.9999999999999998
319.55,0.9999999999999998
319.6,0.9999999999999998
319.65000000000003,0.9999999999999998
319.70000000000005,0.9999999999999998
319.75,0.9999999999999998
319.8,0.9999999999999998
319.85,0.9999999999999998
319.90000000000003,0.9999999999999998
319.95000000000005,0.9999999999999998
320.0,0.9999999999999998
320.05,0.9999999999999998
320.1,0.9999999999999998
320.15000000000003,0.9999999999999998
320.20000000000005,0.9999999999999998
320.25,0.9999999999999998
320.3,0.9999999999999998
320.35,0.9999999999999998
320.40000000000003,0.9999999999999998
320.45000000000005,0.9999999999999998
320.5,0.9999999999999998
320.55,0.9999999999999998
320.6,0.9999999999999998
320.65000000000003,0.9999999999999998
320.70000000000005,0.9999999999999998
320.75,0.9999999999999998
320.8,0.9999999999999998
320.85,0.9999999999999998
320.90000000000003,0.9999999999999998
320.95000000000005,0.9999999999999998
321.0,0.9999999999999998
321.05,0.9999999999999998
321.1,0.9999999999999998
321.15000000000003,0.9999999999999998
321.20000000000005,0.9999999999999998
321.25,0.9999999999999998
321.3,0.9999999999999998
321.35,0.9999999999999998
321.40000000000003,0.9999999999999998
321.45000000000005,0.9999999999999998
321.5,0.9999999999999998
321.55,0.9999999999999998
321.6,0.9999999999999998
321.65000000000003,0.9999999999999998
321.70000000000005,0.9999999999999998
321.75,0.9999999999999998
321.8,0.9999999999999998
321.85,0.9999999999999998
321.90000000000003,0.9999999999999998
321.95000000000005,0.9999999999999998
322.0,0.9999999999999998
322.05,0.9999999999999998
322.1,0.9999999999999998
322.15000000000003,0.9999999999999998
322.20000000000005,0.9999999999999998
322.25,0.9999999999999998
322.3,0.9999999999999998
322.35,0.9999999999999998
322.40000000000003,0.9999999999999998
322.45000000000005,0.9999999999999998
322.5,0.9999999999999998
322.55,0.9999999999999998
322.6,0.9999999999999998
322.65000000000003,0.9999999999999998
322.70000000000005,0.9999999999999998
322.75,0.9999999999999998
322.8,0.9999999999999998
322.85,0.9999999999999998
322.90000000000003,0.9999999999999998
322.95000000000005,0.9999999999999998
323.0,0.9999999999999998
323.05,0.9999999999999998
323.1,0.9999999999999998
323.15000000000003,0.9999999999999998
323.20000000000005,0.9999999999999998
323.25,0.9999999999999998
323.3,0.9999999999999998
323.35,0.9999999999999998
323.40000000000003,0.9999999999999998
323.45000000000005,0.9999999999999998
323.5,0.9999999999999998
323.55,0.9999999999999998
323.6,0.9999999999999998
323.65000000000003,0.9999999999999998
323.70000000000005,0.9999999999999998
323.75,0.9999999999999998
323.8,0.9999999999999998
323.85,0.9999999999999998
323.90000000000003,0.9999999999999998
323.95000000000005,0.9999999999999998
324.0,0.9999999999999998
324.05,0.9999999999999998
324.1,0.9999999999999998
324.15000000000003,0.9999999999999998
324.20000000000005,0.9999999999999998
324.25,0.9999999999999998
324.3,0.9999999999999998
324.35,0.9999999999999998
324.40000000000003,0.9999999999999998
324.45000000000005,0.9999999999999998
324.5,0.9999999999999998
324.55,0.9999999999999998
324.6,0.9999999999999998
324.65000000000003,0.9999999999999998
324.70000000000005,0.9999999999999998
324.75,0.9999999999999998
324.8,0.9999999999999998
324.85,0.9999999999999998
324.90000000000003,0.9999999999999998
324.95000000000005,0.9999999999999998
325.0,0.9999999999999998
325.05,0.9999999999999998
325.1,0.9999999999999998
325.15000000000003,0.9999999999999998
325.20000000000005,0.9999999999999998
325.25,0.9999999999999998
325.3,0.9999999999999998
325.35,0.9999999999999998
325.40000000000003,0.9999999999999998
325.45000000000005,0.9999999999999998
325.5,0.9999999999999998
325.55,0.9999999999999998
325.6,0.9999999999999998
325.65000000000003,0.9999999999999998
325.70000000000005,0.9999999999999998
325.75,0.9999999999999998
325.8,0.9999999999999998
325.85,0.9999999999999998
325.90000000000003,0.9999999999999998
325.95000000000005,0.9999999999999998
326.0,0.9999999999999998
326.05,0.9999999999999998
326.1,0.9999999999999998
326.15000000000003,0.9999999999999998
326.20000000000005,0.9999999999999998
326.25,0.9999999999999998
326.3,0.9999999999999998
326.35,0.9999999999999998
326.40000000000003,0.9999999999999998
326.45000000000005,0.9999999999999998
326.5,0.9999999999999998
326.55,0.9999999999999998
326.6,0.9999999999999998
326.65000000000003,0.9999999999999998
326.70000000000005,0.9999999999999998
326.75,0.9999999999999998
326.8,0.9999999999999998
326.85,0.9999999999999998
326.90000000000003,0.9999999999999998
326.95000000000005,0.9999999999999998
327.0,0.9999999999999998
327.05,0.9999999999999998
327.1,0.9999999999999998
327.15000000000003,0.9999999999999998
327.20000000000005,0.9999999999999998
327.25,0.9999999999999998
327.3,0.9999999999999998
327.35,0.9999999999999998
327.40000000000003,0.9999999999999998
327.45000000000005,0.9999999999999998
327.5,0.9999999999999998
327.55,0.9999999999999998
327.6,0.9999999999999998
327.65000000000003,0.9999999999999998
327.70000000000005,0.9999999999999998
327.75,0.9999999999999998
327.8,0.9999999999999998
327.85,0.9999999999999998
327.90000000000003,0.9999999999999998
327.95000000000005,0.9999999999999998
328.0,0.9999999999999998
328.05,0.9999999999999998
328.1,0.9999999999999998
328.15000000000003,0.9999999999999998
328.20000000000005,0.9999999999999998
328.25,0.9999999999999998
328.3,0.9999999999999998
328.35,0.9999999999999998
328.40000000000003,0.9999999999999998
328.45000000000005,0.9999999999999998
328.5,0.9999999999999998
328.55,0.9999999999999998
328.6,0.9999999999999998
328.65000000000003,0.9999999999999998
328.70000000000005,0.9999999999999998
328.75,0.9999999999999998
328.8,0.9999999999999998
328.85,0.9999999999999998
328.90000000000003,0.9999999999999998
328.95000000000005,0.9999999999999998
329.0,0.9999999999999998
329.05,0.9999999999999998
329.1,0.9999999999999998
329.15000000000003,0.9999999999999998
329.20000000000005,0.9999999999999998
329.25,0.9999999999999998
329.3,0.9999999999999998
329.35,0.9999999999999998
329.40000000000003,0.9999999999999998
329.45000000000005,0.9999999999999998
329.5,0.9999999999999998
329.55,0.9999999999999998
329.6,0.9999999999999998
329.65000000000003,0.9999999999999998
329.70000000000005,0.9999999999999998
329.75,0.9999999999999998
329.8,0.9999999999999998
329.85,0.9999999999999998
329.90000000000003,0.9999999999999998
329.95000000000005,0.9999999999999998
330.0,0.9999999999999998
330.05,0.9999999999999998
330.1,0.9999999999999998
330.15000000000003,0.9999999999999998
330.20000000000005,0.9999999999999998
330.25,0.9999999999999998
330.3,0.9999999999999998
330.35,0.9999999999999998
330.40000000000003,0.9999999999999998
330.45000000000005,0.9999999999999998
330.5,0.9999999999999998
330.55,0.9999999999999998
330.6,0.9999999999999998
330.65000000000003,0.9999999999999998
330.70000000000005,0.9999999999999998
330.75,0.9999999999999998
330.8,0.9999999999999998
330.85,0.9999999999999998
330.90000000000003,0.9999999999999998
330.95000000000005,0.9999999999999998
331.0,0.9999999999999998
331.05,0.9999999999999998
331.1,0.9999999999999998
331.15000000000003,0.9999999999999998
331.20000000000005,0.9999999999999998
331.25,0.9999999999999998
331.3,0.9999999999999998
331.35,0.9999999999999998
331.40000000000003,0.9999999999999998
331.45000000000005,0.9999999999999998
331.5,0.9999999999999998
331.55,0.9999999999999998
331.6,0.9999999999999998
331.65000000000003,0.9999999999999998
331.70000000000005,0.9999999999999998
331.75,0.9999999999999998
331.8,0.9999999999999998
331.85,0.9999999999999998
331.90000000000003,0.9999999999999998
331.95000000000005,0.9999999999999998
332.0,0.9999999999999998
332.05,0.9999999999999998
332.1,0.9999999999999998
332.15000000000003,0.9999999999999998
332.20000000000005,0.9999999999999998
332.25,0.9999999999999998
332.3,0.9999999999999998
332.35,0.9999999999999998
332.40000000000003,0.9999999999999998
332.45000000000005,0.9999999999999998
332.5,0.9999999999999998
332.55,0.9999999999999998
332.6,0.9999999999999998
332.65000000000003,0.9999999999999998
332.70000000000005,0.9999999999999998
332.75,0.9999999999999998
332.8,0.9999999999999998
332.85,0.9999999999999998
332.90000000000003,0.9999999999999998
332.95000000000005,0.9999999999999998
333.0,0.9999999999999998
333.05,0.9999999999999998
333.1,0.9999999999999998
333.15000000000003,0.9999999999999998
333.20000000000005,0.9999999999999998
333.25,0.9999999999999998
333.3,0.9999999999999998
333.35,0.9999999999999998
333.40000000000003,0.9999999999999998
333.45000000000005,0.9999999999999998
333.5,0.9999999999999998
333.55,0.9999999999999998
333.6,0.9999999999999998
333.65000000000003,0.9999999999999998
333.70000000000005,0.9999999999999998
333.75,0.9999999999999998
333.8,0.9999999999999998
333.85,0.9999999999999998
333.90000000000003,0.9999999999999998
333.95000000000005,0.9999999999999998
334.0,0.9999999999999998
334.05,0.9999999999999998
334.1,0.9999999999999998
334.15000000000003,0.9999999999999998
334.20000000000005,0.9999999999999998
334.25,0.9999999999999998
334.3,0.9999999999999998
334.35,0.9999999999999998
334.40000000000003,0.9999999999999998
334.45000000000005,0.9999999999999998
334.5,0.9999999999999998
334.55,0.9999999999999998
334.6,0.9999999999999998
334.65000000000003,0.9999999999999998
334.70000000000005,0.9999999999999998
334.75,0.9999999999999998
334.8,0.9999999999999998
334.85,0.9999999999999998
334.90000000000003,0.9999999999999998
334.95000000000005,0.9999999999999998
335.0,0.9999999999999998
335.05,0.9999999999999998
335.1,0.9999999999999998
335.15000000000003,0.9999999999999998
335.20000000000005,0.9999999999999998
335.25,0.9999999999999998
335.3,0.9999999999999998
335.35,0.9999999999999998
335.40000000000003,0.9999999999999998
335.45000000000005,0.9999999999999998
335.5,0.9999999999999998
335.55,0.9999999999999998
335.6,0.9999999999999998
335.65000000000003,0.9999999999999998
335.70000000000005,0.9999999999999998
335.75,0.9999999999999998
335.8,0.9999999999999998
335.85,0.9999999999999998
335.90000000000003,0.9999999999999998
335.95000000000005,0.9999999999999998
336.0,0.9999999999999998
336.05,0.9999999999999998
336.1,0.9999999999999998
336.15000000000003,0.9999999999999998
336.20000000000005,0.9999999999999998
336.25,0.9999999999999998
336.3,0.9999999999999998
336.35,0.9999999999999998
336.40000000000003,0.9999999999999998
336.45000000000005,0.9999999999999998
336.5,0.9999999999999998
336.55,0.9999999999999998
336.6,0.9999999999999998
336.65000000000003,0.9999999999999998
336.70000000000005,0.9999999999999998
336.75,0.9999999999999998
336.8,0.9999999999999998
336.85,0.9999999999999998
336.90000000000003,0.9999999999999998
336.95000000000005,0.9999999999999998
337.0,0.9999999999999998
337.05,0.9999999999999998
337.1,0.9999999999999998
337.15000000000003,0.9999999999999998
337.20000000000005,0.9999999999999998
337.25,0.9999999999999998
337.3,0.9999999999999998
337.35,0.9999999999999998
337.40000000000003,0.9999999999999998
337.45000000000005,0.9999999999999998
337.5,0.9999999999999998
337.55,0.9999999999999998
337.6,0.9999999999999998
337.65000000000003,0.9999999999999998
337.70000000000005,0.9999999999999998
337.75,0.9999999999999998
337.8,0.9999999999999998
337.85,0.9999999999999998
337.90000000000003,0.9999999999999998
337.95000000000005,0.9999999999999998
338.0,0.9999999999999998
338.05,0.9999999999999998
338.1,0.9999999999999998
338.15000000000003,0.9999999999999998
338.20000000000005,0.9999999999999998
338.25,0.9999999999999998
338.3,0.9999999999999998
338.35,0.9999999999999998
338.40000000000003,0.9999999999999998
338.45000000000005,0.9999999999999998
338.5,0.9999999999999998
338.55,0.9999999999999998
338.6,0.9999999999999998
338.65000000000003,0.9999999999999998
338.70000000000005,0.9999999999999998
338.75,0.9999999999999998
338.8,0.9999999999999998
338.85,0.9999999999999998
338.90000000000003,0.9999999999999998
338.95000000000005,0.9999999999999998
339.0,0.9999999999999998
339.05,0.9999999999999998
339.1,0.9999999999999998
339.15000000000003,0.9999999999999998
339.20000000000005,0.9999999999999998
339.25,0.9999999999999998
339.3,0.9999999999999998
339.35,0.9999999999999998
339.40000000000003,0.9999999999999998
339.45000000000005,0.9999999999999998
339.5,0.9999999999999998
339.55,0.9999999999999998
339.6,0.9999999999999998
339.65000000000003,0.9999999999999998
339.70000000000005,0.9999999999999998
339.75,0.9999999999999998
339.8,0.9999999999999998
339.85,0.9999999999999998
339.90000000000003,0.9999999999999998
339.95000000000005,0.9999999999999998
340.0,0.9999999999999998
340.05,0.9999999999999998
340.1,0.9999999999999998
340.15000000000003,0.9999999999999998
340.20000000000005,0.9999999999999998
340.25,0.9999999999999998
340.3,0.9999999999999998
340.35,0.9999999999999998
340.40000000000003,0.9999999999999998
340.45000000000005,0.9999999999999998
340.5,0.9999999999999998
340.55,0.9999999999999998
340.6,0.9999999999999998
340.65000000000003,0.9999999999999998
340.70000000000005,0.9999999999999998
340.75,0.9999999999999998
340.8,0.9999999999999998
340.85,0.9999999999999998
340.90000000000003,0.9999999999999998
340.95000000000005,0.9999999999999998
341.0,0.9999999999999998
341.05,0.9999999999999998
341.1,0.9999999999999998
341.15000000000003,0.9999999999999998
341.20000000000005,0.9999999999999998
341.25,0.9999999999999998
341.3,0.9999999999999998
341.35,0.9999999999999998
341.40000000000003,0.9999999999999998
341.45000000000005,0.9999999999999998
341.5,0.9999999999999998
341.55,0.9999999999999998
341.6,0.9999999999999998
341.65000000000003,0.9999999999999998
341.70000000000005,0.9999999999999998
341.75,0.9999999999999998
341.8,0.9999999999999998
341.85,0.9999999999999998
341.90000000000003,0.9999999999999998
341.95000000000005,0.9999999999999998
342.0,0.9999999999999998
342.05,0.9999999999999998
342.1,0.9999999999999998
342.15000000000003,0.9999999999999998
342.20000000000005,0.9999999999999998
342.25,0.9999999999999998
342.3,0.9999999999999998
342.35,0.9999999999999998
342.40000000000003,0.9999999999999998
342.45000000000005,0.9999999999999998
342.5,0.9999999999999998
342.55,0.9999999999999998
342.6,0.9999999999999998
342.65000000000003,0.9999999999999998
342.70000000000005,0.9999999999999998
342.75,0.9999999999999998
342.8,0.9999999999999998
342.85,0.9999999999999998
342.90000000000003,0.9999999999999998
342.95000000000005,0.9999999999999998
343.0,0.9999999999999998
343.05,0.9999999999999998
343.1,0.9999999999999998
343.15000000000003,0.9999999999999998
343.20000000000005,0.9999999999999998
343.25,0.9999999999999998
343.3,0.9999999999999998
343.35,0.9999999999999998
343.40000000000003,0.9999999999999998
343.45000000000005,0.9999999999999998
343.5,0.9999999999999998
343.55,0.9999999999999998
343.6,0.9999999999999998
343.65000000000003,0.9999999999999998
343.70000000000005,0.9999999999999998
343.75,0.9999999999999998
343.8,0.9999999999999998
343.85,0.9999999999999998
343.90000000000003,0.9999999999999998
343.95000000000005,0.9999999999999998
344.0,0.9999999999999998
344.05,0.9999999999999998
344.1,0.9999999999999998
344.15000000000003,0.9999999999999998
344.20000000000005,0.9999999999999998
344.25,0.9999999999999998
344.3,0.9999999999999998
344.35,0.9999999999999998
344.40000000000003,0.9999999999999998
344.45000000000005,0.9999999999999998
344.5,0.9999999999999998
344.55,0.9999999999999998
344.6,0.9999999999999998
344.65000000000003,0.9999999999999998
344.70000000000005,0.9999999999999998
344.75,0.9999999999999998
344.8,0.9999999999999998
344.85,0.9999999999999998
344.90000000000003,0.9999999999999998
344.95000000000005,0.9999999999999998
345.0,0.9999999999999998
345.05,0.9999999999999998
345.1,0.9999999999999998
345.15000000000003,0.9999999999999998
345.20000000000005,0.9999999999999998
345.25,0.9999999999999998
345.3,0.9999999999999998
345.35,0.9999999999999998
345.40000000000003,0.9999999999999998
345.45000000000005,0.9999999999999998
345.5,0.9999999999999998
345.55,0.9999999999999998
345.6,0.9999999999999998
345.65000000000003,0.9999999999999998
345.70000000000005,0.9999999999999998
345.75,0.9999999999999998
345.8,0.9999999999999998
345.85,0.9999999999999998
345.90000000000003,0.9999999999999998
345.95000000000005,0.9999999999999998
346.0,0.9999999999999998
346.05,0.9999999999999998
346.1,0.9999999999999998
346.15000000000003,0.9999999999999998
346.20000000000005,0.9999999999999998
346.25,0.9999999999999998
346.3,0.9999999999999998
346.35,0.9999999999999998
346.40000000000003,0.9999999999999998
346.45000000000005,0.9999999999999998
346.5,0.9999999999999998
346.55,0.9999999999999998
346.6,0.9999999999999998
346.65000000000003,0.9999999999999998
346.70000000000005,0.9999999999999998
346.75,0.9999999999999998
346.8,0.9999999999999998
346.85,0.9999999999999998
346.90000000000003,0.9999999999999998
346.95000000000005,0.9999999999999998
347.0,0.9999999999999998
347.05,0.9999999999999998
347.1,0.9999999999999998
347.15000000000003,0.9999999999999998
347.20000000000005,0.9999999999999998
347.25,0.9999999999999998
347.3,0.9999999999999998
347.35,0.9999999999999998
347.40000000000003,0.9999999999999998
347.45000000000005,0.9999999999999998
347.5,0.9999999999999998
347.55,0.9999999999999998
347.6,0.9999999999999998
347.65000000000003,0.9999999999999998
347.70000000000005,0.9999999999999998
347.75,0.9999999999999998
347.8,0.9999999999999998
347.85,0.9999999999999998
347.90000000000003,0.9999999999999998
347.95000000000005,0.9999999999999998
348.0,0.9999999999999998
348.05,0.9999999999999998
348.1,0.9999999999999998
348.15000000000003,0.9999999999999998
348.20000000000005,0.9999999999999998
348.25,0.9999999999999998
348.3,0.9999999999999998
348.35,0.9999999999999998
348.40000000000003,0.9999999999999998
348.45000000000005,0.9999999999999998
348.5,0.9999999999999998
348.55,0.9999999999999998
348.6,0.9999999999999998
348.65000000000003,0.9999999999999998
348.70000000000005,0.9999999999999998
348.75,0.9999999999999998
348.8,0.9999999999999998
348.85,0.9999999999999998
348.90000000000003,0.9999999999999998
348.95000000000005,0.9999999999999998
349.0,0.9999999999999998
349.05,0.9999999999999998
349.1,0.9999999999999998
349.15000000000003,0.9999999999999998
349.20000000000005,0.9999999999999998
349.25,0.9999999999999998
349.3,0.9999999999999998
349.35,0.9999999999999998
349.40000000000003,0.9999999999999998
349.45000000000005,0.9999999999999998
349.5,0.9999999999999998
349.55,0.9999999999999998
349.6,0.9999999999999998
349.65000000000003,0.9999999999999998
349.70000000000005,0.9999999999999998
349.75,0.9999999999999998
349.8,0.9999999999999998
349.85,0.9999999999999998
349.90000000000003,0.9999999999999998
349.95000000000005,0.9999999999999998
350.0,0.9999999999999998
350.05,0.9999999999999998
350.1,0.9999999999999998
350.15000000000003,0.9999999999999998
350.20000000000005,0.9999999999999998
350.25,0.9999999999999998
350.3,0.9999999999999998
350.35,0.9999999999999998
350.40000000000003,0.9999999999999998
350.45000000000005,0.9999999999999998
350.5,0.9999999999999998
350.55,0.9999999999999998
350.6,0.9999999999999998
350.65000000000003,0.9999999999999998
350.70000000000005,0.9999999999999998
350.75,0.9999999999999998
350.8,0.9999999999999998
350.85,0.9999999999999998
350.90000000000003,0.9999999999999998
350.95000000000005,0.9999999999999998
351.0,0.9999999999999998
351.05,0.9999999999999998
351.1,0.9999999999999998
351.15000000000003,0.9999999999999998
351.20000000000005,0.9999999999999998
351.25,0.9999999999999998
351.3,0.9999999999999998
351.35,0.9999999999999998
351.40000000000003,0.9999999999999998
351.45000000000005,0.9999999999999998
351.5,0.9999999999999998
351.55,0.9999999999999998
351.6,0.9999999999999998
351.65000000000003,0.9999999999999998
351.70000000000005,0.9999999999999998
351.75,0.9999999999999998
351.8,0.9999999999999998
351.85,0.9999999999999998
351.90000000000003,0.9999999999999998
351.95000000000005,0.9999999999999998
352.0,0.9999999999999998
352.05,0.9999999999999998
352.1,0.9999999999999998
352.15000000000003,0.9999999999999998
352.20000000000005,0.9999999999999998
352.25,0.9999999999999998
352.3,0.9999999999999998
352.35,0.9999999999999998
352.40000000000003,0.9999999999999998
352.45000000000005,0.9999999999999998
352.5,0.9999999999999998
352.55,0.9999999999999998
352.6,0.9999999999999998
352.65000000000003,0.9999999999999998
352.70000000000005,0.9999999999999998
352.75,0.9999999999999998
352.8,0.9999999999999998
352.85,0.9999999999999998
352.90000000000003,0.9999999999999998
352.95000000000005,0.9999999999999998
353.0,0.9999999999999998
353.05,0.9999999999999998
353.1,0.9999999999999998
353.15000000000003,0.9999999999999998
353.20000000000005,0.9999999999999998
353.25,0.9999999999999998
353.3,0.9999999999999998
353.35,0.9999999999999998
353.40000000000003,0.9999999999999998
353.45000000000005,0.9999999999999998
353.5,0.9999999999999998
353.55,0.9999999999999998
353.6,0.9999999999999998
353.65000000000003,0.9999999999999998
353.70000000000005,0.9999999999999998
353.75,0.9999999999999998
353.8,0.9999999999999998
353.85,0.9999999999999998
353.90000000000003,0.9999999999999998
353.95000000000005,0.9999999999999998
354.0,0.9999999999999998
354.05,0.9999999999999998
354.1,0.9999999999999998
354.15000000000003,0.9999999999999998
354.20000000000005,0.9999999999999998
354.25,0.9999999999999998
354.3,0.9999999999999998
354.35,0.9999999999999998
354.40000000000003,0.9999999999999998
354.45000000000005,0.9999999999999998
354.5,0.9999999999999998
354.55,0.9999999999999998
354.6,0.9999999999999998
354.65000000000003,0.9999999999999998
354.70000000000005,0.9999999999999998
354.75,0.9999999999999998
354.8,0.9999999999999998
354.85,0.9999999999999998
354.90000000000003,0.9999999999999998
354.95000000000005,0.9999999999999998
355.0,0.9999999999999998
355.05,0.9999999999999998
355.1,0.9999999999999998
355.15000000000003,0.9999999999999998
355.20000000000005,0.9999999999999998
355.25,0.9999999999999998
355.3,0.9999999999999998
355.35,0.9999999999999998
355.40000000000003,0.9999999999999998
355.45000000000005,0.9999999999999998
355.5,0.9999999999999998
355.55,0.9999999999999998
355.6,0.9999999999999998
355.65000000000003,0.9999999999999998
355.70000000000005,0.9999999999999998
355.75,0.9999999999999998
355.8,0.9999999999999998
355.85,0.9999999999999998
355.90000000000003,0.9999999999999998
355.95000000000005,0.9999999999999998
356.0,0.9999999999999998
356.05,0.9999999999999998
356.1,0.9999999999999998
356.15000000000003,0.9999999999999998
356.20000000000005,0.9999999999999998
356.25,0.9999999999999998
356.3,0.9999999999999998
356.35,0.9999999999999998
356.40000000000003,0.9999999999999998
356.45000000000005,0.9999999999999998
356.5,0.9999999999999998
356.55,0.9999999999999998
356.6,0.9999999999999998
356.65000000000003,0.9999999999999998
356.70000000000005,0.9999999999999998
356.75,0.9999999999999998
356.8,0.9999999999999998
356.85,0.9999999999999998
356.90000000000003,0.9999999999999998
356.95000000000005,0.9999999999999998
357.0,0.9999999999999998
357.05,0.9999999999999998
357.1,0.9999999999999998
357.15000000000003,0.9999999999999998
357.20000000000005,0.9999999999999998
357.25,0.9999999999999998
357.3,0.9999999999999998
357.35,0.9999999999999998
357.40000000000003,0.9999999999999998
357.45000000000005,0.9999999999999998
357.5,0.9999999999999998
357.55,0.9999999999999998
357.6,0.9999999999999998
357.65000000000003,0.9999999999999998
357.70000000000005,0.9999999999999998
357.75,0.9999999999999998
357.8,0.9999999999999998
357.85,0.9999999999999998
357.90000000000003,0.9999999999999998
357.95000000000005,0.9999999999999998
358.0,0.9999999999999998
358.05,0.9999999999999998
358.1,0.9999999999999998
358.15000000000003,0.9999999999999998
358.20000000000005,0.9999999999999998
358.25,0.9999999999999998
358.3,0.9999999999999998
358.35,0.9999999999999998
358.40000000000003,0.9999999999999998
358.45000000000005,0.9999999999999998
358.5,0.9999999999999998
358.55,0.9999999999999998
358.6,0.9999999999999998
358.65000000000003,0.9999999999999998
358.70000000000005,0.9999999999999998
358.75,0.9999999999999998
358.8,0.9999999999999998
358.85,0.9999999999999998
358.90000000000003,0.9999999999999998
358.95000000000005,0.9999999999999998
359.0,0.9999999999999998
359.05,0.9999999999999998
359.1,0.9999999999999998
359.15000000000003,0.9999999999999998
359.20000000000005,0.9999999999999998
359.25,0.9999999999999998
359.3,0.9999999999999998
359.35,0.9999999999999998
359.40000000000003,0.9999999999999998
359.45000000000005,0.9999999999999998
359.5,0.9999999999999998
359.55,0.9999999999999998
359.6,0.9999999999999998
359.65000000000003,0.9999999999999998
359.70000000000005,0.9999999999999998
359.75,0.9999999999999998
359.8,0.9999999999999998
359.85,0.9999999999999998
359.90000000000003,0.9999999999999998
359.95000000000005,0.9999999999999998
360.0,0.9999999999999998
360.05,0.9999999999999998
360.1,0.9999999999999998
360.15000000000003,0.9999999999999998
360.20000000000005,0.9999999999999998
360.25,0.9999999999999998
360.3,0.9999999999999998
360.35,0.9999999999999998
360.40000000000003,0.9999999999999998
360.45000000000005,0.9999999999999998
360.5,0.9999999999999998
360.55,0.9999999999999998
360.6,0.9999999999999998
360.65000000000003,0.9999999999999998
360.70000000000005,0.9999999999999998
360.75,0.9999999999999998
360.8,0.9999999999999998
360.85,0.9999999999999998
360.90000000000003,0.9999999999999998
360.95000000000005,0.9999999999999998
361.0,0.9999999999999998
361.05,0.9999999999999998
361.1,0.9999999999999998
361.15000000000003,0.9999999999999998
361.20000000000005,0.9999999999999998
361.25,0.9999999999999998
361.3,0.9999999999999998
361.35,0.9999999999999998
361.40000000000003,0.9999999999999998
361.45000000000005,0.9999999999999998
361.5,0.9999999999999998
361.55,0.9999999999999998
361.6,0.9999999999999998
361.65000000000003,0.9999999999999998
361.70000000000005,0.9999999999999998
361.75,0.9999999999999998
361.8,0.9999999999999998
361.85,0.9999999999999998
361.90000000000003,0.9999999999999998
361.95000000000005,0.9999999999999998
362.0,0.9999999999999998
362.05,0.9999999999999998
362.1,0.9999999999999998
362.15000000000003,0.9999999999999998
362.20000000000005,0.9999999999999998
362.25,0.9999999999999998
362.3,0.9999999999999998
362.35,0.9999999999999998
362.40000000000003,0.9999999999999998
362.45000000000005,0.9999999999999998
362.5,0.9999999999999998
362.55,0.9999999999999998
362.6,0.9999999999999998
362.65000000000003,0.9999999999999998
362.70000000000005,0.9999999999999998
362.75,0.9999999999999998
362.8,0.9999999999999998
362.85,0.9999999999999998
362.90000000000003,0.9999999999999998
362.95000000000005,0.9999999999999998
363.0,0.9999999999999998
363.05,0.9999999999999998
363.1,0.9999999999999998
363.15000000000003,0.9999999999999998
363.20000000000005,0.9999999999999998
363.25,0.9999999999999998
363.3,0.9999999999999998
363.35,0.9999999999999998
363.40000000000003,0.9999999999999998
363.45000000000005,0.9999999999999998
363.5,0.9999999999999998
363.55,0.9999999999999998
363.6,0.9999999999999998
363.65000000000003,0.9999999999999998
363.70000000000005,0.9999999999999998
363.75,0.9999999999999998
363.8,0.9999999999999998
363.85,0.9999999999999998
363.90000000000003,0.9999999999999998
363.95000000000005,0.9999999999999998
364.0,0.9999999999999998
364.05,0.9999999999999998
364.1,0.9999999999999998
364.15000000000003,0.9999999999999998
364.20000000000005,0.9999999999999998
364.25,0.9999999999999998
364.3,0.9999999999999998
364.35,0.9999999999999998
364.40000000000003,0.9999999999999998
364.45000000000005,0.9999999999999998
364.5,0.9999999999999998
364.55,0.9999999999999998
364.6,0.9999999999999998
364.65000000000003,0.9999999999999998
364.70000000000005,0.9999999999999998
364.75,0.9999999999999998
364.8,0.9999999999999998
364.85,0.9999999999999998
364.90000000000003,0.9999999999999998
364.95000000000005,0.9999999999999998
365.0,0.9999999999999998
365.05,0.9999999999999998
365.1,0.9999999999999998
365.15000000000003,0.9999999999999998
365.20000000000005,0.9999999999999998
365.25,0.9999999999999998
365.3,0.9999999999999998
365.35,0.9999999999999998
365.40000000000003,0.9999999999999998
365.45000000000005,0.9999999999999998
365.5,0.9999999999999998
365.55,0.9999999999999998
365.6,0.9999999999999998
365.65000000000003,0.9999999999999998
365.70000000000005,0.9999999999999998
365.75,0.9999999999999998
365.8,0.9999999999999998
365.85,0.9999999999999998
365.90000000000003,0.9999999999999998
365.95000000000005,0.9999999999999998
366.0,0.9999999999999998
366.05,0.9999999999999998
366.1,0.9999999999999998
366.15000000000003,0.9999999999999998
366.20000000000005,0.9999999999999998
366.25,0.9999999999999998
366.3,0.9999999999999998
366.35,0.9999999999999998
366.40000000000003,0.9999999999999998
366.45000000000005,0.9999999999999998
366.5,0.9999999999999998
366.55,0.9999999999999998
366.6,0.9999999999999998
366.65000000000003,0.9999999999999998
366.70000000000005,0.9999999999999998
366.75,0.9999999999999998
366.8,0.9999999999999998
366.85,0.9999999999999998
366.90000000000003,0.9999999999999998
366.95000000000005,0.9999999999999998
367.0,0.9999999999999998
367.05,0.9999999999999998
367.1,0.9999999999999998
367.15000000000003,0.9999999999999998
367.20000000000005,0.9999999999999998
367.25,0.9999999999999998
367.3,0.9999999999999998
367.35,0.9999999999999998
367.40000000000003,0.9999999999999998
367.45000000000005,0.9999999999999998
367.5,0.9999999999999998
367.55,0.9999999999999998
367.6,0.9999999999999998
367.65000000000003,0.9999999999999998
367.70000000000005,0.9999999999999998
367.75,0.9999999999999998
367.8,0.9999999999999998
367.85,0.9999999999999998
367.90000000000003,0.9999999999999998
367.95000000000005,0.9999999999999998
368.0,0.9999999999999998
368.05,0.9999999999999998
368.1,0.9999999999999998
368.15000000000003,0.9999999999999998
368.20000000000005,0.9999999999999998
368.25,0.9999999999999998
368.3,0.9999999999999998
368.35,0.9999999999999998
368.40000000000003,0.9999999999999998
368.45000000000005,0.9999999999999998
368.5,0.9999999999999998
368.55,0.9999999999999998
368.6,0.9999999999999998
368.65000000000003,0.9999999999999998
368.70000000000005,0.9999999999999998
368.75,0.9999999999999998
368.8,0.9999999999999998
368.85,0.9999999999999998
368.90000000000003,0.9999999999999998
368.95000000000005,0.9999999999999998
369.0,0.9999999999999998
369.05,0.9999999999999998
369.1,0.9999999999999998
369.15000000000003,0.9999999999999998
369.20000000000005,0.9999999999999998
369.25,0.9999999999999998
369.3,0.9999999999999998
369.35,0.9999999999999998
369.40000000000003,0.9999999999999998
369.45000000000005,0.9999999999999998
369.5,0.9999999999999998
369.55,0.9999999999999998
369.6,0.9999999999999998
369.65000000000003,0.9999999999999998
369.70000000000005,0.9999999999999998
369.75,0.9999999999999998
369.8,0.9999999999999998
369.85,0.9999999999999998
369.90000000000003,0.9999999999999998
369.95000000000005,0.9999999999999998
370.0,0.9999999999999998
370.05,0.9999999999999998
370.1,0.9999999999999998
370.15000000000003,0.9999999999999998
370.20000000000005,0.9999999999999998
370.25,0.9999999999999998
370.3,0.9999999999999998
370.35,0.9999999999999998
370.40000000000003,0.9999999999999998
370.45000000000005,0.9999999999999998
370.5,0.9999999999999998
370.55,0.9999999999999998
370.6,0.9999999999999998
370.65000000000003,0.9999999999999998
370.70000000000005,0.9999999999999998
370.75,0.9999999999999998
370.8,0.9999999999999998
370.85,0.9999999999999998
370.90000000000003,0.9999999999999998
370.95000000000005,0.9999999999999998
371.0,0.9999999999999998
371.05,0.9999999999999998
371.1,0.9999999999999998
371.15000000000003,0.9999999999999998
371.20000000000005,0.9999999999999998
371.25,0.9999999999999998
371.3,0.9999999999999998
371.35,0.9999999999999998
371.40000000000003,0.9999999999999998
371.45000000000005,0.9999999999999998
371.5,0.9999999999999998
371.55,0.9999999999999998
371.6,0.9999999999999998
371.65000000000003,0.9999999999999998
371.70000000000005,0.9999999999999998
371.75,0.9999999999999998
371.8,0.9999999999999998
371.85,0.9999999999999998
371.90000000000003,0.9999999999999998
371.95000000000005,0.9999999999999998
372.0,0.9999999999999998
372.05,0.9999999999999998
372.1,0.9999999999999998
372.15000000000003,0.9999999999999998
372.20000000000005,0.9999999999999998
372.25,0.9999999999999998
372.3,0.9999999999999998
372.35,0.9999999999999998
372.40000000000003,0.9999999999999998
372.45000000000005,0.9999999999999998
372.5,0.9999999999999998
372.55,0.9999999999999998
372.6,0.9999999999999998
372.65000000000003,0.9999999999999998
372.70000000000005,0.9999999999999998
372.75,0.9999999999999998
372.8,0.9999999999999998
372.85,0.9999999999999998
372.90000000000003,0.9999999999999998
372.95000000000005,0.9999999999999998
373.0,0.9999999999999998
373.05,0.9999999999999998
373.1,0.9999999999999998
373.15000000000003,0.9999999999999998
373.20000000000005,0.9999999999999998
373.25,0.9999999999999998
373.3,0.9999999999999998
373.35,0.9999999999999998
373.40000000000003,0.9999999999999998
373.45000000000005,0.9999999999999998
373.5,0.9999999999999998
373.55,0.9999999999999998
373.6,0.9999999999999998
373.65000000000003,0.9999999999999998
373.70000000000005,0.9999999999999998
373.75,0.9999999999999998
373.8,0.9999999999999998
373.85,0.9999999999999998
373.90000000000003,0.9999999999999998
373.95000000000005,0.9999999999999998
374.0,0.9999999999999998
374.05,0.9999999999999998
374.1,0.9999999999999998
374.15000000000003,0.9999999999999998
374.20000000000005,0.9999999999999998
374.25,0.9999999999999998
374.3,0.9999999999999998
374.35,0.9999999999999998
374.40000000000003,0.9999999999999998
374.45000000000005,0.9999999999999998
374.5,0.9999999999999998
374.55,0.9999999999999998
374.6,0.9999999999999998
374.65000000000003,0.9999999999999998
374.70000000000005,0.9999999999999998
374.75,0.9999999999999998
374.8,0.9999999999999998
374.85,0.9999999999999998
374.90000000000003,0.9999999999999998
374.95000000000005,0.9999999999999998
375.0,0.9999999999999998
375.05,0.9999999999999998
375.1,0.9999999999999998
375.15000000000003,0.9999999999999998
375.20000000000005,0.9999999999999998
375.25,0.9999999999999998
375.3,0.9999999999999998
375.35,0.9999999999999998
375.40000000000003,0.9999999999999998
375.45000000000005,0.9999999999999998
375.5,0.9999999999999998
375.55,0.9999999999999998
375.6,0.9999999999999998
375.65000000000003,0.9999999999999998
375.70000000000005,0.9999999999999998
375.75,0.9999999999999998
375.8,0.9999999999999998
375.85,0.9999999999999998
375.90000000000003,0.9999999999999998
375.95000000000005,0.9999999999999998
376.0,0.9999999999999998
376.05,0.9999999999999998
376.1,0.9999999999999998
376.15000000000003,0.9999999999999998
376.20000000000005,0.9999999999999998
376.25,0.9999999999999998
376.3,0.9999999999999998
376.35,0.9999999999999998
376.40000000000003,0.9999999999999998
376.45000000000005,0.9999999999999998
376.5,0.9999999999999998
376.55,0.9999999999999998
376.6,0.9999999999999998
376.65000000000003,0.9999999999999998
376.70000000000005,0.9999999999999998
376.75,0.9999999999999998
376.8,0.9999999999999998
376.85,0.9999999999999998
376.90000000000003,0.9999999999999998
376.95000000000005,0.9999999999999998
377.0,0.9999999999999998
377.05,0.9999999999999998
377.1,0.9999999999999998
377.15000000000003,0.9999999999999998
377.20000000000005,0.9999999999999998
377.25,0.9999999999999998
377.3,0.9999999999999998
377.35,0.9999999999999998
377.40000000000003,0.9999999999999998
377.45000000000005,0.9999999999999998
377.5,0.9999999999999998
377.55,0.9999999999999998
377.6,0.9999999999999998
377.65000000000003,0.9999999999999998
377.70000000000005,0.9999999999999998
377.75,0.9999999999999998
377.8,0.9999999999999998
377.85,0.9999999999999998
377.90000000000003,0.9999999999999998
377.95000000000005,0.9999999999999998
378.0,0.9999999999999998
378.05,0.9999999999999998
378.1,0.9999999999999998
378.15000000000003,0.9999999999999998
378.20000000000005,0.9999999999999998
378.25,0.9999999999999998
378.3,0.9999999999999998
378.35,0.9999999999999998
378.40000000000003,0.9999999999999998
378.45000000000005,0.9999999999999998
378.5,0.9999999999999998
378.55,0.9999999999999998
378.6,0.9999999999999998
378.65000000000003,0.9999999999999998
378.70000000000005,0.9999999999999998
378.75,0.9999999999999998
378.8,0.9999999999999998
378.85,0.9999999999999998
378.90000000000003,0.9999999999999998
378.95000000000005,0.9999999999999998
379.0,0.9999999999999998
379.05,0.9999999999999998
379.1,0.9999999999999998
379.15000000000003,0.9999999999999998
379.20000000000005,0.9999999999999998
379.25,0.9999999999999998
379.3,0.9999999999999998
379.35,0.9999999999999998
379.40000000000003,0.9999999999999998
379.45000000000005,0.9999999999999998
379.5,0.9999999999999998
379.55,0.9999999999999998
379.6,0.9999999999999998
379.65000000000003,0.9999999999999998
379.70000000000005,0.9999999999999998
379.75,0.9999999999999998
379.8,0.9999999999999998
379.85,0.9999999999999998
379.90000000000003,0.9999999999999998
379.95000000000005,0.9999999999999998
380.0,0.9999999999999998
380.05,0.9999999999999998
380.1,0.9999999999999998
380.15000000000003,0.9999999999999998
380.20000000000005,0.9999999999999998
380.25,0.9999999999999998
380.3,0.9999999999999998
380.35,0.9999999999999998
380.40000000000003,0.9999999999999998
380.45000000000005,0.9999999999999998
380.5,0.9999999999999998
380.55,0.9999999999999998
380.6,0.9999999999999998
380.65000000000003,0.9999999999999998
380.70000000000005,0.9999999999999998
380.75,0.9999999999999998
380.8,0.9999999999999998
380.85,0.9999999999999998
380.90000000000003,0.9999999999999998
380.95000000000005,0.9999999999999998
381.0,0.9999999999999998
381.05,0.9999999999999998
381.1,0.9999999999999998
381.15000000000003,0.9999999999999998
381.20000000000005,0.9999999999999998
381.25,0.9999999999999998
381.3,0.9999999999999998
381.35,0.9999999999999998
381.40000000000003,0.9999999999999998
381.45000000000005,0.9999999999999998
381.5,0.9999999999999998
381.55,0.9999999999999998
381.6,0.9999999999999998
381.65000000000003,0.9999999999999998
381.70000000000005,0.9999999999999998
381.75,0.9999999999999998
381.8,0.9999999999999998
381.85,0.9999999999999998
381.90000000000003,0.9999999999999998
381.95000000000005,0.9999999999999998
382.0,0.9999999999999998
382.05,0.9999999999999998
382.1,0.9999999999999998
382.15000000000003,0.9999999999999998
382.20000000000005,0.9999999999999998
382.25,0.9999999999999998
382.3,0.9999999999999998
382.35,0.9999999999999998
382.40000000000003,0.9999999999999998
382.45000000000005,0.9999999999999998
382.5,0.9999999999999998
382.55,0.9999999999999998
382.6,0.9999999999999998
382.65000000000003,0.9999999999999998
382.70000000000005,0.9999999999999998
382.75,0.9999999999999998
382.8,0.9999999999999998
382.85,0.9999999999999998
382.90000000000003,0.9999999999999998
382.95000000000005,0.9999999999999998
383.0,0.9999999999999998
383.05,0.9999999999999998
383.1,0.9999999999999998
383.15000000000003,0.9999999999999998
383.20000000000005,0.9999999999999998
383.25,0.9999999999999998
383.3,0.9999999999999998
383.35,0.9999999999999998
383.40000000000003,0.9999999999999998
383.45000000000005,0.9999999999999998
383.5,0.9999999999999998
383.55,0.9999999999999998
383.6,0.9999999999999998
383.65000000000003,0.9999999999999998
383.70000000000005,0.9999999999999998
383.75,0.9999999999999998
383.8,0.9999999999999998
383.85,0.9999999999999998
383.90000000000003,0.9999999999999998
383.95000000000005,0.9999999999999998
384.0,0.9999999999999998
384.05,0.9999999999999998
384.1,0.9999999999999998
384.15000000000003,0.9999999999999998
384.20000000000005,0.9999999999999998
384.25,0.9999999999999998
384.3,0.9999999999999998
384.35,0.9999999999999998
384.40000000000003,0.9999999999999998
384.45000000000005,0.9999999999999998
384.5,0.9999999999999998
384.55,0.9999999999999998
384.6,0.9999999999999998
384.65000000000003,0.9999999999999998
384.70000000000005,0.9999999999999998
384.75,0.9999999999999998
384.8,0.9999999999999998
384.85,0.9999999999999998
384.90000000000003,0.9999999999999998
384.95000000000005,0.9999999999999998
385.0,0.9999999999999998
385.05,0.9999999999999998
385.1,0.9999999999999998
385.15000000000003,0.9999999999999998
385.20000000000005,0.9999999999999998
385.25,0.9999999999999998
385.3,0.9999999999999998
385.35,0.9999999999999998
385.40000000000003,0.9999999999999998
385.45000000000005,0.9999999999999998
385.5,0.9999999999999998
385.55,0.9999999999999998
385.6,0.9999999999999998
385.65000000000003,0.9999999999999998
385.70000000000005,0.9999999999999998
385.75,0.9999999999999998
385.8,0.9999999999999998
385.85,0.9999999999999998
385.90000000000003,0.9999999999999998
385.95000000000005,0.9999999999999998
386.0,0.9999999999999998
386.05,0.9999999999999998
386.1,0.9999999999999998
386.15000000000003,0.9999999999999998
386.20000000000005,0.9999999999999998
386.25,0.9999999999999998
386.3,0.9999999999999998
386.35,0.9999999999999998
386.40000000000003,0.9999999999999998
386.45000000000005,0.9999999999999998
386.5,0.9999999999999998
386.55,0.9999999999999998
386.6,0.9999999999999998
386.65000000000003,0.9999999999999998
386.70000000000005,0.9999999999999998
386.75,0.9999999999999998
386.8,0.9999999999999998
386.85,0.9999999999999998
386.90000000000003,0.9999999999999998
386.95000000000005,0.9999999999999998
387.0,0.9999999999999998
387.05,0.9999999999999998
387.1,0.9999999999999998
387.15000000000003,0.9999999999999998
387.20000000000005,0.9999999999999998
387.25,0.9999999999999998
387.3,0.9999999999999998
387.35,0.9999999999999998
387.40000000000003,0.9999999999999998
387.45000000000005,0.9999999999999998
387.5,0.9999999999999998
387.55,0.9999999999999998
387.6,0.9999999999999998
387.65000000000003,0.9999999999999998
387.70000000000005,0.9999999999999998
387.75,0.9999999999999998
387.8,0.9999999999999998
387.85,0.9999999999999998
387.90000000000003,0.9999999999999998
387.95000000000005,0.9999999999999998
388.0,0.9999999999999998
388.05,0.9999999999999998
388.1,0.9999999999999998
388.15000000000003,0.9999999999999998
388.20000000000005,0.9999999999999998
388.25,0.9999999999999998
388.3,0.9999999999999998
388.35,0.9999999999999998
388.40000000000003,0.9999999999999998
388.45000000000005,0.9999999999999998
388.5,0.9999999999999998
388.55,0.9999999999999998
388.6,0.9999999999999998
388.65000000000003,0.9999999999999998
388.70000000000005,0.9999999999999998
388.75,0.9999999999999998
388.8,0.9999999999999998
388.85,0.9999999999999998
388.90000000000003,0.9999999999999998
388.95000000000005,0.9999999999999998
389.0,0.9999999999999998
389.05,0.9999999999999998
389.1,0.9999999999999998
389.15000000000003,0.9999999999999998
389.20000000000005,0.9999999999999998
389.25,0.9999999999999998
389.3,0.9999999999999998
389.35,0.9999999999999998
389.40000000000003,0.9999999999999998
389.45000000000005,0.9999999999999998
389.5,0.9999999999999998
389.55,0.9999999999999998
389.6,0.9999999999999998
389.65000000000003,0.9999999999999998
389.70000000000005,0.9999999999999998
389.75,0.9999999999999998
389.8,0.9999999999999998
389.85,0.9999999999999998
389.90000000000003,0.9999999999999998
389.95000000000005,0.9999999999999998
390.0,0.9999999999999998
390.05,0.9999999999999998
390.1,0.9999999999999998
390.15000000000003,0.9999999999999998
390.20000000000005,0.9999999999999998
390.25,0.9999999999999998
390.3,0.9999999999999998
390.35,0.9999999999999998
390.40000000000003,0.9999999999999998
390.45000000000005,0.9999999999999998
390.5,0.9999999999999998
390.55,0.9999999999999998
390.6,0.9999999999999998
390.65000000000003,0.9999999999999998
390.70000000000005,0.9999999999999998
390.75,0.9999999999999998
390.8,0.9999999999999998
390.85,0.9999999999999998
390.90000000000003,0.9999999999999998
390.95000000000005,0.9999999999999998
391.0,0.9999999999999998
391.05,0.9999999999999998
391.1,0.9999999999999998
391.15000000000003,0.9999999999999998
391.20000000000005,0.9999999999999998
391.25,0.9999999999999998
391.3,0.9999999999999998
391.35,0.9999999999999998
391.40000000000003,0.9999999999999998
391.45000000000005,0.9999999999999998
391.5,0.9999999999999998
391.55,0.9999999999999998
391.6,0.9999999999999998
391.65000000000003,0.9999999999999998
391.70000000000005,0.9999999999999998
391.75,0.9999999999999998
391.8,0.9999999999999998
391.85,0.9999999999999998
391.90000000000003,0.9999999999999998
391.95000000000005,0.9999999999999998
392.0,0.9999999999999998
392.05,0.9999999999999998
392.1,0.9999999999999998
392.15000000000003,0.9999999999999998
392.20000000000005,0.9999999999999998
392.25,0.9999999999999998
392.3,0.9999999999999998
392.35,0.9999999999999998
392.40000000000003,0.9999999999999998
392.45000000000005,0.9999999999999998
392.5,0.9999999999999998
392.55,0.9999999999999998
392.6,0.9999999999999998
392.65000000000003,0.9999999999999998
392.70000000000005,0.9999999999999998
392.75,0.9999999999999998
392.8,0.9999999999999998
392.85,0.9999999999999998
392.90000000000003,0.9999999999999998
392.95000000000005,0.9999999999999998
393.0,0.9999999999999998
393.05,0.9999999999999998
393.1,0.9999999999999998
393.15000000000003,0.9999999999999998
393.20000000000005,0.9999999999999998
393.25,0.9999999999999998
393.3,0.9999999999999998
393.35,0.9999999999999998
393.40000000000003,0.9999999999999998
393.45000000000005,0.9999999999999998
393.5,0.9999999999999998
393.55,0.9999999999999998
393.6,0.9999999999999998
393.65000000000003,0.9999999999999998
393.70000000000005,0.9999999999999998
393.75,0.9999999999999998
393.8,0.9999999999999998
393.85,0.9999999999999998
393.90000000000003,0.9999999999999998
393.95000000000005,0.9999999999999998
394.0,0.9999999999999998
394.05,0.9999999999999998
394.1,0.9999999999999998
394.15000000000003,0.9999999999999998
394.20000000000005,0.9999999999999998
394.25,0.9999999999999998
394.3,0.9999999999999998
394.35,0.9999999999999998
394.40000000000003,0.9999999999999998
394.45000000000005,0.9999999999999998
394.5,0.9999999999999998
394.55,0.9999999999999998
394.6,0.9999999999999998
394.65000000000003,0.9999999999999998
394.70000000000005,0.9999999999999998
394.75,0.9999999999999998
394.8,0.9999999999999998
394.85,0.9999999999999998
394.90000000000003,0.9999999999999998
394.95000000000005,0.9999999999999998
395.0,0.9999999999999998
395.05,0.9999999999999998
395.1,0.9999999999999998
395.15000000000003,0.9999999999999998
395.20000000000005,0.9999999999999998
395.25,0.9999999999999998
395.3,0.9999999999999998
395.35,0.9999999999999998
395.40000000000003,0.9999999999999998
395.45000000000005,0.9999999999999998
395.5,0.9999999999999998
395.55,0.9999999999999998
395.6,0.9999999999999998
395.65000000000003,0.9999999999999998
395.70000000000005,0.9999999999999998
395.75,0.9999999999999998
395.8,0.9999999999999998
395.85,0.9999999999999998
395.90000000000003,0.9999999999999998
395.95000000000005,0.9999999999999998
396.0,0.9999999999999998
396.05,0.9999999999999998
396.1,0.9999999999999998
396.15000000000003,0.9999999999999998
396.20000000000005,0.9999999999999998
396.25,0.9999999999999998
396.3,0.9999999999999998
396.35,0.9999999999999998
396.40000000000003,0.9999999999999998
396.45000000000005,0.9999999999999998
396.5,0.9999999999999998
396.55,0.9999999999999998
396.6,0.9999999999999998
396.65000000000003,0.9999999999999998
396.70000000000005,0.9999999999999998
396.75,0.9999999999999998
396.8,0.9999999999999998
396.85,0.9999999999999998
396.90000000000003,0.9999999999999998
396.95000000000005,0.9999999999999998
397.0,0.9999999999999998
397.05,0.9999999999999998
397.1,0.9999999999999998
397.15000000000003,0.9999999999999998
397.20000000000005,0.9999999999999998
397.25,0.9999999999999998
397.3,0.9999999999999998
397.35,0.9999999999999998
397.40000000000003,0.9999999999999998
397.45000000000005,0.9999999999999998
397.5,0.9999999999999998
397.55,0.9999999999999998
397.6,0.9999999999999998
397.65000000000003,0.9999999999999998
397.70000000000005,0.9999999999999998
397.75,0.9999999999999998
397.8,0.9999999999999998
397.85,0.9999999999999998
397.90000000000003,0.9999999999999998
397.95000000000005,0.9999999999999998
398.0,0.9999999999999998
398.05,0.9999999999999998
398.1,0.9999999999999998
398.15000000000003,0.9999999999999998
398.20000000000005,0.9999999999999998
398.25,0.9999999999999998
398.3,0.9999999999999998
398.35,0.9999999999999998
398.40000000000003,0.9999999999999998
398.45000000000005,0.9999999999999998
398.5,0.9999999999999998
398.55,0.9999999999999998
398.6,0.9999999999999998
398.65000000000003,0.9999999999999998
398.70000000000005,0.9999999999999998
398.75,0.9999999999999998
398.8,0.9999999999999998
398.85,0.9999999999999998
398.90000000000003,0.9999999999999998
398.95000000000005,0.9999999999999998
399.0,0.9999999999999998
399.05,0.9999999999999998
399.1,0.9999999999999998
399.15000000000003,0.9999999999999998
399.20000000000005,0.9999999999999998
399.25,0.9999999999999998
399.3,0.9999999999999998
399.35,0.9999999999999998
399.40000000000003,0.9999999999999998
399.45000000000005,0.9999999999999998
399.5,0.9999999999999998
399.55,0.9999999999999998
399.6,0.9999999999999998
399.65000000000003,0.9999999999999998
399.70000000000005,0.9999999999999998
399.75,0.9999999999999998
399.8,0.9999999999999998
399.85,0.9999999999999998
399.90000000000003,0.9999999999999998
399.95000000000005,0.9999999999999998
400.0,0.9999999999999998
400.05,0.9999999999999998
400.1,0.9999999999999998
400.15000000000003,0.9999999999999998
400.20000000000005,0.9999999999999998
400.25,0.9999999999999998
400.3,0.9999999999999998
400.35,0.9999999999999998
400.40000000000003,0.9999999999999998
400.45000000000005,0.9999999999999998
400.5,0.9999999999999998
400.55,0.9999999999999998
400.6,0.9999999999999998
400.65000000000003,0.9999999999999998
400.70000000000005,0.9999999999999998
400.75,0.9999999999999998
400.8,0.9999999999999998
400.85,0.9999999999999998
400.90000000000003,0.9999999999999998
400.95000000000005,0.9999999999999998
401.0,0.9999999999999998
401.05,0.9999999999999998
401.1,0.9999999999999998
401.15000000000003,0.9999999999999998
401.20000000000005,0.9999999999999998
401.25,0.9999999999999998
401.3,0.9999999999999998
401.35,0.9999999999999998
401.40000000000003,0.9999999999999998
401.45000000000005,0.9999999999999998
401.5,0.9999999999999998
401.55,0.9999999999999998
401.6,0.9999999999999998
401.65000000000003,0.9999999999999998
401.70000000000005,0.9999999999999998
401.75,0.9999999999999998
401.8,0.9999999999999998
401.85,0.9999999999999998
401.90000000000003,0.9999999999999998
401.95000000000005,0.9999999999999998
402.0,0.9999999999999998
402.05,0.9999999999999998
402.1,0.9999999999999998
402.15000000000003,0.9999999999999998
402.20000000000005,0.9999999999999998
402.25,0.9999999999999998
402.3,0.9999999999999998
402.35,0.9999999999999998
402.40000000000003,0.9999999999999998
402.45000000000005,0.9999999999999998
402.5,0.9999999999999998
402.55,0.9999999999999998
402.6,0.9999999999999998
402.65000000000003,0.9999999999999998
402.70000000000005,0.9999999999999998
402.75,0.9999999999999998
402.8,0.9999999999999998
402.85,0.9999999999999998
402.90000000000003,0.9999999999999998
402.95000000000005,0.9999999999999998
403.0,0.9999999999999998
403.05,0.9999999999999998
403.1,0.9999999999999998
403.15000000000003,0.9999999999999998
403.20000000000005,0.9999999999999998
403.25,0.9999999999999998
403.3,0.9999999999999998
403.35,0.9999999999999998
403.40000000000003,0.9999999999999998
403.45000000000005,0.9999999999999998
403.5,0.9999999999999998
403.55,0.9999999999999998
403.6,0.9999999999999998
403.65000000000003,0.9999999999999998
403.70000000000005,0.9999999999999998
403.75,0.9999999999999998
403.8,0.9999999999999998
403.85,0.9999999999999998
403.90000000000003,0.9999999999999998
403.95000000000005,0.9999999999999998
404.0,0.9999999999999998
404.05,0.9999999999999998
404.1,0.9999999999999998
404.15000000000003,0.9999999999999998
404.20000000000005,0.9999999999999998
404.25,0.9999999999999998
404.3,0.9999999999999998
404.35,0.9999999999999998
404.40000000000003,0.9999999999999998
404.45000000000005,0.9999999999999998
404.5,0.9999999999999998
404.55,0.9999999999999998
404.6,0.9999999999999998
404.65000000000003,0.9999999999999998
404.70000000000005,0.9999999999999998
404.75,0.9999999999999998
404.8,0.9999999999999998
404.85,0.9999999999999998
404.90000000000003,0.9999999999999998
404.95000000000005,0.9999999999999998
405.0,0.9999999999999998
405.05,0.9999999999999998
405.1,0.9999999999999998
405.15000000000003,0.9999999999999998
405.20000000000005,0.9999999999999998
405.25,0.9999999999999998
405.3,0.9999999999999998
405.35,0.9999999999999998
405.40000000000003,0.9999999999999998
405.45000000000005,0.9999999999999998
405.5,0.9999999999999998
405.55,0.9999999999999998
405.6,0.9999999999999998
405.65000000000003,0.9999999999999998
405.70000000000005,0.9999999999999998
405.75,0.9999999999999998
405.8,0.9999999999999998
405.85,0.9999999999999998
405.90000000000003,0.9999999999999998
405.95000000000005,0.9999999999999998
406.0,0.9999999999999998
406.05,0.9999999999999998
406.1,0.9999999999999998
406.15000000000003,0.9999999999999998
406.20000000000005,0.9999999999999998
406.25,0.9999999999999998
406.3,0.9999999999999998
406.35,0.9999999999999998
406.40000000000003,0.9999999999999998
406.45000000000005,0.9999999999999998
406.5,0.9999999999999998
406.55,0.9999999999999998
406.6,0.9999999999999998
406.65000000000003,0.9999999999999998
406.70000000000005,0.9999999999999998
406.75,0.9999999999999998
406.8,0.9999999999999998
406.85,0.9999999999999998
406.90000000000003,0.9999999999999998
406.95000000000005,0.9999999999999998
407.0,0.9999999999999998
407.05,0.9999999999999998
407.1,0.9999999999999998
407.15000000000003,0.9999999999999998
407.20000000000005,0.9999999999999998
407.25,0.9999999999999998
407.3,0.9999999999999998
407.35,0.9999999999999998
407.40000000000003,0.9999999999999998
407.45000000000005,0.9999999999999998
407.5,0.9999999999999998
407.55,0.9999999999999998
407.6,0.9999999999999998
407.65000000000003,0.9999999999999998
407.70000000000005,0.9999999999999998
407.75,0.9999999999999998
407.8,0.9999999999999998
407.85,0.9999999999999998
407.90000000000003,0.9999999999999998
407.95000000000005,0.9999999999999998
408.0,0.9999999999999998
408.05,0.9999999999999998
408.1,0.9999999999999998
408.15000000000003,0.9999999999999998
408.20000000000005,0.9999999999999998
408.25,0.9999999999999998
408.3,0.9999999999999998
408.35,0.9999999999999998
408.40000000000003,0.9999999999999998
408.45000000000005,0.9999999999999998
408.5,0.9999999999999998
408.55,0.9999999999999998
408.6,0.9999999999999998
408.65000000000003,0.9999999999999998
408.70000000000005,0.9999999999999998
408.75,0.9999999999999998
408.8,0.9999999999999998
408.85,0.9999999999999998
408.90000000000003,0.9999999999999998
408.95000000000005,0.9999999999999998
409.0,0.9999999999999998
409.05,0.9999999999999998
409.1,0.9999999999999998
409.15000000000003,0.9999999999999998
409.20000000000005,0.9999999999999998
409.25,0.9999999999999998
409.3,0.9999999999999998
409.35,0.9999999999999998
409.40000000000003,0.9999999999999998
409.45000000000005,0.9999999999999998
409.5,0.9999999999999998
409.55,0.9999999999999998
409.6,0.9999999999999998
409.65000000000003,0.9999999999999998
409.70000000000005,0.9999999999999998
409.75,0.9999999999999998
409.8,0.9999999999999998
409.85,0.9999999999999998
409.90000000000003,0.9999999999999998
409.95000000000005,0.9999999999999998
410.0,0.9999999999999998
410.05,0.9999999999999998
410.1,0.9999999999999998
410.15000000000003,0.9999999999999998
410.20000000000005,0.9999999999999998
410.25,0.9999999999999998
410.3,0.9999999999999998
410.35,0.9999999999999998
410.40000000000003,0.9999999999999998
410.45000000000005,0.9999999999999998
410.5,0.9999999999999998
410.55,0.9999999999999998
410.6,0.9999999999999998
410.65000000000003,0.9999999999999998
410.70000000000005,0.9999999999999998
410.75,0.9999999999999998
410.8,0.9999999999999998
410.85,0.9999999999999998
410.90000000000003,0.9999999999999998
410.95000000000005,0.9999999999999998
411.0,0.9999999999999998
411.05,0.9999999999999998
411.1,0.9999999999999998
411.15000000000003,0.9999999999999998
411.20000000000005,0.9999999999999998
411.25,0.9999999999999998
411.3,0.9999999999999998
411.35,0.9999999999999998
411.40000000000003,0.9999999999999998
411.45000000000005,0.9999999999999998
411.5,0.9999999999999998
411.55,0.9999999999999998
411.6,0.9999999999999998
411.65000000000003,0.9999999999999998
411.70000000000005,0.9999999999999998
411.75,0.9999999999999998
411.8,0.9999999999999998
411.85,0.9999999999999998
411.90000000000003,0.9999999999999998
411.95000000000005,0.9999999999999998
412.0,0.9999999999999998
412.05,0.9999999999999998
412.1,0.9999999999999998
412.15000000000003,0.9999999999999998
412.20000000000005,0.9999999999999998
412.25,0.9999999999999998
412.3,0.9999999999999998
412.35,0.9999999999999998
412.40000000000003,0.9999999999999998
412.45000000000005,0.9999999999999998
412.5,0.9999999999999998
412.55,0.9999999999999998
412.6,0.9999999999999998
412.65000000000003,0.9999999999999998
412.70000000000005,0.9999999999999998
412.75,0.9999999999999998
412.8,0.9999999999999998
412.85,0.9999999999999998
412.90000000000003,0.9999999999999998
412.95000000000005,0.9999999999999998
413.0,0.9999999999999998
413.05,0.9999999999999998
413.1,0.9999999999999998
413.15000000000003,0.9999999999999998
413.20000000000005,0.9999999999999998
413.25,0.9999999999999998
413.3,0.9999999999999998
413.35,0.9999999999999998
413.40000000000003,0.9999999999999998
413.45000000000005,0.9999999999999998
413.5,0.9999999999999998
413.55,0.9999999999999998
413.6,0.9999999999999998
413.65000000000003,0.9999999999999998
413.70000000000005,0.9999999999999998
413.75,0.9999999999999998
413.8,0.9999999999999998
413.85,0.9999999999999998
413.90000000000003,0.9999999999999998
413.95000000000005,0.9999999999999998
414.0,0.9999999999999998
414.05,0.9999999999999998
414.1,0.9999999999999998
414.15000000000003,0.9999999999999998
414.20000000000005,0.9999999999999998
414.25,0.9999999999999998
414.3,0.9999999999999998
414.35,0.9999999999999998
414.40000000000003,0.9999999999999998
414.45000000000005,0.9999999999999998
414.5,0.9999999999999998
414.55,0.9999999999999998
414.6,0.9999999999999998
414.65000000000003,0.9999999999999998
414.70000000000005,0.9999999999999998
414.75,0.9999999999999998
414.8,0.9999999999999998
414.85,0.9999999999999998
414.90000000000003,0.9999999999999998
414.95000000000005,0.9999999999999998
415.0,0.9999999999999998
415.05,0.9999999999999998
415.1,0.9999999999999998
415.15000000000003,0.9999999999999998
415.20000000000005,0.9999999999999998
415.25,0.9999999999999998
415.3,0.9999999999999998
415.35,0.9999999999999998
415.40000000000003,0.9999999999999998
415.45000000000005,0.9999999999999998
415.5,0.9999999999999998
415.55,0.9999999999999998
415.6,0.9999999999999998
415.65000000000003,0.9999999999999998
415.70000000000005,0.9999999999999998
415.75,0.9999999999999998
415.8,0.9999999999999998
415.85,0.9999999999999998
415.90000000000003,0.9999999999999998
415.95000000000005,0.9999999999999998
416.0,0.9999999999999998
416.05,0.9999999999999998
416.1,0.9999999999999998
416.15000000000003,0.9999999999999998
416.20000000000005,0.9999999999999998
416.25,0.9999999999999998
416.3,0.9999999999999998
416.35,0.9999999999999998
416.40000000000003,0.9999999999999998
416.45000000000005,0.9999999999999998
416.5,0.9999999999999998
416.55,0.9999999999999998
416.6,0.9999999999999998
416.65000000000003,0.9999999999999998
416.70000000000005,0.9999999999999998
416.75,0.9999999999999998
416.8,0.9999999999999998
416.85,0.9999999999999998
416.90000000000003,0.9999999999999998
416.95000000000005,0.9999999999999998
417.0,0.9999999999999998
417.05,0.9999999999999998
417.1,0.9999999999999998
417.15000000000003,0.9999999999999998
417.20000000000005,0.9999999999999998
417.25,0.9999999999999998
417.3,0.9999999999999998
417.35,0.9999999999999998
417.40000000000003,0.9999999999999998
417.45000000000005,0.9999999999999998
417.5,0.9999999999999998
417.55,0.9999999999999998
417.6,0.9999999999999998
417.65000000000003,0.9999999999999998
417.70000000000005,0.9999999999999998
417.75,0.9999999999999998
417.8,0.9999999999999998
417.85,0.9999999999999998
417.90000000000003,0.9999999999999998
417.95000000000005,0.9999999999999998
418.0,0.9999999999999998
418.05,0.9999999999999998
418.1,0.9999999999999998
418.15000000000003,0.9999999999999998
418.20000000000005,0.9999999999999998
418.25,0.9999999999999998
418.3,0.9999999999999998
418.35,0.9999999999999998
418.40000000000003,0.9999999999999998
418.45000000000005,0.9999999999999998
418.5,0.9999999999999998
418.55,0.9999999999999998
418.6,0.9999999999999998
418.65000000000003,0.9999999999999998
418.70000000000005,0.9999999999999998
418.75,0.9999999999999998
418.8,0.9999999999999998
418.85,0.9999999999999998
418.90000000000003,0.9999999999999998
418.95000000000005,0.9999999999999998
419.0,0.9999999999999998
419.05,0.9999999999999998
419.1,0.9999999999999998
419.15000000000003,0.9999999999999998
419.20000000000005,0.9999999999999998
419.25,0.9999999999999998
419.3,0.9999999999999998
419.35,0.9999999999999998
419.40000000000003,0.9999999999999998
419.45000000000005,0.9999999999999998
419.5,0.9999999999999998
419.55,0.9999999999999998
419.6,0.9999999999999998
419.65000000000003,0.9999999999999998
419.70000000000005,0.9999999999999998
419.75,0.9999999999999998
419.8,0.9999999999999998
419.85,0.9999999999999998
419.90000000000003,0.9999999999999998
419.95000000000005,0.9999999999999998
420.0,0.9999999999999998
420.05,0.9999999999999998
420.1,0.9999999999999998
420.15000000000003,0.9999999999999998
420.20000000000005,0.9999999999999998
420.25,0.9999999999999998
420.3,0.9999999999999998
420.35,0.9999999999999998
420.40000000000003,0.9999999999999998
420.45000000000005,0.9999999999999998
420.5,0.9999999999999998
420.55,0.9999999999999998
420.6,0.9999999999999998
420.65000000000003,0.9999999999999998
420.70000000000005,0.9999999999999998
420.75,0.9999999999999998
420.8,0.9999999999999998
420.85,0.9999999999999998
420.90000000000003,0.9999999999999998
420.95000000000005,0.9999999999999998
421.0,0.9999999999999998
421.05,0.9999999999999998
421.1,0.9999999999999998
421.15000000000003,0.9999999999999998
421.20000000000005,0.9999999999999998
421.25,0.9999999999999998
421.3,0.9999999999999998
421.35,0.9999999999999998
421.40000000000003,0.9999999999999998
421.45000000000005,0.9999999999999998
421.5,0.9999999999999998
421.55,0.9999999999999998
421.6,0.9999999999999998
421.65000000000003,0.9999999999999998
421.70000000000005,0.9999999999999998
421.75,0.9999999999999998
421.8,0.9999999999999998
421.85,0.9999999999999998
421.90000000000003,0.9999999999999998
421.95000000000005,0.9999999999999998
422.0,0.9999999999999998
422.05,0.9999999999999998
422.1,0.9999999999999998
422.15000000000003,0.9999999999999998
422.20000000000005,0.9999999999999998
422.25,0.9999999999999998
422.3,0.9999999999999998
422.35,0.9999999999999998
422.40000000000003,0.9999999999999998
422.45000000000005,0.9999999999999998
422.5,0.9999999999999998
422.55,0.9999999999999998
422.6,0.9999999999999998
422.65000000000003,0.9999999999999998
422.70000000000005,0.9999999999999998
422.75,0.9999999999999998
422.8,0.9999999999999998
422.85,0.9999999999999998
422.90000000000003,0.9999999999999998
422.95000000000005,0.9999999999999998
423.0,0.9999999999999998
423.05,0.9999999999999998
423.1,0.9999999999999998
423.15000000000003,0.9999999999999998
423.20000000000005,0.9999999999999998
423.25,0.9999999999999998
423.3,0.9999999999999998
423.35,0.9999999999999998
423.40000000000003,0.9999999999999998
423.45000000000005,0.9999999999999998
423.5,0.9999999999999998
423.55,0.9999999999999998
423.6,0.9999999999999998
423.65000000000003,0.9999999999999998
423.70000000000005,0.9999999999999998
423.75,0.9999999999999998
423.8,0.9999999999999998
423.85,0.9999999999999998
423.90000000000003,0.9999999999999998
423.95000000000005,0.9999999999999998
424.0,0.9999999999999998
424.05,0.9999999999999998
424.1,0.9999999999999998
424.15000000000003,0.9999999999999998
424.20000000000005,0.9999999999999998
424.25,0.9999999999999998
424.3,0.9999999999999998
424.35,0.9999999999999998
424.40000000000003,0.9999999999999998
424.45000000000005,0.9999999999999998
424.5,0.9999999999999998
424.55,0.9999999999999998
424.6,0.9999999999999998
424.65000000000003,0.9999999999999998
424.70000000000005,0.9999999999999998
424.75,0.9999999999999998
424.8,0.9999999999999998
424.85,0.9999999999999998
424.90000000000003,0.9999999999999998
424.95000000000005,0.9999999999999998
425.0,0.9999999999999998
425.05,0.9999999999999998
425.1,0.9999999999999998
425.15000000000003,0.9999999999999998
425.20000000000005,0.9999999999999998
425.25,0.9999999999999998
425.3,0.9999999999999998
425.35,0.9999999999999998
425.40000000000003,0.9999999999999998
425.45000000000005,0.9999999999999998
425.5,0.9999999999999998
425.55,0.9999999999999998
425.6,0.9999999999999998
425.65000000000003,0.9999999999999998
425.70000000000005,0.9999999999999998
425.75,0.9999999999999998
425.8,0.9999999999999998
425.85,0.9999999999999998
425.90000000000003,0.9999999999999998
425.95000000000005,0.9999999999999998
426.0,0.9999999999999998
426.05,0.9999999999999998
426.1,0.9999999999999998
426.15000000000003,0.9999999999999998
426.20000000000005,0.9999999999999998
426.25,0.9999999999999998
426.3,0.9999999999999998
426.35,0.9999999999999998
426.40000000000003,0.9999999999999998
426.45000000000005,0.9999999999999998
426.5,0.9999999999999998
426.55,0.9999999999999998
426.6,0.9999999999999998
426.65000000000003,0.9999999999999998
426.70000000000005,0.9999999999999998
426.75,0.9999999999999998
426.8,0.9999999999999998
426.85,0.9999999999999998
426.90000000000003,0.9999999999999998
426.95000000000005,0.9999999999999998
427.0,0.9999999999999998
427.05,0.9999999999999998
427.1,0.9999999999999998
427.15000000000003,0.9999999999999998
427.20000000000005,0.9999999999999998
427.25,0.9999999999999998
427.3,0.9999999999999998
427.35,0.9999999999999998
427.40000000000003,0.9999999999999998
427.45000000000005,0.9999999999999998
427.5,0.9999999999999998
427.55,0.9999999999999998
427.6,0.9999999999999998
427.65000000000003,0.9999999999999998
427.70000000000005,0.9999999999999998
427.75,0.9999999999999998
427.8,0.9999999999999998
427.85,0.9999999999999998
427.90000000000003,0.9999999999999998
427.95000000000005,0.9999999999999998
428.0,0.9999999999999998
428.05,0.9999999999999998
428.1,0.9999999999999998
428.15000000000003,0.9999999999999998
428.20000000000005,0.9999999999999998
428.25,0.9999999999999998
428.3,0.9999999999999998
428.35,0.9999999999999998
428.40000000000003,0.9999999999999998
428.45000000000005,0.9999999999999998
428.5,0.9999999999999998
428.55,0.9999999999999998
428.6,0.9999999999999998
428.65000000000003,0.9999999999999998
428.70000000000005,0.9999999999999998
428.75,0.9999999999999998
428.8,0.9999999999999998
428.85,0.9999999999999998
428.90000000000003,0.9999999999999998
428.95000000000005,0.9999999999999998
429.0,0.9999999999999998
429.05,0.9999999999999998
429.1,0.9999999999999998
429.15000000000003,0.9999999999999998
429.20000000000005,0.9999999999999998
429.25,0.9999999999999998
429.3,0.9999999999999998
429.35,0.9999999999999998
429.40000000000003,0.9999999999999998
429.45000000000005,0.9999999999999998
429.5,0.9999999999999998
429.55,0.9999999999999998
429.6,0.9999999999999998
429.65000000000003,0.9999999999999998
429.70000000000005,0.9999999999999998
429.75,0.9999999999999998
429.8,0.9999999999999998
429.85,0.9999999999999998
429.90000000000003,0.9999999999999998
429.95000000000005,0.9999999999999998
430.0,0.9999999999999998
430.05,0.9999999999999998
430.1,0.9999999999999998
430.15000000000003,0.9999999999999998
430.20000000000005,0.9999999999999998
430.25,0.9999999999999998
430.3,0.9999999999999998
430.35,0.9999999999999998
430.40000000000003,0.9999999999999998
430.45000000000005,0.9999999999999998
430.5,0.9999999999999998
430.55,0.9999999999999998
430.6,0.9999999999999998
430.65000000000003,0.9999999999999998
430.70000000000005,0.9999999999999998
430.75,0.9999999999999998
430.8,0.9999999999999998
430.85,0.9999999999999998
430.90000000000003,0.9999999999999998
430.95000000000005,0.9999999999999998
431.0,0.9999999999999998
431.05,0.9999999999999998
431.1,0.9999999999999998
431.15000000000003,0.9999999999999998
431.20000000000005,0.9999999999999998
431.25,0.9999999999999998
431.3,0.9999999999999998
431.35,0.9999999999999998
431.40000000000003,0.9999999999999998
431.45000000000005,0.9999999999999998
431.5,0.9999999999999998
431.55,0.9999999999999998
431.6,0.9999999999999998
431.65000000000003,0.9999999999999998
431.70000000000005,0.9999999999999998
431.75,0.9999999999999998
431.8,0.9999999999999998
431.85,0.9999999999999998
431.90000000000003,0.9999999999999998
431.95000000000005,0.9999999999999998
432.0,0.9999999999999998
432.05,0.9999999999999998
432.1,0.9999999999999998
432.15000000000003,0.9999999999999998
432.20000000000005,0.9999999999999998
432.25,0.9999999999999998
432.3,0.9999999999999998
432.35,0.9999999999999998
432.40000000000003,0.9999999999999998
432.45000000000005,0.9999999999999998
432.5,0.9999999999999998
432.55,0.9999999999999998
432.6,0.9999999999999998
432.65000000000003,0.9999999999999998
432.70000000000005,0.9999999999999998
432.75,0.9999999999999998
432.8,0.9999999999999998
432.85,0.9999999999999998
432.90000000000003,0.9999999999999998
432.95000000000005,0.9999999999999998
433.0,0.9999999999999998
433.05,0.9999999999999998
433.1,0.9999999999999998
433.15000000000003,0.9999999999999998
433.20000000000005,0.9999999999999998
433.25,0.9999999999999998
433.3,0.9999999999999998
433.35,0.9999999999999998
433.40000000000003,0.9999999999999998
433.45000000000005,0.9999999999999998
433.5,0.9999999999999998
433.55,0.9999999999999998
433.6,0.9999999999999998
433.65000000000003,0.9999999999999998
433.70000000000005,0.9999999999999998
433.75,0.9999999999999998
433.8,0.9999999999999998
433.85,0.9999999999999998
433.90000000000003,0.9999999999999998
433.95000000000005,0.9999999999999998
434.0,0.9999999999999998
434.05,0.9999999999999998
434.1,0.9999999999999998
434.15000000000003,0.9999999999999998
434.20000000000005,0.9999999999999998
434.25,0.9999999999999998
434.3,0.9999999999999998
434.35,0.9999999999999998
434.40000000000003,0.9999999999999998
434.45000000000005,0.9999999999999998
434.5,0.9999999999999998
434.55,0.9999999999999998
434.6,0.9999999999999998
434.65000000000003,0.9999999999999998
434.70000000000005,0.9999999999999998
434.75,0.9999999999999998
434.8,0.9999999999999998
434.85,0.9999999999999998
434.90000000000003,0.9999999999999998
434.95000000000005,0.9999999999999998
435.0,0.9999999999999998
435.05,0.9999999999999998
435.1,0.9999999999999998
435.15000000000003,0.9999999999999998
435.20000000000005,0.9999999999999998
435.25,0.9999999999999998
435.3,0.9999999999999998
435.35,0.9999999999999998
435.40000000000003,0.9999999999999998
435.45000000000005,0.9999999999999998
435.5,0.9999999999999998
435.55,0.9999999999999998
435.6,0.9999999999999998
435.65000000000003,0.9999999999999998
435.70000000000005,0.9999999999999998
435.75,0.9999999999999998
435.8,0.9999999999999998
435.85,0.9999999999999998
435.90000000000003,0.9999999999999998
435.95000000000005,0.9999999999999998
436.0,0.9999999999999998
436.05,0.9999999999999998
436.1,0.9999999999999998
436.15000000000003,0.9999999999999998
436.20000000000005,0.9999999999999998
436.25,0.9999999999999998
436.3,0.9999999999999998
436.35,0.9999999999999998
436.40000000000003,0.9999999999999998
436.45000000000005,0.9999999999999998
436.5,0.9999999999999998
436.55,0.9999999999999998
436.6,0.9999999999999998
436.65000000000003,0.9999999999999998
436.70000000000005,0.9999999999999998
436.75,0.9999999999999998
436.8,0.9999999999999998
436.85,0.9999999999999998
436.90000000000003,0.9999999999999998
436.95000000000005,0.9999999999999998
437.0,0.9999999999999998
437.05,0.9999999999999998
437.1,0.9999999999999998
437.15000000000003,0.9999999999999998
437.20000000000005,0.9999999999999998
437.25,0.9999999999999998
437.3,0.9999999999999998
437.35,0.9999999999999998
437.40000000000003,0.9999999999999998
437.45000000000005,0.9999999999999998
437.5,0.9999999999999998
437.55,0.9999999999999998
437.6,0.9999999999999998
437.65000000000003,0.9999999999999998
437.70000000000005,0.9999999999999998
437.75,0.9999999999999998
437.8,0.9999999999999998
437.85,0.9999999999999998
437.90000000000003,0.9999999999999998
437.95000000000005,0.9999999999999998
438.0,0.9999999999999998
438.05,0.9999999999999998
438.1,0.9999999999999998
438.15000000000003,0.9999999999999998
438.20000000000005,0.9999999999999998
438.25,0.9999999999999998
438.3,0.9999999999999998
438.35,0.9999999999999998
438.40000000000003,0.9999999999999998
438.45000000000005,0.9999999999999998
438.5,0.9999999999999998
438.55,0.9999999999999998
438.6,0.9999999999999998
438.65000000000003,0.9999999999999998
438.70000000000005,0.9999999999999998
438.75,0.9999999999999998
438.8,0.9999999999999998
438.85,0.9999999999999998
438.90000000000003,0.9999999999999998
438.95000000000005,0.9999999999999998
439.0,0.9999999999999998
439.05,0.9999999999999998
439.1,0.9999999999999998
439.15000000000003,0.9999999999999998
439.20000000000005,0.9999999999999998
439.25,0.9999999999999998
439.3,0.9999999999999998
439.35,0.9999999999999998
439.40000000000003,0.9999999999999998
439.45000000000005,0.9999999999999998
439.5,0.9999999999999998
439.55,0.9999999999999998
439.6,0.9999999999999998
439.65000000000003,0.9999999999999998
439.70000000000005,0.9999999999999998
439.75,0.9999999999999998
439.8,0.9999999999999998
439.85,0.9999999999999998
439.90000000000003,0.9999999999999998
439.95000000000005,0.9999999999999998
440.0,0.9999999999999998
440.05,0.9999999999999998
440.1,0.9999999999999998
440.15000000000003,0.9999999999999998
440.20000000000005,0.9999999999999998
440.25,0.9999999999999998
440.3,0.9999999999999998
440.35,0.9999999999999998
440.40000000000003,0.9999999999999998
440.45000000000005,0.9999999999999998
440.5,0.9999999999999998
440.55,0.9999999999999998
440.6,0.9999999999999998
440.65000000000003,0.9999999999999998
440.70000000000005,0.9999999999999998
440.75,0.9999999999999998
440.8,0.9999999999999998
440.85,0.9999999999999998
440.90000000000003,0.9999999999999998
440.95000000000005,0.9999999999999998
441.0,0.9999999999999998
441.05,0.9999999999999998
441.1,0.9999999999999998
441.15000000000003,0.9999999999999998
441.20000000000005,0.9999999999999998
441.25,0.9999999999999998
441.3,0.9999999999999998
441.35,0.9999999999999998
441.40000000000003,0.9999999999999998
441.45000000000005,0.9999999999999998
441.5,0.9999999999999998
441.55,0.9999999999999998
441.6,0.9999999999999998
441.65000000000003,0.9999999999999998
441.70000000000005,0.9999999999999998
441.75,0.9999999999999998
441.8,0.9999999999999998
441.85,0.9999999999999998
441.90000000000003,0.9999999999999998
441.95000000000005,0.9999999999999998
442.0,0.9999999999999998
442.05,0.9999999999999998
442.1,0.9999999999999998
442.15000000000003,0.9999999999999998
442.20000000000005,0.9999999999999998
442.25,0.9999999999999998
442.3,0.9999999999999998
442.35,0.9999999999999998
442.40000000000003,0.9999999999999998
442.45000000000005,0.9999999999999998
442.5,0.9999999999999998
442.55,0.9999999999999998
442.6,0.9999999999999998
442.65000000000003,0.9999999999999998
442.70000000000005,0.9999999999999998
442.75,0.9999999999999998
442.8,0.9999999999999998
442.85,0.9999999999999998
442.90000000000003,0.9999999999999998
442.95000000000005,0.9999999999999998
443.0,0.9999999999999998
443.05,0.9999999999999998
443.1,0.9999999999999998
443.15000000000003,0.9999999999999998
443.20000000000005,0.9999999999999998
443.25,0.9999999999999998
443.3,0.9999999999999998
443.35,0.9999999999999998
443.40000000000003,0.9999999999999998
443.45000000000005,0.9999999999999998
443.5,0.9999999999999998
443.55,0.9999999999999998
443.6,0.9999999999999998
443.65000000000003,0.9999999999999998
443.70000000000005,0.9999999999999998
443.75,0.9999999999999998
443.8,0.9999999999999998
443.85,0.9999999999999998
443.90000000000003,0.9999999999999998
443.95000000000005,0.9999999999999998
444.0,0.9999999999999998
444.05,0.9999999999999998
444.1,0.9999999999999998
444.15000000000003,0.9999999999999998
444.20000000000005,0.9999999999999998
444.25,0.9999999999999998
444.3,0.9999999999999998
444.35,0.9999999999999998
444.40000000000003,0.9999999999999998
444.45000000000005,0.9999999999999998
444.5,0.9999999999999998
444.55,0.9999999999999998
444.6,0.9999999999999998
444.65000000000003,0.9999999999999998
444.70000000000005,0.9999999999999998
444.75,0.9999999999999998
444.8,0.9999999999999998
444.85,0.9999999999999998
444.90000000000003,0.9999999999999998
444.95000000000005,0.9999999999999998
445.0,0.9999999999999998
445.05,0.9999999999999998
445.1,0.9999999999999998
445.15000000000003,0.9999999999999998
445.20000000000005,0.9999999999999998
445.25,0.9999999999999998
445.3,0.9999999999999998
445.35,0.9999999999999998
445.40000000000003,0.9999999999999998
445.45000000000005,0.9999999999999998
445.5,0.9999999999999998
445.55,0.9999999999999998
445.6,0.9999999999999998
445.65000000000003,0.9999999999999998
445.70000000000005,0.9999999999999998
445.75,0.9999999999999998
445.8,0.9999999999999998
445.85,0.9999999999999998
445.90000000000003,0.9999999999999998
445.95000000000005,0.9999999999999998
446.0,0.9999999999999998
446.05,0.9999999999999998
446.1,0.9999999999999998
446.15000000000003,0.9999999999999998
446.20000000000005,0.9999999999999998
446.25,0.9999999999999998
446.3,0.9999999999999998
446.35,0.9999999999999998
446.40000000000003,0.9999999999999998
446.45000000000005,0.9999999999999998
446.5,0.9999999999999998
446.55,0.9999999999999998
446.6,0.9999999999999998
446.65000000000003,0.9999999999999998
446.70000000000005,0.9999999999999998
446.75,0.9999999999999998
446.8,0.9999999999999998
446.85,0.9999999999999998
446.90000000000003,0.9999999999999998
446.95000000000005,0.9999999999999998
447.0,0.9999999999999998
447.05,0.9999999999999998
447.1,0.9999999999999998
447.15000000000003,0.9999999999999998
447.20000000000005,0.9999999999999998
447.25,0.9999999999999998
447.3,0.9999999999999998
447.35,0.9999999999999998
447.40000000000003,0.9999999999999998
447.45000000000005,0.9999999999999998
447.5,0.9999999999999998
447.55,0.9999999999999998
447.6,0.9999999999999998
447.65000000000003,0.9999999999999998
447.70000000000005,0.9999999999999998
447.75,0.9999999999999998
447.8,0.9999999999999998
447.85,0.9999999999999998
447.90000000000003,0.9999999999999998
447.95000000000005,0.9999999999999998
448.0,0.9999999999999998
448.05,0.9999999999999998
448.1,0.9999999999999998
448.15000000000003,0.9999999999999998
448.20000000000005,0.9999999999999998
448.25,0.9999999999999998
448.3,0.9999999999999998
448.35,0.9999999999999998
448.40000000000003,0.9999999999999998
448.45000000000005,0.9999999999999998
448.5,0.9999999999999998
448.55,0.9999999999999998
448.6,0.9999999999999998
448.65000000000003,0.9999999999999998
448.70000000000005,0.9999999999999998
448.75,0.9999999999999998
448.8,0.9999999999999998
448.85,0.9999999999999998
448.90000000000003,0.9999999999999998
448.95000000000005,0.9999999999999998
449.0,0.9999999999999998
449.05,0.9999999999999998
449.1,0.9999999999999998
449.15000000000003,0.9999999999999998
449.20000000000005,0.9999999999999998
449.25,0.9999999999999998
449.3,0.9999999999999998
449.35,0.9999999999999998
449.40000000000003,0.9999999999999998
449.45000000000005,0.9999999999999998
449.5,0.9999999999999998
449.55,0.9999999999999998
449.6,0.9999999999999998
449.65000000000003,0.9999999999999998
449.70000000000005,0.9999999999999998
449.75,0.9999999999999998
449.8,0.9999999999999998
449.85,0.9999999999999998
449.90000000000003,0.9999999999999998
449.95000000000005,0.9999999999999998
450.0,0.9999999999999998
450.05,0.9999999999999998
450.1,0.9999999999999998
450.15000000000003,0.9999999999999998
450.20000000000005,0.9999999999999998
450.25,0.9999999999999998
450.3,0.9999999999999998
450.35,0.9999999999999998
450.40000000000003,0.9999999999999998
450.45000000000005,0.9999999999999998
450.5,0.9999999999999998
450.55,0.9999999999999998
450.6,0.9999999999999998
450.65000000000003,0.9999999999999998
450.70000000000005,0.9999999999999998
450.75,0.9999999999999998
450.8,0.9999999999999998
450.85,0.9999999999999998
450.90000000000003,0.9999999999999998
450.95000000000005,0.9999999999999998
451.0,0.9999999999999998
451.05,0.9999999999999998
451.1,0.9999999999999998
451.15000000000003,0.9999999999999998
451.20000000000005,0.9999999999999998
451.25,0.9999999999999998
451.3,0.9999999999999998
451.35,0.9999999999999998
451.40000000000003,0.9999999999999998
451.45000000000005,0.9999999999999998
451.5,0.9999999999999998
451.55,0.9999999999999998
451.6,0.9999999999999998
451.65000000000003,0.9999999999999998
451.70000000000005,0.9999999999999998
451.75,0.9999999999999998
451.8,0.9999999999999998
451.85,0.9999999999999998
451.90000000000003,0.9999999999999998
451.95000000000005,0.9999999999999998
452.0,0.9999999999999998
452.05,0.9999999999999998
452.1,0.9999999999999998
452.15000000000003,0.9999999999999998
452.20000000000005,0.9999999999999998
452.25,0.9999999999999998
452.3,0.9999999999999998
452.35,0.9999999999999998
452.40000000000003,0.9999999999999998
452.45000000000005,0.9999999999999998
452.5,0.9999999999999998
452.55,0.9999999999999998
452.6,0.9999999999999998
452.65000000000003,0.9999999999999998
452.70000000000005,0.9999999999999998
452.75,0.9999999999999998
452.8,0.9999999999999998
452.85,0.9999999999999998
452.90000000000003,0.9999999999999998
452.95000000000005,0.9999999999999998
453.0,0.9999999999999998
453.05,0.9999999999999998
453.1,0.9999999999999998
453.15000000000003,0.9999999999999998
453.20000000000005,0.9999999999999998
453.25,0.9999999999999998
453.3,0.9999999999999998
453.35,0.9999999999999998
453.40000000000003,0.9999999999999998
453.45000000000005,0.9999999999999998
453.5,0.9999999999999998
453.55,0.9999999999999998
453.6,0.9999999999999998
453.65000000000003,0.9999999999999998
453.70000000000005,0.9999999999999998
453.75,0.9999999999999998
453.8,0.9999999999999998
453.85,0.9999999999999998
453.90000000000003,0.9999999999999998
453.95000000000005,0.9999999999999998
454.0,0.9999999999999998
454.05,0.9999999999999998
454.1,0.9999999999999998
454.15000000000003,0.9999999999999998
454.20000000000005,0.9999999999999998
454.25,0.9999999999999998
454.3,0.9999999999999998
454.35,0.9999999999999998
454.40000000000003,0.9999999999999998
454.45000000000005,0.9999999999999998
454.5,0.9999999999999998
454.55,0.9999999999999998
454.6,0.9999999999999998
454.65000000000003,0.9999999999999998
454.70000000000005,0.9999999999999998
454.75,0.9999999999999998
454.8,0.9999999999999998
454.85,0.9999999999999998
454.90000000000003,0.9999999999999998
454.95000000000005,0.9999999999999998
455.0,0.9999999999999998
455.05,0.9999999999999998
455.1,0.9999999999999998
455.15000000000003,0.9999999999999998
455.20000000000005,0.9999999999999998
455.25,0.9999999999999998
455.3,0.9999999999999998
455.35,0.9999999999999998
455.40000000000003,0.9999999999999998
455.45000000000005,0.9999999999999998
455.5,0.9999999999999998
455.55,0.9999999999999998
455.6,0.9999999999999998
455.65000000000003,0.9999999999999998
455.70000000000005,0.9999999999999998
455.75,0.9999999999999998
455.8,0.9999999999999998
455.85,0.9999999999999998
455.90000000000003,0.9999999999999998
455.95000000000005,0.9999999999999998
456.0,0.9999999999999998
456.05,0.9999999999999998
456.1,0.9999999999999998
456.15000000000003,0.9999999999999998
456.20000000000005,0.9999999999999998
456.25,0.9999999999999998
456.3,0.9999999999999998
456.35,0.9999999999999998
456.40000000000003,0.9999999999999998
456.45000000000005,0.9999999999999998
456.5,0.9999999999999998
456.55,0.9999999999999998
456.6,0.9999999999999998
456.65000000000003,0.9999999999999998
456.70000000000005,0.9999999999999998
456.75,0.9999999999999998
456.8,0.9999999999999998
456.85,0.9999999999999998
456.90000000000003,0.9999999999999998
456.95000000000005,0.9999999999999998
457.0,0.9999999999999998
457.05,0.9999999999999998
457.1,0.9999999999999998
457.15000000000003,0.9999999999999998
457.20000000000005,0.9999999999999998
457.25,0.9999999999999998
457.3,0.9999999999999998
457.35,0.9999999999999998
457.40000000000003,0.9999999999999998
457.45000000000005,0.9999999999999998
457.5,0.9999999999999998
457.55,0.9999999999999998
457.6,0.9999999999999998
457.65000000000003,0.9999999999999998
457.70000000000005,0.9999999999999998
457.75,0.9999999999999998
457.8,0.9999999999999998
457.85,0.9999999999999998
457.90000000000003,0.9999999999999998
457.95000000000005,0.9999999999999998
458.0,0.9999999999999998
458.05,0.9999999999999998
458.1,0.9999999999999998
458.15000000000003,0.9999999999999998
458.20000000000005,0.9999999999999998
458.25,0.9999999999999998
458.3,0.9999999999999998
458.35,0.9999999999999998
458.40000000000003,0.9999999999999998
458.45000000000005,0.9999999999999998
458.5,0.9999999999999998
458.55,0.9999999999999998
458.6,0.9999999999999998
458.65000000000003,0.9999999999999998
458.70000000000005,0.9999999999999998
458.75,0.9999999999999998
458.8,0.9999999999999998
458.85,0.9999999999999998
458.90000000000003,0.9999999999999998
458.95000000000005,0.9999999999999998
459.0,0.9999999999999998
459.05,0.9999999999999998
459.1,0.9999999999999998
459.15000000000003,0.9999999999999998
459.20000000000005,0.9999999999999998
459.25,0.9999999999999998
459.3,0.9999999999999998
459.35,0.9999999999999998
459.40000000000003,0.9999999999999998
459.45000000000005,0.9999999999999998
459.5,0.9999999999999998
459.55,0.9999999999999998
459.6,0.9999999999999998
459.65000000000003,0.9999999999999998
459.70000000000005,0.9999999999999998
459.75,0.9999999999999998
459.8,0.9999999999999998
459.85,0.9999999999999998
459.90000000000003,0.9999999999999998
459.95000000000005,0.9999999999999998
460.0,0.9999999999999998
460.05,0.9999999999999998
460.1,0.9999999999999998
460.15000000000003,0.9999999999999998
460.20000000000005,0.9999999999999998
460.25,0.9999999999999998
460.3,0.9999999999999998
460.35,0.9999999999999998
460.40000000000003,0.9999999999999998
460.45000000000005,0.9999999999999998
460.5,0.9999999999999998
460.55,0.9999999999999998
460.6,0.9999999999999998
460.65000000000003,0.9999999999999998
460.70000000000005,0.9999999999999998
460.75,0.9999999999999998
460.8,0.9999999999999998
460.85,0.9999999999999998
460.90000000000003,0.9999999999999998
460.95000000000005,0.9999999999999998
461.0,0.9999999999999998
461.05,0.9999999999999998
461.1,0.9999999999999998
461.15000000000003,0.9999999999999998
461.20000000000005,0.9999999999999998
461.25,0.9999999999999998
461.3,0.9999999999999998
461.35,0.9999999999999998
461.40000000000003,0.9999999999999998
461.45000000000005,0.9999999999999998
461.5,0.9999999999999998
461.55,0.9999999999999998
461.6,0.9999999999999998
461.65000000000003,0.9999999999999998
461.70000000000005,0.9999999999999998
461.75,0.9999999999999998
461.8,0.9999999999999998
461.85,0.9999999999999998
461.90000000000003,0.9999999999999998
461.95000000000005,0.9999999999999998
462.0,0.9999999999999998
462.05,0.9999999999999998
462.1,0.9999999999999998
462.15000000000003,0.9999999999999998
462.20000000000005,0.9999999999999998
462.25,0.9999999999999998
462.3,0.9999999999999998
462.35,0.9999999999999998
462.40000000000003,0.9999999999999998
462.45000000000005,0.9999999999999998
462.5,0.9999999999999998
462.55,0.9999999999999998
462.6,0.9999999999999998
462.65000000000003,0.9999999999999998
462.70000000000005,0.9999999999999998
462.75,0.9999999999999998
462.8,0.9999999999999998
462.85,0.9999999999999998
462.90000000000003,0.9999999999999998
462.95000000000005,0.9999999999999998
463.0,0.9999999999999998
463.05,0.9999999999999998
463.1,0.9999999999999998
463.15000000000003,0.9999999999999998
463.20000000000005,0.9999999999999998
463.25,0.9999999999999998
463.3,0.9999999999999998
463.35,0.9999999999999998
463.40000000000003,0.9999999999999998
463.45000000000005,0.9999999999999998
463.5,0.9999999999999998
463.55,0.9999999999999998
463.6,0.9999999999999998
463.65000000000003,0.9999999999999998
463.70000000000005,0.9999999999999998
463.75,0.9999999999999998
463.8,0.9999999999999998
463.85,0.9999999999999998
463.90000000000003,0.9999999999999998
463.95000000000005,0.9999999999999998
464.0,0.9999999999999998
464.05,0.9999999999999998
464.1,0.9999999999999998
464.15000000000003,0.9999999999999998
464.20000000000005,0.9999999999999998
464.25,0.9999999999999998
464.3,0.9999999999999998
464.35,0.9999999999999998
464.40000000000003,0.9999999999999998
464.45000000000005,0.9999999999999998
464.5,0.9999999999999998
464.55,0.9999999999999998
464.6,0.9999999999999998
464.65000000000003,0.9999999999999998
464.70000000000005,0.9999999999999998
464.75,0.9999999999999998
464.8,0.9999999999999998
464.85,0.9999999999999998
464.90000000000003,0.9999999999999998
464.95000000000005,0.9999999999999998
465.0,0.9999999999999998
465.05,0.9999999999999998
465.1,0.9999999999999998
465.15000000000003,0.9999999999999998
465.20000000000005,0.9999999999999998
465.25,0.9999999999999998
465.3,0.9999999999999998
465.35,0.9999999999999998
465.40000000000003,0.9999999999999998
465.45000000000005,0.9999999999999998
465.5,0.9999999999999998
465.55,0.9999999999999998
465.6,0.9999999999999998
465.65000000000003,0.9999999999999998
465.70000000000005,0.9999999999999998
465.75,0.9999999999999998
465.8,0.9999999999999998
465.85,0.9999999999999998
465.90000000000003,0.9999999999999998
465.95000000000005,0.9999999999999998
466.0,0.9999999999999998
466.05,0.9999999999999998
466.1,0.9999999999999998
466.15000000000003,0.9999999999999998
466.20000000000005,0.9999999999999998
466.25,0.9999999999999998
466.3,0.9999999999999998
466.35,0.9999999999999998
466.40000000000003,0.9999999999999998
466.45000000000005,0.9999999999999998
466.5,0.9999999999999998
466.55,0.9999999999999998
466.6,0.9999999999999998
466.65000000000003,0.9999999999999998
466.70000000000005,0.9999999999999998
466.75,0.9999999999999998
466.8,0.9999999999999998
466.85,0.9999999999999998
466.90000000000003,0.9999999999999998
466.95000000000005,0.9999999999999998
467.0,0.9999999999999998
467.05,0.9999999999999998
467.1,0.9999999999999998
467.15000000000003,0.9999999999999998
467.20000000000005,0.9999999999999998
467.25,0.9999999999999998
467.3,0.9999999999999998
467.35,0.9999999999999998
467.40000000000003,0.9999999999999998
467.45000000000005,0.9999999999999998
467.5,0.9999999999999998
467.55,0.9999999999999998
467.6,0.9999999999999998
467.65000000000003,0.9999999999999998
467.70000000000005,0.9999999999999998
467.75,0.9999999999999998
467.8,0.9999999999999998
467.85,0.9999999999999998
467.90000000000003,0.9999999999999998
467.95000000000005,0.9999999999999998
468.0,0.9999999999999998
468.05,0.9999999999999998
468.1,0.9999999999999998
468.15000000000003,0.9999999999999998
468.20000000000005,0.9999999999999998
468.25,0.9999999999999998
468.3,0.9999999999999998
468.35,0.9999999999999998
468.40000000000003,0.9999999999999998
468.45000000000005,0.9999999999999998
468.5,0.9999999999999998
468.55,0.9999999999999998
468.6,0.9999999999999998
468.65000000000003,0.9999999999999998
468.70000000000005,0.9999999999999998
468.75,0.9999999999999998
468.8,0.9999999999999998
468.85,0.9999999999999998
468.90000000000003,0.9999999999999998
468.95000000000005,0.9999999999999998
469.0,0.9999999999999998
469.05,0.9999999999999998
469.1,0.9999999999999998
469.15000000000003,0.9999999999999998
469.20000000000005,0.9999999999999998
469.25,0.9999999999999998
469.3,0.9999999999999998
469.35,0.9999999999999998
469.40000000000003,0.9999999999999998
469.45000000000005,0.9999999999999998
469.5,0.9999999999999998
469.55,0.9999999999999998
469.6,0.9999999999999998
469.65000000000003,0.9999999999999998
469.70000000000005,0.9999999999999998
469.75,0.9999999999999998
469.8,0.9999999999999998
469.85,0.9999999999999998
469.90000000000003,0.9999999999999998
469.95000000000005,0.9999999999999998
470.0,0.9999999999999998
470.05,0.9999999999999998
470.1,0.9999999999999998
470.15000000000003,0.9999999999999998
470.20000000000005,0.9999999999999998
470.25,0.9999999999999998
470.3,0.9999999999999998
470.35,0.9999999999999998
470.40000000000003,0.9999999999999998
470.45000000000005,0.9999999999999998
470.5,0.9999999999999998
470.55,0.9999999999999998
470.6,0.9999999999999998
470.65000000000003,0.9999999999999998
470.70000000000005,0.9999999999999998
470.75,0.9999999999999998
470.8,0.9999999999999998
470.85,0.9999999999999998
470.90000000000003,0.9999999999999998
470.95000000000005,0.9999999999999998
471.0,0.9999999999999998
471.05,0.9999999999999998
471.1,0.9999999999999998
471.15000000000003,0.9999999999999998
471.20000000000005,0.9999999999999998
471.25,0.9999999999999998
471.3,0.9999999999999998
471.35,0.9999999999999998
471.40000000000003,0.9999999999999998
471.45000000000005,0.9999999999999998
471.5,0.9999999999999998
471.55,0.9999999999999998
471.6,0.9999999999999998
471.65000000000003,0.9999999999999998
471.70000000000005,0.9999999999999998
471.75,0.9999999999999998
471.8,0.9999999999999998
471.85,0.9999999999999998
471.90000000000003,0.9999999999999998
471.95000000000005,0.9999999999999998
472.0,0.9999999999999998
472.05,0.9999999999999998
472.1,0.9999999999999998
472.15000000000003,0.9999999999999998
472.20000000000005,0.9999999999999998
472.25,0.9999999999999998
472.3,0.9999999999999998
472.35,0.9999999999999998
472.40000000000003,0.9999999999999998
472.45000000000005,0.9999999999999998
472.5,0.9999999999999998
472.55,0.9999999999999998
472.6,0.9999999999999998
472.65000000000003,0.9999999999999998
472.70000000000005,0.9999999999999998
472.75,0.9999999999999998
472.8,0.9999999999999998
472.85,0.9999999999999998
472.90000000000003,0.9999999999999998
472.95000000000005,0.9999999999999998
473.0,0.9999999999999998
473.05,0.9999999999999998
473.1,0.9999999999999998
473.15000000000003,0.9999999999999998
473.20000000000005,0.9999999999999998
473.25,0.9999999999999998
473.3,0.9999999999999998
473.35,0.9999999999999998
473.40000000000003,0.9999999999999998
473.45000000000005,0.9999999999999998
473.5,0.9999999999999998
473.55,0.9999999999999998
473.6,0.9999999999999998
473.65000000000003,0.9999999999999998
473.70000000000005,0.9999999999999998
473.75,0.9999999999999998
473.8,0.9999999999999998
473.85,0.9999999999999998
473.90000000000003,0.9999999999999998
473.95000000000005,0.9999999999999998
474.0,0.9999999999999998
474.05,0.9999999999999998
474.1,0.9999999999999998
474.15000000000003,0.9999999999999998
474.20000000000005,0.9999999999999998
474.25,0.9999999999999998
474.3,0.9999999999999998
474.35,0.9999999999999998
474.40000000000003,0.9999999999999998
474.45000000000005,0.9999999999999998
474.5,0.9999999999999998
474.55,0.9999999999999998
474.6,0.9999999999999998
474.65000000000003,0.9999999999999998
474.70000000000005,0.9999999999999998
474.75,0.9999999999999998
474.8,0.9999999999999998
474.85,0.9999999999999998
474.90000000000003,0.9999999999999998
474.95000000000005,0.9999999999999998
475.0,0.9999999999999998
475.05,0.9999999999999998
475.1,0.9999999999999998
475.15000000000003,0.9999999999999998
475.20000000000005,0.9999999999999998
475.25,0.9999999999999998
475.3,0.9999999999999998
475.35,0.9999999999999998
475.40000000000003,0.9999999999999998
475.45000000000005,0.9999999999999998
475.5,0.9999999999999998
475.55,0.9999999999999998
475.6,0.9999999999999998
475.65000000000003,0.9999999999999998
475.70000000000005,0.9999999999999998
475.75,0.9999999999999998
475.8,0.9999999999999998
475.85,0.9999999999999998
475.90000000000003,0.9999999999999998
475.95000000000005,0.9999999999999998
476.0,0.9999999999999998
476.05,0.9999999999999998
476.1,0.9999999999999998
476.15000000000003,0.9999999999999998
476.20000000000005,0.9999999999999998
476.25,0.9999999999999998
476.3,0.9999999999999998
476.35,0.9999999999999998
476.40000000000003,0.9999999999999998
476.45000000000005,0.9999999999999998
476.5,0.9999999999999998
476.55,0.9999999999999998
476.6,0.9999999999999998
476.65000000000003,0.9999999999999998
476.70000000000005,0.9999999999999998
476.75,0.9999999999999998
476.8,0.9999999999999998
476.85,0.9999999999999998
476.90000000000003,0.9999999999999998
476.95000000000005,0.9999999999999998
477.0,0.9999999999999998
477.05,0.9999999999999998
477.1,0.9999999999999998
477.15000000000003,0.9999999999999998
477.20000000000005,0.9999999999999998
477.25,0.9999999999999998
477.3,0.9999999999999998
477.35,0.9999999999999998
477.40000000000003,0.9999999999999998
477.45000000000005,0.9999999999999998
477.5,0.9999999999999998
477.55,0.9999999999999998
477.6,0.9999999999999998
477.65000000000003,0.9999999999999998
477.70000000000005,0.9999999999999998
477.75,0.9999999999999998
477.8,0.9999999999999998
477.85,0.9999999999999998
477.90000000000003,0.9999999999999998
477.95000000000005,0.9999999999999998
478.0,0.9999999999999998
478.05,0.9999999999999998
478.1,0.9999999999999998
478.15000000000003,0.9999999999999998
478.20000000000005,0.9999999999999998
478.25,0.9999999999999998
478.3,0.9999999999999998
478.35,0.9999999999999998
478.40000000000003,0.9999999999999998
478.45000000000005,0.9999999999999998
478.5,0.9999999999999998
478.55,0.9999999999999998
478.6,0.9999999999999998
478.65000000000003,0.9999999999999998
478.70000000000005,0.9999999999999998
478.75,0.9999999999999998
478.8,0.9999999999999998
478.85,0.9999999999999998
478.90000000000003,0.9999999999999998
478.95000000000005,0.9999999999999998
479.0,0.9999999999999998
479.05,0.9999999999999998
479.1,0.9999999999999998
479.15000000000003,0.9999999999999998
479.20000000000005,0.9999999999999998
479.25,0.9999999999999998
479.3,0.9999999999999998
479.35,0.9999999999999998
479.40000000000003,0.9999999999999998
479.45000000000005,0.9999999999999998
479.5,0.9999999999999998
479.55,0.9999999999999998
479.6,0.9999999999999998
479.65000000000003,0.9999999999999998
479.70000000000005,0.9999999999999998
479.75,0.9999999999999998
479.8,0.9999999999999998
479.85,0.9999999999999998
479.90000000000003,0.9999999999999998
479.95000000000005,0.9999999999999998
480.0,0.9999999999999998
