,GA_HospFirst
0.0,0.5732571702627214
0.05,0.5737021012704808
0.1,0.5743055218032642
0.15000000000000002,0.5750478620809581
0.2,0.5759814637523413
0.25,0.5771932487535681
0.30000000000000004,0.5787499016897436
0.35000000000000003,0.5806427340251938
0.4,0.5828488936208615
0.45,0.5853887206345736
0.5,0.5882698472659091
0.55,0.5915044935607046
0.6000000000000001,0.5951017097289456
0.65,0.5990643810597926
0.7000000000000001,0.6033884664786662
0.75,0.6080624607932845
0.8,0.6130671637778369
0.8500000000000001,0.618375590738624
0.9,0.6239532930795519
0.9500000000000001,0.629758957010393
1.0,0.6357452654108409
1.05,0.6418600381951818
1.1,0.6480475954430325
1.1500000000000001,0.6542503025530826
1.2000000000000002,0.6604100945550404
1.25,0.6664701981247003
1.3,0.6723766082552811
1.35,0.6780795699085111
1.4000000000000001,0.6835348034361342
1.4500000000000002,0.6887044859059417
1.5,0.6935579644571438
1.55,0.6980722084397133
1.6,0.7022318722116774
1.6500000000000001,0.7060291849546765
1.7000000000000002,0.7094634875185447
1.75,0.7125406054055464
1.8,0.7152720875315998
1.85,0.7176742138828615
1.9000000000000001,0.7197670706929342
1.9500000000000002,0.7215735278453781
2.0,0.7231182843882589
2.0500000000000003,0.7244269765451727
2.1,0.7255253577869007
2.15,0.7264386566050891
2.2,0.7271909916796744
2.25,0.7278049598635585
2.3000000000000003,0.7283013416233077
2.35,0.7286989148403131
2.4000000000000004,0.7290143757990977
2.45,0.7292623508721416
2.5,0.7294554609998378
2.5500000000000003,0.7296044278337687
2.6,0.7297182805254394
2.6500000000000004,0.7298044681527824
2.7,0.7298691162175641
2.75,0.7299171399415652
2.8000000000000003,0.7299524871350901
2.85,0.729978262539948
2.9000000000000004,0.7299968733334858
2.95,0.7300101865053097
3.0,0.7300196228754865
3.0500000000000003,0.7300262533147921
3.1,0.7300308521702471
3.1500000000000004,0.7300340322542203
3.2,0.7300361986269293
3.25,0.7300376604382012
3.3000000000000003,0.7300386388915167
3.35,0.730039287611457
3.4000000000000004,0.7300397117711837
3.45,0.730039992065519
3.5,0.7300401754273496
3.5500000000000003,0.7300402875416359
3.6,0.7300403570455674
3.6500000000000004,0.730040405724517
3.7,0.7300404332911501
3.75,0.7300404495897543
3.8000000000000003,0.7300404586921809
3.85,0.7300404650490395
3.9000000000000004,0.7300404686216244
3.95,0.7300404719533362
4.0,0.7300404725093288
4.05,0.730040472902072
4.1000000000000005,0.7300404730541863
4.15,0.7300404730541863
4.2,0.7300404730541863
4.25,0.7300404730541863
4.3,0.7300404730541863
4.3500000000000005,0.7300404730541863
4.4,0.7300404730541863
4.45,0.7300404730541863
4.5,0.7300404730541863
4.55,0.7300404730541863
4.6000000000000005,0.7300404730541863
4.65,0.7300404730541863
4.7,0.7300404730541863
4.75,0.7300404730541863
4.800000000000001,0.7300404730541863
4.8500000000000005,0.7300404730541863
4.9,0.7300404730541863
4.95,0.7300404730541863
5.0,0.7300404730541863
5.050000000000001,0.7300404730541863
5.1000000000000005,0.7300404730541863
5.15,0.7300404730541863
5.2,0.7300404730541863
5.25,0.7300404730541863
5.300000000000001,0.7300404730541863
5.3500000000000005,0.7300404730541863
5.4,0.7300404730541863
5.45,0.7300404730541863
5.5,0.7300404730541863
5.550000000000001,0.7300404730541863
5.6000000000000005,0.7300404730541863
5.65,0.7300404730541863
5.7,0.7300404730541863
5.75,0.7390728877661821
5.800000000000001,0.7452912248577773
5.8500000000000005,0.7509690357732235
5.9,0.7560344744243405
5.95,0.7697616554244715
6.0,0.7872029155173723
6.050000000000001,0.7989288971843043
6.1000000000000005,0.8031441251110129
6.15,0.805259842812832
6.2,0.8059302964621127
6.25,0.8066006868069007
6.300000000000001,0.8072708272023497
6.3500000000000005,0.8079405339983854
6.4,0.8086096200271088
6.45,0.8092779010776776
6.5,0.8099451923474865
6.550000000000001,0.8106113111654591
6.6000000000000005,0.8112760750852023
6.65,0.8119393035077322
6.7,0.8126008150680919
6.75,0.8132604312588945
6.800000000000001,0.8139179768007084
6.8500000000000005,0.8145732762276618
6.9,0.8152261534377584
6.95,0.8158764398021481
7.0,0.8165239644860198
7.050000000000001,0.8171685608946466
7.1000000000000005,0.8178100642347503
7.15,0.8184483126862152
7.2,0.8190831466935042
7.25,0.8197144090877447
7.300000000000001,0.8203419448834138
7.3500000000000005,0.8209656037125754
7.4,0.8215852387839008
7.45,0.82220070434185
7.5,0.8228118585253197
7.550000000000001,0.823418563772737
7.6000000000000005,0.8240206869507377
7.65,0.8246180939961194
7.7,0.8252106588701733
7.75,0.8257982574835824
7.800000000000001,0.8263807703594195
7.8500000000000005,0.8269580809311032
7.9,0.8275300773600236
7.95,0.8280966521949342
8.0,0.8286576989156632
8.05,0.8292131184070997
8.1,0.8297628165460058
8.15,0.8303066978060627
8.200000000000001,0.8308446778241236
8.25,0.8313766705381791
8.3,0.8319025979171172
8.35,0.832422385144064
8.4,0.8329359612113159
8.450000000000001,0.8334432597742902
8.5,0.8339442172191975
8.55,0.834438776359965
8.6,0.834926884508203
8.65,0.8354084915836819
8.700000000000001,0.8358835528568904
8.75,0.836352025004873
8.8,0.8368138745406
8.85,0.8372690669745537
8.9,0.8377175743936522
8.950000000000001,0.8381593722921643
9.0,0.8385944399251135
9.05,0.8390227607742979
9.1,0.8394443244727101
9.15,0.8398591198486327
9.200000000000001,0.8402671447737856
9.25,0.8406683956634347
9.3,0.8410628787555445
9.35,0.841450599260812
9.4,0.8418315667471318
9.450000000000001,0.8422057958522778
9.5,0.8425733032171064
9.55,0.8429341095885654
9.600000000000001,0.8432882385277193
9.65,0.843635717951241
9.700000000000001,0.8439765790424218
9.75,0.844310854653759
9.8,0.8446385788135247
9.850000000000001,0.8449597926883401
9.9,0.8452745383426061
9.950000000000001,0.8455828612222652
10.0,0.8458848067816476
10.05,0.8461804261154667
10.100000000000001,0.8464697702914745
10.15,0.8467528962045237
10.200000000000001,0.8470298586555149
10.25,0.8473007170994695
10.3,0.8475655330894972
10.350000000000001,0.8478243695809566
10.4,0.8480772907433733
10.450000000000001,0.8483243639468461
10.5,0.8485656566612214
10.55,0.8488012404060561
10.600000000000001,0.849031185274585
10.65,0.8492555634294446
10.700000000000001,0.8494744502847482
10.75,0.8496879194515988
10.8,0.8498960487343299
10.850000000000001,0.8500989143974329
10.9,0.8502965953915832
10.950000000000001,0.8504891714483693
11.0,0.8506767192651835
11.05,0.8508593236189131
11.100000000000001,0.8510370633406249
11.15,0.8512100197057964
11.200000000000001,0.8513782756400812
11.25,0.8515419136175713
11.3,0.8517010156362501
11.350000000000001,0.8518556638852881
11.4,0.8520059424540574
11.450000000000001,0.8521519343815899
11.5,0.8522937215832825
11.55,0.8524313883937193
11.600000000000001,0.8525650167321326
11.65,0.8526946888944797
11.700000000000001,0.8528204875407916
11.75,0.8529424935210784
11.8,0.8535329834913528
11.850000000000001,0.8544337665380242
11.9,0.8545889831960611
11.950000000000001,0.865056633953675
12.0,0.8860768883114296
12.05,0.8896944964355455
12.100000000000001,0.9099981147069981
12.15,0.9105947441466216
12.200000000000001,0.9121419097934229
12.25,0.9139375210660152
12.3,0.9144812656295431
12.350000000000001,0.9150218895293165
12.4,0.9155594003538337
12.450000000000001,0.9160937971240017
12.5,0.9166250918016752
12.55,0.9171532800329528
12.600000000000001,0.9176783682229437
12.65,0.918200354484068
12.700000000000001,0.9187192446647421
12.75,0.919235032710647
12.8,0.9197477200648005
12.850000000000001,0.9202573027187794
12.9,0.9207637816636225
12.950000000000001,0.9212671504274228
13.0,0.9217674038604465
13.05,0.9222645387660957
13.100000000000001,0.9227585505480641
13.15,0.9232494302838126
13.200000000000001,0.9237371698436814
13.25,0.9242217666192596
13.3,0.924703208483789
13.350000000000001,0.9251814870337399
13.4,0.9256565933615408
13.450000000000001,0.9261285169549542
13.5,0.9265972496129846
13.55,0.9270627774406006
13.600000000000001,0.9275250927151006
13.65,0.9279841816012746
13.700000000000001,0.9284400328253387
13.75,0.9288926341660406
13.8,0.9293419740598943
13.850000000000001,0.9297880381367433
13.9,0.9302308149937986
13.950000000000001,0.9306702906422893
14.0,0.9311064516021613
14.05,0.9315392875092445
14.100000000000001,0.9319687793983648
14.15,0.9323949188296462
14.200000000000001,0.9328176911969647
14.25,0.9332370834730386
14.3,0.9336530810047939
14.350000000000001,0.9340656694392834
14.4,0.9344748388955266
14.450000000000001,0.9348805756247203
14.5,0.9352828650707975
14.55,0.9356816947565045
14.600000000000001,0.9360770543711402
14.65,0.9364689318817507
14.700000000000001,0.9368573144122396
14.75,0.9372421901707423
14.8,0.9376235490448508
14.850000000000001,0.9380013815975639
14.9,0.938375674759693
14.950000000000001,0.9387464188829511
15.0,0.9391136080861618
15.05,0.9394772304607741
15.100000000000001,0.9398372796696877
15.15,0.9401937463190903
15.200000000000001,0.9405466228091985
15.25,0.9408959033325532
15.3,0.9412415798293232
15.350000000000001,0.9415836518691747
15.4,0.9419221090599481
15.450000000000001,0.9422569496241456
15.5,0.9425881707612224
15.55,0.9429157651630983
15.600000000000001,0.9432397358855844
15.65,0.9435600776303738
15.700000000000001,0.9438767911484561
15.75,0.9441898739125552
15.8,0.9444993293881395
15.850000000000001,0.9448051579872697
15.9,0.9451073593407089
15.950000000000001,0.9454059368152943
16.0,0.9457008969957836
16.05,0.945992239989973
16.1,0.946279972025907
16.150000000000002,0.9465640990887882
16.2,0.9468446246997212
16.25,0.9471215604109287
16.3,0.9473949120260572
16.35,0.9476646854359622
16.400000000000002,0.9479308937242058
16.45,0.9481935437599415
16.5,0.9484526498446897
16.55,0.9487082204729284
16.6,0.9489602665665342
16.650000000000002,0.9492088060115241
16.7,0.9494538462610433
16.75,0.9496954068091642
16.8,0.9499334979830192
16.85,0.9501681395881945
16.900000000000002,0.9503993465425815
16.95,0.9506271350683049
17.0,0.9508515218672464
17.05,0.9510725277534606
17.1,0.9512901708690544
17.150000000000002,0.9515044696059666
17.2,0.9517154455061604
17.25,0.9519231200854519
17.3,0.9521275093906167
17.35,0.9523286410238776
17.400000000000002,0.9525265359809268
17.45,0.9527212162565795
17.5,0.9529127084971373
17.55,0.9531010309179122
17.6,0.9532862123119565
17.650000000000002,0.9534682771636707
17.7,0.9536472513429409
17.75,0.9538231588408111
17.8,0.953996027102695
17.85,0.9541658842959152
17.900000000000002,0.9543327570645141
17.95,0.954496671091991
18.0,0.9546576536775232
18.05,0.9548157385961857
18.1,0.9549709478489607
18.150000000000002,0.9551233170997008
18.2,0.9552728677795831
18.25,0.9554196367370843
18.3,0.9555636494395046
18.35,0.955704938865823
18.400000000000002,0.9558435332094403
18.45,0.9559794607385457
18.5,0.9561127601077084
18.55,0.9562434543571261
18.6,0.9563715770420036
18.650000000000002,0.9564971613502428
18.7,0.9566202360827823
18.75,0.956740834813855
18.8,0.9568589880454819
18.85,0.9569747276493096
18.900000000000002,0.9570880864127308
18.95,0.9571990960994377
19.0,0.9573077840088495
19.05,0.9574141901248565
19.1,0.9575183400954981
19.150000000000002,0.9576202694416132
19.200000000000003,0.9577200073884471
19.25,0.9578175881317199
19.3,0.9579130418179853
19.35,0.9580064015076222
19.400000000000002,0.958097700954237
19.450000000000003,0.958186966861418
19.5,0.958274236456637
19.55,0.9583595375439188
19.6,0.9584429020856677
19.650000000000002,0.9585243605467607
19.700000000000003,0.9586039470920257
19.75,0.9586816904339808
19.8,0.958757622974924
19.85,0.9588317740205838
19.900000000000002,0.958904175089991
19.950000000000003,0.9589748538960781
20.0,0.9590438442660545
20.05,0.9591111737739051
20.1,0.9591768727842713
20.150000000000002,0.9592409719135315
20.200000000000003,0.9593034990826937
20.25,0.9593644831083014
20.3,0.9594239536683483
20.35,0.9594819390828488
20.400000000000002,0.9595384688707995
20.450000000000003,0.9595935696965909
20.5,0.9596472670562399
20.55,0.9596995912933692
20.6,0.9597505701408491
20.650000000000002,0.9598002295662575
20.700000000000003,0.9598485951164043
20.75,0.9598956944718697
20.8,0.9599415523276782
20.85,0.9599861971417345
20.900000000000002,0.9600296522296117
20.950000000000003,0.9600719412601504
21.0,0.9601130921327449
21.05,0.9601531269859639
21.1,0.9601920723780634
21.150000000000002,0.9602299502114975
21.200000000000003,0.96026678357528
21.25,0.9603025951942946
21.3,0.9603374127899347
21.35,0.9603712516594043
21.400000000000002,0.9604041409420607
21.450000000000003,0.9604360961557923
21.5,0.9604671423200104
21.55,0.9604973010168962
21.6,0.9605265905880538
21.650000000000002,0.9605550377842105
21.700000000000003,0.9605826521153404
21.75,0.960609462256625
21.8,0.960635485150189
21.85,0.9606607394052629
21.900000000000002,0.9606852453405575
21.950000000000003,0.9607090174324625
22.0,0.9607320790011491
22.05,0.9607544450484711
22.1,0.960776133357866
22.150000000000002,0.960797162186044
22.200000000000003,0.9608175475461129
22.25,0.960837307751119
22.3,0.9608564557813305
22.35,0.9608750106607187
22.400000000000002,0.9608929857431363
22.450000000000003,0.9609103995710404
22.5,0.9609272672217799
22.55,0.9609435972761293
22.6,0.9609594091536509
22.650000000000002,0.9609747156064012
22.700000000000003,0.9609895295665938
22.75,0.9610038666084255
22.8,0.9610177386811918
22.85,0.9610311593601416
22.900000000000002,0.9610441411979933
22.950000000000003,0.9610566978033632
23.0,0.9610688393793998
23.05,0.961080579212362
23.1,0.961091925507458
23.150000000000002,0.9611028945947715
23.200000000000003,0.9611134931579033
23.25,0.9611237354418127
23.3,0.9611336304187281
23.35,0.9611431865539584
23.400000000000002,0.9611524175086148
23.450000000000003,0.9611613312986398
23.5,0.9611699367077333
23.55,0.9611782446358224
23.6,0.9611862613420454
23.650000000000002,0.9611940000577721
23.700000000000003,0.9612014654381006
23.75,0.9612086687676829
23.8,0.96121561853817
23.85,0.9612223181056085
23.900000000000002,0.9612287797400003
23.950000000000003,0.9612350082472421
24.0,0.9612410127534663
24.05,0.9612468026068037
24.1,0.9612523799447504
24.150000000000002,0.9612577540163412
24.200000000000003,0.9612629320505413
24.25,0.9612679190970853
24.3,0.9612727226439132
24.35,0.9612773478114709
24.400000000000002,0.9612817992405343
24.450000000000003,0.961286085420961
24.5,0.9612902120698067
24.55,0.9612941821372393
24.6,0.9612980012438199
24.650000000000002,0.9613016766503746
24.700000000000003,0.961305212027672
24.75,0.9613086114593183
24.8,0.9613118795711826
24.85,0.9613150227167689
24.900000000000002,0.9613180436670467
24.950000000000003,0.9613209477264197
25.0,0.961323738328894
25.05,0.9613264184348399
25.1,0.9613289945356918
25.150000000000002,0.9613314682224346
25.200000000000003,0.9613338450729016
25.25,0.9613361248319776
25.3,0.9613383160474149
25.35,0.9613404174558109
25.400000000000002,0.9613424363025589
25.450000000000003,0.9613443725074169
25.5,0.9613462307190586
25.55,0.9613480129188217
25.6,0.9613497231344796
25.650000000000002,0.9613513624935077
25.700000000000003,0.9613529342411136
25.75,0.9613544422995717
25.8,0.9613558876360925
25.85,0.9613572722344782
25.900000000000002,0.961358599297016
25.950000000000003,0.961359869086194
26.0,0.9613610894961966
26.05,0.9613622545650599
26.1,0.9613633726045634
26.150000000000002,0.9613644417161133
26.200000000000003,0.961365466758641
26.25,0.9613664476419452
26.3,0.9613673856007565
26.35,0.9613682831604072
26.400000000000002,0.96136914203263
26.450000000000003,0.9613699644073954
26.5,0.9613707503512108
26.55,0.9613715022709127
26.6,0.9613722209976202
26.650000000000002,0.9613729079178152
26.700000000000003,0.9613735642977692
26.75,0.9613741922629371
26.8,0.9613747931027949
26.85,0.961375365945767
26.900000000000002,0.9613759129643934
26.950000000000003,0.9613764360054879
27.0,0.9613769369093526
27.05,0.9613774134776245
27.1,0.9613778677896118
27.150000000000002,0.9613783023926104
27.200000000000003,0.9613787191084289
27.25,0.9613791140734851
27.3,0.961379491369123
27.35,0.9613798514590814
27.400000000000002,0.9613801937645624
27.450000000000003,0.9613805226815243
27.5,0.9613808354966289
27.55,0.9613811322808512
27.6,0.9613814170554249
27.650000000000002,0.9613816859927119
27.700000000000003,0.9613819449533864
27.75,0.9613821911017283
27.8,0.9613824249693791
27.85,0.9613826478998977
27.900000000000002,0.9613828612846853
27.950000000000003,0.961383062120801
28.0,0.9613832551558784
28.05,0.961383437391686
28.1,0.9613836119258099
28.150000000000002,0.9613837770522538
28.200000000000003,0.9613839355925393
28.25,0.9613840853621896
28.3,0.9613842284534411
28.35,0.9613843639912578
28.400000000000002,0.9613844939335686
28.450000000000003,0.9613846161644108
28.5,0.9613847329795566
28.55,0.9613848443274198
28.6,0.9613849500605464
28.650000000000002,0.9613850489546064
28.700000000000003,0.9613851440342711
28.75,0.9613852345469738
28.8,0.9613853216405914
28.85,0.961385401709346
28.900000000000002,0.9613854786659368
28.950000000000003,0.9613855515414654
29.0,0.9613856220621069
29.05,0.961385688832137
29.1,0.9613857509412823
29.150000000000002,0.9613858107166031
29.200000000000003,0.9613858674188785
29.25,0.9613859196692676
29.3,0.9613859710593988
29.35,0.9613860186812706
29.400000000000002,0.9613860650778165
29.450000000000003,0.9613861082992892
29.5,0.9613861497514419
29.55,0.9613861879317067
29.6,0.9613862249088925
29.650000000000002,0.9613862595849727
29.700000000000003,0.9613862918033379
29.75,0.9613863231176059
29.8,0.9613863523621365
29.85,0.961386380443517
29.900000000000002,0.9613864073420384
29.950000000000003,0.9613864320768197
30.0,0.9613864564681907
30.05,0.9613864779813831
30.1,0.9613864995625454
30.150000000000002,0.9613865191828689
30.200000000000003,0.9613865368074666
30.25,0.9613865557168089
30.3,0.9613865728536788
30.35,0.9613865894868783
30.400000000000002,0.9613866043252215
30.450000000000003,0.961386618776298
30.5,0.9613866318724607
30.55,0.961386645541748
30.6,0.9613866574157642
30.650000000000002,0.9613866689128137
30.700000000000003,0.9613866781615652
30.75,0.9613866885734417
30.8,0.9613866992616145
30.85,0.9613867070700766
30.900000000000002,0.9613867165622255
30.950000000000003,0.9613867242305123
31.0,0.9613867312390053
31.05,0.9613867374917396
31.1,0.961386746716216
31.150000000000002,0.9613867525263403
31.200000000000003,0.9613867582598465
31.25,0.9613867632428612
31.3,0.9613867680435917
31.35,0.9613867733231758
31.400000000000002,0.9613867782032437
31.450000000000003,0.9613867832853008
31.5,0.9613867868919586
31.55,0.9613867906784805
31.6,0.9613867947577661
31.650000000000002,0.9613867982494424
31.700000000000003,0.9613868011881321
31.75,0.9613868040291869
31.8,0.9613868083831978
31.85,0.961386809510663
31.900000000000002,0.9613868139568813
31.950000000000003,0.9613868151616394
32.0,0.9613868161447096
32.050000000000004,0.961386820695175
32.1,0.9613868208841299
32.15,0.9613868234808141
32.2,0.9613868254917461
32.25,0.9613868265453079
32.300000000000004,0.9613868289780638
32.35,0.9613868292131839
32.4,0.9613868320244889
32.45,0.9613868322622541
32.5,0.9613868345786152
32.550000000000004,0.9613868346471452
32.6,0.9613868349394799
32.65,0.9613868370157062
32.7,0.9613868379106496
32.75,0.9613868401454142
32.800000000000004,0.9613868401533271
32.85,0.9613868402312272
32.9,0.9613868404612133
32.95,0.9613868405265955
33.0,0.9613868415493404
33.050000000000004,0.9613868434885731
33.1,0.9613868437671471
33.15,0.9613868457979649
33.2,0.9613868458053454
33.25,0.9613868458796231
33.300000000000004,0.961386846028891
33.35,0.961386846028891
33.4,0.961386846028891
33.45,0.961386846028891
33.5,0.961386846028891
33.550000000000004,0.961386846028891
33.6,0.961386846028891
33.65,0.961386846028891
33.7,0.9613868461096092
33.75,0.9613868461749915
33.800000000000004,0.9613868471977365
33.85,0.961386849136969
33.9,0.9613868494155431
33.95,0.9613868514430848
34.0,0.9613868514537414
34.050000000000004,0.9613868515280191
34.1,0.961386851677287
34.15,0.961386851677287
34.2,0.961386851677287
34.25,0.961386851677287
34.300000000000004,0.961386851677287
34.35,0.961386851677287
34.4,0.961386851677287
34.45,0.961386851677287
34.5,0.961386851677287
34.550000000000004,0.961386851677287
34.6,0.961386851677287
34.65,0.961386851677287
34.7,0.961386851677287
34.75,0.961386851677287
34.800000000000004,0.961386851677287
34.85,0.961386851677287
34.9,0.961386851677287
34.95,0.961386851677287
35.0,0.961386851677287
35.050000000000004,0.961386851677287
35.1,0.961386851677287
35.15,0.961386851677287
35.2,0.961386851677287
35.25,0.961386851677287
35.300000000000004,0.961386851677287
35.35,0.961386851677287
35.4,0.961386851677287
35.45,0.961386851677287
35.5,0.961386851677287
35.550000000000004,0.961386851677287
35.6,0.961386851677287
35.65,0.9614205920263528
35.7,0.96160471619061
35.75,0.9764225994949202
35.800000000000004,0.9787081044967112
35.85,0.9819263413328525
35.9,0.9819841461742942
35.95,0.9820837343080293
36.0,0.9822563257248166
36.050000000000004,0.9823145890720262
36.1,0.9823728562633156
36.15,0.9824311249663482
36.2,0.9824893932321246
36.25,0.9825476619595757
36.300000000000004,0.9826059295034262
36.35,0.9826641946228787
36.4,0.9827224567461472
36.45,0.9827807136838784
36.5,0.9828389659846328
36.550000000000004,0.9828972120169637
36.6,0.9829554507875766
36.65,0.983013680143944
36.7,0.9830719011459987
36.75,0.983130111410998
36.800000000000004,0.9831883104128497
36.85,0.9832464971739443
36.9,0.9833046700361618
36.95,0.98336282864187
37.0,0.9834209716312861
37.050000000000004,0.9834790978891681
37.1,0.9835372078027453
37.15,0.9835952984864906
37.2,0.98365336963427
37.25,0.9837114207430838
37.300000000000004,0.9837694506255299
37.35,0.983827457761062
37.4,0.9838854408870535
37.45,0.9839434003398598
37.5,0.9840013341763659
37.550000000000004,0.9840592412574218
37.6,0.9841171210977295
37.65,0.9841749730787775
37.7,0.9842327947817555
37.75,0.9842905861479397
37.800000000000004,0.9843483462815492
37.85,0.9844060746359464
37.9,0.984463769626597
37.95,0.9845214295743527
38.0,0.9845790545802073
38.050000000000004,0.9846366434422039
38.1,0.9846941941164165
38.15,0.98475170745701
38.2,0.9848091813617098
38.25,0.9848666151858434
38.300000000000004,0.9849240080505067
38.35,0.9849813587415167
38.400000000000006,0.9850386660695905
38.45,0.9850959290869761
38.5,0.9851531472948334
38.550000000000004,0.9852103201688871
38.6,0.985267445360152
38.650000000000006,0.9853245232321516
38.7,0.9853815518302137
38.75,0.9854385306305091
38.800000000000004,0.985495459506479
38.85,0.985552336404967
38.900000000000006,0.9856091598531848
38.95,0.9856659307718616
39.0,0.9857226470755136
39.050000000000004,0.9857793075324526
39.1,0.9858359118768024
39.150000000000006,0.9858924590251298
39.2,0.9859489482298671
39.25,0.9860053777694393
39.300000000000004,0.9860617478576148
39.35,0.9861180570986563
39.400000000000006,0.9861743038809461
39.45,0.9862304880912923
39.5,0.9862866087965824
39.550000000000004,0.9863426651518135
39.6,0.986398656022083
39.650000000000006,0.986454580319934
39.7,0.9865104374270997
39.75,0.9865662265755619
39.800000000000004,0.9866219463683037
39.85,0.9866775966276929
39.900000000000006,0.9867331767240676
39.95,0.986788683469604
40.0,0.9868441194964306
40.050000000000004,0.986899481196861
40.1,0.9869547690058662
40.150000000000006,0.9870099816943285
40.2,0.987065118223891
40.25,0.9871201777682624
40.300000000000004,0.9871751604106029
40.35,0.9872300639230054
40.400000000000006,0.9872848881669496
40.45,0.9873396326104851
40.5,0.987394296437162
40.550000000000004,0.9874488770747949
40.6,0.9875033763123302
40.650000000000006,0.9875577916705933
40.7,0.9876121227265848
40.75,0.9876663681534318
40.800000000000004,0.9877205282953774
40.85,0.9877746015622177
40.900000000000006,0.9878285875119582
40.95,0.9878824856521786
41.0,0.9879362937448857
41.050000000000004,0.9879900122865317
41.1,0.9880436401567987
41.150000000000006,0.9880971764968126
41.2,0.9881506204826589
41.25,0.9882039722069903
41.300000000000004,0.9882572299829303
41.35,0.9883103926354215
41.400000000000006,0.9883634601878685
41.45,0.9884164322049147
41.5,0.9884693073482891
41.550000000000004,0.9885220853518617
41.6,0.9885747647345831
41.650000000000006,0.988627345632975
41.7,0.9886798259389423
41.75,0.9887322068283604
41.800000000000004,0.9887844857152476
41.85,0.9888366632376916
41.900000000000006,0.9888887384407072
41.95,0.9889407102961276
42.0,0.9889925781496183
42.050000000000004,0.9890443412769807
42.1,0.9890959998034845
42.150000000000006,0.9891475510255214
42.2,0.9891989966252814
42.25,0.9892503349156663
42.300000000000004,0.9893015650950882
42.35,0.9893526868939125
42.400000000000006,0.9894036986993333
42.45,0.9894546005093441
42.5,0.9895053926370966
42.550000000000004,0.9895560725422845
42.6,0.9896066407355912
42.650000000000006,0.9896570968185786
42.7,0.9897074398453802
42.75,0.9897576689194278
42.800000000000004,0.9898077841388201
42.85,0.9898577842693946
42.900000000000006,0.9899076683993505
42.95,0.9899574358267932
43.0,0.9900070871919138
43.050000000000004,0.9900566214406119
43.1,0.9901060372134606
43.150000000000006,0.9901553355373879
43.2,0.9902045135166465
43.25,0.9902535729581928
43.300000000000004,0.9903025115710784
43.35,0.9903513293555609
43.400000000000006,0.9904000258292556
43.45,0.9904486008506699
43.5,0.9904970534126741
43.550000000000004,0.9905453834012206
43.6,0.9905935890919175
43.650000000000006,0.9906416714201243
43.7,0.9906896289152836
43.75,0.990737461822145
43.800000000000004,0.9907851695364653
43.85,0.9908327503977146
43.900000000000006,0.9908802056468937
43.95,0.9909275338100758
44.0,0.9909747343851845
44.050000000000004,0.9910218070184895
44.1,0.9910687510120848
44.150000000000006,0.991115566857073
44.2,0.9911622527201931
44.25,0.9912088095890209
44.300000000000004,0.9912552361215676
44.35,0.9913015313581605
44.400000000000006,0.991347695904648
44.45,0.9913937292574467
44.5,0.9914396307653468
44.550000000000004,0.991485399701227
44.6,0.9915310358178608
44.650000000000006,0.9915765390688733
44.7,0.9916219085110596
44.75,0.9916671439554947
44.800000000000004,0.9917122453720417
44.85,0.9917572118196323
44.900000000000006,0.9918020431754492
44.95,0.9918467399195531
45.0,0.9918912997614373
45.050000000000004,0.9919357242121007
45.1,0.991980011953311
45.150000000000006,0.992024162507459
45.2,0.9920681759923791
45.25,0.9921120519086299
45.300000000000004,0.9921557899765855
45.35,0.9921993898445665
45.400000000000006,0.9922428510865942
45.45,0.9922861741406362
45.5,0.9923293574019746
45.550000000000004,0.9923724011963212
45.6,0.9924153059130658
45.650000000000006,0.9924580698861645
45.7,0.9925006937459495
45.75,0.992543177274472
45.800000000000004,0.9925855200054888
45.85,0.9926277214362877
45.900000000000006,0.9926697814625911
45.95,0.9927116998141583
46.0,0.9927534760681257
46.050000000000004,0.9927951108133513
46.1,0.9928366032440076
46.150000000000006,0.9928779529479687
46.2,0.9929191590443542
46.25,0.9929602230848338
46.300000000000004,0.9930011433121543
46.35,0.9930419199539096
46.400000000000006,0.9930825536924452
46.45,0.9931230426423504
46.5,0.9931633883659454
46.550000000000004,0.9932035891544149
46.6,0.9932436458414696
46.650000000000006,0.9932835583572199
46.7,0.993323325914256
46.75,0.9933629483587039
46.800000000000004,0.9934024261263734
46.85,0.9934417579969489
46.900000000000006,0.9934809448578408
46.95,0.9935199862986117
47.0,0.9935588818562544
47.050000000000004,0.9935976310729477
47.1,0.9936362358521191
47.150000000000006,0.9936746936297767
47.2,0.9937130061700679
47.25,0.9937511711960866
47.300000000000004,0.9937891910311507
47.35,0.9938270637118576
47.400000000000006,0.9938647902235505
47.45,0.9939023698446059
47.5,0.9939398029906619
47.550000000000004,0.9939770888287911
47.6,0.9940142281001726
47.650000000000006,0.9940512206439536
47.7,0.9940880667455738
47.75,0.994124765099206
47.800000000000004,0.9941613165356346
47.85,0.9941977210054014
47.900000000000006,0.9942339781140817
47.95,0.9942700886351712
48.0,0.9943060515061131
48.050000000000004,0.994341866833401
48.1,0.9943775353926263
48.150000000000006,0.9944130562531758
48.2,0.9944484305223383
48.25,0.9944836566481968
48.300000000000004,0.9945187363878063
48.35,0.9945536684017435
48.400000000000006,0.9945884533565077
48.45,0.9946230909765302
48.5,0.9946575815348527
48.550000000000004,0.99469192511663
48.6,0.9947261211040678
48.650000000000006,0.9947601708433204
48.7,0.9947940726688335
48.75,0.9948278277534546
48.800000000000004,0.9948614359748675
48.85,0.9948948975728199
48.900000000000006,0.9949282119081581
48.95,0.9949613802246795
49.0,0.9949944013221087
49.050000000000004,0.9950272753033185
49.1,0.995060003510781
49.150000000000006,0.9950925846158744
49.2,0.9951250200228873
49.25,0.9951573090948009
49.300000000000004,0.9951894517163962
49.35,0.995221449084968
49.400000000000006,0.995253299963391
49.45,0.9952850047673495
49.5,0.995316564624294
49.550000000000004,0.99534797850962
49.6,0.9953792464754374
49.650000000000006,0.9954103696488049
49.7,0.99544134818877
49.75,0.9954721809807665
49.800000000000004,0.9955028694437892
49.85,0.9955334121544785
49.900000000000006,0.9955638112449199
49.95,0.9955940651869376
50.0,0.9956241753890798
50.050000000000004,0.9956541416171598
50.1,0.9956839634472575
50.150000000000006,0.995713641897666
50.2,0.9957431774146399
50.25,0.9957725681475957
50.300000000000004,0.9958018162474722
50.35,0.9958309220987432
50.400000000000006,0.9958598845871531
50.45,0.9958887050673826
50.5,0.9959173825103689
50.550000000000004,0.9959459174209966
50.6,0.995974310945192
50.650000000000006,0.9960025628298509
50.7,0.9960306730084678
50.75,0.9960586416882029
50.800000000000004,0.9960864690990711
50.85,0.9961141566866116
50.900000000000006,0.9961417021149631
50.95,0.9961691084661803
51.0,0.9961963747999939
51.050000000000004,0.9962235004500248
51.1,0.9962504863814665
51.150000000000006,0.9962773330670893
51.2,0.9963040419223153
51.25,0.9963306101936495
51.300000000000004,0.9963570400982371
51.35,0.996383332283894
51.400000000000006,0.9964094858089075
51.45,0.9964355021279919
51.5,0.9964613802602201
51.550000000000004,0.9964871219676981
51.6,0.9965127264259237
51.650000000000006,0.9965381942494013
51.7,0.9965635252445832
51.75,0.9965887206312845
51.800000000000004,0.9966137800307693
51.85,0.9966387040839827
51.900000000000006,0.9966634922431754
51.95,0.9966881466505737
52.0,0.9967126649539604
52.050000000000004,0.9967370506654097
52.1,0.996761301486186
52.150000000000006,0.9967854194154758
52.2,0.9968094036460537
52.25,0.9968332546246108
52.300000000000004,0.9968569728831752
52.35,0.9968805591079832
52.400000000000006,0.9969040128709665
52.45,0.9969273358367591
52.5,0.9969505261086509
52.550000000000004,0.9969735869458205
52.6,0.9969965162428032
52.650000000000006,0.9970193150673239
52.7,0.9970419847758822
52.75,0.9970645240232793
52.800000000000004,0.9970869340933395
52.85,0.9971092158512402
52.900000000000006,0.997131369009724
52.95,0.9971533931784714
53.0,0.9971752900762754
53.050000000000004,0.9971970593802727
53.1,0.9972187013658531
53.150000000000006,0.9972402171552783
53.2,0.9972616065133596
53.25,0.9972828695835527
53.300000000000004,0.9973040073535564
53.35,0.9973250191827201
53.400000000000006,0.9973459065899384
53.45,0.9973666699771242
53.5,0.9973873086289139
53.550000000000004,0.9974078237636821
53.6,0.9974282156796912
53.650000000000006,0.9974484852605777
53.7,0.9974686314138294
53.75,0.9974886554050812
53.800000000000004,0.9975085577736078
53.85,0.9975283389481501
53.900000000000006,0.9975479997264334
53.95,0.9975675392670117
54.0,0.9975869589131308
54.050000000000004,0.9976062588635644
54.1,0.9976254389929265
54.150000000000006,0.997644500384879
54.2,0.9976634433684045
54.25,0.997682268325569
54.300000000000004,0.997700975782652
54.35,0.9977195655666673
54.400000000000006,0.9977380382586188
54.45,0.9977563951760169
54.5,0.9977746355518085
54.550000000000004,0.9977927602114929
54.6,0.9978107702718394
54.650000000000006,0.9978286650816701
54.7,0.9978464454097838
54.75,0.9978641121639769
54.800000000000004,0.9978816651278005
54.85,0.9978991051560887
54.900000000000006,0.9979164325226852
54.95,0.9979336474150802
55.0,0.9979507513579251
55.050000000000004,0.9979677427813309
55.1,0.9979846241685744
55.150000000000006,0.9980013948663664
55.2,0.9980180546787524
55.25,0.9980346055671648
55.300000000000004,0.998051047713733
55.35,0.9980673798874854
55.400000000000006,0.9980836046471717
55.45,0.9980997212540343
55.5,0.9981157307343739
55.550000000000004,0.9981316326854716
55.6,0.99814742902647
55.650000000000006,0.998163118391966
55.7,0.9981787019855478
55.75,0.9981941804506719
55.800000000000004,0.9982095544771259
55.85,0.9982248242611036
55.900000000000006,0.9982399896396063
55.95,0.9982550522496793
56.0,0.9982700107176936
56.050000000000004,0.9982848672841044
56.1,0.9982996215679611
56.150000000000006,0.9983142746883408
56.2,0.9983288261150145
56.25,0.998343277032327
56.300000000000004,0.9983576276410527
56.35,0.998371878123073
56.400000000000006,0.998386029602719
56.45,0.9984000814458576
56.5,0.9984140352910723
56.550000000000004,0.9984278906430288
56.6,0.998441649360058
56.650000000000006,0.9984553098581481
56.7,0.9984688732001954
56.75,0.9984823414328605
56.800000000000004,0.9984957132926997
56.85,0.9985089905418267
56.900000000000006,0.9985221717981942
56.95,0.9985352587996628
57.0,0.998548251788355
57.050000000000004,0.9985611519714741
57.1,0.9985739587236744
57.150000000000006,0.9985866719051069
57.2,0.9985992938935436
57.25,0.99861182364344
57.300000000000004,0.9986242628234484
57.35,0.9986366105034776
57.400000000000006,0.9986488677738534
57.45,0.9986610346367344
57.5,0.9986731124364927
57.550000000000004,0.9986851015398888
57.6,0.9986970019403478
57.650000000000006,0.9987088141681953
57.7,0.9987205383160058
57.75,0.998732175272753
57.800000000000004,0.9987437257977095
57.85,0.9987551900191556
57.900000000000006,0.9987665679539783
57.95,0.9987778601431101
58.0,0.9987890677595085
58.050000000000004,0.9988001904796634
58.1,0.9988112297440909
58.150000000000006,0.9988221845211313
58.2,0.9988330567392574
58.25,0.9988438458048073
58.300000000000004,0.998854552392782
58.35,0.998865178009859
58.400000000000006,0.9988757211608895
58.45,0.9988861834361469
58.5,0.9988965654674031
58.550000000000004,0.9989068671334191
58.6,0.99891708953599
58.650000000000006,0.9989272322581683
58.7,0.9989372965229695
58.75,0.9989472818506222
58.800000000000004,0.9989571895644682
58.85,0.9989670204565639
58.900000000000006,0.9989767726543235
58.95,0.9989864498440213
59.0,0.9989960501454755
59.050000000000004,0.9990055748593099
59.1,0.9990150244153386
59.150000000000006,0.999024398213701
59.2,0.9990336978933214
59.25,0.9990429246290693
59.300000000000004,0.9990520767469071
59.35,0.9990611565035001
59.400000000000006,0.9990701626513745
59.45,0.9990790971270447
59.5,0.9990879589812134
59.550000000000004,0.9990967501507282
59.6,0.9991054699730065
59.650000000000006,0.9991141191203607
59.7,0.9991226981649362
59.75,0.9991312068853644
59.800000000000004,0.9991396474402051
59.85,0.9991480184829652
59.900000000000006,0.9991563210467251
59.95,0.9991645558677774
60.0,0.9991727225733521
60.050000000000004,0.9991808219050049
60.1,0.9991888546389334
60.150000000000006,0.9991968202439938
60.2,0.9992047215040916
60.25,0.9992125558616364
60.300000000000004,0.9992203250969708
60.35,0.9992280295680784
60.400000000000006,0.9992356701098537
60.45,0.9992432464510929
60.5,0.9992507594714677
60.550000000000004,0.9992582091726746
60.6,0.9992655955030687
60.650000000000006,0.9992729202323328
60.7,0.9992801832102665
60.75,0.999287384101009
60.800000000000004,0.9992945237106214
60.85,0.9993016027140448
60.900000000000006,0.9993086219329734
60.95,0.9993155806202123
61.0,0.9993224796669716
61.050000000000004,0.9993293199408213
61.1,0.9993361005935093
61.150000000000006,0.9993428239227153
61.2,0.9993494886113985
61.25,0.9993560956857072
61.300000000000004,0.9993626457610909
61.35,0.9993691385892114
61.400000000000006,0.9993755747922226
61.45,0.9993819551051158
61.5,0.9993882802619978
61.550000000000004,0.999394549615718
61.6,0.9994007636268876
61.650000000000006,0.9994069238669407
61.7,0.9994130298027508
61.75,0.9994190811469601
61.800000000000004,0.9994250795752813
61.85,0.9994310239204984
61.900000000000006,0.9994369169363272
61.95,0.9994427565991172
62.0,0.9994485448768596
62.050000000000004,0.9994542812800377
62.1,0.9994599661190737
62.150000000000006,0.9994656002403837
62.2,0.999471184304059
62.25,0.999476717243475
62.300000000000004,0.9994822009995251
62.35,0.999487634976824
62.400000000000006,0.9994930198601795
62.45,0.9994983558991797
62.5,0.9995036437348008
62.550000000000004,0.9995088834894601
62.6,0.9995140747895734
62.650000000000006,0.9995192192524817
62.7,0.9995243168691071
62.75,0.9995293674278869
62.800000000000004,0.99953437208706
62.85,0.9995393296548744
62.900000000000006,0.9995442426504486
62.95,0.9995491095914002
63.0,0.9995539318163897
63.050000000000004,0.9995587090892071
63.1,0.9995634427213638
63.150000000000006,0.9995681311252732
63.2,0.9995727764722603
63.25,0.9995773787349269
63.300000000000004,0.999581938569873
63.35,0.9995864542127711
63.400000000000006,0.999590928358759
63.45,0.9995953599582981
63.5,0.9995997499984536
63.550000000000004,0.9996040984910669
63.6,0.9996084065020996
63.650000000000006,0.9996126726982211
63.7,0.9996168994126304
63.75,0.9996210849495086
63.800000000000004,0.9996252314546363
63.85,0.9996293375683615
63.900000000000006,0.9996334051372123
63.95,0.9996374340710297
64.0,0.9996414235550333
64.05,0.9996453746742923
64.10000000000001,0.9996492879563689
64.15,0.9996531633516268
64.2,0.999657001663358
64.25,0.9996608023242256
64.3,0.9996645668848685
64.35000000000001,0.9996682947139275
64.4,0.9996719856147718
64.45,0.9996756407312328
64.5,0.99967926032635
64.55,0.999682844600945
64.60000000000001,0.9996863937271918
64.65,0.9996899078291146
64.7,0.9996933872534352
64.75,0.9996968329378255
64.8,0.9997002448590011
64.85000000000001,0.9997036220495573
64.9,0.99970696622855
64.95,0.9997102773719241
65.0,0.9997135557100335
65.05,0.9997168008928278
65.10000000000001,0.9997200137876607
65.15,0.9997231953836004
65.2,0.9997263441021196
65.25,0.9997294620631216
65.3,0.9997325480656556
65.35000000000001,0.9997356040060278
65.4,0.9997386283678065
65.45,0.999741622267548
65.5,0.9997445860687938
65.55,0.9997475194560692
65.60000000000001,0.9997504232474351
65.65,0.999753297705395
65.7,0.9997561428939052
65.75,0.9997589596179219
65.8,0.9997617463341635
65.85000000000001,0.9997645058232593
65.9,0.9997672363222501
65.95,0.9997699391223839
66.0,0.9997726133282474
66.05,0.9997752605422688
66.10000000000001,0.9997778802624809
66.15,0.9997804734684688
66.2,0.9997830400685067
66.25,0.9997855789593899
66.3,0.999788092272988
66.35000000000001,0.9997905792641272
66.4,0.9997930396511169
66.45,0.9997954758590999
66.5,0.9997978853291135
66.55,0.9998002694446709
66.60000000000001,0.9998026297086818
66.65,0.9998049643466336
66.7,0.9998072746264149
66.75,0.9998095606595562
66.8,0.9998118225539092
66.85000000000001,0.9998140600093237
66.9,0.9998162741795691
66.95,0.9998184656259886
67.0,0.9998206330196382
67.05,0.9998227773134046
67.10000000000001,0.9998248987019545
67.15,0.9998269969597467
67.2,0.999829073912697
67.25,0.9998311281237974
67.3,0.9998331603794285
67.35000000000001,0.9998351709361247
67.4,0.9998371585773315
67.45,0.9998391260965304
67.5,0.9998410720216957
67.55,0.9998429972337243
67.60000000000001,0.9998449013892463
67.65,0.9998467845511204
67.7,0.9998486478319185
67.75,0.9998504899175376
67.8,0.9998523126251078
67.85000000000001,0.9998541152706131
67.9,0.9998558985751057
67.95,0.9998576618640591
68.0,0.9998594058535191
68.05,0.9998611307971776
68.10000000000001,0.9998628375250241
68.15,0.9998645240730824
68.2,0.9998661933501851
68.25,0.9998678429928323
68.3,0.9998694747158176
68.35000000000001,0.9998710884441473
68.4,0.9998726846008676
68.45,0.9998742625656666
68.5,0.9998758229039746
68.55,0.9998773658322803
68.60000000000001,0.9998788924549806
68.65,0.9998804010503483
68.7,0.9998818930362525
68.75,0.9998833678479933
68.8,0.9998848268548227
68.85000000000001,0.9998862681701665
68.9,0.999887694162352
68.95,0.9998891041497823
69.0,0.9998904976390399
69.05,0.9998918762575716
69.10000000000001,0.9998932383087643
69.15,0.9998945851913716
69.2,0.999895916767041
69.25,0.9998972333040836
69.3,0.9998985346524785
69.35000000000001,0.999899820460342
69.4,0.9999010925846035
69.45,0.9999023502109041
69.5,0.9999035923201777
69.55,0.9999048209629547
69.60000000000001,0.9999060354936644
69.65,0.9999072359401833
69.7,0.9999084224454025
69.75,0.9999095949414739
69.8,0.9999107540755913
69.85000000000001,0.9999119000104792
69.9,0.9999130317223
69.95,0.9999141510618481
70.0,0.999915257274269
70.05,0.9999163499578663
70.10000000000001,0.9999174309961724
70.15,0.999918498535254
70.2,0.999919553956123
70.25,0.9999205970118576
70.3,0.9999216271598701
70.35000000000001,0.9999226456998516
70.4,0.9999236521270708
70.45,0.9999246463830758
70.5,0.9999256296870587
70.55,0.9999266005690198
70.60000000000001,0.9999275603141267
70.65,0.9999285086755949
70.7,0.9999294457914844
70.75,0.9999303714138345
70.8,0.9999312864601215
70.85000000000001,0.9999321905290915
70.9,0.9999330832154105
70.95,0.9999339655581442
71.0,0.999934837361258
71.05,0.999935698597699
71.10000000000001,0.9999365496008286
71.15,0.9999373898654285
71.2,0.9999382203925375
71.25,0.9999390412879182
71.3,0.9999398518012121
71.35000000000001,0.9999406519785293
71.4,0.9999414433874254
71.45,0.9999422251382882
71.5,0.9999429965525191
71.55,0.9999437593180067
71.60000000000001,0.9999445124335826
71.65,0.9999452565894138
71.7,0.9999459912419416
71.75,0.9999467167319019
71.8,0.9999474337841865
71.85000000000001,0.9999481424233744
71.9,0.9999488417912192
71.95,0.9999495325044564
72.0,0.9999502147609167
72.05,0.999950888361344
72.10000000000001,0.9999515539466317
72.15,0.9999522113018906
72.2,0.9999528603228783
72.25,0.9999535012446001
72.3,0.9999541349404943
72.35000000000001,0.9999547598350559
72.4,0.9999553772453713
72.45,0.9999559861509355
72.5,0.9999565888976585
72.55,0.9999571830147604
72.60000000000001,0.9999577705264155
72.65,0.9999583496681894
72.7,0.9999589221780595
72.75,0.9999594873823976
72.8,0.9999600455546349
72.85000000000001,0.9999605965002649
72.9,0.9999611402884424
72.95,0.9999616772097316
73.0,0.999962207690876
73.05,0.999962730928418
73.10000000000001,0.9999632479390046
73.15,0.9999637582608593
73.2,0.9999642623571257
73.25,0.9999647596932075
73.3,0.9999652505404791
73.35000000000001,0.999965735045503
73.4,0.9999662142898398
73.45,0.9999666863187477
73.5,0.9999671531928054
73.55,0.9999676137575101
73.60000000000001,0.9999680673816507
73.65,0.999968516099719
73.7,0.9999689589189387
73.75,0.9999693957557951
73.8,0.9999698266236503
73.85000000000001,0.9999702525923198
73.9,0.9999706733396526
73.95,0.9999710879202784
74.0,0.9999714966075998
74.05,0.9999719006534664
74.10000000000001,0.9999722992525745
74.15,0.9999726926481847
74.2,0.9999730808473203
74.25,0.9999734647172347
74.3,0.9999738429822528
74.35000000000001,0.9999742160352865
74.4,0.9999745842886677
74.45,0.9999749478030275
74.5,0.999975306177719
74.55,0.9999756600275512
74.60000000000001,0.999976009602325
74.65,0.9999763540712355
74.7,0.9999766944133041
74.75,0.9999770295737064
74.8,0.9999773607528181
74.85000000000001,0.9999776874992841
74.9,0.999978009528722
74.95,0.9999783277742783
75.0,0.9999786419130886
75.05,0.9999789507429824
75.10000000000001,0.9999792565114773
75.15,0.999979557875897
75.2,0.999979855058349
75.25,0.9999801484146161
75.3,0.999980437562982
75.35000000000001,0.9999807229779415
75.4,0.9999810049833759
75.45,0.9999812826023505
75.5,0.999981556296308
75.55,0.9999818266579581
75.60000000000001,0.9999820936421296
75.65,0.9999823566335244
75.7,0.9999826153743059
75.75,0.9999828715958696
75.8,0.9999831237785964
75.85000000000001,0.9999833725434811
75.9,0.9999836180699821
75.95,0.9999838607366658
76.0,0.9999840990628168
76.05,0.9999843349866263
76.10000000000001,0.999984567326526
76.15,0.9999847966406605
76.2,0.9999850224408239
76.25,0.9999852445766761
76.3,0.9999854642233608
76.35000000000001,0.9999856813262157
76.4,0.9999858948539622
76.45,0.9999861058250743
76.5,0.9999863137611579
76.55,0.9999865183449714
76.60000000000001,0.9999867207289137
76.65,0.9999869203262411
76.7,0.9999871165579473
76.75,0.9999873100717099
76.80000000000001,0.9999875011312267
76.85000000000001,0.9999876899688451
76.9,0.9999878751483922
76.95,0.9999880581631793
77.0,0.9999882388932488
77.05000000000001,0.9999884171307365
77.10000000000001,0.9999885929915268
77.15,0.9999887651437336
77.2,0.9999889363649413
77.25,0.9999891042119041
77.30000000000001,0.9999892700115561
77.35000000000001,0.9999894337939366
77.4,0.9999895949441394
77.45,0.9999897539339497
77.5,0.999989910220511
77.55000000000001,0.9999900644219014
77.60000000000001,0.999990216595201
77.65,0.9999903670171421
77.7,0.9999905146786466
77.75,0.9999906598005375
77.80000000000001,0.9999908043689684
77.85000000000001,0.9999909453687792
77.9,0.9999910849518766
77.95,0.9999912221377827
78.0,0.9999913579809456
78.05000000000001,0.999991491327678
78.10000000000001,0.9999916229324914
78.15,0.9999917531216352
78.2,0.999991880835028
78.25,0.9999920068702332
78.30000000000001,0.999992131393353
78.35000000000001,0.9999922532639103
78.4,0.9999923735209166
78.45,0.9999924928099397
78.5,0.9999926100100869
78.55000000000001,0.9999927253978749
78.60000000000001,0.999992838905514
78.65,0.9999929512271578
78.7,0.9999930615760972
78.75,0.9999931699210259
78.80000000000001,0.9999932775652356
78.85000000000001,0.9999933831040113
78.9,0.9999934870832573
78.95,0.999993589739729
79.0,0.9999936910408198
79.05000000000001,0.999993790063348
79.10000000000001,0.9999938891283554
79.15,0.9999939850993927
79.2,0.9999940807317934
79.25,0.9999941743344347
79.30000000000001,0.9999942665114196
79.35000000000001,0.9999943573046021
79.4,0.9999944470795461
79.45,0.9999945356780432
79.5,0.9999946227920561
79.55000000000001,0.9999947082932451
79.60000000000001,0.9999947928742058
79.65,0.9999948758554529
79.7,0.9999949580998027
79.75,0.9999950386853703
79.80000000000001,0.9999951181633846
79.85000000000001,0.9999951965390979
79.9,0.9999952734157835
79.95,0.999995349635683
80.0,0.9999954238817054
80.05000000000001,0.9999954979261833
80.10000000000001,0.9999955701969667
80.15,0.9999956418506453
80.2,0.999995712692324
80.25,0.9999957812581565
80.30000000000001,0.9999958499390718
80.35000000000001,0.9999959172988373
80.4,0.9999959834071609
80.45,0.9999960485986663
80.5,0.9999961132058328
80.55000000000001,0.9999961763296531
80.60000000000001,0.9999962381008161
80.65,0.9999962992518612
80.7,0.9999963601277629
80.75,0.9999964192659887
80.80000000000001,0.9999964777629826
80.85000000000001,0.9999965353628386
80.9,0.9999965926936103
80.95,0.9999966482761642
81.0,0.9999967035352738
81.05000000000001,0.9999967574345567
81.10000000000001,0.9999968105924092
81.15,0.9999968626588289
81.2,0.9999969145920066
81.25,0.999996965318988
81.30000000000001,0.9999970154089622
81.35000000000001,0.9999970650539179
81.4,0.9999971133666383
81.45,0.9999971612537568
81.5,0.9999972084611788
81.55000000000001,0.9999972545166567
81.60000000000001,0.9999973003215599
81.65,0.9999973458433856
81.7,0.9999973893099433
81.75,0.9999974328789973
81.80000000000001,0.9999974762608866
81.85000000000001,0.9999975178552414
81.9,0.9999975590880997
81.95,0.9999976000646822
82.0,0.999997640019741
82.05000000000001,0.9999976796147647
82.10000000000001,0.9999977187196946
82.15,0.9999977569215632
82.2,0.9999977949162497
82.25,0.9999978318999981
82.30000000000001,0.9999978680424555
82.35000000000001,0.9999979036455335
82.4,0.9999979396614118
82.45,0.9999979744265578
82.5,0.9999980082253894
82.55000000000001,0.9999980420720688
82.60000000000001,0.9999980755349543
82.65,0.9999981081964361
82.7,0.9999981401976262
82.75,0.999998171348591
82.80000000000001,0.9999982025733882
82.85000000000001,0.9999982330038816
82.9,0.9999982630134479
82.95,0.9999982931197529
83.0,0.999998321964841
83.05000000000001,0.9999983505362056
83.10000000000001,0.9999983786328003
83.15,0.9999984065523118
83.2,0.999998433775413
83.25,0.9999984608085883
83.30000000000001,0.9999984872017122
83.35000000000001,0.9999985132705196
83.4,0.9999985392132765
83.45,0.9999985638127653
83.5,0.9999985887561728
83.55000000000001,0.9999986128073601
83.60000000000001,0.9999986369892575
83.65,0.9999986607642735
83.7,0.9999986834708702
83.75,0.9999987068256311
83.80000000000001,0.9999987287139662
83.85000000000001,0.9999987506039025
83.9,0.9999987721750081
83.95,0.9999987938979716
84.0,0.9999988142860194
84.05000000000001,0.9999988354511076
84.10000000000001,0.9999988554246209
84.15,0.9999988752093136
84.2,0.9999988948639991
84.25,0.9999989139386775
84.30000000000001,0.9999989333389643
84.35000000000001,0.9999989520002011
84.4,0.9999989705379135
84.45,0.9999989883847552
84.5,0.9999990061958369
84.55000000000001,0.9999990236898494
84.60000000000001,0.9999990409160748
84.65,0.9999990579078576
84.7,0.9999990745755889
84.75,0.9999990905090976
84.80000000000001,0.9999991064736561
84.85000000000001,0.9999991228667651
84.9,0.9999991379727659
84.95,0.9999991532800152
85.0,0.9999991686480041
85.05000000000001,0.9999991830307411
85.10000000000001,0.9999991975585162
85.15,0.9999992118000117
85.2,0.9999992258567965
85.25,0.9999992393777084
85.30000000000001,0.9999992533035568
85.35000000000001,0.9999992665482285
85.4,0.9999992797650946
85.45,0.9999992926542147
85.5,0.999999304685902
85.55000000000001,0.9999993175254913
85.60000000000001,0.9999993301233173
85.65,0.9999993415170293
85.7,0.9999993538444856
85.75,0.9999993649847664
85.80000000000001,0.9999993766019583
85.85000000000001,0.9999993876693914
85.9,0.9999993985110268
85.95,0.9999994092737912
86.0,0.9999994200294043
86.05000000000001,0.9999994307727526
86.10000000000001,0.9999994412494024
86.15,0.9999994507440421
86.2,0.9999994612387831
86.25,0.9999994704222988
86.30000000000001,0.9999994803382214
86.35000000000001,0.9999994895783741
86.4,0.9999994990053078
86.45,0.9999995083901181
86.5,0.999999517265988
86.55000000000001,0.9999995261794514
86.60000000000001,0.9999995347888583
86.65,0.9999995433714423
86.7,0.9999995513173777
86.75,0.9999995596881033
86.80000000000001,0.9999995677695592
86.85000000000001,0.9999995750326623
86.9,0.9999995833668898
86.95,0.9999995911481727
87.0,0.9999995984669462
87.05000000000001,0.9999996055360161
87.10000000000001,0.9999996129503266
87.15,0.9999996203617989
87.2,0.9999996272936513
87.25,0.9999996337855445
87.30000000000001,0.9999996405939331
87.35000000000001,0.9999996470808041
87.4,0.9999996535341722
87.45,0.9999996600000962
87.5,0.9999996664562496
87.55000000000001,0.9999996728888069
87.60000000000001,0.9999996791073138
87.65,0.9999996852493108
87.7,0.999999690752767
87.75,0.9999996963300146
87.80000000000001,0.9999997025001319
87.85000000000001,0.999999707671672
87.9,0.9999997132596942
87.95,0.9999997184657787
88.0,0.9999997233567526
88.05000000000001,0.9999997289893163
88.10000000000001,0.9999997340904591
88.15,0.9999997387583444
88.2,0.9999997437817222
88.25,0.9999997486295287
88.30000000000001,0.9999997537643844
88.35000000000001,0.9999997581061831
88.4,0.9999997624458937
88.45,0.9999997667634805
88.5,0.9999997710657257
88.55000000000001,0.9999997753679712
88.60000000000001,0.9999997796713125
88.65,0.9999997839735576
88.7,0.9999997882758032
88.75,0.9999997923431873
88.80000000000001,0.9999997960832195
88.85000000000001,0.9999997996550496
88.9,0.999999803913872
88.95,0.9999998079821354
89.0,0.999999811134513
89.05000000000001,0.9999998147588512
89.10000000000001,0.9999998185194543
89.15,0.9999998212161005
89.2,0.9999998254798523
89.25,0.9999998280158264
89.30000000000001,0.9999998319717138
89.35000000000001,0.9999998344691944
89.4,0.999999838437638
89.45,0.9999998409264437
89.5,0.9999998446342379
89.55000000000001,0.9999998473474043
89.60000000000001,0.999999849866152
89.65,0.9999998532426099
89.7,0.9999998559968583
89.75,0.999999858186506
89.80000000000001,0.9999998615690242
89.85000000000001,0.9999998645430245
89.9,0.9999998667485287
89.95,0.9999998689793879
90.0,0.9999998716660824
90.05000000000001,0.9999998741185997
90.10000000000001,0.9999998769409009
90.15,0.999999879403603
90.2,0.9999998818009181
90.25,0.9999998839904982
90.30000000000001,0.9999998861790185
90.35000000000001,0.9999998883301411
90.4,0.9999998904812637
90.45,0.9999998926323865
90.5,0.9999998947846048
90.55000000000001,0.9999998969357277
90.60000000000001,0.999999898851989
90.65,0.9999999007250353
90.7,0.9999999021676492
90.75,0.9999999042803143
90.80000000000001,0.9999999064303412
90.85000000000001,0.9999999082430133
90.9,0.9999999103901256
90.95,0.999999912075461
91.0,0.9999999129760017
91.05000000000001,0.9999999151271243
91.10000000000001,0.9999999168895526
91.15,0.999999918995712
91.2,0.9999999197307641
91.25,0.9999999215804922
91.30000000000001,0.9999999233457061
91.35000000000001,0.9999999252307853
91.4,0.9999999261852281
91.45,0.9999999279705454
91.5,0.9999999295330307
91.55000000000001,0.9999999304960189
91.60000000000001,0.9999999319886541
91.65,0.9999999335599851
91.7,0.9999999347763575
91.75,0.999999936252442
91.80000000000001,0.9999999369522399
91.85000000000001,0.9999999384930718
91.9,0.9999999393382314
91.95,0.9999999412297256
92.0,0.9999999421655716
92.05000000000001,0.9999999433837011
92.10000000000001,0.9999999446397339
92.15,0.9999999455348239
92.2,0.9999999468293141
92.25,0.9999999476859464
92.30000000000001,0.9999999489764262
92.35000000000001,0.9999999498370691
92.4,0.9999999501399037
92.45,0.9999999519881917
92.5,0.9999999522910266
92.55000000000001,0.9999999541393143
92.60000000000001,0.9999999543878351
92.65,0.9999999560022901
92.7,0.9999999563040892
92.75,0.9999999566719124
92.80000000000001,0.999999958455212
92.85000000000001,0.9999999587224877
92.9,0.9999999603056313
92.95,0.9999999606063343
93.0,0.9999999609741577
93.05000000000001,0.9999999627534466
93.10000000000001,0.999999962992326
93.15,0.9999999634277709
93.2,0.9999999649045692
93.25,0.9999999651462341
93.30000000000001,0.9999999655915172
93.35000000000001,0.999999967055692
93.4,0.9999999672973567
93.45,0.9999999677426399
93.5,0.9999999689226782
93.55000000000001,0.9999999694484794
93.60000000000001,0.9999999698717883
93.65,0.9999999708429501
93.7,0.9999999713579373
93.75,0.9999999716841188
93.80000000000001,0.9999999720229785
93.85000000000001,0.9999999732249234
93.9,0.9999999735118454
93.95,0.9999999738726391
94.0,0.9999999741741011
94.05000000000001,0.9999999753760462
94.10000000000001,0.999999975664064
94.15,0.9999999760237617
94.2,0.9999999763252236
94.25,0.9999999770182415
94.30000000000001,0.9999999778151866
94.35000000000001,0.9999999780950185
94.4,0.9999999784763464
94.45,0.9999999784763464
94.5,0.9999999796810768
94.55000000000001,0.9999999799788652
94.60000000000001,0.9999999803219964
94.65,0.9999999806274691
94.7,0.9999999806274691
94.75,0.9999999813243682
94.80000000000001,0.9999999821299881
94.85000000000001,0.999999982397264
94.9,0.9999999827745811
94.95,0.9999999827785917
95.0,0.999999982781377
95.05000000000001,0.9999999837661234
95.10000000000001,0.9999999842811107
95.15,0.999999984586844
95.2,0.9999999849257037
95.25,0.9999999849257037
95.30000000000001,0.9999999849324996
95.35000000000001,0.9999999849461518
95.4,0.9999999861480967
95.45,0.9999999864322333
95.5,0.9999999867753644
95.55000000000001,0.9999999870768266
95.60000000000001,0.9999999870768266
95.65,0.9999999870807078
95.7,0.9999999870972747
95.75,0.9999999871191813
95.80000000000001,0.9999999882992195
95.85000000000001,0.9999999888182249
95.9,0.9999999892278815
95.95,0.9999999892279491
96.0,0.9999999892307344
96.05000000000001,0.9999999892443865
96.10000000000001,0.9999999892443865
96.15,0.9999999892483971
96.2,0.9999999892483971
96.25,0.999999990450342
96.30000000000001,0.9999999907344786
96.35000000000001,0.9999999910776097
96.4,0.9999999913790719
96.45,0.9999999913790719
96.5,0.9999999913829531
96.55000000000001,0.9999999913955093
96.60000000000001,0.9999999913955093
96.65,0.9999999913955093
96.7,0.9999999913955093
96.75,0.9999999913995199
96.80000000000001,0.9999999914214266
96.85000000000001,0.9999999928856015
96.9,0.99999999312047
96.95,0.9999999935301945
97.0,0.9999999935301945
97.05000000000001,0.99999999353298
97.10000000000001,0.9999999935466319
97.15,0.9999999935466319
97.2,0.9999999935466319
97.25,0.9999999935466319
97.30000000000001,0.9999999935466319
97.35000000000001,0.9999999935466319
97.4,0.9999999935466319
97.45,0.9999999935466319
97.5,0.9999999935506424
97.55000000000001,0.9999999935506424
97.60000000000001,0.9999999947525875
97.65,0.999999995036724
97.7,0.999999995379855
97.75,0.9999999956813173
97.80000000000001,0.9999999956813173
97.85000000000001,0.9999999956851984
97.9,0.9999999956977546
97.95,0.9999999956977546
98.0,0.9999999956977546
98.05000000000001,0.9999999956977546
98.10000000000001,0.9999999956977546
98.15,0.9999999956977546
98.2,0.9999999956977546
98.25,0.9999999956977546
98.30000000000001,0.9999999956977546
98.35000000000001,0.9999999956977546
98.4,0.9999999956977546
98.45,0.9999999956977546
98.5,0.9999999956977546
98.55000000000001,0.9999999956977546
98.60000000000001,0.9999999956977546
98.65,0.9999999957017651
98.7,0.9999999957236718
98.75,0.9999999969037101
98.80000000000001,0.9999999974218283
98.85000000000001,0.9999999978289613
98.9,0.9999999978324399
98.95,0.9999999978324399
99.0,0.9999999978488773
99.05000000000001,0.9999999978488773
99.10000000000001,0.9999999978488773
99.15,0.9999999978488773
99.2,0.9999999978488773
99.25,0.9999999978488773
99.30000000000001,0.9999999978488773
99.35000000000001,0.9999999978488773
99.4,0.9999999978488773
99.45,0.9999999978488773
99.5,0.9999999978488773
99.55000000000001,0.9999999978488773
99.60000000000001,0.9999999978488773
99.65,0.9999999978488773
99.7,0.9999999978488773
99.75,0.9999999978488773
99.80000000000001,0.9999999978488773
99.85000000000001,0.9999999978488773
99.9,0.9999999978488773
99.95,0.9999999978488773
100.0,0.9999999978488773
100.05000000000001,0.9999999978488773
100.10000000000001,0.9999999978488773
100.15,0.9999999978488773
100.2,0.9999999978488773
100.25,0.9999999978488773
100.30000000000001,0.9999999978488773
100.35000000000001,0.9999999978488773
100.4,0.9999999978488773
100.45,0.9999999978488773
100.5,0.9999999978488773
100.55000000000001,0.9999999978488773
100.60000000000001,0.9999999978488773
100.65,0.9999999978488773
100.7,0.9999999978488773
100.75,0.9999999978488773
100.80000000000001,0.9999999978488773
100.85000000000001,0.9999999978488773
100.9,0.9999999978488773
100.95,0.9999999978488773
101.0,0.9999999978488773
101.05000000000001,0.9999999978528877
101.10000000000001,0.9999999978528877
101.15,0.9999999990548327
101.2,0.9999999995729509
101.25,0.9999999999785785
101.30000000000001,0.9999999999835625
101.35000000000001,0.9999999999835625
101.4,0.9999999999999998
101.45,0.9999999999999998
101.5,0.9999999999999998
101.55000000000001,0.9999999999999998
101.60000000000001,0.9999999999999998
101.65,0.9999999999999998
101.7,0.9999999999999998
101.75,0.9999999999999998
101.80000000000001,0.9999999999999998
101.85000000000001,0.9999999999999998
101.9,0.9999999999999998
101.95,0.9999999999999998
102.0,0.9999999999999998
102.05000000000001,0.9999999999999998
102.10000000000001,0.9999999999999998
102.15,0.9999999999999998
102.2,0.9999999999999998
102.25,0.9999999999999998
102.30000000000001,0.9999999999999998
102.35000000000001,0.9999999999999998
102.4,0.9999999999999998
102.45,0.9999999999999998
102.5,0.9999999999999998
102.55000000000001,0.9999999999999998
102.60000000000001,0.9999999999999998
102.65,0.9999999999999998
102.7,0.9999999999999998
102.75,0.9999999999999998
102.80000000000001,0.9999999999999998
102.85000000000001,0.9999999999999998
102.9,0.9999999999999998
102.95,0.9999999999999998
103.0,0.9999999999999998
103.05000000000001,0.9999999999999998
103.10000000000001,0.9999999999999998
103.15,0.9999999999999998
103.2,0.9999999999999998
103.25,0.9999999999999998
103.30000000000001,0.9999999999999998
103.35000000000001,0.9999999999999998
103.4,0.9999999999999998
103.45,0.9999999999999998
103.5,0.9999999999999998
103.55000000000001,0.9999999999999998
103.60000000000001,0.9999999999999998
103.65,0.9999999999999998
103.7,0.9999999999999998
103.75,0.9999999999999998
103.80000000000001,0.9999999999999998
103.85000000000001,0.9999999999999998
103.9,0.9999999999999998
103.95,0.9999999999999998
104.0,0.9999999999999998
104.05000000000001,0.9999999999999998
104.10000000000001,0.9999999999999998
104.15,0.9999999999999998
104.2,0.9999999999999998
104.25,0.9999999999999998
104.30000000000001,0.9999999999999998
104.35000000000001,0.9999999999999998
104.4,0.9999999999999998
104.45,0.9999999999999998
104.5,0.9999999999999998
104.55000000000001,0.9999999999999998
104.60000000000001,0.9999999999999998
104.65,0.9999999999999998
104.7,0.9999999999999998
104.75,0.9999999999999998
104.80000000000001,0.9999999999999998
104.85000000000001,0.9999999999999998
104.9,0.9999999999999998
104.95,0.9999999999999998
105.0,0.9999999999999998
105.05000000000001,0.9999999999999998
105.10000000000001,0.9999999999999998
105.15,0.9999999999999998
105.2,0.9999999999999998
105.25,0.9999999999999998
105.30000000000001,0.9999999999999998
105.35000000000001,0.9999999999999998
105.4,0.9999999999999998
105.45,0.9999999999999998
105.5,0.9999999999999998
105.55000000000001,0.9999999999999998
105.60000000000001,0.9999999999999998
105.65,0.9999999999999998
105.7,0.9999999999999998
105.75,0.9999999999999998
105.80000000000001,0.9999999999999998
105.85000000000001,0.9999999999999998
105.9,0.9999999999999998
105.95,0.9999999999999998
106.0,0.9999999999999998
106.05000000000001,0.9999999999999998
106.10000000000001,0.9999999999999998
106.15,0.9999999999999998
106.2,0.9999999999999998
106.25,0.9999999999999998
106.30000000000001,0.9999999999999998
106.35000000000001,0.9999999999999998
106.4,0.9999999999999998
106.45,0.9999999999999998
106.5,0.9999999999999998
106.55000000000001,0.9999999999999998
106.60000000000001,0.9999999999999998
106.65,0.9999999999999998
106.7,0.9999999999999998
106.75,0.9999999999999998
106.80000000000001,0.9999999999999998
106.85000000000001,0.9999999999999998
106.9,0.9999999999999998
106.95,0.9999999999999998
107.0,0.9999999999999998
107.05000000000001,0.9999999999999998
107.10000000000001,0.9999999999999998
107.15,0.9999999999999998
107.2,0.9999999999999998
107.25,0.9999999999999998
107.30000000000001,0.9999999999999998
107.35000000000001,0.9999999999999998
107.4,0.9999999999999998
107.45,0.9999999999999998
107.5,0.9999999999999998
107.55000000000001,0.9999999999999998
107.60000000000001,0.9999999999999998
107.65,0.9999999999999998
107.7,0.9999999999999998
107.75,0.9999999999999998
107.80000000000001,0.9999999999999998
107.85000000000001,0.9999999999999998
107.9,0.9999999999999998
107.95,0.9999999999999998
108.0,0.9999999999999998
108.05000000000001,0.9999999999999998
108.10000000000001,0.9999999999999998
108.15,0.9999999999999998
108.2,0.9999999999999998
108.25,0.9999999999999998
108.30000000000001,0.9999999999999998
108.35000000000001,0.9999999999999998
108.4,0.9999999999999998
108.45,0.9999999999999998
108.5,0.9999999999999998
108.55000000000001,0.9999999999999998
108.60000000000001,0.9999999999999998
108.65,0.9999999999999998
108.7,0.9999999999999998
108.75,0.9999999999999998
108.80000000000001,0.9999999999999998
108.85000000000001,0.9999999999999998
108.9,0.9999999999999998
108.95,0.9999999999999998
109.0,0.9999999999999998
109.05000000000001,0.9999999999999998
109.10000000000001,0.9999999999999998
109.15,0.9999999999999998
109.2,0.9999999999999998
109.25,0.9999999999999998
109.30000000000001,0.9999999999999998
109.35000000000001,0.9999999999999998
109.4,0.9999999999999998
109.45,0.9999999999999998
109.5,0.9999999999999998
109.55000000000001,0.9999999999999998
109.60000000000001,0.9999999999999998
109.65,0.9999999999999998
109.7,0.9999999999999998
109.75,0.9999999999999998
109.80000000000001,0.9999999999999998
109.85000000000001,0.9999999999999998
109.9,0.9999999999999998
109.95,0.9999999999999998
110.0,0.9999999999999998
110.05000000000001,0.9999999999999998
110.10000000000001,0.9999999999999998
110.15,0.9999999999999998
110.2,0.9999999999999998
110.25,0.9999999999999998
110.30000000000001,0.9999999999999998
110.35000000000001,0.9999999999999998
110.4,0.9999999999999998
110.45,0.9999999999999998
110.5,0.9999999999999998
110.55000000000001,0.9999999999999998
110.60000000000001,0.9999999999999998
110.65,0.9999999999999998
110.7,0.9999999999999998
110.75,0.9999999999999998
110.80000000000001,0.9999999999999998
110.85000000000001,0.9999999999999998
110.9,0.9999999999999998
110.95,0.9999999999999998
111.0,0.9999999999999998
111.05000000000001,0.9999999999999998
111.10000000000001,0.9999999999999998
111.15,0.9999999999999998
111.2,0.9999999999999998
111.25,0.9999999999999998
111.30000000000001,0.9999999999999998
111.35000000000001,0.9999999999999998
111.4,0.9999999999999998
111.45,0.9999999999999998
111.5,0.9999999999999998
111.55000000000001,0.9999999999999998
111.60000000000001,0.9999999999999998
111.65,0.9999999999999998
111.7,0.9999999999999998
111.75,0.9999999999999998
111.80000000000001,0.9999999999999998
111.85000000000001,0.9999999999999998
111.9,0.9999999999999998
111.95,0.9999999999999998
112.0,0.9999999999999998
112.05000000000001,0.9999999999999998
112.10000000000001,0.9999999999999998
112.15,0.9999999999999998
112.2,0.9999999999999998
112.25,0.9999999999999998
112.30000000000001,0.9999999999999998
112.35000000000001,0.9999999999999998
112.4,0.9999999999999998
112.45,0.9999999999999998
112.5,0.9999999999999998
112.55000000000001,0.9999999999999998
112.60000000000001,0.9999999999999998
112.65,0.9999999999999998
112.7,0.9999999999999998
112.75,0.9999999999999998
112.80000000000001,0.9999999999999998
112.85000000000001,0.9999999999999998
112.9,0.9999999999999998
112.95,0.9999999999999998
113.0,0.9999999999999998
113.05000000000001,0.9999999999999998
113.10000000000001,0.9999999999999998
113.15,0.9999999999999998
113.2,0.9999999999999998
113.25,0.9999999999999998
113.30000000000001,0.9999999999999998
113.35000000000001,0.9999999999999998
113.4,0.9999999999999998
113.45,0.9999999999999998
113.5,0.9999999999999998
113.55000000000001,0.9999999999999998
113.60000000000001,0.9999999999999998
113.65,0.9999999999999998
113.7,0.9999999999999998
113.75,0.9999999999999998
113.80000000000001,0.9999999999999998
113.85000000000001,0.9999999999999998
113.9,0.9999999999999998
113.95,0.9999999999999998
114.0,0.9999999999999998
114.05000000000001,0.9999999999999998
114.10000000000001,0.9999999999999998
114.15,0.9999999999999998
114.2,0.9999999999999998
114.25,0.9999999999999998
114.30000000000001,0.9999999999999998
114.35000000000001,0.9999999999999998
114.4,0.9999999999999998
114.45,0.9999999999999998
114.5,0.9999999999999998
114.55000000000001,0.9999999999999998
114.60000000000001,0.9999999999999998
114.65,0.9999999999999998
114.7,0.9999999999999998
114.75,0.9999999999999998
114.80000000000001,0.9999999999999998
114.85000000000001,0.9999999999999998
114.9,0.9999999999999998
114.95,0.9999999999999998
115.0,0.9999999999999998
115.05000000000001,0.9999999999999998
115.10000000000001,0.9999999999999998
115.15,0.9999999999999998
115.2,0.9999999999999998
115.25,0.9999999999999998
115.30000000000001,0.9999999999999998
115.35000000000001,0.9999999999999998
115.4,0.9999999999999998
115.45,0.9999999999999998
115.5,0.9999999999999998
115.55000000000001,0.9999999999999998
115.60000000000001,0.9999999999999998
115.65,0.9999999999999998
115.7,0.9999999999999998
115.75,0.9999999999999998
115.80000000000001,0.9999999999999998
115.85000000000001,0.9999999999999998
115.9,0.9999999999999998
115.95,0.9999999999999998
116.0,0.9999999999999998
116.05000000000001,0.9999999999999998
116.10000000000001,0.9999999999999998
116.15,0.9999999999999998
116.2,0.9999999999999998
116.25,0.9999999999999998
116.30000000000001,0.9999999999999998
116.35000000000001,0.9999999999999998
116.4,0.9999999999999998
116.45,0.9999999999999998
116.5,0.9999999999999998
116.55000000000001,0.9999999999999998
116.60000000000001,0.9999999999999998
116.65,0.9999999999999998
116.7,0.9999999999999998
116.75,0.9999999999999998
116.80000000000001,0.9999999999999998
116.85000000000001,0.9999999999999998
116.9,0.9999999999999998
116.95,0.9999999999999998
117.0,0.9999999999999998
117.05000000000001,0.9999999999999998
117.10000000000001,0.9999999999999998
117.15,0.9999999999999998
117.2,0.9999999999999998
117.25,0.9999999999999998
117.30000000000001,0.9999999999999998
117.35000000000001,0.9999999999999998
117.4,0.9999999999999998
117.45,0.9999999999999998
117.5,0.9999999999999998
117.55000000000001,0.9999999999999998
117.60000000000001,0.9999999999999998
117.65,0.9999999999999998
117.7,0.9999999999999998
117.75,0.9999999999999998
117.80000000000001,0.9999999999999998
117.85000000000001,0.9999999999999998
117.9,0.9999999999999998
117.95,0.9999999999999998
118.0,0.9999999999999998
118.05000000000001,0.9999999999999998
118.10000000000001,0.9999999999999998
118.15,0.9999999999999998
118.2,0.9999999999999998
118.25,0.9999999999999998
118.30000000000001,0.9999999999999998
118.35000000000001,0.9999999999999998
118.4,0.9999999999999998
118.45,0.9999999999999998
118.5,0.9999999999999998
118.55000000000001,0.9999999999999998
118.60000000000001,0.9999999999999998
118.65,0.9999999999999998
118.7,0.9999999999999998
118.75,0.9999999999999998
118.80000000000001,0.9999999999999998
118.85000000000001,0.9999999999999998
118.9,0.9999999999999998
118.95,0.9999999999999998
119.0,0.9999999999999998
119.05000000000001,0.9999999999999998
119.10000000000001,0.9999999999999998
119.15,0.9999999999999998
119.2,0.9999999999999998
119.25,0.9999999999999998
119.30000000000001,0.9999999999999998
119.35000000000001,0.9999999999999998
119.4,0.9999999999999998
119.45,0.9999999999999998
119.5,0.9999999999999998
119.55000000000001,0.9999999999999998
119.60000000000001,0.9999999999999998
119.65,0.9999999999999998
119.7,0.9999999999999998
119.75,0.9999999999999998
119.80000000000001,0.9999999999999998
119.85000000000001,0.9999999999999998
119.9,0.9999999999999998
119.95,0.9999999999999998
120.0,0.9999999999999998
120.05000000000001,0.9999999999999998
120.10000000000001,0.9999999999999998
120.15,0.9999999999999998
120.2,0.9999999999999998
120.25,0.9999999999999998
120.30000000000001,0.9999999999999998
120.35000000000001,0.9999999999999998
120.4,0.9999999999999998
120.45,0.9999999999999998
120.5,0.9999999999999998
120.55000000000001,0.9999999999999998
120.60000000000001,0.9999999999999998
120.65,0.9999999999999998
120.7,0.9999999999999998
120.75,0.9999999999999998
120.80000000000001,0.9999999999999998
120.85000000000001,0.9999999999999998
120.9,0.9999999999999998
120.95,0.9999999999999998
121.0,0.9999999999999998
121.05000000000001,0.9999999999999998
121.10000000000001,0.9999999999999998
121.15,0.9999999999999998
121.2,0.9999999999999998
121.25,0.9999999999999998
121.30000000000001,0.9999999999999998
121.35000000000001,0.9999999999999998
121.4,0.9999999999999998
121.45,0.9999999999999998
121.5,0.9999999999999998
121.55000000000001,0.9999999999999998
121.60000000000001,0.9999999999999998
121.65,0.9999999999999998
121.7,0.9999999999999998
121.75,0.9999999999999998
121.80000000000001,0.9999999999999998
121.85000000000001,0.9999999999999998
121.9,0.9999999999999998
121.95,0.9999999999999998
122.0,0.9999999999999998
122.05000000000001,0.9999999999999998
122.10000000000001,0.9999999999999998
122.15,0.9999999999999998
122.2,0.9999999999999998
122.25,0.9999999999999998
122.30000000000001,0.9999999999999998
122.35000000000001,0.9999999999999998
122.4,0.9999999999999998
122.45,0.9999999999999998
122.5,0.9999999999999998
122.55000000000001,0.9999999999999998
122.60000000000001,0.9999999999999998
122.65,0.9999999999999998
122.7,0.9999999999999998
122.75,0.9999999999999998
122.80000000000001,0.9999999999999998
122.85000000000001,0.9999999999999998
122.9,0.9999999999999998
122.95,0.9999999999999998
123.0,0.9999999999999998
123.05000000000001,0.9999999999999998
123.10000000000001,0.9999999999999998
123.15,0.9999999999999998
123.2,0.9999999999999998
123.25,0.9999999999999998
123.30000000000001,0.9999999999999998
123.35000000000001,0.9999999999999998
123.4,0.9999999999999998
123.45,0.9999999999999998
123.5,0.9999999999999998
123.55000000000001,0.9999999999999998
123.60000000000001,0.9999999999999998
123.65,0.9999999999999998
123.7,0.9999999999999998
123.75,0.9999999999999998
123.80000000000001,0.9999999999999998
123.85000000000001,0.9999999999999998
123.9,0.9999999999999998
123.95,0.9999999999999998
124.0,0.9999999999999998
124.05000000000001,0.9999999999999998
124.10000000000001,0.9999999999999998
124.15,0.9999999999999998
124.2,0.9999999999999998
124.25,0.9999999999999998
124.30000000000001,0.9999999999999998
124.35000000000001,0.9999999999999998
124.4,0.9999999999999998
124.45,0.9999999999999998
124.5,0.9999999999999998
124.55000000000001,0.9999999999999998
124.60000000000001,0.9999999999999998
124.65,0.9999999999999998
124.7,0.9999999999999998
124.75,0.9999999999999998
124.80000000000001,0.9999999999999998
124.85000000000001,0.9999999999999998
124.9,0.9999999999999998
124.95,0.9999999999999998
125.0,0.9999999999999998
125.05000000000001,0.9999999999999998
125.10000000000001,0.9999999999999998
125.15,0.9999999999999998
125.2,0.9999999999999998
125.25,0.9999999999999998
125.30000000000001,0.9999999999999998
125.35000000000001,0.9999999999999998
125.4,0.9999999999999998
125.45,0.9999999999999998
125.5,0.9999999999999998
125.55000000000001,0.9999999999999998
125.60000000000001,0.9999999999999998
125.65,0.9999999999999998
125.7,0.9999999999999998
125.75,0.9999999999999998
125.80000000000001,0.9999999999999998
125.85000000000001,0.9999999999999998
125.9,0.9999999999999998
125.95,0.9999999999999998
126.0,0.9999999999999998
126.05000000000001,0.9999999999999998
126.10000000000001,0.9999999999999998
126.15,0.9999999999999998
126.2,0.9999999999999998
126.25,0.9999999999999998
126.30000000000001,0.9999999999999998
126.35000000000001,0.9999999999999998
126.4,0.9999999999999998
126.45,0.9999999999999998
126.5,0.9999999999999998
126.55000000000001,0.9999999999999998
126.60000000000001,0.9999999999999998
126.65,0.9999999999999998
126.7,0.9999999999999998
126.75,0.9999999999999998
126.80000000000001,0.9999999999999998
126.85000000000001,0.9999999999999998
126.9,0.9999999999999998
126.95,0.9999999999999998
127.0,0.9999999999999998
127.05000000000001,0.9999999999999998
127.10000000000001,0.9999999999999998
127.15,0.9999999999999998
127.2,0.9999999999999998
127.25,0.9999999999999998
127.30000000000001,0.9999999999999998
127.35000000000001,0.9999999999999998
127.4,0.9999999999999998
127.45,0.9999999999999998
127.5,0.9999999999999998
127.55000000000001,0.9999999999999998
127.60000000000001,0.9999999999999998
127.65,0.9999999999999998
127.7,0.9999999999999998
127.75,0.9999999999999998
127.80000000000001,0.9999999999999998
127.85000000000001,0.9999999999999998
127.9,0.9999999999999998
127.95,0.9999999999999998
128.0,0.9999999999999998
128.05,0.9999999999999998
128.1,0.9999999999999998
128.15,0.9999999999999998
128.20000000000002,0.9999999999999998
128.25,0.9999999999999998
128.3,0.9999999999999998
128.35,0.9999999999999998
128.4,0.9999999999999998
128.45000000000002,0.9999999999999998
128.5,0.9999999999999998
128.55,0.9999999999999998
128.6,0.9999999999999998
128.65,0.9999999999999998
128.70000000000002,0.9999999999999998
128.75,0.9999999999999998
128.8,0.9999999999999998
128.85,0.9999999999999998
128.9,0.9999999999999998
128.95000000000002,0.9999999999999998
129.0,0.9999999999999998
129.05,0.9999999999999998
129.1,0.9999999999999998
129.15,0.9999999999999998
129.20000000000002,0.9999999999999998
129.25,0.9999999999999998
129.3,0.9999999999999998
129.35,0.9999999999999998
129.4,0.9999999999999998
129.45000000000002,0.9999999999999998
129.5,0.9999999999999998
129.55,0.9999999999999998
129.6,0.9999999999999998
129.65,0.9999999999999998
129.70000000000002,0.9999999999999998
129.75,0.9999999999999998
129.8,0.9999999999999998
129.85,0.9999999999999998
129.9,0.9999999999999998
129.95000000000002,0.9999999999999998
130.0,0.9999999999999998
130.05,0.9999999999999998
130.1,0.9999999999999998
130.15,0.9999999999999998
130.20000000000002,0.9999999999999998
130.25,0.9999999999999998
130.3,0.9999999999999998
130.35,0.9999999999999998
130.4,0.9999999999999998
130.45000000000002,0.9999999999999998
130.5,0.9999999999999998
130.55,0.9999999999999998
130.6,0.9999999999999998
130.65,0.9999999999999998
130.70000000000002,0.9999999999999998
130.75,0.9999999999999998
130.8,0.9999999999999998
130.85,0.9999999999999998
130.9,0.9999999999999998
130.95000000000002,0.9999999999999998
131.0,0.9999999999999998
131.05,0.9999999999999998
131.1,0.9999999999999998
131.15,0.9999999999999998
131.20000000000002,0.9999999999999998
131.25,0.9999999999999998
131.3,0.9999999999999998
131.35,0.9999999999999998
131.4,0.9999999999999998
131.45000000000002,0.9999999999999998
131.5,0.9999999999999998
131.55,0.9999999999999998
131.6,0.9999999999999998
131.65,0.9999999999999998
131.70000000000002,0.9999999999999998
131.75,0.9999999999999998
131.8,0.9999999999999998
131.85,0.9999999999999998
131.9,0.9999999999999998
131.95000000000002,0.9999999999999998
132.0,0.9999999999999998
132.05,0.9999999999999998
132.1,0.9999999999999998
132.15,0.9999999999999998
132.20000000000002,0.9999999999999998
132.25,0.9999999999999998
132.3,0.9999999999999998
132.35,0.9999999999999998
132.4,0.9999999999999998
132.45000000000002,0.9999999999999998
132.5,0.9999999999999998
132.55,0.9999999999999998
132.6,0.9999999999999998
132.65,0.9999999999999998
132.70000000000002,0.9999999999999998
132.75,0.9999999999999998
132.8,0.9999999999999998
132.85,0.9999999999999998
132.9,0.9999999999999998
132.95000000000002,0.9999999999999998
133.0,0.9999999999999998
133.05,0.9999999999999998
133.1,0.9999999999999998
133.15,0.9999999999999998
133.20000000000002,0.9999999999999998
133.25,0.9999999999999998
133.3,0.9999999999999998
133.35,0.9999999999999998
133.4,0.9999999999999998
133.45000000000002,0.9999999999999998
133.5,0.9999999999999998
133.55,0.9999999999999998
133.6,0.9999999999999998
133.65,0.9999999999999998
133.70000000000002,0.9999999999999998
133.75,0.9999999999999998
133.8,0.9999999999999998
133.85,0.9999999999999998
133.9,0.9999999999999998
133.95000000000002,0.9999999999999998
134.0,0.9999999999999998
134.05,0.9999999999999998
134.1,0.9999999999999998
134.15,0.9999999999999998
134.20000000000002,0.9999999999999998
134.25,0.9999999999999998
134.3,0.9999999999999998
134.35,0.9999999999999998
134.4,0.9999999999999998
134.45000000000002,0.9999999999999998
134.5,0.9999999999999998
134.55,0.9999999999999998
134.6,0.9999999999999998
134.65,0.9999999999999998
134.70000000000002,0.9999999999999998
134.75,0.9999999999999998
134.8,0.9999999999999998
134.85,0.9999999999999998
134.9,0.9999999999999998
134.95000000000002,0.9999999999999998
135.0,0.9999999999999998
135.05,0.9999999999999998
135.1,0.9999999999999998
135.15,0.9999999999999998
135.20000000000002,0.9999999999999998
135.25,0.9999999999999998
135.3,0.9999999999999998
135.35,0.9999999999999998
135.4,0.9999999999999998
135.45000000000002,0.9999999999999998
135.5,0.9999999999999998
135.55,0.9999999999999998
135.6,0.9999999999999998
135.65,0.9999999999999998
135.70000000000002,0.9999999999999998
135.75,0.9999999999999998
135.8,0.9999999999999998
135.85,0.9999999999999998
135.9,0.9999999999999998
135.95000000000002,0.9999999999999998
136.0,0.9999999999999998
136.05,0.9999999999999998
136.1,0.9999999999999998
136.15,0.9999999999999998
136.20000000000002,0.9999999999999998
136.25,0.9999999999999998
136.3,0.9999999999999998
136.35,0.9999999999999998
136.4,0.9999999999999998
136.45000000000002,0.9999999999999998
136.5,0.9999999999999998
136.55,0.9999999999999998
136.6,0.9999999999999998
136.65,0.9999999999999998
136.70000000000002,0.9999999999999998
136.75,0.9999999999999998
136.8,0.9999999999999998
136.85,0.9999999999999998
136.9,0.9999999999999998
136.95000000000002,0.9999999999999998
137.0,0.9999999999999998
137.05,0.9999999999999998
137.1,0.9999999999999998
137.15,0.9999999999999998
137.20000000000002,0.9999999999999998
137.25,0.9999999999999998
137.3,0.9999999999999998
137.35,0.9999999999999998
137.4,0.9999999999999998
137.45000000000002,0.9999999999999998
137.5,0.9999999999999998
137.55,0.9999999999999998
137.6,0.9999999999999998
137.65,0.9999999999999998
137.70000000000002,0.9999999999999998
137.75,0.9999999999999998
137.8,0.9999999999999998
137.85,0.9999999999999998
137.9,0.9999999999999998
137.95000000000002,0.9999999999999998
138.0,0.9999999999999998
138.05,0.9999999999999998
138.1,0.9999999999999998
138.15,0.9999999999999998
138.20000000000002,0.9999999999999998
138.25,0.9999999999999998
138.3,0.9999999999999998
138.35,0.9999999999999998
138.4,0.9999999999999998
138.45000000000002,0.9999999999999998
138.5,0.9999999999999998
138.55,0.9999999999999998
138.6,0.9999999999999998
138.65,0.9999999999999998
138.70000000000002,0.9999999999999998
138.75,0.9999999999999998
138.8,0.9999999999999998
138.85,0.9999999999999998
138.9,0.9999999999999998
138.95000000000002,0.9999999999999998
139.0,0.9999999999999998
139.05,0.9999999999999998
139.1,0.9999999999999998
139.15,0.9999999999999998
139.20000000000002,0.9999999999999998
139.25,0.9999999999999998
139.3,0.9999999999999998
139.35,0.9999999999999998
139.4,0.9999999999999998
139.45000000000002,0.9999999999999998
139.5,0.9999999999999998
139.55,0.9999999999999998
139.6,0.9999999999999998
139.65,0.9999999999999998
139.70000000000002,0.9999999999999998
139.75,0.9999999999999998
139.8,0.9999999999999998
139.85,0.9999999999999998
139.9,0.9999999999999998
139.95000000000002,0.9999999999999998
140.0,0.9999999999999998
140.05,0.9999999999999998
140.1,0.9999999999999998
140.15,0.9999999999999998
140.20000000000002,0.9999999999999998
140.25,0.9999999999999998
140.3,0.9999999999999998
140.35,0.9999999999999998
140.4,0.9999999999999998
140.45000000000002,0.9999999999999998
140.5,0.9999999999999998
140.55,0.9999999999999998
140.6,0.9999999999999998
140.65,0.9999999999999998
140.70000000000002,0.9999999999999998
140.75,0.9999999999999998
140.8,0.9999999999999998
140.85,0.9999999999999998
140.9,0.9999999999999998
140.95000000000002,0.9999999999999998
141.0,0.9999999999999998
141.05,0.9999999999999998
141.1,0.9999999999999998
141.15,0.9999999999999998
141.20000000000002,0.9999999999999998
141.25,0.9999999999999998
141.3,0.9999999999999998
141.35,0.9999999999999998
141.4,0.9999999999999998
141.45000000000002,0.9999999999999998
141.5,0.9999999999999998
141.55,0.9999999999999998
141.6,0.9999999999999998
141.65,0.9999999999999998
141.70000000000002,0.9999999999999998
141.75,0.9999999999999998
141.8,0.9999999999999998
141.85,0.9999999999999998
141.9,0.9999999999999998
141.95000000000002,0.9999999999999998
142.0,0.9999999999999998
142.05,0.9999999999999998
142.1,0.9999999999999998
142.15,0.9999999999999998
142.20000000000002,0.9999999999999998
142.25,0.9999999999999998
142.3,0.9999999999999998
142.35,0.9999999999999998
142.4,0.9999999999999998
142.45000000000002,0.9999999999999998
142.5,0.9999999999999998
142.55,0.9999999999999998
142.6,0.9999999999999998
142.65,0.9999999999999998
142.70000000000002,0.9999999999999998
142.75,0.9999999999999998
142.8,0.9999999999999998
142.85,0.9999999999999998
142.9,0.9999999999999998
142.95000000000002,0.9999999999999998
143.0,0.9999999999999998
143.05,0.9999999999999998
143.1,0.9999999999999998
143.15,0.9999999999999998
143.20000000000002,0.9999999999999998
143.25,0.9999999999999998
143.3,0.9999999999999998
143.35,0.9999999999999998
143.4,0.9999999999999998
143.45000000000002,0.9999999999999998
143.5,0.9999999999999998
143.55,0.9999999999999998
143.6,0.9999999999999998
143.65,0.9999999999999998
143.70000000000002,0.9999999999999998
143.75,0.9999999999999998
143.8,0.9999999999999998
143.85,0.9999999999999998
143.9,0.9999999999999998
143.95000000000002,0.9999999999999998
144.0,0.9999999999999998
144.05,0.9999999999999998
144.1,0.9999999999999998
144.15,0.9999999999999998
144.20000000000002,0.9999999999999998
144.25,0.9999999999999998
144.3,0.9999999999999998
144.35,0.9999999999999998
144.4,0.9999999999999998
144.45000000000002,0.9999999999999998
144.5,0.9999999999999998
144.55,0.9999999999999998
144.6,0.9999999999999998
144.65,0.9999999999999998
144.70000000000002,0.9999999999999998
144.75,0.9999999999999998
144.8,0.9999999999999998
144.85,0.9999999999999998
144.9,0.9999999999999998
144.95000000000002,0.9999999999999998
145.0,0.9999999999999998
145.05,0.9999999999999998
145.1,0.9999999999999998
145.15,0.9999999999999998
145.20000000000002,0.9999999999999998
145.25,0.9999999999999998
145.3,0.9999999999999998
145.35,0.9999999999999998
145.4,0.9999999999999998
145.45000000000002,0.9999999999999998
145.5,0.9999999999999998
145.55,0.9999999999999998
145.6,0.9999999999999998
145.65,0.9999999999999998
145.70000000000002,0.9999999999999998
145.75,0.9999999999999998
145.8,0.9999999999999998
145.85,0.9999999999999998
145.9,0.9999999999999998
145.95000000000002,0.9999999999999998
146.0,0.9999999999999998
146.05,0.9999999999999998
146.1,0.9999999999999998
146.15,0.9999999999999998
146.20000000000002,0.9999999999999998
146.25,0.9999999999999998
146.3,0.9999999999999998
146.35,0.9999999999999998
146.4,0.9999999999999998
146.45000000000002,0.9999999999999998
146.5,0.9999999999999998
146.55,0.9999999999999998
146.6,0.9999999999999998
146.65,0.9999999999999998
146.70000000000002,0.9999999999999998
146.75,0.9999999999999998
146.8,0.9999999999999998
146.85,0.9999999999999998
146.9,0.9999999999999998
146.95000000000002,0.9999999999999998
147.0,0.9999999999999998
147.05,0.9999999999999998
147.1,0.9999999999999998
147.15,0.9999999999999998
147.20000000000002,0.9999999999999998
147.25,0.9999999999999998
147.3,0.9999999999999998
147.35,0.9999999999999998
147.4,0.9999999999999998
147.45000000000002,0.9999999999999998
147.5,0.9999999999999998
147.55,0.9999999999999998
147.6,0.9999999999999998
147.65,0.9999999999999998
147.70000000000002,0.9999999999999998
147.75,0.9999999999999998
147.8,0.9999999999999998
147.85,0.9999999999999998
147.9,0.9999999999999998
147.95000000000002,0.9999999999999998
148.0,0.9999999999999998
148.05,0.9999999999999998
148.1,0.9999999999999998
148.15,0.9999999999999998
148.20000000000002,0.9999999999999998
148.25,0.9999999999999998
148.3,0.9999999999999998
148.35,0.9999999999999998
148.4,0.9999999999999998
148.45000000000002,0.9999999999999998
148.5,0.9999999999999998
148.55,0.9999999999999998
148.6,0.9999999999999998
148.65,0.9999999999999998
148.70000000000002,0.9999999999999998
148.75,0.9999999999999998
148.8,0.9999999999999998
148.85,0.9999999999999998
148.9,0.9999999999999998
148.95000000000002,0.9999999999999998
149.0,0.9999999999999998
149.05,0.9999999999999998
149.1,0.9999999999999998
149.15,0.9999999999999998
149.20000000000002,0.9999999999999998
149.25,0.9999999999999998
149.3,0.9999999999999998
149.35,0.9999999999999998
149.4,0.9999999999999998
149.45000000000002,0.9999999999999998
149.5,0.9999999999999998
149.55,0.9999999999999998
149.6,0.9999999999999998
149.65,0.9999999999999998
149.70000000000002,0.9999999999999998
149.75,0.9999999999999998
149.8,0.9999999999999998
149.85,0.9999999999999998
149.9,0.9999999999999998
149.95000000000002,0.9999999999999998
150.0,0.9999999999999998
150.05,0.9999999999999998
150.1,0.9999999999999998
150.15,0.9999999999999998
150.20000000000002,0.9999999999999998
150.25,0.9999999999999998
150.3,0.9999999999999998
150.35,0.9999999999999998
150.4,0.9999999999999998
150.45000000000002,0.9999999999999998
150.5,0.9999999999999998
150.55,0.9999999999999998
150.6,0.9999999999999998
150.65,0.9999999999999998
150.70000000000002,0.9999999999999998
150.75,0.9999999999999998
150.8,0.9999999999999998
150.85,0.9999999999999998
150.9,0.9999999999999998
150.95000000000002,0.9999999999999998
151.0,0.9999999999999998
151.05,0.9999999999999998
151.1,0.9999999999999998
151.15,0.9999999999999998
151.20000000000002,0.9999999999999998
151.25,0.9999999999999998
151.3,0.9999999999999998
151.35,0.9999999999999998
151.4,0.9999999999999998
151.45000000000002,0.9999999999999998
151.5,0.9999999999999998
151.55,0.9999999999999998
151.6,0.9999999999999998
151.65,0.9999999999999998
151.70000000000002,0.9999999999999998
151.75,0.9999999999999998
151.8,0.9999999999999998
151.85,0.9999999999999998
151.9,0.9999999999999998
151.95000000000002,0.9999999999999998
152.0,0.9999999999999998
152.05,0.9999999999999998
152.1,0.9999999999999998
152.15,0.9999999999999998
152.20000000000002,0.9999999999999998
152.25,0.9999999999999998
152.3,0.9999999999999998
152.35,0.9999999999999998
152.4,0.9999999999999998
152.45000000000002,0.9999999999999998
152.5,0.9999999999999998
152.55,0.9999999999999998
152.6,0.9999999999999998
152.65,0.9999999999999998
152.70000000000002,0.9999999999999998
152.75,0.9999999999999998
152.8,0.9999999999999998
152.85,0.9999999999999998
152.9,0.9999999999999998
152.95000000000002,0.9999999999999998
153.0,0.9999999999999998
153.05,0.9999999999999998
153.1,0.9999999999999998
153.15,0.9999999999999998
153.20000000000002,0.9999999999999998
153.25,0.9999999999999998
153.3,0.9999999999999998
153.35,0.9999999999999998
153.4,0.9999999999999998
153.45000000000002,0.9999999999999998
153.5,0.9999999999999998
153.55,0.9999999999999998
153.60000000000002,0.9999999999999998
153.65,0.9999999999999998
153.70000000000002,0.9999999999999998
153.75,0.9999999999999998
153.8,0.9999999999999998
153.85000000000002,0.9999999999999998
153.9,0.9999999999999998
153.95000000000002,0.9999999999999998
154.0,0.9999999999999998
154.05,0.9999999999999998
154.10000000000002,0.9999999999999998
154.15,0.9999999999999998
154.20000000000002,0.9999999999999998
154.25,0.9999999999999998
154.3,0.9999999999999998
154.35000000000002,0.9999999999999998
154.4,0.9999999999999998
154.45000000000002,0.9999999999999998
154.5,0.9999999999999998
154.55,0.9999999999999998
154.60000000000002,0.9999999999999998
154.65,0.9999999999999998
154.70000000000002,0.9999999999999998
154.75,0.9999999999999998
154.8,0.9999999999999998
154.85000000000002,0.9999999999999998
154.9,0.9999999999999998
154.95000000000002,0.9999999999999998
155.0,0.9999999999999998
155.05,0.9999999999999998
155.10000000000002,0.9999999999999998
155.15,0.9999999999999998
155.20000000000002,0.9999999999999998
155.25,0.9999999999999998
155.3,0.9999999999999998
155.35000000000002,0.9999999999999998
155.4,0.9999999999999998
155.45000000000002,0.9999999999999998
155.5,0.9999999999999998
155.55,0.9999999999999998
155.60000000000002,0.9999999999999998
155.65,0.9999999999999998
155.70000000000002,0.9999999999999998
155.75,0.9999999999999998
155.8,0.9999999999999998
155.85000000000002,0.9999999999999998
155.9,0.9999999999999998
155.95000000000002,0.9999999999999998
156.0,0.9999999999999998
156.05,0.9999999999999998
156.10000000000002,0.9999999999999998
156.15,0.9999999999999998
156.20000000000002,0.9999999999999998
156.25,0.9999999999999998
156.3,0.9999999999999998
156.35000000000002,0.9999999999999998
156.4,0.9999999999999998
156.45000000000002,0.9999999999999998
156.5,0.9999999999999998
156.55,0.9999999999999998
156.60000000000002,0.9999999999999998
156.65,0.9999999999999998
156.70000000000002,0.9999999999999998
156.75,0.9999999999999998
156.8,0.9999999999999998
156.85000000000002,0.9999999999999998
156.9,0.9999999999999998
156.95000000000002,0.9999999999999998
157.0,0.9999999999999998
157.05,0.9999999999999998
157.10000000000002,0.9999999999999998
157.15,0.9999999999999998
157.20000000000002,0.9999999999999998
157.25,0.9999999999999998
157.3,0.9999999999999998
157.35000000000002,0.9999999999999998
157.4,0.9999999999999998
157.45000000000002,0.9999999999999998
157.5,0.9999999999999998
157.55,0.9999999999999998
157.60000000000002,0.9999999999999998
157.65,0.9999999999999998
157.70000000000002,0.9999999999999998
157.75,0.9999999999999998
157.8,0.9999999999999998
157.85000000000002,0.9999999999999998
157.9,0.9999999999999998
157.95000000000002,0.9999999999999998
158.0,0.9999999999999998
158.05,0.9999999999999998
158.10000000000002,0.9999999999999998
158.15,0.9999999999999998
158.20000000000002,0.9999999999999998
158.25,0.9999999999999998
158.3,0.9999999999999998
158.35000000000002,0.9999999999999998
158.4,0.9999999999999998
158.45000000000002,0.9999999999999998
158.5,0.9999999999999998
158.55,0.9999999999999998
158.60000000000002,0.9999999999999998
158.65,0.9999999999999998
158.70000000000002,0.9999999999999998
158.75,0.9999999999999998
158.8,0.9999999999999998
158.85000000000002,0.9999999999999998
158.9,0.9999999999999998
158.95000000000002,0.9999999999999998
159.0,0.9999999999999998
159.05,0.9999999999999998
159.10000000000002,0.9999999999999998
159.15,0.9999999999999998
159.20000000000002,0.9999999999999998
159.25,0.9999999999999998
159.3,0.9999999999999998
159.35000000000002,0.9999999999999998
159.4,0.9999999999999998
159.45000000000002,0.9999999999999998
159.5,0.9999999999999998
159.55,0.9999999999999998
159.60000000000002,0.9999999999999998
159.65,0.9999999999999998
159.70000000000002,0.9999999999999998
159.75,0.9999999999999998
159.8,0.9999999999999998
159.85000000000002,0.9999999999999998
159.9,0.9999999999999998
159.95000000000002,0.9999999999999998
160.0,0.9999999999999998
160.05,0.9999999999999998
160.10000000000002,0.9999999999999998
160.15,0.9999999999999998
160.20000000000002,0.9999999999999998
160.25,0.9999999999999998
160.3,0.9999999999999998
160.35000000000002,0.9999999999999998
160.4,0.9999999999999998
160.45000000000002,0.9999999999999998
160.5,0.9999999999999998
160.55,0.9999999999999998
160.60000000000002,0.9999999999999998
160.65,0.9999999999999998
160.70000000000002,0.9999999999999998
160.75,0.9999999999999998
160.8,0.9999999999999998
160.85000000000002,0.9999999999999998
160.9,0.9999999999999998
160.95000000000002,0.9999999999999998
161.0,0.9999999999999998
161.05,0.9999999999999998
161.10000000000002,0.9999999999999998
161.15,0.9999999999999998
161.20000000000002,0.9999999999999998
161.25,0.9999999999999998
161.3,0.9999999999999998
161.35000000000002,0.9999999999999998
161.4,0.9999999999999998
161.45000000000002,0.9999999999999998
161.5,0.9999999999999998
161.55,0.9999999999999998
161.60000000000002,0.9999999999999998
161.65,0.9999999999999998
161.70000000000002,0.9999999999999998
161.75,0.9999999999999998
161.8,0.9999999999999998
161.85000000000002,0.9999999999999998
161.9,0.9999999999999998
161.95000000000002,0.9999999999999998
162.0,0.9999999999999998
162.05,0.9999999999999998
162.10000000000002,0.9999999999999998
162.15,0.9999999999999998
162.20000000000002,0.9999999999999998
162.25,0.9999999999999998
162.3,0.9999999999999998
162.35000000000002,0.9999999999999998
162.4,0.9999999999999998
162.45000000000002,0.9999999999999998
162.5,0.9999999999999998
162.55,0.9999999999999998
162.60000000000002,0.9999999999999998
162.65,0.9999999999999998
162.70000000000002,0.9999999999999998
162.75,0.9999999999999998
162.8,0.9999999999999998
162.85000000000002,0.9999999999999998
162.9,0.9999999999999998
162.95000000000002,0.9999999999999998
163.0,0.9999999999999998
163.05,0.9999999999999998
163.10000000000002,0.9999999999999998
163.15,0.9999999999999998
163.20000000000002,0.9999999999999998
163.25,0.9999999999999998
163.3,0.9999999999999998
163.35000000000002,0.9999999999999998
163.4,0.9999999999999998
163.45000000000002,0.9999999999999998
163.5,0.9999999999999998
163.55,0.9999999999999998
163.60000000000002,0.9999999999999998
163.65,0.9999999999999998
163.70000000000002,0.9999999999999998
163.75,0.9999999999999998
163.8,0.9999999999999998
163.85000000000002,0.9999999999999998
163.9,0.9999999999999998
163.95000000000002,0.9999999999999998
164.0,0.9999999999999998
164.05,0.9999999999999998
164.10000000000002,0.9999999999999998
164.15,0.9999999999999998
164.20000000000002,0.9999999999999998
164.25,0.9999999999999998
164.3,0.9999999999999998
164.35000000000002,0.9999999999999998
164.4,0.9999999999999998
164.45000000000002,0.9999999999999998
164.5,0.9999999999999998
164.55,0.9999999999999998
164.60000000000002,0.9999999999999998
164.65,0.9999999999999998
164.70000000000002,0.9999999999999998
164.75,0.9999999999999998
164.8,0.9999999999999998
164.85000000000002,0.9999999999999998
164.9,0.9999999999999998
164.95000000000002,0.9999999999999998
165.0,0.9999999999999998
165.05,0.9999999999999998
165.10000000000002,0.9999999999999998
165.15,0.9999999999999998
165.20000000000002,0.9999999999999998
165.25,0.9999999999999998
165.3,0.9999999999999998
165.35000000000002,0.9999999999999998
165.4,0.9999999999999998
165.45000000000002,0.9999999999999998
165.5,0.9999999999999998
165.55,0.9999999999999998
165.60000000000002,0.9999999999999998
165.65,0.9999999999999998
165.70000000000002,0.9999999999999998
165.75,0.9999999999999998
165.8,0.9999999999999998
165.85000000000002,0.9999999999999998
165.9,0.9999999999999998
165.95000000000002,0.9999999999999998
166.0,0.9999999999999998
166.05,0.9999999999999998
166.10000000000002,0.9999999999999998
166.15,0.9999999999999998
166.20000000000002,0.9999999999999998
166.25,0.9999999999999998
166.3,0.9999999999999998
166.35000000000002,0.9999999999999998
166.4,0.9999999999999998
166.45000000000002,0.9999999999999998
166.5,0.9999999999999998
166.55,0.9999999999999998
166.60000000000002,0.9999999999999998
166.65,0.9999999999999998
166.70000000000002,0.9999999999999998
166.75,0.9999999999999998
166.8,0.9999999999999998
166.85000000000002,0.9999999999999998
166.9,0.9999999999999998
166.95000000000002,0.9999999999999998
167.0,0.9999999999999998
167.05,0.9999999999999998
167.10000000000002,0.9999999999999998
167.15,0.9999999999999998
167.20000000000002,0.9999999999999998
167.25,0.9999999999999998
167.3,0.9999999999999998
167.35000000000002,0.9999999999999998
167.4,0.9999999999999998
167.45000000000002,0.9999999999999998
167.5,0.9999999999999998
167.55,0.9999999999999998
167.60000000000002,0.9999999999999998
167.65,0.9999999999999998
167.70000000000002,0.9999999999999998
167.75,0.9999999999999998
167.8,0.9999999999999998
167.85000000000002,0.9999999999999998
167.9,0.9999999999999998
167.95000000000002,0.9999999999999998
168.0,0.9999999999999998
168.05,0.9999999999999998
168.10000000000002,0.9999999999999998
168.15,0.9999999999999998
168.20000000000002,0.9999999999999998
168.25,0.9999999999999998
168.3,0.9999999999999998
168.35000000000002,0.9999999999999998
168.4,0.9999999999999998
168.45000000000002,0.9999999999999998
168.5,0.9999999999999998
168.55,0.9999999999999998
168.60000000000002,0.9999999999999998
168.65,0.9999999999999998
168.70000000000002,0.9999999999999998
168.75,0.9999999999999998
168.8,0.9999999999999998
168.85000000000002,0.9999999999999998
168.9,0.9999999999999998
168.95000000000002,0.9999999999999998
169.0,0.9999999999999998
169.05,0.9999999999999998
169.10000000000002,0.9999999999999998
169.15,0.9999999999999998
169.20000000000002,0.9999999999999998
169.25,0.9999999999999998
169.3,0.9999999999999998
169.35000000000002,0.9999999999999998
169.4,0.9999999999999998
169.45000000000002,0.9999999999999998
169.5,0.9999999999999998
169.55,0.9999999999999998
169.60000000000002,0.9999999999999998
169.65,0.9999999999999998
169.70000000000002,0.9999999999999998
169.75,0.9999999999999998
169.8,0.9999999999999998
169.85000000000002,0.9999999999999998
169.9,0.9999999999999998
169.95000000000002,0.9999999999999998
170.0,0.9999999999999998
170.05,0.9999999999999998
170.10000000000002,0.9999999999999998
170.15,0.9999999999999998
170.20000000000002,0.9999999999999998
170.25,0.9999999999999998
170.3,0.9999999999999998
170.35000000000002,0.9999999999999998
170.4,0.9999999999999998
170.45000000000002,0.9999999999999998
170.5,0.9999999999999998
170.55,0.9999999999999998
170.60000000000002,0.9999999999999998
170.65,0.9999999999999998
170.70000000000002,0.9999999999999998
170.75,0.9999999999999998
170.8,0.9999999999999998
170.85000000000002,0.9999999999999998
170.9,0.9999999999999998
170.95000000000002,0.9999999999999998
171.0,0.9999999999999998
171.05,0.9999999999999998
171.10000000000002,0.9999999999999998
171.15,0.9999999999999998
171.20000000000002,0.9999999999999998
171.25,0.9999999999999998
171.3,0.9999999999999998
171.35000000000002,0.9999999999999998
171.4,0.9999999999999998
171.45000000000002,0.9999999999999998
171.5,0.9999999999999998
171.55,0.9999999999999998
171.60000000000002,0.9999999999999998
171.65,0.9999999999999998
171.70000000000002,0.9999999999999998
171.75,0.9999999999999998
171.8,0.9999999999999998
171.85000000000002,0.9999999999999998
171.9,0.9999999999999998
171.95000000000002,0.9999999999999998
172.0,0.9999999999999998
172.05,0.9999999999999998
172.10000000000002,0.9999999999999998
172.15,0.9999999999999998
172.20000000000002,0.9999999999999998
172.25,0.9999999999999998
172.3,0.9999999999999998
172.35000000000002,0.9999999999999998
172.4,0.9999999999999998
172.45000000000002,0.9999999999999998
172.5,0.9999999999999998
172.55,0.9999999999999998
172.60000000000002,0.9999999999999998
172.65,0.9999999999999998
172.70000000000002,0.9999999999999998
172.75,0.9999999999999998
172.8,0.9999999999999998
172.85000000000002,0.9999999999999998
172.9,0.9999999999999998
172.95000000000002,0.9999999999999998
173.0,0.9999999999999998
173.05,0.9999999999999998
173.10000000000002,0.9999999999999998
173.15,0.9999999999999998
173.20000000000002,0.9999999999999998
173.25,0.9999999999999998
173.3,0.9999999999999998
173.35000000000002,0.9999999999999998
173.4,0.9999999999999998
173.45000000000002,0.9999999999999998
173.5,0.9999999999999998
173.55,0.9999999999999998
173.60000000000002,0.9999999999999998
173.65,0.9999999999999998
173.70000000000002,0.9999999999999998
173.75,0.9999999999999998
173.8,0.9999999999999998
173.85000000000002,0.9999999999999998
173.9,0.9999999999999998
173.95000000000002,0.9999999999999998
174.0,0.9999999999999998
174.05,0.9999999999999998
174.10000000000002,0.9999999999999998
174.15,0.9999999999999998
174.20000000000002,0.9999999999999998
174.25,0.9999999999999998
174.3,0.9999999999999998
174.35000000000002,0.9999999999999998
174.4,0.9999999999999998
174.45000000000002,0.9999999999999998
174.5,0.9999999999999998
174.55,0.9999999999999998
174.60000000000002,0.9999999999999998
174.65,0.9999999999999998
174.70000000000002,0.9999999999999998
174.75,0.9999999999999998
174.8,0.9999999999999998
174.85000000000002,0.9999999999999998
174.9,0.9999999999999998
174.95000000000002,0.9999999999999998
175.0,0.9999999999999998
175.05,0.9999999999999998
175.10000000000002,0.9999999999999998
175.15,0.9999999999999998
175.20000000000002,0.9999999999999998
175.25,0.9999999999999998
175.3,0.9999999999999998
175.35000000000002,0.9999999999999998
175.4,0.9999999999999998
175.45000000000002,0.9999999999999998
175.5,0.9999999999999998
175.55,0.9999999999999998
175.60000000000002,0.9999999999999998
175.65,0.9999999999999998
175.70000000000002,0.9999999999999998
175.75,0.9999999999999998
175.8,0.9999999999999998
175.85000000000002,0.9999999999999998
175.9,0.9999999999999998
175.95000000000002,0.9999999999999998
176.0,0.9999999999999998
176.05,0.9999999999999998
176.10000000000002,0.9999999999999998
176.15,0.9999999999999998
176.20000000000002,0.9999999999999998
176.25,0.9999999999999998
176.3,0.9999999999999998
176.35000000000002,0.9999999999999998
176.4,0.9999999999999998
176.45000000000002,0.9999999999999998
176.5,0.9999999999999998
176.55,0.9999999999999998
176.60000000000002,0.9999999999999998
176.65,0.9999999999999998
176.70000000000002,0.9999999999999998
176.75,0.9999999999999998
176.8,0.9999999999999998
176.85000000000002,0.9999999999999998
176.9,0.9999999999999998
176.95000000000002,0.9999999999999998
177.0,0.9999999999999998
177.05,0.9999999999999998
177.10000000000002,0.9999999999999998
177.15,0.9999999999999998
177.20000000000002,0.9999999999999998
177.25,0.9999999999999998
177.3,0.9999999999999998
177.35000000000002,0.9999999999999998
177.4,0.9999999999999998
177.45000000000002,0.9999999999999998
177.5,0.9999999999999998
177.55,0.9999999999999998
177.60000000000002,0.9999999999999998
177.65,0.9999999999999998
177.70000000000002,0.9999999999999998
177.75,0.9999999999999998
177.8,0.9999999999999998
177.85000000000002,0.9999999999999998
177.9,0.9999999999999998
177.95000000000002,0.9999999999999998
178.0,0.9999999999999998
178.05,0.9999999999999998
178.10000000000002,0.9999999999999998
178.15,0.9999999999999998
178.20000000000002,0.9999999999999998
178.25,0.9999999999999998
178.3,0.9999999999999998
178.35000000000002,0.9999999999999998
178.4,0.9999999999999998
178.45000000000002,0.9999999999999998
178.5,0.9999999999999998
178.55,0.9999999999999998
178.60000000000002,0.9999999999999998
178.65,0.9999999999999998
178.70000000000002,0.9999999999999998
178.75,0.9999999999999998
178.8,0.9999999999999998
178.85000000000002,0.9999999999999998
178.9,0.9999999999999998
178.95000000000002,0.9999999999999998
179.0,0.9999999999999998
179.05,0.9999999999999998
179.10000000000002,0.9999999999999998
179.15,0.9999999999999998
179.20000000000002,0.9999999999999998
179.25,0.9999999999999998
179.3,0.9999999999999998
179.35000000000002,0.9999999999999998
179.4,0.9999999999999998
179.45000000000002,0.9999999999999998
179.5,0.9999999999999998
179.55,0.9999999999999998
179.60000000000002,0.9999999999999998
179.65,0.9999999999999998
179.70000000000002,0.9999999999999998
179.75,0.9999999999999998
179.8,0.9999999999999998
179.85000000000002,0.9999999999999998
179.9,0.9999999999999998
179.95000000000002,0.9999999999999998
180.0,0.9999999999999998
180.05,0.9999999999999998
180.10000000000002,0.9999999999999998
180.15,0.9999999999999998
180.20000000000002,0.9999999999999998
180.25,0.9999999999999998
180.3,0.9999999999999998
180.35000000000002,0.9999999999999998
180.4,0.9999999999999998
180.45000000000002,0.9999999999999998
180.5,0.9999999999999998
180.55,0.9999999999999998
180.60000000000002,0.9999999999999998
180.65,0.9999999999999998
180.70000000000002,0.9999999999999998
180.75,0.9999999999999998
180.8,0.9999999999999998
180.85000000000002,0.9999999999999998
180.9,0.9999999999999998
180.95000000000002,0.9999999999999998
181.0,0.9999999999999998
181.05,0.9999999999999998
181.10000000000002,0.9999999999999998
181.15,0.9999999999999998
181.20000000000002,0.9999999999999998
181.25,0.9999999999999998
181.3,0.9999999999999998
181.35000000000002,0.9999999999999998
181.4,0.9999999999999998
181.45000000000002,0.9999999999999998
181.5,0.9999999999999998
181.55,0.9999999999999998
181.60000000000002,0.9999999999999998
181.65,0.9999999999999998
181.70000000000002,0.9999999999999998
181.75,0.9999999999999998
181.8,0.9999999999999998
181.85000000000002,0.9999999999999998
181.9,0.9999999999999998
181.95000000000002,0.9999999999999998
182.0,0.9999999999999998
182.05,0.9999999999999998
182.10000000000002,0.9999999999999998
182.15,0.9999999999999998
182.20000000000002,0.9999999999999998
182.25,0.9999999999999998
182.3,0.9999999999999998
182.35000000000002,0.9999999999999998
182.4,0.9999999999999998
182.45000000000002,0.9999999999999998
182.5,0.9999999999999998
182.55,0.9999999999999998
182.60000000000002,0.9999999999999998
182.65,0.9999999999999998
182.70000000000002,0.9999999999999998
182.75,0.9999999999999998
182.8,0.9999999999999998
182.85000000000002,0.9999999999999998
182.9,0.9999999999999998
182.95000000000002,0.9999999999999998
183.0,0.9999999999999998
183.05,0.9999999999999998
183.10000000000002,0.9999999999999998
183.15,0.9999999999999998
183.20000000000002,0.9999999999999998
183.25,0.9999999999999998
183.3,0.9999999999999998
183.35000000000002,0.9999999999999998
183.4,0.9999999999999998
183.45000000000002,0.9999999999999998
183.5,0.9999999999999998
183.55,0.9999999999999998
183.60000000000002,0.9999999999999998
183.65,0.9999999999999998
183.70000000000002,0.9999999999999998
183.75,0.9999999999999998
183.8,0.9999999999999998
183.85000000000002,0.9999999999999998
183.9,0.9999999999999998
183.95000000000002,0.9999999999999998
184.0,0.9999999999999998
184.05,0.9999999999999998
184.10000000000002,0.9999999999999998
184.15,0.9999999999999998
184.20000000000002,0.9999999999999998
184.25,0.9999999999999998
184.3,0.9999999999999998
184.35000000000002,0.9999999999999998
184.4,0.9999999999999998
184.45000000000002,0.9999999999999998
184.5,0.9999999999999998
184.55,0.9999999999999998
184.60000000000002,0.9999999999999998
184.65,0.9999999999999998
184.70000000000002,0.9999999999999998
184.75,0.9999999999999998
184.8,0.9999999999999998
184.85000000000002,0.9999999999999998
184.9,0.9999999999999998
184.95000000000002,0.9999999999999998
185.0,0.9999999999999998
185.05,0.9999999999999998
185.10000000000002,0.9999999999999998
185.15,0.9999999999999998
185.20000000000002,0.9999999999999998
185.25,0.9999999999999998
185.3,0.9999999999999998
185.35000000000002,0.9999999999999998
185.4,0.9999999999999998
185.45000000000002,0.9999999999999998
185.5,0.9999999999999998
185.55,0.9999999999999998
185.60000000000002,0.9999999999999998
185.65,0.9999999999999998
185.70000000000002,0.9999999999999998
185.75,0.9999999999999998
185.8,0.9999999999999998
185.85000000000002,0.9999999999999998
185.9,0.9999999999999998
185.95000000000002,0.9999999999999998
186.0,0.9999999999999998
186.05,0.9999999999999998
186.10000000000002,0.9999999999999998
186.15,0.9999999999999998
186.20000000000002,0.9999999999999998
186.25,0.9999999999999998
186.3,0.9999999999999998
186.35000000000002,0.9999999999999998
186.4,0.9999999999999998
186.45000000000002,0.9999999999999998
186.5,0.9999999999999998
186.55,0.9999999999999998
186.60000000000002,0.9999999999999998
186.65,0.9999999999999998
186.70000000000002,0.9999999999999998
186.75,0.9999999999999998
186.8,0.9999999999999998
186.85000000000002,0.9999999999999998
186.9,0.9999999999999998
186.95000000000002,0.9999999999999998
187.0,0.9999999999999998
187.05,0.9999999999999998
187.10000000000002,0.9999999999999998
187.15,0.9999999999999998
187.20000000000002,0.9999999999999998
187.25,0.9999999999999998
187.3,0.9999999999999998
187.35000000000002,0.9999999999999998
187.4,0.9999999999999998
187.45000000000002,0.9999999999999998
187.5,0.9999999999999998
187.55,0.9999999999999998
187.60000000000002,0.9999999999999998
187.65,0.9999999999999998
187.70000000000002,0.9999999999999998
187.75,0.9999999999999998
187.8,0.9999999999999998
187.85000000000002,0.9999999999999998
187.9,0.9999999999999998
187.95000000000002,0.9999999999999998
188.0,0.9999999999999998
188.05,0.9999999999999998
188.10000000000002,0.9999999999999998
188.15,0.9999999999999998
188.20000000000002,0.9999999999999998
188.25,0.9999999999999998
188.3,0.9999999999999998
188.35000000000002,0.9999999999999998
188.4,0.9999999999999998
188.45000000000002,0.9999999999999998
188.5,0.9999999999999998
188.55,0.9999999999999998
188.60000000000002,0.9999999999999998
188.65,0.9999999999999998
188.70000000000002,0.9999999999999998
188.75,0.9999999999999998
188.8,0.9999999999999998
188.85000000000002,0.9999999999999998
188.9,0.9999999999999998
188.95000000000002,0.9999999999999998
189.0,0.9999999999999998
189.05,0.9999999999999998
189.10000000000002,0.9999999999999998
189.15,0.9999999999999998
189.20000000000002,0.9999999999999998
189.25,0.9999999999999998
189.3,0.9999999999999998
189.35000000000002,0.9999999999999998
189.4,0.9999999999999998
189.45000000000002,0.9999999999999998
189.5,0.9999999999999998
189.55,0.9999999999999998
189.60000000000002,0.9999999999999998
189.65,0.9999999999999998
189.70000000000002,0.9999999999999998
189.75,0.9999999999999998
189.8,0.9999999999999998
189.85000000000002,0.9999999999999998
189.9,0.9999999999999998
189.95000000000002,0.9999999999999998
190.0,0.9999999999999998
190.05,0.9999999999999998
190.10000000000002,0.9999999999999998
190.15,0.9999999999999998
190.20000000000002,0.9999999999999998
190.25,0.9999999999999998
190.3,0.9999999999999998
190.35000000000002,0.9999999999999998
190.4,0.9999999999999998
190.45000000000002,0.9999999999999998
190.5,0.9999999999999998
190.55,0.9999999999999998
190.60000000000002,0.9999999999999998
190.65,0.9999999999999998
190.70000000000002,0.9999999999999998
190.75,0.9999999999999998
190.8,0.9999999999999998
190.85000000000002,0.9999999999999998
190.9,0.9999999999999998
190.95000000000002,0.9999999999999998
191.0,0.9999999999999998
191.05,0.9999999999999998
191.10000000000002,0.9999999999999998
191.15,0.9999999999999998
191.20000000000002,0.9999999999999998
191.25,0.9999999999999998
191.3,0.9999999999999998
191.35000000000002,0.9999999999999998
191.4,0.9999999999999998
191.45000000000002,0.9999999999999998
191.5,0.9999999999999998
191.55,0.9999999999999998
191.60000000000002,0.9999999999999998
191.65,0.9999999999999998
191.70000000000002,0.9999999999999998
191.75,0.9999999999999998
191.8,0.9999999999999998
191.85000000000002,0.9999999999999998
191.9,0.9999999999999998
191.95000000000002,0.9999999999999998
192.0,0.9999999999999998
192.05,0.9999999999999998
192.10000000000002,0.9999999999999998
192.15,0.9999999999999998
192.20000000000002,0.9999999999999998
192.25,0.9999999999999998
192.3,0.9999999999999998
192.35000000000002,0.9999999999999998
192.4,0.9999999999999998
192.45000000000002,0.9999999999999998
192.5,0.9999999999999998
192.55,0.9999999999999998
192.60000000000002,0.9999999999999998
192.65,0.9999999999999998
192.70000000000002,0.9999999999999998
192.75,0.9999999999999998
192.8,0.9999999999999998
192.85000000000002,0.9999999999999998
192.9,0.9999999999999998
192.95000000000002,0.9999999999999998
193.0,0.9999999999999998
193.05,0.9999999999999998
193.10000000000002,0.9999999999999998
193.15,0.9999999999999998
193.20000000000002,0.9999999999999998
193.25,0.9999999999999998
193.3,0.9999999999999998
193.35000000000002,0.9999999999999998
193.4,0.9999999999999998
193.45000000000002,0.9999999999999998
193.5,0.9999999999999998
193.55,0.9999999999999998
193.60000000000002,0.9999999999999998
193.65,0.9999999999999998
193.70000000000002,0.9999999999999998
193.75,0.9999999999999998
193.8,0.9999999999999998
193.85000000000002,0.9999999999999998
193.9,0.9999999999999998
193.95000000000002,0.9999999999999998
194.0,0.9999999999999998
194.05,0.9999999999999998
194.10000000000002,0.9999999999999998
194.15,0.9999999999999998
194.20000000000002,0.9999999999999998
194.25,0.9999999999999998
194.3,0.9999999999999998
194.35000000000002,0.9999999999999998
194.4,0.9999999999999998
194.45000000000002,0.9999999999999998
194.5,0.9999999999999998
194.55,0.9999999999999998
194.60000000000002,0.9999999999999998
194.65,0.9999999999999998
194.70000000000002,0.9999999999999998
194.75,0.9999999999999998
194.8,0.9999999999999998
194.85000000000002,0.9999999999999998
194.9,0.9999999999999998
194.95000000000002,0.9999999999999998
195.0,0.9999999999999998
195.05,0.9999999999999998
195.10000000000002,0.9999999999999998
195.15,0.9999999999999998
195.20000000000002,0.9999999999999998
195.25,0.9999999999999998
195.3,0.9999999999999998
195.35000000000002,0.9999999999999998
195.4,0.9999999999999998
195.45000000000002,0.9999999999999998
195.5,0.9999999999999998
195.55,0.9999999999999998
195.60000000000002,0.9999999999999998
195.65,0.9999999999999998
195.70000000000002,0.9999999999999998
195.75,0.9999999999999998
195.8,0.9999999999999998
195.85000000000002,0.9999999999999998
195.9,0.9999999999999998
195.95000000000002,0.9999999999999998
196.0,0.9999999999999998
196.05,0.9999999999999998
196.10000000000002,0.9999999999999998
196.15,0.9999999999999998
196.20000000000002,0.9999999999999998
196.25,0.9999999999999998
196.3,0.9999999999999998
196.35000000000002,0.9999999999999998
196.4,0.9999999999999998
196.45000000000002,0.9999999999999998
196.5,0.9999999999999998
196.55,0.9999999999999998
196.60000000000002,0.9999999999999998
196.65,0.9999999999999998
196.70000000000002,0.9999999999999998
196.75,0.9999999999999998
196.8,0.9999999999999998
196.85000000000002,0.9999999999999998
196.9,0.9999999999999998
196.95000000000002,0.9999999999999998
197.0,0.9999999999999998
197.05,0.9999999999999998
197.10000000000002,0.9999999999999998
197.15,0.9999999999999998
197.20000000000002,0.9999999999999998
197.25,0.9999999999999998
197.3,0.9999999999999998
197.35000000000002,0.9999999999999998
197.4,0.9999999999999998
197.45000000000002,0.9999999999999998
197.5,0.9999999999999998
197.55,0.9999999999999998
197.60000000000002,0.9999999999999998
197.65,0.9999999999999998
197.70000000000002,0.9999999999999998
197.75,0.9999999999999998
197.8,0.9999999999999998
197.85000000000002,0.9999999999999998
197.9,0.9999999999999998
197.95000000000002,0.9999999999999998
198.0,0.9999999999999998
198.05,0.9999999999999998
198.10000000000002,0.9999999999999998
198.15,0.9999999999999998
198.20000000000002,0.9999999999999998
198.25,0.9999999999999998
198.3,0.9999999999999998
198.35000000000002,0.9999999999999998
198.4,0.9999999999999998
198.45000000000002,0.9999999999999998
198.5,0.9999999999999998
198.55,0.9999999999999998
198.60000000000002,0.9999999999999998
198.65,0.9999999999999998
198.70000000000002,0.9999999999999998
198.75,0.9999999999999998
198.8,0.9999999999999998
198.85000000000002,0.9999999999999998
198.9,0.9999999999999998
198.95000000000002,0.9999999999999998
199.0,0.9999999999999998
199.05,0.9999999999999998
199.10000000000002,0.9999999999999998
199.15,0.9999999999999998
199.20000000000002,0.9999999999999998
199.25,0.9999999999999998
199.3,0.9999999999999998
199.35000000000002,0.9999999999999998
199.4,0.9999999999999998
199.45000000000002,0.9999999999999998
199.5,0.9999999999999998
199.55,0.9999999999999998
199.60000000000002,0.9999999999999998
199.65,0.9999999999999998
199.70000000000002,0.9999999999999998
199.75,0.9999999999999998
199.8,0.9999999999999998
199.85000000000002,0.9999999999999998
199.9,0.9999999999999998
199.95000000000002,0.9999999999999998
200.0,0.9999999999999998
200.05,0.9999999999999998
200.10000000000002,0.9999999999999998
200.15,0.9999999999999998
200.20000000000002,0.9999999999999998
200.25,0.9999999999999998
200.3,0.9999999999999998
200.35000000000002,0.9999999999999998
200.4,0.9999999999999998
200.45000000000002,0.9999999999999998
200.5,0.9999999999999998
200.55,0.9999999999999998
200.60000000000002,0.9999999999999998
200.65,0.9999999999999998
200.70000000000002,0.9999999999999998
200.75,0.9999999999999998
200.8,0.9999999999999998
200.85000000000002,0.9999999999999998
200.9,0.9999999999999998
200.95000000000002,0.9999999999999998
201.0,0.9999999999999998
201.05,0.9999999999999998
201.10000000000002,0.9999999999999998
201.15,0.9999999999999998
201.20000000000002,0.9999999999999998
201.25,0.9999999999999998
201.3,0.9999999999999998
201.35000000000002,0.9999999999999998
201.4,0.9999999999999998
201.45000000000002,0.9999999999999998
201.5,0.9999999999999998
201.55,0.9999999999999998
201.60000000000002,0.9999999999999998
201.65,0.9999999999999998
201.70000000000002,0.9999999999999998
201.75,0.9999999999999998
201.8,0.9999999999999998
201.85000000000002,0.9999999999999998
201.9,0.9999999999999998
201.95000000000002,0.9999999999999998
202.0,0.9999999999999998
202.05,0.9999999999999998
202.10000000000002,0.9999999999999998
202.15,0.9999999999999998
202.20000000000002,0.9999999999999998
202.25,0.9999999999999998
202.3,0.9999999999999998
202.35000000000002,0.9999999999999998
202.4,0.9999999999999998
202.45000000000002,0.9999999999999998
202.5,0.9999999999999998
202.55,0.9999999999999998
202.60000000000002,0.9999999999999998
202.65,0.9999999999999998
202.70000000000002,0.9999999999999998
202.75,0.9999999999999998
202.8,0.9999999999999998
202.85000000000002,0.9999999999999998
202.9,0.9999999999999998
202.95000000000002,0.9999999999999998
203.0,0.9999999999999998
203.05,0.9999999999999998
203.10000000000002,0.9999999999999998
203.15,0.9999999999999998
203.20000000000002,0.9999999999999998
203.25,0.9999999999999998
203.3,0.9999999999999998
203.35000000000002,0.9999999999999998
203.4,0.9999999999999998
203.45000000000002,0.9999999999999998
203.5,0.9999999999999998
203.55,0.9999999999999998
203.60000000000002,0.9999999999999998
203.65,0.9999999999999998
203.70000000000002,0.9999999999999998
203.75,0.9999999999999998
203.8,0.9999999999999998
203.85000000000002,0.9999999999999998
203.9,0.9999999999999998
203.95000000000002,0.9999999999999998
204.0,0.9999999999999998
204.05,0.9999999999999998
204.10000000000002,0.9999999999999998
204.15,0.9999999999999998
204.20000000000002,0.9999999999999998
204.25,0.9999999999999998
204.3,0.9999999999999998
204.35000000000002,0.9999999999999998
204.4,0.9999999999999998
204.45000000000002,0.9999999999999998
204.5,0.9999999999999998
204.55,0.9999999999999998
204.60000000000002,0.9999999999999998
204.65,0.9999999999999998
204.70000000000002,0.9999999999999998
204.75,0.9999999999999998
204.8,0.9999999999999998
204.85000000000002,0.9999999999999998
204.9,0.9999999999999998
204.95000000000002,0.9999999999999998
205.0,0.9999999999999998
205.05,0.9999999999999998
205.10000000000002,0.9999999999999998
205.15,0.9999999999999998
205.20000000000002,0.9999999999999998
205.25,0.9999999999999998
205.3,0.9999999999999998
205.35000000000002,0.9999999999999998
205.4,0.9999999999999998
205.45000000000002,0.9999999999999998
205.5,0.9999999999999998
205.55,0.9999999999999998
205.60000000000002,0.9999999999999998
205.65,0.9999999999999998
205.70000000000002,0.9999999999999998
205.75,0.9999999999999998
205.8,0.9999999999999998
205.85000000000002,0.9999999999999998
205.9,0.9999999999999998
205.95000000000002,0.9999999999999998
206.0,0.9999999999999998
206.05,0.9999999999999998
206.10000000000002,0.9999999999999998
206.15,0.9999999999999998
206.20000000000002,0.9999999999999998
206.25,0.9999999999999998
206.3,0.9999999999999998
206.35000000000002,0.9999999999999998
206.4,0.9999999999999998
206.45000000000002,0.9999999999999998
206.5,0.9999999999999998
206.55,0.9999999999999998
206.60000000000002,0.9999999999999998
206.65,0.9999999999999998
206.70000000000002,0.9999999999999998
206.75,0.9999999999999998
206.8,0.9999999999999998
206.85000000000002,0.9999999999999998
206.9,0.9999999999999998
206.95000000000002,0.9999999999999998
207.0,0.9999999999999998
207.05,0.9999999999999998
207.10000000000002,0.9999999999999998
207.15,0.9999999999999998
207.20000000000002,0.9999999999999998
207.25,0.9999999999999998
207.3,0.9999999999999998
207.35000000000002,0.9999999999999998
207.4,0.9999999999999998
207.45000000000002,0.9999999999999998
207.5,0.9999999999999998
207.55,0.9999999999999998
207.60000000000002,0.9999999999999998
207.65,0.9999999999999998
207.70000000000002,0.9999999999999998
207.75,0.9999999999999998
207.8,0.9999999999999998
207.85000000000002,0.9999999999999998
207.9,0.9999999999999998
207.95000000000002,0.9999999999999998
208.0,0.9999999999999998
208.05,0.9999999999999998
208.10000000000002,0.9999999999999998
208.15,0.9999999999999998
208.20000000000002,0.9999999999999998
208.25,0.9999999999999998
208.3,0.9999999999999998
208.35000000000002,0.9999999999999998
208.4,0.9999999999999998
208.45000000000002,0.9999999999999998
208.5,0.9999999999999998
208.55,0.9999999999999998
208.60000000000002,0.9999999999999998
208.65,0.9999999999999998
208.70000000000002,0.9999999999999998
208.75,0.9999999999999998
208.8,0.9999999999999998
208.85000000000002,0.9999999999999998
208.9,0.9999999999999998
208.95000000000002,0.9999999999999998
209.0,0.9999999999999998
209.05,0.9999999999999998
209.10000000000002,0.9999999999999998
209.15,0.9999999999999998
209.20000000000002,0.9999999999999998
209.25,0.9999999999999998
209.3,0.9999999999999998
209.35000000000002,0.9999999999999998
209.4,0.9999999999999998
209.45000000000002,0.9999999999999998
209.5,0.9999999999999998
209.55,0.9999999999999998
209.60000000000002,0.9999999999999998
209.65,0.9999999999999998
209.70000000000002,0.9999999999999998
209.75,0.9999999999999998
209.8,0.9999999999999998
209.85000000000002,0.9999999999999998
209.9,0.9999999999999998
209.95000000000002,0.9999999999999998
210.0,0.9999999999999998
210.05,0.9999999999999998
210.10000000000002,0.9999999999999998
210.15,0.9999999999999998
210.20000000000002,0.9999999999999998
210.25,0.9999999999999998
210.3,0.9999999999999998
210.35000000000002,0.9999999999999998
210.4,0.9999999999999998
210.45000000000002,0.9999999999999998
210.5,0.9999999999999998
210.55,0.9999999999999998
210.60000000000002,0.9999999999999998
210.65,0.9999999999999998
210.70000000000002,0.9999999999999998
210.75,0.9999999999999998
210.8,0.9999999999999998
210.85000000000002,0.9999999999999998
210.9,0.9999999999999998
210.95000000000002,0.9999999999999998
211.0,0.9999999999999998
211.05,0.9999999999999998
211.10000000000002,0.9999999999999998
211.15,0.9999999999999998
211.20000000000002,0.9999999999999998
211.25,0.9999999999999998
211.3,0.9999999999999998
211.35000000000002,0.9999999999999998
211.4,0.9999999999999998
211.45000000000002,0.9999999999999998
211.5,0.9999999999999998
211.55,0.9999999999999998
211.60000000000002,0.9999999999999998
211.65,0.9999999999999998
211.70000000000002,0.9999999999999998
211.75,0.9999999999999998
211.8,0.9999999999999998
211.85000000000002,0.9999999999999998
211.9,0.9999999999999998
211.95000000000002,0.9999999999999998
212.0,0.9999999999999998
212.05,0.9999999999999998
212.10000000000002,0.9999999999999998
212.15,0.9999999999999998
212.20000000000002,0.9999999999999998
212.25,0.9999999999999998
212.3,0.9999999999999998
212.35000000000002,0.9999999999999998
212.4,0.9999999999999998
212.45000000000002,0.9999999999999998
212.5,0.9999999999999998
212.55,0.9999999999999998
212.60000000000002,0.9999999999999998
212.65,0.9999999999999998
212.70000000000002,0.9999999999999998
212.75,0.9999999999999998
212.8,0.9999999999999998
212.85000000000002,0.9999999999999998
212.9,0.9999999999999998
212.95000000000002,0.9999999999999998
213.0,0.9999999999999998
213.05,0.9999999999999998
213.10000000000002,0.9999999999999998
213.15,0.9999999999999998
213.20000000000002,0.9999999999999998
213.25,0.9999999999999998
213.3,0.9999999999999998
213.35000000000002,0.9999999999999998
213.4,0.9999999999999998
213.45000000000002,0.9999999999999998
213.5,0.9999999999999998
213.55,0.9999999999999998
213.60000000000002,0.9999999999999998
213.65,0.9999999999999998
213.70000000000002,0.9999999999999998
213.75,0.9999999999999998
213.8,0.9999999999999998
213.85000000000002,0.9999999999999998
213.9,0.9999999999999998
213.95000000000002,0.9999999999999998
214.0,0.9999999999999998
214.05,0.9999999999999998
214.10000000000002,0.9999999999999998
214.15,0.9999999999999998
214.20000000000002,0.9999999999999998
214.25,0.9999999999999998
214.3,0.9999999999999998
214.35000000000002,0.9999999999999998
214.4,0.9999999999999998
214.45000000000002,0.9999999999999998
214.5,0.9999999999999998
214.55,0.9999999999999998
214.60000000000002,0.9999999999999998
214.65,0.9999999999999998
214.70000000000002,0.9999999999999998
214.75,0.9999999999999998
214.8,0.9999999999999998
214.85000000000002,0.9999999999999998
214.9,0.9999999999999998
214.95000000000002,0.9999999999999998
215.0,0.9999999999999998
215.05,0.9999999999999998
215.10000000000002,0.9999999999999998
215.15,0.9999999999999998
215.20000000000002,0.9999999999999998
215.25,0.9999999999999998
215.3,0.9999999999999998
215.35000000000002,0.9999999999999998
215.4,0.9999999999999998
215.45000000000002,0.9999999999999998
215.5,0.9999999999999998
215.55,0.9999999999999998
215.60000000000002,0.9999999999999998
215.65,0.9999999999999998
215.70000000000002,0.9999999999999998
215.75,0.9999999999999998
215.8,0.9999999999999998
215.85000000000002,0.9999999999999998
215.9,0.9999999999999998
215.95000000000002,0.9999999999999998
216.0,0.9999999999999998
216.05,0.9999999999999998
216.10000000000002,0.9999999999999998
216.15,0.9999999999999998
216.20000000000002,0.9999999999999998
216.25,0.9999999999999998
216.3,0.9999999999999998
216.35000000000002,0.9999999999999998
216.4,0.9999999999999998
216.45000000000002,0.9999999999999998
216.5,0.9999999999999998
216.55,0.9999999999999998
216.60000000000002,0.9999999999999998
216.65,0.9999999999999998
216.70000000000002,0.9999999999999998
216.75,0.9999999999999998
216.8,0.9999999999999998
216.85000000000002,0.9999999999999998
216.9,0.9999999999999998
216.95000000000002,0.9999999999999998
217.0,0.9999999999999998
217.05,0.9999999999999998
217.10000000000002,0.9999999999999998
217.15,0.9999999999999998
217.20000000000002,0.9999999999999998
217.25,0.9999999999999998
217.3,0.9999999999999998
217.35000000000002,0.9999999999999998
217.4,0.9999999999999998
217.45000000000002,0.9999999999999998
217.5,0.9999999999999998
217.55,0.9999999999999998
217.60000000000002,0.9999999999999998
217.65,0.9999999999999998
217.70000000000002,0.9999999999999998
217.75,0.9999999999999998
217.8,0.9999999999999998
217.85000000000002,0.9999999999999998
217.9,0.9999999999999998
217.95000000000002,0.9999999999999998
218.0,0.9999999999999998
218.05,0.9999999999999998
218.10000000000002,0.9999999999999998
218.15,0.9999999999999998
218.20000000000002,0.9999999999999998
218.25,0.9999999999999998
218.3,0.9999999999999998
218.35000000000002,0.9999999999999998
218.4,0.9999999999999998
218.45000000000002,0.9999999999999998
218.5,0.9999999999999998
218.55,0.9999999999999998
218.60000000000002,0.9999999999999998
218.65,0.9999999999999998
218.70000000000002,0.9999999999999998
218.75,0.9999999999999998
218.8,0.9999999999999998
218.85000000000002,0.9999999999999998
218.9,0.9999999999999998
218.95000000000002,0.9999999999999998
219.0,0.9999999999999998
219.05,0.9999999999999998
219.10000000000002,0.9999999999999998
219.15,0.9999999999999998
219.20000000000002,0.9999999999999998
219.25,0.9999999999999998
219.3,0.9999999999999998
219.35000000000002,0.9999999999999998
219.4,0.9999999999999998
219.45000000000002,0.9999999999999998
219.5,0.9999999999999998
219.55,0.9999999999999998
219.60000000000002,0.9999999999999998
219.65,0.9999999999999998
219.70000000000002,0.9999999999999998
219.75,0.9999999999999998
219.8,0.9999999999999998
219.85000000000002,0.9999999999999998
219.9,0.9999999999999998
219.95000000000002,0.9999999999999998
220.0,0.9999999999999998
220.05,0.9999999999999998
220.10000000000002,0.9999999999999998
220.15,0.9999999999999998
220.20000000000002,0.9999999999999998
220.25,0.9999999999999998
220.3,0.9999999999999998
220.35000000000002,0.9999999999999998
220.4,0.9999999999999998
220.45000000000002,0.9999999999999998
220.5,0.9999999999999998
220.55,0.9999999999999998
220.60000000000002,0.9999999999999998
220.65,0.9999999999999998
220.70000000000002,0.9999999999999998
220.75,0.9999999999999998
220.8,0.9999999999999998
220.85000000000002,0.9999999999999998
220.9,0.9999999999999998
220.95000000000002,0.9999999999999998
221.0,0.9999999999999998
221.05,0.9999999999999998
221.10000000000002,0.9999999999999998
221.15,0.9999999999999998
221.20000000000002,0.9999999999999998
221.25,0.9999999999999998
221.3,0.9999999999999998
221.35000000000002,0.9999999999999998
221.4,0.9999999999999998
221.45000000000002,0.9999999999999998
221.5,0.9999999999999998
221.55,0.9999999999999998
221.60000000000002,0.9999999999999998
221.65,0.9999999999999998
221.70000000000002,0.9999999999999998
221.75,0.9999999999999998
221.8,0.9999999999999998
221.85000000000002,0.9999999999999998
221.9,0.9999999999999998
221.95000000000002,0.9999999999999998
222.0,0.9999999999999998
222.05,0.9999999999999998
222.10000000000002,0.9999999999999998
222.15,0.9999999999999998
222.20000000000002,0.9999999999999998
222.25,0.9999999999999998
222.3,0.9999999999999998
222.35000000000002,0.9999999999999998
222.4,0.9999999999999998
222.45000000000002,0.9999999999999998
222.5,0.9999999999999998
222.55,0.9999999999999998
222.60000000000002,0.9999999999999998
222.65,0.9999999999999998
222.70000000000002,0.9999999999999998
222.75,0.9999999999999998
222.8,0.9999999999999998
222.85000000000002,0.9999999999999998
222.9,0.9999999999999998
222.95000000000002,0.9999999999999998
223.0,0.9999999999999998
223.05,0.9999999999999998
223.10000000000002,0.9999999999999998
223.15,0.9999999999999998
223.20000000000002,0.9999999999999998
223.25,0.9999999999999998
223.3,0.9999999999999998
223.35000000000002,0.9999999999999998
223.4,0.9999999999999998
223.45000000000002,0.9999999999999998
223.5,0.9999999999999998
223.55,0.9999999999999998
223.60000000000002,0.9999999999999998
223.65,0.9999999999999998
223.70000000000002,0.9999999999999998
223.75,0.9999999999999998
223.8,0.9999999999999998
223.85000000000002,0.9999999999999998
223.9,0.9999999999999998
223.95000000000002,0.9999999999999998
224.0,0.9999999999999998
224.05,0.9999999999999998
224.10000000000002,0.9999999999999998
224.15,0.9999999999999998
224.20000000000002,0.9999999999999998
224.25,0.9999999999999998
224.3,0.9999999999999998
224.35000000000002,0.9999999999999998
224.4,0.9999999999999998
224.45000000000002,0.9999999999999998
224.5,0.9999999999999998
224.55,0.9999999999999998
224.60000000000002,0.9999999999999998
224.65,0.9999999999999998
224.70000000000002,0.9999999999999998
224.75,0.9999999999999998
224.8,0.9999999999999998
224.85000000000002,0.9999999999999998
224.9,0.9999999999999998
224.95000000000002,0.9999999999999998
225.0,0.9999999999999998
225.05,0.9999999999999998
225.10000000000002,0.9999999999999998
225.15,0.9999999999999998
225.20000000000002,0.9999999999999998
225.25,0.9999999999999998
225.3,0.9999999999999998
225.35000000000002,0.9999999999999998
225.4,0.9999999999999998
225.45000000000002,0.9999999999999998
225.5,0.9999999999999998
225.55,0.9999999999999998
225.60000000000002,0.9999999999999998
225.65,0.9999999999999998
225.70000000000002,0.9999999999999998
225.75,0.9999999999999998
225.8,0.9999999999999998
225.85000000000002,0.9999999999999998
225.9,0.9999999999999998
225.95000000000002,0.9999999999999998
226.0,0.9999999999999998
226.05,0.9999999999999998
226.10000000000002,0.9999999999999998
226.15,0.9999999999999998
226.20000000000002,0.9999999999999998
226.25,0.9999999999999998
226.3,0.9999999999999998
226.35000000000002,0.9999999999999998
226.4,0.9999999999999998
226.45000000000002,0.9999999999999998
226.5,0.9999999999999998
226.55,0.9999999999999998
226.60000000000002,0.9999999999999998
226.65,0.9999999999999998
226.70000000000002,0.9999999999999998
226.75,0.9999999999999998
226.8,0.9999999999999998
226.85000000000002,0.9999999999999998
226.9,0.9999999999999998
226.95000000000002,0.9999999999999998
227.0,0.9999999999999998
227.05,0.9999999999999998
227.10000000000002,0.9999999999999998
227.15,0.9999999999999998
227.20000000000002,0.9999999999999998
227.25,0.9999999999999998
227.3,0.9999999999999998
227.35000000000002,0.9999999999999998
227.4,0.9999999999999998
227.45000000000002,0.9999999999999998
227.5,0.9999999999999998
227.55,0.9999999999999998
227.60000000000002,0.9999999999999998
227.65,0.9999999999999998
227.70000000000002,0.9999999999999998
227.75,0.9999999999999998
227.8,0.9999999999999998
227.85000000000002,0.9999999999999998
227.9,0.9999999999999998
227.95000000000002,0.9999999999999998
228.0,0.9999999999999998
228.05,0.9999999999999998
228.10000000000002,0.9999999999999998
228.15,0.9999999999999998
228.20000000000002,0.9999999999999998
228.25,0.9999999999999998
228.3,0.9999999999999998
228.35000000000002,0.9999999999999998
228.4,0.9999999999999998
228.45000000000002,0.9999999999999998
228.5,0.9999999999999998
228.55,0.9999999999999998
228.60000000000002,0.9999999999999998
228.65,0.9999999999999998
228.70000000000002,0.9999999999999998
228.75,0.9999999999999998
228.8,0.9999999999999998
228.85000000000002,0.9999999999999998
228.9,0.9999999999999998
228.95000000000002,0.9999999999999998
229.0,0.9999999999999998
229.05,0.9999999999999998
229.10000000000002,0.9999999999999998
229.15,0.9999999999999998
229.20000000000002,0.9999999999999998
229.25,0.9999999999999998
229.3,0.9999999999999998
229.35000000000002,0.9999999999999998
229.4,0.9999999999999998
229.45000000000002,0.9999999999999998
229.5,0.9999999999999998
229.55,0.9999999999999998
229.60000000000002,0.9999999999999998
229.65,0.9999999999999998
229.70000000000002,0.9999999999999998
229.75,0.9999999999999998
229.8,0.9999999999999998
229.85000000000002,0.9999999999999998
229.9,0.9999999999999998
229.95000000000002,0.9999999999999998
230.0,0.9999999999999998
230.05,0.9999999999999998
230.10000000000002,0.9999999999999998
230.15,0.9999999999999998
230.20000000000002,0.9999999999999998
230.25,0.9999999999999998
230.3,0.9999999999999998
230.35000000000002,0.9999999999999998
230.4,0.9999999999999998
230.45000000000002,0.9999999999999998
230.5,0.9999999999999998
230.55,0.9999999999999998
230.60000000000002,0.9999999999999998
230.65,0.9999999999999998
230.70000000000002,0.9999999999999998
230.75,0.9999999999999998
230.8,0.9999999999999998
230.85000000000002,0.9999999999999998
230.9,0.9999999999999998
230.95000000000002,0.9999999999999998
231.0,0.9999999999999998
231.05,0.9999999999999998
231.10000000000002,0.9999999999999998
231.15,0.9999999999999998
231.20000000000002,0.9999999999999998
231.25,0.9999999999999998
231.3,0.9999999999999998
231.35000000000002,0.9999999999999998
231.4,0.9999999999999998
231.45000000000002,0.9999999999999998
231.5,0.9999999999999998
231.55,0.9999999999999998
231.60000000000002,0.9999999999999998
231.65,0.9999999999999998
231.70000000000002,0.9999999999999998
231.75,0.9999999999999998
231.8,0.9999999999999998
231.85000000000002,0.9999999999999998
231.9,0.9999999999999998
231.95000000000002,0.9999999999999998
232.0,0.9999999999999998
232.05,0.9999999999999998
232.10000000000002,0.9999999999999998
232.15,0.9999999999999998
232.20000000000002,0.9999999999999998
232.25,0.9999999999999998
232.3,0.9999999999999998
232.35000000000002,0.9999999999999998
232.4,0.9999999999999998
232.45000000000002,0.9999999999999998
232.5,0.9999999999999998
232.55,0.9999999999999998
232.60000000000002,0.9999999999999998
232.65,0.9999999999999998
232.70000000000002,0.9999999999999998
232.75,0.9999999999999998
232.8,0.9999999999999998
232.85000000000002,0.9999999999999998
232.9,0.9999999999999998
232.95000000000002,0.9999999999999998
233.0,0.9999999999999998
233.05,0.9999999999999998
233.10000000000002,0.9999999999999998
233.15,0.9999999999999998
233.20000000000002,0.9999999999999998
233.25,0.9999999999999998
233.3,0.9999999999999998
233.35000000000002,0.9999999999999998
233.4,0.9999999999999998
233.45000000000002,0.9999999999999998
233.5,0.9999999999999998
233.55,0.9999999999999998
233.60000000000002,0.9999999999999998
233.65,0.9999999999999998
233.70000000000002,0.9999999999999998
233.75,0.9999999999999998
233.8,0.9999999999999998
233.85000000000002,0.9999999999999998
233.9,0.9999999999999998
233.95000000000002,0.9999999999999998
234.0,0.9999999999999998
234.05,0.9999999999999998
234.10000000000002,0.9999999999999998
234.15,0.9999999999999998
234.20000000000002,0.9999999999999998
234.25,0.9999999999999998
234.3,0.9999999999999998
234.35000000000002,0.9999999999999998
234.4,0.9999999999999998
234.45000000000002,0.9999999999999998
234.5,0.9999999999999998
234.55,0.9999999999999998
234.60000000000002,0.9999999999999998
234.65,0.9999999999999998
234.70000000000002,0.9999999999999998
234.75,0.9999999999999998
234.8,0.9999999999999998
234.85000000000002,0.9999999999999998
234.9,0.9999999999999998
234.95000000000002,0.9999999999999998
235.0,0.9999999999999998
235.05,0.9999999999999998
235.10000000000002,0.9999999999999998
235.15,0.9999999999999998
235.20000000000002,0.9999999999999998
235.25,0.9999999999999998
235.3,0.9999999999999998
235.35000000000002,0.9999999999999998
235.4,0.9999999999999998
235.45000000000002,0.9999999999999998
235.5,0.9999999999999998
235.55,0.9999999999999998
235.60000000000002,0.9999999999999998
235.65,0.9999999999999998
235.70000000000002,0.9999999999999998
235.75,0.9999999999999998
235.8,0.9999999999999998
235.85000000000002,0.9999999999999998
235.9,0.9999999999999998
235.95000000000002,0.9999999999999998
236.0,0.9999999999999998
236.05,0.9999999999999998
236.10000000000002,0.9999999999999998
236.15,0.9999999999999998
236.20000000000002,0.9999999999999998
236.25,0.9999999999999998
236.3,0.9999999999999998
236.35000000000002,0.9999999999999998
236.4,0.9999999999999998
236.45000000000002,0.9999999999999998
236.5,0.9999999999999998
236.55,0.9999999999999998
236.60000000000002,0.9999999999999998
236.65,0.9999999999999998
236.70000000000002,0.9999999999999998
236.75,0.9999999999999998
236.8,0.9999999999999998
236.85000000000002,0.9999999999999998
236.9,0.9999999999999998
236.95000000000002,0.9999999999999998
237.0,0.9999999999999998
237.05,0.9999999999999998
237.10000000000002,0.9999999999999998
237.15,0.9999999999999998
237.20000000000002,0.9999999999999998
237.25,0.9999999999999998
237.3,0.9999999999999998
237.35000000000002,0.9999999999999998
237.4,0.9999999999999998
237.45000000000002,0.9999999999999998
237.5,0.9999999999999998
237.55,0.9999999999999998
237.60000000000002,0.9999999999999998
237.65,0.9999999999999998
237.70000000000002,0.9999999999999998
237.75,0.9999999999999998
237.8,0.9999999999999998
237.85000000000002,0.9999999999999998
237.9,0.9999999999999998
237.95000000000002,0.9999999999999998
238.0,0.9999999999999998
238.05,0.9999999999999998
238.10000000000002,0.9999999999999998
238.15,0.9999999999999998
238.20000000000002,0.9999999999999998
238.25,0.9999999999999998
238.3,0.9999999999999998
238.35000000000002,0.9999999999999998
238.4,0.9999999999999998
238.45000000000002,0.9999999999999998
238.5,0.9999999999999998
238.55,0.9999999999999998
238.60000000000002,0.9999999999999998
238.65,0.9999999999999998
238.70000000000002,0.9999999999999998
238.75,0.9999999999999998
238.8,0.9999999999999998
238.85000000000002,0.9999999999999998
238.9,0.9999999999999998
238.95000000000002,0.9999999999999998
239.0,0.9999999999999998
239.05,0.9999999999999998
239.10000000000002,0.9999999999999998
239.15,0.9999999999999998
239.20000000000002,0.9999999999999998
239.25,0.9999999999999998
239.3,0.9999999999999998
239.35000000000002,0.9999999999999998
239.4,0.9999999999999998
239.45000000000002,0.9999999999999998
239.5,0.9999999999999998
239.55,0.9999999999999998
239.60000000000002,0.9999999999999998
239.65,0.9999999999999998
239.70000000000002,0.9999999999999998
239.75,0.9999999999999998
239.8,0.9999999999999998
239.85000000000002,0.9999999999999998
239.9,0.9999999999999998
239.95000000000002,0.9999999999999998
240.0,0.9999999999999998
240.05,0.9999999999999998
240.10000000000002,0.9999999999999998
240.15,0.9999999999999998
240.20000000000002,0.9999999999999998
240.25,0.9999999999999998
240.3,0.9999999999999998
240.35000000000002,0.9999999999999998
240.4,0.9999999999999998
240.45000000000002,0.9999999999999998
240.5,0.9999999999999998
240.55,0.9999999999999998
240.60000000000002,0.9999999999999998
240.65,0.9999999999999998
240.70000000000002,0.9999999999999998
240.75,0.9999999999999998
240.8,0.9999999999999998
240.85000000000002,0.9999999999999998
240.9,0.9999999999999998
240.95000000000002,0.9999999999999998
241.0,0.9999999999999998
241.05,0.9999999999999998
241.10000000000002,0.9999999999999998
241.15,0.9999999999999998
241.20000000000002,0.9999999999999998
241.25,0.9999999999999998
241.3,0.9999999999999998
241.35000000000002,0.9999999999999998
241.4,0.9999999999999998
241.45000000000002,0.9999999999999998
241.5,0.9999999999999998
241.55,0.9999999999999998
241.60000000000002,0.9999999999999998
241.65,0.9999999999999998
241.70000000000002,0.9999999999999998
241.75,0.9999999999999998
241.8,0.9999999999999998
241.85000000000002,0.9999999999999998
241.9,0.9999999999999998
241.95000000000002,0.9999999999999998
242.0,0.9999999999999998
242.05,0.9999999999999998
242.10000000000002,0.9999999999999998
242.15,0.9999999999999998
242.20000000000002,0.9999999999999998
242.25,0.9999999999999998
242.3,0.9999999999999998
242.35000000000002,0.9999999999999998
242.4,0.9999999999999998
242.45000000000002,0.9999999999999998
242.5,0.9999999999999998
242.55,0.9999999999999998
242.60000000000002,0.9999999999999998
242.65,0.9999999999999998
242.70000000000002,0.9999999999999998
242.75,0.9999999999999998
242.8,0.9999999999999998
242.85000000000002,0.9999999999999998
242.9,0.9999999999999998
242.95000000000002,0.9999999999999998
243.0,0.9999999999999998
243.05,0.9999999999999998
243.10000000000002,0.9999999999999998
243.15,0.9999999999999998
243.20000000000002,0.9999999999999998
243.25,0.9999999999999998
243.3,0.9999999999999998
243.35000000000002,0.9999999999999998
243.4,0.9999999999999998
243.45000000000002,0.9999999999999998
243.5,0.9999999999999998
243.55,0.9999999999999998
243.60000000000002,0.9999999999999998
243.65,0.9999999999999998
243.70000000000002,0.9999999999999998
243.75,0.9999999999999998
243.8,0.9999999999999998
243.85000000000002,0.9999999999999998
243.9,0.9999999999999998
243.95000000000002,0.9999999999999998
244.0,0.9999999999999998
244.05,0.9999999999999998
244.10000000000002,0.9999999999999998
244.15,0.9999999999999998
244.20000000000002,0.9999999999999998
244.25,0.9999999999999998
244.3,0.9999999999999998
244.35000000000002,0.9999999999999998
244.4,0.9999999999999998
244.45000000000002,0.9999999999999998
244.5,0.9999999999999998
244.55,0.9999999999999998
244.60000000000002,0.9999999999999998
244.65,0.9999999999999998
244.70000000000002,0.9999999999999998
244.75,0.9999999999999998
244.8,0.9999999999999998
244.85000000000002,0.9999999999999998
244.9,0.9999999999999998
244.95000000000002,0.9999999999999998
245.0,0.9999999999999998
245.05,0.9999999999999998
245.10000000000002,0.9999999999999998
245.15,0.9999999999999998
245.20000000000002,0.9999999999999998
245.25,0.9999999999999998
245.3,0.9999999999999998
245.35000000000002,0.9999999999999998
245.4,0.9999999999999998
245.45000000000002,0.9999999999999998
245.5,0.9999999999999998
245.55,0.9999999999999998
245.60000000000002,0.9999999999999998
245.65,0.9999999999999998
245.70000000000002,0.9999999999999998
245.75,0.9999999999999998
245.8,0.9999999999999998
245.85000000000002,0.9999999999999998
245.9,0.9999999999999998
245.95000000000002,0.9999999999999998
246.0,0.9999999999999998
246.05,0.9999999999999998
246.10000000000002,0.9999999999999998
246.15,0.9999999999999998
246.20000000000002,0.9999999999999998
246.25,0.9999999999999998
246.3,0.9999999999999998
246.35000000000002,0.9999999999999998
246.4,0.9999999999999998
246.45000000000002,0.9999999999999998
246.5,0.9999999999999998
246.55,0.9999999999999998
246.60000000000002,0.9999999999999998
246.65,0.9999999999999998
246.70000000000002,0.9999999999999998
246.75,0.9999999999999998
246.8,0.9999999999999998
246.85000000000002,0.9999999999999998
246.9,0.9999999999999998
246.95000000000002,0.9999999999999998
247.0,0.9999999999999998
247.05,0.9999999999999998
247.10000000000002,0.9999999999999998
247.15,0.9999999999999998
247.20000000000002,0.9999999999999998
247.25,0.9999999999999998
247.3,0.9999999999999998
247.35000000000002,0.9999999999999998
247.4,0.9999999999999998
247.45000000000002,0.9999999999999998
247.5,0.9999999999999998
247.55,0.9999999999999998
247.60000000000002,0.9999999999999998
247.65,0.9999999999999998
247.70000000000002,0.9999999999999998
247.75,0.9999999999999998
247.8,0.9999999999999998
247.85000000000002,0.9999999999999998
247.9,0.9999999999999998
247.95000000000002,0.9999999999999998
248.0,0.9999999999999998
248.05,0.9999999999999998
248.10000000000002,0.9999999999999998
248.15,0.9999999999999998
248.20000000000002,0.9999999999999998
248.25,0.9999999999999998
248.3,0.9999999999999998
248.35000000000002,0.9999999999999998
248.4,0.9999999999999998
248.45000000000002,0.9999999999999998
248.5,0.9999999999999998
248.55,0.9999999999999998
248.60000000000002,0.9999999999999998
248.65,0.9999999999999998
248.70000000000002,0.9999999999999998
248.75,0.9999999999999998
248.8,0.9999999999999998
248.85000000000002,0.9999999999999998
248.9,0.9999999999999998
248.95000000000002,0.9999999999999998
249.0,0.9999999999999998
249.05,0.9999999999999998
249.10000000000002,0.9999999999999998
249.15,0.9999999999999998
249.20000000000002,0.9999999999999998
249.25,0.9999999999999998
249.3,0.9999999999999998
249.35000000000002,0.9999999999999998
249.4,0.9999999999999998
249.45000000000002,0.9999999999999998
249.5,0.9999999999999998
249.55,0.9999999999999998
249.60000000000002,0.9999999999999998
249.65,0.9999999999999998
249.70000000000002,0.9999999999999998
249.75,0.9999999999999998
249.8,0.9999999999999998
249.85000000000002,0.9999999999999998
249.9,0.9999999999999998
249.95000000000002,0.9999999999999998
250.0,0.9999999999999998
250.05,0.9999999999999998
250.10000000000002,0.9999999999999998
250.15,0.9999999999999998
250.20000000000002,0.9999999999999998
250.25,0.9999999999999998
250.3,0.9999999999999998
250.35000000000002,0.9999999999999998
250.4,0.9999999999999998
250.45000000000002,0.9999999999999998
250.5,0.9999999999999998
250.55,0.9999999999999998
250.60000000000002,0.9999999999999998
250.65,0.9999999999999998
250.70000000000002,0.9999999999999998
250.75,0.9999999999999998
250.8,0.9999999999999998
250.85000000000002,0.9999999999999998
250.9,0.9999999999999998
250.95000000000002,0.9999999999999998
251.0,0.9999999999999998
251.05,0.9999999999999998
251.10000000000002,0.9999999999999998
251.15,0.9999999999999998
251.20000000000002,0.9999999999999998
251.25,0.9999999999999998
251.3,0.9999999999999998
251.35000000000002,0.9999999999999998
251.4,0.9999999999999998
251.45000000000002,0.9999999999999998
251.5,0.9999999999999998
251.55,0.9999999999999998
251.60000000000002,0.9999999999999998
251.65,0.9999999999999998
251.70000000000002,0.9999999999999998
251.75,0.9999999999999998
251.8,0.9999999999999998
251.85000000000002,0.9999999999999998
251.9,0.9999999999999998
251.95000000000002,0.9999999999999998
252.0,0.9999999999999998
252.05,0.9999999999999998
252.10000000000002,0.9999999999999998
252.15,0.9999999999999998
252.20000000000002,0.9999999999999998
252.25,0.9999999999999998
252.3,0.9999999999999998
252.35000000000002,0.9999999999999998
252.4,0.9999999999999998
252.45000000000002,0.9999999999999998
252.5,0.9999999999999998
252.55,0.9999999999999998
252.60000000000002,0.9999999999999998
252.65,0.9999999999999998
252.70000000000002,0.9999999999999998
252.75,0.9999999999999998
252.8,0.9999999999999998
252.85000000000002,0.9999999999999998
252.9,0.9999999999999998
252.95000000000002,0.9999999999999998
253.0,0.9999999999999998
253.05,0.9999999999999998
253.10000000000002,0.9999999999999998
253.15,0.9999999999999998
253.20000000000002,0.9999999999999998
253.25,0.9999999999999998
253.3,0.9999999999999998
253.35000000000002,0.9999999999999998
253.4,0.9999999999999998
253.45000000000002,0.9999999999999998
253.5,0.9999999999999998
253.55,0.9999999999999998
253.60000000000002,0.9999999999999998
253.65,0.9999999999999998
253.70000000000002,0.9999999999999998
253.75,0.9999999999999998
253.8,0.9999999999999998
253.85000000000002,0.9999999999999998
253.9,0.9999999999999998
253.95000000000002,0.9999999999999998
254.0,0.9999999999999998
254.05,0.9999999999999998
254.10000000000002,0.9999999999999998
254.15,0.9999999999999998
254.20000000000002,0.9999999999999998
254.25,0.9999999999999998
254.3,0.9999999999999998
254.35000000000002,0.9999999999999998
254.4,0.9999999999999998
254.45000000000002,0.9999999999999998
254.5,0.9999999999999998
254.55,0.9999999999999998
254.60000000000002,0.9999999999999998
254.65,0.9999999999999998
254.70000000000002,0.9999999999999998
254.75,0.9999999999999998
254.8,0.9999999999999998
254.85000000000002,0.9999999999999998
254.9,0.9999999999999998
254.95000000000002,0.9999999999999998
255.0,0.9999999999999998
255.05,0.9999999999999998
255.10000000000002,0.9999999999999998
255.15,0.9999999999999998
255.20000000000002,0.9999999999999998
255.25,0.9999999999999998
255.3,0.9999999999999998
255.35000000000002,0.9999999999999998
255.4,0.9999999999999998
255.45000000000002,0.9999999999999998
255.5,0.9999999999999998
255.55,0.9999999999999998
255.60000000000002,0.9999999999999998
255.65,0.9999999999999998
255.70000000000002,0.9999999999999998
255.75,0.9999999999999998
255.8,0.9999999999999998
255.85000000000002,0.9999999999999998
255.9,0.9999999999999998
255.95000000000002,0.9999999999999998
256.0,0.9999999999999998
256.05,0.9999999999999998
256.1,0.9999999999999998
256.15000000000003,0.9999999999999998
256.2,0.9999999999999998
256.25,0.9999999999999998
256.3,0.9999999999999998
256.35,0.9999999999999998
256.40000000000003,0.9999999999999998
256.45,0.9999999999999998
256.5,0.9999999999999998
256.55,0.9999999999999998
256.6,0.9999999999999998
256.65000000000003,0.9999999999999998
256.7,0.9999999999999998
256.75,0.9999999999999998
256.8,0.9999999999999998
256.85,0.9999999999999998
256.90000000000003,0.9999999999999998
256.95,0.9999999999999998
257.0,0.9999999999999998
257.05,0.9999999999999998
257.1,0.9999999999999998
257.15000000000003,0.9999999999999998
257.2,0.9999999999999998
257.25,0.9999999999999998
257.3,0.9999999999999998
257.35,0.9999999999999998
257.40000000000003,0.9999999999999998
257.45,0.9999999999999998
257.5,0.9999999999999998
257.55,0.9999999999999998
257.6,0.9999999999999998
257.65000000000003,0.9999999999999998
257.7,0.9999999999999998
257.75,0.9999999999999998
257.8,0.9999999999999998
257.85,0.9999999999999998
257.90000000000003,0.9999999999999998
257.95,0.9999999999999998
258.0,0.9999999999999998
258.05,0.9999999999999998
258.1,0.9999999999999998
258.15000000000003,0.9999999999999998
258.2,0.9999999999999998
258.25,0.9999999999999998
258.3,0.9999999999999998
258.35,0.9999999999999998
258.40000000000003,0.9999999999999998
258.45,0.9999999999999998
258.5,0.9999999999999998
258.55,0.9999999999999998
258.6,0.9999999999999998
258.65000000000003,0.9999999999999998
258.7,0.9999999999999998
258.75,0.9999999999999998
258.8,0.9999999999999998
258.85,0.9999999999999998
258.90000000000003,0.9999999999999998
258.95,0.9999999999999998
259.0,0.9999999999999998
259.05,0.9999999999999998
259.1,0.9999999999999998
259.15000000000003,0.9999999999999998
259.2,0.9999999999999998
259.25,0.9999999999999998
259.3,0.9999999999999998
259.35,0.9999999999999998
259.40000000000003,0.9999999999999998
259.45,0.9999999999999998
259.5,0.9999999999999998
259.55,0.9999999999999998
259.6,0.9999999999999998
259.65000000000003,0.9999999999999998
259.7,0.9999999999999998
259.75,0.9999999999999998
259.8,0.9999999999999998
259.85,0.9999999999999998
259.90000000000003,0.9999999999999998
259.95,0.9999999999999998
260.0,0.9999999999999998
260.05,0.9999999999999998
260.1,0.9999999999999998
260.15000000000003,0.9999999999999998
260.2,0.9999999999999998
260.25,0.9999999999999998
260.3,0.9999999999999998
260.35,0.9999999999999998
260.40000000000003,0.9999999999999998
260.45,0.9999999999999998
260.5,0.9999999999999998
260.55,0.9999999999999998
260.6,0.9999999999999998
260.65000000000003,0.9999999999999998
260.7,0.9999999999999998
260.75,0.9999999999999998
260.8,0.9999999999999998
260.85,0.9999999999999998
260.90000000000003,0.9999999999999998
260.95,0.9999999999999998
261.0,0.9999999999999998
261.05,0.9999999999999998
261.1,0.9999999999999998
261.15000000000003,0.9999999999999998
261.2,0.9999999999999998
261.25,0.9999999999999998
261.3,0.9999999999999998
261.35,0.9999999999999998
261.40000000000003,0.9999999999999998
261.45,0.9999999999999998
261.5,0.9999999999999998
261.55,0.9999999999999998
261.6,0.9999999999999998
261.65000000000003,0.9999999999999998
261.7,0.9999999999999998
261.75,0.9999999999999998
261.8,0.9999999999999998
261.85,0.9999999999999998
261.90000000000003,0.9999999999999998
261.95,0.9999999999999998
262.0,0.9999999999999998
262.05,0.9999999999999998
262.1,0.9999999999999998
262.15000000000003,0.9999999999999998
262.2,0.9999999999999998
262.25,0.9999999999999998
262.3,0.9999999999999998
262.35,0.9999999999999998
262.40000000000003,0.9999999999999998
262.45,0.9999999999999998
262.5,0.9999999999999998
262.55,0.9999999999999998
262.6,0.9999999999999998
262.65000000000003,0.9999999999999998
262.7,0.9999999999999998
262.75,0.9999999999999998
262.8,0.9999999999999998
262.85,0.9999999999999998
262.90000000000003,0.9999999999999998
262.95,0.9999999999999998
263.0,0.9999999999999998
263.05,0.9999999999999998
263.1,0.9999999999999998
263.15000000000003,0.9999999999999998
263.2,0.9999999999999998
263.25,0.9999999999999998
263.3,0.9999999999999998
263.35,0.9999999999999998
263.40000000000003,0.9999999999999998
263.45,0.9999999999999998
263.5,0.9999999999999998
263.55,0.9999999999999998
263.6,0.9999999999999998
263.65000000000003,0.9999999999999998
263.7,0.9999999999999998
263.75,0.9999999999999998
263.8,0.9999999999999998
263.85,0.9999999999999998
263.90000000000003,0.9999999999999998
263.95,0.9999999999999998
264.0,0.9999999999999998
264.05,0.9999999999999998
264.1,0.9999999999999998
264.15000000000003,0.9999999999999998
264.2,0.9999999999999998
264.25,0.9999999999999998
264.3,0.9999999999999998
264.35,0.9999999999999998
264.40000000000003,0.9999999999999998
264.45,0.9999999999999998
264.5,0.9999999999999998
264.55,0.9999999999999998
264.6,0.9999999999999998
264.65000000000003,0.9999999999999998
264.7,0.9999999999999998
264.75,0.9999999999999998
264.8,0.9999999999999998
264.85,0.9999999999999998
264.90000000000003,0.9999999999999998
264.95,0.9999999999999998
265.0,0.9999999999999998
265.05,0.9999999999999998
265.1,0.9999999999999998
265.15000000000003,0.9999999999999998
265.2,0.9999999999999998
265.25,0.9999999999999998
265.3,0.9999999999999998
265.35,0.9999999999999998
265.40000000000003,0.9999999999999998
265.45,0.9999999999999998
265.5,0.9999999999999998
265.55,0.9999999999999998
265.6,0.9999999999999998
265.65000000000003,0.9999999999999998
265.7,0.9999999999999998
265.75,0.9999999999999998
265.8,0.9999999999999998
265.85,0.9999999999999998
265.90000000000003,0.9999999999999998
265.95,0.9999999999999998
266.0,0.9999999999999998
266.05,0.9999999999999998
266.1,0.9999999999999998
266.15000000000003,0.9999999999999998
266.2,0.9999999999999998
266.25,0.9999999999999998
266.3,0.9999999999999998
266.35,0.9999999999999998
266.40000000000003,0.9999999999999998
266.45,0.9999999999999998
266.5,0.9999999999999998
266.55,0.9999999999999998
266.6,0.9999999999999998
266.65000000000003,0.9999999999999998
266.7,0.9999999999999998
266.75,0.9999999999999998
266.8,0.9999999999999998
266.85,0.9999999999999998
266.90000000000003,0.9999999999999998
266.95,0.9999999999999998
267.0,0.9999999999999998
267.05,0.9999999999999998
267.1,0.9999999999999998
267.15000000000003,0.9999999999999998
267.2,0.9999999999999998
267.25,0.9999999999999998
267.3,0.9999999999999998
267.35,0.9999999999999998
267.40000000000003,0.9999999999999998
267.45,0.9999999999999998
267.5,0.9999999999999998
267.55,0.9999999999999998
267.6,0.9999999999999998
267.65000000000003,0.9999999999999998
267.7,0.9999999999999998
267.75,0.9999999999999998
267.8,0.9999999999999998
267.85,0.9999999999999998
267.90000000000003,0.9999999999999998
267.95,0.9999999999999998
268.0,0.9999999999999998
268.05,0.9999999999999998
268.1,0.9999999999999998
268.15000000000003,0.9999999999999998
268.2,0.9999999999999998
268.25,0.9999999999999998
268.3,0.9999999999999998
268.35,0.9999999999999998
268.40000000000003,0.9999999999999998
268.45,0.9999999999999998
268.5,0.9999999999999998
268.55,0.9999999999999998
268.6,0.9999999999999998
268.65000000000003,0.9999999999999998
268.7,0.9999999999999998
268.75,0.9999999999999998
268.8,0.9999999999999998
268.85,0.9999999999999998
268.90000000000003,0.9999999999999998
268.95,0.9999999999999998
269.0,0.9999999999999998
269.05,0.9999999999999998
269.1,0.9999999999999998
269.15000000000003,0.9999999999999998
269.2,0.9999999999999998
269.25,0.9999999999999998
269.3,0.9999999999999998
269.35,0.9999999999999998
269.40000000000003,0.9999999999999998
269.45,0.9999999999999998
269.5,0.9999999999999998
269.55,0.9999999999999998
269.6,0.9999999999999998
269.65000000000003,0.9999999999999998
269.7,0.9999999999999998
269.75,0.9999999999999998
269.8,0.9999999999999998
269.85,0.9999999999999998
269.90000000000003,0.9999999999999998
269.95,0.9999999999999998
270.0,0.9999999999999998
270.05,0.9999999999999998
270.1,0.9999999999999998
270.15000000000003,0.9999999999999998
270.2,0.9999999999999998
270.25,0.9999999999999998
270.3,0.9999999999999998
270.35,0.9999999999999998
270.40000000000003,0.9999999999999998
270.45,0.9999999999999998
270.5,0.9999999999999998
270.55,0.9999999999999998
270.6,0.9999999999999998
270.65000000000003,0.9999999999999998
270.7,0.9999999999999998
270.75,0.9999999999999998
270.8,0.9999999999999998
270.85,0.9999999999999998
270.90000000000003,0.9999999999999998
270.95,0.9999999999999998
271.0,0.9999999999999998
271.05,0.9999999999999998
271.1,0.9999999999999998
271.15000000000003,0.9999999999999998
271.2,0.9999999999999998
271.25,0.9999999999999998
271.3,0.9999999999999998
271.35,0.9999999999999998
271.40000000000003,0.9999999999999998
271.45,0.9999999999999998
271.5,0.9999999999999998
271.55,0.9999999999999998
271.6,0.9999999999999998
271.65000000000003,0.9999999999999998
271.7,0.9999999999999998
271.75,0.9999999999999998
271.8,0.9999999999999998
271.85,0.9999999999999998
271.90000000000003,0.9999999999999998
271.95,0.9999999999999998
272.0,0.9999999999999998
272.05,0.9999999999999998
272.1,0.9999999999999998
272.15000000000003,0.9999999999999998
272.2,0.9999999999999998
272.25,0.9999999999999998
272.3,0.9999999999999998
272.35,0.9999999999999998
272.40000000000003,0.9999999999999998
272.45,0.9999999999999998
272.5,0.9999999999999998
272.55,0.9999999999999998
272.6,0.9999999999999998
272.65000000000003,0.9999999999999998
272.7,0.9999999999999998
272.75,0.9999999999999998
272.8,0.9999999999999998
272.85,0.9999999999999998
272.90000000000003,0.9999999999999998
272.95,0.9999999999999998
273.0,0.9999999999999998
273.05,0.9999999999999998
273.1,0.9999999999999998
273.15000000000003,0.9999999999999998
273.2,0.9999999999999998
273.25,0.9999999999999998
273.3,0.9999999999999998
273.35,0.9999999999999998
273.40000000000003,0.9999999999999998
273.45,0.9999999999999998
273.5,0.9999999999999998
273.55,0.9999999999999998
273.6,0.9999999999999998
273.65000000000003,0.9999999999999998
273.7,0.9999999999999998
273.75,0.9999999999999998
273.8,0.9999999999999998
273.85,0.9999999999999998
273.90000000000003,0.9999999999999998
273.95,0.9999999999999998
274.0,0.9999999999999998
274.05,0.9999999999999998
274.1,0.9999999999999998
274.15000000000003,0.9999999999999998
274.2,0.9999999999999998
274.25,0.9999999999999998
274.3,0.9999999999999998
274.35,0.9999999999999998
274.40000000000003,0.9999999999999998
274.45,0.9999999999999998
274.5,0.9999999999999998
274.55,0.9999999999999998
274.6,0.9999999999999998
274.65000000000003,0.9999999999999998
274.7,0.9999999999999998
274.75,0.9999999999999998
274.8,0.9999999999999998
274.85,0.9999999999999998
274.90000000000003,0.9999999999999998
274.95,0.9999999999999998
275.0,0.9999999999999998
275.05,0.9999999999999998
275.1,0.9999999999999998
275.15000000000003,0.9999999999999998
275.2,0.9999999999999998
275.25,0.9999999999999998
275.3,0.9999999999999998
275.35,0.9999999999999998
275.40000000000003,0.9999999999999998
275.45,0.9999999999999998
275.5,0.9999999999999998
275.55,0.9999999999999998
275.6,0.9999999999999998
275.65000000000003,0.9999999999999998
275.7,0.9999999999999998
275.75,0.9999999999999998
275.8,0.9999999999999998
275.85,0.9999999999999998
275.90000000000003,0.9999999999999998
275.95,0.9999999999999998
276.0,0.9999999999999998
276.05,0.9999999999999998
276.1,0.9999999999999998
276.15000000000003,0.9999999999999998
276.2,0.9999999999999998
276.25,0.9999999999999998
276.3,0.9999999999999998
276.35,0.9999999999999998
276.40000000000003,0.9999999999999998
276.45,0.9999999999999998
276.5,0.9999999999999998
276.55,0.9999999999999998
276.6,0.9999999999999998
276.65000000000003,0.9999999999999998
276.7,0.9999999999999998
276.75,0.9999999999999998
276.8,0.9999999999999998
276.85,0.9999999999999998
276.90000000000003,0.9999999999999998
276.95,0.9999999999999998
277.0,0.9999999999999998
277.05,0.9999999999999998
277.1,0.9999999999999998
277.15000000000003,0.9999999999999998
277.2,0.9999999999999998
277.25,0.9999999999999998
277.3,0.9999999999999998
277.35,0.9999999999999998
277.40000000000003,0.9999999999999998
277.45,0.9999999999999998
277.5,0.9999999999999998
277.55,0.9999999999999998
277.6,0.9999999999999998
277.65000000000003,0.9999999999999998
277.7,0.9999999999999998
277.75,0.9999999999999998
277.8,0.9999999999999998
277.85,0.9999999999999998
277.90000000000003,0.9999999999999998
277.95,0.9999999999999998
278.0,0.9999999999999998
278.05,0.9999999999999998
278.1,0.9999999999999998
278.15000000000003,0.9999999999999998
278.2,0.9999999999999998
278.25,0.9999999999999998
278.3,0.9999999999999998
278.35,0.9999999999999998
278.40000000000003,0.9999999999999998
278.45,0.9999999999999998
278.5,0.9999999999999998
278.55,0.9999999999999998
278.6,0.9999999999999998
278.65000000000003,0.9999999999999998
278.7,0.9999999999999998
278.75,0.9999999999999998
278.8,0.9999999999999998
278.85,0.9999999999999998
278.90000000000003,0.9999999999999998
278.95,0.9999999999999998
279.0,0.9999999999999998
279.05,0.9999999999999998
279.1,0.9999999999999998
279.15000000000003,0.9999999999999998
279.2,0.9999999999999998
279.25,0.9999999999999998
279.3,0.9999999999999998
279.35,0.9999999999999998
279.40000000000003,0.9999999999999998
279.45,0.9999999999999998
279.5,0.9999999999999998
279.55,0.9999999999999998
279.6,0.9999999999999998
279.65000000000003,0.9999999999999998
279.7,0.9999999999999998
279.75,0.9999999999999998
279.8,0.9999999999999998
279.85,0.9999999999999998
279.90000000000003,0.9999999999999998
279.95,0.9999999999999998
280.0,0.9999999999999998
280.05,0.9999999999999998
280.1,0.9999999999999998
280.15000000000003,0.9999999999999998
280.2,0.9999999999999998
280.25,0.9999999999999998
280.3,0.9999999999999998
280.35,0.9999999999999998
280.40000000000003,0.9999999999999998
280.45,0.9999999999999998
280.5,0.9999999999999998
280.55,0.9999999999999998
280.6,0.9999999999999998
280.65000000000003,0.9999999999999998
280.7,0.9999999999999998
280.75,0.9999999999999998
280.8,0.9999999999999998
280.85,0.9999999999999998
280.90000000000003,0.9999999999999998
280.95,0.9999999999999998
281.0,0.9999999999999998
281.05,0.9999999999999998
281.1,0.9999999999999998
281.15000000000003,0.9999999999999998
281.2,0.9999999999999998
281.25,0.9999999999999998
281.3,0.9999999999999998
281.35,0.9999999999999998
281.40000000000003,0.9999999999999998
281.45,0.9999999999999998
281.5,0.9999999999999998
281.55,0.9999999999999998
281.6,0.9999999999999998
281.65000000000003,0.9999999999999998
281.7,0.9999999999999998
281.75,0.9999999999999998
281.8,0.9999999999999998
281.85,0.9999999999999998
281.90000000000003,0.9999999999999998
281.95,0.9999999999999998
282.0,0.9999999999999998
282.05,0.9999999999999998
282.1,0.9999999999999998
282.15000000000003,0.9999999999999998
282.2,0.9999999999999998
282.25,0.9999999999999998
282.3,0.9999999999999998
282.35,0.9999999999999998
282.40000000000003,0.9999999999999998
282.45,0.9999999999999998
282.5,0.9999999999999998
282.55,0.9999999999999998
282.6,0.9999999999999998
282.65000000000003,0.9999999999999998
282.7,0.9999999999999998
282.75,0.9999999999999998
282.8,0.9999999999999998
282.85,0.9999999999999998
282.90000000000003,0.9999999999999998
282.95,0.9999999999999998
283.0,0.9999999999999998
283.05,0.9999999999999998
283.1,0.9999999999999998
283.15000000000003,0.9999999999999998
283.2,0.9999999999999998
283.25,0.9999999999999998
283.3,0.9999999999999998
283.35,0.9999999999999998
283.40000000000003,0.9999999999999998
283.45,0.9999999999999998
283.5,0.9999999999999998
283.55,0.9999999999999998
283.6,0.9999999999999998
283.65000000000003,0.9999999999999998
283.7,0.9999999999999998
283.75,0.9999999999999998
283.8,0.9999999999999998
283.85,0.9999999999999998
283.90000000000003,0.9999999999999998
283.95,0.9999999999999998
284.0,0.9999999999999998
284.05,0.9999999999999998
284.1,0.9999999999999998
284.15000000000003,0.9999999999999998
284.2,0.9999999999999998
284.25,0.9999999999999998
284.3,0.9999999999999998
284.35,0.9999999999999998
284.40000000000003,0.9999999999999998
284.45,0.9999999999999998
284.5,0.9999999999999998
284.55,0.9999999999999998
284.6,0.9999999999999998
284.65000000000003,0.9999999999999998
284.7,0.9999999999999998
284.75,0.9999999999999998
284.8,0.9999999999999998
284.85,0.9999999999999998
284.90000000000003,0.9999999999999998
284.95,0.9999999999999998
285.0,0.9999999999999998
285.05,0.9999999999999998
285.1,0.9999999999999998
285.15000000000003,0.9999999999999998
285.2,0.9999999999999998
285.25,0.9999999999999998
285.3,0.9999999999999998
285.35,0.9999999999999998
285.40000000000003,0.9999999999999998
285.45,0.9999999999999998
285.5,0.9999999999999998
285.55,0.9999999999999998
285.6,0.9999999999999998
285.65000000000003,0.9999999999999998
285.7,0.9999999999999998
285.75,0.9999999999999998
285.8,0.9999999999999998
285.85,0.9999999999999998
285.90000000000003,0.9999999999999998
285.95,0.9999999999999998
286.0,0.9999999999999998
286.05,0.9999999999999998
286.1,0.9999999999999998
286.15000000000003,0.9999999999999998
286.2,0.9999999999999998
286.25,0.9999999999999998
286.3,0.9999999999999998
286.35,0.9999999999999998
286.40000000000003,0.9999999999999998
286.45,0.9999999999999998
286.5,0.9999999999999998
286.55,0.9999999999999998
286.6,0.9999999999999998
286.65000000000003,0.9999999999999998
286.7,0.9999999999999998
286.75,0.9999999999999998
286.8,0.9999999999999998
286.85,0.9999999999999998
286.90000000000003,0.9999999999999998
286.95,0.9999999999999998
287.0,0.9999999999999998
287.05,0.9999999999999998
287.1,0.9999999999999998
287.15000000000003,0.9999999999999998
287.2,0.9999999999999998
287.25,0.9999999999999998
287.3,0.9999999999999998
287.35,0.9999999999999998
287.40000000000003,0.9999999999999998
287.45,0.9999999999999998
287.5,0.9999999999999998
287.55,0.9999999999999998
287.6,0.9999999999999998
287.65000000000003,0.9999999999999998
287.7,0.9999999999999998
287.75,0.9999999999999998
287.8,0.9999999999999998
287.85,0.9999999999999998
287.90000000000003,0.9999999999999998
287.95,0.9999999999999998
288.0,0.9999999999999998
288.05,0.9999999999999998
288.1,0.9999999999999998
288.15000000000003,0.9999999999999998
288.2,0.9999999999999998
288.25,0.9999999999999998
288.3,0.9999999999999998
288.35,0.9999999999999998
288.40000000000003,0.9999999999999998
288.45,0.9999999999999998
288.5,0.9999999999999998
288.55,0.9999999999999998
288.6,0.9999999999999998
288.65000000000003,0.9999999999999998
288.7,0.9999999999999998
288.75,0.9999999999999998
288.8,0.9999999999999998
288.85,0.9999999999999998
288.90000000000003,0.9999999999999998
288.95,0.9999999999999998
289.0,0.9999999999999998
289.05,0.9999999999999998
289.1,0.9999999999999998
289.15000000000003,0.9999999999999998
289.2,0.9999999999999998
289.25,0.9999999999999998
289.3,0.9999999999999998
289.35,0.9999999999999998
289.40000000000003,0.9999999999999998
289.45,0.9999999999999998
289.5,0.9999999999999998
289.55,0.9999999999999998
289.6,0.9999999999999998
289.65000000000003,0.9999999999999998
289.7,0.9999999999999998
289.75,0.9999999999999998
289.8,0.9999999999999998
289.85,0.9999999999999998
289.90000000000003,0.9999999999999998
289.95,0.9999999999999998
290.0,0.9999999999999998
290.05,0.9999999999999998
290.1,0.9999999999999998
290.15000000000003,0.9999999999999998
290.2,0.9999999999999998
290.25,0.9999999999999998
290.3,0.9999999999999998
290.35,0.9999999999999998
290.40000000000003,0.9999999999999998
290.45,0.9999999999999998
290.5,0.9999999999999998
290.55,0.9999999999999998
290.6,0.9999999999999998
290.65000000000003,0.9999999999999998
290.7,0.9999999999999998
290.75,0.9999999999999998
290.8,0.9999999999999998
290.85,0.9999999999999998
290.90000000000003,0.9999999999999998
290.95,0.9999999999999998
291.0,0.9999999999999998
291.05,0.9999999999999998
291.1,0.9999999999999998
291.15000000000003,0.9999999999999998
291.2,0.9999999999999998
291.25,0.9999999999999998
291.3,0.9999999999999998
291.35,0.9999999999999998
291.40000000000003,0.9999999999999998
291.45,0.9999999999999998
291.5,0.9999999999999998
291.55,0.9999999999999998
291.6,0.9999999999999998
291.65000000000003,0.9999999999999998
291.7,0.9999999999999998
291.75,0.9999999999999998
291.8,0.9999999999999998
291.85,0.9999999999999998
291.90000000000003,0.9999999999999998
291.95,0.9999999999999998
292.0,0.9999999999999998
292.05,0.9999999999999998
292.1,0.9999999999999998
292.15000000000003,0.9999999999999998
292.2,0.9999999999999998
292.25,0.9999999999999998
292.3,0.9999999999999998
292.35,0.9999999999999998
292.40000000000003,0.9999999999999998
292.45,0.9999999999999998
292.5,0.9999999999999998
292.55,0.9999999999999998
292.6,0.9999999999999998
292.65000000000003,0.9999999999999998
292.7,0.9999999999999998
292.75,0.9999999999999998
292.8,0.9999999999999998
292.85,0.9999999999999998
292.90000000000003,0.9999999999999998
292.95,0.9999999999999998
293.0,0.9999999999999998
293.05,0.9999999999999998
293.1,0.9999999999999998
293.15000000000003,0.9999999999999998
293.2,0.9999999999999998
293.25,0.9999999999999998
293.3,0.9999999999999998
293.35,0.9999999999999998
293.40000000000003,0.9999999999999998
293.45,0.9999999999999998
293.5,0.9999999999999998
293.55,0.9999999999999998
293.6,0.9999999999999998
293.65000000000003,0.9999999999999998
293.7,0.9999999999999998
293.75,0.9999999999999998
293.8,0.9999999999999998
293.85,0.9999999999999998
293.90000000000003,0.9999999999999998
293.95,0.9999999999999998
294.0,0.9999999999999998
294.05,0.9999999999999998
294.1,0.9999999999999998
294.15000000000003,0.9999999999999998
294.2,0.9999999999999998
294.25,0.9999999999999998
294.3,0.9999999999999998
294.35,0.9999999999999998
294.40000000000003,0.9999999999999998
294.45,0.9999999999999998
294.5,0.9999999999999998
294.55,0.9999999999999998
294.6,0.9999999999999998
294.65000000000003,0.9999999999999998
294.7,0.9999999999999998
294.75,0.9999999999999998
294.8,0.9999999999999998
294.85,0.9999999999999998
294.90000000000003,0.9999999999999998
294.95,0.9999999999999998
295.0,0.9999999999999998
295.05,0.9999999999999998
295.1,0.9999999999999998
295.15000000000003,0.9999999999999998
295.2,0.9999999999999998
295.25,0.9999999999999998
295.3,0.9999999999999998
295.35,0.9999999999999998
295.40000000000003,0.9999999999999998
295.45,0.9999999999999998
295.5,0.9999999999999998
295.55,0.9999999999999998
295.6,0.9999999999999998
295.65000000000003,0.9999999999999998
295.7,0.9999999999999998
295.75,0.9999999999999998
295.8,0.9999999999999998
295.85,0.9999999999999998
295.90000000000003,0.9999999999999998
295.95,0.9999999999999998
296.0,0.9999999999999998
296.05,0.9999999999999998
296.1,0.9999999999999998
296.15000000000003,0.9999999999999998
296.2,0.9999999999999998
296.25,0.9999999999999998
296.3,0.9999999999999998
296.35,0.9999999999999998
296.40000000000003,0.9999999999999998
296.45,0.9999999999999998
296.5,0.9999999999999998
296.55,0.9999999999999998
296.6,0.9999999999999998
296.65000000000003,0.9999999999999998
296.7,0.9999999999999998
296.75,0.9999999999999998
296.8,0.9999999999999998
296.85,0.9999999999999998
296.90000000000003,0.9999999999999998
296.95,0.9999999999999998
297.0,0.9999999999999998
297.05,0.9999999999999998
297.1,0.9999999999999998
297.15000000000003,0.9999999999999998
297.2,0.9999999999999998
297.25,0.9999999999999998
297.3,0.9999999999999998
297.35,0.9999999999999998
297.40000000000003,0.9999999999999998
297.45,0.9999999999999998
297.5,0.9999999999999998
297.55,0.9999999999999998
297.6,0.9999999999999998
297.65000000000003,0.9999999999999998
297.7,0.9999999999999998
297.75,0.9999999999999998
297.8,0.9999999999999998
297.85,0.9999999999999998
297.90000000000003,0.9999999999999998
297.95,0.9999999999999998
298.0,0.9999999999999998
298.05,0.9999999999999998
298.1,0.9999999999999998
298.15000000000003,0.9999999999999998
298.2,0.9999999999999998
298.25,0.9999999999999998
298.3,0.9999999999999998
298.35,0.9999999999999998
298.40000000000003,0.9999999999999998
298.45,0.9999999999999998
298.5,0.9999999999999998
298.55,0.9999999999999998
298.6,0.9999999999999998
298.65000000000003,0.9999999999999998
298.7,0.9999999999999998
298.75,0.9999999999999998
298.8,0.9999999999999998
298.85,0.9999999999999998
298.90000000000003,0.9999999999999998
298.95,0.9999999999999998
299.0,0.9999999999999998
299.05,0.9999999999999998
299.1,0.9999999999999998
299.15000000000003,0.9999999999999998
299.2,0.9999999999999998
299.25,0.9999999999999998
299.3,0.9999999999999998
299.35,0.9999999999999998
299.40000000000003,0.9999999999999998
299.45,0.9999999999999998
299.5,0.9999999999999998
299.55,0.9999999999999998
299.6,0.9999999999999998
299.65000000000003,0.9999999999999998
299.7,0.9999999999999998
299.75,0.9999999999999998
299.8,0.9999999999999998
299.85,0.9999999999999998
299.90000000000003,0.9999999999999998
299.95,0.9999999999999998
300.0,0.9999999999999998
300.05,0.9999999999999998
300.1,0.9999999999999998
300.15000000000003,0.9999999999999998
300.2,0.9999999999999998
300.25,0.9999999999999998
300.3,0.9999999999999998
300.35,0.9999999999999998
300.40000000000003,0.9999999999999998
300.45,0.9999999999999998
300.5,0.9999999999999998
300.55,0.9999999999999998
300.6,0.9999999999999998
300.65000000000003,0.9999999999999998
300.7,0.9999999999999998
300.75,0.9999999999999998
300.8,0.9999999999999998
300.85,0.9999999999999998
300.90000000000003,0.9999999999999998
300.95,0.9999999999999998
301.0,0.9999999999999998
301.05,0.9999999999999998
301.1,0.9999999999999998
301.15000000000003,0.9999999999999998
301.2,0.9999999999999998
301.25,0.9999999999999998
301.3,0.9999999999999998
301.35,0.9999999999999998
301.40000000000003,0.9999999999999998
301.45,0.9999999999999998
301.5,0.9999999999999998
301.55,0.9999999999999998
301.6,0.9999999999999998
301.65000000000003,0.9999999999999998
301.7,0.9999999999999998
301.75,0.9999999999999998
301.8,0.9999999999999998
301.85,0.9999999999999998
301.90000000000003,0.9999999999999998
301.95,0.9999999999999998
302.0,0.9999999999999998
302.05,0.9999999999999998
302.1,0.9999999999999998
302.15000000000003,0.9999999999999998
302.2,0.9999999999999998
302.25,0.9999999999999998
302.3,0.9999999999999998
302.35,0.9999999999999998
302.40000000000003,0.9999999999999998
302.45,0.9999999999999998
302.5,0.9999999999999998
302.55,0.9999999999999998
302.6,0.9999999999999998
302.65000000000003,0.9999999999999998
302.7,0.9999999999999998
302.75,0.9999999999999998
302.8,0.9999999999999998
302.85,0.9999999999999998
302.90000000000003,0.9999999999999998
302.95,0.9999999999999998
303.0,0.9999999999999998
303.05,0.9999999999999998
303.1,0.9999999999999998
303.15000000000003,0.9999999999999998
303.2,0.9999999999999998
303.25,0.9999999999999998
303.3,0.9999999999999998
303.35,0.9999999999999998
303.40000000000003,0.9999999999999998
303.45,0.9999999999999998
303.5,0.9999999999999998
303.55,0.9999999999999998
303.6,0.9999999999999998
303.65000000000003,0.9999999999999998
303.7,0.9999999999999998
303.75,0.9999999999999998
303.8,0.9999999999999998
303.85,0.9999999999999998
303.90000000000003,0.9999999999999998
303.95,0.9999999999999998
304.0,0.9999999999999998
304.05,0.9999999999999998
304.1,0.9999999999999998
304.15000000000003,0.9999999999999998
304.2,0.9999999999999998
304.25,0.9999999999999998
304.3,0.9999999999999998
304.35,0.9999999999999998
304.40000000000003,0.9999999999999998
304.45,0.9999999999999998
304.5,0.9999999999999998
304.55,0.9999999999999998
304.6,0.9999999999999998
304.65000000000003,0.9999999999999998
304.7,0.9999999999999998
304.75,0.9999999999999998
304.8,0.9999999999999998
304.85,0.9999999999999998
304.90000000000003,0.9999999999999998
304.95,0.9999999999999998
305.0,0.9999999999999998
305.05,0.9999999999999998
305.1,0.9999999999999998
305.15000000000003,0.9999999999999998
305.2,0.9999999999999998
305.25,0.9999999999999998
305.3,0.9999999999999998
305.35,0.9999999999999998
305.40000000000003,0.9999999999999998
305.45,0.9999999999999998
305.5,0.9999999999999998
305.55,0.9999999999999998
305.6,0.9999999999999998
305.65000000000003,0.9999999999999998
305.7,0.9999999999999998
305.75,0.9999999999999998
305.8,0.9999999999999998
305.85,0.9999999999999998
305.90000000000003,0.9999999999999998
305.95,0.9999999999999998
306.0,0.9999999999999998
306.05,0.9999999999999998
306.1,0.9999999999999998
306.15000000000003,0.9999999999999998
306.2,0.9999999999999998
306.25,0.9999999999999998
306.3,0.9999999999999998
306.35,0.9999999999999998
306.40000000000003,0.9999999999999998
306.45,0.9999999999999998
306.5,0.9999999999999998
306.55,0.9999999999999998
306.6,0.9999999999999998
306.65000000000003,0.9999999999999998
306.7,0.9999999999999998
306.75,0.9999999999999998
306.8,0.9999999999999998
306.85,0.9999999999999998
306.90000000000003,0.9999999999999998
306.95,0.9999999999999998
307.0,0.9999999999999998
307.05,0.9999999999999998
307.1,0.9999999999999998
307.15000000000003,0.9999999999999998
307.20000000000005,0.9999999999999998
307.25,0.9999999999999998
307.3,0.9999999999999998
307.35,0.9999999999999998
307.40000000000003,0.9999999999999998
307.45000000000005,0.9999999999999998
307.5,0.9999999999999998
307.55,0.9999999999999998
307.6,0.9999999999999998
307.65000000000003,0.9999999999999998
307.70000000000005,0.9999999999999998
307.75,0.9999999999999998
307.8,0.9999999999999998
307.85,0.9999999999999998
307.90000000000003,0.9999999999999998
307.95000000000005,0.9999999999999998
308.0,0.9999999999999998
308.05,0.9999999999999998
308.1,0.9999999999999998
308.15000000000003,0.9999999999999998
308.20000000000005,0.9999999999999998
308.25,0.9999999999999998
308.3,0.9999999999999998
308.35,0.9999999999999998
308.40000000000003,0.9999999999999998
308.45000000000005,0.9999999999999998
308.5,0.9999999999999998
308.55,0.9999999999999998
308.6,0.9999999999999998
308.65000000000003,0.9999999999999998
308.70000000000005,0.9999999999999998
308.75,0.9999999999999998
308.8,0.9999999999999998
308.85,0.9999999999999998
308.90000000000003,0.9999999999999998
308.95000000000005,0.9999999999999998
309.0,0.9999999999999998
309.05,0.9999999999999998
309.1,0.9999999999999998
309.15000000000003,0.9999999999999998
309.20000000000005,0.9999999999999998
309.25,0.9999999999999998
309.3,0.9999999999999998
309.35,0.9999999999999998
309.40000000000003,0.9999999999999998
309.45000000000005,0.9999999999999998
309.5,0.9999999999999998
309.55,0.9999999999999998
309.6,0.9999999999999998
309.65000000000003,0.9999999999999998
309.70000000000005,0.9999999999999998
309.75,0.9999999999999998
309.8,0.9999999999999998
309.85,0.9999999999999998
309.90000000000003,0.9999999999999998
309.95000000000005,0.9999999999999998
310.0,0.9999999999999998
310.05,0.9999999999999998
310.1,0.9999999999999998
310.15000000000003,0.9999999999999998
310.20000000000005,0.9999999999999998
310.25,0.9999999999999998
310.3,0.9999999999999998
310.35,0.9999999999999998
310.40000000000003,0.9999999999999998
310.45000000000005,0.9999999999999998
310.5,0.9999999999999998
310.55,0.9999999999999998
310.6,0.9999999999999998
310.65000000000003,0.9999999999999998
310.70000000000005,0.9999999999999998
310.75,0.9999999999999998
310.8,0.9999999999999998
310.85,0.9999999999999998
310.90000000000003,0.9999999999999998
310.95000000000005,0.9999999999999998
311.0,0.9999999999999998
311.05,0.9999999999999998
311.1,0.9999999999999998
311.15000000000003,0.9999999999999998
311.20000000000005,0.9999999999999998
311.25,0.9999999999999998
311.3,0.9999999999999998
311.35,0.9999999999999998
311.40000000000003,0.9999999999999998
311.45000000000005,0.9999999999999998
311.5,0.9999999999999998
311.55,0.9999999999999998
311.6,0.9999999999999998
311.65000000000003,0.9999999999999998
311.70000000000005,0.9999999999999998
311.75,0.9999999999999998
311.8,0.9999999999999998
311.85,0.9999999999999998
311.90000000000003,0.9999999999999998
311.95000000000005,0.9999999999999998
312.0,0.9999999999999998
312.05,0.9999999999999998
312.1,0.9999999999999998
312.15000000000003,0.9999999999999998
312.20000000000005,0.9999999999999998
312.25,0.9999999999999998
312.3,0.9999999999999998
312.35,0.9999999999999998
312.40000000000003,0.9999999999999998
312.45000000000005,0.9999999999999998
312.5,0.9999999999999998
312.55,0.9999999999999998
312.6,0.9999999999999998
312.65000000000003,0.9999999999999998
312.70000000000005,0.9999999999999998
312.75,0.9999999999999998
312.8,0.9999999999999998
312.85,0.9999999999999998
312.90000000000003,0.9999999999999998
312.95000000000005,0.9999999999999998
313.0,0.9999999999999998
313.05,0.9999999999999998
313.1,0.9999999999999998
313.15000000000003,0.9999999999999998
313.20000000000005,0.9999999999999998
313.25,0.9999999999999998
313.3,0.9999999999999998
313.35,0.9999999999999998
313.40000000000003,0.9999999999999998
313.45000000000005,0.9999999999999998
313.5,0.9999999999999998
313.55,0.9999999999999998
313.6,0.9999999999999998
313.65000000000003,0.9999999999999998
313.70000000000005,0.9999999999999998
313.75,0.9999999999999998
313.8,0.9999999999999998
313.85,0.9999999999999998
313.90000000000003,0.9999999999999998
313.95000000000005,0.9999999999999998
314.0,0.9999999999999998
314.05,0.9999999999999998
314.1,0.9999999999999998
314.15000000000003,0.9999999999999998
314.20000000000005,0.9999999999999998
314.25,0.9999999999999998
314.3,0.9999999999999998
314.35,0.9999999999999998
314.40000000000003,0.9999999999999998
314.45000000000005,0.9999999999999998
314.5,0.9999999999999998
314.55,0.9999999999999998
314.6,0.9999999999999998
314.65000000000003,0.9999999999999998
314.70000000000005,0.9999999999999998
314.75,0.9999999999999998
314.8,0.9999999999999998
314.85,0.9999999999999998
314.90000000000003,0.9999999999999998
314.95000000000005,0.9999999999999998
315.0,0.9999999999999998
315.05,0.9999999999999998
315.1,0.9999999999999998
315.15000000000003,0.9999999999999998
315.20000000000005,0.9999999999999998
315.25,0.9999999999999998
315.3,0.9999999999999998
315.35,0.9999999999999998
315.40000000000003,0.9999999999999998
315.45000000000005,0.9999999999999998
315.5,0.9999999999999998
315.55,0.9999999999999998
315.6,0.9999999999999998
315.65000000000003,0.9999999999999998
315.70000000000005,0.9999999999999998
315.75,0.9999999999999998
315.8,0.9999999999999998
315.85,0.9999999999999998
315.90000000000003,0.9999999999999998
315.95000000000005,0.9999999999999998
316.0,0.9999999999999998
316.05,0.9999999999999998
316.1,0.9999999999999998
316.15000000000003,0.9999999999999998
316.20000000000005,0.9999999999999998
316.25,0.9999999999999998
316.3,0.9999999999999998
316.35,0.9999999999999998
316.40000000000003,0.9999999999999998
316.45000000000005,0.9999999999999998
316.5,0.9999999999999998
316.55,0.9999999999999998
316.6,0.9999999999999998
316.65000000000003,0.9999999999999998
316.70000000000005,0.9999999999999998
316.75,0.9999999999999998
316.8,0.9999999999999998
316.85,0.9999999999999998
316.90000000000003,0.9999999999999998
316.95000000000005,0.9999999999999998
317.0,0.9999999999999998
317.05,0.9999999999999998
317.1,0.9999999999999998
317.15000000000003,0.9999999999999998
317.20000000000005,0.9999999999999998
317.25,0.9999999999999998
317.3,0.9999999999999998
317.35,0.9999999999999998
317.40000000000003,0.9999999999999998
317.45000000000005,0.9999999999999998
317.5,0.9999999999999998
317.55,0.9999999999999998
317.6,0.9999999999999998
317.65000000000003,0.9999999999999998
317.70000000000005,0.9999999999999998
317.75,0.9999999999999998
317.8,0.9999999999999998
317.85,0.9999999999999998
317.90000000000003,0.9999999999999998
317.95000000000005,0.9999999999999998
318.0,0.9999999999999998
318.05,0.9999999999999998
318.1,0.9999999999999998
318.15000000000003,0.9999999999999998
318.20000000000005,0.9999999999999998
318.25,0.9999999999999998
318.3,0.9999999999999998
318.35,0.9999999999999998
318.40000000000003,0.9999999999999998
318.45000000000005,0.9999999999999998
318.5,0.9999999999999998
318.55,0.9999999999999998
318.6,0.9999999999999998
318.65000000000003,0.9999999999999998
318.70000000000005,0.9999999999999998
318.75,0.9999999999999998
318.8,0.9999999999999998
318.85,0.9999999999999998
318.90000000000003,0.9999999999999998
318.95000000000005,0.9999999999999998
319.0,0.9999999999999998
319.05,0.9999999999999998
319.1,0.9999999999999998
319.15000000000003,0.9999999999999998
319.20000000000005,0.9999999999999998
319.25,0.9999999999999998
319.3,0.9999999999999998
319.35,0.9999999999999998
319.40000000000003,0.9999999999999998
319.45000000000005,0.9999999999999998
319.5,0.9999999999999998
319.55,0.9999999999999998
319.6,0.9999999999999998
319.65000000000003,0.9999999999999998
319.70000000000005,0.9999999999999998
319.75,0.9999999999999998
319.8,0.9999999999999998
319.85,0.9999999999999998
319.90000000000003,0.9999999999999998
319.95000000000005,0.9999999999999998
320.0,0.9999999999999998
320.05,0.9999999999999998
320.1,0.9999999999999998
320.15000000000003,0.9999999999999998
320.20000000000005,0.9999999999999998
320.25,0.9999999999999998
320.3,0.9999999999999998
320.35,0.9999999999999998
320.40000000000003,0.9999999999999998
320.45000000000005,0.9999999999999998
320.5,0.9999999999999998
320.55,0.9999999999999998
320.6,0.9999999999999998
320.65000000000003,0.9999999999999998
320.70000000000005,0.9999999999999998
320.75,0.9999999999999998
320.8,0.9999999999999998
320.85,0.9999999999999998
320.90000000000003,0.9999999999999998
320.95000000000005,0.9999999999999998
321.0,0.9999999999999998
321.05,0.9999999999999998
321.1,0.9999999999999998
321.15000000000003,0.9999999999999998
321.20000000000005,0.9999999999999998
321.25,0.9999999999999998
321.3,0.9999999999999998
321.35,0.9999999999999998
321.40000000000003,0.9999999999999998
321.45000000000005,0.9999999999999998
321.5,0.9999999999999998
321.55,0.9999999999999998
321.6,0.9999999999999998
321.65000000000003,0.9999999999999998
321.70000000000005,0.9999999999999998
321.75,0.9999999999999998
321.8,0.9999999999999998
321.85,0.9999999999999998
321.90000000000003,0.9999999999999998
321.95000000000005,0.9999999999999998
322.0,0.9999999999999998
322.05,0.9999999999999998
322.1,0.9999999999999998
322.15000000000003,0.9999999999999998
322.20000000000005,0.9999999999999998
322.25,0.9999999999999998
322.3,0.9999999999999998
322.35,0.9999999999999998
322.40000000000003,0.9999999999999998
322.45000000000005,0.9999999999999998
322.5,0.9999999999999998
322.55,0.9999999999999998
322.6,0.9999999999999998
322.65000000000003,0.9999999999999998
322.70000000000005,0.9999999999999998
322.75,0.9999999999999998
322.8,0.9999999999999998
322.85,0.9999999999999998
322.90000000000003,0.9999999999999998
322.95000000000005,0.9999999999999998
323.0,0.9999999999999998
323.05,0.9999999999999998
323.1,0.9999999999999998
323.15000000000003,0.9999999999999998
323.20000000000005,0.9999999999999998
323.25,0.9999999999999998
323.3,0.9999999999999998
323.35,0.9999999999999998
323.40000000000003,0.9999999999999998
323.45000000000005,0.9999999999999998
323.5,0.9999999999999998
323.55,0.9999999999999998
323.6,0.9999999999999998
323.65000000000003,0.9999999999999998
323.70000000000005,0.9999999999999998
323.75,0.9999999999999998
323.8,0.9999999999999998
323.85,0.9999999999999998
323.90000000000003,0.9999999999999998
323.95000000000005,0.9999999999999998
324.0,0.9999999999999998
324.05,0.9999999999999998
324.1,0.9999999999999998
324.15000000000003,0.9999999999999998
324.20000000000005,0.9999999999999998
324.25,0.9999999999999998
324.3,0.9999999999999998
324.35,0.9999999999999998
324.40000000000003,0.9999999999999998
324.45000000000005,0.9999999999999998
324.5,0.9999999999999998
324.55,0.9999999999999998
324.6,0.9999999999999998
324.65000000000003,0.9999999999999998
324.70000000000005,0.9999999999999998
324.75,0.9999999999999998
324.8,0.9999999999999998
324.85,0.9999999999999998
324.90000000000003,0.9999999999999998
324.95000000000005,0.9999999999999998
325.0,0.9999999999999998
325.05,0.9999999999999998
325.1,0.9999999999999998
325.15000000000003,0.9999999999999998
325.20000000000005,0.9999999999999998
325.25,0.9999999999999998
325.3,0.9999999999999998
325.35,0.9999999999999998
325.40000000000003,0.9999999999999998
325.45000000000005,0.9999999999999998
325.5,0.9999999999999998
325.55,0.9999999999999998
325.6,0.9999999999999998
325.65000000000003,0.9999999999999998
325.70000000000005,0.9999999999999998
325.75,0.9999999999999998
325.8,0.9999999999999998
325.85,0.9999999999999998
325.90000000000003,0.9999999999999998
325.95000000000005,0.9999999999999998
326.0,0.9999999999999998
326.05,0.9999999999999998
326.1,0.9999999999999998
326.15000000000003,0.9999999999999998
326.20000000000005,0.9999999999999998
326.25,0.9999999999999998
326.3,0.9999999999999998
326.35,0.9999999999999998
326.40000000000003,0.9999999999999998
326.45000000000005,0.9999999999999998
326.5,0.9999999999999998
326.55,0.9999999999999998
326.6,0.9999999999999998
326.65000000000003,0.9999999999999998
326.70000000000005,0.9999999999999998
326.75,0.9999999999999998
326.8,0.9999999999999998
326.85,0.9999999999999998
326.90000000000003,0.9999999999999998
326.95000000000005,0.9999999999999998
327.0,0.9999999999999998
327.05,0.9999999999999998
327.1,0.9999999999999998
327.15000000000003,0.9999999999999998
327.20000000000005,0.9999999999999998
327.25,0.9999999999999998
327.3,0.9999999999999998
327.35,0.9999999999999998
327.40000000000003,0.9999999999999998
327.45000000000005,0.9999999999999998
327.5,0.9999999999999998
327.55,0.9999999999999998
327.6,0.9999999999999998
327.65000000000003,0.9999999999999998
327.70000000000005,0.9999999999999998
327.75,0.9999999999999998
327.8,0.9999999999999998
327.85,0.9999999999999998
327.90000000000003,0.9999999999999998
327.95000000000005,0.9999999999999998
328.0,0.9999999999999998
328.05,0.9999999999999998
328.1,0.9999999999999998
328.15000000000003,0.9999999999999998
328.20000000000005,0.9999999999999998
328.25,0.9999999999999998
328.3,0.9999999999999998
328.35,0.9999999999999998
328.40000000000003,0.9999999999999998
328.45000000000005,0.9999999999999998
328.5,0.9999999999999998
328.55,0.9999999999999998
328.6,0.9999999999999998
328.65000000000003,0.9999999999999998
328.70000000000005,0.9999999999999998
328.75,0.9999999999999998
328.8,0.9999999999999998
328.85,0.9999999999999998
328.90000000000003,0.9999999999999998
328.95000000000005,0.9999999999999998
329.0,0.9999999999999998
329.05,0.9999999999999998
329.1,0.9999999999999998
329.15000000000003,0.9999999999999998
329.20000000000005,0.9999999999999998
329.25,0.9999999999999998
329.3,0.9999999999999998
329.35,0.9999999999999998
329.40000000000003,0.9999999999999998
329.45000000000005,0.9999999999999998
329.5,0.9999999999999998
329.55,0.9999999999999998
329.6,0.9999999999999998
329.65000000000003,0.9999999999999998
329.70000000000005,0.9999999999999998
329.75,0.9999999999999998
329.8,0.9999999999999998
329.85,0.9999999999999998
329.90000000000003,0.9999999999999998
329.95000000000005,0.9999999999999998
330.0,0.9999999999999998
330.05,0.9999999999999998
330.1,0.9999999999999998
330.15000000000003,0.9999999999999998
330.20000000000005,0.9999999999999998
330.25,0.9999999999999998
330.3,0.9999999999999998
330.35,0.9999999999999998
330.40000000000003,0.9999999999999998
330.45000000000005,0.9999999999999998
330.5,0.9999999999999998
330.55,0.9999999999999998
330.6,0.9999999999999998
330.65000000000003,0.9999999999999998
330.70000000000005,0.9999999999999998
330.75,0.9999999999999998
330.8,0.9999999999999998
330.85,0.9999999999999998
330.90000000000003,0.9999999999999998
330.95000000000005,0.9999999999999998
331.0,0.9999999999999998
331.05,0.9999999999999998
331.1,0.9999999999999998
331.15000000000003,0.9999999999999998
331.20000000000005,0.9999999999999998
331.25,0.9999999999999998
331.3,0.9999999999999998
331.35,0.9999999999999998
331.40000000000003,0.9999999999999998
331.45000000000005,0.9999999999999998
331.5,0.9999999999999998
331.55,0.9999999999999998
331.6,0.9999999999999998
331.65000000000003,0.9999999999999998
331.70000000000005,0.9999999999999998
331.75,0.9999999999999998
331.8,0.9999999999999998
331.85,0.9999999999999998
331.90000000000003,0.9999999999999998
331.95000000000005,0.9999999999999998
332.0,0.9999999999999998
332.05,0.9999999999999998
332.1,0.9999999999999998
332.15000000000003,0.9999999999999998
332.20000000000005,0.9999999999999998
332.25,0.9999999999999998
332.3,0.9999999999999998
332.35,0.9999999999999998
332.40000000000003,0.9999999999999998
332.45000000000005,0.9999999999999998
332.5,0.9999999999999998
332.55,0.9999999999999998
332.6,0.9999999999999998
332.65000000000003,0.9999999999999998
332.70000000000005,0.9999999999999998
332.75,0.9999999999999998
332.8,0.9999999999999998
332.85,0.9999999999999998
332.90000000000003,0.9999999999999998
332.95000000000005,0.9999999999999998
333.0,0.9999999999999998
333.05,0.9999999999999998
333.1,0.9999999999999998
333.15000000000003,0.9999999999999998
333.20000000000005,0.9999999999999998
333.25,0.9999999999999998
333.3,0.9999999999999998
333.35,0.9999999999999998
333.40000000000003,0.9999999999999998
333.45000000000005,0.9999999999999998
333.5,0.9999999999999998
333.55,0.9999999999999998
333.6,0.9999999999999998
333.65000000000003,0.9999999999999998
333.70000000000005,0.9999999999999998
333.75,0.9999999999999998
333.8,0.9999999999999998
333.85,0.9999999999999998
333.90000000000003,0.9999999999999998
333.95000000000005,0.9999999999999998
334.0,0.9999999999999998
334.05,0.9999999999999998
334.1,0.9999999999999998
334.15000000000003,0.9999999999999998
334.20000000000005,0.9999999999999998
334.25,0.9999999999999998
334.3,0.9999999999999998
334.35,0.9999999999999998
334.40000000000003,0.9999999999999998
334.45000000000005,0.9999999999999998
334.5,0.9999999999999998
334.55,0.9999999999999998
334.6,0.9999999999999998
334.65000000000003,0.9999999999999998
334.70000000000005,0.9999999999999998
334.75,0.9999999999999998
334.8,0.9999999999999998
334.85,0.9999999999999998
334.90000000000003,0.9999999999999998
334.95000000000005,0.9999999999999998
335.0,0.9999999999999998
335.05,0.9999999999999998
335.1,0.9999999999999998
335.15000000000003,0.9999999999999998
335.20000000000005,0.9999999999999998
335.25,0.9999999999999998
335.3,0.9999999999999998
335.35,0.9999999999999998
335.40000000000003,0.9999999999999998
335.45000000000005,0.9999999999999998
335.5,0.9999999999999998
335.55,0.9999999999999998
335.6,0.9999999999999998
335.65000000000003,0.9999999999999998
335.70000000000005,0.9999999999999998
335.75,0.9999999999999998
335.8,0.9999999999999998
335.85,0.9999999999999998
335.90000000000003,0.9999999999999998
335.95000000000005,0.9999999999999998
336.0,0.9999999999999998
336.05,0.9999999999999998
336.1,0.9999999999999998
336.15000000000003,0.9999999999999998
336.20000000000005,0.9999999999999998
336.25,0.9999999999999998
336.3,0.9999999999999998
336.35,0.9999999999999998
336.40000000000003,0.9999999999999998
336.45000000000005,0.9999999999999998
336.5,0.9999999999999998
336.55,0.9999999999999998
336.6,0.9999999999999998
336.65000000000003,0.9999999999999998
336.70000000000005,0.9999999999999998
336.75,0.9999999999999998
336.8,0.9999999999999998
336.85,0.9999999999999998
336.90000000000003,0.9999999999999998
336.95000000000005,0.9999999999999998
337.0,0.9999999999999998
337.05,0.9999999999999998
337.1,0.9999999999999998
337.15000000000003,0.9999999999999998
337.20000000000005,0.9999999999999998
337.25,0.9999999999999998
337.3,0.9999999999999998
337.35,0.9999999999999998
337.40000000000003,0.9999999999999998
337.45000000000005,0.9999999999999998
337.5,0.9999999999999998
337.55,0.9999999999999998
337.6,0.9999999999999998
337.65000000000003,0.9999999999999998
337.70000000000005,0.9999999999999998
337.75,0.9999999999999998
337.8,0.9999999999999998
337.85,0.9999999999999998
337.90000000000003,0.9999999999999998
337.95000000000005,0.9999999999999998
338.0,0.9999999999999998
338.05,0.9999999999999998
338.1,0.9999999999999998
338.15000000000003,0.9999999999999998
338.20000000000005,0.9999999999999998
338.25,0.9999999999999998
338.3,0.9999999999999998
338.35,0.9999999999999998
338.40000000000003,0.9999999999999998
338.45000000000005,0.9999999999999998
338.5,0.9999999999999998
338.55,0.9999999999999998
338.6,0.9999999999999998
338.65000000000003,0.9999999999999998
338.70000000000005,0.9999999999999998
338.75,0.9999999999999998
338.8,0.9999999999999998
338.85,0.9999999999999998
338.90000000000003,0.9999999999999998
338.95000000000005,0.9999999999999998
339.0,0.9999999999999998
339.05,0.9999999999999998
339.1,0.9999999999999998
339.15000000000003,0.9999999999999998
339.20000000000005,0.9999999999999998
339.25,0.9999999999999998
339.3,0.9999999999999998
339.35,0.9999999999999998
339.40000000000003,0.9999999999999998
339.45000000000005,0.9999999999999998
339.5,0.9999999999999998
339.55,0.9999999999999998
339.6,0.9999999999999998
339.65000000000003,0.9999999999999998
339.70000000000005,0.9999999999999998
339.75,0.9999999999999998
339.8,0.9999999999999998
339.85,0.9999999999999998
339.90000000000003,0.9999999999999998
339.95000000000005,0.9999999999999998
340.0,0.9999999999999998
340.05,0.9999999999999998
340.1,0.9999999999999998
340.15000000000003,0.9999999999999998
340.20000000000005,0.9999999999999998
340.25,0.9999999999999998
340.3,0.9999999999999998
340.35,0.9999999999999998
340.40000000000003,0.9999999999999998
340.45000000000005,0.9999999999999998
340.5,0.9999999999999998
340.55,0.9999999999999998
340.6,0.9999999999999998
340.65000000000003,0.9999999999999998
340.70000000000005,0.9999999999999998
340.75,0.9999999999999998
340.8,0.9999999999999998
340.85,0.9999999999999998
340.90000000000003,0.9999999999999998
340.95000000000005,0.9999999999999998
341.0,0.9999999999999998
341.05,0.9999999999999998
341.1,0.9999999999999998
341.15000000000003,0.9999999999999998
341.20000000000005,0.9999999999999998
341.25,0.9999999999999998
341.3,0.9999999999999998
341.35,0.9999999999999998
341.40000000000003,0.9999999999999998
341.45000000000005,0.9999999999999998
341.5,0.9999999999999998
341.55,0.9999999999999998
341.6,0.9999999999999998
341.65000000000003,0.9999999999999998
341.70000000000005,0.9999999999999998
341.75,0.9999999999999998
341.8,0.9999999999999998
341.85,0.9999999999999998
341.90000000000003,0.9999999999999998
341.95000000000005,0.9999999999999998
342.0,0.9999999999999998
342.05,0.9999999999999998
342.1,0.9999999999999998
342.15000000000003,0.9999999999999998
342.20000000000005,0.9999999999999998
342.25,0.9999999999999998
342.3,0.9999999999999998
342.35,0.9999999999999998
342.40000000000003,0.9999999999999998
342.45000000000005,0.9999999999999998
342.5,0.9999999999999998
342.55,0.9999999999999998
342.6,0.9999999999999998
342.65000000000003,0.9999999999999998
342.70000000000005,0.9999999999999998
342.75,0.9999999999999998
342.8,0.9999999999999998
342.85,0.9999999999999998
342.90000000000003,0.9999999999999998
342.95000000000005,0.9999999999999998
343.0,0.9999999999999998
343.05,0.9999999999999998
343.1,0.9999999999999998
343.15000000000003,0.9999999999999998
343.20000000000005,0.9999999999999998
343.25,0.9999999999999998
343.3,0.9999999999999998
343.35,0.9999999999999998
343.40000000000003,0.9999999999999998
343.45000000000005,0.9999999999999998
343.5,0.9999999999999998
343.55,0.9999999999999998
343.6,0.9999999999999998
343.65000000000003,0.9999999999999998
343.70000000000005,0.9999999999999998
343.75,0.9999999999999998
343.8,0.9999999999999998
343.85,0.9999999999999998
343.90000000000003,0.9999999999999998
343.95000000000005,0.9999999999999998
344.0,0.9999999999999998
344.05,0.9999999999999998
344.1,0.9999999999999998
344.15000000000003,0.9999999999999998
344.20000000000005,0.9999999999999998
344.25,0.9999999999999998
344.3,0.9999999999999998
344.35,0.9999999999999998
344.40000000000003,0.9999999999999998
344.45000000000005,0.9999999999999998
344.5,0.9999999999999998
344.55,0.9999999999999998
344.6,0.9999999999999998
344.65000000000003,0.9999999999999998
344.70000000000005,0.9999999999999998
344.75,0.9999999999999998
344.8,0.9999999999999998
344.85,0.9999999999999998
344.90000000000003,0.9999999999999998
344.95000000000005,0.9999999999999998
345.0,0.9999999999999998
345.05,0.9999999999999998
345.1,0.9999999999999998
345.15000000000003,0.9999999999999998
345.20000000000005,0.9999999999999998
345.25,0.9999999999999998
345.3,0.9999999999999998
345.35,0.9999999999999998
345.40000000000003,0.9999999999999998
345.45000000000005,0.9999999999999998
345.5,0.9999999999999998
345.55,0.9999999999999998
345.6,0.9999999999999998
345.65000000000003,0.9999999999999998
345.70000000000005,0.9999999999999998
345.75,0.9999999999999998
345.8,0.9999999999999998
345.85,0.9999999999999998
345.90000000000003,0.9999999999999998
345.95000000000005,0.9999999999999998
346.0,0.9999999999999998
346.05,0.9999999999999998
346.1,0.9999999999999998
346.15000000000003,0.9999999999999998
346.20000000000005,0.9999999999999998
346.25,0.9999999999999998
346.3,0.9999999999999998
346.35,0.9999999999999998
346.40000000000003,0.9999999999999998
346.45000000000005,0.9999999999999998
346.5,0.9999999999999998
346.55,0.9999999999999998
346.6,0.9999999999999998
346.65000000000003,0.9999999999999998
346.70000000000005,0.9999999999999998
346.75,0.9999999999999998
346.8,0.9999999999999998
346.85,0.9999999999999998
346.90000000000003,0.9999999999999998
346.95000000000005,0.9999999999999998
347.0,0.9999999999999998
347.05,0.9999999999999998
347.1,0.9999999999999998
347.15000000000003,0.9999999999999998
347.20000000000005,0.9999999999999998
347.25,0.9999999999999998
347.3,0.9999999999999998
347.35,0.9999999999999998
347.40000000000003,0.9999999999999998
347.45000000000005,0.9999999999999998
347.5,0.9999999999999998
347.55,0.9999999999999998
347.6,0.9999999999999998
347.65000000000003,0.9999999999999998
347.70000000000005,0.9999999999999998
347.75,0.9999999999999998
347.8,0.9999999999999998
347.85,0.9999999999999998
347.90000000000003,0.9999999999999998
347.95000000000005,0.9999999999999998
348.0,0.9999999999999998
348.05,0.9999999999999998
348.1,0.9999999999999998
348.15000000000003,0.9999999999999998
348.20000000000005,0.9999999999999998
348.25,0.9999999999999998
348.3,0.9999999999999998
348.35,0.9999999999999998
348.40000000000003,0.9999999999999998
348.45000000000005,0.9999999999999998
348.5,0.9999999999999998
348.55,0.9999999999999998
348.6,0.9999999999999998
348.65000000000003,0.9999999999999998
348.70000000000005,0.9999999999999998
348.75,0.9999999999999998
348.8,0.9999999999999998
348.85,0.9999999999999998
348.90000000000003,0.9999999999999998
348.95000000000005,0.9999999999999998
349.0,0.9999999999999998
349.05,0.9999999999999998
349.1,0.9999999999999998
349.15000000000003,0.9999999999999998
349.20000000000005,0.9999999999999998
349.25,0.9999999999999998
349.3,0.9999999999999998
349.35,0.9999999999999998
349.40000000000003,0.9999999999999998
349.45000000000005,0.9999999999999998
349.5,0.9999999999999998
349.55,0.9999999999999998
349.6,0.9999999999999998
349.65000000000003,0.9999999999999998
349.70000000000005,0.9999999999999998
349.75,0.9999999999999998
349.8,0.9999999999999998
349.85,0.9999999999999998
349.90000000000003,0.9999999999999998
349.95000000000005,0.9999999999999998
350.0,0.9999999999999998
350.05,0.9999999999999998
350.1,0.9999999999999998
350.15000000000003,0.9999999999999998
350.20000000000005,0.9999999999999998
350.25,0.9999999999999998
350.3,0.9999999999999998
350.35,0.9999999999999998
350.40000000000003,0.9999999999999998
350.45000000000005,0.9999999999999998
350.5,0.9999999999999998
350.55,0.9999999999999998
350.6,0.9999999999999998
350.65000000000003,0.9999999999999998
350.70000000000005,0.9999999999999998
350.75,0.9999999999999998
350.8,0.9999999999999998
350.85,0.9999999999999998
350.90000000000003,0.9999999999999998
350.95000000000005,0.9999999999999998
351.0,0.9999999999999998
351.05,0.9999999999999998
351.1,0.9999999999999998
351.15000000000003,0.9999999999999998
351.20000000000005,0.9999999999999998
351.25,0.9999999999999998
351.3,0.9999999999999998
351.35,0.9999999999999998
351.40000000000003,0.9999999999999998
351.45000000000005,0.9999999999999998
351.5,0.9999999999999998
351.55,0.9999999999999998
351.6,0.9999999999999998
351.65000000000003,0.9999999999999998
351.70000000000005,0.9999999999999998
351.75,0.9999999999999998
351.8,0.9999999999999998
351.85,0.9999999999999998
351.90000000000003,0.9999999999999998
351.95000000000005,0.9999999999999998
352.0,0.9999999999999998
352.05,0.9999999999999998
352.1,0.9999999999999998
352.15000000000003,0.9999999999999998
352.20000000000005,0.9999999999999998
352.25,0.9999999999999998
352.3,0.9999999999999998
352.35,0.9999999999999998
352.40000000000003,0.9999999999999998
352.45000000000005,0.9999999999999998
352.5,0.9999999999999998
352.55,0.9999999999999998
352.6,0.9999999999999998
352.65000000000003,0.9999999999999998
352.70000000000005,0.9999999999999998
352.75,0.9999999999999998
352.8,0.9999999999999998
352.85,0.9999999999999998
352.90000000000003,0.9999999999999998
352.95000000000005,0.9999999999999998
353.0,0.9999999999999998
353.05,0.9999999999999998
353.1,0.9999999999999998
353.15000000000003,0.9999999999999998
353.20000000000005,0.9999999999999998
353.25,0.9999999999999998
353.3,0.9999999999999998
353.35,0.9999999999999998
353.40000000000003,0.9999999999999998
353.45000000000005,0.9999999999999998
353.5,0.9999999999999998
353.55,0.9999999999999998
353.6,0.9999999999999998
353.65000000000003,0.9999999999999998
353.70000000000005,0.9999999999999998
353.75,0.9999999999999998
353.8,0.9999999999999998
353.85,0.9999999999999998
353.90000000000003,0.9999999999999998
353.95000000000005,0.9999999999999998
354.0,0.9999999999999998
354.05,0.9999999999999998
354.1,0.9999999999999998
354.15000000000003,0.9999999999999998
354.20000000000005,0.9999999999999998
354.25,0.9999999999999998
354.3,0.9999999999999998
354.35,0.9999999999999998
354.40000000000003,0.9999999999999998
354.45000000000005,0.9999999999999998
354.5,0.9999999999999998
354.55,0.9999999999999998
354.6,0.9999999999999998
354.65000000000003,0.9999999999999998
354.70000000000005,0.9999999999999998
354.75,0.9999999999999998
354.8,0.9999999999999998
354.85,0.9999999999999998
354.90000000000003,0.9999999999999998
354.95000000000005,0.9999999999999998
355.0,0.9999999999999998
355.05,0.9999999999999998
355.1,0.9999999999999998
355.15000000000003,0.9999999999999998
355.20000000000005,0.9999999999999998
355.25,0.9999999999999998
355.3,0.9999999999999998
355.35,0.9999999999999998
355.40000000000003,0.9999999999999998
355.45000000000005,0.9999999999999998
355.5,0.9999999999999998
355.55,0.9999999999999998
355.6,0.9999999999999998
355.65000000000003,0.9999999999999998
355.70000000000005,0.9999999999999998
355.75,0.9999999999999998
355.8,0.9999999999999998
355.85,0.9999999999999998
355.90000000000003,0.9999999999999998
355.95000000000005,0.9999999999999998
356.0,0.9999999999999998
356.05,0.9999999999999998
356.1,0.9999999999999998
356.15000000000003,0.9999999999999998
356.20000000000005,0.9999999999999998
356.25,0.9999999999999998
356.3,0.9999999999999998
356.35,0.9999999999999998
356.40000000000003,0.9999999999999998
356.45000000000005,0.9999999999999998
356.5,0.9999999999999998
356.55,0.9999999999999998
356.6,0.9999999999999998
356.65000000000003,0.9999999999999998
356.70000000000005,0.9999999999999998
356.75,0.9999999999999998
356.8,0.9999999999999998
356.85,0.9999999999999998
356.90000000000003,0.9999999999999998
356.95000000000005,0.9999999999999998
357.0,0.9999999999999998
357.05,0.9999999999999998
357.1,0.9999999999999998
357.15000000000003,0.9999999999999998
357.20000000000005,0.9999999999999998
357.25,0.9999999999999998
357.3,0.9999999999999998
357.35,0.9999999999999998
357.40000000000003,0.9999999999999998
357.45000000000005,0.9999999999999998
357.5,0.9999999999999998
357.55,0.9999999999999998
357.6,0.9999999999999998
357.65000000000003,0.9999999999999998
357.70000000000005,0.9999999999999998
357.75,0.9999999999999998
357.8,0.9999999999999998
357.85,0.9999999999999998
357.90000000000003,0.9999999999999998
357.95000000000005,0.9999999999999998
358.0,0.9999999999999998
358.05,0.9999999999999998
358.1,0.9999999999999998
358.15000000000003,0.9999999999999998
358.20000000000005,0.9999999999999998
358.25,0.9999999999999998
358.3,0.9999999999999998
358.35,0.9999999999999998
358.40000000000003,0.9999999999999998
358.45000000000005,0.9999999999999998
358.5,0.9999999999999998
358.55,0.9999999999999998
358.6,0.9999999999999998
358.65000000000003,0.9999999999999998
358.70000000000005,0.9999999999999998
358.75,0.9999999999999998
358.8,0.9999999999999998
358.85,0.9999999999999998
358.90000000000003,0.9999999999999998
358.95000000000005,0.9999999999999998
359.0,0.9999999999999998
359.05,0.9999999999999998
359.1,0.9999999999999998
359.15000000000003,0.9999999999999998
359.20000000000005,0.9999999999999998
359.25,0.9999999999999998
359.3,0.9999999999999998
359.35,0.9999999999999998
359.40000000000003,0.9999999999999998
359.45000000000005,0.9999999999999998
359.5,0.9999999999999998
359.55,0.9999999999999998
359.6,0.9999999999999998
359.65000000000003,0.9999999999999998
359.70000000000005,0.9999999999999998
359.75,0.9999999999999998
359.8,0.9999999999999998
359.85,0.9999999999999998
359.90000000000003,0.9999999999999998
359.95000000000005,0.9999999999999998
360.0,0.9999999999999998
360.05,0.9999999999999998
360.1,0.9999999999999998
360.15000000000003,0.9999999999999998
360.20000000000005,0.9999999999999998
360.25,0.9999999999999998
360.3,0.9999999999999998
360.35,0.9999999999999998
360.40000000000003,0.9999999999999998
360.45000000000005,0.9999999999999998
360.5,0.9999999999999998
360.55,0.9999999999999998
360.6,0.9999999999999998
360.65000000000003,0.9999999999999998
360.70000000000005,0.9999999999999998
360.75,0.9999999999999998
360.8,0.9999999999999998
360.85,0.9999999999999998
360.90000000000003,0.9999999999999998
360.95000000000005,0.9999999999999998
361.0,0.9999999999999998
361.05,0.9999999999999998
361.1,0.9999999999999998
361.15000000000003,0.9999999999999998
361.20000000000005,0.9999999999999998
361.25,0.9999999999999998
361.3,0.9999999999999998
361.35,0.9999999999999998
361.40000000000003,0.9999999999999998
361.45000000000005,0.9999999999999998
361.5,0.9999999999999998
361.55,0.9999999999999998
361.6,0.9999999999999998
361.65000000000003,0.9999999999999998
361.70000000000005,0.9999999999999998
361.75,0.9999999999999998
361.8,0.9999999999999998
361.85,0.9999999999999998
361.90000000000003,0.9999999999999998
361.95000000000005,0.9999999999999998
362.0,0.9999999999999998
362.05,0.9999999999999998
362.1,0.9999999999999998
362.15000000000003,0.9999999999999998
362.20000000000005,0.9999999999999998
362.25,0.9999999999999998
362.3,0.9999999999999998
362.35,0.9999999999999998
362.40000000000003,0.9999999999999998
362.45000000000005,0.9999999999999998
362.5,0.9999999999999998
362.55,0.9999999999999998
362.6,0.9999999999999998
362.65000000000003,0.9999999999999998
362.70000000000005,0.9999999999999998
362.75,0.9999999999999998
362.8,0.9999999999999998
362.85,0.9999999999999998
362.90000000000003,0.9999999999999998
362.95000000000005,0.9999999999999998
363.0,0.9999999999999998
363.05,0.9999999999999998
363.1,0.9999999999999998
363.15000000000003,0.9999999999999998
363.20000000000005,0.9999999999999998
363.25,0.9999999999999998
363.3,0.9999999999999998
363.35,0.9999999999999998
363.40000000000003,0.9999999999999998
363.45000000000005,0.9999999999999998
363.5,0.9999999999999998
363.55,0.9999999999999998
363.6,0.9999999999999998
363.65000000000003,0.9999999999999998
363.70000000000005,0.9999999999999998
363.75,0.9999999999999998
363.8,0.9999999999999998
363.85,0.9999999999999998
363.90000000000003,0.9999999999999998
363.95000000000005,0.9999999999999998
364.0,0.9999999999999998
364.05,0.9999999999999998
364.1,0.9999999999999998
364.15000000000003,0.9999999999999998
364.20000000000005,0.9999999999999998
364.25,0.9999999999999998
364.3,0.9999999999999998
364.35,0.9999999999999998
364.40000000000003,0.9999999999999998
364.45000000000005,0.9999999999999998
364.5,0.9999999999999998
364.55,0.9999999999999998
364.6,0.9999999999999998
364.65000000000003,0.9999999999999998
364.70000000000005,0.9999999999999998
364.75,0.9999999999999998
364.8,0.9999999999999998
364.85,0.9999999999999998
364.90000000000003,0.9999999999999998
364.95000000000005,0.9999999999999998
365.0,0.9999999999999998
365.05,0.9999999999999998
365.1,0.9999999999999998
365.15000000000003,0.9999999999999998
365.20000000000005,0.9999999999999998
365.25,0.9999999999999998
365.3,0.9999999999999998
365.35,0.9999999999999998
365.40000000000003,0.9999999999999998
365.45000000000005,0.9999999999999998
365.5,0.9999999999999998
365.55,0.9999999999999998
365.6,0.9999999999999998
365.65000000000003,0.9999999999999998
365.70000000000005,0.9999999999999998
365.75,0.9999999999999998
365.8,0.9999999999999998
365.85,0.9999999999999998
365.90000000000003,0.9999999999999998
365.95000000000005,0.9999999999999998
366.0,0.9999999999999998
366.05,0.9999999999999998
366.1,0.9999999999999998
366.15000000000003,0.9999999999999998
366.20000000000005,0.9999999999999998
366.25,0.9999999999999998
366.3,0.9999999999999998
366.35,0.9999999999999998
366.40000000000003,0.9999999999999998
366.45000000000005,0.9999999999999998
366.5,0.9999999999999998
366.55,0.9999999999999998
366.6,0.9999999999999998
366.65000000000003,0.9999999999999998
366.70000000000005,0.9999999999999998
366.75,0.9999999999999998
366.8,0.9999999999999998
366.85,0.9999999999999998
366.90000000000003,0.9999999999999998
366.95000000000005,0.9999999999999998
367.0,0.9999999999999998
367.05,0.9999999999999998
367.1,0.9999999999999998
367.15000000000003,0.9999999999999998
367.20000000000005,0.9999999999999998
367.25,0.9999999999999998
367.3,0.9999999999999998
367.35,0.9999999999999998
367.40000000000003,0.9999999999999998
367.45000000000005,0.9999999999999998
367.5,0.9999999999999998
367.55,0.9999999999999998
367.6,0.9999999999999998
367.65000000000003,0.9999999999999998
367.70000000000005,0.9999999999999998
367.75,0.9999999999999998
367.8,0.9999999999999998
367.85,0.9999999999999998
367.90000000000003,0.9999999999999998
367.95000000000005,0.9999999999999998
368.0,0.9999999999999998
368.05,0.9999999999999998
368.1,0.9999999999999998
368.15000000000003,0.9999999999999998
368.20000000000005,0.9999999999999998
368.25,0.9999999999999998
368.3,0.9999999999999998
368.35,0.9999999999999998
368.40000000000003,0.9999999999999998
368.45000000000005,0.9999999999999998
368.5,0.9999999999999998
368.55,0.9999999999999998
368.6,0.9999999999999998
368.65000000000003,0.9999999999999998
368.70000000000005,0.9999999999999998
368.75,0.9999999999999998
368.8,0.9999999999999998
368.85,0.9999999999999998
368.90000000000003,0.9999999999999998
368.95000000000005,0.9999999999999998
369.0,0.9999999999999998
369.05,0.9999999999999998
369.1,0.9999999999999998
369.15000000000003,0.9999999999999998
369.20000000000005,0.9999999999999998
369.25,0.9999999999999998
369.3,0.9999999999999998
369.35,0.9999999999999998
369.40000000000003,0.9999999999999998
369.45000000000005,0.9999999999999998
369.5,0.9999999999999998
369.55,0.9999999999999998
369.6,0.9999999999999998
369.65000000000003,0.9999999999999998
369.70000000000005,0.9999999999999998
369.75,0.9999999999999998
369.8,0.9999999999999998
369.85,0.9999999999999998
369.90000000000003,0.9999999999999998
369.95000000000005,0.9999999999999998
370.0,0.9999999999999998
370.05,0.9999999999999998
370.1,0.9999999999999998
370.15000000000003,0.9999999999999998
370.20000000000005,0.9999999999999998
370.25,0.9999999999999998
370.3,0.9999999999999998
370.35,0.9999999999999998
370.40000000000003,0.9999999999999998
370.45000000000005,0.9999999999999998
370.5,0.9999999999999998
370.55,0.9999999999999998
370.6,0.9999999999999998
370.65000000000003,0.9999999999999998
370.70000000000005,0.9999999999999998
370.75,0.9999999999999998
370.8,0.9999999999999998
370.85,0.9999999999999998
370.90000000000003,0.9999999999999998
370.95000000000005,0.9999999999999998
371.0,0.9999999999999998
371.05,0.9999999999999998
371.1,0.9999999999999998
371.15000000000003,0.9999999999999998
371.20000000000005,0.9999999999999998
371.25,0.9999999999999998
371.3,0.9999999999999998
371.35,0.9999999999999998
371.40000000000003,0.9999999999999998
371.45000000000005,0.9999999999999998
371.5,0.9999999999999998
371.55,0.9999999999999998
371.6,0.9999999999999998
371.65000000000003,0.9999999999999998
371.70000000000005,0.9999999999999998
371.75,0.9999999999999998
371.8,0.9999999999999998
371.85,0.9999999999999998
371.90000000000003,0.9999999999999998
371.95000000000005,0.9999999999999998
372.0,0.9999999999999998
372.05,0.9999999999999998
372.1,0.9999999999999998
372.15000000000003,0.9999999999999998
372.20000000000005,0.9999999999999998
372.25,0.9999999999999998
372.3,0.9999999999999998
372.35,0.9999999999999998
372.40000000000003,0.9999999999999998
372.45000000000005,0.9999999999999998
372.5,0.9999999999999998
372.55,0.9999999999999998
372.6,0.9999999999999998
372.65000000000003,0.9999999999999998
372.70000000000005,0.9999999999999998
372.75,0.9999999999999998
372.8,0.9999999999999998
372.85,0.9999999999999998
372.90000000000003,0.9999999999999998
372.95000000000005,0.9999999999999998
373.0,0.9999999999999998
373.05,0.9999999999999998
373.1,0.9999999999999998
373.15000000000003,0.9999999999999998
373.20000000000005,0.9999999999999998
373.25,0.9999999999999998
373.3,0.9999999999999998
373.35,0.9999999999999998
373.40000000000003,0.9999999999999998
373.45000000000005,0.9999999999999998
373.5,0.9999999999999998
373.55,0.9999999999999998
373.6,0.9999999999999998
373.65000000000003,0.9999999999999998
373.70000000000005,0.9999999999999998
373.75,0.9999999999999998
373.8,0.9999999999999998
373.85,0.9999999999999998
373.90000000000003,0.9999999999999998
373.95000000000005,0.9999999999999998
374.0,0.9999999999999998
374.05,0.9999999999999998
374.1,0.9999999999999998
374.15000000000003,0.9999999999999998
374.20000000000005,0.9999999999999998
374.25,0.9999999999999998
374.3,0.9999999999999998
374.35,0.9999999999999998
374.40000000000003,0.9999999999999998
374.45000000000005,0.9999999999999998
374.5,0.9999999999999998
374.55,0.9999999999999998
374.6,0.9999999999999998
374.65000000000003,0.9999999999999998
374.70000000000005,0.9999999999999998
374.75,0.9999999999999998
374.8,0.9999999999999998
374.85,0.9999999999999998
374.90000000000003,0.9999999999999998
374.95000000000005,0.9999999999999998
375.0,0.9999999999999998
375.05,0.9999999999999998
375.1,0.9999999999999998
375.15000000000003,0.9999999999999998
375.20000000000005,0.9999999999999998
375.25,0.9999999999999998
375.3,0.9999999999999998
375.35,0.9999999999999998
375.40000000000003,0.9999999999999998
375.45000000000005,0.9999999999999998
375.5,0.9999999999999998
375.55,0.9999999999999998
375.6,0.9999999999999998
375.65000000000003,0.9999999999999998
375.70000000000005,0.9999999999999998
375.75,0.9999999999999998
375.8,0.9999999999999998
375.85,0.9999999999999998
375.90000000000003,0.9999999999999998
375.95000000000005,0.9999999999999998
376.0,0.9999999999999998
376.05,0.9999999999999998
376.1,0.9999999999999998
376.15000000000003,0.9999999999999998
376.20000000000005,0.9999999999999998
376.25,0.9999999999999998
376.3,0.9999999999999998
376.35,0.9999999999999998
376.40000000000003,0.9999999999999998
376.45000000000005,0.9999999999999998
376.5,0.9999999999999998
376.55,0.9999999999999998
376.6,0.9999999999999998
376.65000000000003,0.9999999999999998
376.70000000000005,0.9999999999999998
376.75,0.9999999999999998
376.8,0.9999999999999998
376.85,0.9999999999999998
376.90000000000003,0.9999999999999998
376.95000000000005,0.9999999999999998
377.0,0.9999999999999998
377.05,0.9999999999999998
377.1,0.9999999999999998
377.15000000000003,0.9999999999999998
377.20000000000005,0.9999999999999998
377.25,0.9999999999999998
377.3,0.9999999999999998
377.35,0.9999999999999998
377.40000000000003,0.9999999999999998
377.45000000000005,0.9999999999999998
377.5,0.9999999999999998
377.55,0.9999999999999998
377.6,0.9999999999999998
377.65000000000003,0.9999999999999998
377.70000000000005,0.9999999999999998
377.75,0.9999999999999998
377.8,0.9999999999999998
377.85,0.9999999999999998
377.90000000000003,0.9999999999999998
377.95000000000005,0.9999999999999998
378.0,0.9999999999999998
378.05,0.9999999999999998
378.1,0.9999999999999998
378.15000000000003,0.9999999999999998
378.20000000000005,0.9999999999999998
378.25,0.9999999999999998
378.3,0.9999999999999998
378.35,0.9999999999999998
378.40000000000003,0.9999999999999998
378.45000000000005,0.9999999999999998
378.5,0.9999999999999998
378.55,0.9999999999999998
378.6,0.9999999999999998
378.65000000000003,0.9999999999999998
378.70000000000005,0.9999999999999998
378.75,0.9999999999999998
378.8,0.9999999999999998
378.85,0.9999999999999998
378.90000000000003,0.9999999999999998
378.95000000000005,0.9999999999999998
379.0,0.9999999999999998
379.05,0.9999999999999998
379.1,0.9999999999999998
379.15000000000003,0.9999999999999998
379.20000000000005,0.9999999999999998
379.25,0.9999999999999998
379.3,0.9999999999999998
379.35,0.9999999999999998
379.40000000000003,0.9999999999999998
379.45000000000005,0.9999999999999998
379.5,0.9999999999999998
379.55,0.9999999999999998
379.6,0.9999999999999998
379.65000000000003,0.9999999999999998
379.70000000000005,0.9999999999999998
379.75,0.9999999999999998
379.8,0.9999999999999998
379.85,0.9999999999999998
379.90000000000003,0.9999999999999998
379.95000000000005,0.9999999999999998
380.0,0.9999999999999998
380.05,0.9999999999999998
380.1,0.9999999999999998
380.15000000000003,0.9999999999999998
380.20000000000005,0.9999999999999998
380.25,0.9999999999999998
380.3,0.9999999999999998
380.35,0.9999999999999998
380.40000000000003,0.9999999999999998
380.45000000000005,0.9999999999999998
380.5,0.9999999999999998
380.55,0.9999999999999998
380.6,0.9999999999999998
380.65000000000003,0.9999999999999998
380.70000000000005,0.9999999999999998
380.75,0.9999999999999998
380.8,0.9999999999999998
380.85,0.9999999999999998
380.90000000000003,0.9999999999999998
380.95000000000005,0.9999999999999998
381.0,0.9999999999999998
381.05,0.9999999999999998
381.1,0.9999999999999998
381.15000000000003,0.9999999999999998
381.20000000000005,0.9999999999999998
381.25,0.9999999999999998
381.3,0.9999999999999998
381.35,0.9999999999999998
381.40000000000003,0.9999999999999998
381.45000000000005,0.9999999999999998
381.5,0.9999999999999998
381.55,0.9999999999999998
381.6,0.9999999999999998
381.65000000000003,0.9999999999999998
381.70000000000005,0.9999999999999998
381.75,0.9999999999999998
381.8,0.9999999999999998
381.85,0.9999999999999998
381.90000000000003,0.9999999999999998
381.95000000000005,0.9999999999999998
382.0,0.9999999999999998
382.05,0.9999999999999998
382.1,0.9999999999999998
382.15000000000003,0.9999999999999998
382.20000000000005,0.9999999999999998
382.25,0.9999999999999998
382.3,0.9999999999999998
382.35,0.9999999999999998
382.40000000000003,0.9999999999999998
382.45000000000005,0.9999999999999998
382.5,0.9999999999999998
382.55,0.9999999999999998
382.6,0.9999999999999998
382.65000000000003,0.9999999999999998
382.70000000000005,0.9999999999999998
382.75,0.9999999999999998
382.8,0.9999999999999998
382.85,0.9999999999999998
382.90000000000003,0.9999999999999998
382.95000000000005,0.9999999999999998
383.0,0.9999999999999998
383.05,0.9999999999999998
383.1,0.9999999999999998
383.15000000000003,0.9999999999999998
383.20000000000005,0.9999999999999998
383.25,0.9999999999999998
383.3,0.9999999999999998
383.35,0.9999999999999998
383.40000000000003,0.9999999999999998
383.45000000000005,0.9999999999999998
383.5,0.9999999999999998
383.55,0.9999999999999998
383.6,0.9999999999999998
383.65000000000003,0.9999999999999998
383.70000000000005,0.9999999999999998
383.75,0.9999999999999998
383.8,0.9999999999999998
383.85,0.9999999999999998
383.90000000000003,0.9999999999999998
383.95000000000005,0.9999999999999998
384.0,0.9999999999999998
384.05,0.9999999999999998
384.1,0.9999999999999998
384.15000000000003,0.9999999999999998
384.20000000000005,0.9999999999999998
384.25,0.9999999999999998
384.3,0.9999999999999998
384.35,0.9999999999999998
384.40000000000003,0.9999999999999998
384.45000000000005,0.9999999999999998
384.5,0.9999999999999998
384.55,0.9999999999999998
384.6,0.9999999999999998
384.65000000000003,0.9999999999999998
384.70000000000005,0.9999999999999998
384.75,0.9999999999999998
384.8,0.9999999999999998
384.85,0.9999999999999998
384.90000000000003,0.9999999999999998
384.95000000000005,0.9999999999999998
385.0,0.9999999999999998
385.05,0.9999999999999998
385.1,0.9999999999999998
385.15000000000003,0.9999999999999998
385.20000000000005,0.9999999999999998
385.25,0.9999999999999998
385.3,0.9999999999999998
385.35,0.9999999999999998
385.40000000000003,0.9999999999999998
385.45000000000005,0.9999999999999998
385.5,0.9999999999999998
385.55,0.9999999999999998
385.6,0.9999999999999998
385.65000000000003,0.9999999999999998
385.70000000000005,0.9999999999999998
385.75,0.9999999999999998
385.8,0.9999999999999998
385.85,0.9999999999999998
385.90000000000003,0.9999999999999998
385.95000000000005,0.9999999999999998
386.0,0.9999999999999998
386.05,0.9999999999999998
386.1,0.9999999999999998
386.15000000000003,0.9999999999999998
386.20000000000005,0.9999999999999998
386.25,0.9999999999999998
386.3,0.9999999999999998
386.35,0.9999999999999998
386.40000000000003,0.9999999999999998
386.45000000000005,0.9999999999999998
386.5,0.9999999999999998
386.55,0.9999999999999998
386.6,0.9999999999999998
386.65000000000003,0.9999999999999998
386.70000000000005,0.9999999999999998
386.75,0.9999999999999998
386.8,0.9999999999999998
386.85,0.9999999999999998
386.90000000000003,0.9999999999999998
386.95000000000005,0.9999999999999998
387.0,0.9999999999999998
387.05,0.9999999999999998
387.1,0.9999999999999998
387.15000000000003,0.9999999999999998
387.20000000000005,0.9999999999999998
387.25,0.9999999999999998
387.3,0.9999999999999998
387.35,0.9999999999999998
387.40000000000003,0.9999999999999998
387.45000000000005,0.9999999999999998
387.5,0.9999999999999998
387.55,0.9999999999999998
387.6,0.9999999999999998
387.65000000000003,0.9999999999999998
387.70000000000005,0.9999999999999998
387.75,0.9999999999999998
387.8,0.9999999999999998
387.85,0.9999999999999998
387.90000000000003,0.9999999999999998
387.95000000000005,0.9999999999999998
388.0,0.9999999999999998
388.05,0.9999999999999998
388.1,0.9999999999999998
388.15000000000003,0.9999999999999998
388.20000000000005,0.9999999999999998
388.25,0.9999999999999998
388.3,0.9999999999999998
388.35,0.9999999999999998
388.40000000000003,0.9999999999999998
388.45000000000005,0.9999999999999998
388.5,0.9999999999999998
388.55,0.9999999999999998
388.6,0.9999999999999998
388.65000000000003,0.9999999999999998
388.70000000000005,0.9999999999999998
388.75,0.9999999999999998
388.8,0.9999999999999998
388.85,0.9999999999999998
388.90000000000003,0.9999999999999998
388.95000000000005,0.9999999999999998
389.0,0.9999999999999998
389.05,0.9999999999999998
389.1,0.9999999999999998
389.15000000000003,0.9999999999999998
389.20000000000005,0.9999999999999998
389.25,0.9999999999999998
389.3,0.9999999999999998
389.35,0.9999999999999998
389.40000000000003,0.9999999999999998
389.45000000000005,0.9999999999999998
389.5,0.9999999999999998
389.55,0.9999999999999998
389.6,0.9999999999999998
389.65000000000003,0.9999999999999998
389.70000000000005,0.9999999999999998
389.75,0.9999999999999998
389.8,0.9999999999999998
389.85,0.9999999999999998
389.90000000000003,0.9999999999999998
389.95000000000005,0.9999999999999998
390.0,0.9999999999999998
390.05,0.9999999999999998
390.1,0.9999999999999998
390.15000000000003,0.9999999999999998
390.20000000000005,0.9999999999999998
390.25,0.9999999999999998
390.3,0.9999999999999998
390.35,0.9999999999999998
390.40000000000003,0.9999999999999998
390.45000000000005,0.9999999999999998
390.5,0.9999999999999998
390.55,0.9999999999999998
390.6,0.9999999999999998
390.65000000000003,0.9999999999999998
390.70000000000005,0.9999999999999998
390.75,0.9999999999999998
390.8,0.9999999999999998
390.85,0.9999999999999998
390.90000000000003,0.9999999999999998
390.95000000000005,0.9999999999999998
391.0,0.9999999999999998
391.05,0.9999999999999998
391.1,0.9999999999999998
391.15000000000003,0.9999999999999998
391.20000000000005,0.9999999999999998
391.25,0.9999999999999998
391.3,0.9999999999999998
391.35,0.9999999999999998
391.40000000000003,0.9999999999999998
391.45000000000005,0.9999999999999998
391.5,0.9999999999999998
391.55,0.9999999999999998
391.6,0.9999999999999998
391.65000000000003,0.9999999999999998
391.70000000000005,0.9999999999999998
391.75,0.9999999999999998
391.8,0.9999999999999998
391.85,0.9999999999999998
391.90000000000003,0.9999999999999998
391.95000000000005,0.9999999999999998
392.0,0.9999999999999998
392.05,0.9999999999999998
392.1,0.9999999999999998
392.15000000000003,0.9999999999999998
392.20000000000005,0.9999999999999998
392.25,0.9999999999999998
392.3,0.9999999999999998
392.35,0.9999999999999998
392.40000000000003,0.9999999999999998
392.45000000000005,0.9999999999999998
392.5,0.9999999999999998
392.55,0.9999999999999998
392.6,0.9999999999999998
392.65000000000003,0.9999999999999998
392.70000000000005,0.9999999999999998
392.75,0.9999999999999998
392.8,0.9999999999999998
392.85,0.9999999999999998
392.90000000000003,0.9999999999999998
392.95000000000005,0.9999999999999998
393.0,0.9999999999999998
393.05,0.9999999999999998
393.1,0.9999999999999998
393.15000000000003,0.9999999999999998
393.20000000000005,0.9999999999999998
393.25,0.9999999999999998
393.3,0.9999999999999998
393.35,0.9999999999999998
393.40000000000003,0.9999999999999998
393.45000000000005,0.9999999999999998
393.5,0.9999999999999998
393.55,0.9999999999999998
393.6,0.9999999999999998
393.65000000000003,0.9999999999999998
393.70000000000005,0.9999999999999998
393.75,0.9999999999999998
393.8,0.9999999999999998
393.85,0.9999999999999998
393.90000000000003,0.9999999999999998
393.95000000000005,0.9999999999999998
394.0,0.9999999999999998
394.05,0.9999999999999998
394.1,0.9999999999999998
394.15000000000003,0.9999999999999998
394.20000000000005,0.9999999999999998
394.25,0.9999999999999998
394.3,0.9999999999999998
394.35,0.9999999999999998
394.40000000000003,0.9999999999999998
394.45000000000005,0.9999999999999998
394.5,0.9999999999999998
394.55,0.9999999999999998
394.6,0.9999999999999998
394.65000000000003,0.9999999999999998
394.70000000000005,0.9999999999999998
394.75,0.9999999999999998
394.8,0.9999999999999998
394.85,0.9999999999999998
394.90000000000003,0.9999999999999998
394.95000000000005,0.9999999999999998
395.0,0.9999999999999998
395.05,0.9999999999999998
395.1,0.9999999999999998
395.15000000000003,0.9999999999999998
395.20000000000005,0.9999999999999998
395.25,0.9999999999999998
395.3,0.9999999999999998
395.35,0.9999999999999998
395.40000000000003,0.9999999999999998
395.45000000000005,0.9999999999999998
395.5,0.9999999999999998
395.55,0.9999999999999998
395.6,0.9999999999999998
395.65000000000003,0.9999999999999998
395.70000000000005,0.9999999999999998
395.75,0.9999999999999998
395.8,0.9999999999999998
395.85,0.9999999999999998
395.90000000000003,0.9999999999999998
395.95000000000005,0.9999999999999998
396.0,0.9999999999999998
396.05,0.9999999999999998
396.1,0.9999999999999998
396.15000000000003,0.9999999999999998
396.20000000000005,0.9999999999999998
396.25,0.9999999999999998
396.3,0.9999999999999998
396.35,0.9999999999999998
396.40000000000003,0.9999999999999998
396.45000000000005,0.9999999999999998
396.5,0.9999999999999998
396.55,0.9999999999999998
396.6,0.9999999999999998
396.65000000000003,0.9999999999999998
396.70000000000005,0.9999999999999998
396.75,0.9999999999999998
396.8,0.9999999999999998
396.85,0.9999999999999998
396.90000000000003,0.9999999999999998
396.95000000000005,0.9999999999999998
397.0,0.9999999999999998
397.05,0.9999999999999998
397.1,0.9999999999999998
397.15000000000003,0.9999999999999998
397.20000000000005,0.9999999999999998
397.25,0.9999999999999998
397.3,0.9999999999999998
397.35,0.9999999999999998
397.40000000000003,0.9999999999999998
397.45000000000005,0.9999999999999998
397.5,0.9999999999999998
397.55,0.9999999999999998
397.6,0.9999999999999998
397.65000000000003,0.9999999999999998
397.70000000000005,0.9999999999999998
397.75,0.9999999999999998
397.8,0.9999999999999998
397.85,0.9999999999999998
397.90000000000003,0.9999999999999998
397.95000000000005,0.9999999999999998
398.0,0.9999999999999998
398.05,0.9999999999999998
398.1,0.9999999999999998
398.15000000000003,0.9999999999999998
398.20000000000005,0.9999999999999998
398.25,0.9999999999999998
398.3,0.9999999999999998
398.35,0.9999999999999998
398.40000000000003,0.9999999999999998
398.45000000000005,0.9999999999999998
398.5,0.9999999999999998
398.55,0.9999999999999998
398.6,0.9999999999999998
398.65000000000003,0.9999999999999998
398.70000000000005,0.9999999999999998
398.75,0.9999999999999998
398.8,0.9999999999999998
398.85,0.9999999999999998
398.90000000000003,0.9999999999999998
398.95000000000005,0.9999999999999998
399.0,0.9999999999999998
399.05,0.9999999999999998
399.1,0.9999999999999998
399.15000000000003,0.9999999999999998
399.20000000000005,0.9999999999999998
399.25,0.9999999999999998
399.3,0.9999999999999998
399.35,0.9999999999999998
399.40000000000003,0.9999999999999998
399.45000000000005,0.9999999999999998
399.5,0.9999999999999998
399.55,0.9999999999999998
399.6,0.9999999999999998
399.65000000000003,0.9999999999999998
399.70000000000005,0.9999999999999998
399.75,0.9999999999999998
399.8,0.9999999999999998
399.85,0.9999999999999998
399.90000000000003,0.9999999999999998
399.95000000000005,0.9999999999999998
400.0,0.9999999999999998
400.05,0.9999999999999998
400.1,0.9999999999999998
400.15000000000003,0.9999999999999998
400.20000000000005,0.9999999999999998
400.25,0.9999999999999998
400.3,0.9999999999999998
400.35,0.9999999999999998
400.40000000000003,0.9999999999999998
400.45000000000005,0.9999999999999998
400.5,0.9999999999999998
400.55,0.9999999999999998
400.6,0.9999999999999998
400.65000000000003,0.9999999999999998
400.70000000000005,0.9999999999999998
400.75,0.9999999999999998
400.8,0.9999999999999998
400.85,0.9999999999999998
400.90000000000003,0.9999999999999998
400.95000000000005,0.9999999999999998
401.0,0.9999999999999998
401.05,0.9999999999999998
401.1,0.9999999999999998
401.15000000000003,0.9999999999999998
401.20000000000005,0.9999999999999998
401.25,0.9999999999999998
401.3,0.9999999999999998
401.35,0.9999999999999998
401.40000000000003,0.9999999999999998
401.45000000000005,0.9999999999999998
401.5,0.9999999999999998
401.55,0.9999999999999998
401.6,0.9999999999999998
401.65000000000003,0.9999999999999998
401.70000000000005,0.9999999999999998
401.75,0.9999999999999998
401.8,0.9999999999999998
401.85,0.9999999999999998
401.90000000000003,0.9999999999999998
401.95000000000005,0.9999999999999998
402.0,0.9999999999999998
402.05,0.9999999999999998
402.1,0.9999999999999998
402.15000000000003,0.9999999999999998
402.20000000000005,0.9999999999999998
402.25,0.9999999999999998
402.3,0.9999999999999998
402.35,0.9999999999999998
402.40000000000003,0.9999999999999998
402.45000000000005,0.9999999999999998
402.5,0.9999999999999998
402.55,0.9999999999999998
402.6,0.9999999999999998
402.65000000000003,0.9999999999999998
402.70000000000005,0.9999999999999998
402.75,0.9999999999999998
402.8,0.9999999999999998
402.85,0.9999999999999998
402.90000000000003,0.9999999999999998
402.95000000000005,0.9999999999999998
403.0,0.9999999999999998
403.05,0.9999999999999998
403.1,0.9999999999999998
403.15000000000003,0.9999999999999998
403.20000000000005,0.9999999999999998
403.25,0.9999999999999998
403.3,0.9999999999999998
403.35,0.9999999999999998
403.40000000000003,0.9999999999999998
403.45000000000005,0.9999999999999998
403.5,0.9999999999999998
403.55,0.9999999999999998
403.6,0.9999999999999998
403.65000000000003,0.9999999999999998
403.70000000000005,0.9999999999999998
403.75,0.9999999999999998
403.8,0.9999999999999998
403.85,0.9999999999999998
403.90000000000003,0.9999999999999998
403.95000000000005,0.9999999999999998
404.0,0.9999999999999998
404.05,0.9999999999999998
404.1,0.9999999999999998
404.15000000000003,0.9999999999999998
404.20000000000005,0.9999999999999998
404.25,0.9999999999999998
404.3,0.9999999999999998
404.35,0.9999999999999998
404.40000000000003,0.9999999999999998
404.45000000000005,0.9999999999999998
404.5,0.9999999999999998
404.55,0.9999999999999998
404.6,0.9999999999999998
404.65000000000003,0.9999999999999998
404.70000000000005,0.9999999999999998
404.75,0.9999999999999998
404.8,0.9999999999999998
404.85,0.9999999999999998
404.90000000000003,0.9999999999999998
404.95000000000005,0.9999999999999998
405.0,0.9999999999999998
405.05,0.9999999999999998
405.1,0.9999999999999998
405.15000000000003,0.9999999999999998
405.20000000000005,0.9999999999999998
405.25,0.9999999999999998
405.3,0.9999999999999998
405.35,0.9999999999999998
405.40000000000003,0.9999999999999998
405.45000000000005,0.9999999999999998
405.5,0.9999999999999998
405.55,0.9999999999999998
405.6,0.9999999999999998
405.65000000000003,0.9999999999999998
405.70000000000005,0.9999999999999998
405.75,0.9999999999999998
405.8,0.9999999999999998
405.85,0.9999999999999998
405.90000000000003,0.9999999999999998
405.95000000000005,0.9999999999999998
406.0,0.9999999999999998
406.05,0.9999999999999998
406.1,0.9999999999999998
406.15000000000003,0.9999999999999998
406.20000000000005,0.9999999999999998
406.25,0.9999999999999998
406.3,0.9999999999999998
406.35,0.9999999999999998
406.40000000000003,0.9999999999999998
406.45000000000005,0.9999999999999998
406.5,0.9999999999999998
406.55,0.9999999999999998
406.6,0.9999999999999998
406.65000000000003,0.9999999999999998
406.70000000000005,0.9999999999999998
406.75,0.9999999999999998
406.8,0.9999999999999998
406.85,0.9999999999999998
406.90000000000003,0.9999999999999998
406.95000000000005,0.9999999999999998
407.0,0.9999999999999998
407.05,0.9999999999999998
407.1,0.9999999999999998
407.15000000000003,0.9999999999999998
407.20000000000005,0.9999999999999998
407.25,0.9999999999999998
407.3,0.9999999999999998
407.35,0.9999999999999998
407.40000000000003,0.9999999999999998
407.45000000000005,0.9999999999999998
407.5,0.9999999999999998
407.55,0.9999999999999998
407.6,0.9999999999999998
407.65000000000003,0.9999999999999998
407.70000000000005,0.9999999999999998
407.75,0.9999999999999998
407.8,0.9999999999999998
407.85,0.9999999999999998
407.90000000000003,0.9999999999999998
407.95000000000005,0.9999999999999998
408.0,0.9999999999999998
408.05,0.9999999999999998
408.1,0.9999999999999998
408.15000000000003,0.9999999999999998
408.20000000000005,0.9999999999999998
408.25,0.9999999999999998
408.3,0.9999999999999998
408.35,0.9999999999999998
408.40000000000003,0.9999999999999998
408.45000000000005,0.9999999999999998
408.5,0.9999999999999998
408.55,0.9999999999999998
408.6,0.9999999999999998
408.65000000000003,0.9999999999999998
408.70000000000005,0.9999999999999998
408.75,0.9999999999999998
408.8,0.9999999999999998
408.85,0.9999999999999998
408.90000000000003,0.9999999999999998
408.95000000000005,0.9999999999999998
409.0,0.9999999999999998
409.05,0.9999999999999998
409.1,0.9999999999999998
409.15000000000003,0.9999999999999998
409.20000000000005,0.9999999999999998
409.25,0.9999999999999998
409.3,0.9999999999999998
409.35,0.9999999999999998
409.40000000000003,0.9999999999999998
409.45000000000005,0.9999999999999998
409.5,0.9999999999999998
409.55,0.9999999999999998
409.6,0.9999999999999998
409.65000000000003,0.9999999999999998
409.70000000000005,0.9999999999999998
409.75,0.9999999999999998
409.8,0.9999999999999998
409.85,0.9999999999999998
409.90000000000003,0.9999999999999998
409.95000000000005,0.9999999999999998
410.0,0.9999999999999998
410.05,0.9999999999999998
410.1,0.9999999999999998
410.15000000000003,0.9999999999999998
410.20000000000005,0.9999999999999998
410.25,0.9999999999999998
410.3,0.9999999999999998
410.35,0.9999999999999998
410.40000000000003,0.9999999999999998
410.45000000000005,0.9999999999999998
410.5,0.9999999999999998
410.55,0.9999999999999998
410.6,0.9999999999999998
410.65000000000003,0.9999999999999998
410.70000000000005,0.9999999999999998
410.75,0.9999999999999998
410.8,0.9999999999999998
410.85,0.9999999999999998
410.90000000000003,0.9999999999999998
410.95000000000005,0.9999999999999998
411.0,0.9999999999999998
411.05,0.9999999999999998
411.1,0.9999999999999998
411.15000000000003,0.9999999999999998
411.20000000000005,0.9999999999999998
411.25,0.9999999999999998
411.3,0.9999999999999998
411.35,0.9999999999999998
411.40000000000003,0.9999999999999998
411.45000000000005,0.9999999999999998
411.5,0.9999999999999998
411.55,0.9999999999999998
411.6,0.9999999999999998
411.65000000000003,0.9999999999999998
411.70000000000005,0.9999999999999998
411.75,0.9999999999999998
411.8,0.9999999999999998
411.85,0.9999999999999998
411.90000000000003,0.9999999999999998
411.95000000000005,0.9999999999999998
412.0,0.9999999999999998
412.05,0.9999999999999998
412.1,0.9999999999999998
412.15000000000003,0.9999999999999998
412.20000000000005,0.9999999999999998
412.25,0.9999999999999998
412.3,0.9999999999999998
412.35,0.9999999999999998
412.40000000000003,0.9999999999999998
412.45000000000005,0.9999999999999998
412.5,0.9999999999999998
412.55,0.9999999999999998
412.6,0.9999999999999998
412.65000000000003,0.9999999999999998
412.70000000000005,0.9999999999999998
412.75,0.9999999999999998
412.8,0.9999999999999998
412.85,0.9999999999999998
412.90000000000003,0.9999999999999998
412.95000000000005,0.9999999999999998
413.0,0.9999999999999998
413.05,0.9999999999999998
413.1,0.9999999999999998
413.15000000000003,0.9999999999999998
413.20000000000005,0.9999999999999998
413.25,0.9999999999999998
413.3,0.9999999999999998
413.35,0.9999999999999998
413.40000000000003,0.9999999999999998
413.45000000000005,0.9999999999999998
413.5,0.9999999999999998
413.55,0.9999999999999998
413.6,0.9999999999999998
413.65000000000003,0.9999999999999998
413.70000000000005,0.9999999999999998
413.75,0.9999999999999998
413.8,0.9999999999999998
413.85,0.9999999999999998
413.90000000000003,0.9999999999999998
413.95000000000005,0.9999999999999998
414.0,0.9999999999999998
414.05,0.9999999999999998
414.1,0.9999999999999998
414.15000000000003,0.9999999999999998
414.20000000000005,0.9999999999999998
414.25,0.9999999999999998
414.3,0.9999999999999998
414.35,0.9999999999999998
414.40000000000003,0.9999999999999998
414.45000000000005,0.9999999999999998
414.5,0.9999999999999998
414.55,0.9999999999999998
414.6,0.9999999999999998
414.65000000000003,0.9999999999999998
414.70000000000005,0.9999999999999998
414.75,0.9999999999999998
414.8,0.9999999999999998
414.85,0.9999999999999998
414.90000000000003,0.9999999999999998
414.95000000000005,0.9999999999999998
415.0,0.9999999999999998
415.05,0.9999999999999998
415.1,0.9999999999999998
415.15000000000003,0.9999999999999998
415.20000000000005,0.9999999999999998
415.25,0.9999999999999998
415.3,0.9999999999999998
415.35,0.9999999999999998
415.40000000000003,0.9999999999999998
415.45000000000005,0.9999999999999998
415.5,0.9999999999999998
415.55,0.9999999999999998
415.6,0.9999999999999998
415.65000000000003,0.9999999999999998
415.70000000000005,0.9999999999999998
415.75,0.9999999999999998
415.8,0.9999999999999998
415.85,0.9999999999999998
415.90000000000003,0.9999999999999998
415.95000000000005,0.9999999999999998
416.0,0.9999999999999998
416.05,0.9999999999999998
416.1,0.9999999999999998
416.15000000000003,0.9999999999999998
416.20000000000005,0.9999999999999998
416.25,0.9999999999999998
416.3,0.9999999999999998
416.35,0.9999999999999998
416.40000000000003,0.9999999999999998
416.45000000000005,0.9999999999999998
416.5,0.9999999999999998
416.55,0.9999999999999998
416.6,0.9999999999999998
416.65000000000003,0.9999999999999998
416.70000000000005,0.9999999999999998
416.75,0.9999999999999998
416.8,0.9999999999999998
416.85,0.9999999999999998
416.90000000000003,0.9999999999999998
416.95000000000005,0.9999999999999998
417.0,0.9999999999999998
417.05,0.9999999999999998
417.1,0.9999999999999998
417.15000000000003,0.9999999999999998
417.20000000000005,0.9999999999999998
417.25,0.9999999999999998
417.3,0.9999999999999998
417.35,0.9999999999999998
417.40000000000003,0.9999999999999998
417.45000000000005,0.9999999999999998
417.5,0.9999999999999998
417.55,0.9999999999999998
417.6,0.9999999999999998
417.65000000000003,0.9999999999999998
417.70000000000005,0.9999999999999998
417.75,0.9999999999999998
417.8,0.9999999999999998
417.85,0.9999999999999998
417.90000000000003,0.9999999999999998
417.95000000000005,0.9999999999999998
418.0,0.9999999999999998
418.05,0.9999999999999998
418.1,0.9999999999999998
418.15000000000003,0.9999999999999998
418.20000000000005,0.9999999999999998
418.25,0.9999999999999998
418.3,0.9999999999999998
418.35,0.9999999999999998
418.40000000000003,0.9999999999999998
418.45000000000005,0.9999999999999998
418.5,0.9999999999999998
418.55,0.9999999999999998
418.6,0.9999999999999998
418.65000000000003,0.9999999999999998
418.70000000000005,0.9999999999999998
418.75,0.9999999999999998
418.8,0.9999999999999998
418.85,0.9999999999999998
418.90000000000003,0.9999999999999998
418.95000000000005,0.9999999999999998
419.0,0.9999999999999998
419.05,0.9999999999999998
419.1,0.9999999999999998
419.15000000000003,0.9999999999999998
419.20000000000005,0.9999999999999998
419.25,0.9999999999999998
419.3,0.9999999999999998
419.35,0.9999999999999998
419.40000000000003,0.9999999999999998
419.45000000000005,0.9999999999999998
419.5,0.9999999999999998
419.55,0.9999999999999998
419.6,0.9999999999999998
419.65000000000003,0.9999999999999998
419.70000000000005,0.9999999999999998
419.75,0.9999999999999998
419.8,0.9999999999999998
419.85,0.9999999999999998
419.90000000000003,0.9999999999999998
419.95000000000005,0.9999999999999998
420.0,0.9999999999999998
420.05,0.9999999999999998
420.1,0.9999999999999998
420.15000000000003,0.9999999999999998
420.20000000000005,0.9999999999999998
420.25,0.9999999999999998
420.3,0.9999999999999998
420.35,0.9999999999999998
420.40000000000003,0.9999999999999998
420.45000000000005,0.9999999999999998
420.5,0.9999999999999998
420.55,0.9999999999999998
420.6,0.9999999999999998
420.65000000000003,0.9999999999999998
420.70000000000005,0.9999999999999998
420.75,0.9999999999999998
420.8,0.9999999999999998
420.85,0.9999999999999998
420.90000000000003,0.9999999999999998
420.95000000000005,0.9999999999999998
421.0,0.9999999999999998
421.05,0.9999999999999998
421.1,0.9999999999999998
421.15000000000003,0.9999999999999998
421.20000000000005,0.9999999999999998
421.25,0.9999999999999998
421.3,0.9999999999999998
421.35,0.9999999999999998
421.40000000000003,0.9999999999999998
421.45000000000005,0.9999999999999998
421.5,0.9999999999999998
421.55,0.9999999999999998
421.6,0.9999999999999998
421.65000000000003,0.9999999999999998
421.70000000000005,0.9999999999999998
421.75,0.9999999999999998
421.8,0.9999999999999998
421.85,0.9999999999999998
421.90000000000003,0.9999999999999998
421.95000000000005,0.9999999999999998
422.0,0.9999999999999998
422.05,0.9999999999999998
422.1,0.9999999999999998
422.15000000000003,0.9999999999999998
422.20000000000005,0.9999999999999998
422.25,0.9999999999999998
422.3,0.9999999999999998
422.35,0.9999999999999998
422.40000000000003,0.9999999999999998
422.45000000000005,0.9999999999999998
422.5,0.9999999999999998
422.55,0.9999999999999998
422.6,0.9999999999999998
422.65000000000003,0.9999999999999998
422.70000000000005,0.9999999999999998
422.75,0.9999999999999998
422.8,0.9999999999999998
422.85,0.9999999999999998
422.90000000000003,0.9999999999999998
422.95000000000005,0.9999999999999998
423.0,0.9999999999999998
423.05,0.9999999999999998
423.1,0.9999999999999998
423.15000000000003,0.9999999999999998
423.20000000000005,0.9999999999999998
423.25,0.9999999999999998
423.3,0.9999999999999998
423.35,0.9999999999999998
423.40000000000003,0.9999999999999998
423.45000000000005,0.9999999999999998
423.5,0.9999999999999998
423.55,0.9999999999999998
423.6,0.9999999999999998
423.65000000000003,0.9999999999999998
423.70000000000005,0.9999999999999998
423.75,0.9999999999999998
423.8,0.9999999999999998
423.85,0.9999999999999998
423.90000000000003,0.9999999999999998
423.95000000000005,0.9999999999999998
424.0,0.9999999999999998
424.05,0.9999999999999998
424.1,0.9999999999999998
424.15000000000003,0.9999999999999998
424.20000000000005,0.9999999999999998
424.25,0.9999999999999998
424.3,0.9999999999999998
424.35,0.9999999999999998
424.40000000000003,0.9999999999999998
424.45000000000005,0.9999999999999998
424.5,0.9999999999999998
424.55,0.9999999999999998
424.6,0.9999999999999998
424.65000000000003,0.9999999999999998
424.70000000000005,0.9999999999999998
424.75,0.9999999999999998
424.8,0.9999999999999998
424.85,0.9999999999999998
424.90000000000003,0.9999999999999998
424.95000000000005,0.9999999999999998
425.0,0.9999999999999998
425.05,0.9999999999999998
425.1,0.9999999999999998
425.15000000000003,0.9999999999999998
425.20000000000005,0.9999999999999998
425.25,0.9999999999999998
425.3,0.9999999999999998
425.35,0.9999999999999998
425.40000000000003,0.9999999999999998
425.45000000000005,0.9999999999999998
425.5,0.9999999999999998
425.55,0.9999999999999998
425.6,0.9999999999999998
425.65000000000003,0.9999999999999998
425.70000000000005,0.9999999999999998
425.75,0.9999999999999998
425.8,0.9999999999999998
425.85,0.9999999999999998
425.90000000000003,0.9999999999999998
425.95000000000005,0.9999999999999998
426.0,0.9999999999999998
426.05,0.9999999999999998
426.1,0.9999999999999998
426.15000000000003,0.9999999999999998
426.20000000000005,0.9999999999999998
426.25,0.9999999999999998
426.3,0.9999999999999998
426.35,0.9999999999999998
426.40000000000003,0.9999999999999998
426.45000000000005,0.9999999999999998
426.5,0.9999999999999998
426.55,0.9999999999999998
426.6,0.9999999999999998
426.65000000000003,0.9999999999999998
426.70000000000005,0.9999999999999998
426.75,0.9999999999999998
426.8,0.9999999999999998
426.85,0.9999999999999998
426.90000000000003,0.9999999999999998
426.95000000000005,0.9999999999999998
427.0,0.9999999999999998
427.05,0.9999999999999998
427.1,0.9999999999999998
427.15000000000003,0.9999999999999998
427.20000000000005,0.9999999999999998
427.25,0.9999999999999998
427.3,0.9999999999999998
427.35,0.9999999999999998
427.40000000000003,0.9999999999999998
427.45000000000005,0.9999999999999998
427.5,0.9999999999999998
427.55,0.9999999999999998
427.6,0.9999999999999998
427.65000000000003,0.9999999999999998
427.70000000000005,0.9999999999999998
427.75,0.9999999999999998
427.8,0.9999999999999998
427.85,0.9999999999999998
427.90000000000003,0.9999999999999998
427.95000000000005,0.9999999999999998
428.0,0.9999999999999998
428.05,0.9999999999999998
428.1,0.9999999999999998
428.15000000000003,0.9999999999999998
428.20000000000005,0.9999999999999998
428.25,0.9999999999999998
428.3,0.9999999999999998
428.35,0.9999999999999998
428.40000000000003,0.9999999999999998
428.45000000000005,0.9999999999999998
428.5,0.9999999999999998
428.55,0.9999999999999998
428.6,0.9999999999999998
428.65000000000003,0.9999999999999998
428.70000000000005,0.9999999999999998
428.75,0.9999999999999998
428.8,0.9999999999999998
428.85,0.9999999999999998
428.90000000000003,0.9999999999999998
428.95000000000005,0.9999999999999998
429.0,0.9999999999999998
429.05,0.9999999999999998
429.1,0.9999999999999998
429.15000000000003,0.9999999999999998
429.20000000000005,0.9999999999999998
429.25,0.9999999999999998
429.3,0.9999999999999998
429.35,0.9999999999999998
429.40000000000003,0.9999999999999998
429.45000000000005,0.9999999999999998
429.5,0.9999999999999998
429.55,0.9999999999999998
429.6,0.9999999999999998
429.65000000000003,0.9999999999999998
429.70000000000005,0.9999999999999998
429.75,0.9999999999999998
429.8,0.9999999999999998
429.85,0.9999999999999998
429.90000000000003,0.9999999999999998
429.95000000000005,0.9999999999999998
430.0,0.9999999999999998
430.05,0.9999999999999998
430.1,0.9999999999999998
430.15000000000003,0.9999999999999998
430.20000000000005,0.9999999999999998
430.25,0.9999999999999998
430.3,0.9999999999999998
430.35,0.9999999999999998
430.40000000000003,0.9999999999999998
430.45000000000005,0.9999999999999998
430.5,0.9999999999999998
430.55,0.9999999999999998
430.6,0.9999999999999998
430.65000000000003,0.9999999999999998
430.70000000000005,0.9999999999999998
430.75,0.9999999999999998
430.8,0.9999999999999998
430.85,0.9999999999999998
430.90000000000003,0.9999999999999998
430.95000000000005,0.9999999999999998
431.0,0.9999999999999998
431.05,0.9999999999999998
431.1,0.9999999999999998
431.15000000000003,0.9999999999999998
431.20000000000005,0.9999999999999998
431.25,0.9999999999999998
431.3,0.9999999999999998
431.35,0.9999999999999998
431.40000000000003,0.9999999999999998
431.45000000000005,0.9999999999999998
431.5,0.9999999999999998
431.55,0.9999999999999998
431.6,0.9999999999999998
431.65000000000003,0.9999999999999998
431.70000000000005,0.9999999999999998
431.75,0.9999999999999998
431.8,0.9999999999999998
431.85,0.9999999999999998
431.90000000000003,0.9999999999999998
431.95000000000005,0.9999999999999998
432.0,0.9999999999999998
432.05,0.9999999999999998
432.1,0.9999999999999998
432.15000000000003,0.9999999999999998
432.20000000000005,0.9999999999999998
432.25,0.9999999999999998
432.3,0.9999999999999998
432.35,0.9999999999999998
432.40000000000003,0.9999999999999998
432.45000000000005,0.9999999999999998
432.5,0.9999999999999998
432.55,0.9999999999999998
432.6,0.9999999999999998
432.65000000000003,0.9999999999999998
432.70000000000005,0.9999999999999998
432.75,0.9999999999999998
432.8,0.9999999999999998
432.85,0.9999999999999998
432.90000000000003,0.9999999999999998
432.95000000000005,0.9999999999999998
433.0,0.9999999999999998
433.05,0.9999999999999998
433.1,0.9999999999999998
433.15000000000003,0.9999999999999998
433.20000000000005,0.9999999999999998
433.25,0.9999999999999998
433.3,0.9999999999999998
433.35,0.9999999999999998
433.40000000000003,0.9999999999999998
433.45000000000005,0.9999999999999998
433.5,0.9999999999999998
433.55,0.9999999999999998
433.6,0.9999999999999998
433.65000000000003,0.9999999999999998
433.70000000000005,0.9999999999999998
433.75,0.9999999999999998
433.8,0.9999999999999998
433.85,0.9999999999999998
433.90000000000003,0.9999999999999998
433.95000000000005,0.9999999999999998
434.0,0.9999999999999998
434.05,0.9999999999999998
434.1,0.9999999999999998
434.15000000000003,0.9999999999999998
434.20000000000005,0.9999999999999998
434.25,0.9999999999999998
434.3,0.9999999999999998
434.35,0.9999999999999998
434.40000000000003,0.9999999999999998
434.45000000000005,0.9999999999999998
434.5,0.9999999999999998
434.55,0.9999999999999998
434.6,0.9999999999999998
434.65000000000003,0.9999999999999998
434.70000000000005,0.9999999999999998
434.75,0.9999999999999998
434.8,0.9999999999999998
434.85,0.9999999999999998
434.90000000000003,0.9999999999999998
434.95000000000005,0.9999999999999998
435.0,0.9999999999999998
435.05,0.9999999999999998
435.1,0.9999999999999998
435.15000000000003,0.9999999999999998
435.20000000000005,0.9999999999999998
435.25,0.9999999999999998
435.3,0.9999999999999998
435.35,0.9999999999999998
435.40000000000003,0.9999999999999998
435.45000000000005,0.9999999999999998
435.5,0.9999999999999998
435.55,0.9999999999999998
435.6,0.9999999999999998
435.65000000000003,0.9999999999999998
435.70000000000005,0.9999999999999998
435.75,0.9999999999999998
435.8,0.9999999999999998
435.85,0.9999999999999998
435.90000000000003,0.9999999999999998
435.95000000000005,0.9999999999999998
436.0,0.9999999999999998
436.05,0.9999999999999998
436.1,0.9999999999999998
436.15000000000003,0.9999999999999998
436.20000000000005,0.9999999999999998
436.25,0.9999999999999998
436.3,0.9999999999999998
436.35,0.9999999999999998
436.40000000000003,0.9999999999999998
436.45000000000005,0.9999999999999998
436.5,0.9999999999999998
436.55,0.9999999999999998
436.6,0.9999999999999998
436.65000000000003,0.9999999999999998
436.70000000000005,0.9999999999999998
436.75,0.9999999999999998
436.8,0.9999999999999998
436.85,0.9999999999999998
436.90000000000003,0.9999999999999998
436.95000000000005,0.9999999999999998
437.0,0.9999999999999998
437.05,0.9999999999999998
437.1,0.9999999999999998
437.15000000000003,0.9999999999999998
437.20000000000005,0.9999999999999998
437.25,0.9999999999999998
437.3,0.9999999999999998
437.35,0.9999999999999998
437.40000000000003,0.9999999999999998
437.45000000000005,0.9999999999999998
437.5,0.9999999999999998
437.55,0.9999999999999998
437.6,0.9999999999999998
437.65000000000003,0.9999999999999998
437.70000000000005,0.9999999999999998
437.75,0.9999999999999998
437.8,0.9999999999999998
437.85,0.9999999999999998
437.90000000000003,0.9999999999999998
437.95000000000005,0.9999999999999998
438.0,0.9999999999999998
438.05,0.9999999999999998
438.1,0.9999999999999998
438.15000000000003,0.9999999999999998
438.20000000000005,0.9999999999999998
438.25,0.9999999999999998
438.3,0.9999999999999998
438.35,0.9999999999999998
438.40000000000003,0.9999999999999998
438.45000000000005,0.9999999999999998
438.5,0.9999999999999998
438.55,0.9999999999999998
438.6,0.9999999999999998
438.65000000000003,0.9999999999999998
438.70000000000005,0.9999999999999998
438.75,0.9999999999999998
438.8,0.9999999999999998
438.85,0.9999999999999998
438.90000000000003,0.9999999999999998
438.95000000000005,0.9999999999999998
439.0,0.9999999999999998
439.05,0.9999999999999998
439.1,0.9999999999999998
439.15000000000003,0.9999999999999998
439.20000000000005,0.9999999999999998
439.25,0.9999999999999998
439.3,0.9999999999999998
439.35,0.9999999999999998
439.40000000000003,0.9999999999999998
439.45000000000005,0.9999999999999998
439.5,0.9999999999999998
439.55,0.9999999999999998
439.6,0.9999999999999998
439.65000000000003,0.9999999999999998
439.70000000000005,0.9999999999999998
439.75,0.9999999999999998
439.8,0.9999999999999998
439.85,0.9999999999999998
439.90000000000003,0.9999999999999998
439.95000000000005,0.9999999999999998
440.0,0.9999999999999998
440.05,0.9999999999999998
440.1,0.9999999999999998
440.15000000000003,0.9999999999999998
440.20000000000005,0.9999999999999998
440.25,0.9999999999999998
440.3,0.9999999999999998
440.35,0.9999999999999998
440.40000000000003,0.9999999999999998
440.45000000000005,0.9999999999999998
440.5,0.9999999999999998
440.55,0.9999999999999998
440.6,0.9999999999999998
440.65000000000003,0.9999999999999998
440.70000000000005,0.9999999999999998
440.75,0.9999999999999998
440.8,0.9999999999999998
440.85,0.9999999999999998
440.90000000000003,0.9999999999999998
440.95000000000005,0.9999999999999998
441.0,0.9999999999999998
441.05,0.9999999999999998
441.1,0.9999999999999998
441.15000000000003,0.9999999999999998
441.20000000000005,0.9999999999999998
441.25,0.9999999999999998
441.3,0.9999999999999998
441.35,0.9999999999999998
441.40000000000003,0.9999999999999998
441.45000000000005,0.9999999999999998
441.5,0.9999999999999998
441.55,0.9999999999999998
441.6,0.9999999999999998
441.65000000000003,0.9999999999999998
441.70000000000005,0.9999999999999998
441.75,0.9999999999999998
441.8,0.9999999999999998
441.85,0.9999999999999998
441.90000000000003,0.9999999999999998
441.95000000000005,0.9999999999999998
442.0,0.9999999999999998
442.05,0.9999999999999998
442.1,0.9999999999999998
442.15000000000003,0.9999999999999998
442.20000000000005,0.9999999999999998
442.25,0.9999999999999998
442.3,0.9999999999999998
442.35,0.9999999999999998
442.40000000000003,0.9999999999999998
442.45000000000005,0.9999999999999998
442.5,0.9999999999999998
442.55,0.9999999999999998
442.6,0.9999999999999998
442.65000000000003,0.9999999999999998
442.70000000000005,0.9999999999999998
442.75,0.9999999999999998
442.8,0.9999999999999998
442.85,0.9999999999999998
442.90000000000003,0.9999999999999998
442.95000000000005,0.9999999999999998
443.0,0.9999999999999998
443.05,0.9999999999999998
443.1,0.9999999999999998
443.15000000000003,0.9999999999999998
443.20000000000005,0.9999999999999998
443.25,0.9999999999999998
443.3,0.9999999999999998
443.35,0.9999999999999998
443.40000000000003,0.9999999999999998
443.45000000000005,0.9999999999999998
443.5,0.9999999999999998
443.55,0.9999999999999998
443.6,0.9999999999999998
443.65000000000003,0.9999999999999998
443.70000000000005,0.9999999999999998
443.75,0.9999999999999998
443.8,0.9999999999999998
443.85,0.9999999999999998
443.90000000000003,0.9999999999999998
443.95000000000005,0.9999999999999998
444.0,0.9999999999999998
444.05,0.9999999999999998
444.1,0.9999999999999998
444.15000000000003,0.9999999999999998
444.20000000000005,0.9999999999999998
444.25,0.9999999999999998
444.3,0.9999999999999998
444.35,0.9999999999999998
444.40000000000003,0.9999999999999998
444.45000000000005,0.9999999999999998
444.5,0.9999999999999998
444.55,0.9999999999999998
444.6,0.9999999999999998
444.65000000000003,0.9999999999999998
444.70000000000005,0.9999999999999998
444.75,0.9999999999999998
444.8,0.9999999999999998
444.85,0.9999999999999998
444.90000000000003,0.9999999999999998
444.95000000000005,0.9999999999999998
445.0,0.9999999999999998
445.05,0.9999999999999998
445.1,0.9999999999999998
445.15000000000003,0.9999999999999998
445.20000000000005,0.9999999999999998
445.25,0.9999999999999998
445.3,0.9999999999999998
445.35,0.9999999999999998
445.40000000000003,0.9999999999999998
445.45000000000005,0.9999999999999998
445.5,0.9999999999999998
445.55,0.9999999999999998
445.6,0.9999999999999998
445.65000000000003,0.9999999999999998
445.70000000000005,0.9999999999999998
445.75,0.9999999999999998
445.8,0.9999999999999998
445.85,0.9999999999999998
445.90000000000003,0.9999999999999998
445.95000000000005,0.9999999999999998
446.0,0.9999999999999998
446.05,0.9999999999999998
446.1,0.9999999999999998
446.15000000000003,0.9999999999999998
446.20000000000005,0.9999999999999998
446.25,0.9999999999999998
446.3,0.9999999999999998
446.35,0.9999999999999998
446.40000000000003,0.9999999999999998
446.45000000000005,0.9999999999999998
446.5,0.9999999999999998
446.55,0.9999999999999998
446.6,0.9999999999999998
446.65000000000003,0.9999999999999998
446.70000000000005,0.9999999999999998
446.75,0.9999999999999998
446.8,0.9999999999999998
446.85,0.9999999999999998
446.90000000000003,0.9999999999999998
446.95000000000005,0.9999999999999998
447.0,0.9999999999999998
447.05,0.9999999999999998
447.1,0.9999999999999998
447.15000000000003,0.9999999999999998
447.20000000000005,0.9999999999999998
447.25,0.9999999999999998
447.3,0.9999999999999998
447.35,0.9999999999999998
447.40000000000003,0.9999999999999998
447.45000000000005,0.9999999999999998
447.5,0.9999999999999998
447.55,0.9999999999999998
447.6,0.9999999999999998
447.65000000000003,0.9999999999999998
447.70000000000005,0.9999999999999998
447.75,0.9999999999999998
447.8,0.9999999999999998
447.85,0.9999999999999998
447.90000000000003,0.9999999999999998
447.95000000000005,0.9999999999999998
448.0,0.9999999999999998
448.05,0.9999999999999998
448.1,0.9999999999999998
448.15000000000003,0.9999999999999998
448.20000000000005,0.9999999999999998
448.25,0.9999999999999998
448.3,0.9999999999999998
448.35,0.9999999999999998
448.40000000000003,0.9999999999999998
448.45000000000005,0.9999999999999998
448.5,0.9999999999999998
448.55,0.9999999999999998
448.6,0.9999999999999998
448.65000000000003,0.9999999999999998
448.70000000000005,0.9999999999999998
448.75,0.9999999999999998
448.8,0.9999999999999998
448.85,0.9999999999999998
448.90000000000003,0.9999999999999998
448.95000000000005,0.9999999999999998
449.0,0.9999999999999998
449.05,0.9999999999999998
449.1,0.9999999999999998
449.15000000000003,0.9999999999999998
449.20000000000005,0.9999999999999998
449.25,0.9999999999999998
449.3,0.9999999999999998
449.35,0.9999999999999998
449.40000000000003,0.9999999999999998
449.45000000000005,0.9999999999999998
449.5,0.9999999999999998
449.55,0.9999999999999998
449.6,0.9999999999999998
449.65000000000003,0.9999999999999998
449.70000000000005,0.9999999999999998
449.75,0.9999999999999998
449.8,0.9999999999999998
449.85,0.9999999999999998
449.90000000000003,0.9999999999999998
449.95000000000005,0.9999999999999998
450.0,0.9999999999999998
450.05,0.9999999999999998
450.1,0.9999999999999998
450.15000000000003,0.9999999999999998
450.20000000000005,0.9999999999999998
450.25,0.9999999999999998
450.3,0.9999999999999998
450.35,0.9999999999999998
450.40000000000003,0.9999999999999998
450.45000000000005,0.9999999999999998
450.5,0.9999999999999998
450.55,0.9999999999999998
450.6,0.9999999999999998
450.65000000000003,0.9999999999999998
450.70000000000005,0.9999999999999998
450.75,0.9999999999999998
450.8,0.9999999999999998
450.85,0.9999999999999998
450.90000000000003,0.9999999999999998
450.95000000000005,0.9999999999999998
451.0,0.9999999999999998
451.05,0.9999999999999998
451.1,0.9999999999999998
451.15000000000003,0.9999999999999998
451.20000000000005,0.9999999999999998
451.25,0.9999999999999998
451.3,0.9999999999999998
451.35,0.9999999999999998
451.40000000000003,0.9999999999999998
451.45000000000005,0.9999999999999998
451.5,0.9999999999999998
451.55,0.9999999999999998
451.6,0.9999999999999998
451.65000000000003,0.9999999999999998
451.70000000000005,0.9999999999999998
451.75,0.9999999999999998
451.8,0.9999999999999998
451.85,0.9999999999999998
451.90000000000003,0.9999999999999998
451.95000000000005,0.9999999999999998
452.0,0.9999999999999998
452.05,0.9999999999999998
452.1,0.9999999999999998
452.15000000000003,0.9999999999999998
452.20000000000005,0.9999999999999998
452.25,0.9999999999999998
452.3,0.9999999999999998
452.35,0.9999999999999998
452.40000000000003,0.9999999999999998
452.45000000000005,0.9999999999999998
452.5,0.9999999999999998
452.55,0.9999999999999998
452.6,0.9999999999999998
452.65000000000003,0.9999999999999998
452.70000000000005,0.9999999999999998
452.75,0.9999999999999998
452.8,0.9999999999999998
452.85,0.9999999999999998
452.90000000000003,0.9999999999999998
452.95000000000005,0.9999999999999998
453.0,0.9999999999999998
453.05,0.9999999999999998
453.1,0.9999999999999998
453.15000000000003,0.9999999999999998
453.20000000000005,0.9999999999999998
453.25,0.9999999999999998
453.3,0.9999999999999998
453.35,0.9999999999999998
453.40000000000003,0.9999999999999998
453.45000000000005,0.9999999999999998
453.5,0.9999999999999998
453.55,0.9999999999999998
453.6,0.9999999999999998
453.65000000000003,0.9999999999999998
453.70000000000005,0.9999999999999998
453.75,0.9999999999999998
453.8,0.9999999999999998
453.85,0.9999999999999998
453.90000000000003,0.9999999999999998
453.95000000000005,0.9999999999999998
454.0,0.9999999999999998
454.05,0.9999999999999998
454.1,0.9999999999999998
454.15000000000003,0.9999999999999998
454.20000000000005,0.9999999999999998
454.25,0.9999999999999998
454.3,0.9999999999999998
454.35,0.9999999999999998
454.40000000000003,0.9999999999999998
454.45000000000005,0.9999999999999998
454.5,0.9999999999999998
454.55,0.9999999999999998
454.6,0.9999999999999998
454.65000000000003,0.9999999999999998
454.70000000000005,0.9999999999999998
454.75,0.9999999999999998
454.8,0.9999999999999998
454.85,0.9999999999999998
454.90000000000003,0.9999999999999998
454.95000000000005,0.9999999999999998
455.0,0.9999999999999998
455.05,0.9999999999999998
455.1,0.9999999999999998
455.15000000000003,0.9999999999999998
455.20000000000005,0.9999999999999998
455.25,0.9999999999999998
455.3,0.9999999999999998
455.35,0.9999999999999998
455.40000000000003,0.9999999999999998
455.45000000000005,0.9999999999999998
455.5,0.9999999999999998
455.55,0.9999999999999998
455.6,0.9999999999999998
455.65000000000003,0.9999999999999998
455.70000000000005,0.9999999999999998
455.75,0.9999999999999998
455.8,0.9999999999999998
455.85,0.9999999999999998
455.90000000000003,0.9999999999999998
455.95000000000005,0.9999999999999998
456.0,0.9999999999999998
456.05,0.9999999999999998
456.1,0.9999999999999998
456.15000000000003,0.9999999999999998
456.20000000000005,0.9999999999999998
456.25,0.9999999999999998
456.3,0.9999999999999998
456.35,0.9999999999999998
456.40000000000003,0.9999999999999998
456.45000000000005,0.9999999999999998
456.5,0.9999999999999998
456.55,0.9999999999999998
456.6,0.9999999999999998
456.65000000000003,0.9999999999999998
456.70000000000005,0.9999999999999998
456.75,0.9999999999999998
456.8,0.9999999999999998
456.85,0.9999999999999998
456.90000000000003,0.9999999999999998
456.95000000000005,0.9999999999999998
457.0,0.9999999999999998
457.05,0.9999999999999998
457.1,0.9999999999999998
457.15000000000003,0.9999999999999998
457.20000000000005,0.9999999999999998
457.25,0.9999999999999998
457.3,0.9999999999999998
457.35,0.9999999999999998
457.40000000000003,0.9999999999999998
457.45000000000005,0.9999999999999998
457.5,0.9999999999999998
457.55,0.9999999999999998
457.6,0.9999999999999998
457.65000000000003,0.9999999999999998
457.70000000000005,0.9999999999999998
457.75,0.9999999999999998
457.8,0.9999999999999998
457.85,0.9999999999999998
457.90000000000003,0.9999999999999998
457.95000000000005,0.9999999999999998
458.0,0.9999999999999998
458.05,0.9999999999999998
458.1,0.9999999999999998
458.15000000000003,0.9999999999999998
458.20000000000005,0.9999999999999998
458.25,0.9999999999999998
458.3,0.9999999999999998
458.35,0.9999999999999998
458.40000000000003,0.9999999999999998
458.45000000000005,0.9999999999999998
458.5,0.9999999999999998
458.55,0.9999999999999998
458.6,0.9999999999999998
458.65000000000003,0.9999999999999998
458.70000000000005,0.9999999999999998
458.75,0.9999999999999998
458.8,0.9999999999999998
458.85,0.9999999999999998
458.90000000000003,0.9999999999999998
458.95000000000005,0.9999999999999998
459.0,0.9999999999999998
459.05,0.9999999999999998
459.1,0.9999999999999998
459.15000000000003,0.9999999999999998
459.20000000000005,0.9999999999999998
459.25,0.9999999999999998
459.3,0.9999999999999998
459.35,0.9999999999999998
459.40000000000003,0.9999999999999998
459.45000000000005,0.9999999999999998
459.5,0.9999999999999998
459.55,0.9999999999999998
459.6,0.9999999999999998
459.65000000000003,0.9999999999999998
459.70000000000005,0.9999999999999998
459.75,0.9999999999999998
459.8,0.9999999999999998
459.85,0.9999999999999998
459.90000000000003,0.9999999999999998
459.95000000000005,0.9999999999999998
460.0,0.9999999999999998
460.05,0.9999999999999998
460.1,0.9999999999999998
460.15000000000003,0.9999999999999998
460.20000000000005,0.9999999999999998
460.25,0.9999999999999998
460.3,0.9999999999999998
460.35,0.9999999999999998
460.40000000000003,0.9999999999999998
460.45000000000005,0.9999999999999998
460.5,0.9999999999999998
460.55,0.9999999999999998
460.6,0.9999999999999998
460.65000000000003,0.9999999999999998
460.70000000000005,0.9999999999999998
460.75,0.9999999999999998
460.8,0.9999999999999998
460.85,0.9999999999999998
460.90000000000003,0.9999999999999998
460.95000000000005,0.9999999999999998
461.0,0.9999999999999998
461.05,0.9999999999999998
461.1,0.9999999999999998
461.15000000000003,0.9999999999999998
461.20000000000005,0.9999999999999998
461.25,0.9999999999999998
461.3,0.9999999999999998
461.35,0.9999999999999998
461.40000000000003,0.9999999999999998
461.45000000000005,0.9999999999999998
461.5,0.9999999999999998
461.55,0.9999999999999998
461.6,0.9999999999999998
461.65000000000003,0.9999999999999998
461.70000000000005,0.9999999999999998
461.75,0.9999999999999998
461.8,0.9999999999999998
461.85,0.9999999999999998
461.90000000000003,0.9999999999999998
461.95000000000005,0.9999999999999998
462.0,0.9999999999999998
462.05,0.9999999999999998
462.1,0.9999999999999998
462.15000000000003,0.9999999999999998
462.20000000000005,0.9999999999999998
462.25,0.9999999999999998
462.3,0.9999999999999998
462.35,0.9999999999999998
462.40000000000003,0.9999999999999998
462.45000000000005,0.9999999999999998
462.5,0.9999999999999998
462.55,0.9999999999999998
462.6,0.9999999999999998
462.65000000000003,0.9999999999999998
462.70000000000005,0.9999999999999998
462.75,0.9999999999999998
462.8,0.9999999999999998
462.85,0.9999999999999998
462.90000000000003,0.9999999999999998
462.95000000000005,0.9999999999999998
463.0,0.9999999999999998
463.05,0.9999999999999998
463.1,0.9999999999999998
463.15000000000003,0.9999999999999998
463.20000000000005,0.9999999999999998
463.25,0.9999999999999998
463.3,0.9999999999999998
463.35,0.9999999999999998
463.40000000000003,0.9999999999999998
463.45000000000005,0.9999999999999998
463.5,0.9999999999999998
463.55,0.9999999999999998
463.6,0.9999999999999998
463.65000000000003,0.9999999999999998
463.70000000000005,0.9999999999999998
463.75,0.9999999999999998
463.8,0.9999999999999998
463.85,0.9999999999999998
463.90000000000003,0.9999999999999998
463.95000000000005,0.9999999999999998
464.0,0.9999999999999998
464.05,0.9999999999999998
464.1,0.9999999999999998
464.15000000000003,0.9999999999999998
464.20000000000005,0.9999999999999998
464.25,0.9999999999999998
464.3,0.9999999999999998
464.35,0.9999999999999998
464.40000000000003,0.9999999999999998
464.45000000000005,0.9999999999999998
464.5,0.9999999999999998
464.55,0.9999999999999998
464.6,0.9999999999999998
464.65000000000003,0.9999999999999998
464.70000000000005,0.9999999999999998
464.75,0.9999999999999998
464.8,0.9999999999999998
464.85,0.9999999999999998
464.90000000000003,0.9999999999999998
464.95000000000005,0.9999999999999998
465.0,0.9999999999999998
465.05,0.9999999999999998
465.1,0.9999999999999998
465.15000000000003,0.9999999999999998
465.20000000000005,0.9999999999999998
465.25,0.9999999999999998
465.3,0.9999999999999998
465.35,0.9999999999999998
465.40000000000003,0.9999999999999998
465.45000000000005,0.9999999999999998
465.5,0.9999999999999998
465.55,0.9999999999999998
465.6,0.9999999999999998
465.65000000000003,0.9999999999999998
465.70000000000005,0.9999999999999998
465.75,0.9999999999999998
465.8,0.9999999999999998
465.85,0.9999999999999998
465.90000000000003,0.9999999999999998
465.95000000000005,0.9999999999999998
466.0,0.9999999999999998
466.05,0.9999999999999998
466.1,0.9999999999999998
466.15000000000003,0.9999999999999998
466.20000000000005,0.9999999999999998
466.25,0.9999999999999998
466.3,0.9999999999999998
466.35,0.9999999999999998
466.40000000000003,0.9999999999999998
466.45000000000005,0.9999999999999998
466.5,0.9999999999999998
466.55,0.9999999999999998
466.6,0.9999999999999998
466.65000000000003,0.9999999999999998
466.70000000000005,0.9999999999999998
466.75,0.9999999999999998
466.8,0.9999999999999998
466.85,0.9999999999999998
466.90000000000003,0.9999999999999998
466.95000000000005,0.9999999999999998
467.0,0.9999999999999998
467.05,0.9999999999999998
467.1,0.9999999999999998
467.15000000000003,0.9999999999999998
467.20000000000005,0.9999999999999998
467.25,0.9999999999999998
467.3,0.9999999999999998
467.35,0.9999999999999998
467.40000000000003,0.9999999999999998
467.45000000000005,0.9999999999999998
467.5,0.9999999999999998
467.55,0.9999999999999998
467.6,0.9999999999999998
467.65000000000003,0.9999999999999998
467.70000000000005,0.9999999999999998
467.75,0.9999999999999998
467.8,0.9999999999999998
467.85,0.9999999999999998
467.90000000000003,0.9999999999999998
467.95000000000005,0.9999999999999998
468.0,0.9999999999999998
468.05,0.9999999999999998
468.1,0.9999999999999998
468.15000000000003,0.9999999999999998
468.20000000000005,0.9999999999999998
468.25,0.9999999999999998
468.3,0.9999999999999998
468.35,0.9999999999999998
468.40000000000003,0.9999999999999998
468.45000000000005,0.9999999999999998
468.5,0.9999999999999998
468.55,0.9999999999999998
468.6,0.9999999999999998
468.65000000000003,0.9999999999999998
468.70000000000005,0.9999999999999998
468.75,0.9999999999999998
468.8,0.9999999999999998
468.85,0.9999999999999998
468.90000000000003,0.9999999999999998
468.95000000000005,0.9999999999999998
469.0,0.9999999999999998
469.05,0.9999999999999998
469.1,0.9999999999999998
469.15000000000003,0.9999999999999998
469.20000000000005,0.9999999999999998
469.25,0.9999999999999998
469.3,0.9999999999999998
469.35,0.9999999999999998
469.40000000000003,0.9999999999999998
469.45000000000005,0.9999999999999998
469.5,0.9999999999999998
469.55,0.9999999999999998
469.6,0.9999999999999998
469.65000000000003,0.9999999999999998
469.70000000000005,0.9999999999999998
469.75,0.9999999999999998
469.8,0.9999999999999998
469.85,0.9999999999999998
469.90000000000003,0.9999999999999998
469.95000000000005,0.9999999999999998
470.0,0.9999999999999998
470.05,0.9999999999999998
470.1,0.9999999999999998
470.15000000000003,0.9999999999999998
470.20000000000005,0.9999999999999998
470.25,0.9999999999999998
470.3,0.9999999999999998
470.35,0.9999999999999998
470.40000000000003,0.9999999999999998
470.45000000000005,0.9999999999999998
470.5,0.9999999999999998
470.55,0.9999999999999998
470.6,0.9999999999999998
470.65000000000003,0.9999999999999998
470.70000000000005,0.9999999999999998
470.75,0.9999999999999998
470.8,0.9999999999999998
470.85,0.9999999999999998
470.90000000000003,0.9999999999999998
470.95000000000005,0.9999999999999998
471.0,0.9999999999999998
471.05,0.9999999999999998
471.1,0.9999999999999998
471.15000000000003,0.9999999999999998
471.20000000000005,0.9999999999999998
471.25,0.9999999999999998
471.3,0.9999999999999998
471.35,0.9999999999999998
471.40000000000003,0.9999999999999998
471.45000000000005,0.9999999999999998
471.5,0.9999999999999998
471.55,0.9999999999999998
471.6,0.9999999999999998
471.65000000000003,0.9999999999999998
471.70000000000005,0.9999999999999998
471.75,0.9999999999999998
471.8,0.9999999999999998
471.85,0.9999999999999998
471.90000000000003,0.9999999999999998
471.95000000000005,0.9999999999999998
472.0,0.9999999999999998
472.05,0.9999999999999998
472.1,0.9999999999999998
472.15000000000003,0.9999999999999998
472.20000000000005,0.9999999999999998
472.25,0.9999999999999998
472.3,0.9999999999999998
472.35,0.9999999999999998
472.40000000000003,0.9999999999999998
472.45000000000005,0.9999999999999998
472.5,0.9999999999999998
472.55,0.9999999999999998
472.6,0.9999999999999998
472.65000000000003,0.9999999999999998
472.70000000000005,0.9999999999999998
472.75,0.9999999999999998
472.8,0.9999999999999998
472.85,0.9999999999999998
472.90000000000003,0.9999999999999998
472.95000000000005,0.9999999999999998
473.0,0.9999999999999998
473.05,0.9999999999999998
473.1,0.9999999999999998
473.15000000000003,0.9999999999999998
473.20000000000005,0.9999999999999998
473.25,0.9999999999999998
473.3,0.9999999999999998
473.35,0.9999999999999998
473.40000000000003,0.9999999999999998
473.45000000000005,0.9999999999999998
473.5,0.9999999999999998
473.55,0.9999999999999998
473.6,0.9999999999999998
473.65000000000003,0.9999999999999998
473.70000000000005,0.9999999999999998
473.75,0.9999999999999998
473.8,0.9999999999999998
473.85,0.9999999999999998
473.90000000000003,0.9999999999999998
473.95000000000005,0.9999999999999998
474.0,0.9999999999999998
474.05,0.9999999999999998
474.1,0.9999999999999998
474.15000000000003,0.9999999999999998
474.20000000000005,0.9999999999999998
474.25,0.9999999999999998
474.3,0.9999999999999998
474.35,0.9999999999999998
474.40000000000003,0.9999999999999998
474.45000000000005,0.9999999999999998
474.5,0.9999999999999998
474.55,0.9999999999999998
474.6,0.9999999999999998
474.65000000000003,0.9999999999999998
474.70000000000005,0.9999999999999998
474.75,0.9999999999999998
474.8,0.9999999999999998
474.85,0.9999999999999998
474.90000000000003,0.9999999999999998
474.95000000000005,0.9999999999999998
475.0,0.9999999999999998
475.05,0.9999999999999998
475.1,0.9999999999999998
475.15000000000003,0.9999999999999998
475.20000000000005,0.9999999999999998
475.25,0.9999999999999998
475.3,0.9999999999999998
475.35,0.9999999999999998
475.40000000000003,0.9999999999999998
475.45000000000005,0.9999999999999998
475.5,0.9999999999999998
475.55,0.9999999999999998
475.6,0.9999999999999998
475.65000000000003,0.9999999999999998
475.70000000000005,0.9999999999999998
475.75,0.9999999999999998
475.8,0.9999999999999998
475.85,0.9999999999999998
475.90000000000003,0.9999999999999998
475.95000000000005,0.9999999999999998
476.0,0.9999999999999998
476.05,0.9999999999999998
476.1,0.9999999999999998
476.15000000000003,0.9999999999999998
476.20000000000005,0.9999999999999998
476.25,0.9999999999999998
476.3,0.9999999999999998
476.35,0.9999999999999998
476.40000000000003,0.9999999999999998
476.45000000000005,0.9999999999999998
476.5,0.9999999999999998
476.55,0.9999999999999998
476.6,0.9999999999999998
476.65000000000003,0.9999999999999998
476.70000000000005,0.9999999999999998
476.75,0.9999999999999998
476.8,0.9999999999999998
476.85,0.9999999999999998
476.90000000000003,0.9999999999999998
476.95000000000005,0.9999999999999998
477.0,0.9999999999999998
477.05,0.9999999999999998
477.1,0.9999999999999998
477.15000000000003,0.9999999999999998
477.20000000000005,0.9999999999999998
477.25,0.9999999999999998
477.3,0.9999999999999998
477.35,0.9999999999999998
477.40000000000003,0.9999999999999998
477.45000000000005,0.9999999999999998
477.5,0.9999999999999998
477.55,0.9999999999999998
477.6,0.9999999999999998
477.65000000000003,0.9999999999999998
477.70000000000005,0.9999999999999998
477.75,0.9999999999999998
477.8,0.9999999999999998
477.85,0.9999999999999998
477.90000000000003,0.9999999999999998
477.95000000000005,0.9999999999999998
478.0,0.9999999999999998
478.05,0.9999999999999998
478.1,0.9999999999999998
478.15000000000003,0.9999999999999998
478.20000000000005,0.9999999999999998
478.25,0.9999999999999998
478.3,0.9999999999999998
478.35,0.9999999999999998
478.40000000000003,0.9999999999999998
478.45000000000005,0.9999999999999998
478.5,0.9999999999999998
478.55,0.9999999999999998
478.6,0.9999999999999998
478.65000000000003,0.9999999999999998
478.70000000000005,0.9999999999999998
478.75,0.9999999999999998
478.8,0.9999999999999998
478.85,0.9999999999999998
478.90000000000003,0.9999999999999998
478.95000000000005,0.9999999999999998
479.0,0.9999999999999998
479.05,0.9999999999999998
479.1,0.9999999999999998
479.15000000000003,0.9999999999999998
479.20000000000005,0.9999999999999998
479.25,0.9999999999999998
479.3,0.9999999999999998
479.35,0.9999999999999998
479.40000000000003,0.9999999999999998
479.45000000000005,0.9999999999999998
479.5,0.9999999999999998
479.55,0.9999999999999998
479.6,0.9999999999999998
479.65000000000003,0.9999999999999998
479.70000000000005,0.9999999999999998
479.75,0.9999999999999998
479.8,0.9999999999999998
479.85,0.9999999999999998
479.90000000000003,0.9999999999999998
479.95000000000005,0.9999999999999998
480.0,0.9999999999999998
