,GA_Efficiency
0.0,0.5386042280562674
0.05,0.5390305866233858
0.1,0.5396088764430217
0.15000000000000002,0.5403266555175771
0.2,0.5412427619764728
0.25,0.5423895778711366
0.30000000000000004,0.5437597807887254
0.35000000000000003,0.5453732428197979
0.4,0.5472887737002485
0.45,0.5495069181544032
0.5,0.5520346502948057
0.55,0.5548753200941018
0.6000000000000001,0.5580300158693028
0.65,0.5615012989685632
0.7000000000000001,0.5652819391358277
0.75,0.5693623268650272
0.8,0.5737274756802879
0.8500000000000001,0.5783531898625094
0.9,0.5832076009366349
0.9500000000000001,0.5882551972938299
1.0,0.5934555850760289
1.05,0.5987644707749034
1.1,0.6041348050485222
1.1500000000000001,0.6095180777437433
1.2000000000000002,0.6148655581446791
1.25,0.6201297094958308
1.3,0.6252653816297635
1.35,0.6302309787234679
1.4000000000000001,0.6349894555636673
1.4500000000000002,0.6395090712996785
1.5,0.6437639591962152
1.55,0.6477344622567764
1.6,0.6514071872310467
1.6500000000000001,0.6547748978605332
1.7000000000000002,0.6578369527471842
1.75,0.6606005863551705
1.8,0.6630716959239138
1.85,0.665262535875716
1.9000000000000001,0.6671889554931556
1.9500000000000002,0.6688692030956194
2.0,0.6703231624682904
2.0500000000000003,0.6715716503171294
2.1,0.6726357407579382
2.15,0.6735362591836984
2.2,0.674293273121511
2.25,0.6749257530523751
2.3000000000000003,0.6754512941418767
2.35,0.6758859467337932
2.4000000000000004,0.676244114025385
2.45,0.6765385301899991
2.5,0.6767802856164616
2.5500000000000003,0.6769788891761696
2.6,0.6771424166853836
2.6500000000000004,0.6772775836278981
2.7,0.6773899526715009
2.75,0.6774840168162748
2.8000000000000003,0.6775634010952584
2.85,0.6776309782926431
2.9000000000000004,0.6776889798815053
2.95,0.6777391566470086
3.0,0.6777828463910653
3.0500000000000003,0.67782107734514
3.1,0.6778546247764293
3.1500000000000004,0.6778841185522384
3.2,0.6779100194887852
3.25,0.6779327181971693
3.3000000000000003,0.6779525438924506
3.35,0.6779697754113101
3.4000000000000004,0.6779846613036832
3.45,0.6779974418995469
3.5,0.6780083343936618
3.5500000000000003,0.6780175368238714
3.6,0.6780252461054981
3.6500000000000004,0.6780316614525177
3.7,0.6780369396876522
3.75,0.6780412461987936
3.8000000000000003,0.6780447284974193
3.85,0.6780475177147658
3.9000000000000004,0.678049729592602
3.95,0.678051466604974
4.0,0.6780528178155871
4.05,0.6780538593336235
4.1000000000000005,0.6780546529424981
4.15,0.6780552528188405
4.2,0.6780557012406756
4.25,0.6780560332518232
4.3,0.6780562767390012
4.3500000000000005,0.6780564534851594
4.4,0.6780565804697456
4.45,0.6780566709830594
4.5,0.6780567346667636
4.55,0.67805677913355
4.6000000000000005,0.6780568098371331
4.65,0.6780568307957502
4.7,0.6780568449656226
4.75,0.6780568545417589
4.800000000000001,0.6780568608694555
4.8500000000000005,0.6780568650249368
4.9,0.6780568677519713
4.95,0.6780568694196645
5.0,0.6780568705325385
5.050000000000001,0.6780568712798957
5.1000000000000005,0.6780568717249744
5.15,0.678056871950926
5.2,0.678056872166818
5.25,0.6780568722797937
5.300000000000001,0.6780568722898532
5.3500000000000005,0.6780568723827101
5.4,0.6780568723927696
5.45,0.6780568723927696
5.5,0.6780568723927696
5.550000000000001,0.6780568723927696
5.6000000000000005,0.6780568723927696
5.65,0.6780568723927696
5.7,0.6780568723927696
5.75,0.6885107206763728
5.800000000000001,0.6929334200837008
5.8500000000000005,0.6953144585305097
5.9,0.7080273095907553
5.95,0.7114236221157726
6.0,0.7204125315590699
6.050000000000001,0.7243112515040067
6.1000000000000005,0.7339225894394343
6.15,0.7382106475328385
6.2,0.7434462972743243
6.25,0.7448811335032248
6.300000000000001,0.7462638092705796
6.3500000000000005,0.7481253957168527
6.4,0.7487931017425369
6.45,0.750390941122328
6.5,0.7514300144506794
6.550000000000001,0.7521110939726966
6.6000000000000005,0.7527909857745207
6.65,0.753469503631913
6.7,0.754146462752495
6.75,0.7548216790883725
6.800000000000001,0.7554949722921631
6.8500000000000005,0.7561661627293008
6.9,0.756835068880805
6.95,0.7575015145069376
7.0,0.7581653265511701
7.050000000000001,0.7588263321445303
7.1000000000000005,0.7594843588476297
7.15,0.7601392416399454
7.2,0.760790813290606
7.25,0.7614389122994087
7.300000000000001,0.7620833762651216
7.3500000000000005,0.7627240502851546
7.4,0.763360781652543
7.45,0.7650088293410975
7.5,0.7657962819829086
7.550000000000001,0.766430497737891
7.6000000000000005,0.7670601857821809
7.65,0.7676852049453065
7.7,0.7683054193203106
7.75,0.768920695057224
7.800000000000001,0.7695309049691524
7.8500000000000005,0.7701359220990898
7.9,0.7707356255852191
7.95,0.7713298987356824
8.0,0.7719186282517347
8.05,0.772501703723361
8.1,0.7730790204843149
8.15,0.7736504791429819
8.200000000000001,0.7742159813198168
8.25,0.774775436394652
8.3,0.7753287552268039
8.35,0.7758758545088635
8.4,0.7764166559465057
8.450000000000001,0.7769510829779852
8.5,0.7774790661955879
8.55,0.7780005391033369
8.6,0.778515439623837
8.65,0.7790237116354671
8.700000000000001,0.7795253003149492
8.75,0.7800201578697559
8.8,0.7805082404563857
8.85,0.7809895086536862
8.9,0.7814639249831554
8.950000000000001,0.7819314596592678
9.0,0.7823920836095721
9.05,0.7828457764704462
9.1,0.7832925170079268
9.15,0.7837322919753379
9.200000000000001,0.7841650906212485
9.25,0.7845909039807579
9.3,0.7850097330350709
9.35,0.785421575546553
9.4,0.7858264393196226
9.450000000000001,0.7862243304252439
9.5,0.78661526158055
9.55,0.786999248905722
9.600000000000001,0.7873763137935609
9.65,0.7877464759710386
9.700000000000001,0.7881097630474435
9.75,0.7884662062816148
9.8,0.7888158348775458
9.850000000000001,0.7891586857415444
9.9,0.789494799419926
9.950000000000001,0.7898242154747246
10.0,0.7901469787795175
10.05,0.7904631383942825
10.100000000000001,0.7907727408668774
10.15,0.7910758411767332
10.200000000000001,0.7913724933024552
10.25,0.7916627556233592
10.3,0.7919466856145376
10.350000000000001,0.7922243464129176
10.4,0.7924957995963591
10.450000000000001,0.7927611141500163
10.5,0.7930203551000372
10.55,0.7932735916300675
10.600000000000001,0.7935208968393849
10.65,0.7937623400702598
10.700000000000001,0.7939979978232325
10.75,0.7942279447405693
10.8,0.7944522577274784
10.850000000000001,0.7946710125763549
10.9,0.7948842911948991
10.950000000000001,0.7950921714900142
11.0,0.7952947345468131
11.05,0.7954920633073863
11.100000000000001,0.7956842391184562
11.15,0.7958713445913053
11.200000000000001,0.7960534643075485
11.25,0.7962306819735026
11.3,0.7964030823804847
11.350000000000001,0.7965707501969583
11.4,0.7967337683432507
11.450000000000001,0.7968922265817979
11.5,0.7970462050167346
11.55,0.7971957932038655
11.600000000000001,0.7973410747368164
11.65,0.7974821349132445
11.700000000000001,0.7976190584673334
11.75,0.7977519300048481
11.8,0.7984939846301059
11.850000000000001,0.7989536645372259
11.9,0.7992540012914964
11.950000000000001,0.8011833628505503
12.0,0.8180930353795051
12.05,0.8281030610714011
12.100000000000001,0.8310212822829559
12.15,0.845443586228431
12.200000000000001,0.8562508511212048
12.25,0.8624767752635458
12.3,0.8662849940555748
12.350000000000001,0.8697058577317667
12.4,0.8728935298700444
12.450000000000001,0.8754876747826085
12.5,0.8762060241655705
12.55,0.8785531165710386
12.600000000000001,0.8793284081528888
12.65,0.8800530427225747
12.700000000000001,0.88077439280422
12.75,0.8814924263794633
12.8,0.8822071134500891
12.850000000000001,0.8829184253532385
12.9,0.8836263291661883
12.950000000000001,0.8843307928897071
13.0,0.8850317839346659
13.05,0.8857292700733478
13.100000000000001,0.8864232179392684
13.15,0.8871135915198359
13.200000000000001,0.8878003557430779
13.25,0.8884834768843909
13.3,0.8891629203693789
13.350000000000001,0.8898386494921111
13.4,0.8905106258198565
13.450000000000001,0.8911788133115316
13.5,0.8937563034444775
13.55,0.8944686894402809
13.600000000000001,0.8951436328081659
13.65,0.8958146444091661
13.700000000000001,0.8964816854515715
13.75,0.8971447131832536
13.8,0.8978036905796143
13.850000000000001,0.8984585744866489
13.9,0.8991093265245507
13.950000000000001,0.8997559078455797
14.0,0.9003982759227172
14.05,0.9010363926735712
14.100000000000001,0.9016702202760152
14.15,0.9022997175851839
14.200000000000001,0.9029248462146835
14.25,0.9035455693541917
14.3,0.9041618507870842
14.350000000000001,0.9047736487513238
14.4,0.9053809315528951
14.450000000000001,0.9059836614715495
14.5,0.9065818013130876
14.55,0.9071753163131179
14.600000000000001,0.9077641773177141
14.65,0.9083483466920736
14.700000000000001,0.908927792044714
14.75,0.9095024824273156
14.8,0.910072386108717
14.850000000000001,0.9106374775067059
14.9,0.9111977194538977
14.950000000000001,0.9117530891412586
15.0,0.9123035580981528
15.05,0.912849099268303
15.100000000000001,0.9133896906458774
15.15,0.9139253035223635
15.200000000000001,0.914455921267467
15.25,0.9149815128054167
15.3,0.9155020615141912
15.350000000000001,0.9160175489799322
15.4,0.9165279544490861
15.450000000000001,0.9170332626924973
15.5,0.917533454070913
15.55,0.9180285167768492
15.600000000000001,0.9185184348234474
15.65,0.9190031938564929
15.700000000000001,0.91948278576695
15.75,0.9199571992319985
15.8,0.920426425876547
15.850000000000001,0.9208904542593019
15.9,0.9213492833553673
15.950000000000001,0.9218029024364439
16.0,0.9222513114122793
16.05,0.9226945050991205
16.1,0.9231324862792525
16.150000000000002,0.9235652496775327
16.2,0.9239927976684396
16.25,0.9244151368352256
16.3,0.9248322663600279
16.35,0.9252441923475592
16.400000000000002,0.9256509218389408
16.45,0.9260524613279443
16.5,0.92644881833625
16.55,0.9268400064979566
16.6,0.927226034688743
16.650000000000002,0.9276069152922759
16.7,0.9279826618732406
16.75,0.9283532889363408
16.8,0.9287188122960108
16.85,0.9290792518790771
16.900000000000002,0.9294346215473566
16.95,0.9297849444991394
17.0,0.9301302388528299
17.05,0.930470528077715
17.1,0.9308058326108709
17.150000000000002,0.9311361773317304
17.2,0.9314615880895525
17.25,0.9317820902615916
17.3,0.9320977071641672
17.35,0.9324084719057901
17.400000000000002,0.9327144098965094
17.45,0.9330155501242245
17.5,0.9333119269124026
17.55,0.9336035683733775
17.6,0.9338905080044206
17.650000000000002,0.9341727790683148
17.7,0.9344504151276025
17.75,0.9347234519833496
17.8,0.9349919243838755
17.85,0.935255867022405
17.900000000000002,0.9355153193165182
17.95,0.9357703178074152
18.0,0.9360209005041057
18.05,0.9362671072145722
18.1,0.9365089789500569
18.150000000000002,0.9367465507985373
18.2,0.936979869007869
18.25,0.9372089707224164
18.3,0.9374339009599657
18.35,0.9376547009640537
18.400000000000002,0.9378714120073871
18.45,0.9380840794639159
18.5,0.9382927438809636
18.55,0.9384974524871603
18.6,0.9386982466519584
18.650000000000002,0.9388951713127816
18.7,0.9390882742374996
18.75,0.9392775984471631
18.8,0.9394631893296694
18.85,0.939645092248415
18.900000000000002,0.9398233522235606
18.95,0.9399980194271538
19.0,0.9401691364384521
19.05,0.9403367505794891
19.1,0.9405009063460468
19.150000000000002,0.9406616538658449
19.200000000000003,0.9408190371480032
19.25,0.940973103612639
19.3,0.941123899745784
19.35,0.9412714716992462
19.400000000000002,0.9414158673853361
19.450000000000003,0.941557132893602
19.5,0.9416953134492407
19.55,0.9418304565041891
19.6,0.9419626097467022
19.650000000000002,0.9420918172391419
19.700000000000003,0.9422181244250663
19.75,0.9423415816764764
19.8,0.94246223293097
19.85,0.9425801223956192
19.900000000000002,0.9426952930153502
19.950000000000003,0.942807792894453
20.0,0.9429176693249739
20.05,0.9430249626033267
20.1,0.9431297218624098
20.150000000000002,0.9432319852678802
20.200000000000003,0.9433318009668942
20.25,0.9434292122844303
20.3,0.9435242620081709
20.35,0.9436169909268117
20.400000000000002,0.9437074462105149
20.450000000000003,0.9437956647185546
20.5,0.9438816912319452
20.55,0.9439655676956773
20.6,0.9440473333152564
20.650000000000002,0.9441270319450342
20.700000000000003,0.9442047003847283
20.75,0.9442803799238177
20.8,0.9443541107178405
20.85,0.9444259292686397
20.900000000000002,0.9444958800976359
20.950000000000003,0.9445639939145969
21.0,0.9446303144377661
21.05,0.9446948775741169
21.1,0.9447577165475278
21.150000000000002,0.9448188727548185
21.200000000000003,0.9448783782870351
21.25,0.9449362719926488
21.3,0.9449925860107188
21.35,0.9450473583046106
21.400000000000002,0.9451006189207768
21.450000000000003,0.9451524023944916
21.5,0.9452027428606067
21.55,0.9452516754179355
21.6,0.9452992271823386
21.650000000000002,0.9453454333456323
21.700000000000003,0.9453903240500787
21.75,0.9454339282748766
21.8,0.9454762804080368
21.85,0.9455174070941853
21.900000000000002,0.9455573364772702
21.950000000000003,0.9455961013850023
22.0,0.9456337254654421
22.05,0.9456702394680517
22.1,0.945705669941244
22.150000000000002,0.9457400427550465
22.200000000000003,0.9457733854382958
22.25,0.9458057253190466
22.3,0.945837085619128
22.35,0.9458674919844047
22.400000000000002,0.9458969682765253
22.450000000000003,0.9459255384186014
22.5,0.9459532280383575
22.55,0.9459800565362013
22.6,0.9460060508119239
22.650000000000002,0.9460312289889826
22.700000000000003,0.9460556137416953
22.75,0.9460792299581975
22.8,0.9461020948482701
22.85,0.9461242292841483
22.900000000000002,0.9461456525147998
22.950000000000003,0.9461663867227524
23.0,0.9461864471347571
23.05,0.9462058580703001
23.1,0.9462246328593815
23.150000000000002,0.9462427924316735
23.200000000000003,0.9462603524118989
23.25,0.9462773326733143
23.3,0.9462937449917993
23.35,0.9463096101774895
23.400000000000002,0.9463249422436533
23.450000000000003,0.9463397585029771
23.5,0.9463540713663936
23.55,0.9463678973781352
23.6,0.9463812508638629
23.650000000000002,0.9463941467941726
23.700000000000003,0.9464065978040899
23.75,0.9464186169262936
23.8,0.9464302183296478
23.85,0.946441415445187
23.900000000000002,0.9464522198036804
23.950000000000003,0.9464626434966458
24.0,0.9464726981055311
24.05,0.9464823944745431
24.1,0.9464917463149105
24.150000000000002,0.9465007636665508
24.200000000000003,0.9465094556201525
24.25,0.9465178341084799
24.3,0.9465259097888474
24.35,0.9465336891575262
24.400000000000002,0.9465411855247297
24.450000000000003,0.9465484061808412
24.5,0.9465553608661946
24.55,0.946562058357806
24.6,0.9465685056334332
24.650000000000002,0.9465747132589108
24.700000000000003,0.9465806892945791
24.75,0.9465864400497401
24.8,0.946591972931998
24.85,0.9465972963288797
24.900000000000002,0.9466024170982739
24.950000000000003,0.946607342320495
25.0,0.946612079642519
25.05,0.9466166343510765
25.1,0.9466210108705603
25.150000000000002,0.946625219883801
25.200000000000003,0.9466292631996513
25.25,0.9466331493590947
25.3,0.9466368829688011
25.35,0.9466404693216233
25.400000000000002,0.9466439152524877
25.450000000000003,0.946647222283349
25.5,0.946650397515646
25.55,0.9466534482284577
25.6,0.946656374427588
25.650000000000002,0.9466591828685965
25.700000000000003,0.9466618790164113
25.75,0.9466644642538536
25.8,0.9466669447938076
25.85,0.9466693246395783
25.900000000000002,0.9466716055313156
25.950000000000003,0.9466737922305695
26.0,0.9466758909163577
26.05,0.9466778995029083
26.1,0.9466798267816912
26.150000000000002,0.9466816722076491
26.200000000000003,0.9466834419682646
26.25,0.9466851361994055
26.3,0.9466867583583481
26.35,0.946688313158277
26.400000000000002,0.9466898010764594
26.450000000000003,0.9466912243295507
26.5,0.9466925872306948
26.55,0.9466938921556352
26.6,0.9466951411628459
26.650000000000002,0.9466963359299063
26.700000000000003,0.9466974795960432
26.75,0.9466985716395887
26.8,0.9466996185434418
26.85,0.9467006174616065
26.900000000000002,0.9467015729759798
26.950000000000003,0.9467024858161603
27.0,0.9467033584691683
27.05,0.946704192603454
27.1,0.9467049892334245
27.150000000000002,0.9467057504452417
27.200000000000003,0.946706477617393
27.25,0.9467071713740333
27.3,0.9467078354648308
27.35,0.9467084667948571
27.400000000000002,0.9467090716708983
27.450000000000003,0.9467096490172021
27.5,0.9467101988801527
27.55,0.9467107236953888
27.6,0.9467112246046926
27.650000000000002,0.946711701644896
27.700000000000003,0.9467121572857227
27.75,0.9467125930765476
27.8,0.9467130053140378
27.85,0.9467134011565153
27.900000000000002,0.946713775504352
27.950000000000003,0.9467141356069999
28.0,0.9467144771163675
28.05,0.9467148019566533
28.1,0.9467151118132995
28.150000000000002,0.9467154065454089
28.200000000000003,0.9467156876527315
28.25,0.9467159551441537
28.3,0.9467162100438279
28.35,0.9467164520127741
28.400000000000002,0.9467166825647829
28.450000000000003,0.9467169013948825
28.5,0.9467171109203977
28.55,0.9467173103997729
28.6,0.9467174993550335
28.650000000000002,0.9467176784048494
28.700000000000003,0.9467178481661037
28.75,0.946718010546427
28.8,0.946718163720016
28.85,0.9467183108543031
28.900000000000002,0.9467184505512444
28.950000000000003,0.9467185813864987
29.0,0.9467187075826269
29.05,0.9467188270868137
29.1,0.9467189402519691
29.150000000000002,0.9467190477894863
29.200000000000003,0.9467191506699992
29.25,0.9467192464706846
29.3,0.946719338785184
29.35,0.9467194258529762
29.400000000000002,0.9467195082788515
29.450000000000003,0.9467195873159149
29.5,0.9467196623577854
29.55,0.9467197313618243
29.6,0.9467197995865405
29.650000000000002,0.9467198619194586
29.700000000000003,0.9467199226210521
29.75,0.9467199793802878
29.8,0.9467200330453849
29.85,0.9467200842899333
29.900000000000002,0.9467201339545068
29.950000000000003,0.9467201791357465
30.0,0.9467202216880254
30.05,0.9467202634751064
30.1,0.9467203018429458
30.150000000000002,0.9467203389219548
30.200000000000003,0.9467203742120291
30.25,0.9467204065533514
30.3,0.9467204370514782
30.35,0.9467204682047585
30.400000000000002,0.946720495598287
30.450000000000003,0.9467205218056585
30.5,0.9467205461359018
30.55,0.9467205706376582
30.6,0.9467205921867718
30.650000000000002,0.946720614305782
30.700000000000003,0.9467206330303863
30.75,0.9467206514198794
30.8,0.9467206702888747
30.85,0.9467206877911781
30.900000000000002,0.9467207026059623
30.950000000000003,0.9467207172409364
31.0,0.9467207318401567
31.05,0.9467207451913349
31.1,0.9467207579239458
31.150000000000002,0.9467207698847004
31.200000000000003,0.946720780380637
31.25,0.9467207915200933
31.3,0.9467208012534762
31.35,0.9467208111078175
31.400000000000002,0.9467208207840309
31.450000000000003,0.9467208269224177
31.5,0.9467208355857075
31.55,0.9467208438156314
31.6,0.9467208498221126
31.650000000000002,0.9467208564436513
31.700000000000003,0.9467208634758917
31.75,0.9467208681373704
31.8,0.9467208745980178
31.85,0.9467208790213106
31.900000000000002,0.9467208836367359
31.950000000000003,0.9467208885882568
32.0,0.9467208928919982
32.050000000000004,0.9467208977840114
32.1,0.9467209007017441
32.15,0.9467209042418896
32.2,0.9467209082984285
32.25,0.9467209115352735
32.300000000000004,0.9467209142527839
32.35,0.9467209165526942
32.4,0.9467209203701534
32.45,0.9467209228392623
32.5,0.9467209245117534
32.550000000000004,0.9467209264553277
32.6,0.9467209282655634
32.65,0.9467209317384773
32.7,0.9467209323318942
32.75,0.9467209345021845
32.800000000000004,0.9467209358974479
32.85,0.9467209375244456
32.9,0.9467209385183721
32.95,0.9467209393631564
33.0,0.9467209399799861
33.050000000000004,0.9467209423775746
33.1,0.9467209440076176
33.15,0.9467209445075508
33.2,0.9467209463065058
33.25,0.9467209472937823
33.300000000000004,0.9467209479186014
33.35,0.9467209484773484
33.4,0.9467209488764476
33.45,0.9467209491482502
33.5,0.9467209496264675
33.550000000000004,0.9467209496264675
33.6,0.9467209500441485
33.65,0.946720950053227
33.7,0.9467209501543917
33.75,0.9467209504066154
33.800000000000004,0.946720950623863
33.85,0.9467209525726878
33.9,0.9467209536754256
33.95,0.9467209541599282
34.0,0.9467209557643461
34.050000000000004,0.9467209565348305
34.1,0.9467209571562458
34.15,0.946720957490732
34.2,0.9467209581106885
34.25,0.946720958161634
34.300000000000004,0.9467209586364476
34.35,0.9467209586364476
34.4,0.946720958829868
34.45,0.9467209588355427
34.5,0.9467209588355427
34.550000000000004,0.9467209590598036
34.6,0.9467209590632071
34.65,0.9467209590632071
34.7,0.9467209590632071
34.75,0.9467209590632071
34.800000000000004,0.9467209590632071
34.85,0.9467209590632071
34.9,0.9467209590632071
34.95,0.9467209590632071
35.0,0.9467209590632071
35.050000000000004,0.9467209590632071
35.1,0.9467209590632071
35.15,0.9467209590632071
35.2,0.9467209590632071
35.25,0.9467209590632071
35.300000000000004,0.9467209590632071
35.35,0.9467209592874677
35.4,0.9467209592908714
35.45,0.9467209592908714
35.5,0.9467209592908714
35.550000000000004,0.9467209592908714
35.6,0.9467209592908714
35.65,0.9467275847038321
35.7,0.9467546035301577
35.75,0.9535953635063068
35.800000000000004,0.9580732809158434
35.85,0.9581805305862715
35.9,0.9678793728844839
35.95,0.9697291909135548
36.0,0.9714873127735257
36.050000000000004,0.9717674082545761
36.1,0.9733115629660783
36.15,0.9737789890776938
36.2,0.9743057997889872
36.25,0.9743859248009382
36.300000000000004,0.9749984528749877
36.35,0.9750819382358462
36.4,0.9751637831274346
36.45,0.9752456262137509
36.5,0.9753274645928887
36.550000000000004,0.9754092970906667
36.6,0.9754911236013473
36.65,0.9755729404946499
36.7,0.9756547482961333
36.75,0.9757365445196111
36.800000000000004,0.9758183274208135
36.85,0.9759000973917927
36.9,0.9759818514904537
36.95,0.9760635872451127
37.0,0.9761453064510213
37.050000000000004,0.9762270052326201
37.1,0.9763086819517874
37.15,0.9763903371622987
37.2,0.9764719678723026
37.25,0.9767403585917656
37.300000000000004,0.9768228067501116
37.35,0.9769060209240612
37.4,0.9769881490011093
37.45,0.977070245100736
37.5,0.9771523096053896
37.550000000000004,0.977234339381789
37.6,0.9773163346577523
37.65,0.9773982935547958
37.7,0.9774802137383656
37.75,0.9775620948873645
37.800000000000004,0.977643934525857
37.85,0.9777257321391185
37.9,0.9778074865476669
37.95,0.977889195323587
38.0,0.9779708580626079
38.050000000000004,0.9780524727142914
38.1,0.9781340386298116
38.15,0.9782155530879768
38.2,0.9782970159804619
38.25,0.9783784256545702
38.300000000000004,0.9784597810340929
38.35,0.9785410796673363
38.400000000000006,0.9786223206800273
38.45,0.9787035031062092
38.5,0.978784625082621
38.550000000000004,0.9788656856394646
38.6,0.978946683107538
38.650000000000006,0.979027616336328
38.7,0.9791084840221048
38.75,0.9791892847350296
38.800000000000004,0.9792700167655269
38.85,0.9793506798968219
38.900000000000006,0.9794312712405007
38.95,0.979511790411581
39.0,0.9795922354974207
39.050000000000004,0.9796726061688737
39.1,0.9797528997167114
39.150000000000006,0.979833116943552
39.2,0.9799132541760136
39.25,0.979993311146711
39.300000000000004,0.9800732864475084
39.35,0.9801531792908855
39.400000000000006,0.9802329880908058
39.45,0.9803127113513563
39.5,0.9803923467313813
39.550000000000004,0.980471894823885
39.6,0.9805513531066279
39.650000000000006,0.9806307217188899
39.7,0.9807099980252809
39.75,0.9807891809156284
39.800000000000004,0.9808682686533445
39.85,0.9809472616741988
39.900000000000006,0.9810261577478434
39.95,0.9811049556563788
40.0,0.9811836530509411
40.050000000000004,0.9812622504472117
40.1,0.9813407462406358
40.150000000000006,0.9814191390242382
40.2,0.9814974261647975
40.25,0.9815756090941775
40.300000000000004,0.9816536850775056
40.35,0.9817316525681845
40.400000000000006,0.9818095103255429
40.45,0.9818872586035804
40.5,0.9819648958725355
40.550000000000004,0.9820424191552503
40.6,0.9821198287009616
40.650000000000006,0.9821971231930711
40.7,0.9822743007625238
40.75,0.9823513619369683
40.800000000000004,0.9824283044877846
40.85,0.9825051257299622
40.900000000000006,0.9825818272669457
40.95,0.9826584069337448
41.0,0.9827348629117469
41.050000000000004,0.9828111942447638
41.1,0.9828874015084279
41.150000000000006,0.9829634803172185
41.2,0.9830394329122165
41.25,0.9831152568237095
41.300000000000004,0.9831909498622344
41.35,0.9832665125570111
41.400000000000006,0.9833419422734664
41.45,0.983417240103349
41.5,0.9834924038999128
41.550000000000004,0.9835674318075827
41.6,0.983642323198999
41.650000000000006,0.9837170776540686
41.7,0.9837916941131983
41.75,0.9838661695476493
41.800000000000004,0.9839405055648875
41.85,0.9840147005182345
41.900000000000006,0.9840887523216103
41.95,0.9841626610853185
42.0,0.9842364252478824
42.050000000000004,0.9843100438899646
42.1,0.9843835153613365
42.150000000000006,0.98445684038395
42.2,0.984530016122984
42.25,0.9846030432443647
42.300000000000004,0.9846759192877118
42.35,0.984748644344379
42.400000000000006,0.9848212170717487
42.45,0.9848936366582934
42.5,0.9849659018599625
42.550000000000004,0.9850380122079581
42.6,0.9851099666214808
42.650000000000006,0.9851817637382311
42.7,0.985253403828467
42.75,0.9853248844879757
42.800000000000004,0.9853962057538561
42.85,0.9854673669120407
42.900000000000006,0.9855383659916702
42.95,0.9856092036829074
43.0,0.9856798776111642
43.050000000000004,0.9857503876363245
43.1,0.9858207340002122
43.150000000000006,0.9858909141141687
43.2,0.9859609282069435
43.25,0.9860307742865043
43.300000000000004,0.9861004527783485
43.35,0.986169962030534
43.400000000000006,0.9862393024434636
43.45,0.9863084724975693
43.5,0.9863774700552541
43.550000000000004,0.9864462967545831
43.6,0.9865149511437636
43.650000000000006,0.9865834315926726
43.7,0.986651737630496
43.75,0.9867198679602234
43.800000000000004,0.986787823742529
43.85,0.9868556025870638
43.900000000000006,0.9869232053177507
43.95,0.9869906291052358
44.0,0.9870578747015313
44.050000000000004,0.9871249413380778
44.1,0.9871918266370889
44.150000000000006,0.987258532621356
44.2,0.9873250578505468
44.25,0.9873914009938147
44.300000000000004,0.987457560267896
44.35,0.9875235377750268
44.400000000000006,0.9875893306882431
44.45,0.9876549390197282
44.5,0.9877203624952737
44.550000000000004,0.9877856005312333
44.6,0.9878506518105223
44.650000000000006,0.9879155159155112
44.7,0.9879801934056215
44.75,0.9880446820311326
44.800000000000004,0.9881089827943408
44.85,0.9881730939021922
44.900000000000006,0.9882370157138226
44.95,0.988300746558656
45.0,0.9883642867426972
45.050000000000004,0.9884276353347353
45.1,0.988490793016572
45.150000000000006,0.9885537581538392
45.2,0.9886165298542506
45.25,0.9886791085741512
45.300000000000004,0.9887414935188451
45.35,0.9888036839264058
45.400000000000006,0.9888656793398072
45.45,0.9889274796133299
45.5,0.9889890842812576
45.550000000000004,0.9890504921964495
45.6,0.9891117042583774
45.650000000000006,0.9891727191760777
45.7,0.9892335361572806
45.75,0.9892941555126289
45.800000000000004,0.9893545765067868
45.85,0.98941479858807
45.900000000000006,0.9894748214520374
45.95,0.9895346459075821
46.0,0.9895942700270308
46.050000000000004,0.9896536934724793
46.1,0.9897129164295765
46.150000000000006,0.9897719393609719
46.2,0.9898307609014065
46.25,0.9898893805279362
46.300000000000004,0.9899477973980938
46.35,0.9900060137570598
46.400000000000006,0.9900640262262175
46.45,0.9901218367288911
46.5,0.9901794434166971
46.550000000000004,0.9902368475982393
46.6,0.9902940468787624
46.650000000000006,0.9903510437437713
46.7,0.9904078352716515
46.75,0.990464422711467
46.800000000000004,0.9905208061344437
46.85,0.9905769844028298
46.900000000000006,0.9906329566957026
46.95,0.9906887245278023
47.0,0.9907442862832581
47.050000000000004,0.9907996428474853
47.1,0.9908547917571426
47.150000000000006,0.9909097369538744
47.2,0.9909644738588023
47.25,0.9910190058328714
47.300000000000004,0.9910733297659118
47.35,0.9911274480571086
47.400000000000006,0.9911813574279509
47.45,0.9912350619326774
47.5,0.9912885588431127
47.550000000000004,0.9913418474156381
47.6,0.991394928977711
47.650000000000006,0.9914478028398077
47.7,0.9915004691650606
47.75,0.9915529271092239
47.800000000000004,0.9916051774757473
47.85,0.9916572201059233
47.900000000000006,0.9917090554682771
47.95,0.9917606820803788
48.0,0.9918120996129756
48.050000000000004,0.9918633103511628
48.1,0.991914311982315
48.150000000000006,0.9919651051191101
48.2,0.9920156909292206
48.25,0.9920660671908152
48.300000000000004,0.9921162360166879
48.35,0.9921661965740509
48.400000000000006,0.9922159485201292
48.45,0.9922654921122858
48.5,0.9923148271531574
48.550000000000004,0.9923639537710174
48.6,0.9924128726975712
48.650000000000006,0.9924615827597387
48.7,0.9925100858580116
48.75,0.992558379743603
48.800000000000004,0.992606465626382
48.85,0.9926543436684508
48.900000000000006,0.9927020142412262
48.95,0.9927494758157558
49.0,0.992796730728565
49.050000000000004,0.9928437770534837
49.1,0.992890616637086
49.150000000000006,0.9929372478063174
49.2,0.9929836726620578
49.25,0.9930298904889285
49.300000000000004,0.9930759001910553
49.35,0.9931217028167747
49.400000000000006,0.9931672989257474
49.45,0.993212688766264
49.5,0.9932578720669247
49.550000000000004,0.9933028488967881
49.6,0.9933476193070607
49.650000000000006,0.993392183539504
49.7,0.9934365416980464
49.75,0.9934806950073383
49.800000000000004,0.993524641816341
49.85,0.9935683836623238
49.900000000000006,0.993611920529142
49.95,0.9936552531595019
50.0,0.9936983808556654
50.050000000000004,0.9937413033269935
50.1,0.9937840228126625
50.150000000000006,0.9938265371209825
50.2,0.9938688476716004
50.25,0.993910955470023
50.300000000000004,0.9939528597018155
50.35,0.9939945602435113
50.400000000000006,0.9940360600666847
50.45,0.9940773558984113
50.5,0.9941184493481602
50.550000000000004,0.9941593409145653
50.6,0.9942000315516724
50.650000000000006,0.9942405209726699
50.7,0.994280809276221
50.75,0.9943208966179058
50.800000000000004,0.9943607837662679
50.85,0.9944004705032969
50.900000000000006,0.9944399571273485
50.95,0.9944792444987618
51.0,0.9945183329005189
51.050000000000004,0.9945572223497761
51.1,0.9945959139288001
51.150000000000006,0.9946344067234195
51.2,0.9946727019704817
51.25,0.994710799791683
51.300000000000004,0.99474870076121
51.35,0.9947864049068067
51.400000000000006,0.9948239129000709
51.45,0.9948612246337201
51.5,0.9948983405690924
51.550000000000004,0.9949352618690342
51.6,0.9949719884742776
51.650000000000006,0.9950085201288857
51.7,0.9950448586667038
51.75,0.9950810022291189
51.800000000000004,0.9951169539201632
51.85,0.9951527123942709
51.900000000000006,0.995188278010395
51.95,0.9952236524867548
52.0,0.9952588355014197
52.050000000000004,0.9952938263613305
52.1,0.9953286270292281
52.150000000000006,0.9953632379812611
52.2,0.9953976589793498
52.25,0.9954318905653843
52.300000000000004,0.9954659332191808
52.35,0.9954997877392118
52.400000000000006,0.9955334536236662
52.45,0.995566931977732
52.5,0.995600224439975
52.550000000000004,0.9956333288492083
52.6,0.9956662478222255
52.650000000000006,0.995698981516657
52.7,0.9957315299846606
52.75,0.9957638935128502
52.800000000000004,0.9957960729956878
52.85,0.9958280689393861
52.900000000000006,0.995859882008564
52.95,0.9958915122005563
53.0,0.9959229595414061
53.050000000000004,0.9959542260378421
53.1,0.9959853107645196
53.150000000000006,0.9960162159584163
53.2,0.9960469402826689
53.25,0.9960774852094656
53.300000000000004,0.9961078504980406
53.35,0.9961380377898269
53.400000000000006,0.9961680472058831
53.45,0.9961978782031411
53.5,0.9962275328430645
53.550000000000004,0.9962570119330808
53.6,0.9962863132791628
53.650000000000006,0.9963154405503318
53.7,0.9963443931222112
53.75,0.9963731709679657
53.800000000000004,0.9964017760848052
53.85,0.9964302068351782
53.900000000000006,0.9964584658127714
53.95,0.9964865521050313
54.0,0.9965144678892155
54.050000000000004,0.9965422119734493
54.1,0.9965697854450801
54.150000000000006,0.9965971897893806
54.2,0.9966244251822114
54.25,0.9966514916190552
54.300000000000004,0.9966783902853052
54.35,0.9967051213115266
54.400000000000006,0.9967316852374548
54.45,0.9967580828773694
54.5,0.9967843152283062
54.550000000000004,0.9968103826399969
54.6,0.9968362852578772
54.650000000000006,0.9968620235458427
54.7,0.9968875992983763
54.75,0.9969130114464604
54.800000000000004,0.9969382620240037
54.85,0.9969633508719125
54.900000000000006,0.9969882790743569
54.95,0.9970130469023933
55.0,0.997037654878538
55.050000000000004,0.9970621033655171
55.1,0.9970863937349728
55.150000000000006,0.9971105262250543
55.2,0.9971345012022762
55.25,0.9971583192930612
55.300000000000004,0.9971819816334656
55.35,0.9972054889285141
55.400000000000006,0.9972288405138463
55.45,0.9972520383201562
55.5,0.9972750830479892
55.550000000000004,0.9972979736816808
55.6,0.9973207126568167
55.650000000000006,0.9973432995649948
55.7,0.9973657354885903
55.75,0.9973880211822971
55.800000000000004,0.9974101563197268
55.85,0.9974321426862907
55.900000000000006,0.9974539804197285
55.95,0.9974756700749142
56.0,0.9974972125128447
56.050000000000004,0.9975186081750389
56.1,0.9975398572792655
56.150000000000006,0.9975609618904554
56.2,0.9975819216063386
56.25,0.9976027359723035
56.300000000000004,0.9976234067601719
56.35,0.9976439364722358
56.400000000000006,0.9976643213881057
56.45,0.997684566909302
56.5,0.9977046696866221
56.550000000000004,0.9977246331205817
56.6,0.9977444567761733
56.650000000000006,0.9977641406670379
56.7,0.9977836862968975
56.75,0.9978030948459022
56.800000000000004,0.9978223657071463
56.85,0.9978414989742324
56.900000000000006,0.9978604978241082
56.95,0.9978793601600566
57.0,0.9978980883366078
57.050000000000004,0.9979166826049264
57.1,0.997935143111526
57.150000000000006,0.9979534713292129
57.2,0.9979716673643111
57.25,0.9979897320739861
57.300000000000004,0.9980076652376797
57.35,0.998025469190519
57.400000000000006,0.9980431425899781
57.45,0.9980606884081857
57.5,0.9980781050531415
57.550000000000004,0.9980953937801468
57.6,0.9981125560637204
57.650000000000006,0.9981295920729971
57.7,0.9981465019322342
57.75,0.9981632871828284
57.800000000000004,0.9981799475361097
57.85,0.998196484426515
57.900000000000006,0.9982128971250082
57.95,0.9982291891280646
58.0,0.9982453576494974
58.050000000000004,0.9982614053628442
58.1,0.9982773326921037
58.150000000000006,0.9982931399847093
58.2,0.9983088278583336
58.25,0.9983243962771436
58.300000000000004,0.998339847424449
58.35,0.9983551808153683
58.400000000000006,0.9983703971818907
58.45,0.9983854979198132
58.5,0.9984004817768505
58.550000000000004,0.9984153522763386
58.6,0.9984301073127403
58.650000000000006,0.9984447487730344
58.7,0.9984592770093806
58.75,0.9984736939588302
58.800000000000004,0.9984879981638692
58.85,0.9985021903470686
58.900000000000006,0.998516272497781
58.95,0.998530245194209
59.0,0.9985441084060476
59.050000000000004,0.998557863003415
59.1,0.9985715086917644
59.150000000000006,0.9985850479417753
59.2,0.9985984786907812
59.25,0.9986118045410498
59.300000000000004,0.9986250238866117
59.35,0.9986381390854723
59.400000000000006,0.9986511483899942
59.45,0.9986640552511987
59.5,0.9986768579772198
59.550000000000004,0.9986895587676576
59.6,0.9987021573045313
59.650000000000006,0.998714653600014
59.7,0.9987270503064423
59.75,0.998739345799187
59.800000000000004,0.9987515416638448
59.85,0.9987636383231332
59.900000000000006,0.9987756375708728
59.95,0.9987875390129894
60.0,0.9987993420006663
60.050000000000004,0.9988110489202247
60.1,0.9988226602534503
60.150000000000006,0.9988341758552173
60.2,0.9988455955860698
60.25,0.9988569218439325
60.300000000000004,0.9988681546640743
60.35,0.9988792943414857
60.400000000000006,0.9988903409270676
60.45,0.9989012954465775
60.5,0.9989121584408003
60.550000000000004,0.9989229309248567
60.6,0.9989336136678193
60.650000000000006,0.9989442064121532
60.7,0.9989547091210134
60.75,0.9989651244119624
60.800000000000004,0.9989754509538974
60.85,0.9989856904529264
60.900000000000006,0.9989958435146136
60.95,0.9990059100681846
61.0,0.9990158901190277
61.050000000000004,0.999025785806136
61.1,0.9990355968120219
61.150000000000006,0.9990453226466529
61.2,0.9990549669403139
61.25,0.999064526735515
61.300000000000004,0.9990740047428187
61.35,0.9990834007287902
61.400000000000006,0.999092714683175
61.45,0.9991019494202263
61.5,0.9991111032196244
61.550000000000004,0.9991201772690792
61.6,0.9991291720579432
61.650000000000006,0.9991380879070497
61.7,0.9991469263146187
61.75,0.9991556868792457
61.800000000000004,0.9991643706626907
61.85,0.99917297768116
61.900000000000006,0.9991815086857095
61.95,0.9991899648036425
62.0,0.9991983455968425
62.050000000000004,0.9992066521967587
62.1,0.999214884576132
62.150000000000006,0.9992230433037026
62.2,0.9992311293990518
62.25,0.9992391436849799
62.300000000000004,0.9992470859970715
62.35,0.9992549568010922
62.400000000000006,0.9992627560731832
62.45,0.9992704858887934
62.5,0.9992781461057162
62.550000000000004,0.9992857360934395
62.6,0.9992932575708442
62.650000000000006,0.9993007110736654
62.7,0.9993080966824843
62.75,0.9993154148507107
62.800000000000004,0.9993226658873036
62.85,0.9993298511035801
62.900000000000006,0.999336969651651
62.95,0.9993440239308566
63.0,0.9993510125486095
63.050000000000004,0.9993579363396092
63.1,0.999364797132593
63.150000000000006,0.9993715937291044
63.2,0.9993783277796219
63.25,0.999384998598071
63.300000000000004,0.9993916076579497
63.35,0.999398155135894
63.400000000000006,0.999404640999201
63.45,0.999411067090465
63.5,0.9994174320819459
63.550000000000004,0.9994237383918636
63.6,0.9994299840405123
63.650000000000006,0.9994361711388492
63.7,0.999442300168982
63.75,0.9994483711266755
63.800000000000004,0.9994543840401582
63.85,0.9994603409137144
63.900000000000006,0.999466239877285
63.95,0.9994720840338153
64.0,0.9994778712229504
64.05,0.9994836028405505
64.10000000000001,0.9994892804256374
64.15,0.9994949035043783
64.2,0.9995004716302901
64.25,0.9995059868586588
64.3,0.9995114481031091
64.35000000000001,0.9995168577645035
64.4,0.999522214652121
64.45,0.9995275189011905
64.5,0.9995327714447269
64.55,0.9995379740347762
64.60000000000001,0.9995431248179922
64.65,0.9995482254399849
64.7,0.9995532759527533
64.75,0.9995582780990633
64.8,0.9995632298069235
64.85000000000001,0.9995681340051183
64.9,0.9995729883474246
64.95,0.9995777957349838
65.0,0.9995825557413682
65.05,0.999587268078662
65.10000000000001,0.9995919329808709
65.15,0.9995965532426737
65.2,0.9996011261121958
65.25,0.9996056538520348
65.3,0.9996101366127798
65.35000000000001,0.9996145734962552
65.4,0.999618967278859
65.45,0.999623316149411
65.5,0.9996276205549713
65.55,0.9996318826945039
65.60000000000001,0.9996361013117473
65.65,0.9996402777199445
65.7,0.9996444104832696
65.75,0.9996485025409254
65.8,0.9996525525987456
65.85000000000001,0.99965656190851
65.9,0.9996605294638292
65.95,0.9996644573576279
66.0,0.9996683444898067
66.05,0.9996721918831228
66.10000000000001,0.9996759992789642
66.15,0.9996797678170574
66.2,0.9996834980719131
66.25,0.9996871891617515
66.3,0.9996908430319342
66.35000000000001,0.9996944573567309
66.4,0.9996980358388997
66.45,0.9997015766169494
66.5,0.9997050804658615
66.55,0.9997085472855912
66.60000000000001,0.9997119788368236
66.65,0.9997153741121877
66.7,0.9997187339247713
66.75,0.9997220584639204
66.8,0.9997253467280427
66.85000000000001,0.9997286026088343
66.9,0.9997318225006038
66.95,0.9997350095322223
67.0,0.9997381625599119
67.05,0.9997412811610624
67.10000000000001,0.9997443671985191
67.15,0.9997474216053552
67.2,0.9997504417476344
67.25,0.9997534306782978
67.3,0.9997563874618354
67.35000000000001,0.9997593131249219
67.4,0.9997622061916296
67.45,0.9997650688621155
67.5,0.9997679010205918
67.55,0.9997707022864268
67.60000000000001,0.9997734736675085
67.65,0.9997762153849141
67.7,0.9997789271011888
67.75,0.9997816092376588
67.8,0.9997842624205081
67.85000000000001,0.999786886346771
67.9,0.9997894821879015
67.95,0.9997920496738393
68.0,0.9997945888641493
68.05,0.9997971002462797
68.10000000000001,0.999799584834942
68.15,0.9998020411653208
68.2,0.9998044712757878
68.25,0.9998068739335877
68.3,0.9998092507014328
68.35000000000001,0.9998116013114173
68.4,0.9998139257845251
68.45,0.9998162239585838
68.5,0.999818497327704
68.55,0.9998207447303026
68.60000000000001,0.9998229675884882
68.65,0.9998251662999849
68.7,0.9998273391493365
68.75,0.9998294882377189
68.8,0.9998316133755515
68.85000000000001,0.9998337143027044
68.9,0.9998357923872317
68.95,0.9998378470851117
69.0,0.9998398779612394
69.05,0.9998418861517314
69.10000000000001,0.9998438715067243
69.15,0.9998458351869397
69.2,0.9998477759089112
69.25,0.9998496947669999
69.3,0.9998515912290619
69.35000000000001,0.9998534669546066
69.4,0.9998553205315435
69.45,0.9998571538234097
69.5,0.9998589658228836
69.55,0.9998607569380447
69.60000000000001,0.9998625269476891
69.65,0.9998642777891509
69.7,0.9998660078401956
69.75,0.9998677181166357
69.8,0.9998694088317515
69.85000000000001,0.9998710787604064
69.9,0.9998727305857982
69.95,0.9998743630705429
70.0,0.9998759765342173
70.05,0.9998775710835955
70.10000000000001,0.9998791471515934
70.15,0.9998807049559173
70.2,0.9998822444349469
70.25,0.9998837656746692
70.3,0.9998852700051465
70.35000000000001,0.9998867561937754
70.4,0.9998882249119019
70.45,0.9998896756376829
70.5,0.9998911101471776
70.55,0.9998925276325857
70.60000000000001,0.999893927964861
70.65,0.999895311651178
70.7,0.9998966793569376
70.75,0.9998980311572263
70.8,0.9998993666453451
70.85000000000001,0.9999006857231192
70.9,0.999901989953571
70.95,0.999903277602658
71.0,0.9999045502451129
71.05,0.9999058079416907
71.10000000000001,0.9999070499273439
71.15,0.9999082777960246
71.2,0.9999094903277337
71.25,0.999910688648226
71.3,0.9999118725089559
71.35000000000001,0.9999130419618499
71.4,0.9999141973692971
71.45,0.9999153384829134
71.5,0.9999164656134328
71.55,0.99991758042118
71.60000000000001,0.9999186804043003
71.65,0.9999197666574948
71.7,0.9999208410794233
71.75,0.9999219011444354
71.8,0.99992294849567
71.85000000000001,0.9999239836236274
71.9,0.9999250050078549
71.95,0.9999260151127416
72.0,0.9999270119967898
72.05,0.9999279967448197
72.10000000000001,0.9999289693807748
72.15,0.9999299298130225
72.2,0.9999308780461621
72.25,0.999931815559223
72.3,0.999932741332869
72.35000000000001,0.9999336547028872
72.4,0.9999345578756043
72.45,0.9999354485566352
72.5,0.9999363285872509
72.55,0.9999371979261024
72.60000000000001,0.999938057010496
72.65,0.9999389040032605
72.7,0.9999397406911699
72.75,0.999940567678329
72.8,0.9999413833790234
72.85000000000001,0.9999421894198142
72.9,0.9999429846565306
72.95,0.9999437710004248
73.0,0.9999445463378133
73.05,0.9999453114675569
73.10000000000001,0.9999460686854802
73.15,0.9999468145859131
73.2,0.9999475514903524
73.25,0.9999482795725294
73.3,0.9999489978302851
73.35000000000001,0.9999497081021014
73.4,0.9999504073464043
73.45,0.9999510981931651
73.5,0.9999517811193784
73.55,0.9999524548274952
73.60000000000001,0.9999531194826605
73.65,0.9999537761240169
73.7,0.99995442375362
73.75,0.9999550638993869
73.8,0.9999556947760925
73.85000000000001,0.9999563189616488
73.9,0.9999569330176823
73.95,0.9999575407902938
74.0,0.9999581392162157
74.05,0.9999587310672673
74.10000000000001,0.9999593153716582
74.15,0.9999598915272112
74.2,0.9999604596247591
74.25,0.9999610212462159
74.3,0.9999615745415946
74.35000000000001,0.9999621219804644
74.4,0.9999626615467856
74.45,0.9999631931045928
74.5,0.9999637192901911
74.55,0.9999642373854241
74.60000000000001,0.9999647486353854
74.65,0.9999652534785295
74.7,0.9999657523648282
74.75,0.9999662437411865
74.8,0.9999667286131237
74.85000000000001,0.9999672070029146
74.9,0.999967679351491
74.95,0.9999681454492115
75.0,0.9999686054092634
75.05,0.99996905935238
75.10000000000001,0.9999695060807139
75.15,0.9999699476869539
75.2,0.9999703835520954
75.25,0.9999708136720851
75.3,0.9999712377013376
75.35000000000001,0.9999716563157799
75.4,0.9999720686803347
75.45,0.9999724764443634
75.5,0.9999728773114228
75.55,0.9999732735392629
75.60000000000001,0.9999736649092688
75.65,0.9999740505610082
75.7,0.9999744307703381
75.75,0.9999748061654449
75.8,0.9999751759270303
75.85000000000001,0.9999755408282123
75.9,0.9999759008936909
75.95,0.9999762566635035
76.0,0.9999766069780329
76.05,0.9999769521865279
76.10000000000001,0.9999772930073143
76.15,0.9999776287289559
76.2,0.9999779607168022
76.25,0.9999782875310532
76.3,0.9999786103220464
76.35000000000001,0.9999789275601437
76.4,0.9999792412455343
76.45,0.9999795512868324
76.5,0.9999798563489051
76.55,0.9999801564338033
76.60000000000001,0.9999804539866357
76.65,0.9999807455010062
76.7,0.9999810340180855
76.75,0.999981318294831
76.80000000000001,0.9999815987636944
76.85000000000001,0.9999818750323641
76.9,0.9999821486586147
76.95,0.9999824173157353
77.0,0.9999826822012166
77.05000000000001,0.9999829429212204
77.10000000000001,0.9999832011842483
77.15,0.9999834553843278
77.2,0.9999837052926872
77.25,0.9999839522516739
77.30000000000001,0.9999841958384141
77.35000000000001,0.9999844364518257
77.4,0.9999846735195321
77.45,0.999984905748579
77.5,0.9999851363058538
77.55000000000001,0.9999853627420237
77.60000000000001,0.9999855861148544
77.65,0.999985807055445
77.7,0.9999860240208356
77.75,0.9999862375441998
77.80000000000001,0.9999864487756385
77.85000000000001,0.9999866566708047
77.9,0.999986861822282
77.95,0.9999870637329854
78.0,0.999987262753494
78.05000000000001,0.9999874595048818
78.10000000000001,0.9999876526709552
78.15,0.9999878435975005
78.2,0.9999880314597922
78.25,0.9999882167468113
78.30000000000001,0.9999883994337083
78.35000000000001,0.9999885796029089
78.4,0.9999887566359787
78.45,0.9999889310774275
78.5,0.9999891036541017
78.55000000000001,0.9999892735452947
78.60000000000001,0.9999894404679377
78.65,0.9999896061770562
78.7,0.9999897679454641
78.75,0.9999899272104654
78.80000000000001,0.9999900855907728
78.85000000000001,0.9999902409584752
78.9,0.9999903934407074
78.95,0.9999905450901152
79.0,0.9999906934919864
79.05000000000001,0.9999908393806836
79.10000000000001,0.999990984603022
79.15,0.9999911262608729
79.2,0.9999912661113317
79.25,0.999991404737191
79.30000000000001,0.9999915398641419
79.35000000000001,0.9999916738980911
79.4,0.9999918059207826
79.45,0.9999919362981738
79.5,0.9999920640427349
79.55000000000001,0.9999921904856275
79.60000000000001,0.9999923143475481
79.65,0.999992437080634
79.7,0.999992557636534
79.75,0.9999926770276157
79.80000000000001,0.9999927931607185
79.85000000000001,0.9999929090903068
79.9,0.9999930220059753
79.95,0.9999931341989572
80.0,0.9999932443445346
80.05000000000001,0.9999933530018087
80.10000000000001,0.9999934596943134
80.15,0.9999935649388725
80.2,0.9999936682303232
80.25,0.9999937707391957
80.30000000000001,0.999993871324949
80.35000000000001,0.9999939699269927
80.4,0.9999940673652581
80.45,0.9999941637677617
80.5,0.9999942584671252
80.55000000000001,0.9999943510310259
80.60000000000001,0.9999944430971857
80.65,0.9999945336868081
80.7,0.9999946222446352
80.75,0.9999947099817159
80.80000000000001,0.9999947966046228
80.85000000000001,0.9999948811635648
80.9,0.9999949647915746
80.95,0.9999950471510283
81.0,0.9999951281026169
81.05000000000001,0.9999952079205852
81.10000000000001,0.9999952866739371
81.15,0.9999953638923192
81.2,0.9999954398572455
81.25,0.9999955154216136
81.30000000000001,0.9999955891824235
81.35000000000001,0.999995661971089
81.4,0.9999957331429215
81.45,0.9999958031113343
81.5,0.9999958732145079
81.55000000000001,0.9999959408436956
81.60000000000001,0.9999960081099857
81.65,0.9999960741584357
81.7,0.9999961394545805
81.75,0.9999962044202249
81.80000000000001,0.9999962671073483
81.85000000000001,0.9999963294792372
81.9,0.9999963900826614
81.95,0.9999964500604389
82.0,0.9999965100950716
82.05000000000001,0.999996567742875
82.10000000000001,0.9999966255499362
82.15,0.999996681784968
82.2,0.9999967367214642
82.25,0.999996792050966
82.30000000000001,0.9999968457493449
82.35000000000001,0.9999968984332551
82.4,0.9999969515320675
82.45,0.9999970022465362
82.5,0.9999970525961027
82.55000000000001,0.9999971019854946
82.60000000000001,0.9999971512210435
82.65,0.9999971992479181
82.7,0.999997247601585
82.75,0.9999972940575113
82.80000000000001,0.9999973394706192
82.85000000000001,0.9999973850471634
82.9,0.9999974288094875
82.95,0.9999974733507782
83.0,0.9999975164237114
83.05000000000001,0.9999975585546736
83.10000000000001,0.999997599583872
83.15,0.9999976412535233
83.2,0.9999976806768744
83.25,0.9999977209492015
83.30000000000001,0.9999977601105694
83.35000000000001,0.9999977978244389
83.4,0.9999978362477364
83.45,0.999997873106545
83.5,0.9999979096077496
83.55000000000001,0.9999979456598069
83.60000000000001,0.9999979802399586
83.65,0.9999980155754519
83.7,0.999998049709488
83.75,0.9999980835408728
83.80000000000001,0.9999981169601281
83.85000000000001,0.9999981487354486
83.9,0.9999981809826419
83.95,0.9999982122855039
84.0,0.9999982434443322
84.05000000000001,0.9999982740580354
84.10000000000001,0.9999983043463647
84.15,0.9999983336425636
84.2,0.9999983620452253
84.25,0.9999983913520162
84.30000000000001,0.999998419131216
84.35000000000001,0.9999984467035
84.4,0.9999984741498802
84.45,0.9999985012641852
84.5,0.9999985266213165
84.55000000000001,0.9999985527693067
84.60000000000001,0.9999985779186923
84.65,0.999998602857269
84.7,0.9999986275132567
84.75,0.9999986516054152
84.80000000000001,0.9999986756115488
84.85000000000001,0.9999986992493791
84.9,0.9999987215357778
84.95,0.9999987435905935
85.0,0.9999987662513468
85.05000000000001,0.9999987880866132
85.10000000000001,0.9999988099463578
85.15,0.9999988305389966
85.2,0.9999988521260335
85.25,0.9999988715285624
85.30000000000001,0.9999988919919187
85.35000000000001,0.9999989117080672
85.4,0.9999989315410893
85.45,0.9999989502666716
85.5,0.9999989687443311
85.55000000000001,0.9999989868083772
85.60000000000001,0.9999990052956629
85.65,0.9999990230242132
85.7,0.9999990409540059
85.75,0.9999990573202978
85.80000000000001,0.9999990752200162
85.85000000000001,0.9999990908549162
85.9,0.9999991077540209
85.95,0.9999991239919989
86.0,0.9999991395379154
86.05000000000001,0.9999991551919587
86.10000000000001,0.9999991697491103
86.15,0.9999991846899114
86.2,0.9999992001663048
86.25,0.999999213366163
86.30000000000001,0.9999992285842505
86.35000000000001,0.9999992421057723
86.4,0.999999256002981
86.45,0.9999992697471035
86.5,0.9999992829217413
86.55000000000001,0.9999992958939685
86.60000000000001,0.9999993086804376
86.65,0.9999993218558476
86.7,0.9999993338606205
86.75,0.9999993460595866
86.80000000000001,0.9999993576046324
86.85000000000001,0.9999993691500582
86.9,0.9999993809855767
86.95,0.9999993922495864
87.0,0.999999403845627
87.05000000000001,0.999999414223749
87.10000000000001,0.9999994256600575
87.15,0.9999994354879024
87.2,0.9999994457536105
87.25,0.9999994565972697
87.30000000000001,0.9999994659860991
87.35000000000001,0.9999994754987266
87.4,0.9999994850557933
87.45,0.9999994953098004
87.5,0.9999995045494985
87.55000000000001,0.999999513955922
87.60000000000001,0.9999995232937433
87.65,0.999999532082675
87.7,0.9999995402921467
87.75,0.9999995485070259
87.80000000000001,0.9999995572620344
87.85000000000001,0.9999995659494058
87.9,0.9999995730412817
87.95,0.9999995815450506
88.0,0.9999995888768161
88.05000000000001,0.999999597122116
88.10000000000001,0.9999996044900544
88.15,0.9999996116427698
88.2,0.9999996191998979
88.25,0.9999996264787175
88.30000000000001,0.999999633501989
88.35000000000001,0.999999639876108
88.4,0.9999996468067214
88.45,0.9999996531422854
88.5,0.9999996603906575
88.55000000000001,0.9999996665835335
88.60000000000001,0.9999996729918661
88.65,0.9999996791958716
88.7,0.9999996853250183
88.75,0.9999996914992877
88.80000000000001,0.9999996966317728
88.85000000000001,0.9999997027242598
88.9,0.9999997076933012
88.95,0.9999997137591353
89.0,0.9999997192851728
89.05000000000001,0.9999997243038221
89.10000000000001,0.9999997294152267
89.15,0.9999997348134784
89.2,0.9999997398234701
89.25,0.9999997445621004
89.30000000000001,0.9999997493492416
89.35000000000001,0.9999997548007973
89.4,0.9999997587642359
89.45,0.9999997641985006
89.5,0.9999997680917694
89.55000000000001,0.9999997730818244
89.60000000000001,0.9999997771176222
89.65,0.9999997808737513
89.7,0.9999997855122058
89.75,0.9999997895792914
89.80000000000001,0.9999997933062577
89.85000000000001,0.9999997979453252
89.9,0.9999998015856923
89.95,0.9999998051070106
90.0,0.9999998089749179
90.05000000000001,0.9999998128887713
90.10000000000001,0.9999998167265755
90.15,0.9999998200904653
90.2,0.9999998233920732
90.25,0.9999998265337202
90.30000000000001,0.9999998296714776
90.35000000000001,0.9999998327840015
90.4,0.9999998368069454
90.45,0.9999998399159249
90.5,0.9999998432055233
90.55000000000001,0.9999998462714463
90.60000000000001,0.9999998493232125
90.65,0.9999998523896103
90.7,0.9999998546602111
90.75,0.9999998577004028
90.80000000000001,0.9999998607669224
90.85000000000001,0.9999998633866602
90.9,0.9999998654167455
90.95,0.9999998684062199
91.0,0.9999998712672608
91.05000000000001,0.999999874134978
91.10000000000001,0.9999998759590376
91.15,0.999999877953184
91.2,0.9999998809769913
91.25,0.999999883761503
91.30000000000001,0.9999998862235334
91.35000000000001,0.999999887305354
91.4,0.9999998902424634
91.45,0.9999998928374647
91.5,0.9999998936680475
91.55000000000001,0.9999998964211374
91.60000000000001,0.9999998989283337
91.65,0.9999998999305613
91.7,0.9999999027482182
91.75,0.9999999046940278
91.80000000000001,0.9999999060463057
91.85000000000001,0.9999999084357404
91.9,0.9999999099847922
91.95,0.9999999120450681
92.0,0.9999999139347536
92.05000000000001,0.9999999152828205
92.10000000000001,0.9999999173062227
92.15,0.9999999184302911
92.2,0.9999999203949985
92.25,0.9999999214971346
92.30000000000001,0.9999999234990873
92.35000000000001,0.9999999247326732
92.4,0.9999999266484098
92.45,0.9999999278018717
92.5,0.9999999297125141
92.55000000000001,0.99999993103199
92.60000000000001,0.9999999322311575
92.65,0.9999999329605255
92.7,0.9999999352613094
92.75,0.9999999360219658
92.80000000000001,0.9999999381138006
92.85000000000001,0.999999939034965
92.9,0.9999999395037567
92.95,0.99999994140447
93.0,0.9999999424004804
93.05000000000001,0.9999999442469372
93.10000000000001,0.9999999447327956
93.15,0.9999999456287597
93.2,0.9999999475264154
93.25,0.9999999484886668
93.30000000000001,0.9999999487481408
93.35000000000001,0.9999999507350449
93.4,0.9999999515675034
93.45,0.9999999518155747
93.5,0.9999999533769492
93.55000000000001,0.9999999541201692
93.60000000000001,0.9999999549688909
93.65,0.9999999558641773
93.7,0.9999999571521565
93.75,0.9999999579698611
93.80000000000001,0.9999999581144932
93.85000000000001,0.9999999593220755
93.9,0.9999999604395836
93.95,0.9999999611739794
94.0,0.9999999619772751
94.05000000000001,0.9999999625371694
94.10000000000001,0.9999999635601842
94.15,0.9999999642182105
94.2,0.999999965198936
94.25,0.9999999655761553
94.30000000000001,0.9999999666724924
94.35000000000001,0.9999999672761888
94.4,0.9999999674508812
94.45,0.9999999685468269
94.5,0.9999999687557193
94.55000000000001,0.9999999697787432
94.60000000000001,0.9999999703528006
94.65,0.9999999713864571
94.7,0.9999999716481056
94.75,0.9999999719670789
94.80000000000001,0.9999999728589071
94.85000000000001,0.9999999736164693
94.9,0.9999999736615547
94.95,0.9999999747101985
95.0,0.9999999748631321
95.05000000000001,0.9999999750898408
95.10000000000001,0.9999999759941338
95.15,0.9999999766973667
95.2,0.9999999767745499
95.25,0.9999999778225073
95.30000000000001,0.9999999780738279
95.35000000000001,0.999999978214452
95.4,0.9999999782769852
95.45,0.9999999792358539
95.5,0.9999999798263162
95.55000000000001,0.9999999806635969
95.60000000000001,0.9999999809822109
95.65,0.9999999812037292
95.7,0.999999981279585
95.75,0.9999999814473186
95.80000000000001,0.9999999818762647
95.85000000000001,0.9999999824021699
95.9,0.999999982938625
95.95,0.9999999838771821
96.0,0.999999984090309
96.05000000000001,0.9999999843255997
96.10000000000001,0.9999999843514342
96.15,0.9999999845122565
96.2,0.9999999845280209
96.25,0.9999999846302328
96.30000000000001,0.9999999854685676
96.35000000000001,0.9999999860601081
96.4,0.9999999868602178
96.45,0.9999999870668737
96.5,0.9999999873145535
96.55000000000001,0.9999999873902135
96.60000000000001,0.9999999875786537
96.65,0.9999999875929586
96.7,0.9999999876469658
96.75,0.9999999876927509
96.80000000000001,0.9999999876943368
96.85000000000001,0.9999999885746822
96.9,0.999999988812903
96.95,0.9999999891351196
97.0,0.9999999901161772
97.05000000000001,0.9999999902357951
97.10000000000001,0.9999999904372961
97.15,0.9999999904620624
97.2,0.9999999906228847
97.25,0.9999999906370634
97.30000000000001,0.9999999907368559
97.35000000000001,0.9999999907591485
97.4,0.9999999908226526
97.45,0.9999999908228482
97.5,0.9999999908228482
97.55000000000001,0.9999999908244341
97.60000000000001,0.9999999908543911
97.65,0.9999999916428958
97.7,0.9999999921793508
97.75,0.9999999929708462
97.80000000000001,0.9999999932894598
97.85000000000001,0.9999999934476003
97.9,0.9999999935232604
97.95,0.999999993689408
98.0,0.9999999937035866
98.05000000000001,0.9999999938033792
98.10000000000001,0.9999999938033792
98.15,0.9999999938033792
98.2,0.9999999938667572
98.25,0.999999993866953
98.30000000000001,0.999999993866953
98.35000000000001,0.999999993866953
98.4,0.9999999938892457
98.45,0.9999999938893717
98.5,0.9999999938893717
98.55000000000001,0.9999999938893717
98.60000000000001,0.9999999938893717
98.65,0.9999999938893717
98.7,0.9999999938909575
98.75,0.9999999942834321
98.80000000000001,0.9999999947094189
98.85000000000001,0.999999995245874
98.9,0.9999999960373696
98.95,0.9999999963336906
99.0,0.9999999964917051
99.05000000000001,0.9999999965726907
99.10000000000001,0.9999999967335128
99.15,0.9999999967699842
99.2,0.9999999968699027
99.25,0.9999999968699027
99.30000000000001,0.9999999969332807
99.35000000000001,0.9999999969332807
99.4,0.9999999969334764
99.45,0.9999999969334764
99.5,0.9999999969334764
99.55000000000001,0.9999999969334764
99.60000000000001,0.9999999969334764
99.65,0.9999999969334764
99.7,0.9999999969334764
99.75,0.9999999969334764
99.80000000000001,0.9999999969334764
99.85000000000001,0.9999999969334764
99.9,0.9999999969334764
99.95,0.9999999969334764
100.0,0.9999999969334764
100.05000000000001,0.9999999969334764
100.10000000000001,0.9999999969334764
100.15,0.9999999969334764
100.2,0.9999999969334764
100.25,0.9999999969334764
100.30000000000001,0.999999996955769
100.35000000000001,0.999999996955895
100.4,0.999999996955895
100.45,0.999999996955895
100.5,0.999999996955895
100.55000000000001,0.999999996955895
100.60000000000001,0.999999996955895
100.65,0.999999996955895
100.7,0.999999996955895
100.75,0.999999996955895
100.80000000000001,0.999999996955895
100.85000000000001,0.999999996955895
100.9,0.999999996955895
100.95,0.999999996955895
101.0,0.999999996955895
101.05000000000001,0.999999996955895
101.10000000000001,0.999999996957481
101.15,0.9999999969874378
101.2,0.9999999977759424
101.25,0.9999999983123974
101.30000000000001,0.999999999103893
101.35000000000001,0.9999999994002141
101.4,0.9999999995582287
101.45,0.9999999996392142
101.5,0.9999999998000364
101.55000000000001,0.9999999998142151
101.60000000000001,0.9999999999140076
101.65,0.9999999999140076
101.7,0.9999999999773856
101.75,0.9999999999773856
101.80000000000001,0.9999999999775813
101.85000000000001,0.9999999999775813
101.9,0.9999999999775813
101.95,0.9999999999775813
102.0,0.9999999999775813
102.05000000000001,0.9999999999775813
102.10000000000001,0.9999999999775813
102.15,0.9999999999775813
102.2,0.9999999999775813
102.25,0.9999999999775813
102.30000000000001,0.9999999999775813
102.35000000000001,0.9999999999775813
102.4,0.9999999999775813
102.45,0.9999999999775813
102.5,0.9999999999775813
102.55000000000001,0.9999999999775813
102.60000000000001,0.9999999999775813
102.65,0.9999999999775813
102.7,0.9999999999998739
102.75,1.0
102.80000000000001,1.0
102.85000000000001,1.0
102.9,1.0
102.95,1.0
103.0,1.0
103.05000000000001,1.0
103.10000000000001,1.0
103.15,1.0
103.2,1.0
103.25,1.0
103.30000000000001,1.0
103.35000000000001,1.0
103.4,1.0
103.45,1.0
103.5,1.0
103.55000000000001,1.0
103.60000000000001,1.0
103.65,1.0
103.7,1.0
103.75,1.0
103.80000000000001,1.0
103.85000000000001,1.0
103.9,1.0
103.95,1.0
104.0,1.0
104.05000000000001,1.0
104.10000000000001,1.0
104.15,1.0
104.2,1.0
104.25,1.0
104.30000000000001,1.0
104.35000000000001,1.0
104.4,1.0
104.45,1.0
104.5,1.0
104.55000000000001,1.0
104.60000000000001,1.0
104.65,1.0
104.7,1.0
104.75,1.0
104.80000000000001,1.0
104.85000000000001,1.0
104.9,1.0
104.95,1.0
105.0,1.0
105.05000000000001,1.0
105.10000000000001,1.0
105.15,1.0
105.2,1.0
105.25,1.0
105.30000000000001,1.0
105.35000000000001,1.0
105.4,1.0
105.45,1.0
105.5,1.0
105.55000000000001,1.0
105.60000000000001,1.0
105.65,1.0
105.7,1.0
105.75,1.0
105.80000000000001,1.0
105.85000000000001,1.0
105.9,1.0
105.95,1.0
106.0,1.0
106.05000000000001,1.0
106.10000000000001,1.0
106.15,1.0
106.2,1.0
106.25,1.0
106.30000000000001,1.0
106.35000000000001,1.0
106.4,1.0
106.45,1.0
106.5,1.0
106.55000000000001,1.0
106.60000000000001,1.0
106.65,1.0
106.7,1.0
106.75,1.0
106.80000000000001,1.0
106.85000000000001,1.0
106.9,1.0
106.95,1.0
107.0,1.0
107.05000000000001,1.0
107.10000000000001,1.0
107.15,1.0
107.2,1.0
107.25,1.0
107.30000000000001,1.0
107.35000000000001,1.0
107.4,1.0
107.45,1.0
107.5,1.0
107.55000000000001,1.0
107.60000000000001,1.0
107.65,1.0
107.7,1.0
107.75,1.0
107.80000000000001,1.0
107.85000000000001,1.0
107.9,1.0
107.95,1.0
108.0,1.0
108.05000000000001,1.0
108.10000000000001,1.0
108.15,1.0
108.2,1.0
108.25,1.0
108.30000000000001,1.0
108.35000000000001,1.0
108.4,1.0
108.45,1.0
108.5,1.0
108.55000000000001,1.0
108.60000000000001,1.0
108.65,1.0
108.7,1.0
108.75,1.0
108.80000000000001,1.0
108.85000000000001,1.0
108.9,1.0
108.95,1.0
109.0,1.0
109.05000000000001,1.0
109.10000000000001,1.0
109.15,1.0
109.2,1.0
109.25,1.0
109.30000000000001,1.0
109.35000000000001,1.0
109.4,1.0
109.45,1.0
109.5,1.0
109.55000000000001,1.0
109.60000000000001,1.0
109.65,1.0
109.7,1.0
109.75,1.0
109.80000000000001,1.0
109.85000000000001,1.0
109.9,1.0
109.95,1.0
110.0,1.0
110.05000000000001,1.0
110.10000000000001,1.0
110.15,1.0
110.2,1.0
110.25,1.0
110.30000000000001,1.0
110.35000000000001,1.0
110.4,1.0
110.45,1.0
110.5,1.0
110.55000000000001,1.0
110.60000000000001,1.0
110.65,1.0
110.7,1.0
110.75,1.0
110.80000000000001,1.0
110.85000000000001,1.0
110.9,1.0
110.95,1.0
111.0,1.0
111.05000000000001,1.0
111.10000000000001,1.0
111.15,1.0
111.2,1.0
111.25,1.0
111.30000000000001,1.0
111.35000000000001,1.0
111.4,1.0
111.45,1.0
111.5,1.0
111.55000000000001,1.0
111.60000000000001,1.0
111.65,1.0
111.7,1.0
111.75,1.0
111.80000000000001,1.0
111.85000000000001,1.0
111.9,1.0
111.95,1.0
112.0,1.0
112.05000000000001,1.0
112.10000000000001,1.0
112.15,1.0
112.2,1.0
112.25,1.0
112.30000000000001,1.0
112.35000000000001,1.0
112.4,1.0
112.45,1.0
112.5,1.0
112.55000000000001,1.0
112.60000000000001,1.0
112.65,1.0
112.7,1.0
112.75,1.0
112.80000000000001,1.0
112.85000000000001,1.0
112.9,1.0
112.95,1.0
113.0,1.0
113.05000000000001,1.0
113.10000000000001,1.0
113.15,1.0
113.2,1.0
113.25,1.0
113.30000000000001,1.0
113.35000000000001,1.0
113.4,1.0
113.45,1.0
113.5,1.0
113.55000000000001,1.0
113.60000000000001,1.0
113.65,1.0
113.7,1.0
113.75,1.0
113.80000000000001,1.0
113.85000000000001,1.0
113.9,1.0
113.95,1.0
114.0,1.0
114.05000000000001,1.0
114.10000000000001,1.0
114.15,1.0
114.2,1.0
114.25,1.0
114.30000000000001,1.0
114.35000000000001,1.0
114.4,1.0
114.45,1.0
114.5,1.0
114.55000000000001,1.0
114.60000000000001,1.0
114.65,1.0
114.7,1.0
114.75,1.0
114.80000000000001,1.0
114.85000000000001,1.0
114.9,1.0
114.95,1.0
115.0,1.0
115.05000000000001,1.0
115.10000000000001,1.0
115.15,1.0
115.2,1.0
115.25,1.0
115.30000000000001,1.0
115.35000000000001,1.0
115.4,1.0
115.45,1.0
115.5,1.0
115.55000000000001,1.0
115.60000000000001,1.0
115.65,1.0
115.7,1.0
115.75,1.0
115.80000000000001,1.0
115.85000000000001,1.0
115.9,1.0
115.95,1.0
116.0,1.0
116.05000000000001,1.0
116.10000000000001,1.0
116.15,1.0
116.2,1.0
116.25,1.0
116.30000000000001,1.0
116.35000000000001,1.0
116.4,1.0
116.45,1.0
116.5,1.0
116.55000000000001,1.0
116.60000000000001,1.0
116.65,1.0
116.7,1.0
116.75,1.0
116.80000000000001,1.0
116.85000000000001,1.0
116.9,1.0
116.95,1.0
117.0,1.0
117.05000000000001,1.0
117.10000000000001,1.0
117.15,1.0
117.2,1.0
117.25,1.0
117.30000000000001,1.0
117.35000000000001,1.0
117.4,1.0
117.45,1.0
117.5,1.0
117.55000000000001,1.0
117.60000000000001,1.0
117.65,1.0
117.7,1.0
117.75,1.0
117.80000000000001,1.0
117.85000000000001,1.0
117.9,1.0
117.95,1.0
118.0,1.0
118.05000000000001,1.0
118.10000000000001,1.0
118.15,1.0
118.2,1.0
118.25,1.0
118.30000000000001,1.0
118.35000000000001,1.0
118.4,1.0
118.45,1.0
118.5,1.0
118.55000000000001,1.0
118.60000000000001,1.0
118.65,1.0
118.7,1.0
118.75,1.0
118.80000000000001,1.0
118.85000000000001,1.0
118.9,1.0
118.95,1.0
119.0,1.0
119.05000000000001,1.0
119.10000000000001,1.0
119.15,1.0
119.2,1.0
119.25,1.0
119.30000000000001,1.0
119.35000000000001,1.0
119.4,1.0
119.45,1.0
119.5,1.0
119.55000000000001,1.0
119.60000000000001,1.0
119.65,1.0
119.7,1.0
119.75,1.0
119.80000000000001,1.0
119.85000000000001,1.0
119.9,1.0
119.95,1.0
120.0,1.0
120.05000000000001,1.0
120.10000000000001,1.0
120.15,1.0
120.2,1.0
120.25,1.0
120.30000000000001,1.0
120.35000000000001,1.0
120.4,1.0
120.45,1.0
120.5,1.0
120.55000000000001,1.0
120.60000000000001,1.0
120.65,1.0
120.7,1.0
120.75,1.0
120.80000000000001,1.0
120.85000000000001,1.0
120.9,1.0
120.95,1.0
121.0,1.0
121.05000000000001,1.0
121.10000000000001,1.0
121.15,1.0
121.2,1.0
121.25,1.0
121.30000000000001,1.0
121.35000000000001,1.0
121.4,1.0
121.45,1.0
121.5,1.0
121.55000000000001,1.0
121.60000000000001,1.0
121.65,1.0
121.7,1.0
121.75,1.0
121.80000000000001,1.0
121.85000000000001,1.0
121.9,1.0
121.95,1.0
122.0,1.0
122.05000000000001,1.0
122.10000000000001,1.0
122.15,1.0
122.2,1.0
122.25,1.0
122.30000000000001,1.0
122.35000000000001,1.0
122.4,1.0
122.45,1.0
122.5,1.0
122.55000000000001,1.0
122.60000000000001,1.0
122.65,1.0
122.7,1.0
122.75,1.0
122.80000000000001,1.0
122.85000000000001,1.0
122.9,1.0
122.95,1.0
123.0,1.0
123.05000000000001,1.0
123.10000000000001,1.0
123.15,1.0
123.2,1.0
123.25,1.0
123.30000000000001,1.0
123.35000000000001,1.0
123.4,1.0
123.45,1.0
123.5,1.0
123.55000000000001,1.0
123.60000000000001,1.0
123.65,1.0
123.7,1.0
123.75,1.0
123.80000000000001,1.0
123.85000000000001,1.0
123.9,1.0
123.95,1.0
124.0,1.0
124.05000000000001,1.0
124.10000000000001,1.0
124.15,1.0
124.2,1.0
124.25,1.0
124.30000000000001,1.0
124.35000000000001,1.0
124.4,1.0
124.45,1.0
124.5,1.0
124.55000000000001,1.0
124.60000000000001,1.0
124.65,1.0
124.7,1.0
124.75,1.0
124.80000000000001,1.0
124.85000000000001,1.0
124.9,1.0
124.95,1.0
125.0,1.0
125.05000000000001,1.0
125.10000000000001,1.0
125.15,1.0
125.2,1.0
125.25,1.0
125.30000000000001,1.0
125.35000000000001,1.0
125.4,1.0
125.45,1.0
125.5,1.0
125.55000000000001,1.0
125.60000000000001,1.0
125.65,1.0
125.7,1.0
125.75,1.0
125.80000000000001,1.0
125.85000000000001,1.0
125.9,1.0
125.95,1.0
126.0,1.0
126.05000000000001,1.0
126.10000000000001,1.0
126.15,1.0
126.2,1.0
126.25,1.0
126.30000000000001,1.0
126.35000000000001,1.0
126.4,1.0
126.45,1.0
126.5,1.0
126.55000000000001,1.0
126.60000000000001,1.0
126.65,1.0
126.7,1.0
126.75,1.0
126.80000000000001,1.0
126.85000000000001,1.0
126.9,1.0
126.95,1.0
127.0,1.0
127.05000000000001,1.0
127.10000000000001,1.0
127.15,1.0
127.2,1.0
127.25,1.0
127.30000000000001,1.0
127.35000000000001,1.0
127.4,1.0
127.45,1.0
127.5,1.0
127.55000000000001,1.0
127.60000000000001,1.0
127.65,1.0
127.7,1.0
127.75,1.0
127.80000000000001,1.0
127.85000000000001,1.0
127.9,1.0
127.95,1.0
128.0,1.0
128.05,1.0
128.1,1.0
128.15,1.0
128.20000000000002,1.0
128.25,1.0
128.3,1.0
128.35,1.0
128.4,1.0
128.45000000000002,1.0
128.5,1.0
128.55,1.0
128.6,1.0
128.65,1.0
128.70000000000002,1.0
128.75,1.0
128.8,1.0
128.85,1.0
128.9,1.0
128.95000000000002,1.0
129.0,1.0
129.05,1.0
129.1,1.0
129.15,1.0
129.20000000000002,1.0
129.25,1.0
129.3,1.0
129.35,1.0
129.4,1.0
129.45000000000002,1.0
129.5,1.0
129.55,1.0
129.6,1.0
129.65,1.0
129.70000000000002,1.0
129.75,1.0
129.8,1.0
129.85,1.0
129.9,1.0
129.95000000000002,1.0
130.0,1.0
130.05,1.0
130.1,1.0
130.15,1.0
130.20000000000002,1.0
130.25,1.0
130.3,1.0
130.35,1.0
130.4,1.0
130.45000000000002,1.0
130.5,1.0
130.55,1.0
130.6,1.0
130.65,1.0
130.70000000000002,1.0
130.75,1.0
130.8,1.0
130.85,1.0
130.9,1.0
130.95000000000002,1.0
131.0,1.0
131.05,1.0
131.1,1.0
131.15,1.0
131.20000000000002,1.0
131.25,1.0
131.3,1.0
131.35,1.0
131.4,1.0
131.45000000000002,1.0
131.5,1.0
131.55,1.0
131.6,1.0
131.65,1.0
131.70000000000002,1.0
131.75,1.0
131.8,1.0
131.85,1.0
131.9,1.0
131.95000000000002,1.0
132.0,1.0
132.05,1.0
132.1,1.0
132.15,1.0
132.20000000000002,1.0
132.25,1.0
132.3,1.0
132.35,1.0
132.4,1.0
132.45000000000002,1.0
132.5,1.0
132.55,1.0
132.6,1.0
132.65,1.0
132.70000000000002,1.0
132.75,1.0
132.8,1.0
132.85,1.0
132.9,1.0
132.95000000000002,1.0
133.0,1.0
133.05,1.0
133.1,1.0
133.15,1.0
133.20000000000002,1.0
133.25,1.0
133.3,1.0
133.35,1.0
133.4,1.0
133.45000000000002,1.0
133.5,1.0
133.55,1.0
133.6,1.0
133.65,1.0
133.70000000000002,1.0
133.75,1.0
133.8,1.0
133.85,1.0
133.9,1.0
133.95000000000002,1.0
134.0,1.0
134.05,1.0
134.1,1.0
134.15,1.0
134.20000000000002,1.0
134.25,1.0
134.3,1.0
134.35,1.0
134.4,1.0
134.45000000000002,1.0
134.5,1.0
134.55,1.0
134.6,1.0
134.65,1.0
134.70000000000002,1.0
134.75,1.0
134.8,1.0
134.85,1.0
134.9,1.0
134.95000000000002,1.0
135.0,1.0
135.05,1.0
135.1,1.0
135.15,1.0
135.20000000000002,1.0
135.25,1.0
135.3,1.0
135.35,1.0
135.4,1.0
135.45000000000002,1.0
135.5,1.0
135.55,1.0
135.6,1.0
135.65,1.0
135.70000000000002,1.0
135.75,1.0
135.8,1.0
135.85,1.0
135.9,1.0
135.95000000000002,1.0
136.0,1.0
136.05,1.0
136.1,1.0
136.15,1.0
136.20000000000002,1.0
136.25,1.0
136.3,1.0
136.35,1.0
136.4,1.0
136.45000000000002,1.0
136.5,1.0
136.55,1.0
136.6,1.0
136.65,1.0
136.70000000000002,1.0
136.75,1.0
136.8,1.0
136.85,1.0
136.9,1.0
136.95000000000002,1.0
137.0,1.0
137.05,1.0
137.1,1.0
137.15,1.0
137.20000000000002,1.0
137.25,1.0
137.3,1.0
137.35,1.0
137.4,1.0
137.45000000000002,1.0
137.5,1.0
137.55,1.0
137.6,1.0
137.65,1.0
137.70000000000002,1.0
137.75,1.0
137.8,1.0
137.85,1.0
137.9,1.0
137.95000000000002,1.0
138.0,1.0
138.05,1.0
138.1,1.0
138.15,1.0
138.20000000000002,1.0
138.25,1.0
138.3,1.0
138.35,1.0
138.4,1.0
138.45000000000002,1.0
138.5,1.0
138.55,1.0
138.6,1.0
138.65,1.0
138.70000000000002,1.0
138.75,1.0
138.8,1.0
138.85,1.0
138.9,1.0
138.95000000000002,1.0
139.0,1.0
139.05,1.0
139.1,1.0
139.15,1.0
139.20000000000002,1.0
139.25,1.0
139.3,1.0
139.35,1.0
139.4,1.0
139.45000000000002,1.0
139.5,1.0
139.55,1.0
139.6,1.0
139.65,1.0
139.70000000000002,1.0
139.75,1.0
139.8,1.0
139.85,1.0
139.9,1.0
139.95000000000002,1.0
140.0,1.0
140.05,1.0
140.1,1.0
140.15,1.0
140.20000000000002,1.0
140.25,1.0
140.3,1.0
140.35,1.0
140.4,1.0
140.45000000000002,1.0
140.5,1.0
140.55,1.0
140.6,1.0
140.65,1.0
140.70000000000002,1.0
140.75,1.0
140.8,1.0
140.85,1.0
140.9,1.0
140.95000000000002,1.0
141.0,1.0
141.05,1.0
141.1,1.0
141.15,1.0
141.20000000000002,1.0
141.25,1.0
141.3,1.0
141.35,1.0
141.4,1.0
141.45000000000002,1.0
141.5,1.0
141.55,1.0
141.6,1.0
141.65,1.0
141.70000000000002,1.0
141.75,1.0
141.8,1.0
141.85,1.0
141.9,1.0
141.95000000000002,1.0
142.0,1.0
142.05,1.0
142.1,1.0
142.15,1.0
142.20000000000002,1.0
142.25,1.0
142.3,1.0
142.35,1.0
142.4,1.0
142.45000000000002,1.0
142.5,1.0
142.55,1.0
142.6,1.0
142.65,1.0
142.70000000000002,1.0
142.75,1.0
142.8,1.0
142.85,1.0
142.9,1.0
142.95000000000002,1.0
143.0,1.0
143.05,1.0
143.1,1.0
143.15,1.0
143.20000000000002,1.0
143.25,1.0
143.3,1.0
143.35,1.0
143.4,1.0
143.45000000000002,1.0
143.5,1.0
143.55,1.0
143.6,1.0
143.65,1.0
143.70000000000002,1.0
143.75,1.0
143.8,1.0
143.85,1.0
143.9,1.0
143.95000000000002,1.0
144.0,1.0
144.05,1.0
144.1,1.0
144.15,1.0
144.20000000000002,1.0
144.25,1.0
144.3,1.0
144.35,1.0
144.4,1.0
144.45000000000002,1.0
144.5,1.0
144.55,1.0
144.6,1.0
144.65,1.0
144.70000000000002,1.0
144.75,1.0
144.8,1.0
144.85,1.0
144.9,1.0
144.95000000000002,1.0
145.0,1.0
145.05,1.0
145.1,1.0
145.15,1.0
145.20000000000002,1.0
145.25,1.0
145.3,1.0
145.35,1.0
145.4,1.0
145.45000000000002,1.0
145.5,1.0
145.55,1.0
145.6,1.0
145.65,1.0
145.70000000000002,1.0
145.75,1.0
145.8,1.0
145.85,1.0
145.9,1.0
145.95000000000002,1.0
146.0,1.0
146.05,1.0
146.1,1.0
146.15,1.0
146.20000000000002,1.0
146.25,1.0
146.3,1.0
146.35,1.0
146.4,1.0
146.45000000000002,1.0
146.5,1.0
146.55,1.0
146.6,1.0
146.65,1.0
146.70000000000002,1.0
146.75,1.0
146.8,1.0
146.85,1.0
146.9,1.0
146.95000000000002,1.0
147.0,1.0
147.05,1.0
147.1,1.0
147.15,1.0
147.20000000000002,1.0
147.25,1.0
147.3,1.0
147.35,1.0
147.4,1.0
147.45000000000002,1.0
147.5,1.0
147.55,1.0
147.6,1.0
147.65,1.0
147.70000000000002,1.0
147.75,1.0
147.8,1.0
147.85,1.0
147.9,1.0
147.95000000000002,1.0
148.0,1.0
148.05,1.0
148.1,1.0
148.15,1.0
148.20000000000002,1.0
148.25,1.0
148.3,1.0
148.35,1.0
148.4,1.0
148.45000000000002,1.0
148.5,1.0
148.55,1.0
148.6,1.0
148.65,1.0
148.70000000000002,1.0
148.75,1.0
148.8,1.0
148.85,1.0
148.9,1.0
148.95000000000002,1.0
149.0,1.0
149.05,1.0
149.1,1.0
149.15,1.0
149.20000000000002,1.0
149.25,1.0
149.3,1.0
149.35,1.0
149.4,1.0
149.45000000000002,1.0
149.5,1.0
149.55,1.0
149.6,1.0
149.65,1.0
149.70000000000002,1.0
149.75,1.0
149.8,1.0
149.85,1.0
149.9,1.0
149.95000000000002,1.0
150.0,1.0
150.05,1.0
150.1,1.0
150.15,1.0
150.20000000000002,1.0
150.25,1.0
150.3,1.0
150.35,1.0
150.4,1.0
150.45000000000002,1.0
150.5,1.0
150.55,1.0
150.6,1.0
150.65,1.0
150.70000000000002,1.0
150.75,1.0
150.8,1.0
150.85,1.0
150.9,1.0
150.95000000000002,1.0
151.0,1.0
151.05,1.0
151.1,1.0
151.15,1.0
151.20000000000002,1.0
151.25,1.0
151.3,1.0
151.35,1.0
151.4,1.0
151.45000000000002,1.0
151.5,1.0
151.55,1.0
151.6,1.0
151.65,1.0
151.70000000000002,1.0
151.75,1.0
151.8,1.0
151.85,1.0
151.9,1.0
151.95000000000002,1.0
152.0,1.0
152.05,1.0
152.1,1.0
152.15,1.0
152.20000000000002,1.0
152.25,1.0
152.3,1.0
152.35,1.0
152.4,1.0
152.45000000000002,1.0
152.5,1.0
152.55,1.0
152.6,1.0
152.65,1.0
152.70000000000002,1.0
152.75,1.0
152.8,1.0
152.85,1.0
152.9,1.0
152.95000000000002,1.0
153.0,1.0
153.05,1.0
153.1,1.0
153.15,1.0
153.20000000000002,1.0
153.25,1.0
153.3,1.0
153.35,1.0
153.4,1.0
153.45000000000002,1.0
153.5,1.0
153.55,1.0
153.60000000000002,1.0
153.65,1.0
153.70000000000002,1.0
153.75,1.0
153.8,1.0
153.85000000000002,1.0
153.9,1.0
153.95000000000002,1.0
154.0,1.0
154.05,1.0
154.10000000000002,1.0
154.15,1.0
154.20000000000002,1.0
154.25,1.0
154.3,1.0
154.35000000000002,1.0
154.4,1.0
154.45000000000002,1.0
154.5,1.0
154.55,1.0
154.60000000000002,1.0
154.65,1.0
154.70000000000002,1.0
154.75,1.0
154.8,1.0
154.85000000000002,1.0
154.9,1.0
154.95000000000002,1.0
155.0,1.0
155.05,1.0
155.10000000000002,1.0
155.15,1.0
155.20000000000002,1.0
155.25,1.0
155.3,1.0
155.35000000000002,1.0
155.4,1.0
155.45000000000002,1.0
155.5,1.0
155.55,1.0
155.60000000000002,1.0
155.65,1.0
155.70000000000002,1.0
155.75,1.0
155.8,1.0
155.85000000000002,1.0
155.9,1.0
155.95000000000002,1.0
156.0,1.0
156.05,1.0
156.10000000000002,1.0
156.15,1.0
156.20000000000002,1.0
156.25,1.0
156.3,1.0
156.35000000000002,1.0
156.4,1.0
156.45000000000002,1.0
156.5,1.0
156.55,1.0
156.60000000000002,1.0
156.65,1.0
156.70000000000002,1.0
156.75,1.0
156.8,1.0
156.85000000000002,1.0
156.9,1.0
156.95000000000002,1.0
157.0,1.0
157.05,1.0
157.10000000000002,1.0
157.15,1.0
157.20000000000002,1.0
157.25,1.0
157.3,1.0
157.35000000000002,1.0
157.4,1.0
157.45000000000002,1.0
157.5,1.0
157.55,1.0
157.60000000000002,1.0
157.65,1.0
157.70000000000002,1.0
157.75,1.0
157.8,1.0
157.85000000000002,1.0
157.9,1.0
157.95000000000002,1.0
158.0,1.0
158.05,1.0
158.10000000000002,1.0
158.15,1.0
158.20000000000002,1.0
158.25,1.0
158.3,1.0
158.35000000000002,1.0
158.4,1.0
158.45000000000002,1.0
158.5,1.0
158.55,1.0
158.60000000000002,1.0
158.65,1.0
158.70000000000002,1.0
158.75,1.0
158.8,1.0
158.85000000000002,1.0
158.9,1.0
158.95000000000002,1.0
159.0,1.0
159.05,1.0
159.10000000000002,1.0
159.15,1.0
159.20000000000002,1.0
159.25,1.0
159.3,1.0
159.35000000000002,1.0
159.4,1.0
159.45000000000002,1.0
159.5,1.0
159.55,1.0
159.60000000000002,1.0
159.65,1.0
159.70000000000002,1.0
159.75,1.0
159.8,1.0
159.85000000000002,1.0
159.9,1.0
159.95000000000002,1.0
160.0,1.0
160.05,1.0
160.10000000000002,1.0
160.15,1.0
160.20000000000002,1.0
160.25,1.0
160.3,1.0
160.35000000000002,1.0
160.4,1.0
160.45000000000002,1.0
160.5,1.0
160.55,1.0
160.60000000000002,1.0
160.65,1.0
160.70000000000002,1.0
160.75,1.0
160.8,1.0
160.85000000000002,1.0
160.9,1.0
160.95000000000002,1.0
161.0,1.0
161.05,1.0
161.10000000000002,1.0
161.15,1.0
161.20000000000002,1.0
161.25,1.0
161.3,1.0
161.35000000000002,1.0
161.4,1.0
161.45000000000002,1.0
161.5,1.0
161.55,1.0
161.60000000000002,1.0
161.65,1.0
161.70000000000002,1.0
161.75,1.0
161.8,1.0
161.85000000000002,1.0
161.9,1.0
161.95000000000002,1.0
162.0,1.0
162.05,1.0
162.10000000000002,1.0
162.15,1.0
162.20000000000002,1.0
162.25,1.0
162.3,1.0
162.35000000000002,1.0
162.4,1.0
162.45000000000002,1.0
162.5,1.0
162.55,1.0
162.60000000000002,1.0
162.65,1.0
162.70000000000002,1.0
162.75,1.0
162.8,1.0
162.85000000000002,1.0
162.9,1.0
162.95000000000002,1.0
163.0,1.0
163.05,1.0
163.10000000000002,1.0
163.15,1.0
163.20000000000002,1.0
163.25,1.0
163.3,1.0
163.35000000000002,1.0
163.4,1.0
163.45000000000002,1.0
163.5,1.0
163.55,1.0
163.60000000000002,1.0
163.65,1.0
163.70000000000002,1.0
163.75,1.0
163.8,1.0
163.85000000000002,1.0
163.9,1.0
163.95000000000002,1.0
164.0,1.0
164.05,1.0
164.10000000000002,1.0
164.15,1.0
164.20000000000002,1.0
164.25,1.0
164.3,1.0
164.35000000000002,1.0
164.4,1.0
164.45000000000002,1.0
164.5,1.0
164.55,1.0
164.60000000000002,1.0
164.65,1.0
164.70000000000002,1.0
164.75,1.0
164.8,1.0
164.85000000000002,1.0
164.9,1.0
164.95000000000002,1.0
165.0,1.0
165.05,1.0
165.10000000000002,1.0
165.15,1.0
165.20000000000002,1.0
165.25,1.0
165.3,1.0
165.35000000000002,1.0
165.4,1.0
165.45000000000002,1.0
165.5,1.0
165.55,1.0
165.60000000000002,1.0
165.65,1.0
165.70000000000002,1.0
165.75,1.0
165.8,1.0
165.85000000000002,1.0
165.9,1.0
165.95000000000002,1.0
166.0,1.0
166.05,1.0
166.10000000000002,1.0
166.15,1.0
166.20000000000002,1.0
166.25,1.0
166.3,1.0
166.35000000000002,1.0
166.4,1.0
166.45000000000002,1.0
166.5,1.0
166.55,1.0
166.60000000000002,1.0
166.65,1.0
166.70000000000002,1.0
166.75,1.0
166.8,1.0
166.85000000000002,1.0
166.9,1.0
166.95000000000002,1.0
167.0,1.0
167.05,1.0
167.10000000000002,1.0
167.15,1.0
167.20000000000002,1.0
167.25,1.0
167.3,1.0
167.35000000000002,1.0
167.4,1.0
167.45000000000002,1.0
167.5,1.0
167.55,1.0
167.60000000000002,1.0
167.65,1.0
167.70000000000002,1.0
167.75,1.0
167.8,1.0
167.85000000000002,1.0
167.9,1.0
167.95000000000002,1.0
168.0,1.0
168.05,1.0
168.10000000000002,1.0
168.15,1.0
168.20000000000002,1.0
168.25,1.0
168.3,1.0
168.35000000000002,1.0
168.4,1.0
168.45000000000002,1.0
168.5,1.0
168.55,1.0
168.60000000000002,1.0
168.65,1.0
168.70000000000002,1.0
168.75,1.0
168.8,1.0
168.85000000000002,1.0
168.9,1.0
168.95000000000002,1.0
169.0,1.0
169.05,1.0
169.10000000000002,1.0
169.15,1.0
169.20000000000002,1.0
169.25,1.0
169.3,1.0
169.35000000000002,1.0
169.4,1.0
169.45000000000002,1.0
169.5,1.0
169.55,1.0
169.60000000000002,1.0
169.65,1.0
169.70000000000002,1.0
169.75,1.0
169.8,1.0
169.85000000000002,1.0
169.9,1.0
169.95000000000002,1.0
170.0,1.0
170.05,1.0
170.10000000000002,1.0
170.15,1.0
170.20000000000002,1.0
170.25,1.0
170.3,1.0
170.35000000000002,1.0
170.4,1.0
170.45000000000002,1.0
170.5,1.0
170.55,1.0
170.60000000000002,1.0
170.65,1.0
170.70000000000002,1.0
170.75,1.0
170.8,1.0
170.85000000000002,1.0
170.9,1.0
170.95000000000002,1.0
171.0,1.0
171.05,1.0
171.10000000000002,1.0
171.15,1.0
171.20000000000002,1.0
171.25,1.0
171.3,1.0
171.35000000000002,1.0
171.4,1.0
171.45000000000002,1.0
171.5,1.0
171.55,1.0
171.60000000000002,1.0
171.65,1.0
171.70000000000002,1.0
171.75,1.0
171.8,1.0
171.85000000000002,1.0
171.9,1.0
171.95000000000002,1.0
172.0,1.0
172.05,1.0
172.10000000000002,1.0
172.15,1.0
172.20000000000002,1.0
172.25,1.0
172.3,1.0
172.35000000000002,1.0
172.4,1.0
172.45000000000002,1.0
172.5,1.0
172.55,1.0
172.60000000000002,1.0
172.65,1.0
172.70000000000002,1.0
172.75,1.0
172.8,1.0
172.85000000000002,1.0
172.9,1.0
172.95000000000002,1.0
173.0,1.0
173.05,1.0
173.10000000000002,1.0
173.15,1.0
173.20000000000002,1.0
173.25,1.0
173.3,1.0
173.35000000000002,1.0
173.4,1.0
173.45000000000002,1.0
173.5,1.0
173.55,1.0
173.60000000000002,1.0
173.65,1.0
173.70000000000002,1.0
173.75,1.0
173.8,1.0
173.85000000000002,1.0
173.9,1.0
173.95000000000002,1.0
174.0,1.0
174.05,1.0
174.10000000000002,1.0
174.15,1.0
174.20000000000002,1.0
174.25,1.0
174.3,1.0
174.35000000000002,1.0
174.4,1.0
174.45000000000002,1.0
174.5,1.0
174.55,1.0
174.60000000000002,1.0
174.65,1.0
174.70000000000002,1.0
174.75,1.0
174.8,1.0
174.85000000000002,1.0
174.9,1.0
174.95000000000002,1.0
175.0,1.0
175.05,1.0
175.10000000000002,1.0
175.15,1.0
175.20000000000002,1.0
175.25,1.0
175.3,1.0
175.35000000000002,1.0
175.4,1.0
175.45000000000002,1.0
175.5,1.0
175.55,1.0
175.60000000000002,1.0
175.65,1.0
175.70000000000002,1.0
175.75,1.0
175.8,1.0
175.85000000000002,1.0
175.9,1.0
175.95000000000002,1.0
176.0,1.0
176.05,1.0
176.10000000000002,1.0
176.15,1.0
176.20000000000002,1.0
176.25,1.0
176.3,1.0
176.35000000000002,1.0
176.4,1.0
176.45000000000002,1.0
176.5,1.0
176.55,1.0
176.60000000000002,1.0
176.65,1.0
176.70000000000002,1.0
176.75,1.0
176.8,1.0
176.85000000000002,1.0
176.9,1.0
176.95000000000002,1.0
177.0,1.0
177.05,1.0
177.10000000000002,1.0
177.15,1.0
177.20000000000002,1.0
177.25,1.0
177.3,1.0
177.35000000000002,1.0
177.4,1.0
177.45000000000002,1.0
177.5,1.0
177.55,1.0
177.60000000000002,1.0
177.65,1.0
177.70000000000002,1.0
177.75,1.0
177.8,1.0
177.85000000000002,1.0
177.9,1.0
177.95000000000002,1.0
178.0,1.0
178.05,1.0
178.10000000000002,1.0
178.15,1.0
178.20000000000002,1.0
178.25,1.0
178.3,1.0
178.35000000000002,1.0
178.4,1.0
178.45000000000002,1.0
178.5,1.0
178.55,1.0
178.60000000000002,1.0
178.65,1.0
178.70000000000002,1.0
178.75,1.0
178.8,1.0
178.85000000000002,1.0
178.9,1.0
178.95000000000002,1.0
179.0,1.0
179.05,1.0
179.10000000000002,1.0
179.15,1.0
179.20000000000002,1.0
179.25,1.0
179.3,1.0
179.35000000000002,1.0
179.4,1.0
179.45000000000002,1.0
179.5,1.0
179.55,1.0
179.60000000000002,1.0
179.65,1.0
179.70000000000002,1.0
179.75,1.0
179.8,1.0
179.85000000000002,1.0
179.9,1.0
179.95000000000002,1.0
180.0,1.0
180.05,1.0
180.10000000000002,1.0
180.15,1.0
180.20000000000002,1.0
180.25,1.0
180.3,1.0
180.35000000000002,1.0
180.4,1.0
180.45000000000002,1.0
180.5,1.0
180.55,1.0
180.60000000000002,1.0
180.65,1.0
180.70000000000002,1.0
180.75,1.0
180.8,1.0
180.85000000000002,1.0
180.9,1.0
180.95000000000002,1.0
181.0,1.0
181.05,1.0
181.10000000000002,1.0
181.15,1.0
181.20000000000002,1.0
181.25,1.0
181.3,1.0
181.35000000000002,1.0
181.4,1.0
181.45000000000002,1.0
181.5,1.0
181.55,1.0
181.60000000000002,1.0
181.65,1.0
181.70000000000002,1.0
181.75,1.0
181.8,1.0
181.85000000000002,1.0
181.9,1.0
181.95000000000002,1.0
182.0,1.0
182.05,1.0
182.10000000000002,1.0
182.15,1.0
182.20000000000002,1.0
182.25,1.0
182.3,1.0
182.35000000000002,1.0
182.4,1.0
182.45000000000002,1.0
182.5,1.0
182.55,1.0
182.60000000000002,1.0
182.65,1.0
182.70000000000002,1.0
182.75,1.0
182.8,1.0
182.85000000000002,1.0
182.9,1.0
182.95000000000002,1.0
183.0,1.0
183.05,1.0
183.10000000000002,1.0
183.15,1.0
183.20000000000002,1.0
183.25,1.0
183.3,1.0
183.35000000000002,1.0
183.4,1.0
183.45000000000002,1.0
183.5,1.0
183.55,1.0
183.60000000000002,1.0
183.65,1.0
183.70000000000002,1.0
183.75,1.0
183.8,1.0
183.85000000000002,1.0
183.9,1.0
183.95000000000002,1.0
184.0,1.0
184.05,1.0
184.10000000000002,1.0
184.15,1.0
184.20000000000002,1.0
184.25,1.0
184.3,1.0
184.35000000000002,1.0
184.4,1.0
184.45000000000002,1.0
184.5,1.0
184.55,1.0
184.60000000000002,1.0
184.65,1.0
184.70000000000002,1.0
184.75,1.0
184.8,1.0
184.85000000000002,1.0
184.9,1.0
184.95000000000002,1.0
185.0,1.0
185.05,1.0
185.10000000000002,1.0
185.15,1.0
185.20000000000002,1.0
185.25,1.0
185.3,1.0
185.35000000000002,1.0
185.4,1.0
185.45000000000002,1.0
185.5,1.0
185.55,1.0
185.60000000000002,1.0
185.65,1.0
185.70000000000002,1.0
185.75,1.0
185.8,1.0
185.85000000000002,1.0
185.9,1.0
185.95000000000002,1.0
186.0,1.0
186.05,1.0
186.10000000000002,1.0
186.15,1.0
186.20000000000002,1.0
186.25,1.0
186.3,1.0
186.35000000000002,1.0
186.4,1.0
186.45000000000002,1.0
186.5,1.0
186.55,1.0
186.60000000000002,1.0
186.65,1.0
186.70000000000002,1.0
186.75,1.0
186.8,1.0
186.85000000000002,1.0
186.9,1.0
186.95000000000002,1.0
187.0,1.0
187.05,1.0
187.10000000000002,1.0
187.15,1.0
187.20000000000002,1.0
187.25,1.0
187.3,1.0
187.35000000000002,1.0
187.4,1.0
187.45000000000002,1.0
187.5,1.0
187.55,1.0
187.60000000000002,1.0
187.65,1.0
187.70000000000002,1.0
187.75,1.0
187.8,1.0
187.85000000000002,1.0
187.9,1.0
187.95000000000002,1.0
188.0,1.0
188.05,1.0
188.10000000000002,1.0
188.15,1.0
188.20000000000002,1.0
188.25,1.0
188.3,1.0
188.35000000000002,1.0
188.4,1.0
188.45000000000002,1.0
188.5,1.0
188.55,1.0
188.60000000000002,1.0
188.65,1.0
188.70000000000002,1.0
188.75,1.0
188.8,1.0
188.85000000000002,1.0
188.9,1.0
188.95000000000002,1.0
189.0,1.0
189.05,1.0
189.10000000000002,1.0
189.15,1.0
189.20000000000002,1.0
189.25,1.0
189.3,1.0
189.35000000000002,1.0
189.4,1.0
189.45000000000002,1.0
189.5,1.0
189.55,1.0
189.60000000000002,1.0
189.65,1.0
189.70000000000002,1.0
189.75,1.0
189.8,1.0
189.85000000000002,1.0
189.9,1.0
189.95000000000002,1.0
190.0,1.0
190.05,1.0
190.10000000000002,1.0
190.15,1.0
190.20000000000002,1.0
190.25,1.0
190.3,1.0
190.35000000000002,1.0
190.4,1.0
190.45000000000002,1.0
190.5,1.0
190.55,1.0
190.60000000000002,1.0
190.65,1.0
190.70000000000002,1.0
190.75,1.0
190.8,1.0
190.85000000000002,1.0
190.9,1.0
190.95000000000002,1.0
191.0,1.0
191.05,1.0
191.10000000000002,1.0
191.15,1.0
191.20000000000002,1.0
191.25,1.0
191.3,1.0
191.35000000000002,1.0
191.4,1.0
191.45000000000002,1.0
191.5,1.0
191.55,1.0
191.60000000000002,1.0
191.65,1.0
191.70000000000002,1.0
191.75,1.0
191.8,1.0
191.85000000000002,1.0
191.9,1.0
191.95000000000002,1.0
192.0,1.0
192.05,1.0
192.10000000000002,1.0
192.15,1.0
192.20000000000002,1.0
192.25,1.0
192.3,1.0
192.35000000000002,1.0
192.4,1.0
192.45000000000002,1.0
192.5,1.0
192.55,1.0
192.60000000000002,1.0
192.65,1.0
192.70000000000002,1.0
192.75,1.0
192.8,1.0
192.85000000000002,1.0
192.9,1.0
192.95000000000002,1.0
193.0,1.0
193.05,1.0
193.10000000000002,1.0
193.15,1.0
193.20000000000002,1.0
193.25,1.0
193.3,1.0
193.35000000000002,1.0
193.4,1.0
193.45000000000002,1.0
193.5,1.0
193.55,1.0
193.60000000000002,1.0
193.65,1.0
193.70000000000002,1.0
193.75,1.0
193.8,1.0
193.85000000000002,1.0
193.9,1.0
193.95000000000002,1.0
194.0,1.0
194.05,1.0
194.10000000000002,1.0
194.15,1.0
194.20000000000002,1.0
194.25,1.0
194.3,1.0
194.35000000000002,1.0
194.4,1.0
194.45000000000002,1.0
194.5,1.0
194.55,1.0
194.60000000000002,1.0
194.65,1.0
194.70000000000002,1.0
194.75,1.0
194.8,1.0
194.85000000000002,1.0
194.9,1.0
194.95000000000002,1.0
195.0,1.0
195.05,1.0
195.10000000000002,1.0
195.15,1.0
195.20000000000002,1.0
195.25,1.0
195.3,1.0
195.35000000000002,1.0
195.4,1.0
195.45000000000002,1.0
195.5,1.0
195.55,1.0
195.60000000000002,1.0
195.65,1.0
195.70000000000002,1.0
195.75,1.0
195.8,1.0
195.85000000000002,1.0
195.9,1.0
195.95000000000002,1.0
196.0,1.0
196.05,1.0
196.10000000000002,1.0
196.15,1.0
196.20000000000002,1.0
196.25,1.0
196.3,1.0
196.35000000000002,1.0
196.4,1.0
196.45000000000002,1.0
196.5,1.0
196.55,1.0
196.60000000000002,1.0
196.65,1.0
196.70000000000002,1.0
196.75,1.0
196.8,1.0
196.85000000000002,1.0
196.9,1.0
196.95000000000002,1.0
197.0,1.0
197.05,1.0
197.10000000000002,1.0
197.15,1.0
197.20000000000002,1.0
197.25,1.0
197.3,1.0
197.35000000000002,1.0
197.4,1.0
197.45000000000002,1.0
197.5,1.0
197.55,1.0
197.60000000000002,1.0
197.65,1.0
197.70000000000002,1.0
197.75,1.0
197.8,1.0
197.85000000000002,1.0
197.9,1.0
197.95000000000002,1.0
198.0,1.0
198.05,1.0
198.10000000000002,1.0
198.15,1.0
198.20000000000002,1.0
198.25,1.0
198.3,1.0
198.35000000000002,1.0
198.4,1.0
198.45000000000002,1.0
198.5,1.0
198.55,1.0
198.60000000000002,1.0
198.65,1.0
198.70000000000002,1.0
198.75,1.0
198.8,1.0
198.85000000000002,1.0
198.9,1.0
198.95000000000002,1.0
199.0,1.0
199.05,1.0
199.10000000000002,1.0
199.15,1.0
199.20000000000002,1.0
199.25,1.0
199.3,1.0
199.35000000000002,1.0
199.4,1.0
199.45000000000002,1.0
199.5,1.0
199.55,1.0
199.60000000000002,1.0
199.65,1.0
199.70000000000002,1.0
199.75,1.0
199.8,1.0
199.85000000000002,1.0
199.9,1.0
199.95000000000002,1.0
200.0,1.0
200.05,1.0
200.10000000000002,1.0
200.15,1.0
200.20000000000002,1.0
200.25,1.0
200.3,1.0
200.35000000000002,1.0
200.4,1.0
200.45000000000002,1.0
200.5,1.0
200.55,1.0
200.60000000000002,1.0
200.65,1.0
200.70000000000002,1.0
200.75,1.0
200.8,1.0
200.85000000000002,1.0
200.9,1.0
200.95000000000002,1.0
201.0,1.0
201.05,1.0
201.10000000000002,1.0
201.15,1.0
201.20000000000002,1.0
201.25,1.0
201.3,1.0
201.35000000000002,1.0
201.4,1.0
201.45000000000002,1.0
201.5,1.0
201.55,1.0
201.60000000000002,1.0
201.65,1.0
201.70000000000002,1.0
201.75,1.0
201.8,1.0
201.85000000000002,1.0
201.9,1.0
201.95000000000002,1.0
202.0,1.0
202.05,1.0
202.10000000000002,1.0
202.15,1.0
202.20000000000002,1.0
202.25,1.0
202.3,1.0
202.35000000000002,1.0
202.4,1.0
202.45000000000002,1.0
202.5,1.0
202.55,1.0
202.60000000000002,1.0
202.65,1.0
202.70000000000002,1.0
202.75,1.0
202.8,1.0
202.85000000000002,1.0
202.9,1.0
202.95000000000002,1.0
203.0,1.0
203.05,1.0
203.10000000000002,1.0
203.15,1.0
203.20000000000002,1.0
203.25,1.0
203.3,1.0
203.35000000000002,1.0
203.4,1.0
203.45000000000002,1.0
203.5,1.0
203.55,1.0
203.60000000000002,1.0
203.65,1.0
203.70000000000002,1.0
203.75,1.0
203.8,1.0
203.85000000000002,1.0
203.9,1.0
203.95000000000002,1.0
204.0,1.0
204.05,1.0
204.10000000000002,1.0
204.15,1.0
204.20000000000002,1.0
204.25,1.0
204.3,1.0
204.35000000000002,1.0
204.4,1.0
204.45000000000002,1.0
204.5,1.0
204.55,1.0
204.60000000000002,1.0
204.65,1.0
204.70000000000002,1.0
204.75,1.0
204.8,1.0
204.85000000000002,1.0
204.9,1.0
204.95000000000002,1.0
205.0,1.0
205.05,1.0
205.10000000000002,1.0
205.15,1.0
205.20000000000002,1.0
205.25,1.0
205.3,1.0
205.35000000000002,1.0
205.4,1.0
205.45000000000002,1.0
205.5,1.0
205.55,1.0
205.60000000000002,1.0
205.65,1.0
205.70000000000002,1.0
205.75,1.0
205.8,1.0
205.85000000000002,1.0
205.9,1.0
205.95000000000002,1.0
206.0,1.0
206.05,1.0
206.10000000000002,1.0
206.15,1.0
206.20000000000002,1.0
206.25,1.0
206.3,1.0
206.35000000000002,1.0
206.4,1.0
206.45000000000002,1.0
206.5,1.0
206.55,1.0
206.60000000000002,1.0
206.65,1.0
206.70000000000002,1.0
206.75,1.0
206.8,1.0
206.85000000000002,1.0
206.9,1.0
206.95000000000002,1.0
207.0,1.0
207.05,1.0
207.10000000000002,1.0
207.15,1.0
207.20000000000002,1.0
207.25,1.0
207.3,1.0
207.35000000000002,1.0
207.4,1.0
207.45000000000002,1.0
207.5,1.0
207.55,1.0
207.60000000000002,1.0
207.65,1.0
207.70000000000002,1.0
207.75,1.0
207.8,1.0
207.85000000000002,1.0
207.9,1.0
207.95000000000002,1.0
208.0,1.0
208.05,1.0
208.10000000000002,1.0
208.15,1.0
208.20000000000002,1.0
208.25,1.0
208.3,1.0
208.35000000000002,1.0
208.4,1.0
208.45000000000002,1.0
208.5,1.0
208.55,1.0
208.60000000000002,1.0
208.65,1.0
208.70000000000002,1.0
208.75,1.0
208.8,1.0
208.85000000000002,1.0
208.9,1.0
208.95000000000002,1.0
209.0,1.0
209.05,1.0
209.10000000000002,1.0
209.15,1.0
209.20000000000002,1.0
209.25,1.0
209.3,1.0
209.35000000000002,1.0
209.4,1.0
209.45000000000002,1.0
209.5,1.0
209.55,1.0
209.60000000000002,1.0
209.65,1.0
209.70000000000002,1.0
209.75,1.0
209.8,1.0
209.85000000000002,1.0
209.9,1.0
209.95000000000002,1.0
210.0,1.0
210.05,1.0
210.10000000000002,1.0
210.15,1.0
210.20000000000002,1.0
210.25,1.0
210.3,1.0
210.35000000000002,1.0
210.4,1.0
210.45000000000002,1.0
210.5,1.0
210.55,1.0
210.60000000000002,1.0
210.65,1.0
210.70000000000002,1.0
210.75,1.0
210.8,1.0
210.85000000000002,1.0
210.9,1.0
210.95000000000002,1.0
211.0,1.0
211.05,1.0
211.10000000000002,1.0
211.15,1.0
211.20000000000002,1.0
211.25,1.0
211.3,1.0
211.35000000000002,1.0
211.4,1.0
211.45000000000002,1.0
211.5,1.0
211.55,1.0
211.60000000000002,1.0
211.65,1.0
211.70000000000002,1.0
211.75,1.0
211.8,1.0
211.85000000000002,1.0
211.9,1.0
211.95000000000002,1.0
212.0,1.0
212.05,1.0
212.10000000000002,1.0
212.15,1.0
212.20000000000002,1.0
212.25,1.0
212.3,1.0
212.35000000000002,1.0
212.4,1.0
212.45000000000002,1.0
212.5,1.0
212.55,1.0
212.60000000000002,1.0
212.65,1.0
212.70000000000002,1.0
212.75,1.0
212.8,1.0
212.85000000000002,1.0
212.9,1.0
212.95000000000002,1.0
213.0,1.0
213.05,1.0
213.10000000000002,1.0
213.15,1.0
213.20000000000002,1.0
213.25,1.0
213.3,1.0
213.35000000000002,1.0
213.4,1.0
213.45000000000002,1.0
213.5,1.0
213.55,1.0
213.60000000000002,1.0
213.65,1.0
213.70000000000002,1.0
213.75,1.0
213.8,1.0
213.85000000000002,1.0
213.9,1.0
213.95000000000002,1.0
214.0,1.0
214.05,1.0
214.10000000000002,1.0
214.15,1.0
214.20000000000002,1.0
214.25,1.0
214.3,1.0
214.35000000000002,1.0
214.4,1.0
214.45000000000002,1.0
214.5,1.0
214.55,1.0
214.60000000000002,1.0
214.65,1.0
214.70000000000002,1.0
214.75,1.0
214.8,1.0
214.85000000000002,1.0
214.9,1.0
214.95000000000002,1.0
215.0,1.0
215.05,1.0
215.10000000000002,1.0
215.15,1.0
215.20000000000002,1.0
215.25,1.0
215.3,1.0
215.35000000000002,1.0
215.4,1.0
215.45000000000002,1.0
215.5,1.0
215.55,1.0
215.60000000000002,1.0
215.65,1.0
215.70000000000002,1.0
215.75,1.0
215.8,1.0
215.85000000000002,1.0
215.9,1.0
215.95000000000002,1.0
216.0,1.0
216.05,1.0
216.10000000000002,1.0
216.15,1.0
216.20000000000002,1.0
216.25,1.0
216.3,1.0
216.35000000000002,1.0
216.4,1.0
216.45000000000002,1.0
216.5,1.0
216.55,1.0
216.60000000000002,1.0
216.65,1.0
216.70000000000002,1.0
216.75,1.0
216.8,1.0
216.85000000000002,1.0
216.9,1.0
216.95000000000002,1.0
217.0,1.0
217.05,1.0
217.10000000000002,1.0
217.15,1.0
217.20000000000002,1.0
217.25,1.0
217.3,1.0
217.35000000000002,1.0
217.4,1.0
217.45000000000002,1.0
217.5,1.0
217.55,1.0
217.60000000000002,1.0
217.65,1.0
217.70000000000002,1.0
217.75,1.0
217.8,1.0
217.85000000000002,1.0
217.9,1.0
217.95000000000002,1.0
218.0,1.0
218.05,1.0
218.10000000000002,1.0
218.15,1.0
218.20000000000002,1.0
218.25,1.0
218.3,1.0
218.35000000000002,1.0
218.4,1.0
218.45000000000002,1.0
218.5,1.0
218.55,1.0
218.60000000000002,1.0
218.65,1.0
218.70000000000002,1.0
218.75,1.0
218.8,1.0
218.85000000000002,1.0
218.9,1.0
218.95000000000002,1.0
219.0,1.0
219.05,1.0
219.10000000000002,1.0
219.15,1.0
219.20000000000002,1.0
219.25,1.0
219.3,1.0
219.35000000000002,1.0
219.4,1.0
219.45000000000002,1.0
219.5,1.0
219.55,1.0
219.60000000000002,1.0
219.65,1.0
219.70000000000002,1.0
219.75,1.0
219.8,1.0
219.85000000000002,1.0
219.9,1.0
219.95000000000002,1.0
220.0,1.0
220.05,1.0
220.10000000000002,1.0
220.15,1.0
220.20000000000002,1.0
220.25,1.0
220.3,1.0
220.35000000000002,1.0
220.4,1.0
220.45000000000002,1.0
220.5,1.0
220.55,1.0
220.60000000000002,1.0
220.65,1.0
220.70000000000002,1.0
220.75,1.0
220.8,1.0
220.85000000000002,1.0
220.9,1.0
220.95000000000002,1.0
221.0,1.0
221.05,1.0
221.10000000000002,1.0
221.15,1.0
221.20000000000002,1.0
221.25,1.0
221.3,1.0
221.35000000000002,1.0
221.4,1.0
221.45000000000002,1.0
221.5,1.0
221.55,1.0
221.60000000000002,1.0
221.65,1.0
221.70000000000002,1.0
221.75,1.0
221.8,1.0
221.85000000000002,1.0
221.9,1.0
221.95000000000002,1.0
222.0,1.0
222.05,1.0
222.10000000000002,1.0
222.15,1.0
222.20000000000002,1.0
222.25,1.0
222.3,1.0
222.35000000000002,1.0
222.4,1.0
222.45000000000002,1.0
222.5,1.0
222.55,1.0
222.60000000000002,1.0
222.65,1.0
222.70000000000002,1.0
222.75,1.0
222.8,1.0
222.85000000000002,1.0
222.9,1.0
222.95000000000002,1.0
223.0,1.0
223.05,1.0
223.10000000000002,1.0
223.15,1.0
223.20000000000002,1.0
223.25,1.0
223.3,1.0
223.35000000000002,1.0
223.4,1.0
223.45000000000002,1.0
223.5,1.0
223.55,1.0
223.60000000000002,1.0
223.65,1.0
223.70000000000002,1.0
223.75,1.0
223.8,1.0
223.85000000000002,1.0
223.9,1.0
223.95000000000002,1.0
224.0,1.0
224.05,1.0
224.10000000000002,1.0
224.15,1.0
224.20000000000002,1.0
224.25,1.0
224.3,1.0
224.35000000000002,1.0
224.4,1.0
224.45000000000002,1.0
224.5,1.0
224.55,1.0
224.60000000000002,1.0
224.65,1.0
224.70000000000002,1.0
224.75,1.0
224.8,1.0
224.85000000000002,1.0
224.9,1.0
224.95000000000002,1.0
225.0,1.0
225.05,1.0
225.10000000000002,1.0
225.15,1.0
225.20000000000002,1.0
225.25,1.0
225.3,1.0
225.35000000000002,1.0
225.4,1.0
225.45000000000002,1.0
225.5,1.0
225.55,1.0
225.60000000000002,1.0
225.65,1.0
225.70000000000002,1.0
225.75,1.0
225.8,1.0
225.85000000000002,1.0
225.9,1.0
225.95000000000002,1.0
226.0,1.0
226.05,1.0
226.10000000000002,1.0
226.15,1.0
226.20000000000002,1.0
226.25,1.0
226.3,1.0
226.35000000000002,1.0
226.4,1.0
226.45000000000002,1.0
226.5,1.0
226.55,1.0
226.60000000000002,1.0
226.65,1.0
226.70000000000002,1.0
226.75,1.0
226.8,1.0
226.85000000000002,1.0
226.9,1.0
226.95000000000002,1.0
227.0,1.0
227.05,1.0
227.10000000000002,1.0
227.15,1.0
227.20000000000002,1.0
227.25,1.0
227.3,1.0
227.35000000000002,1.0
227.4,1.0
227.45000000000002,1.0
227.5,1.0
227.55,1.0
227.60000000000002,1.0
227.65,1.0
227.70000000000002,1.0
227.75,1.0
227.8,1.0
227.85000000000002,1.0
227.9,1.0
227.95000000000002,1.0
228.0,1.0
228.05,1.0
228.10000000000002,1.0
228.15,1.0
228.20000000000002,1.0
228.25,1.0
228.3,1.0
228.35000000000002,1.0
228.4,1.0
228.45000000000002,1.0
228.5,1.0
228.55,1.0
228.60000000000002,1.0
228.65,1.0
228.70000000000002,1.0
228.75,1.0
228.8,1.0
228.85000000000002,1.0
228.9,1.0
228.95000000000002,1.0
229.0,1.0
229.05,1.0
229.10000000000002,1.0
229.15,1.0
229.20000000000002,1.0
229.25,1.0
229.3,1.0
229.35000000000002,1.0
229.4,1.0
229.45000000000002,1.0
229.5,1.0
229.55,1.0
229.60000000000002,1.0
229.65,1.0
229.70000000000002,1.0
229.75,1.0
229.8,1.0
229.85000000000002,1.0
229.9,1.0
229.95000000000002,1.0
230.0,1.0
230.05,1.0
230.10000000000002,1.0
230.15,1.0
230.20000000000002,1.0
230.25,1.0
230.3,1.0
230.35000000000002,1.0
230.4,1.0
230.45000000000002,1.0
230.5,1.0
230.55,1.0
230.60000000000002,1.0
230.65,1.0
230.70000000000002,1.0
230.75,1.0
230.8,1.0
230.85000000000002,1.0
230.9,1.0
230.95000000000002,1.0
231.0,1.0
231.05,1.0
231.10000000000002,1.0
231.15,1.0
231.20000000000002,1.0
231.25,1.0
231.3,1.0
231.35000000000002,1.0
231.4,1.0
231.45000000000002,1.0
231.5,1.0
231.55,1.0
231.60000000000002,1.0
231.65,1.0
231.70000000000002,1.0
231.75,1.0
231.8,1.0
231.85000000000002,1.0
231.9,1.0
231.95000000000002,1.0
232.0,1.0
232.05,1.0
232.10000000000002,1.0
232.15,1.0
232.20000000000002,1.0
232.25,1.0
232.3,1.0
232.35000000000002,1.0
232.4,1.0
232.45000000000002,1.0
232.5,1.0
232.55,1.0
232.60000000000002,1.0
232.65,1.0
232.70000000000002,1.0
232.75,1.0
232.8,1.0
232.85000000000002,1.0
232.9,1.0
232.95000000000002,1.0
233.0,1.0
233.05,1.0
233.10000000000002,1.0
233.15,1.0
233.20000000000002,1.0
233.25,1.0
233.3,1.0
233.35000000000002,1.0
233.4,1.0
233.45000000000002,1.0
233.5,1.0
233.55,1.0
233.60000000000002,1.0
233.65,1.0
233.70000000000002,1.0
233.75,1.0
233.8,1.0
233.85000000000002,1.0
233.9,1.0
233.95000000000002,1.0
234.0,1.0
234.05,1.0
234.10000000000002,1.0
234.15,1.0
234.20000000000002,1.0
234.25,1.0
234.3,1.0
234.35000000000002,1.0
234.4,1.0
234.45000000000002,1.0
234.5,1.0
234.55,1.0
234.60000000000002,1.0
234.65,1.0
234.70000000000002,1.0
234.75,1.0
234.8,1.0
234.85000000000002,1.0
234.9,1.0
234.95000000000002,1.0
235.0,1.0
235.05,1.0
235.10000000000002,1.0
235.15,1.0
235.20000000000002,1.0
235.25,1.0
235.3,1.0
235.35000000000002,1.0
235.4,1.0
235.45000000000002,1.0
235.5,1.0
235.55,1.0
235.60000000000002,1.0
235.65,1.0
235.70000000000002,1.0
235.75,1.0
235.8,1.0
235.85000000000002,1.0
235.9,1.0
235.95000000000002,1.0
236.0,1.0
236.05,1.0
236.10000000000002,1.0
236.15,1.0
236.20000000000002,1.0
236.25,1.0
236.3,1.0
236.35000000000002,1.0
236.4,1.0
236.45000000000002,1.0
236.5,1.0
236.55,1.0
236.60000000000002,1.0
236.65,1.0
236.70000000000002,1.0
236.75,1.0
236.8,1.0
236.85000000000002,1.0
236.9,1.0
236.95000000000002,1.0
237.0,1.0
237.05,1.0
237.10000000000002,1.0
237.15,1.0
237.20000000000002,1.0
237.25,1.0
237.3,1.0
237.35000000000002,1.0
237.4,1.0
237.45000000000002,1.0
237.5,1.0
237.55,1.0
237.60000000000002,1.0
237.65,1.0
237.70000000000002,1.0
237.75,1.0
237.8,1.0
237.85000000000002,1.0
237.9,1.0
237.95000000000002,1.0
238.0,1.0
238.05,1.0
238.10000000000002,1.0
238.15,1.0
238.20000000000002,1.0
238.25,1.0
238.3,1.0
238.35000000000002,1.0
238.4,1.0
238.45000000000002,1.0
238.5,1.0
238.55,1.0
238.60000000000002,1.0
238.65,1.0
238.70000000000002,1.0
238.75,1.0
238.8,1.0
238.85000000000002,1.0
238.9,1.0
238.95000000000002,1.0
239.0,1.0
239.05,1.0
239.10000000000002,1.0
239.15,1.0
239.20000000000002,1.0
239.25,1.0
239.3,1.0
239.35000000000002,1.0
239.4,1.0
239.45000000000002,1.0
239.5,1.0
239.55,1.0
239.60000000000002,1.0
239.65,1.0
239.70000000000002,1.0
239.75,1.0
239.8,1.0
239.85000000000002,1.0
239.9,1.0
239.95000000000002,1.0
240.0,1.0
240.05,1.0
240.10000000000002,1.0
240.15,1.0
240.20000000000002,1.0
240.25,1.0
240.3,1.0
240.35000000000002,1.0
240.4,1.0
240.45000000000002,1.0
240.5,1.0
240.55,1.0
240.60000000000002,1.0
240.65,1.0
240.70000000000002,1.0
240.75,1.0
240.8,1.0
240.85000000000002,1.0
240.9,1.0
240.95000000000002,1.0
241.0,1.0
241.05,1.0
241.10000000000002,1.0
241.15,1.0
241.20000000000002,1.0
241.25,1.0
241.3,1.0
241.35000000000002,1.0
241.4,1.0
241.45000000000002,1.0
241.5,1.0
241.55,1.0
241.60000000000002,1.0
241.65,1.0
241.70000000000002,1.0
241.75,1.0
241.8,1.0
241.85000000000002,1.0
241.9,1.0
241.95000000000002,1.0
242.0,1.0
242.05,1.0
242.10000000000002,1.0
242.15,1.0
242.20000000000002,1.0
242.25,1.0
242.3,1.0
242.35000000000002,1.0
242.4,1.0
242.45000000000002,1.0
242.5,1.0
242.55,1.0
242.60000000000002,1.0
242.65,1.0
242.70000000000002,1.0
242.75,1.0
242.8,1.0
242.85000000000002,1.0
242.9,1.0
242.95000000000002,1.0
243.0,1.0
243.05,1.0
243.10000000000002,1.0
243.15,1.0
243.20000000000002,1.0
243.25,1.0
243.3,1.0
243.35000000000002,1.0
243.4,1.0
243.45000000000002,1.0
243.5,1.0
243.55,1.0
243.60000000000002,1.0
243.65,1.0
243.70000000000002,1.0
243.75,1.0
243.8,1.0
243.85000000000002,1.0
243.9,1.0
243.95000000000002,1.0
244.0,1.0
244.05,1.0
244.10000000000002,1.0
244.15,1.0
244.20000000000002,1.0
244.25,1.0
244.3,1.0
244.35000000000002,1.0
244.4,1.0
244.45000000000002,1.0
244.5,1.0
244.55,1.0
244.60000000000002,1.0
244.65,1.0
244.70000000000002,1.0
244.75,1.0
244.8,1.0
244.85000000000002,1.0
244.9,1.0
244.95000000000002,1.0
245.0,1.0
245.05,1.0
245.10000000000002,1.0
245.15,1.0
245.20000000000002,1.0
245.25,1.0
245.3,1.0
245.35000000000002,1.0
245.4,1.0
245.45000000000002,1.0
245.5,1.0
245.55,1.0
245.60000000000002,1.0
245.65,1.0
245.70000000000002,1.0
245.75,1.0
245.8,1.0
245.85000000000002,1.0
245.9,1.0
245.95000000000002,1.0
246.0,1.0
246.05,1.0
246.10000000000002,1.0
246.15,1.0
246.20000000000002,1.0
246.25,1.0
246.3,1.0
246.35000000000002,1.0
246.4,1.0
246.45000000000002,1.0
246.5,1.0
246.55,1.0
246.60000000000002,1.0
246.65,1.0
246.70000000000002,1.0
246.75,1.0
246.8,1.0
246.85000000000002,1.0
246.9,1.0
246.95000000000002,1.0
247.0,1.0
247.05,1.0
247.10000000000002,1.0
247.15,1.0
247.20000000000002,1.0
247.25,1.0
247.3,1.0
247.35000000000002,1.0
247.4,1.0
247.45000000000002,1.0
247.5,1.0
247.55,1.0
247.60000000000002,1.0
247.65,1.0
247.70000000000002,1.0
247.75,1.0
247.8,1.0
247.85000000000002,1.0
247.9,1.0
247.95000000000002,1.0
248.0,1.0
248.05,1.0
248.10000000000002,1.0
248.15,1.0
248.20000000000002,1.0
248.25,1.0
248.3,1.0
248.35000000000002,1.0
248.4,1.0
248.45000000000002,1.0
248.5,1.0
248.55,1.0
248.60000000000002,1.0
248.65,1.0
248.70000000000002,1.0
248.75,1.0
248.8,1.0
248.85000000000002,1.0
248.9,1.0
248.95000000000002,1.0
249.0,1.0
249.05,1.0
249.10000000000002,1.0
249.15,1.0
249.20000000000002,1.0
249.25,1.0
249.3,1.0
249.35000000000002,1.0
249.4,1.0
249.45000000000002,1.0
249.5,1.0
249.55,1.0
249.60000000000002,1.0
249.65,1.0
249.70000000000002,1.0
249.75,1.0
249.8,1.0
249.85000000000002,1.0
249.9,1.0
249.95000000000002,1.0
250.0,1.0
250.05,1.0
250.10000000000002,1.0
250.15,1.0
250.20000000000002,1.0
250.25,1.0
250.3,1.0
250.35000000000002,1.0
250.4,1.0
250.45000000000002,1.0
250.5,1.0
250.55,1.0
250.60000000000002,1.0
250.65,1.0
250.70000000000002,1.0
250.75,1.0
250.8,1.0
250.85000000000002,1.0
250.9,1.0
250.95000000000002,1.0
251.0,1.0
251.05,1.0
251.10000000000002,1.0
251.15,1.0
251.20000000000002,1.0
251.25,1.0
251.3,1.0
251.35000000000002,1.0
251.4,1.0
251.45000000000002,1.0
251.5,1.0
251.55,1.0
251.60000000000002,1.0
251.65,1.0
251.70000000000002,1.0
251.75,1.0
251.8,1.0
251.85000000000002,1.0
251.9,1.0
251.95000000000002,1.0
252.0,1.0
252.05,1.0
252.10000000000002,1.0
252.15,1.0
252.20000000000002,1.0
252.25,1.0
252.3,1.0
252.35000000000002,1.0
252.4,1.0
252.45000000000002,1.0
252.5,1.0
252.55,1.0
252.60000000000002,1.0
252.65,1.0
252.70000000000002,1.0
252.75,1.0
252.8,1.0
252.85000000000002,1.0
252.9,1.0
252.95000000000002,1.0
253.0,1.0
253.05,1.0
253.10000000000002,1.0
253.15,1.0
253.20000000000002,1.0
253.25,1.0
253.3,1.0
253.35000000000002,1.0
253.4,1.0
253.45000000000002,1.0
253.5,1.0
253.55,1.0
253.60000000000002,1.0
253.65,1.0
253.70000000000002,1.0
253.75,1.0
253.8,1.0
253.85000000000002,1.0
253.9,1.0
253.95000000000002,1.0
254.0,1.0
254.05,1.0
254.10000000000002,1.0
254.15,1.0
254.20000000000002,1.0
254.25,1.0
254.3,1.0
254.35000000000002,1.0
254.4,1.0
254.45000000000002,1.0
254.5,1.0
254.55,1.0
254.60000000000002,1.0
254.65,1.0
254.70000000000002,1.0
254.75,1.0
254.8,1.0
254.85000000000002,1.0
254.9,1.0
254.95000000000002,1.0
255.0,1.0
255.05,1.0
255.10000000000002,1.0
255.15,1.0
255.20000000000002,1.0
255.25,1.0
255.3,1.0
255.35000000000002,1.0
255.4,1.0
255.45000000000002,1.0
255.5,1.0
255.55,1.0
255.60000000000002,1.0
255.65,1.0
255.70000000000002,1.0
255.75,1.0
255.8,1.0
255.85000000000002,1.0
255.9,1.0
255.95000000000002,1.0
256.0,1.0
256.05,1.0
256.1,1.0
256.15000000000003,1.0
256.2,1.0
256.25,1.0
256.3,1.0
256.35,1.0
256.40000000000003,1.0
256.45,1.0
256.5,1.0
256.55,1.0
256.6,1.0
256.65000000000003,1.0
256.7,1.0
256.75,1.0
256.8,1.0
256.85,1.0
256.90000000000003,1.0
256.95,1.0
257.0,1.0
257.05,1.0
257.1,1.0
257.15000000000003,1.0
257.2,1.0
257.25,1.0
257.3,1.0
257.35,1.0
257.40000000000003,1.0
257.45,1.0
257.5,1.0
257.55,1.0
257.6,1.0
257.65000000000003,1.0
257.7,1.0
257.75,1.0
257.8,1.0
257.85,1.0
257.90000000000003,1.0
257.95,1.0
258.0,1.0
258.05,1.0
258.1,1.0
258.15000000000003,1.0
258.2,1.0
258.25,1.0
258.3,1.0
258.35,1.0
258.40000000000003,1.0
258.45,1.0
258.5,1.0
258.55,1.0
258.6,1.0
258.65000000000003,1.0
258.7,1.0
258.75,1.0
258.8,1.0
258.85,1.0
258.90000000000003,1.0
258.95,1.0
259.0,1.0
259.05,1.0
259.1,1.0
259.15000000000003,1.0
259.2,1.0
259.25,1.0
259.3,1.0
259.35,1.0
259.40000000000003,1.0
259.45,1.0
259.5,1.0
259.55,1.0
259.6,1.0
259.65000000000003,1.0
259.7,1.0
259.75,1.0
259.8,1.0
259.85,1.0
259.90000000000003,1.0
259.95,1.0
260.0,1.0
260.05,1.0
260.1,1.0
260.15000000000003,1.0
260.2,1.0
260.25,1.0
260.3,1.0
260.35,1.0
260.40000000000003,1.0
260.45,1.0
260.5,1.0
260.55,1.0
260.6,1.0
260.65000000000003,1.0
260.7,1.0
260.75,1.0
260.8,1.0
260.85,1.0
260.90000000000003,1.0
260.95,1.0
261.0,1.0
261.05,1.0
261.1,1.0
261.15000000000003,1.0
261.2,1.0
261.25,1.0
261.3,1.0
261.35,1.0
261.40000000000003,1.0
261.45,1.0
261.5,1.0
261.55,1.0
261.6,1.0
261.65000000000003,1.0
261.7,1.0
261.75,1.0
261.8,1.0
261.85,1.0
261.90000000000003,1.0
261.95,1.0
262.0,1.0
262.05,1.0
262.1,1.0
262.15000000000003,1.0
262.2,1.0
262.25,1.0
262.3,1.0
262.35,1.0
262.40000000000003,1.0
262.45,1.0
262.5,1.0
262.55,1.0
262.6,1.0
262.65000000000003,1.0
262.7,1.0
262.75,1.0
262.8,1.0
262.85,1.0
262.90000000000003,1.0
262.95,1.0
263.0,1.0
263.05,1.0
263.1,1.0
263.15000000000003,1.0
263.2,1.0
263.25,1.0
263.3,1.0
263.35,1.0
263.40000000000003,1.0
263.45,1.0
263.5,1.0
263.55,1.0
263.6,1.0
263.65000000000003,1.0
263.7,1.0
263.75,1.0
263.8,1.0
263.85,1.0
263.90000000000003,1.0
263.95,1.0
264.0,1.0
264.05,1.0
264.1,1.0
264.15000000000003,1.0
264.2,1.0
264.25,1.0
264.3,1.0
264.35,1.0
264.40000000000003,1.0
264.45,1.0
264.5,1.0
264.55,1.0
264.6,1.0
264.65000000000003,1.0
264.7,1.0
264.75,1.0
264.8,1.0
264.85,1.0
264.90000000000003,1.0
264.95,1.0
265.0,1.0
265.05,1.0
265.1,1.0
265.15000000000003,1.0
265.2,1.0
265.25,1.0
265.3,1.0
265.35,1.0
265.40000000000003,1.0
265.45,1.0
265.5,1.0
265.55,1.0
265.6,1.0
265.65000000000003,1.0
265.7,1.0
265.75,1.0
265.8,1.0
265.85,1.0
265.90000000000003,1.0
265.95,1.0
266.0,1.0
266.05,1.0
266.1,1.0
266.15000000000003,1.0
266.2,1.0
266.25,1.0
266.3,1.0
266.35,1.0
266.40000000000003,1.0
266.45,1.0
266.5,1.0
266.55,1.0
266.6,1.0
266.65000000000003,1.0
266.7,1.0
266.75,1.0
266.8,1.0
266.85,1.0
266.90000000000003,1.0
266.95,1.0
267.0,1.0
267.05,1.0
267.1,1.0
267.15000000000003,1.0
267.2,1.0
267.25,1.0
267.3,1.0
267.35,1.0
267.40000000000003,1.0
267.45,1.0
267.5,1.0
267.55,1.0
267.6,1.0
267.65000000000003,1.0
267.7,1.0
267.75,1.0
267.8,1.0
267.85,1.0
267.90000000000003,1.0
267.95,1.0
268.0,1.0
268.05,1.0
268.1,1.0
268.15000000000003,1.0
268.2,1.0
268.25,1.0
268.3,1.0
268.35,1.0
268.40000000000003,1.0
268.45,1.0
268.5,1.0
268.55,1.0
268.6,1.0
268.65000000000003,1.0
268.7,1.0
268.75,1.0
268.8,1.0
268.85,1.0
268.90000000000003,1.0
268.95,1.0
269.0,1.0
269.05,1.0
269.1,1.0
269.15000000000003,1.0
269.2,1.0
269.25,1.0
269.3,1.0
269.35,1.0
269.40000000000003,1.0
269.45,1.0
269.5,1.0
269.55,1.0
269.6,1.0
269.65000000000003,1.0
269.7,1.0
269.75,1.0
269.8,1.0
269.85,1.0
269.90000000000003,1.0
269.95,1.0
270.0,1.0
270.05,1.0
270.1,1.0
270.15000000000003,1.0
270.2,1.0
270.25,1.0
270.3,1.0
270.35,1.0
270.40000000000003,1.0
270.45,1.0
270.5,1.0
270.55,1.0
270.6,1.0
270.65000000000003,1.0
270.7,1.0
270.75,1.0
270.8,1.0
270.85,1.0
270.90000000000003,1.0
270.95,1.0
271.0,1.0
271.05,1.0
271.1,1.0
271.15000000000003,1.0
271.2,1.0
271.25,1.0
271.3,1.0
271.35,1.0
271.40000000000003,1.0
271.45,1.0
271.5,1.0
271.55,1.0
271.6,1.0
271.65000000000003,1.0
271.7,1.0
271.75,1.0
271.8,1.0
271.85,1.0
271.90000000000003,1.0
271.95,1.0
272.0,1.0
272.05,1.0
272.1,1.0
272.15000000000003,1.0
272.2,1.0
272.25,1.0
272.3,1.0
272.35,1.0
272.40000000000003,1.0
272.45,1.0
272.5,1.0
272.55,1.0
272.6,1.0
272.65000000000003,1.0
272.7,1.0
272.75,1.0
272.8,1.0
272.85,1.0
272.90000000000003,1.0
272.95,1.0
273.0,1.0
273.05,1.0
273.1,1.0
273.15000000000003,1.0
273.2,1.0
273.25,1.0
273.3,1.0
273.35,1.0
273.40000000000003,1.0
273.45,1.0
273.5,1.0
273.55,1.0
273.6,1.0
273.65000000000003,1.0
273.7,1.0
273.75,1.0
273.8,1.0
273.85,1.0
273.90000000000003,1.0
273.95,1.0
274.0,1.0
274.05,1.0
274.1,1.0
274.15000000000003,1.0
274.2,1.0
274.25,1.0
274.3,1.0
274.35,1.0
274.40000000000003,1.0
274.45,1.0
274.5,1.0
274.55,1.0
274.6,1.0
274.65000000000003,1.0
274.7,1.0
274.75,1.0
274.8,1.0
274.85,1.0
274.90000000000003,1.0
274.95,1.0
275.0,1.0
275.05,1.0
275.1,1.0
275.15000000000003,1.0
275.2,1.0
275.25,1.0
275.3,1.0
275.35,1.0
275.40000000000003,1.0
275.45,1.0
275.5,1.0
275.55,1.0
275.6,1.0
275.65000000000003,1.0
275.7,1.0
275.75,1.0
275.8,1.0
275.85,1.0
275.90000000000003,1.0
275.95,1.0
276.0,1.0
276.05,1.0
276.1,1.0
276.15000000000003,1.0
276.2,1.0
276.25,1.0
276.3,1.0
276.35,1.0
276.40000000000003,1.0
276.45,1.0
276.5,1.0
276.55,1.0
276.6,1.0
276.65000000000003,1.0
276.7,1.0
276.75,1.0
276.8,1.0
276.85,1.0
276.90000000000003,1.0
276.95,1.0
277.0,1.0
277.05,1.0
277.1,1.0
277.15000000000003,1.0
277.2,1.0
277.25,1.0
277.3,1.0
277.35,1.0
277.40000000000003,1.0
277.45,1.0
277.5,1.0
277.55,1.0
277.6,1.0
277.65000000000003,1.0
277.7,1.0
277.75,1.0
277.8,1.0
277.85,1.0
277.90000000000003,1.0
277.95,1.0
278.0,1.0
278.05,1.0
278.1,1.0
278.15000000000003,1.0
278.2,1.0
278.25,1.0
278.3,1.0
278.35,1.0
278.40000000000003,1.0
278.45,1.0
278.5,1.0
278.55,1.0
278.6,1.0
278.65000000000003,1.0
278.7,1.0
278.75,1.0
278.8,1.0
278.85,1.0
278.90000000000003,1.0
278.95,1.0
279.0,1.0
279.05,1.0
279.1,1.0
279.15000000000003,1.0
279.2,1.0
279.25,1.0
279.3,1.0
279.35,1.0
279.40000000000003,1.0
279.45,1.0
279.5,1.0
279.55,1.0
279.6,1.0
279.65000000000003,1.0
279.7,1.0
279.75,1.0
279.8,1.0
279.85,1.0
279.90000000000003,1.0
279.95,1.0
280.0,1.0
280.05,1.0
280.1,1.0
280.15000000000003,1.0
280.2,1.0
280.25,1.0
280.3,1.0
280.35,1.0
280.40000000000003,1.0
280.45,1.0
280.5,1.0
280.55,1.0
280.6,1.0
280.65000000000003,1.0
280.7,1.0
280.75,1.0
280.8,1.0
280.85,1.0
280.90000000000003,1.0
280.95,1.0
281.0,1.0
281.05,1.0
281.1,1.0
281.15000000000003,1.0
281.2,1.0
281.25,1.0
281.3,1.0
281.35,1.0
281.40000000000003,1.0
281.45,1.0
281.5,1.0
281.55,1.0
281.6,1.0
281.65000000000003,1.0
281.7,1.0
281.75,1.0
281.8,1.0
281.85,1.0
281.90000000000003,1.0
281.95,1.0
282.0,1.0
282.05,1.0
282.1,1.0
282.15000000000003,1.0
282.2,1.0
282.25,1.0
282.3,1.0
282.35,1.0
282.40000000000003,1.0
282.45,1.0
282.5,1.0
282.55,1.0
282.6,1.0
282.65000000000003,1.0
282.7,1.0
282.75,1.0
282.8,1.0
282.85,1.0
282.90000000000003,1.0
282.95,1.0
283.0,1.0
283.05,1.0
283.1,1.0
283.15000000000003,1.0
283.2,1.0
283.25,1.0
283.3,1.0
283.35,1.0
283.40000000000003,1.0
283.45,1.0
283.5,1.0
283.55,1.0
283.6,1.0
283.65000000000003,1.0
283.7,1.0
283.75,1.0
283.8,1.0
283.85,1.0
283.90000000000003,1.0
283.95,1.0
284.0,1.0
284.05,1.0
284.1,1.0
284.15000000000003,1.0
284.2,1.0
284.25,1.0
284.3,1.0
284.35,1.0
284.40000000000003,1.0
284.45,1.0
284.5,1.0
284.55,1.0
284.6,1.0
284.65000000000003,1.0
284.7,1.0
284.75,1.0
284.8,1.0
284.85,1.0
284.90000000000003,1.0
284.95,1.0
285.0,1.0
285.05,1.0
285.1,1.0
285.15000000000003,1.0
285.2,1.0
285.25,1.0
285.3,1.0
285.35,1.0
285.40000000000003,1.0
285.45,1.0
285.5,1.0
285.55,1.0
285.6,1.0
285.65000000000003,1.0
285.7,1.0
285.75,1.0
285.8,1.0
285.85,1.0
285.90000000000003,1.0
285.95,1.0
286.0,1.0
286.05,1.0
286.1,1.0
286.15000000000003,1.0
286.2,1.0
286.25,1.0
286.3,1.0
286.35,1.0
286.40000000000003,1.0
286.45,1.0
286.5,1.0
286.55,1.0
286.6,1.0
286.65000000000003,1.0
286.7,1.0
286.75,1.0
286.8,1.0
286.85,1.0
286.90000000000003,1.0
286.95,1.0
287.0,1.0
287.05,1.0
287.1,1.0
287.15000000000003,1.0
287.2,1.0
287.25,1.0
287.3,1.0
287.35,1.0
287.40000000000003,1.0
287.45,1.0
287.5,1.0
287.55,1.0
287.6,1.0
287.65000000000003,1.0
287.7,1.0
287.75,1.0
287.8,1.0
287.85,1.0
287.90000000000003,1.0
287.95,1.0
288.0,1.0
288.05,1.0
288.1,1.0
288.15000000000003,1.0
288.2,1.0
288.25,1.0
288.3,1.0
288.35,1.0
288.40000000000003,1.0
288.45,1.0
288.5,1.0
288.55,1.0
288.6,1.0
288.65000000000003,1.0
288.7,1.0
288.75,1.0
288.8,1.0
288.85,1.0
288.90000000000003,1.0
288.95,1.0
289.0,1.0
289.05,1.0
289.1,1.0
289.15000000000003,1.0
289.2,1.0
289.25,1.0
289.3,1.0
289.35,1.0
289.40000000000003,1.0
289.45,1.0
289.5,1.0
289.55,1.0
289.6,1.0
289.65000000000003,1.0
289.7,1.0
289.75,1.0
289.8,1.0
289.85,1.0
289.90000000000003,1.0
289.95,1.0
290.0,1.0
290.05,1.0
290.1,1.0
290.15000000000003,1.0
290.2,1.0
290.25,1.0
290.3,1.0
290.35,1.0
290.40000000000003,1.0
290.45,1.0
290.5,1.0
290.55,1.0
290.6,1.0
290.65000000000003,1.0
290.7,1.0
290.75,1.0
290.8,1.0
290.85,1.0
290.90000000000003,1.0
290.95,1.0
291.0,1.0
291.05,1.0
291.1,1.0
291.15000000000003,1.0
291.2,1.0
291.25,1.0
291.3,1.0
291.35,1.0
291.40000000000003,1.0
291.45,1.0
291.5,1.0
291.55,1.0
291.6,1.0
291.65000000000003,1.0
291.7,1.0
291.75,1.0
291.8,1.0
291.85,1.0
291.90000000000003,1.0
291.95,1.0
292.0,1.0
292.05,1.0
292.1,1.0
292.15000000000003,1.0
292.2,1.0
292.25,1.0
292.3,1.0
292.35,1.0
292.40000000000003,1.0
292.45,1.0
292.5,1.0
292.55,1.0
292.6,1.0
292.65000000000003,1.0
292.7,1.0
292.75,1.0
292.8,1.0
292.85,1.0
292.90000000000003,1.0
292.95,1.0
293.0,1.0
293.05,1.0
293.1,1.0
293.15000000000003,1.0
293.2,1.0
293.25,1.0
293.3,1.0
293.35,1.0
293.40000000000003,1.0
293.45,1.0
293.5,1.0
293.55,1.0
293.6,1.0
293.65000000000003,1.0
293.7,1.0
293.75,1.0
293.8,1.0
293.85,1.0
293.90000000000003,1.0
293.95,1.0
294.0,1.0
294.05,1.0
294.1,1.0
294.15000000000003,1.0
294.2,1.0
294.25,1.0
294.3,1.0
294.35,1.0
294.40000000000003,1.0
294.45,1.0
294.5,1.0
294.55,1.0
294.6,1.0
294.65000000000003,1.0
294.7,1.0
294.75,1.0
294.8,1.0
294.85,1.0
294.90000000000003,1.0
294.95,1.0
295.0,1.0
295.05,1.0
295.1,1.0
295.15000000000003,1.0
295.2,1.0
295.25,1.0
295.3,1.0
295.35,1.0
295.40000000000003,1.0
295.45,1.0
295.5,1.0
295.55,1.0
295.6,1.0
295.65000000000003,1.0
295.7,1.0
295.75,1.0
295.8,1.0
295.85,1.0
295.90000000000003,1.0
295.95,1.0
296.0,1.0
296.05,1.0
296.1,1.0
296.15000000000003,1.0
296.2,1.0
296.25,1.0
296.3,1.0
296.35,1.0
296.40000000000003,1.0
296.45,1.0
296.5,1.0
296.55,1.0
296.6,1.0
296.65000000000003,1.0
296.7,1.0
296.75,1.0
296.8,1.0
296.85,1.0
296.90000000000003,1.0
296.95,1.0
297.0,1.0
297.05,1.0
297.1,1.0
297.15000000000003,1.0
297.2,1.0
297.25,1.0
297.3,1.0
297.35,1.0
297.40000000000003,1.0
297.45,1.0
297.5,1.0
297.55,1.0
297.6,1.0
297.65000000000003,1.0
297.7,1.0
297.75,1.0
297.8,1.0
297.85,1.0
297.90000000000003,1.0
297.95,1.0
298.0,1.0
298.05,1.0
298.1,1.0
298.15000000000003,1.0
298.2,1.0
298.25,1.0
298.3,1.0
298.35,1.0
298.40000000000003,1.0
298.45,1.0
298.5,1.0
298.55,1.0
298.6,1.0
298.65000000000003,1.0
298.7,1.0
298.75,1.0
298.8,1.0
298.85,1.0
298.90000000000003,1.0
298.95,1.0
299.0,1.0
299.05,1.0
299.1,1.0
299.15000000000003,1.0
299.2,1.0
299.25,1.0
299.3,1.0
299.35,1.0
299.40000000000003,1.0
299.45,1.0
299.5,1.0
299.55,1.0
299.6,1.0
299.65000000000003,1.0
299.7,1.0
299.75,1.0
299.8,1.0
299.85,1.0
299.90000000000003,1.0
299.95,1.0
300.0,1.0
300.05,1.0
300.1,1.0
300.15000000000003,1.0
300.2,1.0
300.25,1.0
300.3,1.0
300.35,1.0
300.40000000000003,1.0
300.45,1.0
300.5,1.0
300.55,1.0
300.6,1.0
300.65000000000003,1.0
300.7,1.0
300.75,1.0
300.8,1.0
300.85,1.0
300.90000000000003,1.0
300.95,1.0
301.0,1.0
301.05,1.0
301.1,1.0
301.15000000000003,1.0
301.2,1.0
301.25,1.0
301.3,1.0
301.35,1.0
301.40000000000003,1.0
301.45,1.0
301.5,1.0
301.55,1.0
301.6,1.0
301.65000000000003,1.0
301.7,1.0
301.75,1.0
301.8,1.0
301.85,1.0
301.90000000000003,1.0
301.95,1.0
302.0,1.0
302.05,1.0
302.1,1.0
302.15000000000003,1.0
302.2,1.0
302.25,1.0
302.3,1.0
302.35,1.0
302.40000000000003,1.0
302.45,1.0
302.5,1.0
302.55,1.0
302.6,1.0
302.65000000000003,1.0
302.7,1.0
302.75,1.0
302.8,1.0
302.85,1.0
302.90000000000003,1.0
302.95,1.0
303.0,1.0
303.05,1.0
303.1,1.0
303.15000000000003,1.0
303.2,1.0
303.25,1.0
303.3,1.0
303.35,1.0
303.40000000000003,1.0
303.45,1.0
303.5,1.0
303.55,1.0
303.6,1.0
303.65000000000003,1.0
303.7,1.0
303.75,1.0
303.8,1.0
303.85,1.0
303.90000000000003,1.0
303.95,1.0
304.0,1.0
304.05,1.0
304.1,1.0
304.15000000000003,1.0
304.2,1.0
304.25,1.0
304.3,1.0
304.35,1.0
304.40000000000003,1.0
304.45,1.0
304.5,1.0
304.55,1.0
304.6,1.0
304.65000000000003,1.0
304.7,1.0
304.75,1.0
304.8,1.0
304.85,1.0
304.90000000000003,1.0
304.95,1.0
305.0,1.0
305.05,1.0
305.1,1.0
305.15000000000003,1.0
305.2,1.0
305.25,1.0
305.3,1.0
305.35,1.0
305.40000000000003,1.0
305.45,1.0
305.5,1.0
305.55,1.0
305.6,1.0
305.65000000000003,1.0
305.7,1.0
305.75,1.0
305.8,1.0
305.85,1.0
305.90000000000003,1.0
305.95,1.0
306.0,1.0
306.05,1.0
306.1,1.0
306.15000000000003,1.0
306.2,1.0
306.25,1.0
306.3,1.0
306.35,1.0
306.40000000000003,1.0
306.45,1.0
306.5,1.0
306.55,1.0
306.6,1.0
306.65000000000003,1.0
306.7,1.0
306.75,1.0
306.8,1.0
306.85,1.0
306.90000000000003,1.0
306.95,1.0
307.0,1.0
307.05,1.0
307.1,1.0
307.15000000000003,1.0
307.20000000000005,1.0
307.25,1.0
307.3,1.0
307.35,1.0
307.40000000000003,1.0
307.45000000000005,1.0
307.5,1.0
307.55,1.0
307.6,1.0
307.65000000000003,1.0
307.70000000000005,1.0
307.75,1.0
307.8,1.0
307.85,1.0
307.90000000000003,1.0
307.95000000000005,1.0
308.0,1.0
308.05,1.0
308.1,1.0
308.15000000000003,1.0
308.20000000000005,1.0
308.25,1.0
308.3,1.0
308.35,1.0
308.40000000000003,1.0
308.45000000000005,1.0
308.5,1.0
308.55,1.0
308.6,1.0
308.65000000000003,1.0
308.70000000000005,1.0
308.75,1.0
308.8,1.0
308.85,1.0
308.90000000000003,1.0
308.95000000000005,1.0
309.0,1.0
309.05,1.0
309.1,1.0
309.15000000000003,1.0
309.20000000000005,1.0
309.25,1.0
309.3,1.0
309.35,1.0
309.40000000000003,1.0
309.45000000000005,1.0
309.5,1.0
309.55,1.0
309.6,1.0
309.65000000000003,1.0
309.70000000000005,1.0
309.75,1.0
309.8,1.0
309.85,1.0
309.90000000000003,1.0
309.95000000000005,1.0
310.0,1.0
310.05,1.0
310.1,1.0
310.15000000000003,1.0
310.20000000000005,1.0
310.25,1.0
310.3,1.0
310.35,1.0
310.40000000000003,1.0
310.45000000000005,1.0
310.5,1.0
310.55,1.0
310.6,1.0
310.65000000000003,1.0
310.70000000000005,1.0
310.75,1.0
310.8,1.0
310.85,1.0
310.90000000000003,1.0
310.95000000000005,1.0
311.0,1.0
311.05,1.0
311.1,1.0
311.15000000000003,1.0
311.20000000000005,1.0
311.25,1.0
311.3,1.0
311.35,1.0
311.40000000000003,1.0
311.45000000000005,1.0
311.5,1.0
311.55,1.0
311.6,1.0
311.65000000000003,1.0
311.70000000000005,1.0
311.75,1.0
311.8,1.0
311.85,1.0
311.90000000000003,1.0
311.95000000000005,1.0
312.0,1.0
312.05,1.0
312.1,1.0
312.15000000000003,1.0
312.20000000000005,1.0
312.25,1.0
312.3,1.0
312.35,1.0
312.40000000000003,1.0
312.45000000000005,1.0
312.5,1.0
312.55,1.0
312.6,1.0
312.65000000000003,1.0
312.70000000000005,1.0
312.75,1.0
312.8,1.0
312.85,1.0
312.90000000000003,1.0
312.95000000000005,1.0
313.0,1.0
313.05,1.0
313.1,1.0
313.15000000000003,1.0
313.20000000000005,1.0
313.25,1.0
313.3,1.0
313.35,1.0
313.40000000000003,1.0
313.45000000000005,1.0
313.5,1.0
313.55,1.0
313.6,1.0
313.65000000000003,1.0
313.70000000000005,1.0
313.75,1.0
313.8,1.0
313.85,1.0
313.90000000000003,1.0
313.95000000000005,1.0
314.0,1.0
314.05,1.0
314.1,1.0
314.15000000000003,1.0
314.20000000000005,1.0
314.25,1.0
314.3,1.0
314.35,1.0
314.40000000000003,1.0
314.45000000000005,1.0
314.5,1.0
314.55,1.0
314.6,1.0
314.65000000000003,1.0
314.70000000000005,1.0
314.75,1.0
314.8,1.0
314.85,1.0
314.90000000000003,1.0
314.95000000000005,1.0
315.0,1.0
315.05,1.0
315.1,1.0
315.15000000000003,1.0
315.20000000000005,1.0
315.25,1.0
315.3,1.0
315.35,1.0
315.40000000000003,1.0
315.45000000000005,1.0
315.5,1.0
315.55,1.0
315.6,1.0
315.65000000000003,1.0
315.70000000000005,1.0
315.75,1.0
315.8,1.0
315.85,1.0
315.90000000000003,1.0
315.95000000000005,1.0
316.0,1.0
316.05,1.0
316.1,1.0
316.15000000000003,1.0
316.20000000000005,1.0
316.25,1.0
316.3,1.0
316.35,1.0
316.40000000000003,1.0
316.45000000000005,1.0
316.5,1.0
316.55,1.0
316.6,1.0
316.65000000000003,1.0
316.70000000000005,1.0
316.75,1.0
316.8,1.0
316.85,1.0
316.90000000000003,1.0
316.95000000000005,1.0
317.0,1.0
317.05,1.0
317.1,1.0
317.15000000000003,1.0
317.20000000000005,1.0
317.25,1.0
317.3,1.0
317.35,1.0
317.40000000000003,1.0
317.45000000000005,1.0
317.5,1.0
317.55,1.0
317.6,1.0
317.65000000000003,1.0
317.70000000000005,1.0
317.75,1.0
317.8,1.0
317.85,1.0
317.90000000000003,1.0
317.95000000000005,1.0
318.0,1.0
318.05,1.0
318.1,1.0
318.15000000000003,1.0
318.20000000000005,1.0
318.25,1.0
318.3,1.0
318.35,1.0
318.40000000000003,1.0
318.45000000000005,1.0
318.5,1.0
318.55,1.0
318.6,1.0
318.65000000000003,1.0
318.70000000000005,1.0
318.75,1.0
318.8,1.0
318.85,1.0
318.90000000000003,1.0
318.95000000000005,1.0
319.0,1.0
319.05,1.0
319.1,1.0
319.15000000000003,1.0
319.20000000000005,1.0
319.25,1.0
319.3,1.0
319.35,1.0
319.40000000000003,1.0
319.45000000000005,1.0
319.5,1.0
319.55,1.0
319.6,1.0
319.65000000000003,1.0
319.70000000000005,1.0
319.75,1.0
319.8,1.0
319.85,1.0
319.90000000000003,1.0
319.95000000000005,1.0
320.0,1.0
320.05,1.0
320.1,1.0
320.15000000000003,1.0
320.20000000000005,1.0
320.25,1.0
320.3,1.0
320.35,1.0
320.40000000000003,1.0
320.45000000000005,1.0
320.5,1.0
320.55,1.0
320.6,1.0
320.65000000000003,1.0
320.70000000000005,1.0
320.75,1.0
320.8,1.0
320.85,1.0
320.90000000000003,1.0
320.95000000000005,1.0
321.0,1.0
321.05,1.0
321.1,1.0
321.15000000000003,1.0
321.20000000000005,1.0
321.25,1.0
321.3,1.0
321.35,1.0
321.40000000000003,1.0
321.45000000000005,1.0
321.5,1.0
321.55,1.0
321.6,1.0
321.65000000000003,1.0
321.70000000000005,1.0
321.75,1.0
321.8,1.0
321.85,1.0
321.90000000000003,1.0
321.95000000000005,1.0
322.0,1.0
322.05,1.0
322.1,1.0
322.15000000000003,1.0
322.20000000000005,1.0
322.25,1.0
322.3,1.0
322.35,1.0
322.40000000000003,1.0
322.45000000000005,1.0
322.5,1.0
322.55,1.0
322.6,1.0
322.65000000000003,1.0
322.70000000000005,1.0
322.75,1.0
322.8,1.0
322.85,1.0
322.90000000000003,1.0
322.95000000000005,1.0
323.0,1.0
323.05,1.0
323.1,1.0
323.15000000000003,1.0
323.20000000000005,1.0
323.25,1.0
323.3,1.0
323.35,1.0
323.40000000000003,1.0
323.45000000000005,1.0
323.5,1.0
323.55,1.0
323.6,1.0
323.65000000000003,1.0
323.70000000000005,1.0
323.75,1.0
323.8,1.0
323.85,1.0
323.90000000000003,1.0
323.95000000000005,1.0
324.0,1.0
324.05,1.0
324.1,1.0
324.15000000000003,1.0
324.20000000000005,1.0
324.25,1.0
324.3,1.0
324.35,1.0
324.40000000000003,1.0
324.45000000000005,1.0
324.5,1.0
324.55,1.0
324.6,1.0
324.65000000000003,1.0
324.70000000000005,1.0
324.75,1.0
324.8,1.0
324.85,1.0
324.90000000000003,1.0
324.95000000000005,1.0
325.0,1.0
325.05,1.0
325.1,1.0
325.15000000000003,1.0
325.20000000000005,1.0
325.25,1.0
325.3,1.0
325.35,1.0
325.40000000000003,1.0
325.45000000000005,1.0
325.5,1.0
325.55,1.0
325.6,1.0
325.65000000000003,1.0
325.70000000000005,1.0
325.75,1.0
325.8,1.0
325.85,1.0
325.90000000000003,1.0
325.95000000000005,1.0
326.0,1.0
326.05,1.0
326.1,1.0
326.15000000000003,1.0
326.20000000000005,1.0
326.25,1.0
326.3,1.0
326.35,1.0
326.40000000000003,1.0
326.45000000000005,1.0
326.5,1.0
326.55,1.0
326.6,1.0
326.65000000000003,1.0
326.70000000000005,1.0
326.75,1.0
326.8,1.0
326.85,1.0
326.90000000000003,1.0
326.95000000000005,1.0
327.0,1.0
327.05,1.0
327.1,1.0
327.15000000000003,1.0
327.20000000000005,1.0
327.25,1.0
327.3,1.0
327.35,1.0
327.40000000000003,1.0
327.45000000000005,1.0
327.5,1.0
327.55,1.0
327.6,1.0
327.65000000000003,1.0
327.70000000000005,1.0
327.75,1.0
327.8,1.0
327.85,1.0
327.90000000000003,1.0
327.95000000000005,1.0
328.0,1.0
328.05,1.0
328.1,1.0
328.15000000000003,1.0
328.20000000000005,1.0
328.25,1.0
328.3,1.0
328.35,1.0
328.40000000000003,1.0
328.45000000000005,1.0
328.5,1.0
328.55,1.0
328.6,1.0
328.65000000000003,1.0
328.70000000000005,1.0
328.75,1.0
328.8,1.0
328.85,1.0
328.90000000000003,1.0
328.95000000000005,1.0
329.0,1.0
329.05,1.0
329.1,1.0
329.15000000000003,1.0
329.20000000000005,1.0
329.25,1.0
329.3,1.0
329.35,1.0
329.40000000000003,1.0
329.45000000000005,1.0
329.5,1.0
329.55,1.0
329.6,1.0
329.65000000000003,1.0
329.70000000000005,1.0
329.75,1.0
329.8,1.0
329.85,1.0
329.90000000000003,1.0
329.95000000000005,1.0
330.0,1.0
330.05,1.0
330.1,1.0
330.15000000000003,1.0
330.20000000000005,1.0
330.25,1.0
330.3,1.0
330.35,1.0
330.40000000000003,1.0
330.45000000000005,1.0
330.5,1.0
330.55,1.0
330.6,1.0
330.65000000000003,1.0
330.70000000000005,1.0
330.75,1.0
330.8,1.0
330.85,1.0
330.90000000000003,1.0
330.95000000000005,1.0
331.0,1.0
331.05,1.0
331.1,1.0
331.15000000000003,1.0
331.20000000000005,1.0
331.25,1.0
331.3,1.0
331.35,1.0
331.40000000000003,1.0
331.45000000000005,1.0
331.5,1.0
331.55,1.0
331.6,1.0
331.65000000000003,1.0
331.70000000000005,1.0
331.75,1.0
331.8,1.0
331.85,1.0
331.90000000000003,1.0
331.95000000000005,1.0
332.0,1.0
332.05,1.0
332.1,1.0
332.15000000000003,1.0
332.20000000000005,1.0
332.25,1.0
332.3,1.0
332.35,1.0
332.40000000000003,1.0
332.45000000000005,1.0
332.5,1.0
332.55,1.0
332.6,1.0
332.65000000000003,1.0
332.70000000000005,1.0
332.75,1.0
332.8,1.0
332.85,1.0
332.90000000000003,1.0
332.95000000000005,1.0
333.0,1.0
333.05,1.0
333.1,1.0
333.15000000000003,1.0
333.20000000000005,1.0
333.25,1.0
333.3,1.0
333.35,1.0
333.40000000000003,1.0
333.45000000000005,1.0
333.5,1.0
333.55,1.0
333.6,1.0
333.65000000000003,1.0
333.70000000000005,1.0
333.75,1.0
333.8,1.0
333.85,1.0
333.90000000000003,1.0
333.95000000000005,1.0
334.0,1.0
334.05,1.0
334.1,1.0
334.15000000000003,1.0
334.20000000000005,1.0
334.25,1.0
334.3,1.0
334.35,1.0
334.40000000000003,1.0
334.45000000000005,1.0
334.5,1.0
334.55,1.0
334.6,1.0
334.65000000000003,1.0
334.70000000000005,1.0
334.75,1.0
334.8,1.0
334.85,1.0
334.90000000000003,1.0
334.95000000000005,1.0
335.0,1.0
335.05,1.0
335.1,1.0
335.15000000000003,1.0
335.20000000000005,1.0
335.25,1.0
335.3,1.0
335.35,1.0
335.40000000000003,1.0
335.45000000000005,1.0
335.5,1.0
335.55,1.0
335.6,1.0
335.65000000000003,1.0
335.70000000000005,1.0
335.75,1.0
335.8,1.0
335.85,1.0
335.90000000000003,1.0
335.95000000000005,1.0
336.0,1.0
336.05,1.0
336.1,1.0
336.15000000000003,1.0
336.20000000000005,1.0
336.25,1.0
336.3,1.0
336.35,1.0
336.40000000000003,1.0
336.45000000000005,1.0
336.5,1.0
336.55,1.0
336.6,1.0
336.65000000000003,1.0
336.70000000000005,1.0
336.75,1.0
336.8,1.0
336.85,1.0
336.90000000000003,1.0
336.95000000000005,1.0
337.0,1.0
337.05,1.0
337.1,1.0
337.15000000000003,1.0
337.20000000000005,1.0
337.25,1.0
337.3,1.0
337.35,1.0
337.40000000000003,1.0
337.45000000000005,1.0
337.5,1.0
337.55,1.0
337.6,1.0
337.65000000000003,1.0
337.70000000000005,1.0
337.75,1.0
337.8,1.0
337.85,1.0
337.90000000000003,1.0
337.95000000000005,1.0
338.0,1.0
338.05,1.0
338.1,1.0
338.15000000000003,1.0
338.20000000000005,1.0
338.25,1.0
338.3,1.0
338.35,1.0
338.40000000000003,1.0
338.45000000000005,1.0
338.5,1.0
338.55,1.0
338.6,1.0
338.65000000000003,1.0
338.70000000000005,1.0
338.75,1.0
338.8,1.0
338.85,1.0
338.90000000000003,1.0
338.95000000000005,1.0
339.0,1.0
339.05,1.0
339.1,1.0
339.15000000000003,1.0
339.20000000000005,1.0
339.25,1.0
339.3,1.0
339.35,1.0
339.40000000000003,1.0
339.45000000000005,1.0
339.5,1.0
339.55,1.0
339.6,1.0
339.65000000000003,1.0
339.70000000000005,1.0
339.75,1.0
339.8,1.0
339.85,1.0
339.90000000000003,1.0
339.95000000000005,1.0
340.0,1.0
340.05,1.0
340.1,1.0
340.15000000000003,1.0
340.20000000000005,1.0
340.25,1.0
340.3,1.0
340.35,1.0
340.40000000000003,1.0
340.45000000000005,1.0
340.5,1.0
340.55,1.0
340.6,1.0
340.65000000000003,1.0
340.70000000000005,1.0
340.75,1.0
340.8,1.0
340.85,1.0
340.90000000000003,1.0
340.95000000000005,1.0
341.0,1.0
341.05,1.0
341.1,1.0
341.15000000000003,1.0
341.20000000000005,1.0
341.25,1.0
341.3,1.0
341.35,1.0
341.40000000000003,1.0
341.45000000000005,1.0
341.5,1.0
341.55,1.0
341.6,1.0
341.65000000000003,1.0
341.70000000000005,1.0
341.75,1.0
341.8,1.0
341.85,1.0
341.90000000000003,1.0
341.95000000000005,1.0
342.0,1.0
342.05,1.0
342.1,1.0
342.15000000000003,1.0
342.20000000000005,1.0
342.25,1.0
342.3,1.0
342.35,1.0
342.40000000000003,1.0
342.45000000000005,1.0
342.5,1.0
342.55,1.0
342.6,1.0
342.65000000000003,1.0
342.70000000000005,1.0
342.75,1.0
342.8,1.0
342.85,1.0
342.90000000000003,1.0
342.95000000000005,1.0
343.0,1.0
343.05,1.0
343.1,1.0
343.15000000000003,1.0
343.20000000000005,1.0
343.25,1.0
343.3,1.0
343.35,1.0
343.40000000000003,1.0
343.45000000000005,1.0
343.5,1.0
343.55,1.0
343.6,1.0
343.65000000000003,1.0
343.70000000000005,1.0
343.75,1.0
343.8,1.0
343.85,1.0
343.90000000000003,1.0
343.95000000000005,1.0
344.0,1.0
344.05,1.0
344.1,1.0
344.15000000000003,1.0
344.20000000000005,1.0
344.25,1.0
344.3,1.0
344.35,1.0
344.40000000000003,1.0
344.45000000000005,1.0
344.5,1.0
344.55,1.0
344.6,1.0
344.65000000000003,1.0
344.70000000000005,1.0
344.75,1.0
344.8,1.0
344.85,1.0
344.90000000000003,1.0
344.95000000000005,1.0
345.0,1.0
345.05,1.0
345.1,1.0
345.15000000000003,1.0
345.20000000000005,1.0
345.25,1.0
345.3,1.0
345.35,1.0
345.40000000000003,1.0
345.45000000000005,1.0
345.5,1.0
345.55,1.0
345.6,1.0
345.65000000000003,1.0
345.70000000000005,1.0
345.75,1.0
345.8,1.0
345.85,1.0
345.90000000000003,1.0
345.95000000000005,1.0
346.0,1.0
346.05,1.0
346.1,1.0
346.15000000000003,1.0
346.20000000000005,1.0
346.25,1.0
346.3,1.0
346.35,1.0
346.40000000000003,1.0
346.45000000000005,1.0
346.5,1.0
346.55,1.0
346.6,1.0
346.65000000000003,1.0
346.70000000000005,1.0
346.75,1.0
346.8,1.0
346.85,1.0
346.90000000000003,1.0
346.95000000000005,1.0
347.0,1.0
347.05,1.0
347.1,1.0
347.15000000000003,1.0
347.20000000000005,1.0
347.25,1.0
347.3,1.0
347.35,1.0
347.40000000000003,1.0
347.45000000000005,1.0
347.5,1.0
347.55,1.0
347.6,1.0
347.65000000000003,1.0
347.70000000000005,1.0
347.75,1.0
347.8,1.0
347.85,1.0
347.90000000000003,1.0
347.95000000000005,1.0
348.0,1.0
348.05,1.0
348.1,1.0
348.15000000000003,1.0
348.20000000000005,1.0
348.25,1.0
348.3,1.0
348.35,1.0
348.40000000000003,1.0
348.45000000000005,1.0
348.5,1.0
348.55,1.0
348.6,1.0
348.65000000000003,1.0
348.70000000000005,1.0
348.75,1.0
348.8,1.0
348.85,1.0
348.90000000000003,1.0
348.95000000000005,1.0
349.0,1.0
349.05,1.0
349.1,1.0
349.15000000000003,1.0
349.20000000000005,1.0
349.25,1.0
349.3,1.0
349.35,1.0
349.40000000000003,1.0
349.45000000000005,1.0
349.5,1.0
349.55,1.0
349.6,1.0
349.65000000000003,1.0
349.70000000000005,1.0
349.75,1.0
349.8,1.0
349.85,1.0
349.90000000000003,1.0
349.95000000000005,1.0
350.0,1.0
350.05,1.0
350.1,1.0
350.15000000000003,1.0
350.20000000000005,1.0
350.25,1.0
350.3,1.0
350.35,1.0
350.40000000000003,1.0
350.45000000000005,1.0
350.5,1.0
350.55,1.0
350.6,1.0
350.65000000000003,1.0
350.70000000000005,1.0
350.75,1.0
350.8,1.0
350.85,1.0
350.90000000000003,1.0
350.95000000000005,1.0
351.0,1.0
351.05,1.0
351.1,1.0
351.15000000000003,1.0
351.20000000000005,1.0
351.25,1.0
351.3,1.0
351.35,1.0
351.40000000000003,1.0
351.45000000000005,1.0
351.5,1.0
351.55,1.0
351.6,1.0
351.65000000000003,1.0
351.70000000000005,1.0
351.75,1.0
351.8,1.0
351.85,1.0
351.90000000000003,1.0
351.95000000000005,1.0
352.0,1.0
352.05,1.0
352.1,1.0
352.15000000000003,1.0
352.20000000000005,1.0
352.25,1.0
352.3,1.0
352.35,1.0
352.40000000000003,1.0
352.45000000000005,1.0
352.5,1.0
352.55,1.0
352.6,1.0
352.65000000000003,1.0
352.70000000000005,1.0
352.75,1.0
352.8,1.0
352.85,1.0
352.90000000000003,1.0
352.95000000000005,1.0
353.0,1.0
353.05,1.0
353.1,1.0
353.15000000000003,1.0
353.20000000000005,1.0
353.25,1.0
353.3,1.0
353.35,1.0
353.40000000000003,1.0
353.45000000000005,1.0
353.5,1.0
353.55,1.0
353.6,1.0
353.65000000000003,1.0
353.70000000000005,1.0
353.75,1.0
353.8,1.0
353.85,1.0
353.90000000000003,1.0
353.95000000000005,1.0
354.0,1.0
354.05,1.0
354.1,1.0
354.15000000000003,1.0
354.20000000000005,1.0
354.25,1.0
354.3,1.0
354.35,1.0
354.40000000000003,1.0
354.45000000000005,1.0
354.5,1.0
354.55,1.0
354.6,1.0
354.65000000000003,1.0
354.70000000000005,1.0
354.75,1.0
354.8,1.0
354.85,1.0
354.90000000000003,1.0
354.95000000000005,1.0
355.0,1.0
355.05,1.0
355.1,1.0
355.15000000000003,1.0
355.20000000000005,1.0
355.25,1.0
355.3,1.0
355.35,1.0
355.40000000000003,1.0
355.45000000000005,1.0
355.5,1.0
355.55,1.0
355.6,1.0
355.65000000000003,1.0
355.70000000000005,1.0
355.75,1.0
355.8,1.0
355.85,1.0
355.90000000000003,1.0
355.95000000000005,1.0
356.0,1.0
356.05,1.0
356.1,1.0
356.15000000000003,1.0
356.20000000000005,1.0
356.25,1.0
356.3,1.0
356.35,1.0
356.40000000000003,1.0
356.45000000000005,1.0
356.5,1.0
356.55,1.0
356.6,1.0
356.65000000000003,1.0
356.70000000000005,1.0
356.75,1.0
356.8,1.0
356.85,1.0
356.90000000000003,1.0
356.95000000000005,1.0
357.0,1.0
357.05,1.0
357.1,1.0
357.15000000000003,1.0
357.20000000000005,1.0
357.25,1.0
357.3,1.0
357.35,1.0
357.40000000000003,1.0
357.45000000000005,1.0
357.5,1.0
357.55,1.0
357.6,1.0
357.65000000000003,1.0
357.70000000000005,1.0
357.75,1.0
357.8,1.0
357.85,1.0
357.90000000000003,1.0
357.95000000000005,1.0
358.0,1.0
358.05,1.0
358.1,1.0
358.15000000000003,1.0
358.20000000000005,1.0
358.25,1.0
358.3,1.0
358.35,1.0
358.40000000000003,1.0
358.45000000000005,1.0
358.5,1.0
358.55,1.0
358.6,1.0
358.65000000000003,1.0
358.70000000000005,1.0
358.75,1.0
358.8,1.0
358.85,1.0
358.90000000000003,1.0
358.95000000000005,1.0
359.0,1.0
359.05,1.0
359.1,1.0
359.15000000000003,1.0
359.20000000000005,1.0
359.25,1.0
359.3,1.0
359.35,1.0
359.40000000000003,1.0
359.45000000000005,1.0
359.5,1.0
359.55,1.0
359.6,1.0
359.65000000000003,1.0
359.70000000000005,1.0
359.75,1.0
359.8,1.0
359.85,1.0
359.90000000000003,1.0
359.95000000000005,1.0
360.0,1.0
360.05,1.0
360.1,1.0
360.15000000000003,1.0
360.20000000000005,1.0
360.25,1.0
360.3,1.0
360.35,1.0
360.40000000000003,1.0
360.45000000000005,1.0
360.5,1.0
360.55,1.0
360.6,1.0
360.65000000000003,1.0
360.70000000000005,1.0
360.75,1.0
360.8,1.0
360.85,1.0
360.90000000000003,1.0
360.95000000000005,1.0
361.0,1.0
361.05,1.0
361.1,1.0
361.15000000000003,1.0
361.20000000000005,1.0
361.25,1.0
361.3,1.0
361.35,1.0
361.40000000000003,1.0
361.45000000000005,1.0
361.5,1.0
361.55,1.0
361.6,1.0
361.65000000000003,1.0
361.70000000000005,1.0
361.75,1.0
361.8,1.0
361.85,1.0
361.90000000000003,1.0
361.95000000000005,1.0
362.0,1.0
362.05,1.0
362.1,1.0
362.15000000000003,1.0
362.20000000000005,1.0
362.25,1.0
362.3,1.0
362.35,1.0
362.40000000000003,1.0
362.45000000000005,1.0
362.5,1.0
362.55,1.0
362.6,1.0
362.65000000000003,1.0
362.70000000000005,1.0
362.75,1.0
362.8,1.0
362.85,1.0
362.90000000000003,1.0
362.95000000000005,1.0
363.0,1.0
363.05,1.0
363.1,1.0
363.15000000000003,1.0
363.20000000000005,1.0
363.25,1.0
363.3,1.0
363.35,1.0
363.40000000000003,1.0
363.45000000000005,1.0
363.5,1.0
363.55,1.0
363.6,1.0
363.65000000000003,1.0
363.70000000000005,1.0
363.75,1.0
363.8,1.0
363.85,1.0
363.90000000000003,1.0
363.95000000000005,1.0
364.0,1.0
364.05,1.0
364.1,1.0
364.15000000000003,1.0
364.20000000000005,1.0
364.25,1.0
364.3,1.0
364.35,1.0
364.40000000000003,1.0
364.45000000000005,1.0
364.5,1.0
364.55,1.0
364.6,1.0
364.65000000000003,1.0
364.70000000000005,1.0
364.75,1.0
364.8,1.0
364.85,1.0
364.90000000000003,1.0
364.95000000000005,1.0
365.0,1.0
365.05,1.0
365.1,1.0
365.15000000000003,1.0
365.20000000000005,1.0
365.25,1.0
365.3,1.0
365.35,1.0
365.40000000000003,1.0
365.45000000000005,1.0
365.5,1.0
365.55,1.0
365.6,1.0
365.65000000000003,1.0
365.70000000000005,1.0
365.75,1.0
365.8,1.0
365.85,1.0
365.90000000000003,1.0
365.95000000000005,1.0
366.0,1.0
366.05,1.0
366.1,1.0
366.15000000000003,1.0
366.20000000000005,1.0
366.25,1.0
366.3,1.0
366.35,1.0
366.40000000000003,1.0
366.45000000000005,1.0
366.5,1.0
366.55,1.0
366.6,1.0
366.65000000000003,1.0
366.70000000000005,1.0
366.75,1.0
366.8,1.0
366.85,1.0
366.90000000000003,1.0
366.95000000000005,1.0
367.0,1.0
367.05,1.0
367.1,1.0
367.15000000000003,1.0
367.20000000000005,1.0
367.25,1.0
367.3,1.0
367.35,1.0
367.40000000000003,1.0
367.45000000000005,1.0
367.5,1.0
367.55,1.0
367.6,1.0
367.65000000000003,1.0
367.70000000000005,1.0
367.75,1.0
367.8,1.0
367.85,1.0
367.90000000000003,1.0
367.95000000000005,1.0
368.0,1.0
368.05,1.0
368.1,1.0
368.15000000000003,1.0
368.20000000000005,1.0
368.25,1.0
368.3,1.0
368.35,1.0
368.40000000000003,1.0
368.45000000000005,1.0
368.5,1.0
368.55,1.0
368.6,1.0
368.65000000000003,1.0
368.70000000000005,1.0
368.75,1.0
368.8,1.0
368.85,1.0
368.90000000000003,1.0
368.95000000000005,1.0
369.0,1.0
369.05,1.0
369.1,1.0
369.15000000000003,1.0
369.20000000000005,1.0
369.25,1.0
369.3,1.0
369.35,1.0
369.40000000000003,1.0
369.45000000000005,1.0
369.5,1.0
369.55,1.0
369.6,1.0
369.65000000000003,1.0
369.70000000000005,1.0
369.75,1.0
369.8,1.0
369.85,1.0
369.90000000000003,1.0
369.95000000000005,1.0
370.0,1.0
370.05,1.0
370.1,1.0
370.15000000000003,1.0
370.20000000000005,1.0
370.25,1.0
370.3,1.0
370.35,1.0
370.40000000000003,1.0
370.45000000000005,1.0
370.5,1.0
370.55,1.0
370.6,1.0
370.65000000000003,1.0
370.70000000000005,1.0
370.75,1.0
370.8,1.0
370.85,1.0
370.90000000000003,1.0
370.95000000000005,1.0
371.0,1.0
371.05,1.0
371.1,1.0
371.15000000000003,1.0
371.20000000000005,1.0
371.25,1.0
371.3,1.0
371.35,1.0
371.40000000000003,1.0
371.45000000000005,1.0
371.5,1.0
371.55,1.0
371.6,1.0
371.65000000000003,1.0
371.70000000000005,1.0
371.75,1.0
371.8,1.0
371.85,1.0
371.90000000000003,1.0
371.95000000000005,1.0
372.0,1.0
372.05,1.0
372.1,1.0
372.15000000000003,1.0
372.20000000000005,1.0
372.25,1.0
372.3,1.0
372.35,1.0
372.40000000000003,1.0
372.45000000000005,1.0
372.5,1.0
372.55,1.0
372.6,1.0
372.65000000000003,1.0
372.70000000000005,1.0
372.75,1.0
372.8,1.0
372.85,1.0
372.90000000000003,1.0
372.95000000000005,1.0
373.0,1.0
373.05,1.0
373.1,1.0
373.15000000000003,1.0
373.20000000000005,1.0
373.25,1.0
373.3,1.0
373.35,1.0
373.40000000000003,1.0
373.45000000000005,1.0
373.5,1.0
373.55,1.0
373.6,1.0
373.65000000000003,1.0
373.70000000000005,1.0
373.75,1.0
373.8,1.0
373.85,1.0
373.90000000000003,1.0
373.95000000000005,1.0
374.0,1.0
374.05,1.0
374.1,1.0
374.15000000000003,1.0
374.20000000000005,1.0
374.25,1.0
374.3,1.0
374.35,1.0
374.40000000000003,1.0
374.45000000000005,1.0
374.5,1.0
374.55,1.0
374.6,1.0
374.65000000000003,1.0
374.70000000000005,1.0
374.75,1.0
374.8,1.0
374.85,1.0
374.90000000000003,1.0
374.95000000000005,1.0
375.0,1.0
375.05,1.0
375.1,1.0
375.15000000000003,1.0
375.20000000000005,1.0
375.25,1.0
375.3,1.0
375.35,1.0
375.40000000000003,1.0
375.45000000000005,1.0
375.5,1.0
375.55,1.0
375.6,1.0
375.65000000000003,1.0
375.70000000000005,1.0
375.75,1.0
375.8,1.0
375.85,1.0
375.90000000000003,1.0
375.95000000000005,1.0
376.0,1.0
376.05,1.0
376.1,1.0
376.15000000000003,1.0
376.20000000000005,1.0
376.25,1.0
376.3,1.0
376.35,1.0
376.40000000000003,1.0
376.45000000000005,1.0
376.5,1.0
376.55,1.0
376.6,1.0
376.65000000000003,1.0
376.70000000000005,1.0
376.75,1.0
376.8,1.0
376.85,1.0
376.90000000000003,1.0
376.95000000000005,1.0
377.0,1.0
377.05,1.0
377.1,1.0
377.15000000000003,1.0
377.20000000000005,1.0
377.25,1.0
377.3,1.0
377.35,1.0
377.40000000000003,1.0
377.45000000000005,1.0
377.5,1.0
377.55,1.0
377.6,1.0
377.65000000000003,1.0
377.70000000000005,1.0
377.75,1.0
377.8,1.0
377.85,1.0
377.90000000000003,1.0
377.95000000000005,1.0
378.0,1.0
378.05,1.0
378.1,1.0
378.15000000000003,1.0
378.20000000000005,1.0
378.25,1.0
378.3,1.0
378.35,1.0
378.40000000000003,1.0
378.45000000000005,1.0
378.5,1.0
378.55,1.0
378.6,1.0
378.65000000000003,1.0
378.70000000000005,1.0
378.75,1.0
378.8,1.0
378.85,1.0
378.90000000000003,1.0
378.95000000000005,1.0
379.0,1.0
379.05,1.0
379.1,1.0
379.15000000000003,1.0
379.20000000000005,1.0
379.25,1.0
379.3,1.0
379.35,1.0
379.40000000000003,1.0
379.45000000000005,1.0
379.5,1.0
379.55,1.0
379.6,1.0
379.65000000000003,1.0
379.70000000000005,1.0
379.75,1.0
379.8,1.0
379.85,1.0
379.90000000000003,1.0
379.95000000000005,1.0
380.0,1.0
380.05,1.0
380.1,1.0
380.15000000000003,1.0
380.20000000000005,1.0
380.25,1.0
380.3,1.0
380.35,1.0
380.40000000000003,1.0
380.45000000000005,1.0
380.5,1.0
380.55,1.0
380.6,1.0
380.65000000000003,1.0
380.70000000000005,1.0
380.75,1.0
380.8,1.0
380.85,1.0
380.90000000000003,1.0
380.95000000000005,1.0
381.0,1.0
381.05,1.0
381.1,1.0
381.15000000000003,1.0
381.20000000000005,1.0
381.25,1.0
381.3,1.0
381.35,1.0
381.40000000000003,1.0
381.45000000000005,1.0
381.5,1.0
381.55,1.0
381.6,1.0
381.65000000000003,1.0
381.70000000000005,1.0
381.75,1.0
381.8,1.0
381.85,1.0
381.90000000000003,1.0
381.95000000000005,1.0
382.0,1.0
382.05,1.0
382.1,1.0
382.15000000000003,1.0
382.20000000000005,1.0
382.25,1.0
382.3,1.0
382.35,1.0
382.40000000000003,1.0
382.45000000000005,1.0
382.5,1.0
382.55,1.0
382.6,1.0
382.65000000000003,1.0
382.70000000000005,1.0
382.75,1.0
382.8,1.0
382.85,1.0
382.90000000000003,1.0
382.95000000000005,1.0
383.0,1.0
383.05,1.0
383.1,1.0
383.15000000000003,1.0
383.20000000000005,1.0
383.25,1.0
383.3,1.0
383.35,1.0
383.40000000000003,1.0
383.45000000000005,1.0
383.5,1.0
383.55,1.0
383.6,1.0
383.65000000000003,1.0
383.70000000000005,1.0
383.75,1.0
383.8,1.0
383.85,1.0
383.90000000000003,1.0
383.95000000000005,1.0
384.0,1.0
384.05,1.0
384.1,1.0
384.15000000000003,1.0
384.20000000000005,1.0
384.25,1.0
384.3,1.0
384.35,1.0
384.40000000000003,1.0
384.45000000000005,1.0
384.5,1.0
384.55,1.0
384.6,1.0
384.65000000000003,1.0
384.70000000000005,1.0
384.75,1.0
384.8,1.0
384.85,1.0
384.90000000000003,1.0
384.95000000000005,1.0
385.0,1.0
385.05,1.0
385.1,1.0
385.15000000000003,1.0
385.20000000000005,1.0
385.25,1.0
385.3,1.0
385.35,1.0
385.40000000000003,1.0
385.45000000000005,1.0
385.5,1.0
385.55,1.0
385.6,1.0
385.65000000000003,1.0
385.70000000000005,1.0
385.75,1.0
385.8,1.0
385.85,1.0
385.90000000000003,1.0
385.95000000000005,1.0
386.0,1.0
386.05,1.0
386.1,1.0
386.15000000000003,1.0
386.20000000000005,1.0
386.25,1.0
386.3,1.0
386.35,1.0
386.40000000000003,1.0
386.45000000000005,1.0
386.5,1.0
386.55,1.0
386.6,1.0
386.65000000000003,1.0
386.70000000000005,1.0
386.75,1.0
386.8,1.0
386.85,1.0
386.90000000000003,1.0
386.95000000000005,1.0
387.0,1.0
387.05,1.0
387.1,1.0
387.15000000000003,1.0
387.20000000000005,1.0
387.25,1.0
387.3,1.0
387.35,1.0
387.40000000000003,1.0
387.45000000000005,1.0
387.5,1.0
387.55,1.0
387.6,1.0
387.65000000000003,1.0
387.70000000000005,1.0
387.75,1.0
387.8,1.0
387.85,1.0
387.90000000000003,1.0
387.95000000000005,1.0
388.0,1.0
388.05,1.0
388.1,1.0
388.15000000000003,1.0
388.20000000000005,1.0
388.25,1.0
388.3,1.0
388.35,1.0
388.40000000000003,1.0
388.45000000000005,1.0
388.5,1.0
388.55,1.0
388.6,1.0
388.65000000000003,1.0
388.70000000000005,1.0
388.75,1.0
388.8,1.0
388.85,1.0
388.90000000000003,1.0
388.95000000000005,1.0
389.0,1.0
389.05,1.0
389.1,1.0
389.15000000000003,1.0
389.20000000000005,1.0
389.25,1.0
389.3,1.0
389.35,1.0
389.40000000000003,1.0
389.45000000000005,1.0
389.5,1.0
389.55,1.0
389.6,1.0
389.65000000000003,1.0
389.70000000000005,1.0
389.75,1.0
389.8,1.0
389.85,1.0
389.90000000000003,1.0
389.95000000000005,1.0
390.0,1.0
390.05,1.0
390.1,1.0
390.15000000000003,1.0
390.20000000000005,1.0
390.25,1.0
390.3,1.0
390.35,1.0
390.40000000000003,1.0
390.45000000000005,1.0
390.5,1.0
390.55,1.0
390.6,1.0
390.65000000000003,1.0
390.70000000000005,1.0
390.75,1.0
390.8,1.0
390.85,1.0
390.90000000000003,1.0
390.95000000000005,1.0
391.0,1.0
391.05,1.0
391.1,1.0
391.15000000000003,1.0
391.20000000000005,1.0
391.25,1.0
391.3,1.0
391.35,1.0
391.40000000000003,1.0
391.45000000000005,1.0
391.5,1.0
391.55,1.0
391.6,1.0
391.65000000000003,1.0
391.70000000000005,1.0
391.75,1.0
391.8,1.0
391.85,1.0
391.90000000000003,1.0
391.95000000000005,1.0
392.0,1.0
392.05,1.0
392.1,1.0
392.15000000000003,1.0
392.20000000000005,1.0
392.25,1.0
392.3,1.0
392.35,1.0
392.40000000000003,1.0
392.45000000000005,1.0
392.5,1.0
392.55,1.0
392.6,1.0
392.65000000000003,1.0
392.70000000000005,1.0
392.75,1.0
392.8,1.0
392.85,1.0
392.90000000000003,1.0
392.95000000000005,1.0
393.0,1.0
393.05,1.0
393.1,1.0
393.15000000000003,1.0
393.20000000000005,1.0
393.25,1.0
393.3,1.0
393.35,1.0
393.40000000000003,1.0
393.45000000000005,1.0
393.5,1.0
393.55,1.0
393.6,1.0
393.65000000000003,1.0
393.70000000000005,1.0
393.75,1.0
393.8,1.0
393.85,1.0
393.90000000000003,1.0
393.95000000000005,1.0
394.0,1.0
394.05,1.0
394.1,1.0
394.15000000000003,1.0
394.20000000000005,1.0
394.25,1.0
394.3,1.0
394.35,1.0
394.40000000000003,1.0
394.45000000000005,1.0
394.5,1.0
394.55,1.0
394.6,1.0
394.65000000000003,1.0
394.70000000000005,1.0
394.75,1.0
394.8,1.0
394.85,1.0
394.90000000000003,1.0
394.95000000000005,1.0
395.0,1.0
395.05,1.0
395.1,1.0
395.15000000000003,1.0
395.20000000000005,1.0
395.25,1.0
395.3,1.0
395.35,1.0
395.40000000000003,1.0
395.45000000000005,1.0
395.5,1.0
395.55,1.0
395.6,1.0
395.65000000000003,1.0
395.70000000000005,1.0
395.75,1.0
395.8,1.0
395.85,1.0
395.90000000000003,1.0
395.95000000000005,1.0
396.0,1.0
396.05,1.0
396.1,1.0
396.15000000000003,1.0
396.20000000000005,1.0
396.25,1.0
396.3,1.0
396.35,1.0
396.40000000000003,1.0
396.45000000000005,1.0
396.5,1.0
396.55,1.0
396.6,1.0
396.65000000000003,1.0
396.70000000000005,1.0
396.75,1.0
396.8,1.0
396.85,1.0
396.90000000000003,1.0
396.95000000000005,1.0
397.0,1.0
397.05,1.0
397.1,1.0
397.15000000000003,1.0
397.20000000000005,1.0
397.25,1.0
397.3,1.0
397.35,1.0
397.40000000000003,1.0
397.45000000000005,1.0
397.5,1.0
397.55,1.0
397.6,1.0
397.65000000000003,1.0
397.70000000000005,1.0
397.75,1.0
397.8,1.0
397.85,1.0
397.90000000000003,1.0
397.95000000000005,1.0
398.0,1.0
398.05,1.0
398.1,1.0
398.15000000000003,1.0
398.20000000000005,1.0
398.25,1.0
398.3,1.0
398.35,1.0
398.40000000000003,1.0
398.45000000000005,1.0
398.5,1.0
398.55,1.0
398.6,1.0
398.65000000000003,1.0
398.70000000000005,1.0
398.75,1.0
398.8,1.0
398.85,1.0
398.90000000000003,1.0
398.95000000000005,1.0
399.0,1.0
399.05,1.0
399.1,1.0
399.15000000000003,1.0
399.20000000000005,1.0
399.25,1.0
399.3,1.0
399.35,1.0
399.40000000000003,1.0
399.45000000000005,1.0
399.5,1.0
399.55,1.0
399.6,1.0
399.65000000000003,1.0
399.70000000000005,1.0
399.75,1.0
399.8,1.0
399.85,1.0
399.90000000000003,1.0
399.95000000000005,1.0
400.0,1.0
400.05,1.0
400.1,1.0
400.15000000000003,1.0
400.20000000000005,1.0
400.25,1.0
400.3,1.0
400.35,1.0
400.40000000000003,1.0
400.45000000000005,1.0
400.5,1.0
400.55,1.0
400.6,1.0
400.65000000000003,1.0
400.70000000000005,1.0
400.75,1.0
400.8,1.0
400.85,1.0
400.90000000000003,1.0
400.95000000000005,1.0
401.0,1.0
401.05,1.0
401.1,1.0
401.15000000000003,1.0
401.20000000000005,1.0
401.25,1.0
401.3,1.0
401.35,1.0
401.40000000000003,1.0
401.45000000000005,1.0
401.5,1.0
401.55,1.0
401.6,1.0
401.65000000000003,1.0
401.70000000000005,1.0
401.75,1.0
401.8,1.0
401.85,1.0
401.90000000000003,1.0
401.95000000000005,1.0
402.0,1.0
402.05,1.0
402.1,1.0
402.15000000000003,1.0
402.20000000000005,1.0
402.25,1.0
402.3,1.0
402.35,1.0
402.40000000000003,1.0
402.45000000000005,1.0
402.5,1.0
402.55,1.0
402.6,1.0
402.65000000000003,1.0
402.70000000000005,1.0
402.75,1.0
402.8,1.0
402.85,1.0
402.90000000000003,1.0
402.95000000000005,1.0
403.0,1.0
403.05,1.0
403.1,1.0
403.15000000000003,1.0
403.20000000000005,1.0
403.25,1.0
403.3,1.0
403.35,1.0
403.40000000000003,1.0
403.45000000000005,1.0
403.5,1.0
403.55,1.0
403.6,1.0
403.65000000000003,1.0
403.70000000000005,1.0
403.75,1.0
403.8,1.0
403.85,1.0
403.90000000000003,1.0
403.95000000000005,1.0
404.0,1.0
404.05,1.0
404.1,1.0
404.15000000000003,1.0
404.20000000000005,1.0
404.25,1.0
404.3,1.0
404.35,1.0
404.40000000000003,1.0
404.45000000000005,1.0
404.5,1.0
404.55,1.0
404.6,1.0
404.65000000000003,1.0
404.70000000000005,1.0
404.75,1.0
404.8,1.0
404.85,1.0
404.90000000000003,1.0
404.95000000000005,1.0
405.0,1.0
405.05,1.0
405.1,1.0
405.15000000000003,1.0
405.20000000000005,1.0
405.25,1.0
405.3,1.0
405.35,1.0
405.40000000000003,1.0
405.45000000000005,1.0
405.5,1.0
405.55,1.0
405.6,1.0
405.65000000000003,1.0
405.70000000000005,1.0
405.75,1.0
405.8,1.0
405.85,1.0
405.90000000000003,1.0
405.95000000000005,1.0
406.0,1.0
406.05,1.0
406.1,1.0
406.15000000000003,1.0
406.20000000000005,1.0
406.25,1.0
406.3,1.0
406.35,1.0
406.40000000000003,1.0
406.45000000000005,1.0
406.5,1.0
406.55,1.0
406.6,1.0
406.65000000000003,1.0
406.70000000000005,1.0
406.75,1.0
406.8,1.0
406.85,1.0
406.90000000000003,1.0
406.95000000000005,1.0
407.0,1.0
407.05,1.0
407.1,1.0
407.15000000000003,1.0
407.20000000000005,1.0
407.25,1.0
407.3,1.0
407.35,1.0
407.40000000000003,1.0
407.45000000000005,1.0
407.5,1.0
407.55,1.0
407.6,1.0
407.65000000000003,1.0
407.70000000000005,1.0
407.75,1.0
407.8,1.0
407.85,1.0
407.90000000000003,1.0
407.95000000000005,1.0
408.0,1.0
408.05,1.0
408.1,1.0
408.15000000000003,1.0
408.20000000000005,1.0
408.25,1.0
408.3,1.0
408.35,1.0
408.40000000000003,1.0
408.45000000000005,1.0
408.5,1.0
408.55,1.0
408.6,1.0
408.65000000000003,1.0
408.70000000000005,1.0
408.75,1.0
408.8,1.0
408.85,1.0
408.90000000000003,1.0
408.95000000000005,1.0
409.0,1.0
409.05,1.0
409.1,1.0
409.15000000000003,1.0
409.20000000000005,1.0
409.25,1.0
409.3,1.0
409.35,1.0
409.40000000000003,1.0
409.45000000000005,1.0
409.5,1.0
409.55,1.0
409.6,1.0
409.65000000000003,1.0
409.70000000000005,1.0
409.75,1.0
409.8,1.0
409.85,1.0
409.90000000000003,1.0
409.95000000000005,1.0
410.0,1.0
410.05,1.0
410.1,1.0
410.15000000000003,1.0
410.20000000000005,1.0
410.25,1.0
410.3,1.0
410.35,1.0
410.40000000000003,1.0
410.45000000000005,1.0
410.5,1.0
410.55,1.0
410.6,1.0
410.65000000000003,1.0
410.70000000000005,1.0
410.75,1.0
410.8,1.0
410.85,1.0
410.90000000000003,1.0
410.95000000000005,1.0
411.0,1.0
411.05,1.0
411.1,1.0
411.15000000000003,1.0
411.20000000000005,1.0
411.25,1.0
411.3,1.0
411.35,1.0
411.40000000000003,1.0
411.45000000000005,1.0
411.5,1.0
411.55,1.0
411.6,1.0
411.65000000000003,1.0
411.70000000000005,1.0
411.75,1.0
411.8,1.0
411.85,1.0
411.90000000000003,1.0
411.95000000000005,1.0
412.0,1.0
412.05,1.0
412.1,1.0
412.15000000000003,1.0
412.20000000000005,1.0
412.25,1.0
412.3,1.0
412.35,1.0
412.40000000000003,1.0
412.45000000000005,1.0
412.5,1.0
412.55,1.0
412.6,1.0
412.65000000000003,1.0
412.70000000000005,1.0
412.75,1.0
412.8,1.0
412.85,1.0
412.90000000000003,1.0
412.95000000000005,1.0
413.0,1.0
413.05,1.0
413.1,1.0
413.15000000000003,1.0
413.20000000000005,1.0
413.25,1.0
413.3,1.0
413.35,1.0
413.40000000000003,1.0
413.45000000000005,1.0
413.5,1.0
413.55,1.0
413.6,1.0
413.65000000000003,1.0
413.70000000000005,1.0
413.75,1.0
413.8,1.0
413.85,1.0
413.90000000000003,1.0
413.95000000000005,1.0
414.0,1.0
414.05,1.0
414.1,1.0
414.15000000000003,1.0
414.20000000000005,1.0
414.25,1.0
414.3,1.0
414.35,1.0
414.40000000000003,1.0
414.45000000000005,1.0
414.5,1.0
414.55,1.0
414.6,1.0
414.65000000000003,1.0
414.70000000000005,1.0
414.75,1.0
414.8,1.0
414.85,1.0
414.90000000000003,1.0
414.95000000000005,1.0
415.0,1.0
415.05,1.0
415.1,1.0
415.15000000000003,1.0
415.20000000000005,1.0
415.25,1.0
415.3,1.0
415.35,1.0
415.40000000000003,1.0
415.45000000000005,1.0
415.5,1.0
415.55,1.0
415.6,1.0
415.65000000000003,1.0
415.70000000000005,1.0
415.75,1.0
415.8,1.0
415.85,1.0
415.90000000000003,1.0
415.95000000000005,1.0
416.0,1.0
416.05,1.0
416.1,1.0
416.15000000000003,1.0
416.20000000000005,1.0
416.25,1.0
416.3,1.0
416.35,1.0
416.40000000000003,1.0
416.45000000000005,1.0
416.5,1.0
416.55,1.0
416.6,1.0
416.65000000000003,1.0
416.70000000000005,1.0
416.75,1.0
416.8,1.0
416.85,1.0
416.90000000000003,1.0
416.95000000000005,1.0
417.0,1.0
417.05,1.0
417.1,1.0
417.15000000000003,1.0
417.20000000000005,1.0
417.25,1.0
417.3,1.0
417.35,1.0
417.40000000000003,1.0
417.45000000000005,1.0
417.5,1.0
417.55,1.0
417.6,1.0
417.65000000000003,1.0
417.70000000000005,1.0
417.75,1.0
417.8,1.0
417.85,1.0
417.90000000000003,1.0
417.95000000000005,1.0
418.0,1.0
418.05,1.0
418.1,1.0
418.15000000000003,1.0
418.20000000000005,1.0
418.25,1.0
418.3,1.0
418.35,1.0
418.40000000000003,1.0
418.45000000000005,1.0
418.5,1.0
418.55,1.0
418.6,1.0
418.65000000000003,1.0
418.70000000000005,1.0
418.75,1.0
418.8,1.0
418.85,1.0
418.90000000000003,1.0
418.95000000000005,1.0
419.0,1.0
419.05,1.0
419.1,1.0
419.15000000000003,1.0
419.20000000000005,1.0
419.25,1.0
419.3,1.0
419.35,1.0
419.40000000000003,1.0
419.45000000000005,1.0
419.5,1.0
419.55,1.0
419.6,1.0
419.65000000000003,1.0
419.70000000000005,1.0
419.75,1.0
419.8,1.0
419.85,1.0
419.90000000000003,1.0
419.95000000000005,1.0
420.0,1.0
420.05,1.0
420.1,1.0
420.15000000000003,1.0
420.20000000000005,1.0
420.25,1.0
420.3,1.0
420.35,1.0
420.40000000000003,1.0
420.45000000000005,1.0
420.5,1.0
420.55,1.0
420.6,1.0
420.65000000000003,1.0
420.70000000000005,1.0
420.75,1.0
420.8,1.0
420.85,1.0
420.90000000000003,1.0
420.95000000000005,1.0
421.0,1.0
421.05,1.0
421.1,1.0
421.15000000000003,1.0
421.20000000000005,1.0
421.25,1.0
421.3,1.0
421.35,1.0
421.40000000000003,1.0
421.45000000000005,1.0
421.5,1.0
421.55,1.0
421.6,1.0
421.65000000000003,1.0
421.70000000000005,1.0
421.75,1.0
421.8,1.0
421.85,1.0
421.90000000000003,1.0
421.95000000000005,1.0
422.0,1.0
422.05,1.0
422.1,1.0
422.15000000000003,1.0
422.20000000000005,1.0
422.25,1.0
422.3,1.0
422.35,1.0
422.40000000000003,1.0
422.45000000000005,1.0
422.5,1.0
422.55,1.0
422.6,1.0
422.65000000000003,1.0
422.70000000000005,1.0
422.75,1.0
422.8,1.0
422.85,1.0
422.90000000000003,1.0
422.95000000000005,1.0
423.0,1.0
423.05,1.0
423.1,1.0
423.15000000000003,1.0
423.20000000000005,1.0
423.25,1.0
423.3,1.0
423.35,1.0
423.40000000000003,1.0
423.45000000000005,1.0
423.5,1.0
423.55,1.0
423.6,1.0
423.65000000000003,1.0
423.70000000000005,1.0
423.75,1.0
423.8,1.0
423.85,1.0
423.90000000000003,1.0
423.95000000000005,1.0
424.0,1.0
424.05,1.0
424.1,1.0
424.15000000000003,1.0
424.20000000000005,1.0
424.25,1.0
424.3,1.0
424.35,1.0
424.40000000000003,1.0
424.45000000000005,1.0
424.5,1.0
424.55,1.0
424.6,1.0
424.65000000000003,1.0
424.70000000000005,1.0
424.75,1.0
424.8,1.0
424.85,1.0
424.90000000000003,1.0
424.95000000000005,1.0
425.0,1.0
425.05,1.0
425.1,1.0
425.15000000000003,1.0
425.20000000000005,1.0
425.25,1.0
425.3,1.0
425.35,1.0
425.40000000000003,1.0
425.45000000000005,1.0
425.5,1.0
425.55,1.0
425.6,1.0
425.65000000000003,1.0
425.70000000000005,1.0
425.75,1.0
425.8,1.0
425.85,1.0
425.90000000000003,1.0
425.95000000000005,1.0
426.0,1.0
426.05,1.0
426.1,1.0
426.15000000000003,1.0
426.20000000000005,1.0
426.25,1.0
426.3,1.0
426.35,1.0
426.40000000000003,1.0
426.45000000000005,1.0
426.5,1.0
426.55,1.0
426.6,1.0
426.65000000000003,1.0
426.70000000000005,1.0
426.75,1.0
426.8,1.0
426.85,1.0
426.90000000000003,1.0
426.95000000000005,1.0
427.0,1.0
427.05,1.0
427.1,1.0
427.15000000000003,1.0
427.20000000000005,1.0
427.25,1.0
427.3,1.0
427.35,1.0
427.40000000000003,1.0
427.45000000000005,1.0
427.5,1.0
427.55,1.0
427.6,1.0
427.65000000000003,1.0
427.70000000000005,1.0
427.75,1.0
427.8,1.0
427.85,1.0
427.90000000000003,1.0
427.95000000000005,1.0
428.0,1.0
428.05,1.0
428.1,1.0
428.15000000000003,1.0
428.20000000000005,1.0
428.25,1.0
428.3,1.0
428.35,1.0
428.40000000000003,1.0
428.45000000000005,1.0
428.5,1.0
428.55,1.0
428.6,1.0
428.65000000000003,1.0
428.70000000000005,1.0
428.75,1.0
428.8,1.0
428.85,1.0
428.90000000000003,1.0
428.95000000000005,1.0
429.0,1.0
429.05,1.0
429.1,1.0
429.15000000000003,1.0
429.20000000000005,1.0
429.25,1.0
429.3,1.0
429.35,1.0
429.40000000000003,1.0
429.45000000000005,1.0
429.5,1.0
429.55,1.0
429.6,1.0
429.65000000000003,1.0
429.70000000000005,1.0
429.75,1.0
429.8,1.0
429.85,1.0
429.90000000000003,1.0
429.95000000000005,1.0
430.0,1.0
430.05,1.0
430.1,1.0
430.15000000000003,1.0
430.20000000000005,1.0
430.25,1.0
430.3,1.0
430.35,1.0
430.40000000000003,1.0
430.45000000000005,1.0
430.5,1.0
430.55,1.0
430.6,1.0
430.65000000000003,1.0
430.70000000000005,1.0
430.75,1.0
430.8,1.0
430.85,1.0
430.90000000000003,1.0
430.95000000000005,1.0
431.0,1.0
431.05,1.0
431.1,1.0
431.15000000000003,1.0
431.20000000000005,1.0
431.25,1.0
431.3,1.0
431.35,1.0
431.40000000000003,1.0
431.45000000000005,1.0
431.5,1.0
431.55,1.0
431.6,1.0
431.65000000000003,1.0
431.70000000000005,1.0
431.75,1.0
431.8,1.0
431.85,1.0
431.90000000000003,1.0
431.95000000000005,1.0
432.0,1.0
432.05,1.0
432.1,1.0
432.15000000000003,1.0
432.20000000000005,1.0
432.25,1.0
432.3,1.0
432.35,1.0
432.40000000000003,1.0
432.45000000000005,1.0
432.5,1.0
432.55,1.0
432.6,1.0
432.65000000000003,1.0
432.70000000000005,1.0
432.75,1.0
432.8,1.0
432.85,1.0
432.90000000000003,1.0
432.95000000000005,1.0
433.0,1.0
433.05,1.0
433.1,1.0
433.15000000000003,1.0
433.20000000000005,1.0
433.25,1.0
433.3,1.0
433.35,1.0
433.40000000000003,1.0
433.45000000000005,1.0
433.5,1.0
433.55,1.0
433.6,1.0
433.65000000000003,1.0
433.70000000000005,1.0
433.75,1.0
433.8,1.0
433.85,1.0
433.90000000000003,1.0
433.95000000000005,1.0
434.0,1.0
434.05,1.0
434.1,1.0
434.15000000000003,1.0
434.20000000000005,1.0
434.25,1.0
434.3,1.0
434.35,1.0
434.40000000000003,1.0
434.45000000000005,1.0
434.5,1.0
434.55,1.0
434.6,1.0
434.65000000000003,1.0
434.70000000000005,1.0
434.75,1.0
434.8,1.0
434.85,1.0
434.90000000000003,1.0
434.95000000000005,1.0
435.0,1.0
435.05,1.0
435.1,1.0
435.15000000000003,1.0
435.20000000000005,1.0
435.25,1.0
435.3,1.0
435.35,1.0
435.40000000000003,1.0
435.45000000000005,1.0
435.5,1.0
435.55,1.0
435.6,1.0
435.65000000000003,1.0
435.70000000000005,1.0
435.75,1.0
435.8,1.0
435.85,1.0
435.90000000000003,1.0
435.95000000000005,1.0
436.0,1.0
436.05,1.0
436.1,1.0
436.15000000000003,1.0
436.20000000000005,1.0
436.25,1.0
436.3,1.0
436.35,1.0
436.40000000000003,1.0
436.45000000000005,1.0
436.5,1.0
436.55,1.0
436.6,1.0
436.65000000000003,1.0
436.70000000000005,1.0
436.75,1.0
436.8,1.0
436.85,1.0
436.90000000000003,1.0
436.95000000000005,1.0
437.0,1.0
437.05,1.0
437.1,1.0
437.15000000000003,1.0
437.20000000000005,1.0
437.25,1.0
437.3,1.0
437.35,1.0
437.40000000000003,1.0
437.45000000000005,1.0
437.5,1.0
437.55,1.0
437.6,1.0
437.65000000000003,1.0
437.70000000000005,1.0
437.75,1.0
437.8,1.0
437.85,1.0
437.90000000000003,1.0
437.95000000000005,1.0
438.0,1.0
438.05,1.0
438.1,1.0
438.15000000000003,1.0
438.20000000000005,1.0
438.25,1.0
438.3,1.0
438.35,1.0
438.40000000000003,1.0
438.45000000000005,1.0
438.5,1.0
438.55,1.0
438.6,1.0
438.65000000000003,1.0
438.70000000000005,1.0
438.75,1.0
438.8,1.0
438.85,1.0
438.90000000000003,1.0
438.95000000000005,1.0
439.0,1.0
439.05,1.0
439.1,1.0
439.15000000000003,1.0
439.20000000000005,1.0
439.25,1.0
439.3,1.0
439.35,1.0
439.40000000000003,1.0
439.45000000000005,1.0
439.5,1.0
439.55,1.0
439.6,1.0
439.65000000000003,1.0
439.70000000000005,1.0
439.75,1.0
439.8,1.0
439.85,1.0
439.90000000000003,1.0
439.95000000000005,1.0
440.0,1.0
440.05,1.0
440.1,1.0
440.15000000000003,1.0
440.20000000000005,1.0
440.25,1.0
440.3,1.0
440.35,1.0
440.40000000000003,1.0
440.45000000000005,1.0
440.5,1.0
440.55,1.0
440.6,1.0
440.65000000000003,1.0
440.70000000000005,1.0
440.75,1.0
440.8,1.0
440.85,1.0
440.90000000000003,1.0
440.95000000000005,1.0
441.0,1.0
441.05,1.0
441.1,1.0
441.15000000000003,1.0
441.20000000000005,1.0
441.25,1.0
441.3,1.0
441.35,1.0
441.40000000000003,1.0
441.45000000000005,1.0
441.5,1.0
441.55,1.0
441.6,1.0
441.65000000000003,1.0
441.70000000000005,1.0
441.75,1.0
441.8,1.0
441.85,1.0
441.90000000000003,1.0
441.95000000000005,1.0
442.0,1.0
442.05,1.0
442.1,1.0
442.15000000000003,1.0
442.20000000000005,1.0
442.25,1.0
442.3,1.0
442.35,1.0
442.40000000000003,1.0
442.45000000000005,1.0
442.5,1.0
442.55,1.0
442.6,1.0
442.65000000000003,1.0
442.70000000000005,1.0
442.75,1.0
442.8,1.0
442.85,1.0
442.90000000000003,1.0
442.95000000000005,1.0
443.0,1.0
443.05,1.0
443.1,1.0
443.15000000000003,1.0
443.20000000000005,1.0
443.25,1.0
443.3,1.0
443.35,1.0
443.40000000000003,1.0
443.45000000000005,1.0
443.5,1.0
443.55,1.0
443.6,1.0
443.65000000000003,1.0
443.70000000000005,1.0
443.75,1.0
443.8,1.0
443.85,1.0
443.90000000000003,1.0
443.95000000000005,1.0
444.0,1.0
444.05,1.0
444.1,1.0
444.15000000000003,1.0
444.20000000000005,1.0
444.25,1.0
444.3,1.0
444.35,1.0
444.40000000000003,1.0
444.45000000000005,1.0
444.5,1.0
444.55,1.0
444.6,1.0
444.65000000000003,1.0
444.70000000000005,1.0
444.75,1.0
444.8,1.0
444.85,1.0
444.90000000000003,1.0
444.95000000000005,1.0
445.0,1.0
445.05,1.0
445.1,1.0
445.15000000000003,1.0
445.20000000000005,1.0
445.25,1.0
445.3,1.0
445.35,1.0
445.40000000000003,1.0
445.45000000000005,1.0
445.5,1.0
445.55,1.0
445.6,1.0
445.65000000000003,1.0
445.70000000000005,1.0
445.75,1.0
445.8,1.0
445.85,1.0
445.90000000000003,1.0
445.95000000000005,1.0
446.0,1.0
446.05,1.0
446.1,1.0
446.15000000000003,1.0
446.20000000000005,1.0
446.25,1.0
446.3,1.0
446.35,1.0
446.40000000000003,1.0
446.45000000000005,1.0
446.5,1.0
446.55,1.0
446.6,1.0
446.65000000000003,1.0
446.70000000000005,1.0
446.75,1.0
446.8,1.0
446.85,1.0
446.90000000000003,1.0
446.95000000000005,1.0
447.0,1.0
447.05,1.0
447.1,1.0
447.15000000000003,1.0
447.20000000000005,1.0
447.25,1.0
447.3,1.0
447.35,1.0
447.40000000000003,1.0
447.45000000000005,1.0
447.5,1.0
447.55,1.0
447.6,1.0
447.65000000000003,1.0
447.70000000000005,1.0
447.75,1.0
447.8,1.0
447.85,1.0
447.90000000000003,1.0
447.95000000000005,1.0
448.0,1.0
448.05,1.0
448.1,1.0
448.15000000000003,1.0
448.20000000000005,1.0
448.25,1.0
448.3,1.0
448.35,1.0
448.40000000000003,1.0
448.45000000000005,1.0
448.5,1.0
448.55,1.0
448.6,1.0
448.65000000000003,1.0
448.70000000000005,1.0
448.75,1.0
448.8,1.0
448.85,1.0
448.90000000000003,1.0
448.95000000000005,1.0
449.0,1.0
449.05,1.0
449.1,1.0
449.15000000000003,1.0
449.20000000000005,1.0
449.25,1.0
449.3,1.0
449.35,1.0
449.40000000000003,1.0
449.45000000000005,1.0
449.5,1.0
449.55,1.0
449.6,1.0
449.65000000000003,1.0
449.70000000000005,1.0
449.75,1.0
449.8,1.0
449.85,1.0
449.90000000000003,1.0
449.95000000000005,1.0
450.0,1.0
450.05,1.0
450.1,1.0
450.15000000000003,1.0
450.20000000000005,1.0
450.25,1.0
450.3,1.0
450.35,1.0
450.40000000000003,1.0
450.45000000000005,1.0
450.5,1.0
450.55,1.0
450.6,1.0
450.65000000000003,1.0
450.70000000000005,1.0
450.75,1.0
450.8,1.0
450.85,1.0
450.90000000000003,1.0
450.95000000000005,1.0
451.0,1.0
451.05,1.0
451.1,1.0
451.15000000000003,1.0
451.20000000000005,1.0
451.25,1.0
451.3,1.0
451.35,1.0
451.40000000000003,1.0
451.45000000000005,1.0
451.5,1.0
451.55,1.0
451.6,1.0
451.65000000000003,1.0
451.70000000000005,1.0
451.75,1.0
451.8,1.0
451.85,1.0
451.90000000000003,1.0
451.95000000000005,1.0
452.0,1.0
452.05,1.0
452.1,1.0
452.15000000000003,1.0
452.20000000000005,1.0
452.25,1.0
452.3,1.0
452.35,1.0
452.40000000000003,1.0
452.45000000000005,1.0
452.5,1.0
452.55,1.0
452.6,1.0
452.65000000000003,1.0
452.70000000000005,1.0
452.75,1.0
452.8,1.0
452.85,1.0
452.90000000000003,1.0
452.95000000000005,1.0
453.0,1.0
453.05,1.0
453.1,1.0
453.15000000000003,1.0
453.20000000000005,1.0
453.25,1.0
453.3,1.0
453.35,1.0
453.40000000000003,1.0
453.45000000000005,1.0
453.5,1.0
453.55,1.0
453.6,1.0
453.65000000000003,1.0
453.70000000000005,1.0
453.75,1.0
453.8,1.0
453.85,1.0
453.90000000000003,1.0
453.95000000000005,1.0
454.0,1.0
454.05,1.0
454.1,1.0
454.15000000000003,1.0
454.20000000000005,1.0
454.25,1.0
454.3,1.0
454.35,1.0
454.40000000000003,1.0
454.45000000000005,1.0
454.5,1.0
454.55,1.0
454.6,1.0
454.65000000000003,1.0
454.70000000000005,1.0
454.75,1.0
454.8,1.0
454.85,1.0
454.90000000000003,1.0
454.95000000000005,1.0
455.0,1.0
455.05,1.0
455.1,1.0
455.15000000000003,1.0
455.20000000000005,1.0
455.25,1.0
455.3,1.0
455.35,1.0
455.40000000000003,1.0
455.45000000000005,1.0
455.5,1.0
455.55,1.0
455.6,1.0
455.65000000000003,1.0
455.70000000000005,1.0
455.75,1.0
455.8,1.0
455.85,1.0
455.90000000000003,1.0
455.95000000000005,1.0
456.0,1.0
456.05,1.0
456.1,1.0
456.15000000000003,1.0
456.20000000000005,1.0
456.25,1.0
456.3,1.0
456.35,1.0
456.40000000000003,1.0
456.45000000000005,1.0
456.5,1.0
456.55,1.0
456.6,1.0
456.65000000000003,1.0
456.70000000000005,1.0
456.75,1.0
456.8,1.0
456.85,1.0
456.90000000000003,1.0
456.95000000000005,1.0
457.0,1.0
457.05,1.0
457.1,1.0
457.15000000000003,1.0
457.20000000000005,1.0
457.25,1.0
457.3,1.0
457.35,1.0
457.40000000000003,1.0
457.45000000000005,1.0
457.5,1.0
457.55,1.0
457.6,1.0
457.65000000000003,1.0
457.70000000000005,1.0
457.75,1.0
457.8,1.0
457.85,1.0
457.90000000000003,1.0
457.95000000000005,1.0
458.0,1.0
458.05,1.0
458.1,1.0
458.15000000000003,1.0
458.20000000000005,1.0
458.25,1.0
458.3,1.0
458.35,1.0
458.40000000000003,1.0
458.45000000000005,1.0
458.5,1.0
458.55,1.0
458.6,1.0
458.65000000000003,1.0
458.70000000000005,1.0
458.75,1.0
458.8,1.0
458.85,1.0
458.90000000000003,1.0
458.95000000000005,1.0
459.0,1.0
459.05,1.0
459.1,1.0
459.15000000000003,1.0
459.20000000000005,1.0
459.25,1.0
459.3,1.0
459.35,1.0
459.40000000000003,1.0
459.45000000000005,1.0
459.5,1.0
459.55,1.0
459.6,1.0
459.65000000000003,1.0
459.70000000000005,1.0
459.75,1.0
459.8,1.0
459.85,1.0
459.90000000000003,1.0
459.95000000000005,1.0
460.0,1.0
460.05,1.0
460.1,1.0
460.15000000000003,1.0
460.20000000000005,1.0
460.25,1.0
460.3,1.0
460.35,1.0
460.40000000000003,1.0
460.45000000000005,1.0
460.5,1.0
460.55,1.0
460.6,1.0
460.65000000000003,1.0
460.70000000000005,1.0
460.75,1.0
460.8,1.0
460.85,1.0
460.90000000000003,1.0
460.95000000000005,1.0
461.0,1.0
461.05,1.0
461.1,1.0
461.15000000000003,1.0
461.20000000000005,1.0
461.25,1.0
461.3,1.0
461.35,1.0
461.40000000000003,1.0
461.45000000000005,1.0
461.5,1.0
461.55,1.0
461.6,1.0
461.65000000000003,1.0
461.70000000000005,1.0
461.75,1.0
461.8,1.0
461.85,1.0
461.90000000000003,1.0
461.95000000000005,1.0
462.0,1.0
462.05,1.0
462.1,1.0
462.15000000000003,1.0
462.20000000000005,1.0
462.25,1.0
462.3,1.0
462.35,1.0
462.40000000000003,1.0
462.45000000000005,1.0
462.5,1.0
462.55,1.0
462.6,1.0
462.65000000000003,1.0
462.70000000000005,1.0
462.75,1.0
462.8,1.0
462.85,1.0
462.90000000000003,1.0
462.95000000000005,1.0
463.0,1.0
463.05,1.0
463.1,1.0
463.15000000000003,1.0
463.20000000000005,1.0
463.25,1.0
463.3,1.0
463.35,1.0
463.40000000000003,1.0
463.45000000000005,1.0
463.5,1.0
463.55,1.0
463.6,1.0
463.65000000000003,1.0
463.70000000000005,1.0
463.75,1.0
463.8,1.0
463.85,1.0
463.90000000000003,1.0
463.95000000000005,1.0
464.0,1.0
464.05,1.0
464.1,1.0
464.15000000000003,1.0
464.20000000000005,1.0
464.25,1.0
464.3,1.0
464.35,1.0
464.40000000000003,1.0
464.45000000000005,1.0
464.5,1.0
464.55,1.0
464.6,1.0
464.65000000000003,1.0
464.70000000000005,1.0
464.75,1.0
464.8,1.0
464.85,1.0
464.90000000000003,1.0
464.95000000000005,1.0
465.0,1.0
465.05,1.0
465.1,1.0
465.15000000000003,1.0
465.20000000000005,1.0
465.25,1.0
465.3,1.0
465.35,1.0
465.40000000000003,1.0
465.45000000000005,1.0
465.5,1.0
465.55,1.0
465.6,1.0
465.65000000000003,1.0
465.70000000000005,1.0
465.75,1.0
465.8,1.0
465.85,1.0
465.90000000000003,1.0
465.95000000000005,1.0
466.0,1.0
466.05,1.0
466.1,1.0
466.15000000000003,1.0
466.20000000000005,1.0
466.25,1.0
466.3,1.0
466.35,1.0
466.40000000000003,1.0
466.45000000000005,1.0
466.5,1.0
466.55,1.0
466.6,1.0
466.65000000000003,1.0
466.70000000000005,1.0
466.75,1.0
466.8,1.0
466.85,1.0
466.90000000000003,1.0
466.95000000000005,1.0
467.0,1.0
467.05,1.0
467.1,1.0
467.15000000000003,1.0
467.20000000000005,1.0
467.25,1.0
467.3,1.0
467.35,1.0
467.40000000000003,1.0
467.45000000000005,1.0
467.5,1.0
467.55,1.0
467.6,1.0
467.65000000000003,1.0
467.70000000000005,1.0
467.75,1.0
467.8,1.0
467.85,1.0
467.90000000000003,1.0
467.95000000000005,1.0
468.0,1.0
468.05,1.0
468.1,1.0
468.15000000000003,1.0
468.20000000000005,1.0
468.25,1.0
468.3,1.0
468.35,1.0
468.40000000000003,1.0
468.45000000000005,1.0
468.5,1.0
468.55,1.0
468.6,1.0
468.65000000000003,1.0
468.70000000000005,1.0
468.75,1.0
468.8,1.0
468.85,1.0
468.90000000000003,1.0
468.95000000000005,1.0
469.0,1.0
469.05,1.0
469.1,1.0
469.15000000000003,1.0
469.20000000000005,1.0
469.25,1.0
469.3,1.0
469.35,1.0
469.40000000000003,1.0
469.45000000000005,1.0
469.5,1.0
469.55,1.0
469.6,1.0
469.65000000000003,1.0
469.70000000000005,1.0
469.75,1.0
469.8,1.0
469.85,1.0
469.90000000000003,1.0
469.95000000000005,1.0
470.0,1.0
470.05,1.0
470.1,1.0
470.15000000000003,1.0
470.20000000000005,1.0
470.25,1.0
470.3,1.0
470.35,1.0
470.40000000000003,1.0
470.45000000000005,1.0
470.5,1.0
470.55,1.0
470.6,1.0
470.65000000000003,1.0
470.70000000000005,1.0
470.75,1.0
470.8,1.0
470.85,1.0
470.90000000000003,1.0
470.95000000000005,1.0
471.0,1.0
471.05,1.0
471.1,1.0
471.15000000000003,1.0
471.20000000000005,1.0
471.25,1.0
471.3,1.0
471.35,1.0
471.40000000000003,1.0
471.45000000000005,1.0
471.5,1.0
471.55,1.0
471.6,1.0
471.65000000000003,1.0
471.70000000000005,1.0
471.75,1.0
471.8,1.0
471.85,1.0
471.90000000000003,1.0
471.95000000000005,1.0
472.0,1.0
472.05,1.0
472.1,1.0
472.15000000000003,1.0
472.20000000000005,1.0
472.25,1.0
472.3,1.0
472.35,1.0
472.40000000000003,1.0
472.45000000000005,1.0
472.5,1.0
472.55,1.0
472.6,1.0
472.65000000000003,1.0
472.70000000000005,1.0
472.75,1.0
472.8,1.0
472.85,1.0
472.90000000000003,1.0
472.95000000000005,1.0
473.0,1.0
473.05,1.0
473.1,1.0
473.15000000000003,1.0
473.20000000000005,1.0
473.25,1.0
473.3,1.0
473.35,1.0
473.40000000000003,1.0
473.45000000000005,1.0
473.5,1.0
473.55,1.0
473.6,1.0
473.65000000000003,1.0
473.70000000000005,1.0
473.75,1.0
473.8,1.0
473.85,1.0
473.90000000000003,1.0
473.95000000000005,1.0
474.0,1.0
474.05,1.0
474.1,1.0
474.15000000000003,1.0
474.20000000000005,1.0
474.25,1.0
474.3,1.0
474.35,1.0
474.40000000000003,1.0
474.45000000000005,1.0
474.5,1.0
474.55,1.0
474.6,1.0
474.65000000000003,1.0
474.70000000000005,1.0
474.75,1.0
474.8,1.0
474.85,1.0
474.90000000000003,1.0
474.95000000000005,1.0
475.0,1.0
475.05,1.0
475.1,1.0
475.15000000000003,1.0
475.20000000000005,1.0
475.25,1.0
475.3,1.0
475.35,1.0
475.40000000000003,1.0
475.45000000000005,1.0
475.5,1.0
475.55,1.0
475.6,1.0
475.65000000000003,1.0
475.70000000000005,1.0
475.75,1.0
475.8,1.0
475.85,1.0
475.90000000000003,1.0
475.95000000000005,1.0
476.0,1.0
476.05,1.0
476.1,1.0
476.15000000000003,1.0
476.20000000000005,1.0
476.25,1.0
476.3,1.0
476.35,1.0
476.40000000000003,1.0
476.45000000000005,1.0
476.5,1.0
476.55,1.0
476.6,1.0
476.65000000000003,1.0
476.70000000000005,1.0
476.75,1.0
476.8,1.0
476.85,1.0
476.90000000000003,1.0
476.95000000000005,1.0
477.0,1.0
477.05,1.0
477.1,1.0
477.15000000000003,1.0
477.20000000000005,1.0
477.25,1.0
477.3,1.0
477.35,1.0
477.40000000000003,1.0
477.45000000000005,1.0
477.5,1.0
477.55,1.0
477.6,1.0
477.65000000000003,1.0
477.70000000000005,1.0
477.75,1.0
477.8,1.0
477.85,1.0
477.90000000000003,1.0
477.95000000000005,1.0
478.0,1.0
478.05,1.0
478.1,1.0
478.15000000000003,1.0
478.20000000000005,1.0
478.25,1.0
478.3,1.0
478.35,1.0
478.40000000000003,1.0
478.45000000000005,1.0
478.5,1.0
478.55,1.0
478.6,1.0
478.65000000000003,1.0
478.70000000000005,1.0
478.75,1.0
478.8,1.0
478.85,1.0
478.90000000000003,1.0
478.95000000000005,1.0
479.0,1.0
479.05,1.0
479.1,1.0
479.15000000000003,1.0
479.20000000000005,1.0
479.25,1.0
479.3,1.0
479.35,1.0
479.40000000000003,1.0
479.45000000000005,1.0
479.5,1.0
479.55,1.0
479.6,1.0
479.65000000000003,1.0
479.70000000000005,1.0
479.75,1.0
479.8,1.0
479.85,1.0
479.90000000000003,1.0
479.95000000000005,1.0
480.0,1.0
