,GA_HospFirst
0.0,0.11364012789427683
0.05,0.1136609565274661
0.1,0.11375400203903409
0.15000000000000002,0.11385125037613117
0.2,0.11395207030553692
0.25,0.11405656626741759
0.30000000000000004,0.11416484384627965
0.35000000000000003,0.11427700966193179
0.4,0.1144394269963935
0.45,0.11461276476435732
0.5,0.1147921836054433
0.55,0.11499152748557392
0.6000000000000001,0.11526313444801072
0.65,0.11556201218714776
0.7000000000000001,0.11589082712273488
0.75,0.11624766382479863
0.8,0.11662071558121062
0.8500000000000001,0.11701790407925919
0.9,0.11742767455452058
0.9500000000000001,0.11785031781600741
1.0,0.1182861246204466
1.05,0.11873538526091115
1.1,0.1192045281620652
1.1500000000000001,0.11969330999561445
1.2000000000000002,0.12020221607689091
1.25,0.1207328548038952
1.3,0.12127892980012583
1.35,0.12184072915298041
1.4000000000000001,0.12241853731427471
1.4500000000000002,0.1230126345894365
1.5,0.12362329661894339
1.55,0.12425079385320001
1.6,0.1248953910221153
1.6500000000000001,0.12555734660069995
1.7000000000000002,0.12623691227206152
1.75,0.12693433238922652
1.8,0.1276498434372691
1.85,0.12838367349726768
1.9000000000000001,0.12913604171365153
1.9500000000000002,0.12990715776653156
2.0,0.13069722135063785
2.0500000000000003,0.13150642166250778
2.1,0.13233493689758394
2.15,0.1331829337588905
2.2,0.13405056697895745
2.25,0.1349379788566577
2.3000000000000003,0.13584529881061094
2.35,0.13677264295078617
2.4000000000000004,0.13772011366991088
2.45,0.138687799256258
2.5,0.13967577352934235
2.5500000000000003,0.14068409550000782
2.6,0.14171280905632966
2.6500000000000004,0.14276194267669542
2.7,0.14383150917135273
2.75,0.14492150545364008
2.8000000000000003,0.14603191234202773
2.85,0.1471626943940083
2.9000000000000004,0.14831379977277914
2.95,0.14948516014755664
3.0,0.15067669062825484
3.0500000000000003,0.15188828973514842
3.1,0.15311983940402463
3.1500000000000004,0.1543712050272073
3.2,0.15564223553071208
3.25,0.15693276348766633
3.3000000000000003,0.15824260526799924
3.35,0.15957156122427474
3.4000000000000004,0.16091941591341186
3.45,0.16228593835390387
3.5,0.16367088231801644
3.5500000000000003,0.16507398665831607
3.6,0.16649497566774982
3.6500000000000004,0.16793355947237346
3.7,0.16938943445569832
3.75,0.17086228371351164
3.8000000000000003,0.17235177753790587
3.85,0.17385757392914353
3.9000000000000004,0.175379319133878
3.95,0.1769166482081514
4.0,0.17846918560349662
4.05,0.18003654577438516
4.1000000000000005,0.1816183338051826
4.15,0.1832141460547031
4.2,0.18482357081638995
4.25,0.18644618899209586
4.3,0.1880815747773897
4.3500000000000005,0.18972929635627991
4.4,0.19138891660321633
4.45,0.19305999379021505
4.5,0.1947420822969397
4.55,0.19643473332157405
4.6000000000000005,0.1981374955903303
4.65,0.19984991606345587
4.7,0.2015715406356296
4.75,0.20330191482867513
4.800000000000001,0.20504058447456572
4.8500000000000005,0.2067870963867478
4.9,0.20854099901787387
4.95,0.21030184310210553
5.0,0.21206918228022395
5.050000000000001,0.21384257370587195
5.1000000000000005,0.215621578631339
5.15,0.21740576297140313
5.2,0.21919469784383927
5.25,0.2209879600853175
5.300000000000001,0.22278513274152112
5.3500000000000005,0.2245858055304326
5.4,0.22638957527785233
5.45,0.22819604632433732
5.5,0.23000483090286677
5.550000000000001,0.23181554948666816
5.6000000000000005,0.2336278311067595
5.65,0.2354413136388886
5.7,0.2372556440596727
5.75,0.2390704786718642
5.800000000000001,0.2408854832987889
5.8500000000000005,0.24270033344811953
5.9,0.2445147144452628
5.95,0.2463283215367491
6.0,0.2481408599641209
6.050000000000001,0.24995204500891866
6.1000000000000005,0.25176160200945896
6.15,0.2535692663501962
6.2,0.25537478342454056
6.25,0.257177908572089
6.300000000000001,0.25897840699130004
6.3500000000000005,0.26077605362871037
6.4,0.2625735105724353
6.45,0.2643768118837986
6.5,0.2661769125469128
6.550000000000001,0.2679736300454877
6.6000000000000005,0.2697667907921156
6.65,0.2715562299001621
6.7,0.2733417909410622
6.75,0.2751233256884169
6.800000000000001,0.2769006938502945
6.8500000000000005,0.278673762791139
6.9,0.2804424072446854
6.95,0.2822065090192646
7.0,0.28396595669686925
7.050000000000001,0.2857206453273212
7.1000000000000005,0.2874704761188613
7.15,0.28922102579889786
7.2,0.29096839370524785
7.25,0.292710848999033
7.300000000000001,0.29444831918503395
7.3500000000000005,0.296180736415851
7.4,0.29790803718303027
7.45,0.29963016201242926
7.5,0.30134756836915444
7.550000000000001,0.303073850183773
7.6000000000000005,0.30479586414679793
7.65,0.3065130665972528
7.7,0.30822543020228665
7.75,0.30993293015409207
7.800000000000001,0.31163554390161574
7.8500000000000005,0.31333325089119624
7.9,0.315026032316562
7.95,0.3167138708785673
8.0,0.3183967505549829
8.05,0.3200746563806046
8.1,0.3217475742378876
8.15,0.32341549065826075
8.200000000000001,0.3250825465789915
8.25,0.3267504219717292
8.3,0.32841364926733463
8.35,0.33010487619941664
8.4,0.33179562724441536
8.450000000000001,0.3334833761501768
8.5,0.3351764139042351
8.55,0.33687609414968295
8.6,0.3385911692946523
8.65,0.3403055326857999
8.700000000000001,0.3420181325431103
8.75,0.3437290420285569
8.8,0.34543833393574663
8.85,0.34714608052604345
8.9,0.34885235336753434
8.950000000000001,0.3505824648170631
9.0,0.35231728691601594
9.05,0.3540577031886962
9.1,0.35581558065738345
9.15,0.3576053471557909
9.200000000000001,0.3594229146271984
9.25,0.3612517372647052
9.3,0.36309039917156444
9.35,0.36493582075750775
9.4,0.36678542549744736
9.450000000000001,0.3686396072254753
9.5,0.3704997656953182
9.55,0.37236509411611923
9.600000000000001,0.37423553219330924
9.65,0.3761111896416994
9.700000000000001,0.3779922486531433
9.75,0.3798788881834956
9.8,0.38177128359163914
9.850000000000001,0.38366960627226454
9.9,0.38557402328304075
9.950000000000001,0.3874846969668859
10.0,0.3894017845701133
10.05,0.39132543785729734
10.100000000000001,0.39325580272376787
10.15,0.3951930188066987
10.200000000000001,0.39713721909581734
10.25,0.39908883010264073
10.3,0.4010481775686334
10.350000000000001,0.40302416212030545
10.4,0.40501385316417743
10.450000000000001,0.40701150386357016
10.5,0.40901720848715917
10.55,0.4110310521019992
10.600000000000001,0.4130531102172381
10.65,0.4150929859204075
10.700000000000001,0.41717674213378164
10.75,0.419270820680405
10.8,0.4213753195775705
10.850000000000001,0.42349032650830953
10.9,0.4256159184756799
10.950000000000001,0.42775216147004136
11.0,0.42989911015053706
11.05,0.43205705243451975
11.100000000000001,0.4342274392843376
11.15,0.43640871827115935
11.200000000000001,0.43860089924244955
11.25,0.4408039794217353
11.3,0.4430179431950364
11.350000000000001,0.44524276191876877
11.4,0.44747839375000886
11.450000000000001,0.4497247834999467
11.5,0.4519818625112873
11.55,0.4542495485602943
11.600000000000001,0.4565277457840897
11.65,0.4588163446337569
11.700000000000001,0.4611152218537051
11.75,0.4634242404876794
11.8,0.4657432499117098
11.850000000000001,0.4680727015653365
11.9,0.47041730898200157
11.950000000000001,0.4727734325232028
12.0,0.47513916903849995
12.05,0.4775175160658267
12.100000000000001,0.47990760307731406
12.15,0.48230683888241904
12.200000000000001,0.48471498547620945
12.25,0.4871324793458426
12.3,0.48956271280970876
12.350000000000001,0.492001224209327
12.4,0.4944530991733001
12.450000000000001,0.4969228605476306
12.5,0.49940319816539963
12.55,0.5018919175806037
12.600000000000001,0.5043880094548272
12.65,0.5068911590378461
12.700000000000001,0.50940104302461
12.75,0.5119173299903648
12.8,0.5144396808389142
12.850000000000001,0.5169677530355609
12.9,0.5195011914133735
12.950000000000001,0.5220396352749025
13.0,0.5245827195493771
13.05,0.5271300738891364
13.100000000000001,0.5296813231700631
13.15,0.5322360879961296
13.200000000000001,0.5347939852067405
13.25,0.5373546283855577
13.3,0.5399176283695175
13.350000000000001,0.5424825937567569
13.4,0.5450491314121924
13.450000000000001,0.547617228723869
13.5,0.5501863562045739
13.55,0.5527558997366179
13.600000000000001,0.555325465195075
13.65,0.5578946591851932
13.700000000000001,0.56046308950824
13.75,0.5630303656171483
13.8,0.5655960990610371
13.850000000000001,0.5681599039177342
13.9,0.5707213972134975
13.950000000000001,0.5732801993291827
14.0,0.575835934392166
14.05,0.5783882306534028
14.100000000000001,0.5809376736400642
14.15,0.5834841012508178
14.200000000000001,0.5860260421455096
14.25,0.5885631450917271
14.3,0.5910950646291055
14.350000000000001,0.5936214613474532
14.4,0.5961420021474059
14.450000000000001,0.598656360483483
14.5,0.6011649524399629
14.55,0.6036672107726194
14.600000000000001,0.6061624075515906
14.65,0.6086502466309177
14.700000000000001,0.6111304393970269
14.75,0.6136027049041859
14.8,0.6160667699928737
14.850000000000001,0.6185238792146618
14.9,0.6209735246847543
14.950000000000001,0.6234149519894576
15.0,0.6258472979663428
15.05,0.6282721372572639
15.100000000000001,0.6306889115592087
15.15,0.6330960441000255
15.200000000000001,0.6354933329788254
15.25,0.6378805844946314
15.3,0.6402576131086688
15.350000000000001,0.642624241394161
15.4,0.6449802999742217
15.450000000000001,0.6473256274484409
15.5,0.6496609939900342
15.55,0.6519855860922588
15.600000000000001,0.6542990636618504
15.65,0.6566012981415309
15.700000000000001,0.6588921684587945
15.75,0.6611715608950435
15.8,0.6634393689475018
15.850000000000001,0.6656954931845098
15.9,0.6679398410947712
15.950000000000001,0.6701723269311375
16.0,0.6723928715494858
16.05,0.6746014022432444
16.1,0.6767978525741005
16.150000000000002,0.6789821939947149
16.2,0.6811546505440109
16.25,0.6833148690937049
16.3,0.685462806600966
16.35,0.6875984254055669
16.400000000000002,0.6897216930480464
16.45,0.6918330745159011
16.5,0.6939454188624457
16.55,0.6960552577635197
16.6,0.6981745758567399
16.650000000000002,0.7002833958260397
16.7,0.7023817762205526
16.75,0.7044697802797881
16.8,0.7065474756817192
16.85,0.7086186135570064
16.900000000000002,0.7106882289286252
16.95,0.7127482758883086
17.0,0.7147988539045091
17.05,0.7168400657995676
17.1,0.7188720174480132
17.150000000000002,0.7208948175070419
17.2,0.722908577120674
17.25,0.7249134096277612
17.3,0.7269094302681407
17.35,0.7288967558872701
17.400000000000002,0.7308755046396862
17.45,0.732845795691667
17.5,0.7348077489234597
17.55,0.7367614846314939
17.6,0.7387071232309886
17.650000000000002,0.7406447849593883
17.7,0.7425745895810907
17.75,0.7444966560939262
17.8,0.7464111024378852
17.85,0.7483180452065912
17.900000000000002,0.7502175993620392
17.95,0.752109877953134
18.0,0.7539949918385682
18.05,0.7558730494145969
18.1,0.7577441563482782
18.150000000000002,0.7596084153167384
18.2,0.7614659257530586
18.25,0.7633167835993468
18.3,0.7651610810675888
18.35,0.7669989064088525
18.400000000000002,0.7688303436914312
18.45,0.77065547258849
18.5,0.7724743681757883
18.55,0.7742871007400196
18.6,0.7760937355983224
18.650000000000002,0.7778943329294699
18.7,0.7796889476172518
18.75,0.7814776291065273
18.8,0.7832604212724015
18.85,0.7850373623029602
18.900000000000002,0.7868084845959619
18.95,0.788573814669848
19.0,0.7903333730894149
19.05,0.7920871744064273
19.1,0.7938352271154434
19.150000000000002,0.7955775336250586
19.200000000000003,0.7973140902447351
19.25,0.7990448871873539
19.3,0.8007699085875561
19.35,0.8024891325359129
19.400000000000002,0.8042025311289035
19.450000000000003,0.8059100705346307
19.5,0.8076117110741587
19.55,0.8093074073183049
19.6,0.8109971081996536
19.650000000000002,0.8126807571395358
19.700000000000003,0.8143582921896348
19.75,0.8160296461878565
19.8,0.8176947469280306
19.85,0.8193535173429787
19.900000000000002,0.8210058757004213
19.950000000000003,0.8226517358111674
20.0,0.8242910072489684
20.05,0.825923595581392
20.1,0.82754940261102
20.150000000000002,0.8291683266262468
20.200000000000003,0.8307802626609124
20.25,0.8323851027619757
20.3,0.8339827362644096
20.35,0.8355730500724643
20.400000000000002,0.8371559289464311
20.450000000000003,0.8387312557940212
20.5,0.8402989119654483
20.55,0.8418587775513067
20.6,0.8434107316823224
20.650000000000002,0.8449546528300399
20.700000000000003,0.8464904191075375
20.75,0.8480179085692262
20.8,0.8495369995088385
20.85,0.8510475707546824
20.900000000000002,0.8525495019612906
20.950000000000003,0.8540426738965823
21.0,0.8555269687236919
21.05,0.8570022702766471
21.1,0.8584684643290962
21.150000000000002,0.8599254388553264
21.200000000000003,0.8613730842828474
21.25,0.8628112937358464
21.3,0.8642399632688712
21.35,0.865658992090129
21.400000000000002,0.8670682827738472
21.450000000000003,0.8684677414611743
21.5,0.869857278049156
21.55,0.8712368063673723
21.6,0.8726062443418667
21.650000000000002,0.8739655141460563
21.700000000000003,0.8753145423383552
21.75,0.8766532599863126
21.8,0.8779816027770964
21.85,0.8792995111142308
21.900000000000002,0.8806069302005313
21.950000000000003,0.8819038101072398
22.0,0.8831901058294103
22.05,0.8844657773276485
22.1,0.8857307895563575
22.150000000000002,0.8869851124786812
22.200000000000003,0.8882287210683943
22.25,0.8894615952990208
22.3,0.8906837201205068
22.35,0.8918950854238202
22.400000000000002,0.8930956859938701
22.450000000000003,0.8942855214511892
22.5,0.8954645961828458
22.55,0.8966329192630766
22.6,0.8977905043641711
22.650000000000002,0.8989373696581433
22.700000000000003,0.9000735377097626
22.75,0.9011990353615204
22.8,0.9023138936111355
22.85,0.9034181474821942
22.900000000000002,0.9045118358885533
22.950000000000003,0.9055950014931174
23.0,0.9066676905616174
23.05,0.9077299528120127
23.1,0.9087818412601378
23.150000000000002,0.9098234120622024
23.200000000000003,0.910854724354764
23.25,0.9118758400927505
23.3,0.9128868238861351
23.35,0.9138877428358179
23.400000000000002,0.9148786663692744
23.450000000000003,0.9158596660764982
23.5,0.9168308155467554
23.55,0.917792190206643
23.6,0.9187438671599106
23.650000000000002,0.9196859250295022
23.700000000000003,0.920618443802224
23.75,0.9215415046764404
23.8,0.9224551899131574
23.85,0.9233595826908322
23.900000000000002,0.9242547669642234
23.950000000000003,0.9251408273275543
24.0,0.9260178488822552
24.05,0.9268859171094972
24.1,0.9277451177477247
24.150000000000002,0.9285955366753518
24.200000000000003,0.9294372597987659
24.25,0.9302703729457529
24.3,0.9310949617644368
24.35,0.9319111116277947
24.400000000000002,0.9327189075437887
24.450000000000003,0.9335184340711344
24.5,0.9343097752406899
24.55,0.9350930144824525
24.6,0.9358682345581032
24.650000000000002,0.9366355174990377
24.700000000000003,0.9373949445497979
24.75,0.938146596116805
24.8,0.9388905517222742
24.85,0.9396268899631804
24.900000000000002,0.9403556884751348
24.950000000000003,0.9410770239010144
25.0,0.9417909718641807
25.05,0.9424976069461111
25.1,0.9431970026682635
25.150000000000002,0.9438892314779852
25.200000000000003,0.9445743647382709
25.25,0.9452524727211742
25.3,0.9459236246046684
25.35,0.9465878884727573
25.400000000000002,0.9472453313186295
25.450000000000003,0.9478960190506516
25.5,0.9485400165010016
25.55,0.9491773874367329
25.6,0.9498081945730807
25.650000000000002,0.9504324995888057
25.700000000000003,0.9510503631433879
25.75,0.9516618448958833
25.8,0.9522670035252612
25.85,0.9528658967520441
25.900000000000002,0.9534585813610831
25.950000000000003,0.954045113225301
26.0,0.9546255473302491
26.05,0.9551999377993252
26.1,0.9557683379195161
26.150000000000002,0.9563308001675166
26.200000000000003,0.9568873762361121
26.25,0.9574381170606945
26.3,0.9579830728458019
26.35,0.9585222930915793
26.400000000000002,0.9590558266200606
26.450000000000003,0.9595837216011822
26.5,0.9601060255784493
26.55,0.9606227854941751
26.6,0.9611340477142318
26.650000000000002,0.9616398580522447
26.700000000000003,0.9621402617931826
26.75,0.962635303716294
26.8,0.9631250281173456
26.85,0.9636094788301334
26.900000000000002,0.9640886992472323
26.950000000000003,0.9645627323399627
27.0,0.9650316206775534
27.05,0.9654954064454885
27.1,0.9659541314630292
27.150000000000002,0.9664078371999023
27.200000000000003,0.966856564792159
27.25,0.9673003550572014
27.3,0.9677392485079876
27.35,0.9681732853664221
27.400000000000002,0.9686025055759403
27.450000000000003,0.969026948813309
27.5,0.9694466544996512
27.55,0.9698616618107225
27.6,0.9702720096864512
27.650000000000002,0.9706777368397707
27.700000000000003,0.9710788817647619
27.75,0.9714754827441406
27.8,0.9718675778560987
27.85,0.9722552049805426
27.900000000000002,0.972638401804743
27.950000000000003,0.9730172058284305
28.0,0.9733916543683612
28.05,0.9737617845623786
28.1,0.9741276333730042
28.150000000000002,0.974489237590576
28.200000000000003,0.9748466338359701
28.25,0.9751998585629251
28.3,0.9755489480599995
28.35,0.9758939384521864
28.400000000000002,0.9762348657022072
28.450000000000003,0.976571765611514
28.5,0.9769046738210191
28.55,0.9772336258115767
28.6,0.9775586569042358
28.650000000000002,0.97787980226029
28.700000000000003,0.9781970968811373
28.75,0.9785105756079755
28.8,0.9788202731213479
28.85,0.979126223940552
28.900000000000002,0.97942846242294
28.950000000000003,0.9797270227631135
29.0,0.9800219389920324
29.05,0.9803132449760505
29.1,0.9806009744158948
29.150000000000002,0.9808851608455895
29.200000000000003,0.9811658376313498
29.25,0.9814430379704409
29.3,0.9817167948900245
29.35,0.9819871412459943
29.400000000000002,0.9822541097218065
29.450000000000003,0.9825177328273169
29.5,0.9827780428976343
29.55,0.9830350720919833
29.6,0.9832888523925949
29.650000000000002,0.983539415603623
29.700000000000003,0.9837867933500906
29.75,0.9840310170768729
29.8,0.9842721180477149
29.85,0.984510127344292
29.900000000000002,0.9847450758653118
29.950000000000003,0.9849769943256586
30.0,0.9852059132555855
30.05,0.9854318629999512
30.1,0.9856548737175039
30.150000000000002,0.9858749753802132
30.200000000000003,0.9860921977726509
30.25,0.9863065704914161
30.3,0.9865181229446108
30.35,0.9867268843513601
30.400000000000002,0.9869328837413817
30.450000000000003,0.9871361499545945
30.5,0.9873367116407799
30.55,0.9875345972592795
30.6,0.9877298350787396
30.650000000000002,0.9879224531768946
30.700000000000003,0.9881124794403879
30.75,0.9882999415646394
30.8,0.9884848670537382
30.85,0.9886672832203818
30.900000000000002,0.9888472171858428
30.950000000000003,0.9890246958799702
31.0,0.9891997460412245
31.05,0.9893723942167362
31.1,0.9895426667624017
31.150000000000002,0.9897105898429985
31.200000000000003,0.9898761894323314
31.25,0.9900394913133985
31.3,0.9902005210785851
31.35,0.9903593041298762
31.400000000000002,0.9905158656790904
31.450000000000003,0.9906702307481345
31.5,0.9908224241692758
31.55,0.9909724705854306
31.6,0.9911203944504708
31.650000000000002,0.9912662200295467
31.700000000000003,0.9914099713994198
31.75,0.9915516724488176
31.8,0.9916913468787913
31.85,0.9918290182030945
31.900000000000002,0.9919647097485682
31.950000000000003,0.9920984446555399
32.0,0.9922302458782306
32.050000000000004,0.9923601361851733
32.1,0.9924881381596405
32.15,0.9926142742000827
32.2,0.9927385665205707
32.25,0.992861037151251
32.300000000000004,0.9929817079388086
32.35,0.9931006005469354
32.4,0.993217736456808
32.45,0.9933331369675735
32.5,0.99344682319684
32.550000000000004,0.9935588160811779
32.6,0.9936691363766267
32.65,0.9937778046592067
32.7,0.9938848413254435
32.75,0.9939902665928935
32.800000000000004,0.9940941005006801
32.85,0.9941963629100375
32.9,0.994297073504858
32.95,0.9943962517922516
33.0,0.994493917103109
33.050000000000004,0.9945900885926746
33.1,0.9946847852411269
33.15,0.9947780258541631
33.2,0.9948698290635969
33.25,0.9949602133279623
33.300000000000004,0.9950491969331217
33.35,0.9951367979928891
33.4,0.9952230344496557
33.45,0.9953079240750258
33.5,0.9953914844704644
33.550000000000004,0.9954737330679475
33.6,0.9955546871306267
33.65,0.9956343637534991
33.7,0.9957127798640891
33.75,0.9957899522231349
33.800000000000004,0.9958658974252905
33.85,0.9959406318998297
33.9,0.9960141719113667
33.95,0.9960865335605794
34.0,0.9961577327849467
34.050000000000004,0.9962277853594932
34.1,0.9962967068975432
34.15,0.996364512851485
34.2,0.9964312185135455
34.25,0.9964968390165698
34.300000000000004,0.9965613893348175
34.35,0.9966248842847607
34.4,0.9966873385258967
34.45,0.9967487665615673
34.5,0.9968091827397876
34.550000000000004,0.9968686012540865
34.6,0.9969270361443501
34.65,0.9969845012976822
34.7,0.9970410104492651
34.75,0.9970965771832357
34.800000000000004,0.9971512149335662
34.85,0.9972049369849553
34.9,0.9972577564737248
34.95,0.997309686388728
35.0,0.997360739572263
35.050000000000004,0.9974109287209938
35.1,0.9974602663868819
35.15,0.9975087649781197
35.2,0.997556436760077
35.25,0.9976032938562479
35.300000000000004,0.9976493482492119
35.35,0.9976946117815934
35.4,0.997739096157034
35.45,0.997782812941165
35.5,0.9978257735625911
35.550000000000004,0.997867989313875
35.6,0.997909471352529
35.65,0.9979502307020124
35.7,0.9979902782527309
35.75,0.998029624763044
35.800000000000004,0.9980682808602729
35.85,0.9981062570417145
35.9,0.9981435636756586
35.95,0.9981802110024076
36.0,0.9982162091353006
36.050000000000004,0.9982515680617398
36.1,0.9982862976442176
36.15,0.9983204076213505
36.2,0.9983539076089092
36.25,0.998386807100855
36.300000000000004,0.9984191154703768
36.35,0.9984508419709269
36.4,0.9984819957372618
36.45,0.9985125857864791
36.5,0.9985426210190602
36.550000000000004,0.9985721102199066
36.6,0.9986010620593851
36.65,0.9986294850943636
36.7,0.9986573877692518
36.75,0.9986847784170411
36.800000000000004,0.9987116652603409
36.85,0.9987380564124162
36.9,0.9987639598782228
36.95,0.9987893835554409
37.0,0.9988143352355081
37.050000000000004,0.998838822604649
37.1,0.9988628532449004
37.15,0.9988864346351427
37.2,0.9989095741521162
37.25,0.9989322790714474
37.300000000000004,0.9989545565686605
37.35,0.9989764137201962
37.4,0.9989978575044194
37.45,0.9990188948026283
37.5,0.9990395324000579
37.550000000000004,0.9990597769868795
37.6,0.9990796351591968
37.65,0.999099113420038
37.7,0.9991182181803451
37.75,0.9991369557599534
37.800000000000004,0.9991553323885762
37.85,0.9991733542067732
37.9,0.999191027266925
37.95,0.9992083575341943
38.0,0.9992253508874887
38.050000000000004,0.9992420131204127
38.1,0.9992583499422207
38.15,0.9992743669787569
38.2,0.9992900697733987
38.25,0.999305463787987
38.300000000000004,0.9993205544037559
38.35,0.9993353469222548
38.400000000000006,0.9993498465662642
38.45,0.9993640584807078
38.5,0.9993779877335565
38.550000000000004,0.9993916393167281
38.6,0.9994050181469812
38.650000000000006,0.9994181290668
38.7,0.9994309768452784
38.75,0.9994435661789915
38.800000000000004,0.9994559016928675
38.85,0.999467987941048
38.900000000000006,0.9994798294077458
38.95,0.9994914305080929
39.0,0.9995027955889864
39.050000000000004,0.9995139289299229
39.1,0.9995248347438318
39.150000000000006,0.9995355171778975
39.2,0.999545980314379
39.25,0.9995562281714204
39.300000000000004,0.9995662647038549
39.35,0.9995760938040041
39.400000000000006,0.9995857193024706
39.45,0.9995951449689209
39.5,0.9996043745128659
39.550000000000004,0.9996134115844324
39.6,0.9996222597751276
39.650000000000006,0.9996309226186005
39.7,0.9996394035913917
39.75,0.9996477061136793
39.800000000000004,0.9996558335500194
39.85,0.9996637892100781
39.900000000000006,0.999671576349357
39.95,0.9996791981699131
40.0,0.9996866578210701
40.050000000000004,0.9996939584001278
40.1,0.9997011029530579
40.150000000000006,0.9997080944752005
40.2,0.9997149359119477
40.25,0.9997216301594269
40.300000000000004,0.9997281800651712
40.35,0.9997345884287884
40.400000000000006,0.9997408580026212
40.45,0.9997469914924021
40.5,0.9997529915578984
40.550000000000004,0.9997588608135575
40.6,0.9997646018291383
40.650000000000006,0.9997702171303423
40.7,0.9997757091994333
40.75,0.9997810804758559
40.800000000000004,0.9997863333568434
40.85,0.9997914701980206
40.900000000000006,0.9997964933140036
40.95,0.9998014049789862
41.0,0.9998062074273294
41.050000000000004,0.9998109028541353
41.1,0.9998154934158227
41.150000000000006,0.9998199812306915
41.2,0.999824368379483
41.25,0.9998286569059347
41.300000000000004,0.9998328488173264
41.35,0.9998369460850249
41.400000000000006,0.9998409506450171
41.45,0.9998448643984422
41.5,0.9998486892121147
41.550000000000004,0.9998524269190424
41.6,0.9998560793189407
41.650000000000006,0.9998596481787356
41.7,0.999863135233069
41.75,0.9998665421847897
41.800000000000004,0.9998698707054451
41.85,0.9998731224357639
41.900000000000006,0.9998762989861348
41.95,0.9998794019370782
42.0,0.9998824328397137
42.050000000000004,0.9998853932162197
42.1,0.9998882845602917
42.150000000000006,0.9998911083375911
42.2,0.9998938659861891
42.25,0.9998965589170095
42.300000000000004,0.9998991885142575
42.35,0.9999017561358543
42.400000000000006,0.9999042631138569
42.45,0.9999067107548761
42.5,0.9999091003404921
42.550000000000004,0.9999114331276594
42.6,0.9999137103491123
42.650000000000006,0.9999159332137593
42.7,0.9999181029070789
42.75,0.9999202205915041
42.800000000000004,0.9999222874068073
42.85,0.9999243044704756
42.900000000000006,0.9999262728780857
42.95,0.9999281937036679
43.0,0.9999300680000752
43.050000000000004,0.9999318967993343
43.1,0.999933681113004
43.150000000000006,0.9999354219325208
43.2,0.999937120229545
43.25,0.9999387769562981
43.300000000000004,0.9999403930458989
43.35,0.9999419694126916
43.400000000000006,0.9999435069525742
43.45,0.9999450065433169
43.5,0.9999464690448795
43.550000000000004,0.9999478952997244
43.6,0.9999492861331242
43.650000000000006,0.9999506423534633
43.7,0.9999519647525394
43.75,0.999953254105858
43.800000000000004,0.9999545111729204
43.85,0.9999557366975149
43.900000000000006,0.9999569314079959
43.95,0.9999580960175619
44.0,0.9999592312245316
44.050000000000004,0.9999603377126134
44.1,0.9999614161511707
44.150000000000006,0.9999624671954861
44.2,0.9999634914870174
44.25,0.9999644896536536
44.300000000000004,0.999965462309966
44.35,0.9999664100574531
44.400000000000006,0.9999673334847863
44.45,0.9999682331680475
44.5,0.9999691096709649
44.550000000000004,0.999969963545147
44.6,0.9999707953303083
44.650000000000006,0.9999716055544973
44.7,0.9999723947343159
44.75,0.9999731633751379
44.800000000000004,0.9999739119713243
44.85,0.9999746410064336
44.900000000000006,0.9999753509534302
44.95,0.9999760422748878
45.0,0.9999767154231929
45.050000000000004,0.999977370840741
45.1,0.9999780089601318
45.150000000000006,0.9999786302043596
45.2,0.9999792349870054
45.25,0.9999798237124163
45.300000000000004,0.9999803967758956
45.35,0.9999809545638749
45.400000000000006,0.9999814974540944
45.45,0.999982025815775
45.5,0.9999825400097895
45.550000000000004,0.9999830403888286
45.6,0.9999835272975679
45.650000000000006,0.9999840010728286
45.7,0.9999844620437357
45.75,0.999984910531877
45.800000000000004,0.9999853468514536
45.85,0.9999857713094351
45.900000000000006,0.9999861842057033
45.95,0.9999865858332023
46.0,0.9999869764780784
46.050000000000004,0.9999873564198241
46.1,0.999987725931414
46.150000000000006,0.999988085279441
46.2,0.999988434724251
46.25,0.9999887745200727
46.300000000000004,0.999989104915147
46.35,0.9999894261518525
46.400000000000006,0.9999897384668308
46.45,0.9999900420911073
46.5,0.9999903372502108
46.550000000000004,0.9999906241642924
46.6,0.9999909030482377
46.650000000000006,0.9999911741117836
46.7,0.9999914375596273
46.75,0.9999916935915345
46.800000000000004,0.9999919424024477
46.85,0.9999921841825912
46.900000000000006,0.999992419117572
46.95,0.9999926473884845
47.0,0.9999928691720046
47.050000000000004,0.9999930846404927
47.1,0.9999932939620826
47.150000000000006,0.9999934973007807
47.2,0.9999936948165542
47.25,0.9999938866654222
47.300000000000004,0.9999940729995433
47.35,0.999994253967303
47.400000000000006,0.9999944297133979
47.45,0.9999946003789181
47.5,0.9999947661014293
47.550000000000004,0.9999949270150539
47.6,0.9999950832505452
47.650000000000006,0.9999952349353696
47.7,0.9999953821937776
47.75,0.9999955251468785
47.800000000000004,0.9999956639127139
47.85,0.9999957986063258
47.900000000000006,0.9999959293398294
47.95,0.999996056222477
48.0,0.9999961793607268
48.050000000000004,0.9999962988583088
48.1,0.9999964148162849
48.150000000000006,0.9999965273331173
48.2,0.9999966365047224
48.25,0.9999967424245363
48.300000000000004,0.9999968451835717
48.35,0.9999969448704735
48.400000000000006,0.9999970415715788
48.45,0.9999971353709677
48.5,0.9999972263505194
48.550000000000004,0.9999973145899661
48.6,0.9999974001669417
48.650000000000006,0.9999974831570329
48.7,0.9999975636338312
48.75,0.999997641668978
48.800000000000004,0.9999977173322143
48.85,0.9999977906914242
48.900000000000006,0.9999978618126837
48.95,0.9999979307603016
49.0,0.9999979975968651
49.050000000000004,0.9999980623832809
49.1,0.9999981251788176
49.150000000000006,0.9999981860411448
49.2,0.999998245026374
49.25,0.9999983021890966
49.300000000000004,0.9999983575824222
49.35,0.9999984112580158
49.400000000000006,0.9999984632661328
49.45,0.9999985136556554
49.5,0.9999985624741272
49.550000000000004,0.9999986097677865
49.6,0.9999986555815988
49.650000000000006,0.9999986999592914
49.7,0.9999987429433815
49.75,0.9999987845752102
49.800000000000004,0.9999988248949703
49.85,0.9999988639417366
49.900000000000006,0.9999989017534948
49.95,0.9999989383671698
50.0,0.999998973818652
50.050000000000004,0.9999990081428243
50.1,0.99999904137359
50.150000000000006,0.9999990735438953
50.2,0.999999104685757
50.25,0.9999991348302852
50.300000000000004,0.9999991640077073
50.35,0.9999991922473916
50.400000000000006,0.9999992195778702
50.45,0.9999992460268595
50.5,0.999999271621284
50.550000000000004,0.9999992963872952
50.6,0.9999993203502935
50.650000000000006,0.9999993435349486
50.7,0.9999993659652167
50.75,0.9999993876643627
50.800000000000004,0.9999994086549766
50.85,0.999999428958992
50.900000000000006,0.9999994485977046
50.95,0.9999994675917893
51.0,0.9999994859613155
51.050000000000004,0.999999503725766
51.1,0.9999995209040515
51.150000000000006,0.9999995375145259
51.2,0.9999995535750021
51.25,0.9999995691027678
51.300000000000004,0.9999995841145984
51.35,0.9999995986267712
51.400000000000006,0.9999996126550814
51.45,0.9999996262148514
51.5,0.9999996393209483
51.550000000000004,0.9999996519877926
51.6,0.9999996642293751
51.650000000000006,0.9999996760592639
51.7,0.9999996874906204
51.75,0.9999996985362087
51.800000000000004,0.9999997092084068
51.85,0.9999997195192178
51.900000000000006,0.9999997294802815
51.95,0.9999997391028825
52.0,0.9999997483979629
52.050000000000004,0.9999997573761296
52.1,0.9999997660476658
52.150000000000006,0.9999997744225384
52.2,0.9999997825104101
52.25,0.9999997903206438
52.300000000000004,0.9999997978623147
52.35,0.9999998051442187
52.400000000000006,0.9999998121748768
52.45,0.9999998189625481
52.5,0.999999825515233
52.550000000000004,0.9999998318406836
52.6,0.9999998379464097
52.650000000000006,0.9999998438396862
52.7,0.9999998495275602
52.75,0.9999998550168573
52.800000000000004,0.999999860314188
52.85,0.9999998654259549
52.900000000000006,0.9999998703583577
52.95,0.9999998751174006
53.0,0.9999998797088967
53.050000000000004,0.9999998841384747
53.1,0.9999998884115835
53.150000000000006,0.9999998925334981
53.2,0.9999998965093267
53.25,0.9999999003440112
53.300000000000004,0.9999999040423362
53.35,0.9999999076089326
53.400000000000006,0.9999999110482811
53.45,0.9999999143647191
53.5,0.9999999175624423
53.550000000000004,0.9999999206455111
53.6,0.9999999236178547
53.650000000000006,0.9999999264832727
53.7,0.9999999292454418
53.75,0.9999999319079194
53.800000000000004,0.9999999344741447
53.85,0.9999999369474455
53.900000000000006,0.9999999393310397
53.95,0.9999999416280394
54.0,0.9999999438414537
54.050000000000004,0.9999999459741931
54.1,0.9999999480290702
54.150000000000006,0.9999999500088061
54.2,0.9999999519160301
54.25,0.9999999537532849
54.300000000000004,0.9999999555230271
54.35,0.9999999572276326
54.400000000000006,0.9999999588693966
54.45,0.9999999604505382
54.5,0.999999961973201
54.550000000000004,0.9999999634394574
54.6,0.9999999648513085
54.650000000000006,0.9999999662106885
54.7,0.999999967519467
54.75,0.9999999687794485
54.800000000000004,0.9999999699923768
54.85,0.9999999711599367
54.900000000000006,0.9999999722837547
54.95,0.9999999733654028
55.0,0.9999999744063972
55.050000000000004,0.9999999754082045
55.1,0.9999999763722391
55.150000000000006,0.9999999772998673
55.2,0.9999999781924083
55.25,0.9999999790511354
55.300000000000004,0.9999999798772781
55.35,0.999999980672023
55.400000000000006,0.9999999814365151
55.45,0.9999999821718606
55.5,0.9999999828791257
55.550000000000004,0.99999998355934
55.6,0.999999984213498
55.650000000000006,0.9999999848425568
55.7,0.9999999854474425
55.75,0.9999999860290472
55.800000000000004,0.9999999865882315
55.85,0.9999999871258266
55.900000000000006,0.9999999876426326
55.95,0.9999999881394224
56.0,0.9999999886169412
56.050000000000004,0.9999999890759077
56.1,0.9999999895170146
56.150000000000006,0.99999998994093
56.2,0.9999999903482986
56.25,0.9999999907397418
56.300000000000004,0.9999999911158574
56.35,0.9999999914772233
56.400000000000006,0.999999991824396
56.45,0.9999999921579118
56.5,0.9999999924782873
56.550000000000004,0.9999999927860215
56.6,0.9999999930815936
56.650000000000006,0.9999999933654669
56.7,0.9999999936380866
56.75,0.9999999938998825
56.800000000000004,0.9999999941512685
56.85,0.9999999943926426
56.900000000000006,0.9999999946243897
56.95,0.9999999948468788
57.0,0.9999999950604668
57.050000000000004,0.9999999952654965
57.1,0.9999999954622977
57.150000000000006,0.9999999956511896
57.2,0.9999999958324779
57.25,0.9999999960064577
57.300000000000004,0.999999996173413
57.35,0.9999999963336172
57.400000000000006,0.9999999964873337
57.45,0.9999999966348152
57.5,0.999999996776306
57.550000000000004,0.9999999969120411
57.6,0.9999999970422453
57.650000000000006,0.9999999971671372
57.7,0.9999999972869252
57.75,0.9999999974018101
57.800000000000004,0.9999999975119864
57.85,0.9999999976176399
57.900000000000006,0.9999999977189497
57.95,0.9999999978160881
58.0,0.9999999979092211
58.050000000000004,0.9999999979985079
58.1,0.9999999980841026
58.150000000000006,0.9999999981661515
58.2,0.9999999982447969
58.25,0.9999999983201753
58.300000000000004,0.9999999983924174
58.35,0.9999999984616499
58.400000000000006,0.999999998527993
58.45,0.9999999985915637
58.5,0.9999999986524744
58.550000000000004,0.9999999987108313
58.6,0.9999999987667394
58.650000000000006,0.999999998820297
58.7,0.9999999988716
58.75,0.99999999892074
58.800000000000004,0.9999999989678051
58.85,0.9999999990128803
58.900000000000006,0.9999999990560465
58.95,0.9999999990973826
59.0,0.9999999991369626
59.050000000000004,0.9999999991748597
59.1,0.9999999992111419
59.150000000000006,0.9999999992458771
59.2,0.9999999992791284
59.25,0.999999999310957
59.300000000000004,0.9999999993414224
59.35,0.99999999937058
59.400000000000006,0.9999999993984854
59.45,0.9999999994251899
59.5,0.9999999994507441
59.550000000000004,0.9999999994751951
59.6,0.9999999994985895
59.650000000000006,0.9999999995209718
59.7,0.9999999995423838
59.75,0.9999999995628668
59.800000000000004,0.9999999995824593
59.85,0.9999999996011988
59.900000000000006,0.999999999619122
59.95,0.9999999996362625
60.0,0.9999999996526537
60.050000000000004,0.9999999996683278
60.1,0.9999999996833147
60.150000000000006,0.9999999996976434
60.2,0.999999999711342
60.25,0.9999999997244382
60.300000000000004,0.9999999997369566
60.35,0.9999999997489225
60.400000000000006,0.9999999997603592
60.45,0.9999999997712898
60.5,0.9999999997817357
60.550000000000004,0.9999999997917179
60.6,0.9999999998012561
60.650000000000006,0.9999999998103699
60.7,0.999999999819077
60.75,0.9999999998273952
60.800000000000004,0.999999999835342
60.85,0.999999999842933
60.900000000000006,0.9999999998501834
60.95,0.9999999998571084
61.0,0.9999999998637219
61.050000000000004,0.9999999998700377
61.1,0.9999999998760686
61.150000000000006,0.9999999998818276
61.2,0.9999999998873262
61.25,0.9999999998925756
61.300000000000004,0.9999999998975869
61.35,0.9999999999023707
61.400000000000006,0.9999999999069373
61.45,0.9999999999112958
61.5,0.9999999999154556
61.550000000000004,0.999999999919426
61.6,0.9999999999232144
61.650000000000006,0.9999999999268293
61.7,0.9999999999302789
61.75,0.9999999999335698
61.800000000000004,0.9999999999367097
61.85,0.999999999939705
61.900000000000006,0.9999999999425623
61.95,0.9999999999452875
62.0,0.999999999947887
62.050000000000004,0.9999999999503661
62.1,0.9999999999527301
62.150000000000006,0.9999999999549849
62.2,0.9999999999571346
62.25,0.9999999999591842
62.300000000000004,0.9999999999611384
62.35,0.9999999999630016
62.400000000000006,0.9999999999647776
62.45,0.9999999999664706
62.5,0.9999999999680843
62.550000000000004,0.9999999999696222
62.6,0.9999999999710878
62.650000000000006,0.9999999999724846
62.7,0.9999999999738156
62.75,0.9999999999750837
62.800000000000004,0.9999999999762919
62.85,0.9999999999774429
62.900000000000006,0.9999999999785398
62.95,0.9999999999795846
63.0,0.9999999999805794
63.050000000000004,0.9999999999815277
63.1,0.9999999999824304
63.150000000000006,0.9999999999832901
63.2,0.9999999999841087
63.25,0.9999999999848879
63.300000000000004,0.9999999999856304
63.35,0.9999999999863368
63.400000000000006,0.9999999999870094
63.45,0.9999999999876497
63.5,0.9999999999882594
63.550000000000004,0.9999999999888397
63.6,0.9999999999893918
63.650000000000006,0.9999999999899176
63.7,0.9999999999904174
63.75,0.9999999999908933
63.800000000000004,0.9999999999913466
63.85,0.9999999999917775
63.900000000000006,0.9999999999921874
63.95,0.9999999999925773
64.0,0.9999999999929482
64.05,0.9999999999933011
64.10000000000001,0.9999999999936368
64.15,0.9999999999939562
64.2,0.9999999999942595
64.25,0.9999999999945482
64.3,0.9999999999948229
64.35000000000001,0.9999999999950838
64.4,0.9999999999953318
64.45,0.9999999999955678
64.5,0.9999999999957919
64.55,0.999999999996005
64.60000000000001,0.9999999999962077
64.65,0.9999999999964003
64.7,0.9999999999965834
64.75,0.9999999999967573
64.8,0.9999999999969224
64.85000000000001,0.9999999999970796
64.9,0.9999999999972287
64.95,0.9999999999973705
65.0,0.9999999999975051
65.05,0.9999999999976333
65.10000000000001,0.9999999999977546
65.15,0.9999999999978699
65.2,0.9999999999979797
65.25,0.9999999999980838
65.3,0.9999999999981826
65.35000000000001,0.9999999999982765
65.4,0.9999999999983658
65.45,0.9999999999984504
65.5,0.9999999999985307
65.55,0.9999999999986069
65.60000000000001,0.9999999999986793
65.65,0.999999999998748
65.7,0.9999999999988132
65.75,0.9999999999988751
65.8,0.999999999998934
65.85000000000001,0.9999999999989897
65.9,0.9999999999990425
65.95,0.9999999999990927
66.0,0.9999999999991402
66.05,0.9999999999991854
66.10000000000001,0.9999999999992281
66.15,0.9999999999992688
66.2,0.9999999999993074
66.25,0.9999999999993439
66.3,0.9999999999993786
66.35000000000001,0.9999999999994115
66.4,0.9999999999994426
66.45,0.9999999999994722
66.5,0.9999999999995004
66.55,0.9999999999995268
66.60000000000001,0.999999999999552
66.65,0.9999999999995758
66.7,0.9999999999995984
66.75,0.9999999999996199
66.8,0.9999999999996401
66.85000000000001,0.9999999999996594
66.9,0.9999999999996778
66.95,0.9999999999996949
67.0,0.9999999999997112
67.05,0.999999999999727
67.10000000000001,0.9999999999997415
67.15,0.9999999999997555
67.2,0.9999999999997689
67.25,0.9999999999997813
67.3,0.9999999999997929
67.35000000000001,0.9999999999998043
67.4,0.9999999999998148
67.45,0.9999999999998249
67.5,0.9999999999998344
67.55,0.9999999999998432
67.60000000000001,0.9999999999998518
67.65,0.99999999999986
67.7,0.9999999999998677
67.75,0.9999999999998748
67.8,0.9999999999998817
67.85000000000001,0.9999999999998882
67.9,0.9999999999998943
67.95,0.9999999999999001
68.0,0.9999999999999056
68.05,0.9999999999999107
68.10000000000001,0.9999999999999156
68.15,0.9999999999999203
68.2,0.9999999999999248
68.25,0.999999999999929
68.3,0.9999999999999329
68.35000000000001,0.9999999999999366
68.4,0.9999999999999402
68.45,0.9999999999999434
68.5,0.9999999999999466
68.55,0.9999999999999496
68.60000000000001,0.9999999999999524
68.65,0.999999999999955
68.7,0.9999999999999576
68.75,0.99999999999996
68.8,0.999999999999962
68.85000000000001,0.9999999999999643
68.9,0.9999999999999662
68.95,0.9999999999999681
69.0,0.9999999999999698
69.05,0.9999999999999716
69.10000000000001,0.9999999999999731
69.15,0.9999999999999747
69.2,0.999999999999976
69.25,0.9999999999999775
69.3,0.9999999999999787
69.35000000000001,0.9999999999999798
69.4,0.9999999999999811
69.45,0.9999999999999822
69.5,0.9999999999999831
69.55,0.9999999999999841
69.60000000000001,0.9999999999999849
69.65,0.9999999999999857
69.7,0.9999999999999867
69.75,0.9999999999999876
69.8,0.9999999999999881
69.85000000000001,0.9999999999999889
69.9,0.9999999999999895
69.95,0.99999999999999
70.0,0.9999999999999907
70.05,0.9999999999999911
70.10000000000001,0.9999999999999917
70.15,0.9999999999999921
70.2,0.9999999999999925
70.25,0.999999999999993
70.3,0.9999999999999933
70.35000000000001,0.9999999999999937
70.4,0.9999999999999942
70.45,0.9999999999999944
70.5,0.9999999999999948
70.55,0.9999999999999951
70.60000000000001,0.9999999999999953
70.65,0.9999999999999956
70.7,0.9999999999999959
70.75,0.999999999999996
70.8,0.9999999999999963
70.85000000000001,0.9999999999999966
70.9,0.9999999999999967
70.95,0.9999999999999969
71.0,0.9999999999999971
71.05,0.9999999999999973
71.10000000000001,0.9999999999999976
71.15,0.9999999999999976
71.2,0.9999999999999977
71.25,0.9999999999999978
71.3,0.999999999999998
71.35000000000001,0.999999999999998
71.4,0.9999999999999981
71.45,0.9999999999999983
71.5,0.9999999999999983
71.55,0.9999999999999984
71.60000000000001,0.9999999999999987
71.65,0.9999999999999987
71.7,0.9999999999999987
71.75,0.9999999999999988
71.8,0.9999999999999988
71.85000000000001,0.999999999999999
71.9,0.999999999999999
71.95,0.999999999999999
72.0,0.9999999999999991
72.05,0.9999999999999992
72.10000000000001,0.9999999999999992
72.15,0.9999999999999992
72.2,0.9999999999999992
72.25,0.9999999999999992
72.3,0.9999999999999993
72.35000000000001,0.9999999999999993
72.4,0.9999999999999993
72.45,0.9999999999999993
72.5,0.9999999999999993
72.55,0.9999999999999994
72.60000000000001,0.9999999999999996
72.65,0.9999999999999996
72.7,0.9999999999999996
72.75,0.9999999999999996
72.8,0.9999999999999996
72.85000000000001,0.9999999999999996
72.9,0.9999999999999996
72.95,0.9999999999999997
73.0,0.9999999999999997
73.05,0.9999999999999997
73.10000000000001,0.9999999999999997
73.15,0.9999999999999997
73.2,0.9999999999999997
73.25,0.9999999999999997
73.3,0.9999999999999997
73.35000000000001,0.9999999999999997
73.4,0.9999999999999997
73.45,0.9999999999999997
73.5,0.9999999999999997
73.55,0.9999999999999997
73.60000000000001,0.9999999999999997
73.65,0.9999999999999997
73.7,0.9999999999999997
73.75,0.9999999999999997
73.8,0.9999999999999997
73.85000000000001,0.9999999999999997
73.9,0.9999999999999997
73.95,0.9999999999999997
74.0,0.9999999999999997
74.05,0.9999999999999997
74.10000000000001,0.9999999999999997
74.15,0.9999999999999997
74.2,0.9999999999999997
74.25,0.9999999999999998
74.3,0.9999999999999998
74.35000000000001,0.9999999999999998
74.4,0.9999999999999998
74.45,0.9999999999999998
74.5,0.9999999999999998
74.55,0.9999999999999998
74.60000000000001,0.9999999999999998
74.65,0.9999999999999998
74.7,0.9999999999999998
74.75,0.9999999999999998
74.8,0.9999999999999998
74.85000000000001,0.9999999999999998
74.9,0.9999999999999998
74.95,0.9999999999999998
75.0,0.9999999999999998
75.05,0.9999999999999998
75.10000000000001,0.9999999999999998
75.15,0.9999999999999998
75.2,0.9999999999999998
75.25,0.9999999999999998
75.3,0.9999999999999998
75.35000000000001,0.9999999999999998
75.4,0.9999999999999999
75.45,0.9999999999999999
75.5,0.9999999999999999
75.55,0.9999999999999999
75.60000000000001,0.9999999999999999
75.65,0.9999999999999999
75.7,0.9999999999999999
75.75,0.9999999999999999
75.8,0.9999999999999999
75.85000000000001,0.9999999999999999
75.9,0.9999999999999999
75.95,0.9999999999999999
76.0,0.9999999999999999
76.05,0.9999999999999999
76.10000000000001,0.9999999999999999
76.15,0.9999999999999999
76.2,0.9999999999999999
76.25,0.9999999999999999
76.3,0.9999999999999999
76.35000000000001,0.9999999999999999
76.4,0.9999999999999999
76.45,0.9999999999999999
76.5,0.9999999999999999
76.55,0.9999999999999999
76.60000000000001,0.9999999999999999
76.65,0.9999999999999999
76.7,0.9999999999999999
76.75,0.9999999999999999
76.80000000000001,0.9999999999999999
76.85000000000001,0.9999999999999999
76.9,0.9999999999999999
76.95,0.9999999999999999
77.0,0.9999999999999999
77.05000000000001,0.9999999999999999
77.10000000000001,0.9999999999999999
77.15,0.9999999999999999
77.2,0.9999999999999999
77.25,0.9999999999999999
77.30000000000001,0.9999999999999999
77.35000000000001,0.9999999999999999
77.4,0.9999999999999999
77.45,0.9999999999999999
77.5,0.9999999999999999
77.55000000000001,0.9999999999999999
77.60000000000001,0.9999999999999999
77.65,0.9999999999999999
77.7,0.9999999999999999
77.75,0.9999999999999999
77.80000000000001,0.9999999999999999
77.85000000000001,0.9999999999999999
77.9,0.9999999999999999
77.95,0.9999999999999999
78.0,0.9999999999999999
78.05000000000001,0.9999999999999999
78.10000000000001,0.9999999999999999
78.15,0.9999999999999999
78.2,0.9999999999999999
78.25,0.9999999999999999
78.30000000000001,0.9999999999999999
78.35000000000001,0.9999999999999999
78.4,0.9999999999999999
78.45,0.9999999999999999
78.5,0.9999999999999999
78.55000000000001,0.9999999999999999
78.60000000000001,0.9999999999999999
78.65,0.9999999999999999
78.7,0.9999999999999999
78.75,0.9999999999999999
78.80000000000001,0.9999999999999999
78.85000000000001,0.9999999999999999
78.9,0.9999999999999999
78.95,0.9999999999999999
79.0,0.9999999999999999
79.05000000000001,0.9999999999999999
79.10000000000001,0.9999999999999999
79.15,0.9999999999999999
79.2,0.9999999999999999
79.25,0.9999999999999999
79.30000000000001,0.9999999999999999
79.35000000000001,0.9999999999999999
79.4,0.9999999999999999
79.45,0.9999999999999999
79.5,0.9999999999999999
79.55000000000001,0.9999999999999999
79.60000000000001,0.9999999999999999
79.65,0.9999999999999999
79.7,0.9999999999999999
79.75,0.9999999999999999
79.80000000000001,0.9999999999999999
79.85000000000001,0.9999999999999999
79.9,0.9999999999999999
79.95,0.9999999999999999
80.0,0.9999999999999999
80.05000000000001,0.9999999999999999
80.10000000000001,0.9999999999999999
80.15,0.9999999999999999
80.2,0.9999999999999999
80.25,0.9999999999999999
80.30000000000001,0.9999999999999999
80.35000000000001,0.9999999999999999
80.4,0.9999999999999999
80.45,0.9999999999999999
80.5,0.9999999999999999
80.55000000000001,0.9999999999999999
80.60000000000001,0.9999999999999999
80.65,0.9999999999999999
80.7,0.9999999999999999
80.75,0.9999999999999999
80.80000000000001,0.9999999999999999
80.85000000000001,0.9999999999999999
80.9,0.9999999999999999
80.95,0.9999999999999999
81.0,0.9999999999999999
81.05000000000001,0.9999999999999999
81.10000000000001,0.9999999999999999
81.15,0.9999999999999999
81.2,0.9999999999999999
81.25,0.9999999999999999
81.30000000000001,0.9999999999999999
81.35000000000001,0.9999999999999999
81.4,0.9999999999999999
81.45,0.9999999999999999
81.5,0.9999999999999999
81.55000000000001,0.9999999999999999
81.60000000000001,0.9999999999999999
81.65,0.9999999999999999
81.7,0.9999999999999999
81.75,0.9999999999999999
81.80000000000001,0.9999999999999999
81.85000000000001,0.9999999999999999
81.9,0.9999999999999999
81.95,0.9999999999999999
82.0,0.9999999999999999
82.05000000000001,0.9999999999999999
82.10000000000001,0.9999999999999999
82.15,0.9999999999999999
82.2,0.9999999999999999
82.25,0.9999999999999999
82.30000000000001,0.9999999999999999
82.35000000000001,0.9999999999999999
82.4,0.9999999999999999
82.45,0.9999999999999999
82.5,0.9999999999999999
82.55000000000001,0.9999999999999999
82.60000000000001,0.9999999999999999
82.65,0.9999999999999999
82.7,0.9999999999999999
82.75,0.9999999999999999
82.80000000000001,0.9999999999999999
82.85000000000001,0.9999999999999999
82.9,0.9999999999999999
82.95,0.9999999999999999
83.0,0.9999999999999999
83.05000000000001,0.9999999999999999
83.10000000000001,0.9999999999999999
83.15,0.9999999999999999
83.2,0.9999999999999999
83.25,0.9999999999999999
83.30000000000001,0.9999999999999999
83.35000000000001,0.9999999999999999
83.4,0.9999999999999999
83.45,0.9999999999999999
83.5,0.9999999999999999
83.55000000000001,0.9999999999999999
83.60000000000001,0.9999999999999999
83.65,0.9999999999999999
83.7,0.9999999999999999
83.75,0.9999999999999999
83.80000000000001,0.9999999999999999
83.85000000000001,0.9999999999999999
83.9,0.9999999999999999
83.95,0.9999999999999999
84.0,0.9999999999999999
84.05000000000001,0.9999999999999999
84.10000000000001,0.9999999999999999
84.15,0.9999999999999999
84.2,0.9999999999999999
84.25,0.9999999999999999
84.30000000000001,0.9999999999999999
84.35000000000001,0.9999999999999999
84.4,0.9999999999999999
84.45,0.9999999999999999
84.5,0.9999999999999999
84.55000000000001,0.9999999999999999
84.60000000000001,0.9999999999999999
84.65,0.9999999999999999
84.7,0.9999999999999999
84.75,0.9999999999999999
84.80000000000001,0.9999999999999999
84.85000000000001,0.9999999999999999
84.9,0.9999999999999999
84.95,0.9999999999999999
85.0,0.9999999999999999
85.05000000000001,0.9999999999999999
85.10000000000001,0.9999999999999999
85.15,0.9999999999999999
85.2,0.9999999999999999
85.25,0.9999999999999999
85.30000000000001,0.9999999999999999
85.35000000000001,0.9999999999999999
85.4,0.9999999999999999
85.45,0.9999999999999999
85.5,0.9999999999999999
85.55000000000001,0.9999999999999999
85.60000000000001,0.9999999999999999
85.65,0.9999999999999999
85.7,0.9999999999999999
85.75,0.9999999999999999
85.80000000000001,0.9999999999999999
85.85000000000001,0.9999999999999999
85.9,0.9999999999999999
85.95,0.9999999999999999
86.0,0.9999999999999999
86.05000000000001,0.9999999999999999
86.10000000000001,0.9999999999999999
86.15,0.9999999999999999
86.2,0.9999999999999999
86.25,0.9999999999999999
86.30000000000001,0.9999999999999999
86.35000000000001,0.9999999999999999
86.4,0.9999999999999999
86.45,0.9999999999999999
86.5,0.9999999999999999
86.55000000000001,0.9999999999999999
86.60000000000001,0.9999999999999999
86.65,0.9999999999999999
86.7,0.9999999999999999
86.75,0.9999999999999999
86.80000000000001,0.9999999999999999
86.85000000000001,0.9999999999999999
86.9,0.9999999999999999
86.95,0.9999999999999999
87.0,0.9999999999999999
87.05000000000001,0.9999999999999999
87.10000000000001,0.9999999999999999
87.15,0.9999999999999999
87.2,0.9999999999999999
87.25,0.9999999999999999
87.30000000000001,0.9999999999999999
87.35000000000001,0.9999999999999999
87.4,0.9999999999999999
87.45,0.9999999999999999
87.5,0.9999999999999999
87.55000000000001,0.9999999999999999
87.60000000000001,0.9999999999999999
87.65,0.9999999999999999
87.7,0.9999999999999999
87.75,0.9999999999999999
87.80000000000001,0.9999999999999999
87.85000000000001,0.9999999999999999
87.9,0.9999999999999999
87.95,0.9999999999999999
88.0,0.9999999999999999
88.05000000000001,0.9999999999999999
88.10000000000001,0.9999999999999999
88.15,0.9999999999999999
88.2,0.9999999999999999
88.25,0.9999999999999999
88.30000000000001,0.9999999999999999
88.35000000000001,0.9999999999999999
88.4,0.9999999999999999
88.45,0.9999999999999999
88.5,0.9999999999999999
88.55000000000001,0.9999999999999999
88.60000000000001,0.9999999999999999
88.65,0.9999999999999999
88.7,0.9999999999999999
88.75,0.9999999999999999
88.80000000000001,0.9999999999999999
88.85000000000001,0.9999999999999999
88.9,0.9999999999999999
88.95,0.9999999999999999
89.0,0.9999999999999999
89.05000000000001,0.9999999999999999
89.10000000000001,0.9999999999999999
89.15,0.9999999999999999
89.2,0.9999999999999999
89.25,0.9999999999999999
89.30000000000001,0.9999999999999999
89.35000000000001,0.9999999999999999
89.4,0.9999999999999999
89.45,0.9999999999999999
89.5,0.9999999999999999
89.55000000000001,0.9999999999999999
89.60000000000001,0.9999999999999999
89.65,0.9999999999999999
89.7,0.9999999999999999
89.75,0.9999999999999999
89.80000000000001,0.9999999999999999
89.85000000000001,0.9999999999999999
89.9,0.9999999999999999
89.95,0.9999999999999999
90.0,0.9999999999999999
90.05000000000001,0.9999999999999999
90.10000000000001,0.9999999999999999
90.15,0.9999999999999999
90.2,0.9999999999999999
90.25,0.9999999999999999
90.30000000000001,0.9999999999999999
90.35000000000001,0.9999999999999999
90.4,0.9999999999999999
90.45,0.9999999999999999
90.5,0.9999999999999999
90.55000000000001,0.9999999999999999
90.60000000000001,0.9999999999999999
90.65,0.9999999999999999
90.7,0.9999999999999999
90.75,0.9999999999999999
90.80000000000001,0.9999999999999999
90.85000000000001,0.9999999999999999
90.9,0.9999999999999999
90.95,0.9999999999999999
91.0,0.9999999999999999
91.05000000000001,0.9999999999999999
91.10000000000001,0.9999999999999999
91.15,0.9999999999999999
91.2,0.9999999999999999
91.25,0.9999999999999999
91.30000000000001,0.9999999999999999
91.35000000000001,0.9999999999999999
91.4,0.9999999999999999
91.45,0.9999999999999999
91.5,0.9999999999999999
91.55000000000001,0.9999999999999999
91.60000000000001,0.9999999999999999
91.65,0.9999999999999999
91.7,0.9999999999999999
91.75,0.9999999999999999
91.80000000000001,0.9999999999999999
91.85000000000001,0.9999999999999999
91.9,0.9999999999999999
91.95,0.9999999999999999
92.0,0.9999999999999999
92.05000000000001,0.9999999999999999
92.10000000000001,0.9999999999999999
92.15,0.9999999999999999
92.2,0.9999999999999999
92.25,0.9999999999999999
92.30000000000001,0.9999999999999999
92.35000000000001,0.9999999999999999
92.4,0.9999999999999999
92.45,0.9999999999999999
92.5,0.9999999999999999
92.55000000000001,0.9999999999999999
92.60000000000001,0.9999999999999999
92.65,0.9999999999999999
92.7,0.9999999999999999
92.75,0.9999999999999999
92.80000000000001,0.9999999999999999
92.85000000000001,0.9999999999999999
92.9,0.9999999999999999
92.95,0.9999999999999999
93.0,0.9999999999999999
93.05000000000001,0.9999999999999999
93.10000000000001,0.9999999999999999
93.15,0.9999999999999999
93.2,0.9999999999999999
93.25,0.9999999999999999
93.30000000000001,0.9999999999999999
93.35000000000001,0.9999999999999999
93.4,0.9999999999999999
93.45,0.9999999999999999
93.5,0.9999999999999999
93.55000000000001,0.9999999999999999
93.60000000000001,0.9999999999999999
93.65,0.9999999999999999
93.7,0.9999999999999999
93.75,0.9999999999999999
93.80000000000001,0.9999999999999999
93.85000000000001,0.9999999999999999
93.9,0.9999999999999999
93.95,0.9999999999999999
94.0,0.9999999999999999
94.05000000000001,0.9999999999999999
94.10000000000001,0.9999999999999999
94.15,0.9999999999999999
94.2,0.9999999999999999
94.25,0.9999999999999999
94.30000000000001,0.9999999999999999
94.35000000000001,0.9999999999999999
94.4,0.9999999999999999
94.45,0.9999999999999999
94.5,0.9999999999999999
94.55000000000001,0.9999999999999999
94.60000000000001,0.9999999999999999
94.65,0.9999999999999999
94.7,0.9999999999999999
94.75,0.9999999999999999
94.80000000000001,0.9999999999999999
94.85000000000001,0.9999999999999999
94.9,0.9999999999999999
94.95,0.9999999999999999
95.0,0.9999999999999999
95.05000000000001,0.9999999999999999
95.10000000000001,0.9999999999999999
95.15,0.9999999999999999
95.2,0.9999999999999999
95.25,0.9999999999999999
95.30000000000001,0.9999999999999999
95.35000000000001,0.9999999999999999
95.4,0.9999999999999999
95.45,0.9999999999999999
95.5,0.9999999999999999
95.55000000000001,0.9999999999999999
95.60000000000001,0.9999999999999999
95.65,0.9999999999999999
95.7,0.9999999999999999
95.75,0.9999999999999999
95.80000000000001,0.9999999999999999
95.85000000000001,0.9999999999999999
95.9,0.9999999999999999
95.95,0.9999999999999999
96.0,0.9999999999999999
96.05000000000001,0.9999999999999999
96.10000000000001,0.9999999999999999
96.15,0.9999999999999999
96.2,0.9999999999999999
96.25,0.9999999999999999
96.30000000000001,0.9999999999999999
96.35000000000001,0.9999999999999999
96.4,0.9999999999999999
96.45,0.9999999999999999
96.5,0.9999999999999999
96.55000000000001,0.9999999999999999
96.60000000000001,0.9999999999999999
96.65,0.9999999999999999
96.7,0.9999999999999999
96.75,0.9999999999999999
96.80000000000001,0.9999999999999999
96.85000000000001,0.9999999999999999
96.9,0.9999999999999999
96.95,0.9999999999999999
97.0,0.9999999999999999
97.05000000000001,0.9999999999999999
97.10000000000001,0.9999999999999999
97.15,0.9999999999999999
97.2,0.9999999999999999
97.25,0.9999999999999999
97.30000000000001,0.9999999999999999
97.35000000000001,0.9999999999999999
97.4,0.9999999999999999
97.45,0.9999999999999999
97.5,0.9999999999999999
97.55000000000001,0.9999999999999999
97.60000000000001,0.9999999999999999
97.65,0.9999999999999999
97.7,0.9999999999999999
97.75,0.9999999999999999
97.80000000000001,0.9999999999999999
97.85000000000001,0.9999999999999999
97.9,0.9999999999999999
97.95,0.9999999999999999
98.0,0.9999999999999999
98.05000000000001,0.9999999999999999
98.10000000000001,0.9999999999999999
98.15,0.9999999999999999
98.2,0.9999999999999999
98.25,0.9999999999999999
98.30000000000001,0.9999999999999999
98.35000000000001,0.9999999999999999
98.4,0.9999999999999999
98.45,0.9999999999999999
98.5,0.9999999999999999
98.55000000000001,0.9999999999999999
98.60000000000001,0.9999999999999999
98.65,0.9999999999999999
98.7,0.9999999999999999
98.75,0.9999999999999999
98.80000000000001,0.9999999999999999
98.85000000000001,0.9999999999999999
98.9,0.9999999999999999
98.95,0.9999999999999999
99.0,0.9999999999999999
99.05000000000001,0.9999999999999999
99.10000000000001,0.9999999999999999
99.15,0.9999999999999999
99.2,0.9999999999999999
99.25,0.9999999999999999
99.30000000000001,0.9999999999999999
99.35000000000001,0.9999999999999999
99.4,0.9999999999999999
99.45,0.9999999999999999
99.5,0.9999999999999999
99.55000000000001,0.9999999999999999
99.60000000000001,0.9999999999999999
99.65,0.9999999999999999
99.7,0.9999999999999999
99.75,0.9999999999999999
99.80000000000001,0.9999999999999999
99.85000000000001,0.9999999999999999
99.9,0.9999999999999999
99.95,0.9999999999999999
100.0,0.9999999999999999
100.05000000000001,0.9999999999999999
100.10000000000001,0.9999999999999999
100.15,0.9999999999999999
100.2,0.9999999999999999
100.25,0.9999999999999999
100.30000000000001,0.9999999999999999
100.35000000000001,0.9999999999999999
100.4,0.9999999999999999
100.45,0.9999999999999999
100.5,0.9999999999999999
100.55000000000001,0.9999999999999999
100.60000000000001,0.9999999999999999
100.65,0.9999999999999999
100.7,0.9999999999999999
100.75,0.9999999999999999
100.80000000000001,0.9999999999999999
100.85000000000001,0.9999999999999999
100.9,0.9999999999999999
100.95,0.9999999999999999
101.0,0.9999999999999999
101.05000000000001,0.9999999999999999
101.10000000000001,0.9999999999999999
101.15,0.9999999999999999
101.2,0.9999999999999999
101.25,0.9999999999999999
101.30000000000001,0.9999999999999999
101.35000000000001,0.9999999999999999
101.4,0.9999999999999999
101.45,0.9999999999999999
101.5,0.9999999999999999
101.55000000000001,0.9999999999999999
101.60000000000001,0.9999999999999999
101.65,0.9999999999999999
101.7,0.9999999999999999
101.75,0.9999999999999999
101.80000000000001,0.9999999999999999
101.85000000000001,0.9999999999999999
101.9,0.9999999999999999
101.95,0.9999999999999999
102.0,0.9999999999999999
102.05000000000001,0.9999999999999999
102.10000000000001,0.9999999999999999
102.15,0.9999999999999999
102.2,0.9999999999999999
102.25,0.9999999999999999
102.30000000000001,0.9999999999999999
102.35000000000001,0.9999999999999999
102.4,0.9999999999999999
102.45,0.9999999999999999
102.5,0.9999999999999999
102.55000000000001,0.9999999999999999
102.60000000000001,0.9999999999999999
102.65,0.9999999999999999
102.7,0.9999999999999999
102.75,0.9999999999999999
102.80000000000001,0.9999999999999999
102.85000000000001,0.9999999999999999
102.9,0.9999999999999999
102.95,0.9999999999999999
103.0,0.9999999999999999
103.05000000000001,0.9999999999999999
103.10000000000001,0.9999999999999999
103.15,0.9999999999999999
103.2,0.9999999999999999
103.25,0.9999999999999999
103.30000000000001,0.9999999999999999
103.35000000000001,0.9999999999999999
103.4,0.9999999999999999
103.45,0.9999999999999999
103.5,0.9999999999999999
103.55000000000001,0.9999999999999999
103.60000000000001,0.9999999999999999
103.65,0.9999999999999999
103.7,0.9999999999999999
103.75,0.9999999999999999
103.80000000000001,0.9999999999999999
103.85000000000001,0.9999999999999999
103.9,0.9999999999999999
103.95,0.9999999999999999
104.0,0.9999999999999999
104.05000000000001,0.9999999999999999
104.10000000000001,0.9999999999999999
104.15,0.9999999999999999
104.2,0.9999999999999999
104.25,0.9999999999999999
104.30000000000001,0.9999999999999999
104.35000000000001,0.9999999999999999
104.4,0.9999999999999999
104.45,0.9999999999999999
104.5,0.9999999999999999
104.55000000000001,0.9999999999999999
104.60000000000001,0.9999999999999999
104.65,0.9999999999999999
104.7,0.9999999999999999
104.75,0.9999999999999999
104.80000000000001,0.9999999999999999
104.85000000000001,0.9999999999999999
104.9,0.9999999999999999
104.95,0.9999999999999999
105.0,0.9999999999999999
105.05000000000001,0.9999999999999999
105.10000000000001,0.9999999999999999
105.15,0.9999999999999999
105.2,0.9999999999999999
105.25,0.9999999999999999
105.30000000000001,0.9999999999999999
105.35000000000001,0.9999999999999999
105.4,0.9999999999999999
105.45,0.9999999999999999
105.5,0.9999999999999999
105.55000000000001,0.9999999999999999
105.60000000000001,0.9999999999999999
105.65,0.9999999999999999
105.7,0.9999999999999999
105.75,0.9999999999999999
105.80000000000001,0.9999999999999999
105.85000000000001,0.9999999999999999
105.9,0.9999999999999999
105.95,0.9999999999999999
106.0,0.9999999999999999
106.05000000000001,0.9999999999999999
106.10000000000001,0.9999999999999999
106.15,0.9999999999999999
106.2,0.9999999999999999
106.25,0.9999999999999999
106.30000000000001,0.9999999999999999
106.35000000000001,0.9999999999999999
106.4,0.9999999999999999
106.45,0.9999999999999999
106.5,0.9999999999999999
106.55000000000001,0.9999999999999999
106.60000000000001,0.9999999999999999
106.65,0.9999999999999999
106.7,0.9999999999999999
106.75,0.9999999999999999
106.80000000000001,0.9999999999999999
106.85000000000001,0.9999999999999999
106.9,0.9999999999999999
106.95,0.9999999999999999
107.0,0.9999999999999999
107.05000000000001,0.9999999999999999
107.10000000000001,0.9999999999999999
107.15,0.9999999999999999
107.2,0.9999999999999999
107.25,0.9999999999999999
107.30000000000001,0.9999999999999999
107.35000000000001,0.9999999999999999
107.4,0.9999999999999999
107.45,0.9999999999999999
107.5,0.9999999999999999
107.55000000000001,0.9999999999999999
107.60000000000001,0.9999999999999999
107.65,0.9999999999999999
107.7,0.9999999999999999
107.75,0.9999999999999999
107.80000000000001,0.9999999999999999
107.85000000000001,0.9999999999999999
107.9,0.9999999999999999
107.95,0.9999999999999999
108.0,0.9999999999999999
108.05000000000001,0.9999999999999999
108.10000000000001,0.9999999999999999
108.15,0.9999999999999999
108.2,0.9999999999999999
108.25,0.9999999999999999
108.30000000000001,0.9999999999999999
108.35000000000001,0.9999999999999999
108.4,0.9999999999999999
108.45,0.9999999999999999
108.5,0.9999999999999999
108.55000000000001,0.9999999999999999
108.60000000000001,0.9999999999999999
108.65,0.9999999999999999
108.7,0.9999999999999999
108.75,0.9999999999999999
108.80000000000001,0.9999999999999999
108.85000000000001,0.9999999999999999
108.9,0.9999999999999999
108.95,0.9999999999999999
109.0,0.9999999999999999
109.05000000000001,0.9999999999999999
109.10000000000001,0.9999999999999999
109.15,0.9999999999999999
109.2,0.9999999999999999
109.25,0.9999999999999999
109.30000000000001,0.9999999999999999
109.35000000000001,0.9999999999999999
109.4,0.9999999999999999
109.45,0.9999999999999999
109.5,0.9999999999999999
109.55000000000001,0.9999999999999999
109.60000000000001,0.9999999999999999
109.65,0.9999999999999999
109.7,0.9999999999999999
109.75,0.9999999999999999
109.80000000000001,0.9999999999999999
109.85000000000001,0.9999999999999999
109.9,0.9999999999999999
109.95,0.9999999999999999
110.0,0.9999999999999999
110.05000000000001,0.9999999999999999
110.10000000000001,0.9999999999999999
110.15,0.9999999999999999
110.2,0.9999999999999999
110.25,0.9999999999999999
110.30000000000001,0.9999999999999999
110.35000000000001,0.9999999999999999
110.4,0.9999999999999999
110.45,0.9999999999999999
110.5,0.9999999999999999
110.55000000000001,0.9999999999999999
110.60000000000001,0.9999999999999999
110.65,0.9999999999999999
110.7,0.9999999999999999
110.75,0.9999999999999999
110.80000000000001,0.9999999999999999
110.85000000000001,0.9999999999999999
110.9,0.9999999999999999
110.95,0.9999999999999999
111.0,0.9999999999999999
111.05000000000001,0.9999999999999999
111.10000000000001,0.9999999999999999
111.15,0.9999999999999999
111.2,0.9999999999999999
111.25,0.9999999999999999
111.30000000000001,0.9999999999999999
111.35000000000001,0.9999999999999999
111.4,0.9999999999999999
111.45,0.9999999999999999
111.5,0.9999999999999999
111.55000000000001,0.9999999999999999
111.60000000000001,0.9999999999999999
111.65,0.9999999999999999
111.7,0.9999999999999999
111.75,0.9999999999999999
111.80000000000001,0.9999999999999999
111.85000000000001,0.9999999999999999
111.9,0.9999999999999999
111.95,0.9999999999999999
112.0,0.9999999999999999
112.05000000000001,0.9999999999999999
112.10000000000001,0.9999999999999999
112.15,0.9999999999999999
112.2,0.9999999999999999
112.25,0.9999999999999999
112.30000000000001,0.9999999999999999
112.35000000000001,0.9999999999999999
112.4,0.9999999999999999
112.45,0.9999999999999999
112.5,0.9999999999999999
112.55000000000001,0.9999999999999999
112.60000000000001,0.9999999999999999
112.65,0.9999999999999999
112.7,0.9999999999999999
112.75,0.9999999999999999
112.80000000000001,0.9999999999999999
112.85000000000001,0.9999999999999999
112.9,0.9999999999999999
112.95,0.9999999999999999
113.0,0.9999999999999999
113.05000000000001,0.9999999999999999
113.10000000000001,0.9999999999999999
113.15,0.9999999999999999
113.2,0.9999999999999999
113.25,0.9999999999999999
113.30000000000001,0.9999999999999999
113.35000000000001,0.9999999999999999
113.4,0.9999999999999999
113.45,0.9999999999999999
113.5,0.9999999999999999
113.55000000000001,0.9999999999999999
113.60000000000001,0.9999999999999999
113.65,0.9999999999999999
113.7,0.9999999999999999
113.75,0.9999999999999999
113.80000000000001,0.9999999999999999
113.85000000000001,0.9999999999999999
113.9,0.9999999999999999
113.95,0.9999999999999999
114.0,0.9999999999999999
114.05000000000001,0.9999999999999999
114.10000000000001,0.9999999999999999
114.15,0.9999999999999999
114.2,0.9999999999999999
114.25,0.9999999999999999
114.30000000000001,0.9999999999999999
114.35000000000001,0.9999999999999999
114.4,0.9999999999999999
114.45,0.9999999999999999
114.5,0.9999999999999999
114.55000000000001,0.9999999999999999
114.60000000000001,0.9999999999999999
114.65,0.9999999999999999
114.7,0.9999999999999999
114.75,0.9999999999999999
114.80000000000001,0.9999999999999999
114.85000000000001,0.9999999999999999
114.9,0.9999999999999999
114.95,0.9999999999999999
115.0,0.9999999999999999
115.05000000000001,0.9999999999999999
115.10000000000001,0.9999999999999999
115.15,0.9999999999999999
115.2,0.9999999999999999
115.25,0.9999999999999999
115.30000000000001,0.9999999999999999
115.35000000000001,0.9999999999999999
115.4,0.9999999999999999
115.45,0.9999999999999999
115.5,0.9999999999999999
115.55000000000001,0.9999999999999999
115.60000000000001,0.9999999999999999
115.65,0.9999999999999999
115.7,0.9999999999999999
115.75,0.9999999999999999
115.80000000000001,0.9999999999999999
115.85000000000001,0.9999999999999999
115.9,0.9999999999999999
115.95,0.9999999999999999
116.0,0.9999999999999999
116.05000000000001,0.9999999999999999
116.10000000000001,0.9999999999999999
116.15,0.9999999999999999
116.2,0.9999999999999999
116.25,0.9999999999999999
116.30000000000001,0.9999999999999999
116.35000000000001,0.9999999999999999
116.4,0.9999999999999999
116.45,0.9999999999999999
116.5,0.9999999999999999
116.55000000000001,0.9999999999999999
116.60000000000001,0.9999999999999999
116.65,0.9999999999999999
116.7,0.9999999999999999
116.75,0.9999999999999999
116.80000000000001,0.9999999999999999
116.85000000000001,0.9999999999999999
116.9,0.9999999999999999
116.95,0.9999999999999999
117.0,0.9999999999999999
117.05000000000001,0.9999999999999999
117.10000000000001,0.9999999999999999
117.15,0.9999999999999999
117.2,0.9999999999999999
117.25,0.9999999999999999
117.30000000000001,0.9999999999999999
117.35000000000001,0.9999999999999999
117.4,0.9999999999999999
117.45,0.9999999999999999
117.5,0.9999999999999999
117.55000000000001,0.9999999999999999
117.60000000000001,0.9999999999999999
117.65,0.9999999999999999
117.7,0.9999999999999999
117.75,0.9999999999999999
117.80000000000001,0.9999999999999999
117.85000000000001,0.9999999999999999
117.9,0.9999999999999999
117.95,0.9999999999999999
118.0,0.9999999999999999
118.05000000000001,0.9999999999999999
118.10000000000001,0.9999999999999999
118.15,0.9999999999999999
118.2,0.9999999999999999
118.25,0.9999999999999999
118.30000000000001,0.9999999999999999
118.35000000000001,0.9999999999999999
118.4,0.9999999999999999
118.45,0.9999999999999999
118.5,0.9999999999999999
118.55000000000001,0.9999999999999999
118.60000000000001,0.9999999999999999
118.65,0.9999999999999999
118.7,0.9999999999999999
118.75,0.9999999999999999
118.80000000000001,0.9999999999999999
118.85000000000001,0.9999999999999999
118.9,0.9999999999999999
118.95,0.9999999999999999
119.0,0.9999999999999999
119.05000000000001,0.9999999999999999
119.10000000000001,0.9999999999999999
119.15,0.9999999999999999
119.2,0.9999999999999999
119.25,0.9999999999999999
119.30000000000001,0.9999999999999999
119.35000000000001,0.9999999999999999
119.4,0.9999999999999999
119.45,0.9999999999999999
119.5,0.9999999999999999
119.55000000000001,0.9999999999999999
119.60000000000001,0.9999999999999999
119.65,0.9999999999999999
119.7,0.9999999999999999
119.75,0.9999999999999999
119.80000000000001,0.9999999999999999
119.85000000000001,0.9999999999999999
119.9,0.9999999999999999
119.95,0.9999999999999999
120.0,0.9999999999999999
120.05000000000001,0.9999999999999999
120.10000000000001,0.9999999999999999
120.15,0.9999999999999999
120.2,0.9999999999999999
120.25,0.9999999999999999
120.30000000000001,0.9999999999999999
120.35000000000001,0.9999999999999999
120.4,0.9999999999999999
120.45,0.9999999999999999
120.5,0.9999999999999999
120.55000000000001,0.9999999999999999
120.60000000000001,0.9999999999999999
120.65,0.9999999999999999
120.7,0.9999999999999999
120.75,0.9999999999999999
120.80000000000001,0.9999999999999999
120.85000000000001,0.9999999999999999
120.9,0.9999999999999999
120.95,0.9999999999999999
121.0,0.9999999999999999
121.05000000000001,0.9999999999999999
121.10000000000001,0.9999999999999999
121.15,0.9999999999999999
121.2,0.9999999999999999
121.25,0.9999999999999999
121.30000000000001,0.9999999999999999
121.35000000000001,0.9999999999999999
121.4,0.9999999999999999
121.45,0.9999999999999999
121.5,0.9999999999999999
121.55000000000001,0.9999999999999999
121.60000000000001,0.9999999999999999
121.65,0.9999999999999999
121.7,0.9999999999999999
121.75,0.9999999999999999
121.80000000000001,0.9999999999999999
121.85000000000001,0.9999999999999999
121.9,0.9999999999999999
121.95,0.9999999999999999
122.0,0.9999999999999999
122.05000000000001,0.9999999999999999
122.10000000000001,0.9999999999999999
122.15,0.9999999999999999
122.2,0.9999999999999999
122.25,0.9999999999999999
122.30000000000001,0.9999999999999999
122.35000000000001,0.9999999999999999
122.4,0.9999999999999999
122.45,0.9999999999999999
122.5,0.9999999999999999
122.55000000000001,0.9999999999999999
122.60000000000001,0.9999999999999999
122.65,0.9999999999999999
122.7,0.9999999999999999
122.75,0.9999999999999999
122.80000000000001,0.9999999999999999
122.85000000000001,0.9999999999999999
122.9,0.9999999999999999
122.95,0.9999999999999999
123.0,0.9999999999999999
123.05000000000001,0.9999999999999999
123.10000000000001,0.9999999999999999
123.15,0.9999999999999999
123.2,0.9999999999999999
123.25,0.9999999999999999
123.30000000000001,0.9999999999999999
123.35000000000001,0.9999999999999999
123.4,0.9999999999999999
123.45,0.9999999999999999
123.5,0.9999999999999999
123.55000000000001,0.9999999999999999
123.60000000000001,0.9999999999999999
123.65,0.9999999999999999
123.7,0.9999999999999999
123.75,0.9999999999999999
123.80000000000001,0.9999999999999999
123.85000000000001,0.9999999999999999
123.9,0.9999999999999999
123.95,0.9999999999999999
124.0,0.9999999999999999
124.05000000000001,0.9999999999999999
124.10000000000001,0.9999999999999999
124.15,0.9999999999999999
124.2,0.9999999999999999
124.25,0.9999999999999999
124.30000000000001,0.9999999999999999
124.35000000000001,0.9999999999999999
124.4,0.9999999999999999
124.45,0.9999999999999999
124.5,0.9999999999999999
124.55000000000001,0.9999999999999999
124.60000000000001,0.9999999999999999
124.65,0.9999999999999999
124.7,0.9999999999999999
124.75,0.9999999999999999
124.80000000000001,0.9999999999999999
124.85000000000001,0.9999999999999999
124.9,0.9999999999999999
124.95,0.9999999999999999
125.0,0.9999999999999999
125.05000000000001,0.9999999999999999
125.10000000000001,0.9999999999999999
125.15,0.9999999999999999
125.2,0.9999999999999999
125.25,0.9999999999999999
125.30000000000001,0.9999999999999999
125.35000000000001,0.9999999999999999
125.4,0.9999999999999999
125.45,0.9999999999999999
125.5,0.9999999999999999
125.55000000000001,0.9999999999999999
125.60000000000001,0.9999999999999999
125.65,0.9999999999999999
125.7,0.9999999999999999
125.75,0.9999999999999999
125.80000000000001,0.9999999999999999
125.85000000000001,0.9999999999999999
125.9,0.9999999999999999
125.95,0.9999999999999999
126.0,0.9999999999999999
126.05000000000001,0.9999999999999999
126.10000000000001,0.9999999999999999
126.15,0.9999999999999999
126.2,0.9999999999999999
126.25,0.9999999999999999
126.30000000000001,0.9999999999999999
126.35000000000001,0.9999999999999999
126.4,0.9999999999999999
126.45,0.9999999999999999
126.5,0.9999999999999999
126.55000000000001,0.9999999999999999
126.60000000000001,0.9999999999999999
126.65,0.9999999999999999
126.7,0.9999999999999999
126.75,0.9999999999999999
126.80000000000001,0.9999999999999999
126.85000000000001,0.9999999999999999
126.9,0.9999999999999999
126.95,0.9999999999999999
127.0,0.9999999999999999
127.05000000000001,0.9999999999999999
127.10000000000001,0.9999999999999999
127.15,0.9999999999999999
127.2,0.9999999999999999
127.25,0.9999999999999999
127.30000000000001,0.9999999999999999
127.35000000000001,0.9999999999999999
127.4,0.9999999999999999
127.45,0.9999999999999999
127.5,0.9999999999999999
127.55000000000001,0.9999999999999999
127.60000000000001,0.9999999999999999
127.65,0.9999999999999999
127.7,0.9999999999999999
127.75,0.9999999999999999
127.80000000000001,0.9999999999999999
127.85000000000001,0.9999999999999999
127.9,0.9999999999999999
127.95,0.9999999999999999
128.0,0.9999999999999999
128.05,0.9999999999999999
128.1,0.9999999999999999
128.15,0.9999999999999999
128.20000000000002,0.9999999999999999
128.25,0.9999999999999999
128.3,0.9999999999999999
128.35,0.9999999999999999
128.4,0.9999999999999999
128.45000000000002,0.9999999999999999
128.5,0.9999999999999999
128.55,0.9999999999999999
128.6,0.9999999999999999
128.65,0.9999999999999999
128.70000000000002,0.9999999999999999
128.75,0.9999999999999999
128.8,0.9999999999999999
128.85,0.9999999999999999
128.9,0.9999999999999999
128.95000000000002,0.9999999999999999
129.0,0.9999999999999999
129.05,0.9999999999999999
129.1,0.9999999999999999
129.15,0.9999999999999999
129.20000000000002,0.9999999999999999
129.25,0.9999999999999999
129.3,0.9999999999999999
129.35,0.9999999999999999
129.4,0.9999999999999999
129.45000000000002,0.9999999999999999
129.5,0.9999999999999999
129.55,0.9999999999999999
129.6,0.9999999999999999
129.65,0.9999999999999999
129.70000000000002,0.9999999999999999
129.75,0.9999999999999999
129.8,0.9999999999999999
129.85,0.9999999999999999
129.9,0.9999999999999999
129.95000000000002,0.9999999999999999
130.0,0.9999999999999999
130.05,0.9999999999999999
130.1,0.9999999999999999
130.15,0.9999999999999999
130.20000000000002,0.9999999999999999
130.25,0.9999999999999999
130.3,0.9999999999999999
130.35,0.9999999999999999
130.4,0.9999999999999999
130.45000000000002,0.9999999999999999
130.5,0.9999999999999999
130.55,0.9999999999999999
130.6,0.9999999999999999
130.65,0.9999999999999999
130.70000000000002,0.9999999999999999
130.75,0.9999999999999999
130.8,0.9999999999999999
130.85,0.9999999999999999
130.9,0.9999999999999999
130.95000000000002,0.9999999999999999
131.0,0.9999999999999999
131.05,0.9999999999999999
131.1,0.9999999999999999
131.15,0.9999999999999999
131.20000000000002,0.9999999999999999
131.25,0.9999999999999999
131.3,0.9999999999999999
131.35,0.9999999999999999
131.4,0.9999999999999999
131.45000000000002,0.9999999999999999
131.5,0.9999999999999999
131.55,0.9999999999999999
131.6,0.9999999999999999
131.65,0.9999999999999999
131.70000000000002,0.9999999999999999
131.75,0.9999999999999999
131.8,0.9999999999999999
131.85,0.9999999999999999
131.9,0.9999999999999999
131.95000000000002,0.9999999999999999
132.0,0.9999999999999999
132.05,0.9999999999999999
132.1,0.9999999999999999
132.15,0.9999999999999999
132.20000000000002,0.9999999999999999
132.25,0.9999999999999999
132.3,0.9999999999999999
132.35,0.9999999999999999
132.4,0.9999999999999999
132.45000000000002,0.9999999999999999
132.5,0.9999999999999999
132.55,0.9999999999999999
132.6,0.9999999999999999
132.65,0.9999999999999999
132.70000000000002,0.9999999999999999
132.75,0.9999999999999999
132.8,0.9999999999999999
132.85,0.9999999999999999
132.9,0.9999999999999999
132.95000000000002,0.9999999999999999
133.0,0.9999999999999999
133.05,0.9999999999999999
133.1,0.9999999999999999
133.15,0.9999999999999999
133.20000000000002,0.9999999999999999
133.25,0.9999999999999999
133.3,0.9999999999999999
133.35,0.9999999999999999
133.4,0.9999999999999999
133.45000000000002,0.9999999999999999
133.5,0.9999999999999999
133.55,0.9999999999999999
133.6,0.9999999999999999
133.65,0.9999999999999999
133.70000000000002,0.9999999999999999
133.75,0.9999999999999999
133.8,0.9999999999999999
133.85,0.9999999999999999
133.9,0.9999999999999999
133.95000000000002,0.9999999999999999
134.0,0.9999999999999999
134.05,0.9999999999999999
134.1,0.9999999999999999
134.15,0.9999999999999999
134.20000000000002,0.9999999999999999
134.25,0.9999999999999999
134.3,0.9999999999999999
134.35,0.9999999999999999
134.4,0.9999999999999999
134.45000000000002,0.9999999999999999
134.5,0.9999999999999999
134.55,0.9999999999999999
134.6,0.9999999999999999
134.65,0.9999999999999999
134.70000000000002,0.9999999999999999
134.75,0.9999999999999999
134.8,0.9999999999999999
134.85,0.9999999999999999
134.9,0.9999999999999999
134.95000000000002,0.9999999999999999
135.0,0.9999999999999999
135.05,0.9999999999999999
135.1,0.9999999999999999
135.15,0.9999999999999999
135.20000000000002,0.9999999999999999
135.25,0.9999999999999999
135.3,0.9999999999999999
135.35,0.9999999999999999
135.4,0.9999999999999999
135.45000000000002,0.9999999999999999
135.5,0.9999999999999999
135.55,0.9999999999999999
135.6,0.9999999999999999
135.65,0.9999999999999999
135.70000000000002,0.9999999999999999
135.75,0.9999999999999999
135.8,0.9999999999999999
135.85,0.9999999999999999
135.9,0.9999999999999999
135.95000000000002,0.9999999999999999
136.0,0.9999999999999999
136.05,0.9999999999999999
136.1,0.9999999999999999
136.15,0.9999999999999999
136.20000000000002,0.9999999999999999
136.25,0.9999999999999999
136.3,0.9999999999999999
136.35,0.9999999999999999
136.4,0.9999999999999999
136.45000000000002,0.9999999999999999
136.5,0.9999999999999999
136.55,0.9999999999999999
136.6,0.9999999999999999
136.65,0.9999999999999999
136.70000000000002,0.9999999999999999
136.75,0.9999999999999999
136.8,0.9999999999999999
136.85,0.9999999999999999
136.9,0.9999999999999999
136.95000000000002,0.9999999999999999
137.0,0.9999999999999999
137.05,0.9999999999999999
137.1,0.9999999999999999
137.15,0.9999999999999999
137.20000000000002,0.9999999999999999
137.25,0.9999999999999999
137.3,0.9999999999999999
137.35,0.9999999999999999
137.4,0.9999999999999999
137.45000000000002,0.9999999999999999
137.5,0.9999999999999999
137.55,0.9999999999999999
137.6,0.9999999999999999
137.65,0.9999999999999999
137.70000000000002,0.9999999999999999
137.75,0.9999999999999999
137.8,0.9999999999999999
137.85,0.9999999999999999
137.9,0.9999999999999999
137.95000000000002,0.9999999999999999
138.0,0.9999999999999999
138.05,0.9999999999999999
138.1,0.9999999999999999
138.15,0.9999999999999999
138.20000000000002,0.9999999999999999
138.25,0.9999999999999999
138.3,0.9999999999999999
138.35,0.9999999999999999
138.4,0.9999999999999999
138.45000000000002,0.9999999999999999
138.5,0.9999999999999999
138.55,0.9999999999999999
138.6,0.9999999999999999
138.65,0.9999999999999999
138.70000000000002,0.9999999999999999
138.75,0.9999999999999999
138.8,0.9999999999999999
138.85,0.9999999999999999
138.9,0.9999999999999999
138.95000000000002,0.9999999999999999
139.0,0.9999999999999999
139.05,0.9999999999999999
139.1,0.9999999999999999
139.15,0.9999999999999999
139.20000000000002,0.9999999999999999
139.25,0.9999999999999999
139.3,0.9999999999999999
139.35,0.9999999999999999
139.4,0.9999999999999999
139.45000000000002,0.9999999999999999
139.5,0.9999999999999999
139.55,0.9999999999999999
139.6,0.9999999999999999
139.65,0.9999999999999999
139.70000000000002,0.9999999999999999
139.75,0.9999999999999999
139.8,0.9999999999999999
139.85,0.9999999999999999
139.9,0.9999999999999999
139.95000000000002,0.9999999999999999
140.0,0.9999999999999999
140.05,0.9999999999999999
140.1,0.9999999999999999
140.15,0.9999999999999999
140.20000000000002,0.9999999999999999
140.25,0.9999999999999999
140.3,0.9999999999999999
140.35,0.9999999999999999
140.4,0.9999999999999999
140.45000000000002,0.9999999999999999
140.5,0.9999999999999999
140.55,0.9999999999999999
140.6,0.9999999999999999
140.65,0.9999999999999999
140.70000000000002,0.9999999999999999
140.75,0.9999999999999999
140.8,0.9999999999999999
140.85,0.9999999999999999
140.9,0.9999999999999999
140.95000000000002,0.9999999999999999
141.0,0.9999999999999999
141.05,0.9999999999999999
141.1,0.9999999999999999
141.15,0.9999999999999999
141.20000000000002,0.9999999999999999
141.25,0.9999999999999999
141.3,0.9999999999999999
141.35,0.9999999999999999
141.4,0.9999999999999999
141.45000000000002,0.9999999999999999
141.5,0.9999999999999999
141.55,0.9999999999999999
141.6,0.9999999999999999
141.65,0.9999999999999999
141.70000000000002,0.9999999999999999
141.75,0.9999999999999999
141.8,0.9999999999999999
141.85,0.9999999999999999
141.9,0.9999999999999999
141.95000000000002,0.9999999999999999
142.0,0.9999999999999999
142.05,0.9999999999999999
142.1,0.9999999999999999
142.15,0.9999999999999999
142.20000000000002,0.9999999999999999
142.25,0.9999999999999999
142.3,0.9999999999999999
142.35,0.9999999999999999
142.4,0.9999999999999999
142.45000000000002,0.9999999999999999
142.5,0.9999999999999999
142.55,0.9999999999999999
142.6,0.9999999999999999
142.65,0.9999999999999999
142.70000000000002,0.9999999999999999
142.75,0.9999999999999999
142.8,0.9999999999999999
142.85,0.9999999999999999
142.9,0.9999999999999999
142.95000000000002,0.9999999999999999
143.0,0.9999999999999999
143.05,0.9999999999999999
143.1,0.9999999999999999
143.15,0.9999999999999999
143.20000000000002,0.9999999999999999
143.25,0.9999999999999999
143.3,0.9999999999999999
143.35,0.9999999999999999
143.4,0.9999999999999999
143.45000000000002,0.9999999999999999
143.5,0.9999999999999999
143.55,0.9999999999999999
143.6,0.9999999999999999
143.65,0.9999999999999999
143.70000000000002,0.9999999999999999
143.75,0.9999999999999999
143.8,0.9999999999999999
143.85,0.9999999999999999
143.9,0.9999999999999999
143.95000000000002,0.9999999999999999
144.0,0.9999999999999999
144.05,0.9999999999999999
144.1,0.9999999999999999
144.15,0.9999999999999999
144.20000000000002,0.9999999999999999
144.25,0.9999999999999999
144.3,0.9999999999999999
144.35,0.9999999999999999
144.4,0.9999999999999999
144.45000000000002,0.9999999999999999
144.5,0.9999999999999999
144.55,0.9999999999999999
144.6,0.9999999999999999
144.65,0.9999999999999999
144.70000000000002,0.9999999999999999
144.75,0.9999999999999999
144.8,0.9999999999999999
144.85,0.9999999999999999
144.9,0.9999999999999999
144.95000000000002,0.9999999999999999
145.0,0.9999999999999999
145.05,0.9999999999999999
145.1,0.9999999999999999
145.15,0.9999999999999999
145.20000000000002,0.9999999999999999
145.25,0.9999999999999999
145.3,0.9999999999999999
145.35,0.9999999999999999
145.4,0.9999999999999999
145.45000000000002,0.9999999999999999
145.5,0.9999999999999999
145.55,0.9999999999999999
145.6,0.9999999999999999
145.65,0.9999999999999999
145.70000000000002,0.9999999999999999
145.75,0.9999999999999999
145.8,0.9999999999999999
145.85,0.9999999999999999
145.9,0.9999999999999999
145.95000000000002,0.9999999999999999
146.0,0.9999999999999999
146.05,0.9999999999999999
146.1,0.9999999999999999
146.15,0.9999999999999999
146.20000000000002,0.9999999999999999
146.25,0.9999999999999999
146.3,0.9999999999999999
146.35,0.9999999999999999
146.4,0.9999999999999999
146.45000000000002,0.9999999999999999
146.5,0.9999999999999999
146.55,0.9999999999999999
146.6,0.9999999999999999
146.65,0.9999999999999999
146.70000000000002,0.9999999999999999
146.75,0.9999999999999999
146.8,0.9999999999999999
146.85,0.9999999999999999
146.9,0.9999999999999999
146.95000000000002,0.9999999999999999
147.0,0.9999999999999999
147.05,0.9999999999999999
147.1,0.9999999999999999
147.15,0.9999999999999999
147.20000000000002,0.9999999999999999
147.25,0.9999999999999999
147.3,0.9999999999999999
147.35,0.9999999999999999
147.4,0.9999999999999999
147.45000000000002,0.9999999999999999
147.5,0.9999999999999999
147.55,0.9999999999999999
147.6,0.9999999999999999
147.65,0.9999999999999999
147.70000000000002,0.9999999999999999
147.75,0.9999999999999999
147.8,0.9999999999999999
147.85,0.9999999999999999
147.9,0.9999999999999999
147.95000000000002,0.9999999999999999
148.0,0.9999999999999999
148.05,0.9999999999999999
148.1,0.9999999999999999
148.15,0.9999999999999999
148.20000000000002,0.9999999999999999
148.25,0.9999999999999999
148.3,0.9999999999999999
148.35,0.9999999999999999
148.4,0.9999999999999999
148.45000000000002,0.9999999999999999
148.5,0.9999999999999999
148.55,0.9999999999999999
148.6,0.9999999999999999
148.65,0.9999999999999999
148.70000000000002,0.9999999999999999
148.75,0.9999999999999999
148.8,0.9999999999999999
148.85,0.9999999999999999
148.9,0.9999999999999999
148.95000000000002,0.9999999999999999
149.0,0.9999999999999999
149.05,0.9999999999999999
149.1,0.9999999999999999
149.15,0.9999999999999999
149.20000000000002,0.9999999999999999
149.25,0.9999999999999999
149.3,0.9999999999999999
149.35,0.9999999999999999
149.4,0.9999999999999999
149.45000000000002,0.9999999999999999
149.5,0.9999999999999999
149.55,0.9999999999999999
149.6,0.9999999999999999
149.65,0.9999999999999999
149.70000000000002,0.9999999999999999
149.75,0.9999999999999999
149.8,0.9999999999999999
149.85,0.9999999999999999
149.9,0.9999999999999999
149.95000000000002,0.9999999999999999
150.0,0.9999999999999999
150.05,0.9999999999999999
150.1,0.9999999999999999
150.15,0.9999999999999999
150.20000000000002,0.9999999999999999
150.25,0.9999999999999999
150.3,0.9999999999999999
150.35,0.9999999999999999
150.4,0.9999999999999999
150.45000000000002,0.9999999999999999
150.5,0.9999999999999999
150.55,0.9999999999999999
150.6,0.9999999999999999
150.65,0.9999999999999999
150.70000000000002,0.9999999999999999
150.75,0.9999999999999999
150.8,0.9999999999999999
150.85,0.9999999999999999
150.9,0.9999999999999999
150.95000000000002,0.9999999999999999
151.0,0.9999999999999999
151.05,0.9999999999999999
151.1,0.9999999999999999
151.15,0.9999999999999999
151.20000000000002,0.9999999999999999
151.25,0.9999999999999999
151.3,0.9999999999999999
151.35,0.9999999999999999
151.4,0.9999999999999999
151.45000000000002,0.9999999999999999
151.5,0.9999999999999999
151.55,0.9999999999999999
151.6,0.9999999999999999
151.65,0.9999999999999999
151.70000000000002,0.9999999999999999
151.75,0.9999999999999999
151.8,0.9999999999999999
151.85,0.9999999999999999
151.9,0.9999999999999999
151.95000000000002,0.9999999999999999
152.0,0.9999999999999999
152.05,0.9999999999999999
152.1,0.9999999999999999
152.15,0.9999999999999999
152.20000000000002,0.9999999999999999
152.25,0.9999999999999999
152.3,0.9999999999999999
152.35,0.9999999999999999
152.4,0.9999999999999999
152.45000000000002,0.9999999999999999
152.5,0.9999999999999999
152.55,0.9999999999999999
152.6,0.9999999999999999
152.65,0.9999999999999999
152.70000000000002,0.9999999999999999
152.75,0.9999999999999999
152.8,0.9999999999999999
152.85,0.9999999999999999
152.9,0.9999999999999999
152.95000000000002,0.9999999999999999
153.0,0.9999999999999999
153.05,0.9999999999999999
153.1,0.9999999999999999
153.15,0.9999999999999999
153.20000000000002,0.9999999999999999
153.25,0.9999999999999999
153.3,0.9999999999999999
153.35,0.9999999999999999
153.4,0.9999999999999999
153.45000000000002,0.9999999999999999
153.5,0.9999999999999999
153.55,0.9999999999999999
153.60000000000002,0.9999999999999999
153.65,0.9999999999999999
153.70000000000002,0.9999999999999999
153.75,0.9999999999999999
153.8,0.9999999999999999
153.85000000000002,0.9999999999999999
153.9,0.9999999999999999
153.95000000000002,0.9999999999999999
154.0,0.9999999999999999
154.05,0.9999999999999999
154.10000000000002,0.9999999999999999
154.15,0.9999999999999999
154.20000000000002,0.9999999999999999
154.25,0.9999999999999999
154.3,0.9999999999999999
154.35000000000002,0.9999999999999999
154.4,0.9999999999999999
154.45000000000002,0.9999999999999999
154.5,0.9999999999999999
154.55,0.9999999999999999
154.60000000000002,0.9999999999999999
154.65,0.9999999999999999
154.70000000000002,0.9999999999999999
154.75,0.9999999999999999
154.8,0.9999999999999999
154.85000000000002,0.9999999999999999
154.9,0.9999999999999999
154.95000000000002,0.9999999999999999
155.0,0.9999999999999999
155.05,0.9999999999999999
155.10000000000002,0.9999999999999999
155.15,0.9999999999999999
155.20000000000002,0.9999999999999999
155.25,0.9999999999999999
155.3,0.9999999999999999
155.35000000000002,0.9999999999999999
155.4,0.9999999999999999
155.45000000000002,0.9999999999999999
155.5,0.9999999999999999
155.55,0.9999999999999999
155.60000000000002,0.9999999999999999
155.65,0.9999999999999999
155.70000000000002,0.9999999999999999
155.75,0.9999999999999999
155.8,0.9999999999999999
155.85000000000002,0.9999999999999999
155.9,0.9999999999999999
155.95000000000002,0.9999999999999999
156.0,0.9999999999999999
156.05,0.9999999999999999
156.10000000000002,0.9999999999999999
156.15,0.9999999999999999
156.20000000000002,0.9999999999999999
156.25,0.9999999999999999
156.3,0.9999999999999999
156.35000000000002,0.9999999999999999
156.4,0.9999999999999999
156.45000000000002,0.9999999999999999
156.5,0.9999999999999999
156.55,0.9999999999999999
156.60000000000002,0.9999999999999999
156.65,0.9999999999999999
156.70000000000002,0.9999999999999999
156.75,0.9999999999999999
156.8,0.9999999999999999
156.85000000000002,0.9999999999999999
156.9,0.9999999999999999
156.95000000000002,0.9999999999999999
157.0,0.9999999999999999
157.05,0.9999999999999999
157.10000000000002,0.9999999999999999
157.15,0.9999999999999999
157.20000000000002,0.9999999999999999
157.25,0.9999999999999999
157.3,0.9999999999999999
157.35000000000002,0.9999999999999999
157.4,0.9999999999999999
157.45000000000002,0.9999999999999999
157.5,0.9999999999999999
157.55,0.9999999999999999
157.60000000000002,0.9999999999999999
157.65,0.9999999999999999
157.70000000000002,0.9999999999999999
157.75,0.9999999999999999
157.8,0.9999999999999999
157.85000000000002,0.9999999999999999
157.9,0.9999999999999999
157.95000000000002,0.9999999999999999
158.0,0.9999999999999999
158.05,0.9999999999999999
158.10000000000002,0.9999999999999999
158.15,0.9999999999999999
158.20000000000002,0.9999999999999999
158.25,0.9999999999999999
158.3,0.9999999999999999
158.35000000000002,0.9999999999999999
158.4,0.9999999999999999
158.45000000000002,0.9999999999999999
158.5,0.9999999999999999
158.55,0.9999999999999999
158.60000000000002,0.9999999999999999
158.65,0.9999999999999999
158.70000000000002,0.9999999999999999
158.75,0.9999999999999999
158.8,0.9999999999999999
158.85000000000002,0.9999999999999999
158.9,0.9999999999999999
158.95000000000002,0.9999999999999999
159.0,0.9999999999999999
159.05,0.9999999999999999
159.10000000000002,0.9999999999999999
159.15,0.9999999999999999
159.20000000000002,0.9999999999999999
159.25,0.9999999999999999
159.3,0.9999999999999999
159.35000000000002,0.9999999999999999
159.4,0.9999999999999999
159.45000000000002,0.9999999999999999
159.5,0.9999999999999999
159.55,0.9999999999999999
159.60000000000002,0.9999999999999999
159.65,0.9999999999999999
159.70000000000002,0.9999999999999999
159.75,0.9999999999999999
159.8,0.9999999999999999
159.85000000000002,0.9999999999999999
159.9,0.9999999999999999
159.95000000000002,0.9999999999999999
160.0,0.9999999999999999
160.05,0.9999999999999999
160.10000000000002,0.9999999999999999
160.15,0.9999999999999999
160.20000000000002,0.9999999999999999
160.25,0.9999999999999999
160.3,0.9999999999999999
160.35000000000002,0.9999999999999999
160.4,0.9999999999999999
160.45000000000002,0.9999999999999999
160.5,0.9999999999999999
160.55,0.9999999999999999
160.60000000000002,0.9999999999999999
160.65,0.9999999999999999
160.70000000000002,0.9999999999999999
160.75,0.9999999999999999
160.8,0.9999999999999999
160.85000000000002,0.9999999999999999
160.9,0.9999999999999999
160.95000000000002,0.9999999999999999
161.0,0.9999999999999999
161.05,0.9999999999999999
161.10000000000002,0.9999999999999999
161.15,0.9999999999999999
161.20000000000002,0.9999999999999999
161.25,0.9999999999999999
161.3,0.9999999999999999
161.35000000000002,0.9999999999999999
161.4,0.9999999999999999
161.45000000000002,0.9999999999999999
161.5,0.9999999999999999
161.55,0.9999999999999999
161.60000000000002,0.9999999999999999
161.65,0.9999999999999999
161.70000000000002,0.9999999999999999
161.75,0.9999999999999999
161.8,0.9999999999999999
161.85000000000002,0.9999999999999999
161.9,0.9999999999999999
161.95000000000002,0.9999999999999999
162.0,0.9999999999999999
162.05,0.9999999999999999
162.10000000000002,0.9999999999999999
162.15,0.9999999999999999
162.20000000000002,0.9999999999999999
162.25,0.9999999999999999
162.3,0.9999999999999999
162.35000000000002,0.9999999999999999
162.4,0.9999999999999999
162.45000000000002,0.9999999999999999
162.5,0.9999999999999999
162.55,0.9999999999999999
162.60000000000002,0.9999999999999999
162.65,0.9999999999999999
162.70000000000002,0.9999999999999999
162.75,0.9999999999999999
162.8,0.9999999999999999
162.85000000000002,0.9999999999999999
162.9,0.9999999999999999
162.95000000000002,0.9999999999999999
163.0,0.9999999999999999
163.05,0.9999999999999999
163.10000000000002,0.9999999999999999
163.15,0.9999999999999999
163.20000000000002,0.9999999999999999
163.25,0.9999999999999999
163.3,0.9999999999999999
163.35000000000002,0.9999999999999999
163.4,0.9999999999999999
163.45000000000002,0.9999999999999999
163.5,0.9999999999999999
163.55,0.9999999999999999
163.60000000000002,0.9999999999999999
163.65,0.9999999999999999
163.70000000000002,0.9999999999999999
163.75,0.9999999999999999
163.8,0.9999999999999999
163.85000000000002,0.9999999999999999
163.9,0.9999999999999999
163.95000000000002,0.9999999999999999
164.0,0.9999999999999999
164.05,0.9999999999999999
164.10000000000002,0.9999999999999999
164.15,0.9999999999999999
164.20000000000002,0.9999999999999999
164.25,0.9999999999999999
164.3,0.9999999999999999
164.35000000000002,0.9999999999999999
164.4,0.9999999999999999
164.45000000000002,0.9999999999999999
164.5,0.9999999999999999
164.55,0.9999999999999999
164.60000000000002,0.9999999999999999
164.65,0.9999999999999999
164.70000000000002,0.9999999999999999
164.75,0.9999999999999999
164.8,0.9999999999999999
164.85000000000002,0.9999999999999999
164.9,0.9999999999999999
164.95000000000002,0.9999999999999999
165.0,0.9999999999999999
165.05,0.9999999999999999
165.10000000000002,0.9999999999999999
165.15,0.9999999999999999
165.20000000000002,0.9999999999999999
165.25,0.9999999999999999
165.3,0.9999999999999999
165.35000000000002,0.9999999999999999
165.4,0.9999999999999999
165.45000000000002,0.9999999999999999
165.5,0.9999999999999999
165.55,0.9999999999999999
165.60000000000002,0.9999999999999999
165.65,0.9999999999999999
165.70000000000002,0.9999999999999999
165.75,0.9999999999999999
165.8,0.9999999999999999
165.85000000000002,0.9999999999999999
165.9,0.9999999999999999
165.95000000000002,0.9999999999999999
166.0,0.9999999999999999
166.05,0.9999999999999999
166.10000000000002,0.9999999999999999
166.15,0.9999999999999999
166.20000000000002,0.9999999999999999
166.25,0.9999999999999999
166.3,0.9999999999999999
166.35000000000002,0.9999999999999999
166.4,0.9999999999999999
166.45000000000002,0.9999999999999999
166.5,0.9999999999999999
166.55,0.9999999999999999
166.60000000000002,0.9999999999999999
166.65,0.9999999999999999
166.70000000000002,0.9999999999999999
166.75,0.9999999999999999
166.8,0.9999999999999999
166.85000000000002,0.9999999999999999
166.9,0.9999999999999999
166.95000000000002,0.9999999999999999
167.0,0.9999999999999999
167.05,0.9999999999999999
167.10000000000002,0.9999999999999999
167.15,0.9999999999999999
167.20000000000002,0.9999999999999999
167.25,0.9999999999999999
167.3,0.9999999999999999
167.35000000000002,0.9999999999999999
167.4,0.9999999999999999
167.45000000000002,0.9999999999999999
167.5,0.9999999999999999
167.55,0.9999999999999999
167.60000000000002,0.9999999999999999
167.65,0.9999999999999999
167.70000000000002,0.9999999999999999
167.75,0.9999999999999999
167.8,0.9999999999999999
167.85000000000002,0.9999999999999999
167.9,0.9999999999999999
167.95000000000002,0.9999999999999999
168.0,0.9999999999999999
168.05,0.9999999999999999
168.10000000000002,0.9999999999999999
168.15,0.9999999999999999
168.20000000000002,0.9999999999999999
168.25,0.9999999999999999
168.3,0.9999999999999999
168.35000000000002,0.9999999999999999
168.4,0.9999999999999999
168.45000000000002,0.9999999999999999
168.5,0.9999999999999999
168.55,0.9999999999999999
168.60000000000002,0.9999999999999999
168.65,0.9999999999999999
168.70000000000002,0.9999999999999999
168.75,0.9999999999999999
168.8,0.9999999999999999
168.85000000000002,0.9999999999999999
168.9,0.9999999999999999
168.95000000000002,0.9999999999999999
169.0,0.9999999999999999
169.05,0.9999999999999999
169.10000000000002,0.9999999999999999
169.15,0.9999999999999999
169.20000000000002,0.9999999999999999
169.25,0.9999999999999999
169.3,0.9999999999999999
169.35000000000002,0.9999999999999999
169.4,0.9999999999999999
169.45000000000002,0.9999999999999999
169.5,0.9999999999999999
169.55,0.9999999999999999
169.60000000000002,0.9999999999999999
169.65,0.9999999999999999
169.70000000000002,0.9999999999999999
169.75,0.9999999999999999
169.8,0.9999999999999999
169.85000000000002,0.9999999999999999
169.9,0.9999999999999999
169.95000000000002,0.9999999999999999
170.0,0.9999999999999999
170.05,0.9999999999999999
170.10000000000002,0.9999999999999999
170.15,0.9999999999999999
170.20000000000002,0.9999999999999999
170.25,0.9999999999999999
170.3,0.9999999999999999
170.35000000000002,0.9999999999999999
170.4,0.9999999999999999
170.45000000000002,0.9999999999999999
170.5,0.9999999999999999
170.55,0.9999999999999999
170.60000000000002,0.9999999999999999
170.65,0.9999999999999999
170.70000000000002,0.9999999999999999
170.75,0.9999999999999999
170.8,0.9999999999999999
170.85000000000002,0.9999999999999999
170.9,0.9999999999999999
170.95000000000002,0.9999999999999999
171.0,0.9999999999999999
171.05,0.9999999999999999
171.10000000000002,0.9999999999999999
171.15,0.9999999999999999
171.20000000000002,0.9999999999999999
171.25,0.9999999999999999
171.3,0.9999999999999999
171.35000000000002,0.9999999999999999
171.4,0.9999999999999999
171.45000000000002,0.9999999999999999
171.5,0.9999999999999999
171.55,0.9999999999999999
171.60000000000002,0.9999999999999999
171.65,0.9999999999999999
171.70000000000002,0.9999999999999999
171.75,0.9999999999999999
171.8,0.9999999999999999
171.85000000000002,0.9999999999999999
171.9,0.9999999999999999
171.95000000000002,0.9999999999999999
172.0,0.9999999999999999
172.05,0.9999999999999999
172.10000000000002,0.9999999999999999
172.15,0.9999999999999999
172.20000000000002,0.9999999999999999
172.25,0.9999999999999999
172.3,0.9999999999999999
172.35000000000002,0.9999999999999999
172.4,0.9999999999999999
172.45000000000002,0.9999999999999999
172.5,0.9999999999999999
172.55,0.9999999999999999
172.60000000000002,0.9999999999999999
172.65,0.9999999999999999
172.70000000000002,0.9999999999999999
172.75,0.9999999999999999
172.8,0.9999999999999999
172.85000000000002,0.9999999999999999
172.9,0.9999999999999999
172.95000000000002,0.9999999999999999
173.0,0.9999999999999999
173.05,0.9999999999999999
173.10000000000002,0.9999999999999999
173.15,0.9999999999999999
173.20000000000002,0.9999999999999999
173.25,0.9999999999999999
173.3,0.9999999999999999
173.35000000000002,0.9999999999999999
173.4,0.9999999999999999
173.45000000000002,0.9999999999999999
173.5,0.9999999999999999
173.55,0.9999999999999999
173.60000000000002,0.9999999999999999
173.65,0.9999999999999999
173.70000000000002,0.9999999999999999
173.75,0.9999999999999999
173.8,0.9999999999999999
173.85000000000002,0.9999999999999999
173.9,0.9999999999999999
173.95000000000002,0.9999999999999999
174.0,0.9999999999999999
174.05,0.9999999999999999
174.10000000000002,0.9999999999999999
174.15,0.9999999999999999
174.20000000000002,0.9999999999999999
174.25,0.9999999999999999
174.3,0.9999999999999999
174.35000000000002,0.9999999999999999
174.4,0.9999999999999999
174.45000000000002,0.9999999999999999
174.5,0.9999999999999999
174.55,0.9999999999999999
174.60000000000002,0.9999999999999999
174.65,0.9999999999999999
174.70000000000002,0.9999999999999999
174.75,0.9999999999999999
174.8,0.9999999999999999
174.85000000000002,0.9999999999999999
174.9,0.9999999999999999
174.95000000000002,0.9999999999999999
175.0,0.9999999999999999
175.05,0.9999999999999999
175.10000000000002,0.9999999999999999
175.15,0.9999999999999999
175.20000000000002,0.9999999999999999
175.25,0.9999999999999999
175.3,0.9999999999999999
175.35000000000002,0.9999999999999999
175.4,0.9999999999999999
175.45000000000002,0.9999999999999999
175.5,0.9999999999999999
175.55,0.9999999999999999
175.60000000000002,0.9999999999999999
175.65,0.9999999999999999
175.70000000000002,0.9999999999999999
175.75,0.9999999999999999
175.8,0.9999999999999999
175.85000000000002,0.9999999999999999
175.9,0.9999999999999999
175.95000000000002,0.9999999999999999
176.0,0.9999999999999999
176.05,0.9999999999999999
176.10000000000002,0.9999999999999999
176.15,0.9999999999999999
176.20000000000002,0.9999999999999999
176.25,0.9999999999999999
176.3,0.9999999999999999
176.35000000000002,0.9999999999999999
176.4,0.9999999999999999
176.45000000000002,0.9999999999999999
176.5,0.9999999999999999
176.55,0.9999999999999999
176.60000000000002,0.9999999999999999
176.65,0.9999999999999999
176.70000000000002,0.9999999999999999
176.75,0.9999999999999999
176.8,0.9999999999999999
176.85000000000002,0.9999999999999999
176.9,0.9999999999999999
176.95000000000002,0.9999999999999999
177.0,0.9999999999999999
177.05,0.9999999999999999
177.10000000000002,0.9999999999999999
177.15,0.9999999999999999
177.20000000000002,0.9999999999999999
177.25,0.9999999999999999
177.3,0.9999999999999999
177.35000000000002,0.9999999999999999
177.4,0.9999999999999999
177.45000000000002,0.9999999999999999
177.5,0.9999999999999999
177.55,0.9999999999999999
177.60000000000002,0.9999999999999999
177.65,0.9999999999999999
177.70000000000002,0.9999999999999999
177.75,0.9999999999999999
177.8,0.9999999999999999
177.85000000000002,0.9999999999999999
177.9,0.9999999999999999
177.95000000000002,0.9999999999999999
178.0,0.9999999999999999
178.05,0.9999999999999999
178.10000000000002,0.9999999999999999
178.15,0.9999999999999999
178.20000000000002,0.9999999999999999
178.25,0.9999999999999999
178.3,0.9999999999999999
178.35000000000002,0.9999999999999999
178.4,0.9999999999999999
178.45000000000002,0.9999999999999999
178.5,0.9999999999999999
178.55,0.9999999999999999
178.60000000000002,0.9999999999999999
178.65,0.9999999999999999
178.70000000000002,0.9999999999999999
178.75,0.9999999999999999
178.8,0.9999999999999999
178.85000000000002,0.9999999999999999
178.9,0.9999999999999999
178.95000000000002,0.9999999999999999
179.0,0.9999999999999999
179.05,0.9999999999999999
179.10000000000002,0.9999999999999999
179.15,0.9999999999999999
179.20000000000002,0.9999999999999999
179.25,0.9999999999999999
179.3,0.9999999999999999
179.35000000000002,0.9999999999999999
179.4,0.9999999999999999
179.45000000000002,0.9999999999999999
179.5,0.9999999999999999
179.55,0.9999999999999999
179.60000000000002,0.9999999999999999
179.65,0.9999999999999999
179.70000000000002,0.9999999999999999
179.75,0.9999999999999999
179.8,0.9999999999999999
179.85000000000002,0.9999999999999999
179.9,0.9999999999999999
179.95000000000002,0.9999999999999999
180.0,0.9999999999999999
180.05,0.9999999999999999
180.10000000000002,0.9999999999999999
180.15,0.9999999999999999
180.20000000000002,0.9999999999999999
180.25,0.9999999999999999
180.3,0.9999999999999999
180.35000000000002,0.9999999999999999
180.4,0.9999999999999999
180.45000000000002,0.9999999999999999
180.5,0.9999999999999999
180.55,0.9999999999999999
180.60000000000002,0.9999999999999999
180.65,0.9999999999999999
180.70000000000002,0.9999999999999999
180.75,0.9999999999999999
180.8,0.9999999999999999
180.85000000000002,0.9999999999999999
180.9,0.9999999999999999
180.95000000000002,0.9999999999999999
181.0,0.9999999999999999
181.05,0.9999999999999999
181.10000000000002,0.9999999999999999
181.15,0.9999999999999999
181.20000000000002,0.9999999999999999
181.25,0.9999999999999999
181.3,0.9999999999999999
181.35000000000002,0.9999999999999999
181.4,0.9999999999999999
181.45000000000002,0.9999999999999999
181.5,0.9999999999999999
181.55,0.9999999999999999
181.60000000000002,0.9999999999999999
181.65,0.9999999999999999
181.70000000000002,0.9999999999999999
181.75,0.9999999999999999
181.8,0.9999999999999999
181.85000000000002,0.9999999999999999
181.9,0.9999999999999999
181.95000000000002,0.9999999999999999
182.0,0.9999999999999999
182.05,0.9999999999999999
182.10000000000002,0.9999999999999999
182.15,0.9999999999999999
182.20000000000002,0.9999999999999999
182.25,0.9999999999999999
182.3,0.9999999999999999
182.35000000000002,0.9999999999999999
182.4,0.9999999999999999
182.45000000000002,0.9999999999999999
182.5,0.9999999999999999
182.55,0.9999999999999999
182.60000000000002,0.9999999999999999
182.65,0.9999999999999999
182.70000000000002,0.9999999999999999
182.75,0.9999999999999999
182.8,0.9999999999999999
182.85000000000002,0.9999999999999999
182.9,0.9999999999999999
182.95000000000002,0.9999999999999999
183.0,0.9999999999999999
183.05,0.9999999999999999
183.10000000000002,0.9999999999999999
183.15,0.9999999999999999
183.20000000000002,0.9999999999999999
183.25,0.9999999999999999
183.3,0.9999999999999999
183.35000000000002,0.9999999999999999
183.4,0.9999999999999999
183.45000000000002,0.9999999999999999
183.5,0.9999999999999999
183.55,0.9999999999999999
183.60000000000002,0.9999999999999999
183.65,0.9999999999999999
183.70000000000002,0.9999999999999999
183.75,0.9999999999999999
183.8,0.9999999999999999
183.85000000000002,0.9999999999999999
183.9,0.9999999999999999
183.95000000000002,0.9999999999999999
184.0,0.9999999999999999
184.05,0.9999999999999999
184.10000000000002,0.9999999999999999
184.15,0.9999999999999999
184.20000000000002,0.9999999999999999
184.25,0.9999999999999999
184.3,0.9999999999999999
184.35000000000002,0.9999999999999999
184.4,0.9999999999999999
184.45000000000002,0.9999999999999999
184.5,0.9999999999999999
184.55,0.9999999999999999
184.60000000000002,0.9999999999999999
184.65,0.9999999999999999
184.70000000000002,0.9999999999999999
184.75,0.9999999999999999
184.8,0.9999999999999999
184.85000000000002,0.9999999999999999
184.9,0.9999999999999999
184.95000000000002,0.9999999999999999
185.0,0.9999999999999999
185.05,0.9999999999999999
185.10000000000002,0.9999999999999999
185.15,0.9999999999999999
185.20000000000002,0.9999999999999999
185.25,0.9999999999999999
185.3,0.9999999999999999
185.35000000000002,0.9999999999999999
185.4,0.9999999999999999
185.45000000000002,0.9999999999999999
185.5,0.9999999999999999
185.55,0.9999999999999999
185.60000000000002,0.9999999999999999
185.65,0.9999999999999999
185.70000000000002,0.9999999999999999
185.75,0.9999999999999999
185.8,0.9999999999999999
185.85000000000002,0.9999999999999999
185.9,0.9999999999999999
185.95000000000002,0.9999999999999999
186.0,0.9999999999999999
186.05,0.9999999999999999
186.10000000000002,0.9999999999999999
186.15,0.9999999999999999
186.20000000000002,0.9999999999999999
186.25,0.9999999999999999
186.3,0.9999999999999999
186.35000000000002,0.9999999999999999
186.4,0.9999999999999999
186.45000000000002,0.9999999999999999
186.5,0.9999999999999999
186.55,0.9999999999999999
186.60000000000002,0.9999999999999999
186.65,0.9999999999999999
186.70000000000002,0.9999999999999999
186.75,0.9999999999999999
186.8,0.9999999999999999
186.85000000000002,0.9999999999999999
186.9,0.9999999999999999
186.95000000000002,0.9999999999999999
187.0,0.9999999999999999
187.05,0.9999999999999999
187.10000000000002,0.9999999999999999
187.15,0.9999999999999999
187.20000000000002,0.9999999999999999
187.25,0.9999999999999999
187.3,0.9999999999999999
187.35000000000002,0.9999999999999999
187.4,0.9999999999999999
187.45000000000002,0.9999999999999999
187.5,0.9999999999999999
187.55,0.9999999999999999
187.60000000000002,0.9999999999999999
187.65,0.9999999999999999
187.70000000000002,0.9999999999999999
187.75,0.9999999999999999
187.8,0.9999999999999999
187.85000000000002,0.9999999999999999
187.9,0.9999999999999999
187.95000000000002,0.9999999999999999
188.0,0.9999999999999999
188.05,0.9999999999999999
188.10000000000002,0.9999999999999999
188.15,0.9999999999999999
188.20000000000002,0.9999999999999999
188.25,0.9999999999999999
188.3,0.9999999999999999
188.35000000000002,0.9999999999999999
188.4,0.9999999999999999
188.45000000000002,0.9999999999999999
188.5,0.9999999999999999
188.55,0.9999999999999999
188.60000000000002,0.9999999999999999
188.65,0.9999999999999999
188.70000000000002,0.9999999999999999
188.75,0.9999999999999999
188.8,0.9999999999999999
188.85000000000002,0.9999999999999999
188.9,0.9999999999999999
188.95000000000002,0.9999999999999999
189.0,0.9999999999999999
189.05,0.9999999999999999
189.10000000000002,0.9999999999999999
189.15,0.9999999999999999
189.20000000000002,0.9999999999999999
189.25,0.9999999999999999
189.3,0.9999999999999999
189.35000000000002,0.9999999999999999
189.4,0.9999999999999999
189.45000000000002,0.9999999999999999
189.5,0.9999999999999999
189.55,0.9999999999999999
189.60000000000002,0.9999999999999999
189.65,0.9999999999999999
189.70000000000002,0.9999999999999999
189.75,0.9999999999999999
189.8,0.9999999999999999
189.85000000000002,0.9999999999999999
189.9,0.9999999999999999
189.95000000000002,0.9999999999999999
190.0,0.9999999999999999
190.05,0.9999999999999999
190.10000000000002,0.9999999999999999
190.15,0.9999999999999999
190.20000000000002,0.9999999999999999
190.25,0.9999999999999999
190.3,0.9999999999999999
190.35000000000002,0.9999999999999999
190.4,0.9999999999999999
190.45000000000002,0.9999999999999999
190.5,0.9999999999999999
190.55,0.9999999999999999
190.60000000000002,0.9999999999999999
190.65,0.9999999999999999
190.70000000000002,0.9999999999999999
190.75,0.9999999999999999
190.8,0.9999999999999999
190.85000000000002,0.9999999999999999
190.9,0.9999999999999999
190.95000000000002,0.9999999999999999
191.0,0.9999999999999999
191.05,0.9999999999999999
191.10000000000002,0.9999999999999999
191.15,0.9999999999999999
191.20000000000002,0.9999999999999999
191.25,0.9999999999999999
191.3,0.9999999999999999
191.35000000000002,0.9999999999999999
191.4,0.9999999999999999
191.45000000000002,0.9999999999999999
191.5,0.9999999999999999
191.55,0.9999999999999999
191.60000000000002,0.9999999999999999
191.65,0.9999999999999999
191.70000000000002,0.9999999999999999
191.75,0.9999999999999999
191.8,0.9999999999999999
191.85000000000002,0.9999999999999999
191.9,0.9999999999999999
191.95000000000002,0.9999999999999999
192.0,0.9999999999999999
192.05,0.9999999999999999
192.10000000000002,0.9999999999999999
192.15,0.9999999999999999
192.20000000000002,0.9999999999999999
192.25,0.9999999999999999
192.3,0.9999999999999999
192.35000000000002,0.9999999999999999
192.4,0.9999999999999999
192.45000000000002,0.9999999999999999
192.5,0.9999999999999999
192.55,0.9999999999999999
192.60000000000002,0.9999999999999999
192.65,0.9999999999999999
192.70000000000002,0.9999999999999999
192.75,0.9999999999999999
192.8,0.9999999999999999
192.85000000000002,0.9999999999999999
192.9,0.9999999999999999
192.95000000000002,0.9999999999999999
193.0,0.9999999999999999
193.05,0.9999999999999999
193.10000000000002,0.9999999999999999
193.15,0.9999999999999999
193.20000000000002,0.9999999999999999
193.25,0.9999999999999999
193.3,0.9999999999999999
193.35000000000002,0.9999999999999999
193.4,0.9999999999999999
193.45000000000002,0.9999999999999999
193.5,0.9999999999999999
193.55,0.9999999999999999
193.60000000000002,0.9999999999999999
193.65,0.9999999999999999
193.70000000000002,0.9999999999999999
193.75,0.9999999999999999
193.8,0.9999999999999999
193.85000000000002,0.9999999999999999
193.9,0.9999999999999999
193.95000000000002,0.9999999999999999
194.0,0.9999999999999999
194.05,0.9999999999999999
194.10000000000002,0.9999999999999999
194.15,0.9999999999999999
194.20000000000002,0.9999999999999999
194.25,0.9999999999999999
194.3,0.9999999999999999
194.35000000000002,0.9999999999999999
194.4,0.9999999999999999
194.45000000000002,0.9999999999999999
194.5,0.9999999999999999
194.55,0.9999999999999999
194.60000000000002,0.9999999999999999
194.65,0.9999999999999999
194.70000000000002,0.9999999999999999
194.75,0.9999999999999999
194.8,0.9999999999999999
194.85000000000002,0.9999999999999999
194.9,0.9999999999999999
194.95000000000002,0.9999999999999999
195.0,0.9999999999999999
195.05,0.9999999999999999
195.10000000000002,0.9999999999999999
195.15,0.9999999999999999
195.20000000000002,0.9999999999999999
195.25,0.9999999999999999
195.3,0.9999999999999999
195.35000000000002,0.9999999999999999
195.4,0.9999999999999999
195.45000000000002,0.9999999999999999
195.5,0.9999999999999999
195.55,0.9999999999999999
195.60000000000002,0.9999999999999999
195.65,0.9999999999999999
195.70000000000002,0.9999999999999999
195.75,0.9999999999999999
195.8,0.9999999999999999
195.85000000000002,0.9999999999999999
195.9,0.9999999999999999
195.95000000000002,0.9999999999999999
196.0,0.9999999999999999
196.05,0.9999999999999999
196.10000000000002,0.9999999999999999
196.15,0.9999999999999999
196.20000000000002,0.9999999999999999
196.25,0.9999999999999999
196.3,0.9999999999999999
196.35000000000002,0.9999999999999999
196.4,0.9999999999999999
196.45000000000002,0.9999999999999999
196.5,0.9999999999999999
196.55,0.9999999999999999
196.60000000000002,0.9999999999999999
196.65,0.9999999999999999
196.70000000000002,0.9999999999999999
196.75,0.9999999999999999
196.8,0.9999999999999999
196.85000000000002,0.9999999999999999
196.9,0.9999999999999999
196.95000000000002,0.9999999999999999
197.0,0.9999999999999999
197.05,0.9999999999999999
197.10000000000002,0.9999999999999999
197.15,0.9999999999999999
197.20000000000002,0.9999999999999999
197.25,0.9999999999999999
197.3,0.9999999999999999
197.35000000000002,0.9999999999999999
197.4,0.9999999999999999
197.45000000000002,0.9999999999999999
197.5,0.9999999999999999
197.55,0.9999999999999999
197.60000000000002,0.9999999999999999
197.65,0.9999999999999999
197.70000000000002,0.9999999999999999
197.75,0.9999999999999999
197.8,0.9999999999999999
197.85000000000002,0.9999999999999999
197.9,0.9999999999999999
197.95000000000002,0.9999999999999999
198.0,0.9999999999999999
198.05,0.9999999999999999
198.10000000000002,0.9999999999999999
198.15,0.9999999999999999
198.20000000000002,0.9999999999999999
198.25,0.9999999999999999
198.3,0.9999999999999999
198.35000000000002,0.9999999999999999
198.4,0.9999999999999999
198.45000000000002,0.9999999999999999
198.5,0.9999999999999999
198.55,0.9999999999999999
198.60000000000002,0.9999999999999999
198.65,0.9999999999999999
198.70000000000002,0.9999999999999999
198.75,0.9999999999999999
198.8,0.9999999999999999
198.85000000000002,0.9999999999999999
198.9,0.9999999999999999
198.95000000000002,0.9999999999999999
199.0,0.9999999999999999
199.05,0.9999999999999999
199.10000000000002,0.9999999999999999
199.15,0.9999999999999999
199.20000000000002,0.9999999999999999
199.25,0.9999999999999999
199.3,0.9999999999999999
199.35000000000002,0.9999999999999999
199.4,0.9999999999999999
199.45000000000002,0.9999999999999999
199.5,0.9999999999999999
199.55,0.9999999999999999
199.60000000000002,0.9999999999999999
199.65,0.9999999999999999
199.70000000000002,0.9999999999999999
199.75,0.9999999999999999
199.8,0.9999999999999999
199.85000000000002,0.9999999999999999
199.9,0.9999999999999999
199.95000000000002,0.9999999999999999
200.0,0.9999999999999999
200.05,0.9999999999999999
200.10000000000002,0.9999999999999999
200.15,0.9999999999999999
200.20000000000002,0.9999999999999999
200.25,0.9999999999999999
200.3,0.9999999999999999
200.35000000000002,0.9999999999999999
200.4,0.9999999999999999
200.45000000000002,0.9999999999999999
200.5,0.9999999999999999
200.55,0.9999999999999999
200.60000000000002,0.9999999999999999
200.65,0.9999999999999999
200.70000000000002,0.9999999999999999
200.75,0.9999999999999999
200.8,0.9999999999999999
200.85000000000002,0.9999999999999999
200.9,0.9999999999999999
200.95000000000002,0.9999999999999999
201.0,0.9999999999999999
201.05,0.9999999999999999
201.10000000000002,0.9999999999999999
201.15,0.9999999999999999
201.20000000000002,0.9999999999999999
201.25,0.9999999999999999
201.3,0.9999999999999999
201.35000000000002,0.9999999999999999
201.4,0.9999999999999999
201.45000000000002,0.9999999999999999
201.5,0.9999999999999999
201.55,0.9999999999999999
201.60000000000002,0.9999999999999999
201.65,0.9999999999999999
201.70000000000002,0.9999999999999999
201.75,0.9999999999999999
201.8,0.9999999999999999
201.85000000000002,0.9999999999999999
201.9,0.9999999999999999
201.95000000000002,0.9999999999999999
202.0,0.9999999999999999
202.05,0.9999999999999999
202.10000000000002,0.9999999999999999
202.15,0.9999999999999999
202.20000000000002,0.9999999999999999
202.25,0.9999999999999999
202.3,0.9999999999999999
202.35000000000002,0.9999999999999999
202.4,0.9999999999999999
202.45000000000002,0.9999999999999999
202.5,0.9999999999999999
202.55,0.9999999999999999
202.60000000000002,0.9999999999999999
202.65,0.9999999999999999
202.70000000000002,0.9999999999999999
202.75,0.9999999999999999
202.8,0.9999999999999999
202.85000000000002,0.9999999999999999
202.9,0.9999999999999999
202.95000000000002,0.9999999999999999
203.0,0.9999999999999999
203.05,0.9999999999999999
203.10000000000002,0.9999999999999999
203.15,0.9999999999999999
203.20000000000002,0.9999999999999999
203.25,0.9999999999999999
203.3,0.9999999999999999
203.35000000000002,0.9999999999999999
203.4,0.9999999999999999
203.45000000000002,0.9999999999999999
203.5,0.9999999999999999
203.55,0.9999999999999999
203.60000000000002,0.9999999999999999
203.65,0.9999999999999999
203.70000000000002,0.9999999999999999
203.75,0.9999999999999999
203.8,0.9999999999999999
203.85000000000002,0.9999999999999999
203.9,0.9999999999999999
203.95000000000002,0.9999999999999999
204.0,0.9999999999999999
204.05,0.9999999999999999
204.10000000000002,0.9999999999999999
204.15,0.9999999999999999
204.20000000000002,0.9999999999999999
204.25,0.9999999999999999
204.3,0.9999999999999999
204.35000000000002,0.9999999999999999
204.4,0.9999999999999999
204.45000000000002,0.9999999999999999
204.5,0.9999999999999999
204.55,0.9999999999999999
204.60000000000002,0.9999999999999999
204.65,0.9999999999999999
204.70000000000002,0.9999999999999999
204.75,0.9999999999999999
204.8,0.9999999999999999
204.85000000000002,0.9999999999999999
204.9,0.9999999999999999
204.95000000000002,0.9999999999999999
205.0,0.9999999999999999
205.05,0.9999999999999999
205.10000000000002,0.9999999999999999
205.15,0.9999999999999999
205.20000000000002,0.9999999999999999
205.25,0.9999999999999999
205.3,0.9999999999999999
205.35000000000002,0.9999999999999999
205.4,0.9999999999999999
205.45000000000002,0.9999999999999999
205.5,0.9999999999999999
205.55,0.9999999999999999
205.60000000000002,0.9999999999999999
205.65,0.9999999999999999
205.70000000000002,0.9999999999999999
205.75,0.9999999999999999
205.8,0.9999999999999999
205.85000000000002,0.9999999999999999
205.9,0.9999999999999999
205.95000000000002,0.9999999999999999
206.0,0.9999999999999999
206.05,0.9999999999999999
206.10000000000002,0.9999999999999999
206.15,0.9999999999999999
206.20000000000002,0.9999999999999999
206.25,0.9999999999999999
206.3,0.9999999999999999
206.35000000000002,0.9999999999999999
206.4,0.9999999999999999
206.45000000000002,0.9999999999999999
206.5,0.9999999999999999
206.55,0.9999999999999999
206.60000000000002,0.9999999999999999
206.65,0.9999999999999999
206.70000000000002,0.9999999999999999
206.75,0.9999999999999999
206.8,0.9999999999999999
206.85000000000002,0.9999999999999999
206.9,0.9999999999999999
206.95000000000002,0.9999999999999999
207.0,0.9999999999999999
207.05,0.9999999999999999
207.10000000000002,0.9999999999999999
207.15,0.9999999999999999
207.20000000000002,0.9999999999999999
207.25,0.9999999999999999
207.3,0.9999999999999999
207.35000000000002,0.9999999999999999
207.4,0.9999999999999999
207.45000000000002,0.9999999999999999
207.5,0.9999999999999999
207.55,0.9999999999999999
207.60000000000002,0.9999999999999999
207.65,0.9999999999999999
207.70000000000002,0.9999999999999999
207.75,0.9999999999999999
207.8,0.9999999999999999
207.85000000000002,0.9999999999999999
207.9,0.9999999999999999
207.95000000000002,0.9999999999999999
208.0,0.9999999999999999
208.05,0.9999999999999999
208.10000000000002,0.9999999999999999
208.15,0.9999999999999999
208.20000000000002,0.9999999999999999
208.25,0.9999999999999999
208.3,0.9999999999999999
208.35000000000002,0.9999999999999999
208.4,0.9999999999999999
208.45000000000002,0.9999999999999999
208.5,0.9999999999999999
208.55,0.9999999999999999
208.60000000000002,0.9999999999999999
208.65,0.9999999999999999
208.70000000000002,0.9999999999999999
208.75,0.9999999999999999
208.8,0.9999999999999999
208.85000000000002,0.9999999999999999
208.9,0.9999999999999999
208.95000000000002,0.9999999999999999
209.0,0.9999999999999999
209.05,0.9999999999999999
209.10000000000002,0.9999999999999999
209.15,0.9999999999999999
209.20000000000002,0.9999999999999999
209.25,0.9999999999999999
209.3,0.9999999999999999
209.35000000000002,0.9999999999999999
209.4,0.9999999999999999
209.45000000000002,0.9999999999999999
209.5,0.9999999999999999
209.55,0.9999999999999999
209.60000000000002,0.9999999999999999
209.65,0.9999999999999999
209.70000000000002,0.9999999999999999
209.75,0.9999999999999999
209.8,0.9999999999999999
209.85000000000002,0.9999999999999999
209.9,0.9999999999999999
209.95000000000002,0.9999999999999999
210.0,0.9999999999999999
210.05,0.9999999999999999
210.10000000000002,0.9999999999999999
210.15,0.9999999999999999
210.20000000000002,0.9999999999999999
210.25,0.9999999999999999
210.3,0.9999999999999999
210.35000000000002,0.9999999999999999
210.4,0.9999999999999999
210.45000000000002,0.9999999999999999
210.5,0.9999999999999999
210.55,0.9999999999999999
210.60000000000002,0.9999999999999999
210.65,0.9999999999999999
210.70000000000002,0.9999999999999999
210.75,0.9999999999999999
210.8,0.9999999999999999
210.85000000000002,0.9999999999999999
210.9,0.9999999999999999
210.95000000000002,0.9999999999999999
211.0,0.9999999999999999
211.05,0.9999999999999999
211.10000000000002,0.9999999999999999
211.15,0.9999999999999999
211.20000000000002,0.9999999999999999
211.25,0.9999999999999999
211.3,0.9999999999999999
211.35000000000002,0.9999999999999999
211.4,0.9999999999999999
211.45000000000002,0.9999999999999999
211.5,0.9999999999999999
211.55,0.9999999999999999
211.60000000000002,0.9999999999999999
211.65,0.9999999999999999
211.70000000000002,0.9999999999999999
211.75,0.9999999999999999
211.8,0.9999999999999999
211.85000000000002,0.9999999999999999
211.9,0.9999999999999999
211.95000000000002,0.9999999999999999
212.0,0.9999999999999999
212.05,0.9999999999999999
212.10000000000002,0.9999999999999999
212.15,0.9999999999999999
212.20000000000002,0.9999999999999999
212.25,0.9999999999999999
212.3,0.9999999999999999
212.35000000000002,0.9999999999999999
212.4,0.9999999999999999
212.45000000000002,0.9999999999999999
212.5,0.9999999999999999
212.55,0.9999999999999999
212.60000000000002,0.9999999999999999
212.65,0.9999999999999999
212.70000000000002,0.9999999999999999
212.75,0.9999999999999999
212.8,0.9999999999999999
212.85000000000002,0.9999999999999999
212.9,0.9999999999999999
212.95000000000002,0.9999999999999999
213.0,0.9999999999999999
213.05,0.9999999999999999
213.10000000000002,0.9999999999999999
213.15,0.9999999999999999
213.20000000000002,0.9999999999999999
213.25,0.9999999999999999
213.3,0.9999999999999999
213.35000000000002,0.9999999999999999
213.4,0.9999999999999999
213.45000000000002,0.9999999999999999
213.5,0.9999999999999999
213.55,0.9999999999999999
213.60000000000002,0.9999999999999999
213.65,0.9999999999999999
213.70000000000002,0.9999999999999999
213.75,0.9999999999999999
213.8,0.9999999999999999
213.85000000000002,0.9999999999999999
213.9,0.9999999999999999
213.95000000000002,0.9999999999999999
214.0,0.9999999999999999
214.05,0.9999999999999999
214.10000000000002,0.9999999999999999
214.15,0.9999999999999999
214.20000000000002,0.9999999999999999
214.25,0.9999999999999999
214.3,0.9999999999999999
214.35000000000002,0.9999999999999999
214.4,0.9999999999999999
214.45000000000002,0.9999999999999999
214.5,0.9999999999999999
214.55,0.9999999999999999
214.60000000000002,0.9999999999999999
214.65,0.9999999999999999
214.70000000000002,0.9999999999999999
214.75,0.9999999999999999
214.8,0.9999999999999999
214.85000000000002,0.9999999999999999
214.9,0.9999999999999999
214.95000000000002,0.9999999999999999
215.0,0.9999999999999999
215.05,0.9999999999999999
215.10000000000002,0.9999999999999999
215.15,0.9999999999999999
215.20000000000002,0.9999999999999999
215.25,0.9999999999999999
215.3,0.9999999999999999
215.35000000000002,0.9999999999999999
215.4,0.9999999999999999
215.45000000000002,0.9999999999999999
215.5,0.9999999999999999
215.55,0.9999999999999999
215.60000000000002,0.9999999999999999
215.65,0.9999999999999999
215.70000000000002,0.9999999999999999
215.75,0.9999999999999999
215.8,0.9999999999999999
215.85000000000002,0.9999999999999999
215.9,0.9999999999999999
215.95000000000002,0.9999999999999999
216.0,0.9999999999999999
216.05,0.9999999999999999
216.10000000000002,0.9999999999999999
216.15,0.9999999999999999
216.20000000000002,0.9999999999999999
216.25,0.9999999999999999
216.3,0.9999999999999999
216.35000000000002,0.9999999999999999
216.4,0.9999999999999999
216.45000000000002,0.9999999999999999
216.5,0.9999999999999999
216.55,0.9999999999999999
216.60000000000002,0.9999999999999999
216.65,0.9999999999999999
216.70000000000002,0.9999999999999999
216.75,0.9999999999999999
216.8,0.9999999999999999
216.85000000000002,0.9999999999999999
216.9,0.9999999999999999
216.95000000000002,0.9999999999999999
217.0,0.9999999999999999
217.05,0.9999999999999999
217.10000000000002,0.9999999999999999
217.15,0.9999999999999999
217.20000000000002,0.9999999999999999
217.25,0.9999999999999999
217.3,0.9999999999999999
217.35000000000002,0.9999999999999999
217.4,0.9999999999999999
217.45000000000002,0.9999999999999999
217.5,0.9999999999999999
217.55,0.9999999999999999
217.60000000000002,0.9999999999999999
217.65,0.9999999999999999
217.70000000000002,0.9999999999999999
217.75,0.9999999999999999
217.8,0.9999999999999999
217.85000000000002,0.9999999999999999
217.9,0.9999999999999999
217.95000000000002,0.9999999999999999
218.0,0.9999999999999999
218.05,0.9999999999999999
218.10000000000002,0.9999999999999999
218.15,0.9999999999999999
218.20000000000002,0.9999999999999999
218.25,0.9999999999999999
218.3,0.9999999999999999
218.35000000000002,0.9999999999999999
218.4,0.9999999999999999
218.45000000000002,0.9999999999999999
218.5,0.9999999999999999
218.55,0.9999999999999999
218.60000000000002,0.9999999999999999
218.65,0.9999999999999999
218.70000000000002,0.9999999999999999
218.75,0.9999999999999999
218.8,0.9999999999999999
218.85000000000002,0.9999999999999999
218.9,0.9999999999999999
218.95000000000002,0.9999999999999999
219.0,0.9999999999999999
219.05,0.9999999999999999
219.10000000000002,0.9999999999999999
219.15,0.9999999999999999
219.20000000000002,0.9999999999999999
219.25,0.9999999999999999
219.3,0.9999999999999999
219.35000000000002,0.9999999999999999
219.4,0.9999999999999999
219.45000000000002,0.9999999999999999
219.5,0.9999999999999999
219.55,0.9999999999999999
219.60000000000002,0.9999999999999999
219.65,0.9999999999999999
219.70000000000002,0.9999999999999999
219.75,0.9999999999999999
219.8,0.9999999999999999
219.85000000000002,0.9999999999999999
219.9,0.9999999999999999
219.95000000000002,0.9999999999999999
220.0,0.9999999999999999
220.05,0.9999999999999999
220.10000000000002,0.9999999999999999
220.15,0.9999999999999999
220.20000000000002,0.9999999999999999
220.25,0.9999999999999999
220.3,0.9999999999999999
220.35000000000002,0.9999999999999999
220.4,0.9999999999999999
220.45000000000002,0.9999999999999999
220.5,0.9999999999999999
220.55,0.9999999999999999
220.60000000000002,0.9999999999999999
220.65,0.9999999999999999
220.70000000000002,0.9999999999999999
220.75,0.9999999999999999
220.8,0.9999999999999999
220.85000000000002,0.9999999999999999
220.9,0.9999999999999999
220.95000000000002,0.9999999999999999
221.0,0.9999999999999999
221.05,0.9999999999999999
221.10000000000002,0.9999999999999999
221.15,0.9999999999999999
221.20000000000002,0.9999999999999999
221.25,0.9999999999999999
221.3,0.9999999999999999
221.35000000000002,0.9999999999999999
221.4,0.9999999999999999
221.45000000000002,0.9999999999999999
221.5,0.9999999999999999
221.55,0.9999999999999999
221.60000000000002,0.9999999999999999
221.65,0.9999999999999999
221.70000000000002,0.9999999999999999
221.75,0.9999999999999999
221.8,0.9999999999999999
221.85000000000002,0.9999999999999999
221.9,0.9999999999999999
221.95000000000002,0.9999999999999999
222.0,0.9999999999999999
222.05,0.9999999999999999
222.10000000000002,0.9999999999999999
222.15,0.9999999999999999
222.20000000000002,0.9999999999999999
222.25,0.9999999999999999
222.3,0.9999999999999999
222.35000000000002,0.9999999999999999
222.4,0.9999999999999999
222.45000000000002,0.9999999999999999
222.5,0.9999999999999999
222.55,0.9999999999999999
222.60000000000002,0.9999999999999999
222.65,0.9999999999999999
222.70000000000002,0.9999999999999999
222.75,0.9999999999999999
222.8,0.9999999999999999
222.85000000000002,0.9999999999999999
222.9,0.9999999999999999
222.95000000000002,0.9999999999999999
223.0,0.9999999999999999
223.05,0.9999999999999999
223.10000000000002,0.9999999999999999
223.15,0.9999999999999999
223.20000000000002,0.9999999999999999
223.25,0.9999999999999999
223.3,0.9999999999999999
223.35000000000002,0.9999999999999999
223.4,0.9999999999999999
223.45000000000002,0.9999999999999999
223.5,0.9999999999999999
223.55,0.9999999999999999
223.60000000000002,0.9999999999999999
223.65,0.9999999999999999
223.70000000000002,0.9999999999999999
223.75,0.9999999999999999
223.8,0.9999999999999999
223.85000000000002,0.9999999999999999
223.9,0.9999999999999999
223.95000000000002,0.9999999999999999
224.0,0.9999999999999999
224.05,0.9999999999999999
224.10000000000002,0.9999999999999999
224.15,0.9999999999999999
224.20000000000002,0.9999999999999999
224.25,0.9999999999999999
224.3,0.9999999999999999
224.35000000000002,0.9999999999999999
224.4,0.9999999999999999
224.45000000000002,0.9999999999999999
224.5,0.9999999999999999
224.55,0.9999999999999999
224.60000000000002,0.9999999999999999
224.65,0.9999999999999999
224.70000000000002,0.9999999999999999
224.75,0.9999999999999999
224.8,0.9999999999999999
224.85000000000002,0.9999999999999999
224.9,0.9999999999999999
224.95000000000002,0.9999999999999999
225.0,0.9999999999999999
225.05,0.9999999999999999
225.10000000000002,0.9999999999999999
225.15,0.9999999999999999
225.20000000000002,0.9999999999999999
225.25,0.9999999999999999
225.3,0.9999999999999999
225.35000000000002,0.9999999999999999
225.4,0.9999999999999999
225.45000000000002,0.9999999999999999
225.5,0.9999999999999999
225.55,0.9999999999999999
225.60000000000002,0.9999999999999999
225.65,0.9999999999999999
225.70000000000002,0.9999999999999999
225.75,0.9999999999999999
225.8,0.9999999999999999
225.85000000000002,0.9999999999999999
225.9,0.9999999999999999
225.95000000000002,0.9999999999999999
226.0,0.9999999999999999
226.05,0.9999999999999999
226.10000000000002,0.9999999999999999
226.15,0.9999999999999999
226.20000000000002,0.9999999999999999
226.25,0.9999999999999999
226.3,0.9999999999999999
226.35000000000002,0.9999999999999999
226.4,0.9999999999999999
226.45000000000002,0.9999999999999999
226.5,0.9999999999999999
226.55,0.9999999999999999
226.60000000000002,0.9999999999999999
226.65,0.9999999999999999
226.70000000000002,0.9999999999999999
226.75,0.9999999999999999
226.8,0.9999999999999999
226.85000000000002,0.9999999999999999
226.9,0.9999999999999999
226.95000000000002,0.9999999999999999
227.0,0.9999999999999999
227.05,0.9999999999999999
227.10000000000002,0.9999999999999999
227.15,0.9999999999999999
227.20000000000002,0.9999999999999999
227.25,0.9999999999999999
227.3,0.9999999999999999
227.35000000000002,0.9999999999999999
227.4,0.9999999999999999
227.45000000000002,0.9999999999999999
227.5,0.9999999999999999
227.55,0.9999999999999999
227.60000000000002,0.9999999999999999
227.65,0.9999999999999999
227.70000000000002,0.9999999999999999
227.75,0.9999999999999999
227.8,0.9999999999999999
227.85000000000002,0.9999999999999999
227.9,0.9999999999999999
227.95000000000002,0.9999999999999999
228.0,0.9999999999999999
228.05,0.9999999999999999
228.10000000000002,0.9999999999999999
228.15,0.9999999999999999
228.20000000000002,0.9999999999999999
228.25,0.9999999999999999
228.3,0.9999999999999999
228.35000000000002,0.9999999999999999
228.4,0.9999999999999999
228.45000000000002,0.9999999999999999
228.5,0.9999999999999999
228.55,0.9999999999999999
228.60000000000002,0.9999999999999999
228.65,0.9999999999999999
228.70000000000002,0.9999999999999999
228.75,0.9999999999999999
228.8,0.9999999999999999
228.85000000000002,0.9999999999999999
228.9,0.9999999999999999
228.95000000000002,0.9999999999999999
229.0,0.9999999999999999
229.05,0.9999999999999999
229.10000000000002,0.9999999999999999
229.15,0.9999999999999999
229.20000000000002,0.9999999999999999
229.25,0.9999999999999999
229.3,0.9999999999999999
229.35000000000002,0.9999999999999999
229.4,0.9999999999999999
229.45000000000002,0.9999999999999999
229.5,0.9999999999999999
229.55,0.9999999999999999
229.60000000000002,0.9999999999999999
229.65,0.9999999999999999
229.70000000000002,0.9999999999999999
229.75,0.9999999999999999
229.8,0.9999999999999999
229.85000000000002,0.9999999999999999
229.9,0.9999999999999999
229.95000000000002,0.9999999999999999
230.0,0.9999999999999999
230.05,0.9999999999999999
230.10000000000002,0.9999999999999999
230.15,0.9999999999999999
230.20000000000002,0.9999999999999999
230.25,0.9999999999999999
230.3,0.9999999999999999
230.35000000000002,0.9999999999999999
230.4,0.9999999999999999
230.45000000000002,0.9999999999999999
230.5,0.9999999999999999
230.55,0.9999999999999999
230.60000000000002,0.9999999999999999
230.65,0.9999999999999999
230.70000000000002,0.9999999999999999
230.75,0.9999999999999999
230.8,0.9999999999999999
230.85000000000002,0.9999999999999999
230.9,0.9999999999999999
230.95000000000002,0.9999999999999999
231.0,0.9999999999999999
231.05,0.9999999999999999
231.10000000000002,0.9999999999999999
231.15,0.9999999999999999
231.20000000000002,0.9999999999999999
231.25,0.9999999999999999
231.3,0.9999999999999999
231.35000000000002,0.9999999999999999
231.4,0.9999999999999999
231.45000000000002,0.9999999999999999
231.5,0.9999999999999999
231.55,0.9999999999999999
231.60000000000002,0.9999999999999999
231.65,0.9999999999999999
231.70000000000002,0.9999999999999999
231.75,0.9999999999999999
231.8,0.9999999999999999
231.85000000000002,0.9999999999999999
231.9,0.9999999999999999
231.95000000000002,0.9999999999999999
232.0,0.9999999999999999
232.05,0.9999999999999999
232.10000000000002,0.9999999999999999
232.15,0.9999999999999999
232.20000000000002,0.9999999999999999
232.25,0.9999999999999999
232.3,0.9999999999999999
232.35000000000002,0.9999999999999999
232.4,0.9999999999999999
232.45000000000002,0.9999999999999999
232.5,0.9999999999999999
232.55,0.9999999999999999
232.60000000000002,0.9999999999999999
232.65,0.9999999999999999
232.70000000000002,0.9999999999999999
232.75,0.9999999999999999
232.8,0.9999999999999999
232.85000000000002,0.9999999999999999
232.9,0.9999999999999999
232.95000000000002,0.9999999999999999
233.0,0.9999999999999999
233.05,0.9999999999999999
233.10000000000002,0.9999999999999999
233.15,0.9999999999999999
233.20000000000002,0.9999999999999999
233.25,0.9999999999999999
233.3,0.9999999999999999
233.35000000000002,0.9999999999999999
233.4,0.9999999999999999
233.45000000000002,0.9999999999999999
233.5,0.9999999999999999
233.55,0.9999999999999999
233.60000000000002,0.9999999999999999
233.65,0.9999999999999999
233.70000000000002,0.9999999999999999
233.75,0.9999999999999999
233.8,0.9999999999999999
233.85000000000002,0.9999999999999999
233.9,0.9999999999999999
233.95000000000002,0.9999999999999999
234.0,0.9999999999999999
234.05,0.9999999999999999
234.10000000000002,0.9999999999999999
234.15,0.9999999999999999
234.20000000000002,0.9999999999999999
234.25,0.9999999999999999
234.3,0.9999999999999999
234.35000000000002,0.9999999999999999
234.4,0.9999999999999999
234.45000000000002,0.9999999999999999
234.5,0.9999999999999999
234.55,0.9999999999999999
234.60000000000002,0.9999999999999999
234.65,0.9999999999999999
234.70000000000002,0.9999999999999999
234.75,0.9999999999999999
234.8,0.9999999999999999
234.85000000000002,0.9999999999999999
234.9,0.9999999999999999
234.95000000000002,0.9999999999999999
235.0,0.9999999999999999
235.05,0.9999999999999999
235.10000000000002,0.9999999999999999
235.15,0.9999999999999999
235.20000000000002,0.9999999999999999
235.25,0.9999999999999999
235.3,0.9999999999999999
235.35000000000002,0.9999999999999999
235.4,0.9999999999999999
235.45000000000002,0.9999999999999999
235.5,0.9999999999999999
235.55,0.9999999999999999
235.60000000000002,0.9999999999999999
235.65,0.9999999999999999
235.70000000000002,0.9999999999999999
235.75,0.9999999999999999
235.8,0.9999999999999999
235.85000000000002,0.9999999999999999
235.9,0.9999999999999999
235.95000000000002,0.9999999999999999
236.0,0.9999999999999999
236.05,0.9999999999999999
236.10000000000002,0.9999999999999999
236.15,0.9999999999999999
236.20000000000002,0.9999999999999999
236.25,0.9999999999999999
236.3,0.9999999999999999
236.35000000000002,0.9999999999999999
236.4,0.9999999999999999
236.45000000000002,0.9999999999999999
236.5,0.9999999999999999
236.55,0.9999999999999999
236.60000000000002,0.9999999999999999
236.65,0.9999999999999999
236.70000000000002,0.9999999999999999
236.75,0.9999999999999999
236.8,0.9999999999999999
236.85000000000002,0.9999999999999999
236.9,0.9999999999999999
236.95000000000002,0.9999999999999999
237.0,0.9999999999999999
237.05,0.9999999999999999
237.10000000000002,0.9999999999999999
237.15,0.9999999999999999
237.20000000000002,0.9999999999999999
237.25,0.9999999999999999
237.3,0.9999999999999999
237.35000000000002,0.9999999999999999
237.4,0.9999999999999999
237.45000000000002,0.9999999999999999
237.5,0.9999999999999999
237.55,0.9999999999999999
237.60000000000002,0.9999999999999999
237.65,0.9999999999999999
237.70000000000002,0.9999999999999999
237.75,0.9999999999999999
237.8,0.9999999999999999
237.85000000000002,0.9999999999999999
237.9,0.9999999999999999
237.95000000000002,0.9999999999999999
238.0,0.9999999999999999
238.05,0.9999999999999999
238.10000000000002,0.9999999999999999
238.15,0.9999999999999999
238.20000000000002,0.9999999999999999
238.25,0.9999999999999999
238.3,0.9999999999999999
238.35000000000002,0.9999999999999999
238.4,0.9999999999999999
238.45000000000002,0.9999999999999999
238.5,0.9999999999999999
238.55,0.9999999999999999
238.60000000000002,0.9999999999999999
238.65,0.9999999999999999
238.70000000000002,0.9999999999999999
238.75,0.9999999999999999
238.8,0.9999999999999999
238.85000000000002,0.9999999999999999
238.9,0.9999999999999999
238.95000000000002,0.9999999999999999
239.0,0.9999999999999999
239.05,0.9999999999999999
239.10000000000002,0.9999999999999999
239.15,0.9999999999999999
239.20000000000002,0.9999999999999999
239.25,0.9999999999999999
239.3,0.9999999999999999
239.35000000000002,0.9999999999999999
239.4,0.9999999999999999
239.45000000000002,0.9999999999999999
239.5,0.9999999999999999
239.55,0.9999999999999999
239.60000000000002,0.9999999999999999
239.65,0.9999999999999999
239.70000000000002,0.9999999999999999
239.75,0.9999999999999999
239.8,0.9999999999999999
239.85000000000002,0.9999999999999999
239.9,0.9999999999999999
239.95000000000002,0.9999999999999999
240.0,0.9999999999999999
240.05,0.9999999999999999
240.10000000000002,0.9999999999999999
240.15,0.9999999999999999
240.20000000000002,0.9999999999999999
240.25,0.9999999999999999
240.3,0.9999999999999999
240.35000000000002,0.9999999999999999
240.4,0.9999999999999999
240.45000000000002,0.9999999999999999
240.5,0.9999999999999999
240.55,0.9999999999999999
240.60000000000002,0.9999999999999999
240.65,0.9999999999999999
240.70000000000002,0.9999999999999999
240.75,0.9999999999999999
240.8,0.9999999999999999
240.85000000000002,0.9999999999999999
240.9,0.9999999999999999
240.95000000000002,0.9999999999999999
241.0,0.9999999999999999
241.05,0.9999999999999999
241.10000000000002,0.9999999999999999
241.15,0.9999999999999999
241.20000000000002,0.9999999999999999
241.25,0.9999999999999999
241.3,0.9999999999999999
241.35000000000002,0.9999999999999999
241.4,0.9999999999999999
241.45000000000002,0.9999999999999999
241.5,0.9999999999999999
241.55,0.9999999999999999
241.60000000000002,0.9999999999999999
241.65,0.9999999999999999
241.70000000000002,0.9999999999999999
241.75,0.9999999999999999
241.8,0.9999999999999999
241.85000000000002,0.9999999999999999
241.9,0.9999999999999999
241.95000000000002,0.9999999999999999
242.0,0.9999999999999999
242.05,0.9999999999999999
242.10000000000002,0.9999999999999999
242.15,0.9999999999999999
242.20000000000002,0.9999999999999999
242.25,0.9999999999999999
242.3,0.9999999999999999
242.35000000000002,0.9999999999999999
242.4,0.9999999999999999
242.45000000000002,0.9999999999999999
242.5,0.9999999999999999
242.55,0.9999999999999999
242.60000000000002,0.9999999999999999
242.65,0.9999999999999999
242.70000000000002,0.9999999999999999
242.75,0.9999999999999999
242.8,0.9999999999999999
242.85000000000002,0.9999999999999999
242.9,0.9999999999999999
242.95000000000002,0.9999999999999999
243.0,0.9999999999999999
243.05,0.9999999999999999
243.10000000000002,0.9999999999999999
243.15,0.9999999999999999
243.20000000000002,0.9999999999999999
243.25,0.9999999999999999
243.3,0.9999999999999999
243.35000000000002,0.9999999999999999
243.4,0.9999999999999999
243.45000000000002,0.9999999999999999
243.5,0.9999999999999999
243.55,0.9999999999999999
243.60000000000002,0.9999999999999999
243.65,0.9999999999999999
243.70000000000002,0.9999999999999999
243.75,0.9999999999999999
243.8,0.9999999999999999
243.85000000000002,0.9999999999999999
243.9,0.9999999999999999
243.95000000000002,0.9999999999999999
244.0,0.9999999999999999
244.05,0.9999999999999999
244.10000000000002,0.9999999999999999
244.15,0.9999999999999999
244.20000000000002,0.9999999999999999
244.25,0.9999999999999999
244.3,0.9999999999999999
244.35000000000002,0.9999999999999999
244.4,0.9999999999999999
244.45000000000002,0.9999999999999999
244.5,0.9999999999999999
244.55,0.9999999999999999
244.60000000000002,0.9999999999999999
244.65,0.9999999999999999
244.70000000000002,0.9999999999999999
244.75,0.9999999999999999
244.8,0.9999999999999999
244.85000000000002,0.9999999999999999
244.9,0.9999999999999999
244.95000000000002,0.9999999999999999
245.0,0.9999999999999999
245.05,0.9999999999999999
245.10000000000002,0.9999999999999999
245.15,0.9999999999999999
245.20000000000002,0.9999999999999999
245.25,0.9999999999999999
245.3,0.9999999999999999
245.35000000000002,0.9999999999999999
245.4,0.9999999999999999
245.45000000000002,0.9999999999999999
245.5,0.9999999999999999
245.55,0.9999999999999999
245.60000000000002,0.9999999999999999
245.65,0.9999999999999999
245.70000000000002,0.9999999999999999
245.75,0.9999999999999999
245.8,0.9999999999999999
245.85000000000002,0.9999999999999999
245.9,0.9999999999999999
245.95000000000002,0.9999999999999999
246.0,0.9999999999999999
246.05,0.9999999999999999
246.10000000000002,0.9999999999999999
246.15,0.9999999999999999
246.20000000000002,0.9999999999999999
246.25,0.9999999999999999
246.3,0.9999999999999999
246.35000000000002,0.9999999999999999
246.4,0.9999999999999999
246.45000000000002,0.9999999999999999
246.5,0.9999999999999999
246.55,0.9999999999999999
246.60000000000002,0.9999999999999999
246.65,0.9999999999999999
246.70000000000002,0.9999999999999999
246.75,0.9999999999999999
246.8,0.9999999999999999
246.85000000000002,0.9999999999999999
246.9,0.9999999999999999
246.95000000000002,0.9999999999999999
247.0,0.9999999999999999
247.05,0.9999999999999999
247.10000000000002,0.9999999999999999
247.15,0.9999999999999999
247.20000000000002,0.9999999999999999
247.25,0.9999999999999999
247.3,0.9999999999999999
247.35000000000002,0.9999999999999999
247.4,0.9999999999999999
247.45000000000002,0.9999999999999999
247.5,0.9999999999999999
247.55,0.9999999999999999
247.60000000000002,0.9999999999999999
247.65,0.9999999999999999
247.70000000000002,0.9999999999999999
247.75,0.9999999999999999
247.8,0.9999999999999999
247.85000000000002,0.9999999999999999
247.9,0.9999999999999999
247.95000000000002,0.9999999999999999
248.0,0.9999999999999999
248.05,0.9999999999999999
248.10000000000002,0.9999999999999999
248.15,0.9999999999999999
248.20000000000002,0.9999999999999999
248.25,0.9999999999999999
248.3,0.9999999999999999
248.35000000000002,0.9999999999999999
248.4,0.9999999999999999
248.45000000000002,0.9999999999999999
248.5,0.9999999999999999
248.55,0.9999999999999999
248.60000000000002,0.9999999999999999
248.65,0.9999999999999999
248.70000000000002,0.9999999999999999
248.75,0.9999999999999999
248.8,0.9999999999999999
248.85000000000002,0.9999999999999999
248.9,0.9999999999999999
248.95000000000002,0.9999999999999999
249.0,0.9999999999999999
249.05,0.9999999999999999
249.10000000000002,0.9999999999999999
249.15,0.9999999999999999
249.20000000000002,0.9999999999999999
249.25,0.9999999999999999
249.3,0.9999999999999999
249.35000000000002,0.9999999999999999
249.4,0.9999999999999999
249.45000000000002,0.9999999999999999
249.5,0.9999999999999999
249.55,0.9999999999999999
249.60000000000002,0.9999999999999999
249.65,0.9999999999999999
249.70000000000002,0.9999999999999999
249.75,0.9999999999999999
249.8,0.9999999999999999
249.85000000000002,0.9999999999999999
249.9,0.9999999999999999
249.95000000000002,0.9999999999999999
250.0,0.9999999999999999
250.05,0.9999999999999999
250.10000000000002,0.9999999999999999
250.15,0.9999999999999999
250.20000000000002,0.9999999999999999
250.25,0.9999999999999999
250.3,0.9999999999999999
250.35000000000002,0.9999999999999999
250.4,0.9999999999999999
250.45000000000002,0.9999999999999999
250.5,0.9999999999999999
250.55,0.9999999999999999
250.60000000000002,0.9999999999999999
250.65,0.9999999999999999
250.70000000000002,0.9999999999999999
250.75,0.9999999999999999
250.8,0.9999999999999999
250.85000000000002,0.9999999999999999
250.9,0.9999999999999999
250.95000000000002,0.9999999999999999
251.0,0.9999999999999999
251.05,0.9999999999999999
251.10000000000002,0.9999999999999999
251.15,0.9999999999999999
251.20000000000002,0.9999999999999999
251.25,0.9999999999999999
251.3,0.9999999999999999
251.35000000000002,0.9999999999999999
251.4,0.9999999999999999
251.45000000000002,0.9999999999999999
251.5,0.9999999999999999
251.55,0.9999999999999999
251.60000000000002,0.9999999999999999
251.65,0.9999999999999999
251.70000000000002,0.9999999999999999
251.75,0.9999999999999999
251.8,0.9999999999999999
251.85000000000002,0.9999999999999999
251.9,0.9999999999999999
251.95000000000002,0.9999999999999999
252.0,0.9999999999999999
252.05,0.9999999999999999
252.10000000000002,0.9999999999999999
252.15,0.9999999999999999
252.20000000000002,0.9999999999999999
252.25,0.9999999999999999
252.3,0.9999999999999999
252.35000000000002,0.9999999999999999
252.4,0.9999999999999999
252.45000000000002,0.9999999999999999
252.5,0.9999999999999999
252.55,0.9999999999999999
252.60000000000002,0.9999999999999999
252.65,0.9999999999999999
252.70000000000002,0.9999999999999999
252.75,0.9999999999999999
252.8,0.9999999999999999
252.85000000000002,0.9999999999999999
252.9,0.9999999999999999
252.95000000000002,0.9999999999999999
253.0,0.9999999999999999
253.05,0.9999999999999999
253.10000000000002,0.9999999999999999
253.15,0.9999999999999999
253.20000000000002,0.9999999999999999
253.25,0.9999999999999999
253.3,0.9999999999999999
253.35000000000002,0.9999999999999999
253.4,0.9999999999999999
253.45000000000002,0.9999999999999999
253.5,0.9999999999999999
253.55,0.9999999999999999
253.60000000000002,0.9999999999999999
253.65,0.9999999999999999
253.70000000000002,0.9999999999999999
253.75,0.9999999999999999
253.8,0.9999999999999999
253.85000000000002,0.9999999999999999
253.9,0.9999999999999999
253.95000000000002,0.9999999999999999
254.0,0.9999999999999999
254.05,0.9999999999999999
254.10000000000002,0.9999999999999999
254.15,0.9999999999999999
254.20000000000002,0.9999999999999999
254.25,0.9999999999999999
254.3,0.9999999999999999
254.35000000000002,0.9999999999999999
254.4,0.9999999999999999
254.45000000000002,0.9999999999999999
254.5,0.9999999999999999
254.55,0.9999999999999999
254.60000000000002,0.9999999999999999
254.65,0.9999999999999999
254.70000000000002,0.9999999999999999
254.75,0.9999999999999999
254.8,0.9999999999999999
254.85000000000002,0.9999999999999999
254.9,0.9999999999999999
254.95000000000002,0.9999999999999999
255.0,0.9999999999999999
255.05,0.9999999999999999
255.10000000000002,0.9999999999999999
255.15,0.9999999999999999
255.20000000000002,0.9999999999999999
255.25,0.9999999999999999
255.3,0.9999999999999999
255.35000000000002,0.9999999999999999
255.4,0.9999999999999999
255.45000000000002,0.9999999999999999
255.5,0.9999999999999999
255.55,0.9999999999999999
255.60000000000002,0.9999999999999999
255.65,0.9999999999999999
255.70000000000002,0.9999999999999999
255.75,0.9999999999999999
255.8,0.9999999999999999
255.85000000000002,0.9999999999999999
255.9,0.9999999999999999
255.95000000000002,0.9999999999999999
256.0,0.9999999999999999
256.05,0.9999999999999999
256.1,0.9999999999999999
256.15000000000003,0.9999999999999999
256.2,0.9999999999999999
256.25,0.9999999999999999
256.3,0.9999999999999999
256.35,0.9999999999999999
256.40000000000003,0.9999999999999999
256.45,0.9999999999999999
256.5,0.9999999999999999
256.55,0.9999999999999999
256.6,0.9999999999999999
256.65000000000003,0.9999999999999999
256.7,0.9999999999999999
256.75,0.9999999999999999
256.8,0.9999999999999999
256.85,0.9999999999999999
256.90000000000003,0.9999999999999999
256.95,0.9999999999999999
257.0,0.9999999999999999
257.05,0.9999999999999999
257.1,0.9999999999999999
257.15000000000003,0.9999999999999999
257.2,0.9999999999999999
257.25,0.9999999999999999
257.3,0.9999999999999999
257.35,0.9999999999999999
257.40000000000003,0.9999999999999999
257.45,0.9999999999999999
257.5,0.9999999999999999
257.55,0.9999999999999999
257.6,0.9999999999999999
257.65000000000003,0.9999999999999999
257.7,0.9999999999999999
257.75,0.9999999999999999
257.8,0.9999999999999999
257.85,0.9999999999999999
257.90000000000003,0.9999999999999999
257.95,0.9999999999999999
258.0,0.9999999999999999
258.05,0.9999999999999999
258.1,0.9999999999999999
258.15000000000003,0.9999999999999999
258.2,0.9999999999999999
258.25,0.9999999999999999
258.3,0.9999999999999999
258.35,0.9999999999999999
258.40000000000003,0.9999999999999999
258.45,0.9999999999999999
258.5,0.9999999999999999
258.55,0.9999999999999999
258.6,0.9999999999999999
258.65000000000003,0.9999999999999999
258.7,0.9999999999999999
258.75,0.9999999999999999
258.8,0.9999999999999999
258.85,0.9999999999999999
258.90000000000003,0.9999999999999999
258.95,0.9999999999999999
259.0,0.9999999999999999
259.05,0.9999999999999999
259.1,0.9999999999999999
259.15000000000003,0.9999999999999999
259.2,0.9999999999999999
259.25,0.9999999999999999
259.3,0.9999999999999999
259.35,0.9999999999999999
259.40000000000003,0.9999999999999999
259.45,0.9999999999999999
259.5,0.9999999999999999
259.55,0.9999999999999999
259.6,0.9999999999999999
259.65000000000003,0.9999999999999999
259.7,0.9999999999999999
259.75,0.9999999999999999
259.8,0.9999999999999999
259.85,0.9999999999999999
259.90000000000003,0.9999999999999999
259.95,0.9999999999999999
260.0,0.9999999999999999
260.05,0.9999999999999999
260.1,0.9999999999999999
260.15000000000003,0.9999999999999999
260.2,0.9999999999999999
260.25,0.9999999999999999
260.3,0.9999999999999999
260.35,0.9999999999999999
260.40000000000003,0.9999999999999999
260.45,0.9999999999999999
260.5,0.9999999999999999
260.55,0.9999999999999999
260.6,0.9999999999999999
260.65000000000003,0.9999999999999999
260.7,0.9999999999999999
260.75,0.9999999999999999
260.8,0.9999999999999999
260.85,0.9999999999999999
260.90000000000003,0.9999999999999999
260.95,0.9999999999999999
261.0,0.9999999999999999
261.05,0.9999999999999999
261.1,0.9999999999999999
261.15000000000003,0.9999999999999999
261.2,0.9999999999999999
261.25,0.9999999999999999
261.3,0.9999999999999999
261.35,0.9999999999999999
261.40000000000003,0.9999999999999999
261.45,0.9999999999999999
261.5,0.9999999999999999
261.55,0.9999999999999999
261.6,0.9999999999999999
261.65000000000003,0.9999999999999999
261.7,0.9999999999999999
261.75,0.9999999999999999
261.8,0.9999999999999999
261.85,0.9999999999999999
261.90000000000003,0.9999999999999999
261.95,0.9999999999999999
262.0,0.9999999999999999
262.05,0.9999999999999999
262.1,0.9999999999999999
262.15000000000003,0.9999999999999999
262.2,0.9999999999999999
262.25,0.9999999999999999
262.3,0.9999999999999999
262.35,0.9999999999999999
262.40000000000003,0.9999999999999999
262.45,0.9999999999999999
262.5,0.9999999999999999
262.55,0.9999999999999999
262.6,0.9999999999999999
262.65000000000003,0.9999999999999999
262.7,0.9999999999999999
262.75,0.9999999999999999
262.8,0.9999999999999999
262.85,0.9999999999999999
262.90000000000003,0.9999999999999999
262.95,0.9999999999999999
263.0,0.9999999999999999
263.05,0.9999999999999999
263.1,0.9999999999999999
263.15000000000003,0.9999999999999999
263.2,0.9999999999999999
263.25,0.9999999999999999
263.3,0.9999999999999999
263.35,0.9999999999999999
263.40000000000003,0.9999999999999999
263.45,0.9999999999999999
263.5,0.9999999999999999
263.55,0.9999999999999999
263.6,0.9999999999999999
263.65000000000003,0.9999999999999999
263.7,0.9999999999999999
263.75,0.9999999999999999
263.8,0.9999999999999999
263.85,0.9999999999999999
263.90000000000003,0.9999999999999999
263.95,0.9999999999999999
264.0,0.9999999999999999
264.05,0.9999999999999999
264.1,0.9999999999999999
264.15000000000003,0.9999999999999999
264.2,0.9999999999999999
264.25,0.9999999999999999
264.3,0.9999999999999999
264.35,0.9999999999999999
264.40000000000003,0.9999999999999999
264.45,0.9999999999999999
264.5,0.9999999999999999
264.55,0.9999999999999999
264.6,0.9999999999999999
264.65000000000003,0.9999999999999999
264.7,0.9999999999999999
264.75,0.9999999999999999
264.8,0.9999999999999999
264.85,0.9999999999999999
264.90000000000003,0.9999999999999999
264.95,0.9999999999999999
265.0,0.9999999999999999
265.05,0.9999999999999999
265.1,0.9999999999999999
265.15000000000003,0.9999999999999999
265.2,0.9999999999999999
265.25,0.9999999999999999
265.3,0.9999999999999999
265.35,0.9999999999999999
265.40000000000003,0.9999999999999999
265.45,0.9999999999999999
265.5,0.9999999999999999
265.55,0.9999999999999999
265.6,0.9999999999999999
265.65000000000003,0.9999999999999999
265.7,0.9999999999999999
265.75,0.9999999999999999
265.8,0.9999999999999999
265.85,0.9999999999999999
265.90000000000003,0.9999999999999999
265.95,0.9999999999999999
266.0,0.9999999999999999
266.05,0.9999999999999999
266.1,0.9999999999999999
266.15000000000003,0.9999999999999999
266.2,0.9999999999999999
266.25,0.9999999999999999
266.3,0.9999999999999999
266.35,0.9999999999999999
266.40000000000003,0.9999999999999999
266.45,0.9999999999999999
266.5,0.9999999999999999
266.55,0.9999999999999999
266.6,0.9999999999999999
266.65000000000003,0.9999999999999999
266.7,0.9999999999999999
266.75,0.9999999999999999
266.8,0.9999999999999999
266.85,0.9999999999999999
266.90000000000003,0.9999999999999999
266.95,0.9999999999999999
267.0,0.9999999999999999
267.05,0.9999999999999999
267.1,0.9999999999999999
267.15000000000003,0.9999999999999999
267.2,0.9999999999999999
267.25,0.9999999999999999
267.3,0.9999999999999999
267.35,0.9999999999999999
267.40000000000003,0.9999999999999999
267.45,0.9999999999999999
267.5,0.9999999999999999
267.55,0.9999999999999999
267.6,0.9999999999999999
267.65000000000003,0.9999999999999999
267.7,0.9999999999999999
267.75,0.9999999999999999
267.8,0.9999999999999999
267.85,0.9999999999999999
267.90000000000003,0.9999999999999999
267.95,0.9999999999999999
268.0,0.9999999999999999
268.05,0.9999999999999999
268.1,0.9999999999999999
268.15000000000003,0.9999999999999999
268.2,0.9999999999999999
268.25,0.9999999999999999
268.3,0.9999999999999999
268.35,0.9999999999999999
268.40000000000003,0.9999999999999999
268.45,0.9999999999999999
268.5,0.9999999999999999
268.55,0.9999999999999999
268.6,0.9999999999999999
268.65000000000003,0.9999999999999999
268.7,0.9999999999999999
268.75,0.9999999999999999
268.8,0.9999999999999999
268.85,0.9999999999999999
268.90000000000003,0.9999999999999999
268.95,0.9999999999999999
269.0,0.9999999999999999
269.05,0.9999999999999999
269.1,0.9999999999999999
269.15000000000003,0.9999999999999999
269.2,0.9999999999999999
269.25,0.9999999999999999
269.3,0.9999999999999999
269.35,0.9999999999999999
269.40000000000003,0.9999999999999999
269.45,0.9999999999999999
269.5,0.9999999999999999
269.55,0.9999999999999999
269.6,0.9999999999999999
269.65000000000003,0.9999999999999999
269.7,0.9999999999999999
269.75,0.9999999999999999
269.8,0.9999999999999999
269.85,0.9999999999999999
269.90000000000003,0.9999999999999999
269.95,0.9999999999999999
270.0,0.9999999999999999
270.05,0.9999999999999999
270.1,0.9999999999999999
270.15000000000003,0.9999999999999999
270.2,0.9999999999999999
270.25,0.9999999999999999
270.3,0.9999999999999999
270.35,0.9999999999999999
270.40000000000003,0.9999999999999999
270.45,0.9999999999999999
270.5,0.9999999999999999
270.55,0.9999999999999999
270.6,0.9999999999999999
270.65000000000003,0.9999999999999999
270.7,0.9999999999999999
270.75,0.9999999999999999
270.8,0.9999999999999999
270.85,0.9999999999999999
270.90000000000003,0.9999999999999999
270.95,0.9999999999999999
271.0,0.9999999999999999
271.05,0.9999999999999999
271.1,0.9999999999999999
271.15000000000003,0.9999999999999999
271.2,0.9999999999999999
271.25,0.9999999999999999
271.3,0.9999999999999999
271.35,0.9999999999999999
271.40000000000003,0.9999999999999999
271.45,0.9999999999999999
271.5,0.9999999999999999
271.55,0.9999999999999999
271.6,0.9999999999999999
271.65000000000003,0.9999999999999999
271.7,0.9999999999999999
271.75,0.9999999999999999
271.8,0.9999999999999999
271.85,0.9999999999999999
271.90000000000003,0.9999999999999999
271.95,0.9999999999999999
272.0,0.9999999999999999
272.05,0.9999999999999999
272.1,0.9999999999999999
272.15000000000003,0.9999999999999999
272.2,0.9999999999999999
272.25,0.9999999999999999
272.3,0.9999999999999999
272.35,0.9999999999999999
272.40000000000003,0.9999999999999999
272.45,0.9999999999999999
272.5,0.9999999999999999
272.55,0.9999999999999999
272.6,0.9999999999999999
272.65000000000003,0.9999999999999999
272.7,0.9999999999999999
272.75,0.9999999999999999
272.8,0.9999999999999999
272.85,0.9999999999999999
272.90000000000003,0.9999999999999999
272.95,0.9999999999999999
273.0,0.9999999999999999
273.05,0.9999999999999999
273.1,0.9999999999999999
273.15000000000003,0.9999999999999999
273.2,0.9999999999999999
273.25,0.9999999999999999
273.3,0.9999999999999999
273.35,0.9999999999999999
273.40000000000003,0.9999999999999999
273.45,0.9999999999999999
273.5,0.9999999999999999
273.55,0.9999999999999999
273.6,0.9999999999999999
273.65000000000003,0.9999999999999999
273.7,0.9999999999999999
273.75,0.9999999999999999
273.8,0.9999999999999999
273.85,0.9999999999999999
273.90000000000003,0.9999999999999999
273.95,0.9999999999999999
274.0,0.9999999999999999
274.05,0.9999999999999999
274.1,0.9999999999999999
274.15000000000003,0.9999999999999999
274.2,0.9999999999999999
274.25,0.9999999999999999
274.3,0.9999999999999999
274.35,0.9999999999999999
274.40000000000003,0.9999999999999999
274.45,0.9999999999999999
274.5,0.9999999999999999
274.55,0.9999999999999999
274.6,0.9999999999999999
274.65000000000003,0.9999999999999999
274.7,0.9999999999999999
274.75,0.9999999999999999
274.8,0.9999999999999999
274.85,0.9999999999999999
274.90000000000003,0.9999999999999999
274.95,0.9999999999999999
275.0,0.9999999999999999
275.05,0.9999999999999999
275.1,0.9999999999999999
275.15000000000003,0.9999999999999999
275.2,0.9999999999999999
275.25,0.9999999999999999
275.3,0.9999999999999999
275.35,0.9999999999999999
275.40000000000003,0.9999999999999999
275.45,0.9999999999999999
275.5,0.9999999999999999
275.55,0.9999999999999999
275.6,0.9999999999999999
275.65000000000003,0.9999999999999999
275.7,0.9999999999999999
275.75,0.9999999999999999
275.8,0.9999999999999999
275.85,0.9999999999999999
275.90000000000003,0.9999999999999999
275.95,0.9999999999999999
276.0,0.9999999999999999
276.05,0.9999999999999999
276.1,0.9999999999999999
276.15000000000003,0.9999999999999999
276.2,0.9999999999999999
276.25,0.9999999999999999
276.3,0.9999999999999999
276.35,0.9999999999999999
276.40000000000003,0.9999999999999999
276.45,0.9999999999999999
276.5,0.9999999999999999
276.55,0.9999999999999999
276.6,0.9999999999999999
276.65000000000003,0.9999999999999999
276.7,0.9999999999999999
276.75,0.9999999999999999
276.8,0.9999999999999999
276.85,0.9999999999999999
276.90000000000003,0.9999999999999999
276.95,0.9999999999999999
277.0,0.9999999999999999
277.05,0.9999999999999999
277.1,0.9999999999999999
277.15000000000003,0.9999999999999999
277.2,0.9999999999999999
277.25,0.9999999999999999
277.3,0.9999999999999999
277.35,0.9999999999999999
277.40000000000003,0.9999999999999999
277.45,0.9999999999999999
277.5,0.9999999999999999
277.55,0.9999999999999999
277.6,0.9999999999999999
277.65000000000003,0.9999999999999999
277.7,0.9999999999999999
277.75,0.9999999999999999
277.8,0.9999999999999999
277.85,0.9999999999999999
277.90000000000003,0.9999999999999999
277.95,0.9999999999999999
278.0,0.9999999999999999
278.05,0.9999999999999999
278.1,0.9999999999999999
278.15000000000003,0.9999999999999999
278.2,0.9999999999999999
278.25,0.9999999999999999
278.3,0.9999999999999999
278.35,0.9999999999999999
278.40000000000003,0.9999999999999999
278.45,0.9999999999999999
278.5,0.9999999999999999
278.55,0.9999999999999999
278.6,0.9999999999999999
278.65000000000003,0.9999999999999999
278.7,0.9999999999999999
278.75,0.9999999999999999
278.8,0.9999999999999999
278.85,0.9999999999999999
278.90000000000003,0.9999999999999999
278.95,0.9999999999999999
279.0,0.9999999999999999
279.05,0.9999999999999999
279.1,0.9999999999999999
279.15000000000003,0.9999999999999999
279.2,0.9999999999999999
279.25,0.9999999999999999
279.3,0.9999999999999999
279.35,0.9999999999999999
279.40000000000003,0.9999999999999999
279.45,0.9999999999999999
279.5,0.9999999999999999
279.55,0.9999999999999999
279.6,0.9999999999999999
279.65000000000003,0.9999999999999999
279.7,0.9999999999999999
279.75,0.9999999999999999
279.8,0.9999999999999999
279.85,0.9999999999999999
279.90000000000003,0.9999999999999999
279.95,0.9999999999999999
280.0,0.9999999999999999
280.05,0.9999999999999999
280.1,0.9999999999999999
280.15000000000003,0.9999999999999999
280.2,0.9999999999999999
280.25,0.9999999999999999
280.3,0.9999999999999999
280.35,0.9999999999999999
280.40000000000003,0.9999999999999999
280.45,0.9999999999999999
280.5,0.9999999999999999
280.55,0.9999999999999999
280.6,0.9999999999999999
280.65000000000003,0.9999999999999999
280.7,0.9999999999999999
280.75,0.9999999999999999
280.8,0.9999999999999999
280.85,0.9999999999999999
280.90000000000003,0.9999999999999999
280.95,0.9999999999999999
281.0,0.9999999999999999
281.05,0.9999999999999999
281.1,0.9999999999999999
281.15000000000003,0.9999999999999999
281.2,0.9999999999999999
281.25,0.9999999999999999
281.3,0.9999999999999999
281.35,0.9999999999999999
281.40000000000003,0.9999999999999999
281.45,0.9999999999999999
281.5,0.9999999999999999
281.55,0.9999999999999999
281.6,0.9999999999999999
281.65000000000003,0.9999999999999999
281.7,0.9999999999999999
281.75,0.9999999999999999
281.8,0.9999999999999999
281.85,0.9999999999999999
281.90000000000003,0.9999999999999999
281.95,0.9999999999999999
282.0,0.9999999999999999
282.05,0.9999999999999999
282.1,0.9999999999999999
282.15000000000003,0.9999999999999999
282.2,0.9999999999999999
282.25,0.9999999999999999
282.3,0.9999999999999999
282.35,0.9999999999999999
282.40000000000003,0.9999999999999999
282.45,0.9999999999999999
282.5,0.9999999999999999
282.55,0.9999999999999999
282.6,0.9999999999999999
282.65000000000003,0.9999999999999999
282.7,0.9999999999999999
282.75,0.9999999999999999
282.8,0.9999999999999999
282.85,0.9999999999999999
282.90000000000003,0.9999999999999999
282.95,0.9999999999999999
283.0,0.9999999999999999
283.05,0.9999999999999999
283.1,0.9999999999999999
283.15000000000003,0.9999999999999999
283.2,0.9999999999999999
283.25,0.9999999999999999
283.3,0.9999999999999999
283.35,0.9999999999999999
283.40000000000003,0.9999999999999999
283.45,0.9999999999999999
283.5,0.9999999999999999
283.55,0.9999999999999999
283.6,0.9999999999999999
283.65000000000003,0.9999999999999999
283.7,0.9999999999999999
283.75,0.9999999999999999
283.8,0.9999999999999999
283.85,0.9999999999999999
283.90000000000003,0.9999999999999999
283.95,0.9999999999999999
284.0,0.9999999999999999
284.05,0.9999999999999999
284.1,0.9999999999999999
284.15000000000003,0.9999999999999999
284.2,0.9999999999999999
284.25,0.9999999999999999
284.3,0.9999999999999999
284.35,0.9999999999999999
284.40000000000003,0.9999999999999999
284.45,0.9999999999999999
284.5,0.9999999999999999
284.55,0.9999999999999999
284.6,0.9999999999999999
284.65000000000003,0.9999999999999999
284.7,0.9999999999999999
284.75,0.9999999999999999
284.8,0.9999999999999999
284.85,0.9999999999999999
284.90000000000003,0.9999999999999999
284.95,0.9999999999999999
285.0,0.9999999999999999
285.05,0.9999999999999999
285.1,0.9999999999999999
285.15000000000003,0.9999999999999999
285.2,0.9999999999999999
285.25,0.9999999999999999
285.3,0.9999999999999999
285.35,0.9999999999999999
285.40000000000003,0.9999999999999999
285.45,0.9999999999999999
285.5,0.9999999999999999
285.55,0.9999999999999999
285.6,0.9999999999999999
285.65000000000003,0.9999999999999999
285.7,0.9999999999999999
285.75,0.9999999999999999
285.8,0.9999999999999999
285.85,0.9999999999999999
285.90000000000003,0.9999999999999999
285.95,0.9999999999999999
286.0,0.9999999999999999
286.05,0.9999999999999999
286.1,0.9999999999999999
286.15000000000003,0.9999999999999999
286.2,0.9999999999999999
286.25,0.9999999999999999
286.3,0.9999999999999999
286.35,0.9999999999999999
286.40000000000003,0.9999999999999999
286.45,0.9999999999999999
286.5,0.9999999999999999
286.55,0.9999999999999999
286.6,0.9999999999999999
286.65000000000003,0.9999999999999999
286.7,0.9999999999999999
286.75,0.9999999999999999
286.8,0.9999999999999999
286.85,0.9999999999999999
286.90000000000003,0.9999999999999999
286.95,0.9999999999999999
287.0,0.9999999999999999
287.05,0.9999999999999999
287.1,0.9999999999999999
287.15000000000003,0.9999999999999999
287.2,0.9999999999999999
287.25,0.9999999999999999
287.3,0.9999999999999999
287.35,0.9999999999999999
287.40000000000003,0.9999999999999999
287.45,0.9999999999999999
287.5,0.9999999999999999
287.55,0.9999999999999999
287.6,0.9999999999999999
287.65000000000003,0.9999999999999999
287.7,0.9999999999999999
287.75,0.9999999999999999
287.8,0.9999999999999999
287.85,0.9999999999999999
287.90000000000003,0.9999999999999999
287.95,0.9999999999999999
288.0,0.9999999999999999
288.05,0.9999999999999999
288.1,0.9999999999999999
288.15000000000003,0.9999999999999999
288.2,0.9999999999999999
288.25,0.9999999999999999
288.3,0.9999999999999999
288.35,0.9999999999999999
288.40000000000003,0.9999999999999999
288.45,0.9999999999999999
288.5,0.9999999999999999
288.55,0.9999999999999999
288.6,0.9999999999999999
288.65000000000003,0.9999999999999999
288.7,0.9999999999999999
288.75,0.9999999999999999
288.8,0.9999999999999999
288.85,0.9999999999999999
288.90000000000003,0.9999999999999999
288.95,0.9999999999999999
289.0,0.9999999999999999
289.05,0.9999999999999999
289.1,0.9999999999999999
289.15000000000003,0.9999999999999999
289.2,0.9999999999999999
289.25,0.9999999999999999
289.3,0.9999999999999999
289.35,0.9999999999999999
289.40000000000003,0.9999999999999999
289.45,0.9999999999999999
289.5,0.9999999999999999
289.55,0.9999999999999999
289.6,0.9999999999999999
289.65000000000003,0.9999999999999999
289.7,0.9999999999999999
289.75,0.9999999999999999
289.8,0.9999999999999999
289.85,0.9999999999999999
289.90000000000003,0.9999999999999999
289.95,0.9999999999999999
290.0,0.9999999999999999
290.05,0.9999999999999999
290.1,0.9999999999999999
290.15000000000003,0.9999999999999999
290.2,0.9999999999999999
290.25,0.9999999999999999
290.3,0.9999999999999999
290.35,0.9999999999999999
290.40000000000003,0.9999999999999999
290.45,0.9999999999999999
290.5,0.9999999999999999
290.55,0.9999999999999999
290.6,0.9999999999999999
290.65000000000003,0.9999999999999999
290.7,0.9999999999999999
290.75,0.9999999999999999
290.8,0.9999999999999999
290.85,0.9999999999999999
290.90000000000003,0.9999999999999999
290.95,0.9999999999999999
291.0,0.9999999999999999
291.05,0.9999999999999999
291.1,0.9999999999999999
291.15000000000003,0.9999999999999999
291.2,0.9999999999999999
291.25,0.9999999999999999
291.3,0.9999999999999999
291.35,0.9999999999999999
291.40000000000003,0.9999999999999999
291.45,0.9999999999999999
291.5,0.9999999999999999
291.55,0.9999999999999999
291.6,0.9999999999999999
291.65000000000003,0.9999999999999999
291.7,0.9999999999999999
291.75,0.9999999999999999
291.8,0.9999999999999999
291.85,0.9999999999999999
291.90000000000003,0.9999999999999999
291.95,0.9999999999999999
292.0,0.9999999999999999
292.05,0.9999999999999999
292.1,0.9999999999999999
292.15000000000003,0.9999999999999999
292.2,0.9999999999999999
292.25,0.9999999999999999
292.3,0.9999999999999999
292.35,0.9999999999999999
292.40000000000003,0.9999999999999999
292.45,0.9999999999999999
292.5,0.9999999999999999
292.55,0.9999999999999999
292.6,0.9999999999999999
292.65000000000003,0.9999999999999999
292.7,0.9999999999999999
292.75,0.9999999999999999
292.8,0.9999999999999999
292.85,0.9999999999999999
292.90000000000003,0.9999999999999999
292.95,0.9999999999999999
293.0,0.9999999999999999
293.05,0.9999999999999999
293.1,0.9999999999999999
293.15000000000003,0.9999999999999999
293.2,0.9999999999999999
293.25,0.9999999999999999
293.3,0.9999999999999999
293.35,0.9999999999999999
293.40000000000003,0.9999999999999999
293.45,0.9999999999999999
293.5,0.9999999999999999
293.55,0.9999999999999999
293.6,0.9999999999999999
293.65000000000003,0.9999999999999999
293.7,0.9999999999999999
293.75,0.9999999999999999
293.8,0.9999999999999999
293.85,0.9999999999999999
293.90000000000003,0.9999999999999999
293.95,0.9999999999999999
294.0,0.9999999999999999
294.05,0.9999999999999999
294.1,0.9999999999999999
294.15000000000003,0.9999999999999999
294.2,0.9999999999999999
294.25,0.9999999999999999
294.3,0.9999999999999999
294.35,0.9999999999999999
294.40000000000003,0.9999999999999999
294.45,0.9999999999999999
294.5,0.9999999999999999
294.55,0.9999999999999999
294.6,0.9999999999999999
294.65000000000003,0.9999999999999999
294.7,0.9999999999999999
294.75,0.9999999999999999
294.8,0.9999999999999999
294.85,0.9999999999999999
294.90000000000003,0.9999999999999999
294.95,0.9999999999999999
295.0,0.9999999999999999
295.05,0.9999999999999999
295.1,0.9999999999999999
295.15000000000003,0.9999999999999999
295.2,0.9999999999999999
295.25,0.9999999999999999
295.3,0.9999999999999999
295.35,0.9999999999999999
295.40000000000003,0.9999999999999999
295.45,0.9999999999999999
295.5,0.9999999999999999
295.55,0.9999999999999999
295.6,0.9999999999999999
295.65000000000003,0.9999999999999999
295.7,0.9999999999999999
295.75,0.9999999999999999
295.8,0.9999999999999999
295.85,0.9999999999999999
295.90000000000003,0.9999999999999999
295.95,0.9999999999999999
296.0,0.9999999999999999
296.05,0.9999999999999999
296.1,0.9999999999999999
296.15000000000003,0.9999999999999999
296.2,0.9999999999999999
296.25,0.9999999999999999
296.3,0.9999999999999999
296.35,0.9999999999999999
296.40000000000003,0.9999999999999999
296.45,0.9999999999999999
296.5,0.9999999999999999
296.55,0.9999999999999999
296.6,0.9999999999999999
296.65000000000003,0.9999999999999999
296.7,0.9999999999999999
296.75,0.9999999999999999
296.8,0.9999999999999999
296.85,0.9999999999999999
296.90000000000003,0.9999999999999999
296.95,0.9999999999999999
297.0,0.9999999999999999
297.05,0.9999999999999999
297.1,0.9999999999999999
297.15000000000003,0.9999999999999999
297.2,0.9999999999999999
297.25,0.9999999999999999
297.3,0.9999999999999999
297.35,0.9999999999999999
297.40000000000003,0.9999999999999999
297.45,0.9999999999999999
297.5,0.9999999999999999
297.55,0.9999999999999999
297.6,0.9999999999999999
297.65000000000003,0.9999999999999999
297.7,0.9999999999999999
297.75,0.9999999999999999
297.8,0.9999999999999999
297.85,0.9999999999999999
297.90000000000003,0.9999999999999999
297.95,0.9999999999999999
298.0,0.9999999999999999
298.05,0.9999999999999999
298.1,0.9999999999999999
298.15000000000003,0.9999999999999999
298.2,0.9999999999999999
298.25,0.9999999999999999
298.3,0.9999999999999999
298.35,0.9999999999999999
298.40000000000003,0.9999999999999999
298.45,0.9999999999999999
298.5,0.9999999999999999
298.55,0.9999999999999999
298.6,0.9999999999999999
298.65000000000003,0.9999999999999999
298.7,0.9999999999999999
298.75,0.9999999999999999
298.8,0.9999999999999999
298.85,0.9999999999999999
298.90000000000003,0.9999999999999999
298.95,0.9999999999999999
299.0,0.9999999999999999
299.05,0.9999999999999999
299.1,0.9999999999999999
299.15000000000003,0.9999999999999999
299.2,0.9999999999999999
299.25,0.9999999999999999
299.3,0.9999999999999999
299.35,0.9999999999999999
299.40000000000003,0.9999999999999999
299.45,0.9999999999999999
299.5,0.9999999999999999
299.55,0.9999999999999999
299.6,0.9999999999999999
299.65000000000003,0.9999999999999999
299.7,0.9999999999999999
299.75,0.9999999999999999
299.8,0.9999999999999999
299.85,0.9999999999999999
299.90000000000003,0.9999999999999999
299.95,0.9999999999999999
300.0,0.9999999999999999
300.05,0.9999999999999999
300.1,0.9999999999999999
300.15000000000003,0.9999999999999999
300.2,0.9999999999999999
300.25,0.9999999999999999
300.3,0.9999999999999999
300.35,0.9999999999999999
300.40000000000003,0.9999999999999999
300.45,0.9999999999999999
300.5,0.9999999999999999
300.55,0.9999999999999999
300.6,0.9999999999999999
300.65000000000003,0.9999999999999999
300.7,0.9999999999999999
300.75,0.9999999999999999
300.8,0.9999999999999999
300.85,0.9999999999999999
300.90000000000003,0.9999999999999999
300.95,0.9999999999999999
301.0,0.9999999999999999
301.05,0.9999999999999999
301.1,0.9999999999999999
301.15000000000003,0.9999999999999999
301.2,0.9999999999999999
301.25,0.9999999999999999
301.3,0.9999999999999999
301.35,0.9999999999999999
301.40000000000003,0.9999999999999999
301.45,0.9999999999999999
301.5,0.9999999999999999
301.55,0.9999999999999999
301.6,0.9999999999999999
301.65000000000003,0.9999999999999999
301.7,0.9999999999999999
301.75,0.9999999999999999
301.8,0.9999999999999999
301.85,0.9999999999999999
301.90000000000003,0.9999999999999999
301.95,0.9999999999999999
302.0,0.9999999999999999
302.05,0.9999999999999999
302.1,0.9999999999999999
302.15000000000003,0.9999999999999999
302.2,0.9999999999999999
302.25,0.9999999999999999
302.3,0.9999999999999999
302.35,0.9999999999999999
302.40000000000003,0.9999999999999999
302.45,0.9999999999999999
302.5,0.9999999999999999
302.55,0.9999999999999999
302.6,0.9999999999999999
302.65000000000003,0.9999999999999999
302.7,0.9999999999999999
302.75,0.9999999999999999
302.8,0.9999999999999999
302.85,0.9999999999999999
302.90000000000003,0.9999999999999999
302.95,0.9999999999999999
303.0,0.9999999999999999
303.05,0.9999999999999999
303.1,0.9999999999999999
303.15000000000003,0.9999999999999999
303.2,0.9999999999999999
303.25,0.9999999999999999
303.3,0.9999999999999999
303.35,0.9999999999999999
303.40000000000003,0.9999999999999999
303.45,0.9999999999999999
303.5,0.9999999999999999
303.55,0.9999999999999999
303.6,0.9999999999999999
303.65000000000003,0.9999999999999999
303.7,0.9999999999999999
303.75,0.9999999999999999
303.8,0.9999999999999999
303.85,0.9999999999999999
303.90000000000003,0.9999999999999999
303.95,0.9999999999999999
304.0,0.9999999999999999
304.05,0.9999999999999999
304.1,0.9999999999999999
304.15000000000003,0.9999999999999999
304.2,0.9999999999999999
304.25,0.9999999999999999
304.3,0.9999999999999999
304.35,0.9999999999999999
304.40000000000003,0.9999999999999999
304.45,0.9999999999999999
304.5,0.9999999999999999
304.55,0.9999999999999999
304.6,0.9999999999999999
304.65000000000003,0.9999999999999999
304.7,0.9999999999999999
304.75,0.9999999999999999
304.8,0.9999999999999999
304.85,0.9999999999999999
304.90000000000003,0.9999999999999999
304.95,0.9999999999999999
305.0,0.9999999999999999
305.05,0.9999999999999999
305.1,0.9999999999999999
305.15000000000003,0.9999999999999999
305.2,0.9999999999999999
305.25,0.9999999999999999
305.3,0.9999999999999999
305.35,0.9999999999999999
305.40000000000003,0.9999999999999999
305.45,0.9999999999999999
305.5,0.9999999999999999
305.55,0.9999999999999999
305.6,0.9999999999999999
305.65000000000003,0.9999999999999999
305.7,0.9999999999999999
305.75,0.9999999999999999
305.8,0.9999999999999999
305.85,0.9999999999999999
305.90000000000003,0.9999999999999999
305.95,0.9999999999999999
306.0,0.9999999999999999
306.05,0.9999999999999999
306.1,0.9999999999999999
306.15000000000003,0.9999999999999999
306.2,0.9999999999999999
306.25,0.9999999999999999
306.3,0.9999999999999999
306.35,0.9999999999999999
306.40000000000003,0.9999999999999999
306.45,0.9999999999999999
306.5,0.9999999999999999
306.55,0.9999999999999999
306.6,0.9999999999999999
306.65000000000003,0.9999999999999999
306.7,0.9999999999999999
306.75,0.9999999999999999
306.8,0.9999999999999999
306.85,0.9999999999999999
306.90000000000003,0.9999999999999999
306.95,0.9999999999999999
307.0,0.9999999999999999
307.05,0.9999999999999999
307.1,0.9999999999999999
307.15000000000003,0.9999999999999999
307.20000000000005,0.9999999999999999
307.25,0.9999999999999999
307.3,0.9999999999999999
307.35,0.9999999999999999
307.40000000000003,0.9999999999999999
307.45000000000005,0.9999999999999999
307.5,0.9999999999999999
307.55,0.9999999999999999
307.6,0.9999999999999999
307.65000000000003,0.9999999999999999
307.70000000000005,0.9999999999999999
307.75,0.9999999999999999
307.8,0.9999999999999999
307.85,0.9999999999999999
307.90000000000003,0.9999999999999999
307.95000000000005,0.9999999999999999
308.0,0.9999999999999999
308.05,0.9999999999999999
308.1,0.9999999999999999
308.15000000000003,0.9999999999999999
308.20000000000005,0.9999999999999999
308.25,0.9999999999999999
308.3,0.9999999999999999
308.35,0.9999999999999999
308.40000000000003,0.9999999999999999
308.45000000000005,0.9999999999999999
308.5,0.9999999999999999
308.55,0.9999999999999999
308.6,0.9999999999999999
308.65000000000003,0.9999999999999999
308.70000000000005,0.9999999999999999
308.75,0.9999999999999999
308.8,0.9999999999999999
308.85,0.9999999999999999
308.90000000000003,0.9999999999999999
308.95000000000005,0.9999999999999999
309.0,0.9999999999999999
309.05,0.9999999999999999
309.1,0.9999999999999999
309.15000000000003,0.9999999999999999
309.20000000000005,0.9999999999999999
309.25,0.9999999999999999
309.3,0.9999999999999999
309.35,0.9999999999999999
309.40000000000003,0.9999999999999999
309.45000000000005,0.9999999999999999
309.5,0.9999999999999999
309.55,0.9999999999999999
309.6,0.9999999999999999
309.65000000000003,0.9999999999999999
309.70000000000005,0.9999999999999999
309.75,0.9999999999999999
309.8,0.9999999999999999
309.85,0.9999999999999999
309.90000000000003,0.9999999999999999
309.95000000000005,0.9999999999999999
310.0,0.9999999999999999
310.05,0.9999999999999999
310.1,0.9999999999999999
310.15000000000003,0.9999999999999999
310.20000000000005,0.9999999999999999
310.25,0.9999999999999999
310.3,0.9999999999999999
310.35,0.9999999999999999
310.40000000000003,0.9999999999999999
310.45000000000005,0.9999999999999999
310.5,0.9999999999999999
310.55,0.9999999999999999
310.6,0.9999999999999999
310.65000000000003,0.9999999999999999
310.70000000000005,0.9999999999999999
310.75,0.9999999999999999
310.8,0.9999999999999999
310.85,0.9999999999999999
310.90000000000003,0.9999999999999999
310.95000000000005,0.9999999999999999
311.0,0.9999999999999999
311.05,0.9999999999999999
311.1,0.9999999999999999
311.15000000000003,0.9999999999999999
311.20000000000005,0.9999999999999999
311.25,0.9999999999999999
311.3,0.9999999999999999
311.35,0.9999999999999999
311.40000000000003,0.9999999999999999
311.45000000000005,0.9999999999999999
311.5,0.9999999999999999
311.55,0.9999999999999999
311.6,0.9999999999999999
311.65000000000003,0.9999999999999999
311.70000000000005,0.9999999999999999
311.75,0.9999999999999999
311.8,0.9999999999999999
311.85,0.9999999999999999
311.90000000000003,0.9999999999999999
311.95000000000005,0.9999999999999999
312.0,0.9999999999999999
312.05,0.9999999999999999
312.1,0.9999999999999999
312.15000000000003,0.9999999999999999
312.20000000000005,0.9999999999999999
312.25,0.9999999999999999
312.3,0.9999999999999999
312.35,0.9999999999999999
312.40000000000003,0.9999999999999999
312.45000000000005,0.9999999999999999
312.5,0.9999999999999999
312.55,0.9999999999999999
312.6,0.9999999999999999
312.65000000000003,0.9999999999999999
312.70000000000005,0.9999999999999999
312.75,0.9999999999999999
312.8,0.9999999999999999
312.85,0.9999999999999999
312.90000000000003,0.9999999999999999
312.95000000000005,0.9999999999999999
313.0,0.9999999999999999
313.05,0.9999999999999999
313.1,0.9999999999999999
313.15000000000003,0.9999999999999999
313.20000000000005,0.9999999999999999
313.25,0.9999999999999999
313.3,0.9999999999999999
313.35,0.9999999999999999
313.40000000000003,0.9999999999999999
313.45000000000005,0.9999999999999999
313.5,0.9999999999999999
313.55,0.9999999999999999
313.6,0.9999999999999999
313.65000000000003,0.9999999999999999
313.70000000000005,0.9999999999999999
313.75,0.9999999999999999
313.8,0.9999999999999999
313.85,0.9999999999999999
313.90000000000003,0.9999999999999999
313.95000000000005,0.9999999999999999
314.0,0.9999999999999999
314.05,0.9999999999999999
314.1,0.9999999999999999
314.15000000000003,0.9999999999999999
314.20000000000005,0.9999999999999999
314.25,0.9999999999999999
314.3,0.9999999999999999
314.35,0.9999999999999999
314.40000000000003,0.9999999999999999
314.45000000000005,0.9999999999999999
314.5,0.9999999999999999
314.55,0.9999999999999999
314.6,0.9999999999999999
314.65000000000003,0.9999999999999999
314.70000000000005,0.9999999999999999
314.75,0.9999999999999999
314.8,0.9999999999999999
314.85,0.9999999999999999
314.90000000000003,0.9999999999999999
314.95000000000005,0.9999999999999999
315.0,0.9999999999999999
315.05,0.9999999999999999
315.1,0.9999999999999999
315.15000000000003,0.9999999999999999
315.20000000000005,0.9999999999999999
315.25,0.9999999999999999
315.3,0.9999999999999999
315.35,0.9999999999999999
315.40000000000003,0.9999999999999999
315.45000000000005,0.9999999999999999
315.5,0.9999999999999999
315.55,0.9999999999999999
315.6,0.9999999999999999
315.65000000000003,0.9999999999999999
315.70000000000005,0.9999999999999999
315.75,0.9999999999999999
315.8,0.9999999999999999
315.85,0.9999999999999999
315.90000000000003,0.9999999999999999
315.95000000000005,0.9999999999999999
316.0,0.9999999999999999
316.05,0.9999999999999999
316.1,0.9999999999999999
316.15000000000003,0.9999999999999999
316.20000000000005,0.9999999999999999
316.25,0.9999999999999999
316.3,0.9999999999999999
316.35,0.9999999999999999
316.40000000000003,0.9999999999999999
316.45000000000005,0.9999999999999999
316.5,0.9999999999999999
316.55,0.9999999999999999
316.6,0.9999999999999999
316.65000000000003,0.9999999999999999
316.70000000000005,0.9999999999999999
316.75,0.9999999999999999
316.8,0.9999999999999999
316.85,0.9999999999999999
316.90000000000003,0.9999999999999999
316.95000000000005,0.9999999999999999
317.0,0.9999999999999999
317.05,0.9999999999999999
317.1,0.9999999999999999
317.15000000000003,0.9999999999999999
317.20000000000005,0.9999999999999999
317.25,0.9999999999999999
317.3,0.9999999999999999
317.35,0.9999999999999999
317.40000000000003,0.9999999999999999
317.45000000000005,0.9999999999999999
317.5,0.9999999999999999
317.55,0.9999999999999999
317.6,0.9999999999999999
317.65000000000003,0.9999999999999999
317.70000000000005,0.9999999999999999
317.75,0.9999999999999999
317.8,0.9999999999999999
317.85,0.9999999999999999
317.90000000000003,0.9999999999999999
317.95000000000005,0.9999999999999999
318.0,0.9999999999999999
318.05,0.9999999999999999
318.1,0.9999999999999999
318.15000000000003,0.9999999999999999
318.20000000000005,0.9999999999999999
318.25,0.9999999999999999
318.3,0.9999999999999999
318.35,0.9999999999999999
318.40000000000003,0.9999999999999999
318.45000000000005,0.9999999999999999
318.5,0.9999999999999999
318.55,0.9999999999999999
318.6,0.9999999999999999
318.65000000000003,0.9999999999999999
318.70000000000005,0.9999999999999999
318.75,0.9999999999999999
318.8,0.9999999999999999
318.85,0.9999999999999999
318.90000000000003,0.9999999999999999
318.95000000000005,0.9999999999999999
319.0,0.9999999999999999
319.05,0.9999999999999999
319.1,0.9999999999999999
319.15000000000003,0.9999999999999999
319.20000000000005,0.9999999999999999
319.25,0.9999999999999999
319.3,0.9999999999999999
319.35,0.9999999999999999
319.40000000000003,0.9999999999999999
319.45000000000005,0.9999999999999999
319.5,0.9999999999999999
319.55,0.9999999999999999
319.6,0.9999999999999999
319.65000000000003,0.9999999999999999
319.70000000000005,0.9999999999999999
319.75,0.9999999999999999
319.8,0.9999999999999999
319.85,0.9999999999999999
319.90000000000003,0.9999999999999999
319.95000000000005,0.9999999999999999
320.0,0.9999999999999999
320.05,0.9999999999999999
320.1,0.9999999999999999
320.15000000000003,0.9999999999999999
320.20000000000005,0.9999999999999999
320.25,0.9999999999999999
320.3,0.9999999999999999
320.35,0.9999999999999999
320.40000000000003,0.9999999999999999
320.45000000000005,0.9999999999999999
320.5,0.9999999999999999
320.55,0.9999999999999999
320.6,0.9999999999999999
320.65000000000003,0.9999999999999999
320.70000000000005,0.9999999999999999
320.75,0.9999999999999999
320.8,0.9999999999999999
320.85,0.9999999999999999
320.90000000000003,0.9999999999999999
320.95000000000005,0.9999999999999999
321.0,0.9999999999999999
321.05,0.9999999999999999
321.1,0.9999999999999999
321.15000000000003,0.9999999999999999
321.20000000000005,0.9999999999999999
321.25,0.9999999999999999
321.3,0.9999999999999999
321.35,0.9999999999999999
321.40000000000003,0.9999999999999999
321.45000000000005,0.9999999999999999
321.5,0.9999999999999999
321.55,0.9999999999999999
321.6,0.9999999999999999
321.65000000000003,0.9999999999999999
321.70000000000005,0.9999999999999999
321.75,0.9999999999999999
321.8,0.9999999999999999
321.85,0.9999999999999999
321.90000000000003,0.9999999999999999
321.95000000000005,0.9999999999999999
322.0,0.9999999999999999
322.05,0.9999999999999999
322.1,0.9999999999999999
322.15000000000003,0.9999999999999999
322.20000000000005,0.9999999999999999
322.25,0.9999999999999999
322.3,0.9999999999999999
322.35,0.9999999999999999
322.40000000000003,0.9999999999999999
322.45000000000005,0.9999999999999999
322.5,0.9999999999999999
322.55,0.9999999999999999
322.6,0.9999999999999999
322.65000000000003,0.9999999999999999
322.70000000000005,0.9999999999999999
322.75,0.9999999999999999
322.8,0.9999999999999999
322.85,0.9999999999999999
322.90000000000003,0.9999999999999999
322.95000000000005,0.9999999999999999
323.0,0.9999999999999999
323.05,0.9999999999999999
323.1,0.9999999999999999
323.15000000000003,0.9999999999999999
323.20000000000005,0.9999999999999999
323.25,0.9999999999999999
323.3,0.9999999999999999
323.35,0.9999999999999999
323.40000000000003,0.9999999999999999
323.45000000000005,0.9999999999999999
323.5,0.9999999999999999
323.55,0.9999999999999999
323.6,0.9999999999999999
323.65000000000003,0.9999999999999999
323.70000000000005,0.9999999999999999
323.75,0.9999999999999999
323.8,0.9999999999999999
323.85,0.9999999999999999
323.90000000000003,0.9999999999999999
323.95000000000005,0.9999999999999999
324.0,0.9999999999999999
324.05,0.9999999999999999
324.1,0.9999999999999999
324.15000000000003,0.9999999999999999
324.20000000000005,0.9999999999999999
324.25,0.9999999999999999
324.3,0.9999999999999999
324.35,0.9999999999999999
324.40000000000003,0.9999999999999999
324.45000000000005,0.9999999999999999
324.5,0.9999999999999999
324.55,0.9999999999999999
324.6,0.9999999999999999
324.65000000000003,0.9999999999999999
324.70000000000005,0.9999999999999999
324.75,0.9999999999999999
324.8,0.9999999999999999
324.85,0.9999999999999999
324.90000000000003,0.9999999999999999
324.95000000000005,0.9999999999999999
325.0,0.9999999999999999
325.05,0.9999999999999999
325.1,0.9999999999999999
325.15000000000003,0.9999999999999999
325.20000000000005,0.9999999999999999
325.25,0.9999999999999999
325.3,0.9999999999999999
325.35,0.9999999999999999
325.40000000000003,0.9999999999999999
325.45000000000005,0.9999999999999999
325.5,0.9999999999999999
325.55,0.9999999999999999
325.6,0.9999999999999999
325.65000000000003,0.9999999999999999
325.70000000000005,0.9999999999999999
325.75,0.9999999999999999
325.8,0.9999999999999999
325.85,0.9999999999999999
325.90000000000003,0.9999999999999999
325.95000000000005,0.9999999999999999
326.0,0.9999999999999999
326.05,0.9999999999999999
326.1,0.9999999999999999
326.15000000000003,0.9999999999999999
326.20000000000005,0.9999999999999999
326.25,0.9999999999999999
326.3,0.9999999999999999
326.35,0.9999999999999999
326.40000000000003,0.9999999999999999
326.45000000000005,0.9999999999999999
326.5,0.9999999999999999
326.55,0.9999999999999999
326.6,0.9999999999999999
326.65000000000003,0.9999999999999999
326.70000000000005,0.9999999999999999
326.75,0.9999999999999999
326.8,0.9999999999999999
326.85,0.9999999999999999
326.90000000000003,0.9999999999999999
326.95000000000005,0.9999999999999999
327.0,0.9999999999999999
327.05,0.9999999999999999
327.1,0.9999999999999999
327.15000000000003,0.9999999999999999
327.20000000000005,0.9999999999999999
327.25,0.9999999999999999
327.3,0.9999999999999999
327.35,0.9999999999999999
327.40000000000003,0.9999999999999999
327.45000000000005,0.9999999999999999
327.5,0.9999999999999999
327.55,0.9999999999999999
327.6,0.9999999999999999
327.65000000000003,0.9999999999999999
327.70000000000005,0.9999999999999999
327.75,0.9999999999999999
327.8,0.9999999999999999
327.85,0.9999999999999999
327.90000000000003,0.9999999999999999
327.95000000000005,0.9999999999999999
328.0,0.9999999999999999
328.05,0.9999999999999999
328.1,0.9999999999999999
328.15000000000003,0.9999999999999999
328.20000000000005,0.9999999999999999
328.25,0.9999999999999999
328.3,0.9999999999999999
328.35,0.9999999999999999
328.40000000000003,0.9999999999999999
328.45000000000005,0.9999999999999999
328.5,0.9999999999999999
328.55,0.9999999999999999
328.6,0.9999999999999999
328.65000000000003,0.9999999999999999
328.70000000000005,0.9999999999999999
328.75,0.9999999999999999
328.8,0.9999999999999999
328.85,0.9999999999999999
328.90000000000003,0.9999999999999999
328.95000000000005,0.9999999999999999
329.0,0.9999999999999999
329.05,0.9999999999999999
329.1,0.9999999999999999
329.15000000000003,0.9999999999999999
329.20000000000005,0.9999999999999999
329.25,0.9999999999999999
329.3,0.9999999999999999
329.35,0.9999999999999999
329.40000000000003,0.9999999999999999
329.45000000000005,0.9999999999999999
329.5,0.9999999999999999
329.55,0.9999999999999999
329.6,0.9999999999999999
329.65000000000003,0.9999999999999999
329.70000000000005,0.9999999999999999
329.75,0.9999999999999999
329.8,0.9999999999999999
329.85,0.9999999999999999
329.90000000000003,0.9999999999999999
329.95000000000005,0.9999999999999999
330.0,0.9999999999999999
330.05,0.9999999999999999
330.1,0.9999999999999999
330.15000000000003,0.9999999999999999
330.20000000000005,0.9999999999999999
330.25,0.9999999999999999
330.3,0.9999999999999999
330.35,0.9999999999999999
330.40000000000003,0.9999999999999999
330.45000000000005,0.9999999999999999
330.5,0.9999999999999999
330.55,0.9999999999999999
330.6,0.9999999999999999
330.65000000000003,0.9999999999999999
330.70000000000005,0.9999999999999999
330.75,0.9999999999999999
330.8,0.9999999999999999
330.85,0.9999999999999999
330.90000000000003,0.9999999999999999
330.95000000000005,0.9999999999999999
331.0,0.9999999999999999
331.05,0.9999999999999999
331.1,0.9999999999999999
331.15000000000003,0.9999999999999999
331.20000000000005,0.9999999999999999
331.25,0.9999999999999999
331.3,0.9999999999999999
331.35,0.9999999999999999
331.40000000000003,0.9999999999999999
331.45000000000005,0.9999999999999999
331.5,0.9999999999999999
331.55,0.9999999999999999
331.6,0.9999999999999999
331.65000000000003,0.9999999999999999
331.70000000000005,0.9999999999999999
331.75,0.9999999999999999
331.8,0.9999999999999999
331.85,0.9999999999999999
331.90000000000003,0.9999999999999999
331.95000000000005,0.9999999999999999
332.0,0.9999999999999999
332.05,0.9999999999999999
332.1,0.9999999999999999
332.15000000000003,0.9999999999999999
332.20000000000005,0.9999999999999999
332.25,0.9999999999999999
332.3,0.9999999999999999
332.35,0.9999999999999999
332.40000000000003,0.9999999999999999
332.45000000000005,0.9999999999999999
332.5,0.9999999999999999
332.55,0.9999999999999999
332.6,0.9999999999999999
332.65000000000003,0.9999999999999999
332.70000000000005,0.9999999999999999
332.75,0.9999999999999999
332.8,0.9999999999999999
332.85,0.9999999999999999
332.90000000000003,0.9999999999999999
332.95000000000005,0.9999999999999999
333.0,0.9999999999999999
333.05,0.9999999999999999
333.1,0.9999999999999999
333.15000000000003,0.9999999999999999
333.20000000000005,0.9999999999999999
333.25,0.9999999999999999
333.3,0.9999999999999999
333.35,0.9999999999999999
333.40000000000003,0.9999999999999999
333.45000000000005,0.9999999999999999
333.5,0.9999999999999999
333.55,0.9999999999999999
333.6,0.9999999999999999
333.65000000000003,0.9999999999999999
333.70000000000005,0.9999999999999999
333.75,0.9999999999999999
333.8,0.9999999999999999
333.85,0.9999999999999999
333.90000000000003,0.9999999999999999
333.95000000000005,0.9999999999999999
334.0,0.9999999999999999
334.05,0.9999999999999999
334.1,0.9999999999999999
334.15000000000003,0.9999999999999999
334.20000000000005,0.9999999999999999
334.25,0.9999999999999999
334.3,0.9999999999999999
334.35,0.9999999999999999
334.40000000000003,0.9999999999999999
334.45000000000005,0.9999999999999999
334.5,0.9999999999999999
334.55,0.9999999999999999
334.6,0.9999999999999999
334.65000000000003,0.9999999999999999
334.70000000000005,0.9999999999999999
334.75,0.9999999999999999
334.8,0.9999999999999999
334.85,0.9999999999999999
334.90000000000003,0.9999999999999999
334.95000000000005,0.9999999999999999
335.0,0.9999999999999999
335.05,0.9999999999999999
335.1,0.9999999999999999
335.15000000000003,0.9999999999999999
335.20000000000005,0.9999999999999999
335.25,0.9999999999999999
335.3,0.9999999999999999
335.35,0.9999999999999999
335.40000000000003,0.9999999999999999
335.45000000000005,0.9999999999999999
335.5,0.9999999999999999
335.55,0.9999999999999999
335.6,0.9999999999999999
335.65000000000003,0.9999999999999999
335.70000000000005,0.9999999999999999
335.75,0.9999999999999999
335.8,0.9999999999999999
335.85,0.9999999999999999
335.90000000000003,0.9999999999999999
335.95000000000005,0.9999999999999999
336.0,0.9999999999999999
336.05,0.9999999999999999
336.1,0.9999999999999999
336.15000000000003,0.9999999999999999
336.20000000000005,0.9999999999999999
336.25,0.9999999999999999
336.3,0.9999999999999999
336.35,0.9999999999999999
336.40000000000003,0.9999999999999999
336.45000000000005,0.9999999999999999
336.5,0.9999999999999999
336.55,0.9999999999999999
336.6,0.9999999999999999
336.65000000000003,0.9999999999999999
336.70000000000005,0.9999999999999999
336.75,0.9999999999999999
336.8,0.9999999999999999
336.85,0.9999999999999999
336.90000000000003,0.9999999999999999
336.95000000000005,0.9999999999999999
337.0,0.9999999999999999
337.05,0.9999999999999999
337.1,0.9999999999999999
337.15000000000003,0.9999999999999999
337.20000000000005,0.9999999999999999
337.25,0.9999999999999999
337.3,0.9999999999999999
337.35,0.9999999999999999
337.40000000000003,0.9999999999999999
337.45000000000005,0.9999999999999999
337.5,0.9999999999999999
337.55,0.9999999999999999
337.6,0.9999999999999999
337.65000000000003,0.9999999999999999
337.70000000000005,0.9999999999999999
337.75,0.9999999999999999
337.8,0.9999999999999999
337.85,0.9999999999999999
337.90000000000003,0.9999999999999999
337.95000000000005,0.9999999999999999
338.0,0.9999999999999999
338.05,0.9999999999999999
338.1,0.9999999999999999
338.15000000000003,0.9999999999999999
338.20000000000005,0.9999999999999999
338.25,0.9999999999999999
338.3,0.9999999999999999
338.35,0.9999999999999999
338.40000000000003,0.9999999999999999
338.45000000000005,0.9999999999999999
338.5,0.9999999999999999
338.55,0.9999999999999999
338.6,0.9999999999999999
338.65000000000003,0.9999999999999999
338.70000000000005,0.9999999999999999
338.75,0.9999999999999999
338.8,0.9999999999999999
338.85,0.9999999999999999
338.90000000000003,0.9999999999999999
338.95000000000005,0.9999999999999999
339.0,0.9999999999999999
339.05,0.9999999999999999
339.1,0.9999999999999999
339.15000000000003,0.9999999999999999
339.20000000000005,0.9999999999999999
339.25,0.9999999999999999
339.3,0.9999999999999999
339.35,0.9999999999999999
339.40000000000003,0.9999999999999999
339.45000000000005,0.9999999999999999
339.5,0.9999999999999999
339.55,0.9999999999999999
339.6,0.9999999999999999
339.65000000000003,0.9999999999999999
339.70000000000005,0.9999999999999999
339.75,0.9999999999999999
339.8,0.9999999999999999
339.85,0.9999999999999999
339.90000000000003,0.9999999999999999
339.95000000000005,0.9999999999999999
340.0,0.9999999999999999
340.05,0.9999999999999999
340.1,0.9999999999999999
340.15000000000003,0.9999999999999999
340.20000000000005,0.9999999999999999
340.25,0.9999999999999999
340.3,0.9999999999999999
340.35,0.9999999999999999
340.40000000000003,0.9999999999999999
340.45000000000005,0.9999999999999999
340.5,0.9999999999999999
340.55,0.9999999999999999
340.6,0.9999999999999999
340.65000000000003,0.9999999999999999
340.70000000000005,0.9999999999999999
340.75,0.9999999999999999
340.8,0.9999999999999999
340.85,0.9999999999999999
340.90000000000003,0.9999999999999999
340.95000000000005,0.9999999999999999
341.0,0.9999999999999999
341.05,0.9999999999999999
341.1,0.9999999999999999
341.15000000000003,0.9999999999999999
341.20000000000005,0.9999999999999999
341.25,0.9999999999999999
341.3,0.9999999999999999
341.35,0.9999999999999999
341.40000000000003,0.9999999999999999
341.45000000000005,0.9999999999999999
341.5,0.9999999999999999
341.55,0.9999999999999999
341.6,0.9999999999999999
341.65000000000003,0.9999999999999999
341.70000000000005,0.9999999999999999
341.75,0.9999999999999999
341.8,0.9999999999999999
341.85,0.9999999999999999
341.90000000000003,0.9999999999999999
341.95000000000005,0.9999999999999999
342.0,0.9999999999999999
342.05,0.9999999999999999
342.1,0.9999999999999999
342.15000000000003,0.9999999999999999
342.20000000000005,0.9999999999999999
342.25,0.9999999999999999
342.3,0.9999999999999999
342.35,0.9999999999999999
342.40000000000003,0.9999999999999999
342.45000000000005,0.9999999999999999
342.5,0.9999999999999999
342.55,0.9999999999999999
342.6,0.9999999999999999
342.65000000000003,0.9999999999999999
342.70000000000005,0.9999999999999999
342.75,0.9999999999999999
342.8,0.9999999999999999
342.85,0.9999999999999999
342.90000000000003,0.9999999999999999
342.95000000000005,0.9999999999999999
343.0,0.9999999999999999
343.05,0.9999999999999999
343.1,0.9999999999999999
343.15000000000003,0.9999999999999999
343.20000000000005,0.9999999999999999
343.25,0.9999999999999999
343.3,0.9999999999999999
343.35,0.9999999999999999
343.40000000000003,0.9999999999999999
343.45000000000005,0.9999999999999999
343.5,0.9999999999999999
343.55,0.9999999999999999
343.6,0.9999999999999999
343.65000000000003,0.9999999999999999
343.70000000000005,0.9999999999999999
343.75,0.9999999999999999
343.8,0.9999999999999999
343.85,0.9999999999999999
343.90000000000003,0.9999999999999999
343.95000000000005,0.9999999999999999
344.0,0.9999999999999999
344.05,0.9999999999999999
344.1,0.9999999999999999
344.15000000000003,0.9999999999999999
344.20000000000005,0.9999999999999999
344.25,0.9999999999999999
344.3,0.9999999999999999
344.35,0.9999999999999999
344.40000000000003,0.9999999999999999
344.45000000000005,0.9999999999999999
344.5,0.9999999999999999
344.55,0.9999999999999999
344.6,0.9999999999999999
344.65000000000003,0.9999999999999999
344.70000000000005,0.9999999999999999
344.75,0.9999999999999999
344.8,0.9999999999999999
344.85,0.9999999999999999
344.90000000000003,0.9999999999999999
344.95000000000005,0.9999999999999999
345.0,0.9999999999999999
345.05,0.9999999999999999
345.1,0.9999999999999999
345.15000000000003,0.9999999999999999
345.20000000000005,0.9999999999999999
345.25,0.9999999999999999
345.3,0.9999999999999999
345.35,0.9999999999999999
345.40000000000003,0.9999999999999999
345.45000000000005,0.9999999999999999
345.5,0.9999999999999999
345.55,0.9999999999999999
345.6,0.9999999999999999
345.65000000000003,0.9999999999999999
345.70000000000005,0.9999999999999999
345.75,0.9999999999999999
345.8,0.9999999999999999
345.85,0.9999999999999999
345.90000000000003,0.9999999999999999
345.95000000000005,0.9999999999999999
346.0,0.9999999999999999
346.05,0.9999999999999999
346.1,0.9999999999999999
346.15000000000003,0.9999999999999999
346.20000000000005,0.9999999999999999
346.25,0.9999999999999999
346.3,0.9999999999999999
346.35,0.9999999999999999
346.40000000000003,0.9999999999999999
346.45000000000005,0.9999999999999999
346.5,0.9999999999999999
346.55,0.9999999999999999
346.6,0.9999999999999999
346.65000000000003,0.9999999999999999
346.70000000000005,0.9999999999999999
346.75,0.9999999999999999
346.8,0.9999999999999999
346.85,0.9999999999999999
346.90000000000003,0.9999999999999999
346.95000000000005,0.9999999999999999
347.0,0.9999999999999999
347.05,0.9999999999999999
347.1,0.9999999999999999
347.15000000000003,0.9999999999999999
347.20000000000005,0.9999999999999999
347.25,0.9999999999999999
347.3,0.9999999999999999
347.35,0.9999999999999999
347.40000000000003,0.9999999999999999
347.45000000000005,0.9999999999999999
347.5,0.9999999999999999
347.55,0.9999999999999999
347.6,0.9999999999999999
347.65000000000003,0.9999999999999999
347.70000000000005,0.9999999999999999
347.75,0.9999999999999999
347.8,0.9999999999999999
347.85,0.9999999999999999
347.90000000000003,0.9999999999999999
347.95000000000005,0.9999999999999999
348.0,0.9999999999999999
348.05,0.9999999999999999
348.1,0.9999999999999999
348.15000000000003,0.9999999999999999
348.20000000000005,0.9999999999999999
348.25,0.9999999999999999
348.3,0.9999999999999999
348.35,0.9999999999999999
348.40000000000003,0.9999999999999999
348.45000000000005,0.9999999999999999
348.5,0.9999999999999999
348.55,0.9999999999999999
348.6,0.9999999999999999
348.65000000000003,0.9999999999999999
348.70000000000005,0.9999999999999999
348.75,0.9999999999999999
348.8,0.9999999999999999
348.85,0.9999999999999999
348.90000000000003,0.9999999999999999
348.95000000000005,0.9999999999999999
349.0,0.9999999999999999
349.05,0.9999999999999999
349.1,0.9999999999999999
349.15000000000003,0.9999999999999999
349.20000000000005,0.9999999999999999
349.25,0.9999999999999999
349.3,0.9999999999999999
349.35,0.9999999999999999
349.40000000000003,0.9999999999999999
349.45000000000005,0.9999999999999999
349.5,0.9999999999999999
349.55,0.9999999999999999
349.6,0.9999999999999999
349.65000000000003,0.9999999999999999
349.70000000000005,0.9999999999999999
349.75,0.9999999999999999
349.8,0.9999999999999999
349.85,0.9999999999999999
349.90000000000003,0.9999999999999999
349.95000000000005,0.9999999999999999
350.0,0.9999999999999999
350.05,0.9999999999999999
350.1,0.9999999999999999
350.15000000000003,0.9999999999999999
350.20000000000005,0.9999999999999999
350.25,0.9999999999999999
350.3,0.9999999999999999
350.35,0.9999999999999999
350.40000000000003,0.9999999999999999
350.45000000000005,0.9999999999999999
350.5,0.9999999999999999
350.55,0.9999999999999999
350.6,0.9999999999999999
350.65000000000003,0.9999999999999999
350.70000000000005,0.9999999999999999
350.75,0.9999999999999999
350.8,0.9999999999999999
350.85,0.9999999999999999
350.90000000000003,0.9999999999999999
350.95000000000005,0.9999999999999999
351.0,0.9999999999999999
351.05,0.9999999999999999
351.1,0.9999999999999999
351.15000000000003,0.9999999999999999
351.20000000000005,0.9999999999999999
351.25,0.9999999999999999
351.3,0.9999999999999999
351.35,0.9999999999999999
351.40000000000003,0.9999999999999999
351.45000000000005,0.9999999999999999
351.5,0.9999999999999999
351.55,0.9999999999999999
351.6,0.9999999999999999
351.65000000000003,0.9999999999999999
351.70000000000005,0.9999999999999999
351.75,0.9999999999999999
351.8,0.9999999999999999
351.85,0.9999999999999999
351.90000000000003,0.9999999999999999
351.95000000000005,0.9999999999999999
352.0,0.9999999999999999
352.05,0.9999999999999999
352.1,0.9999999999999999
352.15000000000003,0.9999999999999999
352.20000000000005,0.9999999999999999
352.25,0.9999999999999999
352.3,0.9999999999999999
352.35,0.9999999999999999
352.40000000000003,0.9999999999999999
352.45000000000005,0.9999999999999999
352.5,0.9999999999999999
352.55,0.9999999999999999
352.6,0.9999999999999999
352.65000000000003,0.9999999999999999
352.70000000000005,0.9999999999999999
352.75,0.9999999999999999
352.8,0.9999999999999999
352.85,0.9999999999999999
352.90000000000003,0.9999999999999999
352.95000000000005,0.9999999999999999
353.0,0.9999999999999999
353.05,0.9999999999999999
353.1,0.9999999999999999
353.15000000000003,0.9999999999999999
353.20000000000005,0.9999999999999999
353.25,0.9999999999999999
353.3,0.9999999999999999
353.35,0.9999999999999999
353.40000000000003,0.9999999999999999
353.45000000000005,0.9999999999999999
353.5,0.9999999999999999
353.55,0.9999999999999999
353.6,0.9999999999999999
353.65000000000003,0.9999999999999999
353.70000000000005,0.9999999999999999
353.75,0.9999999999999999
353.8,0.9999999999999999
353.85,0.9999999999999999
353.90000000000003,0.9999999999999999
353.95000000000005,0.9999999999999999
354.0,0.9999999999999999
354.05,0.9999999999999999
354.1,0.9999999999999999
354.15000000000003,0.9999999999999999
354.20000000000005,0.9999999999999999
354.25,0.9999999999999999
354.3,0.9999999999999999
354.35,0.9999999999999999
354.40000000000003,0.9999999999999999
354.45000000000005,0.9999999999999999
354.5,0.9999999999999999
354.55,0.9999999999999999
354.6,0.9999999999999999
354.65000000000003,0.9999999999999999
354.70000000000005,0.9999999999999999
354.75,0.9999999999999999
354.8,0.9999999999999999
354.85,0.9999999999999999
354.90000000000003,0.9999999999999999
354.95000000000005,0.9999999999999999
355.0,0.9999999999999999
355.05,0.9999999999999999
355.1,0.9999999999999999
355.15000000000003,0.9999999999999999
355.20000000000005,0.9999999999999999
355.25,0.9999999999999999
355.3,0.9999999999999999
355.35,0.9999999999999999
355.40000000000003,0.9999999999999999
355.45000000000005,0.9999999999999999
355.5,0.9999999999999999
355.55,0.9999999999999999
355.6,0.9999999999999999
355.65000000000003,0.9999999999999999
355.70000000000005,0.9999999999999999
355.75,0.9999999999999999
355.8,0.9999999999999999
355.85,0.9999999999999999
355.90000000000003,0.9999999999999999
355.95000000000005,0.9999999999999999
356.0,0.9999999999999999
356.05,0.9999999999999999
356.1,0.9999999999999999
356.15000000000003,0.9999999999999999
356.20000000000005,0.9999999999999999
356.25,0.9999999999999999
356.3,0.9999999999999999
356.35,0.9999999999999999
356.40000000000003,0.9999999999999999
356.45000000000005,0.9999999999999999
356.5,0.9999999999999999
356.55,0.9999999999999999
356.6,0.9999999999999999
356.65000000000003,0.9999999999999999
356.70000000000005,0.9999999999999999
356.75,0.9999999999999999
356.8,0.9999999999999999
356.85,0.9999999999999999
356.90000000000003,0.9999999999999999
356.95000000000005,0.9999999999999999
357.0,0.9999999999999999
357.05,0.9999999999999999
357.1,0.9999999999999999
357.15000000000003,0.9999999999999999
357.20000000000005,0.9999999999999999
357.25,0.9999999999999999
357.3,0.9999999999999999
357.35,0.9999999999999999
357.40000000000003,0.9999999999999999
357.45000000000005,0.9999999999999999
357.5,0.9999999999999999
357.55,0.9999999999999999
357.6,0.9999999999999999
357.65000000000003,0.9999999999999999
357.70000000000005,0.9999999999999999
357.75,0.9999999999999999
357.8,0.9999999999999999
357.85,0.9999999999999999
357.90000000000003,0.9999999999999999
357.95000000000005,0.9999999999999999
358.0,0.9999999999999999
358.05,0.9999999999999999
358.1,0.9999999999999999
358.15000000000003,0.9999999999999999
358.20000000000005,0.9999999999999999
358.25,0.9999999999999999
358.3,0.9999999999999999
358.35,0.9999999999999999
358.40000000000003,0.9999999999999999
358.45000000000005,0.9999999999999999
358.5,0.9999999999999999
358.55,0.9999999999999999
358.6,0.9999999999999999
358.65000000000003,0.9999999999999999
358.70000000000005,0.9999999999999999
358.75,0.9999999999999999
358.8,0.9999999999999999
358.85,0.9999999999999999
358.90000000000003,0.9999999999999999
358.95000000000005,0.9999999999999999
359.0,0.9999999999999999
359.05,0.9999999999999999
359.1,0.9999999999999999
359.15000000000003,0.9999999999999999
359.20000000000005,0.9999999999999999
359.25,0.9999999999999999
359.3,0.9999999999999999
359.35,0.9999999999999999
359.40000000000003,0.9999999999999999
359.45000000000005,0.9999999999999999
359.5,0.9999999999999999
359.55,0.9999999999999999
359.6,0.9999999999999999
359.65000000000003,0.9999999999999999
359.70000000000005,0.9999999999999999
359.75,0.9999999999999999
359.8,0.9999999999999999
359.85,0.9999999999999999
359.90000000000003,0.9999999999999999
359.95000000000005,0.9999999999999999
360.0,0.9999999999999999
360.05,0.9999999999999999
360.1,0.9999999999999999
360.15000000000003,0.9999999999999999
360.20000000000005,0.9999999999999999
360.25,0.9999999999999999
360.3,0.9999999999999999
360.35,0.9999999999999999
360.40000000000003,0.9999999999999999
360.45000000000005,0.9999999999999999
360.5,0.9999999999999999
360.55,0.9999999999999999
360.6,0.9999999999999999
360.65000000000003,0.9999999999999999
360.70000000000005,0.9999999999999999
360.75,0.9999999999999999
360.8,0.9999999999999999
360.85,0.9999999999999999
360.90000000000003,0.9999999999999999
360.95000000000005,0.9999999999999999
361.0,0.9999999999999999
361.05,0.9999999999999999
361.1,0.9999999999999999
361.15000000000003,0.9999999999999999
361.20000000000005,0.9999999999999999
361.25,0.9999999999999999
361.3,0.9999999999999999
361.35,0.9999999999999999
361.40000000000003,0.9999999999999999
361.45000000000005,0.9999999999999999
361.5,0.9999999999999999
361.55,0.9999999999999999
361.6,0.9999999999999999
361.65000000000003,0.9999999999999999
361.70000000000005,0.9999999999999999
361.75,0.9999999999999999
361.8,0.9999999999999999
361.85,0.9999999999999999
361.90000000000003,0.9999999999999999
361.95000000000005,0.9999999999999999
362.0,0.9999999999999999
362.05,0.9999999999999999
362.1,0.9999999999999999
362.15000000000003,0.9999999999999999
362.20000000000005,0.9999999999999999
362.25,0.9999999999999999
362.3,0.9999999999999999
362.35,0.9999999999999999
362.40000000000003,0.9999999999999999
362.45000000000005,0.9999999999999999
362.5,0.9999999999999999
362.55,0.9999999999999999
362.6,0.9999999999999999
362.65000000000003,0.9999999999999999
362.70000000000005,0.9999999999999999
362.75,0.9999999999999999
362.8,0.9999999999999999
362.85,0.9999999999999999
362.90000000000003,0.9999999999999999
362.95000000000005,0.9999999999999999
363.0,0.9999999999999999
363.05,0.9999999999999999
363.1,0.9999999999999999
363.15000000000003,0.9999999999999999
363.20000000000005,0.9999999999999999
363.25,0.9999999999999999
363.3,0.9999999999999999
363.35,0.9999999999999999
363.40000000000003,0.9999999999999999
363.45000000000005,0.9999999999999999
363.5,0.9999999999999999
363.55,0.9999999999999999
363.6,0.9999999999999999
363.65000000000003,0.9999999999999999
363.70000000000005,0.9999999999999999
363.75,0.9999999999999999
363.8,0.9999999999999999
363.85,0.9999999999999999
363.90000000000003,0.9999999999999999
363.95000000000005,0.9999999999999999
364.0,0.9999999999999999
364.05,0.9999999999999999
364.1,0.9999999999999999
364.15000000000003,0.9999999999999999
364.20000000000005,0.9999999999999999
364.25,0.9999999999999999
364.3,0.9999999999999999
364.35,0.9999999999999999
364.40000000000003,0.9999999999999999
364.45000000000005,0.9999999999999999
364.5,0.9999999999999999
364.55,0.9999999999999999
364.6,0.9999999999999999
364.65000000000003,0.9999999999999999
364.70000000000005,0.9999999999999999
364.75,0.9999999999999999
364.8,0.9999999999999999
364.85,0.9999999999999999
364.90000000000003,0.9999999999999999
364.95000000000005,0.9999999999999999
365.0,0.9999999999999999
365.05,0.9999999999999999
365.1,0.9999999999999999
365.15000000000003,0.9999999999999999
365.20000000000005,0.9999999999999999
365.25,0.9999999999999999
365.3,0.9999999999999999
365.35,0.9999999999999999
365.40000000000003,0.9999999999999999
365.45000000000005,0.9999999999999999
365.5,0.9999999999999999
365.55,0.9999999999999999
365.6,0.9999999999999999
365.65000000000003,0.9999999999999999
365.70000000000005,0.9999999999999999
365.75,0.9999999999999999
365.8,0.9999999999999999
365.85,0.9999999999999999
365.90000000000003,0.9999999999999999
365.95000000000005,0.9999999999999999
366.0,0.9999999999999999
366.05,0.9999999999999999
366.1,0.9999999999999999
366.15000000000003,0.9999999999999999
366.20000000000005,0.9999999999999999
366.25,0.9999999999999999
366.3,0.9999999999999999
366.35,0.9999999999999999
366.40000000000003,0.9999999999999999
366.45000000000005,0.9999999999999999
366.5,0.9999999999999999
366.55,0.9999999999999999
366.6,0.9999999999999999
366.65000000000003,0.9999999999999999
366.70000000000005,0.9999999999999999
366.75,0.9999999999999999
366.8,0.9999999999999999
366.85,0.9999999999999999
366.90000000000003,0.9999999999999999
366.95000000000005,0.9999999999999999
367.0,0.9999999999999999
367.05,0.9999999999999999
367.1,0.9999999999999999
367.15000000000003,0.9999999999999999
367.20000000000005,0.9999999999999999
367.25,0.9999999999999999
367.3,0.9999999999999999
367.35,0.9999999999999999
367.40000000000003,0.9999999999999999
367.45000000000005,0.9999999999999999
367.5,0.9999999999999999
367.55,0.9999999999999999
367.6,0.9999999999999999
367.65000000000003,0.9999999999999999
367.70000000000005,0.9999999999999999
367.75,0.9999999999999999
367.8,0.9999999999999999
367.85,0.9999999999999999
367.90000000000003,0.9999999999999999
367.95000000000005,0.9999999999999999
368.0,0.9999999999999999
368.05,0.9999999999999999
368.1,0.9999999999999999
368.15000000000003,0.9999999999999999
368.20000000000005,0.9999999999999999
368.25,0.9999999999999999
368.3,0.9999999999999999
368.35,0.9999999999999999
368.40000000000003,0.9999999999999999
368.45000000000005,0.9999999999999999
368.5,0.9999999999999999
368.55,0.9999999999999999
368.6,0.9999999999999999
368.65000000000003,0.9999999999999999
368.70000000000005,0.9999999999999999
368.75,0.9999999999999999
368.8,0.9999999999999999
368.85,0.9999999999999999
368.90000000000003,0.9999999999999999
368.95000000000005,0.9999999999999999
369.0,0.9999999999999999
369.05,0.9999999999999999
369.1,0.9999999999999999
369.15000000000003,0.9999999999999999
369.20000000000005,0.9999999999999999
369.25,0.9999999999999999
369.3,0.9999999999999999
369.35,0.9999999999999999
369.40000000000003,0.9999999999999999
369.45000000000005,0.9999999999999999
369.5,0.9999999999999999
369.55,0.9999999999999999
369.6,0.9999999999999999
369.65000000000003,0.9999999999999999
369.70000000000005,0.9999999999999999
369.75,0.9999999999999999
369.8,0.9999999999999999
369.85,0.9999999999999999
369.90000000000003,0.9999999999999999
369.95000000000005,0.9999999999999999
370.0,0.9999999999999999
370.05,0.9999999999999999
370.1,0.9999999999999999
370.15000000000003,0.9999999999999999
370.20000000000005,0.9999999999999999
370.25,0.9999999999999999
370.3,0.9999999999999999
370.35,0.9999999999999999
370.40000000000003,0.9999999999999999
370.45000000000005,0.9999999999999999
370.5,0.9999999999999999
370.55,0.9999999999999999
370.6,0.9999999999999999
370.65000000000003,0.9999999999999999
370.70000000000005,0.9999999999999999
370.75,0.9999999999999999
370.8,0.9999999999999999
370.85,0.9999999999999999
370.90000000000003,0.9999999999999999
370.95000000000005,0.9999999999999999
371.0,0.9999999999999999
371.05,0.9999999999999999
371.1,0.9999999999999999
371.15000000000003,0.9999999999999999
371.20000000000005,0.9999999999999999
371.25,0.9999999999999999
371.3,0.9999999999999999
371.35,0.9999999999999999
371.40000000000003,0.9999999999999999
371.45000000000005,0.9999999999999999
371.5,0.9999999999999999
371.55,0.9999999999999999
371.6,0.9999999999999999
371.65000000000003,0.9999999999999999
371.70000000000005,0.9999999999999999
371.75,0.9999999999999999
371.8,0.9999999999999999
371.85,0.9999999999999999
371.90000000000003,0.9999999999999999
371.95000000000005,0.9999999999999999
372.0,0.9999999999999999
372.05,0.9999999999999999
372.1,0.9999999999999999
372.15000000000003,0.9999999999999999
372.20000000000005,0.9999999999999999
372.25,0.9999999999999999
372.3,0.9999999999999999
372.35,0.9999999999999999
372.40000000000003,0.9999999999999999
372.45000000000005,0.9999999999999999
372.5,0.9999999999999999
372.55,0.9999999999999999
372.6,0.9999999999999999
372.65000000000003,0.9999999999999999
372.70000000000005,0.9999999999999999
372.75,0.9999999999999999
372.8,0.9999999999999999
372.85,0.9999999999999999
372.90000000000003,0.9999999999999999
372.95000000000005,0.9999999999999999
373.0,0.9999999999999999
373.05,0.9999999999999999
373.1,0.9999999999999999
373.15000000000003,0.9999999999999999
373.20000000000005,0.9999999999999999
373.25,0.9999999999999999
373.3,0.9999999999999999
373.35,0.9999999999999999
373.40000000000003,0.9999999999999999
373.45000000000005,0.9999999999999999
373.5,0.9999999999999999
373.55,0.9999999999999999
373.6,0.9999999999999999
373.65000000000003,0.9999999999999999
373.70000000000005,0.9999999999999999
373.75,0.9999999999999999
373.8,0.9999999999999999
373.85,0.9999999999999999
373.90000000000003,0.9999999999999999
373.95000000000005,0.9999999999999999
374.0,0.9999999999999999
374.05,0.9999999999999999
374.1,0.9999999999999999
374.15000000000003,0.9999999999999999
374.20000000000005,0.9999999999999999
374.25,0.9999999999999999
374.3,0.9999999999999999
374.35,0.9999999999999999
374.40000000000003,0.9999999999999999
374.45000000000005,0.9999999999999999
374.5,0.9999999999999999
374.55,0.9999999999999999
374.6,0.9999999999999999
374.65000000000003,0.9999999999999999
374.70000000000005,0.9999999999999999
374.75,0.9999999999999999
374.8,0.9999999999999999
374.85,0.9999999999999999
374.90000000000003,0.9999999999999999
374.95000000000005,0.9999999999999999
375.0,0.9999999999999999
375.05,0.9999999999999999
375.1,0.9999999999999999
375.15000000000003,0.9999999999999999
375.20000000000005,0.9999999999999999
375.25,0.9999999999999999
375.3,0.9999999999999999
375.35,0.9999999999999999
375.40000000000003,0.9999999999999999
375.45000000000005,0.9999999999999999
375.5,0.9999999999999999
375.55,0.9999999999999999
375.6,0.9999999999999999
375.65000000000003,0.9999999999999999
375.70000000000005,0.9999999999999999
375.75,0.9999999999999999
375.8,0.9999999999999999
375.85,0.9999999999999999
375.90000000000003,0.9999999999999999
375.95000000000005,0.9999999999999999
376.0,0.9999999999999999
376.05,0.9999999999999999
376.1,0.9999999999999999
376.15000000000003,0.9999999999999999
376.20000000000005,0.9999999999999999
376.25,0.9999999999999999
376.3,0.9999999999999999
376.35,0.9999999999999999
376.40000000000003,0.9999999999999999
376.45000000000005,0.9999999999999999
376.5,0.9999999999999999
376.55,0.9999999999999999
376.6,0.9999999999999999
376.65000000000003,0.9999999999999999
376.70000000000005,0.9999999999999999
376.75,0.9999999999999999
376.8,0.9999999999999999
376.85,0.9999999999999999
376.90000000000003,0.9999999999999999
376.95000000000005,0.9999999999999999
377.0,0.9999999999999999
377.05,0.9999999999999999
377.1,0.9999999999999999
377.15000000000003,0.9999999999999999
377.20000000000005,0.9999999999999999
377.25,0.9999999999999999
377.3,0.9999999999999999
377.35,0.9999999999999999
377.40000000000003,0.9999999999999999
377.45000000000005,0.9999999999999999
377.5,0.9999999999999999
377.55,0.9999999999999999
377.6,0.9999999999999999
377.65000000000003,0.9999999999999999
377.70000000000005,0.9999999999999999
377.75,0.9999999999999999
377.8,0.9999999999999999
377.85,0.9999999999999999
377.90000000000003,0.9999999999999999
377.95000000000005,0.9999999999999999
378.0,0.9999999999999999
378.05,0.9999999999999999
378.1,0.9999999999999999
378.15000000000003,0.9999999999999999
378.20000000000005,0.9999999999999999
378.25,0.9999999999999999
378.3,0.9999999999999999
378.35,0.9999999999999999
378.40000000000003,0.9999999999999999
378.45000000000005,0.9999999999999999
378.5,0.9999999999999999
378.55,0.9999999999999999
378.6,0.9999999999999999
378.65000000000003,0.9999999999999999
378.70000000000005,0.9999999999999999
378.75,0.9999999999999999
378.8,0.9999999999999999
378.85,0.9999999999999999
378.90000000000003,0.9999999999999999
378.95000000000005,0.9999999999999999
379.0,0.9999999999999999
379.05,0.9999999999999999
379.1,0.9999999999999999
379.15000000000003,0.9999999999999999
379.20000000000005,0.9999999999999999
379.25,0.9999999999999999
379.3,0.9999999999999999
379.35,0.9999999999999999
379.40000000000003,0.9999999999999999
379.45000000000005,0.9999999999999999
379.5,0.9999999999999999
379.55,0.9999999999999999
379.6,0.9999999999999999
379.65000000000003,0.9999999999999999
379.70000000000005,0.9999999999999999
379.75,0.9999999999999999
379.8,0.9999999999999999
379.85,0.9999999999999999
379.90000000000003,0.9999999999999999
379.95000000000005,0.9999999999999999
380.0,0.9999999999999999
380.05,0.9999999999999999
380.1,0.9999999999999999
380.15000000000003,0.9999999999999999
380.20000000000005,0.9999999999999999
380.25,0.9999999999999999
380.3,0.9999999999999999
380.35,0.9999999999999999
380.40000000000003,0.9999999999999999
380.45000000000005,0.9999999999999999
380.5,0.9999999999999999
380.55,0.9999999999999999
380.6,0.9999999999999999
380.65000000000003,0.9999999999999999
380.70000000000005,0.9999999999999999
380.75,0.9999999999999999
380.8,0.9999999999999999
380.85,0.9999999999999999
380.90000000000003,0.9999999999999999
380.95000000000005,0.9999999999999999
381.0,0.9999999999999999
381.05,0.9999999999999999
381.1,0.9999999999999999
381.15000000000003,0.9999999999999999
381.20000000000005,0.9999999999999999
381.25,0.9999999999999999
381.3,0.9999999999999999
381.35,0.9999999999999999
381.40000000000003,0.9999999999999999
381.45000000000005,0.9999999999999999
381.5,0.9999999999999999
381.55,0.9999999999999999
381.6,0.9999999999999999
381.65000000000003,0.9999999999999999
381.70000000000005,0.9999999999999999
381.75,0.9999999999999999
381.8,0.9999999999999999
381.85,0.9999999999999999
381.90000000000003,0.9999999999999999
381.95000000000005,0.9999999999999999
382.0,0.9999999999999999
382.05,0.9999999999999999
382.1,0.9999999999999999
382.15000000000003,0.9999999999999999
382.20000000000005,0.9999999999999999
382.25,0.9999999999999999
382.3,0.9999999999999999
382.35,0.9999999999999999
382.40000000000003,0.9999999999999999
382.45000000000005,0.9999999999999999
382.5,0.9999999999999999
382.55,0.9999999999999999
382.6,0.9999999999999999
382.65000000000003,0.9999999999999999
382.70000000000005,0.9999999999999999
382.75,0.9999999999999999
382.8,0.9999999999999999
382.85,0.9999999999999999
382.90000000000003,0.9999999999999999
382.95000000000005,0.9999999999999999
383.0,0.9999999999999999
383.05,0.9999999999999999
383.1,0.9999999999999999
383.15000000000003,0.9999999999999999
383.20000000000005,0.9999999999999999
383.25,0.9999999999999999
383.3,0.9999999999999999
383.35,0.9999999999999999
383.40000000000003,0.9999999999999999
383.45000000000005,0.9999999999999999
383.5,0.9999999999999999
383.55,0.9999999999999999
383.6,0.9999999999999999
383.65000000000003,0.9999999999999999
383.70000000000005,0.9999999999999999
383.75,0.9999999999999999
383.8,0.9999999999999999
383.85,0.9999999999999999
383.90000000000003,0.9999999999999999
383.95000000000005,0.9999999999999999
384.0,0.9999999999999999
384.05,0.9999999999999999
384.1,0.9999999999999999
384.15000000000003,0.9999999999999999
384.20000000000005,0.9999999999999999
384.25,0.9999999999999999
384.3,0.9999999999999999
384.35,0.9999999999999999
384.40000000000003,0.9999999999999999
384.45000000000005,0.9999999999999999
384.5,0.9999999999999999
384.55,0.9999999999999999
384.6,0.9999999999999999
384.65000000000003,0.9999999999999999
384.70000000000005,0.9999999999999999
384.75,0.9999999999999999
384.8,0.9999999999999999
384.85,0.9999999999999999
384.90000000000003,0.9999999999999999
384.95000000000005,0.9999999999999999
385.0,0.9999999999999999
385.05,0.9999999999999999
385.1,0.9999999999999999
385.15000000000003,0.9999999999999999
385.20000000000005,0.9999999999999999
385.25,0.9999999999999999
385.3,0.9999999999999999
385.35,0.9999999999999999
385.40000000000003,0.9999999999999999
385.45000000000005,0.9999999999999999
385.5,0.9999999999999999
385.55,0.9999999999999999
385.6,0.9999999999999999
385.65000000000003,0.9999999999999999
385.70000000000005,0.9999999999999999
385.75,0.9999999999999999
385.8,0.9999999999999999
385.85,0.9999999999999999
385.90000000000003,0.9999999999999999
385.95000000000005,0.9999999999999999
386.0,0.9999999999999999
386.05,0.9999999999999999
386.1,0.9999999999999999
386.15000000000003,0.9999999999999999
386.20000000000005,0.9999999999999999
386.25,0.9999999999999999
386.3,0.9999999999999999
386.35,0.9999999999999999
386.40000000000003,0.9999999999999999
386.45000000000005,0.9999999999999999
386.5,0.9999999999999999
386.55,0.9999999999999999
386.6,0.9999999999999999
386.65000000000003,0.9999999999999999
386.70000000000005,0.9999999999999999
386.75,0.9999999999999999
386.8,0.9999999999999999
386.85,0.9999999999999999
386.90000000000003,0.9999999999999999
386.95000000000005,0.9999999999999999
387.0,0.9999999999999999
387.05,0.9999999999999999
387.1,0.9999999999999999
387.15000000000003,0.9999999999999999
387.20000000000005,0.9999999999999999
387.25,0.9999999999999999
387.3,0.9999999999999999
387.35,0.9999999999999999
387.40000000000003,0.9999999999999999
387.45000000000005,0.9999999999999999
387.5,0.9999999999999999
387.55,0.9999999999999999
387.6,0.9999999999999999
387.65000000000003,0.9999999999999999
387.70000000000005,0.9999999999999999
387.75,0.9999999999999999
387.8,0.9999999999999999
387.85,0.9999999999999999
387.90000000000003,0.9999999999999999
387.95000000000005,0.9999999999999999
388.0,0.9999999999999999
388.05,0.9999999999999999
388.1,0.9999999999999999
388.15000000000003,0.9999999999999999
388.20000000000005,0.9999999999999999
388.25,0.9999999999999999
388.3,0.9999999999999999
388.35,0.9999999999999999
388.40000000000003,0.9999999999999999
388.45000000000005,0.9999999999999999
388.5,0.9999999999999999
388.55,0.9999999999999999
388.6,0.9999999999999999
388.65000000000003,0.9999999999999999
388.70000000000005,0.9999999999999999
388.75,0.9999999999999999
388.8,0.9999999999999999
388.85,0.9999999999999999
388.90000000000003,0.9999999999999999
388.95000000000005,0.9999999999999999
389.0,0.9999999999999999
389.05,0.9999999999999999
389.1,0.9999999999999999
389.15000000000003,0.9999999999999999
389.20000000000005,0.9999999999999999
389.25,0.9999999999999999
389.3,0.9999999999999999
389.35,0.9999999999999999
389.40000000000003,0.9999999999999999
389.45000000000005,0.9999999999999999
389.5,0.9999999999999999
389.55,0.9999999999999999
389.6,0.9999999999999999
389.65000000000003,0.9999999999999999
389.70000000000005,0.9999999999999999
389.75,0.9999999999999999
389.8,0.9999999999999999
389.85,0.9999999999999999
389.90000000000003,0.9999999999999999
389.95000000000005,0.9999999999999999
390.0,0.9999999999999999
390.05,0.9999999999999999
390.1,0.9999999999999999
390.15000000000003,0.9999999999999999
390.20000000000005,0.9999999999999999
390.25,0.9999999999999999
390.3,0.9999999999999999
390.35,0.9999999999999999
390.40000000000003,0.9999999999999999
390.45000000000005,0.9999999999999999
390.5,0.9999999999999999
390.55,0.9999999999999999
390.6,0.9999999999999999
390.65000000000003,0.9999999999999999
390.70000000000005,0.9999999999999999
390.75,0.9999999999999999
390.8,0.9999999999999999
390.85,0.9999999999999999
390.90000000000003,0.9999999999999999
390.95000000000005,0.9999999999999999
391.0,0.9999999999999999
391.05,0.9999999999999999
391.1,0.9999999999999999
391.15000000000003,0.9999999999999999
391.20000000000005,0.9999999999999999
391.25,0.9999999999999999
391.3,0.9999999999999999
391.35,0.9999999999999999
391.40000000000003,0.9999999999999999
391.45000000000005,0.9999999999999999
391.5,0.9999999999999999
391.55,0.9999999999999999
391.6,0.9999999999999999
391.65000000000003,0.9999999999999999
391.70000000000005,0.9999999999999999
391.75,0.9999999999999999
391.8,0.9999999999999999
391.85,0.9999999999999999
391.90000000000003,0.9999999999999999
391.95000000000005,0.9999999999999999
392.0,0.9999999999999999
392.05,0.9999999999999999
392.1,0.9999999999999999
392.15000000000003,0.9999999999999999
392.20000000000005,0.9999999999999999
392.25,0.9999999999999999
392.3,0.9999999999999999
392.35,0.9999999999999999
392.40000000000003,0.9999999999999999
392.45000000000005,0.9999999999999999
392.5,0.9999999999999999
392.55,0.9999999999999999
392.6,0.9999999999999999
392.65000000000003,0.9999999999999999
392.70000000000005,0.9999999999999999
392.75,0.9999999999999999
392.8,0.9999999999999999
392.85,0.9999999999999999
392.90000000000003,0.9999999999999999
392.95000000000005,0.9999999999999999
393.0,0.9999999999999999
393.05,0.9999999999999999
393.1,0.9999999999999999
393.15000000000003,0.9999999999999999
393.20000000000005,0.9999999999999999
393.25,0.9999999999999999
393.3,0.9999999999999999
393.35,0.9999999999999999
393.40000000000003,0.9999999999999999
393.45000000000005,0.9999999999999999
393.5,0.9999999999999999
393.55,0.9999999999999999
393.6,0.9999999999999999
393.65000000000003,0.9999999999999999
393.70000000000005,0.9999999999999999
393.75,0.9999999999999999
393.8,0.9999999999999999
393.85,0.9999999999999999
393.90000000000003,0.9999999999999999
393.95000000000005,0.9999999999999999
394.0,0.9999999999999999
394.05,0.9999999999999999
394.1,0.9999999999999999
394.15000000000003,0.9999999999999999
394.20000000000005,0.9999999999999999
394.25,0.9999999999999999
394.3,0.9999999999999999
394.35,0.9999999999999999
394.40000000000003,0.9999999999999999
394.45000000000005,0.9999999999999999
394.5,0.9999999999999999
394.55,0.9999999999999999
394.6,0.9999999999999999
394.65000000000003,0.9999999999999999
394.70000000000005,0.9999999999999999
394.75,0.9999999999999999
394.8,0.9999999999999999
394.85,0.9999999999999999
394.90000000000003,0.9999999999999999
394.95000000000005,0.9999999999999999
395.0,0.9999999999999999
395.05,0.9999999999999999
395.1,0.9999999999999999
395.15000000000003,0.9999999999999999
395.20000000000005,0.9999999999999999
395.25,0.9999999999999999
395.3,0.9999999999999999
395.35,0.9999999999999999
395.40000000000003,0.9999999999999999
395.45000000000005,0.9999999999999999
395.5,0.9999999999999999
395.55,0.9999999999999999
395.6,0.9999999999999999
395.65000000000003,0.9999999999999999
395.70000000000005,0.9999999999999999
395.75,0.9999999999999999
395.8,0.9999999999999999
395.85,0.9999999999999999
395.90000000000003,0.9999999999999999
395.95000000000005,0.9999999999999999
396.0,0.9999999999999999
396.05,0.9999999999999999
396.1,0.9999999999999999
396.15000000000003,0.9999999999999999
396.20000000000005,0.9999999999999999
396.25,0.9999999999999999
396.3,0.9999999999999999
396.35,0.9999999999999999
396.40000000000003,0.9999999999999999
396.45000000000005,0.9999999999999999
396.5,0.9999999999999999
396.55,0.9999999999999999
396.6,0.9999999999999999
396.65000000000003,0.9999999999999999
396.70000000000005,0.9999999999999999
396.75,0.9999999999999999
396.8,0.9999999999999999
396.85,0.9999999999999999
396.90000000000003,0.9999999999999999
396.95000000000005,0.9999999999999999
397.0,0.9999999999999999
397.05,0.9999999999999999
397.1,0.9999999999999999
397.15000000000003,0.9999999999999999
397.20000000000005,0.9999999999999999
397.25,0.9999999999999999
397.3,0.9999999999999999
397.35,0.9999999999999999
397.40000000000003,0.9999999999999999
397.45000000000005,0.9999999999999999
397.5,0.9999999999999999
397.55,0.9999999999999999
397.6,0.9999999999999999
397.65000000000003,0.9999999999999999
397.70000000000005,0.9999999999999999
397.75,0.9999999999999999
397.8,0.9999999999999999
397.85,0.9999999999999999
397.90000000000003,0.9999999999999999
397.95000000000005,0.9999999999999999
398.0,0.9999999999999999
398.05,0.9999999999999999
398.1,0.9999999999999999
398.15000000000003,0.9999999999999999
398.20000000000005,0.9999999999999999
398.25,0.9999999999999999
398.3,0.9999999999999999
398.35,0.9999999999999999
398.40000000000003,0.9999999999999999
398.45000000000005,0.9999999999999999
398.5,0.9999999999999999
398.55,0.9999999999999999
398.6,0.9999999999999999
398.65000000000003,0.9999999999999999
398.70000000000005,0.9999999999999999
398.75,0.9999999999999999
398.8,0.9999999999999999
398.85,0.9999999999999999
398.90000000000003,0.9999999999999999
398.95000000000005,0.9999999999999999
399.0,0.9999999999999999
399.05,0.9999999999999999
399.1,0.9999999999999999
399.15000000000003,0.9999999999999999
399.20000000000005,0.9999999999999999
399.25,0.9999999999999999
399.3,0.9999999999999999
399.35,0.9999999999999999
399.40000000000003,0.9999999999999999
399.45000000000005,0.9999999999999999
399.5,0.9999999999999999
399.55,0.9999999999999999
399.6,0.9999999999999999
399.65000000000003,0.9999999999999999
399.70000000000005,0.9999999999999999
399.75,0.9999999999999999
399.8,0.9999999999999999
399.85,0.9999999999999999
399.90000000000003,0.9999999999999999
399.95000000000005,0.9999999999999999
400.0,0.9999999999999999
400.05,0.9999999999999999
400.1,0.9999999999999999
400.15000000000003,0.9999999999999999
400.20000000000005,0.9999999999999999
400.25,0.9999999999999999
400.3,0.9999999999999999
400.35,0.9999999999999999
400.40000000000003,0.9999999999999999
400.45000000000005,0.9999999999999999
400.5,0.9999999999999999
400.55,0.9999999999999999
400.6,0.9999999999999999
400.65000000000003,0.9999999999999999
400.70000000000005,0.9999999999999999
400.75,0.9999999999999999
400.8,0.9999999999999999
400.85,0.9999999999999999
400.90000000000003,0.9999999999999999
400.95000000000005,0.9999999999999999
401.0,0.9999999999999999
401.05,0.9999999999999999
401.1,0.9999999999999999
401.15000000000003,0.9999999999999999
401.20000000000005,0.9999999999999999
401.25,0.9999999999999999
401.3,0.9999999999999999
401.35,0.9999999999999999
401.40000000000003,0.9999999999999999
401.45000000000005,0.9999999999999999
401.5,0.9999999999999999
401.55,0.9999999999999999
401.6,0.9999999999999999
401.65000000000003,0.9999999999999999
401.70000000000005,0.9999999999999999
401.75,0.9999999999999999
401.8,0.9999999999999999
401.85,0.9999999999999999
401.90000000000003,0.9999999999999999
401.95000000000005,0.9999999999999999
402.0,0.9999999999999999
402.05,0.9999999999999999
402.1,0.9999999999999999
402.15000000000003,0.9999999999999999
402.20000000000005,0.9999999999999999
402.25,0.9999999999999999
402.3,0.9999999999999999
402.35,0.9999999999999999
402.40000000000003,0.9999999999999999
402.45000000000005,0.9999999999999999
402.5,0.9999999999999999
402.55,0.9999999999999999
402.6,0.9999999999999999
402.65000000000003,0.9999999999999999
402.70000000000005,0.9999999999999999
402.75,0.9999999999999999
402.8,0.9999999999999999
402.85,0.9999999999999999
402.90000000000003,0.9999999999999999
402.95000000000005,0.9999999999999999
403.0,0.9999999999999999
403.05,0.9999999999999999
403.1,0.9999999999999999
403.15000000000003,0.9999999999999999
403.20000000000005,0.9999999999999999
403.25,0.9999999999999999
403.3,0.9999999999999999
403.35,0.9999999999999999
403.40000000000003,0.9999999999999999
403.45000000000005,0.9999999999999999
403.5,0.9999999999999999
403.55,0.9999999999999999
403.6,0.9999999999999999
403.65000000000003,0.9999999999999999
403.70000000000005,0.9999999999999999
403.75,0.9999999999999999
403.8,0.9999999999999999
403.85,0.9999999999999999
403.90000000000003,0.9999999999999999
403.95000000000005,0.9999999999999999
404.0,0.9999999999999999
404.05,0.9999999999999999
404.1,0.9999999999999999
404.15000000000003,0.9999999999999999
404.20000000000005,0.9999999999999999
404.25,0.9999999999999999
404.3,0.9999999999999999
404.35,0.9999999999999999
404.40000000000003,0.9999999999999999
404.45000000000005,0.9999999999999999
404.5,0.9999999999999999
404.55,0.9999999999999999
404.6,0.9999999999999999
404.65000000000003,0.9999999999999999
404.70000000000005,0.9999999999999999
404.75,0.9999999999999999
404.8,0.9999999999999999
404.85,0.9999999999999999
404.90000000000003,0.9999999999999999
404.95000000000005,0.9999999999999999
405.0,0.9999999999999999
405.05,0.9999999999999999
405.1,0.9999999999999999
405.15000000000003,0.9999999999999999
405.20000000000005,0.9999999999999999
405.25,0.9999999999999999
405.3,0.9999999999999999
405.35,0.9999999999999999
405.40000000000003,0.9999999999999999
405.45000000000005,0.9999999999999999
405.5,0.9999999999999999
405.55,0.9999999999999999
405.6,0.9999999999999999
405.65000000000003,0.9999999999999999
405.70000000000005,0.9999999999999999
405.75,0.9999999999999999
405.8,0.9999999999999999
405.85,0.9999999999999999
405.90000000000003,0.9999999999999999
405.95000000000005,0.9999999999999999
406.0,0.9999999999999999
406.05,0.9999999999999999
406.1,0.9999999999999999
406.15000000000003,0.9999999999999999
406.20000000000005,0.9999999999999999
406.25,0.9999999999999999
406.3,0.9999999999999999
406.35,0.9999999999999999
406.40000000000003,0.9999999999999999
406.45000000000005,0.9999999999999999
406.5,0.9999999999999999
406.55,0.9999999999999999
406.6,0.9999999999999999
406.65000000000003,0.9999999999999999
406.70000000000005,0.9999999999999999
406.75,0.9999999999999999
406.8,0.9999999999999999
406.85,0.9999999999999999
406.90000000000003,0.9999999999999999
406.95000000000005,0.9999999999999999
407.0,0.9999999999999999
407.05,0.9999999999999999
407.1,0.9999999999999999
407.15000000000003,0.9999999999999999
407.20000000000005,0.9999999999999999
407.25,0.9999999999999999
407.3,0.9999999999999999
407.35,0.9999999999999999
407.40000000000003,0.9999999999999999
407.45000000000005,0.9999999999999999
407.5,0.9999999999999999
407.55,0.9999999999999999
407.6,0.9999999999999999
407.65000000000003,0.9999999999999999
407.70000000000005,0.9999999999999999
407.75,0.9999999999999999
407.8,0.9999999999999999
407.85,0.9999999999999999
407.90000000000003,0.9999999999999999
407.95000000000005,0.9999999999999999
408.0,0.9999999999999999
408.05,0.9999999999999999
408.1,0.9999999999999999
408.15000000000003,0.9999999999999999
408.20000000000005,0.9999999999999999
408.25,0.9999999999999999
408.3,0.9999999999999999
408.35,0.9999999999999999
408.40000000000003,0.9999999999999999
408.45000000000005,0.9999999999999999
408.5,0.9999999999999999
408.55,0.9999999999999999
408.6,0.9999999999999999
408.65000000000003,0.9999999999999999
408.70000000000005,0.9999999999999999
408.75,0.9999999999999999
408.8,0.9999999999999999
408.85,0.9999999999999999
408.90000000000003,0.9999999999999999
408.95000000000005,0.9999999999999999
409.0,0.9999999999999999
409.05,0.9999999999999999
409.1,0.9999999999999999
409.15000000000003,0.9999999999999999
409.20000000000005,0.9999999999999999
409.25,0.9999999999999999
409.3,0.9999999999999999
409.35,0.9999999999999999
409.40000000000003,0.9999999999999999
409.45000000000005,0.9999999999999999
409.5,0.9999999999999999
409.55,0.9999999999999999
409.6,0.9999999999999999
409.65000000000003,0.9999999999999999
409.70000000000005,0.9999999999999999
409.75,0.9999999999999999
409.8,0.9999999999999999
409.85,0.9999999999999999
409.90000000000003,0.9999999999999999
409.95000000000005,0.9999999999999999
410.0,0.9999999999999999
410.05,0.9999999999999999
410.1,0.9999999999999999
410.15000000000003,0.9999999999999999
410.20000000000005,0.9999999999999999
410.25,0.9999999999999999
410.3,0.9999999999999999
410.35,0.9999999999999999
410.40000000000003,0.9999999999999999
410.45000000000005,0.9999999999999999
410.5,0.9999999999999999
410.55,0.9999999999999999
410.6,0.9999999999999999
410.65000000000003,0.9999999999999999
410.70000000000005,0.9999999999999999
410.75,0.9999999999999999
410.8,0.9999999999999999
410.85,0.9999999999999999
410.90000000000003,0.9999999999999999
410.95000000000005,0.9999999999999999
411.0,0.9999999999999999
411.05,0.9999999999999999
411.1,0.9999999999999999
411.15000000000003,0.9999999999999999
411.20000000000005,0.9999999999999999
411.25,0.9999999999999999
411.3,0.9999999999999999
411.35,0.9999999999999999
411.40000000000003,0.9999999999999999
411.45000000000005,0.9999999999999999
411.5,0.9999999999999999
411.55,0.9999999999999999
411.6,0.9999999999999999
411.65000000000003,0.9999999999999999
411.70000000000005,0.9999999999999999
411.75,0.9999999999999999
411.8,0.9999999999999999
411.85,0.9999999999999999
411.90000000000003,0.9999999999999999
411.95000000000005,0.9999999999999999
412.0,0.9999999999999999
412.05,0.9999999999999999
412.1,0.9999999999999999
412.15000000000003,0.9999999999999999
412.20000000000005,0.9999999999999999
412.25,0.9999999999999999
412.3,0.9999999999999999
412.35,0.9999999999999999
412.40000000000003,0.9999999999999999
412.45000000000005,0.9999999999999999
412.5,0.9999999999999999
412.55,0.9999999999999999
412.6,0.9999999999999999
412.65000000000003,0.9999999999999999
412.70000000000005,0.9999999999999999
412.75,0.9999999999999999
412.8,0.9999999999999999
412.85,0.9999999999999999
412.90000000000003,0.9999999999999999
412.95000000000005,0.9999999999999999
413.0,0.9999999999999999
413.05,0.9999999999999999
413.1,0.9999999999999999
413.15000000000003,0.9999999999999999
413.20000000000005,0.9999999999999999
413.25,0.9999999999999999
413.3,0.9999999999999999
413.35,0.9999999999999999
413.40000000000003,0.9999999999999999
413.45000000000005,0.9999999999999999
413.5,0.9999999999999999
413.55,0.9999999999999999
413.6,0.9999999999999999
413.65000000000003,0.9999999999999999
413.70000000000005,0.9999999999999999
413.75,0.9999999999999999
413.8,0.9999999999999999
413.85,0.9999999999999999
413.90000000000003,0.9999999999999999
413.95000000000005,0.9999999999999999
414.0,0.9999999999999999
414.05,0.9999999999999999
414.1,0.9999999999999999
414.15000000000003,0.9999999999999999
414.20000000000005,0.9999999999999999
414.25,0.9999999999999999
414.3,0.9999999999999999
414.35,0.9999999999999999
414.40000000000003,0.9999999999999999
414.45000000000005,0.9999999999999999
414.5,0.9999999999999999
414.55,0.9999999999999999
414.6,0.9999999999999999
414.65000000000003,0.9999999999999999
414.70000000000005,0.9999999999999999
414.75,0.9999999999999999
414.8,0.9999999999999999
414.85,0.9999999999999999
414.90000000000003,0.9999999999999999
414.95000000000005,0.9999999999999999
415.0,0.9999999999999999
415.05,0.9999999999999999
415.1,0.9999999999999999
415.15000000000003,0.9999999999999999
415.20000000000005,0.9999999999999999
415.25,0.9999999999999999
415.3,0.9999999999999999
415.35,0.9999999999999999
415.40000000000003,0.9999999999999999
415.45000000000005,0.9999999999999999
415.5,0.9999999999999999
415.55,0.9999999999999999
415.6,0.9999999999999999
415.65000000000003,0.9999999999999999
415.70000000000005,0.9999999999999999
415.75,0.9999999999999999
415.8,0.9999999999999999
415.85,0.9999999999999999
415.90000000000003,0.9999999999999999
415.95000000000005,0.9999999999999999
416.0,0.9999999999999999
416.05,0.9999999999999999
416.1,0.9999999999999999
416.15000000000003,0.9999999999999999
416.20000000000005,0.9999999999999999
416.25,0.9999999999999999
416.3,0.9999999999999999
416.35,0.9999999999999999
416.40000000000003,0.9999999999999999
416.45000000000005,0.9999999999999999
416.5,0.9999999999999999
416.55,0.9999999999999999
416.6,0.9999999999999999
416.65000000000003,0.9999999999999999
416.70000000000005,0.9999999999999999
416.75,0.9999999999999999
416.8,0.9999999999999999
416.85,0.9999999999999999
416.90000000000003,0.9999999999999999
416.95000000000005,0.9999999999999999
417.0,0.9999999999999999
417.05,0.9999999999999999
417.1,0.9999999999999999
417.15000000000003,0.9999999999999999
417.20000000000005,0.9999999999999999
417.25,0.9999999999999999
417.3,0.9999999999999999
417.35,0.9999999999999999
417.40000000000003,0.9999999999999999
417.45000000000005,0.9999999999999999
417.5,0.9999999999999999
417.55,0.9999999999999999
417.6,0.9999999999999999
417.65000000000003,0.9999999999999999
417.70000000000005,0.9999999999999999
417.75,0.9999999999999999
417.8,0.9999999999999999
417.85,0.9999999999999999
417.90000000000003,0.9999999999999999
417.95000000000005,0.9999999999999999
418.0,0.9999999999999999
418.05,0.9999999999999999
418.1,0.9999999999999999
418.15000000000003,0.9999999999999999
418.20000000000005,0.9999999999999999
418.25,0.9999999999999999
418.3,0.9999999999999999
418.35,0.9999999999999999
418.40000000000003,0.9999999999999999
418.45000000000005,0.9999999999999999
418.5,0.9999999999999999
418.55,0.9999999999999999
418.6,0.9999999999999999
418.65000000000003,0.9999999999999999
418.70000000000005,0.9999999999999999
418.75,0.9999999999999999
418.8,0.9999999999999999
418.85,0.9999999999999999
418.90000000000003,0.9999999999999999
418.95000000000005,0.9999999999999999
419.0,0.9999999999999999
419.05,0.9999999999999999
419.1,0.9999999999999999
419.15000000000003,0.9999999999999999
419.20000000000005,0.9999999999999999
419.25,0.9999999999999999
419.3,0.9999999999999999
419.35,0.9999999999999999
419.40000000000003,0.9999999999999999
419.45000000000005,0.9999999999999999
419.5,0.9999999999999999
419.55,0.9999999999999999
419.6,0.9999999999999999
419.65000000000003,0.9999999999999999
419.70000000000005,0.9999999999999999
419.75,0.9999999999999999
419.8,0.9999999999999999
419.85,0.9999999999999999
419.90000000000003,0.9999999999999999
419.95000000000005,0.9999999999999999
420.0,0.9999999999999999
420.05,0.9999999999999999
420.1,0.9999999999999999
420.15000000000003,0.9999999999999999
420.20000000000005,0.9999999999999999
420.25,0.9999999999999999
420.3,0.9999999999999999
420.35,0.9999999999999999
420.40000000000003,0.9999999999999999
420.45000000000005,0.9999999999999999
420.5,0.9999999999999999
420.55,0.9999999999999999
420.6,0.9999999999999999
420.65000000000003,0.9999999999999999
420.70000000000005,0.9999999999999999
420.75,0.9999999999999999
420.8,0.9999999999999999
420.85,0.9999999999999999
420.90000000000003,0.9999999999999999
420.95000000000005,0.9999999999999999
421.0,0.9999999999999999
421.05,0.9999999999999999
421.1,0.9999999999999999
421.15000000000003,0.9999999999999999
421.20000000000005,0.9999999999999999
421.25,0.9999999999999999
421.3,0.9999999999999999
421.35,0.9999999999999999
421.40000000000003,0.9999999999999999
421.45000000000005,0.9999999999999999
421.5,0.9999999999999999
421.55,0.9999999999999999
421.6,0.9999999999999999
421.65000000000003,0.9999999999999999
421.70000000000005,0.9999999999999999
421.75,0.9999999999999999
421.8,0.9999999999999999
421.85,0.9999999999999999
421.90000000000003,0.9999999999999999
421.95000000000005,0.9999999999999999
422.0,0.9999999999999999
422.05,0.9999999999999999
422.1,0.9999999999999999
422.15000000000003,0.9999999999999999
422.20000000000005,0.9999999999999999
422.25,0.9999999999999999
422.3,0.9999999999999999
422.35,0.9999999999999999
422.40000000000003,0.9999999999999999
422.45000000000005,0.9999999999999999
422.5,0.9999999999999999
422.55,0.9999999999999999
422.6,0.9999999999999999
422.65000000000003,0.9999999999999999
422.70000000000005,0.9999999999999999
422.75,0.9999999999999999
422.8,0.9999999999999999
422.85,0.9999999999999999
422.90000000000003,0.9999999999999999
422.95000000000005,0.9999999999999999
423.0,0.9999999999999999
423.05,0.9999999999999999
423.1,0.9999999999999999
423.15000000000003,0.9999999999999999
423.20000000000005,0.9999999999999999
423.25,0.9999999999999999
423.3,0.9999999999999999
423.35,0.9999999999999999
423.40000000000003,0.9999999999999999
423.45000000000005,0.9999999999999999
423.5,0.9999999999999999
423.55,0.9999999999999999
423.6,0.9999999999999999
423.65000000000003,0.9999999999999999
423.70000000000005,0.9999999999999999
423.75,0.9999999999999999
423.8,0.9999999999999999
423.85,0.9999999999999999
423.90000000000003,0.9999999999999999
423.95000000000005,0.9999999999999999
424.0,0.9999999999999999
424.05,0.9999999999999999
424.1,0.9999999999999999
424.15000000000003,0.9999999999999999
424.20000000000005,0.9999999999999999
424.25,0.9999999999999999
424.3,0.9999999999999999
424.35,0.9999999999999999
424.40000000000003,0.9999999999999999
424.45000000000005,0.9999999999999999
424.5,0.9999999999999999
424.55,0.9999999999999999
424.6,0.9999999999999999
424.65000000000003,0.9999999999999999
424.70000000000005,0.9999999999999999
424.75,0.9999999999999999
424.8,0.9999999999999999
424.85,0.9999999999999999
424.90000000000003,0.9999999999999999
424.95000000000005,0.9999999999999999
425.0,0.9999999999999999
425.05,0.9999999999999999
425.1,0.9999999999999999
425.15000000000003,0.9999999999999999
425.20000000000005,0.9999999999999999
425.25,0.9999999999999999
425.3,0.9999999999999999
425.35,0.9999999999999999
425.40000000000003,0.9999999999999999
425.45000000000005,0.9999999999999999
425.5,0.9999999999999999
425.55,0.9999999999999999
425.6,0.9999999999999999
425.65000000000003,0.9999999999999999
425.70000000000005,0.9999999999999999
425.75,0.9999999999999999
425.8,0.9999999999999999
425.85,0.9999999999999999
425.90000000000003,0.9999999999999999
425.95000000000005,0.9999999999999999
426.0,0.9999999999999999
426.05,0.9999999999999999
426.1,0.9999999999999999
426.15000000000003,0.9999999999999999
426.20000000000005,0.9999999999999999
426.25,0.9999999999999999
426.3,0.9999999999999999
426.35,0.9999999999999999
426.40000000000003,0.9999999999999999
426.45000000000005,0.9999999999999999
426.5,0.9999999999999999
426.55,0.9999999999999999
426.6,0.9999999999999999
426.65000000000003,0.9999999999999999
426.70000000000005,0.9999999999999999
426.75,0.9999999999999999
426.8,0.9999999999999999
426.85,0.9999999999999999
426.90000000000003,0.9999999999999999
426.95000000000005,0.9999999999999999
427.0,0.9999999999999999
427.05,0.9999999999999999
427.1,0.9999999999999999
427.15000000000003,0.9999999999999999
427.20000000000005,0.9999999999999999
427.25,0.9999999999999999
427.3,0.9999999999999999
427.35,0.9999999999999999
427.40000000000003,0.9999999999999999
427.45000000000005,0.9999999999999999
427.5,0.9999999999999999
427.55,0.9999999999999999
427.6,0.9999999999999999
427.65000000000003,0.9999999999999999
427.70000000000005,0.9999999999999999
427.75,0.9999999999999999
427.8,0.9999999999999999
427.85,0.9999999999999999
427.90000000000003,0.9999999999999999
427.95000000000005,0.9999999999999999
428.0,0.9999999999999999
428.05,0.9999999999999999
428.1,0.9999999999999999
428.15000000000003,0.9999999999999999
428.20000000000005,0.9999999999999999
428.25,0.9999999999999999
428.3,0.9999999999999999
428.35,0.9999999999999999
428.40000000000003,0.9999999999999999
428.45000000000005,0.9999999999999999
428.5,0.9999999999999999
428.55,0.9999999999999999
428.6,0.9999999999999999
428.65000000000003,0.9999999999999999
428.70000000000005,0.9999999999999999
428.75,0.9999999999999999
428.8,0.9999999999999999
428.85,0.9999999999999999
428.90000000000003,0.9999999999999999
428.95000000000005,0.9999999999999999
429.0,0.9999999999999999
429.05,0.9999999999999999
429.1,0.9999999999999999
429.15000000000003,0.9999999999999999
429.20000000000005,0.9999999999999999
429.25,0.9999999999999999
429.3,0.9999999999999999
429.35,0.9999999999999999
429.40000000000003,0.9999999999999999
429.45000000000005,0.9999999999999999
429.5,0.9999999999999999
429.55,0.9999999999999999
429.6,0.9999999999999999
429.65000000000003,0.9999999999999999
429.70000000000005,0.9999999999999999
429.75,0.9999999999999999
429.8,0.9999999999999999
429.85,0.9999999999999999
429.90000000000003,0.9999999999999999
429.95000000000005,0.9999999999999999
430.0,0.9999999999999999
430.05,0.9999999999999999
430.1,0.9999999999999999
430.15000000000003,0.9999999999999999
430.20000000000005,0.9999999999999999
430.25,0.9999999999999999
430.3,0.9999999999999999
430.35,0.9999999999999999
430.40000000000003,0.9999999999999999
430.45000000000005,0.9999999999999999
430.5,0.9999999999999999
430.55,0.9999999999999999
430.6,0.9999999999999999
430.65000000000003,0.9999999999999999
430.70000000000005,0.9999999999999999
430.75,0.9999999999999999
430.8,0.9999999999999999
430.85,0.9999999999999999
430.90000000000003,0.9999999999999999
430.95000000000005,0.9999999999999999
431.0,0.9999999999999999
431.05,0.9999999999999999
431.1,0.9999999999999999
431.15000000000003,0.9999999999999999
431.20000000000005,0.9999999999999999
431.25,0.9999999999999999
431.3,0.9999999999999999
431.35,0.9999999999999999
431.40000000000003,0.9999999999999999
431.45000000000005,0.9999999999999999
431.5,0.9999999999999999
431.55,0.9999999999999999
431.6,0.9999999999999999
431.65000000000003,0.9999999999999999
431.70000000000005,0.9999999999999999
431.75,0.9999999999999999
431.8,0.9999999999999999
431.85,0.9999999999999999
431.90000000000003,0.9999999999999999
431.95000000000005,0.9999999999999999
432.0,0.9999999999999999
432.05,0.9999999999999999
432.1,0.9999999999999999
432.15000000000003,0.9999999999999999
432.20000000000005,0.9999999999999999
432.25,0.9999999999999999
432.3,0.9999999999999999
432.35,0.9999999999999999
432.40000000000003,0.9999999999999999
432.45000000000005,0.9999999999999999
432.5,0.9999999999999999
432.55,0.9999999999999999
432.6,0.9999999999999999
432.65000000000003,0.9999999999999999
432.70000000000005,0.9999999999999999
432.75,0.9999999999999999
432.8,0.9999999999999999
432.85,0.9999999999999999
432.90000000000003,0.9999999999999999
432.95000000000005,0.9999999999999999
433.0,0.9999999999999999
433.05,0.9999999999999999
433.1,0.9999999999999999
433.15000000000003,0.9999999999999999
433.20000000000005,0.9999999999999999
433.25,0.9999999999999999
433.3,0.9999999999999999
433.35,0.9999999999999999
433.40000000000003,0.9999999999999999
433.45000000000005,0.9999999999999999
433.5,0.9999999999999999
433.55,0.9999999999999999
433.6,0.9999999999999999
433.65000000000003,0.9999999999999999
433.70000000000005,0.9999999999999999
433.75,0.9999999999999999
433.8,0.9999999999999999
433.85,0.9999999999999999
433.90000000000003,0.9999999999999999
433.95000000000005,0.9999999999999999
434.0,0.9999999999999999
434.05,0.9999999999999999
434.1,0.9999999999999999
434.15000000000003,0.9999999999999999
434.20000000000005,0.9999999999999999
434.25,0.9999999999999999
434.3,0.9999999999999999
434.35,0.9999999999999999
434.40000000000003,0.9999999999999999
434.45000000000005,0.9999999999999999
434.5,0.9999999999999999
434.55,0.9999999999999999
434.6,0.9999999999999999
434.65000000000003,0.9999999999999999
434.70000000000005,0.9999999999999999
434.75,0.9999999999999999
434.8,0.9999999999999999
434.85,0.9999999999999999
434.90000000000003,0.9999999999999999
434.95000000000005,0.9999999999999999
435.0,0.9999999999999999
435.05,0.9999999999999999
435.1,0.9999999999999999
435.15000000000003,0.9999999999999999
435.20000000000005,0.9999999999999999
435.25,0.9999999999999999
435.3,0.9999999999999999
435.35,0.9999999999999999
435.40000000000003,0.9999999999999999
435.45000000000005,0.9999999999999999
435.5,0.9999999999999999
435.55,0.9999999999999999
435.6,0.9999999999999999
435.65000000000003,0.9999999999999999
435.70000000000005,0.9999999999999999
435.75,0.9999999999999999
435.8,0.9999999999999999
435.85,0.9999999999999999
435.90000000000003,0.9999999999999999
435.95000000000005,0.9999999999999999
436.0,0.9999999999999999
436.05,0.9999999999999999
436.1,0.9999999999999999
436.15000000000003,0.9999999999999999
436.20000000000005,0.9999999999999999
436.25,0.9999999999999999
436.3,0.9999999999999999
436.35,0.9999999999999999
436.40000000000003,0.9999999999999999
436.45000000000005,0.9999999999999999
436.5,0.9999999999999999
436.55,0.9999999999999999
436.6,0.9999999999999999
436.65000000000003,0.9999999999999999
436.70000000000005,0.9999999999999999
436.75,0.9999999999999999
436.8,0.9999999999999999
436.85,0.9999999999999999
436.90000000000003,0.9999999999999999
436.95000000000005,0.9999999999999999
437.0,0.9999999999999999
437.05,0.9999999999999999
437.1,0.9999999999999999
437.15000000000003,0.9999999999999999
437.20000000000005,0.9999999999999999
437.25,0.9999999999999999
437.3,0.9999999999999999
437.35,0.9999999999999999
437.40000000000003,0.9999999999999999
437.45000000000005,0.9999999999999999
437.5,0.9999999999999999
437.55,0.9999999999999999
437.6,0.9999999999999999
437.65000000000003,0.9999999999999999
437.70000000000005,0.9999999999999999
437.75,0.9999999999999999
437.8,0.9999999999999999
437.85,0.9999999999999999
437.90000000000003,0.9999999999999999
437.95000000000005,0.9999999999999999
438.0,0.9999999999999999
438.05,0.9999999999999999
438.1,0.9999999999999999
438.15000000000003,0.9999999999999999
438.20000000000005,0.9999999999999999
438.25,0.9999999999999999
438.3,0.9999999999999999
438.35,0.9999999999999999
438.40000000000003,0.9999999999999999
438.45000000000005,0.9999999999999999
438.5,0.9999999999999999
438.55,0.9999999999999999
438.6,0.9999999999999999
438.65000000000003,0.9999999999999999
438.70000000000005,0.9999999999999999
438.75,0.9999999999999999
438.8,0.9999999999999999
438.85,0.9999999999999999
438.90000000000003,0.9999999999999999
438.95000000000005,0.9999999999999999
439.0,0.9999999999999999
439.05,0.9999999999999999
439.1,0.9999999999999999
439.15000000000003,0.9999999999999999
439.20000000000005,0.9999999999999999
439.25,0.9999999999999999
439.3,0.9999999999999999
439.35,0.9999999999999999
439.40000000000003,0.9999999999999999
439.45000000000005,0.9999999999999999
439.5,0.9999999999999999
439.55,0.9999999999999999
439.6,0.9999999999999999
439.65000000000003,0.9999999999999999
439.70000000000005,0.9999999999999999
439.75,0.9999999999999999
439.8,0.9999999999999999
439.85,0.9999999999999999
439.90000000000003,0.9999999999999999
439.95000000000005,0.9999999999999999
440.0,0.9999999999999999
440.05,0.9999999999999999
440.1,0.9999999999999999
440.15000000000003,0.9999999999999999
440.20000000000005,0.9999999999999999
440.25,0.9999999999999999
440.3,0.9999999999999999
440.35,0.9999999999999999
440.40000000000003,0.9999999999999999
440.45000000000005,0.9999999999999999
440.5,0.9999999999999999
440.55,0.9999999999999999
440.6,0.9999999999999999
440.65000000000003,0.9999999999999999
440.70000000000005,0.9999999999999999
440.75,0.9999999999999999
440.8,0.9999999999999999
440.85,0.9999999999999999
440.90000000000003,0.9999999999999999
440.95000000000005,0.9999999999999999
441.0,0.9999999999999999
441.05,0.9999999999999999
441.1,0.9999999999999999
441.15000000000003,0.9999999999999999
441.20000000000005,0.9999999999999999
441.25,0.9999999999999999
441.3,0.9999999999999999
441.35,0.9999999999999999
441.40000000000003,0.9999999999999999
441.45000000000005,0.9999999999999999
441.5,0.9999999999999999
441.55,0.9999999999999999
441.6,0.9999999999999999
441.65000000000003,0.9999999999999999
441.70000000000005,0.9999999999999999
441.75,0.9999999999999999
441.8,0.9999999999999999
441.85,0.9999999999999999
441.90000000000003,0.9999999999999999
441.95000000000005,0.9999999999999999
442.0,0.9999999999999999
442.05,0.9999999999999999
442.1,0.9999999999999999
442.15000000000003,0.9999999999999999
442.20000000000005,0.9999999999999999
442.25,0.9999999999999999
442.3,0.9999999999999999
442.35,0.9999999999999999
442.40000000000003,0.9999999999999999
442.45000000000005,0.9999999999999999
442.5,0.9999999999999999
442.55,0.9999999999999999
442.6,0.9999999999999999
442.65000000000003,0.9999999999999999
442.70000000000005,0.9999999999999999
442.75,0.9999999999999999
442.8,0.9999999999999999
442.85,0.9999999999999999
442.90000000000003,0.9999999999999999
442.95000000000005,0.9999999999999999
443.0,0.9999999999999999
443.05,0.9999999999999999
443.1,0.9999999999999999
443.15000000000003,0.9999999999999999
443.20000000000005,0.9999999999999999
443.25,0.9999999999999999
443.3,0.9999999999999999
443.35,0.9999999999999999
443.40000000000003,0.9999999999999999
443.45000000000005,0.9999999999999999
443.5,0.9999999999999999
443.55,0.9999999999999999
443.6,0.9999999999999999
443.65000000000003,0.9999999999999999
443.70000000000005,0.9999999999999999
443.75,0.9999999999999999
443.8,0.9999999999999999
443.85,0.9999999999999999
443.90000000000003,0.9999999999999999
443.95000000000005,0.9999999999999999
444.0,0.9999999999999999
444.05,0.9999999999999999
444.1,0.9999999999999999
444.15000000000003,0.9999999999999999
444.20000000000005,0.9999999999999999
444.25,0.9999999999999999
444.3,0.9999999999999999
444.35,0.9999999999999999
444.40000000000003,0.9999999999999999
444.45000000000005,0.9999999999999999
444.5,0.9999999999999999
444.55,0.9999999999999999
444.6,0.9999999999999999
444.65000000000003,0.9999999999999999
444.70000000000005,0.9999999999999999
444.75,0.9999999999999999
444.8,0.9999999999999999
444.85,0.9999999999999999
444.90000000000003,0.9999999999999999
444.95000000000005,0.9999999999999999
445.0,0.9999999999999999
445.05,0.9999999999999999
445.1,0.9999999999999999
445.15000000000003,0.9999999999999999
445.20000000000005,0.9999999999999999
445.25,0.9999999999999999
445.3,0.9999999999999999
445.35,0.9999999999999999
445.40000000000003,0.9999999999999999
445.45000000000005,0.9999999999999999
445.5,0.9999999999999999
445.55,0.9999999999999999
445.6,0.9999999999999999
445.65000000000003,0.9999999999999999
445.70000000000005,0.9999999999999999
445.75,0.9999999999999999
445.8,0.9999999999999999
445.85,0.9999999999999999
445.90000000000003,0.9999999999999999
445.95000000000005,0.9999999999999999
446.0,0.9999999999999999
446.05,0.9999999999999999
446.1,0.9999999999999999
446.15000000000003,0.9999999999999999
446.20000000000005,0.9999999999999999
446.25,0.9999999999999999
446.3,0.9999999999999999
446.35,0.9999999999999999
446.40000000000003,0.9999999999999999
446.45000000000005,0.9999999999999999
446.5,0.9999999999999999
446.55,0.9999999999999999
446.6,0.9999999999999999
446.65000000000003,0.9999999999999999
446.70000000000005,0.9999999999999999
446.75,0.9999999999999999
446.8,0.9999999999999999
446.85,0.9999999999999999
446.90000000000003,0.9999999999999999
446.95000000000005,0.9999999999999999
447.0,0.9999999999999999
447.05,0.9999999999999999
447.1,0.9999999999999999
447.15000000000003,0.9999999999999999
447.20000000000005,0.9999999999999999
447.25,0.9999999999999999
447.3,0.9999999999999999
447.35,0.9999999999999999
447.40000000000003,0.9999999999999999
447.45000000000005,0.9999999999999999
447.5,0.9999999999999999
447.55,0.9999999999999999
447.6,0.9999999999999999
447.65000000000003,0.9999999999999999
447.70000000000005,0.9999999999999999
447.75,0.9999999999999999
447.8,0.9999999999999999
447.85,0.9999999999999999
447.90000000000003,0.9999999999999999
447.95000000000005,0.9999999999999999
448.0,0.9999999999999999
448.05,0.9999999999999999
448.1,0.9999999999999999
448.15000000000003,0.9999999999999999
448.20000000000005,0.9999999999999999
448.25,0.9999999999999999
448.3,0.9999999999999999
448.35,0.9999999999999999
448.40000000000003,0.9999999999999999
448.45000000000005,0.9999999999999999
448.5,0.9999999999999999
448.55,0.9999999999999999
448.6,0.9999999999999999
448.65000000000003,0.9999999999999999
448.70000000000005,0.9999999999999999
448.75,0.9999999999999999
448.8,0.9999999999999999
448.85,0.9999999999999999
448.90000000000003,0.9999999999999999
448.95000000000005,0.9999999999999999
449.0,0.9999999999999999
449.05,0.9999999999999999
449.1,0.9999999999999999
449.15000000000003,0.9999999999999999
449.20000000000005,0.9999999999999999
449.25,0.9999999999999999
449.3,0.9999999999999999
449.35,0.9999999999999999
449.40000000000003,0.9999999999999999
449.45000000000005,0.9999999999999999
449.5,0.9999999999999999
449.55,0.9999999999999999
449.6,0.9999999999999999
449.65000000000003,0.9999999999999999
449.70000000000005,0.9999999999999999
449.75,0.9999999999999999
449.8,0.9999999999999999
449.85,0.9999999999999999
449.90000000000003,0.9999999999999999
449.95000000000005,0.9999999999999999
450.0,0.9999999999999999
450.05,0.9999999999999999
450.1,0.9999999999999999
450.15000000000003,0.9999999999999999
450.20000000000005,0.9999999999999999
450.25,0.9999999999999999
450.3,0.9999999999999999
450.35,0.9999999999999999
450.40000000000003,0.9999999999999999
450.45000000000005,0.9999999999999999
450.5,0.9999999999999999
450.55,0.9999999999999999
450.6,0.9999999999999999
450.65000000000003,0.9999999999999999
450.70000000000005,0.9999999999999999
450.75,0.9999999999999999
450.8,0.9999999999999999
450.85,0.9999999999999999
450.90000000000003,0.9999999999999999
450.95000000000005,0.9999999999999999
451.0,0.9999999999999999
451.05,0.9999999999999999
451.1,0.9999999999999999
451.15000000000003,0.9999999999999999
451.20000000000005,0.9999999999999999
451.25,0.9999999999999999
451.3,0.9999999999999999
451.35,0.9999999999999999
451.40000000000003,0.9999999999999999
451.45000000000005,0.9999999999999999
451.5,0.9999999999999999
451.55,0.9999999999999999
451.6,0.9999999999999999
451.65000000000003,0.9999999999999999
451.70000000000005,0.9999999999999999
451.75,0.9999999999999999
451.8,0.9999999999999999
451.85,0.9999999999999999
451.90000000000003,0.9999999999999999
451.95000000000005,0.9999999999999999
452.0,0.9999999999999999
452.05,0.9999999999999999
452.1,0.9999999999999999
452.15000000000003,0.9999999999999999
452.20000000000005,0.9999999999999999
452.25,0.9999999999999999
452.3,0.9999999999999999
452.35,0.9999999999999999
452.40000000000003,0.9999999999999999
452.45000000000005,0.9999999999999999
452.5,0.9999999999999999
452.55,0.9999999999999999
452.6,0.9999999999999999
452.65000000000003,0.9999999999999999
452.70000000000005,0.9999999999999999
452.75,0.9999999999999999
452.8,0.9999999999999999
452.85,0.9999999999999999
452.90000000000003,0.9999999999999999
452.95000000000005,0.9999999999999999
453.0,0.9999999999999999
453.05,0.9999999999999999
453.1,0.9999999999999999
453.15000000000003,0.9999999999999999
453.20000000000005,0.9999999999999999
453.25,0.9999999999999999
453.3,0.9999999999999999
453.35,0.9999999999999999
453.40000000000003,0.9999999999999999
453.45000000000005,0.9999999999999999
453.5,0.9999999999999999
453.55,0.9999999999999999
453.6,0.9999999999999999
453.65000000000003,0.9999999999999999
453.70000000000005,0.9999999999999999
453.75,0.9999999999999999
453.8,0.9999999999999999
453.85,0.9999999999999999
453.90000000000003,0.9999999999999999
453.95000000000005,0.9999999999999999
454.0,0.9999999999999999
454.05,0.9999999999999999
454.1,0.9999999999999999
454.15000000000003,0.9999999999999999
454.20000000000005,0.9999999999999999
454.25,0.9999999999999999
454.3,0.9999999999999999
454.35,0.9999999999999999
454.40000000000003,0.9999999999999999
454.45000000000005,0.9999999999999999
454.5,0.9999999999999999
454.55,0.9999999999999999
454.6,0.9999999999999999
454.65000000000003,0.9999999999999999
454.70000000000005,0.9999999999999999
454.75,0.9999999999999999
454.8,0.9999999999999999
454.85,0.9999999999999999
454.90000000000003,0.9999999999999999
454.95000000000005,0.9999999999999999
455.0,0.9999999999999999
455.05,0.9999999999999999
455.1,0.9999999999999999
455.15000000000003,0.9999999999999999
455.20000000000005,0.9999999999999999
455.25,0.9999999999999999
455.3,0.9999999999999999
455.35,0.9999999999999999
455.40000000000003,0.9999999999999999
455.45000000000005,0.9999999999999999
455.5,0.9999999999999999
455.55,0.9999999999999999
455.6,0.9999999999999999
455.65000000000003,0.9999999999999999
455.70000000000005,0.9999999999999999
455.75,0.9999999999999999
455.8,0.9999999999999999
455.85,0.9999999999999999
455.90000000000003,0.9999999999999999
455.95000000000005,0.9999999999999999
456.0,0.9999999999999999
456.05,0.9999999999999999
456.1,0.9999999999999999
456.15000000000003,0.9999999999999999
456.20000000000005,0.9999999999999999
456.25,0.9999999999999999
456.3,0.9999999999999999
456.35,0.9999999999999999
456.40000000000003,0.9999999999999999
456.45000000000005,0.9999999999999999
456.5,0.9999999999999999
456.55,0.9999999999999999
456.6,0.9999999999999999
456.65000000000003,0.9999999999999999
456.70000000000005,0.9999999999999999
456.75,0.9999999999999999
456.8,0.9999999999999999
456.85,0.9999999999999999
456.90000000000003,0.9999999999999999
456.95000000000005,0.9999999999999999
457.0,0.9999999999999999
457.05,0.9999999999999999
457.1,0.9999999999999999
457.15000000000003,0.9999999999999999
457.20000000000005,0.9999999999999999
457.25,0.9999999999999999
457.3,0.9999999999999999
457.35,0.9999999999999999
457.40000000000003,0.9999999999999999
457.45000000000005,0.9999999999999999
457.5,0.9999999999999999
457.55,0.9999999999999999
457.6,0.9999999999999999
457.65000000000003,0.9999999999999999
457.70000000000005,0.9999999999999999
457.75,0.9999999999999999
457.8,0.9999999999999999
457.85,0.9999999999999999
457.90000000000003,0.9999999999999999
457.95000000000005,0.9999999999999999
458.0,0.9999999999999999
458.05,0.9999999999999999
458.1,0.9999999999999999
458.15000000000003,0.9999999999999999
458.20000000000005,0.9999999999999999
458.25,0.9999999999999999
458.3,0.9999999999999999
458.35,0.9999999999999999
458.40000000000003,0.9999999999999999
458.45000000000005,0.9999999999999999
458.5,0.9999999999999999
458.55,0.9999999999999999
458.6,0.9999999999999999
458.65000000000003,0.9999999999999999
458.70000000000005,0.9999999999999999
458.75,0.9999999999999999
458.8,0.9999999999999999
458.85,0.9999999999999999
458.90000000000003,0.9999999999999999
458.95000000000005,0.9999999999999999
459.0,0.9999999999999999
459.05,0.9999999999999999
459.1,0.9999999999999999
459.15000000000003,0.9999999999999999
459.20000000000005,0.9999999999999999
459.25,0.9999999999999999
459.3,0.9999999999999999
459.35,0.9999999999999999
459.40000000000003,0.9999999999999999
459.45000000000005,0.9999999999999999
459.5,0.9999999999999999
459.55,0.9999999999999999
459.6,0.9999999999999999
459.65000000000003,0.9999999999999999
459.70000000000005,0.9999999999999999
459.75,0.9999999999999999
459.8,0.9999999999999999
459.85,0.9999999999999999
459.90000000000003,0.9999999999999999
459.95000000000005,0.9999999999999999
460.0,0.9999999999999999
460.05,0.9999999999999999
460.1,0.9999999999999999
460.15000000000003,0.9999999999999999
460.20000000000005,0.9999999999999999
460.25,0.9999999999999999
460.3,0.9999999999999999
460.35,0.9999999999999999
460.40000000000003,0.9999999999999999
460.45000000000005,0.9999999999999999
460.5,0.9999999999999999
460.55,0.9999999999999999
460.6,0.9999999999999999
460.65000000000003,0.9999999999999999
460.70000000000005,0.9999999999999999
460.75,0.9999999999999999
460.8,0.9999999999999999
460.85,0.9999999999999999
460.90000000000003,0.9999999999999999
460.95000000000005,0.9999999999999999
461.0,0.9999999999999999
461.05,0.9999999999999999
461.1,0.9999999999999999
461.15000000000003,0.9999999999999999
461.20000000000005,0.9999999999999999
461.25,0.9999999999999999
461.3,0.9999999999999999
461.35,0.9999999999999999
461.40000000000003,0.9999999999999999
461.45000000000005,0.9999999999999999
461.5,0.9999999999999999
461.55,0.9999999999999999
461.6,0.9999999999999999
461.65000000000003,0.9999999999999999
461.70000000000005,0.9999999999999999
461.75,0.9999999999999999
461.8,0.9999999999999999
461.85,0.9999999999999999
461.90000000000003,0.9999999999999999
461.95000000000005,0.9999999999999999
462.0,0.9999999999999999
462.05,0.9999999999999999
462.1,0.9999999999999999
462.15000000000003,0.9999999999999999
462.20000000000005,0.9999999999999999
462.25,0.9999999999999999
462.3,0.9999999999999999
462.35,0.9999999999999999
462.40000000000003,0.9999999999999999
462.45000000000005,0.9999999999999999
462.5,0.9999999999999999
462.55,0.9999999999999999
462.6,0.9999999999999999
462.65000000000003,0.9999999999999999
462.70000000000005,0.9999999999999999
462.75,0.9999999999999999
462.8,0.9999999999999999
462.85,0.9999999999999999
462.90000000000003,0.9999999999999999
462.95000000000005,0.9999999999999999
463.0,0.9999999999999999
463.05,0.9999999999999999
463.1,0.9999999999999999
463.15000000000003,0.9999999999999999
463.20000000000005,0.9999999999999999
463.25,0.9999999999999999
463.3,0.9999999999999999
463.35,0.9999999999999999
463.40000000000003,0.9999999999999999
463.45000000000005,0.9999999999999999
463.5,0.9999999999999999
463.55,0.9999999999999999
463.6,0.9999999999999999
463.65000000000003,0.9999999999999999
463.70000000000005,0.9999999999999999
463.75,0.9999999999999999
463.8,0.9999999999999999
463.85,0.9999999999999999
463.90000000000003,0.9999999999999999
463.95000000000005,0.9999999999999999
464.0,0.9999999999999999
464.05,0.9999999999999999
464.1,0.9999999999999999
464.15000000000003,0.9999999999999999
464.20000000000005,0.9999999999999999
464.25,0.9999999999999999
464.3,0.9999999999999999
464.35,0.9999999999999999
464.40000000000003,0.9999999999999999
464.45000000000005,0.9999999999999999
464.5,0.9999999999999999
464.55,0.9999999999999999
464.6,0.9999999999999999
464.65000000000003,0.9999999999999999
464.70000000000005,0.9999999999999999
464.75,0.9999999999999999
464.8,0.9999999999999999
464.85,0.9999999999999999
464.90000000000003,0.9999999999999999
464.95000000000005,0.9999999999999999
465.0,0.9999999999999999
465.05,0.9999999999999999
465.1,0.9999999999999999
465.15000000000003,0.9999999999999999
465.20000000000005,0.9999999999999999
465.25,0.9999999999999999
465.3,0.9999999999999999
465.35,0.9999999999999999
465.40000000000003,0.9999999999999999
465.45000000000005,0.9999999999999999
465.5,0.9999999999999999
465.55,0.9999999999999999
465.6,0.9999999999999999
465.65000000000003,0.9999999999999999
465.70000000000005,0.9999999999999999
465.75,0.9999999999999999
465.8,0.9999999999999999
465.85,0.9999999999999999
465.90000000000003,0.9999999999999999
465.95000000000005,0.9999999999999999
466.0,0.9999999999999999
466.05,0.9999999999999999
466.1,0.9999999999999999
466.15000000000003,0.9999999999999999
466.20000000000005,0.9999999999999999
466.25,0.9999999999999999
466.3,0.9999999999999999
466.35,0.9999999999999999
466.40000000000003,0.9999999999999999
466.45000000000005,0.9999999999999999
466.5,0.9999999999999999
466.55,0.9999999999999999
466.6,0.9999999999999999
466.65000000000003,0.9999999999999999
466.70000000000005,0.9999999999999999
466.75,0.9999999999999999
466.8,0.9999999999999999
466.85,0.9999999999999999
466.90000000000003,0.9999999999999999
466.95000000000005,0.9999999999999999
467.0,0.9999999999999999
467.05,0.9999999999999999
467.1,0.9999999999999999
467.15000000000003,0.9999999999999999
467.20000000000005,0.9999999999999999
467.25,0.9999999999999999
467.3,0.9999999999999999
467.35,0.9999999999999999
467.40000000000003,0.9999999999999999
467.45000000000005,0.9999999999999999
467.5,0.9999999999999999
467.55,0.9999999999999999
467.6,0.9999999999999999
467.65000000000003,0.9999999999999999
467.70000000000005,0.9999999999999999
467.75,0.9999999999999999
467.8,0.9999999999999999
467.85,0.9999999999999999
467.90000000000003,0.9999999999999999
467.95000000000005,0.9999999999999999
468.0,0.9999999999999999
468.05,0.9999999999999999
468.1,0.9999999999999999
468.15000000000003,0.9999999999999999
468.20000000000005,0.9999999999999999
468.25,0.9999999999999999
468.3,0.9999999999999999
468.35,0.9999999999999999
468.40000000000003,0.9999999999999999
468.45000000000005,0.9999999999999999
468.5,0.9999999999999999
468.55,0.9999999999999999
468.6,0.9999999999999999
468.65000000000003,0.9999999999999999
468.70000000000005,0.9999999999999999
468.75,0.9999999999999999
468.8,0.9999999999999999
468.85,0.9999999999999999
468.90000000000003,0.9999999999999999
468.95000000000005,0.9999999999999999
469.0,0.9999999999999999
469.05,0.9999999999999999
469.1,0.9999999999999999
469.15000000000003,0.9999999999999999
469.20000000000005,0.9999999999999999
469.25,0.9999999999999999
469.3,0.9999999999999999
469.35,0.9999999999999999
469.40000000000003,0.9999999999999999
469.45000000000005,0.9999999999999999
469.5,0.9999999999999999
469.55,0.9999999999999999
469.6,0.9999999999999999
469.65000000000003,0.9999999999999999
469.70000000000005,0.9999999999999999
469.75,0.9999999999999999
469.8,0.9999999999999999
469.85,0.9999999999999999
469.90000000000003,0.9999999999999999
469.95000000000005,0.9999999999999999
470.0,0.9999999999999999
470.05,0.9999999999999999
470.1,0.9999999999999999
470.15000000000003,0.9999999999999999
470.20000000000005,0.9999999999999999
470.25,0.9999999999999999
470.3,0.9999999999999999
470.35,0.9999999999999999
470.40000000000003,0.9999999999999999
470.45000000000005,0.9999999999999999
470.5,0.9999999999999999
470.55,0.9999999999999999
470.6,0.9999999999999999
470.65000000000003,0.9999999999999999
470.70000000000005,0.9999999999999999
470.75,0.9999999999999999
470.8,0.9999999999999999
470.85,0.9999999999999999
470.90000000000003,0.9999999999999999
470.95000000000005,0.9999999999999999
471.0,0.9999999999999999
471.05,0.9999999999999999
471.1,0.9999999999999999
471.15000000000003,0.9999999999999999
471.20000000000005,0.9999999999999999
471.25,0.9999999999999999
471.3,0.9999999999999999
471.35,0.9999999999999999
471.40000000000003,0.9999999999999999
471.45000000000005,0.9999999999999999
471.5,0.9999999999999999
471.55,0.9999999999999999
471.6,0.9999999999999999
471.65000000000003,0.9999999999999999
471.70000000000005,0.9999999999999999
471.75,0.9999999999999999
471.8,0.9999999999999999
471.85,0.9999999999999999
471.90000000000003,0.9999999999999999
471.95000000000005,0.9999999999999999
472.0,0.9999999999999999
472.05,0.9999999999999999
472.1,0.9999999999999999
472.15000000000003,0.9999999999999999
472.20000000000005,0.9999999999999999
472.25,0.9999999999999999
472.3,0.9999999999999999
472.35,0.9999999999999999
472.40000000000003,0.9999999999999999
472.45000000000005,0.9999999999999999
472.5,0.9999999999999999
472.55,0.9999999999999999
472.6,0.9999999999999999
472.65000000000003,0.9999999999999999
472.70000000000005,0.9999999999999999
472.75,0.9999999999999999
472.8,0.9999999999999999
472.85,0.9999999999999999
472.90000000000003,0.9999999999999999
472.95000000000005,0.9999999999999999
473.0,0.9999999999999999
473.05,0.9999999999999999
473.1,0.9999999999999999
473.15000000000003,0.9999999999999999
473.20000000000005,0.9999999999999999
473.25,0.9999999999999999
473.3,0.9999999999999999
473.35,0.9999999999999999
473.40000000000003,0.9999999999999999
473.45000000000005,0.9999999999999999
473.5,0.9999999999999999
473.55,0.9999999999999999
473.6,0.9999999999999999
473.65000000000003,0.9999999999999999
473.70000000000005,0.9999999999999999
473.75,0.9999999999999999
473.8,0.9999999999999999
473.85,0.9999999999999999
473.90000000000003,0.9999999999999999
473.95000000000005,0.9999999999999999
474.0,0.9999999999999999
474.05,0.9999999999999999
474.1,0.9999999999999999
474.15000000000003,0.9999999999999999
474.20000000000005,0.9999999999999999
474.25,0.9999999999999999
474.3,0.9999999999999999
474.35,0.9999999999999999
474.40000000000003,0.9999999999999999
474.45000000000005,0.9999999999999999
474.5,0.9999999999999999
474.55,0.9999999999999999
474.6,0.9999999999999999
474.65000000000003,0.9999999999999999
474.70000000000005,0.9999999999999999
474.75,0.9999999999999999
474.8,0.9999999999999999
474.85,0.9999999999999999
474.90000000000003,0.9999999999999999
474.95000000000005,0.9999999999999999
475.0,0.9999999999999999
475.05,0.9999999999999999
475.1,0.9999999999999999
475.15000000000003,0.9999999999999999
475.20000000000005,0.9999999999999999
475.25,0.9999999999999999
475.3,0.9999999999999999
475.35,0.9999999999999999
475.40000000000003,0.9999999999999999
475.45000000000005,0.9999999999999999
475.5,0.9999999999999999
475.55,0.9999999999999999
475.6,0.9999999999999999
475.65000000000003,0.9999999999999999
475.70000000000005,0.9999999999999999
475.75,0.9999999999999999
475.8,0.9999999999999999
475.85,0.9999999999999999
475.90000000000003,0.9999999999999999
475.95000000000005,0.9999999999999999
476.0,0.9999999999999999
476.05,0.9999999999999999
476.1,0.9999999999999999
476.15000000000003,0.9999999999999999
476.20000000000005,0.9999999999999999
476.25,0.9999999999999999
476.3,0.9999999999999999
476.35,0.9999999999999999
476.40000000000003,0.9999999999999999
476.45000000000005,0.9999999999999999
476.5,0.9999999999999999
476.55,0.9999999999999999
476.6,0.9999999999999999
476.65000000000003,0.9999999999999999
476.70000000000005,0.9999999999999999
476.75,0.9999999999999999
476.8,0.9999999999999999
476.85,0.9999999999999999
476.90000000000003,0.9999999999999999
476.95000000000005,0.9999999999999999
477.0,0.9999999999999999
477.05,0.9999999999999999
477.1,0.9999999999999999
477.15000000000003,0.9999999999999999
477.20000000000005,0.9999999999999999
477.25,0.9999999999999999
477.3,0.9999999999999999
477.35,0.9999999999999999
477.40000000000003,0.9999999999999999
477.45000000000005,0.9999999999999999
477.5,0.9999999999999999
477.55,0.9999999999999999
477.6,0.9999999999999999
477.65000000000003,0.9999999999999999
477.70000000000005,0.9999999999999999
477.75,0.9999999999999999
477.8,0.9999999999999999
477.85,0.9999999999999999
477.90000000000003,0.9999999999999999
477.95000000000005,0.9999999999999999
478.0,0.9999999999999999
478.05,0.9999999999999999
478.1,0.9999999999999999
478.15000000000003,0.9999999999999999
478.20000000000005,0.9999999999999999
478.25,0.9999999999999999
478.3,0.9999999999999999
478.35,0.9999999999999999
478.40000000000003,0.9999999999999999
478.45000000000005,0.9999999999999999
478.5,0.9999999999999999
478.55,0.9999999999999999
478.6,0.9999999999999999
478.65000000000003,0.9999999999999999
478.70000000000005,0.9999999999999999
478.75,0.9999999999999999
478.8,0.9999999999999999
478.85,0.9999999999999999
478.90000000000003,0.9999999999999999
478.95000000000005,0.9999999999999999
479.0,0.9999999999999999
479.05,0.9999999999999999
479.1,0.9999999999999999
479.15000000000003,0.9999999999999999
479.20000000000005,0.9999999999999999
479.25,0.9999999999999999
479.3,0.9999999999999999
479.35,0.9999999999999999
479.40000000000003,0.9999999999999999
479.45000000000005,0.9999999999999999
479.5,0.9999999999999999
479.55,0.9999999999999999
479.6,0.9999999999999999
479.65000000000003,0.9999999999999999
479.70000000000005,0.9999999999999999
479.75,0.9999999999999999
479.8,0.9999999999999999
479.85,0.9999999999999999
479.90000000000003,0.9999999999999999
479.95000000000005,0.9999999999999999
480.0,0.9999999999999999
