,GA_Efficiency
0.0,0.5705569074048629
0.05,0.5709820613371612
0.1,0.5715625117985532
0.15000000000000002,0.5722853587638812
0.2,0.5731837087493545
0.25,0.5743662126113331
0.30000000000000004,0.5758830483092299
0.35000000000000003,0.5777222670114046
0.4,0.5798635103121472
0.45,0.5823291287514276
0.5,0.5851356233174564
0.55,0.5882874817534517
0.6000000000000001,0.5917937803336094
0.65,0.5956576157565109
0.7000000000000001,0.5998753446580607
0.75,0.6044360530629374
0.8,0.609321318329032
0.8500000000000001,0.614505121450622
0.9,0.6199541294240625
0.9500000000000001,0.6256282819755868
1.0,0.6314816107942969
1.05,0.637463345520701
1.1,0.6435192305172606
1.1500000000000001,0.6495930285904559
1.2000000000000002,0.6556280033182295
1.25,0.661568594790787
1.3,0.6673618760152229
1.35,0.6729589825002928
1.4000000000000001,0.6783163363247598
1.4500000000000002,0.6833966131829254
1.5,0.68816943857842
1.55,0.6926118647102814
1.6,0.6967084353402886
1.6500000000000001,0.7004510925594303
1.7000000000000002,0.7038387473329012
1.75,0.7068766780954789
1.8,0.709575794806574
1.85,0.7119516864343205
1.9000000000000001,0.714023713215032
1.9500000000000002,0.7158140216368385
2.0,0.7173466046481114
2.0500000000000003,0.7186464301312858
2.1,0.7197386358726301
2.15,0.7206479031239688
2.2,0.721397860737094
2.25,0.7220106973459788
2.3000000000000003,0.7225068409243531
2.35,0.7229047917555291
2.4000000000000004,0.723221021163407
2.45,0.7234699849726076
2.5,0.7236641748288509
2.5500000000000003,0.7238142245621426
2.6,0.7239291018030426
2.6500000000000004,0.7240162235263305
2.7,0.7240816928011202
2.75,0.7241304197410945
2.8000000000000003,0.7241663573437462
2.85,0.7241926168007458
2.9000000000000004,0.7242116165678563
2.95,0.7242252410147103
3.0,0.7242349189464885
3.0500000000000003,0.7242417330614401
3.1,0.7242464735577071
3.1500000000000004,0.7242497582918952
3.2,0.7242520024114062
3.25,0.7242535189626148
3.3000000000000003,0.7242545385020007
3.35,0.7242552171145717
3.4000000000000004,0.7242556614163306
3.45,0.7242559544996683
3.5,0.7242561484687071
3.5500000000000003,0.7242562683607972
3.6,0.7242563402159277
3.6500000000000004,0.7242563924441121
3.7,0.7242564222572947
3.75,0.7242564398457627
3.8000000000000003,0.7242564487914172
3.85,0.7242564556207902
3.9000000000000004,0.7242564598109374
3.95,0.7242564630389657
4.0,0.7242564641288041
4.05,0.7242564641288041
4.1000000000000005,0.7242564646819201
4.15,0.7242564646819201
4.2,0.7242564646819201
4.25,0.7242564646819201
4.3,0.7242564646819201
4.3500000000000005,0.7242564646819201
4.4,0.7242564646819201
4.45,0.7242564646819201
4.5,0.7242564646819201
4.55,0.7242564646819201
4.6000000000000005,0.7242564646819201
4.65,0.7242564646819201
4.7,0.7242564646819201
4.75,0.7242564646819201
4.800000000000001,0.7242564646819201
4.8500000000000005,0.7242564646819201
4.9,0.7242564646819201
4.95,0.7242564646819201
5.0,0.7242564646819201
5.050000000000001,0.7242564646819201
5.1000000000000005,0.7242564646819201
5.15,0.7242564646819201
5.2,0.7242564646819201
5.25,0.7242564646819201
5.300000000000001,0.7242564646819201
5.3500000000000005,0.7242564646819201
5.4,0.7242564646819201
5.45,0.7242564646819201
5.5,0.7242564646819201
5.550000000000001,0.7242564646819201
5.6000000000000005,0.7242564646819201
5.65,0.7242564646819201
5.7,0.7242564646819201
5.75,0.7331440151261377
5.800000000000001,0.7381336672338867
5.8500000000000005,0.7440271078037046
5.9,0.7496017259289685
5.95,0.7637489877007211
6.0,0.7891520655466279
6.050000000000001,0.7963121800028539
6.1000000000000005,0.7972936727558304
6.15,0.8020253818845453
6.2,0.8027058861200587
6.25,0.8033863519813363
6.300000000000001,0.8040665883268091
6.3500000000000005,0.8047464089786629
6.4,0.8054256255747192
6.45,0.8061040492504757
6.5,0.8067814934321151
6.550000000000001,0.8074577710100925
6.6000000000000005,0.808132699218084
6.65,0.8088060919092126
6.7,0.8094777667175521
6.75,0.8101475412685966
6.800000000000001,0.8108152383751134
6.8500000000000005,0.8114806788936362
6.9,0.8121436838478154
6.95,0.812804081608444
7.0,0.813461700008185
7.050000000000001,0.8141163679490726
7.1000000000000005,0.8147679176534494
7.15,0.8154161872476722
7.2,0.8160610105717682
7.25,0.8167022303833762
7.300000000000001,0.8173396885896475
7.3500000000000005,0.8179732316600636
7.4,0.8186027093051713
7.45,0.8192279748714095
7.5,0.819848884596012
7.550000000000001,0.820465295615698
7.6000000000000005,0.8210770734522617
7.65,0.8216840824474454
7.7,0.8222861933278518
7.75,0.8228832800498159
7.800000000000001,0.8234752209880141
7.8500000000000005,0.8240618969824534
7.9,0.824643194184983
7.95,0.8252190022941
8.0,0.8257892137691054
8.05,0.826353726305955
8.1,0.82691244424806
8.15,0.8274652707343259
8.200000000000001,0.828012118963167
8.25,0.828552900804036
8.3,0.829087537512204
8.35,0.8296159517487325
8.4,0.8301380704284984
8.450000000000001,0.8306538258830654
8.5,0.8311631544992844
8.55,0.8316659961097621
8.6,0.8321622966452807
8.65,0.832652004966119
8.700000000000001,0.8331350757083417
8.75,0.8336114634198015
8.8,0.834081133925703
8.85,0.8345440519509024
8.9,0.8350001879711699
8.950000000000001,0.8354495170582286
9.0,0.835892017370736
9.05,0.8363276725225638
9.1,0.8367564701678543
9.15,0.837178398470092
9.200000000000001,0.837593455760418
9.25,0.8380016378313717
9.3,0.8384029489714488
9.35,0.8387973952236794
9.4,0.8391849860956258
9.450000000000001,0.8395657360938418
9.5,0.8399396601802895
9.55,0.840306779540103
9.600000000000001,0.8406671189350348
9.65,0.8410207053934714
9.700000000000001,0.8413675683978772
9.75,0.8417077439014783
9.8,0.842041264784106
9.850000000000001,0.8423681718259592
9.9,0.8426885086898294
9.950000000000001,0.8430023190990231
10.0,0.8433096503124049
10.05,0.8436105543033398
10.100000000000001,0.8439050819258611
10.15,0.8441932893469848
10.200000000000001,0.844475234350373
10.25,0.8447509758423165
10.3,0.8450205753486906
10.350000000000001,0.8452840973211897
10.4,0.8455416060748774
10.450000000000001,0.8457931704940582
10.5,0.8460388589960908
10.55,0.8462787426183714
10.600000000000001,0.8465128931153366
10.65,0.8467413841605668
10.700000000000001,0.8469642914528512
10.75,0.8471816890414285
10.8,0.8473936574439476
10.850000000000001,0.8476002720263071
10.9,0.8478016136800577
10.950000000000001,0.847997762845579
11.0,0.8481887983353327
11.05,0.8483748043642098
11.100000000000001,0.8485558627746694
11.15,0.8487320547474457
11.200000000000001,0.848903465424681
11.25,0.8490701762394728
11.3,0.8492322726587505
11.350000000000001,0.84938983853581
11.4,0.8495429569480704
11.450000000000001,0.8496917132695291
11.5,0.8498361909703719
11.55,0.8499764743449336
11.600000000000001,0.8501126487327173
11.65,0.8502447957361835
11.700000000000001,0.8503730005363211
11.75,0.8504973448751947
11.8,0.8510455917133023
11.850000000000001,0.8517992050776404
11.9,0.8519464180432212
11.950000000000001,0.8613250143341887
12.0,0.897489220547024
12.05,0.9016831243714214
12.100000000000001,0.9089944319811807
12.15,0.9096243337897529
12.200000000000001,0.9101617167881488
12.25,0.9130232731541791
12.3,0.9135763441695053
12.350000000000001,0.914126204836566
12.4,0.9146728608025114
12.450000000000001,0.9152163187461798
12.5,0.9157565816391189
12.55,0.9162936507796965
12.600000000000001,0.9168275334458104
12.65,0.9173582266840177
12.700000000000001,0.9178857351195377
12.75,0.91841005448142
12.8,0.9189311876126217
12.850000000000001,0.919449129286124
12.9,0.9199638818258011
12.950000000000001,0.9204754383237058
13.0,0.9209837940461714
13.05,0.9214889444502294
13.100000000000001,0.9219908880244968
13.15,0.9224896164812524
13.200000000000001,0.9229851198709795
13.25,0.9234773958470222
13.3,0.9239664345685911
13.350000000000001,0.9244522270297154
13.4,0.9249347631557646
13.450000000000001,0.9254140354863125
13.5,0.9258900331729254
13.55,0.9263627450407861
13.600000000000001,0.9268321627877734
13.65,0.927298272513148
13.700000000000001,0.9277610632875355
13.75,0.9282205229574834
13.8,0.9286766408538492
13.850000000000001,0.9291294032256132
13.9,0.9295787986405586
13.950000000000001,0.9300248135185303
14.0,0.9304674344975893
14.05,0.9309066517655064
14.100000000000001,0.931342446681413
14.15,0.931774811511249
14.200000000000001,0.9322037300957233
14.25,0.9326291912821774
14.3,0.9330511802994095
14.350000000000001,0.9334696845064501
14.4,0.933884693152975
14.450000000000001,0.9342961914309078
14.5,0.9347041677985561
14.55,0.9351086097808557
14.600000000000001,0.9355095060579913
14.65,0.9359068451055087
14.700000000000001,0.9363006150899177
14.75,0.9366908032025747
14.8,0.9370774024482911
14.850000000000001,0.9374604015982171
14.9,0.9378397881750312
14.950000000000001,0.9382155550650699
15.0,0.9385876945158032
15.05,0.9389561934034707
15.100000000000001,0.9393210484802874
15.15,0.9396822518205785
15.200000000000001,0.9400397947371464
15.25,0.9403936700062204
15.3,0.9407438751928764
15.350000000000001,0.9410904031001611
15.4,0.9414332490736663
15.450000000000001,0.9417724109383049
15.5,0.9421078838123277
15.55,0.9424396665871226
15.600000000000001,0.9427677569399684
15.65,0.94309215075285
15.700000000000001,0.9434128518405547
15.75,0.9437298579314546
15.8,0.9440431701731675
15.850000000000001,0.9443527923026949
15.9,0.9446587234270942
15.950000000000001,0.9449609690200256
16.0,0.9452595325750197
16.05,0.9455544185513514
16.1,0.9458456302079074
16.150000000000002,0.9461331767089758
16.2,0.9464170607524525
16.25,0.9466972970771586
16.3,0.9469738893013839
16.35,0.947246843199374
16.400000000000002,0.947516174569732
16.45,0.9477818912821538
16.5,0.9480440041959757
16.55,0.9483025280838515
16.6,0.9485574719432727
16.650000000000002,0.9488088513880927
16.7,0.9490566786195945
16.75,0.9493009704128484
16.8,0.9495417421973108
16.85,0.9497790099412058
16.900000000000002,0.950012790705045
16.95,0.9502431028606871
17.0,0.9504699613232923
17.05,0.9506933882874999
17.1,0.9509134030832486
17.150000000000002,0.9511300254324155
17.2,0.9513432751766591
17.25,0.9515531756911308
17.3,0.9517597456275995
17.35,0.9519630095529156
17.400000000000002,0.952162993392309
17.45,0.9523597139837601
17.5,0.9525532025336612
17.55,0.952743478563822
17.6,0.9529305697103836
17.650000000000002,0.9531145015937593
17.7,0.9532953010874183
17.75,0.9534729904331567
17.8,0.9536476013625861
17.85,0.9538191603763128
17.900000000000002,0.9539876952142202
17.95,0.9541532330869437
18.0,0.9543158021713887
18.05,0.9544754337132284
18.1,0.9546321546440724
18.150000000000002,0.954785998380549
18.2,0.9549369875710672
18.25,0.9550851589078694
18.3,0.9552305411937987
18.35,0.9553731632753515
18.400000000000002,0.9555130596149335
18.45,0.9556502565727791
18.5,0.9557847911084129
18.55,0.9559166903981826
18.6,0.9560459857823248
18.650000000000002,0.9561727118404432
18.7,0.9562969015960439
18.75,0.9564185830990952
18.8,0.9565377909931032
18.85,0.9566545572872011
18.900000000000002,0.9567689148913164
18.95,0.9568808957733748
19.0,0.9569905317089591
19.05,0.9570978560064619
19.1,0.9572028999452626
19.150000000000002,0.9573056995775067
19.200000000000003,0.9574062812700557
19.25,0.9575046846658595
19.3,0.9576009363803094
19.35,0.9576950717462118
19.400000000000002,0.9577871240995659
19.450000000000003,0.9578771208322063
19.5,0.9579650984706856
19.55,0.9580510888161886
19.6,0.9581351218949995
19.650000000000002,0.9582172294236282
19.700000000000003,0.9582974434759648
19.75,0.9583757969659266
19.8,0.9584523219622605
19.85,0.9585270456437227
19.900000000000002,0.9586000023586965
19.950000000000003,0.9586712190359019
20.0,0.9587407325739348
20.05,0.958808566566086
20.1,0.958874755542809
20.150000000000002,0.9589393279161128
20.200000000000003,0.9590023147878364
20.25,0.959063741229717
20.3,0.9591236409254443
20.35,0.9591820434371867
20.400000000000002,0.9592389748932396
20.450000000000003,0.9592944624454833
20.5,0.9593485365725744
20.55,0.9594012252681313
20.6,0.9594525547472369
20.650000000000002,0.959502553126102
20.700000000000003,0.9595512443643649
20.75,0.9595986601798094
20.8,0.9596448234354423
20.85,0.9596897630296966
20.900000000000002,0.9597335027157063
20.950000000000003,0.9597760649214979
21.0,0.9598174816847538
21.05,0.959857771564576
21.1,0.959896963008162
21.150000000000002,0.9599350775567984
21.200000000000003,0.9599721397410426
21.25,0.9600081723844426
21.3,0.9600431990506076
21.35,0.9600772441696362
21.400000000000002,0.9601103278839064
21.450000000000003,0.9601424735733692
21.5,0.9601737020233115
21.55,0.9602040351738004
21.6,0.960233494225308
21.650000000000002,0.9602621007700939
21.700000000000003,0.96028987318421
21.75,0.9603168321383564
21.8,0.9603429977459081
21.85,0.9603683913680523
21.900000000000002,0.9603930295524375
21.950000000000003,0.96041692971118
22.0,0.9604401126545439
22.05,0.9604625955613026
22.1,0.960484396149013
22.150000000000002,0.9605055333781161
22.200000000000003,0.9605260227639613
22.25,0.9605458808187848
22.3,0.9605651249320741
22.35,0.9605837702922927
22.400000000000002,0.9606018329509682
22.450000000000003,0.9606193293014644
22.5,0.9606362758956499
22.55,0.9606526832844463
22.6,0.96066856777001
22.650000000000002,0.9606839444661891
22.700000000000003,0.9606988245860538
22.75,0.9607132255733456
22.8,0.960727159915092
22.85,0.9607406381336191
22.900000000000002,0.9607536760709696
22.950000000000003,0.960766285772623
23.0,0.9607784768266975
23.05,0.9607902639811756
23.1,0.9608016572077301
23.150000000000002,0.9608126701106592
23.200000000000003,0.9608233105941426
23.25,0.9608335921589982
23.3,0.9608435251967484
23.35,0.9608531185147631
23.400000000000002,0.9608623831059947
23.450000000000003,0.9608713296554758
23.5,0.960879965144027
23.55,0.9608883024007836
23.6,0.960896347323452
23.650000000000002,0.9609041128078384
23.700000000000003,0.9609116038336156
23.75,0.9609188302318693
23.8,0.9609258024922334
23.85,0.9609325239441913
23.900000000000002,0.9609390053214009
23.950000000000003,0.960945254789186
24.0,0.9609512772102815
24.05,0.9609570832501745
24.1,0.9609626772682508
24.150000000000002,0.960968066423459
24.200000000000003,0.9609732597387124
24.25,0.9609782584603248
24.3,0.9609830756992613
24.35,0.9609877123573944
24.400000000000002,0.9609921775926471
24.450000000000003,0.9609964740012837
24.5,0.9610006108477698
24.55,0.9610045888781503
24.6,0.9610084190168143
24.650000000000002,0.9610121026657766
24.700000000000003,0.9610156457410011
24.75,0.9610190530463796
24.8,0.9610223279880583
24.85,0.9610254769867246
24.900000000000002,0.9610285053663128
24.950000000000003,0.9610314147637261
25.0,0.9610342092775193
25.05,0.9610368956024171
25.1,0.9610394757113762
25.150000000000002,0.9610419542502169
25.200000000000003,0.9610443337445804
25.25,0.961046618963964
25.3,0.9610488116334743
25.35,0.9610509179301937
25.400000000000002,0.9610529392800375
25.450000000000003,0.961054877473146
25.5,0.9610567392707361
25.55,0.9610585234100886
25.6,0.9610602345157877
25.650000000000002,0.961061876834431
25.700000000000003,0.9610634506794717
25.75,0.9610649591833484
25.8,0.9610664052887553
25.85,0.961067792213118
25.900000000000002,0.9610691202778103
25.950000000000003,0.9610703916453437
26.0,0.9610716122860576
26.05,0.9610727793517038
26.1,0.9610738971395494
26.150000000000002,0.9610749674956364
26.200000000000003,0.961075991619867
26.25,0.961076973771892
26.3,0.9610779116081289
26.35,0.9610788101492653
26.400000000000002,0.9610796701400026
26.450000000000003,0.9610804916656557
26.5,0.9610812774055812
26.55,0.9610820311028477
26.6,0.9610827480940625
26.650000000000002,0.9610834357175666
26.700000000000003,0.9610840920569386
26.75,0.9610847205886864
26.8,0.961085320021096
26.85,0.9610858943282394
26.900000000000002,0.9610864415522434
26.950000000000003,0.9610869644160709
27.0,0.9610874632578801
27.05,0.9610879400336946
27.1,0.9610883958962262
27.150000000000002,0.9610888285480185
27.200000000000003,0.9610892443034521
27.25,0.9610896391791663
27.3,0.9610900164663779
27.35,0.9610903769681554
27.400000000000002,0.9610907200079875
27.450000000000003,0.9610910473290029
27.5,0.9610913599082699
27.55,0.9610916575098423
27.6,0.9610919414155308
27.650000000000002,0.9610922105017032
27.700000000000003,0.9610924681837445
27.75,0.9610927137953704
27.8,0.9610929485188711
27.85,0.9610931706570232
27.900000000000002,0.9610933830353723
27.950000000000003,0.9610935841929575
28.0,0.961093777196349
28.05,0.9610939590433241
28.1,0.9610941333256158
28.150000000000002,0.9610942976573964
28.200000000000003,0.9610944552510152
28.25,0.9610946057238352
28.3,0.9610947491076232
28.35,0.9610948848079378
28.400000000000002,0.9610950131340461
28.450000000000003,0.961095135564169
28.5,0.9610952518761775
28.55,0.9610953630267448
28.6,0.9610954683265677
28.650000000000002,0.9610955676569902
28.700000000000003,0.9610956622287108
28.75,0.9610957531912994
28.8,0.9610958393819337
28.85,0.9610959183526959
28.900000000000002,0.9610959973250819
28.950000000000003,0.9610960687317815
29.0,0.9610961393607844
29.05,0.9610962048476787
29.1,0.9610962671315914
29.150000000000002,0.9610963266571138
29.200000000000003,0.9610963831909047
29.25,0.9610964356056436
29.3,0.9610964877385642
29.35,0.9610965349443468
29.400000000000002,0.961096580866801
29.450000000000003,0.9610966237157299
29.5,0.9610966648920967
29.55,0.961096703754091
29.6,0.961096740390524
29.650000000000002,0.9610967743612009
29.700000000000003,0.9610968073163662
29.75,0.9610968380392404
29.8,0.9610968678502688
29.85,0.9610968949761336
29.900000000000002,0.9610969210830254
29.950000000000003,0.9610969476464468
30.0,0.9610969712193116
30.05,0.9610969920252228
30.1,0.961097013891849
30.150000000000002,0.9610970326380686
30.200000000000003,0.9610970521464113
30.25,0.9610970701503642
30.3,0.9610970876324052
30.35,0.9610971030331468
30.400000000000002,0.961097118187738
30.450000000000003,0.9610971317126277
30.5,0.961097146468313
30.55,0.9610971592051589
30.6,0.9610971713434644
30.650000000000002,0.9610971828061945
30.700000000000003,0.9610971925968943
30.75,0.9610972017976219
30.8,0.9610972124115565
30.85,0.961097220767293
30.900000000000002,0.9610972302970723
30.950000000000003,0.9610972366029327
31.0,0.9610972454210881
31.05,0.9610972517407015
31.1,0.9610972597108003
31.150000000000002,0.9610972655024482
31.200000000000003,0.9610972712446482
31.25,0.9610972766493971
31.3,0.9610972816754393
31.35,0.9610972870139562
31.400000000000002,0.9610972920634964
31.450000000000003,0.961097295497302
31.5,0.9610972994723379
31.55,0.9610973049761564
31.6,0.9610973072086236
31.650000000000002,0.9610973111646607
31.700000000000003,0.9610973138700508
31.75,0.9610973169434358
31.8,0.9610973198720499
31.85,0.961097322747793
31.900000000000002,0.9610973255258798
31.950000000000003,0.9610973283996249
32.0,0.9610973295235511
32.050000000000004,0.9610973340292898
32.1,0.9610973342117461
32.15,0.9610973354756938
32.2,0.9610973388296082
32.25,0.9610973398768168
32.300000000000004,0.9610973411734935
32.35,0.961097341418895
32.4,0.9610973454767961
32.45,0.9610973458487834
32.5,0.961097346857653
32.550000000000004,0.9610973469372377
32.6,0.9610973471659598
32.65,0.9610973505928536
32.7,0.9610973515892884
32.75,0.9610973525494326
32.800000000000004,0.9610973525580948
32.85,0.9610973525646551
32.9,0.9610973529094097
32.95,0.9610973529628737
33.0,0.9610973538798531
33.050000000000004,0.9610973572508814
33.1,0.9610973576236452
33.15,0.9610973582944485
33.2,0.9610973583051594
33.25,0.9610973583051594
33.300000000000004,0.9610973585808352
33.35,0.9610973585808352
33.4,0.9610973585808352
33.45,0.9610973585808352
33.5,0.9610973585808352
33.550000000000004,0.9610973585808352
33.6,0.9610973585808352
33.65,0.9610973585808352
33.7,0.9610973586499139
33.75,0.961097358703378
33.800000000000004,0.9610973596203575
33.85,0.9610973629913859
33.9,0.9610973633641495
33.95,0.9610973640349529
34.0,0.9610973640456637
34.050000000000004,0.9610973640456637
34.1,0.9610973643213396
34.15,0.9610973643213396
34.2,0.9610973643213396
34.25,0.9610973643213396
34.300000000000004,0.9610973643213396
34.35,0.9610973643213396
34.4,0.9610973643213396
34.45,0.9610973643213396
34.5,0.9610973643213396
34.550000000000004,0.9610973643213396
34.6,0.9610973643213396
34.65,0.9610973643213396
34.7,0.9610973643213396
34.75,0.9610973643213396
34.800000000000004,0.9610973643213396
34.85,0.9610973643213396
34.9,0.9610973643213396
34.95,0.9610973643213396
35.0,0.9610973643213396
35.050000000000004,0.9610973643213396
35.1,0.9610973643213396
35.15,0.9610973643213396
35.2,0.9610973643213396
35.25,0.9610973643213396
35.300000000000004,0.9610973643213396
35.35,0.9610973643213396
35.4,0.9610973643213396
35.45,0.9610973643213396
35.5,0.9610973643213396
35.550000000000004,0.9610973643213396
35.6,0.9610973643213396
35.65,0.9611251093842216
35.7,0.9613170658521297
35.75,0.9785829902313357
35.800000000000004,0.9809836395098122
35.85,0.9817440849390142
35.9,0.9818020551115271
35.95,0.9818600302983953
36.0,0.9821380481763683
36.050000000000004,0.9821967402120958
36.1,0.9822554353946235
36.15,0.982314132244765
36.2,0.9823728284601939
36.25,0.9824315244089359
36.300000000000004,0.9824902193815535
36.35,0.9825489119902611
36.4,0.982607601189565
36.45,0.9826662847462075
36.5,0.9827249636743176
36.550000000000004,0.9827836356302865
36.6,0.982842300415171
36.65,0.9829009555195607
36.7,0.9829596019025217
36.75,0.9830182375030314
36.800000000000004,0.983076860960318
36.85,0.9831354723958774
36.9,0.9831940696827054
36.95,0.9832526520186896
37.0,0.9833112186106127
37.050000000000004,0.9833697682717661
37.1,0.9834283010024059
37.15,0.983486814502996
37.2,0.9835453078418988
37.25,0.9836037807166861
37.300000000000004,0.9836622322308118
37.35,0.983720660302293
37.4,0.983779064603988
37.45,0.9838374441984525
37.5,0.9838957979586167
37.550000000000004,0.9839541249088631
37.6,0.9840124238812491
37.65,0.9840706944119052
37.7,0.9841289346028776
37.75,0.9841871443126348
37.800000000000004,0.9842453219882701
37.85,0.9843034670487438
37.9,0.9843615785543869
37.95,0.9844196549393492
38.0,0.9844776954472201
38.050000000000004,0.9845356996348351
38.1,0.9845936652623973
38.15,0.9846515931742672
38.2,0.984709480820927
38.25,0.9847673278806754
38.300000000000004,0.9848251334139735
38.35,0.9848828965090087
38.400000000000006,0.9849406154559222
38.45,0.9849982899679104
38.5,0.9850559189817902
38.550000000000004,0.9851135019379555
38.6,0.9851710367002117
38.650000000000006,0.9852285238324223
38.7,0.9852859610104525
38.75,0.9853433478265798
38.800000000000004,0.9854006841561507
38.85,0.9854579677571164
38.900000000000006,0.9855151976806855
38.95,0.9855723741429303
39.0,0.9856294958129219
39.050000000000004,0.9856865605416696
39.1,0.9857435689315203
39.150000000000006,0.9858005196185098
39.2,0.9858574112455174
39.25,0.9859142426962335
39.300000000000004,0.9859710144945677
39.35,0.9860277244226521
39.400000000000006,0.9860843711562011
39.45,0.986140955070116
39.5,0.9861974746533115
39.550000000000004,0.9862539294774155
39.6,0.9863103174067303
39.650000000000006,0.9863666387581975
39.7,0.9864228921076736
39.75,0.9864790770101305
39.800000000000004,0.9865351916032115
39.85,0.9865912359749952
39.900000000000006,0.9866472095090201
39.95,0.9867031090127674
40.0,0.9867589370112407
40.050000000000004,0.9868146898282418
40.1,0.9868703683347866
40.150000000000006,0.9869259708502737
40.2,0.9869814967403097
40.25,0.9870369442339987
40.300000000000004,0.9870923148509304
40.35,0.9871476052750132
40.400000000000006,0.9872028156485064
40.45,0.987257945239022
40.5,0.9873129937143524
40.550000000000004,0.9873679582134368
40.6,0.9874228406851585
40.650000000000006,0.987477638033454
40.7,0.9875323508984702
40.75,0.9875869770560027
40.800000000000004,0.9876415169045427
40.85,0.9876959692912198
40.900000000000006,0.9877503335244613
40.95,0.9878046089352537
41.0,0.9878587938500416
41.050000000000004,0.987912888465236
41.1,0.9879668915760671
41.150000000000006,0.9880208018827914
41.2,0.9880746195185914
41.25,0.9881283435872752
41.300000000000004,0.9881819727853157
41.35,0.9882355066708961
41.400000000000006,0.9882889440445088
41.45,0.9883422852237367
41.5,0.9883955285622552
41.550000000000004,0.9884486737690452
41.6,0.9885017197662402
41.650000000000006,0.988554666215387
41.7,0.9886075114283914
41.75,0.9886602558455322
41.800000000000004,0.9887128982828435
41.85,0.9887654376833169
41.900000000000006,0.9888178743813467
41.95,0.9888702063333383
42.0,0.9889224332784593
42.050000000000004,0.98897455488316
42.1,0.989026570941214
42.150000000000006,0.9890784791300227
42.2,0.9891302802960795
42.25,0.9891819733362852
42.300000000000004,0.9892335574022586
42.35,0.9892850321719829
42.400000000000006,0.9893363961949903
42.45,0.9893876488864124
42.5,0.9894387910883595
42.550000000000004,0.9894898203102671
42.6,0.9895407367538062
42.650000000000006,0.989591540010749
42.7,0.9896422293697084
42.75,0.9896928039409545
42.800000000000004,0.989743263261325
42.85,0.9897936070571766
42.900000000000006,0.9898438333975138
42.95,0.9898939425528703
43.0,0.9899439342336038
43.050000000000004,0.9899938081335007
43.1,0.9900435622760967
43.150000000000006,0.9900931980262107
43.2,0.9901427126621851
43.25,0.9901921075773635
43.300000000000004,0.9902413808076296
43.35,0.9902905320849215
43.400000000000006,0.9903395611251553
43.45,0.9903884676293697
43.5,0.9904372507962608
43.550000000000004,0.9904859101226223
43.6,0.9905344446912776
43.650000000000006,0.9905828543649845
43.7,0.9906311383379596
43.75,0.9906792968709011
43.800000000000004,0.990727328563422
43.85,0.990775233323282
43.900000000000006,0.9908230108677254
43.95,0.9908706600228474
44.0,0.9909181811533485
44.050000000000004,0.99096557294131
44.1,0.9910128353949059
44.150000000000006,0.9910599682861156
44.2,0.9911069701117933
44.25,0.9911538422538221
44.300000000000004,0.9912005828031419
44.35,0.9912471912166317
44.400000000000006,0.991293667600873
44.45,0.9913400118961597
44.5,0.9913862233715267
44.550000000000004,0.9914323010706215
44.6,0.9914782446188024
44.650000000000006,0.9915240544383428
44.7,0.9915697297442123
44.75,0.991615269879597
44.800000000000004,0.9916606745757186
44.85,0.9917059434556039
44.900000000000006,0.9917510762555332
44.95,0.9917960730274871
45.0,0.9918409321567414
45.050000000000004,0.9918856547329798
45.1,0.9919302396376122
45.150000000000006,0.9919746864134792
45.2,0.9920189945092898
45.25,0.9920631643723851
45.300000000000004,0.9921071951168813
45.35,0.9921510867350234
45.400000000000006,0.9921948386082214
45.45,0.992238450977517
45.5,0.9922819226290948
45.550000000000004,0.9923252537001501
45.6,0.9923684447040151
45.650000000000006,0.9924114940939346
45.7,0.9924544019106329
45.75,0.9924971683765291
45.800000000000004,0.9925397931092953
45.85,0.9925822752794311
45.900000000000006,0.9926246152334756
45.95,0.992666811899345
46.0,0.9927088656899007
46.050000000000004,0.9927507770248478
46.1,0.9927925445385847
46.150000000000006,0.9928341684466723
46.2,0.9928756480536852
46.25,0.992916984160766
46.300000000000004,0.9929581751802972
46.35,0.9929992215941756
46.400000000000006,0.9930401242247824
46.45,0.9930808809069688
46.5,0.9931214931366011
46.550000000000004,0.9931619592066648
46.6,0.993202280395902
46.650000000000006,0.9932424560730989
46.7,0.9932824860181391
46.75,0.9933223694669795
46.800000000000004,0.9933621072905119
46.85,0.9934016979670924
46.900000000000006,0.9934411425140356
46.95,0.9934804407012467
47.0,0.9935195920455049
47.050000000000004,0.993558595939136
47.1,0.9935974539667937
47.150000000000006,0.9936361640778993
47.2,0.9936747274284008
47.25,0.9937131429564299
47.300000000000004,0.9937514117778787
47.35,0.9937895321518243
47.400000000000006,0.9938275055573739
47.45,0.9938653310521884
47.5,0.9939030088981313
47.550000000000004,0.9939405382371077
47.6,0.9939779201361036
47.650000000000006,0.9940151538881391
47.7,0.994052240132117
47.75,0.9940891775999323
47.800000000000004,0.9941259673435658
47.85,0.9941626087860137
47.900000000000006,0.99419910207132
47.95,0.9942354472912132
48.0,0.9942716439421051
48.050000000000004,0.9943076919454207
48.1,0.9943435919557607
48.150000000000006,0.9943793433657621
48.2,0.9944149469548331
48.25,0.9944504014938469
48.300000000000004,0.9944857087029662
48.35,0.9945208668092715
48.400000000000006,0.9945558765867859
48.45,0.9945907385295183
48.5,0.9946254519069622
48.550000000000004,0.9946600174136898
48.6,0.994694434388776
48.650000000000006,0.9947287034413557
48.7,0.9947628241756454
48.75,0.9947967967264459
48.800000000000004,0.9948306214188443
48.85,0.9948642982768575
48.900000000000006,0.9948978274499516
48.95,0.9949312086411737
49.0,0.9949644421555377
49.050000000000004,0.9949975274829741
49.1,0.995030465865877
49.150000000000006,0.9950632562169628
49.2,0.9950958996132547
49.25,0.9951283954371385
49.300000000000004,0.9951607442516724
49.35,0.9951929461599135
49.400000000000006,0.9952250010504539
49.45,0.9952569085843554
49.5,0.9952886699637611
49.550000000000004,0.9953202847121912
49.6,0.9953517524979819
49.650000000000006,0.9953830743993008
49.7,0.9954142504639242
49.75,0.9954452795141789
49.800000000000004,0.9954761634428105
49.85,0.9955069006313212
49.900000000000006,0.9955374932442901
49.95,0.9955679398171998
50.0,0.9955982415552276
50.050000000000004,0.9956283978353451
50.1,0.9956584090793152
50.150000000000006,0.9956882758236395
50.2,0.995717998521272
50.25,0.9957475758031942
50.300000000000004,0.9957770092891423
50.35,0.9958062995041761
50.400000000000006,0.9958354450500342
50.45,0.9958644475912821
50.5,0.9958933065395956
50.550000000000004,0.995922021859466
50.6,0.9959505944842113
50.650000000000006,0.9959790244815085
50.7,0.9960073118717654
50.75,0.9960354570514549
50.800000000000004,0.9960634599470837
50.85,0.9960913215582923
50.900000000000006,0.9961190404584876
50.95,0.9961466191026301
51.0,0.9961740567380355
51.050000000000004,0.9962013529988191
51.1,0.9962285081311991
51.150000000000006,0.9962555232574161
51.2,0.9962823995427939
51.25,0.9963091345468871
51.300000000000004,0.9963357298702539
51.35,0.9963621866423716
51.400000000000006,0.9963885038529869
51.45,0.996414682684219
51.5,0.9964407227190564
51.550000000000004,0.9964666250260942
51.6,0.9964923892270925
51.650000000000006,0.9965180161585718
51.7,0.9965435050267506
51.75,0.9965688574247717
51.800000000000004,0.9965940728672724
51.85,0.9966191519007007
51.900000000000006,0.9966440945340318
51.95,0.9966689018830851
52.0,0.9966935729064959
52.050000000000004,0.9967181099323333
52.1,0.9967425113994242
52.150000000000006,0.9967667785143532
52.2,0.9967909115172207
52.25,0.9968149103820045
52.300000000000004,0.9968387752588213
52.35,0.9968625077617932
52.400000000000006,0.9968861065134431
52.45,0.9969095734013247
52.5,0.9969329069468731
52.550000000000004,0.9969561101848559
52.6,0.9969791807618814
52.650000000000006,0.9970021203451177
52.7,0.9970249296886443
52.75,0.9970476080141657
52.800000000000004,0.9970701557922579
52.85,0.9970925745925017
52.900000000000006,0.99711486389228
52.95,0.9971370234950576
53.0,0.9971590549754775
53.050000000000004,0.9971809581601903
53.1,0.9972027326869617
53.150000000000006,0.9972243804688108
53.2,0.9972459007819015
53.25,0.9972672939007207
53.300000000000004,0.9972885610907603
53.35,0.9973097014984806
53.400000000000006,0.9973307167132941
53.45,0.9973516068781657
53.5,0.9973723712587965
53.550000000000004,0.9973930117642607
53.6,0.9974135281143909
53.650000000000006,0.9974339211136767
53.7,0.997454190077055
53.75,0.9974743358296256
53.800000000000004,0.9974943595830564
53.85,0.9975142607804108
53.900000000000006,0.997534041117941
53.95,0.9975536995490283
54.0,0.997573236571259
54.050000000000004,0.9975926538811453
54.1,0.9976119502836174
54.150000000000006,0.9976311272949252
54.2,0.9976501847357157
54.25,0.9976691237264346
54.300000000000004,0.9976879440962445
54.35,0.9977066465751854
54.400000000000006,0.9977252307776309
54.45,0.9977436984965689
54.5,0.9977620490044914
54.550000000000004,0.997780282739426
54.6,0.9977984013538945
54.650000000000006,0.9978164039209038
54.7,0.9978342914292022
54.75,0.9978520644340563
54.800000000000004,0.9978697229066006
54.85,0.9978872677539591
54.900000000000006,0.9979046991738508
54.95,0.9979220172105091
55.0,0.9979392237569493
55.050000000000004,0.9979563171101997
55.1,0.9979732993181539
55.150000000000006,0.9979901704698559
55.2,0.9980069301964622
55.25,0.9980235801919495
55.300000000000004,0.9980401205521399
55.35,0.9980565504716183
55.400000000000006,0.9980728717945049
55.45,0.9980890848571203
55.5,0.9981051894598287
55.550000000000004,0.998121186283788
55.6,0.9981370765113387
55.650000000000006,0.9981528593213107
55.7,0.9981685356098923
55.75,0.9981841062554369
55.800000000000004,0.9981995713085303
55.85,0.9982149319010181
55.900000000000006,0.9982301870562854
55.95,0.9982453389810468
56.0,0.99826038633682
56.050000000000004,0.9982753309563875
56.1,0.9982901724492406
56.150000000000006,0.9983049123788776
56.2,0.9983195497842173
56.25,0.9983340857056515
56.300000000000004,0.9983485210698908
56.35,0.9983628559295101
56.400000000000006,0.9983770906325152
56.45,0.9983912256626895
56.5,0.9984052612493203
56.550000000000004,0.998419198333506
56.6,0.9984330378676481
56.650000000000006,0.9984467785295201
56.7,0.9984604219295983
56.75,0.9984739691354402
56.800000000000004,0.9984874193424333
56.85,0.9985007746556254
56.900000000000006,0.9985140333350266
56.95,0.9985271968411507
57.0,0.9985402657458311
57.050000000000004,0.9985532414876274
57.1,0.9985661230807319
57.150000000000006,0.9985789107877433
57.2,0.9985916065360271
57.25,0.9986042090824457
57.300000000000004,0.9986167208801995
57.35,0.9986291401579773
57.400000000000006,0.9986414690487023
57.45,0.9986537068761815
57.5,0.9986658548509447
57.550000000000004,0.998677913547873
57.6,0.9986898833852635
57.650000000000006,0.998701764074002
57.7,0.9987135563875366
57.75,0.998725260829995
57.800000000000004,0.9987368781591678
57.85,0.998748408751184
57.900000000000006,0.9987598524941508
57.95,0.9987712101069349
58.0,0.9987824824720712
58.050000000000004,0.9987936696664959
58.1,0.998804772705402
58.150000000000006,0.9988157906910349
58.2,0.9988267256445624
58.25,0.9988375770090678
58.300000000000004,0.9988483451460157
58.35,0.9988590319362123
58.400000000000006,0.9988696354285359
58.45,0.9988801580387425
58.5,0.9988905997081554
58.550000000000004,0.9989009607254506
58.6,0.9989112415976144
58.650000000000006,0.9989214427227544
58.7,0.9989315644892396
58.75,0.9989416068325977
58.800000000000004,0.9989515715343905
58.85,0.9989614583798027
58.900000000000006,0.9989712667013537
58.95,0.9989809990643072
59.0,0.998990654265367
59.050000000000004,0.9990002329741186
59.1,0.9990097365871228
59.150000000000006,0.9990191635766384
59.2,0.9990285167976958
59.25,0.9990377955557475
59.300000000000004,0.9990469999626179
59.35,0.9990561312240296
59.400000000000006,0.9990651886268039
59.45,0.9990741737808704
59.5,0.9990830861351003
59.550000000000004,0.9990919271451024
59.6,0.9991006960158919
59.650000000000006,0.9991093942573638
59.7,0.9991180219646223
59.75,0.9991265789686092
59.800000000000004,0.9991350670816972
59.85,0.99914348520908
59.900000000000006,0.9991518346171957
59.95,0.9991601159802268
60.0,0.9991683289632257
60.050000000000004,0.9991764734283032
60.1,0.9991845517394169
60.150000000000006,0.99919256221884
60.2,0.9992005076388097
60.25,0.9992083863896544
60.300000000000004,0.9992161989256102
60.35,0.9992239470576382
60.400000000000006,0.9992316301360171
60.45,0.999239249070757
60.5,0.9992468039398223
60.550000000000004,0.9992542953316119
60.6,0.9992617233163852
60.650000000000006,0.9992690890720155
60.7,0.9992763924661827
60.75,0.9992836334016735
60.800000000000004,0.9992908129854287
60.85,0.9992979315021121
60.900000000000006,0.9993049896521083
60.95,0.9993119870896903
61.0,0.9993189244824014
61.050000000000004,0.9993258030129446
61.1,0.9993326214219911
61.150000000000006,0.9993393819901146
61.2,0.9993460838093027
61.25,0.9993527273048752
61.300000000000004,0.9993593139255822
61.35,0.9993658425439002
61.400000000000006,0.9993723145046598
61.45,0.9993787300382284
61.5,0.9993850902627084
61.550000000000004,0.9993913943233814
61.6,0.9993976426436645
61.650000000000006,0.9994038366341929
61.7,0.9994099763574457
61.75,0.9994160610562877
61.800000000000004,0.9994220925912167
61.85,0.9994280695129477
61.900000000000006,0.9994339949002566
61.95,0.999439866892281
62.0,0.9994456869117134
62.050000000000004,0.9994514545448463
62.1,0.9994571707460443
62.150000000000006,0.9994628358570039
62.2,0.9994684505351549
62.25,0.9994740137409786
62.300000000000004,0.9994795275351316
62.35,0.9994849912713605
62.400000000000006,0.999490405489969
62.45,0.9994957708197566
62.5,0.9995010875943582
62.550000000000004,0.9995063554716495
62.6,0.9995115753578944
62.650000000000006,0.9995167478709797
62.7,0.9995218729317363
62.75,0.9995269510540935
62.800000000000004,0.9995319830944911
62.85,0.9995369676554344
62.900000000000006,0.9995419072111746
62.95,0.9995468007816221
63.0,0.9995516488813518
63.050000000000004,0.9995564519883644
63.1,0.9995612114146261
63.150000000000006,0.9995659252566952
63.2,0.9995705957262192
63.25,0.9995752227840199
63.300000000000004,0.9995798073775527
63.35,0.9995843470970549
63.400000000000006,0.999588845389598
63.45,0.9995933010972027
63.5,0.9995977145712706
63.550000000000004,0.9996020864394451
63.6,0.999606417565614
63.650000000000006,0.9996107068803926
63.7,0.9996149559798299
63.75,0.9996191643086095
63.800000000000004,0.9996233329135262
63.85,0.9996274612069775
63.900000000000006,0.9996315506025619
63.95,0.999635600706504
64.0,0.999639611811053
64.05,0.9996435838631774
64.10000000000001,0.9996475180808484
64.15,0.9996514144594617
64.2,0.9996552730999664
64.25,0.9996590941348349
64.3,0.9996628787086661
64.35000000000001,0.9996666260551152
64.4,0.9996703367372834
64.45,0.9996740114940101
64.5,0.9996776500671349
64.55,0.9996812536033127
64.60000000000001,0.999684821649834
64.65,0.9996883542046355
64.7,0.9996918521349073
64.75,0.9996953159333181
64.8,0.9996987458641843
64.85000000000001,0.9997021409634055
64.9,0.9997055028596606
64.95,0.9997088315361012
65.0,0.9997121272560192
65.05,0.9997153893896855
65.10000000000001,0.9997186192647078
65.15,0.9997218175607558
65.2,0.9997249831672634
65.25,0.999728117277661
65.3,0.9997312193188792
65.35000000000001,0.9997342912712173
65.4,0.9997373317896348
65.45,0.9997403412723023
65.5,0.9997433207107675
65.55,0.9997462691829843
65.60000000000001,0.9997491885209584
65.65,0.9997520778526029
65.7,0.9997549380064956
65.75,0.9997577694889326
65.8,0.999760570509873
65.85000000000001,0.999763344341031
65.9,0.9997660892851403
65.95,0.9997688059424639
66.0,0.9997714944651958
66.05,0.9997741550840571
66.10000000000001,0.9997767887427923
66.15,0.9997793952884313
66.2,0.9997819749459311
66.25,0.9997845273344774
66.3,0.9997870536993873
66.35000000000001,0.9997895534628705
66.4,0.999792026839778
66.45,0.9997944753888672
66.5,0.9997968973103314
66.55,0.9997992938438742
66.60000000000001,0.9998016661335611
66.65,0.9998040127607106
66.7,0.9998063349471273
66.75,0.9998086328669678
66.8,0.9998109063943761
66.85000000000001,0.9998131554001304
66.9,0.9998153808051826
66.95,0.9998175836051336
67.0,0.9998197618697275
67.05,0.999821917180919
67.10000000000001,0.9998240497478728
67.15,0.999826158684037
67.2,0.9998282464674815
67.25,0.9998303109689414
67.3,0.9998323536443969
67.35000000000001,0.9998343741338411
67.4,0.9998363722032446
67.45,0.9998383497098206
67.5,0.9998403057491929
67.55,0.9998422407412416
67.60000000000001,0.9998441543540176
67.65,0.9998460471176853
67.7,0.9998479197756014
67.75,0.9998497714776113
67.8,0.9998516032735721
67.85000000000001,0.9998534151480906
67.9,0.9998552075555883
67.95,0.9998569797020346
68.0,0.9998587325117998
68.05,0.9998604660991924
68.10000000000001,0.9998621815061229
68.15,0.99986387681222
68.2,0.9998655544786936
68.25,0.9998672122120137
68.3,0.9998688521563718
68.35000000000001,0.9998704741451093
68.4,0.9998720781608121
68.45,0.9998736642666275
68.5,0.9998752325942536
68.55,0.9998767829789166
68.60000000000001,0.9998783172185801
68.65,0.9998798333676511
68.7,0.9998813327110769
68.75,0.9998828151827235
68.8,0.9998842811838314
68.85000000000001,0.9998857298457801
68.9,0.9998871630644006
68.95,0.9998885800723061
69.0,0.9998899808200825
69.05,0.999891365944888
69.10000000000001,0.9998927349310798
69.15,0.9998940886630329
69.2,0.9998954263398334
69.25,0.9998967497701992
69.3,0.9998980576041083
69.35000000000001,0.9998993498698098
69.4,0.9999006282543325
69.45,0.9999018919270789
69.5,0.9999031400778322
69.55,0.9999043749944317
69.60000000000001,0.9999055955299738
69.65,0.9999068016608386
69.7,0.999907994349654
69.75,0.9999091726134888
69.8,0.9999103374952925
69.85000000000001,0.9999114889318935
69.9,0.9999126261559481
69.95,0.9999137507395064
70.0,0.9999148628235215
70.05,0.9999159610415862
70.10000000000001,0.999917047037749
70.15,0.9999181198334113
70.2,0.9999191807209351
70.25,0.9999202287637233
70.3,0.9999212639387474
70.35000000000001,0.99992228728324
70.4,0.9999232987572679
70.45,0.999924297703511
70.5,0.9999252858452672
70.55,0.9999262616180349
70.60000000000001,0.9999272259875254
70.65,0.999928178956411
70.7,0.9999291205150205
70.75,0.9999300509194198
70.8,0.9999309701947205
70.85000000000001,0.9999318785752449
70.9,0.9999327757273551
70.95,0.9999336623793357
71.0,0.9999345382496045
71.05,0.9999354036559456
71.10000000000001,0.9999362590519894
71.15,0.9999371033735531
71.2,0.9999379379363805
71.25,0.9999387623625
71.3,0.9999395769319244
71.35000000000001,0.99994038126369
71.4,0.9999411765067834
71.45,0.9999419618411257
71.5,0.9999427367590215
71.55,0.9999435032635258
71.60000000000001,0.9999442600032804
71.65,0.9999450076648451
71.7,0.9999457458584564
71.75,0.9999464751932982
71.8,0.9999471952089335
71.85000000000001,0.9999479073869286
71.9,0.9999486099465738
71.95,0.9999493041764947
72.0,0.9999499894769385
72.05,0.9999506664508592
72.10000000000001,0.9999513352193304
72.15,0.9999519955580213
72.2,0.9999526476544471
72.25,0.9999532919671479
72.3,0.9999539282942063
72.35000000000001,0.9999545563916901
72.4,0.999955176725329
72.45,0.9999557885081274
72.5,0.9999563941727243
72.55,0.9999569910394871
72.60000000000001,0.999957581477237
72.65,0.9999581631751695
72.7,0.9999587385156138
72.75,0.99995930611927
72.8,0.9999598670129424
72.85000000000001,0.9999604205417761
72.9,0.9999609669032904
72.95,0.9999615064318428
73.0,0.9999620393840707
73.05,0.9999625653832371
73.10000000000001,0.9999630844157549
73.15,0.9999635973634166
73.2,0.9999641036789227
73.25,0.9999646032180433
73.3,0.9999650965357563
73.35000000000001,0.9999655834768326
73.4,0.9999660646954749
73.45,0.9999665390440254
73.5,0.9999670078445922
73.55,0.9999674706629654
73.60000000000001,0.9999679264106913
73.65,0.9999683769892214
73.7,0.9999688221962107
73.75,0.9999692607393025
73.8,0.9999696936123966
73.85000000000001,0.9999701218766693
73.9,0.9999705444415105
73.95,0.9999709608365605
74.0,0.9999713716876562
74.05,0.9999717774772312
74.10000000000001,0.9999721778335555
74.15,0.9999725732742444
74.2,0.9999729633518476
74.25,0.999973348717752
74.3,0.999973728883666
74.35000000000001,0.9999741035596297
74.4,0.9999744734634616
74.45,0.9999748384563665
74.5,0.9999751988868025
74.55,0.9999755543909442
74.60000000000001,0.9999759055354078
74.65,0.9999762516385243
74.7,0.9999765931534601
74.75,0.9999769301970582
74.8,0.9999772625703994
74.85000000000001,0.9999775910214771
74.9,0.9999779144325438
74.95,0.9999782341469385
75.0,0.9999785495212091
75.05,0.9999788599773782
75.10000000000001,0.9999791669734736
75.15,0.999979469645864
75.2,0.9999797682908809
75.25,0.9999800631665161
75.3,0.9999803534278856
75.35000000000001,0.9999806403116007
75.4,0.9999809234018279
75.45,0.9999812023212391
75.5,0.9999814773471304
75.55,0.9999817486979091
75.60000000000001,0.9999820169103255
75.65,0.999982281126877
75.7,0.9999825411266785
75.75,0.9999827985050709
75.8,0.9999830517883279
75.85000000000001,0.9999833017487086
75.9,0.9999835483248587
75.95,0.9999837919847605
76.0,0.9999840314412974
76.05,0.9999842683622134
76.10000000000001,0.9999845016326876
76.15,0.9999847319735735
76.2,0.9999849589854269
76.25,0.999985182109073
76.3,0.9999854026201964
76.35000000000001,0.9999856208890165
76.4,0.9999858351987947
76.45,0.9999860473453782
76.5,0.9999862560351177
76.55,0.9999864616244035
76.60000000000001,0.9999866647715452
76.65,0.9999868653692608
76.7,0.9999870623511077
76.75,0.9999872568540606
76.80000000000001,0.9999874488804187
76.85000000000001,0.9999876382716788
76.9,0.9999878244381557
76.95,0.9999880082912737
77.0,0.9999881899658247
77.05000000000001,0.9999883687229139
77.10000000000001,0.9999885453888753
77.15,0.9999887183759901
77.2,0.9999888903501062
77.25,0.9999890590435889
77.30000000000001,0.9999892255451713
77.35000000000001,0.9999893899671675
77.4,0.9999895515761946
77.45,0.9999897112599211
77.5,0.9999898685381001
77.55000000000001,0.9999900230245153
77.60000000000001,0.999990176167416
77.65,0.99999032693952
77.7,0.9999904754950113
77.75,0.9999906212291425
77.80000000000001,0.9999907663307367
77.85000000000001,0.9999909081414892
77.9,0.9999910480016686
77.95,0.9999911860599108
78.0,0.999991322438222
78.05000000000001,0.9999914565060763
78.10000000000001,0.9999915886422178
78.15,0.999991719227783
78.2,0.9999918474083554
78.25,0.9999919741816553
78.30000000000001,0.9999920990517368
78.35000000000001,0.9999922216714018
78.4,0.9999923423347838
78.45,0.9999924623009969
78.5,0.9999925798194035
78.55000000000001,0.9999926958801244
78.60000000000001,0.9999928100295146
78.65,0.9999929225991772
78.7,0.9999930333482185
78.75,0.9999931422275284
78.80000000000001,0.9999932504674045
78.85000000000001,0.9999933562504799
78.9,0.9999934607511619
78.95,0.9999935640163018
79.0,0.9999936657465184
79.05000000000001,0.9999937650938615
79.10000000000001,0.9999938642327596
79.15,0.9999939607503947
79.2,0.9999940568544496
79.25,0.9999941509053925
79.30000000000001,0.9999942433194804
79.35000000000001,0.9999943348698778
79.4,0.9999944247232733
79.45,0.9999945137674009
79.5,0.9999946012996601
79.55000000000001,0.9999946868736445
79.60000000000001,0.9999947717974684
79.65,0.9999948555588811
79.7,0.9999949377931339
79.75,0.9999950187649507
79.80000000000001,0.999995098560121
79.85000000000001,0.9999951775909659
79.9,0.9999952544953536
79.95,0.9999953310563986
80.0,0.999995405601827
80.05000000000001,0.9999954799930533
80.10000000000001,0.9999955526036093
80.15,0.9999956245230326
80.2,0.9999956958540179
80.25,0.9999957647499641
80.30000000000001,0.9999958336335254
80.35000000000001,0.9999959012248324
80.4,0.9999959673561825
80.45,0.9999960330922104
80.5,0.9999960978773627
80.55000000000001,0.9999961611954351
80.60000000000001,0.9999962235228399
80.65,0.9999962849186083
80.7,0.9999963460012734
80.75,0.9999964049952818
80.80000000000001,0.9999964639712448
80.85000000000001,0.9999965216616157
80.9,0.9999965795400363
80.95,0.9999966351888083
81.0,0.9999966906404902
81.05000000000001,0.9999967447162058
81.10000000000001,0.9999967983248788
81.15,0.9999968505004495
81.2,0.9999969025376889
81.25,0.9999969537741913
81.30000000000001,0.999997003985151
81.35000000000001,0.9999970536408642
81.4,0.9999971021212526
81.45,0.9999971500979261
81.5,0.9999971976540444
81.55000000000001,0.9999972441269838
81.60000000000001,0.9999972899978842
81.65,0.9999973355528962
81.7,0.9999973790641835
81.75,0.9999974230136087
81.80000000000001,0.9999974664325304
81.85000000000001,0.999997508391908
81.9,0.9999975496526928
81.95,0.9999975909515975
82.0,0.9999976309266011
82.05000000000001,0.9999976709237794
82.10000000000001,0.9999977100098912
82.15,0.9999977481888466
82.2,0.9999977865697993
82.25,0.9999978235467757
82.30000000000001,0.9999978599389074
82.35000000000001,0.9999978958735234
82.4,0.9999979318223664
82.45,0.9999979665594951
82.5,0.9999980007209974
82.55000000000001,0.9999980348308602
82.60000000000001,0.9999980682582035
82.65,0.9999981008782775
82.7,0.9999981331488185
82.75,0.9999981645610101
82.80000000000001,0.999998195843067
82.85000000000001,0.999998226188145
82.9,0.9999982563801779
82.95,0.9999982867173444
83.0,0.9999983155491523
83.05000000000001,0.9999983444177875
83.10000000000001,0.9999983727184947
83.15,0.9999984008168146
83.2,0.9999984279016851
83.25,0.9999984551834746
83.30000000000001,0.9999984815366387
83.35000000000001,0.9999985078081124
83.4,0.9999985336279575
83.45,0.9999985582050267
83.5,0.9999985835314835
83.55000000000001,0.9999986074760056
83.60000000000001,0.9999986319060471
83.65,0.9999986555152407
83.7,0.999998678543757
83.75,0.9999987020385244
83.80000000000001,0.9999987241381733
83.85000000000001,0.9999987459008762
83.9,0.9999987676218652
83.95,0.9999987895349745
84.0,0.9999988101231586
84.05000000000001,0.9999988311587784
84.10000000000001,0.9999988513054745
84.15,0.9999988709512462
84.2,0.9999988907131626
84.25,0.999998910006541
84.30000000000001,0.9999989295244974
84.35000000000001,0.9999989481072994
84.4,0.999998966733997
84.45,0.999998984461951
84.5,0.9999990027541535
84.55000000000001,0.9999990203950833
84.60000000000001,0.9999990374942245
84.65,0.9999990542174046
84.7,0.9999990709806049
84.75,0.9999990874597385
84.80000000000001,0.9999991032364102
84.85000000000001,0.9999991194097321
84.9,0.9999991349577643
84.95,0.9999991503923824
85.0,0.9999991655591263
85.05000000000001,0.9999991798255005
85.10000000000001,0.9999991945209721
85.15,0.9999992090456133
85.2,0.9999992230272597
85.25,0.9999992366618227
85.30000000000001,0.9999992505841184
85.35000000000001,0.9999992639818983
85.4,0.9999992770045462
85.45,0.9999992900124933
85.5,0.9999993021857618
85.55000000000001,0.9999993151110751
85.60000000000001,0.999999327524564
85.65,0.9999993393299552
85.7,0.9999993514271758
85.75,0.9999993626953396
85.80000000000001,0.999999374396254
85.85000000000001,0.999999385255826
85.9,0.9999993961968615
85.95,0.9999994070331836
86.0,0.9999994178449199
86.05000000000001,0.9999994287023628
86.10000000000001,0.9999994393023
86.15,0.9999994488392209
86.2,0.9999994591038739
86.25,0.999999468734702
86.30000000000001,0.9999994783975995
86.35000000000001,0.9999994880039039
86.4,0.9999994973004621
86.45,0.9999995066463311
86.5,0.9999995155967165
86.55000000000001,0.9999995242875962
86.60000000000001,0.9999995329567202
86.65,0.9999995416243608
86.7,0.9999995497405089
86.75,0.9999995580949165
86.80000000000001,0.9999995661922906
86.85000000000001,0.9999995736457464
86.9,0.9999995819571177
86.95,0.9999995898183205
87.0,0.9999995971706541
87.05000000000001,0.9999996040613441
87.10000000000001,0.9999996118008251
87.15,0.9999996189381276
87.2,0.9999996259942163
87.25,0.9999996325386877
87.30000000000001,0.9999996394331153
87.35000000000001,0.9999996459704312
87.4,0.9999996524711614
87.45,0.9999996589969131
87.5,0.9999996654976433
87.55000000000001,0.9999996716723547
87.60000000000001,0.9999996778586837
87.65,0.9999996840893842
87.7,0.9999996897308437
87.75,0.9999996952205018
87.80000000000001,0.9999997014832298
87.85000000000001,0.9999997067404285
87.9,0.9999997123192957
87.95,0.9999997176147275
88.0,0.999999722602354
88.05000000000001,0.9999997278305031
88.10000000000001,0.9999997334140904
88.15,0.9999997377939571
88.2,0.9999997427910537
88.25,0.9999997479627138
88.30000000000001,0.9999997529406572
88.35000000000001,0.9999997573190402
88.4,0.9999997616917873
88.45,0.9999997660506292
88.5,0.9999997703844492
88.55000000000001,0.9999997747182694
88.60000000000001,0.9999997790532581
88.65,0.9999997833870783
88.7,0.9999997877208984
88.75,0.9999997917403175
88.80000000000001,0.9999997955130455
88.85000000000001,0.9999997989045845
88.9,0.9999998031899408
88.95,0.999999807260068
89.0,0.9999998107064377
89.05000000000001,0.9999998141332587
89.10000000000001,0.999999817831351
89.15,0.9999998206351576
89.2,0.9999998249064154
89.25,0.9999998275249973
89.30000000000001,0.9999998314468939
89.35000000000001,0.9999998340257276
89.4,0.9999998379726457
89.45,0.9999998405276265
89.5,0.9999998441817888
89.55000000000001,0.9999998466429385
89.60000000000001,0.9999998495919333
89.65,0.9999998528505978
89.7,0.9999998553710174
89.75,0.999999857908856
89.80000000000001,0.9999998612850496
89.85000000000001,0.9999998639999428
89.9,0.9999998662026169
89.95,0.9999998684526695
90.0,0.9999998715452938
90.05000000000001,0.9999998737136878
90.10000000000001,0.9999998764802728
90.15,0.9999998789169567
90.2,0.9999998813971775
90.25,0.9999998836074819
90.30000000000001,0.9999998858129717
90.35000000000001,0.9999998879798818
90.4,0.9999998901467919
90.45,0.999999892313702
90.5,0.9999998944817807
90.55000000000001,0.9999998966486906
90.60000000000001,0.9999998985011997
90.65,0.9999999004349214
90.7,0.9999999019867376
90.75,0.9999999041102535
90.80000000000001,0.9999999062759948
90.85000000000001,0.9999999080795847
90.9,0.9999999099160094
90.95,0.9999999115291658
91.0,0.9999999128848895
91.05000000000001,0.9999999150517994
91.10000000000001,0.9999999168055341
91.15,0.9999999185620043
91.2,0.9999999193871035
91.25,0.9999999215525295
91.30000000000001,0.9999999229790769
91.35000000000001,0.9999999247994672
91.4,0.9999999258890023
91.45,0.9999999280113823
91.5,0.9999999291332873
91.55000000000001,0.9999999302445464
91.60000000000001,0.999999931994485
91.65,0.999999933233919
91.7,0.9999999345783666
91.75,0.9999999359577235
91.80000000000001,0.9999999367456236
91.85000000000001,0.9999999385599851
91.9,0.9999999391548372
91.95,0.9999999410562829
92.0,0.9999999419027278
92.05000000000001,0.9999999432235398
92.10000000000001,0.9999999443632648
92.15,0.9999999454132638
92.2,0.9999999465735692
92.25,0.9999999475573601
92.30000000000001,0.9999999487371811
92.35000000000001,0.9999999497242701
92.4,0.9999999500509946
92.45,0.99999995189118
92.5,0.9999999522179047
92.55000000000001,0.9999999540580902
92.60000000000001,0.999999954349398
92.65,0.9999999555666111
92.7,0.9999999562511905
92.75,0.9999999566336988
92.80000000000001,0.9999999584181007
92.85000000000001,0.999999958718635
92.9,0.9999999599016002
92.95,0.9999999605850107
93.0,0.999999960967519
93.05000000000001,0.9999999627486229
93.10000000000001,0.9999999629942243
93.15,0.9999999631370815
93.2,0.9999999649155328
93.25,0.9999999651611344
93.30000000000001,0.9999999653293604
93.35000000000001,0.9999999670824431
93.4,0.9999999673280446
93.45,0.9999999674962704
93.5,0.999999968594262
93.55000000000001,0.9999999694949545
93.60000000000001,0.9999999696400197
93.65,0.999999970472883
93.7,0.9999999714162631
93.75,0.9999999717668661
93.80000000000001,0.9999999718300907
93.85000000000001,0.9999999729280823
93.9,0.9999999735831733
93.95,0.999999973972356
94.0,0.9999999739970007
94.05000000000001,0.9999999750949924
94.10000000000001,0.9999999757512519
94.15,0.999999976139266
94.2,0.9999999761410969
94.25,0.9999999767404246
94.30000000000001,0.9999999779181621
94.35000000000001,0.9999999782209041
94.4,0.9999999783080069
94.45,0.9999999783308208
94.5,0.9999999794288124
94.55000000000001,0.9999999801100937
94.60000000000001,0.9999999804697881
94.65,0.9999999804749171
94.7,0.9999999804749171
94.75,0.9999999810754134
94.80000000000001,0.9999999822770038
94.85000000000001,0.9999999825547242
94.9,0.9999999826385291
94.95,0.999999982641827
95.0,0.999999982664641
95.05000000000001,0.9999999835005338
95.10000000000001,0.9999999844439139
95.15,0.9999999847650284
95.2,0.9999999848054392
95.25,0.9999999848054392
95.30000000000001,0.9999999848087371
95.35000000000001,0.9999999848577414
95.4,0.9999999859557329
95.45,0.9999999866108239
95.5,0.9999999869705183
95.55000000000001,0.9999999869723493
95.60000000000001,0.9999999869723493
95.65,0.9999999869735178
95.7,0.9999999870018377
95.75,0.9999999870246515
95.80000000000001,0.9999999884498304
95.85000000000001,0.9999999890200375
95.9,0.9999999891389122
95.95,0.9999999891392592
96.0,0.9999999891392592
96.05000000000001,0.9999999891654496
96.10000000000001,0.9999999891654496
96.15,0.9999999891687475
96.2,0.9999999891915614
96.25,0.9999999902895531
96.30000000000001,0.9999999909446441
96.35000000000001,0.9999999913043385
96.4,0.9999999913061693
96.45,0.9999999913061693
96.5,0.999999991307338
96.55000000000001,0.9999999913323598
96.60000000000001,0.9999999913323598
96.65,0.9999999913323598
96.7,0.9999999913323598
96.75,0.9999999913356578
96.80000000000001,0.9999999913584717
96.85000000000001,0.9999999931115542
96.9,0.9999999933538579
96.95,0.9999999934730796
97.0,0.9999999934730796
97.05000000000001,0.9999999934730796
97.10000000000001,0.9999999934992698
97.15,0.9999999934992698
97.2,0.9999999934992698
97.25,0.9999999934992698
97.30000000000001,0.9999999934992698
97.35000000000001,0.9999999934992698
97.4,0.9999999934992698
97.45,0.9999999934992698
97.5,0.9999999935025677
97.55000000000001,0.9999999935253817
97.60000000000001,0.9999999946233733
97.65,0.9999999952784641
97.7,0.9999999956381586
97.75,0.9999999956399896
97.80000000000001,0.9999999956399896
97.85000000000001,0.9999999956411583
97.9,0.9999999956661799
97.95,0.9999999956661799
98.0,0.9999999956661799
98.05000000000001,0.9999999956661799
98.10000000000001,0.9999999956661799
98.15,0.9999999956661799
98.2,0.9999999956661799
98.25,0.9999999956661799
98.30000000000001,0.9999999956661799
98.35000000000001,0.9999999956661799
98.4,0.9999999956661799
98.45,0.9999999956661799
98.5,0.9999999956661799
98.55000000000001,0.9999999956661799
98.60000000000001,0.9999999956661799
98.65,0.999999995669478
98.7,0.9999999956922918
98.75,0.9999999967902834
98.80000000000001,0.9999999976862533
98.85000000000001,0.9999999978065526
98.9,0.9999999978068995
98.95,0.9999999978068995
99.0,0.9999999978330898
99.05000000000001,0.9999999978330898
99.10000000000001,0.9999999978330898
99.15,0.9999999978330898
99.2,0.9999999978330898
99.25,0.9999999978330898
99.30000000000001,0.9999999978330898
99.35000000000001,0.9999999978330898
99.4,0.9999999978330898
99.45,0.9999999978330898
99.5,0.9999999978330898
99.55000000000001,0.9999999978330898
99.60000000000001,0.9999999978330898
99.65,0.9999999978330898
99.7,0.9999999978330898
99.75,0.9999999978330898
99.80000000000001,0.9999999978330898
99.85000000000001,0.9999999978330898
99.9,0.9999999978330898
99.95,0.9999999978330898
100.0,0.9999999978330898
100.05000000000001,0.9999999978330898
100.10000000000001,0.9999999978330898
100.15,0.9999999978330898
100.2,0.9999999978330898
100.25,0.9999999978330898
100.30000000000001,0.9999999978330898
100.35000000000001,0.9999999978330898
100.4,0.9999999978330898
100.45,0.9999999978330898
100.5,0.9999999978330898
100.55000000000001,0.9999999978330898
100.60000000000001,0.9999999978330898
100.65,0.9999999978330898
100.7,0.9999999978330898
100.75,0.9999999978330898
100.80000000000001,0.9999999978330898
100.85000000000001,0.9999999978330898
100.9,0.9999999978330898
100.95,0.9999999978330898
101.0,0.9999999978330898
101.05000000000001,0.9999999978363879
101.10000000000001,0.9999999978592017
101.15,0.9999999989571933
101.2,0.999999999853163
101.25,0.9999999999719784
101.30000000000001,0.9999999999738094
101.35000000000001,0.9999999999738094
101.4,1.0
101.45,1.0
101.5,1.0
101.55000000000001,1.0
101.60000000000001,1.0
101.65,1.0
101.7,1.0
101.75,1.0
101.80000000000001,1.0
101.85000000000001,1.0
101.9,1.0
101.95,1.0
102.0,1.0
102.05000000000001,1.0
102.10000000000001,1.0
102.15,1.0
102.2,1.0
102.25,1.0
102.30000000000001,1.0
102.35000000000001,1.0
102.4,1.0
102.45,1.0
102.5,1.0
102.55000000000001,1.0
102.60000000000001,1.0
102.65,1.0
102.7,1.0
102.75,1.0
102.80000000000001,1.0
102.85000000000001,1.0
102.9,1.0
102.95,1.0
103.0,1.0
103.05000000000001,1.0
103.10000000000001,1.0
103.15,1.0
103.2,1.0
103.25,1.0
103.30000000000001,1.0
103.35000000000001,1.0
103.4,1.0
103.45,1.0
103.5,1.0
103.55000000000001,1.0
103.60000000000001,1.0
103.65,1.0
103.7,1.0
103.75,1.0
103.80000000000001,1.0
103.85000000000001,1.0
103.9,1.0
103.95,1.0
104.0,1.0
104.05000000000001,1.0
104.10000000000001,1.0
104.15,1.0
104.2,1.0
104.25,1.0
104.30000000000001,1.0
104.35000000000001,1.0
104.4,1.0
104.45,1.0
104.5,1.0
104.55000000000001,1.0
104.60000000000001,1.0
104.65,1.0
104.7,1.0
104.75,1.0
104.80000000000001,1.0
104.85000000000001,1.0
104.9,1.0
104.95,1.0
105.0,1.0
105.05000000000001,1.0
105.10000000000001,1.0
105.15,1.0
105.2,1.0
105.25,1.0
105.30000000000001,1.0
105.35000000000001,1.0
105.4,1.0
105.45,1.0
105.5,1.0
105.55000000000001,1.0
105.60000000000001,1.0
105.65,1.0
105.7,1.0
105.75,1.0
105.80000000000001,1.0
105.85000000000001,1.0
105.9,1.0
105.95,1.0
106.0,1.0
106.05000000000001,1.0
106.10000000000001,1.0
106.15,1.0
106.2,1.0
106.25,1.0
106.30000000000001,1.0
106.35000000000001,1.0
106.4,1.0
106.45,1.0
106.5,1.0
106.55000000000001,1.0
106.60000000000001,1.0
106.65,1.0
106.7,1.0
106.75,1.0
106.80000000000001,1.0
106.85000000000001,1.0
106.9,1.0
106.95,1.0
107.0,1.0
107.05000000000001,1.0
107.10000000000001,1.0
107.15,1.0
107.2,1.0
107.25,1.0
107.30000000000001,1.0
107.35000000000001,1.0
107.4,1.0
107.45,1.0
107.5,1.0
107.55000000000001,1.0
107.60000000000001,1.0
107.65,1.0
107.7,1.0
107.75,1.0
107.80000000000001,1.0
107.85000000000001,1.0
107.9,1.0
107.95,1.0
108.0,1.0
108.05000000000001,1.0
108.10000000000001,1.0
108.15,1.0
108.2,1.0
108.25,1.0
108.30000000000001,1.0
108.35000000000001,1.0
108.4,1.0
108.45,1.0
108.5,1.0
108.55000000000001,1.0
108.60000000000001,1.0
108.65,1.0
108.7,1.0
108.75,1.0
108.80000000000001,1.0
108.85000000000001,1.0
108.9,1.0
108.95,1.0
109.0,1.0
109.05000000000001,1.0
109.10000000000001,1.0
109.15,1.0
109.2,1.0
109.25,1.0
109.30000000000001,1.0
109.35000000000001,1.0
109.4,1.0
109.45,1.0
109.5,1.0
109.55000000000001,1.0
109.60000000000001,1.0
109.65,1.0
109.7,1.0
109.75,1.0
109.80000000000001,1.0
109.85000000000001,1.0
109.9,1.0
109.95,1.0
110.0,1.0
110.05000000000001,1.0
110.10000000000001,1.0
110.15,1.0
110.2,1.0
110.25,1.0
110.30000000000001,1.0
110.35000000000001,1.0
110.4,1.0
110.45,1.0
110.5,1.0
110.55000000000001,1.0
110.60000000000001,1.0
110.65,1.0
110.7,1.0
110.75,1.0
110.80000000000001,1.0
110.85000000000001,1.0
110.9,1.0
110.95,1.0
111.0,1.0
111.05000000000001,1.0
111.10000000000001,1.0
111.15,1.0
111.2,1.0
111.25,1.0
111.30000000000001,1.0
111.35000000000001,1.0
111.4,1.0
111.45,1.0
111.5,1.0
111.55000000000001,1.0
111.60000000000001,1.0
111.65,1.0
111.7,1.0
111.75,1.0
111.80000000000001,1.0
111.85000000000001,1.0
111.9,1.0
111.95,1.0
112.0,1.0
112.05000000000001,1.0
112.10000000000001,1.0
112.15,1.0
112.2,1.0
112.25,1.0
112.30000000000001,1.0
112.35000000000001,1.0
112.4,1.0
112.45,1.0
112.5,1.0
112.55000000000001,1.0
112.60000000000001,1.0
112.65,1.0
112.7,1.0
112.75,1.0
112.80000000000001,1.0
112.85000000000001,1.0
112.9,1.0
112.95,1.0
113.0,1.0
113.05000000000001,1.0
113.10000000000001,1.0
113.15,1.0
113.2,1.0
113.25,1.0
113.30000000000001,1.0
113.35000000000001,1.0
113.4,1.0
113.45,1.0
113.5,1.0
113.55000000000001,1.0
113.60000000000001,1.0
113.65,1.0
113.7,1.0
113.75,1.0
113.80000000000001,1.0
113.85000000000001,1.0
113.9,1.0
113.95,1.0
114.0,1.0
114.05000000000001,1.0
114.10000000000001,1.0
114.15,1.0
114.2,1.0
114.25,1.0
114.30000000000001,1.0
114.35000000000001,1.0
114.4,1.0
114.45,1.0
114.5,1.0
114.55000000000001,1.0
114.60000000000001,1.0
114.65,1.0
114.7,1.0
114.75,1.0
114.80000000000001,1.0
114.85000000000001,1.0
114.9,1.0
114.95,1.0
115.0,1.0
115.05000000000001,1.0
115.10000000000001,1.0
115.15,1.0
115.2,1.0
115.25,1.0
115.30000000000001,1.0
115.35000000000001,1.0
115.4,1.0
115.45,1.0
115.5,1.0
115.55000000000001,1.0
115.60000000000001,1.0
115.65,1.0
115.7,1.0
115.75,1.0
115.80000000000001,1.0
115.85000000000001,1.0
115.9,1.0
115.95,1.0
116.0,1.0
116.05000000000001,1.0
116.10000000000001,1.0
116.15,1.0
116.2,1.0
116.25,1.0
116.30000000000001,1.0
116.35000000000001,1.0
116.4,1.0
116.45,1.0
116.5,1.0
116.55000000000001,1.0
116.60000000000001,1.0
116.65,1.0
116.7,1.0
116.75,1.0
116.80000000000001,1.0
116.85000000000001,1.0
116.9,1.0
116.95,1.0
117.0,1.0
117.05000000000001,1.0
117.10000000000001,1.0
117.15,1.0
117.2,1.0
117.25,1.0
117.30000000000001,1.0
117.35000000000001,1.0
117.4,1.0
117.45,1.0
117.5,1.0
117.55000000000001,1.0
117.60000000000001,1.0
117.65,1.0
117.7,1.0
117.75,1.0
117.80000000000001,1.0
117.85000000000001,1.0
117.9,1.0
117.95,1.0
118.0,1.0
118.05000000000001,1.0
118.10000000000001,1.0
118.15,1.0
118.2,1.0
118.25,1.0
118.30000000000001,1.0
118.35000000000001,1.0
118.4,1.0
118.45,1.0
118.5,1.0
118.55000000000001,1.0
118.60000000000001,1.0
118.65,1.0
118.7,1.0
118.75,1.0
118.80000000000001,1.0
118.85000000000001,1.0
118.9,1.0
118.95,1.0
119.0,1.0
119.05000000000001,1.0
119.10000000000001,1.0
119.15,1.0
119.2,1.0
119.25,1.0
119.30000000000001,1.0
119.35000000000001,1.0
119.4,1.0
119.45,1.0
119.5,1.0
119.55000000000001,1.0
119.60000000000001,1.0
119.65,1.0
119.7,1.0
119.75,1.0
119.80000000000001,1.0
119.85000000000001,1.0
119.9,1.0
119.95,1.0
120.0,1.0
120.05000000000001,1.0
120.10000000000001,1.0
120.15,1.0
120.2,1.0
120.25,1.0
120.30000000000001,1.0
120.35000000000001,1.0
120.4,1.0
120.45,1.0
120.5,1.0
120.55000000000001,1.0
120.60000000000001,1.0
120.65,1.0
120.7,1.0
120.75,1.0
120.80000000000001,1.0
120.85000000000001,1.0
120.9,1.0
120.95,1.0
121.0,1.0
121.05000000000001,1.0
121.10000000000001,1.0
121.15,1.0
121.2,1.0
121.25,1.0
121.30000000000001,1.0
121.35000000000001,1.0
121.4,1.0
121.45,1.0
121.5,1.0
121.55000000000001,1.0
121.60000000000001,1.0
121.65,1.0
121.7,1.0
121.75,1.0
121.80000000000001,1.0
121.85000000000001,1.0
121.9,1.0
121.95,1.0
122.0,1.0
122.05000000000001,1.0
122.10000000000001,1.0
122.15,1.0
122.2,1.0
122.25,1.0
122.30000000000001,1.0
122.35000000000001,1.0
122.4,1.0
122.45,1.0
122.5,1.0
122.55000000000001,1.0
122.60000000000001,1.0
122.65,1.0
122.7,1.0
122.75,1.0
122.80000000000001,1.0
122.85000000000001,1.0
122.9,1.0
122.95,1.0
123.0,1.0
123.05000000000001,1.0
123.10000000000001,1.0
123.15,1.0
123.2,1.0
123.25,1.0
123.30000000000001,1.0
123.35000000000001,1.0
123.4,1.0
123.45,1.0
123.5,1.0
123.55000000000001,1.0
123.60000000000001,1.0
123.65,1.0
123.7,1.0
123.75,1.0
123.80000000000001,1.0
123.85000000000001,1.0
123.9,1.0
123.95,1.0
124.0,1.0
124.05000000000001,1.0
124.10000000000001,1.0
124.15,1.0
124.2,1.0
124.25,1.0
124.30000000000001,1.0
124.35000000000001,1.0
124.4,1.0
124.45,1.0
124.5,1.0
124.55000000000001,1.0
124.60000000000001,1.0
124.65,1.0
124.7,1.0
124.75,1.0
124.80000000000001,1.0
124.85000000000001,1.0
124.9,1.0
124.95,1.0
125.0,1.0
125.05000000000001,1.0
125.10000000000001,1.0
125.15,1.0
125.2,1.0
125.25,1.0
125.30000000000001,1.0
125.35000000000001,1.0
125.4,1.0
125.45,1.0
125.5,1.0
125.55000000000001,1.0
125.60000000000001,1.0
125.65,1.0
125.7,1.0
125.75,1.0
125.80000000000001,1.0
125.85000000000001,1.0
125.9,1.0
125.95,1.0
126.0,1.0
126.05000000000001,1.0
126.10000000000001,1.0
126.15,1.0
126.2,1.0
126.25,1.0
126.30000000000001,1.0
126.35000000000001,1.0
126.4,1.0
126.45,1.0
126.5,1.0
126.55000000000001,1.0
126.60000000000001,1.0
126.65,1.0
126.7,1.0
126.75,1.0
126.80000000000001,1.0
126.85000000000001,1.0
126.9,1.0
126.95,1.0
127.0,1.0
127.05000000000001,1.0
127.10000000000001,1.0
127.15,1.0
127.2,1.0
127.25,1.0
127.30000000000001,1.0
127.35000000000001,1.0
127.4,1.0
127.45,1.0
127.5,1.0
127.55000000000001,1.0
127.60000000000001,1.0
127.65,1.0
127.7,1.0
127.75,1.0
127.80000000000001,1.0
127.85000000000001,1.0
127.9,1.0
127.95,1.0
128.0,1.0
128.05,1.0
128.1,1.0
128.15,1.0
128.20000000000002,1.0
128.25,1.0
128.3,1.0
128.35,1.0
128.4,1.0
128.45000000000002,1.0
128.5,1.0
128.55,1.0
128.6,1.0
128.65,1.0
128.70000000000002,1.0
128.75,1.0
128.8,1.0
128.85,1.0
128.9,1.0
128.95000000000002,1.0
129.0,1.0
129.05,1.0
129.1,1.0
129.15,1.0
129.20000000000002,1.0
129.25,1.0
129.3,1.0
129.35,1.0
129.4,1.0
129.45000000000002,1.0
129.5,1.0
129.55,1.0
129.6,1.0
129.65,1.0
129.70000000000002,1.0
129.75,1.0
129.8,1.0
129.85,1.0
129.9,1.0
129.95000000000002,1.0
130.0,1.0
130.05,1.0
130.1,1.0
130.15,1.0
130.20000000000002,1.0
130.25,1.0
130.3,1.0
130.35,1.0
130.4,1.0
130.45000000000002,1.0
130.5,1.0
130.55,1.0
130.6,1.0
130.65,1.0
130.70000000000002,1.0
130.75,1.0
130.8,1.0
130.85,1.0
130.9,1.0
130.95000000000002,1.0
131.0,1.0
131.05,1.0
131.1,1.0
131.15,1.0
131.20000000000002,1.0
131.25,1.0
131.3,1.0
131.35,1.0
131.4,1.0
131.45000000000002,1.0
131.5,1.0
131.55,1.0
131.6,1.0
131.65,1.0
131.70000000000002,1.0
131.75,1.0
131.8,1.0
131.85,1.0
131.9,1.0
131.95000000000002,1.0
132.0,1.0
132.05,1.0
132.1,1.0
132.15,1.0
132.20000000000002,1.0
132.25,1.0
132.3,1.0
132.35,1.0
132.4,1.0
132.45000000000002,1.0
132.5,1.0
132.55,1.0
132.6,1.0
132.65,1.0
132.70000000000002,1.0
132.75,1.0
132.8,1.0
132.85,1.0
132.9,1.0
132.95000000000002,1.0
133.0,1.0
133.05,1.0
133.1,1.0
133.15,1.0
133.20000000000002,1.0
133.25,1.0
133.3,1.0
133.35,1.0
133.4,1.0
133.45000000000002,1.0
133.5,1.0
133.55,1.0
133.6,1.0
133.65,1.0
133.70000000000002,1.0
133.75,1.0
133.8,1.0
133.85,1.0
133.9,1.0
133.95000000000002,1.0
134.0,1.0
134.05,1.0
134.1,1.0
134.15,1.0
134.20000000000002,1.0
134.25,1.0
134.3,1.0
134.35,1.0
134.4,1.0
134.45000000000002,1.0
134.5,1.0
134.55,1.0
134.6,1.0
134.65,1.0
134.70000000000002,1.0
134.75,1.0
134.8,1.0
134.85,1.0
134.9,1.0
134.95000000000002,1.0
135.0,1.0
135.05,1.0
135.1,1.0
135.15,1.0
135.20000000000002,1.0
135.25,1.0
135.3,1.0
135.35,1.0
135.4,1.0
135.45000000000002,1.0
135.5,1.0
135.55,1.0
135.6,1.0
135.65,1.0
135.70000000000002,1.0
135.75,1.0
135.8,1.0
135.85,1.0
135.9,1.0
135.95000000000002,1.0
136.0,1.0
136.05,1.0
136.1,1.0
136.15,1.0
136.20000000000002,1.0
136.25,1.0
136.3,1.0
136.35,1.0
136.4,1.0
136.45000000000002,1.0
136.5,1.0
136.55,1.0
136.6,1.0
136.65,1.0
136.70000000000002,1.0
136.75,1.0
136.8,1.0
136.85,1.0
136.9,1.0
136.95000000000002,1.0
137.0,1.0
137.05,1.0
137.1,1.0
137.15,1.0
137.20000000000002,1.0
137.25,1.0
137.3,1.0
137.35,1.0
137.4,1.0
137.45000000000002,1.0
137.5,1.0
137.55,1.0
137.6,1.0
137.65,1.0
137.70000000000002,1.0
137.75,1.0
137.8,1.0
137.85,1.0
137.9,1.0
137.95000000000002,1.0
138.0,1.0
138.05,1.0
138.1,1.0
138.15,1.0
138.20000000000002,1.0
138.25,1.0
138.3,1.0
138.35,1.0
138.4,1.0
138.45000000000002,1.0
138.5,1.0
138.55,1.0
138.6,1.0
138.65,1.0
138.70000000000002,1.0
138.75,1.0
138.8,1.0
138.85,1.0
138.9,1.0
138.95000000000002,1.0
139.0,1.0
139.05,1.0
139.1,1.0
139.15,1.0
139.20000000000002,1.0
139.25,1.0
139.3,1.0
139.35,1.0
139.4,1.0
139.45000000000002,1.0
139.5,1.0
139.55,1.0
139.6,1.0
139.65,1.0
139.70000000000002,1.0
139.75,1.0
139.8,1.0
139.85,1.0
139.9,1.0
139.95000000000002,1.0
140.0,1.0
140.05,1.0
140.1,1.0
140.15,1.0
140.20000000000002,1.0
140.25,1.0
140.3,1.0
140.35,1.0
140.4,1.0
140.45000000000002,1.0
140.5,1.0
140.55,1.0
140.6,1.0
140.65,1.0
140.70000000000002,1.0
140.75,1.0
140.8,1.0
140.85,1.0
140.9,1.0
140.95000000000002,1.0
141.0,1.0
141.05,1.0
141.1,1.0
141.15,1.0
141.20000000000002,1.0
141.25,1.0
141.3,1.0
141.35,1.0
141.4,1.0
141.45000000000002,1.0
141.5,1.0
141.55,1.0
141.6,1.0
141.65,1.0
141.70000000000002,1.0
141.75,1.0
141.8,1.0
141.85,1.0
141.9,1.0
141.95000000000002,1.0
142.0,1.0
142.05,1.0
142.1,1.0
142.15,1.0
142.20000000000002,1.0
142.25,1.0
142.3,1.0
142.35,1.0
142.4,1.0
142.45000000000002,1.0
142.5,1.0
142.55,1.0
142.6,1.0
142.65,1.0
142.70000000000002,1.0
142.75,1.0
142.8,1.0
142.85,1.0
142.9,1.0
142.95000000000002,1.0
143.0,1.0
143.05,1.0
143.1,1.0
143.15,1.0
143.20000000000002,1.0
143.25,1.0
143.3,1.0
143.35,1.0
143.4,1.0
143.45000000000002,1.0
143.5,1.0
143.55,1.0
143.6,1.0
143.65,1.0
143.70000000000002,1.0
143.75,1.0
143.8,1.0
143.85,1.0
143.9,1.0
143.95000000000002,1.0
144.0,1.0
144.05,1.0
144.1,1.0
144.15,1.0
144.20000000000002,1.0
144.25,1.0
144.3,1.0
144.35,1.0
144.4,1.0
144.45000000000002,1.0
144.5,1.0
144.55,1.0
144.6,1.0
144.65,1.0
144.70000000000002,1.0
144.75,1.0
144.8,1.0
144.85,1.0
144.9,1.0
144.95000000000002,1.0
145.0,1.0
145.05,1.0
145.1,1.0
145.15,1.0
145.20000000000002,1.0
145.25,1.0
145.3,1.0
145.35,1.0
145.4,1.0
145.45000000000002,1.0
145.5,1.0
145.55,1.0
145.6,1.0
145.65,1.0
145.70000000000002,1.0
145.75,1.0
145.8,1.0
145.85,1.0
145.9,1.0
145.95000000000002,1.0
146.0,1.0
146.05,1.0
146.1,1.0
146.15,1.0
146.20000000000002,1.0
146.25,1.0
146.3,1.0
146.35,1.0
146.4,1.0
146.45000000000002,1.0
146.5,1.0
146.55,1.0
146.6,1.0
146.65,1.0
146.70000000000002,1.0
146.75,1.0
146.8,1.0
146.85,1.0
146.9,1.0
146.95000000000002,1.0
147.0,1.0
147.05,1.0
147.1,1.0
147.15,1.0
147.20000000000002,1.0
147.25,1.0
147.3,1.0
147.35,1.0
147.4,1.0
147.45000000000002,1.0
147.5,1.0
147.55,1.0
147.6,1.0
147.65,1.0
147.70000000000002,1.0
147.75,1.0
147.8,1.0
147.85,1.0
147.9,1.0
147.95000000000002,1.0
148.0,1.0
148.05,1.0
148.1,1.0
148.15,1.0
148.20000000000002,1.0
148.25,1.0
148.3,1.0
148.35,1.0
148.4,1.0
148.45000000000002,1.0
148.5,1.0
148.55,1.0
148.6,1.0
148.65,1.0
148.70000000000002,1.0
148.75,1.0
148.8,1.0
148.85,1.0
148.9,1.0
148.95000000000002,1.0
149.0,1.0
149.05,1.0
149.1,1.0
149.15,1.0
149.20000000000002,1.0
149.25,1.0
149.3,1.0
149.35,1.0
149.4,1.0
149.45000000000002,1.0
149.5,1.0
149.55,1.0
149.6,1.0
149.65,1.0
149.70000000000002,1.0
149.75,1.0
149.8,1.0
149.85,1.0
149.9,1.0
149.95000000000002,1.0
150.0,1.0
150.05,1.0
150.1,1.0
150.15,1.0
150.20000000000002,1.0
150.25,1.0
150.3,1.0
150.35,1.0
150.4,1.0
150.45000000000002,1.0
150.5,1.0
150.55,1.0
150.6,1.0
150.65,1.0
150.70000000000002,1.0
150.75,1.0
150.8,1.0
150.85,1.0
150.9,1.0
150.95000000000002,1.0
151.0,1.0
151.05,1.0
151.1,1.0
151.15,1.0
151.20000000000002,1.0
151.25,1.0
151.3,1.0
151.35,1.0
151.4,1.0
151.45000000000002,1.0
151.5,1.0
151.55,1.0
151.6,1.0
151.65,1.0
151.70000000000002,1.0
151.75,1.0
151.8,1.0
151.85,1.0
151.9,1.0
151.95000000000002,1.0
152.0,1.0
152.05,1.0
152.1,1.0
152.15,1.0
152.20000000000002,1.0
152.25,1.0
152.3,1.0
152.35,1.0
152.4,1.0
152.45000000000002,1.0
152.5,1.0
152.55,1.0
152.6,1.0
152.65,1.0
152.70000000000002,1.0
152.75,1.0
152.8,1.0
152.85,1.0
152.9,1.0
152.95000000000002,1.0
153.0,1.0
153.05,1.0
153.1,1.0
153.15,1.0
153.20000000000002,1.0
153.25,1.0
153.3,1.0
153.35,1.0
153.4,1.0
153.45000000000002,1.0
153.5,1.0
153.55,1.0
153.60000000000002,1.0
153.65,1.0
153.70000000000002,1.0
153.75,1.0
153.8,1.0
153.85000000000002,1.0
153.9,1.0
153.95000000000002,1.0
154.0,1.0
154.05,1.0
154.10000000000002,1.0
154.15,1.0
154.20000000000002,1.0
154.25,1.0
154.3,1.0
154.35000000000002,1.0
154.4,1.0
154.45000000000002,1.0
154.5,1.0
154.55,1.0
154.60000000000002,1.0
154.65,1.0
154.70000000000002,1.0
154.75,1.0
154.8,1.0
154.85000000000002,1.0
154.9,1.0
154.95000000000002,1.0
155.0,1.0
155.05,1.0
155.10000000000002,1.0
155.15,1.0
155.20000000000002,1.0
155.25,1.0
155.3,1.0
155.35000000000002,1.0
155.4,1.0
155.45000000000002,1.0
155.5,1.0
155.55,1.0
155.60000000000002,1.0
155.65,1.0
155.70000000000002,1.0
155.75,1.0
155.8,1.0
155.85000000000002,1.0
155.9,1.0
155.95000000000002,1.0
156.0,1.0
156.05,1.0
156.10000000000002,1.0
156.15,1.0
156.20000000000002,1.0
156.25,1.0
156.3,1.0
156.35000000000002,1.0
156.4,1.0
156.45000000000002,1.0
156.5,1.0
156.55,1.0
156.60000000000002,1.0
156.65,1.0
156.70000000000002,1.0
156.75,1.0
156.8,1.0
156.85000000000002,1.0
156.9,1.0
156.95000000000002,1.0
157.0,1.0
157.05,1.0
157.10000000000002,1.0
157.15,1.0
157.20000000000002,1.0
157.25,1.0
157.3,1.0
157.35000000000002,1.0
157.4,1.0
157.45000000000002,1.0
157.5,1.0
157.55,1.0
157.60000000000002,1.0
157.65,1.0
157.70000000000002,1.0
157.75,1.0
157.8,1.0
157.85000000000002,1.0
157.9,1.0
157.95000000000002,1.0
158.0,1.0
158.05,1.0
158.10000000000002,1.0
158.15,1.0
158.20000000000002,1.0
158.25,1.0
158.3,1.0
158.35000000000002,1.0
158.4,1.0
158.45000000000002,1.0
158.5,1.0
158.55,1.0
158.60000000000002,1.0
158.65,1.0
158.70000000000002,1.0
158.75,1.0
158.8,1.0
158.85000000000002,1.0
158.9,1.0
158.95000000000002,1.0
159.0,1.0
159.05,1.0
159.10000000000002,1.0
159.15,1.0
159.20000000000002,1.0
159.25,1.0
159.3,1.0
159.35000000000002,1.0
159.4,1.0
159.45000000000002,1.0
159.5,1.0
159.55,1.0
159.60000000000002,1.0
159.65,1.0
159.70000000000002,1.0
159.75,1.0
159.8,1.0
159.85000000000002,1.0
159.9,1.0
159.95000000000002,1.0
160.0,1.0
160.05,1.0
160.10000000000002,1.0
160.15,1.0
160.20000000000002,1.0
160.25,1.0
160.3,1.0
160.35000000000002,1.0
160.4,1.0
160.45000000000002,1.0
160.5,1.0
160.55,1.0
160.60000000000002,1.0
160.65,1.0
160.70000000000002,1.0
160.75,1.0
160.8,1.0
160.85000000000002,1.0
160.9,1.0
160.95000000000002,1.0
161.0,1.0
161.05,1.0
161.10000000000002,1.0
161.15,1.0
161.20000000000002,1.0
161.25,1.0
161.3,1.0
161.35000000000002,1.0
161.4,1.0
161.45000000000002,1.0
161.5,1.0
161.55,1.0
161.60000000000002,1.0
161.65,1.0
161.70000000000002,1.0
161.75,1.0
161.8,1.0
161.85000000000002,1.0
161.9,1.0
161.95000000000002,1.0
162.0,1.0
162.05,1.0
162.10000000000002,1.0
162.15,1.0
162.20000000000002,1.0
162.25,1.0
162.3,1.0
162.35000000000002,1.0
162.4,1.0
162.45000000000002,1.0
162.5,1.0
162.55,1.0
162.60000000000002,1.0
162.65,1.0
162.70000000000002,1.0
162.75,1.0
162.8,1.0
162.85000000000002,1.0
162.9,1.0
162.95000000000002,1.0
163.0,1.0
163.05,1.0
163.10000000000002,1.0
163.15,1.0
163.20000000000002,1.0
163.25,1.0
163.3,1.0
163.35000000000002,1.0
163.4,1.0
163.45000000000002,1.0
163.5,1.0
163.55,1.0
163.60000000000002,1.0
163.65,1.0
163.70000000000002,1.0
163.75,1.0
163.8,1.0
163.85000000000002,1.0
163.9,1.0
163.95000000000002,1.0
164.0,1.0
164.05,1.0
164.10000000000002,1.0
164.15,1.0
164.20000000000002,1.0
164.25,1.0
164.3,1.0
164.35000000000002,1.0
164.4,1.0
164.45000000000002,1.0
164.5,1.0
164.55,1.0
164.60000000000002,1.0
164.65,1.0
164.70000000000002,1.0
164.75,1.0
164.8,1.0
164.85000000000002,1.0
164.9,1.0
164.95000000000002,1.0
165.0,1.0
165.05,1.0
165.10000000000002,1.0
165.15,1.0
165.20000000000002,1.0
165.25,1.0
165.3,1.0
165.35000000000002,1.0
165.4,1.0
165.45000000000002,1.0
165.5,1.0
165.55,1.0
165.60000000000002,1.0
165.65,1.0
165.70000000000002,1.0
165.75,1.0
165.8,1.0
165.85000000000002,1.0
165.9,1.0
165.95000000000002,1.0
166.0,1.0
166.05,1.0
166.10000000000002,1.0
166.15,1.0
166.20000000000002,1.0
166.25,1.0
166.3,1.0
166.35000000000002,1.0
166.4,1.0
166.45000000000002,1.0
166.5,1.0
166.55,1.0
166.60000000000002,1.0
166.65,1.0
166.70000000000002,1.0
166.75,1.0
166.8,1.0
166.85000000000002,1.0
166.9,1.0
166.95000000000002,1.0
167.0,1.0
167.05,1.0
167.10000000000002,1.0
167.15,1.0
167.20000000000002,1.0
167.25,1.0
167.3,1.0
167.35000000000002,1.0
167.4,1.0
167.45000000000002,1.0
167.5,1.0
167.55,1.0
167.60000000000002,1.0
167.65,1.0
167.70000000000002,1.0
167.75,1.0
167.8,1.0
167.85000000000002,1.0
167.9,1.0
167.95000000000002,1.0
168.0,1.0
168.05,1.0
168.10000000000002,1.0
168.15,1.0
168.20000000000002,1.0
168.25,1.0
168.3,1.0
168.35000000000002,1.0
168.4,1.0
168.45000000000002,1.0
168.5,1.0
168.55,1.0
168.60000000000002,1.0
168.65,1.0
168.70000000000002,1.0
168.75,1.0
168.8,1.0
168.85000000000002,1.0
168.9,1.0
168.95000000000002,1.0
169.0,1.0
169.05,1.0
169.10000000000002,1.0
169.15,1.0
169.20000000000002,1.0
169.25,1.0
169.3,1.0
169.35000000000002,1.0
169.4,1.0
169.45000000000002,1.0
169.5,1.0
169.55,1.0
169.60000000000002,1.0
169.65,1.0
169.70000000000002,1.0
169.75,1.0
169.8,1.0
169.85000000000002,1.0
169.9,1.0
169.95000000000002,1.0
170.0,1.0
170.05,1.0
170.10000000000002,1.0
170.15,1.0
170.20000000000002,1.0
170.25,1.0
170.3,1.0
170.35000000000002,1.0
170.4,1.0
170.45000000000002,1.0
170.5,1.0
170.55,1.0
170.60000000000002,1.0
170.65,1.0
170.70000000000002,1.0
170.75,1.0
170.8,1.0
170.85000000000002,1.0
170.9,1.0
170.95000000000002,1.0
171.0,1.0
171.05,1.0
171.10000000000002,1.0
171.15,1.0
171.20000000000002,1.0
171.25,1.0
171.3,1.0
171.35000000000002,1.0
171.4,1.0
171.45000000000002,1.0
171.5,1.0
171.55,1.0
171.60000000000002,1.0
171.65,1.0
171.70000000000002,1.0
171.75,1.0
171.8,1.0
171.85000000000002,1.0
171.9,1.0
171.95000000000002,1.0
172.0,1.0
172.05,1.0
172.10000000000002,1.0
172.15,1.0
172.20000000000002,1.0
172.25,1.0
172.3,1.0
172.35000000000002,1.0
172.4,1.0
172.45000000000002,1.0
172.5,1.0
172.55,1.0
172.60000000000002,1.0
172.65,1.0
172.70000000000002,1.0
172.75,1.0
172.8,1.0
172.85000000000002,1.0
172.9,1.0
172.95000000000002,1.0
173.0,1.0
173.05,1.0
173.10000000000002,1.0
173.15,1.0
173.20000000000002,1.0
173.25,1.0
173.3,1.0
173.35000000000002,1.0
173.4,1.0
173.45000000000002,1.0
173.5,1.0
173.55,1.0
173.60000000000002,1.0
173.65,1.0
173.70000000000002,1.0
173.75,1.0
173.8,1.0
173.85000000000002,1.0
173.9,1.0
173.95000000000002,1.0
174.0,1.0
174.05,1.0
174.10000000000002,1.0
174.15,1.0
174.20000000000002,1.0
174.25,1.0
174.3,1.0
174.35000000000002,1.0
174.4,1.0
174.45000000000002,1.0
174.5,1.0
174.55,1.0
174.60000000000002,1.0
174.65,1.0
174.70000000000002,1.0
174.75,1.0
174.8,1.0
174.85000000000002,1.0
174.9,1.0
174.95000000000002,1.0
175.0,1.0
175.05,1.0
175.10000000000002,1.0
175.15,1.0
175.20000000000002,1.0
175.25,1.0
175.3,1.0
175.35000000000002,1.0
175.4,1.0
175.45000000000002,1.0
175.5,1.0
175.55,1.0
175.60000000000002,1.0
175.65,1.0
175.70000000000002,1.0
175.75,1.0
175.8,1.0
175.85000000000002,1.0
175.9,1.0
175.95000000000002,1.0
176.0,1.0
176.05,1.0
176.10000000000002,1.0
176.15,1.0
176.20000000000002,1.0
176.25,1.0
176.3,1.0
176.35000000000002,1.0
176.4,1.0
176.45000000000002,1.0
176.5,1.0
176.55,1.0
176.60000000000002,1.0
176.65,1.0
176.70000000000002,1.0
176.75,1.0
176.8,1.0
176.85000000000002,1.0
176.9,1.0
176.95000000000002,1.0
177.0,1.0
177.05,1.0
177.10000000000002,1.0
177.15,1.0
177.20000000000002,1.0
177.25,1.0
177.3,1.0
177.35000000000002,1.0
177.4,1.0
177.45000000000002,1.0
177.5,1.0
177.55,1.0
177.60000000000002,1.0
177.65,1.0
177.70000000000002,1.0
177.75,1.0
177.8,1.0
177.85000000000002,1.0
177.9,1.0
177.95000000000002,1.0
178.0,1.0
178.05,1.0
178.10000000000002,1.0
178.15,1.0
178.20000000000002,1.0
178.25,1.0
178.3,1.0
178.35000000000002,1.0
178.4,1.0
178.45000000000002,1.0
178.5,1.0
178.55,1.0
178.60000000000002,1.0
178.65,1.0
178.70000000000002,1.0
178.75,1.0
178.8,1.0
178.85000000000002,1.0
178.9,1.0
178.95000000000002,1.0
179.0,1.0
179.05,1.0
179.10000000000002,1.0
179.15,1.0
179.20000000000002,1.0
179.25,1.0
179.3,1.0
179.35000000000002,1.0
179.4,1.0
179.45000000000002,1.0
179.5,1.0
179.55,1.0
179.60000000000002,1.0
179.65,1.0
179.70000000000002,1.0
179.75,1.0
179.8,1.0
179.85000000000002,1.0
179.9,1.0
179.95000000000002,1.0
180.0,1.0
180.05,1.0
180.10000000000002,1.0
180.15,1.0
180.20000000000002,1.0
180.25,1.0
180.3,1.0
180.35000000000002,1.0
180.4,1.0
180.45000000000002,1.0
180.5,1.0
180.55,1.0
180.60000000000002,1.0
180.65,1.0
180.70000000000002,1.0
180.75,1.0
180.8,1.0
180.85000000000002,1.0
180.9,1.0
180.95000000000002,1.0
181.0,1.0
181.05,1.0
181.10000000000002,1.0
181.15,1.0
181.20000000000002,1.0
181.25,1.0
181.3,1.0
181.35000000000002,1.0
181.4,1.0
181.45000000000002,1.0
181.5,1.0
181.55,1.0
181.60000000000002,1.0
181.65,1.0
181.70000000000002,1.0
181.75,1.0
181.8,1.0
181.85000000000002,1.0
181.9,1.0
181.95000000000002,1.0
182.0,1.0
182.05,1.0
182.10000000000002,1.0
182.15,1.0
182.20000000000002,1.0
182.25,1.0
182.3,1.0
182.35000000000002,1.0
182.4,1.0
182.45000000000002,1.0
182.5,1.0
182.55,1.0
182.60000000000002,1.0
182.65,1.0
182.70000000000002,1.0
182.75,1.0
182.8,1.0
182.85000000000002,1.0
182.9,1.0
182.95000000000002,1.0
183.0,1.0
183.05,1.0
183.10000000000002,1.0
183.15,1.0
183.20000000000002,1.0
183.25,1.0
183.3,1.0
183.35000000000002,1.0
183.4,1.0
183.45000000000002,1.0
183.5,1.0
183.55,1.0
183.60000000000002,1.0
183.65,1.0
183.70000000000002,1.0
183.75,1.0
183.8,1.0
183.85000000000002,1.0
183.9,1.0
183.95000000000002,1.0
184.0,1.0
184.05,1.0
184.10000000000002,1.0
184.15,1.0
184.20000000000002,1.0
184.25,1.0
184.3,1.0
184.35000000000002,1.0
184.4,1.0
184.45000000000002,1.0
184.5,1.0
184.55,1.0
184.60000000000002,1.0
184.65,1.0
184.70000000000002,1.0
184.75,1.0
184.8,1.0
184.85000000000002,1.0
184.9,1.0
184.95000000000002,1.0
185.0,1.0
185.05,1.0
185.10000000000002,1.0
185.15,1.0
185.20000000000002,1.0
185.25,1.0
185.3,1.0
185.35000000000002,1.0
185.4,1.0
185.45000000000002,1.0
185.5,1.0
185.55,1.0
185.60000000000002,1.0
185.65,1.0
185.70000000000002,1.0
185.75,1.0
185.8,1.0
185.85000000000002,1.0
185.9,1.0
185.95000000000002,1.0
186.0,1.0
186.05,1.0
186.10000000000002,1.0
186.15,1.0
186.20000000000002,1.0
186.25,1.0
186.3,1.0
186.35000000000002,1.0
186.4,1.0
186.45000000000002,1.0
186.5,1.0
186.55,1.0
186.60000000000002,1.0
186.65,1.0
186.70000000000002,1.0
186.75,1.0
186.8,1.0
186.85000000000002,1.0
186.9,1.0
186.95000000000002,1.0
187.0,1.0
187.05,1.0
187.10000000000002,1.0
187.15,1.0
187.20000000000002,1.0
187.25,1.0
187.3,1.0
187.35000000000002,1.0
187.4,1.0
187.45000000000002,1.0
187.5,1.0
187.55,1.0
187.60000000000002,1.0
187.65,1.0
187.70000000000002,1.0
187.75,1.0
187.8,1.0
187.85000000000002,1.0
187.9,1.0
187.95000000000002,1.0
188.0,1.0
188.05,1.0
188.10000000000002,1.0
188.15,1.0
188.20000000000002,1.0
188.25,1.0
188.3,1.0
188.35000000000002,1.0
188.4,1.0
188.45000000000002,1.0
188.5,1.0
188.55,1.0
188.60000000000002,1.0
188.65,1.0
188.70000000000002,1.0
188.75,1.0
188.8,1.0
188.85000000000002,1.0
188.9,1.0
188.95000000000002,1.0
189.0,1.0
189.05,1.0
189.10000000000002,1.0
189.15,1.0
189.20000000000002,1.0
189.25,1.0
189.3,1.0
189.35000000000002,1.0
189.4,1.0
189.45000000000002,1.0
189.5,1.0
189.55,1.0
189.60000000000002,1.0
189.65,1.0
189.70000000000002,1.0
189.75,1.0
189.8,1.0
189.85000000000002,1.0
189.9,1.0
189.95000000000002,1.0
190.0,1.0
190.05,1.0
190.10000000000002,1.0
190.15,1.0
190.20000000000002,1.0
190.25,1.0
190.3,1.0
190.35000000000002,1.0
190.4,1.0
190.45000000000002,1.0
190.5,1.0
190.55,1.0
190.60000000000002,1.0
190.65,1.0
190.70000000000002,1.0
190.75,1.0
190.8,1.0
190.85000000000002,1.0
190.9,1.0
190.95000000000002,1.0
191.0,1.0
191.05,1.0
191.10000000000002,1.0
191.15,1.0
191.20000000000002,1.0
191.25,1.0
191.3,1.0
191.35000000000002,1.0
191.4,1.0
191.45000000000002,1.0
191.5,1.0
191.55,1.0
191.60000000000002,1.0
191.65,1.0
191.70000000000002,1.0
191.75,1.0
191.8,1.0
191.85000000000002,1.0
191.9,1.0
191.95000000000002,1.0
192.0,1.0
192.05,1.0
192.10000000000002,1.0
192.15,1.0
192.20000000000002,1.0
192.25,1.0
192.3,1.0
192.35000000000002,1.0
192.4,1.0
192.45000000000002,1.0
192.5,1.0
192.55,1.0
192.60000000000002,1.0
192.65,1.0
192.70000000000002,1.0
192.75,1.0
192.8,1.0
192.85000000000002,1.0
192.9,1.0
192.95000000000002,1.0
193.0,1.0
193.05,1.0
193.10000000000002,1.0
193.15,1.0
193.20000000000002,1.0
193.25,1.0
193.3,1.0
193.35000000000002,1.0
193.4,1.0
193.45000000000002,1.0
193.5,1.0
193.55,1.0
193.60000000000002,1.0
193.65,1.0
193.70000000000002,1.0
193.75,1.0
193.8,1.0
193.85000000000002,1.0
193.9,1.0
193.95000000000002,1.0
194.0,1.0
194.05,1.0
194.10000000000002,1.0
194.15,1.0
194.20000000000002,1.0
194.25,1.0
194.3,1.0
194.35000000000002,1.0
194.4,1.0
194.45000000000002,1.0
194.5,1.0
194.55,1.0
194.60000000000002,1.0
194.65,1.0
194.70000000000002,1.0
194.75,1.0
194.8,1.0
194.85000000000002,1.0
194.9,1.0
194.95000000000002,1.0
195.0,1.0
195.05,1.0
195.10000000000002,1.0
195.15,1.0
195.20000000000002,1.0
195.25,1.0
195.3,1.0
195.35000000000002,1.0
195.4,1.0
195.45000000000002,1.0
195.5,1.0
195.55,1.0
195.60000000000002,1.0
195.65,1.0
195.70000000000002,1.0
195.75,1.0
195.8,1.0
195.85000000000002,1.0
195.9,1.0
195.95000000000002,1.0
196.0,1.0
196.05,1.0
196.10000000000002,1.0
196.15,1.0
196.20000000000002,1.0
196.25,1.0
196.3,1.0
196.35000000000002,1.0
196.4,1.0
196.45000000000002,1.0
196.5,1.0
196.55,1.0
196.60000000000002,1.0
196.65,1.0
196.70000000000002,1.0
196.75,1.0
196.8,1.0
196.85000000000002,1.0
196.9,1.0
196.95000000000002,1.0
197.0,1.0
197.05,1.0
197.10000000000002,1.0
197.15,1.0
197.20000000000002,1.0
197.25,1.0
197.3,1.0
197.35000000000002,1.0
197.4,1.0
197.45000000000002,1.0
197.5,1.0
197.55,1.0
197.60000000000002,1.0
197.65,1.0
197.70000000000002,1.0
197.75,1.0
197.8,1.0
197.85000000000002,1.0
197.9,1.0
197.95000000000002,1.0
198.0,1.0
198.05,1.0
198.10000000000002,1.0
198.15,1.0
198.20000000000002,1.0
198.25,1.0
198.3,1.0
198.35000000000002,1.0
198.4,1.0
198.45000000000002,1.0
198.5,1.0
198.55,1.0
198.60000000000002,1.0
198.65,1.0
198.70000000000002,1.0
198.75,1.0
198.8,1.0
198.85000000000002,1.0
198.9,1.0
198.95000000000002,1.0
199.0,1.0
199.05,1.0
199.10000000000002,1.0
199.15,1.0
199.20000000000002,1.0
199.25,1.0
199.3,1.0
199.35000000000002,1.0
199.4,1.0
199.45000000000002,1.0
199.5,1.0
199.55,1.0
199.60000000000002,1.0
199.65,1.0
199.70000000000002,1.0
199.75,1.0
199.8,1.0
199.85000000000002,1.0
199.9,1.0
199.95000000000002,1.0
200.0,1.0
200.05,1.0
200.10000000000002,1.0
200.15,1.0
200.20000000000002,1.0
200.25,1.0
200.3,1.0
200.35000000000002,1.0
200.4,1.0
200.45000000000002,1.0
200.5,1.0
200.55,1.0
200.60000000000002,1.0
200.65,1.0
200.70000000000002,1.0
200.75,1.0
200.8,1.0
200.85000000000002,1.0
200.9,1.0
200.95000000000002,1.0
201.0,1.0
201.05,1.0
201.10000000000002,1.0
201.15,1.0
201.20000000000002,1.0
201.25,1.0
201.3,1.0
201.35000000000002,1.0
201.4,1.0
201.45000000000002,1.0
201.5,1.0
201.55,1.0
201.60000000000002,1.0
201.65,1.0
201.70000000000002,1.0
201.75,1.0
201.8,1.0
201.85000000000002,1.0
201.9,1.0
201.95000000000002,1.0
202.0,1.0
202.05,1.0
202.10000000000002,1.0
202.15,1.0
202.20000000000002,1.0
202.25,1.0
202.3,1.0
202.35000000000002,1.0
202.4,1.0
202.45000000000002,1.0
202.5,1.0
202.55,1.0
202.60000000000002,1.0
202.65,1.0
202.70000000000002,1.0
202.75,1.0
202.8,1.0
202.85000000000002,1.0
202.9,1.0
202.95000000000002,1.0
203.0,1.0
203.05,1.0
203.10000000000002,1.0
203.15,1.0
203.20000000000002,1.0
203.25,1.0
203.3,1.0
203.35000000000002,1.0
203.4,1.0
203.45000000000002,1.0
203.5,1.0
203.55,1.0
203.60000000000002,1.0
203.65,1.0
203.70000000000002,1.0
203.75,1.0
203.8,1.0
203.85000000000002,1.0
203.9,1.0
203.95000000000002,1.0
204.0,1.0
204.05,1.0
204.10000000000002,1.0
204.15,1.0
204.20000000000002,1.0
204.25,1.0
204.3,1.0
204.35000000000002,1.0
204.4,1.0
204.45000000000002,1.0
204.5,1.0
204.55,1.0
204.60000000000002,1.0
204.65,1.0
204.70000000000002,1.0
204.75,1.0
204.8,1.0
204.85000000000002,1.0
204.9,1.0
204.95000000000002,1.0
205.0,1.0
205.05,1.0
205.10000000000002,1.0
205.15,1.0
205.20000000000002,1.0
205.25,1.0
205.3,1.0
205.35000000000002,1.0
205.4,1.0
205.45000000000002,1.0
205.5,1.0
205.55,1.0
205.60000000000002,1.0
205.65,1.0
205.70000000000002,1.0
205.75,1.0
205.8,1.0
205.85000000000002,1.0
205.9,1.0
205.95000000000002,1.0
206.0,1.0
206.05,1.0
206.10000000000002,1.0
206.15,1.0
206.20000000000002,1.0
206.25,1.0
206.3,1.0
206.35000000000002,1.0
206.4,1.0
206.45000000000002,1.0
206.5,1.0
206.55,1.0
206.60000000000002,1.0
206.65,1.0
206.70000000000002,1.0
206.75,1.0
206.8,1.0
206.85000000000002,1.0
206.9,1.0
206.95000000000002,1.0
207.0,1.0
207.05,1.0
207.10000000000002,1.0
207.15,1.0
207.20000000000002,1.0
207.25,1.0
207.3,1.0
207.35000000000002,1.0
207.4,1.0
207.45000000000002,1.0
207.5,1.0
207.55,1.0
207.60000000000002,1.0
207.65,1.0
207.70000000000002,1.0
207.75,1.0
207.8,1.0
207.85000000000002,1.0
207.9,1.0
207.95000000000002,1.0
208.0,1.0
208.05,1.0
208.10000000000002,1.0
208.15,1.0
208.20000000000002,1.0
208.25,1.0
208.3,1.0
208.35000000000002,1.0
208.4,1.0
208.45000000000002,1.0
208.5,1.0
208.55,1.0
208.60000000000002,1.0
208.65,1.0
208.70000000000002,1.0
208.75,1.0
208.8,1.0
208.85000000000002,1.0
208.9,1.0
208.95000000000002,1.0
209.0,1.0
209.05,1.0
209.10000000000002,1.0
209.15,1.0
209.20000000000002,1.0
209.25,1.0
209.3,1.0
209.35000000000002,1.0
209.4,1.0
209.45000000000002,1.0
209.5,1.0
209.55,1.0
209.60000000000002,1.0
209.65,1.0
209.70000000000002,1.0
209.75,1.0
209.8,1.0
209.85000000000002,1.0
209.9,1.0
209.95000000000002,1.0
210.0,1.0
210.05,1.0
210.10000000000002,1.0
210.15,1.0
210.20000000000002,1.0
210.25,1.0
210.3,1.0
210.35000000000002,1.0
210.4,1.0
210.45000000000002,1.0
210.5,1.0
210.55,1.0
210.60000000000002,1.0
210.65,1.0
210.70000000000002,1.0
210.75,1.0
210.8,1.0
210.85000000000002,1.0
210.9,1.0
210.95000000000002,1.0
211.0,1.0
211.05,1.0
211.10000000000002,1.0
211.15,1.0
211.20000000000002,1.0
211.25,1.0
211.3,1.0
211.35000000000002,1.0
211.4,1.0
211.45000000000002,1.0
211.5,1.0
211.55,1.0
211.60000000000002,1.0
211.65,1.0
211.70000000000002,1.0
211.75,1.0
211.8,1.0
211.85000000000002,1.0
211.9,1.0
211.95000000000002,1.0
212.0,1.0
212.05,1.0
212.10000000000002,1.0
212.15,1.0
212.20000000000002,1.0
212.25,1.0
212.3,1.0
212.35000000000002,1.0
212.4,1.0
212.45000000000002,1.0
212.5,1.0
212.55,1.0
212.60000000000002,1.0
212.65,1.0
212.70000000000002,1.0
212.75,1.0
212.8,1.0
212.85000000000002,1.0
212.9,1.0
212.95000000000002,1.0
213.0,1.0
213.05,1.0
213.10000000000002,1.0
213.15,1.0
213.20000000000002,1.0
213.25,1.0
213.3,1.0
213.35000000000002,1.0
213.4,1.0
213.45000000000002,1.0
213.5,1.0
213.55,1.0
213.60000000000002,1.0
213.65,1.0
213.70000000000002,1.0
213.75,1.0
213.8,1.0
213.85000000000002,1.0
213.9,1.0
213.95000000000002,1.0
214.0,1.0
214.05,1.0
214.10000000000002,1.0
214.15,1.0
214.20000000000002,1.0
214.25,1.0
214.3,1.0
214.35000000000002,1.0
214.4,1.0
214.45000000000002,1.0
214.5,1.0
214.55,1.0
214.60000000000002,1.0
214.65,1.0
214.70000000000002,1.0
214.75,1.0
214.8,1.0
214.85000000000002,1.0
214.9,1.0
214.95000000000002,1.0
215.0,1.0
215.05,1.0
215.10000000000002,1.0
215.15,1.0
215.20000000000002,1.0
215.25,1.0
215.3,1.0
215.35000000000002,1.0
215.4,1.0
215.45000000000002,1.0
215.5,1.0
215.55,1.0
215.60000000000002,1.0
215.65,1.0
215.70000000000002,1.0
215.75,1.0
215.8,1.0
215.85000000000002,1.0
215.9,1.0
215.95000000000002,1.0
216.0,1.0
216.05,1.0
216.10000000000002,1.0
216.15,1.0
216.20000000000002,1.0
216.25,1.0
216.3,1.0
216.35000000000002,1.0
216.4,1.0
216.45000000000002,1.0
216.5,1.0
216.55,1.0
216.60000000000002,1.0
216.65,1.0
216.70000000000002,1.0
216.75,1.0
216.8,1.0
216.85000000000002,1.0
216.9,1.0
216.95000000000002,1.0
217.0,1.0
217.05,1.0
217.10000000000002,1.0
217.15,1.0
217.20000000000002,1.0
217.25,1.0
217.3,1.0
217.35000000000002,1.0
217.4,1.0
217.45000000000002,1.0
217.5,1.0
217.55,1.0
217.60000000000002,1.0
217.65,1.0
217.70000000000002,1.0
217.75,1.0
217.8,1.0
217.85000000000002,1.0
217.9,1.0
217.95000000000002,1.0
218.0,1.0
218.05,1.0
218.10000000000002,1.0
218.15,1.0
218.20000000000002,1.0
218.25,1.0
218.3,1.0
218.35000000000002,1.0
218.4,1.0
218.45000000000002,1.0
218.5,1.0
218.55,1.0
218.60000000000002,1.0
218.65,1.0
218.70000000000002,1.0
218.75,1.0
218.8,1.0
218.85000000000002,1.0
218.9,1.0
218.95000000000002,1.0
219.0,1.0
219.05,1.0
219.10000000000002,1.0
219.15,1.0
219.20000000000002,1.0
219.25,1.0
219.3,1.0
219.35000000000002,1.0
219.4,1.0
219.45000000000002,1.0
219.5,1.0
219.55,1.0
219.60000000000002,1.0
219.65,1.0
219.70000000000002,1.0
219.75,1.0
219.8,1.0
219.85000000000002,1.0
219.9,1.0
219.95000000000002,1.0
220.0,1.0
220.05,1.0
220.10000000000002,1.0
220.15,1.0
220.20000000000002,1.0
220.25,1.0
220.3,1.0
220.35000000000002,1.0
220.4,1.0
220.45000000000002,1.0
220.5,1.0
220.55,1.0
220.60000000000002,1.0
220.65,1.0
220.70000000000002,1.0
220.75,1.0
220.8,1.0
220.85000000000002,1.0
220.9,1.0
220.95000000000002,1.0
221.0,1.0
221.05,1.0
221.10000000000002,1.0
221.15,1.0
221.20000000000002,1.0
221.25,1.0
221.3,1.0
221.35000000000002,1.0
221.4,1.0
221.45000000000002,1.0
221.5,1.0
221.55,1.0
221.60000000000002,1.0
221.65,1.0
221.70000000000002,1.0
221.75,1.0
221.8,1.0
221.85000000000002,1.0
221.9,1.0
221.95000000000002,1.0
222.0,1.0
222.05,1.0
222.10000000000002,1.0
222.15,1.0
222.20000000000002,1.0
222.25,1.0
222.3,1.0
222.35000000000002,1.0
222.4,1.0
222.45000000000002,1.0
222.5,1.0
222.55,1.0
222.60000000000002,1.0
222.65,1.0
222.70000000000002,1.0
222.75,1.0
222.8,1.0
222.85000000000002,1.0
222.9,1.0
222.95000000000002,1.0
223.0,1.0
223.05,1.0
223.10000000000002,1.0
223.15,1.0
223.20000000000002,1.0
223.25,1.0
223.3,1.0
223.35000000000002,1.0
223.4,1.0
223.45000000000002,1.0
223.5,1.0
223.55,1.0
223.60000000000002,1.0
223.65,1.0
223.70000000000002,1.0
223.75,1.0
223.8,1.0
223.85000000000002,1.0
223.9,1.0
223.95000000000002,1.0
224.0,1.0
224.05,1.0
224.10000000000002,1.0
224.15,1.0
224.20000000000002,1.0
224.25,1.0
224.3,1.0
224.35000000000002,1.0
224.4,1.0
224.45000000000002,1.0
224.5,1.0
224.55,1.0
224.60000000000002,1.0
224.65,1.0
224.70000000000002,1.0
224.75,1.0
224.8,1.0
224.85000000000002,1.0
224.9,1.0
224.95000000000002,1.0
225.0,1.0
225.05,1.0
225.10000000000002,1.0
225.15,1.0
225.20000000000002,1.0
225.25,1.0
225.3,1.0
225.35000000000002,1.0
225.4,1.0
225.45000000000002,1.0
225.5,1.0
225.55,1.0
225.60000000000002,1.0
225.65,1.0
225.70000000000002,1.0
225.75,1.0
225.8,1.0
225.85000000000002,1.0
225.9,1.0
225.95000000000002,1.0
226.0,1.0
226.05,1.0
226.10000000000002,1.0
226.15,1.0
226.20000000000002,1.0
226.25,1.0
226.3,1.0
226.35000000000002,1.0
226.4,1.0
226.45000000000002,1.0
226.5,1.0
226.55,1.0
226.60000000000002,1.0
226.65,1.0
226.70000000000002,1.0
226.75,1.0
226.8,1.0
226.85000000000002,1.0
226.9,1.0
226.95000000000002,1.0
227.0,1.0
227.05,1.0
227.10000000000002,1.0
227.15,1.0
227.20000000000002,1.0
227.25,1.0
227.3,1.0
227.35000000000002,1.0
227.4,1.0
227.45000000000002,1.0
227.5,1.0
227.55,1.0
227.60000000000002,1.0
227.65,1.0
227.70000000000002,1.0
227.75,1.0
227.8,1.0
227.85000000000002,1.0
227.9,1.0
227.95000000000002,1.0
228.0,1.0
228.05,1.0
228.10000000000002,1.0
228.15,1.0
228.20000000000002,1.0
228.25,1.0
228.3,1.0
228.35000000000002,1.0
228.4,1.0
228.45000000000002,1.0
228.5,1.0
228.55,1.0
228.60000000000002,1.0
228.65,1.0
228.70000000000002,1.0
228.75,1.0
228.8,1.0
228.85000000000002,1.0
228.9,1.0
228.95000000000002,1.0
229.0,1.0
229.05,1.0
229.10000000000002,1.0
229.15,1.0
229.20000000000002,1.0
229.25,1.0
229.3,1.0
229.35000000000002,1.0
229.4,1.0
229.45000000000002,1.0
229.5,1.0
229.55,1.0
229.60000000000002,1.0
229.65,1.0
229.70000000000002,1.0
229.75,1.0
229.8,1.0
229.85000000000002,1.0
229.9,1.0
229.95000000000002,1.0
230.0,1.0
230.05,1.0
230.10000000000002,1.0
230.15,1.0
230.20000000000002,1.0
230.25,1.0
230.3,1.0
230.35000000000002,1.0
230.4,1.0
230.45000000000002,1.0
230.5,1.0
230.55,1.0
230.60000000000002,1.0
230.65,1.0
230.70000000000002,1.0
230.75,1.0
230.8,1.0
230.85000000000002,1.0
230.9,1.0
230.95000000000002,1.0
231.0,1.0
231.05,1.0
231.10000000000002,1.0
231.15,1.0
231.20000000000002,1.0
231.25,1.0
231.3,1.0
231.35000000000002,1.0
231.4,1.0
231.45000000000002,1.0
231.5,1.0
231.55,1.0
231.60000000000002,1.0
231.65,1.0
231.70000000000002,1.0
231.75,1.0
231.8,1.0
231.85000000000002,1.0
231.9,1.0
231.95000000000002,1.0
232.0,1.0
232.05,1.0
232.10000000000002,1.0
232.15,1.0
232.20000000000002,1.0
232.25,1.0
232.3,1.0
232.35000000000002,1.0
232.4,1.0
232.45000000000002,1.0
232.5,1.0
232.55,1.0
232.60000000000002,1.0
232.65,1.0
232.70000000000002,1.0
232.75,1.0
232.8,1.0
232.85000000000002,1.0
232.9,1.0
232.95000000000002,1.0
233.0,1.0
233.05,1.0
233.10000000000002,1.0
233.15,1.0
233.20000000000002,1.0
233.25,1.0
233.3,1.0
233.35000000000002,1.0
233.4,1.0
233.45000000000002,1.0
233.5,1.0
233.55,1.0
233.60000000000002,1.0
233.65,1.0
233.70000000000002,1.0
233.75,1.0
233.8,1.0
233.85000000000002,1.0
233.9,1.0
233.95000000000002,1.0
234.0,1.0
234.05,1.0
234.10000000000002,1.0
234.15,1.0
234.20000000000002,1.0
234.25,1.0
234.3,1.0
234.35000000000002,1.0
234.4,1.0
234.45000000000002,1.0
234.5,1.0
234.55,1.0
234.60000000000002,1.0
234.65,1.0
234.70000000000002,1.0
234.75,1.0
234.8,1.0
234.85000000000002,1.0
234.9,1.0
234.95000000000002,1.0
235.0,1.0
235.05,1.0
235.10000000000002,1.0
235.15,1.0
235.20000000000002,1.0
235.25,1.0
235.3,1.0
235.35000000000002,1.0
235.4,1.0
235.45000000000002,1.0
235.5,1.0
235.55,1.0
235.60000000000002,1.0
235.65,1.0
235.70000000000002,1.0
235.75,1.0
235.8,1.0
235.85000000000002,1.0
235.9,1.0
235.95000000000002,1.0
236.0,1.0
236.05,1.0
236.10000000000002,1.0
236.15,1.0
236.20000000000002,1.0
236.25,1.0
236.3,1.0
236.35000000000002,1.0
236.4,1.0
236.45000000000002,1.0
236.5,1.0
236.55,1.0
236.60000000000002,1.0
236.65,1.0
236.70000000000002,1.0
236.75,1.0
236.8,1.0
236.85000000000002,1.0
236.9,1.0
236.95000000000002,1.0
237.0,1.0
237.05,1.0
237.10000000000002,1.0
237.15,1.0
237.20000000000002,1.0
237.25,1.0
237.3,1.0
237.35000000000002,1.0
237.4,1.0
237.45000000000002,1.0
237.5,1.0
237.55,1.0
237.60000000000002,1.0
237.65,1.0
237.70000000000002,1.0
237.75,1.0
237.8,1.0
237.85000000000002,1.0
237.9,1.0
237.95000000000002,1.0
238.0,1.0
238.05,1.0
238.10000000000002,1.0
238.15,1.0
238.20000000000002,1.0
238.25,1.0
238.3,1.0
238.35000000000002,1.0
238.4,1.0
238.45000000000002,1.0
238.5,1.0
238.55,1.0
238.60000000000002,1.0
238.65,1.0
238.70000000000002,1.0
238.75,1.0
238.8,1.0
238.85000000000002,1.0
238.9,1.0
238.95000000000002,1.0
239.0,1.0
239.05,1.0
239.10000000000002,1.0
239.15,1.0
239.20000000000002,1.0
239.25,1.0
239.3,1.0
239.35000000000002,1.0
239.4,1.0
239.45000000000002,1.0
239.5,1.0
239.55,1.0
239.60000000000002,1.0
239.65,1.0
239.70000000000002,1.0
239.75,1.0
239.8,1.0
239.85000000000002,1.0
239.9,1.0
239.95000000000002,1.0
240.0,1.0
240.05,1.0
240.10000000000002,1.0
240.15,1.0
240.20000000000002,1.0
240.25,1.0
240.3,1.0
240.35000000000002,1.0
240.4,1.0
240.45000000000002,1.0
240.5,1.0
240.55,1.0
240.60000000000002,1.0
240.65,1.0
240.70000000000002,1.0
240.75,1.0
240.8,1.0
240.85000000000002,1.0
240.9,1.0
240.95000000000002,1.0
241.0,1.0
241.05,1.0
241.10000000000002,1.0
241.15,1.0
241.20000000000002,1.0
241.25,1.0
241.3,1.0
241.35000000000002,1.0
241.4,1.0
241.45000000000002,1.0
241.5,1.0
241.55,1.0
241.60000000000002,1.0
241.65,1.0
241.70000000000002,1.0
241.75,1.0
241.8,1.0
241.85000000000002,1.0
241.9,1.0
241.95000000000002,1.0
242.0,1.0
242.05,1.0
242.10000000000002,1.0
242.15,1.0
242.20000000000002,1.0
242.25,1.0
242.3,1.0
242.35000000000002,1.0
242.4,1.0
242.45000000000002,1.0
242.5,1.0
242.55,1.0
242.60000000000002,1.0
242.65,1.0
242.70000000000002,1.0
242.75,1.0
242.8,1.0
242.85000000000002,1.0
242.9,1.0
242.95000000000002,1.0
243.0,1.0
243.05,1.0
243.10000000000002,1.0
243.15,1.0
243.20000000000002,1.0
243.25,1.0
243.3,1.0
243.35000000000002,1.0
243.4,1.0
243.45000000000002,1.0
243.5,1.0
243.55,1.0
243.60000000000002,1.0
243.65,1.0
243.70000000000002,1.0
243.75,1.0
243.8,1.0
243.85000000000002,1.0
243.9,1.0
243.95000000000002,1.0
244.0,1.0
244.05,1.0
244.10000000000002,1.0
244.15,1.0
244.20000000000002,1.0
244.25,1.0
244.3,1.0
244.35000000000002,1.0
244.4,1.0
244.45000000000002,1.0
244.5,1.0
244.55,1.0
244.60000000000002,1.0
244.65,1.0
244.70000000000002,1.0
244.75,1.0
244.8,1.0
244.85000000000002,1.0
244.9,1.0
244.95000000000002,1.0
245.0,1.0
245.05,1.0
245.10000000000002,1.0
245.15,1.0
245.20000000000002,1.0
245.25,1.0
245.3,1.0
245.35000000000002,1.0
245.4,1.0
245.45000000000002,1.0
245.5,1.0
245.55,1.0
245.60000000000002,1.0
245.65,1.0
245.70000000000002,1.0
245.75,1.0
245.8,1.0
245.85000000000002,1.0
245.9,1.0
245.95000000000002,1.0
246.0,1.0
246.05,1.0
246.10000000000002,1.0
246.15,1.0
246.20000000000002,1.0
246.25,1.0
246.3,1.0
246.35000000000002,1.0
246.4,1.0
246.45000000000002,1.0
246.5,1.0
246.55,1.0
246.60000000000002,1.0
246.65,1.0
246.70000000000002,1.0
246.75,1.0
246.8,1.0
246.85000000000002,1.0
246.9,1.0
246.95000000000002,1.0
247.0,1.0
247.05,1.0
247.10000000000002,1.0
247.15,1.0
247.20000000000002,1.0
247.25,1.0
247.3,1.0
247.35000000000002,1.0
247.4,1.0
247.45000000000002,1.0
247.5,1.0
247.55,1.0
247.60000000000002,1.0
247.65,1.0
247.70000000000002,1.0
247.75,1.0
247.8,1.0
247.85000000000002,1.0
247.9,1.0
247.95000000000002,1.0
248.0,1.0
248.05,1.0
248.10000000000002,1.0
248.15,1.0
248.20000000000002,1.0
248.25,1.0
248.3,1.0
248.35000000000002,1.0
248.4,1.0
248.45000000000002,1.0
248.5,1.0
248.55,1.0
248.60000000000002,1.0
248.65,1.0
248.70000000000002,1.0
248.75,1.0
248.8,1.0
248.85000000000002,1.0
248.9,1.0
248.95000000000002,1.0
249.0,1.0
249.05,1.0
249.10000000000002,1.0
249.15,1.0
249.20000000000002,1.0
249.25,1.0
249.3,1.0
249.35000000000002,1.0
249.4,1.0
249.45000000000002,1.0
249.5,1.0
249.55,1.0
249.60000000000002,1.0
249.65,1.0
249.70000000000002,1.0
249.75,1.0
249.8,1.0
249.85000000000002,1.0
249.9,1.0
249.95000000000002,1.0
250.0,1.0
250.05,1.0
250.10000000000002,1.0
250.15,1.0
250.20000000000002,1.0
250.25,1.0
250.3,1.0
250.35000000000002,1.0
250.4,1.0
250.45000000000002,1.0
250.5,1.0
250.55,1.0
250.60000000000002,1.0
250.65,1.0
250.70000000000002,1.0
250.75,1.0
250.8,1.0
250.85000000000002,1.0
250.9,1.0
250.95000000000002,1.0
251.0,1.0
251.05,1.0
251.10000000000002,1.0
251.15,1.0
251.20000000000002,1.0
251.25,1.0
251.3,1.0
251.35000000000002,1.0
251.4,1.0
251.45000000000002,1.0
251.5,1.0
251.55,1.0
251.60000000000002,1.0
251.65,1.0
251.70000000000002,1.0
251.75,1.0
251.8,1.0
251.85000000000002,1.0
251.9,1.0
251.95000000000002,1.0
252.0,1.0
252.05,1.0
252.10000000000002,1.0
252.15,1.0
252.20000000000002,1.0
252.25,1.0
252.3,1.0
252.35000000000002,1.0
252.4,1.0
252.45000000000002,1.0
252.5,1.0
252.55,1.0
252.60000000000002,1.0
252.65,1.0
252.70000000000002,1.0
252.75,1.0
252.8,1.0
252.85000000000002,1.0
252.9,1.0
252.95000000000002,1.0
253.0,1.0
253.05,1.0
253.10000000000002,1.0
253.15,1.0
253.20000000000002,1.0
253.25,1.0
253.3,1.0
253.35000000000002,1.0
253.4,1.0
253.45000000000002,1.0
253.5,1.0
253.55,1.0
253.60000000000002,1.0
253.65,1.0
253.70000000000002,1.0
253.75,1.0
253.8,1.0
253.85000000000002,1.0
253.9,1.0
253.95000000000002,1.0
254.0,1.0
254.05,1.0
254.10000000000002,1.0
254.15,1.0
254.20000000000002,1.0
254.25,1.0
254.3,1.0
254.35000000000002,1.0
254.4,1.0
254.45000000000002,1.0
254.5,1.0
254.55,1.0
254.60000000000002,1.0
254.65,1.0
254.70000000000002,1.0
254.75,1.0
254.8,1.0
254.85000000000002,1.0
254.9,1.0
254.95000000000002,1.0
255.0,1.0
255.05,1.0
255.10000000000002,1.0
255.15,1.0
255.20000000000002,1.0
255.25,1.0
255.3,1.0
255.35000000000002,1.0
255.4,1.0
255.45000000000002,1.0
255.5,1.0
255.55,1.0
255.60000000000002,1.0
255.65,1.0
255.70000000000002,1.0
255.75,1.0
255.8,1.0
255.85000000000002,1.0
255.9,1.0
255.95000000000002,1.0
256.0,1.0
256.05,1.0
256.1,1.0
256.15000000000003,1.0
256.2,1.0
256.25,1.0
256.3,1.0
256.35,1.0
256.40000000000003,1.0
256.45,1.0
256.5,1.0
256.55,1.0
256.6,1.0
256.65000000000003,1.0
256.7,1.0
256.75,1.0
256.8,1.0
256.85,1.0
256.90000000000003,1.0
256.95,1.0
257.0,1.0
257.05,1.0
257.1,1.0
257.15000000000003,1.0
257.2,1.0
257.25,1.0
257.3,1.0
257.35,1.0
257.40000000000003,1.0
257.45,1.0
257.5,1.0
257.55,1.0
257.6,1.0
257.65000000000003,1.0
257.7,1.0
257.75,1.0
257.8,1.0
257.85,1.0
257.90000000000003,1.0
257.95,1.0
258.0,1.0
258.05,1.0
258.1,1.0
258.15000000000003,1.0
258.2,1.0
258.25,1.0
258.3,1.0
258.35,1.0
258.40000000000003,1.0
258.45,1.0
258.5,1.0
258.55,1.0
258.6,1.0
258.65000000000003,1.0
258.7,1.0
258.75,1.0
258.8,1.0
258.85,1.0
258.90000000000003,1.0
258.95,1.0
259.0,1.0
259.05,1.0
259.1,1.0
259.15000000000003,1.0
259.2,1.0
259.25,1.0
259.3,1.0
259.35,1.0
259.40000000000003,1.0
259.45,1.0
259.5,1.0
259.55,1.0
259.6,1.0
259.65000000000003,1.0
259.7,1.0
259.75,1.0
259.8,1.0
259.85,1.0
259.90000000000003,1.0
259.95,1.0
260.0,1.0
260.05,1.0
260.1,1.0
260.15000000000003,1.0
260.2,1.0
260.25,1.0
260.3,1.0
260.35,1.0
260.40000000000003,1.0
260.45,1.0
260.5,1.0
260.55,1.0
260.6,1.0
260.65000000000003,1.0
260.7,1.0
260.75,1.0
260.8,1.0
260.85,1.0
260.90000000000003,1.0
260.95,1.0
261.0,1.0
261.05,1.0
261.1,1.0
261.15000000000003,1.0
261.2,1.0
261.25,1.0
261.3,1.0
261.35,1.0
261.40000000000003,1.0
261.45,1.0
261.5,1.0
261.55,1.0
261.6,1.0
261.65000000000003,1.0
261.7,1.0
261.75,1.0
261.8,1.0
261.85,1.0
261.90000000000003,1.0
261.95,1.0
262.0,1.0
262.05,1.0
262.1,1.0
262.15000000000003,1.0
262.2,1.0
262.25,1.0
262.3,1.0
262.35,1.0
262.40000000000003,1.0
262.45,1.0
262.5,1.0
262.55,1.0
262.6,1.0
262.65000000000003,1.0
262.7,1.0
262.75,1.0
262.8,1.0
262.85,1.0
262.90000000000003,1.0
262.95,1.0
263.0,1.0
263.05,1.0
263.1,1.0
263.15000000000003,1.0
263.2,1.0
263.25,1.0
263.3,1.0
263.35,1.0
263.40000000000003,1.0
263.45,1.0
263.5,1.0
263.55,1.0
263.6,1.0
263.65000000000003,1.0
263.7,1.0
263.75,1.0
263.8,1.0
263.85,1.0
263.90000000000003,1.0
263.95,1.0
264.0,1.0
264.05,1.0
264.1,1.0
264.15000000000003,1.0
264.2,1.0
264.25,1.0
264.3,1.0
264.35,1.0
264.40000000000003,1.0
264.45,1.0
264.5,1.0
264.55,1.0
264.6,1.0
264.65000000000003,1.0
264.7,1.0
264.75,1.0
264.8,1.0
264.85,1.0
264.90000000000003,1.0
264.95,1.0
265.0,1.0
265.05,1.0
265.1,1.0
265.15000000000003,1.0
265.2,1.0
265.25,1.0
265.3,1.0
265.35,1.0
265.40000000000003,1.0
265.45,1.0
265.5,1.0
265.55,1.0
265.6,1.0
265.65000000000003,1.0
265.7,1.0
265.75,1.0
265.8,1.0
265.85,1.0
265.90000000000003,1.0
265.95,1.0
266.0,1.0
266.05,1.0
266.1,1.0
266.15000000000003,1.0
266.2,1.0
266.25,1.0
266.3,1.0
266.35,1.0
266.40000000000003,1.0
266.45,1.0
266.5,1.0
266.55,1.0
266.6,1.0
266.65000000000003,1.0
266.7,1.0
266.75,1.0
266.8,1.0
266.85,1.0
266.90000000000003,1.0
266.95,1.0
267.0,1.0
267.05,1.0
267.1,1.0
267.15000000000003,1.0
267.2,1.0
267.25,1.0
267.3,1.0
267.35,1.0
267.40000000000003,1.0
267.45,1.0
267.5,1.0
267.55,1.0
267.6,1.0
267.65000000000003,1.0
267.7,1.0
267.75,1.0
267.8,1.0
267.85,1.0
267.90000000000003,1.0
267.95,1.0
268.0,1.0
268.05,1.0
268.1,1.0
268.15000000000003,1.0
268.2,1.0
268.25,1.0
268.3,1.0
268.35,1.0
268.40000000000003,1.0
268.45,1.0
268.5,1.0
268.55,1.0
268.6,1.0
268.65000000000003,1.0
268.7,1.0
268.75,1.0
268.8,1.0
268.85,1.0
268.90000000000003,1.0
268.95,1.0
269.0,1.0
269.05,1.0
269.1,1.0
269.15000000000003,1.0
269.2,1.0
269.25,1.0
269.3,1.0
269.35,1.0
269.40000000000003,1.0
269.45,1.0
269.5,1.0
269.55,1.0
269.6,1.0
269.65000000000003,1.0
269.7,1.0
269.75,1.0
269.8,1.0
269.85,1.0
269.90000000000003,1.0
269.95,1.0
270.0,1.0
270.05,1.0
270.1,1.0
270.15000000000003,1.0
270.2,1.0
270.25,1.0
270.3,1.0
270.35,1.0
270.40000000000003,1.0
270.45,1.0
270.5,1.0
270.55,1.0
270.6,1.0
270.65000000000003,1.0
270.7,1.0
270.75,1.0
270.8,1.0
270.85,1.0
270.90000000000003,1.0
270.95,1.0
271.0,1.0
271.05,1.0
271.1,1.0
271.15000000000003,1.0
271.2,1.0
271.25,1.0
271.3,1.0
271.35,1.0
271.40000000000003,1.0
271.45,1.0
271.5,1.0
271.55,1.0
271.6,1.0
271.65000000000003,1.0
271.7,1.0
271.75,1.0
271.8,1.0
271.85,1.0
271.90000000000003,1.0
271.95,1.0
272.0,1.0
272.05,1.0
272.1,1.0
272.15000000000003,1.0
272.2,1.0
272.25,1.0
272.3,1.0
272.35,1.0
272.40000000000003,1.0
272.45,1.0
272.5,1.0
272.55,1.0
272.6,1.0
272.65000000000003,1.0
272.7,1.0
272.75,1.0
272.8,1.0
272.85,1.0
272.90000000000003,1.0
272.95,1.0
273.0,1.0
273.05,1.0
273.1,1.0
273.15000000000003,1.0
273.2,1.0
273.25,1.0
273.3,1.0
273.35,1.0
273.40000000000003,1.0
273.45,1.0
273.5,1.0
273.55,1.0
273.6,1.0
273.65000000000003,1.0
273.7,1.0
273.75,1.0
273.8,1.0
273.85,1.0
273.90000000000003,1.0
273.95,1.0
274.0,1.0
274.05,1.0
274.1,1.0
274.15000000000003,1.0
274.2,1.0
274.25,1.0
274.3,1.0
274.35,1.0
274.40000000000003,1.0
274.45,1.0
274.5,1.0
274.55,1.0
274.6,1.0
274.65000000000003,1.0
274.7,1.0
274.75,1.0
274.8,1.0
274.85,1.0
274.90000000000003,1.0
274.95,1.0
275.0,1.0
275.05,1.0
275.1,1.0
275.15000000000003,1.0
275.2,1.0
275.25,1.0
275.3,1.0
275.35,1.0
275.40000000000003,1.0
275.45,1.0
275.5,1.0
275.55,1.0
275.6,1.0
275.65000000000003,1.0
275.7,1.0
275.75,1.0
275.8,1.0
275.85,1.0
275.90000000000003,1.0
275.95,1.0
276.0,1.0
276.05,1.0
276.1,1.0
276.15000000000003,1.0
276.2,1.0
276.25,1.0
276.3,1.0
276.35,1.0
276.40000000000003,1.0
276.45,1.0
276.5,1.0
276.55,1.0
276.6,1.0
276.65000000000003,1.0
276.7,1.0
276.75,1.0
276.8,1.0
276.85,1.0
276.90000000000003,1.0
276.95,1.0
277.0,1.0
277.05,1.0
277.1,1.0
277.15000000000003,1.0
277.2,1.0
277.25,1.0
277.3,1.0
277.35,1.0
277.40000000000003,1.0
277.45,1.0
277.5,1.0
277.55,1.0
277.6,1.0
277.65000000000003,1.0
277.7,1.0
277.75,1.0
277.8,1.0
277.85,1.0
277.90000000000003,1.0
277.95,1.0
278.0,1.0
278.05,1.0
278.1,1.0
278.15000000000003,1.0
278.2,1.0
278.25,1.0
278.3,1.0
278.35,1.0
278.40000000000003,1.0
278.45,1.0
278.5,1.0
278.55,1.0
278.6,1.0
278.65000000000003,1.0
278.7,1.0
278.75,1.0
278.8,1.0
278.85,1.0
278.90000000000003,1.0
278.95,1.0
279.0,1.0
279.05,1.0
279.1,1.0
279.15000000000003,1.0
279.2,1.0
279.25,1.0
279.3,1.0
279.35,1.0
279.40000000000003,1.0
279.45,1.0
279.5,1.0
279.55,1.0
279.6,1.0
279.65000000000003,1.0
279.7,1.0
279.75,1.0
279.8,1.0
279.85,1.0
279.90000000000003,1.0
279.95,1.0
280.0,1.0
280.05,1.0
280.1,1.0
280.15000000000003,1.0
280.2,1.0
280.25,1.0
280.3,1.0
280.35,1.0
280.40000000000003,1.0
280.45,1.0
280.5,1.0
280.55,1.0
280.6,1.0
280.65000000000003,1.0
280.7,1.0
280.75,1.0
280.8,1.0
280.85,1.0
280.90000000000003,1.0
280.95,1.0
281.0,1.0
281.05,1.0
281.1,1.0
281.15000000000003,1.0
281.2,1.0
281.25,1.0
281.3,1.0
281.35,1.0
281.40000000000003,1.0
281.45,1.0
281.5,1.0
281.55,1.0
281.6,1.0
281.65000000000003,1.0
281.7,1.0
281.75,1.0
281.8,1.0
281.85,1.0
281.90000000000003,1.0
281.95,1.0
282.0,1.0
282.05,1.0
282.1,1.0
282.15000000000003,1.0
282.2,1.0
282.25,1.0
282.3,1.0
282.35,1.0
282.40000000000003,1.0
282.45,1.0
282.5,1.0
282.55,1.0
282.6,1.0
282.65000000000003,1.0
282.7,1.0
282.75,1.0
282.8,1.0
282.85,1.0
282.90000000000003,1.0
282.95,1.0
283.0,1.0
283.05,1.0
283.1,1.0
283.15000000000003,1.0
283.2,1.0
283.25,1.0
283.3,1.0
283.35,1.0
283.40000000000003,1.0
283.45,1.0
283.5,1.0
283.55,1.0
283.6,1.0
283.65000000000003,1.0
283.7,1.0
283.75,1.0
283.8,1.0
283.85,1.0
283.90000000000003,1.0
283.95,1.0
284.0,1.0
284.05,1.0
284.1,1.0
284.15000000000003,1.0
284.2,1.0
284.25,1.0
284.3,1.0
284.35,1.0
284.40000000000003,1.0
284.45,1.0
284.5,1.0
284.55,1.0
284.6,1.0
284.65000000000003,1.0
284.7,1.0
284.75,1.0
284.8,1.0
284.85,1.0
284.90000000000003,1.0
284.95,1.0
285.0,1.0
285.05,1.0
285.1,1.0
285.15000000000003,1.0
285.2,1.0
285.25,1.0
285.3,1.0
285.35,1.0
285.40000000000003,1.0
285.45,1.0
285.5,1.0
285.55,1.0
285.6,1.0
285.65000000000003,1.0
285.7,1.0
285.75,1.0
285.8,1.0
285.85,1.0
285.90000000000003,1.0
285.95,1.0
286.0,1.0
286.05,1.0
286.1,1.0
286.15000000000003,1.0
286.2,1.0
286.25,1.0
286.3,1.0
286.35,1.0
286.40000000000003,1.0
286.45,1.0
286.5,1.0
286.55,1.0
286.6,1.0
286.65000000000003,1.0
286.7,1.0
286.75,1.0
286.8,1.0
286.85,1.0
286.90000000000003,1.0
286.95,1.0
287.0,1.0
287.05,1.0
287.1,1.0
287.15000000000003,1.0
287.2,1.0
287.25,1.0
287.3,1.0
287.35,1.0
287.40000000000003,1.0
287.45,1.0
287.5,1.0
287.55,1.0
287.6,1.0
287.65000000000003,1.0
287.7,1.0
287.75,1.0
287.8,1.0
287.85,1.0
287.90000000000003,1.0
287.95,1.0
288.0,1.0
288.05,1.0
288.1,1.0
288.15000000000003,1.0
288.2,1.0
288.25,1.0
288.3,1.0
288.35,1.0
288.40000000000003,1.0
288.45,1.0
288.5,1.0
288.55,1.0
288.6,1.0
288.65000000000003,1.0
288.7,1.0
288.75,1.0
288.8,1.0
288.85,1.0
288.90000000000003,1.0
288.95,1.0
289.0,1.0
289.05,1.0
289.1,1.0
289.15000000000003,1.0
289.2,1.0
289.25,1.0
289.3,1.0
289.35,1.0
289.40000000000003,1.0
289.45,1.0
289.5,1.0
289.55,1.0
289.6,1.0
289.65000000000003,1.0
289.7,1.0
289.75,1.0
289.8,1.0
289.85,1.0
289.90000000000003,1.0
289.95,1.0
290.0,1.0
290.05,1.0
290.1,1.0
290.15000000000003,1.0
290.2,1.0
290.25,1.0
290.3,1.0
290.35,1.0
290.40000000000003,1.0
290.45,1.0
290.5,1.0
290.55,1.0
290.6,1.0
290.65000000000003,1.0
290.7,1.0
290.75,1.0
290.8,1.0
290.85,1.0
290.90000000000003,1.0
290.95,1.0
291.0,1.0
291.05,1.0
291.1,1.0
291.15000000000003,1.0
291.2,1.0
291.25,1.0
291.3,1.0
291.35,1.0
291.40000000000003,1.0
291.45,1.0
291.5,1.0
291.55,1.0
291.6,1.0
291.65000000000003,1.0
291.7,1.0
291.75,1.0
291.8,1.0
291.85,1.0
291.90000000000003,1.0
291.95,1.0
292.0,1.0
292.05,1.0
292.1,1.0
292.15000000000003,1.0
292.2,1.0
292.25,1.0
292.3,1.0
292.35,1.0
292.40000000000003,1.0
292.45,1.0
292.5,1.0
292.55,1.0
292.6,1.0
292.65000000000003,1.0
292.7,1.0
292.75,1.0
292.8,1.0
292.85,1.0
292.90000000000003,1.0
292.95,1.0
293.0,1.0
293.05,1.0
293.1,1.0
293.15000000000003,1.0
293.2,1.0
293.25,1.0
293.3,1.0
293.35,1.0
293.40000000000003,1.0
293.45,1.0
293.5,1.0
293.55,1.0
293.6,1.0
293.65000000000003,1.0
293.7,1.0
293.75,1.0
293.8,1.0
293.85,1.0
293.90000000000003,1.0
293.95,1.0
294.0,1.0
294.05,1.0
294.1,1.0
294.15000000000003,1.0
294.2,1.0
294.25,1.0
294.3,1.0
294.35,1.0
294.40000000000003,1.0
294.45,1.0
294.5,1.0
294.55,1.0
294.6,1.0
294.65000000000003,1.0
294.7,1.0
294.75,1.0
294.8,1.0
294.85,1.0
294.90000000000003,1.0
294.95,1.0
295.0,1.0
295.05,1.0
295.1,1.0
295.15000000000003,1.0
295.2,1.0
295.25,1.0
295.3,1.0
295.35,1.0
295.40000000000003,1.0
295.45,1.0
295.5,1.0
295.55,1.0
295.6,1.0
295.65000000000003,1.0
295.7,1.0
295.75,1.0
295.8,1.0
295.85,1.0
295.90000000000003,1.0
295.95,1.0
296.0,1.0
296.05,1.0
296.1,1.0
296.15000000000003,1.0
296.2,1.0
296.25,1.0
296.3,1.0
296.35,1.0
296.40000000000003,1.0
296.45,1.0
296.5,1.0
296.55,1.0
296.6,1.0
296.65000000000003,1.0
296.7,1.0
296.75,1.0
296.8,1.0
296.85,1.0
296.90000000000003,1.0
296.95,1.0
297.0,1.0
297.05,1.0
297.1,1.0
297.15000000000003,1.0
297.2,1.0
297.25,1.0
297.3,1.0
297.35,1.0
297.40000000000003,1.0
297.45,1.0
297.5,1.0
297.55,1.0
297.6,1.0
297.65000000000003,1.0
297.7,1.0
297.75,1.0
297.8,1.0
297.85,1.0
297.90000000000003,1.0
297.95,1.0
298.0,1.0
298.05,1.0
298.1,1.0
298.15000000000003,1.0
298.2,1.0
298.25,1.0
298.3,1.0
298.35,1.0
298.40000000000003,1.0
298.45,1.0
298.5,1.0
298.55,1.0
298.6,1.0
298.65000000000003,1.0
298.7,1.0
298.75,1.0
298.8,1.0
298.85,1.0
298.90000000000003,1.0
298.95,1.0
299.0,1.0
299.05,1.0
299.1,1.0
299.15000000000003,1.0
299.2,1.0
299.25,1.0
299.3,1.0
299.35,1.0
299.40000000000003,1.0
299.45,1.0
299.5,1.0
299.55,1.0
299.6,1.0
299.65000000000003,1.0
299.7,1.0
299.75,1.0
299.8,1.0
299.85,1.0
299.90000000000003,1.0
299.95,1.0
300.0,1.0
300.05,1.0
300.1,1.0
300.15000000000003,1.0
300.2,1.0
300.25,1.0
300.3,1.0
300.35,1.0
300.40000000000003,1.0
300.45,1.0
300.5,1.0
300.55,1.0
300.6,1.0
300.65000000000003,1.0
300.7,1.0
300.75,1.0
300.8,1.0
300.85,1.0
300.90000000000003,1.0
300.95,1.0
301.0,1.0
301.05,1.0
301.1,1.0
301.15000000000003,1.0
301.2,1.0
301.25,1.0
301.3,1.0
301.35,1.0
301.40000000000003,1.0
301.45,1.0
301.5,1.0
301.55,1.0
301.6,1.0
301.65000000000003,1.0
301.7,1.0
301.75,1.0
301.8,1.0
301.85,1.0
301.90000000000003,1.0
301.95,1.0
302.0,1.0
302.05,1.0
302.1,1.0
302.15000000000003,1.0
302.2,1.0
302.25,1.0
302.3,1.0
302.35,1.0
302.40000000000003,1.0
302.45,1.0
302.5,1.0
302.55,1.0
302.6,1.0
302.65000000000003,1.0
302.7,1.0
302.75,1.0
302.8,1.0
302.85,1.0
302.90000000000003,1.0
302.95,1.0
303.0,1.0
303.05,1.0
303.1,1.0
303.15000000000003,1.0
303.2,1.0
303.25,1.0
303.3,1.0
303.35,1.0
303.40000000000003,1.0
303.45,1.0
303.5,1.0
303.55,1.0
303.6,1.0
303.65000000000003,1.0
303.7,1.0
303.75,1.0
303.8,1.0
303.85,1.0
303.90000000000003,1.0
303.95,1.0
304.0,1.0
304.05,1.0
304.1,1.0
304.15000000000003,1.0
304.2,1.0
304.25,1.0
304.3,1.0
304.35,1.0
304.40000000000003,1.0
304.45,1.0
304.5,1.0
304.55,1.0
304.6,1.0
304.65000000000003,1.0
304.7,1.0
304.75,1.0
304.8,1.0
304.85,1.0
304.90000000000003,1.0
304.95,1.0
305.0,1.0
305.05,1.0
305.1,1.0
305.15000000000003,1.0
305.2,1.0
305.25,1.0
305.3,1.0
305.35,1.0
305.40000000000003,1.0
305.45,1.0
305.5,1.0
305.55,1.0
305.6,1.0
305.65000000000003,1.0
305.7,1.0
305.75,1.0
305.8,1.0
305.85,1.0
305.90000000000003,1.0
305.95,1.0
306.0,1.0
306.05,1.0
306.1,1.0
306.15000000000003,1.0
306.2,1.0
306.25,1.0
306.3,1.0
306.35,1.0
306.40000000000003,1.0
306.45,1.0
306.5,1.0
306.55,1.0
306.6,1.0
306.65000000000003,1.0
306.7,1.0
306.75,1.0
306.8,1.0
306.85,1.0
306.90000000000003,1.0
306.95,1.0
307.0,1.0
307.05,1.0
307.1,1.0
307.15000000000003,1.0
307.20000000000005,1.0
307.25,1.0
307.3,1.0
307.35,1.0
307.40000000000003,1.0
307.45000000000005,1.0
307.5,1.0
307.55,1.0
307.6,1.0
307.65000000000003,1.0
307.70000000000005,1.0
307.75,1.0
307.8,1.0
307.85,1.0
307.90000000000003,1.0
307.95000000000005,1.0
308.0,1.0
308.05,1.0
308.1,1.0
308.15000000000003,1.0
308.20000000000005,1.0
308.25,1.0
308.3,1.0
308.35,1.0
308.40000000000003,1.0
308.45000000000005,1.0
308.5,1.0
308.55,1.0
308.6,1.0
308.65000000000003,1.0
308.70000000000005,1.0
308.75,1.0
308.8,1.0
308.85,1.0
308.90000000000003,1.0
308.95000000000005,1.0
309.0,1.0
309.05,1.0
309.1,1.0
309.15000000000003,1.0
309.20000000000005,1.0
309.25,1.0
309.3,1.0
309.35,1.0
309.40000000000003,1.0
309.45000000000005,1.0
309.5,1.0
309.55,1.0
309.6,1.0
309.65000000000003,1.0
309.70000000000005,1.0
309.75,1.0
309.8,1.0
309.85,1.0
309.90000000000003,1.0
309.95000000000005,1.0
310.0,1.0
310.05,1.0
310.1,1.0
310.15000000000003,1.0
310.20000000000005,1.0
310.25,1.0
310.3,1.0
310.35,1.0
310.40000000000003,1.0
310.45000000000005,1.0
310.5,1.0
310.55,1.0
310.6,1.0
310.65000000000003,1.0
310.70000000000005,1.0
310.75,1.0
310.8,1.0
310.85,1.0
310.90000000000003,1.0
310.95000000000005,1.0
311.0,1.0
311.05,1.0
311.1,1.0
311.15000000000003,1.0
311.20000000000005,1.0
311.25,1.0
311.3,1.0
311.35,1.0
311.40000000000003,1.0
311.45000000000005,1.0
311.5,1.0
311.55,1.0
311.6,1.0
311.65000000000003,1.0
311.70000000000005,1.0
311.75,1.0
311.8,1.0
311.85,1.0
311.90000000000003,1.0
311.95000000000005,1.0
312.0,1.0
312.05,1.0
312.1,1.0
312.15000000000003,1.0
312.20000000000005,1.0
312.25,1.0
312.3,1.0
312.35,1.0
312.40000000000003,1.0
312.45000000000005,1.0
312.5,1.0
312.55,1.0
312.6,1.0
312.65000000000003,1.0
312.70000000000005,1.0
312.75,1.0
312.8,1.0
312.85,1.0
312.90000000000003,1.0
312.95000000000005,1.0
313.0,1.0
313.05,1.0
313.1,1.0
313.15000000000003,1.0
313.20000000000005,1.0
313.25,1.0
313.3,1.0
313.35,1.0
313.40000000000003,1.0
313.45000000000005,1.0
313.5,1.0
313.55,1.0
313.6,1.0
313.65000000000003,1.0
313.70000000000005,1.0
313.75,1.0
313.8,1.0
313.85,1.0
313.90000000000003,1.0
313.95000000000005,1.0
314.0,1.0
314.05,1.0
314.1,1.0
314.15000000000003,1.0
314.20000000000005,1.0
314.25,1.0
314.3,1.0
314.35,1.0
314.40000000000003,1.0
314.45000000000005,1.0
314.5,1.0
314.55,1.0
314.6,1.0
314.65000000000003,1.0
314.70000000000005,1.0
314.75,1.0
314.8,1.0
314.85,1.0
314.90000000000003,1.0
314.95000000000005,1.0
315.0,1.0
315.05,1.0
315.1,1.0
315.15000000000003,1.0
315.20000000000005,1.0
315.25,1.0
315.3,1.0
315.35,1.0
315.40000000000003,1.0
315.45000000000005,1.0
315.5,1.0
315.55,1.0
315.6,1.0
315.65000000000003,1.0
315.70000000000005,1.0
315.75,1.0
315.8,1.0
315.85,1.0
315.90000000000003,1.0
315.95000000000005,1.0
316.0,1.0
316.05,1.0
316.1,1.0
316.15000000000003,1.0
316.20000000000005,1.0
316.25,1.0
316.3,1.0
316.35,1.0
316.40000000000003,1.0
316.45000000000005,1.0
316.5,1.0
316.55,1.0
316.6,1.0
316.65000000000003,1.0
316.70000000000005,1.0
316.75,1.0
316.8,1.0
316.85,1.0
316.90000000000003,1.0
316.95000000000005,1.0
317.0,1.0
317.05,1.0
317.1,1.0
317.15000000000003,1.0
317.20000000000005,1.0
317.25,1.0
317.3,1.0
317.35,1.0
317.40000000000003,1.0
317.45000000000005,1.0
317.5,1.0
317.55,1.0
317.6,1.0
317.65000000000003,1.0
317.70000000000005,1.0
317.75,1.0
317.8,1.0
317.85,1.0
317.90000000000003,1.0
317.95000000000005,1.0
318.0,1.0
318.05,1.0
318.1,1.0
318.15000000000003,1.0
318.20000000000005,1.0
318.25,1.0
318.3,1.0
318.35,1.0
318.40000000000003,1.0
318.45000000000005,1.0
318.5,1.0
318.55,1.0
318.6,1.0
318.65000000000003,1.0
318.70000000000005,1.0
318.75,1.0
318.8,1.0
318.85,1.0
318.90000000000003,1.0
318.95000000000005,1.0
319.0,1.0
319.05,1.0
319.1,1.0
319.15000000000003,1.0
319.20000000000005,1.0
319.25,1.0
319.3,1.0
319.35,1.0
319.40000000000003,1.0
319.45000000000005,1.0
319.5,1.0
319.55,1.0
319.6,1.0
319.65000000000003,1.0
319.70000000000005,1.0
319.75,1.0
319.8,1.0
319.85,1.0
319.90000000000003,1.0
319.95000000000005,1.0
320.0,1.0
320.05,1.0
320.1,1.0
320.15000000000003,1.0
320.20000000000005,1.0
320.25,1.0
320.3,1.0
320.35,1.0
320.40000000000003,1.0
320.45000000000005,1.0
320.5,1.0
320.55,1.0
320.6,1.0
320.65000000000003,1.0
320.70000000000005,1.0
320.75,1.0
320.8,1.0
320.85,1.0
320.90000000000003,1.0
320.95000000000005,1.0
321.0,1.0
321.05,1.0
321.1,1.0
321.15000000000003,1.0
321.20000000000005,1.0
321.25,1.0
321.3,1.0
321.35,1.0
321.40000000000003,1.0
321.45000000000005,1.0
321.5,1.0
321.55,1.0
321.6,1.0
321.65000000000003,1.0
321.70000000000005,1.0
321.75,1.0
321.8,1.0
321.85,1.0
321.90000000000003,1.0
321.95000000000005,1.0
322.0,1.0
322.05,1.0
322.1,1.0
322.15000000000003,1.0
322.20000000000005,1.0
322.25,1.0
322.3,1.0
322.35,1.0
322.40000000000003,1.0
322.45000000000005,1.0
322.5,1.0
322.55,1.0
322.6,1.0
322.65000000000003,1.0
322.70000000000005,1.0
322.75,1.0
322.8,1.0
322.85,1.0
322.90000000000003,1.0
322.95000000000005,1.0
323.0,1.0
323.05,1.0
323.1,1.0
323.15000000000003,1.0
323.20000000000005,1.0
323.25,1.0
323.3,1.0
323.35,1.0
323.40000000000003,1.0
323.45000000000005,1.0
323.5,1.0
323.55,1.0
323.6,1.0
323.65000000000003,1.0
323.70000000000005,1.0
323.75,1.0
323.8,1.0
323.85,1.0
323.90000000000003,1.0
323.95000000000005,1.0
324.0,1.0
324.05,1.0
324.1,1.0
324.15000000000003,1.0
324.20000000000005,1.0
324.25,1.0
324.3,1.0
324.35,1.0
324.40000000000003,1.0
324.45000000000005,1.0
324.5,1.0
324.55,1.0
324.6,1.0
324.65000000000003,1.0
324.70000000000005,1.0
324.75,1.0
324.8,1.0
324.85,1.0
324.90000000000003,1.0
324.95000000000005,1.0
325.0,1.0
325.05,1.0
325.1,1.0
325.15000000000003,1.0
325.20000000000005,1.0
325.25,1.0
325.3,1.0
325.35,1.0
325.40000000000003,1.0
325.45000000000005,1.0
325.5,1.0
325.55,1.0
325.6,1.0
325.65000000000003,1.0
325.70000000000005,1.0
325.75,1.0
325.8,1.0
325.85,1.0
325.90000000000003,1.0
325.95000000000005,1.0
326.0,1.0
326.05,1.0
326.1,1.0
326.15000000000003,1.0
326.20000000000005,1.0
326.25,1.0
326.3,1.0
326.35,1.0
326.40000000000003,1.0
326.45000000000005,1.0
326.5,1.0
326.55,1.0
326.6,1.0
326.65000000000003,1.0
326.70000000000005,1.0
326.75,1.0
326.8,1.0
326.85,1.0
326.90000000000003,1.0
326.95000000000005,1.0
327.0,1.0
327.05,1.0
327.1,1.0
327.15000000000003,1.0
327.20000000000005,1.0
327.25,1.0
327.3,1.0
327.35,1.0
327.40000000000003,1.0
327.45000000000005,1.0
327.5,1.0
327.55,1.0
327.6,1.0
327.65000000000003,1.0
327.70000000000005,1.0
327.75,1.0
327.8,1.0
327.85,1.0
327.90000000000003,1.0
327.95000000000005,1.0
328.0,1.0
328.05,1.0
328.1,1.0
328.15000000000003,1.0
328.20000000000005,1.0
328.25,1.0
328.3,1.0
328.35,1.0
328.40000000000003,1.0
328.45000000000005,1.0
328.5,1.0
328.55,1.0
328.6,1.0
328.65000000000003,1.0
328.70000000000005,1.0
328.75,1.0
328.8,1.0
328.85,1.0
328.90000000000003,1.0
328.95000000000005,1.0
329.0,1.0
329.05,1.0
329.1,1.0
329.15000000000003,1.0
329.20000000000005,1.0
329.25,1.0
329.3,1.0
329.35,1.0
329.40000000000003,1.0
329.45000000000005,1.0
329.5,1.0
329.55,1.0
329.6,1.0
329.65000000000003,1.0
329.70000000000005,1.0
329.75,1.0
329.8,1.0
329.85,1.0
329.90000000000003,1.0
329.95000000000005,1.0
330.0,1.0
330.05,1.0
330.1,1.0
330.15000000000003,1.0
330.20000000000005,1.0
330.25,1.0
330.3,1.0
330.35,1.0
330.40000000000003,1.0
330.45000000000005,1.0
330.5,1.0
330.55,1.0
330.6,1.0
330.65000000000003,1.0
330.70000000000005,1.0
330.75,1.0
330.8,1.0
330.85,1.0
330.90000000000003,1.0
330.95000000000005,1.0
331.0,1.0
331.05,1.0
331.1,1.0
331.15000000000003,1.0
331.20000000000005,1.0
331.25,1.0
331.3,1.0
331.35,1.0
331.40000000000003,1.0
331.45000000000005,1.0
331.5,1.0
331.55,1.0
331.6,1.0
331.65000000000003,1.0
331.70000000000005,1.0
331.75,1.0
331.8,1.0
331.85,1.0
331.90000000000003,1.0
331.95000000000005,1.0
332.0,1.0
332.05,1.0
332.1,1.0
332.15000000000003,1.0
332.20000000000005,1.0
332.25,1.0
332.3,1.0
332.35,1.0
332.40000000000003,1.0
332.45000000000005,1.0
332.5,1.0
332.55,1.0
332.6,1.0
332.65000000000003,1.0
332.70000000000005,1.0
332.75,1.0
332.8,1.0
332.85,1.0
332.90000000000003,1.0
332.95000000000005,1.0
333.0,1.0
333.05,1.0
333.1,1.0
333.15000000000003,1.0
333.20000000000005,1.0
333.25,1.0
333.3,1.0
333.35,1.0
333.40000000000003,1.0
333.45000000000005,1.0
333.5,1.0
333.55,1.0
333.6,1.0
333.65000000000003,1.0
333.70000000000005,1.0
333.75,1.0
333.8,1.0
333.85,1.0
333.90000000000003,1.0
333.95000000000005,1.0
334.0,1.0
334.05,1.0
334.1,1.0
334.15000000000003,1.0
334.20000000000005,1.0
334.25,1.0
334.3,1.0
334.35,1.0
334.40000000000003,1.0
334.45000000000005,1.0
334.5,1.0
334.55,1.0
334.6,1.0
334.65000000000003,1.0
334.70000000000005,1.0
334.75,1.0
334.8,1.0
334.85,1.0
334.90000000000003,1.0
334.95000000000005,1.0
335.0,1.0
335.05,1.0
335.1,1.0
335.15000000000003,1.0
335.20000000000005,1.0
335.25,1.0
335.3,1.0
335.35,1.0
335.40000000000003,1.0
335.45000000000005,1.0
335.5,1.0
335.55,1.0
335.6,1.0
335.65000000000003,1.0
335.70000000000005,1.0
335.75,1.0
335.8,1.0
335.85,1.0
335.90000000000003,1.0
335.95000000000005,1.0
336.0,1.0
336.05,1.0
336.1,1.0
336.15000000000003,1.0
336.20000000000005,1.0
336.25,1.0
336.3,1.0
336.35,1.0
336.40000000000003,1.0
336.45000000000005,1.0
336.5,1.0
336.55,1.0
336.6,1.0
336.65000000000003,1.0
336.70000000000005,1.0
336.75,1.0
336.8,1.0
336.85,1.0
336.90000000000003,1.0
336.95000000000005,1.0
337.0,1.0
337.05,1.0
337.1,1.0
337.15000000000003,1.0
337.20000000000005,1.0
337.25,1.0
337.3,1.0
337.35,1.0
337.40000000000003,1.0
337.45000000000005,1.0
337.5,1.0
337.55,1.0
337.6,1.0
337.65000000000003,1.0
337.70000000000005,1.0
337.75,1.0
337.8,1.0
337.85,1.0
337.90000000000003,1.0
337.95000000000005,1.0
338.0,1.0
338.05,1.0
338.1,1.0
338.15000000000003,1.0
338.20000000000005,1.0
338.25,1.0
338.3,1.0
338.35,1.0
338.40000000000003,1.0
338.45000000000005,1.0
338.5,1.0
338.55,1.0
338.6,1.0
338.65000000000003,1.0
338.70000000000005,1.0
338.75,1.0
338.8,1.0
338.85,1.0
338.90000000000003,1.0
338.95000000000005,1.0
339.0,1.0
339.05,1.0
339.1,1.0
339.15000000000003,1.0
339.20000000000005,1.0
339.25,1.0
339.3,1.0
339.35,1.0
339.40000000000003,1.0
339.45000000000005,1.0
339.5,1.0
339.55,1.0
339.6,1.0
339.65000000000003,1.0
339.70000000000005,1.0
339.75,1.0
339.8,1.0
339.85,1.0
339.90000000000003,1.0
339.95000000000005,1.0
340.0,1.0
340.05,1.0
340.1,1.0
340.15000000000003,1.0
340.20000000000005,1.0
340.25,1.0
340.3,1.0
340.35,1.0
340.40000000000003,1.0
340.45000000000005,1.0
340.5,1.0
340.55,1.0
340.6,1.0
340.65000000000003,1.0
340.70000000000005,1.0
340.75,1.0
340.8,1.0
340.85,1.0
340.90000000000003,1.0
340.95000000000005,1.0
341.0,1.0
341.05,1.0
341.1,1.0
341.15000000000003,1.0
341.20000000000005,1.0
341.25,1.0
341.3,1.0
341.35,1.0
341.40000000000003,1.0
341.45000000000005,1.0
341.5,1.0
341.55,1.0
341.6,1.0
341.65000000000003,1.0
341.70000000000005,1.0
341.75,1.0
341.8,1.0
341.85,1.0
341.90000000000003,1.0
341.95000000000005,1.0
342.0,1.0
342.05,1.0
342.1,1.0
342.15000000000003,1.0
342.20000000000005,1.0
342.25,1.0
342.3,1.0
342.35,1.0
342.40000000000003,1.0
342.45000000000005,1.0
342.5,1.0
342.55,1.0
342.6,1.0
342.65000000000003,1.0
342.70000000000005,1.0
342.75,1.0
342.8,1.0
342.85,1.0
342.90000000000003,1.0
342.95000000000005,1.0
343.0,1.0
343.05,1.0
343.1,1.0
343.15000000000003,1.0
343.20000000000005,1.0
343.25,1.0
343.3,1.0
343.35,1.0
343.40000000000003,1.0
343.45000000000005,1.0
343.5,1.0
343.55,1.0
343.6,1.0
343.65000000000003,1.0
343.70000000000005,1.0
343.75,1.0
343.8,1.0
343.85,1.0
343.90000000000003,1.0
343.95000000000005,1.0
344.0,1.0
344.05,1.0
344.1,1.0
344.15000000000003,1.0
344.20000000000005,1.0
344.25,1.0
344.3,1.0
344.35,1.0
344.40000000000003,1.0
344.45000000000005,1.0
344.5,1.0
344.55,1.0
344.6,1.0
344.65000000000003,1.0
344.70000000000005,1.0
344.75,1.0
344.8,1.0
344.85,1.0
344.90000000000003,1.0
344.95000000000005,1.0
345.0,1.0
345.05,1.0
345.1,1.0
345.15000000000003,1.0
345.20000000000005,1.0
345.25,1.0
345.3,1.0
345.35,1.0
345.40000000000003,1.0
345.45000000000005,1.0
345.5,1.0
345.55,1.0
345.6,1.0
345.65000000000003,1.0
345.70000000000005,1.0
345.75,1.0
345.8,1.0
345.85,1.0
345.90000000000003,1.0
345.95000000000005,1.0
346.0,1.0
346.05,1.0
346.1,1.0
346.15000000000003,1.0
346.20000000000005,1.0
346.25,1.0
346.3,1.0
346.35,1.0
346.40000000000003,1.0
346.45000000000005,1.0
346.5,1.0
346.55,1.0
346.6,1.0
346.65000000000003,1.0
346.70000000000005,1.0
346.75,1.0
346.8,1.0
346.85,1.0
346.90000000000003,1.0
346.95000000000005,1.0
347.0,1.0
347.05,1.0
347.1,1.0
347.15000000000003,1.0
347.20000000000005,1.0
347.25,1.0
347.3,1.0
347.35,1.0
347.40000000000003,1.0
347.45000000000005,1.0
347.5,1.0
347.55,1.0
347.6,1.0
347.65000000000003,1.0
347.70000000000005,1.0
347.75,1.0
347.8,1.0
347.85,1.0
347.90000000000003,1.0
347.95000000000005,1.0
348.0,1.0
348.05,1.0
348.1,1.0
348.15000000000003,1.0
348.20000000000005,1.0
348.25,1.0
348.3,1.0
348.35,1.0
348.40000000000003,1.0
348.45000000000005,1.0
348.5,1.0
348.55,1.0
348.6,1.0
348.65000000000003,1.0
348.70000000000005,1.0
348.75,1.0
348.8,1.0
348.85,1.0
348.90000000000003,1.0
348.95000000000005,1.0
349.0,1.0
349.05,1.0
349.1,1.0
349.15000000000003,1.0
349.20000000000005,1.0
349.25,1.0
349.3,1.0
349.35,1.0
349.40000000000003,1.0
349.45000000000005,1.0
349.5,1.0
349.55,1.0
349.6,1.0
349.65000000000003,1.0
349.70000000000005,1.0
349.75,1.0
349.8,1.0
349.85,1.0
349.90000000000003,1.0
349.95000000000005,1.0
350.0,1.0
350.05,1.0
350.1,1.0
350.15000000000003,1.0
350.20000000000005,1.0
350.25,1.0
350.3,1.0
350.35,1.0
350.40000000000003,1.0
350.45000000000005,1.0
350.5,1.0
350.55,1.0
350.6,1.0
350.65000000000003,1.0
350.70000000000005,1.0
350.75,1.0
350.8,1.0
350.85,1.0
350.90000000000003,1.0
350.95000000000005,1.0
351.0,1.0
351.05,1.0
351.1,1.0
351.15000000000003,1.0
351.20000000000005,1.0
351.25,1.0
351.3,1.0
351.35,1.0
351.40000000000003,1.0
351.45000000000005,1.0
351.5,1.0
351.55,1.0
351.6,1.0
351.65000000000003,1.0
351.70000000000005,1.0
351.75,1.0
351.8,1.0
351.85,1.0
351.90000000000003,1.0
351.95000000000005,1.0
352.0,1.0
352.05,1.0
352.1,1.0
352.15000000000003,1.0
352.20000000000005,1.0
352.25,1.0
352.3,1.0
352.35,1.0
352.40000000000003,1.0
352.45000000000005,1.0
352.5,1.0
352.55,1.0
352.6,1.0
352.65000000000003,1.0
352.70000000000005,1.0
352.75,1.0
352.8,1.0
352.85,1.0
352.90000000000003,1.0
352.95000000000005,1.0
353.0,1.0
353.05,1.0
353.1,1.0
353.15000000000003,1.0
353.20000000000005,1.0
353.25,1.0
353.3,1.0
353.35,1.0
353.40000000000003,1.0
353.45000000000005,1.0
353.5,1.0
353.55,1.0
353.6,1.0
353.65000000000003,1.0
353.70000000000005,1.0
353.75,1.0
353.8,1.0
353.85,1.0
353.90000000000003,1.0
353.95000000000005,1.0
354.0,1.0
354.05,1.0
354.1,1.0
354.15000000000003,1.0
354.20000000000005,1.0
354.25,1.0
354.3,1.0
354.35,1.0
354.40000000000003,1.0
354.45000000000005,1.0
354.5,1.0
354.55,1.0
354.6,1.0
354.65000000000003,1.0
354.70000000000005,1.0
354.75,1.0
354.8,1.0
354.85,1.0
354.90000000000003,1.0
354.95000000000005,1.0
355.0,1.0
355.05,1.0
355.1,1.0
355.15000000000003,1.0
355.20000000000005,1.0
355.25,1.0
355.3,1.0
355.35,1.0
355.40000000000003,1.0
355.45000000000005,1.0
355.5,1.0
355.55,1.0
355.6,1.0
355.65000000000003,1.0
355.70000000000005,1.0
355.75,1.0
355.8,1.0
355.85,1.0
355.90000000000003,1.0
355.95000000000005,1.0
356.0,1.0
356.05,1.0
356.1,1.0
356.15000000000003,1.0
356.20000000000005,1.0
356.25,1.0
356.3,1.0
356.35,1.0
356.40000000000003,1.0
356.45000000000005,1.0
356.5,1.0
356.55,1.0
356.6,1.0
356.65000000000003,1.0
356.70000000000005,1.0
356.75,1.0
356.8,1.0
356.85,1.0
356.90000000000003,1.0
356.95000000000005,1.0
357.0,1.0
357.05,1.0
357.1,1.0
357.15000000000003,1.0
357.20000000000005,1.0
357.25,1.0
357.3,1.0
357.35,1.0
357.40000000000003,1.0
357.45000000000005,1.0
357.5,1.0
357.55,1.0
357.6,1.0
357.65000000000003,1.0
357.70000000000005,1.0
357.75,1.0
357.8,1.0
357.85,1.0
357.90000000000003,1.0
357.95000000000005,1.0
358.0,1.0
358.05,1.0
358.1,1.0
358.15000000000003,1.0
358.20000000000005,1.0
358.25,1.0
358.3,1.0
358.35,1.0
358.40000000000003,1.0
358.45000000000005,1.0
358.5,1.0
358.55,1.0
358.6,1.0
358.65000000000003,1.0
358.70000000000005,1.0
358.75,1.0
358.8,1.0
358.85,1.0
358.90000000000003,1.0
358.95000000000005,1.0
359.0,1.0
359.05,1.0
359.1,1.0
359.15000000000003,1.0
359.20000000000005,1.0
359.25,1.0
359.3,1.0
359.35,1.0
359.40000000000003,1.0
359.45000000000005,1.0
359.5,1.0
359.55,1.0
359.6,1.0
359.65000000000003,1.0
359.70000000000005,1.0
359.75,1.0
359.8,1.0
359.85,1.0
359.90000000000003,1.0
359.95000000000005,1.0
360.0,1.0
360.05,1.0
360.1,1.0
360.15000000000003,1.0
360.20000000000005,1.0
360.25,1.0
360.3,1.0
360.35,1.0
360.40000000000003,1.0
360.45000000000005,1.0
360.5,1.0
360.55,1.0
360.6,1.0
360.65000000000003,1.0
360.70000000000005,1.0
360.75,1.0
360.8,1.0
360.85,1.0
360.90000000000003,1.0
360.95000000000005,1.0
361.0,1.0
361.05,1.0
361.1,1.0
361.15000000000003,1.0
361.20000000000005,1.0
361.25,1.0
361.3,1.0
361.35,1.0
361.40000000000003,1.0
361.45000000000005,1.0
361.5,1.0
361.55,1.0
361.6,1.0
361.65000000000003,1.0
361.70000000000005,1.0
361.75,1.0
361.8,1.0
361.85,1.0
361.90000000000003,1.0
361.95000000000005,1.0
362.0,1.0
362.05,1.0
362.1,1.0
362.15000000000003,1.0
362.20000000000005,1.0
362.25,1.0
362.3,1.0
362.35,1.0
362.40000000000003,1.0
362.45000000000005,1.0
362.5,1.0
362.55,1.0
362.6,1.0
362.65000000000003,1.0
362.70000000000005,1.0
362.75,1.0
362.8,1.0
362.85,1.0
362.90000000000003,1.0
362.95000000000005,1.0
363.0,1.0
363.05,1.0
363.1,1.0
363.15000000000003,1.0
363.20000000000005,1.0
363.25,1.0
363.3,1.0
363.35,1.0
363.40000000000003,1.0
363.45000000000005,1.0
363.5,1.0
363.55,1.0
363.6,1.0
363.65000000000003,1.0
363.70000000000005,1.0
363.75,1.0
363.8,1.0
363.85,1.0
363.90000000000003,1.0
363.95000000000005,1.0
364.0,1.0
364.05,1.0
364.1,1.0
364.15000000000003,1.0
364.20000000000005,1.0
364.25,1.0
364.3,1.0
364.35,1.0
364.40000000000003,1.0
364.45000000000005,1.0
364.5,1.0
364.55,1.0
364.6,1.0
364.65000000000003,1.0
364.70000000000005,1.0
364.75,1.0
364.8,1.0
364.85,1.0
364.90000000000003,1.0
364.95000000000005,1.0
365.0,1.0
365.05,1.0
365.1,1.0
365.15000000000003,1.0
365.20000000000005,1.0
365.25,1.0
365.3,1.0
365.35,1.0
365.40000000000003,1.0
365.45000000000005,1.0
365.5,1.0
365.55,1.0
365.6,1.0
365.65000000000003,1.0
365.70000000000005,1.0
365.75,1.0
365.8,1.0
365.85,1.0
365.90000000000003,1.0
365.95000000000005,1.0
366.0,1.0
366.05,1.0
366.1,1.0
366.15000000000003,1.0
366.20000000000005,1.0
366.25,1.0
366.3,1.0
366.35,1.0
366.40000000000003,1.0
366.45000000000005,1.0
366.5,1.0
366.55,1.0
366.6,1.0
366.65000000000003,1.0
366.70000000000005,1.0
366.75,1.0
366.8,1.0
366.85,1.0
366.90000000000003,1.0
366.95000000000005,1.0
367.0,1.0
367.05,1.0
367.1,1.0
367.15000000000003,1.0
367.20000000000005,1.0
367.25,1.0
367.3,1.0
367.35,1.0
367.40000000000003,1.0
367.45000000000005,1.0
367.5,1.0
367.55,1.0
367.6,1.0
367.65000000000003,1.0
367.70000000000005,1.0
367.75,1.0
367.8,1.0
367.85,1.0
367.90000000000003,1.0
367.95000000000005,1.0
368.0,1.0
368.05,1.0
368.1,1.0
368.15000000000003,1.0
368.20000000000005,1.0
368.25,1.0
368.3,1.0
368.35,1.0
368.40000000000003,1.0
368.45000000000005,1.0
368.5,1.0
368.55,1.0
368.6,1.0
368.65000000000003,1.0
368.70000000000005,1.0
368.75,1.0
368.8,1.0
368.85,1.0
368.90000000000003,1.0
368.95000000000005,1.0
369.0,1.0
369.05,1.0
369.1,1.0
369.15000000000003,1.0
369.20000000000005,1.0
369.25,1.0
369.3,1.0
369.35,1.0
369.40000000000003,1.0
369.45000000000005,1.0
369.5,1.0
369.55,1.0
369.6,1.0
369.65000000000003,1.0
369.70000000000005,1.0
369.75,1.0
369.8,1.0
369.85,1.0
369.90000000000003,1.0
369.95000000000005,1.0
370.0,1.0
370.05,1.0
370.1,1.0
370.15000000000003,1.0
370.20000000000005,1.0
370.25,1.0
370.3,1.0
370.35,1.0
370.40000000000003,1.0
370.45000000000005,1.0
370.5,1.0
370.55,1.0
370.6,1.0
370.65000000000003,1.0
370.70000000000005,1.0
370.75,1.0
370.8,1.0
370.85,1.0
370.90000000000003,1.0
370.95000000000005,1.0
371.0,1.0
371.05,1.0
371.1,1.0
371.15000000000003,1.0
371.20000000000005,1.0
371.25,1.0
371.3,1.0
371.35,1.0
371.40000000000003,1.0
371.45000000000005,1.0
371.5,1.0
371.55,1.0
371.6,1.0
371.65000000000003,1.0
371.70000000000005,1.0
371.75,1.0
371.8,1.0
371.85,1.0
371.90000000000003,1.0
371.95000000000005,1.0
372.0,1.0
372.05,1.0
372.1,1.0
372.15000000000003,1.0
372.20000000000005,1.0
372.25,1.0
372.3,1.0
372.35,1.0
372.40000000000003,1.0
372.45000000000005,1.0
372.5,1.0
372.55,1.0
372.6,1.0
372.65000000000003,1.0
372.70000000000005,1.0
372.75,1.0
372.8,1.0
372.85,1.0
372.90000000000003,1.0
372.95000000000005,1.0
373.0,1.0
373.05,1.0
373.1,1.0
373.15000000000003,1.0
373.20000000000005,1.0
373.25,1.0
373.3,1.0
373.35,1.0
373.40000000000003,1.0
373.45000000000005,1.0
373.5,1.0
373.55,1.0
373.6,1.0
373.65000000000003,1.0
373.70000000000005,1.0
373.75,1.0
373.8,1.0
373.85,1.0
373.90000000000003,1.0
373.95000000000005,1.0
374.0,1.0
374.05,1.0
374.1,1.0
374.15000000000003,1.0
374.20000000000005,1.0
374.25,1.0
374.3,1.0
374.35,1.0
374.40000000000003,1.0
374.45000000000005,1.0
374.5,1.0
374.55,1.0
374.6,1.0
374.65000000000003,1.0
374.70000000000005,1.0
374.75,1.0
374.8,1.0
374.85,1.0
374.90000000000003,1.0
374.95000000000005,1.0
375.0,1.0
375.05,1.0
375.1,1.0
375.15000000000003,1.0
375.20000000000005,1.0
375.25,1.0
375.3,1.0
375.35,1.0
375.40000000000003,1.0
375.45000000000005,1.0
375.5,1.0
375.55,1.0
375.6,1.0
375.65000000000003,1.0
375.70000000000005,1.0
375.75,1.0
375.8,1.0
375.85,1.0
375.90000000000003,1.0
375.95000000000005,1.0
376.0,1.0
376.05,1.0
376.1,1.0
376.15000000000003,1.0
376.20000000000005,1.0
376.25,1.0
376.3,1.0
376.35,1.0
376.40000000000003,1.0
376.45000000000005,1.0
376.5,1.0
376.55,1.0
376.6,1.0
376.65000000000003,1.0
376.70000000000005,1.0
376.75,1.0
376.8,1.0
376.85,1.0
376.90000000000003,1.0
376.95000000000005,1.0
377.0,1.0
377.05,1.0
377.1,1.0
377.15000000000003,1.0
377.20000000000005,1.0
377.25,1.0
377.3,1.0
377.35,1.0
377.40000000000003,1.0
377.45000000000005,1.0
377.5,1.0
377.55,1.0
377.6,1.0
377.65000000000003,1.0
377.70000000000005,1.0
377.75,1.0
377.8,1.0
377.85,1.0
377.90000000000003,1.0
377.95000000000005,1.0
378.0,1.0
378.05,1.0
378.1,1.0
378.15000000000003,1.0
378.20000000000005,1.0
378.25,1.0
378.3,1.0
378.35,1.0
378.40000000000003,1.0
378.45000000000005,1.0
378.5,1.0
378.55,1.0
378.6,1.0
378.65000000000003,1.0
378.70000000000005,1.0
378.75,1.0
378.8,1.0
378.85,1.0
378.90000000000003,1.0
378.95000000000005,1.0
379.0,1.0
379.05,1.0
379.1,1.0
379.15000000000003,1.0
379.20000000000005,1.0
379.25,1.0
379.3,1.0
379.35,1.0
379.40000000000003,1.0
379.45000000000005,1.0
379.5,1.0
379.55,1.0
379.6,1.0
379.65000000000003,1.0
379.70000000000005,1.0
379.75,1.0
379.8,1.0
379.85,1.0
379.90000000000003,1.0
379.95000000000005,1.0
380.0,1.0
380.05,1.0
380.1,1.0
380.15000000000003,1.0
380.20000000000005,1.0
380.25,1.0
380.3,1.0
380.35,1.0
380.40000000000003,1.0
380.45000000000005,1.0
380.5,1.0
380.55,1.0
380.6,1.0
380.65000000000003,1.0
380.70000000000005,1.0
380.75,1.0
380.8,1.0
380.85,1.0
380.90000000000003,1.0
380.95000000000005,1.0
381.0,1.0
381.05,1.0
381.1,1.0
381.15000000000003,1.0
381.20000000000005,1.0
381.25,1.0
381.3,1.0
381.35,1.0
381.40000000000003,1.0
381.45000000000005,1.0
381.5,1.0
381.55,1.0
381.6,1.0
381.65000000000003,1.0
381.70000000000005,1.0
381.75,1.0
381.8,1.0
381.85,1.0
381.90000000000003,1.0
381.95000000000005,1.0
382.0,1.0
382.05,1.0
382.1,1.0
382.15000000000003,1.0
382.20000000000005,1.0
382.25,1.0
382.3,1.0
382.35,1.0
382.40000000000003,1.0
382.45000000000005,1.0
382.5,1.0
382.55,1.0
382.6,1.0
382.65000000000003,1.0
382.70000000000005,1.0
382.75,1.0
382.8,1.0
382.85,1.0
382.90000000000003,1.0
382.95000000000005,1.0
383.0,1.0
383.05,1.0
383.1,1.0
383.15000000000003,1.0
383.20000000000005,1.0
383.25,1.0
383.3,1.0
383.35,1.0
383.40000000000003,1.0
383.45000000000005,1.0
383.5,1.0
383.55,1.0
383.6,1.0
383.65000000000003,1.0
383.70000000000005,1.0
383.75,1.0
383.8,1.0
383.85,1.0
383.90000000000003,1.0
383.95000000000005,1.0
384.0,1.0
384.05,1.0
384.1,1.0
384.15000000000003,1.0
384.20000000000005,1.0
384.25,1.0
384.3,1.0
384.35,1.0
384.40000000000003,1.0
384.45000000000005,1.0
384.5,1.0
384.55,1.0
384.6,1.0
384.65000000000003,1.0
384.70000000000005,1.0
384.75,1.0
384.8,1.0
384.85,1.0
384.90000000000003,1.0
384.95000000000005,1.0
385.0,1.0
385.05,1.0
385.1,1.0
385.15000000000003,1.0
385.20000000000005,1.0
385.25,1.0
385.3,1.0
385.35,1.0
385.40000000000003,1.0
385.45000000000005,1.0
385.5,1.0
385.55,1.0
385.6,1.0
385.65000000000003,1.0
385.70000000000005,1.0
385.75,1.0
385.8,1.0
385.85,1.0
385.90000000000003,1.0
385.95000000000005,1.0
386.0,1.0
386.05,1.0
386.1,1.0
386.15000000000003,1.0
386.20000000000005,1.0
386.25,1.0
386.3,1.0
386.35,1.0
386.40000000000003,1.0
386.45000000000005,1.0
386.5,1.0
386.55,1.0
386.6,1.0
386.65000000000003,1.0
386.70000000000005,1.0
386.75,1.0
386.8,1.0
386.85,1.0
386.90000000000003,1.0
386.95000000000005,1.0
387.0,1.0
387.05,1.0
387.1,1.0
387.15000000000003,1.0
387.20000000000005,1.0
387.25,1.0
387.3,1.0
387.35,1.0
387.40000000000003,1.0
387.45000000000005,1.0
387.5,1.0
387.55,1.0
387.6,1.0
387.65000000000003,1.0
387.70000000000005,1.0
387.75,1.0
387.8,1.0
387.85,1.0
387.90000000000003,1.0
387.95000000000005,1.0
388.0,1.0
388.05,1.0
388.1,1.0
388.15000000000003,1.0
388.20000000000005,1.0
388.25,1.0
388.3,1.0
388.35,1.0
388.40000000000003,1.0
388.45000000000005,1.0
388.5,1.0
388.55,1.0
388.6,1.0
388.65000000000003,1.0
388.70000000000005,1.0
388.75,1.0
388.8,1.0
388.85,1.0
388.90000000000003,1.0
388.95000000000005,1.0
389.0,1.0
389.05,1.0
389.1,1.0
389.15000000000003,1.0
389.20000000000005,1.0
389.25,1.0
389.3,1.0
389.35,1.0
389.40000000000003,1.0
389.45000000000005,1.0
389.5,1.0
389.55,1.0
389.6,1.0
389.65000000000003,1.0
389.70000000000005,1.0
389.75,1.0
389.8,1.0
389.85,1.0
389.90000000000003,1.0
389.95000000000005,1.0
390.0,1.0
390.05,1.0
390.1,1.0
390.15000000000003,1.0
390.20000000000005,1.0
390.25,1.0
390.3,1.0
390.35,1.0
390.40000000000003,1.0
390.45000000000005,1.0
390.5,1.0
390.55,1.0
390.6,1.0
390.65000000000003,1.0
390.70000000000005,1.0
390.75,1.0
390.8,1.0
390.85,1.0
390.90000000000003,1.0
390.95000000000005,1.0
391.0,1.0
391.05,1.0
391.1,1.0
391.15000000000003,1.0
391.20000000000005,1.0
391.25,1.0
391.3,1.0
391.35,1.0
391.40000000000003,1.0
391.45000000000005,1.0
391.5,1.0
391.55,1.0
391.6,1.0
391.65000000000003,1.0
391.70000000000005,1.0
391.75,1.0
391.8,1.0
391.85,1.0
391.90000000000003,1.0
391.95000000000005,1.0
392.0,1.0
392.05,1.0
392.1,1.0
392.15000000000003,1.0
392.20000000000005,1.0
392.25,1.0
392.3,1.0
392.35,1.0
392.40000000000003,1.0
392.45000000000005,1.0
392.5,1.0
392.55,1.0
392.6,1.0
392.65000000000003,1.0
392.70000000000005,1.0
392.75,1.0
392.8,1.0
392.85,1.0
392.90000000000003,1.0
392.95000000000005,1.0
393.0,1.0
393.05,1.0
393.1,1.0
393.15000000000003,1.0
393.20000000000005,1.0
393.25,1.0
393.3,1.0
393.35,1.0
393.40000000000003,1.0
393.45000000000005,1.0
393.5,1.0
393.55,1.0
393.6,1.0
393.65000000000003,1.0
393.70000000000005,1.0
393.75,1.0
393.8,1.0
393.85,1.0
393.90000000000003,1.0
393.95000000000005,1.0
394.0,1.0
394.05,1.0
394.1,1.0
394.15000000000003,1.0
394.20000000000005,1.0
394.25,1.0
394.3,1.0
394.35,1.0
394.40000000000003,1.0
394.45000000000005,1.0
394.5,1.0
394.55,1.0
394.6,1.0
394.65000000000003,1.0
394.70000000000005,1.0
394.75,1.0
394.8,1.0
394.85,1.0
394.90000000000003,1.0
394.95000000000005,1.0
395.0,1.0
395.05,1.0
395.1,1.0
395.15000000000003,1.0
395.20000000000005,1.0
395.25,1.0
395.3,1.0
395.35,1.0
395.40000000000003,1.0
395.45000000000005,1.0
395.5,1.0
395.55,1.0
395.6,1.0
395.65000000000003,1.0
395.70000000000005,1.0
395.75,1.0
395.8,1.0
395.85,1.0
395.90000000000003,1.0
395.95000000000005,1.0
396.0,1.0
396.05,1.0
396.1,1.0
396.15000000000003,1.0
396.20000000000005,1.0
396.25,1.0
396.3,1.0
396.35,1.0
396.40000000000003,1.0
396.45000000000005,1.0
396.5,1.0
396.55,1.0
396.6,1.0
396.65000000000003,1.0
396.70000000000005,1.0
396.75,1.0
396.8,1.0
396.85,1.0
396.90000000000003,1.0
396.95000000000005,1.0
397.0,1.0
397.05,1.0
397.1,1.0
397.15000000000003,1.0
397.20000000000005,1.0
397.25,1.0
397.3,1.0
397.35,1.0
397.40000000000003,1.0
397.45000000000005,1.0
397.5,1.0
397.55,1.0
397.6,1.0
397.65000000000003,1.0
397.70000000000005,1.0
397.75,1.0
397.8,1.0
397.85,1.0
397.90000000000003,1.0
397.95000000000005,1.0
398.0,1.0
398.05,1.0
398.1,1.0
398.15000000000003,1.0
398.20000000000005,1.0
398.25,1.0
398.3,1.0
398.35,1.0
398.40000000000003,1.0
398.45000000000005,1.0
398.5,1.0
398.55,1.0
398.6,1.0
398.65000000000003,1.0
398.70000000000005,1.0
398.75,1.0
398.8,1.0
398.85,1.0
398.90000000000003,1.0
398.95000000000005,1.0
399.0,1.0
399.05,1.0
399.1,1.0
399.15000000000003,1.0
399.20000000000005,1.0
399.25,1.0
399.3,1.0
399.35,1.0
399.40000000000003,1.0
399.45000000000005,1.0
399.5,1.0
399.55,1.0
399.6,1.0
399.65000000000003,1.0
399.70000000000005,1.0
399.75,1.0
399.8,1.0
399.85,1.0
399.90000000000003,1.0
399.95000000000005,1.0
400.0,1.0
400.05,1.0
400.1,1.0
400.15000000000003,1.0
400.20000000000005,1.0
400.25,1.0
400.3,1.0
400.35,1.0
400.40000000000003,1.0
400.45000000000005,1.0
400.5,1.0
400.55,1.0
400.6,1.0
400.65000000000003,1.0
400.70000000000005,1.0
400.75,1.0
400.8,1.0
400.85,1.0
400.90000000000003,1.0
400.95000000000005,1.0
401.0,1.0
401.05,1.0
401.1,1.0
401.15000000000003,1.0
401.20000000000005,1.0
401.25,1.0
401.3,1.0
401.35,1.0
401.40000000000003,1.0
401.45000000000005,1.0
401.5,1.0
401.55,1.0
401.6,1.0
401.65000000000003,1.0
401.70000000000005,1.0
401.75,1.0
401.8,1.0
401.85,1.0
401.90000000000003,1.0
401.95000000000005,1.0
402.0,1.0
402.05,1.0
402.1,1.0
402.15000000000003,1.0
402.20000000000005,1.0
402.25,1.0
402.3,1.0
402.35,1.0
402.40000000000003,1.0
402.45000000000005,1.0
402.5,1.0
402.55,1.0
402.6,1.0
402.65000000000003,1.0
402.70000000000005,1.0
402.75,1.0
402.8,1.0
402.85,1.0
402.90000000000003,1.0
402.95000000000005,1.0
403.0,1.0
403.05,1.0
403.1,1.0
403.15000000000003,1.0
403.20000000000005,1.0
403.25,1.0
403.3,1.0
403.35,1.0
403.40000000000003,1.0
403.45000000000005,1.0
403.5,1.0
403.55,1.0
403.6,1.0
403.65000000000003,1.0
403.70000000000005,1.0
403.75,1.0
403.8,1.0
403.85,1.0
403.90000000000003,1.0
403.95000000000005,1.0
404.0,1.0
404.05,1.0
404.1,1.0
404.15000000000003,1.0
404.20000000000005,1.0
404.25,1.0
404.3,1.0
404.35,1.0
404.40000000000003,1.0
404.45000000000005,1.0
404.5,1.0
404.55,1.0
404.6,1.0
404.65000000000003,1.0
404.70000000000005,1.0
404.75,1.0
404.8,1.0
404.85,1.0
404.90000000000003,1.0
404.95000000000005,1.0
405.0,1.0
405.05,1.0
405.1,1.0
405.15000000000003,1.0
405.20000000000005,1.0
405.25,1.0
405.3,1.0
405.35,1.0
405.40000000000003,1.0
405.45000000000005,1.0
405.5,1.0
405.55,1.0
405.6,1.0
405.65000000000003,1.0
405.70000000000005,1.0
405.75,1.0
405.8,1.0
405.85,1.0
405.90000000000003,1.0
405.95000000000005,1.0
406.0,1.0
406.05,1.0
406.1,1.0
406.15000000000003,1.0
406.20000000000005,1.0
406.25,1.0
406.3,1.0
406.35,1.0
406.40000000000003,1.0
406.45000000000005,1.0
406.5,1.0
406.55,1.0
406.6,1.0
406.65000000000003,1.0
406.70000000000005,1.0
406.75,1.0
406.8,1.0
406.85,1.0
406.90000000000003,1.0
406.95000000000005,1.0
407.0,1.0
407.05,1.0
407.1,1.0
407.15000000000003,1.0
407.20000000000005,1.0
407.25,1.0
407.3,1.0
407.35,1.0
407.40000000000003,1.0
407.45000000000005,1.0
407.5,1.0
407.55,1.0
407.6,1.0
407.65000000000003,1.0
407.70000000000005,1.0
407.75,1.0
407.8,1.0
407.85,1.0
407.90000000000003,1.0
407.95000000000005,1.0
408.0,1.0
408.05,1.0
408.1,1.0
408.15000000000003,1.0
408.20000000000005,1.0
408.25,1.0
408.3,1.0
408.35,1.0
408.40000000000003,1.0
408.45000000000005,1.0
408.5,1.0
408.55,1.0
408.6,1.0
408.65000000000003,1.0
408.70000000000005,1.0
408.75,1.0
408.8,1.0
408.85,1.0
408.90000000000003,1.0
408.95000000000005,1.0
409.0,1.0
409.05,1.0
409.1,1.0
409.15000000000003,1.0
409.20000000000005,1.0
409.25,1.0
409.3,1.0
409.35,1.0
409.40000000000003,1.0
409.45000000000005,1.0
409.5,1.0
409.55,1.0
409.6,1.0
409.65000000000003,1.0
409.70000000000005,1.0
409.75,1.0
409.8,1.0
409.85,1.0
409.90000000000003,1.0
409.95000000000005,1.0
410.0,1.0
410.05,1.0
410.1,1.0
410.15000000000003,1.0
410.20000000000005,1.0
410.25,1.0
410.3,1.0
410.35,1.0
410.40000000000003,1.0
410.45000000000005,1.0
410.5,1.0
410.55,1.0
410.6,1.0
410.65000000000003,1.0
410.70000000000005,1.0
410.75,1.0
410.8,1.0
410.85,1.0
410.90000000000003,1.0
410.95000000000005,1.0
411.0,1.0
411.05,1.0
411.1,1.0
411.15000000000003,1.0
411.20000000000005,1.0
411.25,1.0
411.3,1.0
411.35,1.0
411.40000000000003,1.0
411.45000000000005,1.0
411.5,1.0
411.55,1.0
411.6,1.0
411.65000000000003,1.0
411.70000000000005,1.0
411.75,1.0
411.8,1.0
411.85,1.0
411.90000000000003,1.0
411.95000000000005,1.0
412.0,1.0
412.05,1.0
412.1,1.0
412.15000000000003,1.0
412.20000000000005,1.0
412.25,1.0
412.3,1.0
412.35,1.0
412.40000000000003,1.0
412.45000000000005,1.0
412.5,1.0
412.55,1.0
412.6,1.0
412.65000000000003,1.0
412.70000000000005,1.0
412.75,1.0
412.8,1.0
412.85,1.0
412.90000000000003,1.0
412.95000000000005,1.0
413.0,1.0
413.05,1.0
413.1,1.0
413.15000000000003,1.0
413.20000000000005,1.0
413.25,1.0
413.3,1.0
413.35,1.0
413.40000000000003,1.0
413.45000000000005,1.0
413.5,1.0
413.55,1.0
413.6,1.0
413.65000000000003,1.0
413.70000000000005,1.0
413.75,1.0
413.8,1.0
413.85,1.0
413.90000000000003,1.0
413.95000000000005,1.0
414.0,1.0
414.05,1.0
414.1,1.0
414.15000000000003,1.0
414.20000000000005,1.0
414.25,1.0
414.3,1.0
414.35,1.0
414.40000000000003,1.0
414.45000000000005,1.0
414.5,1.0
414.55,1.0
414.6,1.0
414.65000000000003,1.0
414.70000000000005,1.0
414.75,1.0
414.8,1.0
414.85,1.0
414.90000000000003,1.0
414.95000000000005,1.0
415.0,1.0
415.05,1.0
415.1,1.0
415.15000000000003,1.0
415.20000000000005,1.0
415.25,1.0
415.3,1.0
415.35,1.0
415.40000000000003,1.0
415.45000000000005,1.0
415.5,1.0
415.55,1.0
415.6,1.0
415.65000000000003,1.0
415.70000000000005,1.0
415.75,1.0
415.8,1.0
415.85,1.0
415.90000000000003,1.0
415.95000000000005,1.0
416.0,1.0
416.05,1.0
416.1,1.0
416.15000000000003,1.0
416.20000000000005,1.0
416.25,1.0
416.3,1.0
416.35,1.0
416.40000000000003,1.0
416.45000000000005,1.0
416.5,1.0
416.55,1.0
416.6,1.0
416.65000000000003,1.0
416.70000000000005,1.0
416.75,1.0
416.8,1.0
416.85,1.0
416.90000000000003,1.0
416.95000000000005,1.0
417.0,1.0
417.05,1.0
417.1,1.0
417.15000000000003,1.0
417.20000000000005,1.0
417.25,1.0
417.3,1.0
417.35,1.0
417.40000000000003,1.0
417.45000000000005,1.0
417.5,1.0
417.55,1.0
417.6,1.0
417.65000000000003,1.0
417.70000000000005,1.0
417.75,1.0
417.8,1.0
417.85,1.0
417.90000000000003,1.0
417.95000000000005,1.0
418.0,1.0
418.05,1.0
418.1,1.0
418.15000000000003,1.0
418.20000000000005,1.0
418.25,1.0
418.3,1.0
418.35,1.0
418.40000000000003,1.0
418.45000000000005,1.0
418.5,1.0
418.55,1.0
418.6,1.0
418.65000000000003,1.0
418.70000000000005,1.0
418.75,1.0
418.8,1.0
418.85,1.0
418.90000000000003,1.0
418.95000000000005,1.0
419.0,1.0
419.05,1.0
419.1,1.0
419.15000000000003,1.0
419.20000000000005,1.0
419.25,1.0
419.3,1.0
419.35,1.0
419.40000000000003,1.0
419.45000000000005,1.0
419.5,1.0
419.55,1.0
419.6,1.0
419.65000000000003,1.0
419.70000000000005,1.0
419.75,1.0
419.8,1.0
419.85,1.0
419.90000000000003,1.0
419.95000000000005,1.0
420.0,1.0
420.05,1.0
420.1,1.0
420.15000000000003,1.0
420.20000000000005,1.0
420.25,1.0
420.3,1.0
420.35,1.0
420.40000000000003,1.0
420.45000000000005,1.0
420.5,1.0
420.55,1.0
420.6,1.0
420.65000000000003,1.0
420.70000000000005,1.0
420.75,1.0
420.8,1.0
420.85,1.0
420.90000000000003,1.0
420.95000000000005,1.0
421.0,1.0
421.05,1.0
421.1,1.0
421.15000000000003,1.0
421.20000000000005,1.0
421.25,1.0
421.3,1.0
421.35,1.0
421.40000000000003,1.0
421.45000000000005,1.0
421.5,1.0
421.55,1.0
421.6,1.0
421.65000000000003,1.0
421.70000000000005,1.0
421.75,1.0
421.8,1.0
421.85,1.0
421.90000000000003,1.0
421.95000000000005,1.0
422.0,1.0
422.05,1.0
422.1,1.0
422.15000000000003,1.0
422.20000000000005,1.0
422.25,1.0
422.3,1.0
422.35,1.0
422.40000000000003,1.0
422.45000000000005,1.0
422.5,1.0
422.55,1.0
422.6,1.0
422.65000000000003,1.0
422.70000000000005,1.0
422.75,1.0
422.8,1.0
422.85,1.0
422.90000000000003,1.0
422.95000000000005,1.0
423.0,1.0
423.05,1.0
423.1,1.0
423.15000000000003,1.0
423.20000000000005,1.0
423.25,1.0
423.3,1.0
423.35,1.0
423.40000000000003,1.0
423.45000000000005,1.0
423.5,1.0
423.55,1.0
423.6,1.0
423.65000000000003,1.0
423.70000000000005,1.0
423.75,1.0
423.8,1.0
423.85,1.0
423.90000000000003,1.0
423.95000000000005,1.0
424.0,1.0
424.05,1.0
424.1,1.0
424.15000000000003,1.0
424.20000000000005,1.0
424.25,1.0
424.3,1.0
424.35,1.0
424.40000000000003,1.0
424.45000000000005,1.0
424.5,1.0
424.55,1.0
424.6,1.0
424.65000000000003,1.0
424.70000000000005,1.0
424.75,1.0
424.8,1.0
424.85,1.0
424.90000000000003,1.0
424.95000000000005,1.0
425.0,1.0
425.05,1.0
425.1,1.0
425.15000000000003,1.0
425.20000000000005,1.0
425.25,1.0
425.3,1.0
425.35,1.0
425.40000000000003,1.0
425.45000000000005,1.0
425.5,1.0
425.55,1.0
425.6,1.0
425.65000000000003,1.0
425.70000000000005,1.0
425.75,1.0
425.8,1.0
425.85,1.0
425.90000000000003,1.0
425.95000000000005,1.0
426.0,1.0
426.05,1.0
426.1,1.0
426.15000000000003,1.0
426.20000000000005,1.0
426.25,1.0
426.3,1.0
426.35,1.0
426.40000000000003,1.0
426.45000000000005,1.0
426.5,1.0
426.55,1.0
426.6,1.0
426.65000000000003,1.0
426.70000000000005,1.0
426.75,1.0
426.8,1.0
426.85,1.0
426.90000000000003,1.0
426.95000000000005,1.0
427.0,1.0
427.05,1.0
427.1,1.0
427.15000000000003,1.0
427.20000000000005,1.0
427.25,1.0
427.3,1.0
427.35,1.0
427.40000000000003,1.0
427.45000000000005,1.0
427.5,1.0
427.55,1.0
427.6,1.0
427.65000000000003,1.0
427.70000000000005,1.0
427.75,1.0
427.8,1.0
427.85,1.0
427.90000000000003,1.0
427.95000000000005,1.0
428.0,1.0
428.05,1.0
428.1,1.0
428.15000000000003,1.0
428.20000000000005,1.0
428.25,1.0
428.3,1.0
428.35,1.0
428.40000000000003,1.0
428.45000000000005,1.0
428.5,1.0
428.55,1.0
428.6,1.0
428.65000000000003,1.0
428.70000000000005,1.0
428.75,1.0
428.8,1.0
428.85,1.0
428.90000000000003,1.0
428.95000000000005,1.0
429.0,1.0
429.05,1.0
429.1,1.0
429.15000000000003,1.0
429.20000000000005,1.0
429.25,1.0
429.3,1.0
429.35,1.0
429.40000000000003,1.0
429.45000000000005,1.0
429.5,1.0
429.55,1.0
429.6,1.0
429.65000000000003,1.0
429.70000000000005,1.0
429.75,1.0
429.8,1.0
429.85,1.0
429.90000000000003,1.0
429.95000000000005,1.0
430.0,1.0
430.05,1.0
430.1,1.0
430.15000000000003,1.0
430.20000000000005,1.0
430.25,1.0
430.3,1.0
430.35,1.0
430.40000000000003,1.0
430.45000000000005,1.0
430.5,1.0
430.55,1.0
430.6,1.0
430.65000000000003,1.0
430.70000000000005,1.0
430.75,1.0
430.8,1.0
430.85,1.0
430.90000000000003,1.0
430.95000000000005,1.0
431.0,1.0
431.05,1.0
431.1,1.0
431.15000000000003,1.0
431.20000000000005,1.0
431.25,1.0
431.3,1.0
431.35,1.0
431.40000000000003,1.0
431.45000000000005,1.0
431.5,1.0
431.55,1.0
431.6,1.0
431.65000000000003,1.0
431.70000000000005,1.0
431.75,1.0
431.8,1.0
431.85,1.0
431.90000000000003,1.0
431.95000000000005,1.0
432.0,1.0
432.05,1.0
432.1,1.0
432.15000000000003,1.0
432.20000000000005,1.0
432.25,1.0
432.3,1.0
432.35,1.0
432.40000000000003,1.0
432.45000000000005,1.0
432.5,1.0
432.55,1.0
432.6,1.0
432.65000000000003,1.0
432.70000000000005,1.0
432.75,1.0
432.8,1.0
432.85,1.0
432.90000000000003,1.0
432.95000000000005,1.0
433.0,1.0
433.05,1.0
433.1,1.0
433.15000000000003,1.0
433.20000000000005,1.0
433.25,1.0
433.3,1.0
433.35,1.0
433.40000000000003,1.0
433.45000000000005,1.0
433.5,1.0
433.55,1.0
433.6,1.0
433.65000000000003,1.0
433.70000000000005,1.0
433.75,1.0
433.8,1.0
433.85,1.0
433.90000000000003,1.0
433.95000000000005,1.0
434.0,1.0
434.05,1.0
434.1,1.0
434.15000000000003,1.0
434.20000000000005,1.0
434.25,1.0
434.3,1.0
434.35,1.0
434.40000000000003,1.0
434.45000000000005,1.0
434.5,1.0
434.55,1.0
434.6,1.0
434.65000000000003,1.0
434.70000000000005,1.0
434.75,1.0
434.8,1.0
434.85,1.0
434.90000000000003,1.0
434.95000000000005,1.0
435.0,1.0
435.05,1.0
435.1,1.0
435.15000000000003,1.0
435.20000000000005,1.0
435.25,1.0
435.3,1.0
435.35,1.0
435.40000000000003,1.0
435.45000000000005,1.0
435.5,1.0
435.55,1.0
435.6,1.0
435.65000000000003,1.0
435.70000000000005,1.0
435.75,1.0
435.8,1.0
435.85,1.0
435.90000000000003,1.0
435.95000000000005,1.0
436.0,1.0
436.05,1.0
436.1,1.0
436.15000000000003,1.0
436.20000000000005,1.0
436.25,1.0
436.3,1.0
436.35,1.0
436.40000000000003,1.0
436.45000000000005,1.0
436.5,1.0
436.55,1.0
436.6,1.0
436.65000000000003,1.0
436.70000000000005,1.0
436.75,1.0
436.8,1.0
436.85,1.0
436.90000000000003,1.0
436.95000000000005,1.0
437.0,1.0
437.05,1.0
437.1,1.0
437.15000000000003,1.0
437.20000000000005,1.0
437.25,1.0
437.3,1.0
437.35,1.0
437.40000000000003,1.0
437.45000000000005,1.0
437.5,1.0
437.55,1.0
437.6,1.0
437.65000000000003,1.0
437.70000000000005,1.0
437.75,1.0
437.8,1.0
437.85,1.0
437.90000000000003,1.0
437.95000000000005,1.0
438.0,1.0
438.05,1.0
438.1,1.0
438.15000000000003,1.0
438.20000000000005,1.0
438.25,1.0
438.3,1.0
438.35,1.0
438.40000000000003,1.0
438.45000000000005,1.0
438.5,1.0
438.55,1.0
438.6,1.0
438.65000000000003,1.0
438.70000000000005,1.0
438.75,1.0
438.8,1.0
438.85,1.0
438.90000000000003,1.0
438.95000000000005,1.0
439.0,1.0
439.05,1.0
439.1,1.0
439.15000000000003,1.0
439.20000000000005,1.0
439.25,1.0
439.3,1.0
439.35,1.0
439.40000000000003,1.0
439.45000000000005,1.0
439.5,1.0
439.55,1.0
439.6,1.0
439.65000000000003,1.0
439.70000000000005,1.0
439.75,1.0
439.8,1.0
439.85,1.0
439.90000000000003,1.0
439.95000000000005,1.0
440.0,1.0
440.05,1.0
440.1,1.0
440.15000000000003,1.0
440.20000000000005,1.0
440.25,1.0
440.3,1.0
440.35,1.0
440.40000000000003,1.0
440.45000000000005,1.0
440.5,1.0
440.55,1.0
440.6,1.0
440.65000000000003,1.0
440.70000000000005,1.0
440.75,1.0
440.8,1.0
440.85,1.0
440.90000000000003,1.0
440.95000000000005,1.0
441.0,1.0
441.05,1.0
441.1,1.0
441.15000000000003,1.0
441.20000000000005,1.0
441.25,1.0
441.3,1.0
441.35,1.0
441.40000000000003,1.0
441.45000000000005,1.0
441.5,1.0
441.55,1.0
441.6,1.0
441.65000000000003,1.0
441.70000000000005,1.0
441.75,1.0
441.8,1.0
441.85,1.0
441.90000000000003,1.0
441.95000000000005,1.0
442.0,1.0
442.05,1.0
442.1,1.0
442.15000000000003,1.0
442.20000000000005,1.0
442.25,1.0
442.3,1.0
442.35,1.0
442.40000000000003,1.0
442.45000000000005,1.0
442.5,1.0
442.55,1.0
442.6,1.0
442.65000000000003,1.0
442.70000000000005,1.0
442.75,1.0
442.8,1.0
442.85,1.0
442.90000000000003,1.0
442.95000000000005,1.0
443.0,1.0
443.05,1.0
443.1,1.0
443.15000000000003,1.0
443.20000000000005,1.0
443.25,1.0
443.3,1.0
443.35,1.0
443.40000000000003,1.0
443.45000000000005,1.0
443.5,1.0
443.55,1.0
443.6,1.0
443.65000000000003,1.0
443.70000000000005,1.0
443.75,1.0
443.8,1.0
443.85,1.0
443.90000000000003,1.0
443.95000000000005,1.0
444.0,1.0
444.05,1.0
444.1,1.0
444.15000000000003,1.0
444.20000000000005,1.0
444.25,1.0
444.3,1.0
444.35,1.0
444.40000000000003,1.0
444.45000000000005,1.0
444.5,1.0
444.55,1.0
444.6,1.0
444.65000000000003,1.0
444.70000000000005,1.0
444.75,1.0
444.8,1.0
444.85,1.0
444.90000000000003,1.0
444.95000000000005,1.0
445.0,1.0
445.05,1.0
445.1,1.0
445.15000000000003,1.0
445.20000000000005,1.0
445.25,1.0
445.3,1.0
445.35,1.0
445.40000000000003,1.0
445.45000000000005,1.0
445.5,1.0
445.55,1.0
445.6,1.0
445.65000000000003,1.0
445.70000000000005,1.0
445.75,1.0
445.8,1.0
445.85,1.0
445.90000000000003,1.0
445.95000000000005,1.0
446.0,1.0
446.05,1.0
446.1,1.0
446.15000000000003,1.0
446.20000000000005,1.0
446.25,1.0
446.3,1.0
446.35,1.0
446.40000000000003,1.0
446.45000000000005,1.0
446.5,1.0
446.55,1.0
446.6,1.0
446.65000000000003,1.0
446.70000000000005,1.0
446.75,1.0
446.8,1.0
446.85,1.0
446.90000000000003,1.0
446.95000000000005,1.0
447.0,1.0
447.05,1.0
447.1,1.0
447.15000000000003,1.0
447.20000000000005,1.0
447.25,1.0
447.3,1.0
447.35,1.0
447.40000000000003,1.0
447.45000000000005,1.0
447.5,1.0
447.55,1.0
447.6,1.0
447.65000000000003,1.0
447.70000000000005,1.0
447.75,1.0
447.8,1.0
447.85,1.0
447.90000000000003,1.0
447.95000000000005,1.0
448.0,1.0
448.05,1.0
448.1,1.0
448.15000000000003,1.0
448.20000000000005,1.0
448.25,1.0
448.3,1.0
448.35,1.0
448.40000000000003,1.0
448.45000000000005,1.0
448.5,1.0
448.55,1.0
448.6,1.0
448.65000000000003,1.0
448.70000000000005,1.0
448.75,1.0
448.8,1.0
448.85,1.0
448.90000000000003,1.0
448.95000000000005,1.0
449.0,1.0
449.05,1.0
449.1,1.0
449.15000000000003,1.0
449.20000000000005,1.0
449.25,1.0
449.3,1.0
449.35,1.0
449.40000000000003,1.0
449.45000000000005,1.0
449.5,1.0
449.55,1.0
449.6,1.0
449.65000000000003,1.0
449.70000000000005,1.0
449.75,1.0
449.8,1.0
449.85,1.0
449.90000000000003,1.0
449.95000000000005,1.0
450.0,1.0
450.05,1.0
450.1,1.0
450.15000000000003,1.0
450.20000000000005,1.0
450.25,1.0
450.3,1.0
450.35,1.0
450.40000000000003,1.0
450.45000000000005,1.0
450.5,1.0
450.55,1.0
450.6,1.0
450.65000000000003,1.0
450.70000000000005,1.0
450.75,1.0
450.8,1.0
450.85,1.0
450.90000000000003,1.0
450.95000000000005,1.0
451.0,1.0
451.05,1.0
451.1,1.0
451.15000000000003,1.0
451.20000000000005,1.0
451.25,1.0
451.3,1.0
451.35,1.0
451.40000000000003,1.0
451.45000000000005,1.0
451.5,1.0
451.55,1.0
451.6,1.0
451.65000000000003,1.0
451.70000000000005,1.0
451.75,1.0
451.8,1.0
451.85,1.0
451.90000000000003,1.0
451.95000000000005,1.0
452.0,1.0
452.05,1.0
452.1,1.0
452.15000000000003,1.0
452.20000000000005,1.0
452.25,1.0
452.3,1.0
452.35,1.0
452.40000000000003,1.0
452.45000000000005,1.0
452.5,1.0
452.55,1.0
452.6,1.0
452.65000000000003,1.0
452.70000000000005,1.0
452.75,1.0
452.8,1.0
452.85,1.0
452.90000000000003,1.0
452.95000000000005,1.0
453.0,1.0
453.05,1.0
453.1,1.0
453.15000000000003,1.0
453.20000000000005,1.0
453.25,1.0
453.3,1.0
453.35,1.0
453.40000000000003,1.0
453.45000000000005,1.0
453.5,1.0
453.55,1.0
453.6,1.0
453.65000000000003,1.0
453.70000000000005,1.0
453.75,1.0
453.8,1.0
453.85,1.0
453.90000000000003,1.0
453.95000000000005,1.0
454.0,1.0
454.05,1.0
454.1,1.0
454.15000000000003,1.0
454.20000000000005,1.0
454.25,1.0
454.3,1.0
454.35,1.0
454.40000000000003,1.0
454.45000000000005,1.0
454.5,1.0
454.55,1.0
454.6,1.0
454.65000000000003,1.0
454.70000000000005,1.0
454.75,1.0
454.8,1.0
454.85,1.0
454.90000000000003,1.0
454.95000000000005,1.0
455.0,1.0
455.05,1.0
455.1,1.0
455.15000000000003,1.0
455.20000000000005,1.0
455.25,1.0
455.3,1.0
455.35,1.0
455.40000000000003,1.0
455.45000000000005,1.0
455.5,1.0
455.55,1.0
455.6,1.0
455.65000000000003,1.0
455.70000000000005,1.0
455.75,1.0
455.8,1.0
455.85,1.0
455.90000000000003,1.0
455.95000000000005,1.0
456.0,1.0
456.05,1.0
456.1,1.0
456.15000000000003,1.0
456.20000000000005,1.0
456.25,1.0
456.3,1.0
456.35,1.0
456.40000000000003,1.0
456.45000000000005,1.0
456.5,1.0
456.55,1.0
456.6,1.0
456.65000000000003,1.0
456.70000000000005,1.0
456.75,1.0
456.8,1.0
456.85,1.0
456.90000000000003,1.0
456.95000000000005,1.0
457.0,1.0
457.05,1.0
457.1,1.0
457.15000000000003,1.0
457.20000000000005,1.0
457.25,1.0
457.3,1.0
457.35,1.0
457.40000000000003,1.0
457.45000000000005,1.0
457.5,1.0
457.55,1.0
457.6,1.0
457.65000000000003,1.0
457.70000000000005,1.0
457.75,1.0
457.8,1.0
457.85,1.0
457.90000000000003,1.0
457.95000000000005,1.0
458.0,1.0
458.05,1.0
458.1,1.0
458.15000000000003,1.0
458.20000000000005,1.0
458.25,1.0
458.3,1.0
458.35,1.0
458.40000000000003,1.0
458.45000000000005,1.0
458.5,1.0
458.55,1.0
458.6,1.0
458.65000000000003,1.0
458.70000000000005,1.0
458.75,1.0
458.8,1.0
458.85,1.0
458.90000000000003,1.0
458.95000000000005,1.0
459.0,1.0
459.05,1.0
459.1,1.0
459.15000000000003,1.0
459.20000000000005,1.0
459.25,1.0
459.3,1.0
459.35,1.0
459.40000000000003,1.0
459.45000000000005,1.0
459.5,1.0
459.55,1.0
459.6,1.0
459.65000000000003,1.0
459.70000000000005,1.0
459.75,1.0
459.8,1.0
459.85,1.0
459.90000000000003,1.0
459.95000000000005,1.0
460.0,1.0
460.05,1.0
460.1,1.0
460.15000000000003,1.0
460.20000000000005,1.0
460.25,1.0
460.3,1.0
460.35,1.0
460.40000000000003,1.0
460.45000000000005,1.0
460.5,1.0
460.55,1.0
460.6,1.0
460.65000000000003,1.0
460.70000000000005,1.0
460.75,1.0
460.8,1.0
460.85,1.0
460.90000000000003,1.0
460.95000000000005,1.0
461.0,1.0
461.05,1.0
461.1,1.0
461.15000000000003,1.0
461.20000000000005,1.0
461.25,1.0
461.3,1.0
461.35,1.0
461.40000000000003,1.0
461.45000000000005,1.0
461.5,1.0
461.55,1.0
461.6,1.0
461.65000000000003,1.0
461.70000000000005,1.0
461.75,1.0
461.8,1.0
461.85,1.0
461.90000000000003,1.0
461.95000000000005,1.0
462.0,1.0
462.05,1.0
462.1,1.0
462.15000000000003,1.0
462.20000000000005,1.0
462.25,1.0
462.3,1.0
462.35,1.0
462.40000000000003,1.0
462.45000000000005,1.0
462.5,1.0
462.55,1.0
462.6,1.0
462.65000000000003,1.0
462.70000000000005,1.0
462.75,1.0
462.8,1.0
462.85,1.0
462.90000000000003,1.0
462.95000000000005,1.0
463.0,1.0
463.05,1.0
463.1,1.0
463.15000000000003,1.0
463.20000000000005,1.0
463.25,1.0
463.3,1.0
463.35,1.0
463.40000000000003,1.0
463.45000000000005,1.0
463.5,1.0
463.55,1.0
463.6,1.0
463.65000000000003,1.0
463.70000000000005,1.0
463.75,1.0
463.8,1.0
463.85,1.0
463.90000000000003,1.0
463.95000000000005,1.0
464.0,1.0
464.05,1.0
464.1,1.0
464.15000000000003,1.0
464.20000000000005,1.0
464.25,1.0
464.3,1.0
464.35,1.0
464.40000000000003,1.0
464.45000000000005,1.0
464.5,1.0
464.55,1.0
464.6,1.0
464.65000000000003,1.0
464.70000000000005,1.0
464.75,1.0
464.8,1.0
464.85,1.0
464.90000000000003,1.0
464.95000000000005,1.0
465.0,1.0
465.05,1.0
465.1,1.0
465.15000000000003,1.0
465.20000000000005,1.0
465.25,1.0
465.3,1.0
465.35,1.0
465.40000000000003,1.0
465.45000000000005,1.0
465.5,1.0
465.55,1.0
465.6,1.0
465.65000000000003,1.0
465.70000000000005,1.0
465.75,1.0
465.8,1.0
465.85,1.0
465.90000000000003,1.0
465.95000000000005,1.0
466.0,1.0
466.05,1.0
466.1,1.0
466.15000000000003,1.0
466.20000000000005,1.0
466.25,1.0
466.3,1.0
466.35,1.0
466.40000000000003,1.0
466.45000000000005,1.0
466.5,1.0
466.55,1.0
466.6,1.0
466.65000000000003,1.0
466.70000000000005,1.0
466.75,1.0
466.8,1.0
466.85,1.0
466.90000000000003,1.0
466.95000000000005,1.0
467.0,1.0
467.05,1.0
467.1,1.0
467.15000000000003,1.0
467.20000000000005,1.0
467.25,1.0
467.3,1.0
467.35,1.0
467.40000000000003,1.0
467.45000000000005,1.0
467.5,1.0
467.55,1.0
467.6,1.0
467.65000000000003,1.0
467.70000000000005,1.0
467.75,1.0
467.8,1.0
467.85,1.0
467.90000000000003,1.0
467.95000000000005,1.0
468.0,1.0
468.05,1.0
468.1,1.0
468.15000000000003,1.0
468.20000000000005,1.0
468.25,1.0
468.3,1.0
468.35,1.0
468.40000000000003,1.0
468.45000000000005,1.0
468.5,1.0
468.55,1.0
468.6,1.0
468.65000000000003,1.0
468.70000000000005,1.0
468.75,1.0
468.8,1.0
468.85,1.0
468.90000000000003,1.0
468.95000000000005,1.0
469.0,1.0
469.05,1.0
469.1,1.0
469.15000000000003,1.0
469.20000000000005,1.0
469.25,1.0
469.3,1.0
469.35,1.0
469.40000000000003,1.0
469.45000000000005,1.0
469.5,1.0
469.55,1.0
469.6,1.0
469.65000000000003,1.0
469.70000000000005,1.0
469.75,1.0
469.8,1.0
469.85,1.0
469.90000000000003,1.0
469.95000000000005,1.0
470.0,1.0
470.05,1.0
470.1,1.0
470.15000000000003,1.0
470.20000000000005,1.0
470.25,1.0
470.3,1.0
470.35,1.0
470.40000000000003,1.0
470.45000000000005,1.0
470.5,1.0
470.55,1.0
470.6,1.0
470.65000000000003,1.0
470.70000000000005,1.0
470.75,1.0
470.8,1.0
470.85,1.0
470.90000000000003,1.0
470.95000000000005,1.0
471.0,1.0
471.05,1.0
471.1,1.0
471.15000000000003,1.0
471.20000000000005,1.0
471.25,1.0
471.3,1.0
471.35,1.0
471.40000000000003,1.0
471.45000000000005,1.0
471.5,1.0
471.55,1.0
471.6,1.0
471.65000000000003,1.0
471.70000000000005,1.0
471.75,1.0
471.8,1.0
471.85,1.0
471.90000000000003,1.0
471.95000000000005,1.0
472.0,1.0
472.05,1.0
472.1,1.0
472.15000000000003,1.0
472.20000000000005,1.0
472.25,1.0
472.3,1.0
472.35,1.0
472.40000000000003,1.0
472.45000000000005,1.0
472.5,1.0
472.55,1.0
472.6,1.0
472.65000000000003,1.0
472.70000000000005,1.0
472.75,1.0
472.8,1.0
472.85,1.0
472.90000000000003,1.0
472.95000000000005,1.0
473.0,1.0
473.05,1.0
473.1,1.0
473.15000000000003,1.0
473.20000000000005,1.0
473.25,1.0
473.3,1.0
473.35,1.0
473.40000000000003,1.0
473.45000000000005,1.0
473.5,1.0
473.55,1.0
473.6,1.0
473.65000000000003,1.0
473.70000000000005,1.0
473.75,1.0
473.8,1.0
473.85,1.0
473.90000000000003,1.0
473.95000000000005,1.0
474.0,1.0
474.05,1.0
474.1,1.0
474.15000000000003,1.0
474.20000000000005,1.0
474.25,1.0
474.3,1.0
474.35,1.0
474.40000000000003,1.0
474.45000000000005,1.0
474.5,1.0
474.55,1.0
474.6,1.0
474.65000000000003,1.0
474.70000000000005,1.0
474.75,1.0
474.8,1.0
474.85,1.0
474.90000000000003,1.0
474.95000000000005,1.0
475.0,1.0
475.05,1.0
475.1,1.0
475.15000000000003,1.0
475.20000000000005,1.0
475.25,1.0
475.3,1.0
475.35,1.0
475.40000000000003,1.0
475.45000000000005,1.0
475.5,1.0
475.55,1.0
475.6,1.0
475.65000000000003,1.0
475.70000000000005,1.0
475.75,1.0
475.8,1.0
475.85,1.0
475.90000000000003,1.0
475.95000000000005,1.0
476.0,1.0
476.05,1.0
476.1,1.0
476.15000000000003,1.0
476.20000000000005,1.0
476.25,1.0
476.3,1.0
476.35,1.0
476.40000000000003,1.0
476.45000000000005,1.0
476.5,1.0
476.55,1.0
476.6,1.0
476.65000000000003,1.0
476.70000000000005,1.0
476.75,1.0
476.8,1.0
476.85,1.0
476.90000000000003,1.0
476.95000000000005,1.0
477.0,1.0
477.05,1.0
477.1,1.0
477.15000000000003,1.0
477.20000000000005,1.0
477.25,1.0
477.3,1.0
477.35,1.0
477.40000000000003,1.0
477.45000000000005,1.0
477.5,1.0
477.55,1.0
477.6,1.0
477.65000000000003,1.0
477.70000000000005,1.0
477.75,1.0
477.8,1.0
477.85,1.0
477.90000000000003,1.0
477.95000000000005,1.0
478.0,1.0
478.05,1.0
478.1,1.0
478.15000000000003,1.0
478.20000000000005,1.0
478.25,1.0
478.3,1.0
478.35,1.0
478.40000000000003,1.0
478.45000000000005,1.0
478.5,1.0
478.55,1.0
478.6,1.0
478.65000000000003,1.0
478.70000000000005,1.0
478.75,1.0
478.8,1.0
478.85,1.0
478.90000000000003,1.0
478.95000000000005,1.0
479.0,1.0
479.05,1.0
479.1,1.0
479.15000000000003,1.0
479.20000000000005,1.0
479.25,1.0
479.3,1.0
479.35,1.0
479.40000000000003,1.0
479.45000000000005,1.0
479.5,1.0
479.55,1.0
479.6,1.0
479.65000000000003,1.0
479.70000000000005,1.0
479.75,1.0
479.8,1.0
479.85,1.0
479.90000000000003,1.0
479.95000000000005,1.0
480.0,1.0
