OBJECTID,CT20,FIP23,CITY,CSA,CT20FIP23CSA,Shape__Area,Shape__Length
2882,101110,44000,Los Angeles,Tujunga,10111044000Tujunga,12296168.2763672,15082.8538412636
2883,101122,44000,Los Angeles,Tujunga,10112244000Tujunga,28458043.2392578,31669.9899842644
2884,101220,44000,Los Angeles,Tujunga,10122044000Tujunga,7522646.92480469,12693.4282369087
2885,101221,44000,Los Angeles,Tujunga,10122144000Tujunga,3811984.17480469,9161.61351739857
2886,101222,44000,Los Angeles,Tujunga,10122244000Tujunga,3191370.859,9980.60046109344
2887,101300,44000,Los Angeles,Tujunga,10130044000Tujunga,27780819.359375,29314.9957866502
2888,101400,44000,Los Angeles,Tujunga,10140044000Tujunga,67913242.8408203,42666.0531134618
2889,102103,44000,Los Angeles,Sun Valley,10210344000Sun Valley,12770250.4814453,16348.9600969638
2890,102104,44000,Los Angeles,Sun Valley,10210444000Sun Valley,17858560.7382813,27561.4358151245
2891,102105,44000,Los Angeles,Sun Valley,10210544000Sun Valley,5308646.21386719,9965.24795801163
2892,102107,44000,Los Angeles,Sun Valley,10210744000Sun Valley,49589412.2636719,54445.8796575497
2893,102107,44000,Los Angeles,Sunland,10210744000Sunland,89494066.6503906,44313.8193369426
2894,103101,44000,Los Angeles,Sunland,10310144000Sunland,21846501.0947266,25420.7374014028
2895,103102,44000,Los Angeles,Sunland,10310244000Sunland,10489991.6289063,13464.1307449069
2896,103102,44000,Los Angeles,Tujunga,10310244000Tujunga,2866633.92285156,8781.63619734793
2897,103201,44000,Los Angeles,Sunland,10320144000Sunland,21038755.6083984,18227.6320180123
2898,103202,44000,Los Angeles,Lakeview Terrace,10320244000Lakeview Terrace,36605921.2109375,42247.8832914356
2899,103202,44000,Los Angeles,Sunland,10320244000Sunland,14419774.3300781,40393.9178717078
2900,103300,44000,Los Angeles,Shadow Hills,10330044000Shadow Hills,66106029.7119141,37290.4848069048
2901,103401,44000,Los Angeles,Sunland,10340144000Sunland,15085843.2412109,20471.3440030419
2902,103402,44000,Los Angeles,Sunland,10340244000Sunland,11829700.2167969,14650.1132015476
2903,104103,44000,Los Angeles,Lakeview Terrace,10410344000Lakeview Terrace,10236590.6972656,13286.9695780507
2904,104105,44000,Los Angeles,Pacoima,10410544000Pacoima,6292850.70507813,11640.0045941202
2905,104108,44000,Los Angeles,Lakeview Terrace,10410844000Lakeview Terrace,4552513.3046875,10729.7619690821
2906,104108,44000,Los Angeles,Pacoima,10410844000Pacoima,7250454.109,12870.6132124191
2907,104124,44000,Los Angeles,Lakeview Terrace,10412444000Lakeview Terrace,16596024.2519531,20402.2367665263
2908,104124,99037,Unincorporated,Kagel/Lopez Canyons,10412499037Kagel/Lopez Canyons,31603847.6181641,34106.2845800321
2909,104201,44000,Los Angeles,Pacoima,10420144000Pacoima,11733740.9091797,14814.9236899818
2910,104203,44000,Los Angeles,Pacoima,10420344000Pacoima,7620036.26953125,11052.5284982814
2911,104204,44000,Los Angeles,Lakeview Terrace,10420444000Lakeview Terrace,23847193.3818359,28076.5871252895
2912,104204,44000,Los Angeles,Pacoima,10420444000Pacoima,3806999.58984375,8410.01668536962
2913,104204,99037,Unincorporated,Kagel/Lopez Canyons,10420499037Kagel/Lopez Canyons,1139303.77148438,4612.49751001545
2914,104310,44000,Los Angeles,Pacoima,10431044000Pacoima,16239761.1972656,19106.1220724895
2915,104321,44000,Los Angeles,Pacoima,10432144000Pacoima,5595200.69238281,10641.6984469641
2916,104322,44000,Los Angeles,Pacoima,10432244000Pacoima,7451302.53710938,14607.5628461042
2917,104401,44000,Los Angeles,Pacoima,10440144000Pacoima,7330830.56445313,12432.0282127695
2918,104403,44000,Los Angeles,Pacoima,10440344000Pacoima,7495259.21582031,16066.7180931448
2919,104404,44000,Los Angeles,Pacoima,10440444000Pacoima,5807918.4765625,10935.7094647296
2920,104500,44000,Los Angeles,Pacoima,10450044000Pacoima,5715190.49316406,11300.6651931215
2921,104610,44000,Los Angeles,Pacoima,10461044000Pacoima,6373155.81542969,11599.5380679177
2922,104620,44000,Los Angeles,Pacoima,10462044000Pacoima,5716992.30371094,11300.4366127565
2923,104701,44000,Los Angeles,Pacoima,10470144000Pacoima,5925044.87109375,11097.8773439933
2924,104703,44000,Los Angeles,Pacoima,10470344000Pacoima,12547236.7509766,15257.6858790265
2925,104704,44000,Los Angeles,Pacoima,10470444000Pacoima,17900125.3222656,16925.9300582948
2926,104821,44000,Los Angeles,Pacoima,10482144000Pacoima,5723800.1953125,11302.1646572762
2927,104822,44000,Los Angeles,Pacoima,10482244000Pacoima,6551288.23632813,13826.3975705617
2928,104823,44000,Los Angeles,Pacoima,10482344000Pacoima,5718699.05371094,11300.8054689055
2929,104824,44000,Los Angeles,Pacoima,10482444000Pacoima,6372012.28320313,11600.0452342351
2930,106010,44000,Los Angeles,Sylmar,10601044000Sylmar,27100942.8671875,23972.4073154136
2931,106020,44000,Los Angeles,Sylmar,10602044000Sylmar,21761578.6845703,22689.5226156513
2932,106111,44000,Los Angeles,Sylmar,10611144000Sylmar,29999427.1025391,28069.6067571796
2933,106112,44000,Los Angeles,Sylmar,10611244000Sylmar,34795396.7695313,50167.0132089616
2934,106113,44000,Los Angeles,Sylmar,10611344000Sylmar,15535712.0400391,19829.2615872224
2935,106114,44000,Los Angeles,Sylmar,10611444000Sylmar,10908672.7373047,17229.0136916404
2936,106403,44000,Los Angeles,Sylmar,10640344000Sylmar,11907028.03,14303.3330296346
2937,106405,44000,Los Angeles,Sylmar,10640544000Sylmar,12611162.4082031,14491.7517147436
2938,106406,44000,Los Angeles,Sylmar,10640644000Sylmar,21688646.7128906,21137.0776439559
2939,106407,44000,Los Angeles,Sylmar,10640744000Sylmar,2498435.38476563,6355.6719334937
2940,106408,44000,Los Angeles,Sylmar,10640844000Sylmar,2465454.094,6295.67852893719
2941,106510,44000,Los Angeles,Sylmar,10651044000Sylmar,62565437.1601563,37015.1676520059
2942,106520,44000,Los Angeles,Sylmar,10652044000Sylmar,23741461.1982422,19779.2457080248
2943,106603,44000,Los Angeles,Granada Hills,10660344000Granada Hills,110948855.769531,48435.9863338836
2944,106604,44000,Los Angeles,Sylmar,10660444000Sylmar,14248336.5800781,18600.3074516341
2945,106641,44000,Los Angeles,Granada Hills,10664144000Granada Hills,12221127.3300781,19091.7831703143
2946,106642,44000,Los Angeles,Granada Hills,10664244000Granada Hills,16979520.9238281,20368.8403185667
2947,106643,44000,Los Angeles,Granada Hills,10664344000Granada Hills,46711472.4160156,32863.948997842
2948,106645,44000,Los Angeles,Granada Hills,10664544000Granada Hills,27208036.9589844,30206.6780625888
2949,106646,44000,Los Angeles,Granada Hills,10664644000Granada Hills,15888369.4492188,23434.5608932597
2950,106648,44000,Los Angeles,Sylmar,10664844000Sylmar,8537177.57324219,13658.9619039462
2951,106649,44000,Los Angeles,Sylmar,10664944000Sylmar,11958236.6621094,20747.1385345839
2952,107010,44000,Los Angeles,Sylmar,10701044000Sylmar,7370509.70996094,12980.1313822392
2953,107020,44000,Los Angeles,Sylmar,10702044000Sylmar,10684958.0048828,14657.1430466137
2954,108101,44000,Los Angeles,Porter Ranch,10810144000Porter Ranch,12147429.8271484,14665.5346536853
2955,108102,44000,Los Angeles,Porter Ranch,10810244000Porter Ranch,23504317.9335938,18954.727827785
2956,108103,44000,Los Angeles,Porter Ranch,10810344000Porter Ranch,27594440.7480469,36679.3279176729
2957,108104,44000,Los Angeles,Porter Ranch,10810444000Porter Ranch,8898100.56835938,14767.7798808683
2958,108202,44000,Los Angeles,Porter Ranch,10820244000Porter Ranch,62166702.6044922,35934.6163229721
2959,108203,44000,Los Angeles,Porter Ranch,10820344000Porter Ranch,14814850.8242188,16838.3098837511
2960,108204,44000,Los Angeles,Porter Ranch,10820444000Porter Ranch,15419983.0732422,22338.1426783864
2961,109100,44000,Los Angeles,Mission Hills,10910044000Mission Hills,29112126.9570313,26332.5619425142
2962,109200,44000,Los Angeles,Granada Hills,10920044000Granada Hills,10960701.9160156,16021.4937732738
2963,109300,44000,Los Angeles,Granada Hills,10930044000Granada Hills,13271541.4951172,17489.8964158149
2964,109400,44000,Los Angeles,Mission Hills,10940044000Mission Hills,13893170.7763672,17558.7617668644
2965,109601,44000,Los Angeles,Mission Hills,10960144000Mission Hills,24194199.2597656,20078.9853451217
2966,109603,44000,Los Angeles,Mission Hills,10960344000Mission Hills,10751126.0058594,13424.3706743481
2967,109604,44000,Los Angeles,Mission Hills,10960444000Mission Hills,12644911.4443359,14355.8238376204
2968,109700,44000,Los Angeles,Granada Hills,10970044000Granada Hills,17079248.8476563,17939.7370848016
2969,109800,44000,Los Angeles,North Hills,10980044000North Hills,15061745.8955078,16580.1713879502
2970,111100,44000,Los Angeles,Granada Hills,11110044000Granada Hills,11401093.0449219,13565.3086857448
2971,111201,44000,Los Angeles,Granada Hills,11120144000Granada Hills,20587358.9804688,25205.2643526784
2972,111202,44000,Los Angeles,Granada Hills,11120244000Granada Hills,20091187.7939453,20760.0187410246
2973,111204,44000,Los Angeles,Porter Ranch,11120444000Porter Ranch,35638844.1455078,25925.7194472626
2974,111205,44000,Los Angeles,Northridge,11120544000Northridge,12475071.9873047,14721.4819161781
2975,111206,44000,Los Angeles,Porter Ranch,11120644000Porter Ranch,28228426.8076172,24117.8962404964
2976,111302,44000,Los Angeles,Northridge,11130244000Northridge,16712849.8066406,17844.3462
2977,111303,44000,Los Angeles,Granada Hills,11130344000Granada Hills,16832194.0068359,18129.7816051185
2978,111304,44000,Los Angeles,Granada Hills,11130444000Granada Hills,4708248.531,8773.62459546345
2979,111401,44000,Los Angeles,North Hills,11140144000North Hills,9049504.47949219,12357.1110795051
2980,111402,44000,Los Angeles,Granada Hills,11140244000Granada Hills,10452896.6933594,13227.8594525333
2981,113101,44000,Los Angeles,Chatsworth,11310144000Chatsworth,24410269.4560547,21418.7127574744
2982,113102,44000,Los Angeles,Chatsworth,11310244000Chatsworth,39509545.7304688,24889.4439234209
2983,113211,44000,Los Angeles,Chatsworth,11321144000Chatsworth,78918395.9560547,38035.5219120883
2984,113212,44000,Los Angeles,Chatsworth,11321244000Chatsworth,10747243.0644531,14205.0272418108
2985,113213,44000,Los Angeles,Chatsworth,11321344000Chatsworth,14001230.0546875,16854.9308388033
2986,113231,99037,Unincorporated,West Chatsworth,11323199037West Chatsworth,25040453.0683594,24564.1685258126
2987,113231,44000,Los Angeles,West Hills,11323144000West Hills,19531273.7089844,30741.4741777073
2988,113232,44000,Los Angeles,West Hills,11323244000West Hills,22234731.6884766,23603.7291003209
2989,113234,44000,Los Angeles,Canoga Park,11323444000Canoga Park,11009845.9326172,16791.454885694
2990,113235,99037,Unincorporated,Lake Manor,11323599037Lake Manor,15267921.5185547,28914.8470205024
2991,113237,44000,Los Angeles,Chatsworth,11323744000Chatsworth,51092068.0078125,36478.3721381932
2992,113238,44000,Los Angeles,Canoga Park,11323844000Canoga Park,7638549.08398438,10875.5954158668
2993,113239,44000,Los Angeles,Canoga Park,11323944000Canoga Park,4673649.9609375,9748.09156382847
2994,113301,44000,Los Angeles,Northridge,11330144000Northridge,24428270.7675781,22682.3450797432
2995,113303,44000,Los Angeles,Chatsworth,11330344000Chatsworth,43922199.1464844,31056.8673581184
2996,113322,44000,Los Angeles,Chatsworth,11332244000Chatsworth,19228375.3457031,20126.4359079974
2997,113323,44000,Los Angeles,Chatsworth,11332344000Chatsworth,7791404.08398438,11018.3776804465
2998,113324,44000,Los Angeles,Chatsworth,11332444000Chatsworth,3492170.48925781,7928.50992994545
2999,113423,44000,Los Angeles,Winnetka,11342344000Winnetka,7648931.84667969,11074.9964142852
3000,113424,44000,Los Angeles,Northridge,11342444000Northridge,12305461.4638672,14671.6541693556
3001,113424,44000,Los Angeles,Winnetka,11342444000Winnetka,6434574.72753906,10228.0667657296
3002,113425,44000,Los Angeles,Canoga Park,11342544000Canoga Park,3651830.51269531,7977.63440166727
3003,113426,44000,Los Angeles,Winnetka,11342644000Winnetka,20084074.2226563,21380.9240252693
3004,113427,44000,Los Angeles,Canoga Park,11342744000Canoga Park,1235112.80664063,4812.48884126706
3005,113427,44000,Los Angeles,Winnetka,11342744000Winnetka,1555037.4296875,7149.69248745375
3006,113428,44000,Los Angeles,Winnetka,11342844000Winnetka,13674399.8466797,15162.1913229088
3007,115101,44000,Los Angeles,Northridge,11510144000Northridge,41786193.1132813,26402.1082985248
3008,115103,44000,Los Angeles,Northridge,11510344000Northridge,16345380,22256.5715215771
3009,115104,44000,Los Angeles,Northridge,11510444000Northridge,10980251.0683594,20303.8029885324
3010,115202,44000,Los Angeles,Northridge,11520244000Northridge,18742297.0673828,18760.6256179504
3011,115203,44000,Los Angeles,Northridge,11520344000Northridge,6509085.22949219,13182.1395253106
3012,115204,44000,Los Angeles,Northridge,11520444000Northridge,8296246.24316406,12908.1107876561
3013,115301,44000,Los Angeles,Northridge,11530144000Northridge,17664148.7958984,21866.8520327345
3014,115302,44000,Los Angeles,Northridge,11530244000Northridge,9015590.21679688,12558.0506693004
3015,115401,44000,Los Angeles,Northridge,11540144000Northridge,20505371.1591797,20433.1768807626
3016,115403,44000,Los Angeles,Northridge,11540344000Northridge,7574462.17578125,11112.5814700466
3017,115404,44000,Los Angeles,Northridge,11540444000Northridge,10262342.984375,13016.1989309122
3018,117101,44000,Los Angeles,North Hills,11710144000North Hills,8389698.95507813,11705.3617322341
3019,117102,44000,Los Angeles,North Hills,11710244000North Hills,11180125.6845703,13728.5362419713
3020,117201,44000,Los Angeles,North Hills,11720144000North Hills,8520591.8359375,13684.3054643662
3021,117202,44000,Los Angeles,North Hills,11720244000North Hills,19522763.6835938,18091.2237639379
3022,117301,44000,Los Angeles,North Hills,11730144000North Hills,14335357.5791016,16182.4434292211
3023,117302,44000,Los Angeles,Northridge,11730244000Northridge,22083856.5927734,26192.6017057612
3024,117303,44000,Los Angeles,North Hills,11730344000North Hills,19379837.4423828,18107.3353554598
3025,117404,44000,Los Angeles,North Hills,11740444000North Hills,19003833.7578125,17700.6461454448
3026,117405,44000,Los Angeles,North Hills,11740544000North Hills,2172354.12304688,5943.24060922372
3027,117407,44000,Los Angeles,North Hills,11740744000North Hills,2134618.85742188,5893.74273842589
3028,117408,44000,Los Angeles,North Hills,11740844000North Hills,4052553.39550781,8247.10233918902
3029,117510,44000,Los Angeles,North Hills,11751044000North Hills,3606871.28710938,8182.45420869503
3030,117520,44000,Los Angeles,North Hills,11752044000North Hills,3505938.219,7769.73813503206
3031,117530,44000,Los Angeles,North Hills,11753044000North Hills,5993660.66308594,9951.55126326763
3032,119001,44000,Los Angeles,Arleta,11900144000Arleta,11480051.2695313,13913.1585511664
3033,119003,44000,Los Angeles,Arleta,11900344000Arleta,9137813.83984375,12860.0447165474
3034,119004,44000,Los Angeles,Arleta,11900444000Arleta,9096246.49609375,12883.8214539302
3035,119201,44000,Los Angeles,Arleta,11920144000Arleta,10248355.7265625,12948.164360218
3036,119202,44000,Los Angeles,Arleta,11920244000Arleta,10430024.5087891,16847.2139280782
3037,119310,44000,Los Angeles,Panorama City,11931044000Panorama City,4615440.63183594,10045.0807804798
3038,119320,44000,Los Angeles,Panorama City,11932044000Panorama City,5345222.16601563,9354.25218721459
3039,119340,44000,Los Angeles,Panorama City,11934044000Panorama City,1314702.0234375,4632.27868163975
3040,119341,44000,Los Angeles,Panorama City,11934144000Panorama City,3512660.05957031,8359.4413091866
3041,119342,44000,Los Angeles,Panorama City,11934244000Panorama City,2358135.83789063,6104.87475569714
3042,119400,44000,Los Angeles,Arleta,11940044000Arleta,12072244.9228516,14163.3441265416
3043,119700,44000,Los Angeles,Arleta,11970044000Arleta,3812530.52441406,8168.79582063826
3044,119700,44000,Los Angeles,Panorama City,11970044000Panorama City,10290737.47,17424.1456331306
3045,119801,44000,Los Angeles,Arleta,11980144000Arleta,6590410.05371094,11988.7764254336
3046,119802,44000,Los Angeles,Arleta,11980244000Arleta,6778138.12207031,12322.5270245662
3047,119900,44000,Los Angeles,Panorama City,11990044000Panorama City,11324910.3076172,14653.0536070763
3048,120010,44000,Los Angeles,Panorama City,12001044000Panorama City,6087482.172,10235.7980660733
3049,120020,44000,Los Angeles,Panorama City,12002044000Panorama City,5737328.26757813,12182.4452321375
3050,120030,44000,Los Angeles,Panorama City,12003044000Panorama City,4065227.85253906,8102.06465179602
3051,120103,44000,Los Angeles,Panorama City,12010344000Panorama City,1490422.40917969,5636.04260815018
3052,120104,44000,Los Angeles,Panorama City,12010444000Panorama City,4885243.29101563,10176.5522871561
3053,120105,44000,Los Angeles,Panorama City,12010544000Panorama City,5929535.30175781,15758.3315153651
3054,120106,44000,Los Angeles,Panorama City,12010644000Panorama City,2220373.83300781,6072.48137245351
3055,120107,44000,Los Angeles,Panorama City,12010744000Panorama City,2230985.58789063,6074.38361425154
3056,120108,44000,Los Angeles,Panorama City,12010844000Panorama City,4164277.65332031,8445.7462088835
3057,120300,44000,Los Angeles,Panorama City,12030044000Panorama City,18498043.9658203,18531.0916444279
3058,120400,44000,Los Angeles,Panorama City,12040044000Panorama City,11471586.3505859,17339.798247905
3059,121010,44000,Los Angeles,North Hollywood,12101044000North Hollywood,6075857.01660156,12050.597640251
3060,121010,44000,Los Angeles,Sun Valley,12101044000Sun Valley,15874667.7402344,17284.1683321043
3061,121020,44000,Los Angeles,North Hollywood,12102044000North Hollywood,8874518.78320313,13130.155730127
3062,121101,44000,Los Angeles,Sun Valley,12110144000Sun Valley,5082849.82714844,10731.9927220107
3063,121102,44000,Los Angeles,Shadow Hills,12110244000Shadow Hills,19081644.0820313,18336.9294973128
3064,121102,44000,Los Angeles,Sun Valley,12110244000Sun Valley,62070999.796875,45067.0637565156
3065,121210,44000,Los Angeles,Sun Valley,12121044000Sun Valley,21888726.4951172,18424.6229072803
3066,121221,44000,Los Angeles,Sun Valley,12122144000Sun Valley,5427002.48632813,11052.329761945
3067,121222,44000,Los Angeles,Sun Valley,12122244000Sun Valley,14369919.6376953,18212.1078604574
3068,121600,44000,Los Angeles,North Hollywood,12160044000North Hollywood,12264560.4892578,16346.030120681
3069,121801,44000,Los Angeles,North Hollywood,12180144000North Hollywood,5227512.55371094,10560.2136593008
3070,121802,44000,Los Angeles,North Hollywood,12180244000North Hollywood,10231170.8310547,14905.3471842232
3071,121900,44000,Los Angeles,North Hollywood,12190044000North Hollywood,6963361.50390625,10555.6314331595
3072,121900,44000,Los Angeles,Sun Valley,12190044000Sun Valley,11199425.5263672,14807.1475367515
3073,122000,44000,Los Angeles,North Hollywood,12200044000North Hollywood,23383097.5214844,20333.3259061727
3074,122000,44000,Los Angeles,Sun Valley,12200044000Sun Valley,11736291.4365234,15472.1333557416
3075,122120,44000,Los Angeles,Sun Valley,12212044000Sun Valley,7747535.91308594,13365.760077322
3076,122121,44000,Los Angeles,Sun Valley,12212144000Sun Valley,4433987.28417969,12008.0759859717
3077,122122,44000,Los Angeles,Sun Valley,12212244000Sun Valley,11114614.2744141,15331.5026659366
3078,122200,44000,Los Angeles,Sun Valley,12220044000Sun Valley,18347645.9121094,19421.1790619193
3079,122410,44000,Los Angeles,North Hollywood,12241044000North Hollywood,7609418.98632813,11115.139406651
3080,122420,44000,Los Angeles,North Hollywood,12242044000North Hollywood,9285611.80371094,12386.7884871135
3081,123010,44000,Los Angeles,Sun Valley,12301044000Sun Valley,11020769.0634766,13772.9113639833
3082,123020,44000,Los Angeles,Sun Valley,12302044000Sun Valley,6191796.93945313,10020.805093384
3083,123103,44000,Los Angeles,North Hollywood,12310344000North Hollywood,9733069.94042969,13443.2047307034
3084,123104,44000,Los Angeles,North Hollywood,12310444000North Hollywood,8423305.93457031,11557.1972139115
3085,123203,44000,Los Angeles,North Hollywood,12320344000North Hollywood,6324636.38867188,12759.1087980569
3086,123204,44000,Los Angeles,North Hollywood,12320444000North Hollywood,3489507.86230469,7926.03455976593
3087,123205,44000,Los Angeles,North Hollywood,12320544000North Hollywood,8155594.01171875,11532.5155744316
3088,123206,44000,Los Angeles,North Hollywood,12320644000North Hollywood,6486704.80273438,10268.7454500661
3089,123301,44000,Los Angeles,North Hollywood,12330144000North Hollywood,14029668.6181641,17682.8420195781
3090,123303,44000,Los Angeles,North Hollywood,12330344000North Hollywood,6817482.45898438,13030.1249586691
3091,123304,44000,Los Angeles,North Hollywood,12330444000North Hollywood,9461737.83398438,13423.332648909
3092,123410,44000,Los Angeles,North Hollywood,12341044000North Hollywood,5350578.65039063,9503.65709813099
3093,123420,44000,Los Angeles,North Hollywood,12342044000North Hollywood,3486055.20703125,7921.62576034116
3094,123420,44000,Los Angeles,Valley Glen,12342044000Valley Glen,4981422.57226563,9446.17619035383
3095,123510,44000,Los Angeles,Valley Glen,12351044000Valley Glen,3485570.82519531,7904.40495168239
3096,123510,44000,Los Angeles,Van Nuys,12351044000Van Nuys,5108476.20507813,9602.28976366138
3097,123520,44000,Los Angeles,Valley Glen,12352044000Valley Glen,5498248.47167969,12490.8516407885
3098,123601,44000,Los Angeles,Valley Glen,12360144000Valley Glen,16494173.5292969,18301.1709217229
3099,123602,44000,Los Angeles,Valley Glen,12360244000Valley Glen,9985609.13867188,14187.4567035841
3100,123700,44000,Los Angeles,North Hollywood,12370044000North Hollywood,10250667.5068359,13104.0581002126
3101,123800,44000,Los Angeles,North Hollywood,12380044000North Hollywood,13885054.9638672,17448.9989256671
3102,123901,44000,Los Angeles,North Hollywood,12390144000North Hollywood,13897413.4765625,15030.3382572122
3103,123902,44000,Los Angeles,North Hollywood,12390244000North Hollywood,7151236.19335938,11700.5690959586
3104,124000,44000,Los Angeles,Valley Village,12400044000Valley Village,14531374.2832031,16693.2308240056
3105,124102,44000,Los Angeles,North Hollywood,12410244000North Hollywood,6987828.67382813,10577.8584362438
3106,124103,44000,Los Angeles,North Hollywood,12410344000North Hollywood,3486761.99609375,7921.97772907431
3107,124104,44000,Los Angeles,North Hollywood,12410444000North Hollywood,3492065.21386719,7927.11849709005
3108,124105,44000,Los Angeles,North Hollywood,12410544000North Hollywood,3493113.80761719,7929.03926551029
3109,124201,44000,Los Angeles,North Hollywood,12420144000North Hollywood,10468289.9287109,13209.6382290089
3110,124203,44000,Los Angeles,North Hollywood,12420344000North Hollywood,3490019.01269531,7927.10064522013
3111,124204,44000,Los Angeles,North Hollywood,12420444000North Hollywood,3491073.75878906,7925.26419238158
3112,124300,44000,Los Angeles,North Hollywood,12430044000North Hollywood,9595243.41503906,12564.1892496872
3113,124400,44000,Los Angeles,North Hollywood,12440044000North Hollywood,7048332.51367188,10553.914670174
3114,124400,44000,Los Angeles,Valley Village,12440044000Valley Village,3452435.21386719,7742.45140091355
3115,124500,44000,Los Angeles,Sherman Oaks,12450044000Sherman Oaks,4708345.38964844,9978.53432148728
3116,124500,44000,Los Angeles,Valley Glen,12450044000Valley Glen,3987447.39453125,9357.59382834547
3117,124600,44000,Los Angeles,Sherman Oaks,12460044000Sherman Oaks,12055244.0371094,14291.0482681152
3118,124700,44000,Los Angeles,Sherman Oaks,12470044000Sherman Oaks,14659085.1962891,17854.0093808334
3119,124902,44000,Los Angeles,Valley Village,12490244000Valley Village,3644335.69824219,8062.54120291192
3120,124903,44000,Los Angeles,Valley Village,12490344000Valley Village,3351724.23535156,7812.20091687524
3121,125101,44000,Los Angeles,Valley Village,12510144000Valley Village,6993766.47363281,10573.622714022
3122,125102,44000,Los Angeles,Valley Village,12510244000Valley Village,6984246.63378906,10570.8614006001
3123,125200,44000,Los Angeles,North Hollywood,12520044000North Hollywood,3615180.34765625,7997.05026233651
3124,125200,44000,Los Angeles,Valley Village,12520044000Valley Village,10417339.5644531,13170.1906148552
3125,125310,44000,Los Angeles,North Hollywood,12531044000North Hollywood,8912903.66113281,15994.601720679
3126,125310,44000,Los Angeles,Toluca Terrace,12531044000Toluca Terrace,2477083.44824219,6541.8598874194
3127,125321,44000,Los Angeles,North Hollywood,12532144000North Hollywood,2790581.57226563,6882.59382048842
3128,125322,44000,Los Angeles,North Hollywood,12532244000North Hollywood,4016893.05761719,8863.58913967239
3129,125402,44000,Los Angeles,North Hollywood,12540244000North Hollywood,7494545.02246094,11089.5809351407
3130,125402,44000,Los Angeles,Valley Village,12540244000Valley Village,407023.934570313,3683.56401405001
3131,125403,44000,Los Angeles,North Hollywood,12540344000North Hollywood,1811753.05957031,6036.24939356062
3132,125404,44000,Los Angeles,North Hollywood,12540444000North Hollywood,2469739.49023438,8591.6896434802
3133,125501,44000,Los Angeles,North Hollywood,12550144000North Hollywood,4995168.36230469,9227.53032246253
3134,125502,44000,Los Angeles,Toluca Lake,12550244000Toluca Lake,5628142.05761719,9622.36060087456
3135,125600,44000,Los Angeles,Toluca Lake,12560044000Toluca Lake,3834526.55273438,9881.16787770795
3136,125600,44000,Los Angeles,Toluca Woods,12560044000Toluca Woods,7177839.77441406,12244.3468545259
3137,127102,44000,Los Angeles,Van Nuys,12710244000Van Nuys,9248537.438,12299.4670557456
3138,127103,44000,Los Angeles,Van Nuys,12710344000Van Nuys,3078547.516,7539.19261958775
3139,127104,44000,Los Angeles,Van Nuys,12710444000Van Nuys,7618203.2421875,11270.9284160442
3140,127210,44000,Los Angeles,Van Nuys,12721044000Van Nuys,16590385.1279297,19666.0922411446
3141,127220,44000,Los Angeles,Van Nuys,12722044000Van Nuys,7027601.70605469,10597.7543526292
3142,127300,44000,Los Angeles,Van Nuys,12730044000Van Nuys,11400819.9023438,15057.6121542512
3143,127400,44000,Los Angeles,Lake Balboa,12740044000Lake Balboa,8893248.469,11963.2289411748
3144,127400,44000,Los Angeles,Van Nuys,12740044000Van Nuys,14588022.3789063,21170.8297979887
3145,127520,44000,Los Angeles,Van Nuys,12752044000Van Nuys,3914971.79394531,7987.91505189708
3146,127603,44000,Los Angeles,Lake Balboa,12760344000Lake Balboa,4651263.44140625,9732.66655396694
3147,127604,44000,Los Angeles,Lake Balboa,12760444000Lake Balboa,4680953.81835938,9875.56259336739
3148,127605,44000,Los Angeles,Lake Balboa,12760544000Lake Balboa,6981135.94042969,10568.5182852719
3149,127606,44000,Los Angeles,Lake Balboa,12760644000Lake Balboa,5853991.49023438,9739.5239086504
3150,127711,44000,Los Angeles,Van Nuys,12771144000Van Nuys,10197959.8388672,13535.6508286619
3151,127712,44000,Los Angeles,Van Nuys,12771244000Van Nuys,6123425.08300781,9817.00709367483
3152,127803,44000,Los Angeles,Van Nuys,12780344000Van Nuys,6897436.313,10521.7462718869
3153,127804,44000,Los Angeles,Van Nuys,12780444000Van Nuys,6868353.6484375,10483.5686346613
3154,127805,44000,Los Angeles,Van Nuys,12780544000Van Nuys,6614074.62792969,13204.8272805695
3155,127806,44000,Los Angeles,Van Nuys,12780644000Van Nuys,7352993.19433594,13484.5354971718
3156,127910,44000,Los Angeles,Van Nuys,12791044000Van Nuys,6993717.46484375,10580.3281656577
3157,127920,44000,Los Angeles,Van Nuys,12792044000Van Nuys,6982258.72851563,10569.2801757401
3158,128101,44000,Los Angeles,Valley Glen,12810144000Valley Glen,6984210.99511719,10570.7501984761
3159,128102,44000,Los Angeles,Van Nuys,12810244000Van Nuys,6983287.30078125,10570.71488
3160,128210,44000,Los Angeles,Van Nuys,12821044000Van Nuys,5919248.94824219,9764.29173501894
3161,128220,44000,Los Angeles,Valley Glen,12822044000Valley Glen,5979960.25976563,10040.0663934805
3162,128302,44000,Los Angeles,Van Nuys,12830244000Van Nuys,7414437.28417969,12437.453135953
3163,128303,44000,Los Angeles,Van Nuys,12830344000Van Nuys,4455349.90917969,9765.93218738543
3164,128400,44000,Los Angeles,Sherman Oaks,12840044000Sherman Oaks,12591669.3730469,16639.3316926211
3165,128400,44000,Los Angeles,Van Nuys,12840044000Van Nuys,5984614.27441406,14601.6297893328
3166,128500,44000,Los Angeles,Sherman Oaks,12850044000Sherman Oaks,10481265.5498047,13224.6234663193
3167,128601,44000,Los Angeles,Sherman Oaks,12860144000Sherman Oaks,4572749.62988281,8744.2475215938
3168,128601,44000,Los Angeles,Valley Glen,12860144000Valley Glen,2766458.41894531,7236.19751578195
3169,128602,44000,Los Angeles,Sherman Oaks,12860244000Sherman Oaks,6978635.90917969,10566.3763423116
3170,128602,44000,Los Angeles,Valley Glen,12860244000Valley Glen,5230599.03613281,9243.19111799281
3171,128703,44000,Los Angeles,Sherman Oaks,12870344000Sherman Oaks,8910718.8046875,11759.0150969936
3172,128704,44000,Los Angeles,Sherman Oaks,12870444000Sherman Oaks,8965439.16503906,12103.9478711564
3173,128801,44000,Los Angeles,Sherman Oaks,12880144000Sherman Oaks,5296766.60058594,9461.61292231758
3174,128802,44000,Los Angeles,Sherman Oaks,12880244000Sherman Oaks,10452960.2519531,13224.0086068933
3175,128910,44000,Los Angeles,Sherman Oaks,12891044000Sherman Oaks,14388117.0712891,17404.3258407868
3176,131021,44000,Los Angeles,Reseda,13102144000Reseda,6054619.04785156,10623.2236047404
3177,131022,44000,Los Angeles,Reseda,13102244000Reseda,5427173.55566406,10054.8917383279
3178,131023,44000,Los Angeles,Reseda,13102344000Reseda,6339713.29296875,10095.4410030366
3179,131024,44000,Los Angeles,Reseda,13102444000Reseda,9212645.59765625,12290.3303304503
3180,131100,44000,Los Angeles,Lake Balboa,13110044000Lake Balboa,11859303.140625,14177.7496030677
3181,131200,44000,Los Angeles,Northridge,13120044000Northridge,12145070.3740234,14481.0108880181
3182,131300,44000,Los Angeles,Reseda,13130044000Reseda,12033501.8203125,14396.3923032222
3183,131400,44000,Los Angeles,Reseda,13140044000Reseda,11916314.0361328,14307.2236485325
3184,131600,44000,Los Angeles,Reseda,13160044000Reseda,3521427.74316406,7937.12178245758
3185,131600,44000,Los Angeles,Reseda Ranch,13160044000Reseda Ranch,20058477.4667969,19419.2878963229
3186,131701,44000,Los Angeles,Reseda,13170144000Reseda,7100131.04101563,10658.5302247677
3187,131702,44000,Los Angeles,Reseda,13170244000Reseda,7761428.031,11155.1425859935
3188,131801,44000,Los Angeles,Reseda,13180144000Reseda,7064102.64453125,10634.0758446832
3189,131802,44000,Los Angeles,Reseda,13180244000Reseda,7095560.688,10655.7904345403
3190,131900,44000,Los Angeles,Lake Balboa,13190044000Lake Balboa,14188385.0322266,15934.5461713899
3191,132001,44000,Los Angeles,Lake Balboa,13200144000Lake Balboa,10425625.484375,13176.5434567698
3192,132002,44000,Los Angeles,Lake Balboa,13200244000Lake Balboa,17223542.8945313,21046.024997397
3193,132101,44000,Los Angeles,Lake Balboa,13210144000Lake Balboa,8723857.30664063,11887.869527431
3194,132102,44000,Los Angeles,Lake Balboa,13210244000Lake Balboa,12765404.8291016,15444.0386478393
3195,132102,44000,Los Angeles,Van Nuys,13210244000Van Nuys,1994610.07324219,5738.77174536989
3196,132301,44000,Los Angeles,Reseda,13230144000Reseda,6791530.06738281,13146.9678221184
3197,132302,44000,Los Angeles,Reseda,13230244000Reseda,6970318.18652344,13199.909157052
3198,132501,44000,Los Angeles,Reseda,13250144000Reseda,7585902.83789063,11008.2848046914
3199,132502,44000,Los Angeles,Reseda,13250244000Reseda,6724907.02539063,10978.7455439994
3200,132700,44000,Los Angeles,Reseda,13270044000Reseda,14222183.0820313,15690.5633892907
3201,132900,44000,Los Angeles,Reseda,13290044000Reseda,12856405.0576172,18191.0031837958
3202,133000,44000,Los Angeles,Reseda,13300044000Reseda,10787157.8242188,14157.8804898029
3203,133101,44000,Los Angeles,Reseda,13310144000Reseda,7144927.7109375,10976.3905794104
3204,133102,44000,Los Angeles,Reseda,13310244000Reseda,9215625.46191406,12064.1592882064
3205,134001,44000,Los Angeles,Canoga Park,13400144000Canoga Park,6280784.07519531,12145.1155986565
3206,134002,44000,Los Angeles,Winnetka,13400244000Winnetka,8111038.30175781,13631.181903478
3207,134101,44000,Los Angeles,Winnetka,13410144000Winnetka,11471230.3056641,13966.0929577241
3208,134103,44000,Los Angeles,Winnetka,13410344000Winnetka,11307065,17436.889042001
3209,134104,44000,Los Angeles,Winnetka,13410444000Winnetka,6974297.4296875,10562.5443777477
3210,134201,44000,Los Angeles,Canoga Park,13420144000Canoga Park,11486852.0996094,13874.5557426524
3211,134201,44000,Los Angeles,Winnetka,13420144000Winnetka,4300031.52734375,11040.2162881471
3212,134302,44000,Los Angeles,West Hills,13430244000West Hills,14065941.8066406,15260.6936971982
3213,134303,44000,Los Angeles,Canoga Park,13430344000Canoga Park,11821244.4326172,15992.435098992
3214,134303,44000,Los Angeles,West Hills,13430344000West Hills,5237971.12109375,11705.3417050086
3215,134304,44000,Los Angeles,Canoga Park,13430444000Canoga Park,10983304.5761719,13572.0714454501
3216,134305,44000,Los Angeles,Canoga Park,13430544000Canoga Park,3848679.29492188,8097.57616871952
3217,134306,44000,Los Angeles,Canoga Park,13430644000Canoga Park,6671301.68164063,10337.9129885421
3218,134421,44000,Los Angeles,West Hills,13442144000West Hills,22972057.6230469,19308.1380438238
3219,134422,44000,Los Angeles,West Hills,13442244000West Hills,25274062.8818359,25527.3710708948
3220,134423,44000,Los Angeles,West Hills,13442344000West Hills,16866252.5820313,18426.7237423874
3221,134424,99037,Unincorporated,West Chatsworth,13442499037West Chatsworth,13642730.7744141,19260.5902616164
3222,134424,44000,Los Angeles,West Hills,13442444000West Hills,26303752.0537109,29996.3440183087
3223,134520,44000,Los Angeles,Canoga Park,13452044000Canoga Park,10410480.7744141,13162.3982811988
3224,134521,44000,Los Angeles,Canoga Park,13452144000Canoga Park,3786338.21386719,8186.67083086119
3225,134522,44000,Los Angeles,Canoga Park,13452244000Canoga Park,6622491.90234375,10276.0442684827
3226,134710,44000,Los Angeles,Winnetka,13471044000Winnetka,6141752.9140625,9941.28638469846
3227,134720,44000,Los Angeles,Winnetka,13472044000Winnetka,10650507.1660156,13301.2940975222
3228,134801,44000,Los Angeles,Winnetka,13480144000Winnetka,9947179.48535156,13011.9684110053
3229,134802,44000,Los Angeles,Winnetka,13480244000Winnetka,10227139.9091797,12886.3957886789
3230,134901,44000,Los Angeles,Reseda,13490144000Reseda,6889639.04882813,10516.5206892441
3231,134901,44000,Los Angeles,Woodland Hills,13490144000Woodland Hills,4541071.859,9177.70473090318
3232,134904,44000,Los Angeles,Winnetka,13490444000Winnetka,11190829.5712891,15676.4485172426
3233,134905,44000,Los Angeles,Woodland Hills,13490544000Woodland Hills,27841583.3818359,22067.8447388791
3234,134906,44000,Los Angeles,Canoga Park,13490644000Canoga Park,1881048.61328125,7325.3490749762
3235,134907,44000,Los Angeles,Canoga Park,13490744000Canoga Park,4213759.21777344,9405.38165754565
3236,135102,44000,Los Angeles,West Hills,13510244000West Hills,11523716.5869141,17607.3165934921
3237,135102,44000,Los Angeles,Woodland Hills,13510244000Woodland Hills,6434536.08007813,14224.4729900818
3238,135111,44000,Los Angeles,Canoga Park,13511144000Canoga Park,11190241.9931641,13450.4172335721
3239,135113,44000,Los Angeles,Woodland Hills,13511344000Woodland Hills,6927166.23242188,13080.9591344503
3240,135115,44000,Los Angeles,Canoga Park,13511544000Canoga Park,807213.369140625,4011.50201161005
3241,135115,44000,Los Angeles,Woodland Hills,13511544000Woodland Hills,2782668.9453125,6866.01470509473
3242,135116,44000,Los Angeles,Canoga Park,13511644000Canoga Park,10079475.0126953,13024.3102354311
3243,135201,44000,Los Angeles,West Hills,13520144000West Hills,9928812.1171875,13064.6048173236
3244,135201,44000,Los Angeles,Woodland Hills,13520144000Woodland Hills,6558117.04101563,10450.8579539145
3245,135202,44000,Los Angeles,West Hills,13520244000West Hills,10635647.6044922,13926.7909136583
3246,135202,44000,Los Angeles,Woodland Hills,13520244000Woodland Hills,8335867.97851563,13172.2271642173
3247,135204,44000,Los Angeles,West Hills,13520444000West Hills,15486574.3476563,17712.4460617001
3248,135204,44000,Los Angeles,Woodland Hills,13520444000Woodland Hills,4510277.07128906,11325.3772342801
3249,135205,99037,Unincorporated,Westhills,13520599037Westhills,6186904.19433594,11655.7954695589
3250,135205,44000,Los Angeles,West Hills,13520544000West Hills,22269681.2695313,31258.1658597339
3251,137000,44000,Los Angeles,Woodland Hills,13700044000Woodland Hills,32407424.9511719,32580.4945278034
3252,137103,44000,Los Angeles,Woodland Hills,13710344000Woodland Hills,8177130.72558594,11780.302204304
3253,137104,44000,Los Angeles,Woodland Hills,13710444000Woodland Hills,27605092.1308594,23404.1555034438
3254,137202,44000,Los Angeles,Woodland Hills,13720244000Woodland Hills,9364265.39941406,13005.9248433644
3255,137203,44000,Los Angeles,Woodland Hills,13720344000Woodland Hills,12099930.1660156,14510.198477675
3256,137301,44000,Los Angeles,Woodland Hills,13730144000Woodland Hills,17325298.81,20260.6274670451
3257,137302,44000,Los Angeles,Woodland Hills,13730244000Woodland Hills,26336665.3154297,25033.2529524707
3258,137401,44000,Los Angeles,Woodland Hills,13740144000Woodland Hills,25590254.5224609,26372.2163486219
3259,137402,44000,Los Angeles,Woodland Hills,13740244000Woodland Hills,33135304.1259766,30833.5578493326
3260,137501,44000,Los Angeles,Woodland Hills,13750144000Woodland Hills,27063406.0556641,24228.6400404488
3261,137502,44000,Los Angeles,Woodland Hills,13750244000Woodland Hills,22497604.3017578,19254.9786792152
3262,137504,44000,Los Angeles,Woodland Hills,13750444000Woodland Hills,41308969.109375,32870.6595812414
3263,138000,44000,Los Angeles,Woodland Hills,13800044000Woodland Hills,48145270.1796875,31252.3446873709
3264,139001,44000,Los Angeles,Encino,13900144000Encino,13343954.9160156,17734.4903728204
3265,139200,44000,Los Angeles,Encino,13920044000Encino,6559543.82226563,10492.8843846635
3266,139200,44000,Los Angeles,Tarzana,13920044000Tarzana,5836561.375,13968.2820897512
3267,139301,44000,Los Angeles,Tarzana,13930144000Tarzana,18509185.4628906,19729.7177322098
3268,139301,44000,Los Angeles,Woodland Hills,13930144000Woodland Hills,12334593.4599609,14992.2583096485
3269,139302,44000,Los Angeles,Tarzana,13930244000Tarzana,3641044.51953125,7960.64439025571
3270,139303,44000,Los Angeles,Tarzana,13930344000Tarzana,4472193.24609375,9037.81870824558
3271,139401,44000,Los Angeles,Tarzana,13940144000Tarzana,9764867.96191406,12733.4823891535
3272,139402,44000,Los Angeles,Tarzana,13940244000Tarzana,26304520.3398438,28597.5632949237
3273,139502,44000,Los Angeles,Encino,13950244000Encino,5593606.36816406,9602.00934945733
3274,139502,44000,Los Angeles,Tarzana,13950244000Tarzana,5681651.05761719,12301.0438766822
3275,139504,44000,Los Angeles,Encino,13950444000Encino,3111293.93847656,8102.09543842674
3276,139505,44000,Los Angeles,Encino,13950544000Encino,1821450.36328125,6648.4549405366
3277,139506,44000,Los Angeles,Encino,13950644000Encino,1964233.63476563,6284.45872609416
3278,139600,44000,Los Angeles,Encino,13960044000Encino,26665954.5546875,20760.8029341647
3279,139701,44000,Los Angeles,Encino,13970144000Encino,36582410.4824219,32946.9527531659
3280,139703,44000,Los Angeles,Encino,13970344000Encino,50898812.3232422,41373.4379296386
3281,139704,44000,Los Angeles,Encino,13970444000Encino,68361155.6396484,43901.9901623956
3282,139705,44000,Los Angeles,Encino,13970544000Encino,32779237.2724609,38587.4815479554
3283,139801,44000,Los Angeles,Tarzana,13980144000Tarzana,39466450.1269531,27775.2648370907
3284,139802,44000,Los Angeles,Tarzana,13980244000Tarzana,65401202.1923828,46967.0562801965
3285,141101,44000,Los Angeles,Sherman Oaks,14110144000Sherman Oaks,8170710.47949219,11728.9072151566
3286,141102,44000,Los Angeles,Sherman Oaks,14110244000Sherman Oaks,8383730.78613281,15330.0532106944
3287,141201,44000,Los Angeles,Sherman Oaks,14120144000Sherman Oaks,7545667.65527344,12115.1385605032
3288,141202,44000,Los Angeles,Sherman Oaks,14120244000Sherman Oaks,7536322.20214844,12658.6162452821
3289,141303,44000,Los Angeles,Sherman Oaks,14130344000Sherman Oaks,2828156.8515625,7096.50912779058
3290,141304,44000,Los Angeles,Sherman Oaks,14130444000Sherman Oaks,7665898.62207031,14126.6839132459
3291,141305,44000,Los Angeles,Sherman Oaks,14130544000Sherman Oaks,7435648.50683594,11419.078748941
3292,141306,44000,Los Angeles,Sherman Oaks,14130644000Sherman Oaks,6269144.65332031,12161.1107888446
3293,141400,44000,Los Angeles,Encino,14140044000Encino,21520538.4316406,19428.0192279695
3294,141500,44000,Los Angeles,Encino,14150044000Encino,35908648.2734375,31695.4147558975
3295,141600,44000,Los Angeles,Sherman Oaks,14160044000Sherman Oaks,41447521.0341797,37193.4649060525
3296,141700,44000,Los Angeles,Sherman Oaks,14170044000Sherman Oaks,34913376.4648438,32035.6645810841
3297,143101,44000,Los Angeles,Toluca Lake,14310144000Toluca Lake,14961438.53,18581.5158
3298,143102,44000,Los Angeles,Toluca Lake,14310244000Toluca Lake,4210566.44824219,8677.3934290019
3299,143200,44000,Los Angeles,North Hollywood,14320044000North Hollywood,6151169.84277344,11209.079900481
3300,143200,44000,Los Angeles,Studio City,14320044000Studio City,4150746.31347656,9499.28860408289
3301,143301,44000,Los Angeles,Valley Village,14330144000Valley Village,6234261.48144531,13013.0535736277
3302,143302,44000,Los Angeles,Studio City,14330244000Studio City,10158377.421875,16115.7152413886
3303,143302,44000,Los Angeles,Valley Village,14330244000Valley Village,999521.3203,6790.05741175279
3304,143401,44000,Los Angeles,Sherman Oaks,14340144000Sherman Oaks,11938069.8232422,14981.8998450846
3305,143402,44000,Los Angeles,Sherman Oaks,14340244000Sherman Oaks,6976584.12890625,10570.0801028742
3306,143500,44000,Los Angeles,Sherman Oaks,14350044000Sherman Oaks,13326966.8798828,18906.7886327098
3307,143602,44000,Los Angeles,Studio City,14360244000Studio City,13130771.06,16670.2877157364
3308,143603,44000,Los Angeles,Studio City,14360344000Studio City,5655366.72753906,13491.2050112906
3309,143605,44000,Los Angeles,North Hollywood,14360544000North Hollywood,3609765.6640625,8349.74868411741
3310,143606,44000,Los Angeles,North Hollywood,14360644000North Hollywood,959620.9141,5964.9785551764
3311,143700,44000,Los Angeles,Hollywood Hills,14370044000Hollywood Hills,35359681.9902344,37330.1367523353
3312,143801,44000,Los Angeles,Studio City,14380144000Studio City,15404434.9208984,21416.8264539931
3313,143802,44000,Los Angeles,Studio City,14380244000Studio City,12536905.0859375,31498.003146419
3314,143901,44000,Los Angeles,Studio City,14390144000Studio City,56989394.1787109,42062.6181672607
3315,143902,44000,Los Angeles,Sherman Oaks,14390244000Sherman Oaks,27199426.8134766,34221.3470084695
3316,181000,44000,Los Angeles,Eagle Rock,18100044000Eagle Rock,44567974.4462891,37767.6642583813
3317,181300,44000,Los Angeles,Eagle Rock,18130044000Eagle Rock,15508383.6357422,21382.1721216029
3318,181400,44000,Los Angeles,Eagle Rock,18140044000Eagle Rock,9463038.27636719,14429.0355204333
3319,181500,44000,Los Angeles,Eagle Rock,18150044000Eagle Rock,11779899.2509766,17891.5739547887
3320,181600,44000,Los Angeles,Eagle Rock,18160044000Eagle Rock,13454699.4267578,17952.5660749051
3321,183101,44000,Los Angeles,Highland Park,18310144000Highland Park,10427025.4765625,17014.056479871
3322,183103,44000,Los Angeles,Highland Park,18310344000Highland Park,7078796.95996094,19698.0755239884
3323,183104,44000,Los Angeles,Highland Park,18310444000Highland Park,7183313.47558594,16333.3115237549
3324,183220,44000,Los Angeles,Highland Park,18322044000Highland Park,5760188.16796875,13315.1575367688
3325,183221,44000,Los Angeles,Eagle Rock,18322144000Eagle Rock,7607162.38867188,12823.752536286
3326,183222,44000,Los Angeles,Eagle Rock,18322244000Eagle Rock,9995971.74121094,16896.2018603065
3327,183300,44000,Los Angeles,Eagle Rock,18330044000Eagle Rock,5826328.07421875,10264.0932173057
3328,183401,44000,Los Angeles,Eagle Rock,18340144000Eagle Rock,5223899.27929688,10481.102803551
3329,183402,44000,Los Angeles,Eagle Rock,18340244000Eagle Rock,5526724.26757813,11219.5338669201
3330,183510,44000,Los Angeles,Highland Park,18351044000Highland Park,5386523.16894531,10456.8030217495
3331,183520,44000,Los Angeles,Highland Park,18352044000Highland Park,4603712.15429688,9181.80214136815
3332,183610,44000,Los Angeles,Highland Park,18361044000Highland Park,4075525.11328125,9804.38281409189
3333,183620,44000,Los Angeles,Highland Park,18362044000Highland Park,5569786.87792969,9445.37317487079
3334,183701,44000,Los Angeles,Highland Park,18370144000Highland Park,5929136.8515625,12477.9651668715
3335,183702,44000,Los Angeles,Highland Park,18370244000Highland Park,9605851.64453125,17109.6965302779
3336,183810,44000,Los Angeles,Highland Park,18381044000Highland Park,4897322.34667969,10284.5121591179
3337,183820,44000,Los Angeles,Highland Park,18382044000Highland Park,3321692.93457031,10482.3216906105
3338,185101,44000,Los Angeles,Mt. Washington,18510144000Mt. Washington,8774297.37402344,18657.8532584816
3339,185102,44000,Los Angeles,Mt. Washington,18510244000Mt. Washington,15745910.8681641,27672.2933467091
3340,185202,44000,Los Angeles,Mt. Washington,18520244000Mt. Washington,12977025.1132813,17410.1502540722
3341,185203,44000,Los Angeles,Mt. Washington,18520344000Mt. Washington,5901097.85058594,11947.957070807
3342,185204,44000,Los Angeles,Mt. Washington,18520444000Mt. Washington,10373732.4472656,17349.3527821601
3343,185310,44000,Los Angeles,Mt. Washington,18531044000Mt. Washington,4532485.2890625,12163.9306994189
3344,185320,44000,Los Angeles,Elysian Valley,18532044000Elysian Valley,5984676.07421875,12736.8207432023
3345,186100,44000,Los Angeles,Glassell Park,18610044000Glassell Park,14513725.2402344,21957.4359109766
3346,186201,44000,Los Angeles,Glassell Park,18620144000Glassell Park,5618803.50195313,12105.445012174
3347,186202,44000,Los Angeles,Glassell Park,18620244000Glassell Park,4394615.88378906,11048.7751053325
3348,186203,44000,Los Angeles,Glassell Park,18620344000Glassell Park,9070430.109,15825.5161703888
3349,186301,44000,Los Angeles,Glassell Park,18630144000Glassell Park,12493586.0605469,17811.1626847504
3350,186302,44000,Los Angeles,Glassell Park,18630244000Glassell Park,18139460.2861328,17902.3559792176
3351,186401,44000,Los Angeles,Glassell Park,18640144000Glassell Park,10377949.1494141,17892.4045308722
3352,186403,44000,Los Angeles,Glassell Park,18640344000Glassell Park,5809080.9140625,11980.6117556094
3353,186404,44000,Los Angeles,Glassell Park,18640444000Glassell Park,4317473.01855469,8865.18424406995
3354,187101,44000,Los Angeles,Atwater Village,18710144000Atwater Village,8462341.73339844,12789.1266132886
3355,187102,44000,Los Angeles,Atwater Village,18710244000Atwater Village,23651094.0488281,38392.5018498652
3356,187200,44000,Los Angeles,Silverlake,18720044000Silverlake,5939520.60253906,12473.9856464348
3357,187300,44000,Los Angeles,Silverlake,18730044000Silverlake,12581721.0751953,19465.1481629037
3358,188100,44000,Los Angeles,Atwater Village,18810044000Atwater Village,22700295.3183594,25969.3644769582
3359,188201,44000,Los Angeles,Los Feliz,18820144000Los Feliz,8376235.83789063,17243.2560869072
3360,188202,44000,Los Angeles,Los Feliz,18820244000Los Feliz,8177747.79980469,11797.389516353
3361,188300,44000,Los Angeles,Atwater Village,18830044000Atwater Village,9932921.17480469,12687.189373123
3362,189101,44000,Los Angeles,Los Feliz,18910144000Los Feliz,4254066.07128906,8256.65307579925
3363,189102,44000,Los Angeles,Los Feliz,18910244000Los Feliz,6761776.46679688,12161.9680550444
3364,189201,44000,Los Angeles,Los Feliz,18920144000Los Feliz,3505718.40917969,7950.95853088376
3365,189202,44000,Los Angeles,Los Feliz,18920244000Los Feliz,11135934.4482422,17377.6475762765
3366,189300,44000,Los Angeles,Los Feliz,18930044000Los Feliz,20450531.2148438,25804.2050225301
3367,189400,44000,Los Angeles,Hollywood Hills,18940044000Hollywood Hills,15572286.44,29181.4331996376
3368,189501,44000,Los Angeles,Hollywood Hills,18950144000Hollywood Hills,3691027.63867188,9276.44023966872
3369,189502,44000,Los Angeles,Hollywood Hills,18950244000Hollywood Hills,2683290.57226563,7293.1588202985
3370,189600,44000,Los Angeles,Hollywood Hills,18960044000Hollywood Hills,11524056.3193359,20168.0334173677
3371,189702,44000,Los Angeles,Hollywood Hills,18970244000Hollywood Hills,15699734.4863281,23119.2644519326
3372,189703,44000,Los Angeles,Hollywood Hills,18970344000Hollywood Hills,36426880.3759766,43341.2534557921
3373,189704,44000,Los Angeles,Hollywood Hills,18970444000Hollywood Hills,10480767.9345703,25879.5120587352
3374,189801,44000,Los Angeles,Hollywood,18980144000Hollywood,4396392.37402344,10050.2937804175
3375,189802,44000,Los Angeles,Hollywood,18980244000Hollywood,3394889.06933594,7813.08628481294
3376,189903,44000,Los Angeles,Hollywood,18990344000Hollywood,903809.782226563,4148.70014941493
3377,189904,44000,Los Angeles,Hollywood,18990444000Hollywood,1718544.59765625,5287.4482553725
3378,189905,44000,Los Angeles,Hollywood,18990544000Hollywood,2780960.37695313,6976.57795251279
3379,189906,44000,Los Angeles,Hollywood,18990644000Hollywood,2115669.484,5867.34941328087
3380,189907,44000,Los Angeles,Hollywood,18990744000Hollywood,1698343.69824219,5217.11963646501
3381,190101,44000,Los Angeles,Hollywood,19010144000Hollywood,2415008.29785156,6832.08929909665
3382,190102,44000,Los Angeles,Hollywood,19010244000Hollywood,4044459.47460938,8757.26424920248
3383,190201,44000,Los Angeles,Hollywood,19020144000Hollywood,2441465.54589844,6878.89045402037
3384,190202,44000,Los Angeles,Hollywood,19020244000Hollywood,2275416.93261719,6570.16977264255
3385,190302,44000,Los Angeles,Hollywood,19030244000Hollywood,2581486.79394531,9434.65654436918
3386,190303,44000,Los Angeles,Hollywood,19030344000Hollywood,1760133.78222656,5299.27193578134
3387,190401,44000,Los Angeles,Thai Town,19040144000Thai Town,1796718.45507813,5352.46390160331
3388,190402,44000,Los Angeles,Thai Town,19040244000Thai Town,1691405.73339844,5221.39362679699
3389,190510,44000,Los Angeles,Hollywood,19051044000Hollywood,3427041.19824219,7981.06361236841
3390,190520,44000,Los Angeles,Thai Town,19052044000Thai Town,2625891.78613281,6612.09835261876
3391,190701,44000,Los Angeles,Hollywood,19070144000Hollywood,4762957.71777344,9891.61421202992
3392,190702,44000,Los Angeles,Hollywood,19070244000Hollywood,2152795.83691406,5909.3031455474
3393,190801,44000,Los Angeles,Hollywood,19080144000Hollywood,3489481.391,7925.39347823898
3394,190802,44000,Los Angeles,Hollywood,19080244000Hollywood,5239281.44628906,9249.66424797998
3395,190901,44000,Los Angeles,Hollywood,19090144000Hollywood,5276369.29199219,9290.88054905624
3396,190902,44000,Los Angeles,Hollywood,19090244000Hollywood,5241751.41503906,9257.09131475024
3397,191000,44000,Los Angeles,Hollywood,19100044000Hollywood,6982341.94824219,11184.0424700886
3398,191110,44000,Los Angeles,Little Armenia,19111044000Little Armenia,2935750.703,7507.23520980952
3399,191120,44000,Los Angeles,Little Armenia,19112044000Little Armenia,4086492.1484375,8372.8749462336
3400,191201,44000,Los Angeles,East Hollywood,19120144000East Hollywood,6159840.10058594,9951.87049361138
3401,191203,44000,Los Angeles,East Hollywood,19120344000East Hollywood,2208777.3359375,5985.14698302039
3402,191204,44000,Los Angeles,East Hollywood,19120444000East Hollywood,2164380.99121094,5918.96390161065
3403,191301,44000,Los Angeles,East Hollywood,19130144000East Hollywood,2944248.00292969,8542.97553647869
3404,191302,44000,Los Angeles,East Hollywood,19130244000East Hollywood,4547355.97167969,9355.94184583124
3405,191410,44000,Los Angeles,East Hollywood,19141044000East Hollywood,3351613.45605469,7438.7235380982
3406,191420,44000,Los Angeles,East Hollywood,19142044000East Hollywood,2445290.78613281,6614.98696780496
3407,191500,44000,Los Angeles,East Hollywood,19150044000East Hollywood,6903538.48535156,10328.4579946976
3408,191610,44000,Los Angeles,Melrose,19161044000Melrose,4498451.73144531,9411.00795419539
3409,191620,44000,Los Angeles,Melrose,19162044000Melrose,2463259.51269531,7019.68483507402
3410,191710,44000,Los Angeles,Melrose,19171044000Melrose,7627488.06542969,13209.037114399
3411,191720,44000,Los Angeles,Melrose,19172044000Melrose,2845102.18066406,6946.35578545487
3412,191810,44000,Los Angeles,Melrose,19181044000Melrose,4351183.766,9234.52892508023
3413,191820,44000,Los Angeles,Melrose,19182044000Melrose,4356427.20800781,9240.1009294713
3414,191901,44000,Los Angeles,Melrose,19190144000Melrose,8329656.07226563,11876.0757490517
3415,191902,44000,Los Angeles,Melrose,19190244000Melrose,7817628.77929688,11569.7927711079
3416,192001,44000,Los Angeles,Melrose,19200144000Melrose,5712295.56738281,11586.6157559867
3417,192002,44000,Los Angeles,Melrose,19200244000Melrose,9252353.93652344,12811.6464727629
3418,192300,44000,Los Angeles,Melrose,19230044000Melrose,9466538.41113281,12502.4473251852
3419,192410,44000,Los Angeles,Melrose,19241044000Melrose,7361248.20898438,10853.9112897612
3420,192420,44000,Los Angeles,Melrose,19242044000Melrose,3497159.98535156,7935.55471457872
3421,192510,44000,Los Angeles,Melrose,19251044000Melrose,3667689.7421875,8117.81434224808
3422,192520,44000,Los Angeles,Melrose,19252044000Melrose,3313080.43652344,7806.58100815139
3423,192610,44000,Los Angeles,Melrose,19261044000Melrose,4471344.16503906,9148.61786723022
3424,192620,44000,Los Angeles,Melrose,19262044000Melrose,2621620.21191406,7269.04158920595
3425,192700,44000,Los Angeles,Silverlake,19270044000Silverlake,5717764.8359375,9614.59701293601
3426,194101,44000,Los Angeles,Hollywood Hills,19410144000Hollywood Hills,27369137.1376953,33897.1061398516
3427,194102,44000,Los Angeles,Hollywood Hills,19410244000Hollywood Hills,37710080.3212891,38284.3724118668
3428,194200,44000,Los Angeles,Hollywood,19420044000Hollywood,28021133.1445313,29503.6393991235
3429,194300,44000,Los Angeles,Hollywood,19430044000Hollywood,26616178.3701172,35083.9016542073
3430,194401,44000,Los Angeles,Melrose,19440144000Melrose,4992140.16601563,9742.63395453619
3431,194402,44000,Los Angeles,Melrose,19440244000Melrose,6353507.39941406,14450.8278437522
3432,194500,44000,Los Angeles,Melrose,19450044000Melrose,7327577.73535156,14879.3754057537
3433,195100,44000,Los Angeles,Silverlake,19510044000Silverlake,20401224.953125,21725.9762945703
3434,195201,44000,Los Angeles,Silverlake,19520144000Silverlake,6467331.063,13799.7968684958
3435,195202,44000,Los Angeles,Silverlake,19520244000Silverlake,9449915.80273438,14518.804439787
3436,195300,44000,Los Angeles,Silverlake,19530044000Silverlake,6246658.61328125,11071.6915193105
3437,195400,44000,Los Angeles,Silverlake,19540044000Silverlake,11090335.9873047,17053.1343667066
3438,195500,44000,Los Angeles,Silverlake,19550044000Silverlake,13079674.5126953,19965.8527573949
3439,195600,44000,Los Angeles,Silverlake,19560044000Silverlake,5678695.08105469,11167.7804286962
3440,195710,44000,Los Angeles,Historic Filipinotown,19571044000Historic Filipinotown,2025586.96582031,5870.91731061741
3441,195710,44000,Los Angeles,Temple-Beaudry,19571044000Temple-Beaudry,3177594.27246094,7491.51014116257
3442,195720,44000,Los Angeles,Temple-Beaudry,19572044000Temple-Beaudry,3106377.453,8346.28333130401
3443,195802,44000,Los Angeles,Historic Filipinotown,19580244000Historic Filipinotown,1886783.51074219,6136.47706721884
3444,195802,44000,Los Angeles,Temple-Beaudry,19580244000Temple-Beaudry,2445697.35644531,9708.91179906491
3445,195803,44000,Los Angeles,Temple-Beaudry,19580344000Temple-Beaudry,4062219.18359375,9006.87047371902
3446,195804,44000,Los Angeles,Temple-Beaudry,19580444000Temple-Beaudry,3615057.76464844,7708.38488268477
3447,195901,44000,Los Angeles,Silverlake,19590144000Silverlake,3130907.77148438,8189.9911949984
3448,195902,44000,Los Angeles,Silverlake,19590244000Silverlake,3742435.98046875,8216.50461065841
3449,195903,44000,Los Angeles,Silverlake,19590344000Silverlake,2562598.85742188,6738.7193132732
3450,197200,44000,Los Angeles,Elysian Valley,19720044000Elysian Valley,8392402.52246094,14855.0076569568
3451,197300,44000,Los Angeles,Echo Park,19730044000Echo Park,7041918.67285156,15214.0899337323
3452,197410,44000,Los Angeles,Echo Park,19741044000Echo Park,7193129.88867188,11095.2454779578
3453,197410,44000,Los Angeles,Elysian Valley,19741044000Elysian Valley,7804592.60742188,16505.6188919815
3454,197420,44000,Los Angeles,Echo Park,19742044000Echo Park,6625799.4453125,11620.0422437815
3455,197500,44000,Los Angeles,Echo Park,19750044000Echo Park,6893864.58203125,10416.0784271269
3456,197600,44000,Los Angeles,Angelino Heights,19760044000Angelino Heights,4179638.58789063,10403.6307324197
3457,197700,44000,Los Angeles,Elysian Park,19770044000Elysian Park,7553557.12109375,13927.2556257874
3458,199001,44000,Los Angeles,Lincoln Heights,19900144000Lincoln Heights,2689158.70996094,8016.49733892408
3459,199002,44000,Los Angeles,Elysian Valley,19900244000Elysian Valley,362846.874023438,2646.80294132886
3460,199002,44000,Los Angeles,Lincoln Heights,19900244000Lincoln Heights,14108906.5546875,20101.7016162017
3461,199110,44000,Los Angeles,Lincoln Heights,19911044000Lincoln Heights,9708745.3203125,14253.5443807963
3462,199120,44000,Los Angeles,Lincoln Heights,19912044000Lincoln Heights,10353342.0048828,16459.4376079051
3463,199201,44000,Los Angeles,Lincoln Heights,19920144000Lincoln Heights,4253721.37695313,8935.71157376739
3464,199202,44000,Los Angeles,Lincoln Heights,19920244000Lincoln Heights,10271551.6640625,18277.8416595884
3465,199300,44000,Los Angeles,Lincoln Heights,19930044000Lincoln Heights,27892980.671875,31606.2242946694
3466,199400,44000,Los Angeles,Mt. Washington,19940044000Mt. Washington,7502822.58398438,16925.2765756693
3467,199700,44000,Los Angeles,Wholesale District,19970044000Wholesale District,10446877.4628906,13861.1004180242
3468,199801,44000,Los Angeles,Lincoln Heights,19980144000Lincoln Heights,3713843.8203125,9460.40108985199
3469,199802,44000,Los Angeles,Lincoln Heights,19980244000Lincoln Heights,3296094.91015625,8868.86791925823
3470,199900,44000,Los Angeles,Lincoln Heights,19990044000Lincoln Heights,4768421.86328125,10151.7000597592
3471,201110,44000,Los Angeles,El Sereno,20111044000El Sereno,10910940.3740234,16185.0880715631
3472,201120,44000,Los Angeles,El Sereno,20112044000El Sereno,8499084.67675781,13805.0947583385
3473,201200,44000,Los Angeles,El Sereno,20120044000El Sereno,4745344.71289063,10433.2498049057
3474,201301,44000,Los Angeles,El Sereno,20130144000El Sereno,9323619.74707031,19559.0914375448
3475,201302,44000,Los Angeles,Highland Park,20130244000Highland Park,10674383.4726563,15002.1285487386
3476,201401,44000,Los Angeles,El Sereno,20140144000El Sereno,14080873.7861328,15488.1842467269
3477,201402,44000,Los Angeles,El Sereno,20140244000El Sereno,20894754.4990234,19010.0136390117
3478,201501,44000,Los Angeles,El Sereno,20150144000El Sereno,9517119.94628906,14414.6451170047
3479,201503,44000,Los Angeles,El Sereno,20150344000El Sereno,4729176.20800781,9203.83116277246
3480,201504,44000,Los Angeles,El Sereno,20150444000El Sereno,3965244.82128906,9638.95062040373
3481,201601,44000,Los Angeles,El Sereno,20160144000El Sereno,5816272.04296875,11114.6418594415
3482,201602,44000,Los Angeles,El Sereno,20160244000El Sereno,11475611.5097656,18944.1792824781
3483,201700,44000,Los Angeles,El Sereno,20170044000El Sereno,5076912.60546875,14827.6131678575
3484,201700,44000,Los Angeles,University Hills,20170044000University Hills,13136234.9404297,18247.3841473614
3485,203100,44000,Los Angeles,Boyle Heights,20310044000Boyle Heights,7076623.27734375,11835.4699536232
3486,203200,44000,Los Angeles,Boyle Heights,20320044000Boyle Heights,5554290.57910156,10215.3528790905
3487,203300,44000,Los Angeles,Boyle Heights,20330044000Boyle Heights,16057705.2167969,15606.6512243861
3488,203500,44000,Los Angeles,Boyle Heights,20350044000Boyle Heights,3727010.59277344,9504.83049193997
3489,203601,44000,Los Angeles,Boyle Heights,20360144000Boyle Heights,3551888.51660156,13042.5753881506
3490,203602,44000,Los Angeles,Boyle Heights,20360244000Boyle Heights,2404808.625,7367.40356767523
3491,203710,44000,Los Angeles,Boyle Heights,20371044000Boyle Heights,3036174.98925781,7623.78207956219
3492,203720,44000,Los Angeles,Boyle Heights,20372044000Boyle Heights,3455623.0859375,7965.72103815224
3493,203800,44000,Los Angeles,Boyle Heights,20380044000Boyle Heights,5269811.26660156,9438.54682289531
3494,203900,44000,Los Angeles,Boyle Heights,20390044000Boyle Heights,4816759.03515625,12184.7825408111
3495,204110,44000,Los Angeles,Boyle Heights,20411044000Boyle Heights,6499062.05273438,10204.6582866326
3496,204120,44000,Los Angeles,Boyle Heights,20412044000Boyle Heights,2835229.07617188,6976.74436499069
3497,204200,44000,Los Angeles,Boyle Heights,20420044000Boyle Heights,3242089.63183594,7623.77136019474
3498,204300,44000,Los Angeles,Boyle Heights,20430044000Boyle Heights,6926359.90917969,10888.003359872
3499,204410,44000,Los Angeles,Boyle Heights,20441044000Boyle Heights,3195564.86035156,7602.23544242298
3500,204420,44000,Los Angeles,Boyle Heights,20442044000Boyle Heights,3251272.35742188,7655.41869990659
3501,204600,44000,Los Angeles,Boyle Heights,20460044000Boyle Heights,6255599.5,12236.3676513516
3502,204700,44000,Los Angeles,Boyle Heights,20470044000Boyle Heights,10882886.9902344,13335.7210856397
3503,204810,44000,Los Angeles,Boyle Heights,20481044000Boyle Heights,8289141.97363281,11974.58982
3504,204820,44000,Los Angeles,Boyle Heights,20482044000Boyle Heights,3445970.13476563,8346.72006939621
3505,204910,44000,Los Angeles,Boyle Heights,20491044000Boyle Heights,5581091.52148438,9621.99978223837
3506,204920,44000,Los Angeles,Boyle Heights,20492044000Boyle Heights,9792648.73242188,12794.7207417232
3507,205110,44000,Los Angeles,Boyle Heights,20511044000Boyle Heights,3088750.71191406,9229.3285184621
3508,205120,44000,Los Angeles,Boyle Heights,20512044000Boyle Heights,15812395.6083984,19905.7167191091
3509,206010,44000,Los Angeles,Wholesale District,20601044000Wholesale District,15484999.140625,21064.4847986774
3510,206020,44000,Los Angeles,Wholesale District,20602044000Wholesale District,9402668.94824219,12028.6837123476
3511,206050,44000,Los Angeles,Wholesale District,20605044000Wholesale District,19224865.6376953,25516.2103205326
3512,206051,44000,Los Angeles,Wholesale District,20605144000Wholesale District,40093185.2529297,29909.54393
3513,206052,44000,Los Angeles,Wholesale District,20605244000Wholesale District,9949989.03710938,13475.3347239933
3514,206053,44000,Los Angeles,Wholesale District,20605344000Wholesale District,6331335.82226563,10825.5683508379
3515,206054,44000,Los Angeles,Wholesale District,20605444000Wholesale District,4528566.30078125,9850.73166436649
3516,206201,44000,Los Angeles,Little Tokyo,20620144000Little Tokyo,2161830.51269531,6940.51194769521
3517,206202,44000,Los Angeles,Little Tokyo,20620244000Little Tokyo,4067608.40429688,9661.18104991104
3518,206301,44000,Los Angeles,Wholesale District,20630144000Wholesale District,1457934.98632813,4943.3617977889
3519,206302,44000,Los Angeles,Wholesale District,20630244000Wholesale District,499694.893554688,3606.48729296591
3520,206303,44000,Los Angeles,Wholesale District,20630344000Wholesale District,4680012.36230469,10618.4802996574
3521,207101,44000,Los Angeles,Chinatown,20710144000Chinatown,3231104.87207031,7719.97242974895
3522,207102,44000,Los Angeles,Chinatown,20710244000Chinatown,4467390.47167969,9909.72936474426
3523,207103,44000,Los Angeles,Chinatown,20710344000Chinatown,3488870.78808594,9634.12069577669
3524,207303,44000,Los Angeles,Downtown,20730344000Downtown,1905455.42480469,5576.5623649665
3525,207304,44000,Los Angeles,Downtown,20730444000Downtown,541608.155273438,3459.97983702434
3526,207305,44000,Los Angeles,Downtown,20730544000Downtown,2182607.95996094,8262.43976296179
3527,207306,44000,Los Angeles,Downtown,20730644000Downtown,1736961.50878906,5647.49910852366
3528,207307,44000,Los Angeles,Downtown,20730744000Downtown,525888.244140625,2911.0204400962
3529,207308,44000,Los Angeles,Downtown,20730844000Downtown,494198.704101563,2815.58600974974
3530,207400,44000,Los Angeles,Downtown,20740044000Downtown,9358160.46484375,15170.8427524485
3531,207501,44000,Los Angeles,Downtown,20750144000Downtown,1445861.74902344,4896.73475114669
3532,207502,44000,Los Angeles,Downtown,20750244000Downtown,4503356.15234375,9155.74018480564
3533,207711,44000,Los Angeles,Downtown,20771144000Downtown,7470191.82128906,14747.4077536725
3534,207712,44000,Los Angeles,Downtown,20771244000Downtown,4383833.96679688,9437.96600355331
3535,207901,44000,Los Angeles,Downtown,20790144000Downtown,2187364.00878906,6858.66492943651
3536,207902,44000,Los Angeles,Downtown,20790244000Downtown,7532284.17382813,11167.8006383998
3537,208001,44000,Los Angeles,Temple-Beaudry,20800144000Temple-Beaudry,6200267.32714844,11658.8200194752
3538,208002,44000,Los Angeles,Temple-Beaudry,20800244000Temple-Beaudry,4253668.54296875,9520.27532286155
3539,208301,44000,Los Angeles,Temple-Beaudry,20830144000Temple-Beaudry,1000517.73339844,5183.03607190575
3540,208302,44000,Los Angeles,Historic Filipinotown,20830244000Historic Filipinotown,2623331.20800781,7005.07696516536
3541,208302,44000,Los Angeles,Temple-Beaudry,20830244000Temple-Beaudry,2111864.51074219,5619.15297199558
3542,208401,44000,Los Angeles,Temple-Beaudry,20840144000Temple-Beaudry,2472158.34472656,6288.24828413808
3543,208402,44000,Los Angeles,Historic Filipinotown,20840244000Historic Filipinotown,3671870.67675781,8621.41971186169
3544,208501,44000,Los Angeles,Historic Filipinotown,20850144000Historic Filipinotown,2617935.64257813,6561.48722103543
3545,208502,44000,Los Angeles,Temple-Beaudry,20850244000Temple-Beaudry,2809715.46289063,6778.92975138544
3546,208610,44000,Los Angeles,Historic Filipinotown,20861044000Historic Filipinotown,2324100.35839844,6144.8013690768
3547,208610,44000,Los Angeles,Temple-Beaudry,20861044000Temple-Beaudry,1444484.89648438,5051.56776336308
3548,208620,44000,Los Angeles,Historic Filipinotown,20862044000Historic Filipinotown,1540179.22070313,4997.06026983384
3549,208620,44000,Los Angeles,Temple-Beaudry,20862044000Temple-Beaudry,1950825.10546875,5669.45251829878
3550,208710,44000,Los Angeles,Westlake,20871044000Westlake,1834029.27929688,5648.9561249481
3551,208720,44000,Los Angeles,Westlake,20872044000Westlake,1773090.48144531,6918.80840236181
3552,208801,44000,Los Angeles,Westlake,20880144000Westlake,2889597.50488281,7802.30220798194
3553,208802,44000,Los Angeles,Westlake,20880244000Westlake,2276497.56054688,7699.51031157429
3554,208902,44000,Los Angeles,Westlake,20890244000Westlake,1981074.27832031,5658.69510391834
3555,208903,44000,Los Angeles,Westlake,20890344000Westlake,1714525.03027344,7038.47736407138
3556,208904,44000,Los Angeles,Westlake,20890444000Westlake,1206684.00195313,4564.78245022933
3557,209103,44000,Los Angeles,Westlake,20910344000Westlake,1334883.54296875,4693.77160334757
3558,209104,44000,Los Angeles,Westlake,20910444000Westlake,753048.397460938,3841.2157434365
3559,209105,44000,Los Angeles,Westlake,20910544000Westlake,895832.096679688,4013.33659291412
3560,209106,44000,Los Angeles,Westlake,20910644000Westlake,2385508.82226563,6257.58848630201
3561,209201,44000,Los Angeles,Westlake,20920144000Westlake,1810243.15332031,5620.43157051423
3562,209202,44000,Los Angeles,Westlake,20920244000Westlake,2615714.19140625,6576.90092386802
3563,209300,44000,Los Angeles,Westlake,20930044000Westlake,3296913.54882813,7929.0128396003
3564,209401,44000,Los Angeles,Westlake,20940144000Westlake,2321323.24707031,6370.62079325324
3565,209402,44000,Los Angeles,Westlake,20940244000Westlake,1466365.41308594,4850.00512373935
3566,209403,44000,Los Angeles,Westlake,20940344000Westlake,1487539.15722656,4882.33832503706
3567,209510,44000,Los Angeles,Pico-Union,20951044000Pico-Union,1964250.13085938,5807.55883669685
3568,209520,44000,Los Angeles,Pico-Union,20952044000Pico-Union,2488318.48046875,6468.38306720715
3569,209810,44000,Los Angeles,Pico-Union,20981044000Pico-Union,1612737.66503906,5415.90695810953
3570,209820,44000,Los Angeles,Pico-Union,20982044000Pico-Union,1927868.32519531,5690.53478597642
3571,210010,44000,Los Angeles,Pico-Union,21001044000Pico-Union,4402346.40332031,8913.8057734972
3572,211000,44000,Los Angeles,Hancock Park,21100044000Hancock Park,28596608.9150391,25170.3917020324
3573,211121,44000,Los Angeles,Wilshire Center,21112144000Wilshire Center,2302745.88183594,7589.30550663028
3574,211122,44000,Los Angeles,Wilshire Center,21112244000Wilshire Center,3934719.22949219,8274.02585068947
3575,211123,44000,Los Angeles,Wilshire Center,21112344000Wilshire Center,1851763.22265625,6798.3551209378
3576,211124,44000,Los Angeles,Wilshire Center,21112444000Wilshire Center,4252171.77148438,8179.6893097627
3577,211201,44000,Los Angeles,Wilshire Center,21120144000Wilshire Center,1500139.47363281,4915.85472855234
3578,211202,44000,Los Angeles,Wilshire Center,21120244000Wilshire Center,1928508.22851563,5559.55033030914
3579,211310,44000,Los Angeles,Wilshire Center,21131044000Wilshire Center,1549285.41308594,4998.25424768735
3580,211320,44000,Los Angeles,Wilshire Center,21132044000Wilshire Center,2005003.90820313,5674.535158
3581,211410,44000,Los Angeles,Wilshire Center,21141044000Wilshire Center,2914762.84277344,7500.82064088929
3582,211420,44000,Los Angeles,Wilshire Center,21142044000Wilshire Center,4101870.44335938,8393.53387021795
3583,211500,44000,Los Angeles,Hancock Park,21150044000Hancock Park,9784657.08496094,13106.0069585936
3584,211701,44000,Los Angeles,Hancock Park,21170144000Hancock Park,7012736.50195313,10536.9902328165
3585,211703,44000,Los Angeles,Wilshire Center,21170344000Wilshire Center,1981626.61621094,5697.16957399334
3586,211704,44000,Los Angeles,Wilshire Center,21170444000Wilshire Center,1990774.68945313,5747.67075602315
3587,211802,44000,Los Angeles,Little Bangladesh,21180244000Little Bangladesh,3502643.73242188,7938.31024377578
3588,211803,44000,Los Angeles,Little Bangladesh,21180344000Little Bangladesh,1501838.27636719,4915.9013799445
3589,211804,44000,Los Angeles,Little Bangladesh,21180444000Little Bangladesh,2001676.11425781,5672.15979563809
3590,211910,44000,Los Angeles,Little Bangladesh,21191044000Little Bangladesh,1484986.828,4890.33946100981
3591,211921,44000,Los Angeles,Little Bangladesh,21192144000Little Bangladesh,997361.5156,4152.05476058997
3592,211922,44000,Los Angeles,Little Bangladesh,21192244000Little Bangladesh,999895.013671875,4155.40736676152
3593,212101,44000,Los Angeles,Little Bangladesh,21210144000Little Bangladesh,1999605.55859375,5669.83836387324
3594,212102,44000,Los Angeles,Little Bangladesh,21210244000Little Bangladesh,1492502.87304688,4902.78289368658
3595,212202,44000,Los Angeles,Wilshire Center,21220244000Wilshire Center,2222489.59082031,6482.1356854298
3596,212203,44000,Los Angeles,Wilshire Center,21220344000Wilshire Center,1144387.68554688,4500.96501646808
3597,212204,44000,Los Angeles,Wilshire Center,21220444000Wilshire Center,2294675.17285156,6149.26059188054
3598,212303,44000,Los Angeles,Koreatown,21230344000Koreatown,1675286.08105469,5219.12958211044
3599,212304,44000,Los Angeles,Koreatown,21230444000Koreatown,2213853.59570313,6305.40145062883
3600,212305,44000,Los Angeles,Koreatown,21230544000Koreatown,1163116.72558594,4358.27139192059
3601,212306,44000,Los Angeles,Koreatown,21230644000Koreatown,1742868.42871094,5316.8622736321
3602,212410,44000,Los Angeles,Koreatown,21241044000Koreatown,1691956.44824219,5550.77600973898
3603,212420,44000,Los Angeles,Koreatown,21242044000Koreatown,1544109.3671875,4956.62921967568
3604,212501,44000,Los Angeles,Koreatown,21250144000Koreatown,856756.823242188,3804.1299057612
3605,212502,44000,Los Angeles,Koreatown,21250244000Koreatown,3068550.953,8256.47663952651
3606,212610,44000,Los Angeles,Koreatown,21261044000Koreatown,3844250.50683594,8377.31309155118
3607,212620,44000,Los Angeles,Koreatown,21262044000Koreatown,3106612.79785156,7947.89847019003
3608,212701,44000,Los Angeles,Country Club Park,21270144000Country Club Park,5054933.93652344,10686.6571288997
3609,212702,44000,Los Angeles,Country Club Park,21270244000Country Club Park,9478865.64160156,13476.2654068139
3610,212800,44000,Los Angeles,Country Club Park,21280044000Country Club Park,8409511.4453125,11737.5321980234
3611,212900,44000,Los Angeles,Country Club Park,21290044000Country Club Park,4021555.21972656,8954.75534414097
3612,213100,44000,Los Angeles,Koreatown,21310044000Koreatown,5780643.03710938,10508.5316976154
3613,213201,44000,Los Angeles,Koreatown,21320144000Koreatown,3605253.45410156,8208.73857762005
3614,213202,44000,Los Angeles,Koreatown,21320244000Koreatown,3637304.77246094,8141.28818317679
3615,213310,44000,Los Angeles,Koreatown,21331044000Koreatown,3359272.70507813,7825.27914352825
3616,213320,44000,Los Angeles,Koreatown,21332044000Koreatown,3352229.19335938,7850.4187797952
3617,213401,44000,Los Angeles,Pico-Union,21340144000Pico-Union,2110757.61035156,6327.3038735926
3618,213402,44000,Los Angeles,Pico-Union,21340244000Pico-Union,4217817.18457031,8305.59414996143
3619,214000,44000,Los Angeles,Melrose,21400044000Melrose,10887832.1425781,13352.7279748945
3620,214100,44000,Los Angeles,Hancock Park,21410044000Hancock Park,11929071.1025391,14127.7135021578
3621,214400,44000,Los Angeles,Melrose,21440044000Melrose,3705373.86132813,7957.51861624935
3622,214501,44000,Los Angeles,Park La Brea,21450144000Park La Brea,8071612.77246094,14790.9913361145
3623,214501,99037,Unincorporated,Miracle Mile,21450199037Miracle Mile,27975.7294921875,759.305706869573
3624,214503,44000,Los Angeles,Park La Brea,21450344000Park La Brea,2499125.68164063,6983.61551400315
3625,214504,44000,Los Angeles,Park La Brea,21450444000Park La Brea,1440218.90039063,6175.75888449378
3626,214505,44000,Los Angeles,Park La Brea,21450544000Park La Brea,1338728.72363281,7174.86678648227
3627,214600,44000,Los Angeles,Carthay,21460044000Carthay,6255676.97558594,10110.3188268594
3628,214700,44000,Los Angeles,Carthay,21470044000Carthay,6386484.84277344,10225.7483538599
3629,214800,44000,Los Angeles,Carthay,21480044000Carthay,6192549.88574219,11255.4241310182
3630,214902,44000,Los Angeles,Carthay,21490244000Carthay,5457386.21972656,9750.20558510393
3631,214903,44000,Los Angeles,Carthay,21490344000Carthay,1460738.28320313,5592.99519578918
3632,214904,44000,Los Angeles,Carthay,21490444000Carthay,1892199.484,5571.24518006449
3633,215101,44000,Los Angeles,Miracle Mile,21510144000Miracle Mile,3820668.62011719,10271.5828002954
3634,215102,44000,Los Angeles,Miracle Mile,21510244000Miracle Mile,2774422.44433594,8182.33626579412
3635,216100,44000,Los Angeles,Brookside,21610044000Brookside,2854132.84960938,7539.28869476545
3636,216100,44000,Los Angeles,Miracle Mile,21610044000Miracle Mile,4411524.6953125,10778.507278135
3637,216201,44000,Los Angeles,Miracle Mile,21620144000Miracle Mile,3712372.25878906,8370.50163973603
3638,216201,44000,Los Angeles,Sycamore Square,21620144000Sycamore Square,1259157.78613281,4576.52869120171
3639,216202,44000,Los Angeles,Miracle Mile,21620244000Miracle Mile,4837182.35839844,9376.93262965218
3640,216202,44000,Los Angeles,Sycamore Square,21620244000Sycamore Square,572041.752929688,3400.19120914729
3641,216301,44000,Los Angeles,Miracle Mile,21630144000Miracle Mile,6070546.43554688,11387.3563562873
3642,216302,44000,Los Angeles,Miracle Mile,21630244000Miracle Mile,7631426.54492188,11342.3994299592
3643,216401,44000,Los Angeles,South Carthay,21640144000South Carthay,4404800.84082031,8612.58398442514
3644,216402,44000,Los Angeles,South Carthay,21640244000South Carthay,2429718.172,6330.76960886018
3645,216700,44000,Los Angeles,Crestview,21670044000Crestview,8373830.08886719,11709.6779072995
3646,216800,44000,Los Angeles,South Carthay,21680044000South Carthay,7963558.59960938,11547.9944781142
3647,216901,44000,Los Angeles,Mid-city,21690144000Mid-city,7568669.44238281,12077.4665327385
3648,216902,44000,Los Angeles,Mid-city,21690244000Mid-city,4212664.48925781,9165.19768029502
3649,217001,44000,Los Angeles,Beverlywood,21700144000Beverlywood,841734.513671875,4911.79687171997
3650,217001,44000,Los Angeles,Crestview,21700144000Crestview,5062819.82128906,10912.4536987571
3651,217002,44000,Los Angeles,Crestview,21700244000Crestview,8302448.53613281,11538.552762133
3652,217101,44000,Los Angeles,Mid-city,21710144000Mid-city,4261583.91601563,9362.60688912106
3653,217102,44000,Los Angeles,Mid-city,21710244000Mid-city,5402497.22363281,9507.55986220076
3654,217200,44000,Los Angeles,Mid-city,21720044000Mid-city,9892697.25195313,15006.4876483363
3655,218110,44000,Los Angeles,Victoria Park,21811044000Victoria Park,6443253.563,12759.0295253498
3656,218120,44000,Los Angeles,Victoria Park,21812044000Victoria Park,4792162.82519531,8884.62395780631
3657,218210,44000,Los Angeles,St Elmo Village,21821044000St Elmo Village,4181507.10644531,8771.35433973724
3658,218220,44000,Los Angeles,Lafayette Square,21822044000Lafayette Square,7241556.125,11685.5323217586
3659,218300,44000,Los Angeles,Cloverdale/Cochran,21830044000Cloverdale/Cochran,9696383.74902344,17312.1704567413
3660,218400,44000,Los Angeles,Cloverdale/Cochran,21840044000Cloverdale/Cochran,7068182.20507813,12186.7855030344
3661,218500,44000,Los Angeles,Cloverdale/Cochran,21850044000Cloverdale/Cochran,5633812.85253906,11048.272619385
3662,218600,44000,Los Angeles,Longwood,21860044000Longwood,4633675.25390625,8988.51152544844
3663,218701,44000,Los Angeles,Wellington Square,21870144000Wellington Square,5919087.26464844,10687.1291610044
3664,218702,44000,Los Angeles,Wellington Square,21870244000Wellington Square,3871496.43847656,10285.0171729679
3665,218800,44000,Los Angeles,West Adams,21880044000West Adams,4430818.65917969,9005.08533739634
3666,218900,44000,Los Angeles,West Adams,21890044000West Adams,7571286.96484375,11505.7891823504
3667,219010,44000,Los Angeles,Jefferson Park,21901044000Jefferson Park,4745471.4765625,9379.60379566347
3668,219020,44000,Los Angeles,Jefferson Park,21902044000Jefferson Park,7819938.33984375,11239.3538335683
3669,219300,44000,Los Angeles,Crenshaw District,21930044000Crenshaw District,7015861.3203125,11233.5096146969
3670,219500,44000,Los Angeles,Crenshaw District,21950044000Crenshaw District,6001830.58789063,10424.821065566
3671,219700,44000,Los Angeles,Exposition,21970044000Exposition,9822055.36523438,13747.6973363004
3672,219700,44000,Los Angeles,Longwood,21970044000Longwood,1937476.52929688,7399.59187152263
3673,219800,44000,Los Angeles,Alsace,21980044000Alsace,4802061.72558594,9745.85961019367
3674,219901,44000,Los Angeles,Alsace,21990144000Alsace,5649831.27050781,10075.9469367594
3675,219902,44000,Los Angeles,Alsace,21990244000Alsace,6896340.01269531,11929.3228546717
3676,219902,44000,Los Angeles,Cloverdale/Cochran,21990244000Cloverdale/Cochran,1719610.73828125,6287.31447869427
3677,220000,44000,Los Angeles,Crenshaw District,22000044000Crenshaw District,10460271.4033203,12777.9822746182
3678,220100,44000,Los Angeles,Baldwin Hills,22010044000Baldwin Hills,10584607.859375,16923.6784237239
3679,221110,44000,Los Angeles,Pico-Union,22111044000Pico-Union,2521263.68164063,6926.45643304889
3680,221120,44000,Los Angeles,Pico-Union,22112044000Pico-Union,3417439.37304688,7524.7501264498
3681,221210,44000,Los Angeles,Harvard Heights,22121044000Harvard Heights,3861918.32421875,8418.5761458964
3682,221220,44000,Los Angeles,Harvard Heights,22122044000Harvard Heights,7097644.79492188,10529.0260731461
3683,221302,44000,Los Angeles,Harvard Heights,22130244000Harvard Heights,4974508.49804688,10183.1467026155
3684,221303,44000,Los Angeles,Harvard Heights,22130344000Harvard Heights,2518358.74414063,6486.05959793321
3685,221304,44000,Los Angeles,Harvard Heights,22130444000Harvard Heights,2446056.99804688,6306.66611541188
3686,221401,44000,Los Angeles,West Adams,22140144000West Adams,5837358.08789063,9623.3660880066
3687,221402,44000,Los Angeles,West Adams,22140244000West Adams,5729758.43945313,12853.6833872464
3688,221500,44000,Los Angeles,West Adams,22150044000West Adams,4098032.47851563,8382.72126192532
3689,221601,44000,Los Angeles,West Adams,22160144000West Adams,3981521.37011719,8298.46657900017
3690,221602,44000,Los Angeles,West Adams,22160244000West Adams,5627347.69238281,12004.6151313141
3691,221710,44000,Los Angeles,West Adams,22171044000West Adams,3530322.59863281,8106.00236155864
3692,221810,44000,Los Angeles,University Park,22181044000University Park,3275847.88769531,7474.73625589788
3693,221820,44000,Los Angeles,University Park,22182044000University Park,2198588.18359375,5840.25099517651
3694,221900,44000,Los Angeles,University Park,22190044000University Park,4413440.27832031,10667.1853737364
3695,222001,44000,Los Angeles,Exposition Park,22200144000Exposition Park,5105405.84570313,9152.3523346175
3696,222002,44000,Los Angeles,Exposition Park,22200244000Exposition Park,7057913.29296875,10842.0427110616
3697,222100,44000,Los Angeles,Adams-Normandie,22210044000Adams-Normandie,5155127.25097656,10486.7625168966
3698,222200,44000,Los Angeles,Adams-Normandie,22220044000Adams-Normandie,5186789.12988281,10532.884222396
3699,222500,44000,Los Angeles,Exposition Park,22250044000Exposition Park,7023049.891,10606.5632332918
3700,222600,44000,Los Angeles,Exposition Park,22260044000Exposition Park,7017416.31542969,10585.5440805452
3701,222700,44000,Los Angeles,Exposition Park,22270044000Exposition Park,8798536.48632813,13589.1554447777
3702,224010,44000,Los Angeles,Downtown,22401044000Downtown,5279110.6015625,10296.8232142815
3703,224010,44000,Los Angeles,Pico-Union,22401044000Pico-Union,3659146.11523438,8018.75308083815
3704,224020,44000,Los Angeles,Downtown,22402044000Downtown,8444179.219,15206.4296093579
3705,224020,44000,Los Angeles,University Park,22402044000University Park,4820208.83007813,9750.80500558577
3706,224200,44000,Los Angeles,Pico-Union,22420044000Pico-Union,3962666.95800781,8643.53898976429
3707,224310,44000,Los Angeles,Pico-Union,22431044000Pico-Union,1946046.39550781,6759.47363539136
3708,224320,44000,Los Angeles,Pico-Union,22432044000Pico-Union,3129192.08203125,8444.19302362427
3709,224410,44000,Los Angeles,University Park,22441044000University Park,4880104.05273438,10535.245907062
3710,224420,44000,Los Angeles,University Park,22442044000University Park,3860930.32226563,8961.55667184406
3711,224600,44000,Los Angeles,University Park,22460044000University Park,7738219.83984375,11197.9150280657
3712,224701,44000,Los Angeles,University Park,22470144000University Park,2534781.65722656,7580.43806285059
3713,224702,44000,Los Angeles,University Park,22470244000University Park,4306399.05371094,9849.86447028891
3714,226001,44000,Los Angeles,Wholesale District,22600144000Wholesale District,11138170.4667969,19074.3036421645
3715,226002,44000,Los Angeles,Wholesale District,22600244000Wholesale District,27645306.0341797,21400.2980009463
3716,226410,44000,Los Angeles,Central,22641044000Central,3040530.36523438,7123.27705224578
3717,226420,44000,Los Angeles,Central,22642044000Central,4595505.68554688,8778.94630352336
3718,226701,44000,Los Angeles,Central,22670144000Central,4048386.53222656,9183.7832836263
3719,226702,44000,Los Angeles,Central,22670244000Central,4376917.7265625,12056.0428396582
3720,227010,44000,Los Angeles,Central,22701044000Central,6233909.80175781,11856.7776692592
3721,227020,44000,Los Angeles,Central,22702044000Central,4737415.10742188,9165.83948047278
3722,228100,44000,Los Angeles,Vernon Central,22810044000Vernon Central,10820300.9726563,15300.3591573469
3723,228210,44000,Los Angeles,Central,22821044000Central,4424288.37304688,9184.66178271577
3724,228220,44000,Los Angeles,Vernon Central,22822044000Vernon Central,3941972.03027344,9102.41368003942
3725,228310,44000,Los Angeles,Central,22831044000Central,5880567.92480469,11254.1825853391
3726,228320,44000,Los Angeles,Vernon Central,22832044000Vernon Central,3627975.32128906,10223.7950087311
3727,228410,44000,Los Angeles,Central,22841044000Central,2989313.44921875,7107.21440652774
3728,228420,44000,Los Angeles,South Park,22842044000South Park,2985826.35351563,7921.20804544048
3729,228500,44000,Los Angeles,South Park,22850044000South Park,4831762.3828125,9216.82888960627
3730,228600,44000,Los Angeles,Vernon Central,22860044000Vernon Central,5672280.33789063,9590.95702952011
3731,228710,44000,Los Angeles,Vernon Central,22871044000Vernon Central,4357156.30371094,9256.84888135545
3732,228720,44000,Los Angeles,Vernon Central,22872044000Vernon Central,4350304.99511719,9244.6658602586
3733,228800,44000,Los Angeles,Vernon Central,22880044000Vernon Central,9107924.75976563,12378.1961320801
3734,228900,44000,Los Angeles,Vernon Central,22890044000Vernon Central,5560319.33300781,9660.74434391796
3735,229100,44000,Los Angeles,Vernon Central,22910044000Vernon Central,5120468.53417969,9164.65507295982
3736,229200,44000,Los Angeles,Vernon Central,22920044000Vernon Central,4797318.33886719,8927.26213727225
3737,229300,44000,Los Angeles,South Park,22930044000South Park,5413529.01367188,9545.11633354858
3738,229410,44000,Los Angeles,South Park,22941044000South Park,5838618.81933594,9707.02806447853
3739,229420,44000,Los Angeles,Vernon Central,22942044000Vernon Central,6287956.2109375,10052.1071320175
3740,231100,44000,Los Angeles,Central,23110044000Central,1389291.54003906,5482.92294799381
3741,231100,44000,Los Angeles,Exposition Park,23110044000Exposition Park,8234163.61132813,14041.0476345105
3742,231210,44000,Los Angeles,Exposition Park,23121044000Exposition Park,3451798.04199219,7922.5161842466
3743,231220,44000,Los Angeles,Exposition Park,23122044000Exposition Park,10389128.6103516,13177.513275999
3744,231301,44000,Los Angeles,Exposition Park,23130144000Exposition Park,2517991.86328125,7081.84364682848
3745,231302,44000,Los Angeles,Exposition Park,23130244000Exposition Park,4558812.07324219,10646.0463682701
3746,231400,44000,Los Angeles,Exposition Park,23140044000Exposition Park,6684757.73828125,10350.6987647064
3747,231500,44000,Los Angeles,West Vernon,23150044000West Vernon,9894191.3359375,12798.5548443649
3748,231601,44000,Los Angeles,West Vernon,23160144000West Vernon,3437945.65039063,7854.25670320168
3749,231602,44000,Los Angeles,West Vernon,23160244000West Vernon,3390771.36035156,7818.01594460895
3750,231603,44000,Los Angeles,West Vernon,23160344000West Vernon,3447322.11914063,7867.65953254237
3751,231710,44000,Los Angeles,West Vernon,23171044000West Vernon,3485231.93457031,7941.49999835569
3752,231720,44000,Los Angeles,South Park,23172044000South Park,1437384.83007813,6427.97894660353
3753,231720,44000,Los Angeles,West Vernon,23172044000West Vernon,3645833.15039063,8069.10489293173
3754,231800,44000,Los Angeles,South Park,23180044000South Park,5600031.23144531,9533.0242913648
3755,231901,44000,Los Angeles,South Park,23190144000South Park,2634646.87792969,6630.60277637403
3756,231902,44000,Los Angeles,South Park,23190244000South Park,3488413.12890625,9940.72365512039
3757,232110,44000,Los Angeles,West Vernon,23211044000West Vernon,4090629.54785156,8787.82896392758
3758,232120,44000,Los Angeles,South Park,23212044000South Park,1706654.92578125,7041.1312950788
3759,232120,44000,Los Angeles,West Vernon,23212044000West Vernon,3910821.22070313,8519.9669174494
3760,232200,44000,Los Angeles,Vermont Square,23220044000Vermont Square,5629144.32910156,10868.6505367484
3761,232300,44000,Los Angeles,Vermont Square,23230044000Vermont Square,6768064.79394531,11548.2174798231
3762,232401,44000,Los Angeles,West Vernon,23240144000West Vernon,6132044.42578125,11911.2303673491
3763,232402,44000,Los Angeles,West Vernon,23240244000West Vernon,5847789.25390625,11262.3262391185
3764,232500,44000,Los Angeles,West Vernon,23250044000West Vernon,8263535.34082031,11962.2195255774
3765,232601,44000,Los Angeles,West Vernon,23260144000West Vernon,2840325.86230469,7003.92389816388
3766,232602,44000,Los Angeles,West Vernon,23260244000West Vernon,5720244.21191406,9605.15594716601
3767,232701,44000,Los Angeles,West Vernon,23270144000West Vernon,2986798.45019531,7152.67415742868
3768,232702,44000,Los Angeles,South Park,23270244000South Park,1657406.1328125,6173.10217956485
3769,232702,44000,Los Angeles,West Vernon,23270244000West Vernon,3226558.63671875,7488.31701222813
3770,232800,44000,Los Angeles,South Park,23280044000South Park,4592424.969,8716.87992877441
3771,234001,44000,Los Angeles,Leimert Park,23400144000Leimert Park,7289981.65722656,15674.6366655607
3772,234002,44000,Los Angeles,Leimert Park,23400244000Leimert Park,6077928.73535156,13242.7318593182
3773,234200,44000,Los Angeles,Crenshaw District,23420044000Crenshaw District,9503306.47460938,13022.6141802401
3774,234301,44000,Los Angeles,Leimert Park,23430144000Leimert Park,5425075.15820313,9428.38374755049
3775,234302,44000,Los Angeles,Leimert Park,23430244000Leimert Park,3942922.44824219,9264.01307461737
3776,234501,44000,Los Angeles,Leimert Park,23450144000Leimert Park,8092577.2421875,12750.3036850584
3777,234502,44000,Los Angeles,Leimert Park,23450244000Leimert Park,5864873.89648438,11667.2058873764
3778,234600,44000,Los Angeles,Hyde Park,23460044000Hyde Park,14036355.3544922,17854.2400795141
3779,234700,44000,Los Angeles,Hyde Park,23470044000Hyde Park,7986925.62109375,14839.846502056
3780,234800,44000,Los Angeles,Hyde Park,23480044000Hyde Park,7041847,10614.4849207222
3781,234901,44000,Los Angeles,Hyde Park,23490144000Hyde Park,3502786.04394531,7934.90032859079
3782,234902,44000,Los Angeles,Hyde Park,23490244000Hyde Park,4879150.56640625,9959.33930281187
3783,235100,44000,Los Angeles,Hyde Park,23510044000Hyde Park,3132366.64160156,9382.51664946422
3784,235100,44000,Los Angeles,View Heights,23510044000View Heights,9593360.56445313,16408.0292109211
3785,235201,44000,Los Angeles,Hyde Park,23520144000Hyde Park,7132822.32421875,10690.5281363377
3786,235202,44000,Los Angeles,Hyde Park,23520244000Hyde Park,9192799.34277344,13266.9297258452
3787,236001,44000,Los Angeles,Baldwin Hills,23600144000Baldwin Hills,23764184.2324219,28045.3857457855
3788,236101,44000,Los Angeles,Baldwin Hills,23610144000Baldwin Hills,6809622.6640625,11729.5468117928
3789,236102,44000,Los Angeles,Baldwin Hills,23610244000Baldwin Hills,5365392.88964844,11941.1358286224
3790,236203,44000,Los Angeles,Baldwin Hills,23620344000Baldwin Hills,3652577.32324219,10831.7843102625
3791,236204,44000,Los Angeles,Baldwin Hills,23620444000Baldwin Hills,2474321.39453125,6697.40247950585
3792,236205,44000,Los Angeles,Baldwin Hills,23620544000Baldwin Hills,1797512.58105469,6066.19739897545
3793,236206,44000,Los Angeles,Baldwin Hills,23620644000Baldwin Hills,2959584.8515625,9723.26450799833
3794,236400,44000,Los Angeles,Baldwin Hills,23640044000Baldwin Hills,14451408.7314453,19483.4899286002
3795,237101,44000,Los Angeles,Harvard Park,23710144000Harvard Park,6769944.28417969,10352.1139489581
3796,237102,44000,Los Angeles,Harvard Park,23710244000Harvard Park,4951015.21679688,9013.04523595633
3797,237201,44000,Los Angeles,Harvard Park,23720144000Harvard Park,4880495.09082031,8888.36425577274
3798,237202,44000,Los Angeles,Harvard Park,23720244000Harvard Park,11932090.8955078,14393.4656818301
3799,237300,44000,Los Angeles,Harvard Park,23730044000Harvard Park,10739290.2265625,13459.3195038651
3800,237401,44000,Los Angeles,Harvard Park,23740144000Harvard Park,5555482.97460938,9560.92421091908
3801,237402,44000,Los Angeles,Harvard Park,23740244000Harvard Park,5610616.37304688,9623.63641261522
3802,237500,44000,Los Angeles,Harvard Park,23750044000Harvard Park,3631060.90820313,8245.30880792046
3803,237600,44000,Los Angeles,Harvard Park,23760044000Harvard Park,5422416.00976563,9469.52211900442
3804,237710,44000,Los Angeles,Vermont Knolls,23771044000Vermont Knolls,4653124.75488281,9397.93128193685
3805,237720,44000,Los Angeles,Vermont Knolls,23772044000Vermont Knolls,3500732.66210938,8731.19865693544
3806,237800,44000,Los Angeles,Vermont Knolls,23780044000Vermont Knolls,10471067.8916016,13143.6268917889
3807,237900,44000,Los Angeles,Manchester Square,23790044000Manchester Square,10541503.2275391,13260.4652611048
3808,238000,44000,Los Angeles,Gramercy Place,23800044000Gramercy Place,17919329.0273438,21152.2595278844
3809,238100,44000,Los Angeles,Manchester Square,23810044000Manchester Square,10577371.7304688,13260.3173198606
3810,238200,44000,Los Angeles,Vermont Knolls,23820044000Vermont Knolls,11050225.9140625,13880.2805968492
3811,238310,44000,Los Angeles,Vermont Vista,23831044000Vermont Vista,4274182.49902344,9306.76231370201
3812,238320,44000,Los Angeles,Vermont Vista,23832044000Vermont Vista,5040646.87988281,9679.32583566055
3813,238400,44000,Los Angeles,Gramercy Place,23840044000Gramercy Place,14010386.7294922,15895.3693923446
3814,239201,44000,Los Angeles,Florence-Firestone,23920144000Florence-Firestone,3260521.34863281,7573.26073996048
3815,239201,44000,Los Angeles,Harvard Park,23920144000Harvard Park,1581939.69042969,6244.95944791063
3816,239202,44000,Los Angeles,Florence-Firestone,23920244000Florence-Firestone,13844516.2949219,16069.7679879345
3817,239310,44000,Los Angeles,Florence-Firestone,23931044000Florence-Firestone,3724235.74609375,8272.0441721923
3818,239310,44000,Los Angeles,Harvard Park,23931044000Harvard Park,2033019.30761719,7025.52919896193
3819,239320,44000,Los Angeles,Florence-Firestone,23932044000Florence-Firestone,3735937.26464844,8282.41243407908
3820,239330,44000,Los Angeles,Florence-Firestone,23933044000Florence-Firestone,10647336.1591797,13519.54975
3821,239501,44000,Los Angeles,Florence-Firestone,23950144000Florence-Firestone,5153921.33886719,10651.9958179383
3822,239502,44000,Los Angeles,Florence-Firestone,23950244000Florence-Firestone,5551445.73535156,10897.3692632805
3823,239601,44000,Los Angeles,Florence-Firestone,23960144000Florence-Firestone,4545456.37695313,9594.56322041261
3824,239602,44000,Los Angeles,Florence-Firestone,23960244000Florence-Firestone,3854508.62402344,9275.0444897364
3825,239701,44000,Los Angeles,Florence-Firestone,23970144000Florence-Firestone,2139453.0078125,7144.21489605993
3826,239701,44000,Los Angeles,Vermont Vista,23970144000Vermont Vista,2270560.97167969,9497.01452645086
3827,239702,44000,Los Angeles,Florence-Firestone,23970244000Florence-Firestone,3425641.11816406,8560.13323542245
3828,239702,44000,Los Angeles,Vermont Vista,23970244000Vermont Vista,1808680.8046875,7149.0478680641
3829,239801,44000,Los Angeles,Florence-Firestone,23980144000Florence-Firestone,4029603.1796875,10037.9059207915
3830,239802,44000,Los Angeles,Florence-Firestone,23980244000Florence-Firestone,6623901.49511719,11328.849871979
3831,240010,44000,Los Angeles,Green Meadows,24001044000Green Meadows,6330235.65039063,12208.7169179716
3832,240020,44000,Los Angeles,Green Meadows,24002044000Green Meadows,7747665.28613281,12848.9347919915
3833,240200,44000,Los Angeles,Vermont Vista,24020044000Vermont Vista,8038896.53710938,11289.0097850463
3834,240301,44000,Los Angeles,Vermont Vista,24030144000Vermont Vista,5047472.77929688,9223.46086357779
3835,240302,44000,Los Angeles,Vermont Vista,24030244000Vermont Vista,3709341.25683594,8053.61908359269
3836,240401,44000,Los Angeles,Vermont Vista,24040144000Vermont Vista,7459918.2734375,11317.7178791869
3837,240402,44000,Los Angeles,Vermont Vista,24040244000Vermont Vista,6473153.37109375,11129.9015053727
3838,240500,44000,Los Angeles,Vermont Vista,24050044000Vermont Vista,8746353.54199219,12263.8906973581
3839,240600,44000,Los Angeles,Green Meadows,24060044000Green Meadows,7275157.27832031,11292.5574552422
3840,240700,44000,Los Angeles,Green Meadows,24070044000Green Meadows,12848827.3271484,14963.0005145928
3841,240800,44000,Los Angeles,Century Palms/Cove,24080044000Century Palms/Cove,6872414.35351563,13530.5537368088
3842,240901,44000,Los Angeles,Century Palms/Cove,24090144000Century Palms/Cove,3780153.5,11130.5284809666
3843,240902,44000,Los Angeles,Century Palms/Cove,24090244000Century Palms/Cove,7741983.109,12813.426467234
3844,241001,44000,Los Angeles,Century Palms/Cove,24100144000Century Palms/Cove,9755017.3359375,18134.2010587852
3845,241002,44000,Los Angeles,Century Palms/Cove,24100244000Century Palms/Cove,7611903.00292969,13014.177504788
3846,241110,44000,Los Angeles,Century Palms/Cove,24111044000Century Palms/Cove,5238297.87402344,10530.0733464564
3847,241120,44000,Los Angeles,Century Palms/Cove,24112044000Century Palms/Cove,7144237.73632813,11602.0014289596
3848,241201,44000,Los Angeles,Century Palms/Cove,24120144000Century Palms/Cove,1340590.36523438,5702.14097531009
3849,241201,44000,Los Angeles,Figueroa Park Square,24120144000Figueroa Park Square,3890235.88769531,8470.63258028907
3850,241202,44000,Los Angeles,Century Palms/Cove,24120244000Century Palms/Cove,2231339.28417969,6917.03634177227
3851,241202,44000,Los Angeles,Figueroa Park Square,24120244000Figueroa Park Square,10355308.1728516,13996.5579125097
3852,241300,44000,Los Angeles,Figueroa Park Square,24130044000Figueroa Park Square,5680372.51171875,10024.4001560575
3853,241400,44000,Los Angeles,Century Palms/Cove,24140044000Century Palms/Cove,6165272.0859375,10944.1319073125
3854,242000,44000,Los Angeles,Watts,24200044000Watts,6908775.44042969,10597.539944639
3855,242100,44000,Los Angeles,Watts,24210044000Watts,5025232.156,9171.14789533248
3856,242201,44000,Los Angeles,Watts,24220144000Watts,4483812.47460938,8549.62368929456
3857,242202,44000,Los Angeles,Watts,24220244000Watts,4351278.22265625,11330.7044460245
3858,242300,44000,Los Angeles,Watts,24230044000Watts,6860334.28222656,11547.6182914613
3859,242600,44000,Los Angeles,Watts,24260044000Watts,5179205.31152344,9205.68293642403
3860,242700,44000,Los Angeles,Watts,24270044000Watts,10982601.1210938,14406.6241845312
3861,243001,44000,Los Angeles,Watts,24300144000Watts,3730697.03515625,8231.79234278227
3862,243002,44000,Los Angeles,Watts,24300244000Watts,4254527.37695313,8747.47650771057
3863,243100,44000,Los Angeles,Watts,24310044000Watts,6423748.81347656,10650.1142483827
3864,261102,44000,Los Angeles,Beverly Crest,26110244000Beverly Crest,85145475.6513672,56641.049510278
3865,261103,44000,Los Angeles,Beverly Crest,26110344000Beverly Crest,22405176.3037109,27685.656778955
3866,261104,99037,Unincorporated,Franklin Canyon,26110499037Franklin Canyon,4488251.0390625,10977.829772326
3867,261200,44000,Los Angeles,Beverly Crest,26120044000Beverly Crest,81688604.0859375,59608.1881238675
3868,262100,44000,Los Angeles,Bel Air,26210044000Bel Air,94409384.7539063,70322.3626845882
3869,262200,44000,Los Angeles,Bel Air,26220044000Bel Air,92173144.1826172,52227.9011793692
3870,262301,44000,Los Angeles,Brentwood,26230144000Brentwood,140521422.546875,74515.9408957434
3871,262302,44000,Los Angeles,Brentwood,26230244000Brentwood,32977238.3964844,32413.9582511922
3872,262303,44000,Los Angeles,Brentwood,26230344000Brentwood,28138237.7128906,29226.7624456904
3873,262400,44000,Los Angeles,Mandeville Canyon,26240044000Mandeville Canyon,121293053.457031,75086.4711798421
3874,262501,44000,Los Angeles,Pacific Palisades,26250144000Pacific Palisades,17635996.9433594,19921.8548196477
3875,262601,44000,Los Angeles,Palisades Highlands,26260144000Palisades Highlands,38968215.7314453,35450.019200549
3876,264000,44000,Los Angeles,Brentwood,26400044000Brentwood,20083337.3876953,22944.8002397454
3877,264102,44000,Los Angeles,Brentwood,26410244000Brentwood,4267562.72753906,10245.62047
3878,264103,44000,Los Angeles,Brentwood,26410344000Brentwood,2496900.71484375,7379.01547325674
3879,264303,44000,Los Angeles,Brentwood,26430344000Brentwood,2329882.13671875,6726.72519057949
3880,264304,44000,Los Angeles,Brentwood,26430444000Brentwood,2197173.50976563,7257.74705776702
3881,264305,44000,Los Angeles,Brentwood,26430544000Brentwood,14206256.1132813,19359.7224575584
3882,264306,44000,Los Angeles,Brentwood,26430644000Brentwood,3838923.64257813,9089.85591825627
3883,265100,44000,Los Angeles,Westwood,26510044000Westwood,25412205.7949219,24389.2933444443
3884,265201,44000,Los Angeles,Westwood,26520144000Westwood,4722878.00390625,11772.4546638579
3885,265203,44000,Los Angeles,Westwood,26520344000Westwood,3337196.51074219,8483.68122816317
3886,265204,44000,Los Angeles,Westwood,26520444000Westwood,2855374.5859375,7517.36385329477
3887,265301,44000,Los Angeles,Westwood,26530144000Westwood,17176934.7519531,20495.3521628449
3888,265303,44000,Los Angeles,Westwood,26530344000Westwood,1629605.26171875,5809.54178861861
3889,265304,44000,Los Angeles,Westwood,26530444000Westwood,1409858.19921875,5886.13405160663
3890,265306,44000,Los Angeles,Westwood,26530644000Westwood,1003712.141,4613.66176022579
3891,265307,44000,Los Angeles,Westwood,26530744000Westwood,2501746.25488281,7897.51011214139
3892,265410,44000,Los Angeles,Brentwood,26541044000Brentwood,6059002.62695313,14545.2383593392
3893,265410,44000,Los Angeles,Westwood,26541044000Westwood,1909772.42773438,10682.0035782274
3894,265420,44000,Los Angeles,Westwood,26542044000Westwood,7864915.01953125,12338.9242159598
3895,265521,44000,Los Angeles,Westwood,26552144000Westwood,1441911.26171875,5648.91200578862
3896,265522,44000,Los Angeles,Westwood,26552244000Westwood,2717596.13867188,7881.53285461674
3897,265523,44000,Los Angeles,Westwood,26552344000Westwood,3643221.64160156,7647.82880859209
3898,265524,44000,Los Angeles,Westwood,26552444000Westwood,4621289.45703125,8941.34305072554
3899,265601,44000,Los Angeles,Westwood,26560144000Westwood,6706871.58984375,11465.4993707355
3900,265602,44000,Los Angeles,Westwood,26560244000Westwood,3615573.04101563,9281.12915178234
3901,265701,44000,Los Angeles,Westwood,26570144000Westwood,9232276.91796875,15575.3952849286
3902,265702,44000,Los Angeles,Westwood,26570244000Westwood,4040547.89160156,8775.75793430732
3903,267101,44000,Los Angeles,Century City,26710144000Century City,5214002.20800781,9374.09903822871
3904,267102,44000,Los Angeles,Century City,26710244000Century City,6668909.58496094,10704.840975058
3905,267201,44000,Los Angeles,West Los Angeles,26720144000West Los Angeles,6457870.66503906,10585.2886769219
3906,267202,44000,Los Angeles,West Los Angeles,26720244000West Los Angeles,6198905.109,10208.4257935011
3907,267300,44000,Los Angeles,West Los Angeles,26730044000West Los Angeles,4673277.40039063,8747.93098687285
3908,267403,44000,Los Angeles,West Los Angeles,26740344000West Los Angeles,2520511.641,7858.09678844919
3909,267404,44000,Los Angeles,West Los Angeles,26740444000West Los Angeles,3061761.60449219,7371.08285987099
3910,267405,44000,Los Angeles,West Los Angeles,26740544000West Los Angeles,2341237.57128906,6189.51341021863
3911,267406,44000,Los Angeles,West Los Angeles,26740644000West Los Angeles,2315893.80761719,6319.97229105622
3912,267502,44000,Los Angeles,West Los Angeles,26750244000West Los Angeles,4760708.80664063,8987.78643444625
3913,267503,44000,Los Angeles,West Los Angeles,26750344000West Los Angeles,2126385.77832031,6123.39583977716
3914,267504,44000,Los Angeles,West Los Angeles,26750444000West Los Angeles,2758789.48730469,6938.24504976826
3915,267600,44000,Los Angeles,West Los Angeles,26760044000West Los Angeles,13734361.3486328,15271.228558635
3916,267700,44000,Los Angeles,West Los Angeles,26770044000West Los Angeles,8768079.36425781,12117.354730261
3917,267800,44000,Los Angeles,Rancho Park,26780044000Rancho Park,12390653.8515625,14891.4703137398
3918,267901,44000,Los Angeles,Century City,26790144000Century City,11997184.3642578,15223.1657474014
3919,267902,44000,Los Angeles,Century City,26790244000Century City,8375091.48828125,12865.5220993864
3920,269000,44000,Los Angeles,Cheviot Hills,26900044000Cheviot Hills,24585692.6337891,29778.5435504075
3921,269100,44000,Los Angeles,Beverlywood,26910044000Beverlywood,9034205.13671875,12463.1155236521
3922,269300,44000,Los Angeles,Cheviot Hills,26930044000Cheviot Hills,23772323.1679688,20335.9507147034
3923,269500,44000,Los Angeles,Beverlywood,26950044000Beverlywood,15012405.4208984,17752.1491447516
3924,269601,44000,Los Angeles,Cadillac-Corning,26960144000Cadillac-Corning,3591390.99609375,7574.44299722483
3925,269602,44000,Los Angeles,Cadillac-Corning,26960244000Cadillac-Corning,3128036.19238281,7326.1159295391
3926,269700,44000,Los Angeles,Reynier Village,26970044000Reynier Village,9660607.79980469,14770.6456388573
3927,269800,44000,Los Angeles,Beverlywood,26980044000Beverlywood,5027435.11328125,12031.6153462049
3928,269903,44000,Los Angeles,Palms,26990344000Palms,3025401.75878906,7696.53495745695
3929,269905,44000,Los Angeles,Palms,26990544000Palms,2527415.74804688,8182.64604896288
3930,269906,44000,Los Angeles,Palms,26990644000Palms,2238833.953,7462.52317272447
3931,269907,44000,Los Angeles,Palms,26990744000Palms,2979356.10058594,7628.76953223283
3932,269908,44000,Los Angeles,Palms,26990844000Palms,1802462.047,6602.69665688659
3933,269909,44000,Los Angeles,Palms,26990944000Palms,1828771.99804688,5970.59776117063
3934,270101,44000,Los Angeles,Palms,27010144000Palms,4029065.45898438,12054.0440620317
3935,270102,44000,Los Angeles,Palms,27010244000Palms,2113239.547,7625.07817691611
3936,270200,44000,Los Angeles,Faircrest Heights,27020044000Faircrest Heights,2584166.62597656,7488.07642492289
3937,270200,44000,Los Angeles,Regent Square,27020044000Regent Square,5642268.85449219,10672.6622901741
3938,270300,44000,Los Angeles,Faircrest Heights,27030044000Faircrest Heights,10511347.6796875,13672.0165337876
3939,271100,44000,Los Angeles,Rancho Park,27110044000Rancho Park,8658261.29101563,14152.572566603
3940,271200,44000,Los Angeles,Mar Vista,27120044000Mar Vista,5644875.766,13672.995658737
3941,271300,44000,Los Angeles,Mar Vista,27130044000Mar Vista,15826585.265625,19339.8778999866
3942,271400,44000,Los Angeles,Mar Vista,27140044000Mar Vista,12370059.0078125,14508.2059932452
3943,271500,44000,Los Angeles,Mar Vista,27150044000Mar Vista,9795943.11914063,13061.3499759442
3944,271600,44000,Los Angeles,Mar Vista,27160044000Mar Vista,7979184.59179688,11490.3142492473
3945,271600,44000,Los Angeles,Palms,27160044000Palms,1767120.16601563,8014.37820952341
3946,271702,44000,Los Angeles,Palms,27170244000Palms,5179108.36523438,9930.1862530311
3947,271702,44000,Los Angeles,Rancho Park,27170244000Rancho Park,2425716.41894531,6406.3538391445
3948,271703,44000,Los Angeles,Palms,27170344000Palms,4879507.29296875,12236.936892688
3949,271704,44000,Los Angeles,Palms,27170444000Palms,5852766.09863281,11870.548367288
3950,271801,44000,Los Angeles,Palms,27180144000Palms,5128989.83886719,9563.60389128087
3951,271803,44000,Los Angeles,Palms,27180344000Palms,2424527.29882813,6339.3596059592
3952,271804,44000,Los Angeles,Palms,27180444000Palms,3742874.87402344,10084.9171463906
3953,271901,44000,Los Angeles,Mar Vista,27190144000Mar Vista,5510874.58105469,9768.04678860754
3954,271901,44000,Los Angeles,Palms,27190144000Palms,1546261.44433594,6967.66598603469
3955,271902,44000,Los Angeles,Mar Vista,27190244000Mar Vista,9948084.65527344,12748.8599726211
3956,272100,44000,Los Angeles,Mar Vista,27210044000Mar Vista,12909099.5009766,14819.2538967038
3957,272201,44000,Los Angeles,Mar Vista,27220144000Mar Vista,2707106.07910156,6586.2925736541
3958,272202,44000,Los Angeles,Mar Vista,27220244000Mar Vista,3319832.43847656,8709.78398736195
3959,272301,44000,Los Angeles,Mar Vista,27230144000Mar Vista,6618986.89941406,12671.2807894253
3960,272302,44000,Los Angeles,Mar Vista,27230244000Mar Vista,5430395.58203125,10933.1572346863
3961,273100,44000,Los Angeles,Venice,27310044000Venice,12636764.1240234,15524.8808847014
3962,273200,44000,Los Angeles,Venice,27320044000Venice,6922849.63964844,11533.1592146609
3963,273300,44000,Los Angeles,Venice,27330044000Venice,6175202.391,11227.7446585625
3964,273404,44000,Los Angeles,Venice,27340444000Venice,2344481.75292969,7357.3759654688
3965,273600,44000,Los Angeles,Venice,27360044000Venice,6336217.20898438,10768.1605019674
3966,273700,44000,Los Angeles,Venice,27370044000Venice,7431061.79199219,11006.3025109909
3967,273800,44000,Los Angeles,Venice,27380044000Venice,7999301.40527344,16558.722528846
3968,274100,44000,Los Angeles,Venice,27410044000Venice,6781494.22949219,14373.0192808712
3969,275101,44000,Los Angeles,Del Rey,27510144000Del Rey,3714592.578,10260.7104928513
3970,275102,44000,Los Angeles,Del Rey,27510244000Del Rey,6711804.52929688,12216.4288402781
3971,275200,44000,Los Angeles,Del Rey,27520044000Del Rey,4993987.02148438,10527.5571709248
3972,275311,44000,Los Angeles,Del Rey,27531144000Del Rey,13966267.1835938,17208.3452456437
3973,275312,44000,Los Angeles,Del Rey,27531244000Del Rey,8766686.047,14379.4315388718
3974,275313,44000,Los Angeles,Del Rey,27531344000Del Rey,10536739.859375,16081.4879297323
3975,275400,44000,Los Angeles,Del Rey,27540044000Del Rey,8157491.27050781,13128.8945593275
3976,275500,44000,Los Angeles,Del Rey,27550044000Del Rey,8480493.20019531,11780.072510369
3977,275603,44000,Los Angeles,Playa Vista,27560344000Playa Vista,11070162.6748047,16884.4052775691
3978,275604,44000,Los Angeles,Playa Vista,27560444000Playa Vista,16691564.13,25481.6871841609
3979,275605,44000,Los Angeles,Playa Vista,27560544000Playa Vista,9905768.25097656,18796.0459405719
3980,275605,99037,Unincorporated,Del Rey,27560599037Del Rey,1354263.61035156,5298.08990194133
3981,276000,44000,Los Angeles,Westchester,27600044000Westchester,25176281.5986328,22549.6123436462
3982,276101,44000,Los Angeles,Westchester,27610144000Westchester,3380461.04003906,10293.643532341
3983,276102,44000,Los Angeles,Westchester,27610244000Westchester,7094128.7265625,20522.1264374468
3984,276400,44000,Los Angeles,Westchester,27640044000Westchester,13734716.44,16202.106539034
3985,276500,44000,Los Angeles,Westchester,27650044000Westchester,12829512.4267578,15364.6315772942
3986,276601,44000,Los Angeles,Westchester,27660144000Westchester,24108652.6054688,23282.145147961
3987,276605,44000,Los Angeles,Westchester,27660544000Westchester,2559670.68945313,8205.73301140299
3988,276606,44000,Los Angeles,Westchester,27660644000Westchester,2334537.83203125,7340.04438249104
3989,276607,44000,Los Angeles,Westchester,27660744000Westchester,5146082.125,11378.3489467126
3990,276608,44000,Los Angeles,Westchester,27660844000Westchester,3878091.62304688,8653.14273890639
3991,277000,44000,Los Angeles,Westchester,27700044000Westchester,24742892.2490234,21836.7654121788
3992,277100,44000,Los Angeles,Westchester,27710044000Westchester,13292844.09,15258.9278842751
3993,277200,44000,Los Angeles,Westchester,27720044000Westchester,11184309.5263672,15187.7745758873
3994,277400,44000,Los Angeles,Westchester,27740044000Westchester,6724508.04394531,10318.3315342781
3995,278001,44000,Los Angeles,Westchester,27800144000Westchester,17381710.859375,25351.4051502155
3996,291110,44000,Los Angeles,Harbor Gateway,29111044000Harbor Gateway,7658930.47265625,11616.4901003861
3997,291120,44000,Los Angeles,Harbor Gateway,29112044000Harbor Gateway,7547707.80175781,10994.9785348925
3998,291130,44000,Los Angeles,Harbor Gateway,29113044000Harbor Gateway,13915156.6083984,15876.6965428889
3999,291210,44000,Los Angeles,Harbor Gateway,29121044000Harbor Gateway,13542609.6591797,15709.9540288867
4000,291220,44000,Los Angeles,Harbor Gateway,29122044000Harbor Gateway,8902392.51367188,12483.5059847179
4001,291300,44000,Los Angeles,Harbor Gateway,29130044000Harbor Gateway,26184329.6201172,31671.9634862874
4002,292001,44000,Los Angeles,Harbor Gateway,29200144000Harbor Gateway,35329272.1298828,38587.6522354752
4003,292001,99037,Unincorporated,Harbor Gateway,29200199037Harbor Gateway,2496317.89550781,9184.73576954219
4004,292002,44000,Los Angeles,Harbor Gateway,29200244000Harbor Gateway,5118827.04296875,9312.46512653292
4005,293203,44000,Los Angeles,Harbor Gateway,29320344000Harbor Gateway,5021320.40234375,9635.99418245258
4006,293204,44000,Los Angeles,Harbor Gateway,29320444000Harbor Gateway,6638552.15820313,13486.556210514
4007,293205,44000,Los Angeles,Harbor Gateway,29320544000Harbor Gateway,6832086.359,11429.0473125116
4008,293206,44000,Los Angeles,Harbor Gateway,29320644000Harbor Gateway,4521141.39941406,9201.13962567037
4009,293301,44000,Los Angeles,Harbor City,29330144000Harbor City,9006145.64355469,14282.945814328
4010,293302,44000,Los Angeles,Harbor City,29330244000Harbor City,12080229.1171875,15398.4990846638
4011,293304,44000,Los Angeles,Harbor City,29330444000Harbor City,6136820.25390625,9936.2150422838
4012,293306,44000,Los Angeles,Harbor Pines,29330644000Harbor Pines,6696167.71777344,11495.3598324923
4013,293307,44000,Los Angeles,Harbor City,29330744000Harbor City,3645916.0234375,9150.22535037297
4014,294110,44000,Los Angeles,Wilmington,29411044000Wilmington,10550522.5087891,16664.1986063037
4015,294120,44000,Los Angeles,Wilmington,29412044000Wilmington,16802512.4228516,17109.1034200242
4016,294200,44000,Los Angeles,Wilmington,29420044000Wilmington,10267853.6699219,12874.6087413879
4017,294301,44000,Los Angeles,Wilmington,29430144000Wilmington,7629916.80859375,11632.319163486
4018,294302,44000,Los Angeles,Wilmington,29430244000Wilmington,9046586.85742188,14637.5286041298
4019,294410,44000,Los Angeles,Harbor City,29441044000Harbor City,8855327.67871094,12531.4920433119
4020,294421,44000,Los Angeles,Harbor City,29442144000Harbor City,7215952.3671875,16406.0664949946
4021,294510,44000,Los Angeles,Wilmington,29451044000Wilmington,5578858.02246094,9841.31314620775
4022,294520,44000,Los Angeles,Wilmington,29452044000Wilmington,5211211.27246094,9527.66446368605
4023,294610,44000,Los Angeles,Wilmington,29461044000Wilmington,8868460.15136719,11953.8109595805
4024,294620,44000,Los Angeles,Wilmington,29462044000Wilmington,9059282.78808594,12667.1416796395
4025,294701,44000,Los Angeles,Wilmington,29470144000Wilmington,18882219.5371094,19823.7344735133
4026,294810,44000,Los Angeles,Wilmington,29481044000Wilmington,3449889.25097656,7567.40059614793
4027,294820,44000,Los Angeles,Wilmington,29482044000Wilmington,4128349.66113281,8204.36946747654
4028,294830,44000,Los Angeles,Wilmington,29483044000Wilmington,9536635.90820313,13691.3189447411
4029,294900,44000,Los Angeles,Wilmington,29490044000Wilmington,6938406.99609375,13593.0521572057
4030,295103,44000,Los Angeles,Harbor City,29510344000Harbor City,22199717.8115234,25606.6122368907
4031,296210,44000,Los Angeles,San Pedro,29621044000San Pedro,6023437.59082031,9602.7390379569
4032,296220,44000,Los Angeles,San Pedro,29622044000San Pedro,5774255.49511719,9598.05869844637
4033,296300,44000,Los Angeles,San Pedro,29630044000San Pedro,11432988.2636719,16985.6627200458
4034,296401,44000,Los Angeles,San Pedro,29640144000San Pedro,10647822.2568359,14209.0050146199
4035,296402,44000,Los Angeles,San Pedro,29640244000San Pedro,11113164.8896484,17061.3461213172
4036,296500,44000,Los Angeles,San Pedro,29650044000San Pedro,9774497.63476563,13883.5556680617
4037,296600,44000,Los Angeles,San Pedro,29660044000San Pedro,9133197.14355469,12343.3451453353
4038,296901,44000,Los Angeles,San Pedro,29690144000San Pedro,6645893.781,11354.5896772483
4039,296902,44000,Los Angeles,San Pedro,29690244000San Pedro,5275154.18554688,12014.0299860937
4040,297001,44000,Los Angeles,San Pedro,29700144000San Pedro,7359489.10058594,14876.576206427
4041,297002,44000,Los Angeles,San Pedro,29700244000San Pedro,8202840.97363281,12422.1787175328
4042,297110,44000,Los Angeles,San Pedro,29711044000San Pedro,5248010.18457031,9163.59508661631
4043,297120,44000,Los Angeles,San Pedro,29712044000San Pedro,4586141.93554688,10097.8439559034
4044,297201,44000,Los Angeles,San Pedro,29720144000San Pedro,4348887.41308594,8280.53523096059
4045,297202,44000,Los Angeles,San Pedro,29720244000San Pedro,6198681.11230469,9987.19739639225
4046,297502,44000,Los Angeles,San Pedro,29750244000San Pedro,10354740.2832031,17579.4057827182
4047,297602,44000,Los Angeles,San Pedro,29760244000San Pedro,6696824.49707031,12307.9303775306
4048,300100,99037,Unincorporated,La Crescenta-Montrose,30010099037La Crescenta-Montrose,49621026.4785156,31171.1834287473
4049,300200,99037,Unincorporated,La Crescenta-Montrose,30020099037La Crescenta-Montrose,21056710.8554688,22225.6731425742
4050,300301,30000,Glendale, ,30030130000,66674119.6630859,41976.3020679096
4051,300400,30000,Glendale, ,30040030000,21607464.9677734,23826.118374165
4052,300501,99037,Unincorporated,La Crescenta-Montrose,30050199037La Crescenta-Montrose,13564217.84,20507.8249972652
4053,300503,99037,Unincorporated,La Crescenta-Montrose,30050399037La Crescenta-Montrose,11672407.3759766,18059.2314172046
4054,300601,30000,Glendale, ,30060130000,7934757.79882813,17402.8726431027
4055,300602,30000,Glendale, ,30060230000,16433639.8203125,25258.9163559874
4056,300701,30000,Glendale, ,30070130000,144304593.516602,64605.0393244237
4057,300702,30000,Glendale, ,30070230000,123684293.487305,67257.9748467833
4058,300800,30000,Glendale, ,30080030000,66055291.8251953,46646.2513864527
4059,300901,30000,Glendale, ,30090130000,74822799.9599609,43182.0476581973
4060,300902,30000,Glendale, ,30090230000,47344972.4306641,36962.382603305
4061,301000,30000,Glendale, ,30100030000,22275893.0449219,21090.2502035237
4062,301100,30000,Glendale, ,30110030000,14475169.2490234,18433.7942010189
4063,301203,30000,Glendale, ,30120330000,5892198.6328125,10515.722483709
4064,301204,30000,Glendale, ,30120430000,4401250.36230469,8682.85878733026
4065,301205,30000,Glendale, ,30120530000,8323225.51953125,12800.239788373
4066,301206,30000,Glendale, ,30120630000,8916575.23242188,13372.3132708212
4067,301300,30000,Glendale, ,30130030000,12537926.1484375,19797.0578829379
4068,301400,30000,Glendale, ,30140030000,17166823.2773438,19156.9178764373
4069,301501,30000,Glendale, ,30150130000,6501500.20410156,14081.831216826
4070,301502,30000,Glendale, ,30150230000,7261159.01757813,15148.6966510675
4071,301601,30000,Glendale, ,30160130000,24307829.6162109,26084.6972585332
4072,301602,30000,Glendale, ,30160230000,10750708.4609375,16674.9007427713
4073,301701,30000,Glendale, ,30170130000,10030751.9091797,15501.1493793489
4074,301702,30000,Glendale, ,30170230000,8760980.14941406,12111.5632104048
4075,301702,44000,Los Angeles,Atwater Village,30170244000Atwater Village,164279.932617188,3066.48361834944
4076,301801,30000,Glendale, ,30180130000,7784894.30957031,11140.3071946507
4077,301802,30000,Glendale, ,30180230000,5155938.74804688,9450.57097429279
4078,301901,30000,Glendale, ,30190130000,4942420.5546875,9780.51278636817
4079,301902,30000,Glendale, ,30190230000,6869899.41015625,12760.939046964
4080,302002,30000,Glendale, ,30200230000,5411692.28710938,9621.42699856439
4081,302003,30000,Glendale, ,30200330000,2552549.60644531,6614.01725482969
4082,302004,30000,Glendale, ,30200430000,3657307.41210938,7713.65281084696
4083,302102,30000,Glendale, ,30210230000,11131260.5927734,18260.3500338921
4084,302103,30000,Glendale, ,30210330000,5927566.61914063,9564.17745741483
4085,302104,30000,Glendale, ,30210430000,6131506.85449219,12226.5931039228
4086,302201,30000,Glendale, ,30220130000,5356814.46191406,10682.9072263815
4087,302202,30000,Glendale, ,30220230000,5505961.78222656,10955.3687832019
4088,302301,30000,Glendale, ,30230130000,7542830.48828125,13199.3841240742
4089,302302,30000,Glendale, ,30230230000,6814022.44628906,12078.5662920203
4090,302401,30000,Glendale, ,30240130000,14759078.6601563,17998.3557133438
4091,302503,30000,Glendale, ,30250330000,3515575.31738281,9965.89128767045
4092,302504,30000,Glendale, ,30250430000,4059789.21972656,11447.9004729405
4093,302505,30000,Glendale, ,30250530000,5765337.64160156,15672.4830961035
4094,302506,30000,Glendale, ,30250630000,9748435.12890625,15034.2733447256
4095,310100,08954,Burbank, ,31010008954,141176917.662109,57417.3264187226
4096,310201,08954,Burbank, ,31020108954,11840841.1533203,13982.6012076647
4097,310202,08954,Burbank, ,31020208954,9776882.31054688,13519.2817855027
4098,310300,08954,Burbank, ,31030008954,11421831.3408203,18611.3487369854
4099,310400,08954,Burbank, ,31040008954,15135038.8974609,20332.1046031923
4100,310501,08954,Burbank, ,31050108954,21156668.4365234,24961.6155345249
4101,310601,08954,Burbank, ,31060108954,11060897.7978516,18812.8940714508
4102,310602,08954,Burbank, ,31060208954,9589655.14550781,13922.9610167953
4103,310701,08954,Burbank, ,31070108954,5546702.13085938,11912.0048213299
4104,310703,08954,Burbank, ,31070308954,10721529.7714844,16107.8554676968
4105,310704,08954,Burbank, ,31070408954,5330172.91699219,9704.85227376464
4106,310705,08954,Burbank, ,31070508954,5994412.32226563,10152.9569992255
4107,310800,08954,Burbank, ,31080008954,23086930.9824219,23538.0005464282
4108,310900,08954,Burbank, ,31090008954,23388532.9804688,21432.0000325596
4109,311000,08954,Burbank, ,31100008954,14234335.6904297,15630.814583935
4110,311100,08954,Burbank, ,31110008954,18321782.1132813,18029.1723944412
4111,311200,08954,Burbank, ,31120008954,10612487.0849609,13965.1968042614
4112,311300,08954,Burbank, ,31130008954,13151290.9736328,14726.609508524
4113,311400,08954,Burbank, ,31140008954,10084787.0087891,15183.9601258193
4114,311500,08954,Burbank, ,31150008954,16104492.4755859,16060.0533405798
4115,311601,08954,Burbank, ,31160108954,18349668.4130859,18664.0411775921
4116,311602,08954,Burbank, ,31160208954,11948380.4306641,17191.5890870664
4117,311700,08954,Burbank, ,31170008954,25329152.2558594,20883.7666628423
4118,311801,08954,Burbank, ,31180108954,6526173.85839844,12023.3976805249
4119,311802,08954,Burbank, ,31180208954,8867612.58203125,12430.7767302179
4120,320101,66140,San Fernando, ,32010166140,7322005.56640625,10828.2061796944
4121,320102,66140,San Fernando, ,32010266140,13133980.0078125,16258.9614022576
4122,320201,66140,San Fernando, ,32020166140,9904454.156,16523.9195360329
4123,320202,66140,San Fernando, ,32020266140,17380228.4101563,18505.9018741842
4124,320300,66140,San Fernando, ,32030066140,18368026.9414063,18268.4207174417
4125,400206,13756,Claremont, ,40020613756,32931654.1152344,40476.9917500516
4126,400207,40830,La Verne, ,40020740830,53964809.8408203,56291.5934908627
4127,400208,40830,La Verne, ,40020840830,8851547.98242188,13823.6193683463
4128,400209,13756,Claremont, ,40020913756,676788.497070313,10591.1155893373
4129,400304,66070,San Dimas, ,40030466070,33834117.3017578,33544.996605417
4130,400402,30014,Glendora, ,40040230014,47180186.3691406,40535.597034578
4131,400403,99037,Unincorporated,La Verne,40040399037La Verne,913793.459960938,4269.38179532818
4132,400403,66070,San Dimas, ,40040366070,140590533.052734,58991.9832038105
4133,400404,30014,Glendora, ,40040430014,166079915.458984,84531.1504578381
4134,400404,99037,Unincorporated,Glendora,40040499037Glendora,7891399.12011719,23610.8215019281
4135,400501,30014,Glendora, ,40050130014,118615917.338867,56302.7335378739
4136,400501,99037,Unincorporated,Azusa,40050199037Azusa,2385156.688,6247.22554497489
4137,400501,99037,Unincorporated,Glendora,40050199037Glendora,5511247.87011719,16479.4579072125
4138,400602,03386,Azusa, ,40060203386,16609023.5742188,21934.7353052681
4139,400603,03386,Azusa, ,40060303386,98883087.7666016,65104.128103617
4140,400605,03386,Azusa, ,40060503386,46434596.0146484,47704.6126632117
4141,400605,99037,Unincorporated,Azusa,40060599037Azusa,7037698.484,10608.4562236865
4142,400801,30014,Glendora, ,40080130014,34628489.63,33415.4195534428
4143,400801,99037,Unincorporated,Glendora,40080199037Glendora,1577922.42773438,10740.6227496677
4144,401001,30014,Glendora, ,40100130014,15605369.8720703,15798.8629344944
4145,401002,30014,Glendora, ,40100230014,15859137.1884766,15902.4141164118
4146,401101,30014,Glendora, ,40110130014,32454162.3330078,25068.1108504673
4147,401102,30014,Glendora, ,40110230014,13800083.8984375,15929.2432627445
4148,401201,30014,Glendora, ,40120130014,25290144.3261719,23643.2380849092
4149,401202,30014,Glendora, ,40120230014,22143865.171875,26538.2579598017
4150,401202,66070,San Dimas, ,40120266070,12099566.5332031,17339.7629663793
4151,401203,30014,Glendora, ,40120330014,20369832.7998047,18820.3372253986
4152,401303,99037,Unincorporated,Covina,40130399037Covina,1231137.10839844,4979.51255525381
4153,401303,66070,San Dimas, ,40130366070,61158582.3164063,42132.8303217409
4154,401304,99037,Unincorporated,East Covina,40130499037East Covina,9668458.36816406,23659.1645794911
4155,401311,30014,Glendora, ,40131130014,320618.649414063,2304.97643784641
4156,401311,66070,San Dimas, ,40131166070,45596717.2119141,31406.6945050977
4157,401312,66070,San Dimas, ,40131266070,29369451.1738281,23350.3753874962
4158,401500,40830,La Verne, ,40150040830,51190930.7958984,46182.2754485137
4159,401601,40830,La Verne, ,40160140830,27277834.0917969,30039.3150113625
4160,401601,99037,Unincorporated,La Verne,40160199037La Verne,673954.719726563,3786.39744474878
4161,401602,40830,La Verne, ,40160240830,21814382.8837891,19113.1147479024
4162,401705,13756,Claremont, ,40170513756,16886952.5117188,20216.1634318408
4163,401705,99037,Unincorporated,Pomona,40170599037Pomona,600170.924804688,3835.96476865449
4164,401706,58072,Pomona, ,40170658072,13349550.2822266,19010.2970364947
4165,401707,58072,Pomona, ,40170758072,21860541.1933594,27709.329981492
4166,401707,99037,Unincorporated,Pomona,40170799037Pomona,822194.741210938,4028.76054360098
4167,401801,13756,Claremont, ,40180113756,38346209.7548828,25383.8273898747
4168,401802,13756,Claremont, ,40180213756,26431059.3583984,20632.8415209434
4169,401901,13756,Claremont, ,40190113756,18481373.7822266,18370.224040597
4170,401902,13756,Claremont, ,40190213756,28578306.2226563,24715.5330364183
4171,402001,13756,Claremont, ,40200113756,15685645.5195313,18558.1402685638
4172,402002,13756,Claremont, ,40200213756,17758245.6767578,17672.3414475145
4173,402101,58072,Pomona, ,40210158072,12818354.4873047,17656.8084592051
4174,402102,58072,Pomona, ,40210258072,24736624.09,20818.4955814035
4175,402200,58072,Pomona, ,40220058072,68586447.7763672,45886.8868092168
4176,402301,58072,Pomona, ,40230158072,14330673.5292969,16806.6418881016
4177,402303,58072,Pomona, ,40230358072,10164240.5566406,13655.4500180765
4178,402304,58072,Pomona, ,40230458072,7506080.891,14823.1031045817
4179,402403,58072,Pomona, ,40240358072,21849551.2060547,31923.3724729673
4180,402404,58072,Pomona, ,40240458072,12671360.7675781,30755.687434298
4181,402404,99037,Unincorporated,Pomona,40240499037Pomona,31385638.2021484,34710.9326979085
4182,402405,58072,Pomona, ,40240558072,10913037.5390625,17807.7899689853
4183,402406,58072,Pomona, ,40240658072,12567678.1191406,14348.1152530986
4184,402501,58072,Pomona, ,40250158072,10935162.4472656,16008.1071993635
4185,402503,58072,Pomona, ,40250358072,9410561.52050781,12827.845729664
4186,402504,58072,Pomona, ,40250458072,6462253.43457031,10587.4089300475
4187,402601,58072,Pomona, ,40260158072,11137833.7265625,17699.9776480925
4188,402602,58072,Pomona, ,40260258072,13424889.7382813,15375.5341275395
4189,402702,58072,Pomona, ,40270258072,16131064.5859375,18396.1504300305
4190,402703,58072,Pomona, ,40270358072,11522718.7060547,18743.8864721723
4191,402705,58072,Pomona, ,40270558072,9314303.75390625,12965.0145178313
4192,402706,58072,Pomona, ,40270658072,11429563.7011719,13787.9475617854
4193,402801,58072,Pomona, ,40280158072,19585945.2285156,22077.0155175908
4194,402803,58072,Pomona, ,40280358072,6784208.83105469,10582.2297749173
4195,402804,58072,Pomona, ,40280458072,14188942.3544922,16157.7345711094
4196,402902,58072,Pomona, ,40290258072,19859817.4443359,20762.2420998985
4197,402903,58072,Pomona, ,40290358072,17055319.9453125,16947.7252459695
4198,402904,58072,Pomona, ,40290458072,20536068.2949219,20764.8184084526
4199,403000,58072,Pomona, ,40300058072,26031472.5703125,25904.8545898464
4200,403305,19192,Diamond Bar, ,40330519192,15950798.8984375,16252.4894222622
4201,403316,19192,Diamond Bar, ,40331619192,31274099.7421875,28449.0720232942
4202,403317,58072,Pomona, ,40331758072,45118051.2265625,38917.0523116668
4203,403318,58072,Pomona, ,40331858072,36259637.9775391,30406.5931372885
4204,403319,19192,Diamond Bar, ,40331919192,24047483.1787109,19930.9740239214
4205,403320,19192,Diamond Bar, ,40332019192,42160909.9667969,29207.8824628692
4206,403321,19192,Diamond Bar, ,40332119192,68510566.0537109,41254.1701816565
4207,403323,19192,Diamond Bar, ,40332319192,34059719.5693359,28147.6579449864
4208,403324,19192,Diamond Bar, ,40332419192,85628446.0234375,46738.4576167052
4209,403325,19192,Diamond Bar, ,40332519192,29574460.5888672,32653.6961727862
4210,403325,99037,Unincorporated,Rowland Heights,40332599037Rowland Heights,154535225.766602,66204.5399565721
4211,403326,19192,Diamond Bar, ,40332619192,12008644.4248047,18701.0546467651
4212,403326,99037,Unincorporated,Rowland Heights,40332699037Rowland Heights,7179759.93847656,15355.2906252576
4213,403327,58072,Pomona, ,40332758072,404468.860351563,3574.61846110894
4214,403327,36490,Industry, ,40332736490,78138129.9677734,61346.5498773217
4215,403328,19192,Diamond Bar, ,40332819192,30056338.9628906,33103.4016640678
4216,403401,99037,Unincorporated,Walnut,40340199037Walnut,166917.887695313,10688.0702110967
4217,403401,83332,Walnut, ,40340183332,24555082.5478516,31725.2979673272
4218,403402,83332,Walnut, ,40340283332,18599090.5126953,17586.4701528224
4219,403403,83332,Walnut, ,40340383332,41864358.0644531,43291.0447738527
4220,403404,83332,Walnut, ,40340483332,25738905.1240234,25243.8468419101
4221,403407,83332,Walnut, ,40340783332,50855743.1435547,37610.0244254609
4222,403408,83332,Walnut, ,40340883332,34079700.0810547,26088.1528686198
4223,403409,83332,Walnut, ,40340983332,50425575.1943359,38739.6760594644
4224,403500,84200,West Covina, ,40350084200,3633263.01953125,11750.3276471722
4225,403500,99037,Unincorporated,Covina,40350099037Covina,45093868.5449219,44294.9120716811
4226,403500,83332,Walnut, ,40350083332,4219446.57714844,13489.4146477533
4227,403601,84200,West Covina, ,40360184200,4260261.44726563,17493.0206028793
4228,403601,99037,Unincorporated,Covina,40360199037Covina,23559190.7089844,52172.5884716674
4229,403702,16742,Covina, ,40370216742,18169236.9667969,18852.8050927393
4230,403702,99037,Unincorporated,Covina (Charter Oak),40370299037Covina (Charter Oak),244568.2266,2108.82563414889
4231,403703,66070,San Dimas, ,40370366070,9834476.49121094,21735.9390956417
4232,403703,99037,Unincorporated,Covina (Charter Oak),40370399037Covina (Charter Oak),3587096.69433594,24644.5712432218
4233,403721,16742,Covina, ,40372116742,18720169.8681641,28012.7924870946
4234,403721,99037,Unincorporated,Covina (Charter Oak),40372199037Covina (Charter Oak),1703638.74609375,8290.01368797196
4235,403722,16742,Covina, ,40372216742,18911256.765625,19610.5518150602
4236,403722,99037,Unincorporated,Covina,40372299037Covina,503515.0313,3271.22939520604
4237,403801,16742,Covina, ,40380116742,7674309.47363281,25323.309921635
4238,403801,99037,Unincorporated,Covina (Charter Oak),40380199037Covina (Charter Oak),12970258.7988281,27631.5877779457
4239,403802,16742,Covina, ,40380216742,3603842.20019531,11129.1494903619
4240,403802,66070,San Dimas, ,40380266070,413377.821289063,2734.30732674026
4241,403901,99037,Unincorporated,Glendora,40390199037Glendora,658568.833007813,5250.88121451151
4242,403901,30014,Glendora, ,40390130014,12883829.4150391,18287.0199183355
4243,403902,30014,Glendora, ,40390230014,22433857.6025391,18648.3316698093
4244,404000,03386,Azusa, ,40400003386,6042379.56738281,13389.6379594918
4245,404100,99037,Unincorporated,Azusa,40410099037Azusa,10826021.1210938,15554.0356070079
4246,404201,03386,Azusa, ,40420103386,9926954.04980469,13681.6115647996
4247,404203,99037,Unincorporated,Azusa,40420399037Azusa,4501303.64746094,10597.1621092026
4248,404301,03386,Azusa, ,40430103386,11920286.4580078,13965.5815443875
4249,404302,03386,Azusa, ,40430203386,6687367.47070313,10524.4274593863
4250,404401,03386,Azusa, ,40440103386,15614613.6240234,20038.4921030133
4251,404402,03386,Azusa, ,40440203386,36086663.2529297,28147.4608933679
4252,404501,03386,Azusa, ,40450103386,4696975.98632813,16483.6747856341
4253,404501,99037,Unincorporated,Azusa,40450199037Azusa,3956241.00292969,11940.2301419754
4254,404503,03386,Azusa, ,40450303386,3577622.13476563,17050.8501105693
4255,404503,99037,Unincorporated,Azusa,40450399037Azusa,3612071.29589844,14913.0222022178
4256,404504,99037,Unincorporated,Azusa,40450499037Azusa,3247096.14550781,12099.1172149241
4257,404600,36826,Irwindale, ,40460036826,268571301.829102,131335.915931008
4258,404701,03666,Baldwin Park, ,40470103666,18370808.8583984,18337.4805218585
4259,404702,03666,Baldwin Park, ,40470203666,12445870.3027344,16228.2962758753
4260,404703,99037,Unincorporated,Bassett,40470399037Bassett,36678.30859,945.222969462876
4261,404703,03666,Baldwin Park, ,40470303666,13866666.6044922,24591.4733422028
4262,404804,03666,Baldwin Park, ,40480403666,10183270.6132813,13797.2087086235
4263,404805,03666,Baldwin Park, ,40480503666,4829743.53222656,8782.80237147031
4264,404806,03666,Baldwin Park, ,40480603666,16449732.2285156,19388.0479141726
4265,404901,03666,Baldwin Park, ,40490103666,12278336.5761719,14633.9286527378
4266,404902,03666,Baldwin Park, ,40490203666,7447977.94726563,11502.3130243895
4267,404903,03666,Baldwin Park, ,40490303666,5870228.84277344,10537.3607310323
4268,405001,03666,Baldwin Park, ,40500103666,18323076.2900391,19212.1388021973
4269,405002,03666,Baldwin Park, ,40500203666,9313833.07714844,12620.0030403125
4270,405101,03666,Baldwin Park, ,40510103666,12030234.8056641,14713.4480598007
4271,405102,03666,Baldwin Park, ,40510203666,10386564.7646484,16213.3739717811
4272,405201,03666,Baldwin Park, ,40520103666,14644415.0185547,17811.3467072202
4273,405202,03666,Baldwin Park, ,40520203666,10260905.0302734,13421.3592863618
4274,405203,03666,Baldwin Park, ,40520303666,7775823.44726563,13544.8429783515
4275,405301,84200,West Covina, ,40530184200,8051330.109,20547.3212852982
4276,405302,84200,West Covina, ,40530284200,19284178.1376953,21834.0267503702
4277,405400,16742,Covina, ,40540016742,510176.94140625,3109.40009578473
4278,405400,99037,Unincorporated,Covina,40540099037Covina,13417444.1162109,21639.3705130916
4279,405500,84200,West Covina, ,40550084200,18488171.4296875,20139.7223915617
4280,405500,99037,Unincorporated,Covina,40550099037Covina,1593576.96386719,6068.27989304756
4281,405600,84200,West Covina, ,40560084200,22589685.8789063,23841.0203170632
4282,405701,16742,Covina, ,40570116742,4376575.21386719,10024.1297770918
4283,405701,99037,Unincorporated,Covina,40570199037Covina,6929330.75878906,10609.0090753398
4284,405702,16742,Covina, ,40570216742,12791605.1923828,16574.5629228308
4285,405702,99037,Unincorporated,Covina,40570299037Covina,2010967.23730469,7185.00662022655
4286,405800,16742,Covina, ,40580016742,11128872.1640625,16933.9815808286
4287,405800,99037,Unincorporated,Covina,40580099037Covina,9111904.93066406,13489.3294671454
4288,405900,16742,Covina, ,40590016742,13364927.6269531,17266.4082524832
4289,405900,99037,Unincorporated,Azusa,40590099037Azusa,286970.806640625,9017.39479661995
4290,406000,99037,Unincorporated,Covina (Charter Oak),40600099037Covina (Charter Oak),6842239.1171875,17930.5682543144
4291,406101,16742,Covina, ,40610116742,14526482.2988281,17659.0097961956
4292,406101,99037,Unincorporated,Covina (Charter Oak),40610199037Covina (Charter Oak),421637.271484375,3260.07109153559
4293,406103,16742,Covina, ,40610316742,23846450.0517578,23941.991329963
4294,406201,84200,West Covina, ,40620184200,8494803.94433594,15616.8288118009
4295,406300,84200,West Covina, ,40630084200,54384552.7548828,40873.8141168223
4296,406300,99037,Unincorporated,Covina,40630099037Covina,3637908.86035156,21539.6622129269
4297,406413,84200,West Covina, ,40641384200,34180111.3535156,27759.1395047284
4298,406500,84200,West Covina, ,40650084200,22027081.7744141,20253.8303133715
4299,406601,99037,Unincorporated,Valinda,40660199037Valinda,1725219.43652344,9294.3235922167
4300,406601,84200,West Covina, ,40660184200,19458583.1386719,18594.7331684277
4301,406602,84200,West Covina, ,40660284200,15119381.0898438,20482.4947331683
4302,406701,84200,West Covina, ,40670184200,10144141.2265625,13527.3119859984
4303,406702,84200,West Covina, ,40670284200,30384911.8925781,24280.5480548605
4304,406801,84200,West Covina, ,40680184200,18780730.3603516,24831.3423479381
4305,406903,40340,La Puente, ,40690340340,2011942.96972656,7003.84545951311
4306,406903,84200,West Covina, ,40690384200,5414396.35644531,11241.3019091844
4307,406903,03666,Baldwin Park, ,40690303666,417025.922851563,2831.70342549531
4308,407001,99037,Unincorporated,Bassett,40700199037Bassett,9479057.34179688,14649.0312451809
4309,407001,03666,Baldwin Park, ,40700103666,1203115.84082031,10173.5406136184
4310,407002,40340,La Puente, ,40700240340,125740.499023438,4242.85740514486
4311,407002,36490,Industry, ,40700236490,19640415.1103516,29961.7883348666
4312,407002,99037,Unincorporated,Bassett,40700299037Bassett,11688988.9042969,27701.3820871405
4313,407101,40340,La Puente, ,40710140340,12209093.6455078,15236.9890277306
4314,407102,40340,La Puente, ,40710240340,9945828.8671875,14576.8421724267
4315,407201,40340,La Puente, ,40720140340,6979420.33496094,11304.9322923715
4316,407202,40340,La Puente, ,40720240340,8692789.91113281,13461.1356525807
4317,407302,99037,Unincorporated,West Puente Valley,40730299037West Puente Valley,8662091.62011719,12294.2054432457
4318,407400,84200,West Covina, ,40740084200,6538796.77148438,10295.3105377616
4319,407501,40340,La Puente, ,40750140340,4172723.58105469,16038.543906785
4320,407502,99037,Unincorporated,Valinda,40750299037Valinda,11131619.8574219,15778.705484267
4321,407601,40340,La Puente, ,40760140340,8410580.08300781,11793.5435968413
4322,407602,40340,La Puente, ,40760240340,10021852.84,13477.2465469341
4323,407701,40340,La Puente, ,40770140340,12341155.4658203,15572.3310300405
4324,407702,40340,La Puente, ,40770240340,21612824.8964844,23284.2761136584
4325,407801,99037,Unincorporated,Valinda,40780199037Valinda,11560239.3085938,13484.4437145441
4326,407801,84200,West Covina, ,40780184200,61543.732421875,1697.36822355573
4327,407802,36490,Industry, ,40780236490,25920624.3828125,34331.9047469747
4328,407901,99037,Unincorporated,Valinda,40790199037Valinda,11088769.3916016,14196.4013701813
4329,407902,84200,West Covina, ,40790284200,4977268.97558594,9539.2489580653
4330,408003,99037,Unincorporated,Valinda,40800399037Valinda,6243209.83398438,11567.2867213191
4331,408003,84200,West Covina, ,40800384200,8518206.32128906,14704.8548181717
4332,408004,84200,West Covina, ,40800484200,6669398.43945313,11880.5954807838
4333,408005,84200,West Covina, ,40800584200,39662082.84,26828.8349586615
4334,408006,84200,West Covina, ,40800684200,35771898.9150391,25487.7125842448
4335,408133,99037,Unincorporated,San Jose Hills,40813399037San Jose Hills,379644.258789063,4008.33139910434
4336,408133,84200,West Covina, ,40813384200,10954287.8613281,16872.8606983874
4337,408134,84200,West Covina, ,40813484200,9522010.67089844,12253.8899035209
4338,408135,84200,West Covina, ,40813584200,12167758.546875,17523.2877008128
4339,408136,84200,West Covina, ,40813684200,10859571.7128906,16984.2372964598
4340,408137,99037,Unincorporated,San Jose Hills,40813799037San Jose Hills,3155740.84472656,9068.93157796837
4341,408138,99037,Unincorporated,San Jose Hills,40813899037San Jose Hills,9615438.29199219,16193.571406103
4342,408139,99037,Unincorporated,San Jose Hills,40813999037San Jose Hills,8464260.9140625,13033.0373412098
4343,408140,99037,Unincorporated,San Jose Hills,40814099037San Jose Hills,9819273.85546875,13630.5625475668
4344,408141,99037,Unincorporated,San Jose Hills,40814199037San Jose Hills,10625205.2509766,17977.8498776051
4345,408212,99037,Unincorporated,Rowland Heights,40821299037Rowland Heights,20239007.1064453,31762.6122119205
4346,408212,36490,Industry, ,40821236490,10496557.9765625,28713.3859341428
4347,408213,99037,Unincorporated,Rowland Heights,40821399037Rowland Heights,16660315.3525391,20984.381500697
4348,408301,99037,Unincorporated,Avocado Heights,40830199037Avocado Heights,26826599.7939453,35634.5864473457
4349,408301,36490,Industry, ,40830136490,2855033.07519531,30159.8466575251
4350,408302,36490,Industry, ,40830236490,12232665.3007813,22519.018444408
4351,408303,99037,Unincorporated,North Whittier,40830399037North Whittier,20502655.8183594,27783.1144664495
4352,408401,99037,Unincorporated,Hacienda Heights,40840199037Hacienda Heights,12500587.4042969,17266.2612928886
4353,408402,99037,Unincorporated,Hacienda Heights,40840299037Hacienda Heights,111835617.958984,60092.3010651654
4354,408402,99037,Unincorporated,Whittier,40840299037Whittier,266530.469726563,4939.29743066721
4355,408402,36490,Industry, ,40840236490,12712139.1328125,35385.5135872677
4356,408503,99037,Unincorporated,Hacienda Heights,40850399037Hacienda Heights,45248820.2558594,38509.2670918613
4357,408504,99037,Unincorporated,Hacienda Heights,40850499037Hacienda Heights,15262231.4023438,18598.8472718582
4358,408505,99037,Unincorporated,Hacienda Heights,40850599037Hacienda Heights,21423676.8974609,22178.9800098569
4359,408623,99037,Unincorporated,Hacienda Heights,40862399037Hacienda Heights,10362992.9658203,13639.7363422592
4360,408624,99037,Unincorporated,Hacienda Heights,40862499037Hacienda Heights,14843642.6933594,18476.4828177565
4361,408625,99037,Unincorporated,Hacienda Heights,40862599037Hacienda Heights,23129126.2275391,20580.0307326417
4362,408626,99037,Unincorporated,Rowland Heights,40862699037Rowland Heights,26840407.0986328,26380.1369632869
4363,408627,99037,Unincorporated,Rowland Heights,40862799037Rowland Heights,33631233.4443359,32275.2829583589
4364,408628,99037,Unincorporated,Hacienda Heights,40862899037Hacienda Heights,25396115.4580078,26491.087052457
4365,408629,99037,Unincorporated,Hacienda Heights,40862999037Hacienda Heights,19078199.765625,19682.180927004
4366,408631,99037,Unincorporated,Hacienda Heights,40863199037Hacienda Heights,15895162.2509766,16761.3446933937
4367,408703,39304,La Habra Heights, ,40870339304,10427461.9765625,22726.5350461048
4368,408703,19192,Diamond Bar, ,40870319192,5937107.81542969,11879.4292490817
4369,408703,99037,Unincorporated,Rowland Heights,40870399037Rowland Heights,167827866.859375,65845.8820293493
4370,408705,99037,Unincorporated,Rowland Heights,40870599037Rowland Heights,20753700.8007813,19115.0699542316
4371,408707,99037,Unincorporated,Rowland Heights,40870799037Rowland Heights,31033880.8359375,27874.1859568335
4372,408722,99037,Unincorporated,Rowland Heights,40872299037Rowland Heights,22664852.1621094,21725.9876071067
4373,408724,99037,Unincorporated,Rowland Heights,40872499037Rowland Heights,5743597.8515625,10137.2377126571
4374,408725,99037,Unincorporated,Rowland Heights,40872599037Rowland Heights,20962517.9179688,26020.4290218518
4375,408800,58072,Pomona, ,40880058072,19285643.2197266,20130.8117717907
4376,408900,99037,Unincorporated,La Verne,40890099037La Verne,4962998.83496094,12033.5415525415
4377,408900,40830,La Verne, ,40890040830,28967308.0429688,29800.7821845545
4378,409000,58072,Pomona, ,40900058072,84740473.0703125,59347.3256877466
4379,409100,99037,Unincorporated,Hacienda Heights,40910099037Hacienda Heights,16888508.3574219,24952.9011939574
4380,430003,19990,Duarte, ,43000319990,128441293.646484,75688.3593081212
4381,430004,19990,Duarte, ,43000419990,11983142.31,16731.6301257357
4382,430005,19990,Duarte, ,43000519990,11060356.5517578,15918.1080340513
4383,430101,19990,Duarte, ,43010119990,21381736.8291016,20053.4038369482
4384,430102,19990,Duarte, ,43010219990,13896399.390625,19427.4297738954
4385,430200,07946,Bradbury, ,43020007946,54791325.3896484,38923.3905268839
4386,430200,99037,Unincorporated,Bradbury,43020099037Bradbury,821427.076171875,4061.91941209561
4387,430301,48648,Monrovia, ,43030148648,263156670.852539,85148.0490315793
4388,430302,48648,Monrovia, ,43030248648,20871921.2587891,23537.4786072515
4389,430400,02462,Arcadia, ,43040002462,38675649.2226563,34996.1201908612
4390,430501,71806,Sierra Madre, ,43050171806,50750769.9189453,33022.3926722093
4391,430502,71806,Sierra Madre, ,43050271806,31689286.6445313,25050.1900569757
4392,430600,02462,Arcadia, ,43060002462,39699579.6660156,35096.7543769296
4393,430701,02462,Arcadia, ,43070102462,32058575.7265625,27299.7522232973
4394,430721,02462,Arcadia, ,43072102462,44038552.3769531,31686.3375360636
4395,430723,02462,Arcadia, ,43072302462,5235027.5546875,12933.4641503475
4396,430724,02462,Arcadia, ,43072402462,6240714.88671875,13438.3095152599
4397,430801,02462,Arcadia, ,43080102462,18243423.5722656,17727.9002591095
4398,430802,02462,Arcadia, ,43080202462,20011291.3066406,19693.9813012521
4399,430803,02462,Arcadia, ,43080302462,24521822.1953125,21858.1847013314
4400,430901,48648,Monrovia, ,43090148648,12563362.7421875,14992.4088177694
4401,430902,48648,Monrovia, ,43090248648,12809431.7197266,17063.4894657691
4402,431002,48648,Monrovia, ,43100248648,14578928.1826172,17504.3629811163
4403,431003,48648,Monrovia, ,43100348648,9252765.86230469,13374.623176397
4404,431004,48648,Monrovia, ,43100448648,9756456.63476563,13608.7815857754
4405,431100,99037,Unincorporated,Monrovia,43110099037Monrovia,1205366.72460938,6416.09534304751
4406,431100,48648,Monrovia, ,43110048648,31347020.390625,31858.2628886497
4407,431200,99037,Unincorporated,Duarte,43120099037Duarte,9844237.58691406,15323.4358416027
4408,431200,99037,Unincorporated,Monrovia,43120099037Monrovia,4343480.22558594,9411.94353291747
4409,431300,02462,Arcadia, ,43130002462,1726127.20019531,10102.496477644
4410,431300,99037,Unincorporated,Monrovia,43130099037Monrovia,5651861.67675781,11294.1211875934
4411,431400,48648,Monrovia, ,43140048648,5841660.97167969,23883.3902360145
4412,431400,99037,Unincorporated,Arcadia,43140099037Arcadia,13449444.0976563,19308.400851326
4413,431400,99037,Unincorporated,Monrovia,43140099037Monrovia,26598.7705078125,868.893364129447
4414,431501,22230,El Monte, ,43150122230,1879102.43066406,7088.31391350334
4415,431501,78148,Temple City, ,43150178148,9323261.46484375,14959.0437794814
4416,431502,02462,Arcadia, ,43150202462,8840148.16015625,24991.3392213133
4417,431502,99037,Unincorporated,Arcadia,43150299037Arcadia,11881781.5136719,16575.1845022153
4418,431600,02462,Arcadia, ,43160002462,22826771.5976563,23667.2983128581
4419,431701,02462,Arcadia, ,43170102462,35372816.2109375,25389.9754946721
4420,431800,78148,Temple City, ,43180078148,6235807.53710938,11943.175450087
4421,431800,99037,Unincorporated,Northeast San Gabriel,43180099037Northeast San Gabriel,5073329.2421875,11813.4899822647
4422,431800,02462,Arcadia, ,43180002462,3349582.44042969,11761.8902202672
4423,431900,78148,Temple City, ,43190078148,10754143.44,14927.6988277285
4424,432001,78148,Temple City, ,43200178148,7947794.25976563,12563.3636376757
4425,432002,78148,Temple City, ,43200278148,16248717.9433594,17079.8730918709
4426,432101,22230,El Monte, ,43210122230,66076.1064453125,1069.31245253502
4427,432101,78148,Temple City, ,43210178148,12541208.2070313,15448.5049280511
4428,432102,78148,Temple City, ,43210278148,20140990.8710938,20291.9532768904
4429,432201,62896,Rosemead, ,43220162896,13110377.1689453,15008.9210614565
4430,432202,62896,Rosemead, ,43220262896,14205107.9394531,15699.0160286828
4431,432300,22230,El Monte, ,43230022230,21192749.078125,21388.8065666959
4432,432401,22230,El Monte, ,43240122230,11430279.4892578,17895.962683341
4433,432402,22230,El Monte, ,43240222230,16271797.9677734,18832.3101733584
4434,432501,22230,El Monte, ,43250122230,11489619.890625,16145.4113221749
4435,432502,22230,El Monte, ,43250222230,10097642.7353516,17205.2188860236
4436,432502,02462,Arcadia, ,43250202462,8845230.78710938,21292.7477086695
4437,432601,22230,El Monte, ,43260122230,15121527.9228516,17344.5355437653
4438,432602,22230,El Monte, ,43260222230,11458378.7167969,14748.6260689552
4439,432700,22230,El Monte, ,43270022230,20010846.9296875,22616.0527
4440,432801,22230,El Monte, ,43280122230,8773041.86425781,13494.8539539048
4441,432802,22230,El Monte, ,43280222230,6384103.12792969,12185.396225144
4442,432901,62896,Rosemead, ,43290162896,12282104.2558594,14140.5190982026
4443,432902,62896,Rosemead, ,43290262896,9429184.00976563,14666.6548146635
4444,433103,22230,El Monte, ,43310322230,22223197.9023438,25841.3150339639
4445,433103,99037,Unincorporated,El Monte,43310399037El Monte,109298.119140625,1633.90678491352
4446,433200,22230,El Monte, ,43320022230,19238831.765625,23391.3390020004
4447,433302,22230,El Monte, ,43330222230,6929616.57910156,21291.5547753321
4448,433304,22230,El Monte, ,43330422230,8499580.85546875,12744.7250383175
4449,433305,22230,El Monte, ,43330522230,5509878.05371094,12374.7440929451
4450,433306,22230,El Monte, ,43330622230,4674871.969,12136.1715446381
4451,433307,22230,El Monte, ,43330722230,4539228.58300781,12835.8981532005
4452,433402,22230,El Monte, ,43340222230,5981256.37988281,10182.0075981358
4453,433403,22230,El Monte, ,43340322230,7606547.29394531,11937.0913130774
4454,433505,22230,El Monte, ,43350522230,8223027.74609375,17053.7335869323
4455,433506,72996,South El Monte, ,43350672996,17613529.5322266,22368.5777477535
4456,433601,62896,Rosemead, ,43360162896,12059265.9267578,14684.3775319671
4457,433602,62896,Rosemead, ,43360262896,10783255.9912109,16047.864595777
4458,433803,72996,South El Monte, ,43380372996,12781919.8779297,22395.5152289223
4459,433804,72996,South El Monte, ,43380472996,16339623.5673828,19278.0670699313
4460,433901,22230,El Monte, ,43390122230,7759901.59570313,11249.3602789082
4461,433903,22230,El Monte, ,43390322230,9797614.10351563,13468.6349595651
4462,434001,22230,El Monte, ,43400122230,11158619.9921875,16184.7859203397
4463,434003,99037,Unincorporated,South El Monte,43400399037South El Monte,1561071.55566406,8088.27263155925
4464,434003,72996,South El Monte, ,43400372996,568303.979492188,3259.04958156124
4465,434003,22230,El Monte, ,43400322230,8349259.69921875,13576.0445516278
4466,434004,99037,Unincorporated,South El Monte,43400499037South El Monte,2070725.63085938,6205.9829315504
4467,434004,72996,South El Monte, ,43400472996,5305353.25097656,11861.0523202291
4468,434100,72996,South El Monte, ,43410072996,26843839.7695313,25615.3528767591
4469,460001,99037,Unincorporated,Kinneloa Mesa,46000199037Kinneloa Mesa,46773245.7167969,56337.2332352783
4470,460002,56000,Pasadena, ,46000256000,16892682.5742188,22321.5969426054
4471,460101,56000,Pasadena, ,46010156000,9820939.67578125,24184.386283259
4472,460200,99037,Unincorporated,Altadena,46020099037Altadena,34318875.72,27174.0102775029
4473,460301,99037,Unincorporated,Altadena,46030199037Altadena,54261325.3564453,42388.1562560351
4474,460302,99037,Unincorporated,Altadena,46030299037Altadena,14116142.1376953,17612.2339339854
4475,460401,56000,Pasadena, ,46040156000,57057953.9101563,89739.8101204238
4476,460501,39003,La Canada Flintridge, ,46050139003,80438657.6962891,60944.694595588
4477,460502,39003,La Canada Flintridge, ,46050239003,28136947.8300781,30368.1454736627
4478,460601,39003,La Canada Flintridge, ,46060139003,52362400.0087891,44633.4101173246
4479,460700,39003,La Canada Flintridge, ,46070039003,80105887.6982422,45134.4440636726
4480,460800,56000,Pasadena, ,46080056000,72593201.1035156,42287.7010385257
4481,460900,56000,Pasadena, ,46090056000,26384604.8330078,25182.0008773646
4482,461000,99037,Unincorporated,Altadena,46100099037Altadena,19126687.8759766,21711.635494793
4483,461100,99037,Unincorporated,Altadena,46110099037Altadena,21081718.5996094,19659.1408504579
4484,461200,99037,Unincorporated,Altadena,46120099037Altadena,26431142.7871094,27877.7424701272
4485,461300,99037,Unincorporated,Altadena,46130099037Altadena,20564530.8544922,29691.1575064869
4486,461400,56000,Pasadena, ,46140056000,10943155.7294922,15825.7319424838
4487,461501,56000,Pasadena, ,46150156000,10807455.4335938,13635.2212259705
4488,461502,56000,Pasadena, ,46150256000,12621001.0869141,14633.6820923223
4489,461600,56000,Pasadena, ,46160056000,17884094.4746094,18010.6122199551
4490,461700,56000,Pasadena, ,46170056000,23766549.7861328,27787.4743554738
4491,461901,56000,Pasadena, ,46190156000,9458431.68847656,13425.1837668845
4492,461902,56000,Pasadena, ,46190256000,8990949.31542969,12376.6495284782
4493,462001,56000,Pasadena, ,46200156000,5507636.96484375,10803.2239000888
4494,462002,56000,Pasadena, ,46200256000,5505805.32617188,10785.6321088583
4495,462100,56000,Pasadena, ,46210056000,11236073.5634766,13716.9458283162
4496,462201,56000,Pasadena, ,46220156000,5778221.06152344,9688.11773107954
4497,462202,56000,Pasadena, ,46220256000,6116369.42578125,9952.68578016863
4498,462301,56000,Pasadena, ,46230156000,6807546.38964844,10725.2875749204
4499,462302,56000,Pasadena, ,46230256000,7544740.26074219,11249.339247986
4500,462400,56000,Pasadena, ,46240056000,14165404.7089844,15479.2842290232
4501,462500,56000,Pasadena, ,46250056000,25561093.9599609,32429.1310772259
4502,462500,99037,Unincorporated,Altadena,46250099037Altadena,2089143.09082031,10603.8704845316
4503,462600,56000,Pasadena, ,46260056000,11286691.6728516,15930.8082484339
4504,462700,56000,Pasadena, ,46270056000,18034548.1992188,17736.2128229468
4505,462800,56000,Pasadena, ,46280056000,12134301.8095703,15312.5216938452
4506,462900,56000,Pasadena, ,46290056000,25237653.9902344,21384.2007286836
4507,463000,56000,Pasadena, ,46300056000,19613811.6337891,18230.4145626402
4508,463103,99037,Unincorporated,East Pasadena,46310399037East Pasadena,37146242.2080078,40975.2766349195
4509,463200,56000,Pasadena, ,46320056000,17537907.5566406,23283.1436504776
4510,463300,99037,Unincorporated,San Pasqual,46330099037San Pasqual,7135482.9609375,13878.4866913723
4511,463400,56000,Pasadena, ,46340056000,20684768.6601563,25375.9820869247
4512,463500,56000,Pasadena, ,46350056000,18104878.6708984,17622.9096541464
4513,463601,56000,Pasadena, ,46360156000,9989929.21582031,12789.6223940228
4514,463602,56000,Pasadena, ,46360256000,9984146.74902344,12758.1977452561
4515,463700,56000,Pasadena, ,46370056000,18684024.6806641,18112.0505807455
4516,463800,56000,Pasadena, ,46380056000,30842005.4423828,30015.489896547
4517,463900,56000,Pasadena, ,46390056000,20378332.2753906,19296.0155373218
4518,464000,56000,Pasadena, ,46400056000,33918377.9384766,26615.1030006991
4519,464101,68224,San Marino, ,46410168224,34277803.8994141,34052.5683010959
4520,464102,68224,San Marino, ,46410268224,33329308.0898438,41715.911591715
4521,464200,68224,San Marino, ,46420068224,36911490.2910156,25951.2269411579
4522,480002,68224,San Marino, ,48000268224,490333.056640625,3359.38960827076
4523,480002,99037,Unincorporated,Northeast San Gabriel,48000299037Northeast San Gabriel,14615175.9365234,20602.8768743313
4524,480011,99037,Unincorporated,Northeast San Gabriel,48001199037Northeast San Gabriel,12126521.9355469,14216.945913548
4525,480012,78148,Temple City, ,48001278148,3949451.06542969,9767.97148613572
4526,480012,99037,Unincorporated,Northeast San Gabriel,48001299037Northeast San Gabriel,9852106.14746094,14707.1948385572
4527,480101,78148,Temple City, ,48010178148,12239804.390625,14644.558689401
4528,480102,67042,San Gabriel, ,48010267042,4171700.77148438,22867.2267737751
4529,480102,78148,Temple City, ,48010278148,1659562.27832031,7226.87853285709
4530,480102,99037,Unincorporated,Northeast San Gabriel,48010299037Northeast San Gabriel,7393486.77734375,16464.222377496
4531,480201,67042,San Gabriel, ,48020167042,16452133.1367188,19181.3769542338
4532,480202,67042,San Gabriel, ,48020267042,16365162.2890625,16285.1862741161
4533,480302,00884,Alhambra, ,48030200884,11354549.6337891,14897.0944200339
4534,480303,00884,Alhambra, ,48030300884,4861184.04492188,8952.41874729907
4535,480304,00884,Alhambra, ,48030400884,4699816.16113281,8998.89584818337
4536,480400,00884,Alhambra, ,48040000884,13651302.4833984,17425.0503396271
4537,480500,73220,South Pasadena, ,48050073220,22770530.9873047,24327.3916739076
4538,480601,73220,South Pasadena, ,48060173220,7569935.8984375,14129.4801730728
4539,480602,73220,South Pasadena, ,48060273220,17702214.3652344,22257.8161174315
4540,480702,73220,South Pasadena, ,48070273220,23425901.4746094,22295.7237295546
4541,480703,73220,South Pasadena, ,48070373220,12217791.2568359,22351.5630484689
4542,480704,73220,South Pasadena, ,48070473220,11508704.4755859,17629.1953660869
4543,480802,00884,Alhambra, ,48080200884,18546150.3164063,17688.0689647929
4544,480803,00884,Alhambra, ,48080300884,11773623.2822266,14303.1300677681
4545,480804,00884,Alhambra, ,48080400884,9053665.04101563,15043.598936453
4546,480901,00884,Alhambra, ,48090100884,10240590.0517578,12999.1003984202
4547,480902,00884,Alhambra, ,48090200884,5527046.63671875,10264.6077839844
4548,480903,00884,Alhambra, ,48090300884,8652152.85058594,11796.4685517695
4549,481001,00884,Alhambra, ,48100100884,11297986.2822266,15896.2755453698
4550,481002,00884,Alhambra, ,48100200884,10055560.5361328,14028.8187016845
4551,481101,67042,San Gabriel, ,48110167042,9579264.76171875,13658.576573067
4552,481102,67042,San Gabriel, ,48110267042,6575193.06835938,11865.8711495852
4553,481103,67042,San Gabriel, ,48110367042,15204254.6484375,16998.3220456562
4554,481201,78148,Temple City, ,48120178148,11124422.1367188,16466.8922301622
4555,481203,67042,San Gabriel, ,48120367042,4787261.06445313,33430.6221982935
4556,481203,99037,Unincorporated,Northeast San Gabriel,48120399037Northeast San Gabriel,12048147.1552734,38457.3881162176
4557,481300,62896,Rosemead, ,48130062896,9665941.58691406,14161.8273424732
4558,481401,67042,San Gabriel, ,48140167042,12932784.91,16260.3830133298
4559,481403,67042,San Gabriel, ,48140367042,8693814.438,18165.630144531
4560,481404,67042,San Gabriel, ,48140467042,11024913.28,14420.4762904486
4561,481500,00884,Alhambra, ,48150000884,23664688.3476563,24621.5334442459
4562,481603,00884,Alhambra, ,48160300884,7057784.48730469,12084.7485221286
4563,481604,00884,Alhambra, ,48160400884,6705887.51953125,11095.3176415921
4564,481605,00884,Alhambra, ,48160500884,8220887.05566406,14007.9442078226
4565,481606,00884,Alhambra, ,48160600884,9278983.62109375,14834.3035327076
4566,481711,48914,Monterey Park, ,48171148914,4823050.41210938,8921.7408724965
4567,481712,48914,Monterey Park, ,48171248914,7939321.75585938,12622.2080256884
4568,481713,48914,Monterey Park, ,48171348914,5042347.82519531,10441.0425133125
4569,481714,48914,Monterey Park, ,48171448914,4900272.99902344,10442.5764284756
4570,481800,00884,Alhambra, ,48180000884,8828443.59082031,13027.6317434901
4571,481901,00884,Alhambra, ,48190100884,19737777.5126953,19781.7351177086
4572,481902,00884,Alhambra, ,48190200884,9550194.74023438,17744.2397995518
4573,482001,48914,Monterey Park, ,48200148914,31696509.7177734,25593.913246719
4574,482002,48914,Monterey Park, ,48200248914,26777329.7675781,22694.3723014978
4575,482101,48914,Monterey Park, ,48210148914,12400586.9912109,16854.5555447294
4576,482102,48914,Monterey Park, ,48210248914,11818831.16,15122.3880241005
4577,482201,48914,Monterey Park, ,48220148914,8323560.172,12012.8018720459
4578,482202,48914,Monterey Park, ,48220248914,6960880.422,10549.295162088
4579,482301,67042,San Gabriel, ,48230167042,9355563.32421875,17419.2769375745
4580,482303,62896,Rosemead, ,48230362896,10565100.1386719,15064.1832408146
4581,482304,62896,Rosemead, ,48230462896,6668605.22753906,12908.8978406387
4582,482401,62896,Rosemead, ,48240162896,9034451.83398438,12521.0315686058
4583,482403,62896,Rosemead, ,48240362896,10351202.2714844,13108.9348203318
4584,482404,99037,Unincorporated,South San Gabriel,48240499037South San Gabriel,4868129.51953125,11663.3845530729
4585,482404,62896,Rosemead, ,48240462896,5206178.43261719,19928.3477905979
4586,482502,62896,Rosemead, ,48250262896,6861748.60546875,10484.3885019834
4587,482503,62896,Rosemead, ,48250362896,7761748.16601563,11315.0231969673
4588,482521,99037,Unincorporated,South San Gabriel,48252199037South San Gabriel,15765171.8886719,20788.9968699039
4589,482521,62896,Rosemead, ,48252162896,1018282.51660156,6601.4578292449
4590,482522,48816,Montebello, ,48252248816,11672388.3837891,18693.6762974014
4591,482522,99037,Unincorporated,South San Gabriel,48252299037South San Gabriel,2745786.3671875,12304.8531217908
4592,482522,62896,Rosemead, ,48252262896,3213208.23925781,7764.0912531304
4593,482600,48914,Monterey Park, ,48260048914,30629016.6201172,24647.9037245313
4594,482701,48914,Monterey Park, ,48270148914,13277332.3525391,25379.9045813965
4595,482702,48914,Monterey Park, ,48270248914,7731199.66992188,13987.8139556604
4596,482801,48914,Monterey Park, ,48280148914,34112734.9472656,30496.2529024695
4597,500100,99037,Unincorporated,La Habra Heights,50010099037La Habra Heights,4148923.42089844,9316.82869507827
4598,500202,99037,Unincorporated,Whittier,50020299037Whittier,720993.934570313,5102.77467056053
4599,500202,85292,Whittier, ,50020285292,67738426.5244141,40881.2189769389
4600,500203,85292,Whittier, ,50020385292,20120143.8105469,23364.1802881088
4601,500204,39304,La Habra Heights, ,50020439304,57188750.3232422,40535.5163245773
4602,500300,99037,Unincorporated,Whittier,50030099037Whittier,70314199.5273438,37940.4610879522
4603,500300,99037,Unincorporated,Whittier Narrows,50030099037Whittier Narrows,6697712.05078125,17205.9522491045
4604,500402,56924,Pico Rivera, ,50040256924,14380451.6162109,15363.1772343909
4605,500403,99037,Unincorporated,Sunrise Village,50040399037Sunrise Village,3194281.80273438,7918.71363296147
4606,500403,56924,Pico Rivera, ,50040356924,20405033.2539063,34370.6109238237
4607,500404,56924,Pico Rivera, ,50040456924,12618419.6650391,15075.5826962337
4608,500500,56924,Pico Rivera, ,50050056924,7200046.91796875,11805.2336274176
4609,500600,56924,Pico Rivera, ,50060056924,12734277.2441406,14762.357568984
4610,500700,56924,Pico Rivera, ,50070056924,34994466.4267578,25855.6786522299
4611,500800,56924,Pico Rivera, ,50080056924,20984287.0332031,19031.330104203
4612,500900,56924,Pico Rivera, ,50090056924,17104495.1738281,17149.886261307
4613,501001,99037,Unincorporated,West Whittier/Los Nietos,50100199037West Whittier/Los Nietos,7318199.70117188,11715.9729081997
4614,501002,99037,Unincorporated,West Whittier/Los Nietos,50100299037West Whittier/Los Nietos,14004684.3251953,21572.0201883094
4615,501200,85292,Whittier, ,50120085292,11301556.3007813,23167.3644282999
4616,501301,85292,Whittier, ,50130185292,9354664.89355469,15852.8461357539
4617,501302,85292,Whittier, ,50130285292,12306329.5751953,15423.6021376112
4618,501400,85292,Whittier, ,50140085292,11389818.2695313,15149.3646666678
4619,501501,99037,Unincorporated,Whittier,50150199037Whittier,37323982.4326172,31784.2100584137
4620,501501,85292,Whittier, ,50150185292,30632077.6591797,32471.7174383701
4621,501503,85292,Whittier, ,50150385292,8662975.8828125,12547.4179394809
4622,501504,85292,Whittier, ,50150485292,8024522.8984375,12467.4707484783
4623,501600,99037,Unincorporated,Hacienda Heights,50160099037Hacienda Heights,5613700.53710938,13697.0509320491
4624,501600,99037,Unincorporated,Whittier,50160099037Whittier,23809120.2226563,40331.3304122318
4625,501600,85292,Whittier, ,50160085292,81574167.2792969,52973.2251575257
4626,501700,85292,Whittier, ,50170085292,14986789.7744141,17080.8843545649
4627,501802,85292,Whittier, ,50180285292,8346718.906,13998.1163499976
4628,501803,85292,Whittier, ,50180385292,6377300.58203125,11123.2711884175
4629,501804,85292,Whittier, ,50180485292,5729971.03320313,11153.9292921404
4630,501900,85292,Whittier, ,50190085292,14999992.6132813,16925.3793672081
4631,502003,85292,Whittier, ,50200385292,6927747.36523438,10675.6063721813
4632,502004,85292,Whittier, ,50200485292,14376578.3398438,17789.3939430682
4633,502005,99037,Unincorporated,South Whittier,50200599037South Whittier,7285982.29980469,14399.5021538341
4634,502005,85292,Whittier, ,50200585292,3936322.13085938,12498.0913364292
4635,502100,99037,Unincorporated,West Whittier/Los Nietos,50210099037West Whittier/Los Nietos,10027381.2666016,17311.9592885056
4636,502200,99037,Unincorporated,West Whittier/Los Nietos,50220099037West Whittier/Los Nietos,17993543.1572266,20536.9035013653
4637,502303,69154,Santa Fe Springs, ,50230369154,4684321.69921875,20642.2145651267
4638,502401,56924,Pico Rivera, ,50240156924,10177289.2851563,13255.4828568946
4639,502402,56924,Pico Rivera, ,50240256924,9756749.67578125,12975.639052273
4640,502500,56924,Pico Rivera, ,50250056924,41101741.3974609,28408.6426156797
4641,502602,56924,Pico Rivera, ,50260256924,13612763.6884766,16477.140835387
4642,502603,56924,Pico Rivera, ,50260356924,10608907.4423828,14442.0226908169
4643,502604,56924,Pico Rivera, ,50260456924,10585229.7421875,17304.00312
4644,502700,69154,Santa Fe Springs, ,50270069154,74713502.7285156,44439.2992124114
4645,502801,69154,Santa Fe Springs, ,50280169154,23977023.4941406,19854.9240390195
4646,502901,69154,Santa Fe Springs, ,50290169154,904674.807617188,4814.2517983737
4647,503000,99037,Unincorporated,South Whittier,50300099037South Whittier,12848309.0908203,20852.2388189386
4648,503103,99037,Unincorporated,South Whittier,50310399037South Whittier,11725029.8486328,15490.8214246335
4649,503104,99037,Unincorporated,South Whittier,50310499037South Whittier,5902689.23535156,10944.8238105416
4650,503105,99037,Unincorporated,South Whittier,50310599037South Whittier,11908899.2851563,16801.935460255
4651,503106,99037,Unincorporated,South Whittier,50310699037South Whittier,9869585.72460938,14484.2146415973
4652,503201,99037,Unincorporated,South Whittier,50320199037South Whittier,14476499.8779297,15142.2096680167
4653,503202,99037,Unincorporated,South Whittier,50320299037South Whittier,12282034.2373047,15954.9691747081
4654,503301,85292,Whittier, ,50330185292,11748361.5351563,14413.4630204557
4655,503302,99037,Unincorporated,South Whittier,50330299037South Whittier,16639947.9658203,17791.2214358653
4656,503401,85292,Whittier, ,50340185292,20997867.4238281,18827.4419034286
4657,503402,85292,Whittier, ,50340285292,17409986.5097656,17814.1040995746
4658,503501,99037,Unincorporated,South Whittier,50350199037South Whittier,15993414.7705078,21255.6040394557
4659,503501,85292,Whittier, ,50350185292,597248.533203125,3268.86032186504
4660,503502,99037,Unincorporated,South Whittier,50350299037South Whittier,8569496.27441406,11968.7108894523
4661,503502,85292,Whittier, ,50350285292,4465343.42089844,9860.27744651532
4662,503601,40032,La Mirada, ,50360140032,15030305.4345703,16826.1242827964
4663,503602,40032,La Mirada, ,50360240032,35546688.7207031,25662.2470500142
4664,503701,99037,Unincorporated,East Whittier,50370199037East Whittier,12564182.3017578,15637.0583220534
4665,503702,99037,Unincorporated,East La Mirada,50370299037East La Mirada,18016578.7509766,19141.8331414118
4666,503704,40032,La Mirada, ,50370440032,16195548.3681641,18479.9940823953
4667,503705,40032,La Mirada, ,50370540032,12570703.7294922,17971.600431243
4668,503801,40032,La Mirada, ,50380140032,13796651.8232422,18407.2631729612
4669,503802,40032,La Mirada, ,50380240032,14262475.4121094,15640.5618456388
4670,503901,40032,La Mirada, ,50390140032,9749096.14355469,16160.4044116379
4671,503902,40032,La Mirada, ,50390240032,56734416.5869141,35106.924307965
4672,504001,40032,La Mirada, ,50400140032,14953814.4658203,18132.7502323504
4673,504002,40032,La Mirada, ,50400240032,16680208.9472656,17919.7868345412
4674,504101,40032,La Mirada, ,50410140032,13213401.6064453,15887.6855617103
4675,504200,69154,Santa Fe Springs, ,50420069154,71816618.8857422,60226.2901608082
4676,504200,85292,Whittier, ,50420085292,2057313.36425781,9291.78700217737
4677,530005,48816,Montebello, ,53000548816,24562714.0234375,30539.1789841477
4678,530006,48816,Montebello, ,53000648816,7110648.26855469,13236.9881662104
4679,530007,48816,Montebello, ,53000748816,50731056.7412109,31267.7712621172
4680,530007,62896,Rosemead, ,53000762896,1565909.09960938,6064.08528990976
4681,530101,48816,Montebello, ,53010148816,10894023.5371094,14060.7263657319
4682,530102,48816,Montebello, ,53010248816,14231463.9404297,15917.588952836
4683,530202,48816,Montebello, ,53020248816,18307543.1181641,21931.1717252356
4684,530203,48816,Montebello, ,53020348816,7927039.74511719,14377.3130504997
4685,530204,48816,Montebello, ,53020448816,7211062.69433594,11616.5110473948
4686,530301,99037,Unincorporated,East Los Angeles,53030199037East Los Angeles,6288819.6015625,11122.5904052241
4687,530302,99037,Unincorporated,East Los Angeles,53030299037East Los Angeles,9199977.03320313,13439.9089913771
4688,530400,48914,Monterey Park, ,53040048914,9261008.00097656,15424.4790596135
4689,530400,99037,Unincorporated,East Los Angeles,53040099037East Los Angeles,7352537.37890625,16377.4821308723
4690,530500,99037,Unincorporated,East Los Angeles,53050099037East Los Angeles,9691385.43066406,12767.0878727585
4691,530603,99037,Unincorporated,East Los Angeles,53060399037East Los Angeles,13318985.1640625,17014.6602282446
4692,530700,99037,Unincorporated,East Los Angeles,53070099037East Los Angeles,11413032.2548828,17856.3832944293
4693,530801,99037,Unincorporated,East Los Angeles,53080199037East Los Angeles,8277894.9765625,14510.235381391
4694,530802,99037,Unincorporated,East Los Angeles,53080299037East Los Angeles,6095697.31347656,14532.8471362788
4695,530901,99037,Unincorporated,East Los Angeles,53090199037East Los Angeles,4757312.22558594,8718.3312714723
4696,530902,99037,Unincorporated,East Los Angeles,53090299037East Los Angeles,5630417.65917969,11786.809019947
4697,531000,99037,Unincorporated,East Los Angeles,53100099037East Los Angeles,10778819.2207031,15849.1890855207
4698,531101,99037,Unincorporated,East Los Angeles,53110199037East Los Angeles,7543213.20898438,12215.4057404779
4699,531102,99037,Unincorporated,East Los Angeles,53110299037East Los Angeles,5364479.16699219,9846.62180828829
4700,531201,99037,Unincorporated,East Los Angeles,53120199037East Los Angeles,5974557.67578125,11134.6168952262
4701,531202,99037,Unincorporated,East Los Angeles,53120299037East Los Angeles,4813842.14257813,10570.8383388481
4702,531301,99037,Unincorporated,East Los Angeles,53130199037East Los Angeles,8495506.71582031,15287.9092332934
4703,531302,99037,Unincorporated,East Los Angeles,53130299037East Los Angeles,9614893.406,15734.6621259813
4704,531502,99037,Unincorporated,East Los Angeles,53150299037East Los Angeles,4607056.23144531,8860.17897494425
4705,531503,99037,Unincorporated,East Los Angeles,53150399037East Los Angeles,12515704.2871094,14516.8465006515
4706,531504,99037,Unincorporated,East Los Angeles,53150499037East Los Angeles,5411956.41894531,10726.4176513849
4707,531602,99037,Unincorporated,East Los Angeles,53160299037East Los Angeles,4781797.57617188,10118.7376091886
4708,531603,99037,Unincorporated,East Los Angeles,53160399037East Los Angeles,4672132.26074219,8755.23678435395
4709,531604,99037,Unincorporated,East Los Angeles,53160499037East Los Angeles,3947756.52734375,8092.73617210654
4710,531701,99037,Unincorporated,East Los Angeles,53170199037East Los Angeles,6962606.52734375,11595.3080335142
4711,531702,99037,Unincorporated,East Los Angeles,53170299037East Los Angeles,6933057.01269531,12036.6517265409
4712,531800,99037,Unincorporated,East Los Angeles,53180099037East Los Angeles,6586725.89941406,12699.6505369646
4713,531901,99037,Unincorporated,East Los Angeles,53190199037East Los Angeles,8206422.23144531,11716.530957596
4714,531902,48816,Montebello, ,53190248816,333250.646484375,3175.29245869801
4715,531902,99037,Unincorporated,East Los Angeles,53190299037East Los Angeles,7192298.71582031,11254.4109317706
4716,532001,48816,Montebello, ,53200148816,14567695.3681641,17203.8380914567
4717,532002,48816,Montebello, ,53200248816,8971861.98632813,14983.5230166609
4718,532101,48816,Montebello, ,53210148816,15436208.2753906,15617.9883871513
4719,532102,48816,Montebello, ,53210248816,10994586.6015625,13654.9669186803
4720,532200,48816,Montebello, ,53220048816,30271258.3242188,27116.200503324
4721,532302,14974,Commerce, ,53230214974,35850921.0527344,31586.9011508309
4722,532303,14974,Commerce, ,53230314974,81726573.6113281,45834.3155865059
4723,532304,04870,Bell, ,53230404870,21881305.5214844,28606.6225514138
4724,532304,14974,Commerce, ,53230414974,65127200.1230469,53375.2187819181
4725,532500,36056,Huntington Park, ,53250036056,10932647.0566406,19172.5524217246
4726,532605,36056,Huntington Park, ,53260536056,5645956.5390625,10365.9464294899
4727,532606,36056,Huntington Park, ,53260636056,3000929.65039063,7849.60100521163
4728,532607,36056,Huntington Park, ,53260736056,11938942.2529297,14249.8727878033
4729,532700,99037,Unincorporated,Florence-Firestone,53270099037Florence-Firestone,6254983.8203125,12313.1812608325
4730,532800,99037,Unincorporated,Florence-Firestone,53280099037Florence-Firestone,5835220.00683594,9949.57034504792
4731,532900,99037,Unincorporated,Florence-Firestone,53290099037Florence-Firestone,8130013.63476563,11846.7979548588
4732,533001,99037,Unincorporated,Florence-Firestone,53300199037Florence-Firestone,5141750.26367188,11048.5270183028
4733,533002,99037,Unincorporated,Florence-Firestone,53300299037Florence-Firestone,3072968.65039063,7548.87594590624
4734,533103,36056,Huntington Park, ,53310336056,5891428.11523438,11008.2263665067
4735,533104,36056,Huntington Park, ,53310436056,3683673.76269531,7692.14622610714
4736,533105,36056,Huntington Park, ,53310536056,2054755.609,5798.47327420851
4737,533108,36056,Huntington Park, ,53310836056,6958445.44824219,13478.542274905
4738,533201,36056,Huntington Park, ,53320136056,4050061.10644531,9332.54733792553
4739,533204,36056,Huntington Park, ,53320436056,7674355.55273438,13474.5132749781
4740,533300,46492,Maywood, ,53330046492,3471495.90234375,8592.20796546944
4741,533300,99037,Unincorporated,Bandini Islands,53330099037Bandini Islands,308631.51953125,5464.75587356551
4742,533401,46492,Maywood, ,53340146492,5091475.141,11249.0044774059
4743,533402,46492,Maywood, ,53340246492,5226896.29003906,9805.90725453387
4744,533403,46492,Maywood, ,53340346492,5097803.37402344,12399.0230350844
4745,533501,36056,Huntington Park, ,53350136056,4501882.09570313,8850.88595449394
4746,533504,36056,Huntington Park, ,53350436056,4384291.3984375,8484.88288754443
4747,533601,04870,Bell, ,53360104870,5954755.78613281,12343.9755936573
4748,533602,04870,Bell, ,53360204870,7546745.50683594,14342.8826217767
4749,533603,04870,Bell, ,53360304870,8704196.09277344,16173.2518232815
4750,533701,46492,Maywood, ,53370146492,4314050.98242188,8325.95260077614
4751,533702,46492,Maywood, ,53370246492,3464777.72753906,7557.44768245629
4752,533703,46492,Maywood, ,53370346492,6173131.40429688,11111.2399200763
4753,533803,04870,Bell, ,53380304870,8463775.91308594,15506.9028971223
4754,533804,04870,Bell, ,53380404870,5518914.23339844,11159.8748057635
4755,533805,04870,Bell, ,53380504870,4778976.09472656,11042.2847674436
4756,533806,04870,Bell, ,53380604870,10180524.1054688,19299.0629901108
4757,533901,04996,Bell Gardens, ,53390104996,8210589.83398438,15710.3831559464
4758,533902,04996,Bell Gardens, ,53390204996,8197064.9921875,14494.226512076
4759,534001,04996,Bell Gardens, ,53400104996,8448747.30664063,13448.4956132901
4760,534002,04996,Bell Gardens, ,53400204996,9677529.8046875,16887.1680249948
4761,534101,04996,Bell Gardens, ,53410104996,5525997.328,14540.7959174459
4762,534102,04996,Bell Gardens, ,53410204996,8610480.03613281,14786.6271241238
4763,534201,04996,Bell Gardens, ,53420104996,5523622.14941406,10341.6601074596
4764,534202,04996,Bell Gardens, ,53420204996,6276261.33789063,11474.4770361198
4765,534203,04996,Bell Gardens, ,53420304996,8256418.23535156,14670.521602413
4766,534301,17498,Cudahy, ,53430117498,9325939.74414063,14331.0425151958
4767,534302,17498,Cudahy, ,53430217498,6660953.40039063,12910.1473756259
4768,534403,17498,Cudahy, ,53440317498,3481299.54394531,8483.38797468142
4769,534404,17498,Cudahy, ,53440417498,4446029.391,9559.66312074431
4770,534405,17498,Cudahy, ,53440517498,5697250.02734375,10536.6887039455
4771,534406,17498,Cudahy, ,53440617498,4652210.67675781,11087.6442795854
4772,534501,36056,Huntington Park, ,53450136056,7206794.86230469,11041.0661401234
4773,534502,36056,Huntington Park, ,53450236056,6099817.625,13876.688731978
4774,534700,99037,Unincorporated,Walnut Park,53470099037Walnut Park,5991499.54296875,9914.13659989553
4775,534802,99037,Unincorporated,Walnut Park,53480299037Walnut Park,4338750.23339844,8742.04228455564
4776,534803,99037,Unincorporated,Walnut Park,53480399037Walnut Park,6587292.63085938,14748.8337072662
4777,534804,99037,Unincorporated,Walnut Park,53480499037Walnut Park,3959649.18359375,9230.73365088397
4778,534900,99037,Unincorporated,Florence-Firestone,53490099037Florence-Firestone,11269822.7226563,14932.2300665708
4779,535001,99037,Unincorporated,Florence-Firestone,53500199037Florence-Firestone,4748181.81347656,8784.21454591965
4780,535002,99037,Unincorporated,Florence-Firestone,53500299037Florence-Firestone,5202419.50976563,9330.28127232429
4781,535101,99037,Unincorporated,Florence-Firestone,53510199037Florence-Firestone,12095663.6074219,16401.7623891653
4782,535102,99037,Unincorporated,Florence-Firestone,53510299037Florence-Firestone,6365763.30175781,12479.1483663833
4783,535200,99037,Unincorporated,Florence-Firestone,53520099037Florence-Firestone,9300111.42871094,17894.5448665702
4784,535300,99037,Unincorporated,Florence-Firestone,53530099037Florence-Firestone,11648619.9716797,16755.8955974812
4785,535400,99037,Unincorporated,Florence-Firestone,53540099037Florence-Firestone,8200813.89746094,15938.5945809323
4786,535501,73080,South Gate, ,53550173080,5299257.18164063,12021.4100011598
4787,535502,73080,South Gate, ,53550273080,5084033.95214844,9065.9932334942
4788,535503,73080,South Gate, ,53550373080,3416350.04003906,7664.37637203442
4789,535603,73080,South Gate, ,53560373080,8429441.422,15244.7050145782
4790,535604,73080,South Gate, ,53560473080,4752511.39941406,9735.32857785181
4791,535605,73080,South Gate, ,53560573080,5040814.65332031,9019.77451523276
4792,535606,73080,South Gate, ,53560673080,1991200.07324219,7488.15394081786
4793,535607,73080,South Gate, ,53560773080,10061026.3808594,14284.6135569631
4794,535701,73080,South Gate, ,53570173080,8291013.50976563,12497.0668108262
4795,535702,73080,South Gate, ,53570273080,10491977.3144531,13532.530700112
4796,535802,73080,South Gate, ,53580273080,8570821.016,12428.6661155996
4797,535803,73080,South Gate, ,53580373080,4549243.23046875,8616.07671286013
4798,535804,73080,South Gate, ,53580473080,5283458.172,9663.64763998224
4799,535901,73080,South Gate, ,53590173080,9046374.49707031,13206.0204001277
4800,535902,73080,South Gate, ,53590273080,10940429.8691406,13508.5666856946
4801,536000,73080,South Gate, ,53600073080,14071927.5185547,16128.1069885576
4802,536102,73080,South Gate, ,53610273080,33092270.6572266,27736.9726336484
4803,536103,73080,South Gate, ,53610373080,12729159.9609375,16316.6851518026
4804,536104,73080,South Gate, ,53610473080,21093300.4306641,26144.8354529425
4805,536201,73080,South Gate, ,53620173080,12752390.3154297,20168.2365504041
4806,536201,99037,Unincorporated,Lynwood,53620199037Lynwood,3630186.88574219,10651.2031230781
4807,536202,73080,South Gate, ,53620273080,9977744.41992188,19802.785506109
4808,540000,44574,Lynwood, ,54000044574,15755956.3203125,17465.31972
4809,540101,44574,Lynwood, ,54010144574,13432609.7832031,17333.5693950119
4810,540102,44574,Lynwood, ,54010244574,13461857.5449219,15522.6319542184
4811,540201,44574,Lynwood, ,54020144574,2852286.719,10221.3270633776
4812,540202,44574,Lynwood, ,54020244574,8119530.70703125,12491.5706896455
4813,540203,44574,Lynwood, ,54020344574,9701680.29492188,13117.420816008
4814,540300,44574,Lynwood, ,54030044574,16541636.9853516,21871.2805709658
4815,540400,99037,Unincorporated,Willowbrook,54040099037Willowbrook,3557589.75585938,8228.66342204318
4816,540501,44574,Lynwood, ,54050144574,15634406.203125,19066.4561610303
4817,540502,44574,Lynwood, ,54050244574,6466297.969,11186.7323489746
4818,540600,99037,Unincorporated,Willowbrook,54060099037Willowbrook,10005795.9658203,12851.0658755086
4819,540700,99037,Unincorporated,Willowbrook,54070099037Willowbrook,12325843.8349609,16128.0150456992
4820,540800,99037,Unincorporated,Willowbrook,54080099037Willowbrook,21503823.6669922,26469.4058901437
4821,540901,99037,Unincorporated,Athens Village,54090199037Athens Village,12569481.2421875,15754.8117446428
4822,540902,99037,Unincorporated,Willowbrook,54090299037Willowbrook,27089744.3271484,20797.0937856558
4823,541003,99037,Unincorporated,Rosewood/East Gardena,54100399037Rosewood/East Gardena,27911215.3007813,21453.4246720983
4824,541003,11530,Carson, ,54100311530,36838778.7089844,25834.0809247668
4825,541100,99037,Unincorporated,Rosewood/West Rancho Dominguez,54110099037Rosewood/West Rancho Dominguez,12928935.8203125,15567.6808492558
4826,541100,15044,Compton, ,54110015044,440684.510742188,6698.68025414164
4827,541200,15044,Compton, ,54120015044,17249722.9404297,24346.4427182069
4828,541300,15044,Compton, ,54130015044,14571627.2285156,16263.2378799992
4829,541401,99037,Unincorporated,Willowbrook,54140199037Willowbrook,6201456.95507813,11085.0319091706
4830,541402,99037,Unincorporated,Willowbrook,54140299037Willowbrook,3730048.55371094,8311.11598528767
4831,541500,99037,Unincorporated,Willowbrook,54150099037Willowbrook,9239603.77441406,13240.3447738184
4832,541603,15044,Compton, ,54160315044,13385368.9921875,20624.1900340591
4833,541604,15044,Compton, ,54160415044,8939514.24609375,12196.583156731
4834,541605,15044,Compton, ,54160515044,9395213.71191406,14023.7394468804
4835,541606,15044,Compton, ,54160615044,3686961.609,8136.61159745106
4836,541700,44574,Lynwood, ,54170044574,15092986.3144531,17606.8989885063
4837,541801,44574,Lynwood, ,54180144574,7058206.90722656,16071.2135733687
4838,541802,99037,Unincorporated,East Rancho Dominguez,54180299037East Rancho Dominguez,590467.232421875,3324.09550348086
4839,541802,44574,Lynwood, ,54180244574,10891920.03,14753.9633614145
4840,542000,99037,Unincorporated,East Rancho Dominguez,54200099037East Rancho Dominguez,384868.473632813,5683.58484633077
4841,542000,15044,Compton, ,54200015044,10099588.2949219,15224.515562999
4842,542103,99037,Unincorporated,East Rancho Dominguez,54210399037East Rancho Dominguez,5533280.84667969,12529.5130643429
4843,542104,15044,Compton, ,54210415044,1656228.70703125,15053.6014897136
4844,542105,15044,Compton, ,54210515044,4693968.44140625,10753.4826788249
4845,542106,99037,Unincorporated,East Rancho Dominguez,54210699037East Rancho Dominguez,4484680.93554688,10775.8420887401
4846,542106,15044,Compton, ,54210615044,4849224.13183594,17066.4378731064
4847,542200,99037,Unincorporated,East Rancho Dominguez,54220099037East Rancho Dominguez,5489572.03222656,11547.7708164206
4848,542200,15044,Compton, ,54220015044,9486011.63378906,27658.2936788578
4849,542401,15044,Compton, ,54240115044,13922723.5322266,15743.5117941784
4850,542402,15044,Compton, ,54240215044,17855506.4248047,22943.0252412289
4851,542501,15044,Compton, ,54250115044,6299376.09082031,12011.249799834
4852,542502,15044,Compton, ,54250215044,10710026.5429688,14205.219282898
4853,542601,15044,Compton, ,54260115044,5886033.50683594,10426.6181462526
4854,542602,15044,Compton, ,54260215044,9372007.05664063,12375.1207216798
4855,542700,15044,Compton, ,54270015044,10727754.8701172,13611.8129496911
4856,542800,15044,Compton, ,54280015044,8618901.28417969,11931.1863098407
4857,542900,15044,Compton, ,54290015044,8689043.44628906,14276.8408034421
4858,543000,99037,Unincorporated,West Rancho Dominguez,54300099037West Rancho Dominguez,5118714.8203125,10389.1847461331
4859,543000,15044,Compton, ,54300015044,9005331.82128906,12917.7208954727
4860,543100,11530,Carson, ,54310011530,17054772.5458984,24698.2246825059
4861,543201,15044,Compton, ,54320115044,10876948.3476563,13363.8531080877
4862,543203,15044,Compton, ,54320315044,39977170.9169922,34593.6749344473
4863,543304,11530,Carson, ,54330411530,17321468.5917969,16695.5682978908
4864,543305,99037,Unincorporated,Rancho Dominguez,54330599037Rancho Dominguez,75301726.8925781,41389.9382329495
4865,543305,15044,Compton, ,54330515044,15294630.5302734,19419.4116339386
4866,543306,11530,Carson, ,54330611530,38439810.3681641,28600.2198455608
4867,543321,11530,Carson, ,54332111530,45714289.3203125,30073.8953493796
4868,543322,11530,Carson, ,54332211530,21143067.8496094,18326.7830045849
4869,543400,11530,Carson, ,54340011530,33350108.4609375,27001.6890407966
4870,543501,99037,Unincorporated,West Carson,54350199037West Carson,5035566.15234375,14490.2289202898
4871,543501,11530,Carson, ,54350111530,23653105.0332031,27781.7157926168
4872,543502,99037,Unincorporated,West Carson,54350299037West Carson,12078204.7001953,15800.8352875017
4873,543503,99037,Unincorporated,West Carson,54350399037West Carson,18100395.0634766,20147.1302916286
4874,543601,11530,Carson, ,54360111530,6932875.73144531,10848.9436273048
4875,543603,99037,Unincorporated,West Carson,54360399037West Carson,16294847.7929688,17866.2678405465
4876,543605,99037,Unincorporated,West Carson,54360599037West Carson,10375756.9804688,13293.5346987481
4877,543606,99037,Unincorporated,West Carson,54360699037West Carson,7246839.57910156,11263.62136
4878,543607,11530,Carson, ,54360711530,14179988.8066406,14916.9602607156
4879,543701,11530,Carson, ,54370111530,6840851.00683594,11169.8457915993
4880,543703,11530,Carson, ,54370311530,11163593.0322266,13615.3334972781
4881,543704,11530,Carson, ,54370411530,7204938.56152344,15456.4095181478
4882,543705,11530,Carson, ,54370511530,6956250.54394531,10920.5141235236
4883,543801,11530,Carson, ,54380111530,23724203.7597656,22472.57663
4884,543803,11530,Carson, ,54380311530,8134672.25,15554.4551862352
4885,543804,11530,Carson, ,54380411530,6461864.08984375,12895.5990894423
4886,543903,11530,Carson, ,54390311530,14602682.9785156,21539.4761190461
4887,543905,11530,Carson, ,54390511530,29538516.4912109,24258.1930925091
4888,544001,11530,Carson, ,54400111530,20194073.5205078,19602.9632626255
4889,544002,43000,Long Beach, ,54400243000,9599563.21191406,14641.4713996519
4890,550101,52526,Norwalk, ,55010152526,7799170.62109375,11352.2620399315
4891,550201,52526,Norwalk, ,55020152526,5686927.33886719,11940.9622804569
4892,550202,52526,Norwalk, ,55020252526,13564231.578125,16690.6728443468
4893,550301,52526,Norwalk, ,55030152526,17832301.7158203,17511.6102425676
4894,550501,19766,Downey, ,55050119766,9557964.875,17015.4728316006
4895,550502,19766,Downey, ,55050219766,19125483.41,19201.3543026079
4896,550601,19766,Downey, ,55060119766,12602704.9628906,14576.2687054113
4897,550602,19766,Downey, ,55060219766,15898858.7177734,16653.7687288951
4898,550700,19766,Downey, ,55070019766,23977411.6220703,22064.5008065476
4899,550801,19766,Downey, ,55080119766,17083758.0849609,17087.3321995253
4900,550802,19766,Downey, ,55080219766,14128101.0087891,16715.7074866559
4901,550901,19766,Downey, ,55090119766,12117429.4121094,15191.9501959095
4902,550902,19766,Downey, ,55090219766,10415467.4941406,14238.0953723527
4903,551001,19766,Downey, ,55100119766,15477363.4150391,20771.1315372001
4904,551002,19766,Downey, ,55100219766,10463829.0458984,14625.5101998096
4905,551101,19766,Downey, ,55110119766,18153131.3876953,22027.85449
4906,551102,19766,Downey, ,55110219766,18175978.5615234,20638.1826640095
4907,551201,19766,Downey, ,55120119766,8490012.86132813,12891.1781776259
4908,551203,19766,Downey, ,55120319766,7780195.07128906,12034.6894329609
4909,551204,19766,Downey, ,55120419766,7301463.94921875,12369.8455686981
4910,551300,19766,Downey, ,55130019766,16471450.9306641,16647.2731664746
4911,551401,19766,Downey, ,55140119766,7796268.203,11667.1603589897
4912,551402,19766,Downey, ,55140219766,12442628.6757813,13893.1225890304
4913,551501,19766,Downey, ,55150119766,15877473.9482422,18350.4973507927
4914,551502,19766,Downey, ,55150219766,11852744.6806641,18386.9044960933
4915,551700,19766,Downey, ,55170019766,13983673.2255859,15857.2251556438
4916,551801,19766,Downey, ,55180119766,12312359.6884766,14542.6007822603
4917,551802,19766,Downey, ,55180219766,11708704.2714844,14356.8689351344
4918,551900,52526,Norwalk, ,55190052526,16888548.0185547,17327.9950146088
4919,552001,52526,Norwalk, ,55200152526,8641585.17382813,12380.4876642669
4920,552002,52526,Norwalk, ,55200252526,7606450.16601563,11571.4707662524
4921,552100,52526,Norwalk, ,55210052526,15736327.6201172,17538.1517761266
4922,552200,52526,Norwalk, ,55220052526,18178139.046875,22342.0286590706
4923,552301,52526,Norwalk, ,55230152526,13472889.703125,17428.6073965279
4924,552302,52526,Norwalk, ,55230252526,10355333.1445313,15090.2834240187
4925,552400,52526,Norwalk, ,55240052526,10266965.5380859,15913.1339321436
4926,552601,52526,Norwalk, ,55260152526,7657744.43359375,11109.5332498049
4927,552602,52526,Norwalk, ,55260252526,14808273.5986328,16692.1631375153
4928,552700,52526,Norwalk, ,55270052526,14812442.2734375,16506.6015516775
4929,552800,52526,Norwalk, ,55280052526,13926654.4746094,15865.658275588
4930,552900,52526,Norwalk, ,55290052526,14102743.3935547,15994.7681181856
4931,553000,52526,Norwalk, ,55300052526,13680252.9316406,16325.4465309717
4932,553100,04982,Bellflower, ,55310004982,22089635.9208984,22784.7319775958
4933,553201,04982,Bellflower, ,55320104982,11139978.5517578,15653.5338984715
4934,553202,04982,Bellflower, ,55320204982,9542963.58691406,12863.0043204127
4935,553300,04982,Bellflower, ,55330004982,9144650.15136719,14282.1451334249
4936,553400,19766,Downey, ,55340019766,7848027.78417969,11769.9592823588
4937,553502,55618,Paramount, ,55350255618,13558374.7128906,15387.140502354
4938,553503,55618,Paramount, ,55350355618,4547103.23730469,9524.60862386134
4939,553504,55618,Paramount, ,55350455618,6867455.25097656,13784.3557040104
4940,553601,55618,Paramount, ,55360155618,23365313.703125,28079.5138345829
4941,553602,55618,Paramount, ,55360255618,6470814.141,10961.2192340189
4942,553701,55618,Paramount, ,55370155618,11793516.2851563,18818.1457756555
4943,553702,55618,Paramount, ,55370255618,10082234.5292969,20007.1593742693
4944,553801,55618,Paramount, ,55380155618,13938332.5283203,15855.2081541089
4945,553802,55618,Paramount, ,55380255618,18825104.6806641,24396.8833834617
4946,553901,55618,Paramount, ,55390155618,13676075.5644531,15710.3117061975
4947,553902,55618,Paramount, ,55390255618,11273524.0605469,14741.7109278038
4948,554001,04982,Bellflower, ,55400104982,11655206.3857422,16116.5887962688
4949,554002,04982,Bellflower, ,55400204982,13736168.4726563,20585.64997
4950,554101,04982,Bellflower, ,55410104982,5101466.37402344,12582.3074567599
4951,554105,04982,Bellflower, ,55410504982,3629641.76757813,10099.8739517881
4952,554106,04982,Bellflower, ,55410604982,7890983.953,14111.3149456027
4953,554201,04982,Bellflower, ,55420104982,10454172.2197266,13185.9658345873
4954,554203,04982,Bellflower, ,55420304982,7366189.74316406,13833.0535292834
4955,554204,04982,Bellflower, ,55420404982,7097740.70117188,12961.7702237587
4956,554301,04982,Bellflower, ,55430104982,7322683.56152344,14322.4808064669
4957,554302,04982,Bellflower, ,55430204982,7831443.23828125,11196.0088569566
4958,554403,04982,Bellflower, ,55440304982,9050469.20996094,12198.9128790438
4959,554404,04982,Bellflower, ,55440404982,9060892.14453125,12137.9095020525
4960,554405,04982,Bellflower, ,55440504982,8240493.05078125,11743.2767378781
4961,554406,04982,Bellflower, ,55440604982,12012981.5166016,16001.9626348937
4962,554511,12552,Cerritos, ,55451112552,25505532.9296875,19932.7429563409
4963,554512,12552,Cerritos, ,55451212552,41271046.8535156,26491.727608526
4964,554513,12552,Cerritos, ,55451312552,6092268.016,10508.0375924349
4965,554514,12552,Cerritos, ,55451412552,16228189.4960938,21747.9295396411
4966,554515,12552,Cerritos, ,55451512552,12919808.4462891,16400.4542919089
4967,554516,12552,Cerritos, ,55451612552,15647136.3544922,21462.7637638048
4968,554517,12552,Cerritos, ,55451712552,14228768.7099609,15917.434652064
4969,554518,12552,Cerritos, ,55451812552,19453616.0195313,21284.6984023314
4970,554519,12552,Cerritos, ,55451912552,18646812.5136719,19581.1234461972
4971,554521,12552,Cerritos, ,55452112552,53191018.8388672,38649.073371642
4972,554522,12552,Cerritos, ,55452212552,23613815.2333984,20803.6539530476
4973,554600,99037,Unincorporated,Cerritos,55460099037Cerritos,841559.7109,3992.81758864985
4974,554600,52526,Norwalk, ,55460052526,10521354.2021484,13240.9899244179
4975,554700,52526,Norwalk, ,55470052526,8638443.73925781,13800.0640305595
4976,554801,02896,Artesia, ,55480102896,9729846.81054688,15150.8085680224
4977,554802,02896,Artesia, ,55480202896,16510946.7167969,19114.147123487
4978,554900,02896,Artesia, ,55490002896,18964136.7373047,25780.7328497189
4979,555001,39892,Lakewood, ,55500139892,13906383.3056641,17493.5865271363
4980,555002,39892,Lakewood, ,55500239892,9842898.76660156,12962.5125097606
4981,555105,39892,Lakewood, ,55510539892,11913059.2558594,18487.5220848968
4982,555106,32506,Hawaiian Gardens, ,55510632506,9463059.469,14505.7672336703
4983,555107,39892,Lakewood, ,55510739892,12583717.5273438,19245.6995066061
4984,555107,99037,Unincorporated,Lakewood,55510799037Lakewood,984933.099609375,5919.98463326139
4985,555202,43000,Long Beach, ,55520243000,11883898.7216797,17710.3939230774
4986,555211,32506,Hawaiian Gardens, ,55521132506,8465441.99511719,11825.8455915212
4987,555212,32506,Hawaiian Gardens, ,55521232506,8714539.74804688,14103.7142015445
4988,555300,52526,Norwalk, ,55530052526,18414245.515625,20618.875097043
4989,570001,39892,Lakewood, ,57000139892,16461539.1201172,17474.7457740385
4990,570002,39892,Lakewood, ,57000239892,8377493.80859375,11625.6953874055
4991,570003,39892,Lakewood, ,57000339892,12320882.0917969,14214.4517259419
4992,570100,43000,Long Beach, ,57010043000,12480981.2451172,14709.6528408957
4993,570202,43000,Long Beach, ,57020243000,18121895.078125,19074.819769225
4994,570203,43000,Long Beach, ,57020343000,14113496.2011719,15873.5534044033
4995,570204,43000,Long Beach, ,57020443000,5832913.25390625,9865.46956310176
4996,570303,43000,Long Beach, ,57030343000,6631187.68066406,11564.9582276327
4997,570304,43000,Long Beach, ,57030443000,6152458.77148438,13783.2819921557
4998,570305,43000,Long Beach, ,57030543000,7943494.68359375,17670.0305137931
4999,570306,43000,Long Beach, ,57030643000,5015482.99804688,8854.16498611016
5000,570402,43000,Long Beach, ,57040243000,16155069.3007813,20139.3364431137
5001,570403,43000,Long Beach, ,57040343000,6140815.41113281,10547.6439171013
5002,570404,43000,Long Beach, ,57040443000,9287530.67675781,15589.6834418276
5003,570502,43000,Long Beach, ,57050243000,21506057.9501953,19952.4514600237
5004,570503,43000,Long Beach, ,57050343000,5801559.15722656,9875.56068414917
5005,570504,43000,Long Beach, ,57050443000,10194112.5507813,12940.7283339929
5006,570601,43000,Long Beach, ,57060143000,8400874.36914063,12347.7076987043
5007,570602,43000,Long Beach, ,57060243000,11196460.0703125,14045.6305238552
5008,570603,43000,Long Beach, ,57060343000,7911182.047,12125.1919318367
5009,570701,39892,Lakewood, ,57070139892,19089578.0019531,21074.9214780084
5010,570703,39892,Lakewood, ,57070339892,10076822.0419922,13464.3614898861
5011,570800,39892,Lakewood, ,57080039892,25824103.7832031,20495.8175794118
5012,570901,39892,Lakewood, ,57090139892,19543404.2998047,18504.4826818621
5013,570902,39892,Lakewood, ,57090239892,11365547.7685547,14170.0207314516
5014,571000,39892,Lakewood, ,57100039892,18882931.2832031,17792.8439371354
5015,571101,39892,Lakewood, ,57110139892,14280586.0585938,15911.9183014507
5016,571102,39892,Lakewood, ,57110239892,13554782.9638672,15661.2150541869
5017,571201,43000,Long Beach, ,57120143000,14218207.4423828,16030.9188703372
5018,571202,43000,Long Beach, ,57120243000,14167734.5068359,16119.8273561225
5019,571300,39892,Lakewood, ,57130039892,22103234.4013672,19045.6272436527
5020,571400,39892,Lakewood, ,57140039892,20655327.0722656,24593.5742587322
5021,571502,43000,Long Beach, ,57150243000,14822500.3056641,16163.2407355889
5022,571504,43000,Long Beach, ,57150443000,16223898.1699219,16679.5593995899
5023,571505,43000,Long Beach, ,57150543000,7066717.10253906,11079.5095606112
5024,571600,43000,Long Beach, ,57160043000,3110981.35449219,9701.61516760052
5025,571701,43000,Long Beach, ,57170143000,20576448.7529297,24667.6332622808
5026,571703,43000,Long Beach, ,57170343000,4278789.18652344,9704.74965203459
5027,571704,43000,Long Beach, ,57170443000,5184199.90820313,11195.9254802832
5028,571800,43000,Long Beach, ,57180043000,30573829.9453125,26529.1979179559
5029,571900,43000,Long Beach, ,57190043000,20836462.9755859,23758.208130829
5030,572001,39892,Lakewood, ,57200139892,2745704.67871094,7442.96553411291
5031,572201,43000,Long Beach, ,57220143000,16782629.8925781,18475.2471513465
5032,572202,43000,Long Beach, ,57220243000,16708189.3710938,17970.1383020188
5033,572301,43000,Long Beach, ,57230143000,8814425.33105469,19336.3993655501
5034,572500,43000,Long Beach, ,57250043000,6380483.73828125,10650.1261222444
5035,572600,43000,Long Beach, ,57260043000,13700221.3330078,15734.1340557091
5036,572700,43000,Long Beach, ,57270043000,11565995.31,14017.5144394251
5037,573002,43000,Long Beach, ,57300243000,3494226.54785156,7928.49690950442
5038,573003,43000,Long Beach, ,57300343000,4824011.76367188,9050.00087905568
5039,573004,43000,Long Beach, ,57300443000,4423554.55078125,8641.32184259995
5040,573101,43000,Long Beach, ,57310143000,5672037.19726563,11218.4396362504
5041,573102,43000,Long Beach, ,57310243000,7171217.0859375,12331.5583812619
5042,573201,43000,Long Beach, ,57320143000,6477575.83886719,10396.4133422172
5043,573202,43000,Long Beach, ,57320243000,6986177.41796875,10569.1137876747
5044,573300,43000,Long Beach, ,57330043000,8458394.23828125,13240.3514157266
5045,573401,71876,Signal Hill, ,57340171876,11280839.5878906,18561.8527621901
5046,573402,71876,Signal Hill, ,57340271876,32165724.0517578,34614.0621218265
5047,573403,71876,Signal Hill, ,57340371876,17834069.3115234,26675.7367659115
5048,573601,43000,Long Beach, ,57360143000,40270482.7177734,32523.5198459171
5049,573700,43000,Long Beach, ,57370043000,15420280.2851563,26798.8555811902
5050,573700,99037,Unincorporated,Long Beach,57370099037Long Beach,4120959.74609375,10817.2947060751
5051,573800,43000,Long Beach, ,57380043000,16499554.3261719,17858.706893267
5052,573902,43000,Long Beach, ,57390243000,7665496.02636719,13898.5520931672
5053,574000,43000,Long Beach, ,57400043000,19591560.0869141,19147.3863972886
5054,574100,43000,Long Beach, ,57410043000,19799013.9746094,20332.6478962672
5055,574201,43000,Long Beach, ,57420143000,13937039.8896484,15839.2785134321
5056,574202,43000,Long Beach, ,57420243000,14495714.203125,19971.0751320775
5057,574300,43000,Long Beach, ,57430043000,26708525.9208984,25331.4991196173
5058,574400,43000,Long Beach, ,57440043000,36607492.0048828,24460.3747725924
5059,574500,43000,Long Beach, ,57450043000,29324711.7910156,25094.5229958016
5060,574602,43000,Long Beach, ,57460243000,6356502.98828125,10118.8631183894
5061,574800,43000,Long Beach, ,57480043000,11928137.5283203,15300.1592057108
5062,574901,43000,Long Beach, ,57490143000,14440218.0195313,16979.3265618089
5063,574902,43000,Long Beach, ,57490243000,8647942.02148438,13140.5610880912
5064,575001,43000,Long Beach, ,57500143000,10470384.0068359,18168.747747678
5065,575002,43000,Long Beach, ,57500243000,10390797.5996094,14959.4100047807
5066,575101,43000,Long Beach, ,57510143000,4596510.85449219,10181.6798753189
5067,575102,43000,Long Beach, ,57510243000,4369445.172,9259.27402804336
5068,575103,43000,Long Beach, ,57510343000,5162131.77929688,9173.48496721924
5069,575201,43000,Long Beach, ,57520143000,6099516.11816406,10557.1250383341
5070,575202,43000,Long Beach, ,57520243000,4350806.43652344,9233.93350756357
5071,575300,43000,Long Beach, ,57530043000,6975834.20703125,10564.7413113546
5072,575401,43000,Long Beach, ,57540143000,9580204.13671875,12588.8628596643
5073,575402,43000,Long Beach, ,57540243000,3486585.05566406,7936.40370469166
5074,575801,43000,Long Beach, ,57580143000,4695914.563,8615.49022365959
5075,575802,43000,Long Beach, ,57580243000,3454989.84863281,7901.93565598496
5076,575803,43000,Long Beach, ,57580343000,2148617.01171875,6905.1986700087
5077,575901,43000,Long Beach, ,57590143000,5227810.15429688,9697.01758888265
5078,575902,43000,Long Beach, ,57590243000,3773390.37402344,7831.57083821023
5079,576200,43000,Long Beach, ,57620043000,7499779.68652344,11216.6043970386
5080,576301,43000,Long Beach, ,57630143000,5905587.70117188,9752.60875074863
5081,576302,43000,Long Beach, ,57630243000,3484306.0234375,7918.24948589785
5082,576401,43000,Long Beach, ,57640143000,3488157.55761719,7928.13872318271
5083,576402,43000,Long Beach, ,57640243000,3492450.62207031,7930.93363531542
5084,576403,43000,Long Beach, ,57640343000,3494575.45214844,7928.30241266027
5085,576501,43000,Long Beach, ,57650143000,3136687.74609375,7291.36523302931
5086,576502,43000,Long Beach, ,57650243000,3310789.40527344,8028.03747082328
5087,576503,43000,Long Beach, ,57650343000,3356002.3046875,7907.66403495683
5088,576801,43000,Long Beach, ,57680143000,5535396.28613281,9955.28668675015
5089,576802,43000,Long Beach, ,57680243000,5035981.54003906,9265.74715771242
5090,576901,43000,Long Beach, ,57690143000,4789061.21386719,9246.71542048409
5091,576903,43000,Long Beach, ,57690343000,3494617.97753906,7934.88703901133
5092,576904,43000,Long Beach, ,57690443000,3940518.313,8606.64443320583
5093,577000,43000,Long Beach, ,57700043000,19901315.2958984,21693.5505570443
5094,577100,43000,Long Beach, ,57710043000,13084794.9462891,14526.255739182
5095,577606,43000,Long Beach, ,57760643000,12462467.8691406,17502.0592392084
5096,577700,43000,Long Beach, ,57770043000,13544962.2236328,18945.9794620373
5097,577800,19766,Downey, ,57780019766,9507358.53222656,14901.5608137688
5098,577800,52526,Norwalk, ,57780052526,9427302.97558594,13245.0442378957
5099,577900,43000,Long Beach, ,57790043000,19067277.6152344,21077.2175152819
5100,578000,43000,Long Beach, ,57800043000,19877337.0136719,22539.0423331738
5101,578100,43000,Long Beach, ,57810043000,18490234.7900391,19001.6879112335
5102,600100,99037,Unincorporated,Athens-Westmont,60010099037Athens-Westmont,8158201.68066406,12353.9430272828
5103,600201,99037,Unincorporated,Athens-Westmont,60020199037Athens-Westmont,6307379.41210938,11420.9479959307
5104,600202,99037,Unincorporated,Athens-Westmont,60020299037Athens-Westmont,8924608.19726563,14581.1002182483
5105,600302,99037,Unincorporated,Athens-Westmont,60030299037Athens-Westmont,8820961.04101563,11976.9684490225
5106,600303,99037,Unincorporated,Athens-Westmont,60030399037Athens-Westmont,3923963.22265625,9110.9433172566
5107,600304,99037,Unincorporated,Athens-Westmont,60030499037Athens-Westmont,4769044.12792969,9622.21706129315
5108,600400,99037,Unincorporated,Athens-Westmont,60040099037Athens-Westmont,10620178.5732422,16008.0293713841
5109,600501,36546,Inglewood, ,60050136546,7088252.62792969,10704.7522807124
5110,600601,36546,Inglewood, ,60060136546,6928830.86132813,10527.9029691749
5111,600602,36546,Inglewood, ,60060236546,7430325.72949219,10861.636497611
5112,600702,36546,Inglewood, ,60070236546,26149021.7158203,24163.8331906113
5113,600703,36546,Inglewood, ,60070336546,5598861.29785156,10887.9661055374
5114,600704,36546,Inglewood, ,60070436546,10374298.5205078,13198.9334877483
5115,600801,36546,Inglewood, ,60080136546,10399609.1630859,13259.2451391992
5116,600802,36546,Inglewood, ,60080236546,20894875.3808594,20358.0697238613
5117,600902,36546,Inglewood, ,60090236546,8615928.16210938,13420.4843880136
5118,600911,36546,Inglewood, ,60091136546,7352866.13183594,11391.7381603188
5119,600912,36546,Inglewood, ,60091236546,11604510.3847656,15511.298524065
5120,601001,36546,Inglewood, ,60100136546,9515737.15527344,14262.1206242979
5121,601002,36546,Inglewood, ,60100236546,6816456.547,11226.4488018239
5122,601100,36546,Inglewood, ,60110036546,6895110.50097656,10509.3239662269
5123,601202,36546,Inglewood, ,60120236546,7042934.51757813,10683.9011237049
5124,601211,36546,Inglewood, ,60121136546,6240937.96386719,10199.3013158303
5125,601212,36546,Inglewood, ,60121236546,6297969.21679688,10124.36773
5126,601301,36546,Inglewood, ,60130136546,6590070.953,11019.7865549021
5127,601302,36546,Inglewood, ,60130236546,13157508.4013672,19630.7691487648
5128,601303,36546,Inglewood, ,60130336546,4719522.32519531,8901.57058362369
5129,601401,36546,Inglewood, ,60140136546,17037675.7871094,18385.7979054055
5130,601402,36546,Inglewood, ,60140236546,10661668.7734375,13308.5989324128
5131,601501,36546,Inglewood, ,60150136546,1795547.3984375,11314.4249180221
5132,601502,99037,Unincorporated,Lennox,60150299037Lennox,5282862.16503906,11452.0292302548
5133,601600,32548,Hawthorne, ,60160032548,215184.501953125,4328.35952898867
5134,601600,99037,Unincorporated,Lennox,60160099037Lennox,9681082.77636719,13377.6076146414
5135,601700,32548,Hawthorne, ,60170032548,1039842.14941406,10808.3406664586
5136,601700,99037,Unincorporated,Lennox,60170099037Lennox,5942467.47265625,13791.0387113492
5137,601700,36546,Inglewood, ,60170036546,1180880.17675781,7218.48396336051
5138,601801,99037,Unincorporated,Lennox,60180199037Lennox,1291975.51757813,10469.4765765376
5139,601801,36546,Inglewood, ,60180136546,3947936.59570313,11862.9379584951
5140,601802,99037,Unincorporated,Lennox,60180299037Lennox,4948954.77734375,10291.368405267
5141,601802,36546,Inglewood, ,60180236546,261486.118164063,3577.25089136167
5142,601900,36546,Inglewood, ,60190036546,7499025.46484375,11034.7026454377
5143,602002,32548,Hawthorne, ,60200232548,5662100.656,10755.5966174837
5144,602003,36546,Inglewood, ,60200336546,6844844.28515625,10436.0252505006
5145,602103,32548,Hawthorne, ,60210332548,8997611.59277344,11937.1633932651
5146,602104,32548,Hawthorne, ,60210432548,8002763.3671875,11596.7401283368
5147,602105,32548,Hawthorne, ,60210532548,6874249.656,10463.5267061685
5148,602106,32548,Hawthorne, ,60210632548,8831207.18554688,13277.3452380948
5149,602202,32548,Hawthorne, ,60220232548,5264101.15136719,9914.44021553515
5150,602301,99037,Unincorporated,Wiseburn,60230199037Wiseburn,12905390.8535156,18226.9220858772
5151,602301,32548,Hawthorne, ,60230132548,6331180.37695313,28181.3534215854
5152,602302,32548,Hawthorne, ,60230232548,20983739.8193359,22890.534428316
5153,602402,32548,Hawthorne, ,60240232548,14219152.9931641,17499.0716270513
5154,602403,32548,Hawthorne, ,60240332548,6305101.35839844,10061.7808826078
5155,602404,32548,Hawthorne, ,60240432548,6947263.8359375,11320.0828262169
5156,602504,32548,Hawthorne, ,60250432548,3460243.23046875,7905.66230939896
5157,602505,32548,Hawthorne, ,60250532548,3484355.04101563,7924.83691860989
5158,602506,32548,Hawthorne, ,60250632548,3469996.60351563,7896.95663468613
5159,602507,32548,Hawthorne, ,60250732548,3467563.3515625,7903.30504764375
5160,602510,32548,Hawthorne, ,60251032548,3493955.80175781,7935.09612864069
5161,602511,32548,Hawthorne, ,60251132548,3676005.01855469,8638.19106907944
5162,602512,99037,Unincorporated,Hawthorne,60251299037Hawthorne,3320726.22753906,7996.71738868954
5163,602513,32548,Hawthorne, ,60251332548,19375698.2089844,21245.5386684115
5164,602601,28168,Gardena, ,60260128168,13897823.4169922,15886.6397285778
5165,602602,28168,Gardena, ,60260228168,6993792.87695313,10569.939816438
5166,602700,99037,Unincorporated,Athens-Westmont,60270099037Athens-Westmont,9452404.63378906,15783.8830046519
5167,602700,32548,Hawthorne, ,60270032548,17238135.3681641,20597.2169325536
5168,602801,99037,Unincorporated,Athens-Westmont,60280199037Athens-Westmont,13399629.2578125,15707.7869629423
5169,602802,99037,Unincorporated,Athens-Westmont,60280299037Athens-Westmont,14372136.0761719,16003.8411922747
5170,602900,28168,Gardena, ,60290028168,30106445.7460938,27265.5427158449
5171,603004,28168,Gardena, ,60300428168,2428602.4140625,8219.85572062049
5172,603005,28168,Gardena, ,60300528168,7004838.328,10585.9307617908
5173,603006,28168,Gardena, ,60300628168,7400998.30566406,10962.6985033101
5174,603007,28168,Gardena, ,60300728168,7214716.9921875,14312.0815466783
5175,603008,28168,Gardena, ,60300828168,5038368.7421875,10810.3300128681
5176,603101,28168,Gardena, ,60310128168,9489723.01269531,12621.899748348
5177,603102,28168,Gardena, ,60310228168,8028835.11816406,11373.3643862478
5178,603200,28168,Gardena, ,60320028168,12162595.6113281,21844.8858942972
5179,603301,28168,Gardena, ,60330128168,10493281.9160156,14162.359669939
5180,603302,28168,Gardena, ,60330228168,12168539.4150391,15259.6145739562
5181,603400,28168,Gardena, ,60340028168,12199588.2958984,15554.4079287186
5182,603500,28168,Gardena, ,60350028168,8573147.63378906,13097.566269707
5183,603600,28168,Gardena, ,60360028168,10059929.72,13076.8099771123
5184,603702,99037,Unincorporated,El Camino Village,60370299037El Camino Village,27841327.1845703,21644.1882261605
5185,603703,32548,Hawthorne, ,60370332548,7032754.19335938,10877.483765176
5186,603705,32548,Hawthorne, ,60370532548,2916105.91992188,7678.94986936911
5187,603706,99037,Unincorporated,El Camino Village,60370699037El Camino Village,4024548.16894531,10214.1965361135
5188,603801,40886,Lawndale, ,60380140886,7168747.09179688,11009.2911431344
5189,603802,40886,Lawndale, ,60380240886,6715577.56542969,10452.7096265007
5190,603901,40886,Lawndale, ,60390140886,8009466.26367188,15742.1592832012
5191,603902,40886,Lawndale, ,60390240886,8064428.56054688,12027.6988682824
5192,604001,40886,Lawndale, ,60400140886,7043190.57519531,10651.7597936531
5193,604002,40886,Lawndale, ,60400240886,6965714.29785156,10400.7434667334
5194,604101,40886,Lawndale, ,60410140886,5163275.52636719,9612.76100765418
5195,604102,40886,Lawndale, ,60410240886,5730865.8359375,12094.8448637917
5196,604200,36546,Inglewood, ,60420036546,13545826.9921875,17861.156991852
5197,609900,99037,Unincorporated,La Rambla,60990099037La Rambla,5856793.5390625,14110.3330925722
5198,620001,22412,El Segundo, ,62000122412,12498423.6806641,14641.5421077187
5199,620002,22412,El Segundo, ,62000222412,12752946.2617188,15825.2251907018
5200,620101,22412,El Segundo, ,62010122412,14282518.8789063,16059.4143445158
5201,620102,22412,El Segundo, ,62010222412,9382571.67578125,16016.6697575445
5202,620301,45400,Manhattan Beach, ,62030145400,11171917.015625,14199.7093577958
5203,620303,45400,Manhattan Beach, ,62030345400,12466503.3330078,15940.4077445635
5204,620400,45400,Manhattan Beach, ,62040045400,27760493.984375,21111.0127347768
5205,620501,60018,Redondo Beach, ,62050160018,27944384.5927734,21151.1869886825
5206,620521,60018,Redondo Beach, ,62052160018,6989939.78027344,10575.1742855253
5207,620522,60018,Redondo Beach, ,62052260018,8015937.75,11358.566317868
5208,620601,60018,Redondo Beach, ,62060160018,14659946.1582031,19870.6574192697
5209,620602,60018,Redondo Beach, ,62060260018,14525452.0751953,18787.1822236245
5210,620701,60018,Redondo Beach, ,62070160018,10981298.6191406,15277.7601026507
5211,620703,60018,Redondo Beach, ,62070360018,6228250.25488281,11279.3990141486
5212,620704,60018,Redondo Beach, ,62070460018,8033777.36035156,13622.7271822337
5213,620801,45400,Manhattan Beach, ,62080145400,12906927.5166016,15859.5847734327
5214,620802,45400,Manhattan Beach, ,62080245400,13837137.7275391,15834.8718159596
5215,620901,45400,Manhattan Beach, ,62090145400,9389030.67480469,12902.5619322467
5216,621001,33364,Hermosa Beach, ,62100133364,10246161.8535156,16095.827631943
5217,621102,33364,Hermosa Beach, ,62110233364,5840894.0078125,10879.7922409604
5218,621201,60018,Redondo Beach, ,62120160018,17662814.5449219,17425.3910032185
5219,621301,60018,Redondo Beach, ,62130160018,16821589.7236328,17391.3302652862
5220,621400,60018,Redondo Beach, ,62140060018,13776009.8623047,16247.3681716442
5221,650001,80000,Torrance, ,65000180000,17436543.9472656,17012.0913939526
5222,650003,80000,Torrance, ,65000380000,5469597.18261719,9620.74177630968
5223,650004,80000,Torrance, ,65000480000,8244240.56835938,11726.9641264122
5224,650101,80000,Torrance, ,65010180000,20505545.4199219,18569.7739064506
5225,650102,80000,Torrance, ,65010280000,9175305.83007813,13434.4766420872
5226,650200,80000,Torrance, ,65020080000,26078327.4169922,30124.1836830624
5227,650300,80000,Torrance, ,65030080000,20229142.6708984,21219.7441667598
5228,650401,80000,Torrance, ,65040180000,37763560.9345703,32199.9645244036
5229,650501,80000,Torrance, ,65050180000,10674697.7236328,13602.2704344673
5230,650502,80000,Torrance, ,65050280000,14362471.4541016,15575.7347698469
5231,650603,80000,Torrance, ,65060380000,13738151.5429688,16172.0991101747
5232,650604,80000,Torrance, ,65060480000,5548335.74511719,9489.82469678862
5233,650605,80000,Torrance, ,65060580000,5251352.71191406,9226.06648440858
5234,650606,80000,Torrance, ,65060680000,7894435.10742188,16005.2242778842
5235,650607,80000,Torrance, ,65060780000,5444010.01757813,11200.1925661194
5236,650701,80000,Torrance, ,65070180000,21598033.8017578,18666.7351379655
5237,650702,80000,Torrance, ,65070280000,15061455.0644531,16483.5485508699
5238,650801,80000,Torrance, ,65080180000,7973141.11132813,13771.0289594252
5239,650802,80000,Torrance, ,65080280000,5896873.55273438,12372.4525585048
5240,650901,80000,Torrance, ,65090180000,38160231.8935547,29541.6687672917
5241,650903,80000,Torrance, ,65090380000,11405835.3691406,17075.2167739691
5242,650904,80000,Torrance, ,65090480000,10063274.7714844,16179.20327
5243,651001,80000,Torrance, ,65100180000,15230461.890625,19051.1965876565
5244,651002,80000,Torrance, ,65100280000,12752900.8056641,15540.7810757867
5245,651101,80000,Torrance, ,65110180000,59937532.34,37672.1978496238
5246,651102,80000,Torrance, ,65110280000,9036326.88671875,14019.4478695381
5247,651201,80000,Torrance, ,65120180000,18760811.1689453,17290.0557173441
5248,651221,80000,Torrance, ,65122180000,7494941.234,11370.4207506514
5249,651222,80000,Torrance, ,65122280000,16464077.7138672,18095.5780316665
5250,651302,80000,Torrance, ,65130280000,25707492.53,31435.0376571881
5251,651401,80000,Torrance, ,65140180000,10823970.8056641,22258.4286289988
5252,651402,80000,Torrance, ,65140280000,19707991.97,23718.2703313633
5253,670001,42468,Lomita, ,67000142468,10159069.1582031,16660.1329456685
5254,670002,42468,Lomita, ,67000242468,9325530.63476563,12741.8846615707
5255,670003,42468,Lomita, ,67000342468,16155249.7207031,18598.7326145564
5256,670101,42468,Lomita, ,67010142468,11922084.7226563,22474.6094104448
5257,670102,42468,Lomita, ,67010242468,5917394.85546875,12620.0352684246
5258,670201,62644,Rolling Hills Estates, ,67020162644,33500635.2558594,38801.6388859851
5259,670201,99037,Unincorporated,Palos Verdes Peninsula,67020199037Palos Verdes Peninsula,4628797.38378906,9329.55856671123
5260,670201,99037,Unincorporated,Westfield/Academy Hills,67020199037Westfield/Academy Hills,14592715.2636719,17815.9944681914
5261,670202,62644,Rolling Hills Estates, ,67020262644,32080123.8603516,28129.4126579767
5262,670406,62644,Rolling Hills Estates, ,67040662644,12562946.7382813,14473.2646001263
5263,670407,59514,Rancho Palos Verdes, ,67040759514,13617015.0927734,18041.9270100365
5264,670413,59514,Rancho Palos Verdes, ,67041359514,23577247.1181641,21322.8436091087
5265,670417,62644,Rolling Hills Estates, ,67041762644,7743086.75976563,28742.9147625089
5266,670418,59514,Rancho Palos Verdes, ,67041859514,26981206.8183594,25440.6267307901
5267,670500,62602,Rolling Hills, ,67050062602,83385405.2802734,50032.7927278087
5268,670603,59514,Rancho Palos Verdes, ,67060359514,42100373.9023438,36926.5820184752
5269,670701,59514,Rancho Palos Verdes, ,67070159514,31042065.6474609,33505.2918645157
5270,670702,62644,Rolling Hills Estates, ,67070262644,10740729.4423828,20306.3752705538
5271,670702,59514,Rancho Palos Verdes, ,67070259514,62356292.5869141,60035.4070971839
5272,700101,84410,West Hollywood, ,70010184410,7438282.11132813,13668.957610201
5273,700102,84410,West Hollywood, ,70010284410,5270165.35351563,13537.5738934457
5274,700200,84410,West Hollywood, ,70020084410,7537500.28613281,14048.9756609893
5275,700300,84410,West Hollywood, ,70030084410,6519518.3203125,14171.2260522486
5276,700400,84410,West Hollywood, ,70040084410,14225951.8144531,21198.058993436
5277,700501,84410,West Hollywood, ,70050184410,6409940.40820313,15021.9400596478
5278,700502,84410,West Hollywood, ,70050284410,5427294.87011719,10824.1977604102
5279,700600,06308,Beverly Hills, ,70060006308,61193048.7724609,47085.2498340063
5280,700700,06308,Beverly Hills, ,70070006308,37990576.9980469,32060.9056338161
5281,700801,06308,Beverly Hills, ,70080106308,15649483.0380859,20078.9117768764
5282,700802,06308,Beverly Hills, ,70080206308,7408455.36230469,14992.6508596843
5283,700901,06308,Beverly Hills, ,70090106308,11403976.8300781,18835.8500180483
5284,700902,06308,Beverly Hills, ,70090206308,10272683.8789063,12943.132313848
5285,701000,06308,Beverly Hills, ,70100006308,15366827.9521484,18865.0236772128
5286,701201,70000,Santa Monica, ,70120170000,21009369.8398438,18511.5757751979
5287,701202,70000,Santa Monica, ,70120270000,4356346.14257813,9141.42028716826
5288,701302,70000,Santa Monica, ,70130270000,4909257.46289063,9926.73267276999
5289,701501,70000,Santa Monica, ,70150170000,6646369.4921875,12368.0725678639
5290,701502,70000,Santa Monica, ,70150270000,6568017.84667969,12372.1186116422
5291,701601,70000,Santa Monica, ,70160170000,13199600.2900391,16199.3992792154
5292,701602,70000,Santa Monica, ,70160270000,7068775.38964844,13068.1236293558
5293,701701,70000,Santa Monica, ,70170170000,7026463.27246094,13067.4827579505
5294,701702,70000,Santa Monica, ,70170270000,6533561.48144531,12326.4082194178
5295,701801,70000,Santa Monica, ,70180170000,20334121.7167969,19247.8467224951
5296,701802,70000,Santa Monica, ,70180270000,13441671.4052734,15298.9142259021
5297,702201,70000,Santa Monica, ,70220170000,12961120.8310547,15231.6186006482
5298,702202,70000,Santa Monica, ,70220270000,10915648.4697266,13831.5858411752
5299,702300,70000,Santa Monica, ,70230070000,27904530.6884766,21133.6895409649
5300,702400,17568,Culver City, ,70240017568,21499456.4785156,24127.7045503098
5301,702501,17568,Culver City, ,70250117568,14543899.4921875,16157.6047859667
5302,702502,17568,Culver City, ,70250217568,18973732.0644531,26159.8939534903
5303,702600,17568,Culver City, ,70260017568,23300090.1357422,24159.039860989
5304,702700,17568,Culver City, ,70270017568,14532858.2275391,17592.6400509646
5305,702801,17568,Culver City, ,70280117568,12924121.3740234,15033.4024642468
5306,702802,17568,Culver City, ,70280217568,6478848.453,15341.5849591094
5307,702803,17568,Culver City, ,70280317568,9046882.56445313,27292.1689930304
5308,703002,99037,Unincorporated,Ladera Heights,70300299037Ladera Heights,34208035.6513672,30813.8705805697
5309,703002,36546,Inglewood, ,70300236546,1147726.05078125,4351.19383852456
5310,703003,17568,Culver City, ,70300317568,21848594.4501953,24798.3002535082
5311,703100,99037,Unincorporated,View Park/Windsor Hills,70310099037View Park/Windsor Hills,28872883.8603516,26899.9543211228
5312,703200,99037,Unincorporated,View Park/Windsor Hills,70320099037View Park/Windsor Hills,22783456.8330078,22802.4136865871
5313,800101,09598,Calabasas, ,80010109598,73171234.1503906,53971.0689244493
5314,800101,99037,Unincorporated,Santa Monica Mountains,80010199037Santa Monica Mountains,13976816.5654297,41826.7004282371
5315,800103,09598,Calabasas, ,80010309598,4098033.14550781,18149.6585439373
5316,800103,99037,Unincorporated,Santa Monica Mountains,80010399037Santa Monica Mountains,194714894.382813,83203.9821469877
5317,800104,09598,Calabasas, ,80010409598,5751994.71289063,9847.0996507822
5318,800104,99037,Unincorporated,Santa Monica Mountains,80010499037Santa Monica Mountains,362720998.741211,153064.579524084
5319,800202,09598,Calabasas, ,80020209598,145951802.174805,75876.9956696447
5320,800202,99037,Unincorporated,Santa Monica Mountains,80020299037Santa Monica Mountains,149250871.595703,54745.803990965
5321,800204,09598,Calabasas, ,80020409598,86046008.3837891,58752.9753807805
5322,800205,09598,Calabasas, ,80020509598,14013426.6777344,18759.0770662533
5323,800206,33518,Hidden Hills, ,80020633518,47043790.7402344,42703.5467144781
5324,800206,99037,Unincorporated,Santa Monica Mountains,80020699037Santa Monica Mountains,53320785.1162109,51628.3991083299
5325,800324,84438,Westlake Village, ,80032484438,8347772.69238281,11921.6334405962
5326,800324,00394,Agoura Hills, ,80032400394,30265959.1201172,26605.024311615
5327,800325,84438,Westlake Village, ,80032584438,24870233.4267578,25118.2362837351
5328,800328,99037,Unincorporated,Santa Monica Mountains,80032899037Santa Monica Mountains,75831804.7128906,48783.2869126524
5329,800333,00394,Agoura Hills, ,80033300394,13816316.3007813,18551.3093244769
5330,800334,00394,Agoura Hills, ,80033400394,51043879.3730469,33482.8771688952
5331,800335,84438,Westlake Village, ,80033584438,99627943.7197266,57751.38794
5332,800335,00394,Agoura Hills, ,80033500394,40380401.06,28375.8135034733
5333,800335,99037,Unincorporated,Santa Monica Mountains,80033599037Santa Monica Mountains,619498639.245117,212018.31293955
5334,800336,00394,Agoura Hills, ,80033600394,34542547.9648438,37379.0403617401
5335,800336,99037,Unincorporated,Santa Monica Mountains,80033699037Santa Monica Mountains,178337092.224609,78558.9800628032
5336,800337,99037,Unincorporated,Santa Monica Mountains,80033799037Santa Monica Mountains,3080506.44824219,11586.2679190719
5337,800337,09598,Calabasas, ,80033709598,27002771.6689453,31167.5205890562
5338,800338,84438,Westlake Village, ,80033884438,20540419.2021484,23338.5134106725
5339,800338,00394,Agoura Hills, ,80033800394,47888473.3496094,30030.5185728581
5340,900102,99037,Unincorporated,Hi Vista,90010299037Hi Vista,4743045675.06641,321243.196948591
5341,900103,99037,Unincorporated,Lake Los Angeles,90010399037Lake Los Angeles,215056349.336914,64046.3265993104
5342,900104,99037,Unincorporated,Lake Los Angeles,90010499037Lake Los Angeles,458529181.080078,86092.6611508563
5343,900301,40130,Lancaster, ,90030140130,71360990.3222656,42801.5593865016
5344,900501,40130,Lancaster, ,90050140130,33556917.8984375,23285.5616974641
5345,900504,40130,Lancaster, ,90050440130,113949352.743164,64120.9586635625
5346,900505,40130,Lancaster, ,90050540130,14109167.0087891,15916.0968722898
5347,900506,40130,Lancaster, ,90050640130,14074252.1064453,15929.150222657
5348,900508,40130,Lancaster, ,90050840130,42899966.1220703,26702.9184319537
5349,900509,40130,Lancaster, ,90050940130,17806729.4365234,18632.4796990015
5350,900510,40130,Lancaster, ,90051040130,24672755.1523438,26584.6970050712
5351,900602,40130,Lancaster, ,90060240130,55349296.1845703,31555.6277207711
5352,900606,40130,Lancaster, ,90060640130,18758895.4755859,20785.3049283559
5353,900607,40130,Lancaster, ,90060740130,18438365.4658203,20160.4028653302
5354,900608,40130,Lancaster, ,90060840130,14400481.1992188,16063.5169925763
5355,900609,40130,Lancaster, ,90060940130,28216465.5546875,26555.7015951736
5356,900610,40130,Lancaster, ,90061040130,35445210.3867188,26603.6506846713
5357,900611,40130,Lancaster, ,90061140130,21228960.2548828,21283.8827052966
5358,900701,40130,Lancaster, ,90070140130,22535922.3359375,19147.7042792331
5359,900703,40130,Lancaster, ,90070340130,27968912.5673828,21130.1826635918
5360,900704,40130,Lancaster, ,90070440130,55761435.8886719,31801.0759465307
5361,900705,40130,Lancaster, ,90070540130,56812940.0585938,31930.0291917409
5362,900804,40130,Lancaster, ,90080440130,15877929.6318359,16715.7696049112
5363,900805,40130,Lancaster, ,90080540130,28395563.1337891,21300.462023103
5364,900806,40130,Lancaster, ,90080640130,19326986.4335938,17959.3478127766
5365,900807,40130,Lancaster, ,90080740130,14190182.2011719,16006.1913605208
5366,900808,40130,Lancaster, ,90080840130,14256282.0947266,15960.1082112398
5367,900901,40130,Lancaster, ,90090140130,725243377.011719,261525.014892372
5368,900902,99037,Unincorporated,Del Sur,90090299037Del Sur,558239257.322266,100689.796457384
5369,900902,99037,Unincorporated,North Lancaster,90090299037North Lancaster,717125498.743164,123597.75451898
5370,901003,40130,Lancaster, ,90100340130,28035972.5126953,21202.3955345009
5371,901007,40130,Lancaster, ,90100740130,56091763.8007813,31644.3389649984
5372,901008,40130,Lancaster, ,90100840130,28869385.7519531,21521.0737016636
5373,901009,40130,Lancaster, ,90100940130,28565290.3066406,21393.3020677508
5374,901010,40130,Lancaster, ,90101040130,28626580.9960938,21472.3880439224
5375,901011,40130,Lancaster, ,90101140130,28755388.4716797,21431.4996826372
5376,901012,40130,Lancaster, ,90101240130,41817379.5439453,26387.8385042501
5377,901013,99037,Unincorporated,Quartz Hill,90101399037Quartz Hill,1689343.14746094,5596.83466045291
5378,901013,40130,Lancaster, ,90101340130,30121060.6347656,26579.1591372538
5379,901014,40130,Lancaster, ,90101440130,67301570.0019531,37213.7634779969
5380,901101,99037,Unincorporated,Quartz Hill,90110199037Quartz Hill,24280763.4248047,34540.4722110397
5381,901101,40130,Lancaster, ,90110140130,31937250.6445313,31861.579648577
5382,901102,99037,Unincorporated,Quartz Hill,90110299037Quartz Hill,46586701.984375,35293.1582266901
5383,901209,99037,Unincorporated,West Antelope Valley,90120999037West Antelope Valley,6415876805.17871,567905.843398845
5384,901210,99037,Unincorporated,Elizabeth Lake,90121099037Elizabeth Lake,248386595.425781,100360.372403289
5385,901214,40130,Lancaster, ,90121440130,55992446.0009766,31791.819991516
5386,901215,99037,Unincorporated,Quartz Hill,90121599037Quartz Hill,7340310.15917969,19694.0880987149
5387,901215,40130,Lancaster, ,90121540130,20769831.6328125,30304.2310237591
5388,901216,40130,Lancaster, ,90121640130,347974597.330078,162663.561337705
5389,901216,99037,Unincorporated,Del Sur,90121699037Del Sur,95707189.8525391,104878.823524751
5390,901216,99037,Unincorporated,Leona Valley,90121699037Leona Valley,1848585.5078125,6469.28735363093
5391,901216,99037,Unincorporated,Quartz Hill,90121699037Quartz Hill,1309162.094,5712.56751093945
5392,901217,99037,Unincorporated,Leona Valley,90121799037Leona Valley,613942990.447266,182228.321572939
5393,901218,55156,Palmdale, ,90121855156,112818778.776367,43246.387081024
5394,901300,99037,Unincorporated,East Lancaster,90130099037East Lancaster,90928805.4013672,111674.043163441
5395,901300,99037,Unincorporated,Lake Los Angeles,90130099037Lake Los Angeles,448231013.370117,111869.598152996
5396,901300,99037,Unincorporated,North Lancaster,90130099037North Lancaster,546653113.861328,120447.91555815
5397,901300,99037,Unincorporated,Roosevelt,90130099037Roosevelt,1548669243.62207,176688.232218835
5398,910002,99037,Unincorporated,Littlerock,91000299037Littlerock,91392612.8447266,41109.6827728832
5399,910002,99037,Unincorporated,Littlerock/Pearblossom,91000299037Littlerock/Pearblossom,687586105.697266,125354.96259624
5400,910210,55156,Palmdale, ,91021055156,33985179.25,25606.3073944126
5401,910211,40130,Lancaster, ,91021140130,43408868.5097656,27659.3224104631
5402,910218,99037,Unincorporated,Palmdale,91021899037Palmdale,108055.924804688,1800.33273263943
5403,910212,99037,Unincorporated,White Fence Farms,91021299037White Fence Farms,152842694.376953,63740.8427045639
5404,910213,55156,Palmdale, ,91021355156,1795017.27441406,10176.8601112889
5405,910213,99037,Unincorporated,Anaverde,91021399037Anaverde,314649920.431641,87198.2672056579
5406,910214,55156,Palmdale, ,91021455156,47220238.5703125,33089.0599642079
5407,910215,99037,Unincorporated,Desert View Highlands,91021599037Desert View Highlands,10362675.6650391,22003.9858908403
5408,910215,55156,Palmdale, ,91021555156,24261487.9150391,36153.5382662139
5409,910216,55156,Palmdale, ,91021655156,29978029.3037109,29193.7604247552
5410,910217,55156,Palmdale, ,91021755156,645746034.921875,155619.44911692
5411,910218,55156,Palmdale, ,91021855156,172836441.97168,64271.7671789463
5412,910218,99037,Unincorporated,White Fence Farms,91021899037White Fence Farms,7492791.89648438,18460.4842552355
5413,910301,55156,Palmdale, ,91030155156,10621722.6103516,13283.155021846
5414,910301,99037,Unincorporated,Quartz Hill,91030199037Quartz Hill,31905769.6953125,27784.3342150846
5415,910302,55156,Palmdale, ,91030255156,43304789.3330078,30591.4664472658
5416,910401,55156,Palmdale, ,91040155156,83791533.1972656,44862.1825070837
5417,910401,99037,Unincorporated,Anaverde,91040199037Anaverde,15457503.4814453,21383.3303867533
5418,910401,99037,Unincorporated,Desert View Highlands,91040199037Desert View Highlands,2003383.0859375,6194.59281093987
5419,910404,55156,Palmdale, ,91040455156,27181525.0605469,22321.5195437305
5420,910405,55156,Palmdale, ,91040555156,25835620.9462891,20576.4665080243
5421,910501,55156,Palmdale, ,91050155156,16087235.7949219,16719.3418852059
5422,910502,55156,Palmdale, ,91050255156,21565264.5224609,18775.7597294995
5423,910504,55156,Palmdale, ,91050455156,17106052.0195313,18972.5431273101
5424,910505,55156,Palmdale, ,91050555156,17319024.5976563,23291.6705241434
5425,910601,55156,Palmdale, ,91060155156,28596500.7802734,26967.7938528237
5426,910602,55156,Palmdale, ,91060255156,21530790.203125,21298.2172692139
5427,910605,55156,Palmdale, ,91060555156,14529007.2587891,16156.2196667976
5428,910606,55156,Palmdale, ,91060655156,14695356.0292969,16244.4065865681
5429,910607,55156,Palmdale, ,91060755156,13180633.9365234,16020.2880823399
5430,910608,55156,Palmdale, ,91060855156,15129887.5996094,17613.5260138894
5431,910706,55156,Palmdale, ,91070655156,198267609.623047,75016.0604000074
5432,910707,55156,Palmdale, ,91070755156,59733022.9257813,32883.4334430692
5433,910707,99037,Unincorporated,South Antelope Valley,91070799037South Antelope Valley,11274604.7060547,15130.4588574109
5434,910709,99037,Unincorporated,Southeast Antelope Valley,91070999037Southeast Antelope Valley,122088583.709961,66072.3180685892
5435,910712,55156,Palmdale, ,91071255156,22289456.5996094,19257.7071826617
5436,910713,55156,Palmdale, ,91071355156,21284580.2041016,18666.6915353629
5437,910714,55156,Palmdale, ,91071455156,10805384.2597656,13486.7897865364
5438,910715,55156,Palmdale, ,91071555156,21389792.3505859,21469.7039936501
5439,910716,55156,Palmdale, ,91071655156,26554042.5498047,24713.8131782952
5440,910717,55156,Palmdale, ,91071755156,18586491.0302734,18947.133417651
5441,910718,55156,Palmdale, ,91071855156,21751558.8789063,20281.2255979448
5442,910719,55156,Palmdale, ,91071955156,21462767.8076172,21430.4111982057
5443,910720,55156,Palmdale, ,91072055156,18036133.9775391,18845.2631633279
5444,910721,55156,Palmdale, ,91072155156,21064508.47,24064.6503520621
5445,910804,99037,Unincorporated,Acton,91080499037Acton,562441920.308594,122938.675634909
5446,910807,69088,Santa Clarita, ,91080769088,37356839.9287109,31995.8913870011
5447,910808,69088,Santa Clarita, ,91080869088,22428280.7070313,34996.102726535
5448,910809,69088,Santa Clarita, ,91080969088,97251820.4570313,58887.0805005663
5449,910809,99037,Unincorporated,Sand Canyon,91080999037Sand Canyon,7391898.74511719,13959.0084664556
5450,910810,69088,Santa Clarita, ,91081069088,20146502.13,21082.1423117236
5451,910810,99037,Unincorporated,Agua Dulce,91081099037Agua Dulce,217948441.975586,78118.7323946973
5452,910810,99037,Unincorporated,Canyon Country,91081099037Canyon Country,94193.2900390625,1354.26329527313
5453,910814,99037,Unincorporated,Agua Dulce,91081499037Agua Dulce,863796789.101563,158295.954268525
5454,910815,55156,Palmdale, ,91081555156,56846568.5917969,40618.9742747278
5455,911001,99037,Unincorporated,Littlerock,91100199037Littlerock,1562579.4140625,6421.41862477502
5456,911001,99037,Unincorporated,Littlerock/Juniper Hills,91100199037Littlerock/Juniper Hills,981376769.466797,196941.596518653
5457,911001,99037,Unincorporated,Llano,91100199037Llano,2582351705.04395,236013.314733319
5458,911001,99037,Unincorporated,Pearblossom/Llano,91100199037Pearblossom/Llano,462365823.053711,116520.820996205
5459,911100,99037,Unincorporated,Lake Los Angeles,91110099037Lake Los Angeles,144006927.882813,64490.7733906054
5460,911100,99037,Unincorporated,Palmdale,91110099037Palmdale,728260506.555664,149472.830666332
5461,911100,99037,Unincorporated,Sun Village,91110099037Sun Village,286572930.206055,80539.4188179068
5462,920013,69088,Santa Clarita, ,92001369088,87872836.3203125,45964.7553451489
5463,920015,69088,Santa Clarita, ,92001569088,78368634.8447266,59453.9689394897
5464,920015,99037,Unincorporated,San Francisquito Canyon/Bouquet Canyon,92001599037San Francisquito Canyon/Bouquet Canyon,13998275.921875,25281.1234029544
5465,920016,69088,Santa Clarita, ,92001669088,22800246.75,21879.3920066427
5466,920017,69088,Santa Clarita, ,92001769088,22354648.2050781,20510.6304912263
5467,920018,69088,Santa Clarita, ,92001869088,10411716.9570313,13121.2784070959
5468,920020,69088,Santa Clarita, ,92002069088,64040191.3876953,45345.0042616334
5469,920020,99037,Unincorporated,Saugus,92002099037Saugus,52783593.9980469,51656.7062314069
5470,920028,69088,Santa Clarita, ,92002869088,27707808.5048828,30121.337973811
5471,920029,69088,Santa Clarita, ,92002969088,26161609.3789063,29564.559406313
5472,920030,69088,Santa Clarita, ,92003069088,28491071.796875,23881.5075718397
5473,920031,69088,Santa Clarita, ,92003169088,72655770.8134766,51622.6675043738
5474,920034,69088,Santa Clarita, ,92003469088,88843713.9941406,43764.6272286821
5475,920034,99037,Unincorporated,Canyon Country,92003499037Canyon Country,8166546.84472656,16321.3990523758
5476,920035,69088,Santa Clarita, ,92003569088,26548806.2167969,20241.0728146586
5477,920038,69088,Santa Clarita, ,92003869088,10689359.3925781,19846.4962101785
5478,920039,69088,Santa Clarita, ,92003969088,11226744.5302734,17515.1996562842
5479,920040,69088,Santa Clarita, ,92004069088,22833726.2246094,22964.9779770847
5480,920040,99037,Unincorporated,Canyon Country,92004099037Canyon Country,9027541.984,14171.3249213153
5481,920041,69088,Santa Clarita, ,92004169088,19376032.2294922,21039.5418098429
5482,920042,69088,Santa Clarita, ,92004269088,40386790.4179688,39519.1697683593
5483,920043,99037,Unincorporated,Placerita Canyon,92004399037Placerita Canyon,47987963.4941406,38414.6879848158
5484,920044,69088,Santa Clarita, ,92004469088,10764656.953125,15042.1079461991
5485,920045,69088,Santa Clarita, ,92004569088,20125503.7363281,19930.1171695691
5486,920046,69088,Santa Clarita, ,92004669088,4577553.47363281,14400.388324929
5487,920047,69088,Santa Clarita, ,92004769088,5554849.24511719,11445.8849360666
5488,920048,69088,Santa Clarita, ,92004869088,28681117.8925781,31972.0560097427
5489,920049,69088,Santa Clarita, ,92004969088,65161504.3886719,49602.4791788805
5490,920049,99037,Unincorporated,Canyon Country,92004999037Canyon Country,104433036.011719,54299.2384757796
5491,920049,99037,Unincorporated,Saugus/Canyon Country,92004999037Saugus/Canyon Country,135788263.166016,68875.9343497597
5492,920050,99037,Unincorporated,Bouquet Canyon,92005099037Bouquet Canyon,778152618.567383,167002.613356694
5493,920050,99037,Unincorporated,San Francisquito Canyon/Bouquet Canyon,92005099037San Francisquito Canyon/Bouquet Canyon,1728124624.72754,263560.497898904
5494,920102,99037,Unincorporated,Castaic,92010299037Castaic,6410271151.97754,468131.057900005
5495,920102,99037,Unincorporated,Lake Hughes,92010299037Lake Hughes,266409192.853516,107697.940653018
5496,920104,99037,Unincorporated,Castaic,92010499037Castaic,1701454194.57227,230699.235033727
5497,920106,99037,Unincorporated,Castaic,92010699037Castaic,2011053.10546875,10876.2437637638
5498,920106,99037,Unincorporated,Val Verde,92010699037Val Verde,503717933.764648,106236.495039345
5499,920109,69088,Santa Clarita, ,92010969088,23544352.1738281,27957.2162758338
5500,920110,69088,Santa Clarita, ,92011069088,11341703.8623047,17025.1923595549
5501,920111,69088,Santa Clarita, ,92011169088,12647020.6650391,19603.7807551621
5502,920112,69088,Santa Clarita, ,92011269088,18603732.6992188,17646.6251281552
5503,920114,69088,Santa Clarita, ,92011469088,30462379.7138672,36430.556983242
5504,920115,69088,Santa Clarita, ,92011569088,38748944.6425781,34811.9595088986
5505,920116,99037,Unincorporated,Castaic,92011699037Castaic,79906238.2460938,44189.8362957454
5506,920118,99037,Unincorporated,Castaic,92011899037Castaic,30652851.5371094,31326.6419069556
5507,920119,99037,Unincorporated,Castaic,92011999037Castaic,53713086.8398438,33903.9667918479
5508,920120,69088,Santa Clarita, ,92012069088,51658203.5947266,49183.9499077437
5509,920121,69088,Santa Clarita, ,92012169088,131867038.978516,64306.0485570454
5510,920200,99037,Unincorporated,Castaic,92020099037Castaic,122224754.942383,64496.9073795143
5511,920303,99037,Unincorporated,Twin Lakes/Oat Mountain,92030399037Twin Lakes/Oat Mountain,556618374.749023,136508.111901416
5512,920312,69088,Santa Clarita, ,92031269088,110085209.003906,57509.6614995677
5513,920312,99037,Unincorporated,Angeles National Forest,92031299037Angeles National Forest,782576.626953125,5917.51861493635
5514,920312,99037,Unincorporated,Newhall,92031299037Newhall,35921983.7724609,37281.5447360189
5515,920313,69088,Santa Clarita, ,92031369088,31129070.0136719,24885.1926486579
5516,920314,69088,Santa Clarita, ,92031469088,121626001.519531,52458.1482269445
5517,920322,69088,Santa Clarita, ,92032269088,11245991.859375,15179.2010992176
5518,920326,69088,Santa Clarita, ,92032669088,2613752.37988281,12279.0477688582
5519,920326,99037,Unincorporated,Stevenson Ranch,92032699037Stevenson Ranch,785961549.15625,173947.293389248
5520,920328,69088,Santa Clarita, ,92032869088,25571524.8417969,20780.4580805485
5521,920329,69088,Santa Clarita, ,92032969088,23644884.1835938,20902.4908217856
5522,920330,69088,Santa Clarita, ,92033069088,35178322.9033203,23965.9612169755
5523,920331,69088,Santa Clarita, ,92033169088,16066798.2167969,16607.9076486249
5524,920332,69088,Santa Clarita, ,92033269088,42071569.1757813,32890.1186344783
5525,920334,69088,Santa Clarita, ,92033469088,29864229.1015625,22321.1729263922
5526,920338,99037,Unincorporated,Stevenson Ranch,92033899037Stevenson Ranch,40076986.9560547,34236.0891192962
5527,920339,99037,Unincorporated,Stevenson Ranch,92033999037Stevenson Ranch,366473811.802734,87327.5800733803
5528,920340,69088,Santa Clarita, ,92034069088,11547699.3671875,16647.9851247335
5529,920341,69088,Santa Clarita, ,92034169088,6292472.00683594,13141.0792478861
5530,920342,69088,Santa Clarita, ,92034269088,8747147.2265625,14772.4635922316
5531,920343,69088,Santa Clarita, ,92034369088,10732830.5419922,14366.2223718837
5532,930400,69088,Santa Clarita, ,93040069088,93539265.9082031,86407.0299551282
5533,930400,99037,Unincorporated,Kagel/Lopez Canyons,93040099037Kagel/Lopez Canyons,211028727.858398,140767.232222375
5534,980001,08954,Burbank, ,98000108954,24726994.1503906,22701.9082455394
5535,980002,11530,Carson, ,98000211530,75227609.9199219,38312.983902613
5536,980003,99037,Unincorporated,South Edwards,98000399037South Edwards,2078970488.40918,273094.537523086
5537,980004,55156,Palmdale, ,98000455156,381311320.345703,101794.078974854
5538,980005,80000,Torrance, ,98000580000,43552185.5957031,31631.5410839115
5539,980006,43000,Long Beach, ,98000643000,36280279.9873047,38142.4490923458
5540,980008,44000,Los Angeles,Van Nuys,98000844000Van Nuys,36264267.8095703,33830.9072297001
5541,980009,44000,Los Angeles,Los Feliz,98000944000Los Feliz,228820183.307617,81092.4299725814
5542,980010,44000,Los Angeles,Elysian Park,98001044000Elysian Park,41237351.2695313,36598.1965473076
5543,980011,43000,Long Beach, ,98001143000,14803624.6943359,17590.6029972246
5544,980012,19766,Downey, ,98001219766,9825922.37304688,15756.5297180127
5545,980013,22412,El Segundo, ,98001322412,56994882.9042969,34244.1542857084
5546,980015,44000,Los Angeles,Harbor City,98001544000Harbor City,58108050.7851563,35826.5551511647
5547,980016,99037,Unincorporated,Bandini Islands,98001699037Bandini Islands,1026591.92382813,6899.44436256084
5548,980016,82422,Vernon, ,98001682422,143625889.363281,84818.4886286846
5549,980017,99037,Unincorporated,West LA,98001799037West LA,25156642.2236328,29522.4034191761
5550,980018,43000,Long Beach, ,98001843000,79403746.3808594,55357.3492615919
5551,980019,44000,Los Angeles,Palisades Highlands,98001944000Palisades Highlands,476232409.945313,156382.839661657
5552,980020,44000,Los Angeles,Sun Valley,98002044000Sun Valley,91853884.0341797,60520.2790979757
5553,980021,44000,Los Angeles,Lakeview Terrace,98002144000Lakeview Terrace,74763381.6142578,51358.9170356143
5554,980022,44000,Los Angeles,Granada Hills,98002244000Granada Hills,69448028.5605469,41632.6534701513
5555,980023,44000,Los Angeles,West Hills,98002344000West Hills,56269734.5234375,39825.5493676037
5556,980024,44000,Los Angeles,Encino,98002444000Encino,89196491.4121094,46243.594440844
5557,980025,11530,Carson, ,98002511530,41895050.2744141,33730.1890682206
5558,980026,44000,Los Angeles,Angeles National Forest,98002644000Angeles National Forest,151236591.460938,102974.843988433
5559,980034,69154,Santa Fe Springs, ,98003469154,69160815.0888672,61500.7819767516
5560,980036,99037,Unincorporated,South San Gabriel,98003699037South San Gabriel,16133305.171875,27895.1316700817
5561,980036,99037,Unincorporated,Whittier Narrows,98003699037Whittier Narrows,76111473.5400391,69866.0330843959
5562,980036,85292,Whittier, ,98003685292,1615240.72363281,6863.8252089981
5563,980037,11530,Carson, ,98003711530,13899898.7089844,15014.2291363618
5564,980038,99037,Unincorporated,Ladera Heights,98003899037Ladera Heights,48197270.31,42746.1647825347
5565,980039,99037,Unincorporated,Universal City,98003999037Universal City,14217871.4570313,19172.5368288493
5566,261102,99037,Unincorporated,Franklin Canyon,26110299037Franklin Canyon,453648.3672,4079.43704025968
5567,261104,44000,Los Angeles,Beverly Crest,26110444000Beverly Crest,44993659.3710938,49229.5725627137
5568,264305,70000,Santa Monica, ,26430570000,131024.817382813,2777.6223291921
5569,400209,40830,La Verne, ,40020940830,45507729.22,32365.3719228934
5570,401304,66070,San Dimas, ,40130466070,96757902.3095703,77575.4242235055
5571,403802,99037,Unincorporated,Covina (Charter Oak),40380299037Covina (Charter Oak),10247020.4941406,21941.7834999831
5572,403327,19192,Diamond Bar, ,40332719192,13442643.1777344,20661.3512841191
5573,403703,16742,Covina, ,40370316742,9733293.60839844,27315.0812400017
5574,404000,99037,Unincorporated,Azusa,40400099037Azusa,8060700.69238281,16418.3747601419
5575,404000,30014,Glendora, ,40400030014,82263.08203,1156.14607476798
5576,404100,03386,Azusa, ,40410003386,3667455.20898438,15316.8155341192
5577,404203,03386,Azusa, ,40420303386,2544925.94921875,8913.71761208779
5578,431300,48648,Monrovia, ,43130048648,1243473.13574219,5373.59467745458
5579,431200,48648,Monrovia, ,43120048648,1849548.7109375,10435.5511566926
5580,405301,99037,Unincorporated,Covina,40530199037Covina,754415.83203125,4847.37609490446
5581,406903,99037,Unincorporated,Bassett,40690399037Bassett,13245721.8183594,16831.1978748623
5582,407002,03666,Baldwin Park, ,40700203666,2824565.57617188,7018.05059208928
5583,407301,40340,La Puente, ,40730140340,326770.4766,4037.00293526172
5584,408137,84200,West Covina, ,40813784200,5803322.59277344,15946.4974479693
5585,408141,84200,West Covina, ,40814184200,1435763.16796875,6156.0223798471
5586,408401,36490,Industry, ,40840136490,13282.5,476.648916141474
5587,408707,19192,Diamond Bar, ,40870719192,22270274.0234375,20316.9553566906
5588,431502,78148,Temple City, ,43150278148,67556.099609375,1103.85775066655
5589,433302,36490,Industry, ,43330236490,2261820.4609375,9626.73984490442
5590,460001,56000,Pasadena, ,46000156000,9152348.68945313,20892.7791977531
5591,460401,99037,Unincorporated,Altadena,46040199037Altadena,634335.266601563,4340.41587211022
5592,461300,56000,Pasadena, ,46130056000,420938.23046875,4059.71876709873
5593,463103,56000,Pasadena, ,46310356000,2727667.29101563,12247.7437440323
5594,480002,67042,San Gabriel, ,48000267042,83804.94531,1268.46959915343
5595,403327,99037,Unincorporated,Walnut,40332799037Walnut,3615902.53515625,28718.5198987701
5596,980035,99037,Unincorporated,Avocado Heights,98003599037Avocado Heights,7763419.38378906,26668.3486710917
5597,980035,99037,Unincorporated,Hacienda Heights,98003599037Hacienda Heights,910476.134765625,4601.25935752074
5598,500300,36490,Industry, ,50030036490,7358125.00292969,20910.4770120502
5599,501001,85292,Whittier, ,50100185292,383696.212890625,4914.33400862469
5600,502200,69154,Santa Fe Springs, ,50220069154,688823.736328125,4000.94297377925
5601,502303,99037,Unincorporated,West Whittier/Los Nietos,50230399037West Whittier/Los Nietos,20526750.484375,24082.142986778
5602,502901,99037,Unincorporated,South Whittier,50290199037South Whittier,12514896.9296875,14775.329185231
5603,503000,69154,Santa Fe Springs, ,50300069154,1524050.516,8995.19187775184
5604,531800,48816,Montebello, ,53180048816,95782.6337890625,1424.64485825667
5605,541801,15044,Compton, ,54180115044,658745.741210938,4385.46739066961
5606,542104,99037,Unincorporated,East Rancho Dominguez,54210499037East Rancho Dominguez,4543637.24316406,18498.4117365087
5607,541802,15044,Compton, ,54180215044,521627.354492188,3191.67679912376
5608,542103,15044,Compton, ,54210315044,626151.512695313,9865.81149117675
5609,542105,99037,Unincorporated,East Rancho Dominguez,54210599037East Rancho Dominguez,1992873.19335938,7094.2250356989
5610,543100,15044,Compton, ,54310015044,14058583.7001953,20501.9790460471
5611,544002,11530,Carson, ,54400211530,7539870.281,11520.947820511
5612,601501,99037,Unincorporated,Lennox,60150199037Lennox,3297028.78808594,10787.4856998419
5613,602201,99037,Unincorporated,Del Aire,60220199037Del Aire,15397146.3876953,17278.0763219622
5614,602201,32548,Hawthorne, ,60220132548,1993340.06152344,7348.65635533595
5615,670405,59514,Rancho Palos Verdes, ,67040559514,12554107.9228516,16966.5507459992
5616,670417,59514,Rancho Palos Verdes, ,67041759514,13916286.7724609,19332.6201364307
5617,702502,44000,Los Angeles,Baldwin Hills,70250244000Baldwin Hills,535276.698242188,3118.51977428639
5618,800328,09598,Calabasas, ,80032809598,27550352.1357422,33251.656578339
5619,901102,40130,Lancaster, ,90110240130,8367900.33007813,22418.7716685576
5620,900902,40130,Lancaster, ,90090240130,3541574.38574219,7965.92283522802
5621,901217,40130,Lancaster, ,90121740130,9809473.30371094,29844.8956657378
5622,910002,55156,Palmdale, ,91000255156,2079564.03808594,18634.2549848147
5623,910210,99037,Unincorporated,Quartz Hill,91021099037Quartz Hill,42731.10938,829.262798613761
5624,910211,99037,Unincorporated,Quartz Hill,91021199037Quartz Hill,548041.694335938,4957.15375104813
5625,910404,99037,Unincorporated,Anaverde,91040499037Anaverde,446236.24609375,2731.82810743794
5626,910706,99037,Unincorporated,Littlerock,91070699037Littlerock,729985.728515625,7230.71651645717
5627,910706,99037,Unincorporated,Littlerock/Pearblossom,91070699037Littlerock/Pearblossom,59265.1884765625,1262.06972784536
5628,910706,99037,Unincorporated,Sun Village,91070699037Sun Village,23955350.0087891,28379.3119283141
5629,910709,55156,Palmdale, ,91070955156,34028927.4150391,44170.394004187
5630,910808,99037,Unincorporated,Agua Dulce,91080899037Agua Dulce,93973119.046875,63377.5773404225
5631,910815,99037,Unincorporated,Acton,91081599037Acton,1185502124.54883,197854.612444098
5632,910815,99037,Unincorporated,Agua Dulce,91081599037Agua Dulce,19278400.1298828,34668.0423962706
5633,910815,99037,Unincorporated,Angeles National Forest,91081599037Angeles National Forest,3488426743.40332,477707.869942046
5634,910815,99037,Unincorporated,Canyon Country,91081599037Canyon Country,21470019.3144531,22372.2762611529
5635,910815,99037,Unincorporated,South Antelope Valley,91081599037South Antelope Valley,302056869.842773,104498.742042028
5636,920043,69088,Santa Clarita, ,92004369088,153530299.418945,55978.451750854
5637,980004,99037,Unincorporated,Palmdale,98000499037Palmdale,4672949.0703125,15810.7355806613
5638,980036,62896,Rosemead, ,98003662896,430090.387695313,2642.61190555611
5639,980039,44000,Los Angeles,Toluca Lake,98003944000Toluca Lake,158527.30078125,1796.0008990815
5640,432102,22230,El Monte, ,43210222230,72608.8388671875,1958.97075980704
5641,432902,22230,El Monte, ,43290222230,2330872.50097656,7449.88891738327
5642,403402,99037,Unincorporated,Walnut,40340299037Walnut,60557.9755859375,3453.11805047465
5643,405400,84200,West Covina, ,40540084200,328434.780273438,2296.90644626187
5644,400205,99037,Unincorporated,Claremont,40020599037Claremont,24675047.0068359,39912.6083425281
5645,400205,99037,Unincorporated,La Verne,40020599037La Verne,50589793.9951172,34787.1033466116
5646,400205,99037,Unincorporated,Padua Hills,40020599037Padua Hills,2074380.19726563,9368.93197542085
5647,401312,99037,Unincorporated,East Covina,40131299037East Covina,759002.977539063,8561.10666725181
5648,431502,22230,El Monte, ,43150222230,955859.2969,7592.34397573735
5649,530202,99037,Unincorporated,East Los Angeles,53020299037East Los Angeles,1015956.48535156,7698.49564950364
5650,403326,36490,Industry, ,40332636490,1494263.32324219,6087.22797627805
5651,400801,03386,Azusa, ,40080103386,2418973.88769531,8231.75199032699
5652,670405,62644,Rolling Hills Estates, ,67040562644,3620868.05859375,9294.16422582953
5653,400205,13756,Claremont, ,40020513756,179753065.87793,104401.472839508
5654,400206,99037,Unincorporated,Claremont,40020699037Claremont,3208975.95996094,12672.7415381958
5655,407301,99037,Unincorporated,West Puente Valley,40730199037West Puente Valley,10352319.5742188,15436.1840957343
5656,407802,99037,Unincorporated,Valinda,40780299037Valinda,7850544.86425781,11395.5502301804
5657,460101,99037,Unincorporated,Altadena,46010199037Altadena,51535037.0341797,34785.7806311757
5658,500100,39304,La Habra Heights, ,50010039304,104101813.499023,50684.2303971887
5659,502100,85292,Whittier, ,50210085292,10772625.7324219,16774.892986193
5660,572001,43000,Long Beach, ,57200143000,15524678.3876953,16689.4163098032
5661,603702,32548,Hawthorne, ,60370232548,289146.780273438,2184.59456297933
5662,901300,40130,Lancaster, ,90130040130,270375214.564453,181906.093576949
5663,911100,55156,Palmdale, ,91110055156,588221059.547852,245978.308489728
5664,980035,36490,Industry, ,98003536490,162546673.556641,131254.311368041
5665,109500,44000,Los Angeles,Mission Hills,10950044000Mission Hills,12953085.6796875,20522.0012482557
5666,403601,16742,Covina, ,40360116742,25205638.2636719,64429.2525013338
5667,400209,99037,Unincorporated,La Verne,40020999037La Verne,27704147.1582031,33710.0454247898
5668,910807,99037,Unincorporated,Canyon Country,91080799037Canyon Country,22060673.9150391,24931.7466137198
5669,404504,03386,Azusa, ,40450403386,4156315.01464844,21300.6717094488
5670,406602,99037,Unincorporated,Valinda,40660299037Valinda,2009413.66015625,14407.6160995843
5671,407501,99037,Unincorporated,Valinda,40750199037Valinda,4939850.6640625,12265.6080177772
5672,407501,99037,Unincorporated,West Puente Valley,40750199037West Puente Valley,3009795.84082031,8173.62760129915
5673,408302,99037,Unincorporated,North Whittier,40830299037North Whittier,15361465.5195313,26068.03019
5674,408302,99037,Unincorporated,Pellissier Village,40830299037Pellissier Village,8792732.98242188,15688.729329028
5675,408302,99037,Unincorporated,Whittier Narrows,40830299037Whittier Narrows,43048.35938,953.763106782107
5676,501002,85292,Whittier, ,50100285292,1837874.33105469,11456.8658326756
5677,406000,16742,Covina, ,40600016742,13749220.5947266,34943.5297549474
5678,541200,99037,Unincorporated,Rosewood,54120099037Rosewood,2920997.55664063,7454.39806336724
5679,541200,99037,Unincorporated,Willowbrook,54120099037Willowbrook,2532077.24121094,7685.28293977271
5680,501200,99037,Unincorporated,West Whittier/Los Nietos,50120099037West Whittier/Los Nietos,2526523.80957031,14698.411627135
5681,501200,99037,Unincorporated,Whittier,50120099037Whittier,1390751.44433594,10131.962494011
5682,504200,99037,Unincorporated,South Whittier,50420099037South Whittier,9127889.15136719,29478.3753640616
5683,501501,99037,Unincorporated,Hacienda Heights,50150199037Hacienda Heights,357070.065429688,4479.05462069858
5684,143606,44000,Los Angeles,Studio City,14360644000Studio City,1659686.10839844,7496.24772706266
5685,187200,44000,Los Angeles,Elysian Valley,18720044000Elysian Valley,4298412.52539063,14000.045999363
5686,203500,44000,Los Angeles,Wholesale District,20350044000Wholesale District,14116093.5898438,16372.157059194
5687,106604,44000,Los Angeles,Granada Hills,10660444000Granada Hills,13952662.4677734,16653.3003939966
5688,930400,99037,Unincorporated,Angeles National Forest,93040099037Angeles National Forest,15777455264.3652,1009605.13791263
5689,405900,99037,Unincorporated,Covina (Charter Oak),40590099037Covina (Charter Oak),510488.848632813,3618.99848023451
5690,900901,99037,Unincorporated,Del Sur,90090199037Del Sur,293271682.600586,213648.108351522
5691,500300,56924,Pico Rivera, ,50030056924,12043712.2216797,19946.7247777691
5692,980030,22412,El Segundo, ,98003022412,45934817.8867188,30630.1472705075
5693,621005,33364,Hermosa Beach,,62100533364,13461329.31,18331.9159500748
5694,621104,33364,Hermosa Beach, ,62110433364,11964050.2460938,14251.4899092319
5695,577400,43000,Long Beach,,57740043000,6947576.0859375,11864.4614183785
5696,576001,43000,Long Beach, ,57600143000,33871717.4238281,26767.7653119046
5697,576601,43000,Long Beach,,57660143000,5291861.73242188,11623.9668364735
5698,576700,43000,Long Beach, ,57670043000,27000132.4990234,44412.0235315463
5699,577200,43000,Long Beach, ,57720043000,37876305.2255859,39420.5732281771
5700,577300,43000,Long Beach,,57730043000,34606145.0693359,29195.7941127045
5701,577501,43000,Long Beach,,57750143000,14662829.1748047,15478.6225634612
5702,577602,43000,Long Beach,,57760243000,14955763.88,17327.6954611241
5703,577604,43000,Long Beach, ,57760443000,16434453.3994141,29048.0327074921
5704,577605,43000,Long Beach, ,57760543000,19627911.0576172,19916.2376399282
5705,980007,43000,Long Beach, ,98000743000,29131802.6611328,24147.8578814164
5706,576602,43000,Long Beach,,57660243000,53759747.2802734,44322.7537384909
5707,577504,43000,Long Beach,,57750443000,41694084.1953125,36606.261916271
5708,980033,43000,Long Beach, ,98003343000,308112342.772461,77816.0403410699
5709,990300,43000,Long Beach,,99030043000,127333831.341797,99519.1702466931
5710,262604,44000,Los Angeles,Pacific Palisades,26260444000Pacific Palisades,61123079.9023438,52925.5080134472
5711,262706,44000,Los Angeles,Pacific Palisades,26270644000Pacific Palisades,25140179.3115234,22721.8944572894
5712,262802,44000,Los Angeles,Pacific Palisades,26280244000Pacific Palisades,35923489.3388672,38690.1483608313
5713,980028,44000,Los Angeles,Westchester,98002844000Westchester,186941456.789063,83749.7195521619
5714,980014,44000,Los Angeles,Wilmington,98001444000Wilmington,70874550.8310547,84621.62916
5715,620201,45400,Manhattan Beach,,62020145400,2484336.4609375,7228.93196629166
5716,620305,45400,Manhattan Beach, ,62030545400,14333766.6533203,20195.6258486644
5717,620904,45400,Manhattan Beach, ,62090445400,6614948.50585938,11304.7370404443
5718,621204,60018,Redondo Beach, ,62120460018,17710533.3037109,18027.0357653427
5719,621324,60018,Redondo Beach, ,62132460018,7231892.81640625,14533.4856589112
5720,621326,60018,Redondo Beach, ,62132660018,8593085.91308594,13966.0960650586
5721,701304,70000,Santa Monica, ,70130470000,23024557.7705078,22026.4988780255
5722,701402,70000,Santa Monica,,70140270000,9575652.90820313,13691.4828426212
5723,701902,70000,Santa Monica,,70190270000,19995879.4882813,19865.2896132641
5724,702002,70000,Santa Monica,,70200270000,11685753.9257813,14132.9160131328
5725,702102,70000,Santa Monica, ,70210270000,10418420.3525391,14073.7698874569
5726,651304,80000,Torrance, ,65130480000,15912162.578125,22438.3392015238
5727,800406,99037,Unincorporated,Santa Monica Mountains,80040699037Santa Monica Mountains,788469150.96582,180610.147021096
5728,800410,99037,Unincorporated,Santa Monica Mountains,80041099037Santa Monica Mountains,338029015.979492,123912.949619726
5729,800506,99037,Unincorporated,Santa Monica Mountains,80050699037Santa Monica Mountains,240472793.883789,96537.8930594175
5730,670416,59514,Rancho Palos Verdes, ,67041659514,38540194.1591797,32353.2781510978
5731,670604,59514,Rancho Palos Verdes, ,67060459514,112220603.897461,108285.718677571
5732,702900,99037,Unincorporated,Marina del Rey,70290099037Marina del Rey,40755184.6347656,26060.7895922247
5733,670324,55380,Palos Verdes Estates, ,67032455380,51213006.7138672,46534.7828793005
5734,670326,55380,Palos Verdes Estates, ,67032655380,43480007.7392578,39228.7717805369
5735,670328,55380,Palos Verdes Estates, ,67032855380,38692171.3320313,38404.6301660044
5736,800406,45246,Malibu,,80040645246,189440487.635742,137711.977180536
5737,800410,45246,Malibu,,80041045246,60437022.9736328,71137.0399349648
5738,800411,45246,Malibu, ,80041145246,97743524.2294922,55058.1668440096
5739,800412,45246,Malibu,,80041245246,75923183.6611328,62472.1586334513
5740,800504,45246,Malibu, ,80050445246,82021627.0839844,58752.0159559828
5741,800506,45246,Malibu,,80050645246,43675569.5917969,39979.3021114385
5742,297300,44000,Los Angeles,San Pedro,29730044000San Pedro,13011672.0029297,18855.9787898169
5743,297400,44000,Los Angeles,San Pedro,29740044000San Pedro,22363261.1474609,20919.1045960038
5744,297501,44000,Los Angeles,San Pedro,29750144000San Pedro,11708104.6611328,22296.302744746
5745,980014,44000,Los Angeles,San Pedro,98001444000San Pedro,9396857.50976563,32968.3682185409
5746,274202,44000,Los Angeles,Marina Peninsula,27420244000Marina Peninsula,10801796.3173828,23699.3479245328
5747,273403,44000,Los Angeles,Venice,27340344000Venice,5035356.10058594,11669.1323142541
5748,273502,44000,Los Angeles,Venice,27350244000Venice,6567234.03808594,11237.8290742963
5749,273902,44000,Los Angeles,Venice,27390244000Venice,9935930.625,14262.0435757798
5750,274202,44000,Los Angeles,Playa Del Rey,27420244000Playa Del Rey,1997723.34960938,6237.08682298027
5751,278102,44000,Los Angeles,Playa Del Rey,27810244000Playa Del Rey,18812454.2832031,31048.1030495428
5752,800504,99037,Unincorporated,Santa Monica Mountains,80050499037Santa Monica Mountains,150258391.866211,86028.0660197206
5753,262704,44000,Los Angeles,Pacific Palisades,26270444000Pacific Palisades,21091637.3769531,25761.2333408364
5754,980031,44000,Los Angeles,San Pedro,98003144000San Pedro,278937062.694336,83507.306068793
5755,297601,44000,Los Angeles,San Pedro,29760144000San Pedro,8241342.81347656,19166.8316904082
5756,599100,03274,Avalon,,59910003274,46231349.1279297,40700.2614853745
5757,599100,99037,Unincorporated,San Clemente Island,59910099037San Clemente Island,1573236841.38086,389210.4345
5758,599100,99037,Unincorporated,Santa Catalina Island,59910099037Santa Catalina Island,1999368372.75586,415797.178063337
5759,599000,03274,Avalon,,59900003274,34107979.9892578,34680.2683032554
5760,920102,69088,Santa Clarita,,92010269088,28331504.1416016,37625.9643937559
5761,920120,99037,Unincorporated,Castaic,92012099037Castaic,27454471.8320313,40440.2758758025
